remove_time,reason,entry_id,level_index,buy_price,qty,buy_time,buy_date,buy_order_id,buy_trade_id,sell_order_id,sell_status,sell_price,sell_level
2026-04-01 13:01:16,filled状态清理,1775019665,-37,1.039,100,2026-04-01 13:01:05,2026-04-01,1099012419,,1099012466,filled,1.04,-36
2026-04-01 13:01:16,filled状态清理,1775019667,-32,1.044,100,2026-04-01 13:01:07,2026-04-01,1099012444,,1099012465,filled,1.045,-31
2026-04-01 13:01:17,1775019667,-32,1.044,100,1099012465,filled,1.045,-31,"  File ""D:\pythonProject\数据源\src\网格\网格实盘新\grid_strategy.py"", line 627, in on_tick |     self._handle_level_event(current_level, grid_price, current_price) |   File ""D:\pythonProject\数据源\src\网格\网格实盘新\grid_strategy.py"", line 303, in _handle_level_event |     self._sync_positions_with_broker() |   File ""D:\pythonProject\数据源\src\网格\网格实盘新\grid_strategy.py"", line 1411, in _sync_positions_with_broker |     self.pos_book.save_to_csv() |   File ""D:\pythonProject\数据源\src\网格\网格实盘新\position_book.py"", line 265, in save_to_csv |     self._check_and_log_removals(path) | "
2026-04-01 13:01:22,filled状态清理,1775019674,-33,1.043,100,2026-04-01 13:01:14,2026-04-01,1099012490,,1099012508,filled,1.044,-32
2026-04-01 13:01:32,filled状态清理,1775019680,-30,1.046,100,2026-04-01 13:01:20,2026-04-01,1099012544,,1099012553,filled,1.047,-29
2026-04-01 13:01:32,1775019680,-30,1.046,100,1099012553,filled,1.047,-29,"  File ""D:\pythonProject\数据源\src\网格\网格实盘新\grid_strategy.py"", line 627, in on_tick |     self._handle_level_event(current_level, grid_price, current_price) |   File ""D:\pythonProject\数据源\src\网格\网格实盘新\grid_strategy.py"", line 303, in _handle_level_event |     self._sync_positions_with_broker() |   File ""D:\pythonProject\数据源\src\网格\网格实盘新\grid_strategy.py"", line 1411, in _sync_positions_with_broker |     self.pos_book.save_to_csv() |   File ""D:\pythonProject\数据源\src\网格\网格实盘新\position_book.py"", line 265, in save_to_csv |     self._check_and_log_removals(path) | "
2026-04-01 13:01:46,filled状态清理,1775019688,-30,1.046,100,2026-04-01 13:01:28,2026-04-01,1099012580,,1099012656,filled,1.047,-29
2026-04-01 13:01:46,1775019688,-30,1.046,100,1099012656,filled,1.047,-29,"  File ""D:\pythonProject\数据源\src\网格\网格实盘新\grid_strategy.py"", line 627, in on_tick |     self._handle_level_event(current_level, grid_price, current_price) |   File ""D:\pythonProject\数据源\src\网格\网格实盘新\grid_strategy.py"", line 303, in _handle_level_event |     self._sync_positions_with_broker() |   File ""D:\pythonProject\数据源\src\网格\网格实盘新\grid_strategy.py"", line 1411, in _sync_positions_with_broker |     self.pos_book.save_to_csv() |   File ""D:\pythonProject\数据源\src\网格\网格实盘新\position_book.py"", line 265, in save_to_csv |     self._check_and_log_removals(path) | "
2026-04-01 13:01:50,filled状态清理,1775019689,-29,1.047,100,2026-04-01 13:01:29,2026-04-01,1099012581,,1099012616,filled,1.048,-28
2026-04-01 13:01:50,1775019689,-29,1.047,100,1099012616,filled,1.048,-28,"  File ""D:\pythonProject\数据源\src\网格\网格实盘新\grid_strategy.py"", line 627, in on_tick |     self._handle_level_event(current_level, grid_price, current_price) |   File ""D:\pythonProject\数据源\src\网格\网格实盘新\grid_strategy.py"", line 303, in _handle_level_event |     self._sync_positions_with_broker() |   File ""D:\pythonProject\数据源\src\网格\网格实盘新\grid_strategy.py"", line 1411, in _sync_positions_with_broker |     self.pos_book.save_to_csv() |   File ""D:\pythonProject\数据源\src\网格\网格实盘新\position_book.py"", line 265, in save_to_csv |     self._check_and_log_removals(path) | "
2026-04-01 13:02:11,filled状态清理,1775019706,-29,1.047,100,2026-04-01 13:01:46,2026-04-01,1099012700,,1099012708,filled,1.048,-28
2026-04-01 13:02:11,1775019706,-29,1.047,100,1099012708,filled,1.048,-28,"  File ""D:\pythonProject\数据源\src\网格\网格实盘新\grid_strategy.py"", line 627, in on_tick |     self._handle_level_event(current_level, grid_price, current_price) |   File ""D:\pythonProject\数据源\src\网格\网格实盘新\grid_strategy.py"", line 303, in _handle_level_event |     self._sync_positions_with_broker() |   File ""D:\pythonProject\数据源\src\网格\网格实盘新\grid_strategy.py"", line 1411, in _sync_positions_with_broker |     self.pos_book.save_to_csv() |   File ""D:\pythonProject\数据源\src\网格\网格实盘新\position_book.py"", line 265, in save_to_csv |     self._check_and_log_removals(path) | "
2026-04-01 13:02:37,filled状态清理,1775019665,-36,1.04,100,2026-04-01 13:01:05,2026-04-01,1099012416,,1099012914,filled,1.041,-35
2026-04-01 13:12:26,filled状态清理,1775019686,-31,1.045,100,2026-04-01 13:01:26,2026-04-01,1099012566,,1099012854,filled,1.046,-30
2026-04-01 13:12:26,filled状态清理,1775019703,-30,1.046,100,2026-04-01 13:01:43,2026-04-01,1099012677,,1099012830,filled,1.047,-29
2026-04-01 13:12:26,1775019703,-30,1.046,100,1099012830,filled,1.047,-29,"  File ""D:\pythonProject\数据源\src\网格\网格实盘新\grid_strategy.py"", line 627, in on_tick |     self._handle_level_event(current_level, grid_price, current_price) |   File ""D:\pythonProject\数据源\src\网格\网格实盘新\grid_strategy.py"", line 303, in _handle_level_event |     self._sync_positions_with_broker() |   File ""D:\pythonProject\数据源\src\网格\网格实盘新\grid_strategy.py"", line 1411, in _sync_positions_with_broker |     self.pos_book.save_to_csv() |   File ""D:\pythonProject\数据源\src\网格\网格实盘新\position_book.py"", line 265, in save_to_csv |     self._check_and_log_removals(path) | "
2026-04-01 13:12:26,1775019686,-31,1.045,100,1099012854,filled,1.046,-30,"  File ""D:\pythonProject\数据源\src\网格\网格实盘新\grid_strategy.py"", line 627, in on_tick |     self._handle_level_event(current_level, grid_price, current_price) |   File ""D:\pythonProject\数据源\src\网格\网格实盘新\grid_strategy.py"", line 303, in _handle_level_event |     self._sync_positions_with_broker() |   File ""D:\pythonProject\数据源\src\网格\网格实盘新\grid_strategy.py"", line 1411, in _sync_positions_with_broker |     self.pos_book.save_to_csv() |   File ""D:\pythonProject\数据源\src\网格\网格实盘新\position_book.py"", line 265, in save_to_csv |     self._check_and_log_removals(path) | "
2026-04-01 13:16:23,filled状态清理,1775020556869591_4,-43,1.033,100,2026-04-01 13:15:56,2026-04-01,1099016053,,1099016107,filled,1.034,-42
2026-04-01 13:16:23,1775020556869591_4,-43,1.033,100,1099016107,filled,1.034,-42,"  File ""D:\pythonProject\数据源\src\网格\网格实盘新\grid_strategy.py"", line 627, in on_tick |     self._handle_level_event(current_level, grid_price, current_price) |   File ""D:\pythonProject\数据源\src\网格\网格实盘新\grid_strategy.py"", line 303, in _handle_level_event |     self._sync_positions_with_broker() |   File ""D:\pythonProject\数据源\src\网格\网格实盘新\grid_strategy.py"", line 1415, in _sync_positions_with_broker |     self.pos_book.save_to_csv() |   File ""D:\pythonProject\数据源\src\网格\网格实盘新\position_book.py"", line 265, in save_to_csv |     self._check_and_log_removals(path) | "
2026-04-01 13:16:26,filled状态清理,1775020556901116_5,-42,1.034,100,2026-04-01 13:15:56,2026-04-01,1099016054,,1099016059,filled,1.035,-41
2026-04-01 13:16:26,1775020556901116_5,-42,1.034,100,1099016059,filled,1.035,-41,"  File ""D:\pythonProject\数据源\src\网格\网格实盘新\grid_strategy.py"", line 627, in on_tick |     self._handle_level_event(current_level, grid_price, current_price) |   File ""D:\pythonProject\数据源\src\网格\网格实盘新\grid_strategy.py"", line 303, in _handle_level_event |     self._sync_positions_with_broker() |   File ""D:\pythonProject\数据源\src\网格\网格实盘新\grid_strategy.py"", line 1415, in _sync_positions_with_broker |     self.pos_book.save_to_csv() |   File ""D:\pythonProject\数据源\src\网格\网格实盘新\position_book.py"", line 265, in save_to_csv |     self._check_and_log_removals(path) | "
2026-04-01 13:16:38,filled状态清理,1775020586057926_10,-40,1.036,100,2026-04-01 13:16:26,2026-04-01,1099016167,,1099016177,filled,1.037,-39
2026-04-01 13:16:38,1775020586057926_10,-40,1.036,100,1099016177,filled,1.037,-39,"  File ""D:\pythonProject\数据源\src\网格\网格实盘新\grid_strategy.py"", line 627, in on_tick |     self._handle_level_event(current_level, grid_price, current_price) |   File ""D:\pythonProject\数据源\src\网格\网格实盘新\grid_strategy.py"", line 303, in _handle_level_event |     self._sync_positions_with_broker() |   File ""D:\pythonProject\数据源\src\网格\网格实盘新\grid_strategy.py"", line 1415, in _sync_positions_with_broker |     self.pos_book.save_to_csv() |   File ""D:\pythonProject\数据源\src\网格\网格实盘新\position_book.py"", line 265, in save_to_csv |     self._check_and_log_removals(path) | "
2026-04-01 13:17:11,filled状态清理,1775020583094302_8,-42,1.034,100,2026-04-01 13:16:23,2026-04-01,1099016148,,1099016289,filled,1.035,-41
2026-04-01 13:17:11,filled状态清理,1775020583124803_9,-41,1.035,100,2026-04-01 13:16:23,2026-04-01,1099016150,,1099016249,filled,1.036,-40
2026-04-01 13:17:11,1775020583094302_8,-42,1.034,100,1099016289,filled,1.035,-41,"  File ""D:\pythonProject\数据源\src\网格\网格实盘新\grid_strategy.py"", line 627, in on_tick |     self._handle_level_event(current_level, grid_price, current_price) |   File ""D:\pythonProject\数据源\src\网格\网格实盘新\grid_strategy.py"", line 303, in _handle_level_event |     self._sync_positions_with_broker() |   File ""D:\pythonProject\数据源\src\网格\网格实盘新\grid_strategy.py"", line 1415, in _sync_positions_with_broker |     self.pos_book.save_to_csv() |   File ""D:\pythonProject\数据源\src\网格\网格实盘新\position_book.py"", line 265, in save_to_csv |     self._check_and_log_removals(path) | "
2026-04-01 13:17:11,1775020583124803_9,-41,1.035,100,1099016249,filled,1.036,-40,"  File ""D:\pythonProject\数据源\src\网格\网格实盘新\grid_strategy.py"", line 627, in on_tick |     self._handle_level_event(current_level, grid_price, current_price) |   File ""D:\pythonProject\数据源\src\网格\网格实盘新\grid_strategy.py"", line 303, in _handle_level_event |     self._sync_positions_with_broker() |   File ""D:\pythonProject\数据源\src\网格\网格实盘新\grid_strategy.py"", line 1415, in _sync_positions_with_broker |     self.pos_book.save_to_csv() |   File ""D:\pythonProject\数据源\src\网格\网格实盘新\position_book.py"", line 265, in save_to_csv |     self._check_and_log_removals(path) | "
2026-04-01 13:17:17,filled状态清理,1775020628115173_14,-41,1.035,100,2026-04-01 13:17:08,2026-04-01,1099016302,,1099016318,filled,1.036,-40
2026-04-01 13:17:17,1775020628115173_14,-41,1.035,100,1099016318,filled,1.036,-40,"  File ""D:\pythonProject\数据源\src\网格\网格实盘新\grid_strategy.py"", line 627, in on_tick |     self._handle_level_event(current_level, grid_price, current_price) |   File ""D:\pythonProject\数据源\src\网格\网格实盘新\grid_strategy.py"", line 303, in _handle_level_event |     self._sync_positions_with_broker() |   File ""D:\pythonProject\数据源\src\网格\网格实盘新\grid_strategy.py"", line 1415, in _sync_positions_with_broker |     self.pos_book.save_to_csv() |   File ""D:\pythonProject\数据源\src\网格\网格实盘新\position_book.py"", line 265, in save_to_csv |     self._check_and_log_removals(path) | "
2026-04-01 13:17:59,filled状态清理,1775020601020660_12,-40,1.036,100,2026-04-01 13:16:41,2026-04-01,1099016226,,1099016243,filled,1.037,-39
2026-04-01 13:17:59,1775020601020660_12,-40,1.036,100,1099016243,filled,1.037,-39,"  File ""D:\pythonProject\数据源\src\网格\网格实盘新\grid_strategy.py"", line 627, in on_tick |     self._handle_level_event(current_level, grid_price, current_price) |   File ""D:\pythonProject\数据源\src\网格\网格实盘新\grid_strategy.py"", line 303, in _handle_level_event |     self._sync_positions_with_broker() |   File ""D:\pythonProject\数据源\src\网格\网格实盘新\grid_strategy.py"", line 1415, in _sync_positions_with_broker |     self.pos_book.save_to_csv() |   File ""D:\pythonProject\数据源\src\网格\网格实盘新\position_book.py"", line 265, in save_to_csv |     self._check_and_log_removals(path) | "
2026-04-01 13:18:59,filled状态清理,1775020628084736_13,-42,1.034,100,2026-04-01 13:17:08,2026-04-01,1099016301,,1099016621,filled,1.035,-41
2026-04-01 13:18:59,1775020628084736_13,-42,1.034,100,1099016621,filled,1.035,-41,"  File ""D:\pythonProject\数据源\src\网格\网格实盘新\grid_strategy.py"", line 627, in on_tick |     self._handle_level_event(current_level, grid_price, current_price) |   File ""D:\pythonProject\数据源\src\网格\网格实盘新\grid_strategy.py"", line 303, in _handle_level_event |     self._sync_positions_with_broker() |   File ""D:\pythonProject\数据源\src\网格\网格实盘新\grid_strategy.py"", line 1415, in _sync_positions_with_broker |     self.pos_book.save_to_csv() |   File ""D:\pythonProject\数据源\src\网格\网格实盘新\position_book.py"", line 265, in save_to_csv |     self._check_and_log_removals(path) | "
2026-04-01 13:19:23,filled状态清理,1775020742100589_17,-42,1.034,100,2026-04-01 13:19:02,2026-04-01,1099016653,,1099016708,filled,1.035,-41
2026-04-01 13:19:23,1775020742100589_17,-42,1.034,100,1099016708,filled,1.035,-41,"  File ""D:\pythonProject\数据源\src\网格\网格实盘新\grid_strategy.py"", line 627, in on_tick |     self._handle_level_event(current_level, grid_price, current_price) |   File ""D:\pythonProject\数据源\src\网格\网格实盘新\grid_strategy.py"", line 303, in _handle_level_event |     self._sync_positions_with_broker() |   File ""D:\pythonProject\数据源\src\网格\网格实盘新\grid_strategy.py"", line 1415, in _sync_positions_with_broker |     self.pos_book.save_to_csv() |   File ""D:\pythonProject\数据源\src\网格\网格实盘新\position_book.py"", line 265, in save_to_csv |     self._check_and_log_removals(path) | "
2026-04-01 13:19:35,filled状态清理,1775020679089301_16,-41,1.035,100,2026-04-01 13:17:59,2026-04-01,1099016459,,1099016561,filled,1.036,-40
2026-04-01 13:19:35,1775020679089301_16,-41,1.035,100,1099016561,filled,1.036,-40,"  File ""D:\pythonProject\数据源\src\网格\网格实盘新\grid_strategy.py"", line 627, in on_tick |     self._handle_level_event(current_level, grid_price, current_price) |   File ""D:\pythonProject\数据源\src\网格\网格实盘新\grid_strategy.py"", line 303, in _handle_level_event |     self._sync_positions_with_broker() |   File ""D:\pythonProject\数据源\src\网格\网格实盘新\grid_strategy.py"", line 1415, in _sync_positions_with_broker |     self.pos_book.save_to_csv() |   File ""D:\pythonProject\数据源\src\网格\网格实盘新\position_book.py"", line 265, in save_to_csv |     self._check_and_log_removals(path) | "
2026-04-01 13:21:20,filled状态清理,1775020556812652_2,-45,1.031,100,2026-04-01 13:15:56,2026-04-01,1099016051,,1099017060,filled,1.032,-44
2026-04-01 13:21:20,1775020556812652_2,-45,1.031,100,1099017060,filled,1.032,-44,"  File ""D:\pythonProject\数据源\src\网格\网格实盘新\grid_strategy.py"", line 627, in on_tick |     self._handle_level_event(current_level, grid_price, current_price) |   File ""D:\pythonProject\数据源\src\网格\网格实盘新\grid_strategy.py"", line 303, in _handle_level_event |     self._sync_positions_with_broker() |   File ""D:\pythonProject\数据源\src\网格\网格实盘新\grid_strategy.py"", line 1415, in _sync_positions_with_broker |     self.pos_book.save_to_csv() |   File ""D:\pythonProject\数据源\src\网格\网格实盘新\position_book.py"", line 265, in save_to_csv |     self._check_and_log_removals(path) | "
2026-04-01 13:22:14,filled状态清理,1775020916159566_24,-53,1.023,100,2026-04-01 13:21:56,2026-04-01,1099017348,,1099017406,filled,1.024,-52
2026-04-01 13:22:14,1775020916159566_24,-53,1.023,100,1099017406,filled,1.024,-52,"  File ""D:\pythonProject\数据源\src\网格\网格实盘新\grid_strategy.py"", line 627, in on_tick |     self._handle_level_event(current_level, grid_price, current_price) |   File ""D:\pythonProject\数据源\src\网格\网格实盘新\grid_strategy.py"", line 303, in _handle_level_event |     self._sync_positions_with_broker() |   File ""D:\pythonProject\数据源\src\网格\网格实盘新\grid_strategy.py"", line 1415, in _sync_positions_with_broker |     self.pos_book.save_to_csv() |   File ""D:\pythonProject\数据源\src\网格\网格实盘新\position_book.py"", line 265, in save_to_csv |     self._check_and_log_removals(path) | "
2026-04-01 13:22:17,filled状态清理,1775020904075003_21,-52,1.024,100,2026-04-01 13:21:44,2026-04-01,1099017296,,1099017371,filled,1.025,-51
2026-04-01 13:22:17,1775020904075003_21,-52,1.024,100,1099017371,filled,1.025,-51,"  File ""D:\pythonProject\数据源\src\网格\网格实盘新\grid_strategy.py"", line 627, in on_tick |     self._handle_level_event(current_level, grid_price, current_price) |   File ""D:\pythonProject\数据源\src\网格\网格实盘新\grid_strategy.py"", line 303, in _handle_level_event |     self._sync_positions_with_broker() |   File ""D:\pythonProject\数据源\src\网格\网格实盘新\grid_strategy.py"", line 1415, in _sync_positions_with_broker |     self.pos_book.save_to_csv() |   File ""D:\pythonProject\数据源\src\网格\网格实盘新\position_book.py"", line 265, in save_to_csv |     self._check_and_log_removals(path) | "
2026-04-01 13:22:32,filled状态清理,1775020937075022_28,-52,1.024,100,2026-04-01 13:22:17,2026-04-01,1099017453,,1099017480,filled,1.025,-51
2026-04-01 13:22:32,1775020937075022_28,-52,1.024,100,1099017480,filled,1.025,-51,"  File ""D:\pythonProject\数据源\src\网格\网格实盘新\grid_strategy.py"", line 627, in on_tick |     self._handle_level_event(current_level, grid_price, current_price) |   File ""D:\pythonProject\数据源\src\网格\网格实盘新\grid_strategy.py"", line 303, in _handle_level_event |     self._sync_positions_with_broker() |   File ""D:\pythonProject\数据源\src\网格\网格实盘新\grid_strategy.py"", line 1415, in _sync_positions_with_broker |     self.pos_book.save_to_csv() |   File ""D:\pythonProject\数据源\src\网格\网格实盘新\position_book.py"", line 265, in save_to_csv |     self._check_and_log_removals(path) | "
2026-04-01 13:22:44,filled状态清理,1775020904105211_22,-51,1.025,100,2026-04-01 13:21:44,2026-04-01,1099017298,,1099017358,filled,1.026,-50
2026-04-01 13:22:44,1775020904105211_22,-51,1.025,100,1099017358,filled,1.026,-50,"  File ""D:\pythonProject\数据源\src\网格\网格实盘新\grid_strategy.py"", line 627, in on_tick |     self._handle_level_event(current_level, grid_price, current_price) |   File ""D:\pythonProject\数据源\src\网格\网格实盘新\grid_strategy.py"", line 303, in _handle_level_event |     self._sync_positions_with_broker() |   File ""D:\pythonProject\数据源\src\网格\网格实盘新\grid_strategy.py"", line 1415, in _sync_positions_with_broker |     self.pos_book.save_to_csv() |   File ""D:\pythonProject\数据源\src\网格\网格实盘新\position_book.py"", line 265, in save_to_csv |     self._check_and_log_removals(path) | "
2026-04-01 13:22:56,filled状态清理,1775020835086563_19,-49,1.027,100,2026-04-01 13:20:35,2026-04-01,1099017036,,1099017327,filled,1.028,-48
2026-04-01 13:22:56,filled状态清理,1775020889089937_20,-50,1.026,100,2026-04-01 13:21:29,2026-04-01,1099017215,,1099017335,filled,1.027,-49
2026-04-01 13:22:56,1775020889089937_20,-50,1.026,100,1099017335,filled,1.027,-49,"  File ""D:\pythonProject\数据源\src\网格\网格实盘新\grid_strategy.py"", line 627, in on_tick |     self._handle_level_event(current_level, grid_price, current_price) |   File ""D:\pythonProject\数据源\src\网格\网格实盘新\grid_strategy.py"", line 303, in _handle_level_event |     self._sync_positions_with_broker() |   File ""D:\pythonProject\数据源\src\网格\网格实盘新\grid_strategy.py"", line 1415, in _sync_positions_with_broker |     self.pos_book.save_to_csv() |   File ""D:\pythonProject\数据源\src\网格\网格实盘新\position_book.py"", line 265, in save_to_csv |     self._check_and_log_removals(path) | "
2026-04-01 13:22:56,1775020835086563_19,-49,1.027,100,1099017327,filled,1.028,-48,"  File ""D:\pythonProject\数据源\src\网格\网格实盘新\grid_strategy.py"", line 627, in on_tick |     self._handle_level_event(current_level, grid_price, current_price) |   File ""D:\pythonProject\数据源\src\网格\网格实盘新\grid_strategy.py"", line 303, in _handle_level_event |     self._sync_positions_with_broker() |   File ""D:\pythonProject\数据源\src\网格\网格实盘新\grid_strategy.py"", line 1415, in _sync_positions_with_broker |     self.pos_book.save_to_csv() |   File ""D:\pythonProject\数据源\src\网格\网格实盘新\position_book.py"", line 265, in save_to_csv |     self._check_and_log_removals(path) | "
2026-04-01 13:23:29,filled状态清理,1775020916131015_23,-54,1.022,100,2026-04-01 13:21:56,2026-04-01,1099017347,,1099017709,filled,1.023,-53
2026-04-01 13:23:29,1775020916131015_23,-54,1.022,100,1099017709,filled,1.023,-53,"  File ""D:\pythonProject\数据源\src\网格\网格实盘新\grid_strategy.py"", line 627, in on_tick |     self._handle_level_event(current_level, grid_price, current_price) |   File ""D:\pythonProject\数据源\src\网格\网格实盘新\grid_strategy.py"", line 303, in _handle_level_event |     self._sync_positions_with_broker() |   File ""D:\pythonProject\数据源\src\网格\网格实盘新\grid_strategy.py"", line 1415, in _sync_positions_with_broker |     self.pos_book.save_to_csv() |   File ""D:\pythonProject\数据源\src\网格\网格实盘新\position_book.py"", line 265, in save_to_csv |     self._check_and_log_removals(path) | "
2026-04-01 13:23:47,filled状态清理,1775020925070121_25,-56,1.02,100,2026-04-01 13:22:05,2026-04-01,1099017392,,1099017760,filled,1.021,-55
2026-04-01 13:23:47,filled状态清理,1775020925100564_26,-55,1.021,100,2026-04-01 13:22:05,2026-04-01,1099017393,,1099017732,filled,1.022,-54
2026-04-01 13:23:47,1775020925070121_25,-56,1.02,100,1099017760,filled,1.021,-55,"  File ""D:\pythonProject\数据源\src\网格\网格实盘新\grid_strategy.py"", line 627, in on_tick |     self._handle_level_event(current_level, grid_price, current_price) |   File ""D:\pythonProject\数据源\src\网格\网格实盘新\grid_strategy.py"", line 303, in _handle_level_event |     self._sync_positions_with_broker() |   File ""D:\pythonProject\数据源\src\网格\网格实盘新\grid_strategy.py"", line 1415, in _sync_positions_with_broker |     self.pos_book.save_to_csv() |   File ""D:\pythonProject\数据源\src\网格\网格实盘新\position_book.py"", line 265, in save_to_csv |     self._check_and_log_removals(path) | "
2026-04-01 13:23:47,1775020925100564_26,-55,1.021,100,1099017732,filled,1.022,-54,"  File ""D:\pythonProject\数据源\src\网格\网格实盘新\grid_strategy.py"", line 627, in on_tick |     self._handle_level_event(current_level, grid_price, current_price) |   File ""D:\pythonProject\数据源\src\网格\网格实盘新\grid_strategy.py"", line 303, in _handle_level_event |     self._sync_positions_with_broker() |   File ""D:\pythonProject\数据源\src\网格\网格实盘新\grid_strategy.py"", line 1415, in _sync_positions_with_broker |     self.pos_book.save_to_csv() |   File ""D:\pythonProject\数据源\src\网格\网格实盘新\position_book.py"", line 265, in save_to_csv |     self._check_and_log_removals(path) | "
2026-04-01 13:23:59,filled状态清理,1775021024103067_37,-55,1.021,100,2026-04-01 13:23:44,2026-04-01,1099017786,,1099017809,filled,1.022,-54
2026-04-01 13:23:59,1775021024103067_37,-55,1.021,100,1099017809,filled,1.022,-54,"  File ""D:\pythonProject\数据源\src\网格\网格实盘新\grid_strategy.py"", line 627, in on_tick |     self._handle_level_event(current_level, grid_price, current_price) |   File ""D:\pythonProject\数据源\src\网格\网格实盘新\grid_strategy.py"", line 303, in _handle_level_event |     self._sync_positions_with_broker() |   File ""D:\pythonProject\数据源\src\网格\网格实盘新\grid_strategy.py"", line 1415, in _sync_positions_with_broker |     self.pos_book.save_to_csv() |   File ""D:\pythonProject\数据源\src\网格\网格实盘新\position_book.py"", line 265, in save_to_csv |     self._check_and_log_removals(path) | "
2026-04-01 13:24:50,filled状态清理,1775021015114382_34,-60,1.016,100,2026-04-01 13:23:35,2026-04-01,1099017744,,1099018011,filled,1.017,-59
2026-04-01 13:24:50,filled状态清理,1775021015143864_35,-59,1.017,100,2026-04-01 13:23:35,2026-04-01,1099017745,,1099017987,filled,1.018,-58
2026-04-01 13:24:50,1775021015143864_35,-59,1.017,100,1099017987,filled,1.018,-58,"  File ""D:\pythonProject\数据源\src\网格\网格实盘新\grid_strategy.py"", line 627, in on_tick |     self._handle_level_event(current_level, grid_price, current_price) |   File ""D:\pythonProject\数据源\src\网格\网格实盘新\grid_strategy.py"", line 303, in _handle_level_event |     self._sync_positions_with_broker() |   File ""D:\pythonProject\数据源\src\网格\网格实盘新\grid_strategy.py"", line 1415, in _sync_positions_with_broker |     self.pos_book.save_to_csv() |   File ""D:\pythonProject\数据源\src\网格\网格实盘新\position_book.py"", line 265, in save_to_csv |     self._check_and_log_removals(path) | "
2026-04-01 13:24:50,1775021015114382_34,-60,1.016,100,1099018011,filled,1.017,-59,"  File ""D:\pythonProject\数据源\src\网格\网格实盘新\grid_strategy.py"", line 627, in on_tick |     self._handle_level_event(current_level, grid_price, current_price) |   File ""D:\pythonProject\数据源\src\网格\网格实盘新\grid_strategy.py"", line 303, in _handle_level_event |     self._sync_positions_with_broker() |   File ""D:\pythonProject\数据源\src\网格\网格实盘新\grid_strategy.py"", line 1415, in _sync_positions_with_broker |     self.pos_book.save_to_csv() |   File ""D:\pythonProject\数据源\src\网格\网格实盘新\position_book.py"", line 265, in save_to_csv |     self._check_and_log_removals(path) | "
2026-04-01 13:24:53,filled状态清理,1775021000117623_32,-58,1.018,100,2026-04-01 13:23:20,2026-04-01,1099017700,,1099017985,filled,1.019,-57
2026-04-01 13:24:53,1775021000117623_32,-58,1.018,100,1099017985,filled,1.019,-57,"  File ""D:\pythonProject\数据源\src\网格\网格实盘新\grid_strategy.py"", line 627, in on_tick |     self._handle_level_event(current_level, grid_price, current_price) |   File ""D:\pythonProject\数据源\src\网格\网格实盘新\grid_strategy.py"", line 303, in _handle_level_event |     self._sync_positions_with_broker() |   File ""D:\pythonProject\数据源\src\网格\网格实盘新\grid_strategy.py"", line 1415, in _sync_positions_with_broker |     self.pos_book.save_to_csv() |   File ""D:\pythonProject\数据源\src\网格\网格实盘新\position_book.py"", line 265, in save_to_csv |     self._check_and_log_removals(path) | "
2026-04-01 13:24:56,filled状态清理,1775021000147238_33,-57,1.019,100,2026-04-01 13:23:20,2026-04-01,1099017701,,1099017956,filled,1.02,-56
2026-04-01 13:24:56,1775021000147238_33,-57,1.019,100,1099017956,filled,1.02,-56,"  File ""D:\pythonProject\数据源\src\网格\网格实盘新\grid_strategy.py"", line 627, in on_tick |     self._handle_level_event(current_level, grid_price, current_price) |   File ""D:\pythonProject\数据源\src\网格\网格实盘新\grid_strategy.py"", line 303, in _handle_level_event |     self._sync_positions_with_broker() |   File ""D:\pythonProject\数据源\src\网格\网格实盘新\grid_strategy.py"", line 1415, in _sync_positions_with_broker |     self.pos_book.save_to_csv() |   File ""D:\pythonProject\数据源\src\网格\网格实盘新\position_book.py"", line 265, in save_to_csv |     self._check_and_log_removals(path) | "
2026-04-01 13:25:17,filled状态清理,1775021090150538_44,-59,1.017,100,2026-04-01 13:24:50,2026-04-01,1099018030,,1099018101,filled,1.018,-58
2026-04-01 13:25:17,1775021090150538_44,-59,1.017,100,1099018101,filled,1.018,-58,"  File ""D:\pythonProject\数据源\src\网格\网格实盘新\grid_strategy.py"", line 627, in on_tick |     self._handle_level_event(current_level, grid_price, current_price) |   File ""D:\pythonProject\数据源\src\网格\网格实盘新\grid_strategy.py"", line 303, in _handle_level_event |     self._sync_positions_with_broker() |   File ""D:\pythonProject\数据源\src\网格\网格实盘新\grid_strategy.py"", line 1415, in _sync_positions_with_broker |     self.pos_book.save_to_csv() |   File ""D:\pythonProject\数据源\src\网格\网格实盘新\position_book.py"", line 265, in save_to_csv |     self._check_and_log_removals(path) | "
2026-04-01 13:25:38,filled状态清理,1775021096062485_45,-58,1.018,100,2026-04-01 13:24:56,2026-04-01,1099018045,,1099018085,filled,1.019,-57
2026-04-01 13:25:38,filled状态清理,1775021114066535_47,-59,1.017,100,2026-04-01 13:25:14,2026-04-01,1099018132,,1099018166,filled,1.018,-58
2026-04-01 13:25:38,1775021096062485_45,-58,1.018,100,1099018085,filled,1.019,-57,"  File ""D:\pythonProject\数据源\src\网格\网格实盘新\grid_strategy.py"", line 627, in on_tick |     self._handle_level_event(current_level, grid_price, current_price) |   File ""D:\pythonProject\数据源\src\网格\网格实盘新\grid_strategy.py"", line 303, in _handle_level_event |     self._sync_positions_with_broker() |   File ""D:\pythonProject\数据源\src\网格\网格实盘新\grid_strategy.py"", line 1415, in _sync_positions_with_broker |     self.pos_book.save_to_csv() |   File ""D:\pythonProject\数据源\src\网格\网格实盘新\position_book.py"", line 265, in save_to_csv |     self._check_and_log_removals(path) | "
2026-04-01 13:25:38,1775021114066535_47,-59,1.017,100,1099018166,filled,1.018,-58,"  File ""D:\pythonProject\数据源\src\网格\网格实盘新\grid_strategy.py"", line 627, in on_tick |     self._handle_level_event(current_level, grid_price, current_price) |   File ""D:\pythonProject\数据源\src\网格\网格实盘新\grid_strategy.py"", line 303, in _handle_level_event |     self._sync_positions_with_broker() |   File ""D:\pythonProject\数据源\src\网格\网格实盘新\grid_strategy.py"", line 1415, in _sync_positions_with_broker |     self.pos_book.save_to_csv() |   File ""D:\pythonProject\数据源\src\网格\网格实盘新\position_book.py"", line 265, in save_to_csv |     self._check_and_log_removals(path) | "
2026-04-01 13:25:59,filled状态清理,1775021135115143_49,-59,1.017,100,2026-04-01 13:25:35,2026-04-01,1099018209,,1099018283,filled,1.018,-58
2026-04-01 13:25:59,1775021135115143_49,-59,1.017,100,1099018283,filled,1.018,-58,"  File ""D:\pythonProject\数据源\src\网格\网格实盘新\grid_strategy.py"", line 627, in on_tick |     self._handle_level_event(current_level, grid_price, current_price) |   File ""D:\pythonProject\数据源\src\网格\网格实盘新\grid_strategy.py"", line 303, in _handle_level_event |     self._sync_positions_with_broker() |   File ""D:\pythonProject\数据源\src\网格\网格实盘新\grid_strategy.py"", line 1415, in _sync_positions_with_broker |     self.pos_book.save_to_csv() |   File ""D:\pythonProject\数据源\src\网格\网格实盘新\position_book.py"", line 265, in save_to_csv |     self._check_and_log_removals(path) | "
2026-04-01 13:26:02,filled状态清理,1775021135146684_50,-58,1.018,100,2026-04-01 13:25:35,2026-04-01,1099018210,,1099018263,filled,1.019,-57
2026-04-01 13:26:02,1775021135146684_50,-58,1.018,100,1099018263,filled,1.019,-57,"  File ""D:\pythonProject\数据源\src\网格\网格实盘新\grid_strategy.py"", line 627, in on_tick |     self._handle_level_event(current_level, grid_price, current_price) |   File ""D:\pythonProject\数据源\src\网格\网格实盘新\grid_strategy.py"", line 303, in _handle_level_event |     self._sync_positions_with_broker() |   File ""D:\pythonProject\数据源\src\网格\网格实盘新\grid_strategy.py"", line 1415, in _sync_positions_with_broker |     self.pos_book.save_to_csv() |   File ""D:\pythonProject\数据源\src\网格\网格实盘新\position_book.py"", line 265, in save_to_csv |     self._check_and_log_removals(path) | "
2026-04-01 13:26:08,filled状态清理,1775021096092567_46,-57,1.019,100,2026-04-01 13:24:56,2026-04-01,1099018046,,1099018057,filled,1.02,-56
2026-04-01 13:26:08,1775021096092567_46,-57,1.019,100,1099018057,filled,1.02,-56,"  File ""D:\pythonProject\数据源\src\网格\网格实盘新\grid_strategy.py"", line 627, in on_tick |     self._handle_level_event(current_level, grid_price, current_price) |   File ""D:\pythonProject\数据源\src\网格\网格实盘新\grid_strategy.py"", line 303, in _handle_level_event |     self._sync_positions_with_broker() |   File ""D:\pythonProject\数据源\src\网格\网格实盘新\grid_strategy.py"", line 1415, in _sync_positions_with_broker |     self.pos_book.save_to_csv() |   File ""D:\pythonProject\数据源\src\网格\网格实盘新\position_book.py"", line 265, in save_to_csv |     self._check_and_log_removals(path) | "
2026-04-01 13:26:23,filled状态清理,1775021024072135_36,-56,1.02,100,2026-04-01 13:23:44,2026-04-01,1099017784,,1099017943,filled,1.021,-55
2026-04-01 13:26:23,1775021024072135_36,-56,1.02,100,1099017943,filled,1.021,-55,"  File ""D:\pythonProject\数据源\src\网格\网格实盘新\grid_strategy.py"", line 627, in on_tick |     self._handle_level_event(current_level, grid_price, current_price) |   File ""D:\pythonProject\数据源\src\网格\网格实盘新\grid_strategy.py"", line 303, in _handle_level_event |     self._sync_positions_with_broker() |   File ""D:\pythonProject\数据源\src\网格\网格实盘新\grid_strategy.py"", line 1415, in _sync_positions_with_broker |     self.pos_book.save_to_csv() |   File ""D:\pythonProject\数据源\src\网格\网格实盘新\position_book.py"", line 265, in save_to_csv |     self._check_and_log_removals(path) | "
2026-04-01 13:26:47,filled状态清理,1775021180147625_54,-56,1.02,100,2026-04-01 13:26:20,2026-04-01,1099018429,,1099018453,filled,1.021,-55
2026-04-01 13:26:47,1775021180147625_54,-56,1.02,100,1099018453,filled,1.021,-55,"  File ""D:\pythonProject\数据源\src\网格\网格实盘新\grid_strategy.py"", line 627, in on_tick |     self._handle_level_event(current_level, grid_price, current_price) |   File ""D:\pythonProject\数据源\src\网格\网格实盘新\grid_strategy.py"", line 303, in _handle_level_event |     self._sync_positions_with_broker() |   File ""D:\pythonProject\数据源\src\网格\网格实盘新\grid_strategy.py"", line 1415, in _sync_positions_with_broker |     self.pos_book.save_to_csv() |   File ""D:\pythonProject\数据源\src\网格\网格实盘新\position_book.py"", line 265, in save_to_csv |     self._check_and_log_removals(path) | "
2026-04-01 13:26:56,filled状态清理,1775021048094593_39,-55,1.021,100,2026-04-01 13:24:08,2026-04-01,1099017850,,1099017942,filled,1.022,-54
2026-04-01 13:26:56,1775021048094593_39,-55,1.021,100,1099017942,filled,1.022,-54,"  File ""D:\pythonProject\数据源\src\网格\网格实盘新\grid_strategy.py"", line 627, in on_tick |     self._handle_level_event(current_level, grid_price, current_price) |   File ""D:\pythonProject\数据源\src\网格\网格实盘新\grid_strategy.py"", line 303, in _handle_level_event |     self._sync_positions_with_broker() |   File ""D:\pythonProject\数据源\src\网格\网格实盘新\grid_strategy.py"", line 1415, in _sync_positions_with_broker |     self.pos_book.save_to_csv() |   File ""D:\pythonProject\数据源\src\网格\网格实盘新\position_book.py"", line 265, in save_to_csv |     self._check_and_log_removals(path) | "
2026-04-01 13:27:08,filled状态清理,1775021216063531_55,-55,1.021,100,2026-04-01 13:26:56,2026-04-01,1099018553,,1099018560,filled,1.022,-54
2026-04-01 13:27:08,1775021216063531_55,-55,1.021,100,1099018560,filled,1.022,-54,"  File ""D:\pythonProject\数据源\src\网格\网格实盘新\grid_strategy.py"", line 627, in on_tick |     self._handle_level_event(current_level, grid_price, current_price) |   File ""D:\pythonProject\数据源\src\网格\网格实盘新\grid_strategy.py"", line 303, in _handle_level_event |     self._sync_positions_with_broker() |   File ""D:\pythonProject\数据源\src\网格\网格实盘新\grid_strategy.py"", line 1415, in _sync_positions_with_broker |     self.pos_book.save_to_csv() |   File ""D:\pythonProject\数据源\src\网格\网格实盘新\position_book.py"", line 265, in save_to_csv |     self._check_and_log_removals(path) | "
2026-04-01 13:27:11,filled状态清理,1775021045078585_38,-54,1.022,100,2026-04-01 13:24:05,2026-04-01,1099017842,,1099017883,filled,1.023,-53
2026-04-01 13:27:11,1775021045078585_38,-54,1.022,100,1099017883,filled,1.023,-53,"  File ""D:\pythonProject\数据源\src\网格\网格实盘新\grid_strategy.py"", line 627, in on_tick |     self._handle_level_event(current_level, grid_price, current_price) |   File ""D:\pythonProject\数据源\src\网格\网格实盘新\grid_strategy.py"", line 303, in _handle_level_event |     self._sync_positions_with_broker() |   File ""D:\pythonProject\数据源\src\网格\网格实盘新\grid_strategy.py"", line 1415, in _sync_positions_with_broker |     self.pos_book.save_to_csv() |   File ""D:\pythonProject\数据源\src\网格\网格实盘新\position_book.py"", line 265, in save_to_csv |     self._check_and_log_removals(path) | "
2026-04-01 13:27:14,filled状态清理,1775020931055959_27,-53,1.023,100,2026-04-01 13:22:11,2026-04-01,1099017423,,1099017691,filled,1.024,-52
2026-04-01 13:27:14,1775020931055959_27,-53,1.023,100,1099017691,filled,1.024,-52,"  File ""D:\pythonProject\数据源\src\网格\网格实盘新\grid_strategy.py"", line 627, in on_tick |     self._handle_level_event(current_level, grid_price, current_price) |   File ""D:\pythonProject\数据源\src\网格\网格实盘新\grid_strategy.py"", line 303, in _handle_level_event |     self._sync_positions_with_broker() |   File ""D:\pythonProject\数据源\src\网格\网格实盘新\grid_strategy.py"", line 1415, in _sync_positions_with_broker |     self.pos_book.save_to_csv() |   File ""D:\pythonProject\数据源\src\网格\网格实盘新\position_book.py"", line 265, in save_to_csv |     self._check_and_log_removals(path) | "
2026-04-01 13:27:17,filled状态清理,1775020964085604_30,-52,1.024,100,2026-04-01 13:22:44,2026-04-01,1099017552,,1099017676,filled,1.025,-51
2026-04-01 13:27:17,1775020964085604_30,-52,1.024,100,1099017676,filled,1.025,-51,"  File ""D:\pythonProject\数据源\src\网格\网格实盘新\grid_strategy.py"", line 627, in on_tick |     self._handle_level_event(current_level, grid_price, current_price) |   File ""D:\pythonProject\数据源\src\网格\网格实盘新\grid_strategy.py"", line 303, in _handle_level_event |     self._sync_positions_with_broker() |   File ""D:\pythonProject\数据源\src\网格\网格实盘新\grid_strategy.py"", line 1415, in _sync_positions_with_broker |     self.pos_book.save_to_csv() |   File ""D:\pythonProject\数据源\src\网格\网格实盘新\position_book.py"", line 265, in save_to_csv |     self._check_and_log_removals(path) | "
2026-04-01 13:27:23,filled状态清理,1775020961118156_29,-51,1.025,100,2026-04-01 13:22:41,2026-04-01,1099017537,,1099017653,filled,1.026,-50
2026-04-01 13:27:23,1775020961118156_29,-51,1.025,100,1099017653,filled,1.026,-50,"  File ""D:\pythonProject\数据源\src\网格\网格实盘新\grid_strategy.py"", line 627, in on_tick |     self._handle_level_event(current_level, grid_price, current_price) |   File ""D:\pythonProject\数据源\src\网格\网格实盘新\grid_strategy.py"", line 303, in _handle_level_event |     self._sync_positions_with_broker() |   File ""D:\pythonProject\数据源\src\网格\网格实盘新\grid_strategy.py"", line 1415, in _sync_positions_with_broker |     self.pos_book.save_to_csv() |   File ""D:\pythonProject\数据源\src\网格\网格实盘新\position_book.py"", line 265, in save_to_csv |     self._check_and_log_removals(path) | "
2026-04-01 13:27:56,filled状态清理,1775021228091669_58,-54,1.022,100,2026-04-01 13:27:08,2026-04-01,1099018600,,1099018766,filled,1.023,-53
2026-04-01 13:27:56,1775021228091669_58,-54,1.022,100,1099018766,filled,1.023,-53,"  File ""D:\pythonProject\数据源\src\网格\网格实盘新\grid_strategy.py"", line 627, in on_tick |     self._handle_level_event(current_level, grid_price, current_price) |   File ""D:\pythonProject\数据源\src\网格\网格实盘新\grid_strategy.py"", line 303, in _handle_level_event |     self._sync_positions_with_broker() |   File ""D:\pythonProject\数据源\src\网格\网格实盘新\grid_strategy.py"", line 1415, in _sync_positions_with_broker |     self.pos_book.save_to_csv() |   File ""D:\pythonProject\数据源\src\网格\网格实盘新\position_book.py"", line 265, in save_to_csv |     self._check_and_log_removals(path) | "
2026-04-01 13:27:59,filled状态清理,1775021225114482_57,-55,1.021,100,2026-04-01 13:27:05,2026-04-01,1099018588,,1099018771,filled,1.022,-54
2026-04-01 13:27:59,1775021225114482_57,-55,1.021,100,1099018771,filled,1.022,-54,"  File ""D:\pythonProject\数据源\src\网格\网格实盘新\grid_strategy.py"", line 627, in on_tick |     self._handle_level_event(current_level, grid_price, current_price) |   File ""D:\pythonProject\数据源\src\网格\网格实盘新\grid_strategy.py"", line 303, in _handle_level_event |     self._sync_positions_with_broker() |   File ""D:\pythonProject\数据源\src\网格\网格实盘新\grid_strategy.py"", line 1415, in _sync_positions_with_broker |     self.pos_book.save_to_csv() |   File ""D:\pythonProject\数据源\src\网格\网格实盘新\position_book.py"", line 265, in save_to_csv |     self._check_and_log_removals(path) | "
2026-04-01 13:28:08,filled状态清理,1775021234086537_59,-53,1.023,100,2026-04-01 13:27:14,2026-04-01,1099018636,,1099018765,filled,1.024,-52
2026-04-01 13:28:08,1775021234086537_59,-53,1.023,100,1099018765,filled,1.024,-52,"  File ""D:\pythonProject\数据源\src\网格\网格实盘新\grid_strategy.py"", line 627, in on_tick |     self._handle_level_event(current_level, grid_price, current_price) |   File ""D:\pythonProject\数据源\src\网格\网格实盘新\grid_strategy.py"", line 303, in _handle_level_event |     self._sync_positions_with_broker() |   File ""D:\pythonProject\数据源\src\网格\网格实盘新\grid_strategy.py"", line 1415, in _sync_positions_with_broker |     self.pos_book.save_to_csv() |   File ""D:\pythonProject\数据源\src\网格\网格实盘新\position_book.py"", line 265, in save_to_csv |     self._check_and_log_removals(path) | "
2026-04-01 13:28:14,filled状态清理,1775021237091594_60,-52,1.024,100,2026-04-01 13:27:17,2026-04-01,1099018646,,1099018674,filled,1.025,-51
2026-04-01 13:28:14,1775021237091594_60,-52,1.024,100,1099018674,filled,1.025,-51,"  File ""D:\pythonProject\数据源\src\网格\网格实盘新\grid_strategy.py"", line 627, in on_tick |     self._handle_level_event(current_level, grid_price, current_price) |   File ""D:\pythonProject\数据源\src\网格\网格实盘新\grid_strategy.py"", line 303, in _handle_level_event |     self._sync_positions_with_broker() |   File ""D:\pythonProject\数据源\src\网格\网格实盘新\grid_strategy.py"", line 1415, in _sync_positions_with_broker |     self.pos_book.save_to_csv() |   File ""D:\pythonProject\数据源\src\网格\网格实盘新\position_book.py"", line 265, in save_to_csv |     self._check_and_log_removals(path) | "
2026-04-01 13:28:26,filled状态清理,1775021291178186_64,-52,1.024,100,2026-04-01 13:28:11,2026-04-01,1099018841,,1099018894,filled,1.025,-51
2026-04-01 13:28:26,1775021291178186_64,-52,1.024,100,1099018894,filled,1.025,-51,"  File ""D:\pythonProject\数据源\src\网格\网格实盘新\grid_strategy.py"", line 627, in on_tick |     self._handle_level_event(current_level, grid_price, current_price) |   File ""D:\pythonProject\数据源\src\网格\网格实盘新\grid_strategy.py"", line 303, in _handle_level_event |     self._sync_positions_with_broker() |   File ""D:\pythonProject\数据源\src\网格\网格实盘新\grid_strategy.py"", line 1415, in _sync_positions_with_broker |     self.pos_book.save_to_csv() |   File ""D:\pythonProject\数据源\src\网格\网格实盘新\position_book.py"", line 265, in save_to_csv |     self._check_and_log_removals(path) | "
2026-04-01 13:28:32,filled状态清理,1775021294092646_65,-51,1.025,100,2026-04-01 13:28:14,2026-04-01,1099018859,,1099018870,filled,1.026,-50
2026-04-01 13:28:32,1775021294092646_65,-51,1.025,100,1099018870,filled,1.026,-50,"  File ""D:\pythonProject\数据源\src\网格\网格实盘新\grid_strategy.py"", line 627, in on_tick |     self._handle_level_event(current_level, grid_price, current_price) |   File ""D:\pythonProject\数据源\src\网格\网格实盘新\grid_strategy.py"", line 303, in _handle_level_event |     self._sync_positions_with_broker() |   File ""D:\pythonProject\数据源\src\网格\网格实盘新\grid_strategy.py"", line 1415, in _sync_positions_with_broker |     self.pos_book.save_to_csv() |   File ""D:\pythonProject\数据源\src\网格\网格实盘新\position_book.py"", line 265, in save_to_csv |     self._check_and_log_removals(path) | "
2026-04-01 13:28:38,filled状态清理,1775021309090885_67,-51,1.025,100,2026-04-01 13:28:29,2026-04-01,1099018929,,1099018942,filled,1.026,-50
2026-04-01 13:28:38,1775021309090885_67,-51,1.025,100,1099018942,filled,1.026,-50,"  File ""D:\pythonProject\数据源\src\网格\网格实盘新\grid_strategy.py"", line 627, in on_tick |     self._handle_level_event(current_level, grid_price, current_price) |   File ""D:\pythonProject\数据源\src\网格\网格实盘新\grid_strategy.py"", line 303, in _handle_level_event |     self._sync_positions_with_broker() |   File ""D:\pythonProject\数据源\src\网格\网格实盘新\grid_strategy.py"", line 1415, in _sync_positions_with_broker |     self.pos_book.save_to_csv() |   File ""D:\pythonProject\数据源\src\网格\网格实盘新\position_book.py"", line 265, in save_to_csv |     self._check_and_log_removals(path) | "
2026-04-01 13:29:02,filled状态清理,1775021285150050_63,-53,1.023,100,2026-04-01 13:28:05,2026-04-01,1099018811,,1099019023,filled,1.024,-52
2026-04-01 13:29:02,1775021285150050_63,-53,1.023,100,1099019023,filled,1.024,-52,"  File ""D:\pythonProject\数据源\src\网格\网格实盘新\grid_strategy.py"", line 627, in on_tick |     self._handle_level_event(current_level, grid_price, current_price) |   File ""D:\pythonProject\数据源\src\网格\网格实盘新\grid_strategy.py"", line 303, in _handle_level_event |     self._sync_positions_with_broker() |   File ""D:\pythonProject\数据源\src\网格\网格实盘新\grid_strategy.py"", line 1415, in _sync_positions_with_broker |     self.pos_book.save_to_csv() |   File ""D:\pythonProject\数据源\src\网格\网格实盘新\position_book.py"", line 265, in save_to_csv |     self._check_and_log_removals(path) | "
2026-04-01 13:29:47,filled状态清理,1775021174070059_53,-57,1.019,100,2026-04-01 13:26:14,2026-04-01,1099018403,,1099019349,filled,1.02,-56
2026-04-01 13:29:47,1775021174070059_53,-57,1.019,100,1099019349,filled,1.02,-56,"  File ""D:\pythonProject\数据源\src\网格\网格实盘新\grid_strategy.py"", line 627, in on_tick |     self._handle_level_event(current_level, grid_price, current_price) |   File ""D:\pythonProject\数据源\src\网格\网格实盘新\grid_strategy.py"", line 303, in _handle_level_event |     self._sync_positions_with_broker() |   File ""D:\pythonProject\数据源\src\网格\网格实盘新\grid_strategy.py"", line 1415, in _sync_positions_with_broker |     self.pos_book.save_to_csv() |   File ""D:\pythonProject\数据源\src\网格\网格实盘新\position_book.py"", line 265, in save_to_csv |     self._check_and_log_removals(path) | "
2026-04-01 13:29:50,filled状态清理,1775021222060123_56,-56,1.02,100,2026-04-01 13:27:02,2026-04-01,1099018573,,1099019348,filled,1.021,-55
2026-04-01 13:29:50,1775021222060123_56,-56,1.02,100,1099019348,filled,1.021,-55,"  File ""D:\pythonProject\数据源\src\网格\网格实盘新\grid_strategy.py"", line 627, in on_tick |     self._handle_level_event(current_level, grid_price, current_price) |   File ""D:\pythonProject\数据源\src\网格\网格实盘新\grid_strategy.py"", line 303, in _handle_level_event |     self._sync_positions_with_broker() |   File ""D:\pythonProject\数据源\src\网格\网格实盘新\grid_strategy.py"", line 1415, in _sync_positions_with_broker |     self.pos_book.save_to_csv() |   File ""D:\pythonProject\数据源\src\网格\网格实盘新\position_book.py"", line 265, in save_to_csv |     self._check_and_log_removals(path) | "
2026-04-01 13:30:17,filled状态清理,1775021387082034_70,-56,1.02,100,2026-04-01 13:29:47,2026-04-01,1099019390,,1099019635,filled,1.021,-55
2026-04-01 13:30:17,1775021387082034_70,-56,1.02,100,1099019635,filled,1.021,-55,"  File ""D:\pythonProject\数据源\src\网格\网格实盘新\grid_strategy.py"", line 627, in on_tick |     self._handle_level_event(current_level, grid_price, current_price) |   File ""D:\pythonProject\数据源\src\网格\网格实盘新\grid_strategy.py"", line 303, in _handle_level_event |     self._sync_positions_with_broker() |   File ""D:\pythonProject\数据源\src\网格\网格实盘新\grid_strategy.py"", line 1415, in _sync_positions_with_broker |     self.pos_book.save_to_csv() |   File ""D:\pythonProject\数据源\src\网格\网格实盘新\position_book.py"", line 265, in save_to_csv |     self._check_and_log_removals(path) | "
2026-04-01 13:31:14,filled状态清理,1775021081236662_41,-63,1.013,100,2026-04-01 13:24:41,2026-04-01,1099017999,,1099020012,filled,1.014,-62
2026-04-01 13:31:14,filled状态清理,1775021081266655_42,-62,1.014,100,2026-04-01 13:24:41,2026-04-01,1099018000,,1099019971,filled,1.015,-61
2026-04-01 13:31:14,filled状态清理,1775021129054092_48,-64,1.012,100,2026-04-01 13:25:29,2026-04-01,1099018179,,1099020063,filled,1.013,-63
2026-04-01 13:31:14,1775021081236662_41,-63,1.013,100,1099020012,filled,1.014,-62,"  File ""D:\pythonProject\数据源\src\网格\网格实盘新\grid_strategy.py"", line 627, in on_tick |     self._handle_level_event(current_level, grid_price, current_price) |   File ""D:\pythonProject\数据源\src\网格\网格实盘新\grid_strategy.py"", line 303, in _handle_level_event |     self._sync_positions_with_broker() |   File ""D:\pythonProject\数据源\src\网格\网格实盘新\grid_strategy.py"", line 1415, in _sync_positions_with_broker |     self.pos_book.save_to_csv() |   File ""D:\pythonProject\数据源\src\网格\网格实盘新\position_book.py"", line 265, in save_to_csv |     self._check_and_log_removals(path) | "
2026-04-01 13:31:14,1775021081266655_42,-62,1.014,100,1099019971,filled,1.015,-61,"  File ""D:\pythonProject\数据源\src\网格\网格实盘新\grid_strategy.py"", line 627, in on_tick |     self._handle_level_event(current_level, grid_price, current_price) |   File ""D:\pythonProject\数据源\src\网格\网格实盘新\grid_strategy.py"", line 303, in _handle_level_event |     self._sync_positions_with_broker() |   File ""D:\pythonProject\数据源\src\网格\网格实盘新\grid_strategy.py"", line 1415, in _sync_positions_with_broker |     self.pos_book.save_to_csv() |   File ""D:\pythonProject\数据源\src\网格\网格实盘新\position_book.py"", line 265, in save_to_csv |     self._check_and_log_removals(path) | "
2026-04-01 13:31:14,1775021129054092_48,-64,1.012,100,1099020063,filled,1.013,-63,"  File ""D:\pythonProject\数据源\src\网格\网格实盘新\grid_strategy.py"", line 627, in on_tick |     self._handle_level_event(current_level, grid_price, current_price) |   File ""D:\pythonProject\数据源\src\网格\网格实盘新\grid_strategy.py"", line 303, in _handle_level_event |     self._sync_positions_with_broker() |   File ""D:\pythonProject\数据源\src\网格\网格实盘新\grid_strategy.py"", line 1415, in _sync_positions_with_broker |     self.pos_book.save_to_csv() |   File ""D:\pythonProject\数据源\src\网格\网格实盘新\position_book.py"", line 265, in save_to_csv |     self._check_and_log_removals(path) | "
2026-04-01 13:31:17,filled状态清理,1775021075065188_40,-61,1.015,100,2026-04-01 13:24:35,2026-04-01,1099017973,,1099019947,filled,1.016,-60
2026-04-01 13:31:17,1775021075065188_40,-61,1.015,100,1099019947,filled,1.016,-60,"  File ""D:\pythonProject\数据源\src\网格\网格实盘新\grid_strategy.py"", line 627, in on_tick |     self._handle_level_event(current_level, grid_price, current_price) |   File ""D:\pythonProject\数据源\src\网格\网格实盘新\grid_strategy.py"", line 303, in _handle_level_event |     self._sync_positions_with_broker() |   File ""D:\pythonProject\数据源\src\网格\网格实盘新\grid_strategy.py"", line 1415, in _sync_positions_with_broker |     self.pos_book.save_to_csv() |   File ""D:\pythonProject\数据源\src\网格\网格实盘新\position_book.py"", line 265, in save_to_csv |     self._check_and_log_removals(path) | "
2026-04-01 13:31:20,filled状态清理,1775021471181570_75,-63,1.013,100,2026-04-01 13:31:11,2026-04-01,1099020077,,1099020100,filled,1.014,-62
2026-04-01 13:31:20,filled状态清理,1775021471211524_76,-62,1.014,100,2026-04-01 13:31:11,2026-04-01,1099020078,,1099020099,filled,1.015,-61
2026-04-01 13:31:20,1775021471181570_75,-63,1.013,100,1099020100,filled,1.014,-62,"  File ""D:\pythonProject\数据源\src\网格\网格实盘新\grid_strategy.py"", line 627, in on_tick |     self._handle_level_event(current_level, grid_price, current_price) |   File ""D:\pythonProject\数据源\src\网格\网格实盘新\grid_strategy.py"", line 303, in _handle_level_event |     self._sync_positions_with_broker() |   File ""D:\pythonProject\数据源\src\网格\网格实盘新\grid_strategy.py"", line 1415, in _sync_positions_with_broker |     self.pos_book.save_to_csv() |   File ""D:\pythonProject\数据源\src\网格\网格实盘新\position_book.py"", line 265, in save_to_csv |     self._check_and_log_removals(path) | "
2026-04-01 13:31:20,1775021471211524_76,-62,1.014,100,1099020099,filled,1.015,-61,"  File ""D:\pythonProject\数据源\src\网格\网格实盘新\grid_strategy.py"", line 627, in on_tick |     self._handle_level_event(current_level, grid_price, current_price) |   File ""D:\pythonProject\数据源\src\网格\网格实盘新\grid_strategy.py"", line 303, in _handle_level_event |     self._sync_positions_with_broker() |   File ""D:\pythonProject\数据源\src\网格\网格实盘新\grid_strategy.py"", line 1415, in _sync_positions_with_broker |     self.pos_book.save_to_csv() |   File ""D:\pythonProject\数据源\src\网格\网格实盘新\position_book.py"", line 265, in save_to_csv |     self._check_and_log_removals(path) | "
2026-04-01 13:31:56,filled状态清理,1775021471151011_74,-64,1.012,100,2026-04-01 13:31:11,2026-04-01,1099020076,,1099020285,filled,1.013,-63
2026-04-01 13:31:56,1775021471151011_74,-64,1.012,100,1099020285,filled,1.013,-63,"  File ""D:\pythonProject\数据源\src\网格\网格实盘新\grid_strategy.py"", line 627, in on_tick |     self._handle_level_event(current_level, grid_price, current_price) |   File ""D:\pythonProject\数据源\src\网格\网格实盘新\grid_strategy.py"", line 303, in _handle_level_event |     self._sync_positions_with_broker() |   File ""D:\pythonProject\数据源\src\网格\网格实盘新\grid_strategy.py"", line 1415, in _sync_positions_with_broker |     self.pos_book.save_to_csv() |   File ""D:\pythonProject\数据源\src\网格\网格实盘新\position_book.py"", line 265, in save_to_csv |     self._check_and_log_removals(path) | "
2026-04-01 13:32:11,filled状态清理,1775021477131027_77,-63,1.013,100,2026-04-01 13:31:17,2026-04-01,1099020111,,1099020253,filled,1.014,-62
2026-04-01 13:32:11,1775021477131027_77,-63,1.013,100,1099020253,filled,1.014,-62,"  File ""D:\pythonProject\数据源\src\网格\网格实盘新\grid_strategy.py"", line 627, in on_tick |     self._handle_level_event(current_level, grid_price, current_price) |   File ""D:\pythonProject\数据源\src\网格\网格实盘新\grid_strategy.py"", line 303, in _handle_level_event |     self._sync_positions_with_broker() |   File ""D:\pythonProject\数据源\src\网格\网格实盘新\grid_strategy.py"", line 1415, in _sync_positions_with_broker |     self.pos_book.save_to_csv() |   File ""D:\pythonProject\数据源\src\网格\网格实盘新\position_book.py"", line 265, in save_to_csv |     self._check_and_log_removals(path) | "
2026-04-01 13:32:14,filled状态清理,1775021477162606_78,-62,1.014,100,2026-04-01 13:31:17,2026-04-01,1099020113,,1099020208,filled,1.015,-61
2026-04-01 13:32:14,1775021477162606_78,-62,1.014,100,1099020208,filled,1.015,-61,"  File ""D:\pythonProject\数据源\src\网格\网格实盘新\grid_strategy.py"", line 627, in on_tick |     self._handle_level_event(current_level, grid_price, current_price) |   File ""D:\pythonProject\数据源\src\网格\网格实盘新\grid_strategy.py"", line 303, in _handle_level_event |     self._sync_positions_with_broker() |   File ""D:\pythonProject\数据源\src\网格\网格实盘新\grid_strategy.py"", line 1415, in _sync_positions_with_broker |     self.pos_book.save_to_csv() |   File ""D:\pythonProject\数据源\src\网格\网格实盘新\position_book.py"", line 265, in save_to_csv |     self._check_and_log_removals(path) | "
2026-04-01 13:33:17,filled状态清理,1775021513125988_80,-68,1.008,100,2026-04-01 13:31:53,2026-04-01,1099020299,,1099020663,filled,1.009,-67
2026-04-01 13:33:17,1775021513125988_80,-68,1.008,100,1099020663,filled,1.009,-67,"  File ""D:\pythonProject\数据源\src\网格\网格实盘新\grid_strategy.py"", line 627, in on_tick |     self._handle_level_event(current_level, grid_price, current_price) |   File ""D:\pythonProject\数据源\src\网格\网格实盘新\grid_strategy.py"", line 303, in _handle_level_event |     self._sync_positions_with_broker() |   File ""D:\pythonProject\数据源\src\网格\网格实盘新\grid_strategy.py"", line 1415, in _sync_positions_with_broker |     self.pos_book.save_to_csv() |   File ""D:\pythonProject\数据源\src\网格\网格实盘新\position_book.py"", line 265, in save_to_csv |     self._check_and_log_removals(path) | "
2026-04-01 13:33:44,filled状态清理,1775021606234531_90,-75,1.001,100,2026-04-01 13:33:26,2026-04-01,1099020723,,1099020752,filled,1.002,-74
2026-04-01 13:33:44,1775021606234531_90,-75,1.001,100,1099020752,filled,1.002,-74,"  File ""D:\pythonProject\数据源\src\网格\网格实盘新\grid_strategy.py"", line 627, in on_tick |     self._handle_level_event(current_level, grid_price, current_price) |   File ""D:\pythonProject\数据源\src\网格\网格实盘新\grid_strategy.py"", line 303, in _handle_level_event |     self._sync_positions_with_broker() |   File ""D:\pythonProject\数据源\src\网格\网格实盘新\grid_strategy.py"", line 1415, in _sync_positions_with_broker |     self.pos_book.save_to_csv() |   File ""D:\pythonProject\数据源\src\网格\网格实盘新\position_book.py"", line 265, in save_to_csv |     self._check_and_log_removals(path) | "
2026-04-01 13:33:47,filled状态清理,1775021606268167_91,-74,1.002,100,2026-04-01 13:33:26,2026-04-01,1099020724,,1099020740,filled,1.003,-73
2026-04-01 13:33:47,1775021606268167_91,-74,1.002,100,1099020740,filled,1.003,-73,"  File ""D:\pythonProject\数据源\src\网格\网格实盘新\grid_strategy.py"", line 627, in on_tick |     self._handle_level_event(current_level, grid_price, current_price) |   File ""D:\pythonProject\数据源\src\网格\网格实盘新\grid_strategy.py"", line 303, in _handle_level_event |     self._sync_positions_with_broker() |   File ""D:\pythonProject\数据源\src\网格\网格实盘新\grid_strategy.py"", line 1415, in _sync_positions_with_broker |     self.pos_book.save_to_csv() |   File ""D:\pythonProject\数据源\src\网格\网格实盘新\position_book.py"", line 265, in save_to_csv |     self._check_and_log_removals(path) | "
2026-04-01 13:34:20,filled状态清理,1775021621110545_94,-75,1.001,100,2026-04-01 13:33:41,2026-04-01,1099020776,,1099020890,filled,1.002,-74
2026-04-01 13:34:20,filled状态清理,1775021624208657_95,-74,1.002,100,2026-04-01 13:33:44,2026-04-01,1099020786,,1099020872,filled,1.003,-73
2026-04-01 13:34:20,1775021624208657_95,-74,1.002,100,1099020872,filled,1.003,-73,"  File ""D:\pythonProject\数据源\src\网格\网格实盘新\grid_strategy.py"", line 627, in on_tick |     self._handle_level_event(current_level, grid_price, current_price) |   File ""D:\pythonProject\数据源\src\网格\网格实盘新\grid_strategy.py"", line 303, in _handle_level_event |     self._sync_positions_with_broker() |   File ""D:\pythonProject\数据源\src\网格\网格实盘新\grid_strategy.py"", line 1415, in _sync_positions_with_broker |     self.pos_book.save_to_csv() |   File ""D:\pythonProject\数据源\src\网格\网格实盘新\position_book.py"", line 265, in save_to_csv |     self._check_and_log_removals(path) | "
2026-04-01 13:34:20,1775021621110545_94,-75,1.001,100,1099020890,filled,1.002,-74,"  File ""D:\pythonProject\数据源\src\网格\网格实盘新\grid_strategy.py"", line 627, in on_tick |     self._handle_level_event(current_level, grid_price, current_price) |   File ""D:\pythonProject\数据源\src\网格\网格实盘新\grid_strategy.py"", line 303, in _handle_level_event |     self._sync_positions_with_broker() |   File ""D:\pythonProject\数据源\src\网格\网格实盘新\grid_strategy.py"", line 1415, in _sync_positions_with_broker |     self.pos_book.save_to_csv() |   File ""D:\pythonProject\数据源\src\网格\网格实盘新\position_book.py"", line 265, in save_to_csv |     self._check_and_log_removals(path) | "
2026-04-01 13:34:26,filled状态清理,1775021630147786_96,-73,1.003,100,2026-04-01 13:33:50,2026-04-01,1099020805,,1099020847,filled,1.004,-72
2026-04-01 13:34:26,1775021630147786_96,-73,1.003,100,1099020847,filled,1.004,-72,"  File ""D:\pythonProject\数据源\src\网格\网格实盘新\grid_strategy.py"", line 627, in on_tick |     self._handle_level_event(current_level, grid_price, current_price) |   File ""D:\pythonProject\数据源\src\网格\网格实盘新\grid_strategy.py"", line 303, in _handle_level_event |     self._sync_positions_with_broker() |   File ""D:\pythonProject\数据源\src\网格\网格实盘新\grid_strategy.py"", line 1415, in _sync_positions_with_broker |     self.pos_book.save_to_csv() |   File ""D:\pythonProject\数据源\src\网格\网格实盘新\position_book.py"", line 265, in save_to_csv |     self._check_and_log_removals(path) | "
2026-04-01 13:34:35,filled状态清理,1775021585157606_86,-71,1.005,100,2026-04-01 13:33:05,2026-04-01,1099020635,,1099020704,filled,1.006,-70
2026-04-01 13:34:35,filled状态清理,1775021594168955_87,-72,1.004,100,2026-04-01 13:33:14,2026-04-01,1099020682,,1099020710,filled,1.005,-71
2026-04-01 13:34:35,1775021585157606_86,-71,1.005,100,1099020704,filled,1.006,-70,"  File ""D:\pythonProject\数据源\src\网格\网格实盘新\grid_strategy.py"", line 627, in on_tick |     self._handle_level_event(current_level, grid_price, current_price) |   File ""D:\pythonProject\数据源\src\网格\网格实盘新\grid_strategy.py"", line 303, in _handle_level_event |     self._sync_positions_with_broker() |   File ""D:\pythonProject\数据源\src\网格\网格实盘新\grid_strategy.py"", line 1415, in _sync_positions_with_broker |     self.pos_book.save_to_csv() |   File ""D:\pythonProject\数据源\src\网格\网格实盘新\position_book.py"", line 265, in save_to_csv |     self._check_and_log_removals(path) | "
2026-04-01 13:34:35,1775021594168955_87,-72,1.004,100,1099020710,filled,1.005,-71,"  File ""D:\pythonProject\数据源\src\网格\网格实盘新\grid_strategy.py"", line 627, in on_tick |     self._handle_level_event(current_level, grid_price, current_price) |   File ""D:\pythonProject\数据源\src\网格\网格实盘新\grid_strategy.py"", line 303, in _handle_level_event |     self._sync_positions_with_broker() |   File ""D:\pythonProject\数据源\src\网格\网格实盘新\grid_strategy.py"", line 1415, in _sync_positions_with_broker |     self.pos_book.save_to_csv() |   File ""D:\pythonProject\数据源\src\网格\网格实盘新\position_book.py"", line 265, in save_to_csv |     self._check_and_log_removals(path) | "
2026-04-01 13:34:47,filled状态清理,1775021579120812_84,-70,1.006,100,2026-04-01 13:32:59,2026-04-01,1099020596,,1099020703,filled,1.007,-69
2026-04-01 13:34:47,filled状态清理,1775021678137502_101,-71,1.005,100,2026-04-01 13:34:38,2026-04-01,1099020971,,1099020981,filled,1.006,-70
2026-04-01 13:34:47,1775021678137502_101,-71,1.005,100,1099020981,filled,1.006,-70,"  File ""D:\pythonProject\数据源\src\网格\网格实盘新\grid_strategy.py"", line 627, in on_tick |     self._handle_level_event(current_level, grid_price, current_price) |   File ""D:\pythonProject\数据源\src\网格\网格实盘新\grid_strategy.py"", line 303, in _handle_level_event |     self._sync_positions_with_broker() |   File ""D:\pythonProject\数据源\src\网格\网格实盘新\grid_strategy.py"", line 1415, in _sync_positions_with_broker |     self.pos_book.save_to_csv() |   File ""D:\pythonProject\数据源\src\网格\网格实盘新\position_book.py"", line 265, in save_to_csv |     self._check_and_log_removals(path) | "
2026-04-01 13:34:47,1775021579120812_84,-70,1.006,100,1099020703,filled,1.007,-69,"  File ""D:\pythonProject\数据源\src\网格\网格实盘新\grid_strategy.py"", line 627, in on_tick |     self._handle_level_event(current_level, grid_price, current_price) |   File ""D:\pythonProject\数据源\src\网格\网格实盘新\grid_strategy.py"", line 303, in _handle_level_event |     self._sync_positions_with_broker() |   File ""D:\pythonProject\数据源\src\网格\网格实盘新\grid_strategy.py"", line 1415, in _sync_positions_with_broker |     self.pos_book.save_to_csv() |   File ""D:\pythonProject\数据源\src\网格\网格实盘新\position_book.py"", line 265, in save_to_csv |     self._check_and_log_removals(path) | "
2026-04-01 13:35:02,filled状态清理,1775021579150839_85,-69,1.007,100,2026-04-01 13:32:59,2026-04-01,1099020597,,1099020693,filled,1.008,-68
2026-04-01 13:35:02,1775021579150839_85,-69,1.007,100,1099020693,filled,1.008,-68,"  File ""D:\pythonProject\数据源\src\网格\网格实盘新\grid_strategy.py"", line 627, in on_tick |     self._handle_level_event(current_level, grid_price, current_price) |   File ""D:\pythonProject\数据源\src\网格\网格实盘新\grid_strategy.py"", line 303, in _handle_level_event |     self._sync_positions_with_broker() |   File ""D:\pythonProject\数据源\src\网格\网格实盘新\grid_strategy.py"", line 1415, in _sync_positions_with_broker |     self.pos_book.save_to_csv() |   File ""D:\pythonProject\数据源\src\网格\网格实盘新\position_book.py"", line 265, in save_to_csv |     self._check_and_log_removals(path) | "
2026-04-01 13:35:11,filled状态清理,1775021699204140_102,-70,1.006,100,2026-04-01 13:34:59,2026-04-01,1099021057,,1099021073,filled,1.007,-69
2026-04-01 13:35:11,1775021699204140_102,-70,1.006,100,1099021073,filled,1.007,-69,"  File ""D:\pythonProject\数据源\src\网格\网格实盘新\grid_strategy.py"", line 627, in on_tick |     self._handle_level_event(current_level, grid_price, current_price) |   File ""D:\pythonProject\数据源\src\网格\网格实盘新\grid_strategy.py"", line 303, in _handle_level_event |     self._sync_positions_with_broker() |   File ""D:\pythonProject\数据源\src\网格\网格实盘新\grid_strategy.py"", line 1415, in _sync_positions_with_broker |     self.pos_book.save_to_csv() |   File ""D:\pythonProject\数据源\src\网格\网格实盘新\position_book.py"", line 265, in save_to_csv |     self._check_and_log_removals(path) | "
2026-04-01 13:35:41,filled状态清理,1775021657206129_98,-74,1.002,100,2026-04-01 13:34:17,2026-04-01,1099020907,,1099021238,filled,1.003,-73
2026-04-01 13:35:41,filled状态清理,1775021663136466_99,-73,1.003,100,2026-04-01 13:34:23,2026-04-01,1099020922,,1099021211,filled,1.004,-72
2026-04-01 13:35:41,1775021663136466_99,-73,1.003,100,1099021211,filled,1.004,-72,"  File ""D:\pythonProject\数据源\src\网格\网格实盘新\grid_strategy.py"", line 627, in on_tick |     self._handle_level_event(current_level, grid_price, current_price) |   File ""D:\pythonProject\数据源\src\网格\网格实盘新\grid_strategy.py"", line 303, in _handle_level_event |     self._sync_positions_with_broker() |   File ""D:\pythonProject\数据源\src\网格\网格实盘新\grid_strategy.py"", line 1415, in _sync_positions_with_broker |     self.pos_book.save_to_csv() |   File ""D:\pythonProject\数据源\src\网格\网格实盘新\position_book.py"", line 265, in save_to_csv |     self._check_and_log_removals(path) | "
2026-04-01 13:35:41,1775021657206129_98,-74,1.002,100,1099021238,filled,1.003,-73,"  File ""D:\pythonProject\数据源\src\网格\网格实盘新\grid_strategy.py"", line 627, in on_tick |     self._handle_level_event(current_level, grid_price, current_price) |   File ""D:\pythonProject\数据源\src\网格\网格实盘新\grid_strategy.py"", line 303, in _handle_level_event |     self._sync_positions_with_broker() |   File ""D:\pythonProject\数据源\src\网格\网格实盘新\grid_strategy.py"", line 1415, in _sync_positions_with_broker |     self.pos_book.save_to_csv() |   File ""D:\pythonProject\数据源\src\网格\网格实盘新\position_book.py"", line 265, in save_to_csv |     self._check_and_log_removals(path) | "
2026-04-01 13:35:59,filled状态清理,1775021738162150_107,-73,1.003,100,2026-04-01 13:35:38,2026-04-01,1099021251,,1099021293,filled,1.004,-72
2026-04-01 13:35:59,1775021738162150_107,-73,1.003,100,1099021293,filled,1.004,-72,"  File ""D:\pythonProject\数据源\src\网格\网格实盘新\grid_strategy.py"", line 627, in on_tick |     self._handle_level_event(current_level, grid_price, current_price) |   File ""D:\pythonProject\数据源\src\网格\网格实盘新\grid_strategy.py"", line 303, in _handle_level_event |     self._sync_positions_with_broker() |   File ""D:\pythonProject\数据源\src\网格\网格实盘新\grid_strategy.py"", line 1415, in _sync_positions_with_broker |     self.pos_book.save_to_csv() |   File ""D:\pythonProject\数据源\src\网格\网格实盘新\position_book.py"", line 265, in save_to_csv |     self._check_and_log_removals(path) | "
2026-04-01 13:36:05,filled状态清理,1775021672138040_100,-72,1.004,100,2026-04-01 13:34:32,2026-04-01,1099020946,,1099021200,filled,1.005,-71
2026-04-01 13:36:05,1775021672138040_100,-72,1.004,100,1099021200,filled,1.005,-71,"  File ""D:\pythonProject\数据源\src\网格\网格实盘新\grid_strategy.py"", line 627, in on_tick |     self._handle_level_event(current_level, grid_price, current_price) |   File ""D:\pythonProject\数据源\src\网格\网格实盘新\grid_strategy.py"", line 303, in _handle_level_event |     self._sync_positions_with_broker() |   File ""D:\pythonProject\数据源\src\网格\网格实盘新\grid_strategy.py"", line 1415, in _sync_positions_with_broker |     self.pos_book.save_to_csv() |   File ""D:\pythonProject\数据源\src\网格\网格实盘新\position_book.py"", line 265, in save_to_csv |     self._check_and_log_removals(path) | "
2026-04-01 13:36:14,filled状态清理,1775021708185007_104,-71,1.005,100,2026-04-01 13:35:08,2026-04-01,1099021107,,1099021189,filled,1.006,-70
2026-04-01 13:36:14,1775021708185007_104,-71,1.005,100,1099021189,filled,1.006,-70,"  File ""D:\pythonProject\数据源\src\网格\网格实盘新\grid_strategy.py"", line 627, in on_tick |     self._handle_level_event(current_level, grid_price, current_price) |   File ""D:\pythonProject\数据源\src\网格\网格实盘新\grid_strategy.py"", line 303, in _handle_level_event |     self._sync_positions_with_broker() |   File ""D:\pythonProject\数据源\src\网格\网格实盘新\grid_strategy.py"", line 1415, in _sync_positions_with_broker |     self.pos_book.save_to_csv() |   File ""D:\pythonProject\数据源\src\网格\网格实盘新\position_book.py"", line 265, in save_to_csv |     self._check_and_log_removals(path) | "
2026-04-01 13:36:20,filled状态清理,1775021708218052_105,-70,1.006,100,2026-04-01 13:35:08,2026-04-01,1099021108,,1099021129,filled,1.007,-69
2026-04-01 13:36:20,1775021708218052_105,-70,1.006,100,1099021129,filled,1.007,-69,"  File ""D:\pythonProject\数据源\src\网格\网格实盘新\grid_strategy.py"", line 627, in on_tick |     self._handle_level_event(current_level, grid_price, current_price) |   File ""D:\pythonProject\数据源\src\网格\网格实盘新\grid_strategy.py"", line 303, in _handle_level_event |     self._sync_positions_with_broker() |   File ""D:\pythonProject\数据源\src\网格\网格实盘新\grid_strategy.py"", line 1415, in _sync_positions_with_broker |     self.pos_book.save_to_csv() |   File ""D:\pythonProject\数据源\src\网格\网格实盘新\position_book.py"", line 265, in save_to_csv |     self._check_and_log_removals(path) | "
2026-04-01 13:36:23,filled状态清理,1775021771105643_110,-71,1.005,100,2026-04-01 13:36:11,2026-04-01,1099021374,,1099021401,filled,1.006,-70
2026-04-01 13:36:23,1775021771105643_110,-71,1.005,100,1099021401,filled,1.006,-70,"  File ""D:\pythonProject\数据源\src\网格\网格实盘新\grid_strategy.py"", line 627, in on_tick |     self._handle_level_event(current_level, grid_price, current_price) |   File ""D:\pythonProject\数据源\src\网格\网格实盘新\grid_strategy.py"", line 303, in _handle_level_event |     self._sync_positions_with_broker() |   File ""D:\pythonProject\数据源\src\网格\网格实盘新\grid_strategy.py"", line 1415, in _sync_positions_with_broker |     self.pos_book.save_to_csv() |   File ""D:\pythonProject\数据源\src\网格\网格实盘新\position_book.py"", line 265, in save_to_csv |     self._check_and_log_removals(path) | "
2026-04-01 13:36:38,filled状态清理,1775021699234649_103,-69,1.007,100,2026-04-01 13:34:59,2026-04-01,1099021058,,1099021072,filled,1.008,-68
2026-04-01 13:36:38,1775021699234649_103,-69,1.007,100,1099021072,filled,1.008,-68,"  File ""D:\pythonProject\数据源\src\网格\网格实盘新\grid_strategy.py"", line 627, in on_tick |     self._handle_level_event(current_level, grid_price, current_price) |   File ""D:\pythonProject\数据源\src\网格\网格实盘新\grid_strategy.py"", line 303, in _handle_level_event |     self._sync_positions_with_broker() |   File ""D:\pythonProject\数据源\src\网格\网格实盘新\grid_strategy.py"", line 1415, in _sync_positions_with_broker |     self.pos_book.save_to_csv() |   File ""D:\pythonProject\数据源\src\网格\网格实盘新\position_book.py"", line 265, in save_to_csv |     self._check_and_log_removals(path) | "
2026-04-01 13:36:47,filled状态清理,1775021459143987_71,-67,1.009,100,2026-04-01 13:30:59,2026-04-01,1099019990,,1099020616,filled,1.01,-66
2026-04-01 13:36:47,1775021459143987_71,-67,1.009,100,1099020616,filled,1.01,-66,"  File ""D:\pythonProject\数据源\src\网格\网格实盘新\grid_strategy.py"", line 627, in on_tick |     self._handle_level_event(current_level, grid_price, current_price) |   File ""D:\pythonProject\数据源\src\网格\网格实盘新\grid_strategy.py"", line 303, in _handle_level_event |     self._sync_positions_with_broker() |   File ""D:\pythonProject\数据源\src\网格\网格实盘新\grid_strategy.py"", line 1415, in _sync_positions_with_broker |     self.pos_book.save_to_csv() |   File ""D:\pythonProject\数据源\src\网格\网格实盘新\position_book.py"", line 265, in save_to_csv |     self._check_and_log_removals(path) | "
2026-04-01 13:36:50,filled状态清理,1775021459175104_72,-66,1.01,100,2026-04-01 13:30:59,2026-04-01,1099019991,,1099020615,filled,1.011,-65
2026-04-01 13:36:50,1775021459175104_72,-66,1.01,100,1099020615,filled,1.011,-65,"  File ""D:\pythonProject\数据源\src\网格\网格实盘新\grid_strategy.py"", line 627, in on_tick |     self._handle_level_event(current_level, grid_price, current_price) |   File ""D:\pythonProject\数据源\src\网格\网格实盘新\grid_strategy.py"", line 303, in _handle_level_event |     self._sync_positions_with_broker() |   File ""D:\pythonProject\数据源\src\网格\网格实盘新\grid_strategy.py"", line 1415, in _sync_positions_with_broker |     self.pos_book.save_to_csv() |   File ""D:\pythonProject\数据源\src\网格\网格实盘新\position_book.py"", line 265, in save_to_csv |     self._check_and_log_removals(path) | "
2026-04-01 13:36:59,filled状态清理,1775021804167628_115,-67,1.009,100,2026-04-01 13:36:44,2026-04-01,1099021512,,1099021542,filled,1.01,-66
2026-04-01 13:36:59,1775021804167628_115,-67,1.009,100,1099021542,filled,1.01,-66,"  File ""D:\pythonProject\数据源\src\网格\网格实盘新\grid_strategy.py"", line 627, in on_tick |     self._handle_level_event(current_level, grid_price, current_price) |   File ""D:\pythonProject\数据源\src\网格\网格实盘新\grid_strategy.py"", line 303, in _handle_level_event |     self._sync_positions_with_broker() |   File ""D:\pythonProject\数据源\src\网格\网格实盘新\grid_strategy.py"", line 1415, in _sync_positions_with_broker |     self.pos_book.save_to_csv() |   File ""D:\pythonProject\数据源\src\网格\网格实盘新\position_book.py"", line 265, in save_to_csv |     self._check_and_log_removals(path) | "
2026-04-01 13:37:08,filled状态清理,1775021459204706_73,-65,1.011,100,2026-04-01 13:30:59,2026-04-01,1099019992,,1099020584,filled,1.012,-64
2026-04-01 13:37:08,filled状态清理,1775021807170613_116,-66,1.01,100,2026-04-01 13:36:47,2026-04-01,1099021523,,1099021532,filled,1.011,-65
2026-04-01 13:37:08,1775021807170613_116,-66,1.01,100,1099021532,filled,1.011,-65,"  File ""D:\pythonProject\数据源\src\网格\网格实盘新\grid_strategy.py"", line 627, in on_tick |     self._handle_level_event(current_level, grid_price, current_price) |   File ""D:\pythonProject\数据源\src\网格\网格实盘新\grid_strategy.py"", line 303, in _handle_level_event |     self._sync_positions_with_broker() |   File ""D:\pythonProject\数据源\src\网格\网格实盘新\grid_strategy.py"", line 1415, in _sync_positions_with_broker |     self.pos_book.save_to_csv() |   File ""D:\pythonProject\数据源\src\网格\网格实盘新\position_book.py"", line 265, in save_to_csv |     self._check_and_log_removals(path) | "
2026-04-01 13:37:08,1775021459204706_73,-65,1.011,100,1099020584,filled,1.012,-64,"  File ""D:\pythonProject\数据源\src\网格\网格实盘新\grid_strategy.py"", line 627, in on_tick |     self._handle_level_event(current_level, grid_price, current_price) |   File ""D:\pythonProject\数据源\src\网格\网格实盘新\grid_strategy.py"", line 303, in _handle_level_event |     self._sync_positions_with_broker() |   File ""D:\pythonProject\数据源\src\网格\网格实盘新\grid_strategy.py"", line 1415, in _sync_positions_with_broker |     self.pos_book.save_to_csv() |   File ""D:\pythonProject\数据源\src\网格\网格实盘新\position_book.py"", line 265, in save_to_csv |     self._check_and_log_removals(path) | "
2026-04-01 13:37:14,filled状态清理,1775021525215658_81,-64,1.012,100,2026-04-01 13:32:05,2026-04-01,1099020355,,1099020550,filled,1.013,-63
2026-04-01 13:37:14,1775021525215658_81,-64,1.012,100,1099020550,filled,1.013,-63,"  File ""D:\pythonProject\数据源\src\网格\网格实盘新\grid_strategy.py"", line 627, in on_tick |     self._handle_level_event(current_level, grid_price, current_price) |   File ""D:\pythonProject\数据源\src\网格\网格实盘新\grid_strategy.py"", line 303, in _handle_level_event |     self._sync_positions_with_broker() |   File ""D:\pythonProject\数据源\src\网格\网格实盘新\grid_strategy.py"", line 1415, in _sync_positions_with_broker |     self.pos_book.save_to_csv() |   File ""D:\pythonProject\数据源\src\网格\网格实盘新\position_book.py"", line 265, in save_to_csv |     self._check_and_log_removals(path) | "
2026-04-01 13:37:23,filled状态清理,1775021828174664_119,-65,1.011,100,2026-04-01 13:37:08,2026-04-01,1099021607,,1099021662,filled,1.012,-64
2026-04-01 13:37:23,1775021828174664_119,-65,1.011,100,1099021662,filled,1.012,-64,"  File ""D:\pythonProject\数据源\src\网格\网格实盘新\grid_strategy.py"", line 627, in on_tick |     self._handle_level_event(current_level, grid_price, current_price) |   File ""D:\pythonProject\数据源\src\网格\网格实盘新\grid_strategy.py"", line 303, in _handle_level_event |     self._sync_positions_with_broker() |   File ""D:\pythonProject\数据源\src\网格\网格实盘新\grid_strategy.py"", line 1415, in _sync_positions_with_broker |     self.pos_book.save_to_csv() |   File ""D:\pythonProject\数据源\src\网格\网格实盘新\position_book.py"", line 265, in save_to_csv |     self._check_and_log_removals(path) | "
2026-04-01 13:37:29,filled状态清理,1775021528218616_82,-63,1.013,100,2026-04-01 13:32:08,2026-04-01,1099020369,,1099020538,filled,1.014,-62
2026-04-01 13:37:29,1775021528218616_82,-63,1.013,100,1099020538,filled,1.014,-62,"  File ""D:\pythonProject\数据源\src\网格\网格实盘新\grid_strategy.py"", line 627, in on_tick |     self._handle_level_event(current_level, grid_price, current_price) |   File ""D:\pythonProject\数据源\src\网格\网格实盘新\grid_strategy.py"", line 303, in _handle_level_event |     self._sync_positions_with_broker() |   File ""D:\pythonProject\数据源\src\网格\网格实盘新\grid_strategy.py"", line 1415, in _sync_positions_with_broker |     self.pos_book.save_to_csv() |   File ""D:\pythonProject\数据源\src\网格\网格实盘新\position_book.py"", line 265, in save_to_csv |     self._check_and_log_removals(path) | "
2026-04-01 13:37:35,filled状态清理,1775021537183513_83,-62,1.014,100,2026-04-01 13:32:17,2026-04-01,1099020432,,1099020478,filled,1.015,-61
2026-04-01 13:37:35,1775021537183513_83,-62,1.014,100,1099020478,filled,1.015,-61,"  File ""D:\pythonProject\数据源\src\网格\网格实盘新\grid_strategy.py"", line 627, in on_tick |     self._handle_level_event(current_level, grid_price, current_price) |   File ""D:\pythonProject\数据源\src\网格\网格实盘新\grid_strategy.py"", line 303, in _handle_level_event |     self._sync_positions_with_broker() |   File ""D:\pythonProject\数据源\src\网格\网格实盘新\grid_strategy.py"", line 1415, in _sync_positions_with_broker |     self.pos_book.save_to_csv() |   File ""D:\pythonProject\数据源\src\网格\网格实盘新\position_book.py"", line 265, in save_to_csv |     self._check_and_log_removals(path) | "
2026-04-01 13:37:38,filled状态清理,1775021483111640_79,-61,1.015,100,2026-04-01 13:31:23,2026-04-01,1099020144,,1099020159,filled,1.016,-60
2026-04-01 13:37:38,1775021483111640_79,-61,1.015,100,1099020159,filled,1.016,-60,"  File ""D:\pythonProject\数据源\src\网格\网格实盘新\grid_strategy.py"", line 627, in on_tick |     self._handle_level_event(current_level, grid_price, current_price) |   File ""D:\pythonProject\数据源\src\网格\网格实盘新\grid_strategy.py"", line 303, in _handle_level_event |     self._sync_positions_with_broker() |   File ""D:\pythonProject\数据源\src\网格\网格实盘新\grid_strategy.py"", line 1415, in _sync_positions_with_broker |     self.pos_book.save_to_csv() |   File ""D:\pythonProject\数据源\src\网格\网格实盘新\position_book.py"", line 265, in save_to_csv |     self._check_and_log_removals(path) | "
2026-04-01 13:37:44,filled状态清理,1775021087193918_43,-60,1.016,100,2026-04-01 13:24:47,2026-04-01,1099018023,,1099019946,filled,1.017,-59
2026-04-01 13:37:44,1775021087193918_43,-60,1.016,100,1099019946,filled,1.017,-59,"  File ""D:\pythonProject\数据源\src\网格\网格实盘新\grid_strategy.py"", line 627, in on_tick |     self._handle_level_event(current_level, grid_price, current_price) |   File ""D:\pythonProject\数据源\src\网格\网格实盘新\grid_strategy.py"", line 303, in _handle_level_event |     self._sync_positions_with_broker() |   File ""D:\pythonProject\数据源\src\网格\网格实盘新\grid_strategy.py"", line 1415, in _sync_positions_with_broker |     self.pos_book.save_to_csv() |   File ""D:\pythonProject\数据源\src\网格\网格实盘新\position_book.py"", line 265, in save_to_csv |     self._check_and_log_removals(path) | "
2026-04-01 13:37:50,filled状态清理,1775021156046010_51,-59,1.017,100,2026-04-01 13:25:56,2026-04-01,1099018323,,1099019925,filled,1.018,-58
2026-04-01 13:37:50,1775021156046010_51,-59,1.017,100,1099019925,filled,1.018,-58,"  File ""D:\pythonProject\数据源\src\网格\网格实盘新\grid_strategy.py"", line 627, in on_tick |     self._handle_level_event(current_level, grid_price, current_price) |   File ""D:\pythonProject\数据源\src\网格\网格实盘新\grid_strategy.py"", line 303, in _handle_level_event |     self._sync_positions_with_broker() |   File ""D:\pythonProject\数据源\src\网格\网格实盘新\grid_strategy.py"", line 1415, in _sync_positions_with_broker |     self.pos_book.save_to_csv() |   File ""D:\pythonProject\数据源\src\网格\网格实盘新\position_book.py"", line 265, in save_to_csv |     self._check_and_log_removals(path) | "
2026-04-01 13:37:53,filled状态清理,1775021159137000_52,-58,1.018,100,2026-04-01 13:25:59,2026-04-01,1099018339,,1099019888,filled,1.019,-57
2026-04-01 13:37:53,1775021159137000_52,-58,1.018,100,1099019888,filled,1.019,-57,"  File ""D:\pythonProject\数据源\src\网格\网格实盘新\grid_strategy.py"", line 627, in on_tick |     self._handle_level_event(current_level, grid_price, current_price) |   File ""D:\pythonProject\数据源\src\网格\网格实盘新\grid_strategy.py"", line 303, in _handle_level_event |     self._sync_positions_with_broker() |   File ""D:\pythonProject\数据源\src\网格\网格实盘新\grid_strategy.py"", line 1415, in _sync_positions_with_broker |     self.pos_book.save_to_csv() |   File ""D:\pythonProject\数据源\src\网格\网格实盘新\position_book.py"", line 265, in save_to_csv |     self._check_and_log_removals(path) | "
2026-04-01 13:38:02,filled状态清理,1775021870168076_126,-59,1.017,100,2026-04-01 13:37:50,2026-04-01,1099021793,,1099021823,filled,1.018,-58
2026-04-01 13:38:02,1775021870168076_126,-59,1.017,100,1099021823,filled,1.018,-58,"  File ""D:\pythonProject\数据源\src\网格\网格实盘新\grid_strategy.py"", line 627, in on_tick |     self._handle_level_event(current_level, grid_price, current_price) |   File ""D:\pythonProject\数据源\src\网格\网格实盘新\grid_strategy.py"", line 303, in _handle_level_event |     self._sync_positions_with_broker() |   File ""D:\pythonProject\数据源\src\网格\网格实盘新\grid_strategy.py"", line 1415, in _sync_positions_with_broker |     self.pos_book.save_to_csv() |   File ""D:\pythonProject\数据源\src\网格\网格实盘新\position_book.py"", line 265, in save_to_csv |     self._check_and_log_removals(path) | "
2026-04-01 13:38:08,filled状态清理,1775021864142667_125,-60,1.016,100,2026-04-01 13:37:44,2026-04-01,1099021771,,1099021843,filled,1.017,-59
2026-04-01 13:38:08,1775021864142667_125,-60,1.016,100,1099021843,filled,1.017,-59,"  File ""D:\pythonProject\数据源\src\网格\网格实盘新\grid_strategy.py"", line 627, in on_tick |     self._handle_level_event(current_level, grid_price, current_price) |   File ""D:\pythonProject\数据源\src\网格\网格实盘新\grid_strategy.py"", line 303, in _handle_level_event |     self._sync_positions_with_broker() |   File ""D:\pythonProject\数据源\src\网格\网格实盘新\grid_strategy.py"", line 1415, in _sync_positions_with_broker |     self.pos_book.save_to_csv() |   File ""D:\pythonProject\数据源\src\网格\网格实盘新\position_book.py"", line 265, in save_to_csv |     self._check_and_log_removals(path) | "
2026-04-01 13:38:38,filled状态清理,1775021852141633_123,-62,1.014,100,2026-04-01 13:37:32,2026-04-01,1099021720,,1099021952,filled,1.015,-61
2026-04-01 13:38:38,1775021852141633_123,-62,1.014,100,1099021952,filled,1.015,-61,"  File ""D:\pythonProject\数据源\src\网格\网格实盘新\grid_strategy.py"", line 627, in on_tick |     self._handle_level_event(current_level, grid_price, current_price) |   File ""D:\pythonProject\数据源\src\网格\网格实盘新\grid_strategy.py"", line 303, in _handle_level_event |     self._sync_positions_with_broker() |   File ""D:\pythonProject\数据源\src\网格\网格实盘新\grid_strategy.py"", line 1415, in _sync_positions_with_broker |     self.pos_book.save_to_csv() |   File ""D:\pythonProject\数据源\src\网格\网格实盘新\position_book.py"", line 265, in save_to_csv |     self._check_and_log_removals(path) | "
2026-04-01 13:38:53,filled状态清理,1775021843194661_121,-65,1.011,100,2026-04-01 13:37:23,2026-04-01,1099021685,,1099022031,filled,1.012,-64
2026-04-01 13:38:53,1775021843194661_121,-65,1.011,100,1099022031,filled,1.012,-64,"  File ""D:\pythonProject\数据源\src\网格\网格实盘新\grid_strategy.py"", line 627, in on_tick |     self._handle_level_event(current_level, grid_price, current_price) |   File ""D:\pythonProject\数据源\src\网格\网格实盘新\grid_strategy.py"", line 303, in _handle_level_event |     self._sync_positions_with_broker() |   File ""D:\pythonProject\数据源\src\网格\网格实盘新\grid_strategy.py"", line 1415, in _sync_positions_with_broker |     self.pos_book.save_to_csv() |   File ""D:\pythonProject\数据源\src\网格\网格实盘新\position_book.py"", line 265, in save_to_csv |     self._check_and_log_removals(path) | "
2026-04-01 13:38:59,filled状态清理,1775021930144748_129,-65,1.011,100,2026-04-01 13:38:50,2026-04-01,1099022042,,1099022051,filled,1.012,-64
2026-04-01 13:38:59,1775021930144748_129,-65,1.011,100,1099022051,filled,1.012,-64,"  File ""D:\pythonProject\数据源\src\网格\网格实盘新\grid_strategy.py"", line 627, in on_tick |     self._handle_level_event(current_level, grid_price, current_price) |   File ""D:\pythonProject\数据源\src\网格\网格实盘新\grid_strategy.py"", line 303, in _handle_level_event |     self._sync_positions_with_broker() |   File ""D:\pythonProject\数据源\src\网格\网格实盘新\grid_strategy.py"", line 1415, in _sync_positions_with_broker |     self.pos_book.save_to_csv() |   File ""D:\pythonProject\数据源\src\网格\网格实盘新\position_book.py"", line 265, in save_to_csv |     self._check_and_log_removals(path) | "
2026-04-01 13:39:05,filled状态清理,1775021816172461_117,-67,1.009,100,2026-04-01 13:36:56,2026-04-01,1099021555,,1099022068,filled,1.01,-66
2026-04-01 13:39:05,1775021816172461_117,-67,1.009,100,1099022068,filled,1.01,-66,"  File ""D:\pythonProject\数据源\src\网格\网格实盘新\grid_strategy.py"", line 627, in on_tick |     self._handle_level_event(current_level, grid_price, current_price) |   File ""D:\pythonProject\数据源\src\网格\网格实盘新\grid_strategy.py"", line 303, in _handle_level_event |     self._sync_positions_with_broker() |   File ""D:\pythonProject\数据源\src\网格\网格实盘新\grid_strategy.py"", line 1415, in _sync_positions_with_broker |     self.pos_book.save_to_csv() |   File ""D:\pythonProject\数据源\src\网格\网格实盘新\position_book.py"", line 265, in save_to_csv |     self._check_and_log_removals(path) | "
2026-04-01 13:39:08,filled状态清理,1775021825175198_118,-66,1.01,100,2026-04-01 13:37:05,2026-04-01,1099021588,,1099022067,filled,1.011,-65
2026-04-01 13:39:08,1775021825175198_118,-66,1.01,100,1099022067,filled,1.011,-65,"  File ""D:\pythonProject\数据源\src\网格\网格实盘新\grid_strategy.py"", line 627, in on_tick |     self._handle_level_event(current_level, grid_price, current_price) |   File ""D:\pythonProject\数据源\src\网格\网格实盘新\grid_strategy.py"", line 303, in _handle_level_event |     self._sync_positions_with_broker() |   File ""D:\pythonProject\数据源\src\网格\网格实盘新\grid_strategy.py"", line 1415, in _sync_positions_with_broker |     self.pos_book.save_to_csv() |   File ""D:\pythonProject\数据源\src\网格\网格实盘新\position_book.py"", line 265, in save_to_csv |     self._check_and_log_removals(path) | "
2026-04-01 13:39:20,filled状态清理,1775021840165272_120,-64,1.012,100,2026-04-01 13:37:20,2026-04-01,1099021677,,1099022017,filled,1.013,-63
2026-04-01 13:39:20,1775021840165272_120,-64,1.012,100,1099022017,filled,1.013,-63,"  File ""D:\pythonProject\数据源\src\网格\网格实盘新\grid_strategy.py"", line 627, in on_tick |     self._handle_level_event(current_level, grid_price, current_price) |   File ""D:\pythonProject\数据源\src\网格\网格实盘新\grid_strategy.py"", line 303, in _handle_level_event |     self._sync_positions_with_broker() |   File ""D:\pythonProject\数据源\src\网格\网格实盘新\grid_strategy.py"", line 1415, in _sync_positions_with_broker |     self.pos_book.save_to_csv() |   File ""D:\pythonProject\数据源\src\网格\网格实盘新\position_book.py"", line 265, in save_to_csv |     self._check_and_log_removals(path) | "
2026-04-01 13:39:23,filled状态清理,1775021846142770_122,-63,1.013,100,2026-04-01 13:37:26,2026-04-01,1099021694,,1099021989,filled,1.014,-62
2026-04-01 13:39:23,1775021846142770_122,-63,1.013,100,1099021989,filled,1.014,-62,"  File ""D:\pythonProject\数据源\src\网格\网格实盘新\grid_strategy.py"", line 627, in on_tick |     self._handle_level_event(current_level, grid_price, current_price) |   File ""D:\pythonProject\数据源\src\网格\网格实盘新\grid_strategy.py"", line 303, in _handle_level_event |     self._sync_positions_with_broker() |   File ""D:\pythonProject\数据源\src\网格\网格实盘新\grid_strategy.py"", line 1415, in _sync_positions_with_broker |     self.pos_book.save_to_csv() |   File ""D:\pythonProject\数据源\src\网格\网格实盘新\position_book.py"", line 265, in save_to_csv |     self._check_and_log_removals(path) | "
2026-04-01 13:39:32,filled状态清理,1775021960124726_134,-63,1.013,100,2026-04-01 13:39:20,2026-04-01,1099022165,,1099022174,filled,1.014,-62
2026-04-01 13:39:32,1775021960124726_134,-63,1.013,100,1099022174,filled,1.014,-62,"  File ""D:\pythonProject\数据源\src\网格\网格实盘新\grid_strategy.py"", line 627, in on_tick |     self._handle_level_event(current_level, grid_price, current_price) |   File ""D:\pythonProject\数据源\src\网格\网格实盘新\grid_strategy.py"", line 303, in _handle_level_event |     self._sync_positions_with_broker() |   File ""D:\pythonProject\数据源\src\网格\网格实盘新\grid_strategy.py"", line 1415, in _sync_positions_with_broker |     self.pos_book.save_to_csv() |   File ""D:\pythonProject\数据源\src\网格\网格实盘新\position_book.py"", line 265, in save_to_csv |     self._check_and_log_removals(path) | "
2026-04-01 13:40:05,filled状态清理,1775021954192944_132,-65,1.011,100,2026-04-01 13:39:14,2026-04-01,1099022142,,1099022311,filled,1.012,-64
2026-04-01 13:40:05,1775021954192944_132,-65,1.011,100,1099022311,filled,1.012,-64,"  File ""D:\pythonProject\数据源\src\网格\网格实盘新\grid_strategy.py"", line 627, in on_tick |     self._handle_level_event(current_level, grid_price, current_price) |   File ""D:\pythonProject\数据源\src\网格\网格实盘新\grid_strategy.py"", line 303, in _handle_level_event |     self._sync_positions_with_broker() |   File ""D:\pythonProject\数据源\src\网格\网格实盘新\grid_strategy.py"", line 1415, in _sync_positions_with_broker |     self.pos_book.save_to_csv() |   File ""D:\pythonProject\数据源\src\网格\网格实盘新\position_book.py"", line 265, in save_to_csv |     self._check_and_log_removals(path) | "
2026-04-01 13:40:11,filled状态清理,1775021957146997_133,-64,1.012,100,2026-04-01 13:39:17,2026-04-01,1099022152,,1099022257,filled,1.013,-63
2026-04-01 13:40:11,1775021957146997_133,-64,1.012,100,1099022257,filled,1.013,-63,"  File ""D:\pythonProject\数据源\src\网格\网格实盘新\grid_strategy.py"", line 627, in on_tick |     self._handle_level_event(current_level, grid_price, current_price) |   File ""D:\pythonProject\数据源\src\网格\网格实盘新\grid_strategy.py"", line 303, in _handle_level_event |     self._sync_positions_with_broker() |   File ""D:\pythonProject\数据源\src\网格\网格实盘新\grid_strategy.py"", line 1415, in _sync_positions_with_broker |     self.pos_book.save_to_csv() |   File ""D:\pythonProject\数据源\src\网格\网格实盘新\position_book.py"", line 265, in save_to_csv |     self._check_and_log_removals(path) | "
2026-04-01 13:40:20,filled状态清理,1775022008207067_136,-64,1.012,100,2026-04-01 13:40:08,2026-04-01,1099022389,,1099022452,filled,1.013,-63
2026-04-01 13:40:20,1775022008207067_136,-64,1.012,100,1099022452,filled,1.013,-63,"  File ""D:\pythonProject\数据源\src\网格\网格实盘新\grid_strategy.py"", line 627, in on_tick |     self._handle_level_event(current_level, grid_price, current_price) |   File ""D:\pythonProject\数据源\src\网格\网格实盘新\grid_strategy.py"", line 303, in _handle_level_event |     self._sync_positions_with_broker() |   File ""D:\pythonProject\数据源\src\网格\网格实盘新\grid_strategy.py"", line 1415, in _sync_positions_with_broker |     self.pos_book.save_to_csv() |   File ""D:\pythonProject\数据源\src\网格\网格实盘新\position_book.py"", line 265, in save_to_csv |     self._check_and_log_removals(path) | "
2026-04-01 13:40:23,filled状态清理,1775022008242043_137,-63,1.013,100,2026-04-01 13:40:08,2026-04-01,1099022390,,1099022422,filled,1.014,-62
2026-04-01 13:40:23,1775022008242043_137,-63,1.013,100,1099022422,filled,1.014,-62,"  File ""D:\pythonProject\数据源\src\网格\网格实盘新\grid_strategy.py"", line 627, in on_tick |     self._handle_level_event(current_level, grid_price, current_price) |   File ""D:\pythonProject\数据源\src\网格\网格实盘新\grid_strategy.py"", line 303, in _handle_level_event |     self._sync_positions_with_broker() |   File ""D:\pythonProject\数据源\src\网格\网格实盘新\grid_strategy.py"", line 1415, in _sync_positions_with_broker |     self.pos_book.save_to_csv() |   File ""D:\pythonProject\数据源\src\网格\网格实盘新\position_book.py"", line 265, in save_to_csv |     self._check_and_log_removals(path) | "
2026-04-01 13:40:38,filled状态清理,1775022020170991_139,-63,1.013,100,2026-04-01 13:40:20,2026-04-01,1099022497,,1099022533,filled,1.014,-62
2026-04-01 13:40:38,1775022020170991_139,-63,1.013,100,1099022533,filled,1.014,-62,"  File ""D:\pythonProject\数据源\src\网格\网格实盘新\grid_strategy.py"", line 627, in on_tick |     self._handle_level_event(current_level, grid_price, current_price) |   File ""D:\pythonProject\数据源\src\网格\网格实盘新\grid_strategy.py"", line 303, in _handle_level_event |     self._sync_positions_with_broker() |   File ""D:\pythonProject\数据源\src\网格\网格实盘新\grid_strategy.py"", line 1415, in _sync_positions_with_broker |     self.pos_book.save_to_csv() |   File ""D:\pythonProject\数据源\src\网格\网格实盘新\position_book.py"", line 265, in save_to_csv |     self._check_and_log_removals(path) | "
2026-04-01 13:41:08,filled状态清理,1775021948204309_131,-66,1.01,100,2026-04-01 13:39:08,2026-04-01,1099022111,,1099022671,filled,1.011,-65
2026-04-01 13:41:08,1775021948204309_131,-66,1.01,100,1099022671,filled,1.011,-65,"  File ""D:\pythonProject\数据源\src\网格\网格实盘新\grid_strategy.py"", line 627, in on_tick |     self._handle_level_event(current_level, grid_price, current_price) |   File ""D:\pythonProject\数据源\src\网格\网格实盘新\grid_strategy.py"", line 303, in _handle_level_event |     self._sync_positions_with_broker() |   File ""D:\pythonProject\数据源\src\网格\网格实盘新\grid_strategy.py"", line 1415, in _sync_positions_with_broker |     self.pos_book.save_to_csv() |   File ""D:\pythonProject\数据源\src\网格\网格实盘新\position_book.py"", line 265, in save_to_csv |     self._check_and_log_removals(path) | "
2026-04-01 13:41:26,filled状态清理,1775021801159683_114,-68,1.008,100,2026-04-01 13:36:41,2026-04-01,1099021497,,1099022731,filled,1.009,-67
2026-04-01 13:41:26,1775021801159683_114,-68,1.008,100,1099022731,filled,1.009,-67,"  File ""D:\pythonProject\数据源\src\网格\网格实盘新\grid_strategy.py"", line 627, in on_tick |     self._handle_level_event(current_level, grid_price, current_price) |   File ""D:\pythonProject\数据源\src\网格\网格实盘新\grid_strategy.py"", line 303, in _handle_level_event |     self._sync_positions_with_broker() |   File ""D:\pythonProject\数据源\src\网格\网格实盘新\grid_strategy.py"", line 1415, in _sync_positions_with_broker |     self.pos_book.save_to_csv() |   File ""D:\pythonProject\数据源\src\网格\网格实盘新\position_book.py"", line 265, in save_to_csv |     self._check_and_log_removals(path) | "
2026-04-01 13:41:32,filled状态清理,1775021795150664_113,-69,1.007,100,2026-04-01 13:36:35,2026-04-01,1099021465,,1099022765,filled,1.008,-68
2026-04-01 13:41:32,1775021795150664_113,-69,1.007,100,1099022765,filled,1.008,-68,"  File ""D:\pythonProject\数据源\src\网格\网格实盘新\grid_strategy.py"", line 627, in on_tick |     self._handle_level_event(current_level, grid_price, current_price) |   File ""D:\pythonProject\数据源\src\网格\网格实盘新\grid_strategy.py"", line 303, in _handle_level_event |     self._sync_positions_with_broker() |   File ""D:\pythonProject\数据源\src\网格\网格实盘新\grid_strategy.py"", line 1415, in _sync_positions_with_broker |     self.pos_book.save_to_csv() |   File ""D:\pythonProject\数据源\src\网格\网格实盘新\position_book.py"", line 265, in save_to_csv |     self._check_and_log_removals(path) | "
2026-04-01 13:41:59,filled状态清理,1775022089112176_141,-69,1.007,100,2026-04-01 13:41:29,2026-04-01,1099022778,,1099022865,filled,1.008,-68
2026-04-01 13:41:59,1775022089112176_141,-69,1.007,100,1099022865,filled,1.008,-68,"  File ""D:\pythonProject\数据源\src\网格\网格实盘新\grid_strategy.py"", line 627, in on_tick |     self._handle_level_event(current_level, grid_price, current_price) |   File ""D:\pythonProject\数据源\src\网格\网格实盘新\grid_strategy.py"", line 303, in _handle_level_event |     self._sync_positions_with_broker() |   File ""D:\pythonProject\数据源\src\网格\网格实盘新\grid_strategy.py"", line 1415, in _sync_positions_with_broker |     self.pos_book.save_to_csv() |   File ""D:\pythonProject\数据源\src\网格\网格实盘新\position_book.py"", line 265, in save_to_csv |     self._check_and_log_removals(path) | "
2026-04-01 13:42:20,filled状态清理,1775021792173637_111,-70,1.006,100,2026-04-01 13:36:32,2026-04-01,1099021453,,1099022935,filled,1.007,-69
2026-04-01 13:42:20,1775021792173637_111,-70,1.006,100,1099022935,filled,1.007,-69,"  File ""D:\pythonProject\数据源\src\网格\网格实盘新\grid_strategy.py"", line 627, in on_tick |     self._handle_level_event(current_level, grid_price, current_price) |   File ""D:\pythonProject\数据源\src\网格\网格实盘新\grid_strategy.py"", line 303, in _handle_level_event |     self._sync_positions_with_broker() |   File ""D:\pythonProject\数据源\src\网格\网格实盘新\grid_strategy.py"", line 1415, in _sync_positions_with_broker |     self.pos_book.save_to_csv() |   File ""D:\pythonProject\数据源\src\网格\网格实盘新\position_book.py"", line 265, in save_to_csv |     self._check_and_log_removals(path) | "
2026-04-01 13:42:26,filled状态清理,1775022116146617_143,-69,1.007,100,2026-04-01 13:41:56,2026-04-01,1099022882,,1099022904,filled,1.008,-68
2026-04-01 13:42:26,1775022116146617_143,-69,1.007,100,1099022904,filled,1.008,-68,"  File ""D:\pythonProject\数据源\src\网格\网格实盘新\grid_strategy.py"", line 627, in on_tick |     self._handle_level_event(current_level, grid_price, current_price) |   File ""D:\pythonProject\数据源\src\网格\网格实盘新\grid_strategy.py"", line 303, in _handle_level_event |     self._sync_positions_with_broker() |   File ""D:\pythonProject\数据源\src\网格\网格实盘新\grid_strategy.py"", line 1415, in _sync_positions_with_broker |     self.pos_book.save_to_csv() |   File ""D:\pythonProject\数据源\src\网格\网格实盘新\position_book.py"", line 265, in save_to_csv |     self._check_and_log_removals(path) | "
2026-04-01 13:42:35,filled状态清理,1775022137159848_144,-70,1.006,100,2026-04-01 13:42:17,2026-04-01,1099022962,,1099023010,filled,1.007,-69
2026-04-01 13:42:35,1775022137159848_144,-70,1.006,100,1099023010,filled,1.007,-69,"  File ""D:\pythonProject\数据源\src\网格\网格实盘新\grid_strategy.py"", line 627, in on_tick |     self._handle_level_event(current_level, grid_price, current_price) |   File ""D:\pythonProject\数据源\src\网格\网格实盘新\grid_strategy.py"", line 303, in _handle_level_event |     self._sync_positions_with_broker() |   File ""D:\pythonProject\数据源\src\网格\网格实盘新\grid_strategy.py"", line 1415, in _sync_positions_with_broker |     self.pos_book.save_to_csv() |   File ""D:\pythonProject\数据源\src\网格\网格实盘新\position_book.py"", line 265, in save_to_csv |     self._check_and_log_removals(path) | "
2026-04-01 13:42:47,filled状态清理,1775022089144667_142,-68,1.008,100,2026-04-01 13:41:29,2026-04-01,1099022779,,1099022831,filled,1.009,-67
2026-04-01 13:42:47,1775022089144667_142,-68,1.008,100,1099022831,filled,1.009,-67,"  File ""D:\pythonProject\数据源\src\网格\网格实盘新\grid_strategy.py"", line 627, in on_tick |     self._handle_level_event(current_level, grid_price, current_price) |   File ""D:\pythonProject\数据源\src\网格\网格实盘新\grid_strategy.py"", line 303, in _handle_level_event |     self._sync_positions_with_broker() |   File ""D:\pythonProject\数据源\src\网格\网格实盘新\grid_strategy.py"", line 1415, in _sync_positions_with_broker |     self.pos_book.save_to_csv() |   File ""D:\pythonProject\数据源\src\网格\网格实盘新\position_book.py"", line 265, in save_to_csv |     self._check_and_log_removals(path) | "
2026-04-01 13:42:59,filled状态清理,1775022164165434_147,-68,1.008,100,2026-04-01 13:42:44,2026-04-01,1099023076,,1099023096,filled,1.009,-67
2026-04-01 13:42:59,1775022164165434_147,-68,1.008,100,1099023096,filled,1.009,-67,"  File ""D:\pythonProject\数据源\src\网格\网格实盘新\grid_strategy.py"", line 627, in on_tick |     self._handle_level_event(current_level, grid_price, current_price) |   File ""D:\pythonProject\数据源\src\网格\网格实盘新\grid_strategy.py"", line 303, in _handle_level_event |     self._sync_positions_with_broker() |   File ""D:\pythonProject\数据源\src\网格\网格实盘新\grid_strategy.py"", line 1415, in _sync_positions_with_broker |     self.pos_book.save_to_csv() |   File ""D:\pythonProject\数据源\src\网格\网格实盘新\position_book.py"", line 265, in save_to_csv |     self._check_and_log_removals(path) | "
2026-04-01 13:43:02,filled状态清理,1775021942114290_130,-67,1.009,100,2026-04-01 13:39:02,2026-04-01,1099022082,,1099022716,filled,1.01,-66
2026-04-01 13:43:02,1775021942114290_130,-67,1.009,100,1099022716,filled,1.01,-66,"  File ""D:\pythonProject\数据源\src\网格\网格实盘新\grid_strategy.py"", line 627, in on_tick |     self._handle_level_event(current_level, grid_price, current_price) |   File ""D:\pythonProject\数据源\src\网格\网格实盘新\grid_strategy.py"", line 303, in _handle_level_event |     self._sync_positions_with_broker() |   File ""D:\pythonProject\数据源\src\网格\网格实盘新\grid_strategy.py"", line 1415, in _sync_positions_with_broker |     self.pos_book.save_to_csv() |   File ""D:\pythonProject\数据源\src\网格\网格实盘新\position_book.py"", line 265, in save_to_csv |     self._check_and_log_removals(path) | "
2026-04-01 13:43:08,filled状态清理,1775022065144009_140,-66,1.01,100,2026-04-01 13:41:05,2026-04-01,1099022684,,1099022700,filled,1.011,-65
2026-04-01 13:43:08,1775022065144009_140,-66,1.01,100,1099022700,filled,1.011,-65,"  File ""D:\pythonProject\数据源\src\网格\网格实盘新\grid_strategy.py"", line 627, in on_tick |     self._handle_level_event(current_level, grid_price, current_price) |   File ""D:\pythonProject\数据源\src\网格\网格实盘新\grid_strategy.py"", line 303, in _handle_level_event |     self._sync_positions_with_broker() |   File ""D:\pythonProject\数据源\src\网格\网格实盘新\grid_strategy.py"", line 1415, in _sync_positions_with_broker |     self.pos_book.save_to_csv() |   File ""D:\pythonProject\数据源\src\网格\网格实盘新\position_book.py"", line 265, in save_to_csv |     self._check_and_log_removals(path) | "
2026-04-01 13:44:14,filled状态清理,1775022158158971_145,-69,1.007,100,2026-04-01 13:42:38,2026-04-01,1099023047,,1099023388,filled,1.008,-68
2026-04-01 13:44:14,1775022158158971_145,-69,1.007,100,1099023388,filled,1.008,-68,"  File ""D:\pythonProject\数据源\src\网格\网格实盘新\grid_strategy.py"", line 627, in on_tick |     self._handle_level_event(current_level, grid_price, current_price) |   File ""D:\pythonProject\数据源\src\网格\网格实盘新\grid_strategy.py"", line 303, in _handle_level_event |     self._sync_positions_with_broker() |   File ""D:\pythonProject\数据源\src\网格\网格实盘新\grid_strategy.py"", line 1415, in _sync_positions_with_broker |     self.pos_book.save_to_csv() |   File ""D:\pythonProject\数据源\src\网格\网格实盘新\position_book.py"", line 265, in save_to_csv |     self._check_and_log_removals(path) | "
2026-04-01 13:44:20,filled状态清理,1775022188130146_149,-68,1.008,100,2026-04-01 13:43:08,2026-04-01,1099023182,,1099023357,filled,1.009,-67
2026-04-01 13:44:20,1775022188130146_149,-68,1.008,100,1099023357,filled,1.009,-67,"  File ""D:\pythonProject\数据源\src\网格\网格实盘新\grid_strategy.py"", line 627, in on_tick |     self._handle_level_event(current_level, grid_price, current_price) |   File ""D:\pythonProject\数据源\src\网格\网格实盘新\grid_strategy.py"", line 303, in _handle_level_event |     self._sync_positions_with_broker() |   File ""D:\pythonProject\数据源\src\网格\网格实盘新\grid_strategy.py"", line 1415, in _sync_positions_with_broker |     self.pos_book.save_to_csv() |   File ""D:\pythonProject\数据源\src\网格\网格实盘新\position_book.py"", line 265, in save_to_csv |     self._check_and_log_removals(path) | "
2026-04-01 13:44:32,filled状态清理,1775022185182606_148,-67,1.009,100,2026-04-01 13:43:05,2026-04-01,1099023164,,1099023329,filled,1.01,-66
2026-04-01 13:44:32,1775022185182606_148,-67,1.009,100,1099023329,filled,1.01,-66,"  File ""D:\pythonProject\数据源\src\网格\网格实盘新\grid_strategy.py"", line 627, in on_tick |     self._handle_level_event(current_level, grid_price, current_price) |   File ""D:\pythonProject\数据源\src\网格\网格实盘新\grid_strategy.py"", line 303, in _handle_level_event |     self._sync_positions_with_broker() |   File ""D:\pythonProject\数据源\src\网格\网格实盘新\grid_strategy.py"", line 1415, in _sync_positions_with_broker |     self.pos_book.save_to_csv() |   File ""D:\pythonProject\数据源\src\网格\网格实盘新\position_book.py"", line 265, in save_to_csv |     self._check_and_log_removals(path) | "
2026-04-01 13:44:38,filled状态清理,1775022188170657_150,-66,1.01,100,2026-04-01 13:43:08,2026-04-01,1099023183,,1099023219,filled,1.011,-65
2026-04-01 13:44:38,1775022188170657_150,-66,1.01,100,1099023219,filled,1.011,-65,"  File ""D:\pythonProject\数据源\src\网格\网格实盘新\grid_strategy.py"", line 627, in on_tick |     self._handle_level_event(current_level, grid_price, current_price) |   File ""D:\pythonProject\数据源\src\网格\网格实盘新\grid_strategy.py"", line 303, in _handle_level_event |     self._sync_positions_with_broker() |   File ""D:\pythonProject\数据源\src\网格\网格实盘新\grid_strategy.py"", line 1415, in _sync_positions_with_broker |     self.pos_book.save_to_csv() |   File ""D:\pythonProject\数据源\src\网格\网格实盘新\position_book.py"", line 265, in save_to_csv |     self._check_and_log_removals(path) | "
2026-04-01 13:44:50,filled状态清理,1775022257162622_152,-68,1.008,100,2026-04-01 13:44:17,2026-04-01,1099023463,,1099023557,filled,1.009,-67
2026-04-01 13:44:50,1775022257162622_152,-68,1.008,100,1099023557,filled,1.009,-67,"  File ""D:\pythonProject\数据源\src\网格\网格实盘新\grid_strategy.py"", line 627, in on_tick |     self._handle_level_event(current_level, grid_price, current_price) |   File ""D:\pythonProject\数据源\src\网格\网格实盘新\grid_strategy.py"", line 303, in _handle_level_event |     self._sync_positions_with_broker() |   File ""D:\pythonProject\数据源\src\网格\网格实盘新\grid_strategy.py"", line 1415, in _sync_positions_with_broker |     self.pos_book.save_to_csv() |   File ""D:\pythonProject\数据源\src\网格\网格实盘新\position_book.py"", line 265, in save_to_csv |     self._check_and_log_removals(path) | "
2026-04-01 13:45:02,filled状态清理,1775022269138566_153,-67,1.009,100,2026-04-01 13:44:29,2026-04-01,1099023500,,1099023548,filled,1.01,-66
2026-04-01 13:45:02,1775022269138566_153,-67,1.009,100,1099023548,filled,1.01,-66,"  File ""D:\pythonProject\数据源\src\网格\网格实盘新\grid_strategy.py"", line 627, in on_tick |     self._handle_level_event(current_level, grid_price, current_price) |   File ""D:\pythonProject\数据源\src\网格\网格实盘新\grid_strategy.py"", line 303, in _handle_level_event |     self._sync_positions_with_broker() |   File ""D:\pythonProject\数据源\src\网格\网格实盘新\grid_strategy.py"", line 1415, in _sync_positions_with_broker |     self.pos_book.save_to_csv() |   File ""D:\pythonProject\数据源\src\网格\网格实盘新\position_book.py"", line 265, in save_to_csv |     self._check_and_log_removals(path) | "
2026-04-01 13:45:14,filled状态清理,1775022002206140_135,-65,1.011,100,2026-04-01 13:40:02,2026-04-01,1099022331,,1099022650,filled,1.012,-64
2026-04-01 13:45:14,1775022002206140_135,-65,1.011,100,1099022650,filled,1.012,-64,"  File ""D:\pythonProject\数据源\src\网格\网格实盘新\grid_strategy.py"", line 627, in on_tick |     self._handle_level_event(current_level, grid_price, current_price) |   File ""D:\pythonProject\数据源\src\网格\网格实盘新\grid_strategy.py"", line 303, in _handle_level_event |     self._sync_positions_with_broker() |   File ""D:\pythonProject\数据源\src\网格\网格实盘新\grid_strategy.py"", line 1415, in _sync_positions_with_broker |     self.pos_book.save_to_csv() |   File ""D:\pythonProject\数据源\src\网格\网格实盘新\position_book.py"", line 265, in save_to_csv |     self._check_and_log_removals(path) | "
2026-04-01 13:45:26,filled状态清理,1775022302159675_156,-66,1.01,100,2026-04-01 13:45:02,2026-04-01,1099023628,,1099023706,filled,1.011,-65
2026-04-01 13:45:26,1775022302159675_156,-66,1.01,100,1099023706,filled,1.011,-65,"  File ""D:\pythonProject\数据源\src\网格\网格实盘新\grid_strategy.py"", line 627, in on_tick |     self._handle_level_event(current_level, grid_price, current_price) |   File ""D:\pythonProject\数据源\src\网格\网格实盘新\grid_strategy.py"", line 303, in _handle_level_event |     self._sync_positions_with_broker() |   File ""D:\pythonProject\数据源\src\网格\网格实盘新\grid_strategy.py"", line 1415, in _sync_positions_with_broker |     self.pos_book.save_to_csv() |   File ""D:\pythonProject\数据源\src\网格\网格实盘新\position_book.py"", line 265, in save_to_csv |     self._check_and_log_removals(path) | "
2026-04-01 13:45:50,filled状态清理,1775022299167916_155,-67,1.009,100,2026-04-01 13:44:59,2026-04-01,1099023610,,1099023786,filled,1.01,-66
2026-04-01 13:45:50,1775022299167916_155,-67,1.009,100,1099023786,filled,1.01,-66,"  File ""D:\pythonProject\数据源\src\网格\网格实盘新\grid_strategy.py"", line 627, in on_tick |     self._handle_level_event(current_level, grid_price, current_price) |   File ""D:\pythonProject\数据源\src\网格\网格实盘新\grid_strategy.py"", line 303, in _handle_level_event |     self._sync_positions_with_broker() |   File ""D:\pythonProject\数据源\src\网格\网格实盘新\grid_strategy.py"", line 1415, in _sync_positions_with_broker |     self.pos_book.save_to_csv() |   File ""D:\pythonProject\数据源\src\网格\网格实盘新\position_book.py"", line 265, in save_to_csv |     self._check_and_log_removals(path) | "
2026-04-01 13:46:11,filled状态清理,1775022347192644_158,-66,1.01,100,2026-04-01 13:45:47,2026-04-01,1099023826,,1099023846,filled,1.011,-65
2026-04-01 13:46:11,1775022347192644_158,-66,1.01,100,1099023846,filled,1.011,-65,"  File ""D:\pythonProject\数据源\src\网格\网格实盘新\grid_strategy.py"", line 627, in on_tick |     self._handle_level_event(current_level, grid_price, current_price) |   File ""D:\pythonProject\数据源\src\网格\网格实盘新\grid_strategy.py"", line 303, in _handle_level_event |     self._sync_positions_with_broker() |   File ""D:\pythonProject\数据源\src\网格\网格实盘新\grid_strategy.py"", line 1415, in _sync_positions_with_broker |     self.pos_book.save_to_csv() |   File ""D:\pythonProject\数据源\src\网格\网格实盘新\position_book.py"", line 265, in save_to_csv |     self._check_and_log_removals(path) | "
2026-04-01 13:46:29,filled状态清理,1775022371194602_159,-65,1.011,100,2026-04-01 13:46:11,2026-04-01,1099023921,,1099023956,filled,1.012,-64
2026-04-01 13:46:29,1775022371194602_159,-65,1.011,100,1099023956,filled,1.012,-64,"  File ""D:\pythonProject\数据源\src\网格\网格实盘新\grid_strategy.py"", line 627, in on_tick |     self._handle_level_event(current_level, grid_price, current_price) |   File ""D:\pythonProject\数据源\src\网格\网格实盘新\grid_strategy.py"", line 303, in _handle_level_event |     self._sync_positions_with_broker() |   File ""D:\pythonProject\数据源\src\网格\网格实盘新\grid_strategy.py"", line 1415, in _sync_positions_with_broker |     self.pos_book.save_to_csv() |   File ""D:\pythonProject\数据源\src\网格\网格实盘新\position_book.py"", line 265, in save_to_csv |     self._check_and_log_removals(path) | "
2026-04-01 13:46:50,filled状态清理,1775022017175185_138,-64,1.012,100,2026-04-01 13:40:17,2026-04-01,1099022479,,1099022627,filled,1.013,-63
2026-04-01 13:46:50,filled状态清理,1775022386222120_161,-65,1.011,100,2026-04-01 13:46:26,2026-04-01,1099023984,,1099024031,filled,1.012,-64
2026-04-01 13:46:50,1775022017175185_138,-64,1.012,100,1099022627,filled,1.013,-63,"  File ""D:\pythonProject\数据源\src\网格\网格实盘新\grid_strategy.py"", line 627, in on_tick |     self._handle_level_event(current_level, grid_price, current_price) |   File ""D:\pythonProject\数据源\src\网格\网格实盘新\grid_strategy.py"", line 303, in _handle_level_event |     self._sync_positions_with_broker() |   File ""D:\pythonProject\数据源\src\网格\网格实盘新\grid_strategy.py"", line 1415, in _sync_positions_with_broker |     self.pos_book.save_to_csv() |   File ""D:\pythonProject\数据源\src\网格\网格实盘新\position_book.py"", line 265, in save_to_csv |     self._check_and_log_removals(path) | "
2026-04-01 13:46:50,1775022386222120_161,-65,1.011,100,1099024031,filled,1.012,-64,"  File ""D:\pythonProject\数据源\src\网格\网格实盘新\grid_strategy.py"", line 627, in on_tick |     self._handle_level_event(current_level, grid_price, current_price) |   File ""D:\pythonProject\数据源\src\网格\网格实盘新\grid_strategy.py"", line 303, in _handle_level_event |     self._sync_positions_with_broker() |   File ""D:\pythonProject\数据源\src\网格\网格实盘新\grid_strategy.py"", line 1415, in _sync_positions_with_broker |     self.pos_book.save_to_csv() |   File ""D:\pythonProject\数据源\src\网格\网格实盘新\position_book.py"", line 265, in save_to_csv |     self._check_and_log_removals(path) | "
2026-04-01 13:47:20,filled状态清理,1775022374216575_160,-66,1.01,100,2026-04-01 13:46:14,2026-04-01,1099023933,,1099024120,filled,1.011,-65
2026-04-01 13:47:20,1775022374216575_160,-66,1.01,100,1099024120,filled,1.011,-65,"  File ""D:\pythonProject\数据源\src\网格\网格实盘新\grid_strategy.py"", line 627, in on_tick |     self._handle_level_event(current_level, grid_price, current_price) |   File ""D:\pythonProject\数据源\src\网格\网格实盘新\grid_strategy.py"", line 303, in _handle_level_event |     self._sync_positions_with_broker() |   File ""D:\pythonProject\数据源\src\网格\网格实盘新\grid_strategy.py"", line 1415, in _sync_positions_with_broker |     self.pos_book.save_to_csv() |   File ""D:\pythonProject\数据源\src\网格\网格实盘新\position_book.py"", line 265, in save_to_csv |     self._check_and_log_removals(path) | "
2026-04-01 13:47:41,filled状态清理,1775022413189628_163,-65,1.011,100,2026-04-01 13:46:53,2026-04-01,1099024077,,1099024093,filled,1.012,-64
2026-04-01 13:47:41,1775022413189628_163,-65,1.011,100,1099024093,filled,1.012,-64,"  File ""D:\pythonProject\数据源\src\网格\网格实盘新\grid_strategy.py"", line 627, in on_tick |     self._handle_level_event(current_level, grid_price, current_price) |   File ""D:\pythonProject\数据源\src\网格\网格实盘新\grid_strategy.py"", line 303, in _handle_level_event |     self._sync_positions_with_broker() |   File ""D:\pythonProject\数据源\src\网格\网格实盘新\grid_strategy.py"", line 1415, in _sync_positions_with_broker |     self.pos_book.save_to_csv() |   File ""D:\pythonProject\数据源\src\网格\网格实盘新\position_book.py"", line 265, in save_to_csv |     self._check_and_log_removals(path) | "
2026-04-01 13:47:44,filled状态清理,1775022410194627_162,-64,1.012,100,2026-04-01 13:46:50,2026-04-01,1099024069,,1099024086,filled,1.013,-63
2026-04-01 13:47:44,1775022410194627_162,-64,1.012,100,1099024086,filled,1.013,-63,"  File ""D:\pythonProject\数据源\src\网格\网格实盘新\grid_strategy.py"", line 627, in on_tick |     self._handle_level_event(current_level, grid_price, current_price) |   File ""D:\pythonProject\数据源\src\网格\网格实盘新\grid_strategy.py"", line 303, in _handle_level_event |     self._sync_positions_with_broker() |   File ""D:\pythonProject\数据源\src\网格\网格实盘新\grid_strategy.py"", line 1415, in _sync_positions_with_broker |     self.pos_book.save_to_csv() |   File ""D:\pythonProject\数据源\src\网格\网格实盘新\position_book.py"", line 265, in save_to_csv |     self._check_and_log_removals(path) | "
2026-04-01 13:47:56,filled状态清理,1775022461247568_166,-64,1.012,100,2026-04-01 13:47:41,2026-04-01,1099024265,,1099024310,filled,1.013,-63
2026-04-01 13:47:56,1775022461247568_166,-64,1.012,100,1099024310,filled,1.013,-63,"  File ""D:\pythonProject\数据源\src\网格\网格实盘新\grid_strategy.py"", line 627, in on_tick |     self._handle_level_event(current_level, grid_price, current_price) |   File ""D:\pythonProject\数据源\src\网格\网格实盘新\grid_strategy.py"", line 303, in _handle_level_event |     self._sync_positions_with_broker() |   File ""D:\pythonProject\数据源\src\网格\网格实盘新\grid_strategy.py"", line 1415, in _sync_positions_with_broker |     self.pos_book.save_to_csv() |   File ""D:\pythonProject\数据源\src\网格\网格实盘新\position_book.py"", line 265, in save_to_csv |     self._check_and_log_removals(path) | "
2026-04-01 13:47:59,filled状态清理,1775022461283496_167,-63,1.013,100,2026-04-01 13:47:41,2026-04-01,1099024266,,1099024299,filled,1.014,-62
2026-04-01 13:47:59,1775022461283496_167,-63,1.013,100,1099024299,filled,1.014,-62,"  File ""D:\pythonProject\数据源\src\网格\网格实盘新\grid_strategy.py"", line 627, in on_tick |     self._handle_level_event(current_level, grid_price, current_price) |   File ""D:\pythonProject\数据源\src\网格\网格实盘新\grid_strategy.py"", line 303, in _handle_level_event |     self._sync_positions_with_broker() |   File ""D:\pythonProject\数据源\src\网格\网格实盘新\grid_strategy.py"", line 1415, in _sync_positions_with_broker |     self.pos_book.save_to_csv() |   File ""D:\pythonProject\数据源\src\网格\网格实盘新\position_book.py"", line 265, in save_to_csv |     self._check_and_log_removals(path) | "
2026-04-01 13:48:17,filled状态清理,1775022458165473_165,-65,1.011,100,2026-04-01 13:47:38,2026-04-01,1099024258,,1099024402,filled,1.012,-64
2026-04-01 13:48:17,1775022458165473_165,-65,1.011,100,1099024402,filled,1.012,-64,"  File ""D:\pythonProject\数据源\src\网格\网格实盘新\grid_strategy.py"", line 627, in on_tick |     self._handle_level_event(current_level, grid_price, current_price) |   File ""D:\pythonProject\数据源\src\网格\网格实盘新\grid_strategy.py"", line 303, in _handle_level_event |     self._sync_positions_with_broker() |   File ""D:\pythonProject\数据源\src\网格\网格实盘新\grid_strategy.py"", line 1415, in _sync_positions_with_broker |     self.pos_book.save_to_csv() |   File ""D:\pythonProject\数据源\src\网格\网格实盘新\position_book.py"", line 265, in save_to_csv |     self._check_and_log_removals(path) | "
2026-04-01 13:49:47,filled状态清理,1775021795114097_112,-71,1.005,100,2026-04-01 13:36:35,2026-04-01,1099021464,,1099024806,filled,1.006,-70
2026-04-01 13:49:47,1775021795114097_112,-71,1.005,100,1099024806,filled,1.006,-70,"  File ""D:\pythonProject\数据源\src\网格\网格实盘新\grid_strategy.py"", line 627, in on_tick |     self._handle_level_event(current_level, grid_price, current_price) |   File ""D:\pythonProject\数据源\src\网格\网格实盘新\grid_strategy.py"", line 303, in _handle_level_event |     self._sync_positions_with_broker() |   File ""D:\pythonProject\数据源\src\网格\网格实盘新\grid_strategy.py"", line 1415, in _sync_positions_with_broker |     self.pos_book.save_to_csv() |   File ""D:\pythonProject\数据源\src\网格\网格实盘新\position_book.py"", line 265, in save_to_csv |     self._check_and_log_removals(path) | "
2026-04-01 13:49:50,filled状态清理,1775022161152040_146,-70,1.006,100,2026-04-01 13:42:41,2026-04-01,1099023062,,1099024794,filled,1.007,-69
2026-04-01 13:49:50,1775022161152040_146,-70,1.006,100,1099024794,filled,1.007,-69,"  File ""D:\pythonProject\数据源\src\网格\网格实盘新\grid_strategy.py"", line 627, in on_tick |     self._handle_level_event(current_level, grid_price, current_price) |   File ""D:\pythonProject\数据源\src\网格\网格实盘新\grid_strategy.py"", line 303, in _handle_level_event |     self._sync_positions_with_broker() |   File ""D:\pythonProject\数据源\src\网格\网格实盘新\grid_strategy.py"", line 1415, in _sync_positions_with_broker |     self.pos_book.save_to_csv() |   File ""D:\pythonProject\数据源\src\网格\网格实盘新\position_book.py"", line 265, in save_to_csv |     self._check_and_log_removals(path) | "
2026-04-01 13:49:53,filled状态清理,1775021762170661_108,-72,1.004,100,2026-04-01 13:36:02,2026-04-01,1099021333,,1099024832,filled,1.005,-71
2026-04-01 13:49:53,filled状态清理,1775022584209107_171,-71,1.005,100,2026-04-01 13:49:44,2026-04-01,1099024817,,1099024831,filled,1.006,-70
2026-04-01 13:49:53,1775022584209107_171,-71,1.005,100,1099024831,filled,1.006,-70,"  File ""D:\pythonProject\数据源\src\网格\网格实盘新\grid_strategy.py"", line 627, in on_tick |     self._handle_level_event(current_level, grid_price, current_price) |   File ""D:\pythonProject\数据源\src\网格\网格实盘新\grid_strategy.py"", line 303, in _handle_level_event |     self._sync_positions_with_broker() |   File ""D:\pythonProject\数据源\src\网格\网格实盘新\grid_strategy.py"", line 1415, in _sync_positions_with_broker |     self.pos_book.save_to_csv() |   File ""D:\pythonProject\数据源\src\网格\网格实盘新\position_book.py"", line 265, in save_to_csv |     self._check_and_log_removals(path) | "
2026-04-01 13:49:53,1775021762170661_108,-72,1.004,100,1099024832,filled,1.005,-71,"  File ""D:\pythonProject\数据源\src\网格\网格实盘新\grid_strategy.py"", line 627, in on_tick |     self._handle_level_event(current_level, grid_price, current_price) |   File ""D:\pythonProject\数据源\src\网格\网格实盘新\grid_strategy.py"", line 303, in _handle_level_event |     self._sync_positions_with_broker() |   File ""D:\pythonProject\数据源\src\网格\网格实盘新\grid_strategy.py"", line 1415, in _sync_positions_with_broker |     self.pos_book.save_to_csv() |   File ""D:\pythonProject\数据源\src\网格\网格实盘新\position_book.py"", line 265, in save_to_csv |     self._check_and_log_removals(path) | "
2026-04-01 13:50:05,filled状态清理,1775022590246165_173,-71,1.005,100,2026-04-01 13:49:50,2026-04-01,1099024842,,1099024896,filled,1.006,-70
2026-04-01 13:50:05,1775022590246165_173,-71,1.005,100,1099024896,filled,1.006,-70,"  File ""D:\pythonProject\数据源\src\网格\网格实盘新\grid_strategy.py"", line 627, in on_tick |     self._handle_level_event(current_level, grid_price, current_price) |   File ""D:\pythonProject\数据源\src\网格\网格实盘新\grid_strategy.py"", line 303, in _handle_level_event |     self._sync_positions_with_broker() |   File ""D:\pythonProject\数据源\src\网格\网格实盘新\grid_strategy.py"", line 1415, in _sync_positions_with_broker |     self.pos_book.save_to_csv() |   File ""D:\pythonProject\数据源\src\网格\网格实盘新\position_book.py"", line 265, in save_to_csv |     self._check_and_log_removals(path) | "
2026-04-01 13:51:17,filled状态清理,1775021738130667_106,-74,1.002,100,2026-04-01 13:35:38,2026-04-01,1099021250,,1099025155,filled,1.003,-73
2026-04-01 13:51:17,filled状态清理,1775021765204681_109,-73,1.003,100,2026-04-01 13:36:05,2026-04-01,1099021348,,1099025139,filled,1.004,-72
2026-04-01 13:51:17,1775021738130667_106,-74,1.002,100,1099025155,filled,1.003,-73,"  File ""D:\pythonProject\数据源\src\网格\网格实盘新\grid_strategy.py"", line 627, in on_tick |     self._handle_level_event(current_level, grid_price, current_price) |   File ""D:\pythonProject\数据源\src\网格\网格实盘新\grid_strategy.py"", line 303, in _handle_level_event |     self._sync_positions_with_broker() |   File ""D:\pythonProject\数据源\src\网格\网格实盘新\grid_strategy.py"", line 1415, in _sync_positions_with_broker |     self.pos_book.save_to_csv() |   File ""D:\pythonProject\数据源\src\网格\网格实盘新\position_book.py"", line 265, in save_to_csv |     self._check_and_log_removals(path) | "
2026-04-01 13:51:17,1775021765204681_109,-73,1.003,100,1099025139,filled,1.004,-72,"  File ""D:\pythonProject\数据源\src\网格\网格实盘新\grid_strategy.py"", line 627, in on_tick |     self._handle_level_event(current_level, grid_price, current_price) |   File ""D:\pythonProject\数据源\src\网格\网格实盘新\grid_strategy.py"", line 303, in _handle_level_event |     self._sync_positions_with_broker() |   File ""D:\pythonProject\数据源\src\网格\网格实盘新\grid_strategy.py"", line 1415, in _sync_positions_with_broker |     self.pos_book.save_to_csv() |   File ""D:\pythonProject\数据源\src\网格\网格实盘新\position_book.py"", line 265, in save_to_csv |     self._check_and_log_removals(path) | "
2026-04-01 13:51:35,filled状态清理,1775022590213130_172,-72,1.004,100,2026-04-01 13:49:50,2026-04-01,1099024841,,1099025131,filled,1.005,-71
2026-04-01 13:51:35,1775022590213130_172,-72,1.004,100,1099025131,filled,1.005,-71,"  File ""D:\pythonProject\数据源\src\网格\网格实盘新\grid_strategy.py"", line 627, in on_tick |     self._handle_level_event(current_level, grid_price, current_price) |   File ""D:\pythonProject\数据源\src\网格\网格实盘新\grid_strategy.py"", line 303, in _handle_level_event |     self._sync_positions_with_broker() |   File ""D:\pythonProject\数据源\src\网格\网格实盘新\grid_strategy.py"", line 1415, in _sync_positions_with_broker |     self.pos_book.save_to_csv() |   File ""D:\pythonProject\数据源\src\网格\网格实盘新\position_book.py"", line 265, in save_to_csv |     self._check_and_log_removals(path) | "
2026-04-01 13:52:14,filled状态清理,1775022692170775_176,-72,1.004,100,2026-04-01 13:51:32,2026-04-01,1099025279,,1099025316,filled,1.005,-71
2026-04-01 13:52:14,1775022692170775_176,-72,1.004,100,1099025316,filled,1.005,-71,"  File ""D:\pythonProject\数据源\src\网格\网格实盘新\grid_strategy.py"", line 627, in on_tick |     self._handle_level_event(current_level, grid_price, current_price) |   File ""D:\pythonProject\数据源\src\网格\网格实盘新\grid_strategy.py"", line 303, in _handle_level_event |     self._sync_positions_with_broker() |   File ""D:\pythonProject\数据源\src\网格\网格实盘新\grid_strategy.py"", line 1415, in _sync_positions_with_broker |     self.pos_book.save_to_csv() |   File ""D:\pythonProject\数据源\src\网格\网格实盘新\position_book.py"", line 265, in save_to_csv |     self._check_and_log_removals(path) | "
2026-04-01 13:52:20,filled状态清理,1775022692208246_177,-71,1.005,100,2026-04-01 13:51:32,2026-04-01,1099025280,,1099025294,filled,1.006,-70
2026-04-01 13:52:20,1775022692208246_177,-71,1.005,100,1099025294,filled,1.006,-70,"  File ""D:\pythonProject\数据源\src\网格\网格实盘新\grid_strategy.py"", line 627, in on_tick |     self._handle_level_event(current_level, grid_price, current_price) |   File ""D:\pythonProject\数据源\src\网格\网格实盘新\grid_strategy.py"", line 303, in _handle_level_event |     self._sync_positions_with_broker() |   File ""D:\pythonProject\数据源\src\网格\网格实盘新\grid_strategy.py"", line 1415, in _sync_positions_with_broker |     self.pos_book.save_to_csv() |   File ""D:\pythonProject\数据源\src\网格\网格实盘新\position_book.py"", line 265, in save_to_csv |     self._check_and_log_removals(path) | "
2026-04-01 13:53:17,filled状态清理,1775022680162363_175,-73,1.003,100,2026-04-01 13:51:20,2026-04-01,1099025240,,1099025640,filled,1.004,-72
2026-04-01 13:53:17,1775022680162363_175,-73,1.003,100,1099025640,filled,1.004,-72,"  File ""D:\pythonProject\数据源\src\网格\网格实盘新\grid_strategy.py"", line 627, in on_tick |     self._handle_level_event(current_level, grid_price, current_price) |   File ""D:\pythonProject\数据源\src\网格\网格实盘新\grid_strategy.py"", line 303, in _handle_level_event |     self._sync_positions_with_broker() |   File ""D:\pythonProject\数据源\src\网格\网格实盘新\grid_strategy.py"", line 1415, in _sync_positions_with_broker |     self.pos_book.save_to_csv() |   File ""D:\pythonProject\数据源\src\网格\网格实盘新\position_book.py"", line 265, in save_to_csv |     self._check_and_log_removals(path) | "
2026-04-01 13:53:38,filled状态清理,1775022800202113_180,-73,1.003,100,2026-04-01 13:53:20,2026-04-01,1099025732,,1099025741,filled,1.004,-72
2026-04-01 13:53:38,1775022800202113_180,-73,1.003,100,1099025741,filled,1.004,-72,"  File ""D:\pythonProject\数据源\src\网格\网格实盘新\grid_strategy.py"", line 627, in on_tick |     self._handle_level_event(current_level, grid_price, current_price) |   File ""D:\pythonProject\数据源\src\网格\网格实盘新\grid_strategy.py"", line 303, in _handle_level_event |     self._sync_positions_with_broker() |   File ""D:\pythonProject\数据源\src\网格\网格实盘新\grid_strategy.py"", line 1415, in _sync_positions_with_broker |     self.pos_book.save_to_csv() |   File ""D:\pythonProject\数据源\src\网格\网格实盘新\position_book.py"", line 265, in save_to_csv |     self._check_and_log_removals(path) | "
2026-04-01 13:53:41,filled状态清理,1775022731168676_178,-72,1.004,100,2026-04-01 13:52:11,2026-04-01,1099025473,,1099025625,filled,1.005,-71
2026-04-01 13:53:41,1775022731168676_178,-72,1.004,100,1099025625,filled,1.005,-71,"  File ""D:\pythonProject\数据源\src\网格\网格实盘新\grid_strategy.py"", line 627, in on_tick |     self._handle_level_event(current_level, grid_price, current_price) |   File ""D:\pythonProject\数据源\src\网格\网格实盘新\grid_strategy.py"", line 303, in _handle_level_event |     self._sync_positions_with_broker() |   File ""D:\pythonProject\数据源\src\网格\网格实盘新\grid_strategy.py"", line 1415, in _sync_positions_with_broker |     self.pos_book.save_to_csv() |   File ""D:\pythonProject\数据源\src\网格\网格实盘新\position_book.py"", line 265, in save_to_csv |     self._check_and_log_removals(path) | "
2026-04-01 13:53:56,filled状态清理,1775022821169757_181,-72,1.004,100,2026-04-01 13:53:41,2026-04-01,1099025792,,1099025802,filled,1.005,-71
2026-04-01 13:53:56,1775022821169757_181,-72,1.004,100,1099025802,filled,1.005,-71,"  File ""D:\pythonProject\数据源\src\网格\网格实盘新\grid_strategy.py"", line 627, in on_tick |     self._handle_level_event(current_level, grid_price, current_price) |   File ""D:\pythonProject\数据源\src\网格\网格实盘新\grid_strategy.py"", line 303, in _handle_level_event |     self._sync_positions_with_broker() |   File ""D:\pythonProject\数据源\src\网格\网格实盘新\grid_strategy.py"", line 1415, in _sync_positions_with_broker |     self.pos_book.save_to_csv() |   File ""D:\pythonProject\数据源\src\网格\网格实盘新\position_book.py"", line 265, in save_to_csv |     self._check_and_log_removals(path) | "
2026-04-01 13:53:59,filled状态清理,1775022740193121_179,-71,1.005,100,2026-04-01 13:52:20,2026-04-01,1099025511,,1099025582,filled,1.006,-70
2026-04-01 13:53:59,1775022740193121_179,-71,1.005,100,1099025582,filled,1.006,-70,"  File ""D:\pythonProject\数据源\src\网格\网格实盘新\grid_strategy.py"", line 627, in on_tick |     self._handle_level_event(current_level, grid_price, current_price) |   File ""D:\pythonProject\数据源\src\网格\网格实盘新\grid_strategy.py"", line 303, in _handle_level_event |     self._sync_positions_with_broker() |   File ""D:\pythonProject\数据源\src\网格\网格实盘新\grid_strategy.py"", line 1415, in _sync_positions_with_broker |     self.pos_book.save_to_csv() |   File ""D:\pythonProject\数据源\src\网格\网格实盘新\position_book.py"", line 265, in save_to_csv |     self._check_and_log_removals(path) | "
2026-04-01 13:54:17,filled状态清理,1775022833179696_183,-72,1.004,100,2026-04-01 13:53:53,2026-04-01,1099025830,,1099025886,filled,1.005,-71
2026-04-01 13:54:17,1775022833179696_183,-72,1.004,100,1099025886,filled,1.005,-71,"  File ""D:\pythonProject\数据源\src\网格\网格实盘新\grid_strategy.py"", line 627, in on_tick |     self._handle_level_event(current_level, grid_price, current_price) |   File ""D:\pythonProject\数据源\src\网格\网格实盘新\grid_strategy.py"", line 303, in _handle_level_event |     self._sync_positions_with_broker() |   File ""D:\pythonProject\数据源\src\网格\网格实盘新\grid_strategy.py"", line 1415, in _sync_positions_with_broker |     self.pos_book.save_to_csv() |   File ""D:\pythonProject\数据源\src\网格\网格实盘新\position_book.py"", line 265, in save_to_csv |     self._check_and_log_removals(path) | "
2026-04-01 13:54:44,filled状态清理,1775022854215125_185,-72,1.004,100,2026-04-01 13:54:14,2026-04-01,1099025910,,1099025923,filled,1.005,-71
2026-04-01 13:54:44,1775022854215125_185,-72,1.004,100,1099025923,filled,1.005,-71,"  File ""D:\pythonProject\数据源\src\网格\网格实盘新\grid_strategy.py"", line 627, in on_tick |     self._handle_level_event(current_level, grid_price, current_price) |   File ""D:\pythonProject\数据源\src\网格\网格实盘新\grid_strategy.py"", line 303, in _handle_level_event |     self._sync_positions_with_broker() |   File ""D:\pythonProject\数据源\src\网格\网格实盘新\grid_strategy.py"", line 1415, in _sync_positions_with_broker |     self.pos_book.save_to_csv() |   File ""D:\pythonProject\数据源\src\网格\网格实盘新\position_book.py"", line 265, in save_to_csv |     self._check_and_log_removals(path) | "
2026-04-01 13:55:29,filled状态清理,1775022839247589_184,-71,1.005,100,2026-04-01 13:53:59,2026-04-01,1099025845,,1099025860,filled,1.006,-70
2026-04-01 13:55:29,1775022839247589_184,-71,1.005,100,1099025860,filled,1.006,-70,"  File ""D:\pythonProject\数据源\src\网格\网格实盘新\grid_strategy.py"", line 627, in on_tick |     self._handle_level_event(current_level, grid_price, current_price) |   File ""D:\pythonProject\数据源\src\网格\网格实盘新\grid_strategy.py"", line 303, in _handle_level_event |     self._sync_positions_with_broker() |   File ""D:\pythonProject\数据源\src\网格\网格实盘新\grid_strategy.py"", line 1415, in _sync_positions_with_broker |     self.pos_book.save_to_csv() |   File ""D:\pythonProject\数据源\src\网格\网格实盘新\position_book.py"", line 265, in save_to_csv |     self._check_and_log_removals(path) | "
2026-04-01 13:55:44,filled状态清理,1775022251165438_151,-69,1.007,100,2026-04-01 13:44:11,2026-04-01,1099023426,,1099024780,filled,1.008,-68
2026-04-01 13:55:44,1775022251165438_151,-69,1.007,100,1099024780,filled,1.008,-68,"  File ""D:\pythonProject\数据源\src\网格\网格实盘新\grid_strategy.py"", line 627, in on_tick |     self._handle_level_event(current_level, grid_price, current_price) |   File ""D:\pythonProject\数据源\src\网格\网格实盘新\grid_strategy.py"", line 303, in _handle_level_event |     self._sync_positions_with_broker() |   File ""D:\pythonProject\数据源\src\网格\网格实盘新\grid_strategy.py"", line 1415, in _sync_positions_with_broker |     self.pos_book.save_to_csv() |   File ""D:\pythonProject\数据源\src\网格\网格实盘新\position_book.py"", line 265, in save_to_csv |     self._check_and_log_removals(path) | "
2026-04-01 13:55:50,filled状态清理,1775022287230149_154,-68,1.008,100,2026-04-01 13:44:47,2026-04-01,1099023571,,1099024754,filled,1.009,-67
2026-04-01 13:55:50,1775022287230149_154,-68,1.008,100,1099024754,filled,1.009,-67,"  File ""D:\pythonProject\数据源\src\网格\网格实盘新\grid_strategy.py"", line 627, in on_tick |     self._handle_level_event(current_level, grid_price, current_price) |   File ""D:\pythonProject\数据源\src\网格\网格实盘新\grid_strategy.py"", line 303, in _handle_level_event |     self._sync_positions_with_broker() |   File ""D:\pythonProject\数据源\src\网格\网格实盘新\grid_strategy.py"", line 1415, in _sync_positions_with_broker |     self.pos_book.save_to_csv() |   File ""D:\pythonProject\数据源\src\网格\网格实盘新\position_book.py"", line 265, in save_to_csv |     self._check_and_log_removals(path) | "
2026-04-01 13:56:05,filled状态清理,1775022941236280_189,-69,1.007,100,2026-04-01 13:55:41,2026-04-01,1099026219,,1099026245,filled,1.008,-68
2026-04-01 13:56:05,1775022941236280_189,-69,1.007,100,1099026245,filled,1.008,-68,"  File ""D:\pythonProject\数据源\src\网格\网格实盘新\grid_strategy.py"", line 627, in on_tick |     self._handle_level_event(current_level, grid_price, current_price) |   File ""D:\pythonProject\数据源\src\网格\网格实盘新\grid_strategy.py"", line 303, in _handle_level_event |     self._sync_positions_with_broker() |   File ""D:\pythonProject\数据源\src\网格\网格实盘新\grid_strategy.py"", line 1415, in _sync_positions_with_broker |     self.pos_book.save_to_csv() |   File ""D:\pythonProject\数据源\src\网格\网格实盘新\position_book.py"", line 265, in save_to_csv |     self._check_and_log_removals(path) | "
2026-04-01 13:56:20,filled状态清理,1775022935175040_188,-70,1.006,100,2026-04-01 13:55:35,2026-04-01,1099026193,,1099026325,filled,1.007,-69
2026-04-01 13:56:20,1775022935175040_188,-70,1.006,100,1099026325,filled,1.007,-69,"  File ""D:\pythonProject\数据源\src\网格\网格实盘新\grid_strategy.py"", line 627, in on_tick |     self._handle_level_event(current_level, grid_price, current_price) |   File ""D:\pythonProject\数据源\src\网格\网格实盘新\grid_strategy.py"", line 303, in _handle_level_event |     self._sync_positions_with_broker() |   File ""D:\pythonProject\数据源\src\网格\网格实盘新\grid_strategy.py"", line 1415, in _sync_positions_with_broker |     self.pos_book.save_to_csv() |   File ""D:\pythonProject\数据源\src\网格\网格实盘新\position_book.py"", line 265, in save_to_csv |     self._check_and_log_removals(path) | "
2026-04-01 13:56:47,filled状态清理,1775022929341965_186,-71,1.005,100,2026-04-01 13:55:29,2026-04-01,1099026172,,1099026451,filled,1.006,-70
2026-04-01 13:56:47,1775022929341965_186,-71,1.005,100,1099026451,filled,1.006,-70,"  File ""D:\pythonProject\数据源\src\网格\网格实盘新\grid_strategy.py"", line 627, in on_tick |     self._handle_level_event(current_level, grid_price, current_price) |   File ""D:\pythonProject\数据源\src\网格\网格实盘新\grid_strategy.py"", line 303, in _handle_level_event |     self._sync_positions_with_broker() |   File ""D:\pythonProject\数据源\src\网格\网格实盘新\grid_strategy.py"", line 1415, in _sync_positions_with_broker |     self.pos_book.save_to_csv() |   File ""D:\pythonProject\数据源\src\网格\网格实盘新\position_book.py"", line 265, in save_to_csv |     self._check_and_log_removals(path) | "
2026-04-01 13:56:56,filled状态清理,1775022977367102_192,-70,1.006,100,2026-04-01 13:56:17,2026-04-01,1099026347,,1099026383,filled,1.007,-69
2026-04-01 13:56:56,1775022977367102_192,-70,1.006,100,1099026383,filled,1.007,-69,"  File ""D:\pythonProject\数据源\src\网格\网格实盘新\grid_strategy.py"", line 627, in on_tick |     self._handle_level_event(current_level, grid_price, current_price) |   File ""D:\pythonProject\数据源\src\网格\网格实盘新\grid_strategy.py"", line 303, in _handle_level_event |     self._sync_positions_with_broker() |   File ""D:\pythonProject\数据源\src\网格\网格实盘新\grid_strategy.py"", line 1415, in _sync_positions_with_broker |     self.pos_book.save_to_csv() |   File ""D:\pythonProject\数据源\src\网格\网格实盘新\position_book.py"", line 265, in save_to_csv |     self._check_and_log_removals(path) | "
2026-04-01 13:57:11,filled状态清理,1775022962307662_191,-69,1.007,100,2026-04-01 13:56:02,2026-04-01,1099026270,,1099026301,filled,1.008,-68
2026-04-01 13:57:11,1775022962307662_191,-69,1.007,100,1099026301,filled,1.008,-68,"  File ""D:\pythonProject\数据源\src\网格\网格实盘新\grid_strategy.py"", line 627, in on_tick |     self._handle_level_event(current_level, grid_price, current_price) |   File ""D:\pythonProject\数据源\src\网格\网格实盘新\grid_strategy.py"", line 303, in _handle_level_event |     self._sync_positions_with_broker() |   File ""D:\pythonProject\数据源\src\网格\网格实盘新\grid_strategy.py"", line 1415, in _sync_positions_with_broker |     self.pos_book.save_to_csv() |   File ""D:\pythonProject\数据源\src\网格\网格实盘新\position_book.py"", line 265, in save_to_csv |     self._check_and_log_removals(path) | "
2026-04-01 13:57:17,filled状态清理,1775022947270212_190,-68,1.008,100,2026-04-01 13:55:47,2026-04-01,1099026237,,1099026244,filled,1.009,-67
2026-04-01 13:57:17,1775022947270212_190,-68,1.008,100,1099026244,filled,1.009,-67,"  File ""D:\pythonProject\数据源\src\网格\网格实盘新\grid_strategy.py"", line 627, in on_tick |     self._handle_level_event(current_level, grid_price, current_price) |   File ""D:\pythonProject\数据源\src\网格\网格实盘新\grid_strategy.py"", line 303, in _handle_level_event |     self._sync_positions_with_broker() |   File ""D:\pythonProject\数据源\src\网格\网格实盘新\grid_strategy.py"", line 1415, in _sync_positions_with_broker |     self.pos_book.save_to_csv() |   File ""D:\pythonProject\数据源\src\网格\网格实盘新\position_book.py"", line 265, in save_to_csv |     self._check_and_log_removals(path) | "
2026-04-01 13:57:20,filled状态清理,1775022347157068_157,-67,1.009,100,2026-04-01 13:45:47,2026-04-01,1099023824,,1099024734,filled,1.01,-66
2026-04-01 13:57:20,1775022347157068_157,-67,1.009,100,1099024734,filled,1.01,-66,"  File ""D:\pythonProject\数据源\src\网格\网格实盘新\grid_strategy.py"", line 627, in on_tick |     self._handle_level_event(current_level, grid_price, current_price) |   File ""D:\pythonProject\数据源\src\网格\网格实盘新\grid_strategy.py"", line 303, in _handle_level_event |     self._sync_positions_with_broker() |   File ""D:\pythonProject\数据源\src\网格\网格实盘新\grid_strategy.py"", line 1415, in _sync_positions_with_broker |     self.pos_book.save_to_csv() |   File ""D:\pythonProject\数据源\src\网格\网格实盘新\position_book.py"", line 265, in save_to_csv |     self._check_and_log_removals(path) | "
2026-04-01 13:57:26,filled状态清理,1775022437181400_164,-66,1.01,100,2026-04-01 13:47:17,2026-04-01,1099024172,,1099024649,filled,1.011,-65
2026-04-01 13:57:26,1775022437181400_164,-66,1.01,100,1099024649,filled,1.011,-65,"  File ""D:\pythonProject\数据源\src\网格\网格实盘新\grid_strategy.py"", line 627, in on_tick |     self._handle_level_event(current_level, grid_price, current_price) |   File ""D:\pythonProject\数据源\src\网格\网格实盘新\grid_strategy.py"", line 303, in _handle_level_event |     self._sync_positions_with_broker() |   File ""D:\pythonProject\数据源\src\网格\网格实盘新\grid_strategy.py"", line 1415, in _sync_positions_with_broker |     self.pos_book.save_to_csv() |   File ""D:\pythonProject\数据源\src\网格\网格实盘新\position_book.py"", line 265, in save_to_csv |     self._check_and_log_removals(path) | "
2026-04-01 13:57:41,filled状态清理,1775023040267840_197,-67,1.009,100,2026-04-01 13:57:20,2026-04-01,1099026657,,1099026746,filled,1.01,-66
2026-04-01 13:57:41,1775023040267840_197,-67,1.009,100,1099026746,filled,1.01,-66,"  File ""D:\pythonProject\数据源\src\网格\网格实盘新\grid_strategy.py"", line 627, in on_tick |     self._handle_level_event(current_level, grid_price, current_price) |   File ""D:\pythonProject\数据源\src\网格\网格实盘新\grid_strategy.py"", line 303, in _handle_level_event |     self._sync_positions_with_broker() |   File ""D:\pythonProject\数据源\src\网格\网格实盘新\grid_strategy.py"", line 1415, in _sync_positions_with_broker |     self.pos_book.save_to_csv() |   File ""D:\pythonProject\数据源\src\网格\网格实盘新\position_book.py"", line 265, in save_to_csv |     self._check_and_log_removals(path) | "
2026-04-01 13:57:59,filled状态清理,1775023058237472_199,-67,1.009,100,2026-04-01 13:57:38,2026-04-01,1099026761,,1099026844,filled,1.01,-66
2026-04-01 13:57:59,1775023058237472_199,-67,1.009,100,1099026844,filled,1.01,-66,"  File ""D:\pythonProject\数据源\src\网格\网格实盘新\grid_strategy.py"", line 627, in on_tick |     self._handle_level_event(current_level, grid_price, current_price) |   File ""D:\pythonProject\数据源\src\网格\网格实盘新\grid_strategy.py"", line 303, in _handle_level_event |     self._sync_positions_with_broker() |   File ""D:\pythonProject\数据源\src\网格\网格实盘新\grid_strategy.py"", line 1415, in _sync_positions_with_broker |     self.pos_book.save_to_csv() |   File ""D:\pythonProject\数据源\src\网格\网格实盘新\position_book.py"", line 265, in save_to_csv |     self._check_and_log_removals(path) | "
2026-04-01 13:58:05,filled状态清理,1775023049225151_198,-66,1.01,100,2026-04-01 13:57:29,2026-04-01,1099026701,,1099026725,filled,1.011,-65
2026-04-01 13:58:05,1775023049225151_198,-66,1.01,100,1099026725,filled,1.011,-65,"  File ""D:\pythonProject\数据源\src\网格\网格实盘新\grid_strategy.py"", line 627, in on_tick |     self._handle_level_event(current_level, grid_price, current_price) |   File ""D:\pythonProject\数据源\src\网格\网格实盘新\grid_strategy.py"", line 303, in _handle_level_event |     self._sync_positions_with_broker() |   File ""D:\pythonProject\数据源\src\网格\网格实盘新\grid_strategy.py"", line 1415, in _sync_positions_with_broker |     self.pos_book.save_to_csv() |   File ""D:\pythonProject\数据源\src\网格\网格实盘新\position_book.py"", line 265, in save_to_csv |     self._check_and_log_removals(path) | "
2026-04-01 13:58:08,filled状态清理,1775022494273637_170,-65,1.011,100,2026-04-01 13:48:14,2026-04-01,1099024418,,1099024460,filled,1.012,-64
2026-04-01 13:58:08,1775022494273637_170,-65,1.011,100,1099024460,filled,1.012,-64,"  File ""D:\pythonProject\数据源\src\网格\网格实盘新\grid_strategy.py"", line 627, in on_tick |     self._handle_level_event(current_level, grid_price, current_price) |   File ""D:\pythonProject\数据源\src\网格\网格实盘新\grid_strategy.py"", line 303, in _handle_level_event |     self._sync_positions_with_broker() |   File ""D:\pythonProject\数据源\src\网格\网格实盘新\grid_strategy.py"", line 1415, in _sync_positions_with_broker |     self.pos_book.save_to_csv() |   File ""D:\pythonProject\数据源\src\网格\网格实盘新\position_book.py"", line 265, in save_to_csv |     self._check_and_log_removals(path) | "
2026-04-01 13:58:47,filled状态清理,1775023034203038_196,-68,1.008,100,2026-04-01 13:57:14,2026-04-01,1099026623,,1099027127,filled,1.009,-67
2026-04-01 13:58:47,1775023034203038_196,-68,1.008,100,1099027127,filled,1.009,-67,"  File ""D:\pythonProject\数据源\src\网格\网格实盘新\grid_strategy.py"", line 627, in on_tick |     self._handle_level_event(current_level, grid_price, current_price) |   File ""D:\pythonProject\数据源\src\网格\网格实盘新\grid_strategy.py"", line 303, in _handle_level_event |     self._sync_positions_with_broker() |   File ""D:\pythonProject\数据源\src\网格\网格实盘新\grid_strategy.py"", line 1415, in _sync_positions_with_broker |     self.pos_book.save_to_csv() |   File ""D:\pythonProject\数据源\src\网格\网格实盘新\position_book.py"", line 265, in save_to_csv |     self._check_and_log_removals(path) | "
2026-04-01 13:59:20,filled状态清理,1775023085228057_201,-67,1.009,100,2026-04-01 13:58:05,2026-04-01,1099026917,,1099027093,filled,1.01,-66
2026-04-01 13:59:20,1775023085228057_201,-67,1.009,100,1099027093,filled,1.01,-66,"  File ""D:\pythonProject\数据源\src\网格\网格实盘新\grid_strategy.py"", line 627, in on_tick |     self._handle_level_event(current_level, grid_price, current_price) |   File ""D:\pythonProject\数据源\src\网格\网格实盘新\grid_strategy.py"", line 303, in _handle_level_event |     self._sync_positions_with_broker() |   File ""D:\pythonProject\数据源\src\网格\网格实盘新\grid_strategy.py"", line 1415, in _sync_positions_with_broker |     self.pos_book.save_to_csv() |   File ""D:\pythonProject\数据源\src\网格\网格实盘新\position_book.py"", line 265, in save_to_csv |     self._check_and_log_removals(path) | "
2026-04-01 14:00:32,filled状态清理,1775023013268242_194,-70,1.006,100,2026-04-01 13:56:53,2026-04-01,1099026509,,1099027575,filled,1.007,-69
2026-04-01 14:00:32,1775023013268242_194,-70,1.006,100,1099027575,filled,1.007,-69,"  File ""D:\pythonProject\数据源\src\网格\网格实盘新\grid_strategy.py"", line 627, in on_tick |     self._handle_level_event(current_level, grid_price, current_price) |   File ""D:\pythonProject\数据源\src\网格\网格实盘新\grid_strategy.py"", line 303, in _handle_level_event |     self._sync_positions_with_broker() |   File ""D:\pythonProject\数据源\src\网格\网格实盘新\grid_strategy.py"", line 1415, in _sync_positions_with_broker |     self.pos_book.save_to_csv() |   File ""D:\pythonProject\数据源\src\网格\网格实盘新\position_book.py"", line 265, in save_to_csv |     self._check_and_log_removals(path) | "
2026-04-01 14:00:41,filled状态清理,1775023028282958_195,-69,1.007,100,2026-04-01 13:57:08,2026-04-01,1099026580,,1099027479,filled,1.008,-68
2026-04-01 14:00:41,1775023028282958_195,-69,1.007,100,1099027479,filled,1.008,-68,"  File ""D:\pythonProject\数据源\src\网格\网格实盘新\grid_strategy.py"", line 627, in on_tick |     self._handle_level_event(current_level, grid_price, current_price) |   File ""D:\pythonProject\数据源\src\网格\网格实盘新\grid_strategy.py"", line 303, in _handle_level_event |     self._sync_positions_with_broker() |   File ""D:\pythonProject\数据源\src\网格\网格实盘新\grid_strategy.py"", line 1415, in _sync_positions_with_broker |     self.pos_book.save_to_csv() |   File ""D:\pythonProject\数据源\src\网格\网格实盘新\position_book.py"", line 265, in save_to_csv |     self._check_and_log_removals(path) | "
2026-04-01 14:00:50,filled状态清理,1775023124216523_202,-68,1.008,100,2026-04-01 13:58:44,2026-04-01,1099027144,,1099027378,filled,1.009,-67
2026-04-01 14:00:50,1775023124216523_202,-68,1.008,100,1099027378,filled,1.009,-67,"  File ""D:\pythonProject\数据源\src\网格\网格实盘新\grid_strategy.py"", line 627, in on_tick |     self._handle_level_event(current_level, grid_price, current_price) |   File ""D:\pythonProject\数据源\src\网格\网格实盘新\grid_strategy.py"", line 303, in _handle_level_event |     self._sync_positions_with_broker() |   File ""D:\pythonProject\数据源\src\网格\网格实盘新\grid_strategy.py"", line 1415, in _sync_positions_with_broker |     self.pos_book.save_to_csv() |   File ""D:\pythonProject\数据源\src\网格\网格实盘新\position_book.py"", line 265, in save_to_csv |     self._check_and_log_removals(path) | "
2026-04-01 14:02:26,filled状态清理,1775023238241583_204,-69,1.007,100,2026-04-01 14:00:38,2026-04-01,1099027624,,1099027970,filled,1.008,-68
2026-04-01 14:02:26,1775023238241583_204,-69,1.007,100,1099027970,filled,1.008,-68,"  File ""D:\pythonProject\数据源\src\网格\网格实盘新\grid_strategy.py"", line 627, in on_tick |     self._handle_level_event(current_level, grid_price, current_price) |   File ""D:\pythonProject\数据源\src\网格\网格实盘新\grid_strategy.py"", line 303, in _handle_level_event |     self._sync_positions_with_broker() |   File ""D:\pythonProject\数据源\src\网格\网格实盘新\grid_strategy.py"", line 1415, in _sync_positions_with_broker |     self.pos_book.save_to_csv() |   File ""D:\pythonProject\数据源\src\网格\网格实盘新\position_book.py"", line 265, in save_to_csv |     self._check_and_log_removals(path) | "
2026-04-01 14:02:44,filled状态清理,1775023247247723_205,-68,1.008,100,2026-04-01 14:00:47,2026-04-01,1099027664,,1099027837,filled,1.009,-67
2026-04-01 14:02:44,1775023247247723_205,-68,1.008,100,1099027837,filled,1.009,-67,"  File ""D:\pythonProject\数据源\src\网格\网格实盘新\grid_strategy.py"", line 627, in on_tick |     self._handle_level_event(current_level, grid_price, current_price) |   File ""D:\pythonProject\数据源\src\网格\网格实盘新\grid_strategy.py"", line 303, in _handle_level_event |     self._sync_positions_with_broker() |   File ""D:\pythonProject\数据源\src\网格\网格实盘新\grid_strategy.py"", line 1415, in _sync_positions_with_broker |     self.pos_book.save_to_csv() |   File ""D:\pythonProject\数据源\src\网格\网格实盘新\position_book.py"", line 265, in save_to_csv |     self._check_and_log_removals(path) | "
2026-04-01 14:03:41,filled状态清理,1775023004239051_193,-71,1.005,100,2026-04-01 13:56:44,2026-04-01,1099026462,,1099028306,filled,1.006,-70
2026-04-01 14:03:41,1775023004239051_193,-71,1.005,100,1099028306,filled,1.006,-70,"  File ""D:\pythonProject\数据源\src\网格\网格实盘新\grid_strategy.py"", line 627, in on_tick |     self._handle_level_event(current_level, grid_price, current_price) |   File ""D:\pythonProject\数据源\src\网格\网格实盘新\grid_strategy.py"", line 303, in _handle_level_event |     self._sync_positions_with_broker() |   File ""D:\pythonProject\数据源\src\网格\网格实盘新\grid_strategy.py"", line 1415, in _sync_positions_with_broker |     self.pos_book.save_to_csv() |   File ""D:\pythonProject\数据源\src\网格\网格实盘新\position_book.py"", line 265, in save_to_csv |     self._check_and_log_removals(path) | "
2026-04-01 14:03:59,filled状态清理,1775022932191665_187,-72,1.004,100,2026-04-01 13:55:32,2026-04-01,1099026184,,1099028394,filled,1.005,-71
2026-04-01 14:03:59,1775022932191665_187,-72,1.004,100,1099028394,filled,1.005,-71,"  File ""D:\pythonProject\数据源\src\网格\网格实盘新\grid_strategy.py"", line 627, in on_tick |     self._handle_level_event(current_level, grid_price, current_price) |   File ""D:\pythonProject\数据源\src\网格\网格实盘新\grid_strategy.py"", line 303, in _handle_level_event |     self._sync_positions_with_broker() |   File ""D:\pythonProject\数据源\src\网格\网格实盘新\grid_strategy.py"", line 1415, in _sync_positions_with_broker |     self.pos_book.save_to_csv() |   File ""D:\pythonProject\数据源\src\网格\网格实盘新\position_book.py"", line 265, in save_to_csv |     self._check_and_log_removals(path) | "
2026-04-01 14:04:05,filled状态清理,1775023418229656_208,-71,1.005,100,2026-04-01 14:03:38,2026-04-01,1099028377,,1099028393,filled,1.006,-70
2026-04-01 14:04:05,1775023418229656_208,-71,1.005,100,1099028393,filled,1.006,-70,"  File ""D:\pythonProject\数据源\src\网格\网格实盘新\grid_strategy.py"", line 627, in on_tick |     self._handle_level_event(current_level, grid_price, current_price) |   File ""D:\pythonProject\数据源\src\网格\网格实盘新\grid_strategy.py"", line 303, in _handle_level_event |     self._sync_positions_with_broker() |   File ""D:\pythonProject\数据源\src\网格\网格实盘新\grid_strategy.py"", line 1415, in _sync_positions_with_broker |     self.pos_book.save_to_csv() |   File ""D:\pythonProject\数据源\src\网格\网格实盘新\position_book.py"", line 265, in save_to_csv |     self._check_and_log_removals(path) | "
2026-04-01 14:04:11,filled状态清理,1775023232196590_203,-70,1.006,100,2026-04-01 14:00:32,2026-04-01,1099027593,,1099028269,filled,1.007,-69
2026-04-01 14:04:11,1775023232196590_203,-70,1.006,100,1099028269,filled,1.007,-69,"  File ""D:\pythonProject\数据源\src\网格\网格实盘新\grid_strategy.py"", line 627, in on_tick |     self._handle_level_event(current_level, grid_price, current_price) |   File ""D:\pythonProject\数据源\src\网格\网格实盘新\grid_strategy.py"", line 303, in _handle_level_event |     self._sync_positions_with_broker() |   File ""D:\pythonProject\数据源\src\网格\网格实盘新\grid_strategy.py"", line 1415, in _sync_positions_with_broker |     self.pos_book.save_to_csv() |   File ""D:\pythonProject\数据源\src\网格\网格实盘新\position_book.py"", line 265, in save_to_csv |     self._check_and_log_removals(path) | "
2026-04-01 14:04:20,filled状态清理,1775023346242694_206,-69,1.007,100,2026-04-01 14:02:26,2026-04-01,1099028092,,1099028245,filled,1.008,-68
2026-04-01 14:04:20,1775023346242694_206,-69,1.007,100,1099028245,filled,1.008,-68,"  File ""D:\pythonProject\数据源\src\网格\网格实盘新\grid_strategy.py"", line 627, in on_tick |     self._handle_level_event(current_level, grid_price, current_price) |   File ""D:\pythonProject\数据源\src\网格\网格实盘新\grid_strategy.py"", line 303, in _handle_level_event |     self._sync_positions_with_broker() |   File ""D:\pythonProject\数据源\src\网格\网格实盘新\grid_strategy.py"", line 1415, in _sync_positions_with_broker |     self.pos_book.save_to_csv() |   File ""D:\pythonProject\数据源\src\网格\网格实盘新\position_book.py"", line 265, in save_to_csv |     self._check_and_log_removals(path) | "
2026-04-01 14:04:32,filled状态清理,1775023364229054_207,-68,1.008,100,2026-04-01 14:02:44,2026-04-01,1099028141,,1099028209,filled,1.009,-67
2026-04-01 14:04:32,1775023364229054_207,-68,1.008,100,1099028209,filled,1.009,-67,"  File ""D:\pythonProject\数据源\src\网格\网格实盘新\grid_strategy.py"", line 627, in on_tick |     self._handle_level_event(current_level, grid_price, current_price) |   File ""D:\pythonProject\数据源\src\网格\网格实盘新\grid_strategy.py"", line 303, in _handle_level_event |     self._sync_positions_with_broker() |   File ""D:\pythonProject\数据源\src\网格\网格实盘新\grid_strategy.py"", line 1415, in _sync_positions_with_broker |     self.pos_book.save_to_csv() |   File ""D:\pythonProject\数据源\src\网格\网格实盘新\position_book.py"", line 265, in save_to_csv |     self._check_and_log_removals(path) | "
2026-04-01 14:05:26,filled状态清理,1775023472247902_213,-68,1.008,100,2026-04-01 14:04:32,2026-04-01,1099028584,,1099028666,filled,1.009,-67
2026-04-01 14:05:26,1775023472247902_213,-68,1.008,100,1099028666,filled,1.009,-67,"  File ""D:\pythonProject\数据源\src\网格\网格实盘新\grid_strategy.py"", line 627, in on_tick |     self._handle_level_event(current_level, grid_price, current_price) |   File ""D:\pythonProject\数据源\src\网格\网格实盘新\grid_strategy.py"", line 303, in _handle_level_event |     self._sync_positions_with_broker() |   File ""D:\pythonProject\数据源\src\网格\网格实盘新\grid_strategy.py"", line 1415, in _sync_positions_with_broker |     self.pos_book.save_to_csv() |   File ""D:\pythonProject\数据源\src\网格\网格实盘新\position_book.py"", line 265, in save_to_csv |     self._check_and_log_removals(path) | "
2026-04-01 14:05:47,filled状态清理,1775023082271840_200,-66,1.01,100,2026-04-01 13:58:02,2026-04-01,1099026890,,1099026959,filled,1.011,-65
2026-04-01 14:05:47,1775023082271840_200,-66,1.01,100,1099026959,filled,1.011,-65,"  File ""D:\pythonProject\数据源\src\网格\网格实盘新\grid_strategy.py"", line 627, in on_tick |     self._handle_level_event(current_level, grid_price, current_price) |   File ""D:\pythonProject\数据源\src\网格\网格实盘新\grid_strategy.py"", line 303, in _handle_level_event |     self._sync_positions_with_broker() |   File ""D:\pythonProject\数据源\src\网格\网格实盘新\grid_strategy.py"", line 1415, in _sync_positions_with_broker |     self.pos_book.save_to_csv() |   File ""D:\pythonProject\数据源\src\网格\网格实盘新\position_book.py"", line 265, in save_to_csv |     self._check_and_log_removals(path) | "
2026-04-01 14:05:53,filled状态清理,1775022473224703_168,-64,1.012,100,2026-04-01 13:47:53,2026-04-01,1099024315,,1099024401,filled,1.013,-63
2026-04-01 14:05:53,1775022473224703_168,-64,1.012,100,1099024401,filled,1.013,-63,"  File ""D:\pythonProject\数据源\src\网格\网格实盘新\grid_strategy.py"", line 627, in on_tick |     self._handle_level_event(current_level, grid_price, current_price) |   File ""D:\pythonProject\数据源\src\网格\网格实盘新\grid_strategy.py"", line 303, in _handle_level_event |     self._sync_positions_with_broker() |   File ""D:\pythonProject\数据源\src\网格\网格实盘新\grid_strategy.py"", line 1415, in _sync_positions_with_broker |     self.pos_book.save_to_csv() |   File ""D:\pythonProject\数据源\src\网格\网格实盘新\position_book.py"", line 265, in save_to_csv |     self._check_and_log_removals(path) | "
2026-04-01 14:05:59,filled状态清理,1775022476179926_169,-63,1.013,100,2026-04-01 13:47:56,2026-04-01,1099024332,,1099024384,filled,1.014,-62
2026-04-01 14:05:59,filled状态清理,1775023550333983_218,-64,1.012,100,2026-04-01 14:05:50,2026-04-01,1099028922,,1099028933,filled,1.013,-63
2026-04-01 14:05:59,1775023550333983_218,-64,1.012,100,1099028933,filled,1.013,-63,"  File ""D:\pythonProject\数据源\src\网格\网格实盘新\grid_strategy.py"", line 627, in on_tick |     self._handle_level_event(current_level, grid_price, current_price) |   File ""D:\pythonProject\数据源\src\网格\网格实盘新\grid_strategy.py"", line 303, in _handle_level_event |     self._sync_positions_with_broker() |   File ""D:\pythonProject\数据源\src\网格\网格实盘新\grid_strategy.py"", line 1415, in _sync_positions_with_broker |     self.pos_book.save_to_csv() |   File ""D:\pythonProject\数据源\src\网格\网格实盘新\position_book.py"", line 265, in save_to_csv |     self._check_and_log_removals(path) | "
2026-04-01 14:05:59,1775022476179926_169,-63,1.013,100,1099024384,filled,1.014,-62,"  File ""D:\pythonProject\数据源\src\网格\网格实盘新\grid_strategy.py"", line 627, in on_tick |     self._handle_level_event(current_level, grid_price, current_price) |   File ""D:\pythonProject\数据源\src\网格\网格实盘新\grid_strategy.py"", line 303, in _handle_level_event |     self._sync_positions_with_broker() |   File ""D:\pythonProject\数据源\src\网格\网格实盘新\grid_strategy.py"", line 1415, in _sync_positions_with_broker |     self.pos_book.save_to_csv() |   File ""D:\pythonProject\数据源\src\网格\网格实盘新\position_book.py"", line 265, in save_to_csv |     self._check_and_log_removals(path) | "
2026-04-01 14:06:23,filled状态清理,1775023550301427_217,-65,1.011,100,2026-04-01 14:05:50,2026-04-01,1099028920,,1099029034,filled,1.012,-64
2026-04-01 14:06:23,1775023550301427_217,-65,1.011,100,1099029034,filled,1.012,-64,"  File ""D:\pythonProject\数据源\src\网格\网格实盘新\grid_strategy.py"", line 627, in on_tick |     self._handle_level_event(current_level, grid_price, current_price) |   File ""D:\pythonProject\数据源\src\网格\网格实盘新\grid_strategy.py"", line 303, in _handle_level_event |     self._sync_positions_with_broker() |   File ""D:\pythonProject\数据源\src\网格\网格实盘新\grid_strategy.py"", line 1415, in _sync_positions_with_broker |     self.pos_book.save_to_csv() |   File ""D:\pythonProject\数据源\src\网格\网格实盘新\position_book.py"", line 265, in save_to_csv |     self._check_and_log_removals(path) | "
2026-04-01 14:06:38,filled状态清理,1775023580202073_219,-65,1.011,100,2026-04-01 14:06:20,2026-04-01,1099029051,,1099029094,filled,1.012,-64
2026-04-01 14:06:38,1775023580202073_219,-65,1.011,100,1099029094,filled,1.012,-64,"  File ""D:\pythonProject\数据源\src\网格\网格实盘新\grid_strategy.py"", line 627, in on_tick |     self._handle_level_event(current_level, grid_price, current_price) |   File ""D:\pythonProject\数据源\src\网格\网格实盘新\grid_strategy.py"", line 303, in _handle_level_event |     self._sync_positions_with_broker() |   File ""D:\pythonProject\数据源\src\网格\网格实盘新\grid_strategy.py"", line 1415, in _sync_positions_with_broker |     self.pos_book.save_to_csv() |   File ""D:\pythonProject\数据源\src\网格\网格实盘新\position_book.py"", line 265, in save_to_csv |     self._check_and_log_removals(path) | "
2026-04-01 14:07:17,filled状态清理,1775023580239071_220,-64,1.012,100,2026-04-01 14:06:20,2026-04-01,1099029052,,1099029065,filled,1.013,-63
2026-04-01 14:07:17,filled状态清理,1775023595304325_221,-65,1.011,100,2026-04-01 14:06:35,2026-04-01,1099029108,,1099029156,filled,1.012,-64
2026-04-01 14:07:17,1775023580239071_220,-64,1.012,100,1099029065,filled,1.013,-63,"  File ""D:\pythonProject\数据源\src\网格\网格实盘新\grid_strategy.py"", line 627, in on_tick |     self._handle_level_event(current_level, grid_price, current_price) |   File ""D:\pythonProject\数据源\src\网格\网格实盘新\grid_strategy.py"", line 303, in _handle_level_event |     self._sync_positions_with_broker() |   File ""D:\pythonProject\数据源\src\网格\网格实盘新\grid_strategy.py"", line 1415, in _sync_positions_with_broker |     self.pos_book.save_to_csv() |   File ""D:\pythonProject\数据源\src\网格\网格实盘新\position_book.py"", line 265, in save_to_csv |     self._check_and_log_removals(path) | "
2026-04-01 14:07:17,1775023595304325_221,-65,1.011,100,1099029156,filled,1.012,-64,"  File ""D:\pythonProject\数据源\src\网格\网格实盘新\grid_strategy.py"", line 627, in on_tick |     self._handle_level_event(current_level, grid_price, current_price) |   File ""D:\pythonProject\数据源\src\网格\网格实盘新\grid_strategy.py"", line 303, in _handle_level_event |     self._sync_positions_with_broker() |   File ""D:\pythonProject\数据源\src\网格\网格实盘新\grid_strategy.py"", line 1415, in _sync_positions_with_broker |     self.pos_book.save_to_csv() |   File ""D:\pythonProject\数据源\src\网格\网格实盘新\position_book.py"", line 265, in save_to_csv |     self._check_and_log_removals(path) | "
2026-04-01 14:07:38,filled状态清理,1775023637307099_223,-63,1.013,100,2026-04-01 14:07:17,2026-04-01,1099029313,,1099029331,filled,1.014,-62
2026-04-01 14:07:38,1775023637307099_223,-63,1.013,100,1099029331,filled,1.014,-62,"  File ""D:\pythonProject\数据源\src\网格\网格实盘新\grid_strategy.py"", line 627, in on_tick |     self._handle_level_event(current_level, grid_price, current_price) |   File ""D:\pythonProject\数据源\src\网格\网格实盘新\grid_strategy.py"", line 303, in _handle_level_event |     self._sync_positions_with_broker() |   File ""D:\pythonProject\数据源\src\网格\网格实盘新\grid_strategy.py"", line 1415, in _sync_positions_with_broker |     self.pos_book.save_to_csv() |   File ""D:\pythonProject\数据源\src\网格\网格实盘新\position_book.py"", line 265, in save_to_csv |     self._check_and_log_removals(path) | "
2026-04-01 14:08:20,filled状态清理,1775023637268684_222,-64,1.012,100,2026-04-01 14:07:17,2026-04-01,1099029309,,1099029603,filled,1.013,-63
2026-04-01 14:08:20,1775023637268684_222,-64,1.012,100,1099029603,filled,1.013,-63,"  File ""D:\pythonProject\数据源\src\网格\网格实盘新\grid_strategy.py"", line 627, in on_tick |     self._handle_level_event(current_level, grid_price, current_price) |   File ""D:\pythonProject\数据源\src\网格\网格实盘新\grid_strategy.py"", line 303, in _handle_level_event |     self._sync_positions_with_broker() |   File ""D:\pythonProject\数据源\src\网格\网格实盘新\grid_strategy.py"", line 1415, in _sync_positions_with_broker |     self.pos_book.save_to_csv() |   File ""D:\pythonProject\数据源\src\网格\网格实盘新\position_book.py"", line 265, in save_to_csv |     self._check_and_log_removals(path) | "
2026-04-01 14:09:05,filled状态清理,1775023544303756_216,-66,1.01,100,2026-04-01 14:05:44,2026-04-01,1099028900,,1099029785,filled,1.011,-65
2026-04-01 14:09:05,1775023544303756_216,-66,1.01,100,1099029785,filled,1.011,-65,"  File ""D:\pythonProject\数据源\src\网格\网格实盘新\grid_strategy.py"", line 627, in on_tick |     self._handle_level_event(current_level, grid_price, current_price) |   File ""D:\pythonProject\数据源\src\网格\网格实盘新\grid_strategy.py"", line 303, in _handle_level_event |     self._sync_positions_with_broker() |   File ""D:\pythonProject\数据源\src\网格\网格实盘新\grid_strategy.py"", line 1415, in _sync_positions_with_broker |     self.pos_book.save_to_csv() |   File ""D:\pythonProject\数据源\src\网格\网格实盘新\position_book.py"", line 265, in save_to_csv |     self._check_and_log_removals(path) | "
2026-04-01 14:10:11,filled状态清理,1775023544263769_215,-68,1.008,100,2026-04-01 14:05:44,2026-04-01,1099028898,,1099030115,filled,1.009,-67
2026-04-01 14:10:11,1775023544263769_215,-68,1.008,100,1099030115,filled,1.009,-67,"  File ""D:\pythonProject\数据源\src\网格\网格实盘新\grid_strategy.py"", line 627, in on_tick |     self._handle_level_event(current_level, grid_price, current_price) |   File ""D:\pythonProject\数据源\src\网格\网格实盘新\grid_strategy.py"", line 303, in _handle_level_event |     self._sync_positions_with_broker() |   File ""D:\pythonProject\数据源\src\网格\网格实盘新\grid_strategy.py"", line 1415, in _sync_positions_with_broker |     self.pos_book.save_to_csv() |   File ""D:\pythonProject\数据源\src\网格\网格实盘新\position_book.py"", line 265, in save_to_csv |     self._check_and_log_removals(path) | "
2026-04-01 14:10:26,filled状态清理,1775023541245611_214,-67,1.009,100,2026-04-01 14:05:41,2026-04-01,1099028882,,1099029973,filled,1.01,-66
2026-04-01 14:10:26,1775023541245611_214,-67,1.009,100,1099029973,filled,1.01,-66,"  File ""D:\pythonProject\数据源\src\网格\网格实盘新\grid_strategy.py"", line 627, in on_tick |     self._handle_level_event(current_level, grid_price, current_price) |   File ""D:\pythonProject\数据源\src\网格\网格实盘新\grid_strategy.py"", line 303, in _handle_level_event |     self._sync_positions_with_broker() |   File ""D:\pythonProject\数据源\src\网格\网格实盘新\grid_strategy.py"", line 1415, in _sync_positions_with_broker |     self.pos_book.save_to_csv() |   File ""D:\pythonProject\数据源\src\网格\网格实盘新\position_book.py"", line 265, in save_to_csv |     self._check_and_log_removals(path) | "
2026-04-01 14:11:20,filled状态清理,1775023832220561_229,-67,1.009,100,2026-04-01 14:10:32,2026-04-01,1099030267,,1099030334,filled,1.01,-66
2026-04-01 14:11:20,1775023832220561_229,-67,1.009,100,1099030334,filled,1.01,-66,"  File ""D:\pythonProject\数据源\src\网格\网格实盘新\grid_strategy.py"", line 627, in on_tick |     self._handle_level_event(current_level, grid_price, current_price) |   File ""D:\pythonProject\数据源\src\网格\网格实盘新\grid_strategy.py"", line 303, in _handle_level_event |     self._sync_positions_with_broker() |   File ""D:\pythonProject\数据源\src\网格\网格实盘新\grid_strategy.py"", line 1415, in _sync_positions_with_broker |     self.pos_book.save_to_csv() |   File ""D:\pythonProject\数据源\src\网格\网格实盘新\position_book.py"", line 265, in save_to_csv |     self._check_and_log_removals(path) | "
2026-04-01 14:12:38,filled状态清理,1775023742271715_227,-66,1.01,100,2026-04-01 14:09:02,2026-04-01,1099029798,,1099029937,filled,1.011,-65
2026-04-01 14:12:38,1775023742271715_227,-66,1.01,100,1099029937,filled,1.011,-65,"  File ""D:\pythonProject\数据源\src\网格\网格实盘新\grid_strategy.py"", line 627, in on_tick |     self._handle_level_event(current_level, grid_price, current_price) |   File ""D:\pythonProject\数据源\src\网格\网格实盘新\grid_strategy.py"", line 303, in _handle_level_event |     self._sync_positions_with_broker() |   File ""D:\pythonProject\数据源\src\网格\网格实盘新\grid_strategy.py"", line 1415, in _sync_positions_with_broker |     self.pos_book.save_to_csv() |   File ""D:\pythonProject\数据源\src\网格\网格实盘新\position_book.py"", line 265, in save_to_csv |     self._check_and_log_removals(path) | "
2026-04-01 14:12:44,filled状态清理,1775023643243678_224,-65,1.011,100,2026-04-01 14:07:23,2026-04-01,1099029342,,1099029735,filled,1.012,-64
2026-04-01 14:12:44,1775023643243678_224,-65,1.011,100,1099029735,filled,1.012,-64,"  File ""D:\pythonProject\数据源\src\网格\网格实盘新\grid_strategy.py"", line 627, in on_tick |     self._handle_level_event(current_level, grid_price, current_price) |   File ""D:\pythonProject\数据源\src\网格\网格实盘新\grid_strategy.py"", line 303, in _handle_level_event |     self._sync_positions_with_broker() |   File ""D:\pythonProject\数据源\src\网格\网格实盘新\grid_strategy.py"", line 1415, in _sync_positions_with_broker |     self.pos_book.save_to_csv() |   File ""D:\pythonProject\数据源\src\网格\网格实盘新\position_book.py"", line 265, in save_to_csv |     self._check_and_log_removals(path) | "
2026-04-01 14:15:11,filled状态清理,1775023442242622_210,-71,1.005,100,2026-04-01 14:04:02,2026-04-01,1099028463,,1099031536,filled,1.006,-70
2026-04-01 14:15:11,1775023442242622_210,-71,1.005,100,1099031536,filled,1.006,-70,"  File ""D:\pythonProject\数据源\src\网格\网格实盘新\grid_strategy.py"", line 627, in on_tick |     self._handle_level_event(current_level, grid_price, current_price) |   File ""D:\pythonProject\数据源\src\网格\网格实盘新\grid_strategy.py"", line 303, in _handle_level_event |     self._sync_positions_with_broker() |   File ""D:\pythonProject\数据源\src\网格\网格实盘新\grid_strategy.py"", line 1415, in _sync_positions_with_broker |     self.pos_book.save_to_csv() |   File ""D:\pythonProject\数据源\src\网格\网格实盘新\position_book.py"", line 265, in save_to_csv |     self._check_and_log_removals(path) | "
2026-04-01 14:15:29,filled状态清理,1775023451277118_211,-70,1.006,100,2026-04-01 14:04:11,2026-04-01,1099028505,,1099031474,filled,1.007,-69
2026-04-01 14:15:29,1775023451277118_211,-70,1.006,100,1099031474,filled,1.007,-69,"  File ""D:\pythonProject\数据源\src\网格\网格实盘新\grid_strategy.py"", line 627, in on_tick |     self._handle_level_event(current_level, grid_price, current_price) |   File ""D:\pythonProject\数据源\src\网格\网格实盘新\grid_strategy.py"", line 303, in _handle_level_event |     self._sync_positions_with_broker() |   File ""D:\pythonProject\数据源\src\网格\网格实盘新\grid_strategy.py"", line 1415, in _sync_positions_with_broker |     self.pos_book.save_to_csv() |   File ""D:\pythonProject\数据源\src\网格\网格实盘新\position_book.py"", line 265, in save_to_csv |     self._check_and_log_removals(path) | "
2026-04-01 14:16:11,filled状态清理,1775023460202008_212,-69,1.007,100,2026-04-01 14:04:20,2026-04-01,1099028543,,1099031450,filled,1.008,-68
2026-04-01 14:16:11,filled状态清理,1775024129308609_234,-70,1.006,100,2026-04-01 14:15:29,2026-04-01,1099031740,,1099031783,filled,1.007,-69
2026-04-01 14:16:11,1775023460202008_212,-69,1.007,100,1099031450,filled,1.008,-68,"  File ""D:\pythonProject\数据源\src\网格\网格实盘新\grid_strategy.py"", line 627, in on_tick |     self._handle_level_event(current_level, grid_price, current_price) |   File ""D:\pythonProject\数据源\src\网格\网格实盘新\grid_strategy.py"", line 303, in _handle_level_event |     self._sync_positions_with_broker() |   File ""D:\pythonProject\数据源\src\网格\网格实盘新\grid_strategy.py"", line 1415, in _sync_positions_with_broker |     self.pos_book.save_to_csv() |   File ""D:\pythonProject\数据源\src\网格\网格实盘新\position_book.py"", line 265, in save_to_csv |     self._check_and_log_removals(path) | "
2026-04-01 14:16:11,1775024129308609_234,-70,1.006,100,1099031783,filled,1.007,-69,"  File ""D:\pythonProject\数据源\src\网格\网格实盘新\grid_strategy.py"", line 627, in on_tick |     self._handle_level_event(current_level, grid_price, current_price) |   File ""D:\pythonProject\数据源\src\网格\网格实盘新\grid_strategy.py"", line 303, in _handle_level_event |     self._sync_positions_with_broker() |   File ""D:\pythonProject\数据源\src\网格\网格实盘新\grid_strategy.py"", line 1415, in _sync_positions_with_broker |     self.pos_book.save_to_csv() |   File ""D:\pythonProject\数据源\src\网格\网格实盘新\position_book.py"", line 265, in save_to_csv |     self._check_and_log_removals(path) | "
2026-04-01 14:17:11,filled状态清理,1775024213300167_235,-69,1.007,100,2026-04-01 14:16:53,2026-04-01,1099032158,,1099032181,filled,1.008,-68
2026-04-01 14:17:11,1775024213300167_235,-69,1.007,100,1099032181,filled,1.008,-68,"  File ""D:\pythonProject\数据源\src\网格\网格实盘新\grid_strategy.py"", line 627, in on_tick |     self._handle_level_event(current_level, grid_price, current_price) |   File ""D:\pythonProject\数据源\src\网格\网格实盘新\grid_strategy.py"", line 303, in _handle_level_event |     self._sync_positions_with_broker() |   File ""D:\pythonProject\数据源\src\网格\网格实盘新\grid_strategy.py"", line 1415, in _sync_positions_with_broker |     self.pos_book.save_to_csv() |   File ""D:\pythonProject\数据源\src\网格\网格实盘新\position_book.py"", line 265, in save_to_csv |     self._check_and_log_removals(path) | "
2026-04-01 14:17:14,filled状态清理,1775023808249245_228,-68,1.008,100,2026-04-01 14:10:08,2026-04-01,1099030153,,1099031400,filled,1.009,-67
2026-04-01 14:17:14,1775023808249245_228,-68,1.008,100,1099031400,filled,1.009,-67,"  File ""D:\pythonProject\数据源\src\网格\网格实盘新\grid_strategy.py"", line 627, in on_tick |     self._handle_level_event(current_level, grid_price, current_price) |   File ""D:\pythonProject\数据源\src\网格\网格实盘新\grid_strategy.py"", line 303, in _handle_level_event |     self._sync_positions_with_broker() |   File ""D:\pythonProject\数据源\src\网格\网格实盘新\grid_strategy.py"", line 1415, in _sync_positions_with_broker |     self.pos_book.save_to_csv() |   File ""D:\pythonProject\数据源\src\网格\网格实盘新\position_book.py"", line 265, in save_to_csv |     self._check_and_log_removals(path) | "
2026-04-01 14:18:44,filled状态清理,1775024228324818_237,-69,1.007,100,2026-04-01 14:17:08,2026-04-01,1099032224,,1099032613,filled,1.008,-68
2026-04-01 14:18:44,1775024228324818_237,-69,1.007,100,1099032613,filled,1.008,-68,"  File ""D:\pythonProject\数据源\src\网格\网格实盘新\grid_strategy.py"", line 627, in on_tick |     self._handle_level_event(current_level, grid_price, current_price) |   File ""D:\pythonProject\数据源\src\网格\网格实盘新\grid_strategy.py"", line 303, in _handle_level_event |     self._sync_positions_with_broker() |   File ""D:\pythonProject\数据源\src\网格\网格实盘新\grid_strategy.py"", line 1415, in _sync_positions_with_broker |     self.pos_book.save_to_csv() |   File ""D:\pythonProject\数据源\src\网格\网格实盘新\position_book.py"", line 265, in save_to_csv |     self._check_and_log_removals(path) | "
2026-04-01 14:20:08,filled状态清理,1775024108210101_233,-71,1.005,100,2026-04-01 14:15:08,2026-04-01,1099031567,,1099032918,filled,1.006,-70
2026-04-01 14:20:08,1775024108210101_233,-71,1.005,100,1099032918,filled,1.006,-70,"  File ""D:\pythonProject\数据源\src\网格\网格实盘新\grid_strategy.py"", line 627, in on_tick |     self._handle_level_event(current_level, grid_price, current_price) |   File ""D:\pythonProject\数据源\src\网格\网格实盘新\grid_strategy.py"", line 303, in _handle_level_event |     self._sync_positions_with_broker() |   File ""D:\pythonProject\数据源\src\网格\网格实盘新\grid_strategy.py"", line 1415, in _sync_positions_with_broker |     self.pos_book.save_to_csv() |   File ""D:\pythonProject\数据源\src\网格\网格实盘新\position_book.py"", line 265, in save_to_csv |     self._check_and_log_removals(path) | "
2026-04-01 14:21:29,filled状态清理,1775021657173633_97,-75,1.001,100,2026-04-01 13:34:17,2026-04-01,1099020906,,1099033357,filled,1.002,-74
2026-04-01 14:21:29,1775021657173633_97,-75,1.001,100,1099033357,filled,1.002,-74,"  File ""D:\pythonProject\数据源\src\网格\网格实盘新\grid_strategy.py"", line 627, in on_tick |     self._handle_level_event(current_level, grid_price, current_price) |   File ""D:\pythonProject\数据源\src\网格\网格实盘新\grid_strategy.py"", line 303, in _handle_level_event |     self._sync_positions_with_broker() |   File ""D:\pythonProject\数据源\src\网格\网格实盘新\grid_strategy.py"", line 1415, in _sync_positions_with_broker |     self.pos_book.save_to_csv() |   File ""D:\pythonProject\数据源\src\网格\网格实盘新\position_book.py"", line 265, in save_to_csv |     self._check_and_log_removals(path) | "
2026-04-01 14:22:35,filled状态清理,1775021615124611_92,-78,0.998,100,2026-04-01 13:33:35,2026-04-01,1099020751,,1099033818,filled,0.999,-77
2026-04-01 14:22:35,1775021615124611_92,-78,0.998,100,1099033818,filled,0.999,-77,"  File ""D:\pythonProject\数据源\src\网格\网格实盘新\grid_strategy.py"", line 627, in on_tick |     self._handle_level_event(current_level, grid_price, current_price) |   File ""D:\pythonProject\数据源\src\网格\网格实盘新\grid_strategy.py"", line 303, in _handle_level_event |     self._sync_positions_with_broker() |   File ""D:\pythonProject\数据源\src\网格\网格实盘新\grid_strategy.py"", line 1415, in _sync_positions_with_broker |     self.pos_book.save_to_csv() |   File ""D:\pythonProject\数据源\src\网格\网格实盘新\position_book.py"", line 265, in save_to_csv |     self._check_and_log_removals(path) | "
2026-04-01 14:22:59,filled状态清理,1775024549319707_242,-81,0.995,100,2026-04-01 14:22:29,2026-04-01,1099033817,,1099033932,filled,0.996,-80
2026-04-01 14:22:59,1775024549319707_242,-81,0.995,100,1099033932,filled,0.996,-80,"  File ""D:\pythonProject\数据源\src\网格\网格实盘新\grid_strategy.py"", line 627, in on_tick |     self._handle_level_event(current_level, grid_price, current_price) |   File ""D:\pythonProject\数据源\src\网格\网格实盘新\grid_strategy.py"", line 303, in _handle_level_event |     self._sync_positions_with_broker() |   File ""D:\pythonProject\数据源\src\网格\网格实盘新\grid_strategy.py"", line 1415, in _sync_positions_with_broker |     self.pos_book.save_to_csv() |   File ""D:\pythonProject\数据源\src\网格\网格实盘新\position_book.py"", line 265, in save_to_csv |     self._check_and_log_removals(path) | "
2026-04-01 14:23:11,filled状态清理,1775024552268159_243,-82,0.994,100,2026-04-01 14:22:32,2026-04-01,1099033830,,1099033972,filled,0.995,-81
2026-04-01 14:23:11,filled状态清理,1775024564345640_244,-83,0.993,100,2026-04-01 14:22:44,2026-04-01,1099033892,,1099033984,filled,0.994,-82
2026-04-01 14:23:11,1775024552268159_243,-82,0.994,100,1099033972,filled,0.995,-81,"  File ""D:\pythonProject\数据源\src\网格\网格实盘新\grid_strategy.py"", line 627, in on_tick |     self._handle_level_event(current_level, grid_price, current_price) |   File ""D:\pythonProject\数据源\src\网格\网格实盘新\grid_strategy.py"", line 303, in _handle_level_event |     self._sync_positions_with_broker() |   File ""D:\pythonProject\数据源\src\网格\网格实盘新\grid_strategy.py"", line 1415, in _sync_positions_with_broker |     self.pos_book.save_to_csv() |   File ""D:\pythonProject\数据源\src\网格\网格实盘新\position_book.py"", line 265, in save_to_csv |     self._check_and_log_removals(path) | "
2026-04-01 14:23:11,1775024564345640_244,-83,0.993,100,1099033984,filled,0.994,-82,"  File ""D:\pythonProject\数据源\src\网格\网格实盘新\grid_strategy.py"", line 627, in on_tick |     self._handle_level_event(current_level, grid_price, current_price) |   File ""D:\pythonProject\数据源\src\网格\网格实盘新\grid_strategy.py"", line 303, in _handle_level_event |     self._sync_positions_with_broker() |   File ""D:\pythonProject\数据源\src\网格\网格实盘新\grid_strategy.py"", line 1415, in _sync_positions_with_broker |     self.pos_book.save_to_csv() |   File ""D:\pythonProject\数据源\src\网格\网格实盘新\position_book.py"", line 265, in save_to_csv |     self._check_and_log_removals(path) | "
2026-04-01 14:23:41,filled状态清理,1775024594276462_249,-86,0.99,100,2026-04-01 14:23:14,2026-04-01,1099034040,,1099034169,filled,0.991,-85
2026-04-01 14:23:41,1775024594276462_249,-86,0.99,100,1099034169,filled,0.991,-85,"  File ""D:\pythonProject\数据源\src\网格\网格实盘新\grid_strategy.py"", line 627, in on_tick |     self._handle_level_event(current_level, grid_price, current_price) |   File ""D:\pythonProject\数据源\src\网格\网格实盘新\grid_strategy.py"", line 303, in _handle_level_event |     self._sync_positions_with_broker() |   File ""D:\pythonProject\数据源\src\网格\网格实盘新\grid_strategy.py"", line 1415, in _sync_positions_with_broker |     self.pos_book.save_to_csv() |   File ""D:\pythonProject\数据源\src\网格\网格实盘新\position_book.py"", line 265, in save_to_csv |     self._check_and_log_removals(path) | "
2026-04-01 14:23:44,filled状态清理,1775024570272667_245,-85,0.991,100,2026-04-01 14:22:50,2026-04-01,1099033922,,1099034144,filled,0.992,-84
2026-04-01 14:23:44,1775024570272667_245,-85,0.991,100,1099034144,filled,0.992,-84,"  File ""D:\pythonProject\数据源\src\网格\网格实盘新\grid_strategy.py"", line 627, in on_tick |     self._handle_level_event(current_level, grid_price, current_price) |   File ""D:\pythonProject\数据源\src\网格\网格实盘新\grid_strategy.py"", line 303, in _handle_level_event |     self._sync_positions_with_broker() |   File ""D:\pythonProject\数据源\src\网格\网格实盘新\grid_strategy.py"", line 1415, in _sync_positions_with_broker |     self.pos_book.save_to_csv() |   File ""D:\pythonProject\数据源\src\网格\网格实盘新\position_book.py"", line 265, in save_to_csv |     self._check_and_log_removals(path) | "
2026-04-01 14:23:56,filled状态清理,1775024618329470_254,-86,0.99,100,2026-04-01 14:23:38,2026-04-01,1099034179,,1099034236,filled,0.991,-85
2026-04-01 14:23:56,1775024618329470_254,-86,0.99,100,1099034236,filled,0.991,-85,"  File ""D:\pythonProject\数据源\src\网格\网格实盘新\grid_strategy.py"", line 627, in on_tick |     self._handle_level_event(current_level, grid_price, current_price) |   File ""D:\pythonProject\数据源\src\网格\网格实盘新\grid_strategy.py"", line 303, in _handle_level_event |     self._sync_positions_with_broker() |   File ""D:\pythonProject\数据源\src\网格\网格实盘新\grid_strategy.py"", line 1415, in _sync_positions_with_broker |     self.pos_book.save_to_csv() |   File ""D:\pythonProject\数据源\src\网格\网格实盘新\position_book.py"", line 265, in save_to_csv |     self._check_and_log_removals(path) | "
2026-04-01 14:24:20,filled状态清理,1775024603263289_250,-87,0.989,100,2026-04-01 14:23:23,2026-04-01,1099034118,,1099034336,filled,0.99,-86
2026-04-01 14:24:20,1775024603263289_250,-87,0.989,100,1099034336,filled,0.99,-86,"  File ""D:\pythonProject\数据源\src\网格\网格实盘新\grid_strategy.py"", line 627, in on_tick |     self._handle_level_event(current_level, grid_price, current_price) |   File ""D:\pythonProject\数据源\src\网格\网格实盘新\grid_strategy.py"", line 303, in _handle_level_event |     self._sync_positions_with_broker() |   File ""D:\pythonProject\数据源\src\网格\网格实盘新\grid_strategy.py"", line 1415, in _sync_positions_with_broker |     self.pos_book.save_to_csv() |   File ""D:\pythonProject\数据源\src\网格\网格实盘新\position_book.py"", line 265, in save_to_csv |     self._check_and_log_removals(path) | "
2026-04-01 14:24:23,filled状态清理,1775024636270123_256,-86,0.99,100,2026-04-01 14:23:56,2026-04-01,1099034258,,1099034305,filled,0.991,-85
2026-04-01 14:24:23,1775024636270123_256,-86,0.99,100,1099034305,filled,0.991,-85,"  File ""D:\pythonProject\数据源\src\网格\网格实盘新\grid_strategy.py"", line 627, in on_tick |     self._handle_level_event(current_level, grid_price, current_price) |   File ""D:\pythonProject\数据源\src\网格\网格实盘新\grid_strategy.py"", line 303, in _handle_level_event |     self._sync_positions_with_broker() |   File ""D:\pythonProject\数据源\src\网格\网格实盘新\grid_strategy.py"", line 1415, in _sync_positions_with_broker |     self.pos_book.save_to_csv() |   File ""D:\pythonProject\数据源\src\网格\网格实盘新\position_book.py"", line 265, in save_to_csv |     self._check_and_log_removals(path) | "
2026-04-01 14:24:29,filled状态清理,1775024633263509_255,-85,0.991,100,2026-04-01 14:23:53,2026-04-01,1099034244,,1099034275,filled,0.992,-84
2026-04-01 14:24:29,1775024633263509_255,-85,0.991,100,1099034275,filled,0.992,-84,"  File ""D:\pythonProject\数据源\src\网格\网格实盘新\grid_strategy.py"", line 627, in on_tick |     self._handle_level_event(current_level, grid_price, current_price) |   File ""D:\pythonProject\数据源\src\网格\网格实盘新\grid_strategy.py"", line 303, in _handle_level_event |     self._sync_positions_with_broker() |   File ""D:\pythonProject\数据源\src\网格\网格实盘新\grid_strategy.py"", line 1415, in _sync_positions_with_broker |     self.pos_book.save_to_csv() |   File ""D:\pythonProject\数据源\src\网格\网格实盘新\position_book.py"", line 265, in save_to_csv |     self._check_and_log_removals(path) | "
2026-04-01 14:24:41,filled状态清理,1775024570308247_246,-84,0.992,100,2026-04-01 14:22:50,2026-04-01,1099033923,,1099034133,filled,0.993,-83
2026-04-01 14:24:41,1775024570308247_246,-84,0.992,100,1099034133,filled,0.993,-83,"  File ""D:\pythonProject\数据源\src\网格\网格实盘新\grid_strategy.py"", line 627, in on_tick |     self._handle_level_event(current_level, grid_price, current_price) |   File ""D:\pythonProject\数据源\src\网格\网格实盘新\grid_strategy.py"", line 303, in _handle_level_event |     self._sync_positions_with_broker() |   File ""D:\pythonProject\数据源\src\网格\网格实盘新\grid_strategy.py"", line 1415, in _sync_positions_with_broker |     self.pos_book.save_to_csv() |   File ""D:\pythonProject\数据源\src\网格\网格实盘新\position_book.py"", line 265, in save_to_csv |     self._check_and_log_removals(path) | "
2026-04-01 14:24:44,filled状态清理,1775024588324451_247,-83,0.993,100,2026-04-01 14:23:08,2026-04-01,1099034004,,1099034106,filled,0.994,-82
2026-04-01 14:24:44,1775024588324451_247,-83,0.993,100,1099034106,filled,0.994,-82,"  File ""D:\pythonProject\数据源\src\网格\网格实盘新\grid_strategy.py"", line 627, in on_tick |     self._handle_level_event(current_level, grid_price, current_price) |   File ""D:\pythonProject\数据源\src\网格\网格实盘新\grid_strategy.py"", line 303, in _handle_level_event |     self._sync_positions_with_broker() |   File ""D:\pythonProject\数据源\src\网格\网格实盘新\grid_strategy.py"", line 1415, in _sync_positions_with_broker |     self.pos_book.save_to_csv() |   File ""D:\pythonProject\数据源\src\网格\网格实盘新\position_book.py"", line 265, in save_to_csv |     self._check_and_log_removals(path) | "
2026-04-01 14:25:05,filled状态清理,1775024657293628_257,-87,0.989,100,2026-04-01 14:24:17,2026-04-01,1099034347,,1099034511,filled,0.99,-86
2026-04-01 14:25:05,1775024657293628_257,-87,0.989,100,1099034511,filled,0.99,-86,"  File ""D:\pythonProject\数据源\src\网格\网格实盘新\grid_strategy.py"", line 627, in on_tick |     self._handle_level_event(current_level, grid_price, current_price) |   File ""D:\pythonProject\数据源\src\网格\网格实盘新\grid_strategy.py"", line 303, in _handle_level_event |     self._sync_positions_with_broker() |   File ""D:\pythonProject\数据源\src\网格\网格实盘新\grid_strategy.py"", line 1415, in _sync_positions_with_broker |     self.pos_book.save_to_csv() |   File ""D:\pythonProject\数据源\src\网格\网格实盘新\position_book.py"", line 265, in save_to_csv |     self._check_and_log_removals(path) | "
2026-04-01 14:25:14,filled状态清理,1775024702264278_261,-87,0.989,100,2026-04-01 14:25:02,2026-04-01,1099034524,,1099034556,filled,0.99,-86
2026-04-01 14:25:14,1775024702264278_261,-87,0.989,100,1099034556,filled,0.99,-86,"  File ""D:\pythonProject\数据源\src\网格\网格实盘新\grid_strategy.py"", line 627, in on_tick |     self._handle_level_event(current_level, grid_price, current_price) |   File ""D:\pythonProject\数据源\src\网格\网格实盘新\grid_strategy.py"", line 303, in _handle_level_event |     self._sync_positions_with_broker() |   File ""D:\pythonProject\数据源\src\网格\网格实盘新\grid_strategy.py"", line 1415, in _sync_positions_with_broker |     self.pos_book.save_to_csv() |   File ""D:\pythonProject\数据源\src\网格\网格实盘新\position_book.py"", line 265, in save_to_csv |     self._check_and_log_removals(path) | "
2026-04-01 14:25:50,filled状态清理,1775024612323656_253,-88,0.988,100,2026-04-01 14:23:32,2026-04-01,1099034157,,1099034705,filled,0.989,-87
2026-04-01 14:25:50,1775024612323656_253,-88,0.988,100,1099034705,filled,0.989,-87,"  File ""D:\pythonProject\数据源\src\网格\网格实盘新\grid_strategy.py"", line 627, in on_tick |     self._handle_level_event(current_level, grid_price, current_price) |   File ""D:\pythonProject\数据源\src\网格\网格实盘新\grid_strategy.py"", line 303, in _handle_level_event |     self._sync_positions_with_broker() |   File ""D:\pythonProject\数据源\src\网格\网格实盘新\grid_strategy.py"", line 1415, in _sync_positions_with_broker |     self.pos_book.save_to_csv() |   File ""D:\pythonProject\数据源\src\网格\网格实盘新\position_book.py"", line 265, in save_to_csv |     self._check_and_log_removals(path) | "
2026-04-01 14:25:53,filled状态清理,1775024714277748_263,-87,0.989,100,2026-04-01 14:25:14,2026-04-01,1099034598,,1099034631,filled,0.99,-86
2026-04-01 14:25:53,1775024714277748_263,-87,0.989,100,1099034631,filled,0.99,-86,"  File ""D:\pythonProject\数据源\src\网格\网格实盘新\grid_strategy.py"", line 627, in on_tick |     self._handle_level_event(current_level, grid_price, current_price) |   File ""D:\pythonProject\数据源\src\网格\网格实盘新\grid_strategy.py"", line 303, in _handle_level_event |     self._sync_positions_with_broker() |   File ""D:\pythonProject\数据源\src\网格\网格实盘新\grid_strategy.py"", line 1415, in _sync_positions_with_broker |     self.pos_book.save_to_csv() |   File ""D:\pythonProject\数据源\src\网格\网格实盘新\position_book.py"", line 265, in save_to_csv |     self._check_and_log_removals(path) | "
2026-04-01 14:26:08,filled状态清理,1775024660303926_258,-86,0.99,100,2026-04-01 14:24:20,2026-04-01,1099034359,,1099034509,filled,0.991,-85
2026-04-01 14:26:08,1775024660303926_258,-86,0.99,100,1099034509,filled,0.991,-85,"  File ""D:\pythonProject\数据源\src\网格\网格实盘新\grid_strategy.py"", line 627, in on_tick |     self._handle_level_event(current_level, grid_price, current_price) |   File ""D:\pythonProject\数据源\src\网格\网格实盘新\grid_strategy.py"", line 303, in _handle_level_event |     self._sync_positions_with_broker() |   File ""D:\pythonProject\数据源\src\网格\网格实盘新\grid_strategy.py"", line 1415, in _sync_positions_with_broker |     self.pos_book.save_to_csv() |   File ""D:\pythonProject\数据源\src\网格\网格实盘新\position_book.py"", line 265, in save_to_csv |     self._check_and_log_removals(path) | "
