code,vol,name,decimal_point,pre_close,unknown1,market_name,market,ts_code
000001,100,平安银行,2,10.699999809265137,"[3735.4130859375, 12647, 9576]",SZ,MARKET.SZ,000001.SZ
000002,100,万 科Ａ,2,3.4700000286102295,"[5208.85595703125, 12656, 9587]",SZ,MARKET.SZ,000002.SZ
000004,100,*ST国华,2,2.759999990463257,"[45.5533332824707, 12656, 9614]",SZ,MARKET.SZ,000004.SZ
000006,100,深振业Ａ,2,10.460000038146973,"[2354.576171875, 12656, 9589]",SZ,MARKET.SZ,000006.SZ
000007,100,全新好,2,11.619999885559082,"[521.507080078125, 12654, 9090]",SZ,MARKET.SZ,000007.SZ
000008,100,神州高铁,2,2.609999895095825,"[1808.8997802734375, 12673, 9604]",SZ,MARKET.SZ,000008.SZ
000009,100,中国宝安,2,7.75,"[968.0623779296875, 12701, 9372]",SZ,MARKET.SZ,000009.SZ
000010,100,*ST美丽,2,2.3499999046325684,"[1639.7291259765625, 12654, 9615]",SZ,MARKET.SZ,000010.SZ
000011,100,深物业A,2,7.460000038146973,"[207.65647888183594, 12654, 9091]",SZ,MARKET.SZ,000011.SZ
000012,100,南 玻Ａ,2,4.0,"[1138.09033203125, 12695, 9569]",SZ,MARKET.SZ,000012.SZ
000014,100,沙河股份,2,11.1899995803833,"[246.79095458984375, 12657, 9091]",SZ,MARKET.SZ,000014.SZ
000016,100,*ST康佳A,2,3.259999990463257,"[1485.807861328125, 12655, 9091]",SZ,MARKET.SZ,000016.SZ
000017,100,深中华A,2,5.599999904632568,"[269.00714111328125, 12654, 9441]",SZ,MARKET.SZ,000017.SZ
000019,100,深粮控股,2,6.75,"[492.7673034667969, 12697, 9614]",SZ,MARKET.SZ,000019.SZ
000020,100,深华发Ａ,2,12.800000190734863,"[242.5, 12638, 6544]",SZ,MARKET.SZ,000020.SZ
000021,100,深科技,2,36.369998931884766,"[9222.5615234375, 12673, 9615]",SZ,MARKET.SZ,000021.SZ
000025,100,特 力Ａ,2,14.619999885559082,"[171.9497528076172, 12679, 9271]",SZ,MARKET.SZ,000025.SZ
000026,100,飞亚达,2,23.229999542236328,"[1026.6009521484375, 12683, 9569]",SZ,MARKET.SZ,000026.SZ
000027,100,深圳能源,2,7.25,"[3003.42578125, 12681, 9288]",SZ,MARKET.SZ,000027.SZ
000028,100,国药一致,2,23.899999618530273,"[87.734619140625, 12656, 9588]",SZ,MARKET.SZ,000028.SZ
000029,100,深深房Ａ,2,24.670000076293945,"[757.5109252929688, 12656, 8571]",SZ,MARKET.SZ,000029.SZ
000030,100,富奥股份,2,4.690000057220459,"[704.141357421875, 12699, 9608]",SZ,MARKET.SZ,000030.SZ
000031,100,大悦城,2,2.640000104904175,"[1440.16845703125, 12656, 9344]",SZ,MARKET.SZ,000031.SZ
000032,100,深桑达Ａ,2,19.1299991607666,"[1524.970458984375, 12652, 9614]",SZ,MARKET.SZ,000032.SZ
000034,100,神州数码,2,28.010000228881836,"[2291.740966796875, 12693, 9628]",SZ,MARKET.SZ,000034.SZ
000035,100,中国天楹,2,6.03000020980835,"[1753.0274658203125, 12655, 9615]",SZ,MARKET.SZ,000035.SZ
000036,100,华联控股,2,5.400000095367432,"[1626.4599609375, 12679, 9615]",SZ,MARKET.SZ,000036.SZ
000037,100,深南电A,2,9.609999656677246,"[1105.1761474609375, 12654, 9438]",SZ,MARKET.SZ,000037.SZ
000039,100,中集集团,2,10.1899995803833,"[3254.015380859375, 12654, 9317]",SZ,MARKET.SZ,000039.SZ
000042,100,中洲控股,2,10.020000457763672,"[249.0807342529297, 12672, 9604]",SZ,MARKET.SZ,000042.SZ
000045,100,深纺织Ａ,2,11.8100004196167,"[362.6575012207031, 12656, 9585]",SZ,MARKET.SZ,000045.SZ
000048,100,京基智农,2,13.680000305175781,"[375.9449157714844, 12656, 9608]",SZ,MARKET.SZ,000048.SZ
000049,100,德赛电池,2,26.420000076293945,"[483.4535827636719, 12671, 9637]",SZ,MARKET.SZ,000049.SZ
000050,100,深天马Ａ,2,7.599999904632568,"[1669.3878173828125, 12700, 9638]",SZ,MARKET.SZ,000050.SZ
000055,100,方大集团,2,3.509999990463257,"[606.8355102539062, 12652, 9594]",SZ,MARKET.SZ,000055.SZ
000056,100,*ST皇庭,2,1.3200000524520874,"[2268.215576171875, 12654, 9610]",SZ,MARKET.SZ,000056.SZ
000058,100,深 赛 格,2,7.53000020980835,"[309.56866455078125, 12679, 9636]",SZ,MARKET.SZ,000058.SZ
000059,100,华锦股份,2,4.75,"[1050.3870849609375, 12699, 9609]",SZ,MARKET.SZ,000059.SZ
000060,100,中金岭南,2,6.880000114440918,"[8260.50390625, 12657, 9608]",SZ,MARKET.SZ,000060.SZ
000061,100,农 产 品,2,6.480000019073486,"[685.56298828125, 12681, 9582]",SZ,MARKET.SZ,000061.SZ
000062,100,深圳华强,2,33.22999954223633,"[2538.57861328125, 12671, 9608]",SZ,MARKET.SZ,000062.SZ
000063,100,中兴通讯,2,34.83000183105469,"[5380.4853515625, 12682, 9562]",SZ,MARKET.SZ,000063.SZ
000065,100,北方国际,2,12.199999809265137,"[861.8033447265625, 12650, 9525]",SZ,MARKET.SZ,000065.SZ
000066,100,中国长城,2,20.299999237060547,"[16441.703125, 12699, 9615]",SZ,MARKET.SZ,000066.SZ
000068,100,华控赛格,2,3.130000114440918,"[843.4664916992188, 12652, 7049]",SZ,MARKET.SZ,000068.SZ
000069,100,华侨城Ａ,2,1.9600000381469727,"[1904.596923828125, 12673, 9586]",SZ,MARKET.SZ,000069.SZ
000070,100,特发信息,2,17.989999771118164,"[4507.56103515625, 12677, 9626]",SZ,MARKET.SZ,000070.SZ
000078,100,ST海王,2,1.7200000286102295,"[3463.027587890625, 12656, 9616]",SZ,MARKET.SZ,000078.SZ
000088,100,盐 田 港,2,4.489999771118164,"[1166.2589111328125, 12642, 9609]",SZ,MARKET.SZ,000088.SZ
000089,100,深圳机场,2,6.730000019073486,"[375.110107421875, 12644, 9610]",SZ,MARKET.SZ,000089.SZ
000090,100,天健集团,2,3.2699999809265137,"[646.0147094726562, 12654, 9607]",SZ,MARKET.SZ,000090.SZ
000096,100,广聚能源,2,8.640000343322754,"[244.35220336914062, 12654, 9316]",SZ,MARKET.SZ,000096.SZ
000099,100,中信海直,2,16.850000381469727,"[359.1399841308594, 12652, 9629]",SZ,MARKET.SZ,000099.SZ
000100,100,TCL科技,2,4.369999885559082,"[36913.53125, 12656, 9583]",SZ,MARKET.SZ,000100.SZ
000151,100,中成股份,2,11.420000076293945,"[349.5231628417969, 12701, 9575]",SZ,MARKET.SZ,000151.SZ
000153,100,丰原药业,2,5.940000057220459,"[256.4367370605469, 12654, 9615]",SZ,MARKET.SZ,000153.SZ
000155,100,川能动力,2,14.380000114440918,"[2194.585205078125, 12656, 9491]",SZ,MARKET.SZ,000155.SZ
000156,100,华数传媒,2,7.25,"[669.850830078125, 12650, 9365]",SZ,MARKET.SZ,000156.SZ
000157,100,中联重科,2,7.269999980926514,"[3275.83056640625, 12654, 9586]",SZ,MARKET.SZ,000157.SZ
000158,100,常山北明,2,15.420000076293945,"[1217.808349609375, 12656, 9589]",SZ,MARKET.SZ,000158.SZ
000159,100,国际实业,2,6.800000190734863,"[2194.874755859375, 12699, 9597]",SZ,MARKET.SZ,000159.SZ
000166,100,申万宏源,2,4.46999979019165,"[4426.43017578125, 12657, 9482]",SZ,MARKET.SZ,000166.SZ
000301,100,东方盛虹,2,12.520000457763672,"[1036.453369140625, 12654, 9588]",SZ,MARKET.SZ,000301.SZ
000333,100,美的集团,2,81.5,"[1460.9912109375, 12657, 9627]",SZ,MARKET.SZ,000333.SZ
000338,100,潍柴动力,2,32.279998779296875,"[4501.677734375, 12696, 9582]",SZ,MARKET.SZ,000338.SZ
000400,100,许继电气,2,25.93000030517578,"[1114.902099609375, 12618, 9597]",SZ,MARKET.SZ,000400.SZ
000401,100,金隅冀东,2,3.9600000381469727,"[370.933837890625, 12656, 9638]",SZ,MARKET.SZ,000401.SZ
000402,100,金 融 街,2,2.869999885559082,"[3485.41796875, 12669, 9615]",SZ,MARKET.SZ,000402.SZ
000403,100,派林生物,2,11.550000190734863,"[637.4622802734375, 12695, 9615]",SZ,MARKET.SZ,000403.SZ
000404,100,长虹华意,2,9.869999885559082,"[2036.383056640625, 12670, 9623]",SZ,MARKET.SZ,000404.SZ
000407,100,胜利股份,2,4.849999904632568,"[1445.3143310546875, 12652, 9580]",SZ,MARKET.SZ,000407.SZ
000408,100,藏格矿业,2,78.19000244140625,"[684.687255859375, 12691, 9633]",SZ,MARKET.SZ,000408.SZ
000409,100,云鼎科技,2,9.5,"[279.30810546875, 12642, 9595]",SZ,MARKET.SZ,000409.SZ
000410,100,沈阳机床,2,5.75,"[1244.5205078125, 12655, 9609]",SZ,MARKET.SZ,000410.SZ
000411,100,英特集团,2,11.90999984741211,"[636.3046875, 12699, 9609]",SZ,MARKET.SZ,000411.SZ
000415,100,渤海租赁,2,4.139999866485596,"[3528.274658203125, 12655, 9615]",SZ,MARKET.SZ,000415.SZ
000417,100,合百集团,2,9.3100004196167,"[3465.765625, 12654, 9315]",SZ,MARKET.SZ,000417.SZ
000419,100,通程控股,2,5.320000171661377,"[318.6426086425781, 12683, 9344]",SZ,MARKET.SZ,000419.SZ
000420,100,吉林化纤,2,4.670000076293945,"[4703.7431640625, 12654, 9615]",SZ,MARKET.SZ,000420.SZ
000421,100,南京公用,2,6.0,"[365.1282958984375, 12652, 9365]",SZ,MARKET.SZ,000421.SZ
000422,100,湖北宜化,2,14.40999984741211,"[1218.9071044921875, 12653, 9611]",SZ,MARKET.SZ,000422.SZ
000423,100,东阿阿胶,2,49.650001525878906,"[205.6992950439453, 12685, 9635]",SZ,MARKET.SZ,000423.SZ
000425,100,徐工机械,2,9.569999694824219,"[6330.1806640625, 12680, 9628]",SZ,MARKET.SZ,000425.SZ
000426,100,兴业银锡,2,39.86000061035156,"[3128.763916015625, 12656, 9369]",SZ,MARKET.SZ,000426.SZ
000428,100,华天酒店,2,3.759999990463257,"[625.4152221679688, 12652, 9369]",SZ,MARKET.SZ,000428.SZ
000429,100,粤高速Ａ,2,13.239999771118164,"[276.102294921875, 12656, 9569]",SZ,MARKET.SZ,000429.SZ
000430,100,张家界,2,7.360000133514404,"[847.92724609375, 12624, 9492]",SZ,MARKET.SZ,000430.SZ
000488,100,ST晨鸣,2,2.309999942779541,"[807.4956665039062, 12656, 9586]",SZ,MARKET.SZ,000488.SZ
000498,100,山东路桥,2,5.289999961853027,"[329.1499938964844, 12656, 9604]",SZ,MARKET.SZ,000498.SZ
000501,100,武商集团,2,7.570000171661377,"[291.0749206542969, 12656, 9632]",SZ,MARKET.SZ,000501.SZ
000503,100,国新健康,2,7.28000020980835,"[564.2681274414062, 12654, 9440]",SZ,MARKET.SZ,000503.SZ
000504,100,*ST生物,2,9.25,"[128.3344268798828, 12654, 9615]",SZ,MARKET.SZ,000504.SZ
000505,100,京粮控股,2,6.159999847412109,"[594.1962890625, 12681, 9583]",SZ,MARKET.SZ,000505.SZ
000506,100,招金黄金,2,13.949999809265137,"[1247.9453125, 12671, 9596]",SZ,MARKET.SZ,000506.SZ
000507,100,珠海港,2,5.190000057220459,"[728.405029296875, 12699, 9615]",SZ,MARKET.SZ,000507.SZ
000509,100,华塑控股,2,3.799999952316284,"[1747.4259033203125, 12656, 9091]",SZ,MARKET.SZ,000509.SZ
000510,100,新金路,2,13.579999923706055,"[1919.740234375, 12695, 9611]",SZ,MARKET.SZ,000510.SZ
000513,100,丽珠集团,2,31.010000228881836,"[174.49449157714844, 12644, 9580]",SZ,MARKET.SZ,000513.SZ
000514,100,渝 开 发,2,4.449999809265137,"[433.8804016113281, 12646, 9091]",SZ,MARKET.SZ,000514.SZ
000516,100,国际医学,2,4.440000057220459,"[945.0482177734375, 12644, 9610]",SZ,MARKET.SZ,000516.SZ
000517,100,荣安地产,2,1.840000033378601,"[907.06884765625, 12654, 9091]",SZ,MARKET.SZ,000517.SZ
000518,100,四环生物,2,3.75,"[2783.641357421875, 12686, 6544]",SZ,MARKET.SZ,000518.SZ
000519,100,中兵红箭,2,16.81999969482422,"[973.8881225585938, 12671, 9091]",SZ,MARKET.SZ,000519.SZ
000520,100,凤凰航运,2,3.859999895095825,"[680.343994140625, 12686, 9491]",SZ,MARKET.SZ,000520.SZ
000521,100,长虹美菱,2,5.480000019073486,"[281.2590026855469, 12672, 9624]",SZ,MARKET.SZ,000521.SZ
000523,100,红棉股份,2,3.2200000286102295,"[1324.612548828125, 12695, 9491]",SZ,MARKET.SZ,000523.SZ
000524,100,岭南控股,2,9.170000076293945,"[287.1713562011719, 12652, 9583]",SZ,MARKET.SZ,000524.SZ
000525,100,红太阳,2,5.019999980926514,"[762.9552612304688, 12652, 9461]",SZ,MARKET.SZ,000525.SZ
000526,100,学大教育,2,31.399999618530273,"[75.75001525878906, 12652, 9614]",SZ,MARKET.SZ,000526.SZ
000528,100,柳 工,2,9.09000015258789,"[1440.7398681640625, 12646, 9611]",SZ,MARKET.SZ,000528.SZ
000529,100,广弘控股,2,5.269999980926514,"[166.73707580566406, 12650, 9301]",SZ,MARKET.SZ,000529.SZ
000530,100,冰山冷热,2,5.670000076293945,"[871.4518432617188, 12683, 9610]",SZ,MARKET.SZ,000530.SZ
000531,100,穗恒运Ａ,2,6.96999979019165,"[1188.082275390625, 12656, 9489]",SZ,MARKET.SZ,000531.SZ
000532,100,华金资本,2,12.399999618530273,"[414.7685241699219, 12646, 9289]",SZ,MARKET.SZ,000532.SZ
000533,100,顺钠股份,2,12.109999656677246,"[2592.812255859375, 12656, 7412]",SZ,MARKET.SZ,000533.SZ
000534,100,万泽股份,2,35.7599983215332,"[758.088623046875, 12673, 9624]",SZ,MARKET.SZ,000534.SZ
000536,100,华映科技,2,4.289999961853027,"[2741.711669921875, 12685, 9614]",SZ,MARKET.SZ,000536.SZ
000537,100,绿发电力,2,10.1899995803833,"[2690.774169921875, 12652, 9579]",SZ,MARKET.SZ,000537.SZ
000538,100,云南白药,2,50.130001068115234,"[253.04522705078125, 12656, 9610]",SZ,MARKET.SZ,000538.SZ
000539,100,粤电力Ａ,2,6.440000057220459,"[5422.67236328125, 12656, 9438]",SZ,MARKET.SZ,000539.SZ
000541,100,佛山照明,2,5.110000133514404,"[430.7547607421875, 12652, 9603]",SZ,MARKET.SZ,000541.SZ
000543,100,皖能电力,2,8.460000038146973,"[3499.31298828125, 12671, 9299]",SZ,MARKET.SZ,000543.SZ
000544,100,中原环保,2,8.029999732971191,"[171.71363830566406, 12655, 9279]",SZ,MARKET.SZ,000544.SZ
000545,100,金浦钛业,2,2.5999999046325684,"[1876.136962890625, 12684, 7874]",SZ,MARKET.SZ,000545.SZ
000546,100,金圆股份,2,6.010000228881836,"[2344.50830078125, 12656, 9246]",SZ,MARKET.SZ,000546.SZ
000547,100,航天发展,2,23.40999984741211,"[4140.47900390625, 12695, 9485]",SZ,MARKET.SZ,000547.SZ
000548,100,湖南投资,2,5.139999866485596,"[494.93536376953125, 12699, 9590]",SZ,MARKET.SZ,000548.SZ
000550,100,江铃汽车,2,17.700000762939453,"[152.55178833007812, 12646, 9356]",SZ,MARKET.SZ,000550.SZ
000551,100,创元科技,2,17.34000015258789,"[1260.2943115234375, 12654, 9594]",SZ,MARKET.SZ,000551.SZ
000552,100,甘肃能化,2,2.640000104904175,"[3227.518310546875, 12695, 9614]",SZ,MARKET.SZ,000552.SZ
000553,100,安道麦A,2,6.420000076293945,"[683.65380859375, 12697, 9438]",SZ,MARKET.SZ,000553.SZ
000554,100,泰山石油,2,7.309999942779541,"[837.8895874023438, 12673, 9420]",SZ,MARKET.SZ,000554.SZ
000555,100,神州信息,2,12.989999771118164,"[863.6669311523438, 12652, 9631]",SZ,MARKET.SZ,000555.SZ
000557,100,西部创业,2,4.360000133514404,"[340.90313720703125, 12654, 9491]",SZ,MARKET.SZ,000557.SZ
000558,100,天府文旅,2,3.7100000381469727,"[1012.08935546875, 12699, 9091]",SZ,MARKET.SZ,000558.SZ
000559,100,万向钱潮,2,18.09000015258789,"[6825.51416015625, 12646, 9628]",SZ,MARKET.SZ,000559.SZ
000560,100,我爱我家,2,2.8399999141693115,"[4930.23291015625, 12679, 9607]",SZ,MARKET.SZ,000560.SZ
000561,100,烽火电子,2,8.789999961853027,"[415.1571350097656, 12656, 9615]",SZ,MARKET.SZ,000561.SZ
000563,100,陕国投Ａ,2,3.059999942779541,"[1554.4185791015625, 12699, 9608]",SZ,MARKET.SZ,000563.SZ
000564,100,供销大集,2,1.559999942779541,"[8644.32421875, 12695, 9586]",SZ,MARKET.SZ,000564.SZ
000565,100,渝三峡Ａ,2,7.5,"[514.8070068359375, 12646, 9308]",SZ,MARKET.SZ,000565.SZ
000566,100,海南海药,2,4.269999980926514,"[1008.2196655273438, 12652, 9490]",SZ,MARKET.SZ,000566.SZ
000567,100,海德股份,2,6.179999828338623,"[1024.538818359375, 12654, 9615]",SZ,MARKET.SZ,000567.SZ
000568,100,泸州老窖,2,91.41999816894531,"[440.23779296875, 12654, 9540]",SZ,MARKET.SZ,000568.SZ
000570,100,苏常柴Ａ,2,6.03000020980835,"[677.0595703125, 12679, 9629]",SZ,MARKET.SZ,000570.SZ
000571,100,新大洲A,2,5.699999809265137,"[1600.7431640625, 12656, 9615]",SZ,MARKET.SZ,000571.SZ
000572,100,海马汽车,2,4.840000152587891,"[1692.5950927734375, 12699, 9369]",SZ,MARKET.SZ,000572.SZ
000573,100,粤宏远Ａ,2,4.449999809265137,"[1193.46142578125, 12699, 9288]",SZ,MARKET.SZ,000573.SZ
000576,100,甘化科工,2,8.09000015258789,"[386.5041809082031, 12656, 9606]",SZ,MARKET.SZ,000576.SZ
000581,100,威孚高科,2,19.860000610351562,"[530.8701782226562, 12644, 9603]",SZ,MARKET.SZ,000581.SZ
000582,100,北部湾港,2,12.5600004196167,"[2235.25732421875, 12652, 9636]",SZ,MARKET.SZ,000582.SZ
000586,100,汇源通信,2,17.979999542236328,"[873.2942504882812, 12652, 9608]",SZ,MARKET.SZ,000586.SZ
000589,100,贵州轮胎,2,4.710000038146973,"[1252.0557861328125, 12673, 9561]",SZ,MARKET.SZ,000589.SZ
000590,100,古汉医药,2,10.1899995803833,"[180.9975128173828, 12652, 9586]",SZ,MARKET.SZ,000590.SZ
000591,100,太阳能,2,5.849999904632568,"[8377.6591796875, 12682, 9629]",SZ,MARKET.SZ,000591.SZ
000592,100,平潭发展,2,10.0,"[6864.93408203125, 12687, 9034]",SZ,MARKET.SZ,000592.SZ
000593,100,德龙汇能,2,23.450000762939453,"[1208.8887939453125, 12646, 9091]",SZ,MARKET.SZ,000593.SZ
000595,100,*ST宝实,2,7.550000190734863,"[996.443359375, 12647, 9491]",SZ,MARKET.SZ,000595.SZ
000596,100,古井贡酒,2,94.98999786376953,"[111.17240905761719, 12699, 9528]",SZ,MARKET.SZ,000596.SZ
000597,100,东北制药,2,4.849999904632568,"[428.1445617675781, 12652, 9589]",SZ,MARKET.SZ,000597.SZ
000598,100,兴蓉环境,2,6.550000190734863,"[1300.4840087890625, 12652, 9614]",SZ,MARKET.SZ,000598.SZ
000599,100,青岛双星,2,5.449999809265137,"[732.5018310546875, 12655, 9615]",SZ,MARKET.SZ,000599.SZ
000600,100,建投能源,2,10.130000114440918,"[3415.67919921875, 12654, 9615]",SZ,MARKET.SZ,000600.SZ
000601,100,韶能股份,2,7.260000228881836,"[7207.51513671875, 12644, 9610]",SZ,MARKET.SZ,000601.SZ
000603,100,盛达资源,2,32.400001525878906,"[811.06689453125, 12699, 9292]",SZ,MARKET.SZ,000603.SZ
000605,100,渤海股份,2,6.610000133514404,"[226.09300231933594, 12654, 9373]",SZ,MARKET.SZ,000605.SZ
000607,100,华媒控股,2,3.75,"[662.8517456054688, 12656, 9610]",SZ,MARKET.SZ,000607.SZ
000608,100,阳光股份,2,3.9600000381469727,"[1215.078125, 12654, 9539]",SZ,MARKET.SZ,000608.SZ
000609,100,*ST中迪,2,14.819999694824219,"[766.0653076171875, 12656, 9363]",SZ,MARKET.SZ,000609.SZ
000610,100,*ST西旅,2,7.5,"[247.76080322265625, 12644, 9610]",SZ,MARKET.SZ,000610.SZ
000612,100,焦作万方,2,11.850000381469727,"[1780.3541259765625, 12701, 9635]",SZ,MARKET.SZ,000612.SZ
000615,100,*ST美谷,2,3.4700000286102295,"[592.6476440429688, 12650, 9613]",SZ,MARKET.SZ,000615.SZ
000617,100,中油资本,2,8.25,"[4943.22265625, 12651, 9492]",SZ,MARKET.SZ,000617.SZ
000619,100,海螺新材,2,5.760000228881836,"[317.5184631347656, 12646, 9091]",SZ,MARKET.SZ,000619.SZ
000620,100,盈新发展,2,3.069999933242798,"[17298.90625, 12654, 9615]",SZ,MARKET.SZ,000620.SZ
000623,100,吉林敖东,2,17.520000457763672,"[485.25946044921875, 12656, 9604]",SZ,MARKET.SZ,000623.SZ
000625,100,长安汽车,2,8.470000267028809,"[4518.18017578125, 12652, 9597]",SZ,MARKET.SZ,000625.SZ
000626,100,远大控股,2,7.909999847412109,"[471.314453125, 12657, 9610]",SZ,MARKET.SZ,000626.SZ
000628,100,高新发展,2,58.060001373291016,"[664.276123046875, 12681, 9361]",SZ,MARKET.SZ,000628.SZ
000629,100,钒钛股份,2,3.4800000190734863,"[5448.8662109375, 12671, 9608]",SZ,MARKET.SZ,000629.SZ
000630,100,铜陵有色,2,5.78000020980835,"[12364.9814453125, 12655, 9606]",SZ,MARKET.SZ,000630.SZ
000631,100,顺发恒能,2,3.180000066757202,"[1304.2176513671875, 12679, 9636]",SZ,MARKET.SZ,000631.SZ
000632,100,ST三木,2,3.9200000762939453,"[1276.459716796875, 12685, 8638]",SZ,MARKET.SZ,000632.SZ
000633,100,合金投资,2,6.0,"[404.9361572265625, 12638, 9607]",SZ,MARKET.SZ,000633.SZ
000635,100,英 力 特,2,7.329999923706055,"[284.0786437988281, 12683, 9553]",SZ,MARKET.SZ,000635.SZ
000636,100,风华高科,2,34.20000076293945,"[4751.1064453125, 12679, 9607]",SZ,MARKET.SZ,000636.SZ
000637,100,茂化实华,2,4.429999828338623,"[396.2615051269531, 12655, 9615]",SZ,MARKET.SZ,000637.SZ
000638,100,*ST万方,2,0.8899999856948853,"[55.76583480834961, 12654, 9615]",SZ,MARKET.SZ,000638.SZ
000639,100,ST西王,2,1.5499999523162842,"[2767.965087890625, 12654, 9615]",SZ,MARKET.SZ,000639.SZ
000650,100,仁和药业,2,5.409999847412109,"[462.60540771484375, 12652, 9291]",SZ,MARKET.SZ,000650.SZ
000651,100,格力电器,2,38.86000061035156,"[1664.7872314453125, 12654, 9615]",SZ,MARKET.SZ,000651.SZ
000652,100,泰达股份,2,3.75,"[1209.6082763671875, 12698, 9637]",SZ,MARKET.SZ,000652.SZ
000655,100,金岭矿业,2,7.360000133514404,"[310.4906005859375, 12701, 9454]",SZ,MARKET.SZ,000655.SZ
000656,100,*ST金科,2,1.4500000476837158,"[4076.397705078125, 12652, 9614]",SZ,MARKET.SZ,000656.SZ
000657,100,中钨高新,2,56.709999084472656,"[3040.79833984375, 12651, 9613]",SZ,MARKET.SZ,000657.SZ
000659,100,珠海中富,2,4.130000114440918,"[1726.718505859375, 12652, 7412]",SZ,MARKET.SZ,000659.SZ
000661,100,长春高新,2,80.5999984741211,"[182.17254638671875, 12640, 9632]",SZ,MARKET.SZ,000661.SZ
000663,100,永安林业,2,6.309999942779541,"[228.79751586914062, 12700, 9221]",SZ,MARKET.SZ,000663.SZ
000665,100,湖北广电,2,4.659999847412109,"[1101.953125, 12680, 9610]",SZ,MARKET.SZ,000665.SZ
000668,100,*ST荣控,2,17.399999618530273,"[119.5755615234375, 12682, 8768]",SZ,MARKET.SZ,000668.SZ
000669,100,ST金鸿,2,4.389999866485596,"[220.9429931640625, 12656, 8153]",SZ,MARKET.SZ,000669.SZ
000670,100,盈方微,2,8.09000015258789,"[2781.60107421875, 12638, 9586]",SZ,MARKET.SZ,000670.SZ
000672,100,上峰水泥,2,18.09000015258789,"[2173.802734375, 12669, 9638]",SZ,MARKET.SZ,000672.SZ
000676,100,智度股份,2,6.800000190734863,"[929.3037719726562, 12654, 9615]",SZ,MARKET.SZ,000676.SZ
000677,100,ST海龙,2,2.259999990463257,"[1648.4512939453125, 12656, 6811]",SZ,MARKET.SZ,000677.SZ
000678,100,襄阳轴承,2,12.350000381469727,"[1201.0970458984375, 12682, 7144]",SZ,MARKET.SZ,000678.SZ
000679,100,大连友谊,2,6.679999828338623,"[259.0946044921875, 12656, 7910]",SZ,MARKET.SZ,000679.SZ
000680,100,山推股份,2,11.5600004196167,"[817.0803833007812, 12657, 9570]",SZ,MARKET.SZ,000680.SZ
000681,100,视觉中国,2,20.56999969482422,"[1501.140380859375, 12656, 9586]",SZ,MARKET.SZ,000681.SZ
000682,100,东方电子,2,13.260000228881836,"[1594.45361328125, 12654, 9610]",SZ,MARKET.SZ,000682.SZ
000683,100,博源化工,2,7.46999979019165,"[1974.3104248046875, 12638, 9607]",SZ,MARKET.SZ,000683.SZ
000685,100,中山公用,2,12.34000015258789,"[2897.022216796875, 12669, 9320]",SZ,MARKET.SZ,000685.SZ
000686,100,东北证券,2,8.109999656677246,"[1152.430419921875, 12701, 9637]",SZ,MARKET.SZ,000686.SZ
000688,100,国城矿业,2,43.650001525878906,"[1358.89013671875, 12656, 9605]",SZ,MARKET.SZ,000688.SZ
000690,100,宝新能源,2,5.170000076293945,"[5333.412109375, 12698, 9631]",SZ,MARKET.SZ,000690.SZ
000691,100,*ST亚太,2,8.25,"[285.66217041015625, 12672, 9587]",SZ,MARKET.SZ,000691.SZ
000692,100,惠天热电,2,4.800000190734863,"[689.2401733398438, 12654, 9250]",SZ,MARKET.SZ,000692.SZ
000695,100,滨海能源,2,15.369999885559082,"[1140.3333740234375, 12655, 9601]",SZ,MARKET.SZ,000695.SZ
000697,100,炼石航空,2,11.729999542236328,"[1169.0302734375, 12652, 9575]",SZ,MARKET.SZ,000697.SZ
000698,100,ST沈化,2,3.5799999237060547,"[257.34405517578125, 12646, 9583]",SZ,MARKET.SZ,000698.SZ
000700,100,模塑科技,2,15.09000015258789,"[4363.75732421875, 12656, 9495]",SZ,MARKET.SZ,000700.SZ
000701,100,厦门信达,2,5.619999885559082,"[615.3345947265625, 12644, 9610]",SZ,MARKET.SZ,000701.SZ
000702,100,正虹科技,2,6.46999979019165,"[398.3467102050781, 12656, 9091]",SZ,MARKET.SZ,000702.SZ
000703,100,恒逸石化,2,14.020000457763672,"[1720.9952392578125, 12696, 9636]",SZ,MARKET.SZ,000703.SZ
000705,100,浙江震元,2,7.289999961853027,"[242.4308319091797, 12655, 9615]",SZ,MARKET.SZ,000705.SZ
000707,100,双环科技,2,5.230000019073486,"[367.10833740234375, 12655, 9554]",SZ,MARKET.SZ,000707.SZ
000708,100,中信特钢,2,14.050000190734863,"[551.038818359375, 12686, 9631]",SZ,MARKET.SZ,000708.SZ
000709,100,河钢股份,2,2.200000047683716,"[3860.508056640625, 12679, 9321]",SZ,MARKET.SZ,000709.SZ
000710,100,贝瑞基因,2,9.569999694824219,"[527.02685546875, 12656, 9615]",SZ,MARKET.SZ,000710.SZ
000711,100,ST京蓝,2,5.510000228881836,"[5276.42431640625, 12653, 9614]",SZ,MARKET.SZ,000711.SZ
000712,100,锦龙股份,2,10.390000343322754,"[1748.4169921875, 12655, 9371]",SZ,MARKET.SZ,000712.SZ
000713,100,国投丰乐,2,5.960000038146973,"[249.35293579101562, 12699, 9516]",SZ,MARKET.SZ,000713.SZ
000715,100,中兴商业,2,5.230000019073486,"[418.1474304199219, 12699, 9587]",SZ,MARKET.SZ,000715.SZ
000716,100,黑芝麻,2,5.519999980926514,"[1833.3157958984375, 12698, 9614]",SZ,MARKET.SZ,000716.SZ
000717,100,中南股份,2,2.2699999809265137,"[746.828857421875, 12644, 9610]",SZ,MARKET.SZ,000717.SZ
000718,100,苏宁环球,2,1.9600000381469727,"[1273.1959228515625, 12656, 9615]",SZ,MARKET.SZ,000718.SZ
000719,100,中原传媒,2,13.699999809265137,"[253.49429321289062, 12699, 9302]",SZ,MARKET.SZ,000719.SZ
000720,100,新能泰山,2,4.900000095367432,"[4165.48388671875, 12685, 8643]",SZ,MARKET.SZ,000720.SZ
000721,100,西安饮食,2,6.489999771118164,"[422.2147216796875, 12644, 9155]",SZ,MARKET.SZ,000721.SZ
000722,100,湖南发展,2,13.529999732971191,"[1128.426025390625, 12701, 9614]",SZ,MARKET.SZ,000722.SZ
000723,100,美锦能源,2,3.9600000381469727,"[1997.1729736328125, 12646, 9611]",SZ,MARKET.SZ,000723.SZ
000725,100,京东方Ａ,2,4.690000057220459,"[34578.7265625, 12656, 9587]",SZ,MARKET.SZ,000725.SZ
000726,100,鲁 泰Ａ,2,5.940000057220459,"[414.7220458984375, 12656, 9604]",SZ,MARKET.SZ,000726.SZ
000727,100,冠捷科技,2,2.8399999141693115,"[7190.146484375, 12684, 8780]",SZ,MARKET.SZ,000727.SZ
000728,100,国元证券,2,7.289999961853027,"[2471.50634765625, 12699, 9607]",SZ,MARKET.SZ,000728.SZ
000729,100,燕京啤酒,2,12.430000305175781,"[1494.6563720703125, 12699, 9488]",SZ,MARKET.SZ,000729.SZ
000731,100,四川美丰,2,6.269999980926514,"[412.8233337402344, 12679, 9614]",SZ,MARKET.SZ,000731.SZ
000733,100,振华科技,2,45.720001220703125,"[637.3079223632812, 12654, 9615]",SZ,MARKET.SZ,000733.SZ
000735,100,罗 牛 山,2,5.889999866485596,"[669.0548706054688, 12701, 9629]",SZ,MARKET.SZ,000735.SZ
000736,100,*ST中地,2,5.360000133514404,"[276.8121643066406, 12682, 9505]",SZ,MARKET.SZ,000736.SZ
000737,100,北方铜业,2,13.510000228881836,"[1980.84228515625, 12701, 9611]",SZ,MARKET.SZ,000737.SZ
000738,100,航发控制,2,21.09000015258789,"[952.4766235351562, 12683, 9582]",SZ,MARKET.SZ,000738.SZ
000739,100,普洛药业,2,16.979999542236328,"[677.6641845703125, 12638, 9608]",SZ,MARKET.SZ,000739.SZ
000750,100,国海证券,2,3.7899999618530273,"[2144.85498046875, 12701, 9441]",SZ,MARKET.SZ,000750.SZ
000751,100,锌业股份,2,5.239999771118164,"[2646.04345703125, 12644, 9491]",SZ,MARKET.SZ,000751.SZ
000752,100,*ST西发,2,8.90999984741211,"[193.28836059570312, 12698, 7858]",SZ,MARKET.SZ,000752.SZ
000753,100,漳州发展,2,5.989999771118164,"[684.2571411132812, 12646, 9470]",SZ,MARKET.SZ,000753.SZ
000755,100,山西高速,2,5.090000152587891,"[342.991455078125, 12646, 9293]",SZ,MARKET.SZ,000755.SZ
000756,100,新华制药,2,14.09000015258789,"[184.136474609375, 12654, 9585]",SZ,MARKET.SZ,000756.SZ
000757,100,浩物股份,2,4.349999904632568,"[592.3303833007812, 12701, 9611]",SZ,MARKET.SZ,000757.SZ
000758,100,中色股份,2,6.71999979019165,"[1877.6507568359375, 12687, 9631]",SZ,MARKET.SZ,000758.SZ
000759,100,中百集团,2,4.920000076293945,"[1195.266845703125, 12679, 9608]",SZ,MARKET.SZ,000759.SZ
000761,100,本钢板材,2,2.5299999713897705,"[652.8285522460938, 12652, 9590]",SZ,MARKET.SZ,000761.SZ
000762,100,西藏矿业,2,31.25,"[1168.8472900390625, 12671, 9596]",SZ,MARKET.SZ,000762.SZ
000766,100,通化金马,2,23.06999969482422,"[483.9034729003906, 12652, 9239]",SZ,MARKET.SZ,000766.SZ
000767,100,晋控电力,2,4.429999828338623,"[14686.8974609375, 12679, 9091]",SZ,MARKET.SZ,000767.SZ
000768,100,中航西飞,2,22.31999969482422,"[1421.0787353515625, 12701, 9608]",SZ,MARKET.SZ,000768.SZ
000776,100,广发证券,2,19.31999969482422,"[2216.8095703125, 12653, 9511]",SZ,MARKET.SZ,000776.SZ
000777,100,中核科技,2,18.350000381469727,"[336.22314453125, 12652, 9442]",SZ,MARKET.SZ,000777.SZ
000778,100,新兴铸管,2,4.230000019073486,"[1781.81884765625, 12652, 9596]",SZ,MARKET.SZ,000778.SZ
000779,100,甘咨询,2,7.659999847412109,"[321.0212707519531, 12701, 9610]",SZ,MARKET.SZ,000779.SZ
000782,100,恒申新材,2,7.699999809265137,"[1766.8726806640625, 12656, 9091]",SZ,MARKET.SZ,000782.SZ
000783,100,长江证券,2,8.369999885559082,"[5307.1435546875, 12657, 9287]",SZ,MARKET.SZ,000783.SZ
000785,100,居然智家,2,2.359999895095825,"[1434.4837646484375, 12682, 9615]",SZ,MARKET.SZ,000785.SZ
000786,100,北新建材,2,23.889999389648438,"[611.8388671875, 12701, 9581]",SZ,MARKET.SZ,000786.SZ
000788,100,北大医药,2,5.460000038146973,"[709.4964599609375, 12652, 9558]",SZ,MARKET.SZ,000788.SZ
000789,100,万年青,2,4.570000171661377,"[167.25628662109375, 12652, 9588]",SZ,MARKET.SZ,000789.SZ
000790,100,华神科技,2,4.210000038146973,"[904.8026123046875, 12656, 9586]",SZ,MARKET.SZ,000790.SZ
000791,100,甘肃能源,2,8.75,"[3390.28466796875, 12656, 9631]",SZ,MARKET.SZ,000791.SZ
000792,100,盐湖股份,2,32.279998779296875,"[4403.98876953125, 12657, 9586]",SZ,MARKET.SZ,000792.SZ
000793,100,*ST华闻,2,2.6600000858306885,"[996.1266479492188, 12672, 8507]",SZ,MARKET.SZ,000793.SZ
000795,100,英洛华,2,8.890000343322754,"[638.6480712890625, 12644, 9576]",SZ,MARKET.SZ,000795.SZ
000796,100,凯撒旅业,2,4.800000190734863,"[1785.7845458984375, 12655, 9615]",SZ,MARKET.SZ,000796.SZ
000797,100,中国武夷,2,2.5899999141693115,"[960.1190185546875, 12652, 9610]",SZ,MARKET.SZ,000797.SZ
000798,100,中水渔业,2,8.65999984741211,"[258.68609619140625, 12671, 9582]",SZ,MARKET.SZ,000798.SZ
000799,100,酒鬼酒,2,41.77000045776367,"[381.529296875, 12654, 9615]",SZ,MARKET.SZ,000799.SZ
000800,100,一汽解放,2,6.139999866485596,"[769.9539794921875, 12656, 9583]",SZ,MARKET.SZ,000800.SZ
000801,100,四川九洲,2,13.5,"[816.4362182617188, 12652, 9587]",SZ,MARKET.SZ,000801.SZ
000802,100,北京文化,2,5.0,"[1910.0223388671875, 12646, 9604]",SZ,MARKET.SZ,000802.SZ
000803,100,山高环能,2,7.869999885559082,"[517.7582397460938, 12654, 9615]",SZ,MARKET.SZ,000803.SZ
000807,100,云铝股份,2,29.989999771118164,"[2784.049072265625, 12644, 9583]",SZ,MARKET.SZ,000807.SZ
000809,100,和展能源,2,4.0,"[1652.4862060546875, 12673, 7412]",SZ,MARKET.SZ,000809.SZ
000810,100,创维数字,2,12.5600004196167,"[726.326171875, 12701, 9583]",SZ,MARKET.SZ,000810.SZ
000811,100,冰轮环境,2,35.189998626708984,"[2373.76611328125, 12656, 9597]",SZ,MARKET.SZ,000811.SZ
000812,100,陕西金叶,2,3.799999952316284,"[684.9280395507812, 12644, 9610]",SZ,MARKET.SZ,000812.SZ
000813,100,德展健康,2,3.809999942779541,"[3707.05615234375, 12646, 9611]",SZ,MARKET.SZ,000813.SZ
000815,100,美利云,2,18.649999618530273,"[3250.39013671875, 12644, 7412]",SZ,MARKET.SZ,000815.SZ
000816,100,智慧农业,2,2.680000066757202,"[1259.249267578125, 12646, 9597]",SZ,MARKET.SZ,000816.SZ
000818,100,航锦科技,2,14.619999885559082,"[1587.8885498046875, 12654, 9490]",SZ,MARKET.SZ,000818.SZ
000819,100,岳阳兴长,2,15.350000381469727,"[452.9539794921875, 12652, 9607]",SZ,MARKET.SZ,000819.SZ
000820,100,*ST节能,2,3.700000047683716,"[249.26416015625, 12655, 9345]",SZ,MARKET.SZ,000820.SZ
000821,100,ST京机,2,9.680000305175781,"[754.3399047851562, 12646, 9365]",SZ,MARKET.SZ,000821.SZ
000822,100,山东海化,2,5.070000171661377,"[856.5975952148438, 12646, 9091]",SZ,MARKET.SZ,000822.SZ
000823,100,超声电子,2,15.229999542236328,"[1305.18310546875, 12646, 9616]",SZ,MARKET.SZ,000823.SZ
000825,100,太钢不锈,2,3.890000104904175,"[1421.1536865234375, 12652, 9614]",SZ,MARKET.SZ,000825.SZ
000826,100,*ST启环,2,2.1500000953674316,"[2766.801025390625, 12669, 9615]",SZ,MARKET.SZ,000826.SZ
000828,100,东莞控股,2,10.020000457763672,"[211.01809692382812, 12701, 9629]",SZ,MARKET.SZ,000828.SZ
000829,100,天音控股,2,9.529999732971191,"[1085.072021484375, 12695, 9295]",SZ,MARKET.SZ,000829.SZ
000830,100,鲁西化工,2,13.430000305175781,"[1679.350341796875, 12654, 9615]",SZ,MARKET.SZ,000830.SZ
000831,100,中国稀土,2,51.15999984741211,"[1761.148681640625, 12693, 9091]",SZ,MARKET.SZ,000831.SZ
000833,100,粤桂股份,2,25.270000457763672,"[2136.519287109375, 12644, 9637]",SZ,MARKET.SZ,000833.SZ
000837,100,秦川机床,2,12.680000305175781,"[1857.1112060546875, 12656, 9582]",SZ,MARKET.SZ,000837.SZ
000838,100,*ST发展,2,1.7999999523162842,"[1594.233154296875, 12656, 8642]",SZ,MARKET.SZ,000838.SZ
000839,100,国安股份,2,3.180000066757202,"[10055.1259765625, 12679, 7844]",SZ,MARKET.SZ,000839.SZ
000848,100,承德露露,2,8.6899995803833,"[442.3792724609375, 12683, 9638]",SZ,MARKET.SZ,000848.SZ
000850,100,华茂股份,2,4.150000095367432,"[426.041259765625, 12652, 9614]",SZ,MARKET.SZ,000850.SZ
000852,100,石化机械,2,6.369999885559082,"[698.7138061523438, 12699, 9637]",SZ,MARKET.SZ,000852.SZ
000856,100,冀东装备,2,10.039999961853027,"[371.39898681640625, 12652, 5659]",SZ,MARKET.SZ,000856.SZ
000858,100,五 粮 液,2,85.3499984741211,"[1409.1649169921875, 12669, 9617]",SZ,MARKET.SZ,000858.SZ
000859,100,国风新材,2,10.34000015258789,"[3640.2900390625, 12656, 9596]",SZ,MARKET.SZ,000859.SZ
000860,100,顺鑫农业,2,11.539999961853027,"[319.3249816894531, 12654, 9289]",SZ,MARKET.SZ,000860.SZ
000862,100,银星能源,2,6.519999980926514,"[1964.8079833984375, 12642, 9091]",SZ,MARKET.SZ,000862.SZ
000863,100,三湘印象,2,5.369999885559082,"[1816.7225341796875, 12652, 9614]",SZ,MARKET.SZ,000863.SZ
000868,100,安凯客车,2,4.099999904632568,"[485.9812927246094, 12701, 9586]",SZ,MARKET.SZ,000868.SZ
000869,100,张 裕Ａ,2,19.18000030517578,"[79.14192199707031, 12653, 9604]",SZ,MARKET.SZ,000869.SZ
000875,100,电投绿能,2,6.260000228881836,"[3039.2734375, 12701, 9607]",SZ,MARKET.SZ,000875.SZ
000876,100,新 希 望,2,8.149999618530273,"[873.3229370117188, 12656, 9615]",SZ,MARKET.SZ,000876.SZ
000877,100,天山股份,2,4.320000171661377,"[536.4678955078125, 12652, 9251]",SZ,MARKET.SZ,000877.SZ
000878,100,云南铜业,2,17.059999465942383,"[2184.12890625, 12671, 9631]",SZ,MARKET.SZ,000878.SZ
000880,100,潍柴重机,2,34.209999084472656,"[1608.5633544921875, 12657, 9582]",SZ,MARKET.SZ,000880.SZ
000881,100,中广核技,2,7.599999904632568,"[529.1317749023438, 12652, 9538]",SZ,MARKET.SZ,000881.SZ
000882,100,华联股份,2,1.4600000381469727,"[1724.8282470703125, 12654, 9615]",SZ,MARKET.SZ,000882.SZ
000883,100,湖北能源,2,4.929999828338623,"[3022.584228515625, 12654, 9615]",SZ,MARKET.SZ,000883.SZ
000885,100,城发环境,2,13.420000076293945,"[245.12771606445312, 12685, 9301]",SZ,MARKET.SZ,000885.SZ
000886,100,海南高速,2,5.050000190734863,"[571.8477783203125, 12679, 9610]",SZ,MARKET.SZ,000886.SZ
000887,100,中鼎股份,2,19.15999984741211,"[1864.371337890625, 12654, 9397]",SZ,MARKET.SZ,000887.SZ
000888,100,峨眉山Ａ,2,10.6899995803833,"[243.71420288085938, 12652, 9484]",SZ,MARKET.SZ,000888.SZ
000889,100,中嘉博创,2,4.050000190734863,"[4963.5693359375, 12656, 9607]",SZ,MARKET.SZ,000889.SZ
000890,100,法尔胜,2,11.649999618530273,"[2160.354248046875, 12697, 8640]",SZ,MARKET.SZ,000890.SZ
000892,100,欢瑞世纪,2,4.110000133514404,"[1253.0255126953125, 12656, 9231]",SZ,MARKET.SZ,000892.SZ
000893,100,亚钾国际,2,47.130001068115234,"[558.5093994140625, 12652, 9614]",SZ,MARKET.SZ,000893.SZ
000895,100,双汇发展,2,25.8799991607666,"[383.7744140625, 12701, 9607]",SZ,MARKET.SZ,000895.SZ
000897,100,津滨发展,2,1.9600000381469727,"[1130.273193359375, 12654, 9615]",SZ,MARKET.SZ,000897.SZ
000898,100,鞍钢股份,2,2.0199999809265137,"[2079.23681640625, 12656, 9586]",SZ,MARKET.SZ,000898.SZ
000899,100,赣能股份,2,12.829999923706055,"[1516.2501220703125, 12652, 9291]",SZ,MARKET.SZ,000899.SZ
000900,100,现代投资,2,3.940000057220459,"[714.6189575195312, 12655, 9637]",SZ,MARKET.SZ,000900.SZ
000901,100,航天科技,2,21.170000076293945,"[851.067626953125, 12654, 9091]",SZ,MARKET.SZ,000901.SZ
000902,100,新洋丰,2,14.15999984741211,"[507.0565490722656, 12653, 9637]",SZ,MARKET.SZ,000902.SZ
000903,100,ST云动,2,1.8600000143051147,"[1662.4974365234375, 12652, 9614]",SZ,MARKET.SZ,000903.SZ
000905,100,厦门港务,2,9.949999809265137,"[709.97265625, 12657, 9631]",SZ,MARKET.SZ,000905.SZ
000906,100,浙商中拓,2,6.179999828338623,"[565.744140625, 12644, 9366]",SZ,MARKET.SZ,000906.SZ
000908,100,ST景峰,2,7.269999980926514,"[708.5995483398438, 12654, 9615]",SZ,MARKET.SZ,000908.SZ
000909,100,*ST数源,2,4.989999771118164,"[476.9188537597656, 12646, 9091]",SZ,MARKET.SZ,000909.SZ
000910,100,大亚圣象,2,6.75,"[1088.1722412109375, 12654, 9624]",SZ,MARKET.SZ,000910.SZ
000911,100,*ST广糖,2,5.75,"[466.46197509765625, 12673, 9130]",SZ,MARKET.SZ,000911.SZ
000912,100,泸天化,2,3.940000057220459,"[1311.36572265625, 12657, 9491]",SZ,MARKET.SZ,000912.SZ
000913,100,钱江摩托,2,12.220000267028809,"[204.81201171875, 12701, 9636]",SZ,MARKET.SZ,000913.SZ
000915,100,华特达因,2,27.81999969482422,"[97.84923553466797, 12644, 9610]",SZ,MARKET.SZ,000915.SZ
000917,100,电广传媒,2,8.010000228881836,"[1165.074951171875, 12652, 9329]",SZ,MARKET.SZ,000917.SZ
000919,100,金陵药业,2,6.5,"[554.2766723632812, 12681, 9427]",SZ,MARKET.SZ,000919.SZ
000920,100,沃顿科技,2,10.760000228881836,"[202.9635009765625, 12683, 9485]",SZ,MARKET.SZ,000920.SZ
000921,100,海信家电,2,24.209999084472656,"[417.156494140625, 12655, 9586]",SZ,MARKET.SZ,000921.SZ
000922,100,佳电股份,2,13.149999618530273,"[866.8281860351562, 12699, 9629]",SZ,MARKET.SZ,000922.SZ
000923,100,河钢资源,2,15.3100004196167,"[651.4490356445312, 12654, 9615]",SZ,MARKET.SZ,000923.SZ
000925,100,众合科技,2,8.180000305175781,"[3975.640380859375, 12654, 9363]",SZ,MARKET.SZ,000925.SZ
000926,100,福星股份,2,2.0799999237060547,"[3098.672607421875, 12682, 9615]",SZ,MARKET.SZ,000926.SZ
000927,100,中国铁物,2,2.6500000953674316,"[2372.58935546875, 12699, 9303]",SZ,MARKET.SZ,000927.SZ
000928,100,中钢国际,2,6.349999904632568,"[750.556884765625, 12675, 9288]",SZ,MARKET.SZ,000928.SZ
000929,100,*ST兰黄,2,10.989999771118164,"[129.30348205566406, 12693, 7412]",SZ,MARKET.SZ,000929.SZ
000930,100,中粮科技,2,5.190000057220459,"[693.6815185546875, 12651, 9365]",SZ,MARKET.SZ,000930.SZ
000931,100,中 关 村,2,4.360000133514404,"[300.202880859375, 12646, 9305]",SZ,MARKET.SZ,000931.SZ
000932,100,华菱钢铁,2,4.059999942779541,"[3799.052490234375, 12656, 9586]",SZ,MARKET.SZ,000932.SZ
000933,100,神火股份,2,30.139999389648438,"[2247.13232421875, 12693, 9638]",SZ,MARKET.SZ,000933.SZ
000935,100,四川双马,2,31.459999084472656,"[375.0451965332031, 12654, 9091]",SZ,MARKET.SZ,000935.SZ
000936,100,华西股份,2,6.980000019073486,"[1406.549072265625, 12655, 9392]",SZ,MARKET.SZ,000936.SZ
000937,100,冀中能源,2,5.380000114440918,"[543.5042724609375, 12671, 9615]",SZ,MARKET.SZ,000937.SZ
000938,100,紫光股份,2,29.25,"[8596.76171875, 12691, 9601]",SZ,MARKET.SZ,000938.SZ
000948,100,南天信息,2,14.029999732971191,"[201.4354248046875, 12646, 9607]",SZ,MARKET.SZ,000948.SZ
000949,100,新乡化纤,2,7.269999980926514,"[2550.12744140625, 12656, 9594]",SZ,MARKET.SZ,000949.SZ
000950,100,重药控股,2,6.119999885559082,"[2385.797119140625, 12644, 9506]",SZ,MARKET.SZ,000950.SZ
000951,100,中国重汽,2,20.799999237060547,"[507.98529052734375, 12656, 9616]",SZ,MARKET.SZ,000951.SZ
000952,100,广济药业,2,7.139999866485596,"[299.8848571777344, 12682, 9611]",SZ,MARKET.SZ,000952.SZ
000953,100,河化股份,2,6.75,"[337.1231994628906, 12652, 8223]",SZ,MARKET.SZ,000953.SZ
000955,100,欣龙控股,2,4.5,"[525.9791870117188, 12683, 9604]",SZ,MARKET.SZ,000955.SZ
000957,100,中通客车,2,11.079999923706055,"[732.6566162109375, 12646, 9439]",SZ,MARKET.SZ,000957.SZ
000958,100,电投产融,2,6.079999923706055,"[1750.089599609375, 12645, 9610]",SZ,MARKET.SZ,000958.SZ
000959,100,首钢股份,2,3.680000066757202,"[1696.8629150390625, 12633, 9581]",SZ,MARKET.SZ,000959.SZ
000960,100,锡业股份,2,36.290000915527344,"[2794.272705078125, 12681, 9609]",SZ,MARKET.SZ,000960.SZ
000962,100,东方钽业,2,56.59000015258789,"[1215.415283203125, 12687, 9586]",SZ,MARKET.SZ,000962.SZ
000963,100,华东医药,2,29.639999389648438,"[640.4933471679688, 12644, 9610]",SZ,MARKET.SZ,000963.SZ
000965,100,天保基建,2,3.4000000953674316,"[655.716064453125, 12654, 9294]",SZ,MARKET.SZ,000965.SZ
000966,100,长源电力,2,4.699999809265137,"[4594.8505859375, 12701, 9319]",SZ,MARKET.SZ,000966.SZ
000967,100,盈峰环境,2,12.050000190734863,"[6995.43212890625, 12693, 9635]",SZ,MARKET.SZ,000967.SZ
000968,100,蓝焰控股,2,7.860000133514404,"[1730.6837158203125, 12652, 9315]",SZ,MARKET.SZ,000968.SZ
000969,100,安泰科技,2,22.170000076293945,"[1431.936279296875, 12670, 9623]",SZ,MARKET.SZ,000969.SZ
000970,100,中科三环,2,11.619999885559082,"[935.4042358398438, 12681, 9272]",SZ,MARKET.SZ,000970.SZ
000972,100,*ST中基,2,3.7799999713897705,"[262.4458312988281, 12646, 9491]",SZ,MARKET.SZ,000972.SZ
000973,100,佛塑科技,2,15.4399995803833,"[3044.3310546875, 12673, 9538]",SZ,MARKET.SZ,000973.SZ
000975,100,山金国际,2,23.3700008392334,"[2092.380859375, 12700, 9638]",SZ,MARKET.SZ,000975.SZ
000977,100,浪潮信息,2,66.30999755859375,"[3107.05126953125, 12693, 9629]",SZ,MARKET.SZ,000977.SZ
000978,100,桂林旅游,2,6.409999847412109,"[617.649169921875, 12671, 9590]",SZ,MARKET.SZ,000978.SZ
000980,100,众泰汽车,2,2.440000057220459,"[6976.73046875, 12654, 9615]",SZ,MARKET.SZ,000980.SZ
000981,100,山子高科,2,3.9700000286102295,"[25202.23046875, 12656, 9371]",SZ,MARKET.SZ,000981.SZ
000983,100,山西焦煤,2,6.400000095367432,"[2366.720947265625, 12669, 9615]",SZ,MARKET.SZ,000983.SZ
000985,100,大庆华科,2,18.0,"[70.33738708496094, 12646, 9379]",SZ,MARKET.SZ,000985.SZ
000987,100,越秀资本,2,8.260000228881836,"[1464.923095703125, 12657, 9595]",SZ,MARKET.SZ,000987.SZ
000988,100,华工科技,2,153.9600067138672,"[4587.0458984375, 12650, 9296]",SZ,MARKET.SZ,000988.SZ
000989,100,九芝堂,2,8.380000114440918,"[400.5316467285156, 12642, 9623]",SZ,MARKET.SZ,000989.SZ
000990,100,诚志股份,2,10.100000381469727,"[1557.895263671875, 12626, 9282]",SZ,MARKET.SZ,000990.SZ
000993,100,闽东电力,2,13.130000114440918,"[1339.0994873046875, 12671, 9091]",SZ,MARKET.SZ,000993.SZ
000995,100,皇台酒业,2,14.390000343322754,"[1117.934326171875, 12679, 7858]",SZ,MARKET.SZ,000995.SZ
000997,100,新 大 陆,2,22.549999237060547,"[1497.9603271484375, 12679, 9611]",SZ,MARKET.SZ,000997.SZ
000998,100,隆平高科,2,8.420000076293945,"[688.117431640625, 12654, 9604]",SZ,MARKET.SZ,000998.SZ
000999,100,华润三九,2,24.649999618530273,"[288.95220947265625, 12697, 9637]",SZ,MARKET.SZ,000999.SZ
001201,100,东瑞股份,2,12.40999984741211,"[185.71607971191406, 12652, 9614]",SZ,MARKET.SZ,001201.SZ
001202,100,炬申股份,2,16.329999923706055,"[72.58055114746094, 12671, 9372]",SZ,MARKET.SZ,001202.SZ
001203,100,大中矿业,2,41.36000061035156,"[1480.33203125, 12644, 9610]",SZ,MARKET.SZ,001203.SZ
001205,100,盛航股份,2,14.8100004196167,"[126.17890167236328, 12630, 9635]",SZ,MARKET.SZ,001205.SZ
001206,100,依依股份,2,17.149999618530273,"[90.799072265625, 12699, 9628]",SZ,MARKET.SZ,001206.SZ
001207,100,联科科技,2,19.270000457763672,"[615.904541015625, 12638, 9586]",SZ,MARKET.SZ,001207.SZ
001208,100,华菱线缆,2,17.219999313354492,"[750.4616088867188, 12652, 9606]",SZ,MARKET.SZ,001208.SZ
001209,100,洪兴股份,2,20.459999084472656,"[135.0276641845703, 12654, 9289]",SZ,MARKET.SZ,001209.SZ
001210,100,金房能源,2,29.299999237060547,"[631.5435791015625, 12646, 9572]",SZ,MARKET.SZ,001210.SZ
001211,100,双枪科技,2,53.369998931884766,"[324.037353515625, 12671, 9614]",SZ,MARKET.SZ,001211.SZ
001212,100,中旗新材,2,54.95000076293945,"[398.0260314941406, 12652, 9611]",SZ,MARKET.SZ,001212.SZ
001213,100,中铁特货,2,3.859999895095825,"[356.0093078613281, 12654, 9418]",SZ,MARKET.SZ,001213.SZ
001215,100,千味央厨,2,41.040000915527344,"[345.28131103515625, 12646, 9611]",SZ,MARKET.SZ,001215.SZ
001216,100,华瓷股份,2,16.56999969482422,"[138.97637939453125, 12679, 9624]",SZ,MARKET.SZ,001216.SZ
001217,100,华尔泰,2,10.680000305175781,"[224.4008331298828, 12644, 9635]",SZ,MARKET.SZ,001217.SZ
001218,100,丽臣实业,2,25.479999542236328,"[109.91256713867188, 12701, 9609]",SZ,MARKET.SZ,001218.SZ
001219,100,青岛食品,2,13.8100004196167,"[158.93258666992188, 12656, 9483]",SZ,MARKET.SZ,001219.SZ
001220,100,世盟股份,2,35.189998626708984,"[60.4967155456543, 12654, 9615]",SZ,MARKET.SZ,001220.SZ
001221,100,悍高集团,2,55.34000015258789,"[55.68568420410156, 12650, 9525]",SZ,MARKET.SZ,001221.SZ
001222,100,源飞宠物,2,16.989999771118164,"[63.811614990234375, 12652, 9614]",SZ,MARKET.SZ,001222.SZ
001223,100,欧克科技,2,62.13999938964844,"[158.89686584472656, 12654, 9615]",SZ,MARKET.SZ,001223.SZ
001225,100,和泰机电,2,53.7599983215332,"[47.246665954589844, 12656, 9582]",SZ,MARKET.SZ,001225.SZ
001226,100,拓山重工,2,50.70000076293945,"[91.39495849609375, 12656, 9615]",SZ,MARKET.SZ,001226.SZ
001227,100,兰州银行,2,2.130000114440918,"[1664.4620361328125, 12679, 9614]",SZ,MARKET.SZ,001227.SZ
001228,100,永泰运,2,29.459999084472656,"[77.75569152832031, 12685, 9610]",SZ,MARKET.SZ,001228.SZ
001229,100,魅视科技,2,34.16999816894531,"[47.526634216308594, 12650, 9613]",SZ,MARKET.SZ,001229.SZ
001230,100,劲旅环境,2,25.329999923706055,"[173.01058959960938, 12644, 9602]",SZ,MARKET.SZ,001230.SZ
001231,100,农心科技,2,23.270000457763672,"[68.94258880615234, 12685, 9623]",SZ,MARKET.SZ,001231.SZ
001233,100,海安集团,2,55.900001525878906,"[85.3084487915039, 12701, 9638]",SZ,MARKET.SZ,001233.SZ
001234,100,泰慕士,2,25.329999923706055,"[137.5585174560547, 12683, 9583]",SZ,MARKET.SZ,001234.SZ
001236,100,弘业期货,2,9.100000381469727,"[453.3202209472656, 12655, 9350]",SZ,MARKET.SZ,001236.SZ
001237,100,N惠康,2,53.2599983215332,"[0.0, 12701, 9637]",SZ,MARKET.SZ,001237.SZ
001238,100,浙江正特,2,44.86000061035156,"[14.571783065795898, 12687, 9615]",SZ,MARKET.SZ,001238.SZ
001239,100,永达股份,2,14.229999542236328,"[92.7772216796875, 12673, 9371]",SZ,MARKET.SZ,001239.SZ
001255,100,博菲电气,2,32.869998931884766,"[49.18527603149414, 12654, 9595]",SZ,MARKET.SZ,001255.SZ
001256,100,炜冈科技,2,25.15999984741211,"[168.9139862060547, 12654, 9495]",SZ,MARKET.SZ,001256.SZ
001257,100,盛龙股份,2,23.899999618530273,"[1033.244384765625, 12652, 9585]",SZ,MARKET.SZ,001257.SZ
001258,100,立新能源,2,10.329999923706055,"[2549.625732421875, 12697, 9609]",SZ,MARKET.SZ,001258.SZ
001259,100,利仁科技,2,88.0,"[205.87686157226562, 12650, 9372]",SZ,MARKET.SZ,001259.SZ
001260,100,坤泰股份,2,20.809999465942383,"[60.97523498535156, 12644, 9635]",SZ,MARKET.SZ,001260.SZ
001266,100,宏英智能,2,51.15999984741211,"[392.1560363769531, 12653, 9614]",SZ,MARKET.SZ,001266.SZ
001267,100,汇绿生态,2,57.400001525878906,"[2397.787109375, 12697, 9636]",SZ,MARKET.SZ,001267.SZ
001268,100,联合精密,2,40.70000076293945,"[136.16836547851562, 12687, 9610]",SZ,MARKET.SZ,001268.SZ
001269,100,欧晶科技,2,24.200000762939453,"[252.0809326171875, 12646, 9611]",SZ,MARKET.SZ,001269.SZ
001270,100,铖昌科技,2,146.5,"[480.532470703125, 12699, 9637]",SZ,MARKET.SZ,001270.SZ
001277,100,速达股份,2,35.099998474121094,"[30.751842498779297, 12701, 9625]",SZ,MARKET.SZ,001277.SZ
001278,100,一彬科技,2,20.959999084472656,"[107.1683349609375, 12656, 9561]",SZ,MARKET.SZ,001278.SZ
001279,100,强邦新材,2,33.189998626708984,"[96.39386749267578, 12701, 9440]",SZ,MARKET.SZ,001279.SZ
001280,100,中国铀业,2,75.9800033569336,"[395.7454833984375, 12654, 9615]",SZ,MARKET.SZ,001280.SZ
001282,100,三联锻造,2,20.68000030517578,"[168.57174682617188, 12701, 9638]",SZ,MARKET.SZ,001282.SZ
001283,100,豪鹏科技,2,76.7300033569336,"[241.07089233398438, 12652, 9635]",SZ,MARKET.SZ,001283.SZ
001285,100,瑞立科密,2,50.91999816894531,"[67.62751007080078, 12652, 9637]",SZ,MARKET.SZ,001285.SZ
001286,100,陕西能源,2,11.399999618530273,"[1014.5000610351562, 12638, 9607]",SZ,MARKET.SZ,001286.SZ
001287,100,中电港,2,26.790000915527344,"[1926.5858154296875, 12701, 9595]",SZ,MARKET.SZ,001287.SZ
001288,100,运机集团,2,26.260000228881836,"[211.8671417236328, 12672, 9624]",SZ,MARKET.SZ,001288.SZ
001289,100,龙源电力,2,16.93000030517578,"[348.600341796875, 12657, 9484]",SZ,MARKET.SZ,001289.SZ
001296,100,长江材料,2,21.34000015258789,"[79.39460754394531, 12683, 9615]",SZ,MARKET.SZ,001296.SZ
001298,100,好上好,2,22.399999618530273,"[676.9898071289062, 12680, 9628]",SZ,MARKET.SZ,001298.SZ
001299,100,美能能源,2,11.949999809265137,"[559.0740966796875, 12671, 9609]",SZ,MARKET.SZ,001299.SZ
001300,100,三柏硕,2,16.75,"[126.6941146850586, 12650, 9421]",SZ,MARKET.SZ,001300.SZ
001301,100,尚太科技,2,89.37000274658203,"[350.7215881347656, 12652, 9608]",SZ,MARKET.SZ,001301.SZ
001306,100,夏厦精密,2,72.55999755859375,"[63.47739028930664, 12652, 9596]",SZ,MARKET.SZ,001306.SZ
001308,100,康冠科技,2,21.149999618530273,"[128.42918395996094, 12700, 9638]",SZ,MARKET.SZ,001308.SZ
001309,100,德明利,2,656.0999755859375,"[668.6865234375, 12679, 9606]",SZ,MARKET.SZ,001309.SZ
001311,100,多利科技,2,27.93000030517578,"[182.10252380371094, 12681, 9635]",SZ,MARKET.SZ,001311.SZ
001312,100,福恩股份,2,23.459999084472656,"[297.6085205078125, 12655, 9615]",SZ,MARKET.SZ,001312.SZ
001313,100,粤海饲料,2,9.239999771118164,"[1101.34033203125, 12701, 9613]",SZ,MARKET.SZ,001313.SZ
001314,100,亿道信息,2,52.400001525878906,"[133.90167236328125, 12642, 9609]",SZ,MARKET.SZ,001314.SZ
001316,100,润贝航科,2,41.4900016784668,"[174.18707275390625, 12699, 9629]",SZ,MARKET.SZ,001316.SZ
001317,100,三羊马,2,55.91999816894531,"[176.8444061279297, 12697, 9610]",SZ,MARKET.SZ,001317.SZ
001318,100,阳光乳业,2,12.210000038146973,"[110.14250183105469, 12701, 9293]",SZ,MARKET.SZ,001318.SZ
001319,100,铭科精技,2,24.190000534057617,"[124.97166442871094, 12644, 9610]",SZ,MARKET.SZ,001319.SZ
001322,100,箭牌家居,2,7.150000095367432,"[409.8052062988281, 12654, 9638]",SZ,MARKET.SZ,001322.SZ
001323,100,慕思股份,2,22.200000762939453,"[29.05790901184082, 12654, 9489]",SZ,MARKET.SZ,001323.SZ
001324,100,长青科技,2,19.940000534057617,"[142.1149444580078, 12699, 9637]",SZ,MARKET.SZ,001324.SZ
001325,100,元创股份,2,44.599998474121094,"[71.4506607055664, 12656, 9610]",SZ,MARKET.SZ,001325.SZ
001326,100,联域股份,2,67.52999877929688,"[103.13622283935547, 12654, 9615]",SZ,MARKET.SZ,001326.SZ
001328,100,登康口腔,2,29.979999542236328,"[41.64543151855469, 12642, 9595]",SZ,MARKET.SZ,001328.SZ
001330,100,博纳影业,2,9.470000267028809,"[4715.46240234375, 12656, 9613]",SZ,MARKET.SZ,001330.SZ
001331,100,胜通能源,2,61.369998931884766,"[422.74505615234375, 12681, 9615]",SZ,MARKET.SZ,001331.SZ
001332,100,锡装股份,2,64.5,"[103.47079467773438, 12673, 9425]",SZ,MARKET.SZ,001332.SZ
001333,100,光华股份,2,25.209999084472656,"[350.00433349609375, 12640, 9299]",SZ,MARKET.SZ,001333.SZ
001335,100,信凯科技,2,49.0,"[75.1227798461914, 12701, 9600]",SZ,MARKET.SZ,001335.SZ
001336,100,楚环科技,2,29.09000015258789,"[78.10399627685547, 12701, 9615]",SZ,MARKET.SZ,001336.SZ
001337,100,四川黄金,2,54.97999954223633,"[455.9670104980469, 12650, 9621]",SZ,MARKET.SZ,001337.SZ
001338,100,永顺泰,2,11.680000305175781,"[407.0594787597656, 12652, 9449]",SZ,MARKET.SZ,001338.SZ
001339,100,智微智能,2,108.25,"[586.9034423828125, 12652, 9614]",SZ,MARKET.SZ,001339.SZ
001356,100,富岭股份,2,10.84000015258789,"[241.28628540039062, 12646, 9518]",SZ,MARKET.SZ,001356.SZ
001358,100,兴欣新材,2,28.040000915527344,"[78.897705078125, 12652, 9610]",SZ,MARKET.SZ,001358.SZ
001359,100,平安电工,2,99.08999633789062,"[104.17018127441406, 12654, 9615]",SZ,MARKET.SZ,001359.SZ
001360,100,南矿集团,2,19.969999313354492,"[125.077392578125, 12644, 9596]",SZ,MARKET.SZ,001360.SZ
001365,100,C天海,2,63.9900016784668,"[1279.093994140625, 12693, 9631]",SZ,MARKET.SZ,001365.SZ
001366,100,播恩集团,2,15.010000228881836,"[200.8125, 12679, 9561]",SZ,MARKET.SZ,001366.SZ
001367,100,海森药业,2,22.170000076293945,"[64.0126724243164, 12683, 9621]",SZ,MARKET.SZ,001367.SZ
001368,100,通达创智,2,27.0,"[64.02999114990234, 12701, 9616]",SZ,MARKET.SZ,001368.SZ
001369,100,双欣材料,2,14.59000015258789,"[551.4899291992188, 12679, 9608]",SZ,MARKET.SZ,001369.SZ
001373,100,翔腾新材,2,39.79999923706055,"[86.05565643310547, 12650, 9286]",SZ,MARKET.SZ,001373.SZ
001376,100,百通能源,2,13.1899995803833,"[584.2388305664062, 12652, 9614]",SZ,MARKET.SZ,001376.SZ
001378,100,德冠新材,2,20.600000381469727,"[122.87337493896484, 12699, 9630]",SZ,MARKET.SZ,001378.SZ
001379,100,腾达科技,2,20.81999969482422,"[90.73933410644531, 12671, 9610]",SZ,MARKET.SZ,001379.SZ
001380,100,华纬科技,2,19.770000457763672,"[160.67578125, 12686, 9631]",SZ,MARKET.SZ,001380.SZ
001382,100,新亚电缆,2,20.440000534057617,"[227.5433807373047, 12638, 9636]",SZ,MARKET.SZ,001382.SZ
001386,100,马可波罗,2,17.239999771118164,"[207.86807250976562, 12654, 9607]",SZ,MARKET.SZ,001386.SZ
001387,100,雪祺电气,2,13.800000190734863,"[141.06765747070312, 12652, 9638]",SZ,MARKET.SZ,001387.SZ
001388,100,信通电子,2,37.439998626708984,"[44.797035217285156, 12644, 9496]",SZ,MARKET.SZ,001388.SZ
001389,100,广合科技,2,178.89999389648438,"[318.33251953125, 12656, 9616]",SZ,MARKET.SZ,001389.SZ
001390,100,古麒绒材,2,18.8799991607666,"[59.59564971923828, 12652, 9469]",SZ,MARKET.SZ,001390.SZ
001391,100,国货航,2,5.260000228881836,"[960.1104736328125, 12654, 9494]",SZ,MARKET.SZ,001391.SZ
001393,100,维通利,2,91.87000274658203,"[1042.8922119140625, 12687, 9630]",SZ,MARKET.SZ,001393.SZ
001395,100,亚联机械,2,36.61000061035156,"[25.755582809448242, 12701, 9522]",SZ,MARKET.SZ,001395.SZ
001396,100,誉帆科技,2,46.0,"[100.25460052490234, 12673, 9613]",SZ,MARKET.SZ,001396.SZ
001400,100,江顺科技,2,164.82000732421875,"[65.7410888671875, 12655, 9638]",SZ,MARKET.SZ,001400.SZ
001696,100,宗申动力,2,16.030000686645508,"[926.9385375976562, 12646, 9609]",SZ,MARKET.SZ,001696.SZ
001872,100,招商港口,2,22.68000030517578,"[118.67108154296875, 12656, 9616]",SZ,MARKET.SZ,001872.SZ
001896,100,豫能控股,2,16.3700008392334,"[7296.845703125, 12656, 9130]",SZ,MARKET.SZ,001896.SZ
001914,100,招商积余,2,9.770000457763672,"[444.9109191894531, 12695, 9569]",SZ,MARKET.SZ,001914.SZ
001965,100,招商公路,2,10.119999885559082,"[500.2336730957031, 12646, 9589]",SZ,MARKET.SZ,001965.SZ
001979,100,招商蛇口,2,8.550000190734863,"[2806.939697265625, 12656, 9572]",SZ,MARKET.SZ,001979.SZ
002001,100,新 和 成,2,30.639999389648438,"[1171.5750732421875, 12654, 9637]",SZ,MARKET.SZ,002001.SZ
002003,100,伟星股份,2,9.319999694824219,"[291.5810241699219, 12652, 9628]",SZ,MARKET.SZ,002003.SZ
002004,100,华邦健康,2,4.650000095367432,"[898.26025390625, 12646, 9609]",SZ,MARKET.SZ,002004.SZ
002005,100,ST德豪,2,2.869999885559082,"[581.5051879882812, 12652, 9614]",SZ,MARKET.SZ,002005.SZ
002006,100,精工科技,2,18.200000762939453,"[763.2429809570312, 12656, 9308]",SZ,MARKET.SZ,002006.SZ
002007,100,华兰生物,2,13.930000305175781,"[381.2099304199219, 12669, 9583]",SZ,MARKET.SZ,002007.SZ
002008,100,大族激光,2,142.58999633789062,"[2382.92431640625, 12638, 9631]",SZ,MARKET.SZ,002008.SZ
002009,100,天奇股份,2,26.350000381469727,"[2399.146484375, 12652, 9614]",SZ,MARKET.SZ,002009.SZ
002010,100,传化智联,2,5.28000020980835,"[889.4148559570312, 12657, 9607]",SZ,MARKET.SZ,002010.SZ
002011,100,盾安环境,2,12.369999885559082,"[903.4295043945312, 12654, 9615]",SZ,MARKET.SZ,002011.SZ
002012,100,凯恩股份,2,7.510000228881836,"[1019.9891967773438, 12652, 9636]",SZ,MARKET.SZ,002012.SZ
002014,100,永新股份,2,11.109999656677246,"[98.00389099121094, 12644, 9631]",SZ,MARKET.SZ,002014.SZ
002015,100,协鑫能科,2,20.139999389648438,"[7147.3701171875, 12652, 9491]",SZ,MARKET.SZ,002015.SZ
002016,100,世荣兆业,2,4.75,"[353.5305480957031, 12632, 9320]",SZ,MARKET.SZ,002016.SZ
002017,100,东信和平,2,17.719999313354492,"[465.17901611328125, 12646, 9288]",SZ,MARKET.SZ,002017.SZ
002019,100,亿帆医药,2,10.380000114440918,"[413.31890869140625, 12685, 9638]",SZ,MARKET.SZ,002019.SZ
002020,100,京新药业,2,14.140000343322754,"[353.6207580566406, 12644, 9273]",SZ,MARKET.SZ,002020.SZ
002021,100,中捷资源,2,2.869999885559082,"[1632.964599609375, 12656, 9372]",SZ,MARKET.SZ,002021.SZ
002022,100,科华生物,2,5.590000152587891,"[426.227294921875, 12652, 9603]",SZ,MARKET.SZ,002022.SZ
002023,100,海特高新,2,12.300000190734863,"[1764.46240234375, 12652, 9091]",SZ,MARKET.SZ,002023.SZ
002024,100,ST易购,2,1.2000000476837158,"[1376.4676513671875, 12656, 9586]",SZ,MARKET.SZ,002024.SZ
002025,100,航天电器,2,72.22000122070312,"[1167.282958984375, 12656, 9604]",SZ,MARKET.SZ,002025.SZ
002026,100,山东威达,2,12.630000114440918,"[352.76220703125, 12638, 9512]",SZ,MARKET.SZ,002026.SZ
002027,100,分众传媒,2,5.579999923706055,"[7158.9912109375, 12654, 9453]",SZ,MARKET.SZ,002027.SZ
002028,100,思源电气,2,198.82000732421875,"[567.7199096679688, 12647, 9611]",SZ,MARKET.SZ,002028.SZ
002029,100,七 匹 狼,2,9.710000038146973,"[818.1543579101562, 12646, 9302]",SZ,MARKET.SZ,002029.SZ
002030,100,达安基因,2,6.480000019073486,"[4542.17724609375, 12673, 9378]",SZ,MARKET.SZ,002030.SZ
002031,100,巨轮智能,2,7.260000228881836,"[19740.490234375, 12656, 9616]",SZ,MARKET.SZ,002031.SZ
002032,100,苏 泊 尔,2,50.04999923706055,"[89.76048278808594, 12670, 9637]",SZ,MARKET.SZ,002032.SZ
002033,100,丽江股份,2,8.569999694824219,"[693.6099243164062, 12644, 9631]",SZ,MARKET.SZ,002033.SZ
002034,100,旺能环境,2,21.18000030517578,"[1376.04833984375, 12686, 9631]",SZ,MARKET.SZ,002034.SZ
002035,100,华帝股份,2,5.409999847412109,"[447.4899597167969, 12701, 9614]",SZ,MARKET.SZ,002035.SZ
002036,100,联创电子,2,9.359999656677246,"[1770.0775146484375, 12679, 9614]",SZ,MARKET.SZ,002036.SZ
002037,100,保利联合,2,7.760000228881836,"[371.9658203125, 12655, 8251]",SZ,MARKET.SZ,002037.SZ
002038,100,双鹭药业,2,6.070000171661377,"[1137.6046142578125, 12693, 9615]",SZ,MARKET.SZ,002038.SZ
002039,100,黔源电力,2,20.1299991607666,"[592.56103515625, 12699, 9638]",SZ,MARKET.SZ,002039.SZ
002040,100,南 京 港,2,9.960000038146973,"[572.9581909179688, 12685, 9485]",SZ,MARKET.SZ,002040.SZ
002041,100,登海种业,2,8.829999923706055,"[547.3743896484375, 12671, 9271]",SZ,MARKET.SZ,002041.SZ
002042,100,华孚时尚,2,4.710000038146973,"[3372.8935546875, 12655, 9101]",SZ,MARKET.SZ,002042.SZ
002043,100,兔 宝 宝,2,13.1899995803833,"[482.04638671875, 12654, 9596]",SZ,MARKET.SZ,002043.SZ
002044,100,美年健康,2,5.769999980926514,"[11703.1962890625, 12656, 9614]",SZ,MARKET.SZ,002044.SZ
002045,100,国光电器,2,10.770000457763672,"[574.850830078125, 12638, 9607]",SZ,MARKET.SZ,002045.SZ
002046,100,国机精工,2,49.9900016784668,"[692.8630981445312, 12699, 9631]",SZ,MARKET.SZ,002046.SZ
002047,100,宝鹰股份,2,5.429999828338623,"[1400.6640625, 12682, 9586]",SZ,MARKET.SZ,002047.SZ
002048,100,宁波华翔,2,28.649999618530273,"[1287.3538818359375, 12698, 9637]",SZ,MARKET.SZ,002048.SZ
002049,100,紫光国微,2,77.88999938964844,"[1604.93798828125, 12700, 9607]",SZ,MARKET.SZ,002049.SZ
002050,100,三花智控,2,52.83000183105469,"[9330.341796875, 12656, 9579]",SZ,MARKET.SZ,002050.SZ
002051,100,中工国际,2,10.729999542236328,"[2201.498291015625, 12688, 9632]",SZ,MARKET.SZ,002051.SZ
002052,100,同洲电子,2,10.760000228881836,"[691.1427001953125, 12682, 9586]",SZ,MARKET.SZ,002052.SZ
002053,100,云南能投,2,11.449999809265137,"[585.2007446289062, 12701, 9636]",SZ,MARKET.SZ,002053.SZ
002054,100,德美化工,2,7.860000133514404,"[480.60162353515625, 12656, 9608]",SZ,MARKET.SZ,002054.SZ
002055,100,ST得润,2,6.829999923706055,"[766.2765502929688, 12654, 9615]",SZ,MARKET.SZ,002055.SZ
002056,100,横店东磁,2,19.729999542236328,"[1576.559326171875, 12642, 9583]",SZ,MARKET.SZ,002056.SZ
002057,100,中钢天源,2,9.029999732971191,"[684.8545532226562, 12646, 9611]",SZ,MARKET.SZ,002057.SZ
002058,100,*ST威尔,2,25.65999984741211,"[95.29232025146484, 12655, 9615]",SZ,MARKET.SZ,002058.SZ
002059,100,云南旅游,2,4.449999809265137,"[311.7386779785156, 12679, 9586]",SZ,MARKET.SZ,002059.SZ
002060,100,广东建工,2,3.549999952316284,"[1418.918212890625, 12701, 9632]",SZ,MARKET.SZ,002060.SZ
002061,100,浙江交科,2,3.6700000762939453,"[648.1393432617188, 12685, 9614]",SZ,MARKET.SZ,002061.SZ
002062,100,宏润建设,2,9.609999656677246,"[1267.847900390625, 12656, 9638]",SZ,MARKET.SZ,002062.SZ
002063,100,远光软件,2,6.309999942779541,"[2174.36962890625, 12673, 9611]",SZ,MARKET.SZ,002063.SZ
002064,100,华峰化学,2,10.260000228881836,"[2252.1328125, 12640, 9583]",SZ,MARKET.SZ,002064.SZ
002065,100,东华软件,2,8.020000457763672,"[1606.0413818359375, 12656, 9314]",SZ,MARKET.SZ,002065.SZ
002066,100,瑞泰科技,2,26.010000228881836,"[677.6726684570312, 12640, 9596]",SZ,MARKET.SZ,002066.SZ
002067,100,景兴纸业,2,5.239999771118164,"[3859.745849609375, 12654, 9553]",SZ,MARKET.SZ,002067.SZ
002068,100,黑猫股份,2,10.029999732971191,"[1804.9327392578125, 12656, 9586]",SZ,MARKET.SZ,002068.SZ
002069,100,獐子岛,2,3.5399999618530273,"[422.4858703613281, 12640, 9091]",SZ,MARKET.SZ,002069.SZ
002072,100,凯瑞德,2,6.980000019073486,"[799.9837036132812, 12614, 9538]",SZ,MARKET.SZ,002072.SZ
002073,100,软控股份,2,6.0,"[942.2481689453125, 12687, 9616]",SZ,MARKET.SZ,002073.SZ
002074,100,国轩高科,2,34.86000061035156,"[1630.153564453125, 12679, 9615]",SZ,MARKET.SZ,002074.SZ
002075,100,沙钢股份,2,3.990000009536743,"[1196.8896484375, 12644, 9421]",SZ,MARKET.SZ,002075.SZ
002076,100,*ST星光,2,2.4800000190734863,"[1817.7159423828125, 12684, 9615]",SZ,MARKET.SZ,002076.SZ
002077,100,大港股份,2,17.790000915527344,"[1851.962158203125, 12693, 8517]",SZ,MARKET.SZ,002077.SZ
002078,100,太阳纸业,2,12.979999542236328,"[1006.87548828125, 12654, 9597]",SZ,MARKET.SZ,002078.SZ
002079,100,苏州固锝,2,12.3100004196167,"[1857.3936767578125, 12671, 9615]",SZ,MARKET.SZ,002079.SZ
002080,100,中材科技,2,64.80000305175781,"[1836.5552978515625, 12646, 9273]",SZ,MARKET.SZ,002080.SZ
002081,100,金 螳 螂,2,5.710000038146973,"[18430.025390625, 12655, 9615]",SZ,MARKET.SZ,002081.SZ
002082,100,ST万邦,2,15.399999618530273,"[875.2783813476562, 12688, 9635]",SZ,MARKET.SZ,002082.SZ
002083,100,孚日股份,2,10.1899995803833,"[1057.11962890625, 12626, 9594]",SZ,MARKET.SZ,002083.SZ
002084,100,海鸥住工,2,3.5,"[677.1110229492188, 12654, 9607]",SZ,MARKET.SZ,002084.SZ
002085,100,万丰奥威,2,13.199999809265137,"[1425.5118408203125, 12654, 9420]",SZ,MARKET.SZ,002085.SZ
002086,100,东方海洋,2,1.840000033378601,"[1272.7825927734375, 12654, 9615]",SZ,MARKET.SZ,002086.SZ
002088,100,鲁阳节能,2,8.770000457763672,"[130.31590270996094, 12655, 9615]",SZ,MARKET.SZ,002088.SZ
002090,100,金智科技,2,10.800000190734863,"[426.3901062011719, 12699, 9603]",SZ,MARKET.SZ,002090.SZ
002091,100,江苏国泰,2,8.979999542236328,"[984.5534057617188, 12656, 9611]",SZ,MARKET.SZ,002091.SZ
002092,100,中泰化学,2,5.039999961853027,"[2478.437744140625, 12646, 9581]",SZ,MARKET.SZ,002092.SZ
002093,100,国脉科技,2,7.880000114440918,"[599.36181640625, 12654, 9610]",SZ,MARKET.SZ,002093.SZ
002094,100,青岛金王,2,5.440000057220459,"[632.8328857421875, 12656, 7546]",SZ,MARKET.SZ,002094.SZ
002095,100,生 意 宝,2,15.100000381469727,"[140.7999725341797, 12655, 9280]",SZ,MARKET.SZ,002095.SZ
002096,100,易普力,2,10.350000381469727,"[310.1686096191406, 12656, 9529]",SZ,MARKET.SZ,002096.SZ
002097,100,山河智能,2,9.130000114440918,"[720.1321411132812, 12684, 9611]",SZ,MARKET.SZ,002097.SZ
002098,100,浔兴股份,2,7.960000038146973,"[142.60137939453125, 12687, 9614]",SZ,MARKET.SZ,002098.SZ
002099,100,海翔药业,2,5.559999942779541,"[848.0607299804688, 12683, 9615]",SZ,MARKET.SZ,002099.SZ
002100,100,天康生物,2,7.159999847412109,"[1047.003173828125, 12679, 9279]",SZ,MARKET.SZ,002100.SZ
002101,100,广东鸿图,2,9.369999885559082,"[254.1941680908203, 12652, 9607]",SZ,MARKET.SZ,002101.SZ
002102,100,ST能特,2,2.3399999141693115,"[1030.30908203125, 12655, 9615]",SZ,MARKET.SZ,002102.SZ
002103,100,广博股份,2,7.329999923706055,"[237.40573120117188, 12656, 9602]",SZ,MARKET.SZ,002103.SZ
002104,100,恒宝股份,2,13.25,"[784.2064819335938, 12658, 9622]",SZ,MARKET.SZ,002104.SZ
002105,100,信隆健康,2,6.309999942779541,"[304.39990234375, 12654, 9610]",SZ,MARKET.SZ,002105.SZ
002106,100,莱宝高科,2,10.800000190734863,"[603.8319091796875, 12652, 9586]",SZ,MARKET.SZ,002106.SZ
002107,100,沃华医药,2,6.670000076293945,"[615.8314819335938, 12612, 9554]",SZ,MARKET.SZ,002107.SZ
002108,100,沧州明珠,2,5.170000076293945,"[3715.064697265625, 12640, 9608]",SZ,MARKET.SZ,002108.SZ
002109,100,ST兴化,2,2.9100000858306885,"[915.231201171875, 12657, 9091]",SZ,MARKET.SZ,002109.SZ
002110,100,三钢闽光,2,3.109999895095825,"[1035.844970703125, 12687, 9247]",SZ,MARKET.SZ,002110.SZ
002111,100,威海广泰,2,10.869999885559082,"[404.5882263183594, 12687, 9615]",SZ,MARKET.SZ,002111.SZ
002112,100,三变科技,2,18.799999237060547,"[881.0523681640625, 12671, 9611]",SZ,MARKET.SZ,002112.SZ
002114,100,罗平锌电,2,8.59000015258789,"[763.8098754882812, 12656, 7858]",SZ,MARKET.SZ,002114.SZ
002115,100,三维通信,2,12.970000267028809,"[2587.193359375, 12650, 9091]",SZ,MARKET.SZ,002115.SZ
002116,100,中国海诚,2,9.050000190734863,"[131.5447998046875, 12644, 9610]",SZ,MARKET.SZ,002116.SZ
002117,100,东港股份,2,9.609999656677246,"[493.3771057128906, 12695, 9625]",SZ,MARKET.SZ,002117.SZ
002119,100,康强电子,2,22.729999542236328,"[2166.342529296875, 12632, 9614]",SZ,MARKET.SZ,002119.SZ
002120,100,韵达股份,2,7.21999979019165,"[1354.9521484375, 12646, 9611]",SZ,MARKET.SZ,002120.SZ
002121,100,科陆电子,2,6.929999828338623,"[2467.75390625, 12646, 9576]",SZ,MARKET.SZ,002121.SZ
002122,100,ST汇洲,2,2.8299999237060547,"[596.0650024414062, 12644, 9606]",SZ,MARKET.SZ,002122.SZ
002123,100,梦网科技,2,9.630000114440918,"[1400.98779296875, 12654, 9615]",SZ,MARKET.SZ,002123.SZ
002124,100,天邦食品,2,2.7200000286102295,"[7698.2080078125, 12682, 9615]",SZ,MARKET.SZ,002124.SZ
002125,100,湘潭电化,2,14.029999732971191,"[983.4721069335938, 12701, 9611]",SZ,MARKET.SZ,002125.SZ
002126,100,银轮股份,2,59.540000915527344,"[1348.0692138671875, 12688, 9632]",SZ,MARKET.SZ,002126.SZ
002127,100,南极电商,2,3.2100000381469727,"[2996.893310546875, 12644, 9610]",SZ,MARKET.SZ,002127.SZ
002128,100,电投能源,2,29.110000610351562,"[708.0181884765625, 12626, 9628]",SZ,MARKET.SZ,002128.SZ
002129,100,TCL中环,2,9.119999885559082,"[7647.85546875, 12652, 9580]",SZ,MARKET.SZ,002129.SZ
002130,100,沃尔核材,2,20.459999084472656,"[1866.2164306640625, 12645, 9587]",SZ,MARKET.SZ,002130.SZ
002131,100,利欧股份,2,6.630000114440918,"[28923.818359375, 12654, 9637]",SZ,MARKET.SZ,002131.SZ
002132,100,恒星科技,2,5.28000020980835,"[5342.41357421875, 12671, 9615]",SZ,MARKET.SZ,002132.SZ
002133,100,广宇集团,2,2.9700000286102295,"[863.1464233398438, 12656, 9414]",SZ,MARKET.SZ,002133.SZ
002134,100,天津普林,2,28.93000030517578,"[496.9140319824219, 12625, 9600]",SZ,MARKET.SZ,002134.SZ
002135,100,东南网架,2,8.569999694824219,"[2028.0928955078125, 12671, 9623]",SZ,MARKET.SZ,002135.SZ
002136,100,安 纳 达,2,14.3100004196167,"[410.322509765625, 12638, 9343]",SZ,MARKET.SZ,002136.SZ
002137,100,实益达,2,8.65999984741211,"[741.6361083984375, 12638, 9635]",SZ,MARKET.SZ,002137.SZ
002138,100,顺络电子,2,39.900001525878906,"[2028.1922607421875, 12656, 9580]",SZ,MARKET.SZ,002138.SZ
002139,100,拓邦股份,2,11.039999961853027,"[1081.07861328125, 12652, 9624]",SZ,MARKET.SZ,002139.SZ
002140,100,东华科技,2,10.300000190734863,"[280.8083190917969, 12683, 9501]",SZ,MARKET.SZ,002140.SZ
002141,100,贤丰控股,2,3.509999990463257,"[849.4662475585938, 12654, 9608]",SZ,MARKET.SZ,002141.SZ
002142,100,宁波银行,2,31.530000686645508,"[866.7996826171875, 12647, 9611]",SZ,MARKET.SZ,002142.SZ
002144,100,宏达高科,2,12.90999984741211,"[167.6392059326172, 12650, 9604]",SZ,MARKET.SZ,002144.SZ
002145,100,钛能化学,2,4.289999961853027,"[1885.5859375, 12654, 9615]",SZ,MARKET.SZ,002145.SZ
002146,100,荣盛发展,2,1.2200000286102295,"[3243.490478515625, 12654, 9615]",SZ,MARKET.SZ,002146.SZ
002148,100,北纬科技,2,7.360000133514404,"[546.1553344726562, 12683, 9365]",SZ,MARKET.SZ,002148.SZ
002149,100,西部材料,2,70.1500015258789,"[3154.281005859375, 12652, 9419]",SZ,MARKET.SZ,002149.SZ
002150,100,正泰电源,2,33.9900016784668,"[1455.1466064453125, 12624, 9600]",SZ,MARKET.SZ,002150.SZ
002151,100,北斗星通,2,38.279998779296875,"[690.9176635742188, 12650, 9581]",SZ,MARKET.SZ,002151.SZ
002152,100,广电运通,2,11.15999984741211,"[1169.9708251953125, 12685, 9637]",SZ,MARKET.SZ,002152.SZ
002153,100,石基信息,2,8.760000228881836,"[1493.5042724609375, 12652, 9623]",SZ,MARKET.SZ,002153.SZ
002154,100,报 喜 鸟,2,4.269999980926514,"[1366.7724609375, 12646, 9637]",SZ,MARKET.SZ,002154.SZ
002155,100,湖南黄金,2,24.690000534057617,"[1837.432373046875, 12650, 9596]",SZ,MARKET.SZ,002155.SZ
002156,100,通富微电,2,61.7599983215332,"[7247.15771484375, 12656, 9637]",SZ,MARKET.SZ,002156.SZ
002157,100,正邦科技,2,3.2699999809265137,"[10397.6015625, 12654, 9614]",SZ,MARKET.SZ,002157.SZ
002158,100,汉钟精机,2,33.72999954223633,"[877.0164184570312, 12646, 9611]",SZ,MARKET.SZ,002158.SZ
002159,100,三特索道,2,15.949999809265137,"[364.08135986328125, 12656, 9597]",SZ,MARKET.SZ,002159.SZ
002160,100,常铝股份,2,4.570000171661377,"[1018.7783203125, 12644, 9512]",SZ,MARKET.SZ,002160.SZ
002161,100,远 望 谷,2,6.46999979019165,"[1021.5742797851562, 12683, 9615]",SZ,MARKET.SZ,002161.SZ
002162,100,悦心健康,2,4.0,"[465.66937255859375, 12699, 9281]",SZ,MARKET.SZ,002162.SZ
002163,100,海南发展,2,10.859999656677246,"[1164.3935546875, 12652, 9243]",SZ,MARKET.SZ,002163.SZ
002164,100,宁波东力,2,14.949999809265137,"[2203.147705078125, 12671, 9615]",SZ,MARKET.SZ,002164.SZ
002165,100,红 宝 丽,2,7.860000133514404,"[5891.15380859375, 12642, 9609]",SZ,MARKET.SZ,002165.SZ
002166,100,莱茵生物,2,8.59000015258789,"[458.1457824707031, 12656, 9615]",SZ,MARKET.SZ,002166.SZ
002167,100,东方锆业,2,11.960000038146973,"[1266.5853271484375, 12641, 9607]",SZ,MARKET.SZ,002167.SZ
002168,100,ST惠程,2,3.9200000762939453,"[280.1080627441406, 12656, 9250]",SZ,MARKET.SZ,002168.SZ
002169,100,智光电气,2,17.799999237060547,"[2819.394287109375, 12687, 9316]",SZ,MARKET.SZ,002169.SZ
002170,100,芭田股份,2,11.899999618530273,"[755.1240234375, 12695, 9624]",SZ,MARKET.SZ,002170.SZ
002171,100,楚江新材,2,10.819999694824219,"[2271.998291015625, 12652, 9611]",SZ,MARKET.SZ,002171.SZ
002172,100,澳洋健康,2,3.450000047683716,"[634.5601806640625, 12656, 9586]",SZ,MARKET.SZ,002172.SZ
002173,100,创新医疗,2,23.3799991607666,"[1268.98388671875, 12656, 9579]",SZ,MARKET.SZ,002173.SZ
002174,100,游族网络,2,12.210000038146973,"[2644.53662109375, 12687, 9527]",SZ,MARKET.SZ,002174.SZ
002175,100,*ST东智,2,2.440000057220459,"[2670.78173828125, 12654, 9491]",SZ,MARKET.SZ,002175.SZ
002176,100,江特电机,2,12.729999542236328,"[5486.70263671875, 12699, 9637]",SZ,MARKET.SZ,002176.SZ
002177,100,御银股份,2,7.769999980926514,"[2623.25, 12644, 9610]",SZ,MARKET.SZ,002177.SZ
002178,100,延华智能,2,5.730000019073486,"[1048.478271484375, 12656, 9091]",SZ,MARKET.SZ,002178.SZ
002179,100,中航光电,2,40.79999923706055,"[2241.4345703125, 12681, 9635]",SZ,MARKET.SZ,002179.SZ
002180,100,奔图科技,2,17.149999618530273,"[608.6405639648438, 12656, 9601]",SZ,MARKET.SZ,002180.SZ
002181,100,粤 传 媒,2,13.649999618530273,"[5300.20068359375, 12656, 9525]",SZ,MARKET.SZ,002181.SZ
002182,100,宝武镁业,2,15.09000015258789,"[1008.389404296875, 12671, 9615]",SZ,MARKET.SZ,002182.SZ
002183,100,怡 亚 通,2,6.679999828338623,"[8062.06005859375, 12654, 9314]",SZ,MARKET.SZ,002183.SZ
002184,100,海得控制,2,12.100000381469727,"[345.0766906738281, 12699, 9614]",SZ,MARKET.SZ,002184.SZ
002185,100,华天科技,2,15.1899995803833,"[15423.08984375, 12655, 9615]",SZ,MARKET.SZ,002185.SZ
002186,100,全 聚 德,2,9.75,"[171.2881317138672, 12644, 9607]",SZ,MARKET.SZ,002186.SZ
002187,100,广百股份,2,5.539999961853027,"[388.183837890625, 12652, 9432]",SZ,MARKET.SZ,002187.SZ
002188,100,中天服务,2,6.510000228881836,"[407.4634094238281, 12656, 9153]",SZ,MARKET.SZ,002188.SZ
002189,100,中光学,2,22.100000381469727,"[177.04774475097656, 12652, 9370]",SZ,MARKET.SZ,002189.SZ
002190,100,成飞集成,2,29.700000762939453,"[431.9184875488281, 12701, 9091]",SZ,MARKET.SZ,002190.SZ
002191,100,劲嘉股份,2,3.75,"[894.8505249023438, 12684, 9614]",SZ,MARKET.SZ,002191.SZ
002192,100,融捷股份,2,85.79000091552734,"[1030.2730712890625, 12673, 9579]",SZ,MARKET.SZ,002192.SZ
002193,100,ST如意,2,4.829999923706055,"[535.9854736328125, 12654, 9091]",SZ,MARKET.SZ,002193.SZ
002194,100,武汉凡谷,2,12.119999885559082,"[2013.9991455078125, 12654, 9615]",SZ,MARKET.SZ,002194.SZ
002195,100,岩山科技,2,8.079999923706055,"[8998.873046875, 12652, 9614]",SZ,MARKET.SZ,002195.SZ
002196,100,方正电机,2,16.459999084472656,"[4866.4697265625, 12626, 9601]",SZ,MARKET.SZ,002196.SZ
002197,100,证通电子,2,7.260000228881836,"[986.4804077148438, 12647, 9370]",SZ,MARKET.SZ,002197.SZ
002198,100,ST嘉应,2,3.9700000286102295,"[985.4404296875, 12672, 9616]",SZ,MARKET.SZ,002198.SZ
002199,100,*ST东晶,2,12.920000076293945,"[422.352783203125, 12652, 9614]",SZ,MARKET.SZ,002199.SZ
002200,100,*ST交投,2,7.550000190734863,"[64.57298278808594, 12679, 9583]",SZ,MARKET.SZ,002200.SZ
002201,100,九鼎新材,2,11.59000015258789,"[1560.6087646484375, 12652, 9607]",SZ,MARKET.SZ,002201.SZ
002202,100,金风科技,2,24.729999542236328,"[5982.560546875, 12646, 9583]",SZ,MARKET.SZ,002202.SZ
002203,100,海亮股份,2,20.0,"[2063.201171875, 12656, 9615]",SZ,MARKET.SZ,002203.SZ
002204,100,大连重工,2,6.099999904632568,"[896.6067504882812, 12681, 9281]",SZ,MARKET.SZ,002204.SZ
002205,100,国统股份,2,13.680000305175781,"[125.78848266601562, 12682, 8221]",SZ,MARKET.SZ,002205.SZ
002206,100,海 利 得,2,5.400000095367432,"[629.7938842773438, 12697, 9629]",SZ,MARKET.SZ,002206.SZ
002207,100,*ST准油,2,9.130000114440918,"[1098.5408935546875, 12685, 9614]",SZ,MARKET.SZ,002207.SZ
002208,100,合肥城建,2,23.290000915527344,"[5597.26025390625, 12652, 9607]",SZ,MARKET.SZ,002208.SZ
002209,100,达 意 隆,2,13.220000267028809,"[254.8707275390625, 12656, 9448]",SZ,MARKET.SZ,002209.SZ
002210,100,飞马国际,2,2.7200000286102295,"[4191.21240234375, 12650, 9613]",SZ,MARKET.SZ,002210.SZ
002211,100,ST宏达,2,3.759999990463257,"[406.69415283203125, 12644, 9373]",SZ,MARKET.SZ,002211.SZ
002212,100,天融信,2,7.170000076293945,"[1158.2410888671875, 12656, 9610]",SZ,MARKET.SZ,002212.SZ
002213,100,大为股份,2,38.33000183105469,"[1029.860595703125, 12672, 9624]",SZ,MARKET.SZ,002213.SZ
002214,100,*ST大立,2,18.549999237060547,"[154.42222595214844, 12656, 9582]",SZ,MARKET.SZ,002214.SZ
002215,100,诺 普 信,2,9.399999618530273,"[747.0729370117188, 12652, 9518]",SZ,MARKET.SZ,002215.SZ
002216,100,三全食品,2,13.470000267028809,"[258.5011901855469, 12650, 9613]",SZ,MARKET.SZ,002216.SZ
002217,100,合力泰,2,2.7200000286102295,"[26669.431640625, 12642, 9597]",SZ,MARKET.SZ,002217.SZ
002218,100,拓日新能,2,5.03000020980835,"[3277.642578125, 12673, 9588]",SZ,MARKET.SZ,002218.SZ
002219,100,新里程,2,2.200000047683716,"[2701.832763671875, 12695, 9609]",SZ,MARKET.SZ,002219.SZ
002221,100,东华能源,2,7.349999904632568,"[972.8438720703125, 12656, 9615]",SZ,MARKET.SZ,002221.SZ
002222,100,福晶科技,2,100.58000183105469,"[1715.9283447265625, 12681, 9615]",SZ,MARKET.SZ,002222.SZ
002223,100,鱼跃医疗,2,27.360000610351562,"[425.0382995605469, 12679, 9636]",SZ,MARKET.SZ,002223.SZ
002224,100,三 力 士,2,3.809999942779541,"[578.8394165039062, 12681, 9373]",SZ,MARKET.SZ,002224.SZ
002225,100,濮耐股份,2,3.799999952316284,"[1799.482177734375, 12683, 9638]",SZ,MARKET.SZ,002225.SZ
002226,100,江南化工,2,5.820000171661377,"[4090.818359375, 12653, 9610]",SZ,MARKET.SZ,002226.SZ
002227,100,*ST特迅,2,8.510000228881836,"[190.44735717773438, 12697, 9369]",SZ,MARKET.SZ,002227.SZ
002228,100,合兴包装,2,3.5199999809265137,"[973.7350463867188, 12650, 9495]",SZ,MARKET.SZ,002228.SZ
002229,100,鸿博股份,2,15.40999984741211,"[3112.00048828125, 12644, 9594]",SZ,MARKET.SZ,002229.SZ
002230,100,科大讯飞,2,47.20000076293945,"[2207.00927734375, 12655, 9615]",SZ,MARKET.SZ,002230.SZ
002232,100,启明信息,2,17.56999969482422,"[276.04510498046875, 12646, 9280]",SZ,MARKET.SZ,002232.SZ
002233,100,塔牌集团,2,8.25,"[298.79132080078125, 12642, 9609]",SZ,MARKET.SZ,002233.SZ
002234,100,民和股份,2,7.739999771118164,"[495.8620300292969, 12646, 9219]",SZ,MARKET.SZ,002234.SZ
002235,100,安妮股份,2,10.3100004196167,"[1868.3270263671875, 12656, 8789]",SZ,MARKET.SZ,002235.SZ
002236,100,大华股份,2,17.56999969482422,"[1677.772216796875, 12646, 9635]",SZ,MARKET.SZ,002236.SZ
002237,100,恒邦股份,2,13.899999618530273,"[1111.2877197265625, 12651, 9473]",SZ,MARKET.SZ,002237.SZ
002238,100,天威视讯,2,7.039999961853027,"[381.9403381347656, 12657, 9315]",SZ,MARKET.SZ,002238.SZ
002239,100,奥特佳,2,2.740000009536743,"[2347.64013671875, 12681, 9614]",SZ,MARKET.SZ,002239.SZ
002240,100,盛新锂能,2,48.97999954223633,"[2393.48779296875, 12656, 9477]",SZ,MARKET.SZ,002240.SZ
002241,100,歌尔股份,2,24.940000534057617,"[5199.34765625, 12700, 9638]",SZ,MARKET.SZ,002241.SZ
002242,100,九阳股份,2,9.880000114440918,"[562.143798828125, 12656, 9616]",SZ,MARKET.SZ,002242.SZ
002243,100,力合科创,2,8.600000381469727,"[903.2680053710938, 12699, 9637]",SZ,MARKET.SZ,002243.SZ
002244,100,滨江集团,2,10.140000343322754,"[1624.846923828125, 12701, 9610]",SZ,MARKET.SZ,002244.SZ
002245,100,蔚蓝锂芯,2,18.549999237060547,"[5223.1630859375, 12697, 9630]",SZ,MARKET.SZ,002245.SZ
002246,100,北化股份,2,22.639999389648438,"[1515.4443359375, 12685, 9525]",SZ,MARKET.SZ,002246.SZ
002247,100,聚力文化,2,2.7200000286102295,"[1062.6800537109375, 12654, 8490]",SZ,MARKET.SZ,002247.SZ
002248,100,华东数控,2,12.170000076293945,"[556.9234008789062, 12632, 8267]",SZ,MARKET.SZ,002248.SZ
002249,100,大洋电机,2,9.850000381469727,"[3867.27880859375, 12682, 9629]",SZ,MARKET.SZ,002249.SZ
002250,100,联化科技,2,14.390000343322754,"[703.5184936523438, 12652, 9610]",SZ,MARKET.SZ,002250.SZ
002251,100,步步高,2,3.6600000858306885,"[2208.071044921875, 12642, 9491]",SZ,MARKET.SZ,002251.SZ
002252,100,上海莱士,2,5.329999923706055,"[1142.5390625, 12687, 9582]",SZ,MARKET.SZ,002252.SZ
002253,100,*ST智胜,2,11.199999809265137,"[211.06044006347656, 12652, 9614]",SZ,MARKET.SZ,002253.SZ
002254,100,泰和新材,2,14.479999542236328,"[3577.330078125, 12647, 9632]",SZ,MARKET.SZ,002254.SZ
002255,100,海陆重工,2,10.300000190734863,"[843.8338012695312, 12652, 9614]",SZ,MARKET.SZ,002255.SZ
002256,100,兆新股份,2,4.489999771118164,"[5598.2802734375, 12687, 9631]",SZ,MARKET.SZ,002256.SZ
002258,100,利尔化学,2,11.789999961853027,"[832.0486450195312, 12685, 9583]",SZ,MARKET.SZ,002258.SZ
002259,100,升达林业,2,5.130000114440918,"[1066.5950927734375, 12646, 7858]",SZ,MARKET.SZ,002259.SZ
002261,100,拓维信息,2,32.27000045776367,"[2838.908203125, 12653, 9614]",SZ,MARKET.SZ,002261.SZ
002262,100,恩华药业,2,20.739999771118164,"[405.5992126464844, 12632, 9635]",SZ,MARKET.SZ,002262.SZ
002263,100,大东南,2,3.7100000381469727,"[3364.36572265625, 12671, 8519]",SZ,MARKET.SZ,002263.SZ
002264,100,新 华 都,2,6.980000019073486,"[945.82421875, 12652, 9434]",SZ,MARKET.SZ,002264.SZ
002265,100,建设工业,2,22.459999084472656,"[410.0804138183594, 12701, 9496]",SZ,MARKET.SZ,002265.SZ
002266,100,浙富控股,2,5.420000076293945,"[5022.3046875, 12671, 9615]",SZ,MARKET.SZ,002266.SZ
002267,100,陕天然气,2,7.619999885559082,"[423.3800048828125, 12652, 9295]",SZ,MARKET.SZ,002267.SZ
002268,100,电科网安,2,14.979999542236328,"[471.0699462890625, 12632, 9604]",SZ,MARKET.SZ,002268.SZ
002269,100,美邦服饰,2,1.5499999523162842,"[2254.632568359375, 12656, 9616]",SZ,MARKET.SZ,002269.SZ
002270,100,华明装备,2,22.90999984741211,"[907.4686889648438, 12701, 9610]",SZ,MARKET.SZ,002270.SZ
002271,100,东方雨虹,2,14.119999885559082,"[2241.516357421875, 12655, 9603]",SZ,MARKET.SZ,002271.SZ
002272,100,川润股份,2,22.450000762939453,"[3144.352783203125, 12693, 9601]",SZ,MARKET.SZ,002272.SZ
002273,100,水晶光电,2,36.66999816894531,"[3726.241455078125, 12642, 9604]",SZ,MARKET.SZ,002273.SZ
002274,100,华昌化工,2,6.0,"[1208.2828369140625, 12652, 9636]",SZ,MARKET.SZ,002274.SZ
002275,100,桂林三金,2,13.600000381469727,"[92.63594055175781, 12673, 9615]",SZ,MARKET.SZ,002275.SZ
002276,100,万马股份,2,12.880000114440918,"[810.6810302734375, 12656, 9609]",SZ,MARKET.SZ,002276.SZ
002277,100,友阿股份,2,6.650000095367432,"[2369.315185546875, 12684, 9274]",SZ,MARKET.SZ,002277.SZ
002278,100,神开股份,2,9.529999732971191,"[373.7883605957031, 12646, 9611]",SZ,MARKET.SZ,002278.SZ
002279,100,久其软件,2,7.119999885559082,"[1009.5565185546875, 12685, 9630]",SZ,MARKET.SZ,002279.SZ
002281,100,光迅科技,2,217.3000030517578,"[3404.514404296875, 12642, 9609]",SZ,MARKET.SZ,002281.SZ
002282,100,博深股份,2,6.360000133514404,"[222.6475372314453, 12671, 9628]",SZ,MARKET.SZ,002282.SZ
002283,100,天润工业,2,11.479999542236328,"[2198.263427734375, 12652, 9616]",SZ,MARKET.SZ,002283.SZ
002284,100,亚太股份,2,13.09000015258789,"[968.421875, 12656, 9586]",SZ,MARKET.SZ,002284.SZ
002285,100,世联行,2,2.809999942779541,"[1946.2939453125, 12701, 9590]",SZ,MARKET.SZ,002285.SZ
002286,100,保龄宝,2,8.670000076293945,"[377.1459045410156, 12699, 9611]",SZ,MARKET.SZ,002286.SZ
002287,100,奇正藏药,2,21.899999618530273,"[56.158084869384766, 12671, 9610]",SZ,MARKET.SZ,002287.SZ
002289,100,*ST宇顺,2,39.689998626708984,"[232.8502655029297, 12655, 9615]",SZ,MARKET.SZ,002289.SZ
002290,100,禾盛新材,2,97.55000305175781,"[800.952392578125, 12654, 9582]",SZ,MARKET.SZ,002290.SZ
002291,100,遥望科技,2,6.360000133514404,"[2281.45947265625, 12654, 9526]",SZ,MARKET.SZ,002291.SZ
002292,100,奥飞娱乐,2,7.78000020980835,"[1663.666748046875, 12652, 9614]",SZ,MARKET.SZ,002292.SZ
002293,100,罗莱生活,2,10.239999771118164,"[403.4665222167969, 12642, 9631]",SZ,MARKET.SZ,002293.SZ
002294,100,信立泰,2,36.29999923706055,"[1121.0067138671875, 12638, 9635]",SZ,MARKET.SZ,002294.SZ
002295,100,精艺股份,2,10.6899995803833,"[186.33673095703125, 12652, 9614]",SZ,MARKET.SZ,002295.SZ
002296,100,辉煌科技,2,10.84000015258789,"[416.6637268066406, 12652, 9614]",SZ,MARKET.SZ,002296.SZ
002297,100,博云新材,2,24.709999084472656,"[5765.91015625, 12683, 9230]",SZ,MARKET.SZ,002297.SZ
002298,100,中电鑫龙,2,10.579999923706055,"[3531.839599609375, 12640, 9608]",SZ,MARKET.SZ,002298.SZ
002299,100,圣农发展,2,17.219999313354492,"[453.23095703125, 12671, 9630]",SZ,MARKET.SZ,002299.SZ
002300,100,太阳电缆,2,9.229999542236328,"[2296.225341796875, 12699, 9596]",SZ,MARKET.SZ,002300.SZ
002301,100,齐心集团,2,8.329999923706055,"[1628.9383544921875, 12646, 9403]",SZ,MARKET.SZ,002301.SZ
002302,100,西部建设,2,5.409999847412109,"[372.6482238769531, 12669, 9301]",SZ,MARKET.SZ,002302.SZ
002303,100,美盈森,2,3.4700000286102295,"[732.3170166015625, 12653, 9614]",SZ,MARKET.SZ,002303.SZ
002304,100,洋河股份,2,44.599998474121094,"[247.05857849121094, 12652, 9614]",SZ,MARKET.SZ,002304.SZ
002305,100,*ST南置,2,2.3499999046325684,"[1031.2508544921875, 12652, 9091]",SZ,MARKET.SZ,002305.SZ
002306,100,*ST云网,2,2.140000104904175,"[580.5516967773438, 12613, 9594]",SZ,MARKET.SZ,002306.SZ
002307,100,北新路桥,2,4.110000133514404,"[653.9484252929688, 12652, 9607]",SZ,MARKET.SZ,002307.SZ
002309,100,中利集团,2,3.7699999809265137,"[16513.828125, 12652, 9611]",SZ,MARKET.SZ,002309.SZ
002310,100,东方新能,2,2.8399999141693115,"[9874.853515625, 12681, 9628]",SZ,MARKET.SZ,002310.SZ
002311,100,海大集团,2,45.130001068115234,"[424.4640197753906, 12652, 9610]",SZ,MARKET.SZ,002311.SZ
002312,100,川发龙蟒,2,9.729999542236328,"[1091.655029296875, 12683, 9614]",SZ,MARKET.SZ,002312.SZ
002313,100,日海智能,2,9.640000343322754,"[567.48681640625, 12652, 9609]",SZ,MARKET.SZ,002313.SZ
002314,100,南山控股,2,2.2200000286102295,"[780.6282348632812, 12687, 9615]",SZ,MARKET.SZ,002314.SZ
002315,100,焦点科技,2,29.649999618530273,"[318.2979431152344, 12657, 9602]",SZ,MARKET.SZ,002315.SZ
002316,100,亚联发展,2,5.340000152587891,"[670.570068359375, 12672, 9566]",SZ,MARKET.SZ,002316.SZ
002317,100,众生药业,2,23.979999542236328,"[2823.457763671875, 12654, 9615]",SZ,MARKET.SZ,002317.SZ
002318,100,久立特材,2,26.59000015258789,"[453.7499694824219, 12652, 9637]",SZ,MARKET.SZ,002318.SZ
002319,100,乐通股份,2,11.640000343322754,"[379.9566955566406, 12693, 9634]",SZ,MARKET.SZ,002319.SZ
002320,100,海峡股份,2,7.929999828338623,"[903.0446166992188, 12701, 9609]",SZ,MARKET.SZ,002320.SZ
002321,100,华英农业,2,1.9199999570846558,"[1070.665283203125, 12679, 9604]",SZ,MARKET.SZ,002321.SZ
002322,100,理工能科,2,11.479999542236328,"[193.62139892578125, 12644, 9609]",SZ,MARKET.SZ,002322.SZ
002323,100,*ST雅博,2,1.149999976158142,"[7361.27978515625, 12655, 9615]",SZ,MARKET.SZ,002323.SZ
002324,100,普利特,2,13.40999984741211,"[1000.0405883789062, 12646, 9365]",SZ,MARKET.SZ,002324.SZ
002326,100,永太科技,2,22.68000030517578,"[1786.657470703125, 12652, 9614]",SZ,MARKET.SZ,002326.SZ
002327,100,富安娜,2,7.050000190734863,"[412.3480529785156, 12646, 9611]",SZ,MARKET.SZ,002327.SZ
002328,100,新朋股份,2,9.600000381469727,"[1991.764892578125, 12683, 9638]",SZ,MARKET.SZ,002328.SZ
002329,100,皇氏集团,2,4.480000019073486,"[1365.3897705078125, 12656, 9613]",SZ,MARKET.SZ,002329.SZ
002330,100,得利斯,2,4.289999961853027,"[479.0946044921875, 12701, 9610]",SZ,MARKET.SZ,002330.SZ
002331,100,皖通科技,2,9.239999771118164,"[799.56005859375, 12699, 9637]",SZ,MARKET.SZ,002331.SZ
002332,100,仙琚制药,2,8.579999923706055,"[279.8534851074219, 12673, 9638]",SZ,MARKET.SZ,002332.SZ
002333,100,罗普斯金,2,5.170000076293945,"[262.9158630371094, 12701, 9610]",SZ,MARKET.SZ,002333.SZ
002334,100,英威腾,2,8.760000228881836,"[2188.16748046875, 12631, 9633]",SZ,MARKET.SZ,002334.SZ
002335,100,科华数据,2,62.220001220703125,"[1453.7425537109375, 12701, 9638]",SZ,MARKET.SZ,002335.SZ
002337,100,赛象科技,2,5.550000190734863,"[415.9988708496094, 12652, 9285]",SZ,MARKET.SZ,002337.SZ
002338,100,奥普光电,2,62.61000061035156,"[341.60626220703125, 12652, 9637]",SZ,MARKET.SZ,002338.SZ
002339,100,积成电子,2,8.970000267028809,"[797.4716796875, 12654, 9610]",SZ,MARKET.SZ,002339.SZ
002340,100,格林美,2,8.069999694824219,"[5650.5185546875, 12682, 9629]",SZ,MARKET.SZ,002340.SZ
002342,100,巨力索具,2,12.789999961853027,"[6842.6572265625, 12652, 9091]",SZ,MARKET.SZ,002342.SZ
002343,100,慈文传媒,2,5.46999979019165,"[559.637939453125, 12699, 9603]",SZ,MARKET.SZ,002343.SZ
002344,100,海宁皮城,2,4.070000171661377,"[338.37213134765625, 12654, 9602]",SZ,MARKET.SZ,002344.SZ
002345,100,潮宏基,2,9.210000038146973,"[628.4521484375, 12656, 9629]",SZ,MARKET.SZ,002345.SZ
002346,100,柘中股份,2,20.350000381469727,"[411.8320617675781, 12655, 9615]",SZ,MARKET.SZ,002346.SZ
002347,100,泰尔股份,2,8.0600004196167,"[951.4127197265625, 12656, 9315]",SZ,MARKET.SZ,002347.SZ
002348,100,高乐股份,2,13.3100004196167,"[1780.716552734375, 12654, 9615]",SZ,MARKET.SZ,002348.SZ
002349,100,精华制药,2,7.059999942779541,"[404.69140625, 12679, 9637]",SZ,MARKET.SZ,002349.SZ
002350,100,北京科锐,2,15.789999961853027,"[1060.668212890625, 12654, 9615]",SZ,MARKET.SZ,002350.SZ
002351,100,漫步者,2,10.970000267028809,"[502.9375915527344, 12644, 9630]",SZ,MARKET.SZ,002351.SZ
002352,100,顺丰控股,2,35.47999954223633,"[831.6478881835938, 12654, 9628]",SZ,MARKET.SZ,002352.SZ
002353,100,杰瑞股份,2,132.97999572753906,"[608.747314453125, 12691, 9610]",SZ,MARKET.SZ,002353.SZ
002354,100,天娱数科,2,6.800000190734863,"[9916.2255859375, 12654, 9607]",SZ,MARKET.SZ,002354.SZ
002355,100,兴民智通,2,6.199999809265137,"[1067.48974609375, 12685, 9615]",SZ,MARKET.SZ,002355.SZ
002356,100,赫美集团,2,3.0,"[1085.611328125, 12699, 9606]",SZ,MARKET.SZ,002356.SZ
002357,100,富临运业,2,10.930000305175781,"[410.2721862792969, 12701, 9496]",SZ,MARKET.SZ,002357.SZ
002358,100,森源电气,2,6.610000133514404,"[1416.2257080078125, 12654, 9372]",SZ,MARKET.SZ,002358.SZ
002360,100,ST同德,2,6.070000171661377,"[921.3245239257812, 12684, 9614]",SZ,MARKET.SZ,002360.SZ
002361,100,神剑股份,2,17.299999237060547,"[6069.0380859375, 12652, 9614]",SZ,MARKET.SZ,002361.SZ
002362,100,汉王科技,2,17.700000762939453,"[189.4919891357422, 12652, 9369]",SZ,MARKET.SZ,002362.SZ
002363,100,隆基机械,2,7.699999809265137,"[326.1264343261719, 12695, 9615]",SZ,MARKET.SZ,002363.SZ
002364,100,中恒电气,2,49.16999816894531,"[2397.244873046875, 12652, 9607]",SZ,MARKET.SZ,002364.SZ
002365,100,永安药业,2,12.239999771118164,"[337.9627380371094, 12671, 9603]",SZ,MARKET.SZ,002365.SZ
002366,100,融发核电,2,7.090000152587891,"[2042.419189453125, 12647, 9611]",SZ,MARKET.SZ,002366.SZ
002367,100,康力电梯,2,6.059999942779541,"[314.3741455078125, 12646, 9631]",SZ,MARKET.SZ,002367.SZ
002368,100,太极股份,2,16.18000030517578,"[576.191162109375, 12687, 9616]",SZ,MARKET.SZ,002368.SZ
002369,100,卓翼科技,2,6.78000020980835,"[583.2496948242188, 12679, 9614]",SZ,MARKET.SZ,002369.SZ
002370,100,亚太药业,2,6.050000190734863,"[775.2515258789062, 12647, 9373]",SZ,MARKET.SZ,002370.SZ
002371,100,北方华创,2,662.989990234375,"[790.4190063476562, 12656, 9604]",SZ,MARKET.SZ,002371.SZ
002372,100,伟星新材,2,9.899999618530273,"[314.5609130859375, 12652, 9614]",SZ,MARKET.SZ,002372.SZ
002373,100,千方科技,2,8.470000267028809,"[984.3068237304688, 12685, 9629]",SZ,MARKET.SZ,002373.SZ
002374,100,中锐股份,2,3.690000057220459,"[3790.6552734375, 12681, 9246]",SZ,MARKET.SZ,002374.SZ
002375,100,亚厦股份,2,4.440000057220459,"[1914.1610107421875, 12699, 9614]",SZ,MARKET.SZ,002375.SZ
002376,100,新北洋,2,6.820000171661377,"[493.38287353515625, 12673, 9638]",SZ,MARKET.SZ,002376.SZ
002377,100,国创高新,2,3.0799999237060547,"[1135.5858154296875, 12674, 9615]",SZ,MARKET.SZ,002377.SZ
002378,100,章源钨业,2,28.100000381469727,"[2074.6103515625, 12652, 9607]",SZ,MARKET.SZ,002378.SZ
002379,100,宏桥控股,2,20.65999984741211,"[1285.634521484375, 12699, 9603]",SZ,MARKET.SZ,002379.SZ
002380,100,科远智慧,2,47.349998474121094,"[883.75927734375, 12673, 9628]",SZ,MARKET.SZ,002380.SZ
002381,100,双箭股份,2,6.139999866485596,"[242.1959228515625, 12652, 9589]",SZ,MARKET.SZ,002381.SZ
002382,100,蓝帆医疗,2,6.590000152587891,"[822.1741943359375, 12655, 9615]",SZ,MARKET.SZ,002382.SZ
002383,100,合众思壮,2,8.5,"[522.8911743164062, 12642, 9363]",SZ,MARKET.SZ,002383.SZ
002384,100,东山精密,2,206.97000122070312,"[3821.658935546875, 12701, 9370]",SZ,MARKET.SZ,002384.SZ
002385,100,大北农,2,3.4600000381469727,"[2840.3798828125, 12654, 9610]",SZ,MARKET.SZ,002385.SZ
002386,100,天原股份,2,6.070000171661377,"[1284.0628662109375, 12693, 9582]",SZ,MARKET.SZ,002386.SZ
002387,100,维信诺,2,8.640000343322754,"[1667.7991943359375, 12701, 9615]",SZ,MARKET.SZ,002387.SZ
002388,100,新亚制程,2,5.110000133514404,"[689.1339721679688, 12652, 9614]",SZ,MARKET.SZ,002388.SZ
002389,100,航天彩虹,2,20.559999465942383,"[732.3955078125, 12695, 9631]",SZ,MARKET.SZ,002389.SZ
002390,100,信邦制药,2,3.059999942779541,"[1048.608642578125, 12654, 9631]",SZ,MARKET.SZ,002390.SZ
002391,100,长青股份,2,5.909999847412109,"[315.5693054199219, 12695, 9608]",SZ,MARKET.SZ,002391.SZ
002392,100,北京利尔,2,8.960000038146973,"[2333.59814453125, 12646, 9609]",SZ,MARKET.SZ,002392.SZ
002393,100,力生制药,2,15.050000190734863,"[124.57955169677734, 12651, 9605]",SZ,MARKET.SZ,002393.SZ
002394,100,联发股份,2,11.649999618530273,"[233.35189819335938, 12699, 9635]",SZ,MARKET.SZ,002394.SZ
002395,100,双象股份,2,16.15999984741211,"[636.6978149414062, 12699, 9600]",SZ,MARKET.SZ,002395.SZ
002396,100,星网锐捷,2,30.700000762939453,"[1406.999267578125, 12701, 9631]",SZ,MARKET.SZ,002396.SZ
002397,100,梦洁股份,2,5.21999979019165,"[1000.8956298828125, 12647, 9611]",SZ,MARKET.SZ,002397.SZ
002398,100,垒知集团,2,4.710000038146973,"[513.0258178710938, 12654, 9614]",SZ,MARKET.SZ,002398.SZ
002399,100,海普瑞,2,10.199999809265137,"[177.1561737060547, 12656, 9309]",SZ,MARKET.SZ,002399.SZ
002400,100,省广集团,2,8.369999885559082,"[5384.6884765625, 12654, 9490]",SZ,MARKET.SZ,002400.SZ
002401,100,中远海科,2,14.0,"[181.78561401367188, 12671, 9638]",SZ,MARKET.SZ,002401.SZ
002402,100,和而泰,2,30.299999237060547,"[1520.6903076171875, 12681, 9637]",SZ,MARKET.SZ,002402.SZ
002403,100,爱仕达,2,11.380000114440918,"[292.64404296875, 12656, 9279]",SZ,MARKET.SZ,002403.SZ
002404,100,嘉欣丝绸,2,6.489999771118164,"[360.0904846191406, 12652, 9609]",SZ,MARKET.SZ,002404.SZ
002405,100,四维图新,2,9.529999732971191,"[3454.751220703125, 12654, 9615]",SZ,MARKET.SZ,002405.SZ
002406,100,远东传动,2,8.050000190734863,"[2153.238525390625, 12701, 9583]",SZ,MARKET.SZ,002406.SZ
002407,100,多氟多,2,40.810001373291016,"[9300.5546875, 12644, 9630]",SZ,MARKET.SZ,002407.SZ
002408,100,齐翔腾达,2,5.5,"[1242.5460205078125, 12685, 9596]",SZ,MARKET.SZ,002408.SZ
002409,100,雅克科技,2,113.9000015258789,"[1657.606201171875, 12699, 9393]",SZ,MARKET.SZ,002409.SZ
002410,100,广联达,2,10.069999694824219,"[1507.369384765625, 12644, 9616]",SZ,MARKET.SZ,002410.SZ
002412,100,汉森制药,2,6.840000152587891,"[506.1822204589844, 12673, 9091]",SZ,MARKET.SZ,002412.SZ
002413,100,雷科防务,2,11.390000343322754,"[2525.4013671875, 12697, 9522]",SZ,MARKET.SZ,002413.SZ
002414,100,高德红外,2,13.670000076293945,"[2705.77392578125, 12638, 9246]",SZ,MARKET.SZ,002414.SZ
002415,100,海康威视,2,31.6299991607666,"[2351.23388671875, 12632, 9630]",SZ,MARKET.SZ,002415.SZ
002416,100,爱施德,2,11.859999656677246,"[1057.80126953125, 12652, 9637]",SZ,MARKET.SZ,002416.SZ
002418,100,康盛股份,2,5.400000095367432,"[4934.28369140625, 12683, 9615]",SZ,MARKET.SZ,002418.SZ
002419,100,天虹股份,2,4.909999847412109,"[601.555908203125, 12681, 9629]",SZ,MARKET.SZ,002419.SZ
002420,100,毅昌科技,2,6.550000190734863,"[397.7599792480469, 12646, 9611]",SZ,MARKET.SZ,002420.SZ
002421,100,达实智能,2,3.9600000381469727,"[17356.328125, 12656, 9611]",SZ,MARKET.SZ,002421.SZ
002422,100,科伦药业,2,32.38999938964844,"[666.7085571289062, 12656, 9616]",SZ,MARKET.SZ,002422.SZ
002423,100,中粮资本,2,9.329999923706055,"[597.8772583007812, 12669, 9314]",SZ,MARKET.SZ,002423.SZ
002424,100,ST百灵,2,4.75,"[404.9375915527344, 12674, 9091]",SZ,MARKET.SZ,002424.SZ
002425,100,凯撒文化,2,3.2699999809265137,"[819.9264526367188, 12684, 9613]",SZ,MARKET.SZ,002425.SZ
002426,100,胜利精密,2,3.5399999618530273,"[6850.00439453125, 12646, 9091]",SZ,MARKET.SZ,002426.SZ
002427,100,尤夫股份,2,4.849999904632568,"[661.790283203125, 12654, 9615]",SZ,MARKET.SZ,002427.SZ
002428,100,云南锗业,2,83.80000305175781,"[4035.618896484375, 12693, 9294]",SZ,MARKET.SZ,002428.SZ
002429,100,兆驰股份,2,12.210000038146973,"[7259.96435546875, 12644, 9610]",SZ,MARKET.SZ,002429.SZ
002430,100,杭氧股份,2,27.31999969482422,"[796.3218383789062, 12699, 9597]",SZ,MARKET.SZ,002430.SZ
002431,100,ST棕榈,2,1.600000023841858,"[2026.7662353515625, 12684, 9611]",SZ,MARKET.SZ,002431.SZ
002432,100,九安医疗,2,72.61000061035156,"[1231.56103515625, 12674, 9615]",SZ,MARKET.SZ,002432.SZ
002434,100,万里扬,2,7.869999885559082,"[1116.6138916015625, 12671, 9607]",SZ,MARKET.SZ,002434.SZ
002436,100,兴森科技,2,33.290000915527344,"[6352.6025390625, 12647, 9637]",SZ,MARKET.SZ,002436.SZ
002437,100,誉衡药业,2,3.059999942779541,"[2103.733642578125, 12699, 9629]",SZ,MARKET.SZ,002437.SZ
002438,100,江苏神通,2,16.219999313354492,"[363.13250732421875, 12701, 9293]",SZ,MARKET.SZ,002438.SZ
002439,100,启明星辰,2,15.069999694824219,"[1663.40771484375, 12654, 9599]",SZ,MARKET.SZ,002439.SZ
002440,100,闰土股份,2,9.369999885559082,"[1172.84326171875, 12699, 9615]",SZ,MARKET.SZ,002440.SZ
002441,100,众业达,2,10.050000190734863,"[354.757568359375, 12652, 9604]",SZ,MARKET.SZ,002441.SZ
002442,100,龙星科技,2,7.369999885559082,"[1961.5443115234375, 12656, 9615]",SZ,MARKET.SZ,002442.SZ
002443,100,金洲管道,2,12.670000076293945,"[1835.9747314453125, 12652, 9628]",SZ,MARKET.SZ,002443.SZ
002444,100,巨星科技,2,32.459999084472656,"[709.0374145507812, 12654, 9615]",SZ,MARKET.SZ,002444.SZ
002445,100,中南文化,2,3.5299999713897705,"[9628.6279296875, 12679, 9603]",SZ,MARKET.SZ,002445.SZ
002446,100,盛路通信,2,10.09000015258789,"[1792.355712890625, 12653, 9614]",SZ,MARKET.SZ,002446.SZ
002448,100,中原内配,2,13.899999618530273,"[868.8951416015625, 12687, 9610]",SZ,MARKET.SZ,002448.SZ
002449,100,国星光电,2,8.430000305175781,"[1261.2506103515625, 12685, 9369]",SZ,MARKET.SZ,002449.SZ
002451,100,摩恩电气,2,8.819999694824219,"[567.2190551757812, 12685, 9585]",SZ,MARKET.SZ,002451.SZ
002452,100,长高电新,2,11.279999732971191,"[1521.554443359375, 12656, 9638]",SZ,MARKET.SZ,002452.SZ
002453,100,华软科技,2,5.690000057220459,"[1254.812255859375, 12656, 9615]",SZ,MARKET.SZ,002453.SZ
002454,100,松芝股份,2,6.670000076293945,"[721.1940307617188, 12699, 9631]",SZ,MARKET.SZ,002454.SZ
002455,100,百川股份,2,9.609999656677246,"[2082.250244140625, 12654, 9615]",SZ,MARKET.SZ,002455.SZ
002456,100,欧菲光,2,8.640000343322754,"[2926.204833984375, 12681, 9614]",SZ,MARKET.SZ,002456.SZ
002457,100,青龙管业,2,13.270000457763672,"[1792.99365234375, 12681, 9636]",SZ,MARKET.SZ,002457.SZ
002458,100,益生股份,2,8.359999656677246,"[1127.6168212890625, 12685, 9624]",SZ,MARKET.SZ,002458.SZ
002459,100,晶澳科技,2,9.670000076293945,"[2739.974609375, 12654, 9615]",SZ,MARKET.SZ,002459.SZ
002460,100,赣锋锂业,2,75.33000183105469,"[2437.544677734375, 12701, 9586]",SZ,MARKET.SZ,002460.SZ
002461,100,珠江啤酒,2,9.430000305175781,"[545.5849609375, 12646, 9287]",SZ,MARKET.SZ,002461.SZ
002462,100,嘉事堂,2,13.380000114440918,"[264.08856201171875, 12683, 9305]",SZ,MARKET.SZ,002462.SZ
002463,100,沪电股份,2,103.69999694824219,"[2449.537841796875, 12642, 9614]",SZ,MARKET.SZ,002463.SZ
002465,100,海格通信,2,16.170000076293945,"[6084.849609375, 12646, 9630]",SZ,MARKET.SZ,002465.SZ
002466,100,天齐锂业,2,65.77999877929688,"[2807.05029296875, 12697, 9634]",SZ,MARKET.SZ,002466.SZ
002467,100,二六三,2,6.409999847412109,"[2324.129150390625, 12687, 9603]",SZ,MARKET.SZ,002467.SZ
002468,100,申通快递,2,15.199999809265137,"[994.12451171875, 12656, 9616]",SZ,MARKET.SZ,002468.SZ
002469,100,三维化学,2,6.610000133514404,"[379.4337158203125, 12681, 9631]",SZ,MARKET.SZ,002469.SZ
002470,100,金正大,2,2.4600000381469727,"[6085.44775390625, 12656, 9609]",SZ,MARKET.SZ,002470.SZ
002471,100,中超控股,2,8.140000343322754,"[3328.983642578125, 12697, 9586]",SZ,MARKET.SZ,002471.SZ
002472,100,双环传动,2,44.459999084472656,"[1945.1737060546875, 12645, 9610]",SZ,MARKET.SZ,002472.SZ
002474,100,榕基软件,2,7.940000057220459,"[2360.479736328125, 12652, 9610]",SZ,MARKET.SZ,002474.SZ
002475,100,立讯精密,2,67.87000274658203,"[7697.44482421875, 12701, 9588]",SZ,MARKET.SZ,002475.SZ
002476,100,宝莫股份,2,5.550000190734863,"[497.168212890625, 12683, 9614]",SZ,MARKET.SZ,002476.SZ
002478,100,常宝股份,2,7.659999847412109,"[940.9757080078125, 12644, 9610]",SZ,MARKET.SZ,002478.SZ
002479,100,富春环保,2,5.139999866485596,"[1130.2957763671875, 12626, 9631]",SZ,MARKET.SZ,002479.SZ
002480,100,新筑股份,2,6.130000114440918,"[575.8028564453125, 12687, 9603]",SZ,MARKET.SZ,002480.SZ
002481,100,双塔食品,2,4.090000152587891,"[320.475830078125, 12644, 9608]",SZ,MARKET.SZ,002481.SZ
002482,100,广田集团,2,1.5499999523162842,"[1822.759521484375, 12645, 9610]",SZ,MARKET.SZ,002482.SZ
002483,100,润邦股份,2,5.920000076293945,"[510.0948486328125, 12699, 9279]",SZ,MARKET.SZ,002483.SZ
002484,100,江海股份,2,55.5099983215332,"[2555.8291015625, 12644, 9637]",SZ,MARKET.SZ,002484.SZ
002485,100,ST雪发,2,4.710000038146973,"[219.1649932861328, 12654, 8155]",SZ,MARKET.SZ,002485.SZ
002486,100,嘉麟杰,2,2.609999895095825,"[1044.7635498046875, 12656, 9616]",SZ,MARKET.SZ,002486.SZ
002487,100,大金重工,2,75.80000305175781,"[654.6757202148438, 12652, 9594]",SZ,MARKET.SZ,002487.SZ
002488,100,金固股份,2,11.430000305175781,"[878.829833984375, 12672, 9315]",SZ,MARKET.SZ,002488.SZ
002489,100,浙江永强,2,3.9700000286102295,"[4330.04248046875, 12656, 9607]",SZ,MARKET.SZ,002489.SZ
002490,100,山东墨龙,2,8.279999732971191,"[1859.4466552734375, 12640, 9587]",SZ,MARKET.SZ,002490.SZ
002491,100,通鼎互联,2,21.739999771118164,"[7195.18310546875, 12656, 9247]",SZ,MARKET.SZ,002491.SZ
002492,100,恒基达鑫,2,6.96999979019165,"[372.4020690917969, 12646, 9271]",SZ,MARKET.SZ,002492.SZ
002493,100,荣盛石化,2,11.520000457763672,"[2296.3408203125, 12653, 9614]",SZ,MARKET.SZ,002493.SZ
002494,100,华斯股份,2,5.75,"[439.5588073730469, 12671, 8507]",SZ,MARKET.SZ,002494.SZ
002495,100,佳隆股份,2,2.4700000286102295,"[972.968017578125, 12701, 9610]",SZ,MARKET.SZ,002495.SZ
002496,100,*ST辉丰,2,2.5,"[928.5075073242188, 12675, 9604]",SZ,MARKET.SZ,002496.SZ
002497,100,雅化集团,2,23.709999084472656,"[1837.9495849609375, 12699, 9614]",SZ,MARKET.SZ,002497.SZ
002498,100,汉缆股份,2,8.760000228881836,"[9213.5166015625, 12654, 9291]",SZ,MARKET.SZ,002498.SZ
002500,100,山西证券,2,5.239999771118164,"[1733.37890625, 12699, 9393]",SZ,MARKET.SZ,002500.SZ
002501,100,*ST利源,2,1.3899999856948853,"[2788.584228515625, 12695, 9615]",SZ,MARKET.SZ,002501.SZ
002506,100,协鑫集成,2,3.759999990463257,"[27841.328125, 12654, 9615]",SZ,MARKET.SZ,002506.SZ
002507,100,涪陵榨菜,2,11.84000015258789,"[366.4197692871094, 12650, 9637]",SZ,MARKET.SZ,002507.SZ
002508,100,老板电器,2,17.440000534057617,"[269.250732421875, 12654, 9380]",SZ,MARKET.SZ,002508.SZ
002510,100,天汽模,2,7.429999828338623,"[2791.77734375, 12685, 9313]",SZ,MARKET.SZ,002510.SZ
002511,100,中顺洁柔,2,7.389999866485596,"[857.1249389648438, 12652, 9628]",SZ,MARKET.SZ,002511.SZ
002512,100,ST达华,2,4.920000076293945,"[2467.87109375, 12684, 9630]",SZ,MARKET.SZ,002512.SZ
002513,100,蓝丰生化,2,6.159999847412109,"[351.3420715332031, 12656, 9604]",SZ,MARKET.SZ,002513.SZ
002514,100,*ST宝馨,2,4.5,"[1466.6221923828125, 12672, 9616]",SZ,MARKET.SZ,002514.SZ
002515,100,金字火腿,2,6.849999904632568,"[5034.0546875, 12652, 9614]",SZ,MARKET.SZ,002515.SZ
002516,100,旷达科技,2,5.980000019073486,"[765.4966430664062, 12646, 9625]",SZ,MARKET.SZ,002516.SZ
002517,100,恺英网络,2,16.510000228881836,"[1859.4163818359375, 12675, 9615]",SZ,MARKET.SZ,002517.SZ
002518,100,科士达,2,60.7400016784668,"[1134.7740478515625, 12687, 9636]",SZ,MARKET.SZ,002518.SZ
002519,100,银河电子,2,7.409999847412109,"[2046.4154052734375, 12646, 9601]",SZ,MARKET.SZ,002519.SZ
002520,100,日发精机,2,6.440000057220459,"[2466.677490234375, 12654, 9141]",SZ,MARKET.SZ,002520.SZ
002521,100,齐峰新材,2,7.949999809265137,"[306.5811462402344, 12652, 9614]",SZ,MARKET.SZ,002521.SZ
002522,100,浙江众成,2,6.539999961853027,"[2986.74462890625, 12679, 9369]",SZ,MARKET.SZ,002522.SZ
002523,100,天桥起重,2,3.559999942779541,"[806.811279296875, 12699, 9359]",SZ,MARKET.SZ,002523.SZ
002524,100,光正眼科,2,4.050000190734863,"[612.4825439453125, 12652, 9610]",SZ,MARKET.SZ,002524.SZ
002526,100,山东矿机,2,3.0899999141693115,"[1111.041259765625, 12673, 9365]",SZ,MARKET.SZ,002526.SZ
002527,100,新时达,2,14.039999961853027,"[1017.9063720703125, 12685, 9601]",SZ,MARKET.SZ,002527.SZ
002528,100,*ST英飞,2,4.559999942779541,"[768.1019287109375, 12654, 9615]",SZ,MARKET.SZ,002528.SZ
002529,100,*ST海源,2,8.5,"[276.1335144042969, 12650, 7412]",SZ,MARKET.SZ,002529.SZ
002530,100,金财互联,2,8.329999923706055,"[702.2765502929688, 12679, 9615]",SZ,MARKET.SZ,002530.SZ
002531,100,天顺风能,2,11.229999542236328,"[2966.638916015625, 12682, 9586]",SZ,MARKET.SZ,002531.SZ
002532,100,天山铝业,2,15.399999618530273,"[3125.201416015625, 12654, 9625]",SZ,MARKET.SZ,002532.SZ
002533,100,金杯电工,2,13.199999809265137,"[647.9395751953125, 12656, 9629]",SZ,MARKET.SZ,002533.SZ
002534,100,西子洁能,2,18.309999465942383,"[682.7280883789062, 12652, 9638]",SZ,MARKET.SZ,002534.SZ
002535,100,林州重机,2,3.049999952316284,"[877.9344482421875, 12655, 9615]",SZ,MARKET.SZ,002535.SZ
002536,100,飞龙股份,2,44.58000183105469,"[1747.6431884765625, 12683, 9575]",SZ,MARKET.SZ,002536.SZ
002537,100,海联金汇,2,6.789999961853027,"[983.7161254882812, 12656, 9370]",SZ,MARKET.SZ,002537.SZ
002538,100,ST司特,2,6.46999979019165,"[460.8815002441406, 12655, 9615]",SZ,MARKET.SZ,002538.SZ
002539,100,云图控股,2,12.869999885559082,"[899.5816650390625, 12654, 9601]",SZ,MARKET.SZ,002539.SZ
002540,100,亚太科技,2,5.550000190734863,"[362.2298278808594, 12656, 9616]",SZ,MARKET.SZ,002540.SZ
002541,100,鸿路钢构,2,17.739999771118164,"[678.9542846679688, 12701, 9604]",SZ,MARKET.SZ,002541.SZ
002542,100,*ST中岩,2,1.6699999570846558,"[1318.23779296875, 12652, 9363]",SZ,MARKET.SZ,002542.SZ
002543,100,万和电气,2,7.820000171661377,"[135.00115966796875, 12673, 9614]",SZ,MARKET.SZ,002543.SZ
002544,100,普天科技,2,23.5,"[563.8799438476562, 12646, 9611]",SZ,MARKET.SZ,002544.SZ
002545,100,东方铁塔,2,22.8799991607666,"[784.7474365234375, 12656, 9320]",SZ,MARKET.SZ,002545.SZ
002546,100,新联电子,2,7.800000190734863,"[763.933349609375, 12673, 9603]",SZ,MARKET.SZ,002546.SZ
002547,100,*ST春兴,2,3.2300000190734863,"[2320.61083984375, 12682, 9372]",SZ,MARKET.SZ,002547.SZ
002548,100,金新农,2,4.340000152587891,"[1170.600830078125, 12693, 9614]",SZ,MARKET.SZ,002548.SZ
002549,100,凯美特气,2,18.0,"[2133.640869140625, 12641, 9636]",SZ,MARKET.SZ,002549.SZ
002550,100,千红制药,2,6.46999979019165,"[529.5778198242188, 12644, 9638]",SZ,MARKET.SZ,002550.SZ
002551,100,尚荣医疗,2,3.2699999809265137,"[546.0892944335938, 12652, 9614]",SZ,MARKET.SZ,002551.SZ
002552,100,宝鼎科技,2,36.20000076293945,"[1330.5885009765625, 12686, 9432]",SZ,MARKET.SZ,002552.SZ
002553,100,南方精工,2,21.100000381469727,"[317.5354309082031, 12656, 9638]",SZ,MARKET.SZ,002553.SZ
002554,100,惠博普,2,3.2200000286102295,"[1187.724609375, 12646, 9611]",SZ,MARKET.SZ,002554.SZ
002555,100,三七互娱,2,20.110000610351562,"[1365.3944091796875, 12652, 9631]",SZ,MARKET.SZ,002555.SZ
002556,100,辉隆股份,2,5.400000095367432,"[466.4411315917969, 12671, 9623]",SZ,MARKET.SZ,002556.SZ
002557,100,洽洽食品,2,21.510000228881836,"[325.3655090332031, 12638, 9607]",SZ,MARKET.SZ,002557.SZ
002558,100,巨人网络,2,27.420000076293945,"[2449.220458984375, 12652, 9613]",SZ,MARKET.SZ,002558.SZ
002559,100,亚威股份,2,10.720000267028809,"[1743.569580078125, 12656, 9631]",SZ,MARKET.SZ,002559.SZ
002560,100,通达股份,2,9.180000305175781,"[4154.7578125, 12681, 9621]",SZ,MARKET.SZ,002560.SZ
002561,100,徐家汇,2,7.329999923706055,"[178.83151245117188, 12673, 9250]",SZ,MARKET.SZ,002561.SZ
002562,100,兄弟科技,2,5.420000076293945,"[1199.9188232421875, 12650, 9613]",SZ,MARKET.SZ,002562.SZ
002563,100,森马服饰,2,5.710000038146973,"[634.39892578125, 12654, 9616]",SZ,MARKET.SZ,002563.SZ
002564,100,天沃科技,2,5.639999866485596,"[674.8894653320312, 12656, 9366]",SZ,MARKET.SZ,002564.SZ
002565,100,顺灏股份,2,16.329999923706055,"[4364.955078125, 12652, 9614]",SZ,MARKET.SZ,002565.SZ
002566,100,益盛药业,2,7.630000114440918,"[224.30332946777344, 12683, 9267]",SZ,MARKET.SZ,002566.SZ
002567,100,唐人神,2,3.930000066757202,"[755.753662109375, 12655, 9615]",SZ,MARKET.SZ,002567.SZ
002568,100,百润股份,2,18.1299991607666,"[658.2687377929688, 12654, 9588]",SZ,MARKET.SZ,002568.SZ
002569,100,*ST步森,2,15.65999984741211,"[154.46461486816406, 12656, 9615]",SZ,MARKET.SZ,002569.SZ
002570,100,贝因美,2,4.789999961853027,"[938.5346069335938, 12652, 9091]",SZ,MARKET.SZ,002570.SZ
002571,100,德力股份,2,11.710000038146973,"[401.6300048828125, 12652, 8137]",SZ,MARKET.SZ,002571.SZ
002572,100,索菲亚,2,10.359999656677246,"[466.8590087890625, 12656, 9629]",SZ,MARKET.SZ,002572.SZ
002573,100,清新环境,2,3.359999895095825,"[401.0009460449219, 12701, 9615]",SZ,MARKET.SZ,002573.SZ
002574,100,明牌珠宝,2,5.260000228881836,"[326.67864990234375, 12701, 9091]",SZ,MARKET.SZ,002574.SZ
002575,100,群兴玩具,2,6.179999828338623,"[2921.147705078125, 12652, 9614]",SZ,MARKET.SZ,002575.SZ
002576,100,通达动力,2,18.90999984741211,"[360.7356872558594, 12683, 9316]",SZ,MARKET.SZ,002576.SZ
002577,100,雷柏科技,2,18.850000381469727,"[228.2168426513672, 12652, 9614]",SZ,MARKET.SZ,002577.SZ
002578,100,闽发铝业,2,3.880000114440918,"[1245.1065673828125, 12650, 9091]",SZ,MARKET.SZ,002578.SZ
002579,100,中京电子,2,12.770000457763672,"[1806.205078125, 12652, 9610]",SZ,MARKET.SZ,002579.SZ
002580,100,圣阳股份,2,26.90999984741211,"[4193.1630859375, 12681, 9610]",SZ,MARKET.SZ,002580.SZ
002581,100,*ST未名,2,4.539999961853027,"[418.1773681640625, 12654, 7858]",SZ,MARKET.SZ,002581.SZ
002582,100,好想你,2,10.90999984741211,"[991.8163452148438, 12655, 9615]",SZ,MARKET.SZ,002582.SZ
002583,100,海能达,2,8.890000343322754,"[1081.775634765625, 12656, 9594]",SZ,MARKET.SZ,002583.SZ
002584,100,西陇科学,2,8.09000015258789,"[1404.7147216796875, 12654, 9615]",SZ,MARKET.SZ,002584.SZ
002585,100,双星新材,2,8.15999984741211,"[3582.879150390625, 12701, 9614]",SZ,MARKET.SZ,002585.SZ
002586,100,ST围海,2,4.239999771118164,"[287.8275451660156, 12654, 9441]",SZ,MARKET.SZ,002586.SZ
002587,100,奥拓电子,2,6.769999980926514,"[764.5928344726562, 12679, 9636]",SZ,MARKET.SZ,002587.SZ
002588,100,史丹利,2,9.430000305175781,"[578.4669799804688, 12640, 9608]",SZ,MARKET.SZ,002588.SZ
002589,100,瑞康医药,2,2.9200000762939453,"[1065.860107421875, 12647, 9314]",SZ,MARKET.SZ,002589.SZ
002590,100,万安科技,2,13.029999732971191,"[716.8590698242188, 12683, 9637]",SZ,MARKET.SZ,002590.SZ
002591,100,恒大高新,2,8.470000267028809,"[758.9926147460938, 12656, 9370]",SZ,MARKET.SZ,002591.SZ
002592,100,ST八菱,2,7.320000171661377,"[195.75186157226562, 12681, 9628]",SZ,MARKET.SZ,002592.SZ
002593,100,日上集团,2,4.940000057220459,"[487.67498779296875, 12652, 9631]",SZ,MARKET.SZ,002593.SZ
002594,100,比亚迪,2,93.51000213623047,"[1588.31201171875, 12654, 9583]",SZ,MARKET.SZ,002594.SZ
002595,100,豪迈科技,2,56.08000183105469,"[225.65757751464844, 12673, 9616]",SZ,MARKET.SZ,002595.SZ
002596,100,海南瑞泽,2,3.759999990463257,"[1339.487548828125, 12656, 9608]",SZ,MARKET.SZ,002596.SZ
002597,100,金禾实业,2,20.90999984741211,"[544.103515625, 12656, 9629]",SZ,MARKET.SZ,002597.SZ
002598,100,ST章鼓,2,7.699999809265137,"[333.4415588378906, 12699, 9615]",SZ,MARKET.SZ,002598.SZ
002599,100,盛通股份,2,6.840000152587891,"[528.0654907226562, 12656, 9611]",SZ,MARKET.SZ,002599.SZ
002600,100,领益智造,2,15.520000457763672,"[16906.61328125, 12680, 9628]",SZ,MARKET.SZ,002600.SZ
002601,100,龙佰集团,2,16.110000610351562,"[1240.2607421875, 12669, 9614]",SZ,MARKET.SZ,002601.SZ
002602,100,世纪华通,2,14.399999618530273,"[4850.97998046875, 12656, 9638]",SZ,MARKET.SZ,002602.SZ
002603,100,以岭药业,2,16.040000915527344,"[542.626708984375, 12652, 9614]",SZ,MARKET.SZ,002603.SZ
002605,100,姚记科技,2,19.440000534057617,"[230.24893188476562, 12701, 9638]",SZ,MARKET.SZ,002605.SZ
002606,100,大连电瓷,2,14.949999809265137,"[1530.546875, 12685, 9638]",SZ,MARKET.SZ,002606.SZ
002607,100,中公教育,2,2.4200000762939453,"[5009.92626953125, 12655, 9615]",SZ,MARKET.SZ,002607.SZ
002608,100,江苏国信,2,8.140000343322754,"[2265.96240234375, 12646, 9491]",SZ,MARKET.SZ,002608.SZ
002609,100,捷顺科技,2,8.260000228881836,"[412.04998779296875, 12656, 9616]",SZ,MARKET.SZ,002609.SZ
002611,100,东方精工,2,18.690000534057617,"[4066.64306640625, 12646, 9623]",SZ,MARKET.SZ,002611.SZ
002612,100,朗姿股份,2,16.729999542236328,"[289.9617004394531, 12655, 9635]",SZ,MARKET.SZ,002612.SZ
002613,100,北玻股份,2,4.050000190734863,"[1812.77490234375, 12655, 9615]",SZ,MARKET.SZ,002613.SZ
002614,100,奥佳华,2,5.309999942779541,"[382.4064025878906, 12654, 9637]",SZ,MARKET.SZ,002614.SZ
002615,100,哈尔斯,2,8.079999923706055,"[462.6062927246094, 12680, 9628]",SZ,MARKET.SZ,002615.SZ
002616,100,长青集团,2,5.510000228881836,"[768.7470092773438, 12656, 9612]",SZ,MARKET.SZ,002616.SZ
002617,100,露笑科技,2,8.890000343322754,"[13606.2255859375, 12654, 9583]",SZ,MARKET.SZ,002617.SZ
002620,100,*ST瑞和,2,8.430000305175781,"[397.2516784667969, 12687, 9615]",SZ,MARKET.SZ,002620.SZ
002622,100,皓宸医疗,2,2.5899999141693115,"[812.044677734375, 12654, 9247]",SZ,MARKET.SZ,002622.SZ
002623,100,亚玛顿,2,20.5,"[569.35302734375, 12654, 9272]",SZ,MARKET.SZ,002623.SZ
002624,100,完美世界,2,14.279999732971191,"[2667.0859375, 12652, 9370]",SZ,MARKET.SZ,002624.SZ
002625,100,光启技术,2,38.08000183105469,"[1074.1265869140625, 12682, 9629]",SZ,MARKET.SZ,002625.SZ
002626,100,金达威,2,15.90999984741211,"[266.2825012207031, 12671, 9623]",SZ,MARKET.SZ,002626.SZ
002627,100,三峡旅游,2,6.690000057220459,"[490.4195861816406, 12699, 9614]",SZ,MARKET.SZ,002627.SZ
002628,100,成都路桥,2,5.360000133514404,"[1699.023193359375, 12656, 9602]",SZ,MARKET.SZ,002628.SZ
002629,100,仁智股份,2,6.889999866485596,"[2217.163818359375, 12656, 9602]",SZ,MARKET.SZ,002629.SZ
002630,100,*ST华西,2,1.840000033378601,"[1131.6573486328125, 12656, 9615]",SZ,MARKET.SZ,002630.SZ
002631,100,德尔未来,2,7.599999904632568,"[879.1065063476562, 12699, 9240]",SZ,MARKET.SZ,002631.SZ
002632,100,道明光学,2,10.3100004196167,"[511.5525817871094, 12642, 9615]",SZ,MARKET.SZ,002632.SZ
002633,100,申科股份,2,19.09000015258789,"[156.49082946777344, 12701, 9370]",SZ,MARKET.SZ,002633.SZ
002634,100,*ST棒杰,2,4.28000020980835,"[574.81298828125, 12654, 9611]",SZ,MARKET.SZ,002634.SZ
002635,100,安洁科技,2,17.420000076293945,"[1938.315185546875, 12679, 9616]",SZ,MARKET.SZ,002635.SZ
002636,100,金安国纪,2,42.68000030517578,"[1296.840087890625, 12654, 9638]",SZ,MARKET.SZ,002636.SZ
002637,100,赞宇科技,2,11.119999885559082,"[1171.0362548828125, 12669, 9608]",SZ,MARKET.SZ,002637.SZ
002638,100,勤上股份,2,4.25,"[2017.453369140625, 12654, 9597]",SZ,MARKET.SZ,002638.SZ
002639,100,雪人集团,2,15.460000038146973,"[1898.396728515625, 12652, 9614]",SZ,MARKET.SZ,002639.SZ
002640,100,跨境通,2,3.8299999237060547,"[5956.6513671875, 12697, 9586]",SZ,MARKET.SZ,002640.SZ
002641,100,公元股份,2,4.130000114440918,"[410.01519775390625, 12697, 9637]",SZ,MARKET.SZ,002641.SZ
002642,100,荣联科技,2,8.6899995803833,"[1625.114990234375, 12654, 9370]",SZ,MARKET.SZ,002642.SZ
002643,100,万润股份,2,16.829999923706055,"[1611.5845947265625, 12700, 9638]",SZ,MARKET.SZ,002643.SZ
002644,100,佛慈制药,2,7.539999961853027,"[147.68545532226562, 12656, 9298]",SZ,MARKET.SZ,002644.SZ
002645,100,华宏科技,2,28.43000030517578,"[1482.3583984375, 12656, 9608]",SZ,MARKET.SZ,002645.SZ
002646,100,天佑德酒,2,7.769999980926514,"[213.69053649902344, 12652, 9614]",SZ,MARKET.SZ,002646.SZ
002647,100,仁东控股,2,11.630000114440918,"[1595.2451171875, 12656, 9573]",SZ,MARKET.SZ,002647.SZ
002648,100,卫星化学,2,24.850000381469727,"[2474.8388671875, 12624, 9285]",SZ,MARKET.SZ,002648.SZ
002649,100,博彦科技,2,10.260000228881836,"[522.190185546875, 12681, 9615]",SZ,MARKET.SZ,002649.SZ
002650,100,ST加加,2,7.71999979019165,"[433.77740478515625, 12650, 9613]",SZ,MARKET.SZ,002650.SZ
002651,100,利君股份,2,8.869999885559082,"[265.479736328125, 12650, 9320]",SZ,MARKET.SZ,002651.SZ
002652,100,扬子新材,2,5.949999809265137,"[1391.323486328125, 12694, 9365]",SZ,MARKET.SZ,002652.SZ
002653,100,海思科,2,52.150001525878906,"[158.60244750976562, 12650, 9624]",SZ,MARKET.SZ,002653.SZ
002654,100,万润科技,2,18.100000381469727,"[6904.712890625, 12681, 9246]",SZ,MARKET.SZ,002654.SZ
002655,100,共达电声,2,34.38999938964844,"[1778.2833251953125, 12631, 9603]",SZ,MARKET.SZ,002655.SZ
002656,100,*ST摩登,2,3.3299999237060547,"[603.6324462890625, 12657, 9285]",SZ,MARKET.SZ,002656.SZ
002657,100,中科金财,2,19.40999984741211,"[329.2724609375, 12655, 9615]",SZ,MARKET.SZ,002657.SZ
002658,100,雪迪龙,2,9.09000015258789,"[1543.9359130859375, 12652, 9624]",SZ,MARKET.SZ,002658.SZ
002659,100,凯文教育,2,4.639999866485596,"[617.1799926757812, 12693, 9611]",SZ,MARKET.SZ,002659.SZ
002660,100,茂硕电源,2,8.420000076293945,"[220.989501953125, 12685, 9370]",SZ,MARKET.SZ,002660.SZ
002661,100,克明食品,2,8.15999984741211,"[134.8849639892578, 12699, 9615]",SZ,MARKET.SZ,002661.SZ
002662,100,峰璟股份,2,3.6600000858306885,"[1343.22705078125, 12654, 9259]",SZ,MARKET.SZ,002662.SZ
002663,100,普邦股份,2,2.0299999713897705,"[2672.30078125, 12672, 9616]",SZ,MARKET.SZ,002663.SZ
002664,100,信质集团,2,22.690000534057617,"[637.9313354492188, 12632, 9630]",SZ,MARKET.SZ,002664.SZ
002666,100,德联集团,2,4.760000228881836,"[441.9808349609375, 12683, 9610]",SZ,MARKET.SZ,002666.SZ
002667,100,*ST威领,2,18.3700008392334,"[242.75564575195312, 12656, 9616]",SZ,MARKET.SZ,002667.SZ
002668,100,TCL智家,2,9.489999771118164,"[496.0811462402344, 12638, 9632]",SZ,MARKET.SZ,002668.SZ
002669,100,康达新材,2,14.0,"[1042.231201171875, 12652, 9607]",SZ,MARKET.SZ,002669.SZ
002670,100,国盛证券,2,11.9399995803833,"[622.1353149414062, 12669, 8497]",SZ,MARKET.SZ,002670.SZ
002671,100,龙泉股份,2,4.489999771118164,"[549.2023315429688, 12701, 9634]",SZ,MARKET.SZ,002671.SZ
002672,100,东江环保,2,3.809999942779541,"[427.1116027832031, 12669, 9091]",SZ,MARKET.SZ,002672.SZ
002673,100,西部证券,2,6.840000152587891,"[1380.1865234375, 12645, 9588]",SZ,MARKET.SZ,002673.SZ
002674,100,兴业科技,2,14.670000076293945,"[315.4998474121094, 12652, 9369]",SZ,MARKET.SZ,002674.SZ
002675,100,东诚药业,2,12.720000267028809,"[347.7322998046875, 12652, 9609]",SZ,MARKET.SZ,002675.SZ
002676,100,顺威股份,2,5.800000190734863,"[842.7945556640625, 12646, 9601]",SZ,MARKET.SZ,002676.SZ
002677,100,浙江美大,2,7.5,"[252.73721313476562, 12683, 9613]",SZ,MARKET.SZ,002677.SZ
002678,100,珠江钢琴,2,6.059999942779541,"[624.1527709960938, 12656, 9373]",SZ,MARKET.SZ,002678.SZ
002679,100,福建金森,2,10.40999984741211,"[173.8234100341797, 12701, 9322]",SZ,MARKET.SZ,002679.SZ
002681,100,奋达科技,2,5.429999828338623,"[1981.200439453125, 12654, 9615]",SZ,MARKET.SZ,002681.SZ
002682,100,龙洲股份,2,5.409999847412109,"[648.069580078125, 12656, 9610]",SZ,MARKET.SZ,002682.SZ
002683,100,广东宏大,2,36.0,"[543.53955078125, 12695, 9608]",SZ,MARKET.SZ,002683.SZ
002685,100,华东重机,2,8.989999771118164,"[3037.9541015625, 12654, 9608]",SZ,MARKET.SZ,002685.SZ
002686,100,亿利达,2,6.880000114440918,"[928.3976440429688, 12644, 9610]",SZ,MARKET.SZ,002686.SZ
002687,100,乔治白,2,4.559999942779541,"[474.9695739746094, 12699, 9603]",SZ,MARKET.SZ,002687.SZ
002688,100,金河生物,2,5.670000076293945,"[307.1327819824219, 12654, 9583]",SZ,MARKET.SZ,002688.SZ
002689,100,ST远智,2,3.25,"[330.69720458984375, 12654, 9638]",SZ,MARKET.SZ,002689.SZ
002690,100,美亚光电,2,15.829999923706055,"[322.12744140625, 12679, 9623]",SZ,MARKET.SZ,002690.SZ
002691,100,*ST冀凯,2,5.610000133514404,"[524.3870239257812, 12701, 9615]",SZ,MARKET.SZ,002691.SZ
002692,100,远程股份,2,5.050000190734863,"[742.2802124023438, 12695, 9610]",SZ,MARKET.SZ,002692.SZ
002693,100,*ST双成,2,10.550000190734863,"[704.59814453125, 12654, 9604]",SZ,MARKET.SZ,002693.SZ
002694,100,*ST顾地,2,2.5,"[337.2639465332031, 12654, 9615]",SZ,MARKET.SZ,002694.SZ
002695,100,煌上煌,2,11.829999923706055,"[290.2582092285156, 12699, 9636]",SZ,MARKET.SZ,002695.SZ
002696,100,百洋股份,2,6.239999771118164,"[302.2175598144531, 12667, 9621]",SZ,MARKET.SZ,002696.SZ
002697,100,红旗连锁,2,4.809999942779541,"[565.4376831054688, 12687, 9638]",SZ,MARKET.SZ,002697.SZ
002698,100,博实股份,2,14.100000381469727,"[861.8551025390625, 12679, 9614]",SZ,MARKET.SZ,002698.SZ
002700,100,万憬能源,2,6.860000133514404,"[210.87167358398438, 12672, 9611]",SZ,MARKET.SZ,002700.SZ
002701,100,奥瑞金,2,5.050000190734863,"[847.4744262695312, 12655, 9615]",SZ,MARKET.SZ,002701.SZ
002702,100,海欣食品,2,5.53000020980835,"[521.4979858398438, 12652, 9614]",SZ,MARKET.SZ,002702.SZ
002703,100,浙江世宝,2,19.920000076293945,"[2107.4169921875, 12650, 9271]",SZ,MARKET.SZ,002703.SZ
002705,100,新宝股份,2,13.319999694824219,"[531.8099975585938, 12701, 9615]",SZ,MARKET.SZ,002705.SZ
002706,100,良信股份,2,12.630000114440918,"[3687.97900390625, 12646, 9628]",SZ,MARKET.SZ,002706.SZ
002707,100,众信旅游,2,5.699999809265137,"[660.8716430664062, 12650, 9613]",SZ,MARKET.SZ,002707.SZ
002708,100,光洋股份,2,15.279999732971191,"[1287.2469482421875, 12654, 9516]",SZ,MARKET.SZ,002708.SZ
002709,100,天赐材料,2,57.709999084472656,"[5201.064453125, 12652, 9608]",SZ,MARKET.SZ,002709.SZ
002712,100,思美传媒,2,5.300000190734863,"[641.254638671875, 12687, 9610]",SZ,MARKET.SZ,002712.SZ
002713,100,*ST东易,2,13.550000190734863,"[797.6854248046875, 12683, 9614]",SZ,MARKET.SZ,002713.SZ
002714,100,牧原股份,2,39.4900016784668,"[1986.9136962890625, 12698, 9637]",SZ,MARKET.SZ,002714.SZ
002715,100,登云股份,2,16.600000381469727,"[207.67074584960938, 12654, 9287]",SZ,MARKET.SZ,002715.SZ
002716,100,湖南白银,2,9.880000114440918,"[6057.33642578125, 12652, 9491]",SZ,MARKET.SZ,002716.SZ
002717,100,*ST岭南,2,1.1100000143051147,"[2660.0888671875, 12655, 9615]",SZ,MARKET.SZ,002717.SZ
002718,100,友邦吊顶,2,78.62000274658203,"[72.69866943359375, 12644, 9586]",SZ,MARKET.SZ,002718.SZ
002719,100,ST麦趣,2,7.449999809265137,"[486.19830322265625, 12652, 9614]",SZ,MARKET.SZ,002719.SZ
002721,100,金一文化,2,2.809999942779541,"[2030.778564453125, 12673, 9491]",SZ,MARKET.SZ,002721.SZ
002722,100,物产金轮,2,14.649999618530273,"[169.5245361328125, 12671, 9536]",SZ,MARKET.SZ,002722.SZ
002723,100,小崧股份,2,8.829999923706055,"[960.4631958007812, 12656, 9611]",SZ,MARKET.SZ,002723.SZ
002724,100,海洋王,2,5.559999942779541,"[316.9510803222656, 12655, 9615]",SZ,MARKET.SZ,002724.SZ
002725,100,跃岭股份,2,15.039999961853027,"[465.269287109375, 12656, 9636]",SZ,MARKET.SZ,002725.SZ
002726,100,ST龙大,2,1.7699999809265137,"[2098.783447265625, 12687, 9615]",SZ,MARKET.SZ,002726.SZ
002727,100,一心堂,2,11.859999656677246,"[350.4125061035156, 12654, 9615]",SZ,MARKET.SZ,002727.SZ
002728,100,特一药业,2,8.970000267028809,"[376.6743469238281, 12653, 9614]",SZ,MARKET.SZ,002728.SZ
002729,100,好利科技,2,20.209999084472656,"[837.827880859375, 12652, 9614]",SZ,MARKET.SZ,002729.SZ
002730,100,电光科技,2,30.56999969482422,"[619.960693359375, 12701, 9272]",SZ,MARKET.SZ,002730.SZ
002731,100,ST萃华,2,4.349999904632568,"[401.4440612792969, 12288, 9349]",SZ,MARKET.SZ,002731.SZ
002732,100,燕塘乳业,2,15.149999618530273,"[65.26000213623047, 12656, 9586]",SZ,MARKET.SZ,002732.SZ
002733,100,雄韬股份,2,25.229999542236328,"[642.0247192382812, 12644, 9286]",SZ,MARKET.SZ,002733.SZ
002734,100,利民股份,2,16.459999084472656,"[505.19036865234375, 12669, 9631]",SZ,MARKET.SZ,002734.SZ
002735,100,王子新材,2,13.09000015258789,"[540.6060791015625, 12640, 9608]",SZ,MARKET.SZ,002735.SZ
002736,100,国信证券,2,10.220000267028809,"[1270.0499267578125, 12657, 9604]",SZ,MARKET.SZ,002736.SZ
002737,100,葵花药业,2,12.829999923706055,"[151.34788513183594, 12656, 9613]",SZ,MARKET.SZ,002737.SZ
002738,100,中矿资源,2,65.38999938964844,"[1416.279296875, 12656, 9631]",SZ,MARKET.SZ,002738.SZ
002739,100,儒意电影,2,9.3100004196167,"[1646.9111328125, 12650, 9517]",SZ,MARKET.SZ,002739.SZ
002741,100,光华科技,2,23.049999237060547,"[1392.5487060546875, 12626, 9615]",SZ,MARKET.SZ,002741.SZ
002742,100,三圣股份,2,4.420000076293945,"[397.28497314453125, 12700, 9491]",SZ,MARKET.SZ,002742.SZ
002743,100,富煌钢构,2,5.0,"[418.31689453125, 12672, 9091]",SZ,MARKET.SZ,002743.SZ
002745,100,木林森,2,9.680000305175781,"[2142.71923828125, 12652, 9614]",SZ,MARKET.SZ,002745.SZ
002746,100,仙坛股份,2,6.179999828338623,"[583.0687255859375, 12652, 9637]",SZ,MARKET.SZ,002746.SZ
002747,100,埃斯顿,2,28.700000762939453,"[3194.86474609375, 12656, 9586]",SZ,MARKET.SZ,002747.SZ
002748,100,世龙实业,2,11.640000343322754,"[200.38916015625, 12654, 9308]",SZ,MARKET.SZ,002748.SZ
002749,100,国光股份,2,9.720000267028809,"[75.54663848876953, 12699, 9634]",SZ,MARKET.SZ,002749.SZ
002752,100,昇兴股份,2,7.019999980926514,"[1151.4754638671875, 12638, 9626]",SZ,MARKET.SZ,002752.SZ
002753,100,永东股份,2,6.869999885559082,"[276.8761901855469, 12701, 9588]",SZ,MARKET.SZ,002753.SZ
002755,100,奥赛康,2,17.600000381469727,"[1019.0695190429688, 12683, 9615]",SZ,MARKET.SZ,002755.SZ
002756,100,永兴材料,2,67.8499984741211,"[773.8580932617188, 12652, 9638]",SZ,MARKET.SZ,002756.SZ
002757,100,南兴股份,2,26.6200008392334,"[938.1780395507812, 12646, 9636]",SZ,MARKET.SZ,002757.SZ
002758,100,浙农股份,2,8.479999542236328,"[246.01837158203125, 12646, 9611]",SZ,MARKET.SZ,002758.SZ
002759,100,天际股份,2,36.31999969482422,"[2294.89111328125, 12672, 9601]",SZ,MARKET.SZ,002759.SZ
002760,100,凤形股份,2,22.360000610351562,"[536.8626098632812, 12652, 9091]",SZ,MARKET.SZ,002760.SZ
002761,100,浙江建投,2,8.0,"[466.5676574707031, 12654, 9615]",SZ,MARKET.SZ,002761.SZ
002762,100,*ST金比,2,8.8100004196167,"[151.26947021484375, 12650, 9287]",SZ,MARKET.SZ,002762.SZ
002763,100,汇洁股份,2,8.260000228881836,"[581.7105102539062, 12656, 9625]",SZ,MARKET.SZ,002763.SZ
002765,100,蓝黛科技,2,9.199999809265137,"[639.3262939453125, 12654, 9585]",SZ,MARKET.SZ,002765.SZ
002766,100,索菱股份,2,5.139999866485596,"[1106.7274169921875, 12680, 9589]",SZ,MARKET.SZ,002766.SZ
002767,100,先锋电子,2,19.06999969482422,"[104.38709259033203, 12699, 9610]",SZ,MARKET.SZ,002767.SZ
002768,100,国恩股份,2,63.63999938964844,"[247.3826904296875, 12654, 9530]",SZ,MARKET.SZ,002768.SZ
002769,100,普路通,2,8.5,"[320.2749938964844, 12681, 9613]",SZ,MARKET.SZ,002769.SZ
002771,100,真视通,2,13.619999885559082,"[345.3172607421875, 12654, 9299]",SZ,MARKET.SZ,002771.SZ
002772,100,众兴菌业,2,14.640000343322754,"[285.3326721191406, 12640, 9628]",SZ,MARKET.SZ,002772.SZ
002773,100,康弘药业,2,21.469999313354492,"[353.8877258300781, 12669, 9609]",SZ,MARKET.SZ,002773.SZ
002774,100,快意电梯,2,12.050000190734863,"[389.0775146484375, 12652, 9631]",SZ,MARKET.SZ,002774.SZ
002775,100,文科股份,2,4.090000152587891,"[832.8515014648438, 12701, 9613]",SZ,MARKET.SZ,002775.SZ
002777,100,久远银海,2,16.09000015258789,"[577.5396118164062, 12701, 9288]",SZ,MARKET.SZ,002777.SZ
002778,100,中晟高科,2,18.90999984741211,"[108.96937561035156, 12652, 9614]",SZ,MARKET.SZ,002778.SZ
002779,100,中坚科技,2,73.77999877929688,"[111.8636474609375, 12656, 9366]",SZ,MARKET.SZ,002779.SZ
002780,100,三夫户外,2,15.0600004196167,"[207.85316467285156, 12654, 9615]",SZ,MARKET.SZ,002780.SZ
002782,100,可立克,2,28.200000762939453,"[1623.8070068359375, 12652, 9624]",SZ,MARKET.SZ,002782.SZ
002783,100,凯龙股份,2,8.170000076293945,"[354.67669677734375, 12652, 9559]",SZ,MARKET.SZ,002783.SZ
002785,100,万里石,2,50.84000015258789,"[580.4243774414062, 12656, 9243]",SZ,MARKET.SZ,002785.SZ
002786,100,银宝山新,2,9.039999961853027,"[1657.947998046875, 12654, 9250]",SZ,MARKET.SZ,002786.SZ
002787,100,华源控股,2,26.020000457763672,"[957.410888671875, 12638, 9586]",SZ,MARKET.SZ,002787.SZ
002788,100,鹭燕医药,2,12.220000267028809,"[858.999755859375, 12638, 9607]",SZ,MARKET.SZ,002788.SZ
002789,100,*ST建艺,2,12.979999542236328,"[133.2612762451172, 12654, 9614]",SZ,MARKET.SZ,002789.SZ
002790,100,瑞尔特,2,6.78000020980835,"[172.25750732421875, 12652, 9370]",SZ,MARKET.SZ,002790.SZ
002791,100,坚朗五金,2,16.18000030517578,"[241.86912536621094, 12699, 9597]",SZ,MARKET.SZ,002791.SZ
002792,100,通宇通讯,2,46.59000015258789,"[1855.3428955078125, 12652, 9504]",SZ,MARKET.SZ,002792.SZ
002793,100,罗欣药业,2,4.550000190734863,"[1314.497314453125, 12701, 9609]",SZ,MARKET.SZ,002793.SZ
002795,100,永和智控,2,9.359999656677246,"[1806.3560791015625, 12654, 9608]",SZ,MARKET.SZ,002795.SZ
002796,100,世嘉科技,2,52.58000183105469,"[831.5745849609375, 12650, 9613]",SZ,MARKET.SZ,002796.SZ
002797,100,第一创业,2,7.329999923706055,"[5840.73046875, 12669, 9391]",SZ,MARKET.SZ,002797.SZ
002798,100,帝欧水华,2,8.1899995803833,"[672.5151977539062, 12654, 9615]",SZ,MARKET.SZ,002798.SZ
002799,100,环球印务,2,8.300000190734863,"[231.08180236816406, 12644, 9610]",SZ,MARKET.SZ,002799.SZ
002800,100,天顺股份,2,17.850000381469727,"[285.0101013183594, 12640, 9574]",SZ,MARKET.SZ,002800.SZ
002801,100,微光股份,2,33.77000045776367,"[179.453369140625, 12681, 9629]",SZ,MARKET.SZ,002801.SZ
002802,100,洪汇新材,2,13.390000343322754,"[246.32826232910156, 12681, 9638]",SZ,MARKET.SZ,002802.SZ
002803,100,吉宏股份,2,21.31999969482422,"[517.2842407226562, 12652, 9587]",SZ,MARKET.SZ,002803.SZ
002805,100,丰元股份,2,22.8799991607666,"[1091.661865234375, 12693, 9615]",SZ,MARKET.SZ,002805.SZ
002806,100,华锋股份,2,15.260000228881836,"[565.334716796875, 12654, 9615]",SZ,MARKET.SZ,002806.SZ
002807,100,江阴银行,2,4.440000057220459,"[930.6784057617188, 12699, 9615]",SZ,MARKET.SZ,002807.SZ
002808,100,*ST恒久,2,2.8299999237060547,"[343.8428955078125, 12658, 9617]",SZ,MARKET.SZ,002808.SZ
002809,100,红墙股份,2,9.34000015258789,"[1298.0611572265625, 12650, 9613]",SZ,MARKET.SZ,002809.SZ
002810,100,山东赫达,2,25.920000076293945,"[582.0069580078125, 12650, 9613]",SZ,MARKET.SZ,002810.SZ
002811,100,郑中设计,2,12.5,"[256.3392639160156, 12652, 9637]",SZ,MARKET.SZ,002811.SZ
002812,100,恩捷股份,2,76.27999877929688,"[1431.6661376953125, 12642, 9609]",SZ,MARKET.SZ,002812.SZ
002813,100,路畅科技,2,25.059999465942383,"[124.05282592773438, 12683, 9351]",SZ,MARKET.SZ,002813.SZ
002815,100,崇达技术,2,15.010000228881836,"[1580.506103515625, 12699, 9638]",SZ,MARKET.SZ,002815.SZ
002816,100,*ST和科,2,25.299999237060547,"[136.17750549316406, 12686, 8641]",SZ,MARKET.SZ,002816.SZ
002817,100,黄山胶囊,2,7.5,"[225.73086547851562, 12632, 9636]",SZ,MARKET.SZ,002817.SZ
002818,100,富森美,2,11.140000343322754,"[197.6861114501953, 12671, 9624]",SZ,MARKET.SZ,002818.SZ
002819,100,东方中科,2,26.200000762939453,"[159.41290283203125, 12701, 9609]",SZ,MARKET.SZ,002819.SZ
002820,100,桂发祥,2,10.699999809265137,"[184.2658233642578, 12654, 9589]",SZ,MARKET.SZ,002820.SZ
002821,100,凯莱英,2,126.1500015258789,"[307.86676025390625, 12652, 9569]",SZ,MARKET.SZ,002821.SZ
002822,100,ST中装,2,3.049999952316284,"[585.01806640625, 12656, 9594]",SZ,MARKET.SZ,002822.SZ
002823,100,凯中精密,2,16.079999923706055,"[283.5024719238281, 12677, 9628]",SZ,MARKET.SZ,002823.SZ
002824,100,和胜股份,2,24.510000228881836,"[518.454833984375, 12656, 9615]",SZ,MARKET.SZ,002824.SZ
002825,100,纳尔股份,2,10.829999923706055,"[469.2336730957031, 12639, 9607]",SZ,MARKET.SZ,002825.SZ
002826,100,易明医药,2,17.809999465942383,"[151.425048828125, 12701, 9636]",SZ,MARKET.SZ,002826.SZ
002827,100,高争民爆,2,29.979999542236328,"[130.70716857910156, 12671, 9594]",SZ,MARKET.SZ,002827.SZ
002828,100,贝肯能源,2,10.4399995803833,"[464.805908203125, 12656, 9616]",SZ,MARKET.SZ,002828.SZ
002829,100,星网宇达,2,26.010000228881836,"[641.6376953125, 12681, 9610]",SZ,MARKET.SZ,002829.SZ
002830,100,名雕股份,2,23.260000228881836,"[132.77223205566406, 12652, 9281]",SZ,MARKET.SZ,002830.SZ
002831,100,裕同科技,2,44.349998474121094,"[594.5979614257812, 12680, 9628]",SZ,MARKET.SZ,002831.SZ
002832,100,比音勒芬,2,19.989999771118164,"[515.7003173828125, 12654, 9488]",SZ,MARKET.SZ,002832.SZ
002833,100,弘亚数控,2,20.100000381469727,"[386.89398193359375, 12652, 9636]",SZ,MARKET.SZ,002833.SZ
002835,100,同为股份,2,14.380000114440918,"[109.77198028564453, 12644, 9610]",SZ,MARKET.SZ,002835.SZ
002836,100,新宏泽,2,12.010000228881836,"[117.44346618652344, 12650, 9636]",SZ,MARKET.SZ,002836.SZ
002837,100,英维克,2,100.52999877929688,"[2240.7685546875, 12673, 9607]",SZ,MARKET.SZ,002837.SZ
002838,100,道恩股份,2,35.630001068115234,"[321.6773681640625, 12652, 9420]",SZ,MARKET.SZ,002838.SZ
002839,100,张家港行,2,4.28000020980835,"[959.0050659179688, 12701, 9631]",SZ,MARKET.SZ,002839.SZ
002840,100,华统股份,2,10.109999656677246,"[1196.53076171875, 12656, 9613]",SZ,MARKET.SZ,002840.SZ
002841,100,视源股份,2,38.220001220703125,"[225.44979858398438, 12699, 9609]",SZ,MARKET.SZ,002841.SZ
002842,100,翔鹭钨业,2,32.0,"[1522.6868896484375, 12685, 9587]",SZ,MARKET.SZ,002842.SZ
002843,100,泰嘉股份,2,25.219999313354492,"[939.9027099609375, 12646, 9611]",SZ,MARKET.SZ,002843.SZ
002845,100,同兴达,2,15.479999542236328,"[849.1427001953125, 12650, 9609]",SZ,MARKET.SZ,002845.SZ
002846,100,英联股份,2,13.390000343322754,"[269.00543212890625, 12699, 9608]",SZ,MARKET.SZ,002846.SZ
002847,100,盐津铺子,2,56.79999923706055,"[180.21449279785156, 12654, 9556]",SZ,MARKET.SZ,002847.SZ
002848,100,*ST高斯,2,16.8799991607666,"[224.0245819091797, 12638, 9607]",SZ,MARKET.SZ,002848.SZ
002849,100,威星智能,2,17.459999084472656,"[486.5780944824219, 12681, 9614]",SZ,MARKET.SZ,002849.SZ
002850,100,科达利,2,207.0,"[260.3665466308594, 12700, 9638]",SZ,MARKET.SZ,002850.SZ
002851,100,麦格米特,2,116.69000244140625,"[951.130615234375, 12679, 9615]",SZ,MARKET.SZ,002851.SZ
002852,100,道道全,2,8.350000381469727,"[199.9253387451172, 12673, 9600]",SZ,MARKET.SZ,002852.SZ
002853,100,皮阿诺,2,28.290000915527344,"[275.6491394042969, 12701, 9370]",SZ,MARKET.SZ,002853.SZ
002855,100,捷荣技术,2,11.869999885559082,"[145.43577575683594, 12646, 9091]",SZ,MARKET.SZ,002855.SZ
002856,100,*ST美芝,2,19.110000610351562,"[567.73193359375, 12654, 9615]",SZ,MARKET.SZ,002856.SZ
002857,100,三晖电气,2,21.219999313354492,"[124.72250366210938, 12671, 9623]",SZ,MARKET.SZ,002857.SZ
002858,100,力盛体育,2,14.0600004196167,"[381.3908386230469, 12695, 9634]",SZ,MARKET.SZ,002858.SZ
002859,100,洁美科技,2,54.59000015258789,"[600.3316040039062, 12696, 9636]",SZ,MARKET.SZ,002859.SZ
002860,100,星帅尔,2,13.1899995803833,"[437.3165283203125, 12652, 9623]",SZ,MARKET.SZ,002860.SZ
002861,100,瀛通通讯,2,18.459999084472656,"[273.9477233886719, 12646, 9611]",SZ,MARKET.SZ,002861.SZ
002862,100,实丰文化,2,17.440000534057617,"[158.3063201904297, 12646, 9365]",SZ,MARKET.SZ,002862.SZ
002863,100,今飞凯达,2,5.230000019073486,"[515.912109375, 12671, 9372]",SZ,MARKET.SZ,002863.SZ
002864,100,盘龙药业,2,29.229999542236328,"[72.94525909423828, 12652, 9614]",SZ,MARKET.SZ,002864.SZ
002865,100,钧达股份,2,97.66000366210938,"[962.9657592773438, 12616, 9586]",SZ,MARKET.SZ,002865.SZ
002866,100,传艺科技,2,21.280000686645508,"[566.2930908203125, 12656, 9611]",SZ,MARKET.SZ,002866.SZ
002867,100,周大生,2,12.529999732971191,"[361.1241149902344, 12654, 9440]",SZ,MARKET.SZ,002867.SZ
002868,100,绿康生化,2,37.0,"[106.36188507080078, 12679, 9565]",SZ,MARKET.SZ,002868.SZ
002869,100,金溢科技,2,19.559999465942383,"[172.53541564941406, 12652, 9614]",SZ,MARKET.SZ,002869.SZ
002870,100,香山股份,2,40.77000045776367,"[208.2009735107422, 12652, 9631]",SZ,MARKET.SZ,002870.SZ
002871,100,伟隆股份,2,20.8700008392334,"[293.42535400390625, 12655, 9615]",SZ,MARKET.SZ,002871.SZ
002872,100,ST天圣,2,5.239999771118164,"[155.2312469482422, 12654, 9250]",SZ,MARKET.SZ,002872.SZ
002873,100,新天药业,2,9.260000228881836,"[242.14869689941406, 12701, 9636]",SZ,MARKET.SZ,002873.SZ
002875,100,安奈儿,2,22.149999618530273,"[268.633056640625, 12655, 9615]",SZ,MARKET.SZ,002875.SZ
002876,100,三利谱,2,29.110000610351562,"[238.07965087890625, 12652, 9630]",SZ,MARKET.SZ,002876.SZ
002877,100,智能自控,2,8.920000076293945,"[396.75714111328125, 12650, 9613]",SZ,MARKET.SZ,002877.SZ
002878,100,元隆雅图,2,15.050000190734863,"[911.6012573242188, 12687, 9611]",SZ,MARKET.SZ,002878.SZ
002879,100,长缆科技,2,16.68000030517578,"[252.71017456054688, 12672, 9624]",SZ,MARKET.SZ,002879.SZ
002880,100,卫光生物,2,26.270000457763672,"[74.45842742919922, 12650, 9637]",SZ,MARKET.SZ,002880.SZ
002881,100,美格智能,2,45.849998474121094,"[596.8411865234375, 12670, 9623]",SZ,MARKET.SZ,002881.SZ
002882,100,金龙羽,2,24.469999313354492,"[175.45449829101562, 12646, 9582]",SZ,MARKET.SZ,002882.SZ
002883,100,*ST中设,2,9.760000228881836,"[243.8065643310547, 12699, 9616]",SZ,MARKET.SZ,002883.SZ
002884,100,凌霄泵业,2,16.989999771118164,"[188.05331420898438, 12656, 9628]",SZ,MARKET.SZ,002884.SZ
002885,100,京泉华,2,48.83000183105469,"[1359.941650390625, 12673, 9611]",SZ,MARKET.SZ,002885.SZ
002886,100,沃特股份,2,26.770000457763672,"[1040.6219482421875, 12656, 9630]",SZ,MARKET.SZ,002886.SZ
002887,100,绿茵生态,2,15.319999694824219,"[464.1992492675781, 12654, 9589]",SZ,MARKET.SZ,002887.SZ
002888,100,惠威科技,2,25.739999771118164,"[668.3329467773438, 12650, 9373]",SZ,MARKET.SZ,002888.SZ
002889,100,东方嘉盛,2,13.270000457763672,"[259.6258850097656, 12646, 9611]",SZ,MARKET.SZ,002889.SZ
002890,100,弘宇股份,2,16.309999465942383,"[85.12264251708984, 12654, 9607]",SZ,MARKET.SZ,002890.SZ
002891,100,中宠股份,2,30.0,"[272.95245361328125, 12681, 9636]",SZ,MARKET.SZ,002891.SZ
002892,100,科力尔,2,11.760000228881836,"[1321.281494140625, 12651, 9613]",SZ,MARKET.SZ,002892.SZ
002893,100,京能热力,2,11.430000305175781,"[1212.2838134765625, 12701, 9300]",SZ,MARKET.SZ,002893.SZ
002895,100,川恒股份,2,32.310001373291016,"[296.5381774902344, 12699, 9631]",SZ,MARKET.SZ,002895.SZ
002896,100,中大力德,2,79.93000030517578,"[583.9256591796875, 12652, 9369]",SZ,MARKET.SZ,002896.SZ
002897,100,意华股份,2,65.55999755859375,"[720.2575073242188, 12654, 9372]",SZ,MARKET.SZ,002897.SZ
002898,100,*ST赛隆,2,8.300000190734863,"[19.7549991607666, 12658, 9617]",SZ,MARKET.SZ,002898.SZ
002899,100,英派斯,2,30.209999084472656,"[145.07308959960938, 12654, 9288]",SZ,MARKET.SZ,002899.SZ
002900,100,哈三联,2,10.739999771118164,"[123.1762466430664, 12699, 9614]",SZ,MARKET.SZ,002900.SZ
002901,100,大博医疗,2,41.52000045776367,"[69.87198638916016, 12696, 9636]",SZ,MARKET.SZ,002901.SZ
002902,100,铭普光磁,2,35.77000045776367,"[1646.3453369140625, 12646, 9611]",SZ,MARKET.SZ,002902.SZ
002903,100,宇环数控,2,44.54999923706055,"[522.743896484375, 12671, 9603]",SZ,MARKET.SZ,002903.SZ
002905,100,金逸影视,2,8.470000267028809,"[360.6321716308594, 12679, 7912]",SZ,MARKET.SZ,002905.SZ
002906,100,华阳集团,2,31.5,"[511.5225524902344, 12674, 9615]",SZ,MARKET.SZ,002906.SZ
002907,100,华森制药,2,12.550000190734863,"[86.05311584472656, 12656, 9610]",SZ,MARKET.SZ,002907.SZ
002908,100,德生科技,2,7.940000057220459,"[242.39724731445312, 12646, 9611]",SZ,MARKET.SZ,002908.SZ
002909,100,集泰股份,2,6.389999866485596,"[812.3800659179688, 12654, 9597]",SZ,MARKET.SZ,002909.SZ
002910,100,庄园牧场,2,10.350000381469727,"[199.52749633789062, 12655, 8594]",SZ,MARKET.SZ,002910.SZ
002911,100,佛燃能源,2,11.779999732971191,"[327.6979064941406, 12681, 9603]",SZ,MARKET.SZ,002911.SZ
002912,100,中新赛克,2,23.579999923706055,"[142.11878967285156, 12701, 9637]",SZ,MARKET.SZ,002912.SZ
002913,100,奥士康,2,52.529998779296875,"[300.2181701660156, 12654, 9615]",SZ,MARKET.SZ,002913.SZ
002915,100,中欣氟材,2,22.020000457763672,"[1461.38427734375, 12683, 9607]",SZ,MARKET.SZ,002915.SZ
002916,100,深南电路,2,343.8800048828125,"[438.08831787109375, 12644, 9638]",SZ,MARKET.SZ,002916.SZ
002917,100,金奥博,2,14.0600004196167,"[339.2900085449219, 12632, 9596]",SZ,MARKET.SZ,002917.SZ
002918,100,蒙娜丽莎,2,14.010000228881836,"[1909.7799072265625, 12652, 9588]",SZ,MARKET.SZ,002918.SZ
002919,100,名臣健康,2,25.459999084472656,"[456.12506103515625, 12652, 9614]",SZ,MARKET.SZ,002919.SZ
002920,100,德赛西威,2,106.12000274658203,"[692.01708984375, 12652, 9613]",SZ,MARKET.SZ,002920.SZ
002921,100,联诚精密,2,28.56999969482422,"[266.9833068847656, 12652, 9611]",SZ,MARKET.SZ,002921.SZ
002922,100,伊戈尔,2,40.9900016784668,"[1309.934326171875, 12681, 9613]",SZ,MARKET.SZ,002922.SZ
002923,100,润都股份,2,11.649999618530273,"[268.2515869140625, 12685, 9277]",SZ,MARKET.SZ,002923.SZ
002925,100,盈趣科技,2,19.889999389648438,"[442.2909851074219, 12656, 9631]",SZ,MARKET.SZ,002925.SZ
002926,100,华西证券,2,8.279999732971191,"[740.7099609375, 12642, 9481]",SZ,MARKET.SZ,002926.SZ
002927,100,泰永长征,2,21.559999465942383,"[1051.953369140625, 12669, 9615]",SZ,MARKET.SZ,002927.SZ
002928,100,华夏航空,2,7.369999885559082,"[1268.4649658203125, 12650, 9613]",SZ,MARKET.SZ,002928.SZ
002929,100,润建股份,2,80.83999633789062,"[1985.1326904296875, 12681, 9628]",SZ,MARKET.SZ,002929.SZ
002930,100,宏川智慧,2,13.930000305175781,"[747.2579345703125, 12654, 9615]",SZ,MARKET.SZ,002930.SZ
002931,100,锋龙股份,2,60.040000915527344,"[503.8005065917969, 12652, 9614]",SZ,MARKET.SZ,002931.SZ
002932,100,*ST明德,2,16.329999923706055,"[94.8382339477539, 12655, 9579]",SZ,MARKET.SZ,002932.SZ
002933,100,新兴装备,2,29.700000762939453,"[73.40904998779297, 12656, 9596]",SZ,MARKET.SZ,002933.SZ
002935,100,天奥电子,2,20.469999313354492,"[378.6239013671875, 12647, 9611]",SZ,MARKET.SZ,002935.SZ
002936,100,郑州银行,2,1.7699999809265137,"[2607.11865234375, 12655, 9586]",SZ,MARKET.SZ,002936.SZ
002937,100,兴瑞科技,2,33.54999923706055,"[603.2015991210938, 12696, 9636]",SZ,MARKET.SZ,002937.SZ
002938,100,鹏鼎控股,2,94.4800033569336,"[1687.318359375, 12656, 9586]",SZ,MARKET.SZ,002938.SZ
002939,100,长城证券,2,8.960000038146973,"[2056.44873046875, 12699, 9478]",SZ,MARKET.SZ,002939.SZ
002940,100,昂利康,2,45.650001525878906,"[1307.17724609375, 12655, 9615]",SZ,MARKET.SZ,002940.SZ
002941,100,新疆交建,2,13.479999542236328,"[510.07379150390625, 12683, 9613]",SZ,MARKET.SZ,002941.SZ
002942,100,新农股份,2,18.0,"[75.60245513916016, 12670, 9623]",SZ,MARKET.SZ,002942.SZ
002943,100,宇晶股份,2,82.05000305175781,"[548.766357421875, 12655, 9615]",SZ,MARKET.SZ,002943.SZ
002945,100,华林证券,2,15.100000381469727,"[506.1318664550781, 12647, 9259]",SZ,MARKET.SZ,002945.SZ
002946,100,新乳业,2,17.200000762939453,"[188.69969177246094, 12701, 9588]",SZ,MARKET.SZ,002946.SZ
002947,100,恒铭达,2,89.37000274658203,"[525.5540161132812, 12652, 9609]",SZ,MARKET.SZ,002947.SZ
002948,100,青岛银行,2,5.679999828338623,"[1901.8304443359375, 12654, 9511]",SZ,MARKET.SZ,002948.SZ
002949,100,华阳国际,2,13.420000076293945,"[116.31140899658203, 12698, 9637]",SZ,MARKET.SZ,002949.SZ
002950,100,奥美医疗,2,10.680000305175781,"[358.2568359375, 12652, 9614]",SZ,MARKET.SZ,002950.SZ
002951,100,金时科技,2,15.569999694824219,"[395.6966857910156, 12684, 9614]",SZ,MARKET.SZ,002951.SZ
002952,100,亚世光电,2,29.469999313354492,"[538.118408203125, 12671, 9613]",SZ,MARKET.SZ,002952.SZ
002953,100,日丰股份,2,10.869999885559082,"[234.69850158691406, 12644, 9637]",SZ,MARKET.SZ,002953.SZ
002955,100,鸿合科技,2,24.540000915527344,"[116.28506469726562, 12701, 9573]",SZ,MARKET.SZ,002955.SZ
002956,100,西麦食品,2,21.479999542236328,"[165.6355438232422, 12687, 9628]",SZ,MARKET.SZ,002956.SZ
002957,100,科瑞技术,2,42.08000183105469,"[1650.7479248046875, 12701, 9610]",SZ,MARKET.SZ,002957.SZ
002958,100,青农商行,2,2.890000104904175,"[1611.3746337890625, 12655, 9615]",SZ,MARKET.SZ,002958.SZ
002959,100,小熊电器,2,39.709999084472656,"[41.364158630371094, 12698, 9637]",SZ,MARKET.SZ,002959.SZ
002960,100,青鸟智控,2,9.4399995803833,"[957.5164794921875, 12697, 9615]",SZ,MARKET.SZ,002960.SZ
002961,100,瑞达期货,2,23.18000030517578,"[364.87164306640625, 12653, 9629]",SZ,MARKET.SZ,002961.SZ
002962,100,五方光电,2,19.690000534057617,"[762.3441772460938, 12654, 9352]",SZ,MARKET.SZ,002962.SZ
002963,100,豪尔赛,2,19.290000915527344,"[337.02252197265625, 12646, 9611]",SZ,MARKET.SZ,002963.SZ
002965,100,祥鑫科技,2,38.06999969482422,"[585.7747802734375, 12654, 9609]",SZ,MARKET.SZ,002965.SZ
002966,100,苏州银行,2,8.5,"[1250.869384765625, 12683, 9615]",SZ,MARKET.SZ,002966.SZ
002967,100,广电计量,2,21.469999313354492,"[561.1798706054688, 12640, 9582]",SZ,MARKET.SZ,002967.SZ
002968,100,新大正,2,10.520000457763672,"[167.02896118164062, 12632, 9604]",SZ,MARKET.SZ,002968.SZ
002969,100,嘉美包装,2,19.469999313354492,"[2557.13916015625, 12650, 9613]",SZ,MARKET.SZ,002969.SZ
002970,100,锐明技术,2,71.20999908447266,"[245.21044921875, 12653, 9614]",SZ,MARKET.SZ,002970.SZ
002971,100,和远气体,2,34.70000076293945,"[1122.0919189453125, 12683, 9602]",SZ,MARKET.SZ,002971.SZ
002972,100,科安达,2,12.5,"[187.5868377685547, 12650, 9608]",SZ,MARKET.SZ,002972.SZ
002973,100,侨银股份,2,13.359999656677246,"[339.9881896972656, 12654, 9615]",SZ,MARKET.SZ,002973.SZ
002975,100,博杰股份,2,110.5,"[622.4727783203125, 12685, 9615]",SZ,MARKET.SZ,002975.SZ
002976,100,瑞玛精密,2,33.369998931884766,"[255.21519470214844, 12650, 9613]",SZ,MARKET.SZ,002976.SZ
002977,100,*ST天箭,2,27.829999923706055,"[85.72776794433594, 12642, 9609]",SZ,MARKET.SZ,002977.SZ
002978,100,安宁股份,2,27.989999771118164,"[173.03553771972656, 12646, 9565]",SZ,MARKET.SZ,002978.SZ
002979,100,雷赛智能,2,62.810001373291016,"[1390.2755126953125, 12694, 9635]",SZ,MARKET.SZ,002979.SZ
002980,100,华盛昌,2,105.80000305175781,"[744.433349609375, 12652, 9614]",SZ,MARKET.SZ,002980.SZ
002981,100,朝阳科技,2,25.479999542236328,"[108.82237243652344, 12685, 9635]",SZ,MARKET.SZ,002981.SZ
002982,100,湘佳股份,2,13.430000305175781,"[188.14447021484375, 12698, 9637]",SZ,MARKET.SZ,002982.SZ
002983,100,芯瑞达,2,24.940000534057617,"[389.688232421875, 12640, 9561]",SZ,MARKET.SZ,002983.SZ
002984,100,森麒麟,2,15.600000381469727,"[533.6256713867188, 12654, 9615]",SZ,MARKET.SZ,002984.SZ
002985,100,北摩高科,2,32.33000183105469,"[209.3361358642578, 12654, 9600]",SZ,MARKET.SZ,002985.SZ
002986,100,宇新股份,2,12.279999732971191,"[249.2618408203125, 12671, 9614]",SZ,MARKET.SZ,002986.SZ
002987,100,京北方,2,12.550000190734863,"[404.6375732421875, 12695, 9629]",SZ,MARKET.SZ,002987.SZ
002988,100,豪美新材,2,32.61000061035156,"[292.2160949707031, 12686, 9631]",SZ,MARKET.SZ,002988.SZ
002989,100,中天精装,2,30.90999984741211,"[649.7957153320312, 12656, 9616]",SZ,MARKET.SZ,002989.SZ
002990,100,盛视科技,2,61.29999923706055,"[657.5637817382812, 12654, 9630]",SZ,MARKET.SZ,002990.SZ
002991,100,甘源食品,2,47.56999969482422,"[31.718791961669922, 12640, 9608]",SZ,MARKET.SZ,002991.SZ
002992,100,宝明科技,2,47.0,"[79.1334228515625, 12654, 9615]",SZ,MARKET.SZ,002992.SZ
002993,100,奥海科技,2,62.02000045776367,"[436.46063232421875, 12685, 9638]",SZ,MARKET.SZ,002993.SZ
002995,100,天地在线,2,20.399999618530273,"[405.2135925292969, 12654, 8616]",SZ,MARKET.SZ,002995.SZ
002996,100,顺博合金,2,6.96999979019165,"[483.5575866699219, 12653, 9613]",SZ,MARKET.SZ,002996.SZ
002997,100,瑞鹄模具,2,32.650001525878906,"[357.80584716796875, 12671, 9455]",SZ,MARKET.SZ,002997.SZ
002998,100,优彩资源,2,8.960000038146973,"[398.5643310546875, 12671, 9628]",SZ,MARKET.SZ,002998.SZ
002999,100,天禾股份,2,6.639999866485596,"[360.4131774902344, 12683, 9614]",SZ,MARKET.SZ,002999.SZ
003000,100,劲仔食品,2,10.899999618530273,"[221.95211791992188, 12701, 9609]",SZ,MARKET.SZ,003000.SZ
003001,100,中岩大地,2,22.649999618530273,"[686.4955444335938, 12655, 9615]",SZ,MARKET.SZ,003001.SZ
003002,100,壶化股份,2,24.75,"[86.51750183105469, 12681, 9615]",SZ,MARKET.SZ,003002.SZ
003003,100,天元股份,2,12.920000076293945,"[146.65499877929688, 12654, 9615]",SZ,MARKET.SZ,003003.SZ
003004,100,声迅股份,2,49.63999938964844,"[117.32656860351562, 12671, 9624]",SZ,MARKET.SZ,003004.SZ
003005,100,竞业达,2,16.049999237060547,"[152.50059509277344, 12671, 9637]",SZ,MARKET.SZ,003005.SZ
003006,100,百亚股份,2,15.59000015258789,"[278.6087951660156, 12632, 9629]",SZ,MARKET.SZ,003006.SZ
003007,100,直真科技,2,54.34000015258789,"[388.5189208984375, 12683, 9628]",SZ,MARKET.SZ,003007.SZ
003008,100,开普检测,2,21.530000686645508,"[72.24139404296875, 12638, 9596]",SZ,MARKET.SZ,003008.SZ
003009,100,中天火箭,2,56.25,"[149.10650634765625, 12671, 9586]",SZ,MARKET.SZ,003009.SZ
003010,100,若羽臣,2,27.559999465942383,"[226.9484405517578, 12656, 9434]",SZ,MARKET.SZ,003010.SZ
003011,100,海象新材,2,24.40999984741211,"[255.58311462402344, 12654, 9615]",SZ,MARKET.SZ,003011.SZ
003012,100,东鹏控股,2,5.360000133514404,"[412.65252685546875, 12655, 9615]",SZ,MARKET.SZ,003012.SZ
003013,100,地铁设计,2,14.65999984741211,"[213.0928955078125, 12687, 9582]",SZ,MARKET.SZ,003013.SZ
003015,100,日久光电,2,13.84000015258789,"[342.5519104003906, 12652, 9631]",SZ,MARKET.SZ,003015.SZ
003016,100,欣贺股份,2,7.710000038146973,"[163.80255126953125, 12652, 9614]",SZ,MARKET.SZ,003016.SZ
003017,100,大洋生物,2,29.65999984741211,"[221.59011840820312, 12652, 9422]",SZ,MARKET.SZ,003017.SZ
003018,100,金富科技,2,66.73999786376953,"[790.4376220703125, 12654, 9595]",SZ,MARKET.SZ,003018.SZ
003019,100,宸展光电,2,37.279998779296875,"[454.7288818359375, 12695, 9636]",SZ,MARKET.SZ,003019.SZ
003020,100,立方制药,2,20.559999465942383,"[73.71918487548828, 12652, 9614]",SZ,MARKET.SZ,003020.SZ
003021,100,兆威机电,2,111.47000122070312,"[496.6096496582031, 12652, 9587]",SZ,MARKET.SZ,003021.SZ
003022,100,联泓新科,2,24.200000762939453,"[1751.91650390625, 12642, 9608]",SZ,MARKET.SZ,003022.SZ
003023,100,彩虹集团,2,31.75,"[176.2200469970703, 12701, 9607]",SZ,MARKET.SZ,003023.SZ
003025,100,思进智能,2,15.029999732971191,"[479.9392395019531, 12654, 9615]",SZ,MARKET.SZ,003025.SZ
003026,100,中晶科技,2,46.04999923706055,"[516.2711791992188, 12654, 9615]",SZ,MARKET.SZ,003026.SZ
003027,100,同兴科技,2,22.809999465942383,"[205.95750427246094, 12687, 9638]",SZ,MARKET.SZ,003027.SZ
003028,100,振邦智能,2,28.049999237060547,"[90.49783325195312, 12652, 9625]",SZ,MARKET.SZ,003028.SZ
003029,100,吉大正元,2,20.31999969482422,"[116.05521392822266, 12673, 9589]",SZ,MARKET.SZ,003029.SZ
003030,100,祖名股份,2,25.59000015258789,"[134.51112365722656, 12652, 9614]",SZ,MARKET.SZ,003030.SZ
003031,100,中瓷电子,2,153.4499969482422,"[674.1446533203125, 12681, 9287]",SZ,MARKET.SZ,003031.SZ
003032,100,*ST传智,2,7.119999885559082,"[339.3658447265625, 12652, 9614]",SZ,MARKET.SZ,003032.SZ
003033,100,征和工业,2,57.70000076293945,"[86.00741577148438, 12652, 9598]",SZ,MARKET.SZ,003033.SZ
003035,100,南网能源,2,6.960000038146973,"[2319.812255859375, 12695, 9477]",SZ,MARKET.SZ,003035.SZ
003036,100,泰坦股份,2,47.40999984741211,"[584.9740600585938, 12644, 9610]",SZ,MARKET.SZ,003036.SZ
003037,100,三和管桩,2,7.190000057220459,"[283.6952209472656, 12683, 9615]",SZ,MARKET.SZ,003037.SZ
003038,100,鑫铂股份,2,13.010000228881836,"[251.9724578857422, 12669, 9588]",SZ,MARKET.SZ,003038.SZ
003039,100,顺控发展,2,13.270000457763672,"[162.91416931152344, 12653, 9292]",SZ,MARKET.SZ,003039.SZ
003040,100,楚天龙,2,13.720000267028809,"[257.20220947265625, 12647, 9273]",SZ,MARKET.SZ,003040.SZ
003041,100,真爱美家,2,57.380001068115234,"[111.83674621582031, 12671, 9379]",SZ,MARKET.SZ,003041.SZ
003042,100,中农联合,2,15.619999885559082,"[141.00985717773438, 12655, 9615]",SZ,MARKET.SZ,003042.SZ
003043,100,华亚智能,2,62.0,"[297.6042785644531, 12654, 9615]",SZ,MARKET.SZ,003043.SZ
003816,100,中国广核,2,4.400000095367432,"[6986.30419921875, 12672, 9624]",SZ,MARKET.SZ,003816.SZ
300001,100,特锐德,2,38.08000183105469,"[1937.6978759765625, 12652, 9636]",SZ,MARKET.SZ,300001.SZ
300002,100,神州泰岳,2,9.020000457763672,"[1558.210205078125, 12701, 9614]",SZ,MARKET.SZ,300002.SZ
300003,100,乐普医疗,2,13.0600004196167,"[1129.135009765625, 12642, 9609]",SZ,MARKET.SZ,300003.SZ
300004,100,南风股份,2,15.359999656677246,"[1932.82568359375, 12652, 9247]",SZ,MARKET.SZ,300004.SZ
300005,100,探路者,2,15.949999809265137,"[1469.18701171875, 12654, 9638]",SZ,MARKET.SZ,300005.SZ
300006,100,莱美药业,2,5.820000171661377,"[1474.8804931640625, 12685, 9365]",SZ,MARKET.SZ,300006.SZ
300007,100,汉威科技,2,50.68000030517578,"[1256.0411376953125, 12654, 9604]",SZ,MARKET.SZ,300007.SZ
300008,100,天海防务,2,6.989999771118164,"[2072.606201171875, 12679, 9491]",SZ,MARKET.SZ,300008.SZ
300009,100,安科生物,2,8.260000228881836,"[632.197509765625, 12682, 9629]",SZ,MARKET.SZ,300009.SZ
300010,100,ST豆神,2,2.880000114440918,"[3632.415771484375, 12656, 9616]",SZ,MARKET.SZ,300010.SZ
300011,100,鼎汉技术,2,6.800000190734863,"[288.0581970214844, 12644, 9600]",SZ,MARKET.SZ,300011.SZ
300012,100,华测检测,2,15.0,"[1071.7418212890625, 12636, 9609]",SZ,MARKET.SZ,300012.SZ
300013,100,新宁物流,2,4.929999828338623,"[1261.4669189453125, 12699, 9611]",SZ,MARKET.SZ,300013.SZ
300014,100,亿纬锂能,2,63.95000076293945,"[2837.9169921875, 12670, 9624]",SZ,MARKET.SZ,300014.SZ
300015,100,爱尔眼科,2,9.359999656677246,"[4812.03759765625, 12644, 9576]",SZ,MARKET.SZ,300015.SZ
300016,100,北陆药业,2,8.550000190734863,"[603.01513671875, 12679, 9624]",SZ,MARKET.SZ,300016.SZ
300017,100,网宿科技,2,16.829999923706055,"[11446.927734375, 12687, 9617]",SZ,MARKET.SZ,300017.SZ
300018,100,中元股份,2,14.510000228881836,"[1379.112548828125, 12638, 9607]",SZ,MARKET.SZ,300018.SZ
300019,100,硅宝科技,2,17.84000015258789,"[300.1561584472656, 12638, 9609]",SZ,MARKET.SZ,300019.SZ
300020,100,ST银江,2,3.2799999713897705,"[455.18243408203125, 12644, 9589]",SZ,MARKET.SZ,300020.SZ
300021,100,大禹节水,2,4.210000038146973,"[502.06036376953125, 12652, 9609]",SZ,MARKET.SZ,300021.SZ
300022,100,吉峰科技,2,8.399999618530273,"[647.5658569335938, 12642, 9601]",SZ,MARKET.SZ,300022.SZ
300024,100,机器人,2,16.399999618530273,"[3292.51513671875, 12644, 9610]",SZ,MARKET.SZ,300024.SZ
300025,100,华星创业,2,5.670000076293945,"[516.4310913085938, 12644, 9608]",SZ,MARKET.SZ,300025.SZ
300026,100,红日药业,2,3.2699999809265137,"[967.0921630859375, 12654, 9607]",SZ,MARKET.SZ,300026.SZ
300027,100,ST华谊,2,1.8300000429153442,"[3229.098388671875, 12655, 9615]",SZ,MARKET.SZ,300027.SZ
300029,100,*ST天龙,2,2.7699999809265137,"[248.5883331298828, 12656, 8638]",SZ,MARKET.SZ,300029.SZ
300030,100,阳普医疗,2,7.679999828338623,"[308.78582763671875, 12640, 9595]",SZ,MARKET.SZ,300030.SZ
300031,100,宝通科技,2,26.0,"[1503.474365234375, 12654, 9372]",SZ,MARKET.SZ,300031.SZ
300032,100,金龙机电,2,4.869999885559082,"[1001.1177368164062, 12654, 9615]",SZ,MARKET.SZ,300032.SZ
300033,100,同花顺,2,236.1999969482422,"[800.900390625, 12643, 9589]",SZ,MARKET.SZ,300033.SZ
300034,100,钢研高纳,2,19.479999542236328,"[776.0245361328125, 12642, 9575]",SZ,MARKET.SZ,300034.SZ
300035,100,中科电气,2,19.34000015258789,"[1173.5177001953125, 12655, 9615]",SZ,MARKET.SZ,300035.SZ
300036,100,超图软件,2,14.25,"[469.1707763671875, 12695, 9369]",SZ,MARKET.SZ,300036.SZ
300037,100,新宙邦,2,66.52999877929688,"[1256.2828369140625, 12686, 9635]",SZ,MARKET.SZ,300037.SZ
300039,100,上海凯宝,2,5.559999942779541,"[376.636962890625, 12652, 9638]",SZ,MARKET.SZ,300039.SZ
300040,100,九洲集团,2,7.059999942779541,"[2240.8466796875, 12654, 9611]",SZ,MARKET.SZ,300040.SZ
300041,100,回天新材,2,12.279999732971191,"[1289.4864501953125, 12654, 9608]",SZ,MARKET.SZ,300041.SZ
300042,100,朗科科技,2,67.7699966430664,"[1698.3306884765625, 12683, 9637]",SZ,MARKET.SZ,300042.SZ
300043,100,星辉娱乐,2,5.03000020980835,"[1284.5291748046875, 12644, 9586]",SZ,MARKET.SZ,300043.SZ
300044,100,*ST赛为,2,6.25,"[981.2437744140625, 12657, 9607]",SZ,MARKET.SZ,300044.SZ
300045,100,华力创通,2,22.190000534057617,"[1405.08642578125, 12685, 9369]",SZ,MARKET.SZ,300045.SZ
300046,100,台基股份,2,32.70000076293945,"[605.8187255859375, 12642, 9281]",SZ,MARKET.SZ,300046.SZ
300047,100,天源迪科,2,12.210000038146973,"[954.0701293945312, 12687, 9586]",SZ,MARKET.SZ,300047.SZ
300048,100,合康新能,2,5.809999942779541,"[728.1771240234375, 12645, 9610]",SZ,MARKET.SZ,300048.SZ
300049,100,福瑞医科,2,56.630001068115234,"[327.4627685546875, 12652, 9580]",SZ,MARKET.SZ,300049.SZ
300050,100,世纪鼎利,2,7.079999923706055,"[1890.8167724609375, 12652, 9573]",SZ,MARKET.SZ,300050.SZ
300051,100,琏升科技,2,13.279999732971191,"[1199.34423828125, 12655, 9615]",SZ,MARKET.SZ,300051.SZ
300052,100,中青宝,2,14.979999542236328,"[1820.362548828125, 12654, 9615]",SZ,MARKET.SZ,300052.SZ
300053,100,航宇微,2,17.469999313354492,"[1378.1590576171875, 12652, 9370]",SZ,MARKET.SZ,300053.SZ
300054,100,鼎龙股份,2,72.9800033569336,"[2014.306640625, 12652, 9588]",SZ,MARKET.SZ,300054.SZ
300055,100,万邦达,2,9.699999809265137,"[1297.014892578125, 12644, 9603]",SZ,MARKET.SZ,300055.SZ
300056,100,中创环保,2,10.609999656677246,"[898.416259765625, 12655, 9615]",SZ,MARKET.SZ,300056.SZ
300057,100,万顺新材,2,8.5,"[4039.080810546875, 12696, 9636]",SZ,MARKET.SZ,300057.SZ
300058,100,蓝色光标,2,17.6299991607666,"[17123.59765625, 12642, 9602]",SZ,MARKET.SZ,300058.SZ
300059,100,东方财富,2,19.979999542236328,"[14721.4111328125, 12647, 9601]",SZ,MARKET.SZ,300059.SZ
300061,100,旗天科技,2,10.539999961853027,"[1838.7208251953125, 12642, 9609]",SZ,MARKET.SZ,300061.SZ
300062,100,中能电气,2,8.029999732971191,"[1632.9180908203125, 12647, 9611]",SZ,MARKET.SZ,300062.SZ
300063,100,天龙集团,2,11.270000457763672,"[2868.98583984375, 12654, 9615]",SZ,MARKET.SZ,300063.SZ
300065,100,海兰信,2,23.450000762939453,"[3067.33984375, 12640, 9608]",SZ,MARKET.SZ,300065.SZ
300066,100,三川智慧,2,6.010000228881836,"[1344.2529296875, 12651, 9603]",SZ,MARKET.SZ,300066.SZ
300067,100,安诺其,2,6.449999809265137,"[4129.22509765625, 12693, 9614]",SZ,MARKET.SZ,300067.SZ
300068,100,ST南都,2,4.769999980926514,"[2883.4716796875, 12655, 9615]",SZ,MARKET.SZ,300068.SZ
300069,100,金利华电,2,44.060001373291016,"[340.2608642578125, 12701, 7909]",SZ,MARKET.SZ,300069.SZ
300070,100,碧水源,2,3.640000104904175,"[1230.9617919921875, 12701, 9600]",SZ,MARKET.SZ,300070.SZ
300071,100,福石控股,2,4.480000019073486,"[1830.396484375, 12654, 9491]",SZ,MARKET.SZ,300071.SZ
300072,100,海新能科,2,4.070000171661377,"[1748.0966796875, 12671, 9611]",SZ,MARKET.SZ,300072.SZ
300073,100,当升科技,2,58.4900016784668,"[827.1476440429688, 12646, 9637]",SZ,MARKET.SZ,300073.SZ
300074,100,华平股份,2,4.420000076293945,"[817.121337890625, 12683, 9615]",SZ,MARKET.SZ,300074.SZ
300075,100,数字政通,2,13.270000457763672,"[465.31103515625, 12644, 9602]",SZ,MARKET.SZ,300075.SZ
300076,100,*ST宁视,2,5.070000171661377,"[494.68072509765625, 12656, 8514]",SZ,MARKET.SZ,300076.SZ
300077,100,国民技术,2,26.059999465942383,"[3835.060546875, 12644, 9586]",SZ,MARKET.SZ,300077.SZ
300078,100,思创智联,2,3.6600000858306885,"[1096.4271240234375, 12652, 9251]",SZ,MARKET.SZ,300078.SZ
300079,100,数码视讯,2,5.659999847412109,"[1663.0887451171875, 12653, 9365]",SZ,MARKET.SZ,300079.SZ
300080,100,易成新能,2,4.159999847412109,"[2337.255126953125, 12671, 9609]",SZ,MARKET.SZ,300080.SZ
300081,100,ST恒信,2,4.119999885559082,"[788.059814453125, 12654, 9614]",SZ,MARKET.SZ,300081.SZ
300082,100,奥克股份,2,10.34000015258789,"[691.5380249023438, 12652, 9614]",SZ,MARKET.SZ,300082.SZ
300083,100,创世纪,2,10.859999656677246,"[7456.3857421875, 12667, 9621]",SZ,MARKET.SZ,300083.SZ
300084,100,海默科技,2,12.600000381469727,"[800.813232421875, 12699, 9636]",SZ,MARKET.SZ,300084.SZ
300085,100,银之杰,2,40.869998931884766,"[1885.1759033203125, 12701, 9601]",SZ,MARKET.SZ,300085.SZ
300086,100,康芝药业,2,6.940000057220459,"[603.9859008789062, 12655, 9615]",SZ,MARKET.SZ,300086.SZ
300087,100,荃银高科,2,7.449999809265137,"[536.8866577148438, 12698, 9611]",SZ,MARKET.SZ,300087.SZ
300088,100,长信科技,2,7.090000152587891,"[6062.208984375, 12687, 9613]",SZ,MARKET.SZ,300088.SZ
300091,100,*ST金灵,2,2.930000066757202,"[572.1148071289062, 12646, 9611]",SZ,MARKET.SZ,300091.SZ
300092,100,科新机电,2,15.180000305175781,"[254.302490234375, 12671, 9623]",SZ,MARKET.SZ,300092.SZ
300093,100,*ST金刚,2,20.920000076293945,"[144.208984375, 12642, 9589]",SZ,MARKET.SZ,300093.SZ
300094,100,国联水产,2,2.9800000190734863,"[1389.71240234375, 12656, 9371]",SZ,MARKET.SZ,300094.SZ
300095,100,华伍股份,2,9.979999542236328,"[636.4428100585938, 12672, 9624]",SZ,MARKET.SZ,300095.SZ
300096,100,ST易联众,2,9.140000343322754,"[197.36105346679688, 12681, 9614]",SZ,MARKET.SZ,300096.SZ
300097,100,智云股份,2,9.970000267028809,"[713.9332275390625, 12644, 9589]",SZ,MARKET.SZ,300097.SZ
300098,100,高新兴,2,5.730000019073486,"[2518.815673828125, 12654, 9604]",SZ,MARKET.SZ,300098.SZ
300099,100,尤洛卡,2,8.229999542236328,"[806.971435546875, 12685, 9609]",SZ,MARKET.SZ,300099.SZ
300100,100,双林股份,2,34.380001068115234,"[1245.9422607421875, 12654, 9603]",SZ,MARKET.SZ,300100.SZ
300101,100,振芯科技,2,19.200000762939453,"[776.8821411132812, 12654, 9614]",SZ,MARKET.SZ,300101.SZ
300102,100,乾照光电,2,26.809999465942383,"[1883.1524658203125, 12693, 9615]",SZ,MARKET.SZ,300102.SZ
300103,100,达刚控股,2,9.149999618530273,"[628.4346923828125, 12650, 9500]",SZ,MARKET.SZ,300103.SZ
300105,100,龙源技术,2,6.5,"[332.04998779296875, 12644, 9635]",SZ,MARKET.SZ,300105.SZ
300106,100,西部牧业,2,13.550000190734863,"[579.0106201171875, 12693, 7858]",SZ,MARKET.SZ,300106.SZ
300107,100,建新股份,2,6.980000019073486,"[1116.2696533203125, 12644, 9604]",SZ,MARKET.SZ,300107.SZ
300109,100,新开源,2,17.520000457763672,"[385.70989990234375, 12679, 9610]",SZ,MARKET.SZ,300109.SZ
300110,100,华仁药业,2,2.880000114440918,"[651.3452758789062, 12699, 9610]",SZ,MARKET.SZ,300110.SZ
300111,100,向日葵,2,3.5999999046325684,"[1354.7750244140625, 12650, 9022]",SZ,MARKET.SZ,300111.SZ
300112,100,万讯自控,2,8.109999656677246,"[282.4179382324219, 12642, 9588]",SZ,MARKET.SZ,300112.SZ
300113,100,顺网科技,2,25.15999984741211,"[1849.4169921875, 12654, 9608]",SZ,MARKET.SZ,300113.SZ
300115,100,长盈精密,2,37.63999938964844,"[4133.9189453125, 12643, 9609]",SZ,MARKET.SZ,300115.SZ
300118,100,东方日升,2,16.719999313354492,"[2572.56689453125, 12652, 9611]",SZ,MARKET.SZ,300118.SZ
300119,100,瑞普生物,2,16.780000686645508,"[125.10655212402344, 12671, 9624]",SZ,MARKET.SZ,300119.SZ
300120,100,经纬辉开,2,7.019999980926514,"[524.1482543945312, 12654, 9246]",SZ,MARKET.SZ,300120.SZ
300121,100,阳谷华泰,2,12.15999984741211,"[869.478515625, 12699, 9625]",SZ,MARKET.SZ,300121.SZ
300122,100,智飞生物,2,14.489999771118164,"[642.0492553710938, 12675, 9614]",SZ,MARKET.SZ,300122.SZ
300123,100,ST亚光,2,4.590000152587891,"[1791.7406005859375, 12687, 9604]",SZ,MARKET.SZ,300123.SZ
300124,100,汇川技术,2,77.7699966430664,"[2177.044677734375, 12679, 9614]",SZ,MARKET.SZ,300124.SZ
300125,100,*ST聆达,2,10.229999542236328,"[272.0857238769531, 12680, 9586]",SZ,MARKET.SZ,300125.SZ
300126,100,锐奇股份,2,7.550000190734863,"[238.0963592529297, 12642, 9609]",SZ,MARKET.SZ,300126.SZ
300127,100,银河磁体,2,30.530000686645508,"[256.6320495605469, 12646, 9281]",SZ,MARKET.SZ,300127.SZ
300128,100,锦富技术,2,7.840000152587891,"[4613.03466796875, 12655, 9615]",SZ,MARKET.SZ,300128.SZ
300129,100,泰胜风能,2,10.960000038146973,"[1103.2880859375, 12642, 9604]",SZ,MARKET.SZ,300129.SZ
300130,100,新国都,2,23.610000610351562,"[637.7526245117188, 12654, 9583]",SZ,MARKET.SZ,300130.SZ
300131,100,英唐智控,2,19.8799991607666,"[6874.912109375, 12654, 9245]",SZ,MARKET.SZ,300131.SZ
300132,100,青松股份,2,7.900000095367432,"[597.0541381835938, 12654, 9091]",SZ,MARKET.SZ,300132.SZ
300133,100,华策影视,2,8.779999732971191,"[5782.45703125, 12681, 9609]",SZ,MARKET.SZ,300133.SZ
300134,100,大富科技,2,10.9399995803833,"[514.175048828125, 12651, 9613]",SZ,MARKET.SZ,300134.SZ
300135,100,宝利国际,2,3.640000104904175,"[867.1258544921875, 12650, 9295]",SZ,MARKET.SZ,300135.SZ
300136,100,信维通信,2,109.5,"[4492.95654296875, 12632, 9632]",SZ,MARKET.SZ,300136.SZ
300137,100,先河环保,2,19.8700008392334,"[1132.2626953125, 12696, 9611]",SZ,MARKET.SZ,300137.SZ
300138,100,晨光生物,2,10.510000228881836,"[225.84259033203125, 12647, 9630]",SZ,MARKET.SZ,300138.SZ
300139,100,晓程科技,2,46.369998931884766,"[873.4573974609375, 12683, 9611]",SZ,MARKET.SZ,300139.SZ
300140,100,节能环境,2,6.289999961853027,"[1018.9300537109375, 12642, 9425]",SZ,MARKET.SZ,300140.SZ
300141,100,和顺电气,2,12.100000381469727,"[349.21417236328125, 12650, 9613]",SZ,MARKET.SZ,300141.SZ
300142,100,沃森生物,2,13.739999771118164,"[3755.625732421875, 12652, 9583]",SZ,MARKET.SZ,300142.SZ
300143,100,盈康生命,2,10.729999542236328,"[566.5320434570312, 12673, 9583]",SZ,MARKET.SZ,300143.SZ
300144,100,宋城演艺,2,6.880000114440918,"[1030.9930419921875, 12683, 9610]",SZ,MARKET.SZ,300144.SZ
300145,100,南方泵业,2,4.940000057220459,"[3608.488525390625, 12687, 9607]",SZ,MARKET.SZ,300145.SZ
300146,100,汤臣倍健,2,9.989999771118164,"[514.122314453125, 12646, 9600]",SZ,MARKET.SZ,300146.SZ
300147,100,*ST香雪,2,10.010000228881836,"[464.1933898925781, 12655, 9615]",SZ,MARKET.SZ,300147.SZ
300148,100,天舟文化,2,3.740000009536743,"[1027.5509033203125, 12643, 9609]",SZ,MARKET.SZ,300148.SZ
300149,100,睿智医药,2,9.100000381469727,"[407.67437744140625, 12695, 9615]",SZ,MARKET.SZ,300149.SZ
300150,100,世纪瑞尔,2,4.71999979019165,"[415.5768737792969, 12644, 9610]",SZ,MARKET.SZ,300150.SZ
300151,100,昌红科技,2,20.350000381469727,"[1235.063232421875, 12672, 9624]",SZ,MARKET.SZ,300151.SZ
300152,100,*ST动力,2,1.940000057220459,"[2693.12109375, 12675, 9615]",SZ,MARKET.SZ,300152.SZ
300153,100,科泰电源,2,28.639999389648438,"[1140.869873046875, 12650, 9638]",SZ,MARKET.SZ,300153.SZ
300154,100,瑞凌股份,2,10.890000343322754,"[730.8260498046875, 12652, 9600]",SZ,MARKET.SZ,300154.SZ
300155,100,安居宝,2,4.909999847412109,"[336.2126770019531, 12673, 9613]",SZ,MARKET.SZ,300155.SZ
300157,100,新锦动力,2,4.96999979019165,"[1555.748291015625, 12654, 9615]",SZ,MARKET.SZ,300157.SZ
300158,100,振东制药,2,5.420000076293945,"[390.07391357421875, 12638, 9607]",SZ,MARKET.SZ,300158.SZ
300159,100,*ST新研,2,4.090000152587891,"[2252.931396484375, 12681, 9628]",SZ,MARKET.SZ,300159.SZ
300160,100,秀强股份,2,4.989999771118164,"[303.2183532714844, 12642, 9631]",SZ,MARKET.SZ,300160.SZ
300161,100,华中数控,2,37.02000045776367,"[549.848388671875, 12655, 9615]",SZ,MARKET.SZ,300161.SZ
300162,100,雷曼光电,2,9.979999542236328,"[2082.87255859375, 12654, 9371]",SZ,MARKET.SZ,300162.SZ
300163,100,先锋新材,2,5.599999904632568,"[3007.3291015625, 12652, 9614]",SZ,MARKET.SZ,300163.SZ
300164,100,通源石油,2,11.699999809265137,"[4700.38818359375, 12687, 9232]",SZ,MARKET.SZ,300164.SZ
300165,100,天瑞仪器,2,6.550000190734863,"[1115.4552001953125, 12699, 9614]",SZ,MARKET.SZ,300165.SZ
300166,100,东方国信,2,18.6200008392334,"[8182.68603515625, 12644, 9610]",SZ,MARKET.SZ,300166.SZ
300167,100,ST迪威迅,2,5.320000171661377,"[322.8658447265625, 12687, 9631]",SZ,MARKET.SZ,300167.SZ
300168,100,万达信息,2,5.590000152587891,"[903.83740234375, 12671, 9615]",SZ,MARKET.SZ,300168.SZ
300169,100,天晟新材,2,6.019999980926514,"[345.73748779296875, 12681, 9624]",SZ,MARKET.SZ,300169.SZ
300170,100,汉得信息,2,20.09000015258789,"[2837.037841796875, 12697, 9625]",SZ,MARKET.SZ,300170.SZ
300171,100,东富龙,2,12.210000038146973,"[279.5513610839844, 12654, 9392]",SZ,MARKET.SZ,300171.SZ
300172,100,中电环保,2,4.929999828338623,"[667.2132568359375, 12638, 9624]",SZ,MARKET.SZ,300172.SZ
300173,100,ST福能,2,3.890000104904175,"[377.6065368652344, 12682, 9247]",SZ,MARKET.SZ,300173.SZ
300174,100,元力股份,2,19.100000381469727,"[1116.908447265625, 12650, 9602]",SZ,MARKET.SZ,300174.SZ
300175,100,ST朗源,2,6.559999942779541,"[365.9766845703125, 12642, 7858]",SZ,MARKET.SZ,300175.SZ
300176,100,鸿特科技,2,6.269999980926514,"[484.09539794921875, 12654, 9316]",SZ,MARKET.SZ,300176.SZ
300177,100,中海达,2,8.479999542236328,"[631.27197265625, 12646, 9363]",SZ,MARKET.SZ,300177.SZ
300179,100,四方达,2,27.020000457763672,"[2017.8043212890625, 12642, 9588]",SZ,MARKET.SZ,300179.SZ
300180,100,华峰超纤,2,4.789999961853027,"[1102.6580810546875, 12699, 9595]",SZ,MARKET.SZ,300180.SZ
300181,100,佐力药业,2,14.380000114440918,"[295.2489929199219, 12650, 9637]",SZ,MARKET.SZ,300181.SZ
300182,100,捷成股份,2,5.579999923706055,"[4993.09912109375, 12646, 9611]",SZ,MARKET.SZ,300182.SZ
300183,100,东软载波,2,12.699999809265137,"[382.7072448730469, 12701, 9638]",SZ,MARKET.SZ,300183.SZ
300184,100,力源信息,2,14.140000343322754,"[4875.1845703125, 12637, 9606]",SZ,MARKET.SZ,300184.SZ
300185,100,通裕重工,2,2.940000057220459,"[5806.09033203125, 12646, 9608]",SZ,MARKET.SZ,300185.SZ
300187,100,永清环保,2,5.809999942779541,"[826.06787109375, 12680, 9608]",SZ,MARKET.SZ,300187.SZ
300188,100,国投智能,2,12.09000015258789,"[536.9585571289062, 12699, 9604]",SZ,MARKET.SZ,300188.SZ
300189,100,神农种业,2,5.25,"[2061.95703125, 12646, 9611]",SZ,MARKET.SZ,300189.SZ
300190,100,维尔利,2,4.409999847412109,"[1966.5516357421875, 12679, 9609]",SZ,MARKET.SZ,300190.SZ
300191,100,潜能恒信,2,37.189998626708984,"[631.1803588867188, 12644, 9638]",SZ,MARKET.SZ,300191.SZ
300192,100,科德教育,2,17.850000381469727,"[360.24053955078125, 12683, 9615]",SZ,MARKET.SZ,300192.SZ
300193,100,佳士科技,2,8.199999809265137,"[348.0040588378906, 12646, 9597]",SZ,MARKET.SZ,300193.SZ
300194,100,福安药业,2,3.890000104904175,"[297.4112854003906, 12701, 9637]",SZ,MARKET.SZ,300194.SZ
300195,100,长荣股份,2,6.449999809265137,"[408.3232421875, 12701, 9614]",SZ,MARKET.SZ,300195.SZ
300196,100,长海股份,2,18.59000015258789,"[816.0784912109375, 12658, 9624]",SZ,MARKET.SZ,300196.SZ
300197,100,节能铁汉,2,1.5499999523162842,"[1561.669189453125, 12680, 9370]",SZ,MARKET.SZ,300197.SZ
300198,100,*ST纳川,2,2.319999933242798,"[507.5859069824219, 12653, 9614]",SZ,MARKET.SZ,300198.SZ
300199,100,翰宇药业,2,22.75,"[2527.47509765625, 12655, 9615]",SZ,MARKET.SZ,300199.SZ
300200,100,高盟新材,2,10.359999656677246,"[1386.46142578125, 12640, 9581]",SZ,MARKET.SZ,300200.SZ
300201,100,海伦哲,2,16.360000610351562,"[2887.406494140625, 12655, 9607]",SZ,MARKET.SZ,300201.SZ
300203,100,聚光科技,2,15.609999656677246,"[895.5127563476562, 12654, 9607]",SZ,MARKET.SZ,300203.SZ
300204,100,舒泰神,2,26.31999969482422,"[726.7617797851562, 12652, 9614]",SZ,MARKET.SZ,300204.SZ
300205,100,*ST天喻,2,6.019999980926514,"[151.51950073242188, 12643, 9609]",SZ,MARKET.SZ,300205.SZ
300206,100,理邦仪器,2,13.640000343322754,"[318.2298889160156, 12673, 9609]",SZ,MARKET.SZ,300206.SZ
300207,100,欣旺达,2,24.350000381469727,"[2412.3203125, 12644, 9610]",SZ,MARKET.SZ,300207.SZ
300209,100,行云科技,2,27.719999313354492,"[4129.947265625, 12681, 9615]",SZ,MARKET.SZ,300209.SZ
300210,100,森远股份,2,11.890000343322754,"[1987.173828125, 12642, 9597]",SZ,MARKET.SZ,300210.SZ
300211,100,*ST亿通,2,8.670000076293945,"[178.16366577148438, 12644, 9610]",SZ,MARKET.SZ,300211.SZ
300212,100,*ST易录,2,7.949999809265137,"[2213.9462890625, 12701, 9615]",SZ,MARKET.SZ,300212.SZ
300213,100,佳讯飞鸿,2,7.940000057220459,"[566.0420532226562, 12646, 9356]",SZ,MARKET.SZ,300213.SZ
300214,100,日科化学,2,8.109999656677246,"[888.4383544921875, 12669, 9613]",SZ,MARKET.SZ,300214.SZ
300215,100,电科院,2,8.90999984741211,"[1411.1903076171875, 12645, 9610]",SZ,MARKET.SZ,300215.SZ
300217,100,东方电热,2,5.369999885559082,"[2033.143310546875, 12652, 9609]",SZ,MARKET.SZ,300217.SZ
300218,100,安利股份,2,14.1899995803833,"[200.1367645263672, 12671, 9277]",SZ,MARKET.SZ,300218.SZ
300219,100,鸿利智汇,2,8.239999771118164,"[1706.681884765625, 12655, 9615]",SZ,MARKET.SZ,300219.SZ
300220,100,金运激光,2,13.699999809265137,"[114.88690948486328, 12654, 8273]",SZ,MARKET.SZ,300220.SZ
300221,100,银禧科技,2,11.670000076293945,"[1533.6968994140625, 12642, 9595]",SZ,MARKET.SZ,300221.SZ
300222,100,科大智能,2,14.079999923706055,"[3545.764892578125, 12632, 9601]",SZ,MARKET.SZ,300222.SZ
300223,100,北京君正,2,130.72000122070312,"[1233.2864990234375, 12679, 9629]",SZ,MARKET.SZ,300223.SZ
300224,100,正海磁材,2,12.739999771118164,"[855.2042846679688, 12640, 9616]",SZ,MARKET.SZ,300224.SZ
300225,100,*ST金泰,2,8.180000305175781,"[861.466796875, 12652, 9614]",SZ,MARKET.SZ,300225.SZ
300226,100,上海钢联,2,23.790000915527344,"[336.9857177734375, 12683, 9614]",SZ,MARKET.SZ,300226.SZ
300227,100,光韵达,2,10.770000457763672,"[807.7025756835938, 12694, 9588]",SZ,MARKET.SZ,300227.SZ
300228,100,富瑞特装,2,9.050000190734863,"[1696.6971435546875, 12673, 9628]",SZ,MARKET.SZ,300228.SZ
300229,100,拓尔思,2,18.25,"[1228.9622802734375, 12642, 9601]",SZ,MARKET.SZ,300229.SZ
300230,100,永利股份,2,4.909999847412109,"[630.1968383789062, 12679, 9286]",SZ,MARKET.SZ,300230.SZ
300231,100,银信科技,2,10.739999771118164,"[805.3839721679688, 12698, 9637]",SZ,MARKET.SZ,300231.SZ
300232,100,洲明科技,2,6.190000057220459,"[1415.9544677734375, 12640, 9638]",SZ,MARKET.SZ,300232.SZ
300233,100,金城医药,2,14.579999923706055,"[390.3759765625, 12681, 9623]",SZ,MARKET.SZ,300233.SZ
300234,100,开尔新材,2,7.159999847412109,"[759.6810302734375, 12642, 9279]",SZ,MARKET.SZ,300234.SZ
300235,100,方直科技,2,13.529999732971191,"[318.9087829589844, 12652, 9637]",SZ,MARKET.SZ,300235.SZ
300236,100,上海新阳,2,99.55999755859375,"[738.7579345703125, 12683, 9636]",SZ,MARKET.SZ,300236.SZ
300237,100,ST美晨,2,2.4100000858306885,"[1581.4013671875, 12687, 9369]",SZ,MARKET.SZ,300237.SZ
300238,100,冠昊生物,2,12.6899995803833,"[200.6501007080078, 12701, 8140]",SZ,MARKET.SZ,300238.SZ
300239,100,东宝生物,2,5.150000095367432,"[315.2575378417969, 12693, 9635]",SZ,MARKET.SZ,300239.SZ
300240,100,飞力达,2,6.349999904632568,"[283.74041748046875, 12642, 9607]",SZ,MARKET.SZ,300240.SZ
300241,100,瑞丰光电,2,6.880000114440918,"[1958.7703857421875, 12656, 9615]",SZ,MARKET.SZ,300241.SZ
300242,100,佳云科技,2,5.300000190734863,"[1826.4664306640625, 12644, 9323]",SZ,MARKET.SZ,300242.SZ
300243,100,瑞丰高材,2,17.389999389648438,"[985.1065063476562, 12699, 9638]",SZ,MARKET.SZ,300243.SZ
300244,100,迪安诊断,2,18.15999984741211,"[1186.631591796875, 12652, 9294]",SZ,MARKET.SZ,300244.SZ
300245,100,ST天玑,2,6.769999980926514,"[586.8984375, 12653, 9614]",SZ,MARKET.SZ,300245.SZ
300246,100,宝莱特,2,21.079999923706055,"[515.2830200195312, 12646, 9611]",SZ,MARKET.SZ,300246.SZ
300247,100,融捷健康,2,4.650000095367432,"[1890.52001953125, 12679, 9608]",SZ,MARKET.SZ,300247.SZ
300248,100,新开普,2,9.710000038146973,"[670.9871215820312, 12701, 9610]",SZ,MARKET.SZ,300248.SZ
300249,100,依米康,2,17.40999984741211,"[1686.981201171875, 12638, 9603]",SZ,MARKET.SZ,300249.SZ
300250,100,初灵信息,2,18.389999389648438,"[294.6802062988281, 12693, 9613]",SZ,MARKET.SZ,300250.SZ
300251,100,光线传媒,2,13.0600004196167,"[2099.72900390625, 12640, 9638]",SZ,MARKET.SZ,300251.SZ
300252,100,金信诺,2,15.079999923706055,"[1680.167724609375, 12653, 9614]",SZ,MARKET.SZ,300252.SZ
300253,100,卫宁健康,2,8.630000114440918,"[2842.7548828125, 12675, 9625]",SZ,MARKET.SZ,300253.SZ
300254,100,仟源医药,2,12.789999961853027,"[544.3743896484375, 12652, 9614]",SZ,MARKET.SZ,300254.SZ
300255,100,常山药业,2,40.540000915527344,"[593.938720703125, 12701, 9615]",SZ,MARKET.SZ,300255.SZ
300256,100,星星科技,2,3.2899999618530273,"[1075.5111083984375, 12654, 9491]",SZ,MARKET.SZ,300256.SZ
300257,100,开山股份,2,31.25,"[575.0853271484375, 12652, 9608]",SZ,MARKET.SZ,300257.SZ
300258,100,精锻科技,2,14.239999771118164,"[1707.8895263671875, 12638, 9607]",SZ,MARKET.SZ,300258.SZ
300259,100,新天科技,2,6.559999942779541,"[6901.822265625, 12642, 9624]",SZ,MARKET.SZ,300259.SZ
300260,100,新莱应材,2,63.400001525878906,"[1569.4713134765625, 12653, 9323]",SZ,MARKET.SZ,300260.SZ
300261,100,雅本化学,2,5.260000228881836,"[425.4959716796875, 12687, 9615]",SZ,MARKET.SZ,300261.SZ
300263,100,隆华科技,2,12.65999984741211,"[6232.45849609375, 12642, 9638]",SZ,MARKET.SZ,300263.SZ
300264,100,佳创视讯,2,9.470000267028809,"[1007.2420043945312, 12693, 9611]",SZ,MARKET.SZ,300264.SZ
300265,100,通光线缆,2,21.149999618530273,"[2661.91748046875, 12642, 9604]",SZ,MARKET.SZ,300265.SZ
300266,100,兴源环境,2,2.0799999237060547,"[872.7981567382812, 12701, 9613]",SZ,MARKET.SZ,300266.SZ
300267,100,尔康制药,2,4.239999771118164,"[3784.13916015625, 12644, 9609]",SZ,MARKET.SZ,300267.SZ
300268,100,佳沃食品,2,13.229999542236328,"[149.96067810058594, 12646, 9370]",SZ,MARKET.SZ,300268.SZ
300269,100,联建光电,2,6.199999809265137,"[1344.3272705078125, 12652, 9609]",SZ,MARKET.SZ,300269.SZ
300270,100,中威电子,2,13.229999542236328,"[529.7350463867188, 12640, 9608]",SZ,MARKET.SZ,300270.SZ
300271,100,华宇软件,2,5.989999771118164,"[494.1599426269531, 12671, 9614]",SZ,MARKET.SZ,300271.SZ
300272,100,开能健康,2,6.71999979019165,"[342.5005798339844, 12701, 9615]",SZ,MARKET.SZ,300272.SZ
300274,100,阳光电源,2,165.3800048828125,"[5006.52197265625, 12652, 9623]",SZ,MARKET.SZ,300274.SZ
300275,100,梅安森,2,9.699999809265137,"[570.2108154296875, 12646, 9636]",SZ,MARKET.SZ,300275.SZ
300276,100,三丰智能,2,9.210000038146973,"[6804.85888671875, 12652, 9614]",SZ,MARKET.SZ,300276.SZ
300277,100,汽轮科技,2,15.680000305175781,"[1206.800537109375, 12651, 9573]",SZ,MARKET.SZ,300277.SZ
300278,100,华昌达,2,5.119999885559082,"[2373.381103515625, 12646, 9511]",SZ,MARKET.SZ,300278.SZ
300279,100,和晶科技,2,7.46999979019165,"[783.0700073242188, 12650, 9491]",SZ,MARKET.SZ,300279.SZ
300281,100,金明精机,2,7.900000095367432,"[1049.4825439453125, 12652, 9470]",SZ,MARKET.SZ,300281.SZ
300283,100,温州宏丰,2,17.56999969482422,"[3788.9990234375, 12645, 9586]",SZ,MARKET.SZ,300283.SZ
300284,100,苏交科,2,6.260000228881836,"[421.4992370605469, 12652, 9614]",SZ,MARKET.SZ,300284.SZ
300285,100,国瓷材料,2,41.529998779296875,"[2828.90771484375, 12652, 9607]",SZ,MARKET.SZ,300285.SZ
300286,100,安科瑞,2,26.049999237060547,"[562.6818237304688, 12642, 9625]",SZ,MARKET.SZ,300286.SZ
300287,100,飞利信,2,4.25,"[1586.11279296875, 12655, 9611]",SZ,MARKET.SZ,300287.SZ
300288,100,朗玛信息,2,11.079999923706055,"[228.75784301757812, 12701, 9295]",SZ,MARKET.SZ,300288.SZ
300289,100,利德曼,2,6.119999885559082,"[234.44033813476562, 12687, 9091]",SZ,MARKET.SZ,300289.SZ
300290,100,荣科科技,2,14.319999694824219,"[898.3826904296875, 12650, 9610]",SZ,MARKET.SZ,300290.SZ
300291,100,百纳千成,2,5.739999771118164,"[875.2216796875, 12701, 9613]",SZ,MARKET.SZ,300291.SZ
300292,100,吴通控股,2,5.75,"[6020.47509765625, 12679, 8514]",SZ,MARKET.SZ,300292.SZ
300293,100,蓝英装备,2,19.850000381469727,"[681.6273803710938, 12671, 9572]",SZ,MARKET.SZ,300293.SZ
300294,100,博雅生物,2,16.020000457763672,"[264.9568786621094, 12701, 9630]",SZ,MARKET.SZ,300294.SZ
300295,100,*ST三六,2,11.40999984741211,"[237.3870391845703, 12642, 9609]",SZ,MARKET.SZ,300295.SZ
300296,100,利亚德,2,6.550000190734863,"[6527.693359375, 12644, 9628]",SZ,MARKET.SZ,300296.SZ
300298,100,三诺生物,2,16.489999771118164,"[210.67857360839844, 12652, 9589]",SZ,MARKET.SZ,300298.SZ
300299,100,富春股份,2,5.869999885559082,"[644.7887573242188, 12654, 9615]",SZ,MARKET.SZ,300299.SZ
300300,100,海峡创新,2,11.229999542236328,"[2089.113037109375, 12652, 9614]",SZ,MARKET.SZ,300300.SZ
300301,100,ST长方,2,3.450000047683716,"[436.0611572265625, 12681, 9594]",SZ,MARKET.SZ,300301.SZ
300302,100,同有科技,2,53.959999084472656,"[3105.47021484375, 12652, 9614]",SZ,MARKET.SZ,300302.SZ
300303,100,聚飞光电,2,9.75,"[5500.6064453125, 12632, 9637]",SZ,MARKET.SZ,300303.SZ
300304,100,云意电气,2,13.510000228881836,"[999.7542724609375, 12654, 9631]",SZ,MARKET.SZ,300304.SZ
300305,100,裕兴股份,2,6.329999923706055,"[327.6766662597656, 12642, 9602]",SZ,MARKET.SZ,300305.SZ
300306,100,远方信息,2,11.880000114440918,"[125.9189682006836, 12642, 9628]",SZ,MARKET.SZ,300306.SZ
300307,100,慈星股份,2,7.289999961853027,"[611.8181762695312, 12654, 9616]",SZ,MARKET.SZ,300307.SZ
300308,100,中际旭创,2,993.3400268554688,"[1046.527587890625, 12639, 9609]",SZ,MARKET.SZ,300308.SZ
300310,100,宜通世纪,2,6.400000095367432,"[2657.632080078125, 12642, 9586]",SZ,MARKET.SZ,300310.SZ
300311,100,ST任子行,2,5.440000057220459,"[491.05633544921875, 12693, 8641]",SZ,MARKET.SZ,300311.SZ
300313,100,*ST天山,2,9.430000305175781,"[158.5844268798828, 12646, 9611]",SZ,MARKET.SZ,300313.SZ
300314,100,戴维医疗,2,10.720000267028809,"[137.48150634765625, 12683, 9616]",SZ,MARKET.SZ,300314.SZ
300315,100,掌趣科技,2,4.75,"[2467.49560546875, 12652, 9614]",SZ,MARKET.SZ,300315.SZ
300316,100,晶盛机电,2,52.40999984741211,"[2138.55078125, 12652, 9630]",SZ,MARKET.SZ,300316.SZ
300317,100,珈伟新能,2,5.050000190734863,"[3355.292236328125, 12674, 9247]",SZ,MARKET.SZ,300317.SZ
300318,100,博晖创新,2,5.070000171661377,"[261.2025146484375, 12652, 9611]",SZ,MARKET.SZ,300318.SZ
300319,100,麦捷科技,2,13.350000381469727,"[2368.760009765625, 12681, 9607]",SZ,MARKET.SZ,300319.SZ
300320,100,海达股份,2,8.930000305175781,"[389.4931945800781, 12652, 9583]",SZ,MARKET.SZ,300320.SZ
300321,100,同大股份,2,40.310001373291016,"[91.56490325927734, 12673, 9628]",SZ,MARKET.SZ,300321.SZ
300322,100,硕贝德,2,29.059999465942383,"[2392.181640625, 12685, 9583]",SZ,MARKET.SZ,300322.SZ
300323,100,华灿光电,2,18.729999542236328,"[8726.6123046875, 12654, 9589]",SZ,MARKET.SZ,300323.SZ
300324,100,旋极信息,2,4.789999961853027,"[2094.578857421875, 12642, 9609]",SZ,MARKET.SZ,300324.SZ
300326,100,ST凯利,2,6.78000020980835,"[356.10162353515625, 12642, 9604]",SZ,MARKET.SZ,300326.SZ
300327,100,中颖电子,2,27.0,"[553.3657836914062, 12701, 9587]",SZ,MARKET.SZ,300327.SZ
300328,100,宜安科技,2,19.700000762939453,"[2723.4931640625, 12642, 9609]",SZ,MARKET.SZ,300328.SZ
300329,100,海伦钢琴,2,13.119999885559082,"[183.72999572753906, 12652, 9609]",SZ,MARKET.SZ,300329.SZ
300331,100,苏大维格,2,54.34000015258789,"[751.2808837890625, 12644, 9610]",SZ,MARKET.SZ,300331.SZ
300332,100,天壕能源,2,5.21999979019165,"[1278.742431640625, 12700, 9638]",SZ,MARKET.SZ,300332.SZ
300333,100,兆日科技,2,11.119999885559082,"[1200.296142578125, 12681, 9245]",SZ,MARKET.SZ,300333.SZ
300334,100,津膜科技,2,7.96999979019165,"[315.7608337402344, 12699, 8272]",SZ,MARKET.SZ,300334.SZ
300335,100,迪森股份,2,6.019999980926514,"[1050.0469970703125, 12644, 9630]",SZ,MARKET.SZ,300335.SZ
300337,100,银邦股份,2,12.989999771118164,"[1140.050048828125, 12681, 9603]",SZ,MARKET.SZ,300337.SZ
300338,100,*ST开元,2,3.1700000762939453,"[442.6013488769531, 12653, 9614]",SZ,MARKET.SZ,300338.SZ
300339,100,润和软件,2,42.70000076293945,"[1206.1551513671875, 12644, 9489]",SZ,MARKET.SZ,300339.SZ
300340,100,科恒股份,2,10.199999809265137,"[268.3542785644531, 12650, 9595]",SZ,MARKET.SZ,300340.SZ
300341,100,麦克奥迪,2,15.420000076293945,"[378.4013977050781, 12654, 9613]",SZ,MARKET.SZ,300341.SZ
300342,100,天银机电,2,56.349998474121094,"[1419.86669921875, 12642, 9628]",SZ,MARKET.SZ,300342.SZ
300343,100,ST联创,2,6.650000095367432,"[1089.29150390625, 12646, 9587]",SZ,MARKET.SZ,300343.SZ
300345,100,华民股份,2,6.300000190734863,"[847.1167602539062, 12652, 9491]",SZ,MARKET.SZ,300345.SZ
300346,100,南大光电,2,55.7599983215332,"[3263.855224609375, 12675, 9628]",SZ,MARKET.SZ,300346.SZ
300347,100,泰格医药,2,45.470001220703125,"[550.7794799804688, 12685, 9630]",SZ,MARKET.SZ,300347.SZ
300348,100,长亮科技,2,11.020000457763672,"[575.2182006835938, 12647, 9611]",SZ,MARKET.SZ,300348.SZ
300349,100,金卡智能,2,14.260000228881836,"[960.9572143554688, 12671, 9631]",SZ,MARKET.SZ,300349.SZ
300350,100,华鹏飞,2,4.949999809265137,"[607.30810546875, 12650, 9250]",SZ,MARKET.SZ,300350.SZ
300351,100,永贵电器,2,23.920000076293945,"[782.427978515625, 12688, 9631]",SZ,MARKET.SZ,300351.SZ
300352,100,ST信源,2,3.380000114440918,"[2293.7783203125, 12656, 9616]",SZ,MARKET.SZ,300352.SZ
300353,100,东土科技,2,19.6200008392334,"[892.9456176757812, 12652, 9614]",SZ,MARKET.SZ,300353.SZ
300354,100,东华测试,2,37.95000076293945,"[167.8856658935547, 12638, 9607]",SZ,MARKET.SZ,300354.SZ
300355,100,蒙草生态,2,3.319999933242798,"[823.8392944335938, 12643, 9609]",SZ,MARKET.SZ,300355.SZ
300357,100,我武生物,2,23.610000610351562,"[282.9272766113281, 12644, 9610]",SZ,MARKET.SZ,300357.SZ
300358,100,楚天科技,2,8.899999618530273,"[658.0104370117188, 12642, 9609]",SZ,MARKET.SZ,300358.SZ
300359,100,全通教育,2,4.309999942779541,"[518.800537109375, 12699, 9250]",SZ,MARKET.SZ,300359.SZ
300360,100,炬华科技,2,14.289999961853027,"[257.0680847167969, 12673, 9614]",SZ,MARKET.SZ,300360.SZ
300363,100,博腾股份,2,15.640000343322754,"[1418.9637451171875, 12679, 9616]",SZ,MARKET.SZ,300363.SZ
300364,100,中文在线,2,26.0,"[2055.61474609375, 12642, 9609]",SZ,MARKET.SZ,300364.SZ
300365,100,恒华科技,2,5.849999904632568,"[1166.9647216796875, 12652, 9601]",SZ,MARKET.SZ,300365.SZ
300366,100,ST创意,2,5.739999771118164,"[393.28582763671875, 12654, 9250]",SZ,MARKET.SZ,300366.SZ
300368,100,汇金股份,2,11.149999618530273,"[1063.11279296875, 12646, 9091]",SZ,MARKET.SZ,300368.SZ
300369,100,绿盟科技,2,6.929999828338623,"[919.4049682617188, 12654, 9609]",SZ,MARKET.SZ,300369.SZ
300370,100,安控科技,2,2.440000057220459,"[1097.7974853515625, 12644, 9491]",SZ,MARKET.SZ,300370.SZ
300371,100,汇中股份,2,12.510000228881836,"[145.7545166015625, 12699, 9610]",SZ,MARKET.SZ,300371.SZ
300373,100,扬杰科技,2,77.61000061035156,"[1072.7303466796875, 12679, 9616]",SZ,MARKET.SZ,300373.SZ
300374,100,中铁装配,2,12.5,"[145.7295379638672, 12693, 9582]",SZ,MARKET.SZ,300374.SZ
300375,100,鹏翎股份,2,4.769999980926514,"[1160.188720703125, 12699, 9615]",SZ,MARKET.SZ,300375.SZ
300376,100,易事特,2,5.400000095367432,"[1493.30615234375, 12654, 9319]",SZ,MARKET.SZ,300376.SZ
300377,100,赢时胜,2,16.299999237060547,"[1040.84326171875, 12639, 9607]",SZ,MARKET.SZ,300377.SZ
300378,100,鼎捷数智,2,40.16999816894531,"[613.06005859375, 12681, 9630]",SZ,MARKET.SZ,300378.SZ
300380,100,安硕信息,2,36.220001220703125,"[149.74905395507812, 12654, 9615]",SZ,MARKET.SZ,300380.SZ
300381,100,溢多利,2,6.989999771118164,"[479.45947265625, 12684, 9630]",SZ,MARKET.SZ,300381.SZ
300382,100,斯莱克,2,15.720000267028809,"[1376.927734375, 12654, 9615]",SZ,MARKET.SZ,300382.SZ
300383,100,光环新网,2,15.270000457763672,"[6868.66162109375, 12654, 9637]",SZ,MARKET.SZ,300383.SZ
300384,100,三联虹普,2,13.5,"[143.4186553955078, 12652, 9614]",SZ,MARKET.SZ,300384.SZ
300385,100,ST雪浪,2,14.149999618530273,"[467.4945983886719, 12699, 9597]",SZ,MARKET.SZ,300385.SZ
300386,100,飞天诚信,2,11.75,"[225.5604705810547, 12671, 9628]",SZ,MARKET.SZ,300386.SZ
300387,100,富邦科技,2,8.239999771118164,"[265.7182922363281, 12642, 9278]",SZ,MARKET.SZ,300387.SZ
300388,100,节能国祯,2,7.909999847412109,"[251.2566680908203, 12642, 9581]",SZ,MARKET.SZ,300388.SZ
300389,100,艾比森,2,15.180000305175781,"[375.16888427734375, 12652, 9586]",SZ,MARKET.SZ,300389.SZ
300390,100,天华新能,2,88.70999908447266,"[2667.70361328125, 12645, 9575]",SZ,MARKET.SZ,300390.SZ
300393,100,中来股份,2,10.210000038146973,"[1982.2293701171875, 12652, 9614]",SZ,MARKET.SZ,300393.SZ
300394,100,天孚通信,2,337.2099914550781,"[2166.938232421875, 12685, 9608]",SZ,MARKET.SZ,300394.SZ
300395,100,菲利华,2,128.39999389648438,"[1603.0250244140625, 12644, 9610]",SZ,MARKET.SZ,300395.SZ
300396,100,ST迪瑞,2,7.840000152587891,"[239.09324645996094, 12701, 9616]",SZ,MARKET.SZ,300396.SZ
300397,100,天和防务,2,14.0,"[1237.6971435546875, 12699, 9610]",SZ,MARKET.SZ,300397.SZ
300398,100,飞凯材料,2,36.7599983215332,"[2530.044677734375, 12687, 9440]",SZ,MARKET.SZ,300398.SZ
300399,100,天利科技,2,21.68000030517578,"[186.5762481689453, 12683, 9273]",SZ,MARKET.SZ,300399.SZ
300400,100,劲拓股份,2,29.899999618530273,"[573.379150390625, 12654, 9599]",SZ,MARKET.SZ,300400.SZ
300401,100,花园生物,2,12.890000343322754,"[435.4949035644531, 12696, 9636]",SZ,MARKET.SZ,300401.SZ
300402,100,宝色股份,2,16.889999389648438,"[162.08006286621094, 12671, 9371]",SZ,MARKET.SZ,300402.SZ
300403,100,汉宇集团,2,12.390000343322754,"[1034.20849609375, 12699, 9628]",SZ,MARKET.SZ,300403.SZ
300404,100,博济医药,2,10.470000267028809,"[483.5986022949219, 12646, 9611]",SZ,MARKET.SZ,300404.SZ
300405,100,科隆股份,2,6.869999885559082,"[360.5016174316406, 12654, 9615]",SZ,MARKET.SZ,300405.SZ
300406,100,九强生物,2,12.770000457763672,"[158.4681396484375, 12650, 9638]",SZ,MARKET.SZ,300406.SZ
300407,100,凯发电气,2,12.460000038146973,"[252.58135986328125, 12683, 9609]",SZ,MARKET.SZ,300407.SZ
300408,100,三环集团,2,98.47000122070312,"[1706.560546875, 12644, 9616]",SZ,MARKET.SZ,300408.SZ
300409,100,道氏技术,2,24.549999237060547,"[1018.8355712890625, 12626, 9601]",SZ,MARKET.SZ,300409.SZ
300410,100,正业科技,2,9.6899995803833,"[782.1039428710938, 12701, 9601]",SZ,MARKET.SZ,300410.SZ
300411,100,金盾股份,2,9.880000114440918,"[223.74867248535156, 12672, 9614]",SZ,MARKET.SZ,300411.SZ
300412,100,迦南科技,2,4.869999885559082,"[404.25567626953125, 12683, 9366]",SZ,MARKET.SZ,300412.SZ
300413,100,芒果超媒,2,18.420000076293945,"[610.4351806640625, 12675, 9320]",SZ,MARKET.SZ,300413.SZ
300414,100,中光防雷,2,12.59000015258789,"[283.7781066894531, 12642, 9596]",SZ,MARKET.SZ,300414.SZ
300415,100,伊之密,2,25.450000762939453,"[393.3217468261719, 12630, 9281]",SZ,MARKET.SZ,300415.SZ
300416,100,苏试试验,2,17.020000457763672,"[843.9027099609375, 12643, 9637]",SZ,MARKET.SZ,300416.SZ
300417,100,南华仪器,2,14.390000343322754,"[157.0535430908203, 12656, 9610]",SZ,MARKET.SZ,300417.SZ
300418,100,昆仑万维,2,46.349998474121094,"[2163.404296875, 12654, 9366]",SZ,MARKET.SZ,300418.SZ
300419,100,ST浩丰,2,6.710000038146973,"[321.1274108886719, 12652, 8642]",SZ,MARKET.SZ,300419.SZ
300420,100,五洋自控,2,4.420000076293945,"[3143.86181640625, 12652, 9614]",SZ,MARKET.SZ,300420.SZ
300421,100,力星股份,2,27.469999313354492,"[1136.0589599609375, 12655, 9615]",SZ,MARKET.SZ,300421.SZ
300422,100,博世科,2,5.590000152587891,"[754.2877197265625, 12644, 9610]",SZ,MARKET.SZ,300422.SZ
300423,100,昇辉科技,2,6.909999847412109,"[498.1363525390625, 12652, 9614]",SZ,MARKET.SZ,300423.SZ
300424,100,航新科技,2,20.600000381469727,"[830.0867309570312, 12653, 9614]",SZ,MARKET.SZ,300424.SZ
300425,100,中建环能,2,4.559999942779541,"[323.0582580566406, 12699, 9610]",SZ,MARKET.SZ,300425.SZ
300426,100,华智数媒,2,6.53000020980835,"[466.4032897949219, 12699, 9586]",SZ,MARKET.SZ,300426.SZ
300427,100,红相股份,2,9.529999732971191,"[1027.010986328125, 12679, 9614]",SZ,MARKET.SZ,300427.SZ
300428,100,立中集团,2,21.56999969482422,"[443.07098388671875, 12699, 9615]",SZ,MARKET.SZ,300428.SZ
300429,100,强力新材,2,15.039999961853027,"[2156.182861328125, 12683, 9630]",SZ,MARKET.SZ,300429.SZ
300430,100,*ST益通,2,5.840000152587891,"[1025.268798828125, 12656, 9616]",SZ,MARKET.SZ,300430.SZ
300432,100,富临精工,2,24.809999465942383,"[2496.55029296875, 12697, 9615]",SZ,MARKET.SZ,300432.SZ
300433,100,蓝思科技,2,36.5099983215332,"[10433.9931640625, 12628, 9594]",SZ,MARKET.SZ,300433.SZ
300434,100,金石亚药,2,10.710000038146973,"[438.0041809082031, 12644, 9610]",SZ,MARKET.SZ,300434.SZ
300435,100,中泰股份,2,20.360000610351562,"[503.2041015625, 12638, 9631]",SZ,MARKET.SZ,300435.SZ
300436,100,广生堂,2,130.0800018310547,"[408.7061462402344, 12655, 9615]",SZ,MARKET.SZ,300436.SZ
300437,100,清水源,2,13.59000015258789,"[436.3091125488281, 12681, 9569]",SZ,MARKET.SZ,300437.SZ
300438,100,鹏辉能源,2,84.81999969482422,"[1639.640380859375, 12679, 9615]",SZ,MARKET.SZ,300438.SZ
300439,100,美康生物,2,9.470000267028809,"[194.1289520263672, 12654, 9615]",SZ,MARKET.SZ,300439.SZ
300440,100,运达科技,2,17.799999237060547,"[580.2816162109375, 12650, 9629]",SZ,MARKET.SZ,300440.SZ
300441,100,鲍斯股份,2,6.559999942779541,"[206.62322998046875, 12652, 9638]",SZ,MARKET.SZ,300441.SZ
300442,100,润泽科技,2,91.58000183105469,"[3356.712158203125, 12687, 9631]",SZ,MARKET.SZ,300442.SZ
300443,100,金雷股份,2,26.209999084472656,"[395.2174377441406, 12645, 9623]",SZ,MARKET.SZ,300443.SZ
300444,100,双杰电气,2,14.539999961853027,"[2927.568603515625, 12644, 9624]",SZ,MARKET.SZ,300444.SZ
300445,100,康斯特,2,24.200000762939453,"[286.19915771484375, 12669, 9630]",SZ,MARKET.SZ,300445.SZ
300446,100,航天智造,2,17.6299991607666,"[351.4925537109375, 12652, 9586]",SZ,MARKET.SZ,300446.SZ
300447,100,全信股份,2,17.260000228881836,"[322.71453857421875, 12646, 9607]",SZ,MARKET.SZ,300447.SZ
300448,100,浩云科技,2,7.650000095367432,"[1212.85009765625, 12650, 9635]",SZ,MARKET.SZ,300448.SZ
300449,100,汉邦高科,2,8.510000228881836,"[2257.826416015625, 12652, 9614]",SZ,MARKET.SZ,300449.SZ
300450,100,先导智能,2,50.099998474121094,"[2293.912353515625, 12654, 9565]",SZ,MARKET.SZ,300450.SZ
300451,100,创业慧康,2,4.03000020980835,"[1198.23046875, 12654, 9236]",SZ,MARKET.SZ,300451.SZ
300452,100,山河药辅,2,12.800000190734863,"[186.58175659179688, 12642, 9609]",SZ,MARKET.SZ,300452.SZ
300453,100,三鑫医疗,2,9.739999771118164,"[426.2034912109375, 12650, 9637]",SZ,MARKET.SZ,300453.SZ
300454,100,深信服,2,112.5,"[534.108642578125, 12652, 9587]",SZ,MARKET.SZ,300454.SZ
300455,100,航天智装,2,24.56999969482422,"[487.5022888183594, 12644, 9281]",SZ,MARKET.SZ,300455.SZ
300456,100,赛微电子,2,46.209999084472656,"[2512.71630859375, 12642, 9607]",SZ,MARKET.SZ,300456.SZ
300457,100,赢合科技,2,27.6299991607666,"[820.373291015625, 12650, 9607]",SZ,MARKET.SZ,300457.SZ
300458,100,全志科技,2,35.810001373291016,"[1970.4610595703125, 12655, 9610]",SZ,MARKET.SZ,300458.SZ
300459,100,汤姆猫,2,4.050000190734863,"[4036.434814453125, 12655, 9615]",SZ,MARKET.SZ,300459.SZ
300460,100,ST惠伦,2,9.880000114440918,"[382.5719909667969, 12683, 8631]",SZ,MARKET.SZ,300460.SZ
300461,100,田中精机,2,50.43000030517578,"[605.107177734375, 12669, 9483]",SZ,MARKET.SZ,300461.SZ
300462,100,ST华铭,2,12.930000305175781,"[99.2287368774414, 12650, 9392]",SZ,MARKET.SZ,300462.SZ
300463,100,迈克生物,2,9.880000114440918,"[321.978759765625, 12655, 9615]",SZ,MARKET.SZ,300463.SZ
300464,100,星徽股份,2,9.380000114440918,"[1331.130859375, 12654, 9614]",SZ,MARKET.SZ,300464.SZ
300465,100,高伟达,2,14.069999694824219,"[532.97314453125, 12673, 9217]",SZ,MARKET.SZ,300465.SZ
300466,100,赛摩智能,2,8.9399995803833,"[482.751953125, 12642, 9370]",SZ,MARKET.SZ,300466.SZ
300467,100,迅游科技,2,37.95000076293945,"[284.04833984375, 12673, 9611]",SZ,MARKET.SZ,300467.SZ
300468,100,四方精创,2,26.469999313354492,"[725.7911376953125, 12654, 9616]",SZ,MARKET.SZ,300468.SZ
300469,100,信息发展,2,54.90999984741211,"[413.58843994140625, 12655, 9615]",SZ,MARKET.SZ,300469.SZ
300470,100,中密控股,2,33.209999084472656,"[98.60564422607422, 12642, 9601]",SZ,MARKET.SZ,300470.SZ
300471,100,厚普股份,2,10.720000267028809,"[397.6843566894531, 12642, 9586]",SZ,MARKET.SZ,300471.SZ
300472,100,*ST新元,2,9.069999694824219,"[284.92767333984375, 12650, 9613]",SZ,MARKET.SZ,300472.SZ
300473,100,德尔股份,2,35.380001068115234,"[479.7695617675781, 12655, 9615]",SZ,MARKET.SZ,300473.SZ
300474,100,景嘉微,2,62.29999923706055,"[532.4561767578125, 12701, 9610]",SZ,MARKET.SZ,300474.SZ
300475,100,香农芯创,2,177.75,"[1738.6107177734375, 12699, 9636]",SZ,MARKET.SZ,300475.SZ
300476,100,胜宏科技,2,331.3999938964844,"[1707.0767822265625, 12701, 9609]",SZ,MARKET.SZ,300476.SZ
300477,100,ST合纵,2,2.799999952316284,"[2477.725341796875, 12655, 9615]",SZ,MARKET.SZ,300477.SZ
300478,100,杭州高新,2,37.66999816894531,"[374.958984375, 12671, 9369]",SZ,MARKET.SZ,300478.SZ
300479,100,神思电子,2,16.100000381469727,"[238.644287109375, 12644, 9370]",SZ,MARKET.SZ,300479.SZ
300480,100,光力科技,2,37.04999923706055,"[1563.1883544921875, 12671, 9610]",SZ,MARKET.SZ,300480.SZ
300481,100,濮阳惠成,2,15.029999732971191,"[516.8958740234375, 12679, 9629]",SZ,MARKET.SZ,300481.SZ
300482,100,万孚生物,2,17.920000076293945,"[204.0631103515625, 12642, 9609]",SZ,MARKET.SZ,300482.SZ
300483,100,首华燃气,2,21.84000015258789,"[1247.34228515625, 12681, 9575]",SZ,MARKET.SZ,300483.SZ
300484,100,蓝海华腾,2,17.81999969482422,"[516.5551147460938, 12646, 9611]",SZ,MARKET.SZ,300484.SZ
300485,100,赛升药业,2,9.119999885559082,"[251.9741668701172, 12687, 9636]",SZ,MARKET.SZ,300485.SZ
300486,100,东杰智能,2,22.969999313354492,"[587.7797241210938, 12701, 9418]",SZ,MARKET.SZ,300486.SZ
300487,100,蓝晓科技,2,60.27000045776367,"[167.963623046875, 12642, 9609]",SZ,MARKET.SZ,300487.SZ
300488,100,恒锋工具,2,36.0099983215332,"[521.1234130859375, 12652, 9614]",SZ,MARKET.SZ,300488.SZ
300489,100,光智科技,2,128.91000366210938,"[468.5904235839844, 12681, 9588]",SZ,MARKET.SZ,300489.SZ
300490,100,华自科技,2,16.969999313354492,"[885.200927734375, 12701, 9609]",SZ,MARKET.SZ,300490.SZ
300491,100,通合科技,2,26.68000030517578,"[260.0504455566406, 12671, 9623]",SZ,MARKET.SZ,300491.SZ
300492,100,华图山鼎,2,45.099998474121094,"[83.54090118408203, 12654, 9484]",SZ,MARKET.SZ,300492.SZ
300493,100,润欣科技,2,16.5,"[846.333984375, 12685, 9512]",SZ,MARKET.SZ,300493.SZ
300494,100,盛天网络,2,10.0600004196167,"[344.53057861328125, 12644, 9371]",SZ,MARKET.SZ,300494.SZ
300496,100,中科创达,2,69.04000091552734,"[999.5939331054688, 12650, 9630]",SZ,MARKET.SZ,300496.SZ
300497,100,富祥股份,2,15.880000114440918,"[1376.912109375, 12652, 9614]",SZ,MARKET.SZ,300497.SZ
300498,100,温氏股份,2,14.279999732971191,"[2147.170166015625, 12641, 9608]",SZ,MARKET.SZ,300498.SZ
300499,100,高澜股份,2,43.13999938964844,"[1932.6700439453125, 12644, 9610]",SZ,MARKET.SZ,300499.SZ
300500,100,启迪设计,2,11.609999656677246,"[152.47891235351562, 12685, 9371]",SZ,MARKET.SZ,300500.SZ
300501,100,海顺新材,2,14.59000015258789,"[474.38427734375, 12651, 9608]",SZ,MARKET.SZ,300501.SZ
300502,100,新易盛,2,566.0,"[1368.7271728515625, 12699, 9636]",SZ,MARKET.SZ,300502.SZ
300503,100,昊志机电,2,86.97000122070312,"[1476.8271484375, 12638, 9636]",SZ,MARKET.SZ,300503.SZ
300504,100,天邑股份,2,17.3799991607666,"[360.8158264160156, 12671, 9613]",SZ,MARKET.SZ,300504.SZ
300505,100,川金诺,2,22.459999084472656,"[626.8744506835938, 12630, 9638]",SZ,MARKET.SZ,300505.SZ
300506,100,ST名家汇,2,5.099999904632568,"[517.5923461914062, 12680, 9596]",SZ,MARKET.SZ,300506.SZ
300507,100,苏奥传感,2,8.550000190734863,"[932.453857421875, 12642, 9604]",SZ,MARKET.SZ,300507.SZ
300508,100,维宏股份,2,47.13999938964844,"[305.8985900878906, 12640, 9631]",SZ,MARKET.SZ,300508.SZ
300509,100,新美星,2,10.550000190734863,"[477.39068603515625, 12673, 9287]",SZ,MARKET.SZ,300509.SZ
300510,100,金冠股份,2,3.9000000953674316,"[1092.7581787109375, 12687, 9243]",SZ,MARKET.SZ,300510.SZ
300511,100,雪榕生物,2,6.579999923706055,"[1074.561767578125, 12652, 9614]",SZ,MARKET.SZ,300511.SZ
300512,100,中亚股份,2,8.75,"[176.8014678955078, 12654, 9615]",SZ,MARKET.SZ,300512.SZ
300513,100,恒实科技,2,8.84000015258789,"[340.5321044921875, 12655, 9615]",SZ,MARKET.SZ,300513.SZ
300514,100,友讯达,2,11.829999923706055,"[138.58877563476562, 12687, 9607]",SZ,MARKET.SZ,300514.SZ
300515,100,三德科技,2,16.829999923706055,"[146.6890106201172, 12638, 9607]",SZ,MARKET.SZ,300515.SZ
300516,100,久之洋,2,36.959999084472656,"[177.1713409423828, 12699, 9623]",SZ,MARKET.SZ,300516.SZ
300517,100,海波重科,2,12.720000267028809,"[373.92950439453125, 12644, 9638]",SZ,MARKET.SZ,300517.SZ
300518,100,新迅达,2,31.90999984741211,"[556.8341674804688, 12652, 9614]",SZ,MARKET.SZ,300518.SZ
300519,100,新光药业,2,15.010000228881836,"[93.42583465576172, 12638, 9638]",SZ,MARKET.SZ,300519.SZ
300520,100,科大国创,2,34.0099983215332,"[544.1884765625, 12652, 9614]",SZ,MARKET.SZ,300520.SZ
300521,100,爱司凯,2,25.479999542236328,"[164.62083435058594, 12655, 9615]",SZ,MARKET.SZ,300521.SZ
300522,100,世名科技,2,12.800000190734863,"[257.9698181152344, 12651, 9608]",SZ,MARKET.SZ,300522.SZ
300523,100,辰安科技,2,23.34000015258789,"[431.3302917480469, 12683, 9372]",SZ,MARKET.SZ,300523.SZ
300525,100,博思软件,2,9.279999732971191,"[641.3921508789062, 12654, 9615]",SZ,MARKET.SZ,300525.SZ
300527,100,ST应急,2,7.820000171661377,"[291.33740234375, 12699, 9615]",SZ,MARKET.SZ,300527.SZ
300528,100,幸福蓝海,2,16.65999984741211,"[858.3543090820312, 12684, 7888]",SZ,MARKET.SZ,300528.SZ
300529,100,健帆生物,2,18.690000534057617,"[205.5625457763672, 12652, 9614]",SZ,MARKET.SZ,300529.SZ
300530,100,领湃科技,2,22.209999084472656,"[89.36620330810547, 12681, 9609]",SZ,MARKET.SZ,300530.SZ
300531,100,优博讯,2,18.530000686645508,"[638.5926513671875, 12652, 9614]",SZ,MARKET.SZ,300531.SZ
300532,100,今天国际,2,7.650000095367432,"[386.35784912109375, 12657, 9611]",SZ,MARKET.SZ,300532.SZ
300533,100,冰川网络,2,27.030000686645508,"[246.6062774658203, 12654, 9635]",SZ,MARKET.SZ,300533.SZ
300534,100,陇神戎发,2,8.420000076293945,"[188.31040954589844, 12701, 9631]",SZ,MARKET.SZ,300534.SZ
300535,100,达威股份,2,17.600000381469727,"[110.11602020263672, 12652, 9579]",SZ,MARKET.SZ,300535.SZ
300536,100,农尚环境,2,13.329999923706055,"[978.7489013671875, 12687, 9615]",SZ,MARKET.SZ,300536.SZ
300537,100,广信材料,2,28.34000015258789,"[1467.45703125, 12683, 9505]",SZ,MARKET.SZ,300537.SZ
300538,100,同益股份,2,16.850000381469727,"[470.8065490722656, 12687, 9614]",SZ,MARKET.SZ,300538.SZ
300539,100,横河精密,2,30.770000457763672,"[426.886962890625, 12654, 9628]",SZ,MARKET.SZ,300539.SZ
300540,100,蜀道装备,2,27.450000762939453,"[615.8131103515625, 12654, 9610]",SZ,MARKET.SZ,300540.SZ
300541,100,先进数通,2,12.039999961853027,"[457.6341857910156, 12696, 9636]",SZ,MARKET.SZ,300541.SZ
300542,100,新晨科技,2,15.029999732971191,"[154.3296356201172, 12654, 9611]",SZ,MARKET.SZ,300542.SZ
300543,100,朗科智能,2,9.180000305175781,"[230.60263061523438, 12671, 9610]",SZ,MARKET.SZ,300543.SZ
300545,100,联得装备,2,34.84000015258789,"[601.6397705078125, 12642, 9638]",SZ,MARKET.SZ,300545.SZ
300546,100,雄帝科技,2,19.68000030517578,"[212.78253173828125, 12640, 9608]",SZ,MARKET.SZ,300546.SZ
300547,100,川环科技,2,40.810001373291016,"[749.0867919921875, 12681, 9279]",SZ,MARKET.SZ,300547.SZ
300548,100,长芯博创,2,231.47000122070312,"[684.7476806640625, 12654, 9583]",SZ,MARKET.SZ,300548.SZ
300549,100,优德精密,2,17.399999618530273,"[125.50262451171875, 12669, 9635]",SZ,MARKET.SZ,300549.SZ
300550,100,和仁科技,2,13.380000114440918,"[351.3450622558594, 12626, 9601]",SZ,MARKET.SZ,300550.SZ
300551,100,古鳌科技,2,13.729999542236328,"[367.3249206542969, 12653, 9614]",SZ,MARKET.SZ,300551.SZ
300552,100,万集科技,2,29.93000030517578,"[395.608642578125, 12642, 9586]",SZ,MARKET.SZ,300552.SZ
300553,100,集智股份,2,60.849998474121094,"[232.66334533691406, 12700, 9638]",SZ,MARKET.SZ,300553.SZ
300554,100,三超新材,2,25.809999465942383,"[197.4861297607422, 12654, 9631]",SZ,MARKET.SZ,300554.SZ
300555,100,ST路通,2,13.720000267028809,"[87.63500213623047, 12699, 9615]",SZ,MARKET.SZ,300555.SZ
300556,100,丝路视觉,2,20.8700008392334,"[471.0374755859375, 12699, 9611]",SZ,MARKET.SZ,300556.SZ
300557,100,理工光科,2,37.790000915527344,"[246.20941162109375, 12673, 9603]",SZ,MARKET.SZ,300557.SZ
300558,100,贝达药业,2,49.68000030517578,"[445.8772277832031, 12642, 9609]",SZ,MARKET.SZ,300558.SZ
300559,100,佳发教育,2,12.460000038146973,"[693.090087890625, 12642, 9273]",SZ,MARKET.SZ,300559.SZ
300560,100,中富通,2,16.309999465942383,"[535.7860107421875, 12656, 9372]",SZ,MARKET.SZ,300560.SZ
300561,100,*ST汇科,2,17.989999771118164,"[239.22085571289062, 12688, 9371]",SZ,MARKET.SZ,300561.SZ
300562,100,乐心医疗,2,13.15999984741211,"[233.38233947753906, 12673, 9625]",SZ,MARKET.SZ,300562.SZ
300563,100,神宇股份,2,29.850000381469727,"[174.5988311767578, 12644, 9638]",SZ,MARKET.SZ,300563.SZ
300564,100,筑博设计,2,16.1200008392334,"[202.10064697265625, 12685, 9614]",SZ,MARKET.SZ,300564.SZ
300565,100,科信技术,2,14.170000076293945,"[1695.9827880859375, 12644, 9365]",SZ,MARKET.SZ,300565.SZ
300566,100,激智科技,2,21.90999984741211,"[714.4004516601562, 12654, 9615]",SZ,MARKET.SZ,300566.SZ
300567,100,精测电子,2,190.8300018310547,"[657.6998901367188, 12685, 9588]",SZ,MARKET.SZ,300567.SZ
300568,100,星源材质,2,17.75,"[4404.365234375, 12652, 9629]",SZ,MARKET.SZ,300568.SZ
300569,100,天能重工,2,5.639999866485596,"[1059.626953125, 12642, 9609]",SZ,MARKET.SZ,300569.SZ
300570,100,太辰光,2,148.52000427246094,"[1147.177490234375, 12644, 9586]",SZ,MARKET.SZ,300570.SZ
300571,100,平治信息,2,59.40999984741211,"[1178.6470947265625, 12655, 9615]",SZ,MARKET.SZ,300571.SZ
300572,100,安车检测,2,31.3700008392334,"[340.41680908203125, 12672, 9624]",SZ,MARKET.SZ,300572.SZ
300573,100,兴齐眼药,2,44.7599983215332,"[181.44532775878906, 12699, 9631]",SZ,MARKET.SZ,300573.SZ
300575,100,中旗股份,2,6.440000057220459,"[788.8680419921875, 12701, 9369]",SZ,MARKET.SZ,300575.SZ
300576,100,容大感光,2,42.459999084472656,"[1633.3448486328125, 12699, 9614]",SZ,MARKET.SZ,300576.SZ
300577,100,开润股份,2,19.100000381469727,"[80.21379852294922, 12699, 9509]",SZ,MARKET.SZ,300577.SZ
300578,100,会畅科技,2,19.770000457763672,"[345.760009765625, 12685, 9608]",SZ,MARKET.SZ,300578.SZ
300579,100,数字认证,2,25.06999969482422,"[141.22930908203125, 12644, 9586]",SZ,MARKET.SZ,300579.SZ
300580,100,贝斯特,2,27.25,"[574.3179931640625, 12642, 9533]",SZ,MARKET.SZ,300580.SZ
300581,100,晨曦航空,2,11.789999961853027,"[336.88677978515625, 12669, 9091]",SZ,MARKET.SZ,300581.SZ
300582,100,英飞特,2,16.5,"[1195.5880126953125, 12646, 9611]",SZ,MARKET.SZ,300582.SZ
300583,100,赛托生物,2,14.0600004196167,"[156.42100524902344, 12652, 9391]",SZ,MARKET.SZ,300583.SZ
300584,100,海辰药业,2,36.599998474121094,"[100.5920639038086, 12671, 9611]",SZ,MARKET.SZ,300584.SZ
300585,100,奥联电子,2,22.139999389648438,"[398.600830078125, 12685, 9091]",SZ,MARKET.SZ,300585.SZ
300586,100,美联新材,2,11.279999732971191,"[1242.233642578125, 12699, 9586]",SZ,MARKET.SZ,300586.SZ
300587,100,天铁科技,2,5.659999847412109,"[1166.5205078125, 12652, 9614]",SZ,MARKET.SZ,300587.SZ
300588,100,熙菱信息,2,20.34000015258789,"[159.21282958984375, 12671, 9243]",SZ,MARKET.SZ,300588.SZ
300589,100,江龙船艇,2,14.300000190734863,"[589.727294921875, 12644, 9610]",SZ,MARKET.SZ,300589.SZ
300590,100,移为通信,2,15.109999656677246,"[944.1300048828125, 12671, 9635]",SZ,MARKET.SZ,300590.SZ
300591,100,万里马,2,7.909999847412109,"[750.5220947265625, 12646, 9611]",SZ,MARKET.SZ,300591.SZ
300592,100,华凯易佰,2,12.739999771118164,"[536.8925170898438, 12646, 9611]",SZ,MARKET.SZ,300592.SZ
300593,100,新雷能,2,29.809999465942383,"[1536.71728515625, 12687, 9607]",SZ,MARKET.SZ,300593.SZ
300594,100,ST朗进,2,17.93000030517578,"[120.64666748046875, 12672, 9615]",SZ,MARKET.SZ,300594.SZ
300595,100,欧普康视,2,12.640000343322754,"[318.7486572265625, 12685, 9629]",SZ,MARKET.SZ,300595.SZ
300596,100,利安隆,2,43.06999969482422,"[287.23089599609375, 12652, 9614]",SZ,MARKET.SZ,300596.SZ
300597,100,吉大通信,2,9.619999885559082,"[336.33575439453125, 12683, 9315]",SZ,MARKET.SZ,300597.SZ
300598,100,诚迈科技,2,36.93000030517578,"[279.08209228515625, 12671, 9091]",SZ,MARKET.SZ,300598.SZ
300599,100,雄塑科技,2,12.239999771118164,"[662.1057739257812, 12647, 9636]",SZ,MARKET.SZ,300599.SZ
300600,100,国瑞科技,2,11.5,"[180.1165008544922, 12684, 9368]",SZ,MARKET.SZ,300600.SZ
300601,100,康泰生物,2,13.4399995803833,"[584.56005859375, 12640, 9608]",SZ,MARKET.SZ,300601.SZ
300602,100,飞荣达,2,38.45000076293945,"[1507.142333984375, 12679, 9637]",SZ,MARKET.SZ,300602.SZ
300603,100,立昂技术,2,10.920000076293945,"[2402.963134765625, 12693, 9609]",SZ,MARKET.SZ,300603.SZ
300604,100,长川科技,2,234.77000427246094,"[1601.0804443359375, 12647, 9611]",SZ,MARKET.SZ,300604.SZ
300605,100,恒锋信息,2,12.039999961853027,"[242.4535369873047, 12671, 9624]",SZ,MARKET.SZ,300605.SZ
300606,100,金太阳,2,37.13999938964844,"[717.208984375, 12654, 9370]",SZ,MARKET.SZ,300606.SZ
300607,100,拓斯达,2,33.7400016784668,"[1764.58984375, 12642, 9586]",SZ,MARKET.SZ,300607.SZ
300608,100,思特奇,2,15.40999984741211,"[2672.34228515625, 12652, 9601]",SZ,MARKET.SZ,300608.SZ
300609,100,汇纳科技,2,37.380001068115234,"[156.83383178710938, 12651, 9611]",SZ,MARKET.SZ,300609.SZ
300610,100,晨化股份,2,11.600000381469727,"[295.1871643066406, 12697, 9636]",SZ,MARKET.SZ,300610.SZ
300611,100,美力科技,2,27.84000015258789,"[396.65032958984375, 12701, 9259]",SZ,MARKET.SZ,300611.SZ
300612,100,宣亚国际,2,14.020000457763672,"[286.5538330078125, 12652, 9370]",SZ,MARKET.SZ,300612.SZ
300613,100,富瀚微,2,60.720001220703125,"[917.6272583007812, 12685, 9589]",SZ,MARKET.SZ,300613.SZ
300614,100,百川畅银,2,12.579999923706055,"[130.34934997558594, 12654, 9615]",SZ,MARKET.SZ,300614.SZ
300615,100,欣天科技,2,13.869999885559082,"[435.557373046875, 12698, 9637]",SZ,MARKET.SZ,300615.SZ
300616,100,尚品宅配,2,16.93000030517578,"[655.1744384765625, 12654, 9638]",SZ,MARKET.SZ,300616.SZ
300617,100,安靠智电,2,59.13999938964844,"[441.1251525878906, 12654, 9516]",SZ,MARKET.SZ,300617.SZ
300618,100,寒锐钴业,2,41.61000061035156,"[329.4484558105469, 12673, 9602]",SZ,MARKET.SZ,300618.SZ
300619,100,金银河,2,44.349998474121094,"[340.8218994140625, 12645, 9610]",SZ,MARKET.SZ,300619.SZ
300620,100,光库科技,2,249.89999389648438,"[700.1541137695312, 12642, 9616]",SZ,MARKET.SZ,300620.SZ
300621,100,维业股份,2,8.239999771118164,"[179.67906188964844, 12644, 9601]",SZ,MARKET.SZ,300621.SZ
300622,100,博士眼镜,2,25.360000610351562,"[653.0313720703125, 12652, 9614]",SZ,MARKET.SZ,300622.SZ
300623,100,捷捷微电,2,32.54999923706055,"[1816.8214111328125, 12699, 9602]",SZ,MARKET.SZ,300623.SZ
300624,100,万兴科技,2,63.75,"[415.1882019042969, 12652, 9249]",SZ,MARKET.SZ,300624.SZ
300625,100,三雄极光,2,11.899999618530273,"[147.45945739746094, 12646, 9611]",SZ,MARKET.SZ,300625.SZ
300626,100,华瑞股份,2,29.18000030517578,"[422.9955139160156, 12681, 9615]",SZ,MARKET.SZ,300626.SZ
300627,100,华测导航,2,29.6200008392334,"[488.4549255371094, 12679, 9629]",SZ,MARKET.SZ,300627.SZ
300628,100,亿联网络,2,37.380001068115234,"[388.1029357910156, 12669, 9608]",SZ,MARKET.SZ,300628.SZ
300629,100,新劲刚,2,25.549999237060547,"[631.0700073242188, 12681, 9614]",SZ,MARKET.SZ,300629.SZ
300631,100,久吾高科,2,26.6200008392334,"[172.75416564941406, 12686, 9631]",SZ,MARKET.SZ,300631.SZ
300632,100,光莆股份,2,35.65999984741211,"[2795.369384765625, 12651, 9610]",SZ,MARKET.SZ,300632.SZ
300633,100,开立医疗,2,22.520000457763672,"[162.76023864746094, 12654, 9573]",SZ,MARKET.SZ,300633.SZ
300634,100,彩讯股份,2,27.1200008392334,"[1555.5252685546875, 12699, 9575]",SZ,MARKET.SZ,300634.SZ
300635,100,中达安,2,14.369999885559082,"[176.57083129882812, 12654, 9615]",SZ,MARKET.SZ,300635.SZ
300636,100,同和药业,2,7.050000190734863,"[243.6669158935547, 12654, 9372]",SZ,MARKET.SZ,300636.SZ
300637,100,扬帆新材,2,10.8100004196167,"[631.7549438476562, 12669, 9615]",SZ,MARKET.SZ,300637.SZ
300638,100,广和通,2,23.360000610351562,"[992.91748046875, 12644, 9586]",SZ,MARKET.SZ,300638.SZ
300639,100,凯普生物,2,6.179999828338623,"[1107.00048828125, 12681, 9091]",SZ,MARKET.SZ,300639.SZ
300640,100,德艺文创,2,7.360000133514404,"[509.4991760253906, 12683, 9371]",SZ,MARKET.SZ,300640.SZ
300641,100,正丹股份,2,15.359999656677246,"[350.93829345703125, 12652, 9505]",SZ,MARKET.SZ,300641.SZ
300642,100,透景生命,2,15.100000381469727,"[92.18253326416016, 12646, 9636]",SZ,MARKET.SZ,300642.SZ
300643,100,万通智控,2,18.1299991607666,"[201.15118408203125, 12673, 9614]",SZ,MARKET.SZ,300643.SZ
300644,100,南京聚隆,2,27.079999923706055,"[123.0927505493164, 12681, 9623]",SZ,MARKET.SZ,300644.SZ
300645,100,正元智慧,2,15.0600004196167,"[160.33798217773438, 12654, 9615]",SZ,MARKET.SZ,300645.SZ
300647,100,超频三,2,6.670000076293945,"[593.0215454101562, 12683, 9250]",SZ,MARKET.SZ,300647.SZ
300648,100,星云股份,2,52.0,"[186.80018615722656, 12650, 9421]",SZ,MARKET.SZ,300648.SZ
300649,100,杭州园林,2,20.889999389648438,"[389.6736145019531, 12671, 9611]",SZ,MARKET.SZ,300649.SZ
300650,100,太龙股份,2,15.479999542236328,"[329.0633239746094, 12652, 9572]",SZ,MARKET.SZ,300650.SZ
300651,100,金陵体育,2,25.049999237060547,"[853.48388671875, 12697, 9614]",SZ,MARKET.SZ,300651.SZ
300652,100,雷迪克,2,47.470001220703125,"[255.29466247558594, 12654, 9372]",SZ,MARKET.SZ,300652.SZ
300653,100,正海生物,2,16.559999465942383,"[70.03202819824219, 12632, 9637]",SZ,MARKET.SZ,300653.SZ
300654,100,世纪天鸿,2,10.300000190734863,"[560.0072021484375, 12701, 9636]",SZ,MARKET.SZ,300654.SZ
300655,100,晶瑞电材,2,16.760000228881836,"[4048.521240234375, 12652, 9614]",SZ,MARKET.SZ,300655.SZ
300656,100,民德电子,2,31.799999237060547,"[358.874755859375, 12654, 9371]",SZ,MARKET.SZ,300656.SZ
300657,100,弘信电子,2,48.97999954223633,"[4002.3984375, 12654, 9615]",SZ,MARKET.SZ,300657.SZ
300658,100,延江股份,2,12.479999542236328,"[1140.24609375, 12697, 9609]",SZ,MARKET.SZ,300658.SZ
300659,100,中孚信息,2,12.069999694824219,"[242.07464599609375, 12644, 9586]",SZ,MARKET.SZ,300659.SZ
300660,100,江苏雷利,2,47.58000183105469,"[692.7083740234375, 12695, 9615]",SZ,MARKET.SZ,300660.SZ
300661,100,圣邦股份,2,109.62000274658203,"[1279.4139404296875, 12651, 9613]",SZ,MARKET.SZ,300661.SZ
300662,100,科锐国际,2,22.889999389648438,"[188.16586303710938, 12683, 9613]",SZ,MARKET.SZ,300662.SZ
300663,100,科蓝软件,2,8.25,"[1149.03369140625, 12650, 9613]",SZ,MARKET.SZ,300663.SZ
300664,100,鹏鹞环保,2,5.110000133514404,"[611.6842041015625, 12683, 9637]",SZ,MARKET.SZ,300664.SZ
300665,100,飞鹿股份,2,9.329999923706055,"[716.06591796875, 12695, 9632]",SZ,MARKET.SZ,300665.SZ
300666,100,江丰电子,2,190.63999938964844,"[821.06103515625, 12685, 9631]",SZ,MARKET.SZ,300666.SZ
300667,100,必创科技,2,18.600000381469727,"[698.5004272460938, 12683, 9608]",SZ,MARKET.SZ,300667.SZ
300668,100,杰恩股份,2,59.290000915527344,"[165.11166381835938, 12693, 9607]",SZ,MARKET.SZ,300668.SZ
300669,100,沪宁股份,2,34.08000183105469,"[142.4304962158203, 12652, 9638]",SZ,MARKET.SZ,300669.SZ
300670,100,大烨智能,2,6.610000133514404,"[352.4029235839844, 12695, 9246]",SZ,MARKET.SZ,300670.SZ
300671,100,富满微,2,49.70000076293945,"[679.1416625976562, 12650, 9604]",SZ,MARKET.SZ,300671.SZ
300672,100,国科微,2,259.9200134277344,"[527.84814453125, 12654, 9615]",SZ,MARKET.SZ,300672.SZ
300673,100,佩蒂股份,2,14.699999809265137,"[130.46656799316406, 12642, 9579]",SZ,MARKET.SZ,300673.SZ
300674,100,宇信科技,2,18.209999084472656,"[436.6764221191406, 12685, 9630]",SZ,MARKET.SZ,300674.SZ
300675,100,建科院,2,15.319999694824219,"[118.4908218383789, 12681, 9315]",SZ,MARKET.SZ,300675.SZ
300676,100,华大基因,2,38.900001525878906,"[280.9819030761719, 12646, 9611]",SZ,MARKET.SZ,300676.SZ
300677,100,英科医疗,2,47.70000076293945,"[521.5220947265625, 12644, 9610]",SZ,MARKET.SZ,300677.SZ
300678,100,中科信息,2,27.780000686645508,"[271.13055419921875, 12644, 9586]",SZ,MARKET.SZ,300678.SZ
300679,100,电连技术,2,50.95000076293945,"[1193.088134765625, 12671, 9610]",SZ,MARKET.SZ,300679.SZ
300680,100,隆盛科技,2,43.16999816894531,"[482.45257568359375, 12684, 9442]",SZ,MARKET.SZ,300680.SZ
300681,100,英搏尔,2,33.25,"[601.7710571289062, 12695, 9601]",SZ,MARKET.SZ,300681.SZ
300682,100,朗新科技,2,14.09000015258789,"[1037.8299560546875, 12681, 9585]",SZ,MARKET.SZ,300682.SZ
300683,100,海特生物,2,32.630001068115234,"[278.62200927734375, 12683, 9610]",SZ,MARKET.SZ,300683.SZ
300684,100,中石科技,2,60.790000915527344,"[629.6023559570312, 12654, 9615]",SZ,MARKET.SZ,300684.SZ
300685,100,艾德生物,2,19.1200008392334,"[258.15045166015625, 12654, 9625]",SZ,MARKET.SZ,300685.SZ
300686,100,智动力,2,17.479999542236328,"[585.89599609375, 12701, 9615]",SZ,MARKET.SZ,300686.SZ
300687,100,赛意信息,2,31.399999618530273,"[1854.0982666015625, 12654, 9615]",SZ,MARKET.SZ,300687.SZ
300688,100,创业黑马,2,24.84000015258789,"[225.77049255371094, 12644, 9594]",SZ,MARKET.SZ,300688.SZ
300689,100,澄天伟业,2,55.79999923706055,"[143.3945770263672, 12644, 9610]",SZ,MARKET.SZ,300689.SZ
300690,100,双一科技,2,26.459999084472656,"[203.002197265625, 12693, 9607]",SZ,MARKET.SZ,300690.SZ
300691,100,联合光电,2,17.899999618530273,"[733.177490234375, 12642, 9609]",SZ,MARKET.SZ,300691.SZ
300692,100,中赋科技,2,8.550000190734863,"[683.7626342773438, 12650, 9613]",SZ,MARKET.SZ,300692.SZ
300693,100,盛弘股份,2,57.38999938964844,"[965.0453491210938, 12693, 9629]",SZ,MARKET.SZ,300693.SZ
300694,100,蠡湖股份,2,11.539999961853027,"[195.69500732421875, 12640, 9604]",SZ,MARKET.SZ,300694.SZ
300695,100,兆丰股份,2,70.43000030517578,"[165.22003173828125, 12644, 9371]",SZ,MARKET.SZ,300695.SZ
300696,100,爱乐达,2,35.09000015258789,"[341.1206359863281, 12646, 9611]",SZ,MARKET.SZ,300696.SZ
300697,100,电工合金,2,16.350000381469727,"[362.11065673828125, 12642, 9366]",SZ,MARKET.SZ,300697.SZ
300698,100,万马科技,2,40.18000030517578,"[260.82373046875, 12640, 9236]",SZ,MARKET.SZ,300698.SZ
300699,100,光威复材,2,33.279998779296875,"[904.1957397460938, 12699, 9586]",SZ,MARKET.SZ,300699.SZ
300700,100,岱勒新材,2,19.06999969482422,"[519.3601684570312, 12651, 9433]",SZ,MARKET.SZ,300700.SZ
300701,100,森霸传感,2,12.09000015258789,"[331.78094482421875, 12654, 9637]",SZ,MARKET.SZ,300701.SZ
300702,100,天宇股份,2,19.149999618530273,"[112.87057495117188, 12644, 9610]",SZ,MARKET.SZ,300702.SZ
300703,100,创源股份,2,16.5,"[233.6729736328125, 12630, 9635]",SZ,MARKET.SZ,300703.SZ
300705,100,九典制药,2,11.680000305175781,"[208.28311157226562, 12646, 9638]",SZ,MARKET.SZ,300705.SZ
300706,100,阿石创,2,49.97999954223633,"[824.5860595703125, 12701, 9614]",SZ,MARKET.SZ,300706.SZ
300707,100,威唐工业,2,14.050000190734863,"[197.62026977539062, 12644, 9610]",SZ,MARKET.SZ,300707.SZ
300708,100,聚灿光电,2,9.390000343322754,"[2164.5712890625, 12671, 9601]",SZ,MARKET.SZ,300708.SZ
300709,100,精研科技,2,47.630001068115234,"[567.4008178710938, 12650, 9613]",SZ,MARKET.SZ,300709.SZ
300710,100,万隆光电,2,36.75,"[301.4137878417969, 12640, 9608]",SZ,MARKET.SZ,300710.SZ
300711,100,广哈通信,2,19.889999389648438,"[167.01809692382812, 12654, 9637]",SZ,MARKET.SZ,300711.SZ
300712,100,永福股份,2,23.6299991607666,"[127.72449493408203, 12652, 9614]",SZ,MARKET.SZ,300712.SZ
300713,100,英可瑞,2,17.40999984741211,"[142.01036071777344, 12671, 9614]",SZ,MARKET.SZ,300713.SZ
300715,100,凯伦股份,2,20.65999984741211,"[1736.6680908203125, 12654, 9610]",SZ,MARKET.SZ,300715.SZ
300716,100,*ST泉为,2,14.819999694824219,"[167.2232208251953, 12657, 7619]",SZ,MARKET.SZ,300716.SZ
300717,100,华信新材,2,20.209999084472656,"[80.85416412353516, 12646, 9631]",SZ,MARKET.SZ,300717.SZ
300718,100,长盛轴承,2,78.55999755859375,"[489.4803466796875, 12652, 9614]",SZ,MARKET.SZ,300718.SZ
300719,100,安达维尔,2,13.760000228881836,"[173.4387969970703, 12654, 9615]",SZ,MARKET.SZ,300719.SZ
300720,100,海川智能,2,67.55999755859375,"[490.8210754394531, 12654, 9615]",SZ,MARKET.SZ,300720.SZ
300721,100,怡达股份,2,31.440000534057617,"[1650.7806396484375, 12652, 9614]",SZ,MARKET.SZ,300721.SZ
300722,100,新余国科,2,25.469999313354492,"[112.67280578613281, 12701, 9274]",SZ,MARKET.SZ,300722.SZ
300723,100,一品红,2,39.79999923706055,"[572.294189453125, 12671, 9610]",SZ,MARKET.SZ,300723.SZ
300724,100,捷佳伟创,2,86.75,"[655.7236938476562, 12681, 9613]",SZ,MARKET.SZ,300724.SZ
300725,100,药石科技,2,37.630001068115234,"[326.9805603027344, 12671, 9608]",SZ,MARKET.SZ,300725.SZ
300726,100,宏达电子,2,56.900001525878906,"[694.7888793945312, 12644, 9610]",SZ,MARKET.SZ,300726.SZ
300727,100,润禾材料,2,34.52000045776367,"[262.75372314453125, 12652, 9610]",SZ,MARKET.SZ,300727.SZ
300729,100,乐歌股份,2,12.029999732971191,"[162.9448699951172, 12657, 9638]",SZ,MARKET.SZ,300729.SZ
300730,100,科创信息,2,15.670000076293945,"[1212.6214599609375, 12685, 9611]",SZ,MARKET.SZ,300730.SZ
300731,100,科创新源,2,85.69999694824219,"[368.4114990234375, 12654, 9562]",SZ,MARKET.SZ,300731.SZ
300732,100,设研院,2,7.199999809265137,"[324.90216064453125, 12683, 9414]",SZ,MARKET.SZ,300732.SZ
300733,100,西菱动力,2,19.729999542236328,"[481.8547058105469, 12642, 9609]",SZ,MARKET.SZ,300733.SZ
300735,100,光弘科技,2,20.290000915527344,"[512.2352294921875, 12684, 9630]",SZ,MARKET.SZ,300735.SZ
300736,100,百邦科技,2,37.790000915527344,"[576.8850708007812, 12646, 9611]",SZ,MARKET.SZ,300736.SZ
300737,100,科顺股份,2,7.550000190734863,"[1736.5235595703125, 12694, 9635]",SZ,MARKET.SZ,300737.SZ
300738,100,奥飞数据,2,24.469999313354492,"[4640.59423828125, 12654, 9614]",SZ,MARKET.SZ,300738.SZ
300739,100,明阳电路,2,30.780000686645508,"[1000.5565185546875, 12646, 9487]",SZ,MARKET.SZ,300739.SZ
300740,100,水羊股份,2,25.479999542236328,"[512.438232421875, 12671, 9610]",SZ,MARKET.SZ,300740.SZ
300741,100,华宝股份,2,14.90999984741211,"[89.95271301269531, 12654, 9630]",SZ,MARKET.SZ,300741.SZ
300743,100,天地数码,2,18.600000381469727,"[113.94651794433594, 12700, 9638]",SZ,MARKET.SZ,300743.SZ
300745,100,欣锐科技,2,48.220001220703125,"[502.4317932128906, 12654, 9562]",SZ,MARKET.SZ,300745.SZ
300746,100,汉嘉数智,2,13.199999809265137,"[308.2861022949219, 12652, 9614]",SZ,MARKET.SZ,300746.SZ
300747,100,锐科激光,2,37.810001373291016,"[1504.76318359375, 12701, 9566]",SZ,MARKET.SZ,300747.SZ
300748,100,金力永磁,2,33.060001373291016,"[1866.71533203125, 12654, 9616]",SZ,MARKET.SZ,300748.SZ
300749,100,顶固集创,2,23.389999389648438,"[379.4800109863281, 12673, 9371]",SZ,MARKET.SZ,300749.SZ
300750,100,宁德时代,2,411.6300048828125,"[1218.9759521484375, 12658, 9617]",SZ,MARKET.SZ,300750.SZ
300751,100,迈为股份,2,276.8500061035156,"[526.9474487304688, 12674, 9638]",SZ,MARKET.SZ,300751.SZ
300752,100,隆利科技,2,18.959999084472656,"[222.04962158203125, 12687, 9630]",SZ,MARKET.SZ,300752.SZ
300753,100,爱朋医疗,2,24.6200008392334,"[275.142578125, 12646, 9611]",SZ,MARKET.SZ,300753.SZ
300755,100,华致酒行,2,16.6200008392334,"[654.0956420898438, 12681, 9615]",SZ,MARKET.SZ,300755.SZ
300756,100,金马游乐,2,46.91999816894531,"[126.37764739990234, 12644, 9638]",SZ,MARKET.SZ,300756.SZ
300757,100,罗博特科,2,524.0,"[323.23388671875, 12700, 9638]",SZ,MARKET.SZ,300757.SZ
300758,100,七彩化学,2,14.5,"[1186.274169921875, 12701, 9635]",SZ,MARKET.SZ,300758.SZ
300759,100,康龙化成,2,26.68000030517578,"[1005.9933471679688, 12654, 9524]",SZ,MARKET.SZ,300759.SZ
300760,100,迈瑞医疗,2,158.25999450683594,"[383.2865905761719, 12654, 9637]",SZ,MARKET.SZ,300760.SZ
300761,100,立华股份,2,20.559999465942383,"[482.5426025390625, 12671, 9636]",SZ,MARKET.SZ,300761.SZ
300762,100,上海瀚讯,2,39.599998474121094,"[1313.61865234375, 12652, 9091]",SZ,MARKET.SZ,300762.SZ
300763,100,锦浪科技,2,108.22000122070312,"[835.2030639648438, 12700, 9638]",SZ,MARKET.SZ,300763.SZ
300765,100,新诺威,2,28.719999313354492,"[393.80120849609375, 12697, 9449]",SZ,MARKET.SZ,300765.SZ
300766,100,每日互动,2,26.790000915527344,"[916.1868896484375, 12654, 9615]",SZ,MARKET.SZ,300766.SZ
300767,100,震安科技,2,20.829999923706055,"[399.7652893066406, 12642, 9583]",SZ,MARKET.SZ,300767.SZ
300768,100,迪普科技,2,16.899999618530273,"[229.50917053222656, 12624, 9280]",SZ,MARKET.SZ,300768.SZ
300769,100,德方纳米,2,74.0,"[1319.9976806640625, 12654, 9615]",SZ,MARKET.SZ,300769.SZ
300770,100,新媒股份,2,36.459999084472656,"[92.38629150390625, 12701, 9631]",SZ,MARKET.SZ,300770.SZ
300771,100,智莱科技,2,12.960000038146973,"[216.8607635498047, 12654, 9629]",SZ,MARKET.SZ,300771.SZ
300772,100,运达股份,2,15.920000076293945,"[895.0900268554688, 12646, 9579]",SZ,MARKET.SZ,300772.SZ
300773,100,拉卡拉,2,26.06999969482422,"[1494.5731201171875, 12630, 9603]",SZ,MARKET.SZ,300773.SZ
300774,100,倍杰特,2,13.579999923706055,"[621.616943359375, 12654, 9572]",SZ,MARKET.SZ,300774.SZ
300775,100,三角防务,2,27.549999237060547,"[728.334716796875, 12679, 9614]",SZ,MARKET.SZ,300775.SZ
300776,100,帝尔激光,2,147.3000030517578,"[730.4725952148438, 12652, 9589]",SZ,MARKET.SZ,300776.SZ
300777,100,中简科技,2,38.0,"[709.51318359375, 12699, 9601]",SZ,MARKET.SZ,300777.SZ
300778,100,新城市,2,13.069999694824219,"[360.9945373535156, 12654, 9615]",SZ,MARKET.SZ,300778.SZ
300779,100,惠城环保,2,66.11000061035156,"[206.23231506347656, 12655, 9609]",SZ,MARKET.SZ,300779.SZ
300780,100,德恩精工,2,32.189998626708984,"[437.7843017578125, 12699, 9610]",SZ,MARKET.SZ,300780.SZ
300781,100,因赛集团,2,33.540000915527344,"[238.6007537841797, 12655, 9615]",SZ,MARKET.SZ,300781.SZ
300782,100,卓胜微,2,121.02999877929688,"[1444.4849853515625, 12675, 9611]",SZ,MARKET.SZ,300782.SZ
300783,100,三只松鼠,2,19.510000228881836,"[537.446533203125, 12655, 9615]",SZ,MARKET.SZ,300783.SZ
300784,100,利安科技,2,51.529998779296875,"[51.167625427246094, 12644, 9635]",SZ,MARKET.SZ,300784.SZ
300785,100,值得买,2,50.869998931884766,"[595.8895874023438, 12657, 9637]",SZ,MARKET.SZ,300785.SZ
300786,100,国林科技,2,19.280000686645508,"[821.0098266601562, 12683, 9613]",SZ,MARKET.SZ,300786.SZ
300787,100,海能实业,2,10.5,"[193.14146423339844, 12679, 9635]",SZ,MARKET.SZ,300787.SZ
300788,100,中信出版,2,29.059999465942383,"[235.4883270263672, 12652, 9488]",SZ,MARKET.SZ,300788.SZ
300789,100,唐源电气,2,22.510000228881836,"[80.5019302368164, 12654, 9615]",SZ,MARKET.SZ,300789.SZ
300790,100,宇瞳光学,2,34.349998474121094,"[1192.800537109375, 12652, 9614]",SZ,MARKET.SZ,300790.SZ
300791,100,仙乐健康,2,18.59000015258789,"[83.5066909790039, 12681, 9628]",SZ,MARKET.SZ,300791.SZ
300792,100,壹网壹创,2,35.93000030517578,"[445.6937255859375, 12650, 9614]",SZ,MARKET.SZ,300792.SZ
300793,100,佳禾智能,2,14.449999809265137,"[364.8214111328125, 12693, 9635]",SZ,MARKET.SZ,300793.SZ
300795,100,米奥会展,2,10.010000228881836,"[135.45452880859375, 12650, 9609]",SZ,MARKET.SZ,300795.SZ
300796,100,贝斯美,2,7.760000228881836,"[253.4326934814453, 12640, 9091]",SZ,MARKET.SZ,300796.SZ
300797,100,钢研纳克,2,15.029999732971191,"[142.64981079101562, 12650, 9488]",SZ,MARKET.SZ,300797.SZ
300798,100,锦鸡股份,2,8.699999809265137,"[1209.2564697265625, 12694, 9635]",SZ,MARKET.SZ,300798.SZ
300800,100,力合科技,2,12.0,"[144.43202209472656, 12642, 9636]",SZ,MARKET.SZ,300800.SZ
300801,100,泰和科技,2,28.56999969482422,"[371.8967590332031, 12695, 9629]",SZ,MARKET.SZ,300801.SZ
300802,100,矩子科技,2,22.049999237060547,"[491.2479248046875, 12646, 9611]",SZ,MARKET.SZ,300802.SZ
300803,100,指南针,2,101.7300033569336,"[989.6111450195312, 12646, 9555]",SZ,MARKET.SZ,300803.SZ
300804,100,广康生化,2,43.29999923706055,"[129.6097869873047, 12644, 9091]",SZ,MARKET.SZ,300804.SZ
300805,100,电声股份,2,9.279999732971191,"[313.4998474121094, 12653, 9614]",SZ,MARKET.SZ,300805.SZ
300806,100,斯迪克,2,82.98999786376953,"[968.2598876953125, 12650, 9613]",SZ,MARKET.SZ,300806.SZ
300807,100,天迈科技,2,47.5,"[93.46958923339844, 12652, 9599]",SZ,MARKET.SZ,300807.SZ
300808,100,久量股份,2,26.510000228881836,"[116.84166717529297, 12699, 9370]",SZ,MARKET.SZ,300808.SZ
300809,100,华辰装备,2,39.400001525878906,"[688.2537841796875, 12673, 9611]",SZ,MARKET.SZ,300809.SZ
300810,100,中科海讯,2,30.6299991607666,"[92.22342681884766, 12671, 9603]",SZ,MARKET.SZ,300810.SZ
300811,100,铂科新材,2,104.41000366210938,"[410.5565185546875, 12642, 9636]",SZ,MARKET.SZ,300811.SZ
300812,100,易天股份,2,39.45000076293945,"[573.3948974609375, 12652, 9614]",SZ,MARKET.SZ,300812.SZ
300813,100,泰林生物,2,23.3799991607666,"[83.07164764404297, 12656, 9611]",SZ,MARKET.SZ,300813.SZ
300814,100,中富电路,2,127.23999786376953,"[346.7918701171875, 12683, 9372]",SZ,MARKET.SZ,300814.SZ
300815,100,玉禾田,2,22.420000076293945,"[312.87054443359375, 12654, 9615]",SZ,MARKET.SZ,300815.SZ
300816,100,艾可蓝,2,88.69999694824219,"[138.0455780029297, 12646, 9611]",SZ,MARKET.SZ,300816.SZ
300817,100,双飞集团,2,20.260000228881836,"[135.46954345703125, 12683, 9613]",SZ,MARKET.SZ,300817.SZ
300818,100,耐普矿机,2,24.979999542236328,"[227.33438110351562, 12699, 9629]",SZ,MARKET.SZ,300818.SZ
300819,100,聚杰微纤,2,76.62999725341797,"[351.8981018066406, 12673, 9399]",SZ,MARKET.SZ,300819.SZ
300820,100,英杰电气,2,67.52999877929688,"[699.5404052734375, 12669, 9614]",SZ,MARKET.SZ,300820.SZ
300821,100,东岳硅材,2,14.319999694824219,"[3182.7705078125, 12683, 9630]",SZ,MARKET.SZ,300821.SZ
300822,100,贝仕达克,2,14.859999656677246,"[124.42025756835938, 12650, 9616]",SZ,MARKET.SZ,300822.SZ
300823,100,建科智能,2,18.520000457763672,"[148.99366760253906, 12652, 9371]",SZ,MARKET.SZ,300823.SZ
300824,100,北鼎股份,2,9.020000457763672,"[154.1081085205078, 12679, 9608]",SZ,MARKET.SZ,300824.SZ
300825,100,阿尔特,2,12.680000305175781,"[2380.794921875, 12654, 9596]",SZ,MARKET.SZ,300825.SZ
300826,100,测绘股份,2,16.25,"[249.09231567382812, 12644, 9610]",SZ,MARKET.SZ,300826.SZ
300827,100,上能电气,2,37.43000030517578,"[1469.1044921875, 12644, 9636]",SZ,MARKET.SZ,300827.SZ
300828,100,锐新科技,2,19.950000762939453,"[523.3565673828125, 12671, 9586]",SZ,MARKET.SZ,300828.SZ
300829,100,金丹科技,2,18.81999969482422,"[328.36822509765625, 12652, 9608]",SZ,MARKET.SZ,300829.SZ
300830,100,金现代,2,10.550000190734863,"[674.63525390625, 12701, 9615]",SZ,MARKET.SZ,300830.SZ
300831,100,派瑞股份,2,23.15999984741211,"[1696.0927734375, 12701, 9418]",SZ,MARKET.SZ,300831.SZ
300832,100,新产业,2,49.540000915527344,"[326.6241455078125, 12652, 9636]",SZ,MARKET.SZ,300832.SZ
300833,100,浩洋股份,2,37.290000915527344,"[57.6239013671875, 12652, 9614]",SZ,MARKET.SZ,300833.SZ
300834,100,星辉环材,2,44.029998779296875,"[184.98590087890625, 12654, 9503]",SZ,MARKET.SZ,300834.SZ
300835,100,龙磁科技,2,121.1500015258789,"[241.68222045898438, 12650, 9616]",SZ,MARKET.SZ,300835.SZ
300836,100,佰奥智能,2,76.0,"[168.46307373046875, 12644, 9581]",SZ,MARKET.SZ,300836.SZ
300837,100,浙矿股份,2,30.90999984741211,"[83.13632202148438, 12646, 9611]",SZ,MARKET.SZ,300837.SZ
300838,100,浙江力诺,2,21.829999923706055,"[444.5603942871094, 12654, 9615]",SZ,MARKET.SZ,300838.SZ
300839,100,博汇股份,2,18.34000015258789,"[652.1586303710938, 12671, 9609]",SZ,MARKET.SZ,300839.SZ
300840,100,酷特智能,2,23.8700008392334,"[717.8651733398438, 12681, 9370]",SZ,MARKET.SZ,300840.SZ
300841,100,康华生物,2,52.4900016784668,"[77.46383666992188, 12638, 9607]",SZ,MARKET.SZ,300841.SZ
300842,100,帝科股份,2,90.16000366210938,"[357.5238037109375, 12654, 9575]",SZ,MARKET.SZ,300842.SZ
300843,100,胜蓝股份,2,93.5,"[378.4866027832031, 12700, 9638]",SZ,MARKET.SZ,300843.SZ
300844,100,山水比德,2,30.700000762939453,"[46.10600662231445, 12671, 9615]",SZ,MARKET.SZ,300844.SZ
300845,100,捷安高科,2,14.479999542236328,"[365.68206787109375, 12644, 9636]",SZ,MARKET.SZ,300845.SZ
300846,100,首都在线,2,29.010000228881836,"[1901.693603515625, 12650, 9575]",SZ,MARKET.SZ,300846.SZ
300847,100,中船汉光,2,15.210000038146973,"[119.76902770996094, 12699, 9636]",SZ,MARKET.SZ,300847.SZ
300848,100,美瑞新材,2,15.779999732971191,"[311.1231689453125, 12644, 9628]",SZ,MARKET.SZ,300848.SZ
300849,100,锦盛新材,2,24.459999084472656,"[166.01686096191406, 12680, 9611]",SZ,MARKET.SZ,300849.SZ
300850,100,新强联,2,34.61000061035156,"[597.917724609375, 12654, 9608]",SZ,MARKET.SZ,300850.SZ
300851,100,交大思诺,2,32.400001525878906,"[67.1308364868164, 12685, 9638]",SZ,MARKET.SZ,300851.SZ
300852,100,四会富仕,2,47.90999984741211,"[448.17291259765625, 12642, 9609]",SZ,MARKET.SZ,300852.SZ
300853,100,申昊科技,2,35.06999969482422,"[466.5505676269531, 12654, 9615]",SZ,MARKET.SZ,300853.SZ
300854,100,中兰环保,2,38.099998474121094,"[215.2158660888672, 12687, 9638]",SZ,MARKET.SZ,300854.SZ
300855,100,图南股份,2,36.20000076293945,"[280.605712890625, 12687, 9379]",SZ,MARKET.SZ,300855.SZ
300856,100,科思股份,2,13.800000190734863,"[276.7725830078125, 12699, 9609]",SZ,MARKET.SZ,300856.SZ
300857,100,协创数据,2,258.0,"[925.3356323242188, 12652, 9638]",SZ,MARKET.SZ,300857.SZ
300858,100,科拓生物,2,17.360000610351562,"[373.6144714355469, 12640, 9512]",SZ,MARKET.SZ,300858.SZ
300859,100,西域旅游,2,28.030000686645508,"[136.1865234375, 12673, 9601]",SZ,MARKET.SZ,300859.SZ
300860,100,锋尚文化,2,25.799999237060547,"[142.175537109375, 12683, 9636]",SZ,MARKET.SZ,300860.SZ
300861,100,美畅股份,2,20.290000915527344,"[774.003662109375, 12654, 9371]",SZ,MARKET.SZ,300861.SZ
300862,100,蓝盾光电,2,24.979999542236328,"[324.610107421875, 12671, 9469]",SZ,MARKET.SZ,300862.SZ
300863,100,卡倍亿,2,77.25,"[504.79449462890625, 12646, 9637]",SZ,MARKET.SZ,300863.SZ
300864,100,南大环境,2,23.31999969482422,"[144.5006866455078, 12699, 9636]",SZ,MARKET.SZ,300864.SZ
300865,100,大宏立,2,29.729999542236328,"[100.4498519897461, 12687, 9604]",SZ,MARKET.SZ,300865.SZ
300866,100,安克创新,2,129.8000030517578,"[231.65660095214844, 12686, 9636]",SZ,MARKET.SZ,300866.SZ
300867,100,圣元环保,2,22.5,"[427.4111328125, 12681, 9635]",SZ,MARKET.SZ,300867.SZ
300868,100,杰美特,2,89.4800033569336,"[121.82713317871094, 12646, 9611]",SZ,MARKET.SZ,300868.SZ
300869,100,康泰医学,2,11.869999885559082,"[128.04824829101562, 12652, 9589]",SZ,MARKET.SZ,300869.SZ
300870,100,欧陆通,2,391.0,"[182.24229431152344, 12650, 9638]",SZ,MARKET.SZ,300870.SZ
300871,100,回盛生物,2,22.799999237060547,"[207.60275268554688, 12652, 9586]",SZ,MARKET.SZ,300871.SZ
300872,100,天阳科技,2,20.3799991607666,"[1094.422607421875, 12654, 9610]",SZ,MARKET.SZ,300872.SZ
300873,100,海晨股份,2,22.389999389648438,"[250.90829467773438, 12695, 9628]",SZ,MARKET.SZ,300873.SZ
300875,100,捷强装备,2,38.08000183105469,"[156.2657928466797, 12652, 9614]",SZ,MARKET.SZ,300875.SZ
300876,100,蒙泰高新,2,28.770000457763672,"[111.10753631591797, 12642, 9442]",SZ,MARKET.SZ,300876.SZ
300877,100,金春股份,2,30.299999237060547,"[149.33946228027344, 12683, 9637]",SZ,MARKET.SZ,300877.SZ
300878,100,维康药业,2,33.5,"[344.19384765625, 12654, 9274]",SZ,MARKET.SZ,300878.SZ
300879,100,大叶股份,2,20.959999084472656,"[148.18565368652344, 12652, 9275]",SZ,MARKET.SZ,300879.SZ
300880,100,迦南智能,2,21.100000381469727,"[315.10595703125, 12683, 9638]",SZ,MARKET.SZ,300880.SZ
300881,100,盛德鑫泰,2,50.75,"[91.28610229492188, 12654, 9278]",SZ,MARKET.SZ,300881.SZ
300882,100,万胜智能,2,17.950000762939453,"[168.92874145507812, 12652, 9614]",SZ,MARKET.SZ,300882.SZ
300883,100,龙利得,2,6.929999828338623,"[1299.9486083984375, 12699, 9369]",SZ,MARKET.SZ,300883.SZ
300884,100,狄耐克,2,12.25,"[257.0519714355469, 12671, 9638]",SZ,MARKET.SZ,300884.SZ
300885,100,海昌新材,2,32.060001373291016,"[1141.0206298828125, 12654, 9638]",SZ,MARKET.SZ,300885.SZ
300886,100,华业香料,2,27.309999465942383,"[62.82209014892578, 12644, 9398]",SZ,MARKET.SZ,300886.SZ
300887,100,谱尼测试,2,8.979999542236328,"[572.8359985351562, 12646, 9611]",SZ,MARKET.SZ,300887.SZ
300888,100,稳健医疗,2,29.860000610351562,"[127.77255249023438, 12686, 9635]",SZ,MARKET.SZ,300888.SZ
300889,100,爱克股份,2,23.0,"[593.570556640625, 12673, 9562]",SZ,MARKET.SZ,300889.SZ
300890,100,翔丰华,2,36.81999969482422,"[453.141357421875, 12640, 9588]",SZ,MARKET.SZ,300890.SZ
300891,100,惠云钛业,2,7.809999942779541,"[252.1366729736328, 12654, 9607]",SZ,MARKET.SZ,300891.SZ
300892,100,品渥食品,2,24.6299991607666,"[61.99589920043945, 12654, 9280]",SZ,MARKET.SZ,300892.SZ
300893,100,松原安全,2,22.889999389648438,"[215.29161071777344, 12701, 9597]",SZ,MARKET.SZ,300893.SZ
300894,100,火星人,2,10.289999961853027,"[218.21031188964844, 12681, 9609]",SZ,MARKET.SZ,300894.SZ
300895,100,铜牛信息,2,68.37999725341797,"[572.8739624023438, 12642, 9244]",SZ,MARKET.SZ,300895.SZ
300896,100,爱美客,2,103.55000305175781,"[135.166748046875, 12699, 9608]",SZ,MARKET.SZ,300896.SZ
300897,100,山科智能,2,27.239999771118164,"[91.87722778320312, 12679, 9637]",SZ,MARKET.SZ,300897.SZ
300898,100,熊猫乳品,2,22.5,"[132.28005981445312, 12652, 9637]",SZ,MARKET.SZ,300898.SZ
300899,100,上海凯鑫,2,37.0,"[85.05583190917969, 12698, 9453]",SZ,MARKET.SZ,300899.SZ
300900,100,广联航空,2,38.5,"[1164.336181640625, 12654, 9609]",SZ,MARKET.SZ,300900.SZ
300901,100,中胤时尚,2,15.710000038146973,"[407.9451904296875, 12671, 9091]",SZ,MARKET.SZ,300901.SZ
300902,100,国安达,2,18.100000381469727,"[330.1682434082031, 12687, 9614]",SZ,MARKET.SZ,300902.SZ
300903,100,科翔股份,2,71.19999694824219,"[1516.45068359375, 12646, 9611]",SZ,MARKET.SZ,300903.SZ
300904,100,威力传动,2,59.33000183105469,"[43.89079284667969, 12654, 9569]",SZ,MARKET.SZ,300904.SZ
300905,100,宝丽迪,2,69.56999969482422,"[573.374267578125, 12650, 9569]",SZ,MARKET.SZ,300905.SZ
300906,100,日月明,2,32.880001068115234,"[62.93126678466797, 12642, 9609]",SZ,MARKET.SZ,300906.SZ
300907,100,康平科技,2,34.2599983215332,"[285.103515625, 12685, 9240]",SZ,MARKET.SZ,300907.SZ
300908,100,仲景食品,2,25.989999771118164,"[44.30780792236328, 12638, 9624]",SZ,MARKET.SZ,300908.SZ
300909,100,汇创达,2,46.18000030517578,"[183.18765258789062, 12654, 9614]",SZ,MARKET.SZ,300909.SZ
300910,100,瑞丰新材,2,44.75,"[167.1060028076172, 12642, 9576]",SZ,MARKET.SZ,300910.SZ
300911,100,亿田智能,2,31.290000915527344,"[431.6995544433594, 12679, 9628]",SZ,MARKET.SZ,300911.SZ
300912,100,凯龙高科,2,31.850000381469727,"[630.644775390625, 12684, 9630]",SZ,MARKET.SZ,300912.SZ
300913,100,兆龙互连,2,50.9900016784668,"[312.176513671875, 12652, 9614]",SZ,MARKET.SZ,300913.SZ
300915,100,海融科技,2,24.350000381469727,"[54.757049560546875, 12654, 9615]",SZ,MARKET.SZ,300915.SZ
300916,100,朗特智能,2,39.0,"[165.62559509277344, 12681, 9610]",SZ,MARKET.SZ,300916.SZ
300917,100,特发服务,2,30.40999984741211,"[164.50621032714844, 12652, 9272]",SZ,MARKET.SZ,300917.SZ
300918,100,南山智尚,2,14.649999618530273,"[460.2851257324219, 12693, 9474]",SZ,MARKET.SZ,300918.SZ
300919,100,中伟新材,2,54.5099983215332,"[767.10009765625, 12654, 9586]",SZ,MARKET.SZ,300919.SZ
300920,100,润阳科技,2,43.470001220703125,"[81.3292465209961, 12644, 9586]",SZ,MARKET.SZ,300920.SZ
300921,100,南凌科技,2,28.399999618530273,"[566.5269165039062, 12652, 9638]",SZ,MARKET.SZ,300921.SZ
300922,100,天秦装备,2,21.139999389648438,"[299.6661071777344, 12682, 9629]",SZ,MARKET.SZ,300922.SZ
300923,100,研奥股份,2,26.170000076293945,"[66.74432373046875, 12701, 9615]",SZ,MARKET.SZ,300923.SZ
300925,100,法本信息,2,17.610000610351562,"[383.1470947265625, 12644, 9636]",SZ,MARKET.SZ,300925.SZ
300926,100,博俊科技,2,21.350000381469727,"[207.92843627929688, 12684, 9630]",SZ,MARKET.SZ,300926.SZ
300927,100,江天化学,2,26.059999465942383,"[305.4539489746094, 12699, 9607]",SZ,MARKET.SZ,300927.SZ
300928,100,华安鑫创,2,34.45000076293945,"[83.45721435546875, 12644, 9610]",SZ,MARKET.SZ,300928.SZ
300929,100,华骐环保,2,13.119999885559082,"[163.7898406982422, 12644, 9610]",SZ,MARKET.SZ,300929.SZ
300930,100,屹通新材,2,32.279998779296875,"[84.89797973632812, 12650, 9271]",SZ,MARKET.SZ,300930.SZ
300931,100,通用电梯,2,16.0,"[460.8005065917969, 12684, 9630]",SZ,MARKET.SZ,300931.SZ
300932,100,三友联众,2,9.9399995803833,"[624.796630859375, 12671, 9614]",SZ,MARKET.SZ,300932.SZ
300933,100,中辰股份,2,8.390000343322754,"[829.3359375, 12673, 9615]",SZ,MARKET.SZ,300933.SZ
300935,100,盈建科,2,41.34000015258789,"[235.2793731689453, 12644, 9597]",SZ,MARKET.SZ,300935.SZ
300936,100,中英科技,2,87.0999984741211,"[127.98036193847656, 12671, 9608]",SZ,MARKET.SZ,300936.SZ
300937,100,药易购,2,24.760000228881836,"[74.63822174072266, 12654, 9615]",SZ,MARKET.SZ,300937.SZ
300938,100,信测标准,2,57.720001220703125,"[658.2745361328125, 12642, 9587]",SZ,MARKET.SZ,300938.SZ
300939,100,秋田微,2,53.20000076293945,"[408.9421081542969, 12699, 9628]",SZ,MARKET.SZ,300939.SZ
300940,100,南极光,2,20.459999084472656,"[301.5064697265625, 12673, 9615]",SZ,MARKET.SZ,300940.SZ
300941,100,创识科技,2,16.610000610351562,"[128.0067901611328, 12688, 9613]",SZ,MARKET.SZ,300941.SZ
300942,100,易瑞生物,2,7.099999904632568,"[199.8596649169922, 12650, 9588]",SZ,MARKET.SZ,300942.SZ
300943,100,春晖智控,2,35.880001068115234,"[521.085693359375, 12644, 9637]",SZ,MARKET.SZ,300943.SZ
300945,100,曼卡龙,2,13.229999542236328,"[309.5076599121094, 12652, 9614]",SZ,MARKET.SZ,300945.SZ
300946,100,恒而达,2,54.20000076293945,"[107.3017578125, 12646, 9425]",SZ,MARKET.SZ,300946.SZ
300947,100,德必集团,2,16.43000030517578,"[130.63491821289062, 12654, 9372]",SZ,MARKET.SZ,300947.SZ
300948,100,冠中生态,2,26.100000381469727,"[296.08404541015625, 12655, 9615]",SZ,MARKET.SZ,300948.SZ
300949,100,奥雅股份,2,38.40999984741211,"[38.16975021362305, 12686, 9533]",SZ,MARKET.SZ,300949.SZ
300950,100,德固特,2,21.0,"[106.83723449707031, 12701, 9627]",SZ,MARKET.SZ,300950.SZ
300951,100,博硕科技,2,36.66999816894531,"[118.72675323486328, 12671, 9635]",SZ,MARKET.SZ,300951.SZ
300952,100,恒辉安防,2,36.68000030517578,"[312.0151062011719, 12685, 9636]",SZ,MARKET.SZ,300952.SZ
300953,100,震裕科技,2,249.77000427246094,"[293.3658752441406, 12671, 9637]",SZ,MARKET.SZ,300953.SZ
300955,100,嘉亨家化,2,49.22999954223633,"[243.58665466308594, 12681, 9608]",SZ,MARKET.SZ,300955.SZ
300956,100,英力股份,2,14.510000228881836,"[154.207763671875, 12683, 9582]",SZ,MARKET.SZ,300956.SZ
300957,100,贝泰妮,2,37.9900016784668,"[224.85641479492188, 12693, 9637]",SZ,MARKET.SZ,300957.SZ
300958,100,建工修复,2,13.550000190734863,"[148.3699493408203, 12646, 9245]",SZ,MARKET.SZ,300958.SZ
300959,100,线上线下,2,178.89999389648438,"[284.9912109375, 12679, 9615]",SZ,MARKET.SZ,300959.SZ
300960,100,通业科技,2,20.110000610351562,"[56.93108367919922, 12646, 9582]",SZ,MARKET.SZ,300960.SZ
300961,100,深水海纳,2,13.550000190734863,"[283.3783264160156, 12654, 9615]",SZ,MARKET.SZ,300961.SZ
300962,100,中金辐照,2,13.399999618530273,"[155.65005493164062, 12685, 9302]",SZ,MARKET.SZ,300962.SZ
300963,100,中洲特材,2,15.800000190734863,"[561.3539428710938, 12671, 9613]",SZ,MARKET.SZ,300963.SZ
300964,100,本川智能,2,88.68000030517578,"[291.8182067871094, 12654, 9615]",SZ,MARKET.SZ,300964.SZ
300965,100,恒宇信通,2,69.1500015258789,"[222.33547973632812, 12695, 9588]",SZ,MARKET.SZ,300965.SZ
300966,100,共同药业,2,26.610000610351562,"[208.2205810546875, 12654, 9615]",SZ,MARKET.SZ,300966.SZ
300967,100,晓鸣股份,2,16.3799991607666,"[187.11402893066406, 12696, 9636]",SZ,MARKET.SZ,300967.SZ
300968,100,格林精密,2,11.859999656677246,"[274.1351623535156, 12646, 9279]",SZ,MARKET.SZ,300968.SZ
300969,100,恒帅股份,2,159.33999633789062,"[162.21031188964844, 12698, 9637]",SZ,MARKET.SZ,300969.SZ
300970,100,华绿生物,2,31.34000015258789,"[208.94647216796875, 12640, 9608]",SZ,MARKET.SZ,300970.SZ
300971,100,博亚精工,2,23.479999542236328,"[137.6383056640625, 12679, 9609]",SZ,MARKET.SZ,300971.SZ
300972,100,万辰集团,2,213.74000549316406,"[71.23334503173828, 12700, 9638]",SZ,MARKET.SZ,300972.SZ
300973,100,立高食品,2,27.440000534057617,"[76.28614807128906, 12652, 9614]",SZ,MARKET.SZ,300973.SZ
300975,100,商络电子,2,21.6200008392334,"[2716.9248046875, 12699, 9610]",SZ,MARKET.SZ,300975.SZ
300976,100,达瑞电子,2,78.79000091552734,"[246.26417541503906, 12644, 9610]",SZ,MARKET.SZ,300976.SZ
300977,100,深圳瑞捷,2,21.110000610351562,"[94.7483139038086, 12657, 9630]",SZ,MARKET.SZ,300977.SZ
300978,100,东箭科技,2,10.720000267028809,"[330.56365966796875, 12652, 9614]",SZ,MARKET.SZ,300978.SZ
300979,100,华利集团,2,36.2599983215332,"[78.50440979003906, 12679, 9631]",SZ,MARKET.SZ,300979.SZ
300980,100,祥源新材,2,29.649999618530273,"[212.31642150878906, 12671, 9615]",SZ,MARKET.SZ,300980.SZ
300981,100,中红医疗,2,14.289999961853027,"[457.3559875488281, 12650, 9637]",SZ,MARKET.SZ,300981.SZ
300982,100,苏文电能,2,20.989999771118164,"[288.611572265625, 12654, 9615]",SZ,MARKET.SZ,300982.SZ
300983,100,尤安设计,2,36.880001068115234,"[253.00997924804688, 12699, 9601]",SZ,MARKET.SZ,300983.SZ
300984,100,金沃股份,2,71.9000015258789,"[150.61647033691406, 12654, 9600]",SZ,MARKET.SZ,300984.SZ
300985,100,致远新能,2,22.8799991607666,"[136.46408081054688, 12673, 9615]",SZ,MARKET.SZ,300985.SZ
300986,100,志特新材,2,20.809999465942383,"[833.2813720703125, 12646, 9611]",SZ,MARKET.SZ,300986.SZ
300987,100,川网传媒,2,15.5,"[216.53118896484375, 12701, 9313]",SZ,MARKET.SZ,300987.SZ
300988,100,津荣天宇,2,28.700000762939453,"[203.8385772705078, 12652, 9614]",SZ,MARKET.SZ,300988.SZ
300989,100,蕾奥规划,2,14.760000228881836,"[151.29518127441406, 12671, 9611]",SZ,MARKET.SZ,300989.SZ
300990,100,同飞股份,2,94.0,"[324.746826171875, 12644, 9614]",SZ,MARKET.SZ,300990.SZ
300991,100,创益通,2,42.81999969482422,"[170.75784301757812, 12699, 9609]",SZ,MARKET.SZ,300991.SZ
300992,100,泰福泵业,2,29.09000015258789,"[180.5374298095703, 12673, 9613]",SZ,MARKET.SZ,300992.SZ
300993,100,玉马科技,2,11.40999984741211,"[170.5763397216797, 12646, 9636]",SZ,MARKET.SZ,300993.SZ
300994,100,久祺股份,2,13.149999618530273,"[97.01199340820312, 12654, 9419]",SZ,MARKET.SZ,300994.SZ
300995,100,奇德新材,2,37.400001525878906,"[209.69155883789062, 12699, 9600]",SZ,MARKET.SZ,300995.SZ
300996,100,普联软件,2,12.75,"[610.96875, 12697, 9609]",SZ,MARKET.SZ,300996.SZ
300997,100,欢乐家,2,17.270000457763672,"[241.45626831054688, 12671, 9607]",SZ,MARKET.SZ,300997.SZ
300998,100,宁波方正,2,26.020000457763672,"[114.66354370117188, 12654, 9637]",SZ,MARKET.SZ,300998.SZ
300999,100,金龙鱼,2,26.280000686645508,"[373.9825744628906, 12682, 9636]",SZ,MARKET.SZ,300999.SZ
301000,100,肇民科技,2,37.43000030517578,"[740.7091674804688, 12683, 9609]",SZ,MARKET.SZ,301000.SZ
301001,100,凯淳股份,2,28.59000015258789,"[56.24507522583008, 12652, 9614]",SZ,MARKET.SZ,301001.SZ
301002,100,崧盛股份,2,58.470001220703125,"[439.70977783203125, 12679, 9611]",SZ,MARKET.SZ,301002.SZ
301003,100,江苏博云,2,52.560001373291016,"[164.24156188964844, 12701, 9637]",SZ,MARKET.SZ,301003.SZ
301004,100,嘉益股份,2,40.709999084472656,"[38.748409271240234, 12654, 9588]",SZ,MARKET.SZ,301004.SZ
301005,100,超捷股份,2,160.17999267578125,"[292.6610107421875, 12697, 9607]",SZ,MARKET.SZ,301005.SZ
301006,100,迈拓股份,2,16.6299991607666,"[107.6734848022461, 12654, 9615]",SZ,MARKET.SZ,301006.SZ
301007,100,德迈仕,2,41.16999816894531,"[297.01611328125, 12683, 9599]",SZ,MARKET.SZ,301007.SZ
301008,100,宏昌科技,2,29.3799991607666,"[366.83966064453125, 12682, 9629]",SZ,MARKET.SZ,301008.SZ
301009,100,可靠股份,2,10.119999885559082,"[116.7366943359375, 12672, 9613]",SZ,MARKET.SZ,301009.SZ
301010,100,晶雪节能,2,22.329999923706055,"[138.22225952148438, 12650, 9308]",SZ,MARKET.SZ,301010.SZ
301011,100,华立科技,2,18.260000228881836,"[94.08551788330078, 12653, 9601]",SZ,MARKET.SZ,301011.SZ
301012,100,扬电科技,2,40.11000061035156,"[822.4635009765625, 12652, 9614]",SZ,MARKET.SZ,301012.SZ
301013,100,利和兴,2,35.70000076293945,"[1723.041015625, 12650, 9288]",SZ,MARKET.SZ,301013.SZ
301015,100,百洋医药,2,22.100000381469727,"[234.36767578125, 12654, 9615]",SZ,MARKET.SZ,301015.SZ
301016,100,雷尔伟,2,19.200000762939453,"[420.1870422363281, 12673, 9609]",SZ,MARKET.SZ,301016.SZ
301017,100,漱玉平民,2,13.529999732971191,"[326.207763671875, 12654, 9615]",SZ,MARKET.SZ,301017.SZ
301018,100,申菱环境,2,154.5,"[576.4010009765625, 12694, 9635]",SZ,MARKET.SZ,301018.SZ
301019,100,宁波色母,2,22.469999313354492,"[86.84387969970703, 12683, 9615]",SZ,MARKET.SZ,301019.SZ
301020,100,密封科技,2,32.18000030517578,"[389.2452697753906, 12638, 9636]",SZ,MARKET.SZ,301020.SZ
301021,100,英诺激光,2,85.27999877929688,"[645.1649780273438, 12653, 9614]",SZ,MARKET.SZ,301021.SZ
301022,100,海泰科,2,32.5,"[200.63397216796875, 12683, 9420]",SZ,MARKET.SZ,301022.SZ
301023,100,奕帆传动,2,48.75,"[228.21002197265625, 12671, 9611]",SZ,MARKET.SZ,301023.SZ
301024,100,霍普股份,2,47.68000030517578,"[82.61329650878906, 12654, 9615]",SZ,MARKET.SZ,301024.SZ
301025,100,读客文化,2,10.260000228881836,"[261.97314453125, 12646, 9365]",SZ,MARKET.SZ,301025.SZ
301026,100,浩通科技,2,33.849998474121094,"[420.8201904296875, 12654, 9638]",SZ,MARKET.SZ,301026.SZ
301027,100,华蓝集团,2,22.6200008392334,"[256.0005798339844, 12644, 9610]",SZ,MARKET.SZ,301027.SZ
301028,100,鼎熔岩,2,20.420000076293945,"[1099.7613525390625, 12681, 9611]",SZ,MARKET.SZ,301028.SZ
301029,100,怡合达,2,29.860000610351562,"[821.8607788085938, 12681, 9638]",SZ,MARKET.SZ,301029.SZ
301030,100,*ST仕净,2,11.109999656677246,"[596.9465942382812, 12656, 9616]",SZ,MARKET.SZ,301030.SZ
301031,100,中熔电气,2,164.72000122070312,"[157.01449584960938, 12671, 9611]",SZ,MARKET.SZ,301031.SZ
301032,100,新柴股份,2,12.789999961853027,"[190.54571533203125, 12642, 9369]",SZ,MARKET.SZ,301032.SZ
301033,100,迈普医学,2,51.709999084472656,"[59.48667526245117, 12652, 9614]",SZ,MARKET.SZ,301033.SZ
301035,100,润丰股份,2,71.16000366210938,"[46.82737350463867, 12700, 9638]",SZ,MARKET.SZ,301035.SZ
301036,100,双乐股份,2,26.6299991607666,"[80.83724975585938, 12687, 9609]",SZ,MARKET.SZ,301036.SZ
301037,100,保立佳,2,16.690000534057617,"[98.3229751586914, 12644, 9352]",SZ,MARKET.SZ,301037.SZ
301038,100,深水规院,2,21.5,"[270.5048828125, 12671, 9372]",SZ,MARKET.SZ,301038.SZ
301039,100,中集车辆,2,8.0,"[553.0545043945312, 12647, 9580]",SZ,MARKET.SZ,301039.SZ
301040,100,中环海陆,2,31.600000381469727,"[367.866943359375, 12646, 9609]",SZ,MARKET.SZ,301040.SZ
301041,100,金百泽,2,32.40999984741211,"[396.6478576660156, 12650, 9607]",SZ,MARKET.SZ,301041.SZ
301042,100,安联锐视,2,103.0,"[40.919708251953125, 12699, 9615]",SZ,MARKET.SZ,301042.SZ
301043,100,绿岛风,2,52.27000045776367,"[51.71106719970703, 12683, 9638]",SZ,MARKET.SZ,301043.SZ
301045,100,天禄科技,2,53.68000030517578,"[214.92669677734375, 12687, 9635]",SZ,MARKET.SZ,301045.SZ
301046,100,能辉科技,2,27.950000762939453,"[204.11892700195312, 12681, 9628]",SZ,MARKET.SZ,301046.SZ
301047,100,义翘神州,2,66.9000015258789,"[32.785274505615234, 12683, 9625]",SZ,MARKET.SZ,301047.SZ
301048,100,金鹰重工,2,10.390000343322754,"[198.8588409423828, 12655, 9310]",SZ,MARKET.SZ,301048.SZ
301049,100,超越科技,2,23.639999389648438,"[64.06583404541016, 12701, 9369]",SZ,MARKET.SZ,301049.SZ
301050,100,雷电微力,2,37.11000061035156,"[216.53033447265625, 12673, 9610]",SZ,MARKET.SZ,301050.SZ
301051,100,信濠光电,2,26.010000228881836,"[237.03152465820312, 12654, 9638]",SZ,MARKET.SZ,301051.SZ
301052,100,果麦文化,2,29.06999969482422,"[155.57208251953125, 12642, 9609]",SZ,MARKET.SZ,301052.SZ
301053,100,远信工业,2,53.45000076293945,"[214.06459045410156, 12654, 9615]",SZ,MARKET.SZ,301053.SZ
301055,100,张小泉,2,38.4900016784668,"[384.1622009277344, 12652, 9315]",SZ,MARKET.SZ,301055.SZ
301056,100,森赫股份,2,13.989999771118164,"[150.2002716064453, 12685, 9470]",SZ,MARKET.SZ,301056.SZ
301057,100,汇隆新材,2,31.5,"[84.85321807861328, 12652, 9614]",SZ,MARKET.SZ,301057.SZ
301058,100,中粮科工,2,9.039999961853027,"[264.5525207519531, 12699, 9288]",SZ,MARKET.SZ,301058.SZ
301059,100,金三江,2,14.699999809265137,"[253.38485717773438, 12650, 9638]",SZ,MARKET.SZ,301059.SZ
301060,100,兰卫医学,2,10.369999885559082,"[274.2247314453125, 12655, 9615]",SZ,MARKET.SZ,301060.SZ
301061,100,匠心家居,2,59.79999923706055,"[61.211483001708984, 12695, 9635]",SZ,MARKET.SZ,301061.SZ
301062,100,上海艾录,2,7.550000190734863,"[335.71697998046875, 12681, 9588]",SZ,MARKET.SZ,301062.SZ
301063,100,海锅股份,2,21.979999542236328,"[83.19742584228516, 12652, 9614]",SZ,MARKET.SZ,301063.SZ
301065,100,本立科技,2,22.270000457763672,"[74.8672103881836, 12683, 9289]",SZ,MARKET.SZ,301065.SZ
301066,100,万事利,2,15.270000457763672,"[330.0640563964844, 12652, 9613]",SZ,MARKET.SZ,301066.SZ
301067,100,显盈科技,2,29.110000610351562,"[101.58173370361328, 12681, 9294]",SZ,MARKET.SZ,301067.SZ
301068,100,大地海洋,2,32.16999816894531,"[38.159873962402344, 12699, 9613]",SZ,MARKET.SZ,301068.SZ
301069,100,凯盛新材,2,22.8799991607666,"[775.9475708007812, 12673, 9628]",SZ,MARKET.SZ,301069.SZ
301070,100,开勒股份,2,91.27999877929688,"[179.46463012695312, 12652, 9614]",SZ,MARKET.SZ,301070.SZ
301071,100,力量钻石,2,59.689998626708984,"[787.7957153320312, 12644, 9638]",SZ,MARKET.SZ,301071.SZ
301072,100,中捷精工,2,24.350000381469727,"[58.47572326660156, 12683, 9370]",SZ,MARKET.SZ,301072.SZ
301073,100,君亭酒店,2,23.219999313354492,"[124.60353088378906, 12654, 9615]",SZ,MARKET.SZ,301073.SZ
301075,100,多瑞医药,2,85.06999969482422,"[111.32622528076172, 12654, 9091]",SZ,MARKET.SZ,301075.SZ
301076,100,新瀚新材,2,31.280000686645508,"[355.3307800292969, 12701, 9625]",SZ,MARKET.SZ,301076.SZ
301077,100,星华新材,2,28.479999542236328,"[189.69168090820312, 12671, 9628]",SZ,MARKET.SZ,301077.SZ
301078,100,孩子王,2,9.510000228881836,"[2381.48681640625, 12685, 9638]",SZ,MARKET.SZ,301078.SZ
301079,100,邵阳液压,2,39.52000045776367,"[268.2824401855469, 12673, 9610]",SZ,MARKET.SZ,301079.SZ
301080,100,百普赛斯,2,42.79999923706055,"[144.4046630859375, 12638, 9607]",SZ,MARKET.SZ,301080.SZ
301081,100,严牌股份,2,18.389999389648438,"[645.5720825195312, 12681, 9614]",SZ,MARKET.SZ,301081.SZ
301082,100,久盛电气,2,11.229999542236328,"[270.96441650390625, 12641, 9602]",SZ,MARKET.SZ,301082.SZ
301083,100,百胜智能,2,16.3799991607666,"[104.91500854492188, 12671, 9286]",SZ,MARKET.SZ,301083.SZ
301085,100,亚康股份,2,75.9800033569336,"[184.09327697753906, 12688, 9371]",SZ,MARKET.SZ,301085.SZ
301086,100,鸿富瀚,2,236.58999633789062,"[89.15534210205078, 12652, 9601]",SZ,MARKET.SZ,301086.SZ
301087,100,可孚医疗,2,47.45000076293945,"[95.56874084472656, 12672, 9623]",SZ,MARKET.SZ,301087.SZ
301088,100,戎美股份,2,17.170000076293945,"[160.7196502685547, 12644, 9610]",SZ,MARKET.SZ,301088.SZ
301089,100,拓新药业,2,25.8700008392334,"[108.35574340820312, 12671, 9583]",SZ,MARKET.SZ,301089.SZ
301090,100,华润材料,2,7.659999847412109,"[643.542236328125, 12681, 9606]",SZ,MARKET.SZ,301090.SZ
301091,100,深城交,2,20.889999389648438,"[293.882568359375, 12644, 9365]",SZ,MARKET.SZ,301091.SZ
301092,100,争光股份,2,47.27000045776367,"[258.4775695800781, 12693, 9615]",SZ,MARKET.SZ,301092.SZ
301093,100,华兰股份,2,110.20999908447266,"[198.6742401123047, 12644, 9610]",SZ,MARKET.SZ,301093.SZ
301095,100,广立微,2,102.16000366210938,"[576.4893798828125, 12650, 9609]",SZ,MARKET.SZ,301095.SZ
301096,100,百诚医药,2,64.41999816894531,"[124.97095489501953, 12644, 9610]",SZ,MARKET.SZ,301096.SZ
301097,100,天益医疗,2,59.880001068115234,"[31.591657638549805, 12669, 9609]",SZ,MARKET.SZ,301097.SZ
301098,100,金埔园林,2,10.199999809265137,"[477.5884704589844, 12683, 9608]",SZ,MARKET.SZ,301098.SZ
301099,100,雅创电子,2,61.5,"[262.75421142578125, 12685, 9608]",SZ,MARKET.SZ,301099.SZ
301100,100,风光股份,2,17.280000686645508,"[94.635009765625, 12644, 9370]",SZ,MARKET.SZ,301100.SZ
301101,100,明月镜片,2,34.75,"[165.5812530517578, 12642, 9636]",SZ,MARKET.SZ,301101.SZ
301102,100,兆讯传媒,2,10.699999809265137,"[126.2021713256836, 12699, 9400]",SZ,MARKET.SZ,301102.SZ
301103,100,何氏眼科,2,18.1200008392334,"[94.5914077758789, 12646, 9638]",SZ,MARKET.SZ,301103.SZ
301105,100,鸿铭股份,2,55.36000061035156,"[37.19240951538086, 12699, 9091]",SZ,MARKET.SZ,301105.SZ
301106,100,骏成科技,2,33.7599983215332,"[116.60575866699219, 12644, 9610]",SZ,MARKET.SZ,301106.SZ
301107,100,瑜欣电子,2,28.010000228881836,"[82.53736877441406, 12644, 9638]",SZ,MARKET.SZ,301107.SZ
301108,100,洁雅股份,2,24.18000030517578,"[62.23528289794922, 12671, 9629]",SZ,MARKET.SZ,301108.SZ
301109,100,军信股份,2,14.920000076293945,"[231.23931884765625, 12642, 9616]",SZ,MARKET.SZ,301109.SZ
301110,100,青木科技,2,66.48999786376953,"[225.09254455566406, 12650, 9384]",SZ,MARKET.SZ,301110.SZ
301111,100,粤万年青,2,25.899999618530273,"[293.46844482421875, 12652, 9272]",SZ,MARKET.SZ,301111.SZ
301112,100,信邦智能,2,36.529998779296875,"[92.84649658203125, 12685, 9327]",SZ,MARKET.SZ,301112.SZ
301113,100,雅艺科技,2,25.5,"[50.1297492980957, 12673, 9636]",SZ,MARKET.SZ,301113.SZ
301115,100,联检科技,2,25.100000381469727,"[197.6722412109375, 12652, 9614]",SZ,MARKET.SZ,301115.SZ
301116,100,益客食品,2,9.9399995803833,"[130.5032196044922, 12644, 9610]",SZ,MARKET.SZ,301116.SZ
301117,100,佳缘科技,2,40.5,"[185.7089385986328, 12644, 9636]",SZ,MARKET.SZ,301117.SZ
301118,100,恒光股份,2,32.79999923706055,"[563.3294067382812, 12653, 9614]",SZ,MARKET.SZ,301118.SZ
301119,100,正强股份,2,40.97999954223633,"[65.73335266113281, 12652, 9370]",SZ,MARKET.SZ,301119.SZ
301120,100,新特电气,2,23.040000915527344,"[1417.5849609375, 12644, 9636]",SZ,MARKET.SZ,301120.SZ
301121,100,紫建电子,2,39.349998474121094,"[106.55313873291016, 12651, 9613]",SZ,MARKET.SZ,301121.SZ
301122,100,采纳股份,2,28.079999923706055,"[159.25100708007812, 12671, 9615]",SZ,MARKET.SZ,301122.SZ
301123,100,奕东电子,2,73.5999984741211,"[532.0884399414062, 12655, 9615]",SZ,MARKET.SZ,301123.SZ
301125,100,腾亚精工,2,24.299999237060547,"[181.4570770263672, 12681, 9637]",SZ,MARKET.SZ,301125.SZ
301126,100,达嘉维康,2,11.170000076293945,"[128.70089721679688, 12673, 9614]",SZ,MARKET.SZ,301126.SZ
301127,100,武汉天源,2,13.369999885559082,"[501.2737121582031, 12695, 9614]",SZ,MARKET.SZ,301127.SZ
301128,100,强瑞技术,2,132.35000610351562,"[355.6028137207031, 12693, 9628]",SZ,MARKET.SZ,301128.SZ
301129,100,瑞纳智能,2,27.0,"[222.17079162597656, 12642, 9631]",SZ,MARKET.SZ,301129.SZ
301130,100,西点药业,2,30.549999237060547,"[62.744850158691406, 12654, 9615]",SZ,MARKET.SZ,301130.SZ
301131,100,聚赛龙,2,40.939998626708984,"[63.27094268798828, 12673, 9568]",SZ,MARKET.SZ,301131.SZ
301132,100,满坤科技,2,34.59000015258789,"[185.1029052734375, 12654, 9615]",SZ,MARKET.SZ,301132.SZ
301133,100,金钟股份,2,45.77000045776367,"[138.90847778320312, 12654, 9615]",SZ,MARKET.SZ,301133.SZ
301135,100,瑞德智能,2,26.149999618530273,"[69.56140899658203, 12680, 9628]",SZ,MARKET.SZ,301135.SZ
301136,100,招标股份,2,14.279999732971191,"[194.6244354248047, 12652, 9614]",SZ,MARKET.SZ,301136.SZ
301137,100,哈焊华通,2,44.38999938964844,"[402.7657470703125, 12695, 9588]",SZ,MARKET.SZ,301137.SZ
301138,100,华研精机,2,31.489999771118164,"[43.394691467285156, 12642, 9505]",SZ,MARKET.SZ,301138.SZ
301139,100,*ST元道,2,6.659999847412109,"[668.2943115234375, 12654, 9615]",SZ,MARKET.SZ,301139.SZ
301141,100,中科磁业,2,52.16999816894531,"[121.62942504882812, 12646, 9638]",SZ,MARKET.SZ,301141.SZ
301148,100,嘉戎技术,2,69.86000061035156,"[73.98375701904297, 12644, 9624]",SZ,MARKET.SZ,301148.SZ
301149,100,隆华新材,2,12.890000343322754,"[696.842041015625, 12654, 9615]",SZ,MARKET.SZ,301149.SZ
301150,100,中一科技,2,66.37999725341797,"[444.4552001953125, 12669, 9614]",SZ,MARKET.SZ,301150.SZ
301151,100,冠龙节能,2,17.059999465942383,"[73.1388168334961, 12671, 9638]",SZ,MARKET.SZ,301151.SZ
301152,100,天力锂能,2,30.219999313354492,"[188.0195770263672, 12679, 9616]",SZ,MARKET.SZ,301152.SZ
301153,100,中科江南,2,19.959999084472656,"[178.8721466064453, 12681, 9609]",SZ,MARKET.SZ,301153.SZ
301155,100,海力风电,2,65.11000061035156,"[297.951171875, 12673, 9615]",SZ,MARKET.SZ,301155.SZ
301156,100,美农生物,2,19.6299991607666,"[94.12823486328125, 12652, 9638]",SZ,MARKET.SZ,301156.SZ
301157,100,华塑科技,2,74.4000015258789,"[139.14942932128906, 12673, 9638]",SZ,MARKET.SZ,301157.SZ
301158,100,德石股份,2,24.5,"[261.89617919921875, 12671, 9638]",SZ,MARKET.SZ,301158.SZ
301159,100,三维天地,2,38.349998474121094,"[83.56881713867188, 12652, 9614]",SZ,MARKET.SZ,301159.SZ
301160,100,翔楼新材,2,60.709999084472656,"[105.35942840576172, 12644, 9609]",SZ,MARKET.SZ,301160.SZ
301161,100,唯万密封,2,33.959999084472656,"[214.9257354736328, 12683, 9614]",SZ,MARKET.SZ,301161.SZ
301162,100,国能日新,2,49.5,"[174.09109497070312, 12693, 9628]",SZ,MARKET.SZ,301162.SZ
301163,100,宏德股份,2,28.6299991607666,"[73.357421875, 12642, 9635]",SZ,MARKET.SZ,301163.SZ
301165,100,锐捷网络,2,92.61000061035156,"[462.2220764160156, 12701, 9631]",SZ,MARKET.SZ,301165.SZ
301166,100,优宁维,2,29.799999237060547,"[54.47029113769531, 12652, 9369]",SZ,MARKET.SZ,301166.SZ
301167,100,建研设计,2,16.459999084472656,"[98.5824966430664, 12644, 9590]",SZ,MARKET.SZ,301167.SZ
301168,100,通灵股份,2,45.459999084472656,"[153.494873046875, 12699, 9615]",SZ,MARKET.SZ,301168.SZ
301169,100,零点有数,2,91.95999908447266,"[114.51956176757812, 12652, 9614]",SZ,MARKET.SZ,301169.SZ
301170,100,锡南科技,2,27.889999389648438,"[53.252342224121094, 12644, 9288]",SZ,MARKET.SZ,301170.SZ
301171,100,易点天下,2,41.75,"[4216.931640625, 12694, 9637]",SZ,MARKET.SZ,301171.SZ
301172,100,君逸数码,2,38.20000076293945,"[352.9594421386719, 12679, 9369]",SZ,MARKET.SZ,301172.SZ
301173,100,毓恬冠佳,2,38.880001068115234,"[39.67938995361328, 12642, 9623]",SZ,MARKET.SZ,301173.SZ
301175,100,中科环保,2,5.78000020980835,"[907.30908203125, 12654, 9625]",SZ,MARKET.SZ,301175.SZ
301176,100,逸豪新材,2,40.88999938964844,"[421.8138427734375, 12701, 9582]",SZ,MARKET.SZ,301176.SZ
301177,100,迪阿股份,2,28.59000015258789,"[84.99141693115234, 12671, 9614]",SZ,MARKET.SZ,301177.SZ
301178,100,天亿马,2,54.70000076293945,"[73.35406494140625, 12644, 9586]",SZ,MARKET.SZ,301178.SZ
301179,100,泽宇智能,2,24.540000915527344,"[726.2243041992188, 12679, 9615]",SZ,MARKET.SZ,301179.SZ
301180,100,万祥科技,2,15.970000267028809,"[193.019775390625, 12699, 9613]",SZ,MARKET.SZ,301180.SZ
301181,100,标榜股份,2,34.040000915527344,"[108.31564331054688, 12697, 9630]",SZ,MARKET.SZ,301181.SZ
301182,100,凯旺科技,2,84.61000061035156,"[251.2383575439453, 12685, 9611]",SZ,MARKET.SZ,301182.SZ
301183,100,东田微,2,242.47999572753906,"[358.5662536621094, 12650, 9613]",SZ,MARKET.SZ,301183.SZ
301185,100,鸥玛软件,2,16.75,"[101.62799072265625, 12701, 9615]",SZ,MARKET.SZ,301185.SZ
301186,100,超达装备,2,71.62000274658203,"[75.28516387939453, 12695, 9636]",SZ,MARKET.SZ,301186.SZ
301187,100,欧圣电气,2,21.329999923706055,"[173.14801025390625, 12650, 9613]",SZ,MARKET.SZ,301187.SZ
301188,100,力诺药包,2,43.310001373291016,"[1336.2037353515625, 12642, 9578]",SZ,MARKET.SZ,301188.SZ
301189,100,奥尼电子,2,90.29000091552734,"[268.1452331542969, 12679, 9622]",SZ,MARKET.SZ,301189.SZ
301190,100,善水科技,2,22.600000381469727,"[139.03407287597656, 12652, 9614]",SZ,MARKET.SZ,301190.SZ
301191,100,菲菱科思,2,150.0800018310547,"[227.28778076171875, 12652, 9460]",SZ,MARKET.SZ,301191.SZ
301192,100,泰祥股份,2,25.469999313354492,"[79.40056610107422, 12642, 9250]",SZ,MARKET.SZ,301192.SZ
301193,100,家联科技,2,24.450000762939453,"[455.09625244140625, 12679, 9628]",SZ,MARKET.SZ,301193.SZ
301195,100,北路智控,2,30.81999969482422,"[45.29875183105469, 12673, 9610]",SZ,MARKET.SZ,301195.SZ
301196,100,唯科科技,2,140.67999267578125,"[259.4499206542969, 12683, 9615]",SZ,MARKET.SZ,301196.SZ
301197,100,工大科雅,2,33.0099983215332,"[313.29962158203125, 12650, 9533]",SZ,MARKET.SZ,301197.SZ
301198,100,喜悦智行,2,17.84000015258789,"[202.79510498046875, 12652, 9371]",SZ,MARKET.SZ,301198.SZ
301199,100,迈赫股份,2,22.950000762939453,"[141.59371948242188, 12654, 9615]",SZ,MARKET.SZ,301199.SZ
301200,100,大族数控,2,249.4600067138672,"[265.74981689453125, 12671, 9629]",SZ,MARKET.SZ,301200.SZ
301201,100,诚达药业,2,36.45000076293945,"[212.80392456054688, 12652, 9330]",SZ,MARKET.SZ,301201.SZ
301202,100,朗威股份,2,41.5,"[85.88075256347656, 12681, 9614]",SZ,MARKET.SZ,301202.SZ
301203,100,国泰环保,2,44.790000915527344,"[55.03445053100586, 12652, 9580]",SZ,MARKET.SZ,301203.SZ
301205,100,联特科技,2,245.3300018310547,"[402.5322265625, 12654, 9574]",SZ,MARKET.SZ,301205.SZ
301206,100,三元生物,2,25.940000534057617,"[53.16436004638672, 12679, 9615]",SZ,MARKET.SZ,301206.SZ
301207,100,华兰疫苗,2,18.969999313354492,"[470.0251159667969, 12695, 9422]",SZ,MARKET.SZ,301207.SZ
301208,100,中亦科技,2,32.189998626708984,"[58.511940002441406, 12650, 9638]",SZ,MARKET.SZ,301208.SZ
301209,100,联合化学,2,87.45999908447266,"[51.89437484741211, 12681, 9614]",SZ,MARKET.SZ,301209.SZ
301210,100,金杨精密,2,42.59000015258789,"[161.66433715820312, 12673, 9463]",SZ,MARKET.SZ,301210.SZ
301211,100,亨迪药业,2,10.65999984741211,"[122.46772766113281, 12671, 9586]",SZ,MARKET.SZ,301211.SZ
301212,100,联盛化学,2,32.84000015258789,"[109.19343566894531, 12644, 9287]",SZ,MARKET.SZ,301212.SZ
301213,100,观想科技,2,70.16000366210938,"[54.851715087890625, 12650, 9105]",SZ,MARKET.SZ,301213.SZ
301215,100,中汽股份,2,6.079999923706055,"[468.3662109375, 12681, 9461]",SZ,MARKET.SZ,301215.SZ
301216,100,万凯新材,2,27.18000030517578,"[519.7015380859375, 12671, 9614]",SZ,MARKET.SZ,301216.SZ
301217,100,铜冠铜箔,2,82.93000030517578,"[1346.2496337890625, 12652, 9426]",SZ,MARKET.SZ,301217.SZ
301218,100,华是科技,2,35.9900016784668,"[228.11094665527344, 12701, 9273]",SZ,MARKET.SZ,301218.SZ
301219,100,腾远钴业,2,79.80000305175781,"[377.8968811035156, 12679, 9607]",SZ,MARKET.SZ,301219.SZ
301220,100,亚香股份,2,39.650001525878906,"[80.11358642578125, 12681, 9615]",SZ,MARKET.SZ,301220.SZ
301221,100,光庭信息,2,52.40999984741211,"[102.82328796386719, 12671, 9635]",SZ,MARKET.SZ,301221.SZ
301222,100,浙江恒威,2,45.400001525878906,"[216.10922241210938, 12650, 9636]",SZ,MARKET.SZ,301222.SZ
301223,100,中荣股份,2,17.860000610351562,"[69.63871765136719, 12645, 9610]",SZ,MARKET.SZ,301223.SZ
301225,100,恒勃股份,2,127.7699966430664,"[155.44659423828125, 12650, 9608]",SZ,MARKET.SZ,301225.SZ
301226,100,祥明智能,2,38.130001068115234,"[197.80325317382812, 12683, 9278]",SZ,MARKET.SZ,301226.SZ
301227,100,森鹰窗业,2,33.52000045776367,"[74.29683685302734, 12654, 9603]",SZ,MARKET.SZ,301227.SZ
301228,100,实朴检测,2,65.9800033569336,"[169.38148498535156, 12642, 9609]",SZ,MARKET.SZ,301228.SZ
301229,100,纽泰格,2,16.559999465942383,"[107.30489349365234, 12679, 9609]",SZ,MARKET.SZ,301229.SZ
301230,100,泓博医药,2,38.810001373291016,"[211.97071838378906, 12687, 9504]",SZ,MARKET.SZ,301230.SZ
301231,100,荣信文化,2,28.020000457763672,"[173.3202362060547, 12654, 9561]",SZ,MARKET.SZ,301231.SZ
301232,100,飞沃科技,2,140.1999969482422,"[261.75665283203125, 12693, 9628]",SZ,MARKET.SZ,301232.SZ
301233,100,盛帮股份,2,59.099998474121094,"[68.77107238769531, 12683, 9502]",SZ,MARKET.SZ,301233.SZ
301234,100,五洲医疗,2,38.41999816894531,"[56.18208312988281, 12673, 9609]",SZ,MARKET.SZ,301234.SZ
301235,100,华康洁净,2,70.12999725341797,"[315.7975769042969, 12673, 9638]",SZ,MARKET.SZ,301235.SZ
301236,100,软通动力,2,38.119998931884766,"[919.7628173828125, 12670, 9623]",SZ,MARKET.SZ,301236.SZ
301237,100,和顺科技,2,68.9000015258789,"[77.98816680908203, 12642, 9586]",SZ,MARKET.SZ,301237.SZ
301238,100,瑞泰新材,2,21.6299991607666,"[551.4752807617188, 12656, 9637]",SZ,MARKET.SZ,301238.SZ
301239,100,普瑞眼科,2,40.689998626708984,"[133.13796997070312, 12652, 9614]",SZ,MARKET.SZ,301239.SZ
301246,100,宏源药业,2,32.61000061035156,"[949.1804809570312, 12654, 9615]",SZ,MARKET.SZ,301246.SZ
301248,100,杰创智能,2,83.2699966430664,"[288.6252136230469, 12644, 9421]",SZ,MARKET.SZ,301248.SZ
301251,100,威尔高,2,68.1500015258789,"[194.379638671875, 12652, 9614]",SZ,MARKET.SZ,301251.SZ
301252,100,同星科技,2,40.130001068115234,"[197.68325805664062, 12701, 9638]",SZ,MARKET.SZ,301252.SZ
301255,100,通力科技,2,32.380001068115234,"[234.539306640625, 12673, 9371]",SZ,MARKET.SZ,301255.SZ
301256,100,华融化学,2,13.09000015258789,"[662.9705810546875, 12630, 9397]",SZ,MARKET.SZ,301256.SZ
301257,100,普蕊斯,2,47.38999938964844,"[76.00774383544922, 12669, 9456]",SZ,MARKET.SZ,301257.SZ
301258,100,富士莱,2,28.889999389648438,"[36.520023345947266, 12699, 9456]",SZ,MARKET.SZ,301258.SZ
301259,100,艾布鲁,2,38.93000030517578,"[210.1539764404297, 12697, 9615]",SZ,MARKET.SZ,301259.SZ
301260,100,格力博,2,17.600000381469727,"[317.78125, 12671, 9624]",SZ,MARKET.SZ,301260.SZ
301261,100,恒工精密,2,98.54000091552734,"[270.7290954589844, 12681, 9440]",SZ,MARKET.SZ,301261.SZ
301262,100,海看股份,2,22.100000381469727,"[163.83367919921875, 12671, 9503]",SZ,MARKET.SZ,301262.SZ
301263,100,泰恩康,2,26.43000030517578,"[173.5038299560547, 12652, 9272]",SZ,MARKET.SZ,301263.SZ
301265,100,华新科技,2,25.65999984741211,"[285.37860107421875, 12671, 9609]",SZ,MARKET.SZ,301265.SZ
301266,100,宇邦新材,2,27.579999923706055,"[132.951904296875, 12699, 9631]",SZ,MARKET.SZ,301266.SZ
301267,100,华厦眼科,2,16.579999923706055,"[213.37245178222656, 12652, 9481]",SZ,MARKET.SZ,301267.SZ
301268,100,铭利达,2,20.989999771118164,"[163.52435302734375, 12697, 9614]",SZ,MARKET.SZ,301268.SZ
301269,100,华大九天,2,97.22000122070312,"[545.2772216796875, 12652, 9614]",SZ,MARKET.SZ,301269.SZ
301270,100,汉仪股份,2,30.139999389648438,"[95.36732482910156, 12644, 9372]",SZ,MARKET.SZ,301270.SZ
301272,100,英华特,2,44.959999084472656,"[45.88344192504883, 12685, 9638]",SZ,MARKET.SZ,301272.SZ
301273,100,瑞晨环保,2,42.66999816894531,"[116.84701538085938, 12652, 9428]",SZ,MARKET.SZ,301273.SZ
301275,100,汉朔科技,2,47.52000045776367,"[488.5908203125, 12657, 9616]",SZ,MARKET.SZ,301275.SZ
301276,100,嘉曼服饰,2,26.139999389648438,"[96.83755493164062, 12652, 9561]",SZ,MARKET.SZ,301276.SZ
301277,100,新天地,2,10.510000228881836,"[84.88116455078125, 12644, 9610]",SZ,MARKET.SZ,301277.SZ
301278,100,快可电子,2,37.75,"[115.67424774169922, 12701, 9442]",SZ,MARKET.SZ,301278.SZ
301279,100,金道科技,2,26.59000015258789,"[181.47409057617188, 12685, 9611]",SZ,MARKET.SZ,301279.SZ
301280,100,珠城科技,2,48.310001373291016,"[111.62867736816406, 12655, 9609]",SZ,MARKET.SZ,301280.SZ
301281,100,科源制药,2,36.15999984741211,"[107.17015838623047, 12644, 9589]",SZ,MARKET.SZ,301281.SZ
301282,100,金禄电子,2,26.219999313354492,"[421.9668884277344, 12671, 9614]",SZ,MARKET.SZ,301282.SZ
301283,100,聚胶股份,2,30.200000762939453,"[96.37187194824219, 12697, 9631]",SZ,MARKET.SZ,301283.SZ
301285,100,鸿日达,2,111.73999786376953,"[176.0318603515625, 12652, 9609]",SZ,MARKET.SZ,301285.SZ
301286,100,侨源股份,2,56.099998474121094,"[179.431396484375, 12683, 9602]",SZ,MARKET.SZ,301286.SZ
301287,100,康力源,2,41.31999969482422,"[30.166091918945312, 12640, 9391]",SZ,MARKET.SZ,301287.SZ
301288,100,清研环境,2,18.700000762939453,"[125.86946868896484, 12686, 9425]",SZ,MARKET.SZ,301288.SZ
301289,100,国缆检测,2,52.83000183105469,"[24.60842514038086, 12681, 9540]",SZ,MARKET.SZ,301289.SZ
301290,100,东星医疗,2,30.790000915527344,"[131.53988647460938, 12701, 9607]",SZ,MARKET.SZ,301290.SZ
301291,100,明阳电气,2,54.0,"[544.1982421875, 12683, 9630]",SZ,MARKET.SZ,301291.SZ
301292,100,海科新源,2,74.05000305175781,"[469.0908203125, 12681, 9402]",SZ,MARKET.SZ,301292.SZ
301293,100,三博脑科,2,63.900001525878906,"[543.195556640625, 12657, 9616]",SZ,MARKET.SZ,301293.SZ
301295,100,美硕科技,2,49.83000183105469,"[98.79553985595703, 12654, 9638]",SZ,MARKET.SZ,301295.SZ
301296,100,新巨丰,2,7.079999923706055,"[116.77796936035156, 12650, 9613]",SZ,MARKET.SZ,301296.SZ
301297,100,富乐德,2,49.900001525878906,"[1361.46533203125, 12693, 9558]",SZ,MARKET.SZ,301297.SZ
301298,100,东利机械,2,15.34000015258789,"[110.43399810791016, 12683, 9628]",SZ,MARKET.SZ,301298.SZ
301299,100,卓创资讯,2,57.68000030517578,"[72.10697174072266, 12644, 9616]",SZ,MARKET.SZ,301299.SZ
301300,100,远翔新材,2,37.47999954223633,"[42.33926010131836, 12693, 9632]",SZ,MARKET.SZ,301300.SZ
301301,100,川宁生物,2,9.229999542236328,"[370.4164733886719, 12642, 9609]",SZ,MARKET.SZ,301301.SZ
301302,100,华如科技,2,27.440000534057617,"[525.598388671875, 12673, 9607]",SZ,MARKET.SZ,301302.SZ
301303,100,真兰仪表,2,13.979999542236328,"[111.5428695678711, 12683, 9635]",SZ,MARKET.SZ,301303.SZ
301305,100,朗坤科技,2,24.43000030517578,"[178.92408752441406, 12698, 9637]",SZ,MARKET.SZ,301305.SZ
301306,100,西测测试,2,137.3800048828125,"[161.91986083984375, 12652, 9614]",SZ,MARKET.SZ,301306.SZ
301307,100,美利信,2,61.0,"[498.61578369140625, 12644, 9610]",SZ,MARKET.SZ,301307.SZ
301308,100,江波龙,2,539.0,"[848.0791625976562, 12686, 9631]",SZ,MARKET.SZ,301308.SZ
301309,100,万得凯,2,34.16999816894531,"[120.2518310546875, 12652, 9614]",SZ,MARKET.SZ,301309.SZ
301310,100,鑫宏业,2,28.549999237060547,"[309.9622497558594, 12693, 9629]",SZ,MARKET.SZ,301310.SZ
301311,100,昆船智能,2,15.869999885559082,"[102.4433364868164, 12683, 9463]",SZ,MARKET.SZ,301311.SZ
301312,100,智立方,2,113.5,"[195.11856079101562, 12699, 9615]",SZ,MARKET.SZ,301312.SZ
301313,100,凡拓数创,2,47.11000061035156,"[627.3637084960938, 12654, 9615]",SZ,MARKET.SZ,301313.SZ
301314,100,科瑞思,2,49.08000183105469,"[36.96929168701172, 12644, 9636]",SZ,MARKET.SZ,301314.SZ
301315,100,威士顿,2,50.709999084472656,"[79.37255096435547, 12671, 9286]",SZ,MARKET.SZ,301315.SZ
301316,100,慧博云通,2,45.04999923706055,"[1149.7281494140625, 12699, 9615]",SZ,MARKET.SZ,301316.SZ
301317,100,鑫磊股份,2,74.87999725341797,"[334.1409606933594, 12654, 9512]",SZ,MARKET.SZ,301317.SZ
301318,100,维海德,2,23.90999984741211,"[53.49794006347656, 12695, 9635]",SZ,MARKET.SZ,301318.SZ
301319,100,唯特偶,2,84.83999633789062,"[485.94476318359375, 12697, 9631]",SZ,MARKET.SZ,301319.SZ
301320,100,豪江智能,2,15.819999694824219,"[117.78782653808594, 12654, 9615]",SZ,MARKET.SZ,301320.SZ
301321,100,翰博高新,2,29.770000457763672,"[312.3702087402344, 12653, 9611]",SZ,MARKET.SZ,301321.SZ
301322,100,绿通科技,2,56.58000183105469,"[343.3565979003906, 12681, 9638]",SZ,MARKET.SZ,301322.SZ
301323,100,新莱福,2,80.08999633789062,"[107.68743133544922, 12652, 9614]",SZ,MARKET.SZ,301323.SZ
301325,100,曼恩斯特,2,43.20000076293945,"[99.39755249023438, 12678, 9627]",SZ,MARKET.SZ,301325.SZ
301326,100,捷邦科技,2,178.02999877929688,"[130.31651306152344, 12654, 9615]",SZ,MARKET.SZ,301326.SZ
301327,100,华宝新能,2,58.83000183105469,"[106.00718688964844, 12646, 9573]",SZ,MARKET.SZ,301327.SZ
301328,100,维峰电子,2,82.87999725341797,"[128.9192352294922, 12697, 9636]",SZ,MARKET.SZ,301328.SZ
301329,100,信音电子,2,26.290000915527344,"[183.61593627929688, 12654, 9384]",SZ,MARKET.SZ,301329.SZ
301330,100,熵基科技,2,29.200000762939453,"[138.51031494140625, 12654, 9540]",SZ,MARKET.SZ,301330.SZ
301331,100,恩威医药,2,25.68000030517578,"[39.00342559814453, 12650, 9638]",SZ,MARKET.SZ,301331.SZ
301332,100,德尔玛,2,8.920000076293945,"[118.55570220947266, 12701, 9614]",SZ,MARKET.SZ,301332.SZ
301333,100,诺思格,2,54.369998931884766,"[59.76423263549805, 12652, 9583]",SZ,MARKET.SZ,301333.SZ
301335,100,天元宠物,2,22.670000076293945,"[61.290164947509766, 12686, 9631]",SZ,MARKET.SZ,301335.SZ
301336,100,趣睡科技,2,53.939998626708984,"[62.804908752441406, 12655, 9354]",SZ,MARKET.SZ,301336.SZ
301337,100,亚华电子,2,26.8700008392334,"[76.29859161376953, 12701, 9638]",SZ,MARKET.SZ,301337.SZ
301338,100,凯格精机,2,190.0,"[151.08584594726562, 12652, 9614]",SZ,MARKET.SZ,301338.SZ
301339,100,通行宝,2,12.600000381469727,"[183.36366271972656, 12642, 9566]",SZ,MARKET.SZ,301339.SZ
301345,100,涛涛车业,2,222.69000244140625,"[60.31624221801758, 12699, 9609]",SZ,MARKET.SZ,301345.SZ
301348,100,蓝箭电子,2,30.209999084472656,"[1312.3619384765625, 12652, 9614]",SZ,MARKET.SZ,301348.SZ
301349,100,信德新材,2,49.380001068115234,"[375.98590087890625, 12681, 9623]",SZ,MARKET.SZ,301349.SZ
301353,100,普莱得,2,28.299999237060547,"[45.65778350830078, 12654, 9371]",SZ,MARKET.SZ,301353.SZ
301355,100,南王科技,2,11.930000305175781,"[146.0490264892578, 12654, 9615]",SZ,MARKET.SZ,301355.SZ
301356,100,天振股份,2,26.559999465942383,"[168.95632934570312, 12683, 9629]",SZ,MARKET.SZ,301356.SZ
301357,100,北方长龙,2,99.0999984741211,"[72.67765045166016, 12694, 9603]",SZ,MARKET.SZ,301357.SZ
301358,100,湖南裕能,2,91.41999816894531,"[1240.2354736328125, 12652, 9637]",SZ,MARKET.SZ,301358.SZ
301359,100,东南电子,2,22.6299991607666,"[87.23859405517578, 12644, 9630]",SZ,MARKET.SZ,301359.SZ
301360,100,荣旗科技,2,88.12999725341797,"[57.301448822021484, 12701, 9635]",SZ,MARKET.SZ,301360.SZ
301361,100,众智科技,2,44.849998474121094,"[283.7380065917969, 12686, 9631]",SZ,MARKET.SZ,301361.SZ
301362,100,民爆光电,2,198.94000244140625,"[135.6883544921875, 12701, 9638]",SZ,MARKET.SZ,301362.SZ
301363,100,美好医疗,2,28.06999969482422,"[738.080322265625, 12681, 9463]",SZ,MARKET.SZ,301363.SZ
301365,100,矩阵股份,2,34.77000045776367,"[172.822265625, 12699, 9637]",SZ,MARKET.SZ,301365.SZ
301366,100,一博科技,2,41.209999084472656,"[208.98876953125, 12652, 9580]",SZ,MARKET.SZ,301366.SZ
301367,100,瑞迈特,2,69.3499984741211,"[52.15591812133789, 12699, 9637]",SZ,MARKET.SZ,301367.SZ
301368,100,丰立智能,2,56.18000030517578,"[216.31988525390625, 12685, 9286]",SZ,MARKET.SZ,301368.SZ
301369,100,联动科技,2,273.4200134277344,"[92.24105834960938, 12701, 9635]",SZ,MARKET.SZ,301369.SZ
301370,100,国科恒泰,2,9.529999732971191,"[171.59654235839844, 12701, 9274]",SZ,MARKET.SZ,301370.SZ
301371,100,敷尔佳,2,31.5,"[140.1688232421875, 12683, 9631]",SZ,MARKET.SZ,301371.SZ
301372,100,科净源,2,37.66999816894531,"[123.388916015625, 12680, 9179]",SZ,MARKET.SZ,301372.SZ
301373,100,凌玮科技,2,123.5999984741211,"[280.5204772949219, 12644, 9637]",SZ,MARKET.SZ,301373.SZ
301376,100,致欧科技,2,18.1200008392334,"[266.8214111328125, 12654, 9615]",SZ,MARKET.SZ,301376.SZ
301377,100,鼎泰高科,2,258.8599853515625,"[240.02557373046875, 12698, 9637]",SZ,MARKET.SZ,301377.SZ
301378,100,通达海,2,33.0099983215332,"[125.97021484375, 12652, 9614]",SZ,MARKET.SZ,301378.SZ
301379,100,天山电子,2,32.290000915527344,"[1202.126953125, 12681, 9616]",SZ,MARKET.SZ,301379.SZ
301380,100,挖金客,2,35.529998779296875,"[158.9931182861328, 12671, 9638]",SZ,MARKET.SZ,301380.SZ
301381,100,赛维时代,2,19.1299991607666,"[264.0856018066406, 12693, 9614]",SZ,MARKET.SZ,301381.SZ
301382,100,蜂助手,2,47.439998626708984,"[566.7579956054688, 12687, 9631]",SZ,MARKET.SZ,301382.SZ
301383,100,天键股份,2,31.280000686645508,"[209.46713256835938, 12654, 9532]",SZ,MARKET.SZ,301383.SZ
301386,100,未来电器,2,24.5,"[69.3337173461914, 12699, 9582]",SZ,MARKET.SZ,301386.SZ
301387,100,光大同创,2,113.98999786376953,"[273.7249450683594, 12646, 9369]",SZ,MARKET.SZ,301387.SZ
301388,100,欣灵电气,2,30.719999313354492,"[75.57711029052734, 12673, 9637]",SZ,MARKET.SZ,301388.SZ
301389,100,隆扬电子,2,70.3499984741211,"[437.6351318359375, 12669, 9616]",SZ,MARKET.SZ,301389.SZ
301390,100,经纬股份,2,35.86000061035156,"[40.08317565917969, 12671, 9623]",SZ,MARKET.SZ,301390.SZ
301391,100,卡莱特,2,71.75,"[89.6384048461914, 12655, 9615]",SZ,MARKET.SZ,301391.SZ
301392,100,汇成真空,2,186.89999389648438,"[242.96044921875, 12652, 9631]",SZ,MARKET.SZ,301392.SZ
301393,100,昊帆生物,2,63.689998626708984,"[135.55239868164062, 12644, 9631]",SZ,MARKET.SZ,301393.SZ
301395,100,仁信新材,2,12.800000190734863,"[208.94200134277344, 12646, 9611]",SZ,MARKET.SZ,301395.SZ
301396,100,宏景科技,2,297.2699890136719,"[344.2716064453125, 12700, 9638]",SZ,MARKET.SZ,301396.SZ
301397,100,溯联股份,2,39.709999084472656,"[258.0372619628906, 12699, 9610]",SZ,MARKET.SZ,301397.SZ
301398,100,星源卓镁,2,46.619998931884766,"[77.62067413330078, 12654, 9477]",SZ,MARKET.SZ,301398.SZ
301399,100,英特科技,2,20.469999313354492,"[155.69924926757812, 12699, 9631]",SZ,MARKET.SZ,301399.SZ
301408,100,华人健康,2,17.81999969482422,"[700.3333740234375, 12646, 9637]",SZ,MARKET.SZ,301408.SZ
301413,100,安培龙,2,139.0,"[333.0687561035156, 12673, 9638]",SZ,MARKET.SZ,301413.SZ
301418,100,协昌科技,2,42.279998779296875,"[64.59821319580078, 12652, 9091]",SZ,MARKET.SZ,301418.SZ
301419,100,阿莱德,2,44.29999923706055,"[201.05870056152344, 12644, 9638]",SZ,MARKET.SZ,301419.SZ
301421,100,波长光电,2,119.91999816894531,"[435.343505859375, 12683, 9397]",SZ,MARKET.SZ,301421.SZ
301428,100,世纪恒通,2,33.279998779296875,"[171.26010131835938, 12698, 9637]",SZ,MARKET.SZ,301428.SZ
301429,100,森泰股份,2,21.719999313354492,"[55.96794891357422, 12652, 9614]",SZ,MARKET.SZ,301429.SZ
301439,100,泓淋电力,2,16.479999542236328,"[205.08253479003906, 12701, 9273]",SZ,MARKET.SZ,301439.SZ
301446,100,福事特,2,43.849998474121094,"[89.93292236328125, 12644, 9635]",SZ,MARKET.SZ,301446.SZ
301448,100,开创电气,2,36.529998779296875,"[39.32188415527344, 12671, 9614]",SZ,MARKET.SZ,301448.SZ
301449,100,天溯计量,2,69.25,"[32.50243377685547, 12652, 9614]",SZ,MARKET.SZ,301449.SZ
301456,100,盘古智能,2,30.440000534057617,"[95.6371078491211, 12646, 9611]",SZ,MARKET.SZ,301456.SZ
301458,100,钧崴电子,2,40.54999923706055,"[290.05780029296875, 12650, 9636]",SZ,MARKET.SZ,301458.SZ
301459,100,丰茂股份,2,41.08000183105469,"[94.8390884399414, 12681, 9614]",SZ,MARKET.SZ,301459.SZ
301468,100,博盈特焊,2,50.70000076293945,"[212.9670867919922, 12699, 9638]",SZ,MARKET.SZ,301468.SZ
301469,100,恒达新材,2,36.09000015258789,"[90.33010864257812, 12640, 9370]",SZ,MARKET.SZ,301469.SZ
301479,100,弘景光电,2,111.69999694824219,"[167.43734741210938, 12636, 9636]",SZ,MARKET.SZ,301479.SZ
301486,100,致尚科技,2,235.3000030517578,"[458.1112060546875, 12654, 9370]",SZ,MARKET.SZ,301486.SZ
301487,100,盟固利,2,25.399999618530273,"[725.8222045898438, 12656, 9091]",SZ,MARKET.SZ,301487.SZ
301488,100,豪恩汽电,2,157.8800048828125,"[191.2753143310547, 12642, 9614]",SZ,MARKET.SZ,301488.SZ
301489,100,思泉新材,2,267.69000244140625,"[208.92237854003906, 12652, 9372]",SZ,MARKET.SZ,301489.SZ
301491,100,汉桑科技,2,48.869998931884766,"[33.966793060302734, 12642, 9532]",SZ,MARKET.SZ,301491.SZ
301498,100,乖宝宠物,2,45.79999923706055,"[216.69717407226562, 12693, 9609]",SZ,MARKET.SZ,301498.SZ
301499,100,维科精密,2,36.68000030517578,"[126.26875305175781, 12654, 9386]",SZ,MARKET.SZ,301499.SZ
301500,100,飞南资源,2,26.360000610351562,"[594.8283081054688, 12646, 9597]",SZ,MARKET.SZ,301500.SZ
301501,100,恒鑫生活,2,30.510000228881836,"[38.13800811767578, 12701, 9573]",SZ,MARKET.SZ,301501.SZ
301502,100,华阳智能,2,87.27999877929688,"[145.6866455078125, 12654, 9615]",SZ,MARKET.SZ,301502.SZ
301503,100,智迪科技,2,34.029998779296875,"[35.24000930786133, 12654, 9391]",SZ,MARKET.SZ,301503.SZ
301505,100,苏州规划,2,20.579999923706055,"[98.70039367675781, 12644, 9628]",SZ,MARKET.SZ,301505.SZ
301507,100,民生健康,2,13.569999694824219,"[122.78801727294922, 12645, 9610]",SZ,MARKET.SZ,301507.SZ
301508,100,中机认检,2,27.719999313354492,"[67.73321533203125, 12652, 9638]",SZ,MARKET.SZ,301508.SZ
301509,100,金凯生科,2,31.90999984741211,"[80.22888946533203, 12701, 9272]",SZ,MARKET.SZ,301509.SZ
301510,100,固高科技,2,39.540000915527344,"[676.2113037109375, 12657, 9372]",SZ,MARKET.SZ,301510.SZ
301511,100,德福科技,2,98.25,"[1514.546875, 12683, 9636]",SZ,MARKET.SZ,301511.SZ
301512,100,智信精密,2,51.90999984741211,"[58.54589080810547, 12652, 9273]",SZ,MARKET.SZ,301512.SZ
301513,100,尚水智能,2,82.5199966430664,"[251.7219696044922, 12669, 9602]",SZ,MARKET.SZ,301513.SZ
301515,100,港通医疗,2,22.729999542236328,"[73.51258087158203, 12701, 9610]",SZ,MARKET.SZ,301515.SZ
301516,100,中远通,2,20.700000762939453,"[538.9125366210938, 12652, 9106]",SZ,MARKET.SZ,301516.SZ
301517,100,陕西华达,2,63.540000915527344,"[202.9906768798828, 12673, 9614]",SZ,MARKET.SZ,301517.SZ
301518,100,长华化学,2,33.65999984741211,"[68.93541717529297, 12669, 9614]",SZ,MARKET.SZ,301518.SZ
301519,100,舜禹股份,2,14.59000015258789,"[103.41323852539062, 12646, 9611]",SZ,MARKET.SZ,301519.SZ
301520,100,万邦医药,2,39.900001525878906,"[23.847042083740234, 12683, 9609]",SZ,MARKET.SZ,301520.SZ
301522,100,上大股份,2,31.56999969482422,"[243.41659545898438, 12654, 9615]",SZ,MARKET.SZ,301522.SZ
301525,100,儒竞科技,2,83.77999877929688,"[114.6274185180664, 12671, 9398]",SZ,MARKET.SZ,301525.SZ
301526,100,国际复材,2,17.809999465942383,"[6866.6533203125, 12694, 9125]",SZ,MARKET.SZ,301526.SZ
301528,100,多浦乐,2,69.13999938964844,"[38.25934982299805, 12642, 9608]",SZ,MARKET.SZ,301528.SZ
301529,100,福赛科技,2,173.89999389648438,"[169.79296875, 12652, 9636]",SZ,MARKET.SZ,301529.SZ
301531,100,春光集团,2,89.9000015258789,"[895.747314453125, 12675, 9624]",SZ,MARKET.SZ,301531.SZ
301533,100,威马农机,2,30.459999084472656,"[41.22304153442383, 12650, 9273]",SZ,MARKET.SZ,301533.SZ
301535,100,浙江华远,2,18.510000228881836,"[123.11762237548828, 12652, 9582]",SZ,MARKET.SZ,301535.SZ
301536,100,星宸科技,2,87.63999938964844,"[370.8636779785156, 12644, 9636]",SZ,MARKET.SZ,301536.SZ
301538,100,骏鼎达,2,103.55000305175781,"[211.1857452392578, 12681, 9362]",SZ,MARKET.SZ,301538.SZ
301539,100,宏鑫科技,2,17.270000457763672,"[84.56047821044922, 12646, 9611]",SZ,MARKET.SZ,301539.SZ
301548,100,崇德科技,2,85.16000366210938,"[81.4932861328125, 12671, 9636]",SZ,MARKET.SZ,301548.SZ
301550,100,斯菱智驱,2,196.72000122070312,"[348.8004150390625, 12644, 9608]",SZ,MARKET.SZ,301550.SZ
301551,100,无线传媒,2,25.700000762939453,"[230.0289764404297, 12671, 9453]",SZ,MARKET.SZ,301551.SZ
301552,100,科力装备,2,29.030000686645508,"[54.22120666503906, 12673, 9615]",SZ,MARKET.SZ,301552.SZ
301555,100,惠柏新材,2,39.41999816894531,"[255.73367309570312, 12652, 9614]",SZ,MARKET.SZ,301555.SZ
301556,100,托普云农,2,75.62999725341797,"[82.33833312988281, 12650, 9446]",SZ,MARKET.SZ,301556.SZ
301557,100,常友科技,2,110.97000122070312,"[41.34204864501953, 12652, 9638]",SZ,MARKET.SZ,301557.SZ
301558,100,三态股份,2,7.570000171661377,"[363.06024169921875, 12683, 9615]",SZ,MARKET.SZ,301558.SZ
301559,100,中集环科,2,15.479999542236328,"[83.68099975585938, 12644, 9615]",SZ,MARKET.SZ,301559.SZ
301560,100,众捷汽车,2,38.70000076293945,"[203.4608154296875, 12654, 9610]",SZ,MARKET.SZ,301560.SZ
301563,100,云汉芯城,2,162.1199951171875,"[106.1958999633789, 12626, 9582]",SZ,MARKET.SZ,301563.SZ
301565,100,中仑新材,2,21.809999465942383,"[169.2681884765625, 12681, 9301]",SZ,MARKET.SZ,301565.SZ
301566,100,达利凯普,2,28.25,"[817.2442016601562, 12685, 9613]",SZ,MARKET.SZ,301566.SZ
301567,100,贝隆精密,2,46.18000030517578,"[66.80452728271484, 12671, 9268]",SZ,MARKET.SZ,301567.SZ
301568,100,思泰克,2,58.40999984741211,"[197.71524047851562, 12654, 9623]",SZ,MARKET.SZ,301568.SZ
301571,100,国科天成,2,63.380001068115234,"[123.46885681152344, 12652, 9614]",SZ,MARKET.SZ,301571.SZ
301575,100,艾芬达,2,46.310001373291016,"[31.76726722717285, 12644, 9564]",SZ,MARKET.SZ,301575.SZ
301577,100,美信科技,2,71.06999969482422,"[68.18565368652344, 12673, 9611]",SZ,MARKET.SZ,301577.SZ
301578,100,辰奕智能,2,34.5099983215332,"[40.98244094848633, 12679, 9614]",SZ,MARKET.SZ,301578.SZ
301580,100,爱迪特,2,61.41999816894531,"[225.48782348632812, 12654, 9307]",SZ,MARKET.SZ,301580.SZ
301581,100,黄山谷捷,2,47.849998474121094,"[35.4324836730957, 12683, 9607]",SZ,MARKET.SZ,301581.SZ
301584,100,建发致新,2,24.25,"[92.30034637451172, 12673, 9579]",SZ,MARKET.SZ,301584.SZ
301585,100,蓝宇股份,2,28.09000015258789,"[50.898109436035156, 12654, 9615]",SZ,MARKET.SZ,301585.SZ
301586,100,佳力奇,2,40.599998474121094,"[40.478614807128906, 12654, 9615]",SZ,MARKET.SZ,301586.SZ
301587,100,中瑞股份,2,26.8700008392334,"[229.7395477294922, 12679, 9441]",SZ,MARKET.SZ,301587.SZ
301588,100,美新科技,2,33.439998626708984,"[312.2446594238281, 12699, 9305]",SZ,MARKET.SZ,301588.SZ
301589,100,诺瓦星云,2,179.52000427246094,"[67.9959487915039, 12646, 9369]",SZ,MARKET.SZ,301589.SZ
301590,100,优优绿能,2,194.0,"[51.05060958862305, 12654, 9469]",SZ,MARKET.SZ,301590.SZ
301591,100,肯特股份,2,44.060001373291016,"[127.68099975585938, 12681, 9637]",SZ,MARKET.SZ,301591.SZ
301592,100,六九一二,2,122.30000305175781,"[59.03117370605469, 12651, 9427]",SZ,MARKET.SZ,301592.SZ
301595,100,太力科技,2,47.40999984741211,"[104.58016967773438, 12693, 9634]",SZ,MARKET.SZ,301595.SZ
301596,100,瑞迪智驱,2,87.19999694824219,"[174.1970977783203, 12671, 9609]",SZ,MARKET.SZ,301596.SZ
301598,100,博科测试,2,64.5999984741211,"[35.54293441772461, 12638, 9631]",SZ,MARKET.SZ,301598.SZ
301599,100,理奇智能,2,71.1500015258789,"[1059.358642578125, 12657, 9615]",SZ,MARKET.SZ,301599.SZ
301600,100,慧翰股份,2,112.38999938964844,"[51.79531478881836, 12654, 9435]",SZ,MARKET.SZ,301600.SZ
301601,100,惠通科技,2,20.239999771118164,"[68.34229278564453, 12679, 9510]",SZ,MARKET.SZ,301601.SZ
301602,100,超研股份,2,17.670000076293945,"[72.00727844238281, 12654, 9517]",SZ,MARKET.SZ,301602.SZ
301603,100,乔锋智能,2,140.97000122070312,"[163.59869384765625, 12650, 9496]",SZ,MARKET.SZ,301603.SZ
301606,100,绿联科技,2,76.91999816894531,"[224.13922119140625, 12687, 9625]",SZ,MARKET.SZ,301606.SZ
301607,100,富特科技,2,54.72999954223633,"[329.533203125, 12681, 9624]",SZ,MARKET.SZ,301607.SZ
301608,100,博实结,2,63.33000183105469,"[72.08773803710938, 12695, 9630]",SZ,MARKET.SZ,301608.SZ
301609,100,山大电力,2,47.939998626708984,"[169.14210510253906, 12652, 9518]",SZ,MARKET.SZ,301609.SZ
301611,100,珂玛科技,2,113.87999725341797,"[749.5533447265625, 12687, 9358]",SZ,MARKET.SZ,301611.SZ
301613,100,新铝时代,2,45.0099983215332,"[64.99695587158203, 12701, 9434]",SZ,MARKET.SZ,301613.SZ
301616,100,浙江华业,2,44.150001525878906,"[31.737775802612305, 12652, 9581]",SZ,MARKET.SZ,301616.SZ
301617,100,博苑新材,2,65.47000122070312,"[145.91812133789062, 12688, 9636]",SZ,MARKET.SZ,301617.SZ
301618,100,长联科技,2,52.4900016784668,"[51.30363464355469, 12654, 9637]",SZ,MARKET.SZ,301618.SZ
301622,100,英思特,2,56.959999084472656,"[73.5467758178711, 12671, 9635]",SZ,MARKET.SZ,301622.SZ
301626,100,苏州天脉,2,277.1000061035156,"[87.1687240600586, 12652, 9427]",SZ,MARKET.SZ,301626.SZ
301628,100,强达电路,2,112.6500015258789,"[123.71930694580078, 12644, 9630]",SZ,MARKET.SZ,301628.SZ
301629,100,矽电股份,2,382.0899963378906,"[92.90501403808594, 12640, 9578]",SZ,MARKET.SZ,301629.SZ
301630,100,同宇新材,2,246.8000030517578,"[54.61371612548828, 12644, 9607]",SZ,MARKET.SZ,301630.SZ
301631,100,壹连科技,2,129.9499969482422,"[101.14058685302734, 12655, 9615]",SZ,MARKET.SZ,301631.SZ
301632,100,广东建科,2,18.610000610351562,"[105.73580932617188, 12642, 9538]",SZ,MARKET.SZ,301632.SZ
301633,100,港迪技术,2,56.380001068115234,"[27.71175765991211, 12701, 9441]",SZ,MARKET.SZ,301633.SZ
301636,100,泽润新能,2,55.77000045776367,"[74.427001953125, 12701, 9631]",SZ,MARKET.SZ,301636.SZ
301638,100,南网数字,2,27.649999618530273,"[1363.991943359375, 12687, 9631]",SZ,MARKET.SZ,301638.SZ
301656,100,联合动力,2,19.649999618530273,"[426.29180908203125, 12657, 9614]",SZ,MARKET.SZ,301656.SZ
301658,100,首航新能,2,39.349998474121094,"[562.2577514648438, 12654, 9587]",SZ,MARKET.SZ,301658.SZ
301662,100,宏工科技,2,153.0399932861328,"[88.04640197753906, 12654, 9602]",SZ,MARKET.SZ,301662.SZ
301665,100,泰禾股份,2,24.420000076293945,"[105.0555419921875, 12699, 9596]",SZ,MARKET.SZ,301665.SZ
301666,100,大普微,2,816.0,"[278.8994140625, 12655, 9615]",SZ,MARKET.SZ,301666.SZ
301667,100,纳百川,2,96.19000244140625,"[152.27760314941406, 12654, 9609]",SZ,MARKET.SZ,301667.SZ
301668,100,昊创瑞通,2,40.83000183105469,"[47.771915435791016, 12654, 9580]",SZ,MARKET.SZ,301668.SZ
301678,100,新恒汇,2,65.58000183105469,"[176.24803161621094, 12640, 9637]",SZ,MARKET.SZ,301678.SZ
301680,100,固德电材,2,107.25,"[114.59466552734375, 12652, 9560]",SZ,MARKET.SZ,301680.SZ
301682,100,宏明电子,2,152.97999572753906,"[234.1390838623047, 12699, 9611]",SZ,MARKET.SZ,301682.SZ
301683,100,慧谷新材,2,136.17999267578125,"[127.28362274169922, 12699, 9615]",SZ,MARKET.SZ,301683.SZ
301687,100,新广益,2,57.060001373291016,"[134.57054138183594, 12695, 9615]",SZ,MARKET.SZ,301687.SZ
301696,100,三瑞智能,2,150.22000122070312,"[527.1847534179688, 12655, 9615]",SZ,MARKET.SZ,301696.SZ
301669,100,高特电子,2,0.0,"[0.0, 12699, 0]",SZ,MARKET.SZ,301669.SZ
688635,100,长进光子,2,0.0,"[0.0, 12687, 0]",SH,MARKET.SH,688635.SH
689009,100,九号公司,2,39.5,"[483.783203125, 522, 9560]",SH,MARKET.SH,689009.SH
688981,100,中芯国际,2,127.22000122070312,"[5594.09716796875, 12686, 9623]",SH,MARKET.SH,688981.SH
688820,100,盛合晶微,2,176.8000030517578,"[1950.29638671875, 12656, 9605]",SH,MARKET.SH,688820.SH
688819,100,天能股份,2,25.780000686645508,"[176.01107788085938, 12656, 9288]",SH,MARKET.SH,688819.SH
688818,100,电科蓝天,2,77.0,"[899.9691162109375, 12654, 9535]",SH,MARKET.SH,688818.SH
688816,100,易思维,2,71.01000213623047,"[144.7974395751953, 12656, 9638]",SH,MARKET.SH,688816.SH
688813,100,泰金新能,2,138.0,"[217.2453155517578, 12654, 9584]",SH,MARKET.SH,688813.SH
688811,100,有研复材,2,33.25,"[1279.4317626953125, 12657, 9595]",SH,MARKET.SH,688811.SH
688809,100,强一股份,2,484.8999938964844,"[154.09547424316406, 12650, 9613]",SH,MARKET.SH,688809.SH
688808,100,联讯仪器,2,1530.0,"[159.6132049560547, 12654, 9609]",SH,MARKET.SH,688808.SH
688807,100,优迅股份,2,451.9800109863281,"[144.9183349609375, 12652, 9596]",SH,MARKET.SH,688807.SH
688805,100,健信超导,2,56.220001220703125,"[185.1626434326172, 12656, 9609]",SH,MARKET.SH,688805.SH
688802,100,沐曦股份,2,723.5999755859375,"[117.16082000732422, 12657, 9582]",SH,MARKET.SH,688802.SH
688800,100,瑞可达,2,132.61000061035156,"[493.4776306152344, 12654, 9372]",SH,MARKET.SH,688800.SH
688799,100,华纳药厂,2,54.209999084472656,"[149.41360473632812, 12638, 9373]",SH,MARKET.SH,688799.SH
688798,100,XD艾为电,2,70.38999938964844,"[224.2610321044922, 12652, 9631]",SH,MARKET.SH,688798.SH
688796,100,百奥赛图,2,105.77999877929688,"[94.44931030273438, 12652, 9582]",SH,MARKET.SH,688796.SH
688795,100,摩尔线程,2,692.3499755859375,"[160.3333282470703, 12650, 9613]",SH,MARKET.SH,688795.SH
688793,100,倍轻松,2,21.729999542236328,"[119.16815948486328, 12656, 9091]",SH,MARKET.SH,688793.SH
688790,100,昂瑞微,2,149.3000030517578,"[61.29049301147461, 12652, 9614]",SH,MARKET.SH,688790.SH
688789,100,宏华数科,2,57.560001373291016,"[98.26679229736328, 12656, 9608]",SH,MARKET.SH,688789.SH
688788,100,科思科技,2,52.560001373291016,"[88.0097427368164, 12646, 9596]",SH,MARKET.SH,688788.SH
688787,100,海天瑞声,2,142.6999969482422,"[161.80221557617188, 12644, 9302]",SH,MARKET.SH,688787.SH
688786,100,悦安新材,2,32.709999084472656,"[152.86221313476562, 12652, 9371]",SH,MARKET.SH,688786.SH
688785,100,恒运昌,2,433.0,"[61.16345977783203, 12652, 9523]",SH,MARKET.SH,688785.SH
688783,100,西安奕材,2,32.59000015258789,"[1594.32958984375, 12651, 9613]",SH,MARKET.SH,688783.SH
688781,100,视涯科技,2,49.93000030517578,"[301.2857360839844, 12644, 9579]",SH,MARKET.SH,688781.SH
688779,100,五矿新能,2,9.510000228881836,"[1371.3104248046875, 12654, 9615]",SH,MARKET.SH,688779.SH
688778,100,厦钨新能,2,69.31999969482422,"[291.4085998535156, 12643, 9609]",SH,MARKET.SH,688778.SH
688777,100,中控技术,2,84.8499984741211,"[1198.533935546875, 12646, 9539]",SH,MARKET.SH,688777.SH
688776,100,国光电气,2,77.02999877929688,"[97.33170318603516, 12657, 9151]",SH,MARKET.SH,688776.SH
688775,100,影石创新,2,194.5800018310547,"[65.88601684570312, 12654, 9475]",SH,MARKET.SH,688775.SH
688772,100,珠海冠宇,2,16.020000457763672,"[1777.334716796875, 12656, 9638]",SH,MARKET.SH,688772.SH
688768,100,容知日新,2,48.599998474121094,"[97.9345474243164, 12652, 9614]",SH,MARKET.SH,688768.SH
688767,100,博拓生物,2,37.720001220703125,"[133.44679260253906, 12646, 9372]",SH,MARKET.SH,688767.SH
688766,100,普冉股份,2,387.32000732421875,"[319.016357421875, 12654, 9636]",SH,MARKET.SH,688766.SH
688765,100,禾元生物,2,56.349998474121094,"[68.18262481689453, 12652, 9613]",SH,MARKET.SH,688765.SH
688759,100,必贝特,2,36.52000045776367,"[212.97833251953125, 12701, 9613]",SH,MARKET.SH,688759.SH
688758,100,赛分科技,2,19.290000915527344,"[162.94940185546875, 12640, 9505]",SH,MARKET.SH,688758.SH
688757,100,胜科纳米,2,34.310001373291016,"[406.0875244140625, 12646, 9579]",SH,MARKET.SH,688757.SH
688755,100,汉邦科技,2,37.75,"[32.32680892944336, 12687, 9631]",SH,MARKET.SH,688755.SH
688750,100,金天钛业,2,17.75,"[153.7855987548828, 12673, 9454]",SH,MARKET.SH,688750.SH
688739,100,成大生物,2,22.530000686645508,"[77.2030258178711, 12654, 9285]",SH,MARKET.SH,688739.SH
688737,100,中自科技,2,29.450000762939453,"[147.16603088378906, 12656, 9242]",SH,MARKET.SH,688737.SH
688733,100,壹石通,2,34.29999923706055,"[425.7574157714844, 12656, 9291]",SH,MARKET.SH,688733.SH
688729,100,屹唐股份,2,28.190000534057617,"[1244.1832275390625, 12654, 9503]",SH,MARKET.SH,688729.SH
688728,100,格科微,2,14.569999694824219,"[1510.941162109375, 12656, 9358]",SH,MARKET.SH,688728.SH
688727,100,恒坤新材,2,58.209999084472656,"[524.7471313476562, 12687, 9631]",SH,MARKET.SH,688727.SH
688726,100,拉普拉斯,2,63.63999938964844,"[853.5844116210938, 12654, 9485]",SH,MARKET.SH,688726.SH
688722,100,同益中,2,18.219999313354492,"[222.46617126464844, 12646, 9292]",SH,MARKET.SH,688722.SH
688721,100,龙图光罩,2,47.5099983215332,"[211.40481567382812, 12656, 9480]",SH,MARKET.SH,688721.SH
688720,100,艾森股份,2,90.0,"[336.8822937011719, 12646, 9470]",SH,MARKET.SH,688720.SH
688719,100,爱科赛博,2,75.52999877929688,"[185.97621154785156, 12641, 9400]",SH,MARKET.SH,688719.SH
688718,100,唯赛勃,2,17.0,"[141.88111877441406, 12669, 9421]",SH,MARKET.SH,688718.SH
688717,100,艾罗能源,2,123.55999755859375,"[303.0112609863281, 12654, 9615]",SH,MARKET.SH,688717.SH
688716,100,中研股份,2,37.290000915527344,"[177.7827606201172, 12654, 9393]",SH,MARKET.SH,688716.SH
688712,100,北芯生命,2,48.0,"[306.58489990234375, 12646, 9611]",SH,MARKET.SH,688712.SH
688711,100,宏微科技,2,32.56999969482422,"[806.5567626953125, 12657, 9616]",SH,MARKET.SH,688711.SH
688710,100,益诺思,2,65.41000366210938,"[102.3057861328125, 12656, 9376]",SH,MARKET.SH,688710.SH
688709,100,成都华微,2,37.810001373291016,"[372.1262512207031, 12656, 9533]",SH,MARKET.SH,688709.SH
688708,100,佳驰科技,2,50.61000061035156,"[99.198486328125, 12652, 9469]",SH,MARKET.SH,688708.SH
688707,100,振华新材,2,16.360000610351562,"[867.0866088867188, 12646, 9247]",SH,MARKET.SH,688707.SH
688702,100,盛科通信,2,300.8699951171875,"[403.4203186035156, 12642, 9386]",SH,MARKET.SH,688702.SH
688701,100,卓锦股份,2,10.270000457763672,"[91.9079818725586, 12654, 9250]",SH,MARKET.SH,688701.SH
688700,100,东威科技,2,70.06999969482422,"[815.99365234375, 12652, 9301]",SH,MARKET.SH,688700.SH
688699,100,明微电子,2,62.25,"[327.0481262207031, 12656, 8885]",SH,MARKET.SH,688699.SH
688698,100,伟创电气,2,84.23999786376953,"[513.09765625, 12654, 9504]",SH,MARKET.SH,688698.SH
688697,100,纽威数控,2,23.969999313354492,"[1259.142333984375, 12652, 9371]",SH,MARKET.SH,688697.SH
688696,100,极米科技,2,83.58000183105469,"[47.962459564208984, 12656, 9629]",SH,MARKET.SH,688696.SH
688695,100,中创股份,2,23.799999237060547,"[43.410282135009766, 12652, 9567]",SH,MARKET.SH,688695.SH
688693,100,锴威特,2,116.0,"[230.91404724121094, 12656, 9358]",SH,MARKET.SH,688693.SH
688692,100,达梦数据,2,255.22999572753906,"[76.74910736083984, 12646, 9635]",SH,MARKET.SH,688692.SH
688691,100,灿芯股份,2,118.66999816894531,"[566.9117431640625, 12654, 9596]",SH,MARKET.SH,688691.SH
688690,100,纳微科技,2,34.68000030517578,"[582.8565063476562, 12652, 9289]",SH,MARKET.SH,688690.SH
688689,100,银河微电,2,40.5,"[239.92343139648438, 12642, 9609]",SH,MARKET.SH,688689.SH
688687,100,凯因科技,2,18.399999618530273,"[93.32997131347656, 12701, 9286]",SH,MARKET.SH,688687.SH
688686,100,奥普特,2,137.0,"[120.702392578125, 12654, 9626]",SH,MARKET.SH,688686.SH
688685,100,迈信林,2,52.56999969482422,"[212.62863159179688, 12654, 9615]",SH,MARKET.SH,688685.SH
688683,100,莱尔科技,2,43.0,"[98.36994171142578, 12654, 9505]",SH,MARKET.SH,688683.SH
688682,100,霍莱沃,2,48.59000015258789,"[144.19403076171875, 12626, 9371]",SH,MARKET.SH,688682.SH
688681,100,科汇股份,2,19.610000610351562,"[92.75263214111328, 12656, 9289]",SH,MARKET.SH,688681.SH
688680,100,海优新材,2,44.779998779296875,"[135.2237548828125, 12654, 9594]",SH,MARKET.SH,688680.SH
688679,100,通源环境,2,67.44999694824219,"[273.2129211425781, 12656, 9273]",SH,MARKET.SH,688679.SH
688678,100,福立旺,2,24.889999389648438,"[988.5203857421875, 12701, 9602]",SH,MARKET.SH,688678.SH
688677,100,海泰新光,2,125.87999725341797,"[173.90682983398438, 12646, 9366]",SH,MARKET.SH,688677.SH
688676,100,金盘科技,2,93.72000122070312,"[834.92724609375, 12644, 9614]",SH,MARKET.SH,688676.SH
688671,100,碧兴物联,2,25.149999618530273,"[68.20846557617188, 12656, 9351]",SH,MARKET.SH,688671.SH
688670,100,金迪克,2,19.020000457763672,"[124.92879486083984, 12642, 9239]",SH,MARKET.SH,688670.SH
688669,100,聚石化学,2,35.11000061035156,"[190.61805725097656, 12652, 9250]",SH,MARKET.SH,688669.SH
688668,100,鼎通科技,2,260.0,"[252.25990295410156, 12628, 9635]",SH,MARKET.SH,688668.SH
688667,100,菱电电控,2,147.0399932861328,"[69.7221908569336, 12687, 9596]",SH,MARKET.SH,688667.SH
688665,100,四方光电,2,52.099998474121094,"[46.6954231262207, 12656, 9568]",SH,MARKET.SH,688665.SH
688663,100,新风光,2,91.0,"[334.319580078125, 12687, 9520]",SH,MARKET.SH,688663.SH
688662,100,富信科技,2,85.37999725341797,"[424.1622009277344, 12650, 9299]",SH,MARKET.SH,688662.SH
688661,100,和林微纳,2,116.22000122070312,"[246.22369384765625, 12652, 9636]",SH,MARKET.SH,688661.SH
688660,100,电气风电,2,11.5600004196167,"[1085.154296875, 12638, 8903]",SH,MARKET.SH,688660.SH
688659,100,元琛科技,2,11.329999923706055,"[156.98228454589844, 12646, 9007]",SH,MARKET.SH,688659.SH
688658,100,悦康药业,2,18.600000381469727,"[434.9256286621094, 12656, 9091]",SH,MARKET.SH,688658.SH
688657,100,浩辰软件,2,36.650001525878906,"[67.47473907470703, 12683, 9623]",SH,MARKET.SH,688657.SH
688656,100,浩欧博,2,124.66000366210938,"[12.869542121887207, 12652, 9573]",SH,MARKET.SH,688656.SH
688655,100,迅捷兴,2,59.61000061035156,"[496.7080993652344, 12646, 9091]",SH,MARKET.SH,688655.SH
688653,100,康希通信,2,15.289999961853027,"[514.1614990234375, 12652, 9470]",SH,MARKET.SH,688653.SH
688652,100,京仪装备,2,157.0,"[440.38958740234375, 12654, 9463]",SH,MARKET.SH,688652.SH
688651,100,盛邦安全,2,40.95000076293945,"[64.40237426757812, 12656, 9337]",SH,MARKET.SH,688651.SH
688648,100,中邮科技,2,49.36000061035156,"[131.85975646972656, 12654, 9447]",SH,MARKET.SH,688648.SH
688646,100,ST逸飞,2,69.69000244140625,"[52.356117248535156, 12633, 9604]",SH,MARKET.SH,688646.SH
688639,100,华恒生物,2,25.40999984741211,"[216.10289001464844, 12642, 9616]",SH,MARKET.SH,688639.SH
688638,100,誉辰智能,2,40.22999954223633,"[40.65733337402344, 12695, 9323]",SH,MARKET.SH,688638.SH
688636,100,智明达,2,39.630001068115234,"[172.39553833007812, 12642, 9609]",SH,MARKET.SH,688636.SH
688633,100,星球石墨,2,34.119998931884766,"[360.2208557128906, 12644, 9610]",SH,MARKET.SH,688633.SH
688631,100,莱斯信息,2,53.75,"[100.30155944824219, 12646, 9309]",SH,MARKET.SH,688631.SH
688630,100,芯碁微装,2,268.25,"[283.721923828125, 12679, 9601]",SH,MARKET.SH,688630.SH
688629,100,华丰科技,2,134.05999755859375,"[1030.597900390625, 12652, 9308]",SH,MARKET.SH,688629.SH
688628,100,优利德,2,96.30999755859375,"[379.42498779296875, 12646, 9611]",SH,MARKET.SH,688628.SH
688627,100,精智达,2,409.95001220703125,"[330.9171447753906, 12687, 9630]",SH,MARKET.SH,688627.SH
688626,100,翔宇医疗,2,57.0,"[140.47840881347656, 12644, 9286]",SH,MARKET.SH,688626.SH
688625,100,呈和科技,2,91.37000274658203,"[218.6377716064453, 12657, 9371]",SH,MARKET.SH,688625.SH
688623,100,双元科技,2,99.68000030517578,"[70.87863159179688, 12652, 9424]",SH,MARKET.SH,688623.SH
688622,100,*ST禾信,2,77.2300033569336,"[37.003299713134766, 12656, 9615]",SH,MARKET.SH,688622.SH
688621,100,阳光诺和,2,56.7599983215332,"[87.60376739501953, 12644, 9287]",SH,MARKET.SH,688621.SH
688620,100,安凯微,2,13.319999694824219,"[524.3927001953125, 12642, 9357]",SH,MARKET.SH,688620.SH
688619,100,罗普特,2,18.079999923706055,"[469.3231201171875, 12640, 9244]",SH,MARKET.SH,688619.SH
688618,100,三旺通信,2,38.83000183105469,"[146.99449157714844, 12656, 9435]",SH,MARKET.SH,688618.SH
688617,100,惠泰医疗,2,221.92999267578125,"[60.0267333984375, 12644, 9628]",SH,MARKET.SH,688617.SH
688616,100,西力科技,2,13.4399995803833,"[100.87068176269531, 12652, 9303]",SH,MARKET.SH,688616.SH
688615,100,合合信息,2,138.5,"[273.4022521972656, 12657, 9607]",SH,MARKET.SH,688615.SH
688613,100,奥精医疗,2,18.489999771118164,"[108.91510009765625, 12654, 9373]",SH,MARKET.SH,688613.SH
688612,100,威迈斯,2,33.13999938964844,"[335.2119445800781, 12638, 9414]",SH,MARKET.SH,688612.SH
688611,100,杭州柯林,2,75.54000091552734,"[167.95675659179688, 12656, 9373]",SH,MARKET.SH,688611.SH
688610,100,埃科光电,2,176.97999572753906,"[127.15657806396484, 12652, 9435]",SH,MARKET.SH,688610.SH
688609,100,九联科技,2,12.15999984741211,"[1738.4031982421875, 12644, 9604]",SH,MARKET.SH,688609.SH
688608,100,恒玄科技,2,183.5,"[355.91729736328125, 12656, 9439]",SH,MARKET.SH,688608.SH
688607,100,康众医疗,2,63.459999084472656,"[96.95038604736328, 12646, 9611]",SH,MARKET.SH,688607.SH
688606,100,奥泰生物,2,49.61000061035156,"[19.135032653808594, 12636, 9414]",SH,MARKET.SH,688606.SH
688605,100,先锋精科,2,76.9000015258789,"[527.8796997070312, 12656, 9638]",SH,MARKET.SH,688605.SH
688603,100,天承科技,2,142.35000610351562,"[418.1536560058594, 12653, 9614]",SH,MARKET.SH,688603.SH
688602,100,康鹏科技,2,7.260000228881836,"[302.92236328125, 12644, 9330]",SH,MARKET.SH,688602.SH
688601,100,力芯微,2,63.25,"[384.6062316894531, 12656, 9286]",SH,MARKET.SH,688601.SH
688600,100,皖仪科技,2,26.979999542236328,"[96.87873077392578, 12646, 9299]",SH,MARKET.SH,688600.SH
688599,100,天合光能,2,16.479999542236328,"[2137.83935546875, 12656, 9501]",SH,MARKET.SH,688599.SH
688598,100,金博股份,2,34.720001220703125,"[735.8068237304688, 12654, 9615]",SH,MARKET.SH,688598.SH
688597,100,煜邦电力,2,8.279999732971191,"[305.51983642578125, 12646, 9611]",SH,MARKET.SH,688597.SH
688596,100,正帆科技,2,45.40999984741211,"[1567.5751953125, 12696, 9636]",SH,MARKET.SH,688596.SH
688595,100,芯海科技,2,35.20000076293945,"[213.90423583984375, 12671, 9588]",SH,MARKET.SH,688595.SH
688593,100,新相微,2,40.02000045776367,"[1010.4586791992188, 12646, 9281]",SH,MARKET.SH,688593.SH
688592,100,司南导航,2,42.20000076293945,"[55.423301696777344, 12652, 9614]",SH,MARKET.SH,688592.SH
688591,100,泰凌微,2,39.16999816894531,"[482.8923645019531, 12701, 9636]",SH,MARKET.SH,688591.SH
688590,100,新致软件,2,16.31999969482422,"[850.8402709960938, 12656, 9615]",SH,MARKET.SH,688590.SH
688589,100,力合微,2,23.200000762939453,"[194.48654174804688, 12646, 9588]",SH,MARKET.SH,688589.SH
688588,100,凌志软件,2,11.800000190734863,"[184.04771423339844, 12654, 9313]",SH,MARKET.SH,688588.SH
688586,100,江航装备,2,13.710000038146973,"[499.26953125, 12656, 9616]",SH,MARKET.SH,688586.SH
688585,100,上纬新材,2,187.63999938964844,"[407.6911315917969, 12657, 9267]",SH,MARKET.SH,688585.SH
688584,100,上海合晶,2,26.899999618530273,"[1275.2860107421875, 12693, 9607]",SH,MARKET.SH,688584.SH
688583,100,思看科技,2,125.6500015258789,"[92.92466735839844, 12683, 9510]",SH,MARKET.SH,688583.SH
688582,100,芯动联科,2,51.16999816894531,"[264.1165466308594, 12644, 9610]",SH,MARKET.SH,688582.SH
688581,100,安杰思,2,59.06999969482422,"[52.74879837036133, 12642, 9609]",SH,MARKET.SH,688581.SH
688580,100,伟思医疗,2,57.099998474121094,"[86.55908203125, 12652, 9292]",SH,MARKET.SH,688580.SH
688579,100,地纬智能,2,9.75,"[207.4525909423828, 12656, 9299]",SH,MARKET.SH,688579.SH
688578,100,艾力斯,2,93.61000061035156,"[234.38023376464844, 12642, 9377]",SH,MARKET.SH,688578.SH
688577,100,浙海德曼,2,93.70999908447266,"[135.81483459472656, 12652, 9370]",SH,MARKET.SH,688577.SH
688576,100,西山科技,2,78.0,"[25.401866912841797, 12657, 9300]",SH,MARKET.SH,688576.SH
688575,100,亚辉龙,2,11.529999732971191,"[259.50567626953125, 12654, 9615]",SH,MARKET.SH,688575.SH
688573,100,信宇人,2,23.200000762939453,"[145.50511169433594, 12657, 9358]",SH,MARKET.SH,688573.SH
688571,100,杭华股份,2,9.25,"[738.0801391601562, 12653, 9492]",SH,MARKET.SH,688571.SH
688570,100,天玛智控,2,16.610000610351562,"[32.935340881347656, 12656, 9636]",SH,MARKET.SH,688570.SH
688569,100,铁科轨道,2,20.09000015258789,"[36.56627655029297, 12642, 9635]",SH,MARKET.SH,688569.SH
688568,100,中科星图,2,53.7599983215332,"[602.5217895507812, 12646, 9601]",SH,MARKET.SH,688568.SH
688567,100,孚能科技,2,14.489999771118164,"[988.66845703125, 12656, 9091]",SH,MARKET.SH,688567.SH
688566,100,吉贝尔,2,25.989999771118164,"[47.442176818847656, 12687, 9384]",SH,MARKET.SH,688566.SH
688565,100,力源科技,2,12.0600004196167,"[169.37100219726562, 12652, 9371]",SH,MARKET.SH,688565.SH
688563,100,航材股份,2,57.0,"[134.4007568359375, 12651, 9419]",SH,MARKET.SH,688563.SH
688562,100,航天软件,2,17.65999984741211,"[181.5248565673828, 12701, 9638]",SH,MARKET.SH,688562.SH
688561,100,奇安信,2,29.700000762939453,"[302.8077392578125, 12657, 9616]",SH,MARKET.SH,688561.SH
688560,100,明冠新材,2,15.630000114440918,"[263.33856201171875, 12653, 8756]",SH,MARKET.SH,688560.SH
688559,100,海目星,2,67.12000274658203,"[464.82318115234375, 12657, 9371]",SH,MARKET.SH,688559.SH
688558,100,国盛智科,2,40.34000015258789,"[173.70555114746094, 12656, 9274]",SH,MARKET.SH,688558.SH
688557,100,兰剑智能,2,34.689998626708984,"[73.17093658447266, 12656, 9484]",SH,MARKET.SH,688557.SH
688556,100,高测股份,2,13.520000457763672,"[2357.984619140625, 12656, 9586]",SH,MARKET.SH,688556.SH
688553,100,汇宇制药,2,20.6299991607666,"[361.32025146484375, 12646, 9291]",SH,MARKET.SH,688553.SH
688552,100,航天南湖,2,35.08000183105469,"[173.48646545410156, 12687, 9631]",SH,MARKET.SH,688552.SH
688551,100,科威尔,2,63.54999923706055,"[312.2115783691406, 12644, 9526]",SH,MARKET.SH,688551.SH
688550,100,瑞联新材,2,49.54999923706055,"[349.0348205566406, 12669, 9638]",SH,MARKET.SH,688550.SH
688549,100,中巨芯,2,15.75,"[6337.26220703125, 12652, 9379]",SH,MARKET.SH,688549.SH
688548,100,广钢气体,2,30.75,"[1878.1544189453125, 12646, 9404]",SH,MARKET.SH,688548.SH
688545,100,兴福电子,2,78.38999938964844,"[1057.6011962890625, 12657, 9517]",SH,MARKET.SH,688545.SH
688543,100,DR国科军,2,47.52000045776367,"[185.2694854736328, 12699, 9631]",SH,MARKET.SH,688543.SH
688539,100,高华科技,2,37.2599983215332,"[141.40240478515625, 12646, 9603]",SH,MARKET.SH,688539.SH
688538,100,和辉光电,2,2.369999885559082,"[4730.89306640625, 12654, 9359]",SH,MARKET.SH,688538.SH
688536,100,思瑞浦,2,289.70001220703125,"[297.07781982421875, 12652, 9586]",SH,MARKET.SH,688536.SH
688535,100,华海诚科,2,135.1699981689453,"[667.6798706054688, 12655, 9610]",SH,MARKET.SH,688535.SH
688533,100,上声电子,2,27.020000457763672,"[70.05372619628906, 12654, 9615]",SH,MARKET.SH,688533.SH
688531,100,日联科技,2,149.0,"[546.9860229492188, 12654, 9585]",SH,MARKET.SH,688531.SH
688530,100,欧莱新材,2,49.5,"[440.19287109375, 12673, 9624]",SH,MARKET.SH,688530.SH
688529,100,豪森智能,2,19.700000762939453,"[131.47325134277344, 12656, 9371]",SH,MARKET.SH,688529.SH
688528,100,秦川物联,2,12.399999618530273,"[107.99675750732422, 12638, 9006]",SH,MARKET.SH,688528.SH
688526,100,科前生物,2,14.3100004196167,"[54.72614288330078, 12656, 9636]",SH,MARKET.SH,688526.SH
688525,100,佰维存储,2,301.0,"[1725.5811767578125, 12629, 9602]",SH,MARKET.SH,688525.SH
688523,100,航天环宇,2,66.66999816894531,"[309.9452209472656, 12646, 9281]",SH,MARKET.SH,688523.SH
688522,100,纳睿雷达,2,33.220001220703125,"[147.28704833984375, 12632, 9554]",SH,MARKET.SH,688522.SH
688521,100,芯原股份,2,273.5400085449219,"[1112.6160888671875, 12656, 9524]",SH,MARKET.SH,688521.SH
688520,100,神州细胞,2,41.880001068115234,"[107.46863555908203, 12656, 9596]",SH,MARKET.SH,688520.SH
688519,100,南亚新材,2,183.0,"[220.41539001464844, 12652, 9614]",SH,MARKET.SH,688519.SH
688518,100,联赢激光,2,29.670000076293945,"[861.6951293945312, 12656, 9366]",SH,MARKET.SH,688518.SH
688517,100,金冠电气,2,22.600000381469727,"[186.12826538085938, 12644, 9279]",SH,MARKET.SH,688517.SH
688516,100,奥特维,2,76.45999908447266,"[610.447021484375, 12643, 9609]",SH,MARKET.SH,688516.SH
688515,100,裕太微,2,217.0,"[259.4874572753906, 12652, 9169]",SH,MARKET.SH,688515.SH
688513,100,苑东生物,2,55.72999954223633,"[75.22348022460938, 12640, 9287]",SH,MARKET.SH,688513.SH
688512,100,慧智微,2,14.0600004196167,"[1387.660888671875, 12654, 9615]",SH,MARKET.SH,688512.SH
688511,100,天微电子,2,26.469999313354492,"[311.2431945800781, 12657, 9586]",SH,MARKET.SH,688511.SH
688510,100,航亚科技,2,30.559999465942383,"[260.6851806640625, 12631, 9635]",SH,MARKET.SH,688510.SH
688509,100,正元地信,2,4.789999961853027,"[523.2968139648438, 12654, 9091]",SH,MARKET.SH,688509.SH
688508,100,芯朋微,2,89.5,"[368.9680480957031, 12679, 9623]",SH,MARKET.SH,688508.SH
688507,100,索辰科技,2,142.88999938964844,"[537.46923828125, 12652, 9418]",SH,MARKET.SH,688507.SH
688506,100,百利天恒,2,250.10000610351562,"[70.04745483398438, 12652, 9579]",SH,MARKET.SH,688506.SH
688505,100,复旦张江,2,7.659999847412109,"[144.388916015625, 12656, 9321]",SH,MARKET.SH,688505.SH
688503,100,聚和材料,2,109.0,"[496.75177001953125, 12654, 9473]",SH,MARKET.SH,688503.SH
688502,100,茂莱光学,2,523.6799926757812,"[89.06848907470703, 12656, 9561]",SH,MARKET.SH,688502.SH
688501,100,青达环保,2,23.399999618530273,"[105.92040252685547, 12652, 9609]",SH,MARKET.SH,688501.SH
688500,100,慧辰股份,2,57.65999984741211,"[223.33009338378906, 12656, 9604]",SH,MARKET.SH,688500.SH
688499,100,利元亨,2,56.2400016784668,"[342.9646911621094, 12656, 9189]",SH,MARKET.SH,688499.SH
688498,100,源杰科技,2,1038.0400390625,"[214.47103881835938, 12687, 9628]",SH,MARKET.SH,688498.SH
688496,100,*ST清越,2,1.5,"[1263.893310546875, 12654, 9127]",SH,MARKET.SH,688496.SH
688489,100,三未信安,2,41.060001373291016,"[39.87312316894531, 12656, 9637]",SH,MARKET.SH,688489.SH
688488,100,艾迪药业,2,15.770000457763672,"[207.06431579589844, 12656, 9091]",SH,MARKET.SH,688488.SH
688486,100,龙迅股份,2,84.4800033569336,"[163.79898071289062, 12681, 9624]",SH,MARKET.SH,688486.SH
688485,100,九州一轨,2,54.86000061035156,"[409.6316223144531, 12652, 9512]",SH,MARKET.SH,688485.SH
688484,100,南芯科技,2,44.380001068115234,"[557.6741943359375, 12656, 9589]",SH,MARKET.SH,688484.SH
688480,100,赛恩斯,2,91.86000061035156,"[117.51280212402344, 12654, 9460]",SH,MARKET.SH,688480.SH
688479,100,友车科技,2,38.95000076293945,"[70.60541534423828, 12646, 9273]",SH,MARKET.SH,688479.SH
688478,100,晶升股份,2,62.880001068115234,"[605.1940307617188, 12656, 9609]",SH,MARKET.SH,688478.SH
688475,100,萤石网络,2,29.56999969482422,"[196.51007080078125, 12618, 9637]",SH,MARKET.SH,688475.SH
688472,100,阿特斯,2,14.0600004196167,"[3020.265625, 12652, 9495]",SH,MARKET.SH,688472.SH
688469,100,芯联集成,2,7.420000076293945,"[10296.388671875, 12673, 9624]",SH,MARKET.SH,688469.SH
688468,100,科美诊断,2,7.019999980926514,"[125.43327331542969, 12654, 9288]",SH,MARKET.SH,688468.SH
688466,100,金科环境,2,17.799999237060547,"[54.232975006103516, 12644, 9524]",SH,MARKET.SH,688466.SH
688459,100,哈铁科技,2,8.699999809265137,"[73.30158233642578, 12653, 9596]",SH,MARKET.SH,688459.SH
688458,100,美芯晟,2,42.20000076293945,"[299.4960632324219, 12699, 9637]",SH,MARKET.SH,688458.SH
688456,100,有研粉材,2,78.87999725341797,"[269.7662048339844, 12646, 9293]",SH,MARKET.SH,688456.SH
688455,100,科捷智能,2,20.8799991607666,"[236.8519744873047, 12646, 9568]",SH,MARKET.SH,688455.SH
688450,100,光格科技,2,46.150001525878906,"[55.886940002441406, 12646, 9611]",SH,MARKET.SH,688450.SH
688449,100,联芸科技,2,84.16000366210938,"[1072.101318359375, 12701, 9463]",SH,MARKET.SH,688449.SH
688448,100,磁谷科技,2,69.63999938964844,"[107.58978271484375, 12681, 9623]",SH,MARKET.SH,688448.SH
688443,100,智翔金泰,2,29.389999389648438,"[171.8374481201172, 12656, 9301]",SH,MARKET.SH,688443.SH
688439,100,振华风光,2,51.2400016784668,"[142.68263244628906, 12657, 9368]",SH,MARKET.SH,688439.SH
688435,100,英方软件,2,41.56999969482422,"[135.4324188232422, 12654, 9512]",SH,MARKET.SH,688435.SH
688433,100,华曙高科,2,93.4000015258789,"[233.93182373046875, 12654, 9635]",SH,MARKET.SH,688433.SH
688432,100,有研硅,2,19.170000076293945,"[1749.880615234375, 12655, 9582]",SH,MARKET.SH,688432.SH
688429,100,时创能源,2,13.25,"[145.684326171875, 12654, 9309]",SH,MARKET.SH,688429.SH
688428,100,诺诚健华,2,25.850000381469727,"[446.70550537109375, 12681, 9581]",SH,MARKET.SH,688428.SH
688426,100,康为世纪,2,20.15999984741211,"[64.19141387939453, 12656, 9610]",SH,MARKET.SH,688426.SH
688425,100,铁建重工,2,4.389999866485596,"[728.1800537109375, 12653, 9342]",SH,MARKET.SH,688425.SH
688420,100,美腾科技,2,27.739999771118164,"[66.68636322021484, 12653, 9473]",SH,MARKET.SH,688420.SH
688419,100,耐科装备,2,54.400001525878906,"[304.4674987792969, 12669, 9622]",SH,MARKET.SH,688419.SH
688418,100,震有科技,2,48.79999923706055,"[294.3125915527344, 12656, 9363]",SH,MARKET.SH,688418.SH
688416,100,恒烁股份,2,115.75,"[232.07504272460938, 12644, 9554]",SH,MARKET.SH,688416.SH
688411,100,海博思创,2,249.41000366210938,"[290.6616516113281, 12684, 9630]",SH,MARKET.SH,688411.SH
688410,100,山外山,2,16.43000030517578,"[196.26690673828125, 12656, 9490]",SH,MARKET.SH,688410.SH
688409,100,富创精密,2,163.5800018310547,"[485.9765625, 12657, 9413]",SH,MARKET.SH,688409.SH
688408,100,中信博,2,37.349998474121094,"[225.83888244628906, 12656, 9301]",SH,MARKET.SH,688408.SH
688403,100,汇成股份,2,19.399999618530273,"[3696.17138671875, 12657, 9630]",SH,MARKET.SH,688403.SH
688401,100,路维光电,2,69.5199966430664,"[430.2962951660156, 12656, 9603]",SH,MARKET.SH,688401.SH
688400,100,凌云光,2,63.77000045776367,"[1147.8717041015625, 12683, 9615]",SH,MARKET.SH,688400.SH
688399,100,硕世生物,2,57.91999816894531,"[60.55270004272461, 12679, 9379]",SH,MARKET.SH,688399.SH
688398,100,赛特新材,2,32.7599983215332,"[137.2912139892578, 12647, 9588]",SH,MARKET.SH,688398.SH
688396,100,华润微,2,59.79999923706055,"[1614.9560546875, 12646, 9574]",SH,MARKET.SH,688396.SH
688395,100,正弦电气,2,31.0,"[88.52567291259766, 12646, 9281]",SH,MARKET.SH,688395.SH
688393,100,安必平,2,23.780000686645508,"[69.46051788330078, 12654, 9273]",SH,MARKET.SH,688393.SH
688392,100,骄成超声,2,155.6999969482422,"[193.19676208496094, 12646, 9484]",SH,MARKET.SH,688392.SH
688391,100,钜泉科技,2,32.400001525878906,"[110.63851928710938, 12656, 9616]",SH,MARKET.SH,688391.SH
688390,100,固德威,2,136.72000122070312,"[413.0782470703125, 12654, 9559]",SH,MARKET.SH,688390.SH
688389,100,普门科技,2,12.229999542236328,"[100.00733184814453, 12642, 9638]",SH,MARKET.SH,688389.SH
688388,100,嘉元科技,2,42.63999938964844,"[1007.7219848632812, 12652, 9607]",SH,MARKET.SH,688388.SH
688387,100,信科移动,2,18.1200008392334,"[3367.173095703125, 12646, 9399]",SH,MARKET.SH,688387.SH
688386,100,泛亚微透,2,85.91000366210938,"[101.38743591308594, 12656, 9559]",SH,MARKET.SH,688386.SH
688385,100,复旦微电,2,65.55000305175781,"[992.2611083984375, 12687, 9602]",SH,MARKET.SH,688385.SH
688383,100,新益昌,2,133.0,"[153.07907104492188, 12652, 9561]",SH,MARKET.SH,688383.SH
688382,100,益方生物,2,20.700000762939453,"[581.8281860351562, 12653, 9519]",SH,MARKET.SH,688382.SH
688381,100,帝奥微,2,43.0,"[1035.874755859375, 12642, 9540]",SH,MARKET.SH,688381.SH
688380,100,中微半导,2,50.720001220703125,"[765.176513671875, 12644, 9635]",SH,MARKET.SH,688380.SH
688379,100,华光新材,2,71.68000030517578,"[241.2963104248047, 12657, 9579]",SH,MARKET.SH,688379.SH
688378,100,奥来德,2,47.849998474121094,"[443.6893310546875, 12640, 9567]",SH,MARKET.SH,688378.SH
688377,100,DR迪威尔,2,34.43000030517578,"[107.36192321777344, 12699, 9631]",SH,MARKET.SH,688377.SH
688376,100,美埃科技,2,76.58999633789062,"[171.34201049804688, 12652, 9517]",SH,MARKET.SH,688376.SH
688375,100,国博电子,2,106.0,"[268.0369567871094, 12656, 9333]",SH,MARKET.SH,688375.SH
688373,100,盟科药业,2,5.059999942779541,"[484.2845458984375, 12654, 9583]",SH,MARKET.SH,688373.SH
688372,100,伟测科技,2,157.02000427246094,"[476.5736083984375, 12653, 9608]",SH,MARKET.SH,688372.SH
688371,100,菲沃泰,2,39.0,"[923.6822509765625, 12656, 9344]",SH,MARKET.SH,688371.SH
688370,100,丛麟科技,2,25.399999618530273,"[49.248191833496094, 12646, 9551]",SH,MARKET.SH,688370.SH
688369,100,致远互联,2,22.670000076293945,"[190.23831176757812, 12638, 9371]",SH,MARKET.SH,688369.SH
688368,100,晶丰明源,2,198.0500030517578,"[207.87460327148438, 12654, 9615]",SH,MARKET.SH,688368.SH
688367,100,工大高科,2,35.060001373291016,"[113.12014770507812, 12642, 9315]",SH,MARKET.SH,688367.SH
688366,100,昊海生科,2,34.720001220703125,"[25.820899963378906, 12646, 9562]",SH,MARKET.SH,688366.SH
688365,100,光云科技,2,20.200000762939453,"[859.152587890625, 12646, 8644]",SH,MARKET.SH,688365.SH
688363,100,华熙生物,2,39.52000045776367,"[98.89338684082031, 12657, 9319]",SH,MARKET.SH,688363.SH
688362,100,甬矽电子,2,52.869998931884766,"[1536.2962646484375, 12638, 9588]",SH,MARKET.SH,688362.SH
688361,100,中科飞测,2,241.61000061035156,"[619.069091796875, 12693, 9634]",SH,MARKET.SH,688361.SH
688360,100,德马科技,2,24.020000457763672,"[930.4984130859375, 12656, 9369]",SH,MARKET.SH,688360.SH
688359,100,三孚新科,2,123.4800033569336,"[223.86495971679688, 12640, 9589]",SH,MARKET.SH,688359.SH
688358,100,祥生医疗,2,33.68000030517578,"[89.12625122070312, 12652, 9532]",SH,MARKET.SH,688358.SH
688357,100,建龙微纳,2,33.91999816894531,"[60.069576263427734, 12656, 9501]",SH,MARKET.SH,688357.SH
688356,100,键凯科技,2,81.19999694824219,"[53.99624252319336, 12654, 9319]",SH,MARKET.SH,688356.SH
688355,100,明志科技,2,22.6299991607666,"[106.34341430664062, 12646, 9301]",SH,MARKET.SH,688355.SH
688353,100,华盛锂电,2,94.80000305175781,"[196.07102966308594, 12656, 9508]",SH,MARKET.SH,688353.SH
688352,100,颀中科技,2,14.399999618530273,"[1311.7247314453125, 12636, 9420]",SH,MARKET.SH,688352.SH
688351,100,微电生理,2,25.969999313354492,"[292.5498962402344, 12656, 9554]",SH,MARKET.SH,688351.SH
688350,100,富淼科技,2,37.54999923706055,"[259.4560241699219, 12650, 9638]",SH,MARKET.SH,688350.SH
688349,100,三一重能,2,22.0,"[299.7923583984375, 12642, 9488]",SH,MARKET.SH,688349.SH
688348,100,昱能科技,2,46.7599983215332,"[142.9365692138672, 12656, 9309]",SH,MARKET.SH,688348.SH
688347,100,华虹公司,2,169.0,"[1601.05615234375, 12686, 9624]",SH,MARKET.SH,688347.SH
688345,100,博力威,2,53.54999923706055,"[180.96734619140625, 12646, 9615]",SH,MARKET.SH,688345.SH
688343,100,云天励飞,2,77.5,"[665.4684448242188, 12656, 9589]",SH,MARKET.SH,688343.SH
688339,100,亿华通,2,24.06999969482422,"[219.94635009765625, 12656, 9616]",SH,MARKET.SH,688339.SH
688338,100,赛科希德,2,27.719999313354492,"[43.34323501586914, 12644, 9287]",SH,MARKET.SH,688338.SH
688337,100,普源精电,2,62.02000045776367,"[359.15020751953125, 12638, 9469]",SH,MARKET.SH,688337.SH
688336,100,三生国健,2,64.5,"[199.4728240966797, 12646, 9512]",SH,MARKET.SH,688336.SH
688335,100,复洁科技,2,27.0,"[156.0645751953125, 12646, 9274]",SH,MARKET.SH,688335.SH
688334,100,西高院,2,20.09000015258789,"[122.38365936279297, 12652, 9635]",SH,MARKET.SH,688334.SH
688333,100,铂力特,2,86.5199966430664,"[484.5823974609375, 12656, 9616]",SH,MARKET.SH,688333.SH
688332,100,中科蓝讯,2,90.27999877929688,"[221.01968383789062, 12687, 9628]",SH,MARKET.SH,688332.SH
688331,100,荣昌生物,2,121.98999786376953,"[378.2372741699219, 12654, 9518]",SH,MARKET.SH,688331.SH
688330,100,宏力达,2,38.29999923706055,"[72.48725128173828, 12656, 9340]",SH,MARKET.SH,688330.SH
688329,100,艾隆科技,2,26.559999465942383,"[112.34205627441406, 12679, 9221]",SH,MARKET.SH,688329.SH
688328,100,深科达,2,68.94000244140625,"[441.25213623046875, 12652, 9631]",SH,MARKET.SH,688328.SH
688327,100,云从科技,2,13.970000267028809,"[1861.0302734375, 12642, 9277]",SH,MARKET.SH,688327.SH
688326,100,经纬恒润,2,92.80000305175781,"[111.74049377441406, 12646, 9573]",SH,MARKET.SH,688326.SH
688325,100,赛微微电,2,120.76000213623047,"[115.73625183105469, 12685, 9630]",SH,MARKET.SH,688325.SH
688323,100,瑞华泰,2,39.15999984741211,"[925.3486328125, 12656, 9588]",SH,MARKET.SH,688323.SH
688322,100,奥比中光,2,109.5999984741211,"[999.31982421875, 12646, 9502]",SH,MARKET.SH,688322.SH
688321,100,微芯生物,2,28.81999969482422,"[533.8352661132812, 12656, 9624]",SH,MARKET.SH,688321.SH
688320,100,禾川科技,2,40.189998626708984,"[385.8238525390625, 12686, 9631]",SH,MARKET.SH,688320.SH
688319,100,欧林生物,2,35.720001220703125,"[662.5123901367188, 12656, 9506]",SH,MARKET.SH,688319.SH
688318,100,财富趋势,2,118.86000061035156,"[186.78977966308594, 12656, 9373]",SH,MARKET.SH,688318.SH
688317,100,之江生物,2,19.899999618530273,"[263.14959716796875, 12656, 9091]",SH,MARKET.SH,688317.SH
688316,100,青云科技,2,69.44000244140625,"[207.3662567138672, 12656, 9616]",SH,MARKET.SH,688316.SH
688315,100,诺禾致源,2,14.630000114440918,"[155.5906982421875, 12626, 9285]",SH,MARKET.SH,688315.SH
688314,100,康拓医疗,2,40.0,"[71.0683822631836, 12654, 9623]",SH,MARKET.SH,688314.SH
688313,100,仕佳光子,2,167.8800048828125,"[1270.6175537109375, 12632, 9604]",SH,MARKET.SH,688313.SH
688312,100,燕麦科技,2,92.44000244140625,"[392.02935791015625, 12679, 9623]",SH,MARKET.SH,688312.SH
688311,100,盟升电子,2,31.579999923706055,"[249.62986755371094, 12652, 9608]",SH,MARKET.SH,688311.SH
688310,100,迈得医疗,2,16.1200008392334,"[135.19259643554688, 12657, 9605]",SH,MARKET.SH,688310.SH
688309,100,恒誉环保,2,73.5,"[72.44808959960938, 12640, 9596]",SH,MARKET.SH,688309.SH
688308,100,欧科亿,2,114.0,"[576.4428100585938, 12644, 9321]",SH,MARKET.SH,688308.SH
688307,100,中润光学,2,88.0999984741211,"[297.542236328125, 12693, 9628]",SH,MARKET.SH,688307.SH
688306,100,均普智能,2,10.279999732971191,"[1038.5458984375, 12656, 9211]",SH,MARKET.SH,688306.SH
688305,100,科德数控,2,68.86000061035156,"[257.6431579589844, 12656, 9365]",SH,MARKET.SH,688305.SH
688303,100,大全能源,2,20.350000381469727,"[778.7509765625, 12656, 9336]",SH,MARKET.SH,688303.SH
688302,100,海创药业,2,43.290000915527344,"[44.13669204711914, 12646, 9414]",SH,MARKET.SH,688302.SH
688301,100,奕瑞科技,2,172.0,"[537.1482543945312, 12644, 9601]",SH,MARKET.SH,688301.SH
688300,100,联瑞新材,2,117.06999969482422,"[395.6451416015625, 12652, 9370]",SH,MARKET.SH,688300.SH
688299,100,长阳科技,2,18.829999923706055,"[495.0797119140625, 12652, 9370]",SH,MARKET.SH,688299.SH
688298,100,东方生物,2,21.799999237060547,"[93.49996185302734, 12654, 8642]",SH,MARKET.SH,688298.SH
688297,100,中无人机,2,43.61000061035156,"[311.6669616699219, 12673, 9631]",SH,MARKET.SH,688297.SH
688296,100,和达科技,2,15.800000190734863,"[104.80886840820312, 12654, 9371]",SH,MARKET.SH,688296.SH
688295,100,中复神鹰,2,51.15999984741211,"[419.22332763671875, 12654, 9631]",SH,MARKET.SH,688295.SH
688293,100,奥浦迈,2,45.34000015258789,"[55.023651123046875, 12656, 9602]",SH,MARKET.SH,688293.SH
688292,100,浩瀚深度,2,25.040000915527344,"[352.5712890625, 12654, 9615]",SH,MARKET.SH,688292.SH
688291,100,金橙子,2,54.459999084472656,"[223.43630981445312, 12699, 9621]",SH,MARKET.SH,688291.SH
688290,100,景业智能,2,70.94999694824219,"[145.14736938476562, 12637, 9439]",SH,MARKET.SH,688290.SH
688289,100,圣湘生物,2,17.309999465942383,"[155.17649841308594, 12657, 9391]",SH,MARKET.SH,688289.SH
688288,100,鸿泉技术,2,23.31999969482422,"[117.48377227783203, 12654, 9615]",SH,MARKET.SH,688288.SH
688286,100,敏芯股份,2,70.91000366210938,"[115.89703369140625, 12656, 9615]",SH,MARKET.SH,688286.SH
688285,100,高铁电气,2,8.699999809265137,"[131.39805603027344, 12642, 9392]",SH,MARKET.SH,688285.SH
688283,100,坤恒顺维,2,44.29999923706055,"[127.39218139648438, 12652, 9357]",SH,MARKET.SH,688283.SH
688282,100,理工导航,2,87.5999984741211,"[118.49681091308594, 12656, 9391]",SH,MARKET.SH,688282.SH
688281,100,华秦科技,2,80.30000305175781,"[318.8488464355469, 12652, 9533]",SH,MARKET.SH,688281.SH
688280,100,精进电动,2,6.059999942779541,"[645.6050415039062, 12669, 9246]",SH,MARKET.SH,688280.SH
688279,100,峰岹科技,2,239.0,"[103.21300506591797, 12654, 9512]",SH,MARKET.SH,688279.SH
688278,100,特宝生物,2,58.27000045776367,"[137.45054626464844, 12654, 9582]",SH,MARKET.SH,688278.SH
688277,100,天智航,2,19.18000030517578,"[396.6119689941406, 12654, 9615]",SH,MARKET.SH,688277.SH
688276,100,百克生物,2,16.889999389648438,"[71.85981750488281, 12640, 9292]",SH,MARKET.SH,688276.SH
688275,100,万润新能,2,142.8800048828125,"[212.55792236328125, 12656, 9582]",SH,MARKET.SH,688275.SH
688273,100,麦澜德,2,41.619998931884766,"[62.76365661621094, 12628, 9636]",SH,MARKET.SH,688273.SH
688272,100,富吉瑞,2,37.04999923706055,"[133.9058380126953, 12656, 9056]",SH,MARKET.SH,688272.SH
688271,100,联影医疗,2,123.30000305175781,"[497.1952819824219, 12654, 9414]",SH,MARKET.SH,688271.SH
688270,100,ST臻镭,2,131.6999969482422,"[392.3299865722656, 12652, 9337]",SH,MARKET.SH,688270.SH
688269,100,凯立新材,2,39.810001373291016,"[102.2264633178711, 12644, 9299]",SH,MARKET.SH,688269.SH
688268,100,华特气体,2,158.72000122070312,"[454.7703552246094, 12693, 9635]",SH,MARKET.SH,688268.SH
688267,100,中触媒,2,32.810001373291016,"[174.1763916015625, 12640, 9469]",SH,MARKET.SH,688267.SH
688266,100,泽璟制药,2,103.13999938964844,"[162.18161010742188, 12653, 9002]",SH,MARKET.SH,688266.SH
688265,100,南模生物,2,38.25,"[18.781333923339844, 12656, 9309]",SH,MARKET.SH,688265.SH
688262,100,国芯科技,2,39.029998779296875,"[676.5797119140625, 12644, 9316]",SH,MARKET.SH,688262.SH
688261,100,东微半导,2,77.69999694824219,"[309.9375915527344, 12656, 9614]",SH,MARKET.SH,688261.SH
688260,100,昀冢科技,2,60.59000015258789,"[486.3993835449219, 12671, 9006]",SH,MARKET.SH,688260.SH
688259,100,创耀科技,2,38.86000061035156,"[141.89028930664062, 12644, 9517]",SH,MARKET.SH,688259.SH
688258,100,卓易信息,2,126.98999786376953,"[231.59808349609375, 12652, 9468]",SH,MARKET.SH,688258.SH
688257,100,新锐股份,2,84.98999786376953,"[496.3979797363281, 12657, 9400]",SH,MARKET.SH,688257.SH
688256,100,寒武纪,2,1290.9000244140625,"[675.2467041015625, 12671, 9615]",SH,MARKET.SH,688256.SH
688255,100,凯尔达,2,33.13999938964844,"[251.01983642578125, 12642, 9287]",SH,MARKET.SH,688255.SH
688253,100,英诺特,2,65.55000305175781,"[122.3756332397461, 12652, 9523]",SH,MARKET.SH,688253.SH
688252,100,天德钰,2,23.059999465942383,"[415.1863098144531, 12614, 9581]",SH,MARKET.SH,688252.SH
688251,100,井松智能,2,28.43000030517578,"[112.88871765136719, 12652, 9614]",SH,MARKET.SH,688251.SH
688249,100,晶合集成,2,38.97999954223633,"[3360.22021484375, 12657, 9616]",SH,MARKET.SH,688249.SH
688248,100,南网科技,2,60.0099983215332,"[297.6396789550781, 12656, 9488]",SH,MARKET.SH,688248.SH
688247,100,宣泰医药,2,8.949999809265137,"[71.04439544677734, 12656, 9419]",SH,MARKET.SH,688247.SH
688246,100,嘉和美康,2,23.600000381469727,"[169.01907348632812, 12654, 9295]",SH,MARKET.SH,688246.SH
688244,100,永信至诚,2,18.600000381469727,"[101.80671691894531, 12654, 9421]",SH,MARKET.SH,688244.SH
688239,100,航宇科技,2,65.01000213623047,"[279.97491455078125, 12656, 9616]",SH,MARKET.SH,688239.SH
688238,100,和元生物,2,6.25,"[347.4275817871094, 12652, 9211]",SH,MARKET.SH,688238.SH
688237,100,超卓航科,2,50.81999969482422,"[53.72256851196289, 12656, 9616]",SH,MARKET.SH,688237.SH
688236,100,春立医疗,2,16.860000610351562,"[82.67100524902344, 12656, 9501]",SH,MARKET.SH,688236.SH
688235,100,百济神州,2,251.9600067138672,"[183.1142120361328, 12681, 9601]",SH,MARKET.SH,688235.SH
688234,100,天岳先进,2,139.61000061035156,"[1154.2425537109375, 12654, 9433]",SH,MARKET.SH,688234.SH
688233,100,神工股份,2,93.9800033569336,"[542.7324829101562, 12646, 9281]",SH,MARKET.SH,688233.SH
688232,100,新点软件,2,21.739999771118164,"[117.43963623046875, 12653, 9638]",SH,MARKET.SH,688232.SH
688231,100,隆达股份,2,48.150001525878906,"[275.6957702636719, 12652, 9518]",SH,MARKET.SH,688231.SH
688230,100,芯导科技,2,70.6500015258789,"[83.91485595703125, 12640, 9567]",SH,MARKET.SH,688230.SH
688229,100,博睿数据,2,90.6500015258789,"[127.68286895751953, 12652, 8884]",SH,MARKET.SH,688229.SH
688228,100,开普云,2,106.80000305175781,"[173.9801788330078, 12644, 9610]",SH,MARKET.SH,688228.SH
688227,100,品高股份,2,89.5,"[293.5081481933594, 12652, 9454]",SH,MARKET.SH,688227.SH
688226,100,威腾电气,2,58.380001068115234,"[541.2230224609375, 12654, 9615]",SH,MARKET.SH,688226.SH
688225,100,亚信安全,2,16.100000381469727,"[329.2784729003906, 12652, 9351]",SH,MARKET.SH,688225.SH
688223,100,晶科能源,2,6.309999942779541,"[8377.0693359375, 12656, 9616]",SH,MARKET.SH,688223.SH
688222,100,成都先导,2,30.010000228881836,"[1038.4661865234375, 12654, 9294]",SH,MARKET.SH,688222.SH
688221,100,前沿生物,2,22.0,"[622.49755859375, 12646, 9251]",SH,MARKET.SH,688221.SH
688220,100,翱捷科技,2,113.75,"[657.576904296875, 12656, 9496]",SH,MARKET.SH,688220.SH
688219,100,会通股份,2,11.579999923706055,"[398.17169189453125, 12657, 9616]",SH,MARKET.SH,688219.SH
688218,100,江苏北人,2,43.52000045776367,"[336.0251159667969, 12656, 9566]",SH,MARKET.SH,688218.SH
688217,100,睿昂基因,2,27.40999984741211,"[43.948673248291016, 12653, 9421]",SH,MARKET.SH,688217.SH
688216,100,气派科技,2,34.540000915527344,"[249.00184631347656, 12671, 9603]",SH,MARKET.SH,688216.SH
688215,100,瑞晟智能,2,73.9800033569336,"[55.66684341430664, 12646, 9336]",SH,MARKET.SH,688215.SH
688213,100,思特威,2,108.81999969482422,"[1009.9807739257812, 12656, 9631]",SH,MARKET.SH,688213.SH
688212,100,澳华内镜,2,33.5,"[114.6299057006836, 12656, 9322]",SH,MARKET.SH,688212.SH
688211,100,中科微至,2,37.5,"[97.88545989990234, 12656, 9572]",SH,MARKET.SH,688211.SH
688210,100,统联精密,2,48.900001525878906,"[292.5973815917969, 12654, 9637]",SH,MARKET.SH,688210.SH
688209,100,英集芯,2,24.940000534057617,"[647.5581665039062, 12652, 9553]",SH,MARKET.SH,688209.SH
688208,100,道通科技,2,39.56999969482422,"[836.2711791992188, 12672, 9624]",SH,MARKET.SH,688208.SH
688207,100,格灵深瞳,2,16.229999542236328,"[382.5293884277344, 12646, 9390]",SH,MARKET.SH,688207.SH
688206,100,概伦电子,2,39.02000045776367,"[638.6702270507812, 12701, 9636]",SH,MARKET.SH,688206.SH
688205,100,德科立,2,249.74000549316406,"[479.78509521484375, 12652, 9638]",SH,MARKET.SH,688205.SH
688203,100,海正生材,2,13.720000267028809,"[156.1793212890625, 12646, 9540]",SH,MARKET.SH,688203.SH
688202,100,美迪西,2,65.47000122070312,"[276.3023376464844, 12656, 9609]",SH,MARKET.SH,688202.SH
688201,100,ST信安,2,8.720000267028809,"[236.5974884033203, 12652, 9250]",SH,MARKET.SH,688201.SH
688200,100,华峰测控,2,432.0,"[135.64198303222656, 12654, 9638]",SH,MARKET.SH,688200.SH
688199,100,久日新材,2,28.969999313354492,"[298.58441162109375, 12646, 9091]",SH,MARKET.SH,688199.SH
688198,100,佰仁医疗,2,91.16000366210938,"[21.985584259033203, 12640, 9636]",SH,MARKET.SH,688198.SH
688197,100,首药控股,2,42.66999816894531,"[72.22236633300781, 12632, 9211]",SH,MARKET.SH,688197.SH
688196,100,卓越新能,2,45.04999923706055,"[56.852500915527344, 12652, 9610]",SH,MARKET.SH,688196.SH
688195,100,腾景科技,2,320.9700012207031,"[265.0045166015625, 12646, 9244]",SH,MARKET.SH,688195.SH
688193,100,仁度生物,2,53.40999984741211,"[65.81441497802734, 12654, 9455]",SH,MARKET.SH,688193.SH
688192,100,迪哲医药,2,57.560001373291016,"[198.26364135742188, 12656, 9596]",SH,MARKET.SH,688192.SH
688191,100,智洋创新,2,51.9900016784668,"[342.9582824707031, 12695, 9631]",SH,MARKET.SH,688191.SH
688190,100,云路股份,2,103.63999938964844,"[189.75404357910156, 12656, 9503]",SH,MARKET.SH,688190.SH
688189,100,南新制药,2,9.329999923706055,"[908.3748168945312, 12656, 8643]",SH,MARKET.SH,688189.SH
688188,100,柏楚电子,2,170.0,"[177.9427490234375, 12687, 9629]",SH,MARKET.SH,688188.SH
688187,100,时代电气,2,51.599998474121094,"[714.99658203125, 12699, 9629]",SH,MARKET.SH,688187.SH
688186,100,广大特材,2,18.719999313354492,"[243.41505432128906, 12681, 9608]",SH,MARKET.SH,688186.SH
688185,100,康希诺,2,62.25,"[138.1986541748047, 12669, 9462]",SH,MARKET.SH,688185.SH
688184,100,ST帕瓦,2,13.4399995803833,"[114.38602447509766, 12646, 9236]",SH,MARKET.SH,688184.SH
688183,100,生益电子,2,99.25,"[1107.45947265625, 12653, 9393]",SH,MARKET.SH,688183.SH
688182,100,灿勤科技,2,37.849998474121094,"[752.3491821289062, 12656, 9531]",SH,MARKET.SH,688182.SH
688181,100,八亿时空,2,39.38999938964844,"[505.395263671875, 12632, 9091]",SH,MARKET.SH,688181.SH
688180,100,君实生物,2,39.099998474121094,"[592.6171875, 12652, 9438]",SH,MARKET.SH,688180.SH
688179,100,阿拉丁,2,22.979999542236328,"[559.6015014648438, 12670, 9623]",SH,MARKET.SH,688179.SH
688178,100,万德斯,2,33.84000015258789,"[75.56576538085938, 12654, 9615]",SH,MARKET.SH,688178.SH
688177,100,百奥泰,2,20.280000686645508,"[129.21546936035156, 12652, 8854]",SH,MARKET.SH,688177.SH
688176,100,亚虹医药,2,12.350000381469727,"[408.3040771484375, 12656, 9604]",SH,MARKET.SH,688176.SH
688175,100,高凌信息,2,35.27000045776367,"[105.5540771484375, 12652, 9386]",SH,MARKET.SH,688175.SH
688173,100,希荻微,2,18.030000686645508,"[622.3665161132812, 12656, 9603]",SH,MARKET.SH,688173.SH
688172,100,燕东微,2,52.0,"[1282.5286865234375, 12654, 9572]",SH,MARKET.SH,688172.SH
688171,100,纬德信息,2,50.97999954223633,"[105.14179229736328, 12656, 9337]",SH,MARKET.SH,688171.SH
688170,100,德龙激光,2,77.4800033569336,"[543.9435424804688, 12652, 9249]",SH,MARKET.SH,688170.SH
688169,100,石头科技,2,130.1699981689453,"[520.322265625, 12642, 9588]",SH,MARKET.SH,688169.SH
688168,100,安博通,2,81.7300033569336,"[81.9571304321289, 12701, 9633]",SH,MARKET.SH,688168.SH
688167,100,炬光科技,2,460.4800109863281,"[270.900390625, 12694, 9432]",SH,MARKET.SH,688167.SH
688166,100,博瑞医药,2,58.0099983215332,"[444.6788330078125, 12679, 9628]",SH,MARKET.SH,688166.SH
688165,100,埃夫特,2,20.299999237060547,"[763.384521484375, 12656, 8886]",SH,MARKET.SH,688165.SH
688163,100,赛伦生物,2,39.900001525878906,"[95.04409790039062, 12646, 9393]",SH,MARKET.SH,688163.SH
688162,100,巨一科技,2,34.060001373291016,"[116.1326675415039, 12653, 9608]",SH,MARKET.SH,688162.SH
688161,100,威高骨科,2,26.43000030517578,"[53.141517639160156, 12656, 9418]",SH,MARKET.SH,688161.SH
688160,100,步科股份,2,138.69000244140625,"[234.0924530029297, 12652, 9625]",SH,MARKET.SH,688160.SH
688159,100,有方科技,2,53.63999938964844,"[493.7785949707031, 12657, 9616]",SH,MARKET.SH,688159.SH
688158,100,优刻得,2,43.439998626708984,"[1870.668701171875, 12697, 9635]",SH,MARKET.SH,688158.SH
688157,100,松井股份,2,32.38999938964844,"[83.51335144042969, 12644, 9610]",SH,MARKET.SH,688157.SH
688156,100,路德科技,2,25.469999313354492,"[142.80003356933594, 12644, 9092]",SH,MARKET.SH,688156.SH
688155,100,先惠技术,2,94.16999816894531,"[155.22610473632812, 12656, 9635]",SH,MARKET.SH,688155.SH
688153,100,唯捷创芯,2,31.899999618530273,"[261.46600341796875, 12652, 9581]",SH,MARKET.SH,688153.SH
688152,100,麒麟信安,2,35.77000045776367,"[84.02125549316406, 12670, 9623]",SH,MARKET.SH,688152.SH
688151,100,华强科技,2,18.8799991607666,"[72.11345672607422, 12644, 9287]",SH,MARKET.SH,688151.SH
688150,100,莱特光电,2,64.5,"[569.6197509765625, 12656, 9414]",SH,MARKET.SH,688150.SH
688148,100,芳源股份,2,9.600000381469727,"[796.1135864257812, 12630, 9091]",SH,MARKET.SH,688148.SH
688147,100,微导纳米,2,89.08999633789062,"[660.9638671875, 12654, 9588]",SH,MARKET.SH,688147.SH
688146,100,中船特气,2,127.87000274658203,"[993.3272094726562, 12638, 9308]",SH,MARKET.SH,688146.SH
688143,100,长盈通,2,132.0,"[884.7155151367188, 12654, 9476]",SH,MARKET.SH,688143.SH
688141,100,杰华特,2,95.05000305175781,"[937.12646484375, 12656, 9488]",SH,MARKET.SH,688141.SH
688139,100,海尔生物,2,33.20000076293945,"[178.6037139892578, 12679, 9510]",SH,MARKET.SH,688139.SH
688138,100,清溢光电,2,32.63999938964844,"[433.9469909667969, 12685, 9433]",SH,MARKET.SH,688138.SH
688137,100,近岸蛋白,2,46.36000061035156,"[39.60523986816406, 12654, 9582]",SH,MARKET.SH,688137.SH
688136,100,科兴制药,2,23.989999771118164,"[218.5030517578125, 12654, 9559]",SH,MARKET.SH,688136.SH
688135,100,利扬芯片,2,38.79999923706055,"[1486.053466796875, 12654, 9615]",SH,MARKET.SH,688135.SH
688133,100,泰坦科技,2,24.559999465942383,"[402.8638610839844, 12656, 9295]",SH,MARKET.SH,688133.SH
688132,100,邦彦技术,2,16.790000915527344,"[78.6173095703125, 12654, 9575]",SH,MARKET.SH,688132.SH
688131,100,皓元医药,2,75.02999877929688,"[245.584716796875, 12699, 9588]",SH,MARKET.SH,688131.SH
688130,100,晶华微,2,28.049999237060547,"[243.882568359375, 12673, 9340]",SH,MARKET.SH,688130.SH
688129,100,东来技术,2,30.5,"[98.93544006347656, 12656, 9301]",SH,MARKET.SH,688129.SH
688128,100,中国电研,2,26.649999618530273,"[144.9769744873047, 12652, 9526]",SH,MARKET.SH,688128.SH
688127,100,蓝特光学,2,95.66000366210938,"[452.5387268066406, 12656, 9636]",SH,MARKET.SH,688127.SH
688126,100,沪硅产业,2,27.68000030517578,"[8635.1669921875, 12656, 9603]",SH,MARKET.SH,688126.SH
688125,100,安达智能,2,196.9199981689453,"[65.4896011352539, 12644, 9418]",SH,MARKET.SH,688125.SH
688123,100,聚辰股份,2,153.89999389648438,"[669.370361328125, 12697, 9632]",SH,MARKET.SH,688123.SH
688122,100,西部超导,2,62.25,"[555.5977172851562, 12653, 9355]",SH,MARKET.SH,688122.SH
688121,100,卓然股份,2,6.480000019073486,"[548.0381469726562, 12533, 9322]",SH,MARKET.SH,688121.SH
688120,100,华海清科,2,280.0,"[596.5931396484375, 12642, 9609]",SH,MARKET.SH,688120.SH
688119,100,中钢洛耐,2,4.650000095367432,"[583.3028564453125, 12654, 9287]",SH,MARKET.SH,688119.SH
688118,100,普元信息,2,25.8700008392334,"[129.0329132080078, 12650, 9613]",SH,MARKET.SH,688118.SH
688117,100,圣诺生物,2,34.93000030517578,"[88.71073150634766, 12644, 9446]",SH,MARKET.SH,688117.SH
688116,100,天奈科技,2,42.75,"[557.9234008789062, 12656, 9588]",SH,MARKET.SH,688116.SH
688115,100,思林杰,2,57.060001373291016,"[70.42501068115234, 12646, 9404]",SH,MARKET.SH,688115.SH
688114,100,华大智造,2,53.61000061035156,"[227.7519989013672, 12673, 9624]",SH,MARKET.SH,688114.SH
688113,100,联测科技,2,44.54999923706055,"[64.11752319335938, 12652, 9404]",SH,MARKET.SH,688113.SH
688112,100,鼎阳科技,2,70.69999694824219,"[238.5970001220703, 12644, 9580]",SH,MARKET.SH,688112.SH
688111,100,金山办公,2,243.89999389648438,"[341.825927734375, 12644, 9533]",SH,MARKET.SH,688111.SH
688110,100,东芯股份,2,138.6999969482422,"[1044.4853515625, 12656, 9109]",SH,MARKET.SH,688110.SH
688109,100,品茗科技,2,81.3499984741211,"[62.80351638793945, 12644, 9391]",SH,MARKET.SH,688109.SH
688108,100,赛诺医疗,2,20.520000457763672,"[799.619384765625, 12654, 9630]",SH,MARKET.SH,688108.SH
688107,100,安路科技,2,45.0,"[731.1133422851562, 12654, 9091]",SH,MARKET.SH,688107.SH
688106,100,XD金宏气,2,28.670000076293945,"[2054.192138671875, 12656, 9633]",SH,MARKET.SH,688106.SH
688105,100,诺唯赞,2,20.020000457763672,"[166.81553649902344, 12642, 9279]",SH,MARKET.SH,688105.SH
688103,100,国力电子,2,65.12000274658203,"[101.34962463378906, 12679, 9607]",SH,MARKET.SH,688103.SH
688102,100,斯瑞新材,2,39.619998931884766,"[945.2816772460938, 12652, 9614]",SH,MARKET.SH,688102.SH
688101,100,三达膜,2,17.829999923706055,"[250.25732421875, 12654, 9616]",SH,MARKET.SH,688101.SH
688100,100,威胜信息,2,38.060001373291016,"[178.15220642089844, 12654, 9592]",SH,MARKET.SH,688100.SH
688099,100,XD晶晨股,2,110.0199966430664,"[946.966064453125, 12654, 9632]",SH,MARKET.SH,688099.SH
688098,100,申联生物,2,8.100000381469727,"[94.79083251953125, 12655, 9091]",SH,MARKET.SH,688098.SH
688097,100,博众精工,2,57.97999954223633,"[426.14178466796875, 12699, 9400]",SH,MARKET.SH,688097.SH
688096,100,京源环保,2,12.40999984741211,"[671.758544921875, 12654, 9615]",SH,MARKET.SH,688096.SH
688095,100,福昕软件,2,77.36000061035156,"[100.49010467529297, 12654, 9615]",SH,MARKET.SH,688095.SH
688093,100,世华科技,2,31.6299991607666,"[137.32522583007812, 12632, 9638]",SH,MARKET.SH,688093.SH
688092,100,爱科科技,2,29.18000030517578,"[48.881290435791016, 12656, 9638]",SH,MARKET.SH,688092.SH
688091,100,上海谊众,2,54.9900016784668,"[291.1236572265625, 12652, 9440]",SH,MARKET.SH,688091.SH
688090,100,瑞松科技,2,87.58999633789062,"[224.36573791503906, 12652, 9614]",SH,MARKET.SH,688090.SH
688089,100,嘉必优,2,14.199999809265137,"[109.40291595458984, 12642, 9314]",SH,MARKET.SH,688089.SH
688088,100,虹软科技,2,43.790000915527344,"[459.4814453125, 12638, 9390]",SH,MARKET.SH,688088.SH
688087,100,英科再生,2,41.70000076293945,"[112.28007507324219, 12652, 9589]",SH,MARKET.SH,688087.SH
688085,100,三友医疗,2,17.5,"[156.95458984375, 12652, 9540]",SH,MARKET.SH,688085.SH
688084,100,晶品特装,2,60.97999954223633,"[57.85318374633789, 12652, 9614]",SH,MARKET.SH,688084.SH
688083,100,中望软件,2,58.970001220703125,"[205.57447814941406, 12642, 9609]",SH,MARKET.SH,688083.SH
688082,100,盛美上海,2,212.72000122070312,"[668.0907592773438, 12679, 9623]",SH,MARKET.SH,688082.SH
688081,100,兴图新科,2,57.70000076293945,"[101.192138671875, 12646, 8642]",SH,MARKET.SH,688081.SH
688080,100,映翰通,2,45.130001068115234,"[119.09608459472656, 12640, 9608]",SH,MARKET.SH,688080.SH
688079,100,美迪凯,2,20.6299991607666,"[1143.48876953125, 12656, 9616]",SH,MARKET.SH,688079.SH
688078,100,龙软科技,2,25.079999923706055,"[38.16920852661133, 12652, 9292]",SH,MARKET.SH,688078.SH
688077,100,XD大地熊,2,29.290000915527344,"[114.8427734375, 12652, 9631]",SH,MARKET.SH,688077.SH
688076,100,ST诺泰,2,30.549999237060547,"[78.33487701416016, 12656, 9616]",SH,MARKET.SH,688076.SH
688075,100,安旭生物,2,35.81999969482422,"[20.31377410888672, 12656, 9323]",SH,MARKET.SH,688075.SH
688073,100,毕得医药,2,54.95000076293945,"[86.24906921386719, 12656, 9596]",SH,MARKET.SH,688073.SH
688072,100,拓荆科技,2,606.2000122070312,"[460.72174072265625, 12652, 9595]",SH,MARKET.SH,688072.SH
688071,100,华依科技,2,38.75,"[221.06227111816406, 12656, 9091]",SH,MARKET.SH,688071.SH
688070,100,纵横股份,2,46.84000015258789,"[95.83556365966797, 12656, 9609]",SH,MARKET.SH,688070.SH
688069,100,德林海,2,63.5,"[314.158203125, 12653, 9393]",SH,MARKET.SH,688069.SH
688068,100,热景生物,2,90.1500015258789,"[123.35367584228516, 12699, 9636]",SH,MARKET.SH,688068.SH
688067,100,爱威科技,2,26.709999084472656,"[41.51390075683594, 12654, 9467]",SH,MARKET.SH,688067.SH
688066,100,*ST航图,2,13.699999809265137,"[404.6429443359375, 12656, 9588]",SH,MARKET.SH,688066.SH
688065,100,凯赛生物,2,43.290000915527344,"[277.1069030761719, 12656, 9359]",SH,MARKET.SH,688065.SH
688063,100,派能科技,2,74.18000030517578,"[717.7776489257812, 12642, 9636]",SH,MARKET.SH,688063.SH
688062,100,迈威生物,2,33.47999954223633,"[316.81109619140625, 12654, 9613]",SH,MARKET.SH,688062.SH
688061,100,灿瑞科技,2,40.619998931884766,"[180.8319549560547, 12656, 9603]",SH,MARKET.SH,688061.SH
688060,100,云涌科技,2,43.72999954223633,"[21.47833251953125, 12644, 8882]",SH,MARKET.SH,688060.SH
688059,100,华锐精密,2,145.6999969482422,"[128.75991821289062, 12644, 9608]",SH,MARKET.SH,688059.SH
688058,100,宝兰德,2,28.15999984741211,"[50.669742584228516, 12644, 9503]",SH,MARKET.SH,688058.SH
688057,100,金达莱,2,13.760000228881836,"[270.0496520996094, 12656, 9321]",SH,MARKET.SH,688057.SH
688056,100,莱伯泰科,2,34.220001220703125,"[40.43623352050781, 12654, 9287]",SH,MARKET.SH,688056.SH
688055,100,龙腾光电,2,5.389999866485596,"[1308.1072998046875, 12642, 8632]",SH,MARKET.SH,688055.SH
688053,100,ST思科瑞,2,39.47999954223633,"[52.83262634277344, 12656, 9319]",SH,MARKET.SH,688053.SH
688052,100,纳芯微,2,238.0,"[218.4024200439453, 12652, 9501]",SH,MARKET.SH,688052.SH
688051,100,佳华科技,2,46.279998779296875,"[78.02220153808594, 12657, 8884]",SH,MARKET.SH,688051.SH
688050,100,爱博医疗,2,46.599998474121094,"[97.77976989746094, 12642, 9446]",SH,MARKET.SH,688050.SH
688049,100,炬芯科技,2,49.13999938964844,"[408.3215637207031, 12654, 9420]",SH,MARKET.SH,688049.SH
688048,100,长光华芯,2,356.9700012207031,"[502.61834716796875, 12632, 9404]",SH,MARKET.SH,688048.SH
688047,100,龙芯中科,2,157.30999755859375,"[507.8320007324219, 12654, 9305]",SH,MARKET.SH,688047.SH
688046,100,药康生物,2,20.829999923706055,"[213.0728759765625, 12642, 9449]",SH,MARKET.SH,688046.SH
688045,100,必易微,2,66.87999725341797,"[148.23770141601562, 12642, 9611]",SH,MARKET.SH,688045.SH
688041,100,海光信息,2,307.0,"[1917.86181640625, 12612, 9519]",SH,MARKET.SH,688041.SH
688039,100,当虹科技,2,46.34000015258789,"[233.98428344726562, 12654, 9608]",SH,MARKET.SH,688039.SH
688038,100,中科通达,2,20.0,"[117.0428466796875, 12654, 9091]",SH,MARKET.SH,688038.SH
688037,100,芯源微,2,285.1499938964844,"[458.0434265136719, 12656, 9604]",SH,MARKET.SH,688037.SH
688036,100,XD传音控,2,62.040000915527344,"[959.650146484375, 12652, 9631]",SH,MARKET.SH,688036.SH
688035,100,德邦科技,2,80.5199966430664,"[479.9789733886719, 12646, 9404]",SH,MARKET.SH,688035.SH
688033,100,*ST天宜,2,8.050000190734863,"[649.7188110351562, 12656, 9091]",SH,MARKET.SH,688033.SH
688032,100,禾迈股份,2,107.0199966430664,"[95.68739318847656, 12656, 9294]",SH,MARKET.SH,688032.SH
688031,100,星环科技,2,133.19000244140625,"[305.0721740722656, 12656, 9532]",SH,MARKET.SH,688031.SH
688030,100,山石网科,2,17.030000686645508,"[135.4072265625, 12646, 9588]",SH,MARKET.SH,688030.SH
688029,100,南微医学,2,80.77999877929688,"[61.54118347167969, 12652, 9396]",SH,MARKET.SH,688029.SH
688028,100,沃尔德,2,112.29000091552734,"[245.8330841064453, 12654, 9393]",SH,MARKET.SH,688028.SH
688027,100,国盾量子,2,538.8400268554688,"[116.23096466064453, 12638, 9616]",SH,MARKET.SH,688027.SH
688026,100,洁特生物,2,15.40999984741211,"[67.94624328613281, 12656, 9636]",SH,MARKET.SH,688026.SH
688025,100,杰普特,2,380.0,"[180.4168701171875, 12656, 9298]",SH,MARKET.SH,688025.SH
688023,100,安恒信息,2,42.79999923706055,"[111.41768646240234, 12652, 9558]",SH,MARKET.SH,688023.SH
688022,100,ST瀚川,2,9.84000015258789,"[198.91587829589844, 12656, 9091]",SH,MARKET.SH,688022.SH
688021,100,奥福科技,2,26.469999313354492,"[84.91462707519531, 12656, 9247]",SH,MARKET.SH,688021.SH
688020,100,方邦股份,2,138.17999267578125,"[208.35421752929688, 12656, 9606]",SH,MARKET.SH,688020.SH
688019,100,安集科技,2,304.7900085449219,"[395.34710693359375, 12653, 9602]",SH,MARKET.SH,688019.SH
688018,100,乐鑫科技,2,177.72000122070312,"[360.3100891113281, 12695, 9632]",SH,MARKET.SH,688018.SH
688017,100,绿的谐波,2,335.0,"[661.2756958007812, 12642, 9609]",SH,MARKET.SH,688017.SH
688016,100,心脉医疗,2,99.98999786376953,"[109.249755859375, 12656, 9415]",SH,MARKET.SH,688016.SH
688015,100,交控科技,2,20.170000076293945,"[76.44452667236328, 12652, 9279]",SH,MARKET.SH,688015.SH
688013,100,天臣医疗,2,30.489999771118164,"[61.89058303833008, 12654, 9404]",SH,MARKET.SH,688013.SH
688012,100,中微公司,2,475.79998779296875,"[1349.666015625, 12695, 9631]",SH,MARKET.SH,688012.SH
688011,100,新光光电,2,63.79999923706055,"[93.09024810791016, 12644, 9530]",SH,MARKET.SH,688011.SH
688010,100,福光股份,2,39.20000076293945,"[411.0937194824219, 12652, 9299]",SH,MARKET.SH,688010.SH
688009,100,中国通号,2,4.860000133514404,"[1497.0191650390625, 12656, 9329]",SH,MARKET.SH,688009.SH
688008,100,澜起科技,2,262.1700134277344,"[3744.45458984375, 12652, 9538]",SH,MARKET.SH,688008.SH
688007,100,光峰科技,2,15.4399995803833,"[352.74920654296875, 12657, 9616]",SH,MARKET.SH,688007.SH
688006,100,杭可科技,2,33.83000183105469,"[845.0325317382812, 12656, 9637]",SH,MARKET.SH,688006.SH
688005,100,容百科技,2,34.349998474121094,"[1186.853271484375, 12673, 9365]",SH,MARKET.SH,688005.SH
688004,100,博汇科技,2,22.899999618530273,"[72.33128356933594, 12642, 9091]",SH,MARKET.SH,688004.SH
688003,100,天准科技,2,95.4800033569336,"[435.3645935058594, 12646, 9611]",SH,MARKET.SH,688003.SH
688002,100,睿创微纳,2,129.3800048828125,"[403.3113098144531, 12652, 9596]",SH,MARKET.SH,688002.SH
688001,100,华兴源创,2,66.7699966430664,"[646.0416870117188, 12696, 9636]",SH,MARKET.SH,688001.SH
605599,100,菜百股份,2,16.209999084472656,"[258.2198791503906, 12654, 9291]",SH,MARKET.SH,605599.SH
605598,100,上海港湾,2,52.810001373291016,"[277.08221435546875, 12644, 9575]",SH,MARKET.SH,605598.SH
605589,100,圣泉集团,2,43.959999084472656,"[2271.37060546875, 12693, 9634]",SH,MARKET.SH,605589.SH
605588,100,冠石科技,2,59.40999984741211,"[140.191162109375, 12701, 9509]",SH,MARKET.SH,605588.SH
605580,100,恒盛能源,2,20.09000015258789,"[186.4116668701172, 12655, 9271]",SH,MARKET.SH,605580.SH
605577,100,龙版传媒,2,10.699999809265137,"[166.60580444335938, 12654, 9310]",SH,MARKET.SH,605577.SH
605567,100,春雪食品,2,10.25,"[144.8051300048828, 12683, 9301]",SH,MARKET.SH,605567.SH
605566,100,福莱蒽特,2,37.58000183105469,"[263.07611083984375, 12656, 9326]",SH,MARKET.SH,605566.SH
605555,100,德昌股份,2,16.520000457763672,"[466.86480712890625, 12646, 9373]",SH,MARKET.SH,605555.SH
605507,100,国邦医药,2,22.15999984741211,"[143.0191650390625, 12628, 9638]",SH,MARKET.SH,605507.SH
605500,100,森林包装,2,9.890000343322754,"[339.16455078125, 12652, 9294]",SH,MARKET.SH,605500.SH
605499,100,东鹏饮料,2,147.22999572753906,"[343.12982177734375, 12687, 9628]",SH,MARKET.SH,605499.SH
605488,100,福莱新材,2,38.439998626708984,"[619.161865234375, 12652, 9614]",SH,MARKET.SH,605488.SH
605399,100,晨光新材,2,15.6899995803833,"[666.8147583007812, 12693, 9511]",SH,MARKET.SH,605399.SH
605398,100,新炬网络,2,25.170000076293945,"[79.23833465576172, 12654, 9349]",SH,MARKET.SH,605398.SH
605389,100,长龄液压,2,114.0,"[103.12101745605469, 12669, 9637]",SH,MARKET.SH,605389.SH
605388,100,均瑶健康,2,6.539999961853027,"[400.0621643066406, 12654, 9294]",SH,MARKET.SH,605388.SH
605378,100,野马电池,2,17.780000686645508,"[96.02803039550781, 12652, 9370]",SH,MARKET.SH,605378.SH
605377,100,华旺科技,2,9.079999923706055,"[366.2237548828125, 12654, 9397]",SH,MARKET.SH,605377.SH
605376,100,博迁新材,2,139.36000061035156,"[655.2392578125, 12654, 9312]",SH,MARKET.SH,605376.SH
605369,100,拱东医疗,2,19.600000381469727,"[122.30839538574219, 12644, 9369]",SH,MARKET.SH,605369.SH
605368,100,蓝天燃气,2,7.409999847412109,"[175.68667602539062, 12669, 9414]",SH,MARKET.SH,605368.SH
605366,100,宏柏新材,2,11.8100004196167,"[1821.7884521484375, 12656, 9603]",SH,MARKET.SH,605366.SH
605365,100,立达信,2,18.420000076293945,"[761.4981689453125, 12646, 9369]",SH,MARKET.SH,605365.SH
605358,100,立昂微,2,51.2599983215332,"[2581.72900390625, 12652, 9614]",SH,MARKET.SH,605358.SH
605339,100,南侨食品,2,16.709999084472656,"[105.37079620361328, 12652, 9281]",SH,MARKET.SH,605339.SH
605338,100,巴比食品,2,20.979999542236328,"[104.42298889160156, 12638, 9629]",SH,MARKET.SH,605338.SH
605337,100,李子园,2,9.989999771118164,"[120.46695709228516, 12652, 9588]",SH,MARKET.SH,605337.SH
605336,100,*ST帅电,2,17.25,"[187.0926055908203, 12654, 9301]",SH,MARKET.SH,605336.SH
605333,100,沪光股份,2,23.149999618530273,"[137.0770263671875, 12644, 9600]",SH,MARKET.SH,605333.SH
605319,100,无锡振华,2,25.280000686645508,"[253.62100219726562, 12646, 9611]",SH,MARKET.SH,605319.SH
605318,100,法狮龙,2,98.6500015258789,"[145.80087280273438, 12652, 9369]",SH,MARKET.SH,605318.SH
605305,100,中际联合,2,41.099998474121094,"[207.0664825439453, 12699, 9390]",SH,MARKET.SH,605305.SH
605303,100,园林股份,2,29.600000381469727,"[401.5953369140625, 12656, 9008]",SH,MARKET.SH,605303.SH
605300,100,佳禾食品,2,10.300000190734863,"[89.81339263916016, 12646, 9391]",SH,MARKET.SH,605300.SH
605299,100,舒华体育,2,17.899999618530273,"[1113.557861328125, 12646, 9608]",SH,MARKET.SH,605299.SH
605298,100,必得科技,2,55.25,"[116.35541534423828, 12654, 9631]",SH,MARKET.SH,605298.SH
605296,100,神农集团,2,28.649999618530273,"[229.95408630371094, 12699, 9453]",SH,MARKET.SH,605296.SH
605289,100,罗曼股份,2,101.47000122070312,"[158.8351593017578, 12697, 9631]",SH,MARKET.SH,605289.SH
605288,100,凯迪股份,2,113.6500015258789,"[122.71582794189453, 12673, 9616]",SH,MARKET.SH,605288.SH
605287,100,德才股份,2,48.34000015258789,"[277.9581604003906, 12656, 9134]",SH,MARKET.SH,605287.SH
605286,100,XD同力天,2,38.790000915527344,"[169.12948608398438, 12656, 9631]",SH,MARKET.SH,605286.SH
605277,100,新亚电子,2,21.90999984741211,"[275.79180908203125, 12654, 9615]",SH,MARKET.SH,605277.SH
605268,100,王力安防,2,10.960000038146973,"[212.8874969482422, 12654, 9602]",SH,MARKET.SH,605268.SH
605266,100,健之佳,2,18.639999389648438,"[68.49030303955078, 12652, 9294]",SH,MARKET.SH,605266.SH
605259,100,绿田机械,2,18.290000915527344,"[68.35726928710938, 12656, 9316]",SH,MARKET.SH,605259.SH
605258,100,协和电子,2,35.400001525878906,"[134.13528442382812, 12652, 9288]",SH,MARKET.SH,605258.SH
605255,100,天普股份,2,98.16000366210938,"[61.46116638183594, 12646, 9442]",SH,MARKET.SH,605255.SH
605228,100,神通科技,2,14.119999885559082,"[317.1711120605469, 12624, 9630]",SH,MARKET.SH,605228.SH
605222,100,起帆电缆,2,36.47999954223633,"[628.4366455078125, 12654, 9588]",SH,MARKET.SH,605222.SH
605218,100,伟时电子,2,20.690000534057617,"[489.2348327636719, 12699, 9559]",SH,MARKET.SH,605218.SH
605208,100,永茂泰,2,14.199999809265137,"[484.4801940917969, 12646, 9309]",SH,MARKET.SH,605208.SH
605199,100,ST葫芦娃,2,6.940000057220459,"[158.48313903808594, 12654, 9091]",SH,MARKET.SH,605199.SH
605198,100,安德利,2,52.380001068115234,"[334.7058410644531, 12656, 9583]",SH,MARKET.SH,605198.SH
605196,100,华通线缆,2,39.5099983215332,"[533.3903198242188, 12652, 9595]",SH,MARKET.SH,605196.SH
605189,100,富春染织,2,16.81999969482422,"[714.9505004882812, 12656, 9588]",SH,MARKET.SH,605189.SH
605188,100,国光连锁,2,13.970000267028809,"[227.404296875, 12699, 9414]",SH,MARKET.SH,605188.SH
605186,100,健麾信息,2,24.790000915527344,"[451.89361572265625, 12679, 9091]",SH,MARKET.SH,605186.SH
605183,100,确成股份,2,15.729999542236328,"[70.18416595458984, 12646, 9365]",SH,MARKET.SH,605183.SH
605180,100,华生科技,2,14.680000305175781,"[67.63573455810547, 12654, 9281]",SH,MARKET.SH,605180.SH
605179,100,一鸣食品,2,15.380000114440918,"[95.6241683959961, 12638, 9396]",SH,MARKET.SH,605179.SH
605178,100,时空科技,2,65.66000366210938,"[188.9413299560547, 12654, 9477]",SH,MARKET.SH,605178.SH
605177,100,东亚药业,2,22.290000915527344,"[192.67678833007812, 12699, 9616]",SH,MARKET.SH,605177.SH
605169,100,洪通燃气,2,12.979999542236328,"[224.99757385253906, 12652, 9288]",SH,MARKET.SH,605169.SH
605168,100,三人行,2,61.0099983215332,"[562.7158813476562, 12652, 9636]",SH,MARKET.SH,605168.SH
605167,100,利柏特,2,16.920000076293945,"[334.71868896484375, 12653, 9588]",SH,MARKET.SH,605167.SH
605166,100,聚合顺,2,10.569999694824219,"[315.72491455078125, 12701, 9602]",SH,MARKET.SH,605166.SH
605162,100,新中港,2,10.449999809265137,"[556.5560913085938, 12695, 9636]",SH,MARKET.SH,605162.SH
605158,100,华达新材,2,7.409999847412109,"[533.8406982421875, 12656, 9294]",SH,MARKET.SH,605158.SH
605155,100,西大门,2,15.829999923706055,"[114.29999542236328, 12656, 9636]",SH,MARKET.SH,605155.SH
605151,100,西上海,2,22.190000534057617,"[85.03789520263672, 12650, 9370]",SH,MARKET.SH,605151.SH
605138,100,盛泰集团,2,7.519999980926514,"[242.01416015625, 12646, 9611]",SH,MARKET.SH,605138.SH
605136,100,丽人丽妆,2,9.829999923706055,"[314.21832275390625, 12652, 9091]",SH,MARKET.SH,605136.SH
605133,100,嵘泰股份,2,41.7599983215332,"[604.0864868164062, 12654, 9506]",SH,MARKET.SH,605133.SH
605128,100,上海沿浦,2,34.70000076293945,"[226.4282989501953, 12656, 9299]",SH,MARKET.SH,605128.SH
605123,100,派克新材,2,118.11000061035156,"[241.60195922851562, 12656, 9609]",SH,MARKET.SH,605123.SH
605122,100,四方新材,2,13.979999542236328,"[112.94691467285156, 12656, 9091]",SH,MARKET.SH,605122.SH
605118,100,力鼎光电,2,40.15999984741211,"[164.26539611816406, 12654, 9606]",SH,MARKET.SH,605118.SH
605117,100,DR德业股,2,119.18000030517578,"[715.5509643554688, 12699, 9633]",SH,MARKET.SH,605117.SH
605116,100,奥锐特,2,21.5,"[121.1234130859375, 12644, 9518]",SH,MARKET.SH,605116.SH
605111,100,新洁能,2,53.08000183105469,"[1511.5546875, 12652, 9289]",SH,MARKET.SH,605111.SH
605108,100,同庆楼,2,13.90999984741211,"[115.28641510009766, 12656, 9312]",SH,MARKET.SH,605108.SH
605100,100,华丰股份,2,55.58000183105469,"[171.60089111328125, 12701, 9635]",SH,MARKET.SH,605100.SH
605099,100,共创草坪,2,43.5,"[272.3116149902344, 12680, 9615]",SH,MARKET.SH,605099.SH
605098,100,行动教育,2,56.06999969482422,"[62.921390533447266, 12681, 9435]",SH,MARKET.SH,605098.SH
605090,100,九丰能源,2,39.41999816894531,"[779.0164184570312, 12672, 9624]",SH,MARKET.SH,605090.SH
605089,100,味知香,2,22.600000381469727,"[45.82267379760742, 12652, 9288]",SH,MARKET.SH,605089.SH
605088,100,冠盛股份,2,35.75,"[160.74049377441406, 12644, 9572]",SH,MARKET.SH,605088.SH
605086,100,龙高股份,2,29.809999465942383,"[215.01388549804688, 12642, 9378]",SH,MARKET.SH,605086.SH
605081,100,*ST太和,2,5.03000020980835,"[3.119166612625122, 12656, 8986]",SH,MARKET.SH,605081.SH
605080,100,浙江自然,2,25.149999618530273,"[85.16133117675781, 12652, 9614]",SH,MARKET.SH,605080.SH
605077,100,华康股份,2,18.5,"[860.7701416015625, 12656, 9610]",SH,MARKET.SH,605077.SH
605069,100,正和生态,2,15.760000228881836,"[301.3441467285156, 12657, 9538]",SH,MARKET.SH,605069.SH
605068,100,明新旭腾,2,25.68000030517578,"[136.5139617919922, 12656, 9414]",SH,MARKET.SH,605068.SH
605066,100,天正电气,2,7.340000152587891,"[594.953369140625, 12632, 9637]",SH,MARKET.SH,605066.SH
605060,100,联德股份,2,53.95000076293945,"[266.3233642578125, 12652, 9586]",SH,MARKET.SH,605060.SH
605058,100,澳弘电子,2,36.43000030517578,"[135.07901000976562, 12652, 9301]",SH,MARKET.SH,605058.SH
605056,100,咸亨国际,2,24.299999237060547,"[398.08087158203125, 12656, 9531]",SH,MARKET.SH,605056.SH
605055,100,迎丰股份,2,13.40999984741211,"[581.2133178710938, 12652, 9293]",SH,MARKET.SH,605055.SH
605050,100,福然德,2,11.890000343322754,"[191.38873291015625, 12656, 9526]",SH,MARKET.SH,605050.SH
605033,100,美邦股份,2,21.479999542236328,"[118.05916595458984, 12656, 9467]",SH,MARKET.SH,605033.SH
605028,100,世茂能源,2,24.709999084472656,"[74.53666687011719, 12654, 9604]",SH,MARKET.SH,605028.SH
605020,100,永和股份,2,32.79999923706055,"[1741.8629150390625, 12638, 9517]",SH,MARKET.SH,605020.SH
605018,100,长华集团,2,13.670000076293945,"[415.39361572265625, 12699, 9526]",SH,MARKET.SH,605018.SH
605016,100,百龙创园,2,26.600000381469727,"[199.5531463623047, 12669, 9470]",SH,MARKET.SH,605016.SH
605011,100,杭州热电,2,21.3700008392334,"[418.11431884765625, 12652, 9435]",SH,MARKET.SH,605011.SH
605009,100,豪悦护理,2,26.219999313354492,"[52.90569305419922, 12655, 9614]",SH,MARKET.SH,605009.SH
605008,100,长鸿高科,2,11.850000381469727,"[135.5865020751953, 12656, 9369]",SH,MARKET.SH,605008.SH
605007,100,五洲特纸,2,14.130000114440918,"[190.69082641601562, 12632, 9604]",SH,MARKET.SH,605007.SH
605006,100,山东玻纤,2,14.3100004196167,"[2285.408447265625, 12656, 9595]",SH,MARKET.SH,605006.SH
605005,100,合兴股份,2,18.6200008392334,"[96.24608612060547, 12646, 9294]",SH,MARKET.SH,605005.SH
605003,100,众望布艺,2,26.690000534057617,"[52.606040954589844, 12640, 9294]",SH,MARKET.SH,605003.SH
605001,100,威奥股份,2,6.909999847412109,"[209.19467163085938, 12640, 9395]",SH,MARKET.SH,605001.SH
603999,100,读者传媒,2,7.019999980926514,"[972.7237548828125, 12644, 9287]",SH,MARKET.SH,603999.SH
603998,100,方盛制药,2,10.199999809265137,"[215.34909057617188, 12646, 9508]",SH,MARKET.SH,603998.SH
603997,100,继峰股份,2,13.390000343322754,"[709.183349609375, 12656, 9635]",SH,MARKET.SH,603997.SH
603995,100,甬金股份,2,18.200000762939453,"[216.19676208496094, 12699, 9596]",SH,MARKET.SH,603995.SH
603993,100,洛阳钼业,2,17.639999389648438,"[9926.916015625, 12647, 9636]",SH,MARKET.SH,603993.SH
603992,100,松霖科技,2,31.420000076293945,"[159.3062744140625, 12644, 9586]",SH,MARKET.SH,603992.SH
603991,100,至正股份,2,116.7699966430664,"[128.97930908203125, 12644, 9610]",SH,MARKET.SH,603991.SH
603990,100,麦迪科技,2,16.479999542236328,"[699.6657104492188, 12654, 9091]",SH,MARKET.SH,603990.SH
603989,100,艾华集团,2,25.84000015258789,"[1156.1143798828125, 12657, 9616]",SH,MARKET.SH,603989.SH
603988,100,中电电机,2,22.010000228881836,"[329.0451965332031, 12656, 9277]",SH,MARKET.SH,603988.SH
603987,100,康德莱,2,7.710000038146973,"[182.69346618652344, 12652, 9369]",SH,MARKET.SH,603987.SH
603986,100,兆易创新,2,431.8999938964844,"[2589.980712890625, 12656, 9636]",SH,MARKET.SH,603986.SH
603985,100,恒润股份,2,25.010000228881836,"[1560.9014892578125, 12654, 9636]",SH,MARKET.SH,603985.SH
603983,100,丸美生物,2,24.280000686645508,"[72.31614685058594, 12656, 9442]",SH,MARKET.SH,603983.SH
603982,100,泉峰汽车,2,7.440000057220459,"[327.44512939453125, 12669, 9611]",SH,MARKET.SH,603982.SH
603980,100,吉华集团,2,5.829999923706055,"[762.9085083007812, 12699, 9292]",SH,MARKET.SH,603980.SH
603979,100,金诚信,2,63.5,"[497.3033752441406, 12671, 9614]",SH,MARKET.SH,603979.SH
603978,100,深圳新星,2,32.40999984741211,"[750.1654052734375, 12701, 9246]",SH,MARKET.SH,603978.SH
603977,100,国泰集团,2,13.279999732971191,"[687.540283203125, 12693, 9293]",SH,MARKET.SH,603977.SH
603976,100,正川股份,2,22.0,"[112.72016143798828, 12700, 9638]",SH,MARKET.SH,603976.SH
603970,100,中农立华,2,12.020000457763672,"[71.6458969116211, 12646, 9288]",SH,MARKET.SH,603970.SH
603969,100,银龙股份,2,8.920000076293945,"[887.6159057617188, 12655, 9615]",SH,MARKET.SH,603969.SH
603968,100,醋化股份,2,11.25,"[160.19607543945312, 12656, 9610]",SH,MARKET.SH,603968.SH
603967,100,中创物流,2,12.920000076293945,"[150.20130920410156, 12644, 9623]",SH,MARKET.SH,603967.SH
603966,100,法兰泰克,2,12.819999694824219,"[397.6406555175781, 12701, 9637]",SH,MARKET.SH,603966.SH
603960,100,克来机电,2,21.520000457763672,"[389.49639892578125, 12644, 9610]",SH,MARKET.SH,603960.SH
603959,100,ST百利,2,4.599999904632568,"[868.7798461914062, 12656, 7660]",SH,MARKET.SH,603959.SH
603958,100,哈森股份,2,23.309999465942383,"[398.26141357421875, 12646, 9250]",SH,MARKET.SH,603958.SH
603956,100,威派格,2,5.900000095367432,"[964.2053833007812, 12644, 9369]",SH,MARKET.SH,603956.SH
603955,100,大千生态,2,22.75,"[62.68724822998047, 12656, 9280]",SH,MARKET.SH,603955.SH
603950,100,长源东谷,2,66.29000091552734,"[355.86480712890625, 12656, 9371]",SH,MARKET.SH,603950.SH
603949,100,雪龙集团,2,17.040000915527344,"[164.5747528076172, 12652, 9631]",SH,MARKET.SH,603949.SH
603948,100,建业股份,2,25.68000030517578,"[129.81866455078125, 12644, 9275]",SH,MARKET.SH,603948.SH
603939,100,益丰药房,2,21.299999237060547,"[748.7373046875, 12642, 9609]",SH,MARKET.SH,603939.SH
603938,100,三孚股份,2,50.58000183105469,"[1220.2772216796875, 12642, 9289]",SH,MARKET.SH,603938.SH
603937,100,丽岛新材,2,14.859999656677246,"[486.95281982421875, 12679, 9616]",SH,MARKET.SH,603937.SH
603936,100,博敏电子,2,20.540000915527344,"[2703.538330078125, 12700, 9638]",SH,MARKET.SH,603936.SH
603933,100,睿能科技,2,25.600000381469727,"[536.15576171875, 12654, 9321]",SH,MARKET.SH,603933.SH
603931,100,格林达,2,49.68000030517578,"[436.3706359863281, 12646, 9288]",SH,MARKET.SH,603931.SH
603929,100,亚翔集成,2,176.89999389648438,"[238.07264709472656, 12699, 9628]",SH,MARKET.SH,603929.SH
603928,100,兴业股份,2,15.890000343322754,"[267.0860900878906, 12653, 9392]",SH,MARKET.SH,603928.SH
603927,100,中科软,2,16.06999969482422,"[405.9762268066406, 12673, 9378]",SH,MARKET.SH,603927.SH
603926,100,铁流股份,2,24.520000457763672,"[448.0966796875, 12653, 9610]",SH,MARKET.SH,603926.SH
603922,100,ST金鸿顺,2,14.40999984741211,"[185.58236694335938, 12654, 9251]",SH,MARKET.SH,603922.SH
603920,100,世运电路,2,63.34000015258789,"[1991.8848876953125, 12654, 9609]",SH,MARKET.SH,603920.SH
603919,100,金徽酒,2,20.020000457763672,"[462.74652099609375, 12630, 9531]",SH,MARKET.SH,603919.SH
603918,100,金桥信息,2,12.399999618530273,"[519.7734375, 12656, 9512]",SH,MARKET.SH,603918.SH
603917,100,合力科技,2,12.84000015258789,"[658.7325439453125, 12656, 9281]",SH,MARKET.SH,603917.SH
603916,100,苏博特,2,15.039999961853027,"[1212.27294921875, 12652, 9602]",SH,MARKET.SH,603916.SH
603915,100,国茂股份,2,17.799999237060547,"[1103.5089111328125, 12652, 9614]",SH,MARKET.SH,603915.SH
603912,100,佳力图,2,10.369999885559082,"[1327.062744140625, 12656, 9614]",SH,MARKET.SH,603912.SH
603909,100,XD建发合,2,11.149999618530273,"[123.29366302490234, 12652, 9631]",SH,MARKET.SH,603909.SH
603908,100,牧高笛,2,22.100000381469727,"[45.76322555541992, 12652, 9614]",SH,MARKET.SH,603908.SH
603906,100,龙蟠科技,2,29.299999237060547,"[1977.5052490234375, 12696, 9636]",SH,MARKET.SH,603906.SH
603903,100,中持股份,2,13.0600004196167,"[1029.6055908203125, 12656, 9197]",SH,MARKET.SH,603903.SH
603901,100,永创智能,2,12.359999656677246,"[522.7662353515625, 12684, 9630]",SH,MARKET.SH,603901.SH
603900,100,莱绅通灵,2,7.0,"[289.2626647949219, 12656, 9608]",SH,MARKET.SH,603900.SH
603899,100,晨光股份,2,21.139999389648438,"[299.0940246582031, 12654, 9630]",SH,MARKET.SH,603899.SH
603898,100,好莱客,2,12.170000076293945,"[122.44120788574219, 12656, 9616]",SH,MARKET.SH,603898.SH
603897,100,长城科技,2,55.599998474121094,"[489.6614685058594, 12640, 9398]",SH,MARKET.SH,603897.SH
603896,100,寿仙谷,2,15.84000015258789,"[64.71052551269531, 12655, 9371]",SH,MARKET.SH,603896.SH
603895,100,天永智能,2,38.22999954223633,"[199.05845642089844, 12652, 8228]",SH,MARKET.SH,603895.SH
603893,100,瑞芯微,2,187.10000610351562,"[727.33251953125, 12697, 9636]",SH,MARKET.SH,603893.SH
603890,100,春秋电子,2,20.8799991607666,"[1662.4730224609375, 12652, 9608]",SH,MARKET.SH,603890.SH
603889,100,新澳股份,2,7.650000095367432,"[529.065673828125, 12701, 9635]",SH,MARKET.SH,603889.SH
603888,100,新华网,2,19.290000915527344,"[448.30548095703125, 12654, 9610]",SH,MARKET.SH,603888.SH
603887,100,城地香江,2,13.800000190734863,"[1066.0772705078125, 12673, 9624]",SH,MARKET.SH,603887.SH
603886,100,XD元祖股,2,11.0,"[164.96998596191406, 12671, 9631]",SH,MARKET.SH,603886.SH
603885,100,吉祥航空,2,11.489999771118164,"[1084.881103515625, 12656, 9523]",SH,MARKET.SH,603885.SH
603883,100,老百姓,2,12.319999694824219,"[351.1471252441406, 12642, 9609]",SH,MARKET.SH,603883.SH
603882,100,金域医学,2,25.639999389648438,"[209.21226501464844, 12646, 9525]",SH,MARKET.SH,603882.SH
603881,100,数据港,2,37.779998779296875,"[3037.901611328125, 12646, 9446]",SH,MARKET.SH,603881.SH
603880,100,南卫股份,2,8.100000381469727,"[444.8538513183594, 12657, 9251]",SH,MARKET.SH,603880.SH
603879,100,永悦科技,2,5.329999923706055,"[381.76971435546875, 12656, 9224]",SH,MARKET.SH,603879.SH
603878,100,武进不锈,2,7.210000038146973,"[652.4841918945312, 12642, 9609]",SH,MARKET.SH,603878.SH
603877,100,太平鸟,2,13.479999542236328,"[69.43549346923828, 12630, 9603]",SH,MARKET.SH,603877.SH
603876,100,鼎胜新材,2,26.290000915527344,"[1947.30712890625, 12656, 9569]",SH,MARKET.SH,603876.SH
603871,100,嘉友国际,2,11.130000114440918,"[726.70947265625, 12652, 9413]",SH,MARKET.SH,603871.SH
603869,100,ST智知,2,10.770000457763672,"[51.537750244140625, 12652, 9596]",SH,MARKET.SH,603869.SH
603868,100,飞科电器,2,36.959999084472656,"[103.68421936035156, 12654, 9281]",SH,MARKET.SH,603868.SH
603867,100,新化股份,2,38.31999969482422,"[628.6128540039062, 12646, 9611]",SH,MARKET.SH,603867.SH
603866,100,桃李面包,2,4.820000171661377,"[302.7415771484375, 12654, 9243]",SH,MARKET.SH,603866.SH
603863,100,松炀资源,2,17.15999984741211,"[219.75, 12656, 8207]",SH,MARKET.SH,603863.SH
603861,100,白云电器,2,15.699999809265137,"[696.883544921875, 12646, 9611]",SH,MARKET.SH,603861.SH
603860,100,中公高科,2,30.260000228881836,"[50.28666687011719, 12656, 9275]",SH,MARKET.SH,603860.SH
603859,100,能科科技,2,44.66999816894531,"[862.8445434570312, 12656, 9322]",SH,MARKET.SH,603859.SH
603858,100,步长制药,2,15.289999961853027,"[224.26620483398438, 12652, 9539]",SH,MARKET.SH,603858.SH
603856,100,东宏股份,2,12.180000305175781,"[178.47265625, 12640, 9398]",SH,MARKET.SH,603856.SH
603855,100,华荣股份,2,19.010000228881836,"[261.0733947753906, 12654, 9463]",SH,MARKET.SH,603855.SH
603848,100,好太太,2,15.489999771118164,"[123.09745025634766, 12640, 9371]",SH,MARKET.SH,603848.SH
603843,100,*ST正平,2,8.800000190734863,"[794.7557373046875, 12657, 8228]",SH,MARKET.SH,603843.SH
603839,100,安正时尚,2,7.650000095367432,"[184.024169921875, 12654, 9574]",SH,MARKET.SH,603839.SH
603838,100,*ST四通,2,9.579999923706055,"[61.61083221435547, 12654, 8572]",SH,MARKET.SH,603838.SH
603836,100,海程邦达,2,13.329999923706055,"[85.89833068847656, 12646, 9299]",SH,MARKET.SH,603836.SH
603833,100,欧派家居,2,39.2599983215332,"[176.7860107421875, 12656, 9503]",SH,MARKET.SH,603833.SH
603829,100,洛凯股份,2,24.56999969482422,"[204.28720092773438, 12656, 9616]",SH,MARKET.SH,603829.SH
603828,100,*ST利达,2,5.840000152587891,"[233.1976318359375, 12657, 8642]",SH,MARKET.SH,603828.SH
603826,100,坤彩科技,2,33.90999984741211,"[464.1606140136719, 12642, 9091]",SH,MARKET.SH,603826.SH
603825,100,ST华扬,2,8.430000305175781,"[90.086669921875, 12701, 8230]",SH,MARKET.SH,603825.SH
603823,100,百合花,2,22.6200008392334,"[850.0774536132812, 12656, 9567]",SH,MARKET.SH,603823.SH
603822,100,ST嘉澳,2,77.27999877929688,"[73.55088806152344, 12656, 9167]",SH,MARKET.SH,603822.SH
603819,100,神力股份,2,13.949999809265137,"[340.255126953125, 12654, 9292]",SH,MARKET.SH,603819.SH
603818,100,曲美家居,2,3.5,"[709.6508178710938, 12701, 9616]",SH,MARKET.SH,603818.SH
603817,100,海峡环保,2,6.570000171661377,"[438.74200439453125, 12646, 9430]",SH,MARKET.SH,603817.SH
603816,100,顾家家居,2,29.049999237060547,"[238.40223693847656, 12657, 9609]",SH,MARKET.SH,603816.SH
603815,100,交建股份,2,6.670000076293945,"[666.5557250976562, 12656, 9322]",SH,MARKET.SH,603815.SH
603813,100,*ST原尚,2,37.22999954223633,"[21.147499084472656, 12657, 9393]",SH,MARKET.SH,603813.SH
603811,100,诚意药业,2,11.050000190734863,"[193.56146240234375, 12644, 9294]",SH,MARKET.SH,603811.SH
603810,100,丰山集团,2,14.699999809265137,"[109.27860260009766, 12652, 9614]",SH,MARKET.SH,603810.SH
603809,100,豪能股份,2,11.239999771118164,"[779.2705688476562, 12656, 9609]",SH,MARKET.SH,603809.SH
603808,100,歌力思,2,9.300000190734863,"[210.51573181152344, 12656, 9615]",SH,MARKET.SH,603808.SH
603806,100,福斯特,2,15.930000305175781,"[2725.43798828125, 12698, 9637]",SH,MARKET.SH,603806.SH
603803,100,瑞斯康达,2,14.710000038146973,"[1392.1998291015625, 12654, 9615]",SH,MARKET.SH,603803.SH
603801,100,志邦家居,2,7.909999847412109,"[123.40743255615234, 12656, 9616]",SH,MARKET.SH,603801.SH
603800,100,洪田股份,2,56.93000030517578,"[335.789794921875, 12656, 9315]",SH,MARKET.SH,603800.SH
603799,100,华友钴业,2,56.459999084472656,"[2515.738525390625, 12637, 9628]",SH,MARKET.SH,603799.SH
603798,100,康普顿,2,17.6299991607666,"[300.5787048339844, 12681, 9293]",SH,MARKET.SH,603798.SH
603797,100,联泰环保,2,4.619999885559082,"[248.16220092773438, 12671, 9615]",SH,MARKET.SH,603797.SH
603790,100,雅运股份,2,31.780000686645508,"[267.23272705078125, 12646, 9281]",SH,MARKET.SH,603790.SH
603789,100,ST星农,2,5.880000114440918,"[206.19264221191406, 12656, 9530]",SH,MARKET.SH,603789.SH
603788,100,宁波高发,2,16.719999313354492,"[245.1875, 12653, 9292]",SH,MARKET.SH,603788.SH
603787,100,新日股份,2,11.010000228881836,"[169.56878662109375, 12646, 9393]",SH,MARKET.SH,603787.SH
603786,100,科博达,2,57.79999923706055,"[244.6814727783203, 12643, 9609]",SH,MARKET.SH,603786.SH
603779,100,威龙股份,2,14.520000457763672,"[1348.4310302734375, 12654, 9298]",SH,MARKET.SH,603779.SH
603778,100,国晟科技,2,23.790000915527344,"[2053.357421875, 12656, 9586]",SH,MARKET.SH,603778.SH
603777,100,来伊份,2,19.200000762939453,"[635.779296875, 12654, 9306]",SH,MARKET.SH,603777.SH
603776,100,永安行,2,22.200000762939453,"[211.42042541503906, 12652, 9614]",SH,MARKET.SH,603776.SH
603773,100,沃格光电,2,81.0199966430664,"[983.6495361328125, 12642, 9588]",SH,MARKET.SH,603773.SH
603768,100,常青股份,2,11.529999732971191,"[114.59249877929688, 12652, 9308]",SH,MARKET.SH,603768.SH
603767,100,中马传动,2,24.34000015258789,"[1031.43994140625, 12646, 9259]",SH,MARKET.SH,603767.SH
603766,100,隆鑫通用,2,13.90999984741211,"[753.0281982421875, 12646, 9638]",SH,MARKET.SH,603766.SH
603759,100,海天股份,2,8.470000267028809,"[154.2578125, 12656, 9091]",SH,MARKET.SH,603759.SH
603758,100,秦安股份,2,12.720000267028809,"[340.9681396484375, 12632, 9146]",SH,MARKET.SH,603758.SH
603757,100,大元泵业,2,59.849998474121094,"[765.2182006835938, 12653, 9610]",SH,MARKET.SH,603757.SH
603755,100,日辰股份,2,27.420000076293945,"[70.62799835205078, 12646, 9519]",SH,MARKET.SH,603755.SH
603739,100,蔚蓝生物,2,13.819999694824219,"[329.1921691894531, 12646, 9275]",SH,MARKET.SH,603739.SH
603738,100,泰晶科技,2,47.130001068115234,"[2483.79345703125, 12656, 9609]",SH,MARKET.SH,603738.SH
603737,100,三棵树,2,38.630001068115234,"[284.3229064941406, 12642, 9448]",SH,MARKET.SH,603737.SH
603733,100,仙鹤股份,2,20.739999771118164,"[102.30926513671875, 12656, 9615]",SH,MARKET.SH,603733.SH
603730,100,岱美股份,2,11.8100004196167,"[1193.319580078125, 12656, 9616]",SH,MARKET.SH,603730.SH
603729,100,ST龙韵,2,13.229999542236328,"[123.06282043457031, 12656, 9607]",SH,MARKET.SH,603729.SH
603728,100,鸣志电器,2,67.4000015258789,"[641.6702880859375, 12652, 9294]",SH,MARKET.SH,603728.SH
603727,100,博迈科,2,18.229999542236328,"[286.2937316894531, 12632, 9614]",SH,MARKET.SH,603727.SH
603726,100,朗迪集团,2,28.799999237060547,"[474.06854248046875, 12656, 9610]",SH,MARKET.SH,603726.SH
603725,100,天安新材,2,11.319999694824219,"[567.9754638671875, 12630, 9273]",SH,MARKET.SH,603725.SH
603722,100,阿科力,2,38.81999969482422,"[92.71561431884766, 12646, 9611]",SH,MARKET.SH,603722.SH
603721,100,*ST天择,2,23.020000457763672,"[79.46033477783203, 12657, 9635]",SH,MARKET.SH,603721.SH
603719,100,良品铺子,2,10.819999694824219,"[207.82723999023438, 12654, 9279]",SH,MARKET.SH,603719.SH
603718,100,*ST海利,2,3.4200000762939453,"[612.9830322265625, 12656, 9503]",SH,MARKET.SH,603718.SH
603717,100,天域生物,2,6.849999904632568,"[950.392333984375, 12656, 8035]",SH,MARKET.SH,603717.SH
603716,100,塞力医疗,2,19.719999313354492,"[394.4937438964844, 12671, 9615]",SH,MARKET.SH,603716.SH
603713,100,密尔克卫,2,51.220001220703125,"[79.89794921875, 12654, 9636]",SH,MARKET.SH,603713.SH
603712,100,七一二,2,15.710000038146973,"[759.4147338867188, 12656, 9091]",SH,MARKET.SH,603712.SH
603711,100,香飘飘,2,15.010000228881836,"[298.1866760253906, 12656, 9370]",SH,MARKET.SH,603711.SH
603709,100,中源家居,2,17.739999771118164,"[116.5987319946289, 12652, 9614]",SH,MARKET.SH,603709.SH
603708,100,家家悦,2,9.819999694824219,"[178.09349060058594, 12632, 9418]",SH,MARKET.SH,603708.SH
603707,100,健友股份,2,8.300000190734863,"[367.6178894042969, 12680, 9628]",SH,MARKET.SH,603707.SH
603706,100,东方环宇,2,23.459999084472656,"[123.15216827392578, 12699, 9294]",SH,MARKET.SH,603706.SH
603703,100,盛洋科技,2,13.710000038146973,"[498.0439147949219, 12646, 9091]",SH,MARKET.SH,603703.SH
603701,100,德宏股份,2,25.40999984741211,"[213.7374267578125, 12654, 9638]",SH,MARKET.SH,603701.SH
603700,100,宁水集团,2,11.84000015258789,"[149.1020050048828, 12653, 9603]",SH,MARKET.SH,603700.SH
603699,100,纽威股份,2,63.7400016784668,"[228.5772247314453, 12656, 9517]",SH,MARKET.SH,603699.SH
603698,100,航天工程,2,38.5,"[1110.36328125, 12656, 9637]",SH,MARKET.SH,603698.SH
603697,100,有友食品,2,11.140000343322754,"[731.9343872070312, 12652, 9623]",SH,MARKET.SH,603697.SH
603696,100,安记食品,2,14.15999984741211,"[153.73162841796875, 12656, 9280]",SH,MARKET.SH,603696.SH
603693,100,江苏新能,2,16.899999618530273,"[1504.164794921875, 12646, 9295]",SH,MARKET.SH,603693.SH
603690,100,至纯科技,2,30.18000030517578,"[1919.438720703125, 12657, 9616]",SH,MARKET.SH,603690.SH
603689,100,皖天然气,2,8.449999809265137,"[267.5923156738281, 12698, 9637]",SH,MARKET.SH,603689.SH
603688,100,石英股份,2,72.56999969482422,"[1447.1741943359375, 12646, 9288]",SH,MARKET.SH,603688.SH
603687,100,大胜达,2,16.770000457763672,"[1783.5703125, 12656, 9294]",SH,MARKET.SH,603687.SH
603686,100,福龙马,2,16.770000457763672,"[702.5675659179688, 12640, 9294]",SH,MARKET.SH,603686.SH
603685,100,晨丰科技,2,31.399999618530273,"[101.09380340576172, 12651, 9613]",SH,MARKET.SH,603685.SH
603683,100,晶华新材,2,27.75,"[393.6360778808594, 12653, 9588]",SH,MARKET.SH,603683.SH
603682,100,锦和商管,2,8.760000228881836,"[630.9942626953125, 12646, 9586]",SH,MARKET.SH,603682.SH
603681,100,永冠新材,2,21.690000534057617,"[435.1236267089844, 12652, 9614]",SH,MARKET.SH,603681.SH
603680,100,今创集团,2,13.6899995803833,"[313.288818359375, 12652, 9414]",SH,MARKET.SH,603680.SH
603679,100,华体科技,2,16.670000076293945,"[440.131103515625, 12652, 9614]",SH,MARKET.SH,603679.SH
603678,100,火炬电子,2,34.25,"[661.693359375, 12654, 9399]",SH,MARKET.SH,603678.SH
603677,100,奇精机械,2,17.700000762939453,"[395.6707763671875, 12646, 9610]",SH,MARKET.SH,603677.SH
603676,100,卫信康,2,9.59000015258789,"[95.93499755859375, 12644, 9454]",SH,MARKET.SH,603676.SH
603669,100,灵康药业,2,4.260000228881836,"[352.95745849609375, 12654, 9615]",SH,MARKET.SH,603669.SH
603668,100,天马科技,2,12.300000190734863,"[242.07443237304688, 12656, 9616]",SH,MARKET.SH,603668.SH
603667,100,五洲新春,2,84.73999786376953,"[2411.978759765625, 12656, 9614]",SH,MARKET.SH,603667.SH
603666,100,亿嘉和,2,30.719999313354492,"[269.6925964355469, 12656, 9615]",SH,MARKET.SH,603666.SH
603665,100,康隆达,2,30.579999923706055,"[283.80126953125, 12693, 9631]",SH,MARKET.SH,603665.SH
603663,100,三祥新材,2,45.900001525878906,"[568.1115112304688, 12646, 9365]",SH,MARKET.SH,603663.SH
603662,100,柯力传感,2,67.41999816894531,"[541.6552734375, 12652, 9614]",SH,MARKET.SH,603662.SH
603661,100,恒林股份,2,29.56999969482422,"[66.39746856689453, 12656, 9399]",SH,MARKET.SH,603661.SH
603660,100,苏州科达,2,12.479999542236328,"[1663.2005615234375, 12701, 9636]",SH,MARKET.SH,603660.SH
603659,100,璞泰来,2,31.719999313354492,"[1905.7886962890625, 12642, 9597]",SH,MARKET.SH,603659.SH
603658,100,安图生物,2,33.130001068115234,"[151.85365295410156, 12642, 9638]",SH,MARKET.SH,603658.SH
603657,100,春光科技,2,30.780000686645508,"[295.1156921386719, 12652, 9372]",SH,MARKET.SH,603657.SH
603656,100,泰禾智能,2,18.520000457763672,"[105.80766296386719, 12646, 9529]",SH,MARKET.SH,603656.SH
603655,100,朗博科技,2,40.18000030517578,"[97.4133529663086, 12652, 9376]",SH,MARKET.SH,603655.SH
603650,100,彤程新材,2,57.560001373291016,"[1140.118896484375, 12632, 9604]",SH,MARKET.SH,603650.SH
603648,100,畅联股份,2,9.630000114440918,"[145.58082580566406, 12650, 9354]",SH,MARKET.SH,603648.SH
603639,100,海利尔,2,11.25,"[100.80075073242188, 12654, 9615]",SH,MARKET.SH,603639.SH
603638,100,艾迪精密,2,25.360000610351562,"[420.677001953125, 12640, 9608]",SH,MARKET.SH,603638.SH
603637,100,镇海股份,2,17.56999969482422,"[385.1470031738281, 12679, 9268]",SH,MARKET.SH,603637.SH
603636,100,南威软件,2,11.029999732971191,"[2226.68115234375, 12656, 9247]",SH,MARKET.SH,603636.SH
603633,100,徕木股份,2,7.659999847412109,"[413.14263916015625, 12652, 9361]",SH,MARKET.SH,603633.SH
603630,100,拉芳家化,2,14.5600004196167,"[106.77041625976562, 12652, 9302]",SH,MARKET.SH,603630.SH
603629,100,利通电子,2,179.61000061035156,"[1280.667236328125, 12669, 9616]",SH,MARKET.SH,603629.SH
603628,100,清源股份,2,11.460000038146973,"[279.9583435058594, 12656, 9616]",SH,MARKET.SH,603628.SH
603626,100,科森科技,2,27.3799991607666,"[1947.769775390625, 12642, 9091]",SH,MARKET.SH,603626.SH
603619,100,中曼石油,2,28.520000457763672,"[799.9697875976562, 12656, 9422]",SH,MARKET.SH,603619.SH
603618,100,杭电股份,2,40.27000045776367,"[3277.530029296875, 12640, 9273]",SH,MARKET.SH,603618.SH
603617,100,君禾股份,2,7.369999885559082,"[362.186279296875, 12681, 9628]",SH,MARKET.SH,603617.SH
603616,100,韩建河山,2,7.050000190734863,"[1855.114990234375, 12699, 9636]",SH,MARKET.SH,603616.SH
603615,100,茶花股份,2,21.3799991607666,"[204.97250366210938, 12654, 9091]",SH,MARKET.SH,603615.SH
603613,100,国联股份,2,25.5,"[569.22021484375, 12652, 9322]",SH,MARKET.SH,603613.SH
603612,100,索通发展,2,21.84000015258789,"[836.0279541015625, 12681, 9394]",SH,MARKET.SH,603612.SH
603611,100,诺力股份,2,18.329999923706055,"[120.56415557861328, 12654, 9614]",SH,MARKET.SH,603611.SH
603610,100,麒盛科技,2,18.219999313354492,"[759.0287475585938, 12652, 9635]",SH,MARKET.SH,603610.SH
603609,100,禾丰股份,2,6.519999980926514,"[141.98361206054688, 12656, 9616]",SH,MARKET.SH,603609.SH
603608,100,天创时尚,2,17.030000686645508,"[1710.1806640625, 12646, 9611]",SH,MARKET.SH,603608.SH
603607,100,京华激光,2,23.329999923706055,"[346.71209716796875, 12652, 9285]",SH,MARKET.SH,603607.SH
603606,100,东方电缆,2,57.25,"[530.1751098632812, 12640, 9635]",SH,MARKET.SH,603606.SH
603605,100,珀莱雅,2,55.369998931884766,"[139.70973205566406, 12671, 9623]",SH,MARKET.SH,603605.SH
603602,100,纵横通信,2,13.579999923706055,"[310.0556640625, 12656, 9502]",SH,MARKET.SH,603602.SH
603601,100,再升科技,2,18.1299991607666,"[8810.0693359375, 12642, 9518]",SH,MARKET.SH,603601.SH
603600,100,永艺股份,2,11.649999618530273,"[226.1899871826172, 12646, 9611]",SH,MARKET.SH,603600.SH
603599,100,广信股份,2,11.479999542236328,"[700.7061157226562, 12650, 9294]",SH,MARKET.SH,603599.SH
603598,100,引力传媒,2,22.559999465942383,"[1289.6805419921875, 12656, 9614]",SH,MARKET.SH,603598.SH
603596,100,伯特利,2,32.900001525878906,"[1146.795654296875, 12673, 9616]",SH,MARKET.SH,603596.SH
603595,100,ST东尼,2,21.3700008392334,"[395.4552917480469, 12632, 9308]",SH,MARKET.SH,603595.SH
603590,100,康辰药业,2,39.220001220703125,"[184.0070037841797, 12642, 9609]",SH,MARKET.SH,603590.SH
603589,100,口子窖,2,21.270000457763672,"[294.9325866699219, 12642, 9609]",SH,MARKET.SH,603589.SH
603588,100,高能环境,2,12.619999885559082,"[2630.92431640625, 12616, 9607]",SH,MARKET.SH,603588.SH
603587,100,地素时尚,2,12.869999885559082,"[97.23652648925781, 12654, 9342]",SH,MARKET.SH,603587.SH
603586,100,金麒麟,2,16.850000381469727,"[100.51171875, 12646, 9623]",SH,MARKET.SH,603586.SH
603585,100,苏利股份,2,16.75,"[173.84304809570312, 12699, 9637]",SH,MARKET.SH,603585.SH
603583,100,捷昌驱动,2,29.09000015258789,"[378.0131530761719, 12652, 9614]",SH,MARKET.SH,603583.SH
603580,100,*ST艾艾,2,24.420000076293945,"[80.3071517944336, 12656, 9344]",SH,MARKET.SH,603580.SH
603579,100,荣泰健康,2,21.190000534057617,"[221.51023864746094, 12646, 9530]",SH,MARKET.SH,603579.SH
603578,100,三星新材,2,14.59000015258789,"[228.6456298828125, 12654, 9572]",SH,MARKET.SH,603578.SH
603577,100,XD汇金通,2,10.550000190734863,"[265.70977783203125, 12679, 9631]",SH,MARKET.SH,603577.SH
603569,100,长久物流,2,6.329999923706055,"[158.19993591308594, 12656, 9420]",SH,MARKET.SH,603569.SH
603568,100,伟明环保,2,19.81999969482422,"[204.35731506347656, 12652, 9636]",SH,MARKET.SH,603568.SH
603567,100,珍宝岛,2,7.570000171661377,"[788.94677734375, 12701, 9614]",SH,MARKET.SH,603567.SH
603566,100,普莱柯,2,11.140000343322754,"[100.92753601074219, 12654, 9415]",SH,MARKET.SH,603566.SH
603565,100,中谷物流,2,10.739999771118164,"[473.371337890625, 12656, 9638]",SH,MARKET.SH,603565.SH
603559,100,ST通脉,2,9.420000076293945,"[404.68267822265625, 12654, 9491]",SH,MARKET.SH,603559.SH
603558,100,健盛集团,2,11.890000343322754,"[276.5304260253906, 12642, 9610]",SH,MARKET.SH,603558.SH
603557,100,*ST起步,2,4.429999828338623,"[447.0260314941406, 12656, 9373]",SH,MARKET.SH,603557.SH
603556,100,海兴电力,2,27.809999465942383,"[204.5006561279297, 12656, 9362]",SH,MARKET.SH,603556.SH
603551,100,奥普科技,2,11.199999809265137,"[118.53800964355469, 12653, 9575]",SH,MARKET.SH,603551.SH
603538,100,美诺华,2,53.150001525878906,"[1494.1329345703125, 12674, 9627]",SH,MARKET.SH,603538.SH
603536,100,惠发食品,2,9.670000076293945,"[151.80050659179688, 12654, 9602]",SH,MARKET.SH,603536.SH
603535,100,嘉诚国际,2,8.010000228881836,"[369.1519775390625, 12657, 9616]",SH,MARKET.SH,603535.SH
603533,100,掌阅科技,2,25.610000610351562,"[1037.33154296875, 12656, 9285]",SH,MARKET.SH,603533.SH
603530,100,神马电力,2,58.369998931884766,"[198.0321044921875, 12652, 9356]",SH,MARKET.SH,603530.SH
603529,100,爱玛科技,2,21.059999465942383,"[282.1630554199219, 12642, 9638]",SH,MARKET.SH,603529.SH
603528,100,多伦科技,2,7.789999961853027,"[474.7716979980469, 12656, 9299]",SH,MARKET.SH,603528.SH
603527,100,众源新材,2,12.369999885559082,"[568.7606811523438, 12646, 9288]",SH,MARKET.SH,603527.SH
603520,100,司太立,2,12.890000343322754,"[2628.05810546875, 12656, 9379]",SH,MARKET.SH,603520.SH
603519,100,立霸股份,2,13.270000457763672,"[203.21385192871094, 12652, 9288]",SH,MARKET.SH,603519.SH
603518,100,锦泓集团,2,9.140000343322754,"[228.16685485839844, 12652, 9512]",SH,MARKET.SH,603518.SH
603517,100,ST绝味,2,13.220000267028809,"[652.427734375, 12683, 9372]",SH,MARKET.SH,603517.SH
603516,100,淳中科技,2,120.2699966430664,"[449.0816345214844, 12654, 9615]",SH,MARKET.SH,603516.SH
603515,100,欧普照明,2,19.549999237060547,"[57.0286750793457, 12644, 9560]",SH,MARKET.SH,603515.SH
603511,100,爱慕股份,2,13.829999923706055,"[82.85676574707031, 12646, 9611]",SH,MARKET.SH,603511.SH
603508,100,思维列控,2,24.420000076293945,"[281.834228515625, 12654, 9631]",SH,MARKET.SH,603508.SH
603507,100,振江股份,2,42.900001525878906,"[378.0008850097656, 12657, 9587]",SH,MARKET.SH,603507.SH
603506,100,南都物业,2,12.289999961853027,"[110.11871337890625, 12656, 9091]",SH,MARKET.SH,603506.SH
603505,100,金石资源,2,20.969999313354492,"[2401.205810546875, 12654, 9609]",SH,MARKET.SH,603505.SH
603501,100,豪威集团,2,102.66000366210938,"[1602.623779296875, 12656, 9588]",SH,MARKET.SH,603501.SH
603500,100,祥和实业,2,10.039999961853027,"[270.19915771484375, 12671, 9623]",SH,MARKET.SH,603500.SH
603499,100,翔港科技,2,20.829999923706055,"[288.1346435546875, 12656, 9355]",SH,MARKET.SH,603499.SH
603496,100,恒为科技,2,29.290000915527344,"[885.0296630859375, 12679, 9420]",SH,MARKET.SH,603496.SH
603489,100,八方股份,2,36.4900016784668,"[190.5738525390625, 12654, 9615]",SH,MARKET.SH,603489.SH
603488,100,展鹏科技,2,10.710000038146973,"[476.2080078125, 12652, 9312]",SH,MARKET.SH,603488.SH
603486,100,科沃斯,2,68.4800033569336,"[552.8284912109375, 12646, 9611]",SH,MARKET.SH,603486.SH
603477,100,巨星农牧,2,16.889999389648438,"[760.7579956054688, 12658, 9616]",SH,MARKET.SH,603477.SH
603466,100,风语筑,2,10.979999542236328,"[2395.257568359375, 12638, 9607]",SH,MARKET.SH,603466.SH
603459,100,红板科技,2,96.01000213623047,"[1102.281982421875, 12652, 9592]",SH,MARKET.SH,603459.SH
603458,100,勘设股份,2,13.529999732971191,"[820.1473999023438, 12681, 9225]",SH,MARKET.SH,603458.SH
603456,100,九洲药业,2,13.0600004196167,"[559.3345336914062, 12644, 9376]",SH,MARKET.SH,603456.SH
603444,100,吉比特,2,364.4599914550781,"[60.582725524902344, 12644, 9630]",SH,MARKET.SH,603444.SH
603439,100,三力制药,2,12.989999771118164,"[684.5772094726562, 12650, 9613]",SH,MARKET.SH,603439.SH
603435,100,N嘉德,2,15.760000228881836,"[0.0, 12701, 9637]",SH,MARKET.SH,603435.SH
603429,100,*ST集友,2,9.359999656677246,"[160.64791870117188, 12656, 9091]",SH,MARKET.SH,603429.SH
603421,100,鼎信通讯,2,7.630000114440918,"[602.7971801757812, 12701, 9091]",SH,MARKET.SH,603421.SH
603418,100,友升股份,2,53.38999938964844,"[69.55536651611328, 12654, 9575]",SH,MARKET.SH,603418.SH
603416,100,信捷电气,2,64.72000122070312,"[289.13299560546875, 12647, 9603]",SH,MARKET.SH,603416.SH
603409,100,汇通控股,2,42.43000030517578,"[70.82598876953125, 12656, 9559]",SH,MARKET.SH,603409.SH
603408,100,建霖家居,2,10.9399995803833,"[83.725830078125, 12642, 9491]",SH,MARKET.SH,603408.SH
603407,100,长裕集团,2,66.48999786376953,"[506.47314453125, 12675, 9624]",SH,MARKET.SH,603407.SH
603406,100,天富龙,2,31.25,"[47.56527328491211, 12640, 9533]",SH,MARKET.SH,603406.SH
603402,100,陕西旅游,2,98.45999908447266,"[39.62497329711914, 12701, 9606]",SH,MARKET.SH,603402.SH
603400,100,华之杰,2,80.4000015258789,"[105.13188934326172, 12637, 9606]",SH,MARKET.SH,603400.SH
603399,100,永杉锂业,2,17.579999923706055,"[3800.001708984375, 12652, 9350]",SH,MARKET.SH,603399.SH
603398,100,*ST沐邦,2,14.890000343322754,"[529.1870727539062, 12699, 9091]",SH,MARKET.SH,603398.SH
603396,100,金辰股份,2,34.599998474121094,"[183.29345703125, 12652, 9299]",SH,MARKET.SH,603396.SH
603395,100,红四方,2,24.989999771118164,"[96.66748809814453, 12652, 9460]",SH,MARKET.SH,603395.SH
603393,100,新天然气,2,29.020000457763672,"[459.3174743652344, 12656, 9278]",SH,MARKET.SH,603393.SH
603392,100,万泰生物,2,37.93000030517578,"[200.56065368652344, 12652, 9607]",SH,MARKET.SH,603392.SH
603391,100,力聚热能,2,69.31999969482422,"[77.3202896118164, 12685, 9629]",SH,MARKET.SH,603391.SH
603390,100,通达电气,2,14.279999732971191,"[1382.861328125, 12642, 9397]",SH,MARKET.SH,603390.SH
603389,100,*ST亚振,2,63.130001068115234,"[98.94461822509766, 12656, 7824]",SH,MARKET.SH,603389.SH
603387,100,基蛋生物,2,9.09000015258789,"[462.7547912597656, 12656, 9383]",SH,MARKET.SH,603387.SH
603386,100,骏亚科技,2,15.550000190734863,"[1067.9007568359375, 12652, 9091]",SH,MARKET.SH,603386.SH
603385,100,惠达卫浴,2,6.110000133514404,"[171.28627014160156, 12656, 9282]",SH,MARKET.SH,603385.SH
603383,100,顶点软件,2,33.25,"[276.3268127441406, 12671, 9637]",SH,MARKET.SH,603383.SH
603382,100,海阳科技,2,24.309999465942383,"[59.215084075927734, 12652, 9476]",SH,MARKET.SH,603382.SH
603381,100,永臻股份,2,22.010000228881836,"[303.4612731933594, 12679, 9307]",SH,MARKET.SH,603381.SH
603380,100,易德龙,2,42.70000076293945,"[305.11407470703125, 12640, 9281]",SH,MARKET.SH,603380.SH
603379,100,三美股份,2,55.029998779296875,"[705.85986328125, 12652, 9418]",SH,MARKET.SH,603379.SH
603378,100,*ST亚士,2,5.260000228881836,"[1422.30908203125, 12656, 9091]",SH,MARKET.SH,603378.SH
603377,100,ST东时,2,3.509999990463257,"[268.3883056640625, 12656, 9606]",SH,MARKET.SH,603377.SH
603376,100,大明电子,2,32.40999984741211,"[118.38372802734375, 12657, 9616]",SH,MARKET.SH,603376.SH
603375,100,盛景微,2,50.959999084472656,"[204.03201293945312, 12699, 9344]",SH,MARKET.SH,603375.SH
603373,100,安邦护卫,2,48.650001525878906,"[125.27127838134766, 12654, 9401]",SH,MARKET.SH,603373.SH
603370,100,华新精科,2,46.380001068115234,"[116.68354034423828, 12652, 9559]",SH,MARKET.SH,603370.SH
603369,100,今世缘,2,28.200000762939453,"[462.0048828125, 12654, 9369]",SH,MARKET.SH,603369.SH
603368,100,柳药集团,2,16.1200008392334,"[124.82405090332031, 12657, 9616]",SH,MARKET.SH,603368.SH
603367,100,辰欣药业,2,14.270000457763672,"[232.0577850341797, 12653, 9401]",SH,MARKET.SH,603367.SH
603366,100,日出东方,2,7.960000038146973,"[402.390380859375, 12646, 9371]",SH,MARKET.SH,603366.SH
603365,100,水星家纺,2,19.290000915527344,"[120.05015563964844, 12644, 9502]",SH,MARKET.SH,603365.SH
603363,100,傲农生物,2,3.319999933242798,"[3489.6669921875, 12652, 9638]",SH,MARKET.SH,603363.SH
603360,100,百傲化学,2,23.530000686645508,"[1110.88623046875, 12653, 9372]",SH,MARKET.SH,603360.SH
603359,100,*ST东珠,2,3.0999999046325684,"[712.4773559570312, 12656, 9091]",SH,MARKET.SH,603359.SH
603358,100,华达科技,2,38.65999984741211,"[853.94189453125, 12656, 9572]",SH,MARKET.SH,603358.SH
603357,100,设计总院,2,7.039999961853027,"[204.0800323486328, 12673, 9624]",SH,MARKET.SH,603357.SH
603356,100,华菱精工,2,18.6200008392334,"[158.9355010986328, 12656, 7692]",SH,MARKET.SH,603356.SH
603355,100,莱克电气,2,30.200000762939453,"[108.43630981445312, 12654, 9602]",SH,MARKET.SH,603355.SH
603353,100,和顺石油,2,49.95000076293945,"[348.99005126953125, 12644, 9610]",SH,MARKET.SH,603353.SH
603352,100,至信股份,2,33.25,"[61.66170120239258, 12699, 9510]",SH,MARKET.SH,603352.SH
603351,100,威尔药业,2,26.600000381469727,"[43.66546630859375, 12652, 9288]",SH,MARKET.SH,603351.SH
603350,100,安乃达,2,34.54999923706055,"[58.80156707763672, 12656, 9630]",SH,MARKET.SH,603350.SH
603348,100,文灿股份,2,17.700000762939453,"[84.1915054321289, 12654, 9287]",SH,MARKET.SH,603348.SH
603345,100,安井食品,2,98.20999908447266,"[187.364013671875, 12653, 9390]",SH,MARKET.SH,603345.SH
603344,100,星德胜,2,31.790000915527344,"[378.8839416503906, 12656, 9273]",SH,MARKET.SH,603344.SH
603341,100,龙旗科技,2,36.83000183105469,"[399.582275390625, 12654, 9519]",SH,MARKET.SH,603341.SH
603339,100,四方科技,2,13.069999694824219,"[153.3772735595703, 12656, 9301]",SH,MARKET.SH,603339.SH
603338,100,浙江鼎力,2,54.75,"[287.223876953125, 12652, 9292]",SH,MARKET.SH,603338.SH
603337,100,杰克科技,2,41.20000076293945,"[259.2476806640625, 12653, 9530]",SH,MARKET.SH,603337.SH
603336,100,宏辉果蔬,2,12.380000114440918,"[821.461669921875, 12656, 9610]",SH,MARKET.SH,603336.SH
603335,100,迪生力,2,6.920000076293945,"[569.2447509765625, 12652, 8183]",SH,MARKET.SH,603335.SH
603334,100,丰倍生物,2,44.20000076293945,"[79.98968505859375, 12657, 9616]",SH,MARKET.SH,603334.SH
603333,100,尚纬股份,2,9.65999984741211,"[2405.90185546875, 12656, 9362]",SH,MARKET.SH,603333.SH
603332,100,苏州龙杰,2,13.170000076293945,"[280.6915588378906, 12652, 9288]",SH,MARKET.SH,603332.SH
603331,100,百达精工,2,14.199999809265137,"[742.01220703125, 12654, 9315]",SH,MARKET.SH,603331.SH
603330,100,天洋新材,2,6.639999866485596,"[351.56341552734375, 12642, 9373]",SH,MARKET.SH,603330.SH
603329,100,上海雅仕,2,11.239999771118164,"[136.67236328125, 12655, 9615]",SH,MARKET.SH,603329.SH
603328,100,依顿电子,2,11.670000076293945,"[1059.3336181640625, 12653, 9316]",SH,MARKET.SH,603328.SH
603327,100,福蓉科技,2,10.399999618530273,"[1058.2884521484375, 12699, 9611]",SH,MARKET.SH,603327.SH
603326,100,XD我乐家,2,7.800000190734863,"[217.4146728515625, 12656, 9631]",SH,MARKET.SH,603326.SH
603325,100,博隆技术,2,58.099998474121094,"[25.147300720214844, 12699, 9610]",SH,MARKET.SH,603325.SH
603324,100,盛剑科技,2,32.900001525878906,"[303.04278564453125, 12656, 9609]",SH,MARKET.SH,603324.SH
603323,100,苏农银行,2,4.78000020980835,"[738.118408203125, 12657, 9386]",SH,MARKET.SH,603323.SH
603322,100,超讯通信,2,35.540000915527344,"[610.6215209960938, 12652, 9251]",SH,MARKET.SH,603322.SH
603321,100,梅轮电梯,2,7.0,"[186.32167053222656, 12656, 9525]",SH,MARKET.SH,603321.SH
603320,100,迪贝电气,2,24.100000381469727,"[247.04563903808594, 12652, 9638]",SH,MARKET.SH,603320.SH
603319,100,美湖股份,2,32.869998931884766,"[982.7852783203125, 12638, 9607]",SH,MARKET.SH,603319.SH
603318,100,水发燃气,2,9.880000114440918,"[2694.622802734375, 12644, 9560]",SH,MARKET.SH,603318.SH
603317,100,天味食品,2,15.760000228881836,"[458.4430847167969, 12652, 9616]",SH,MARKET.SH,603317.SH
603316,100,诚邦股份,2,27.25,"[1479.8013916015625, 12656, 8182]",SH,MARKET.SH,603316.SH
603315,100,福鞍股份,2,16.15999984741211,"[946.32080078125, 12656, 9614]",SH,MARKET.SH,603315.SH
603313,100,梦百合,2,5.730000019073486,"[446.0580139160156, 12654, 9131]",SH,MARKET.SH,603313.SH
603312,100,西典新能,2,38.7400016784668,"[71.32322692871094, 12646, 9583]",SH,MARKET.SH,603312.SH
603311,100,金海高科,2,31.200000762939453,"[1195.748779296875, 12654, 9293]",SH,MARKET.SH,603311.SH
603310,100,巍华新材,2,16.729999542236328,"[557.019287109375, 12669, 9540]",SH,MARKET.SH,603310.SH
603309,100,维力医疗,2,13.359999656677246,"[205.954345703125, 12642, 9638]",SH,MARKET.SH,603309.SH
603308,100,应流股份,2,71.66999816894531,"[761.8256225585938, 12693, 9635]",SH,MARKET.SH,603308.SH
603307,100,扬州金泉,2,42.459999084472656,"[31.91622543334961, 12654, 9540]",SH,MARKET.SH,603307.SH
603306,100,华懋科技,2,107.4800033569336,"[714.8037719726562, 12653, 9609]",SH,MARKET.SH,603306.SH
603305,100,旭升集团,2,17.110000610351562,"[2202.6513671875, 12653, 9609]",SH,MARKET.SH,603305.SH
603303,100,得邦照明,2,22.299999237060547,"[299.1995849609375, 12644, 9391]",SH,MARKET.SH,603303.SH
603301,100,振德医疗,2,90.05000305175781,"[179.3518524169922, 12644, 9596]",SH,MARKET.SH,603301.SH
603300,100,海南华铁,2,6.119999885559082,"[2438.625732421875, 12652, 9608]",SH,MARKET.SH,603300.SH
603299,100,苏盐井神,2,10.229999542236328,"[267.55126953125, 12653, 9614]",SH,MARKET.SH,603299.SH
603298,100,杭叉集团,2,27.59000015258789,"[280.89581298828125, 12645, 9638]",SH,MARKET.SH,603298.SH
603297,100,永新光学,2,145.35000610351562,"[131.745361328125, 12644, 9610]",SH,MARKET.SH,603297.SH
603296,100,华勤技术,2,105.04000091552734,"[774.120849609375, 12698, 9637]",SH,MARKET.SH,603296.SH
603293,100,埃泰克,2,54.77000045776367,"[244.5266571044922, 12642, 9601]",SH,MARKET.SH,603293.SH
603291,100,联合水务,2,11.510000228881836,"[254.1786346435547, 12652, 9581]",SH,MARKET.SH,603291.SH
603290,100,斯达半导,2,122.2300033569336,"[612.9945068359375, 12656, 9371]",SH,MARKET.SH,603290.SH
603289,100,泰瑞机器,2,11.170000076293945,"[453.91082763671875, 12701, 9588]",SH,MARKET.SH,603289.SH
603288,100,海天味业,2,35.34000015258789,"[629.7357788085938, 12653, 9582]",SH,MARKET.SH,603288.SH
603286,100,日盈电子,2,68.3499984741211,"[223.7963104248047, 12657, 9611]",SH,MARKET.SH,603286.SH
603285,100,键邦股份,2,51.95000076293945,"[189.1586456298828, 12654, 9316]",SH,MARKET.SH,603285.SH
603284,100,林平发展,2,44.52000045776367,"[56.00109100341797, 12653, 9535]",SH,MARKET.SH,603284.SH
603283,100,赛腾股份,2,67.0,"[1184.9326171875, 12652, 9614]",SH,MARKET.SH,603283.SH
603282,100,亚光股份,2,17.1299991607666,"[79.30762481689453, 12654, 9568]",SH,MARKET.SH,603282.SH
603281,100,江瀚新材,2,37.47999954223633,"[222.66650390625, 12638, 9526]",SH,MARKET.SH,603281.SH
603280,100,南方路机,2,30.639999389648438,"[50.90666580200195, 12671, 9623]",SH,MARKET.SH,603280.SH
603279,100,景津装备,2,15.1899995803833,"[551.343505859375, 12653, 9610]",SH,MARKET.SH,603279.SH
603278,100,大业股份,2,13.859999656677246,"[3282.708740234375, 12693, 9091]",SH,MARKET.SH,603278.SH
603277,100,银都股份,2,12.529999732971191,"[65.96471405029297, 12642, 9609]",SH,MARKET.SH,603277.SH
603276,100,恒兴新材,2,17.309999465942383,"[96.41121673583984, 12671, 9614]",SH,MARKET.SH,603276.SH
603275,100,众辰科技,2,48.97999954223633,"[139.61297607421875, 12642, 9609]",SH,MARKET.SH,603275.SH
603273,100,天元智能,2,16.1299991607666,"[89.16421508789062, 12652, 9519]",SH,MARKET.SH,603273.SH
603272,100,*ST联翔,2,33.29999923706055,"[269.9670104980469, 12652, 9319]",SH,MARKET.SH,603272.SH
603271,100,永杰新材,2,46.54999923706055,"[131.92393493652344, 12656, 9565]",SH,MARKET.SH,603271.SH
603270,100,金帝股份,2,31.100000381469727,"[316.0692443847656, 12653, 9586]",SH,MARKET.SH,603270.SH
603269,100,海鸥股份,2,21.0,"[1291.162841796875, 12654, 9373]",SH,MARKET.SH,603269.SH
603268,100,松发股份,2,143.8000030517578,"[252.19906616210938, 12701, 9540]",SH,MARKET.SH,603268.SH
603267,100,鸿远电子,2,58.9900016784668,"[474.22259521484375, 12653, 9629]",SH,MARKET.SH,603267.SH
603266,100,天龙股份,2,20.600000381469727,"[212.33546447753906, 12656, 9319]",SH,MARKET.SH,603266.SH
603262,100,技源集团,2,27.799999237060547,"[108.34378814697266, 12652, 9518]",SH,MARKET.SH,603262.SH
603261,100,*ST立航,2,35.290000915527344,"[22.403350830078125, 12642, 9609]",SH,MARKET.SH,603261.SH
603260,100,合盛硅业,2,39.810001373291016,"[370.76806640625, 12656, 9355]",SH,MARKET.SH,603260.SH
603259,100,药明康德,2,104.2300033569336,"[1551.74951171875, 12652, 9579]",SH,MARKET.SH,603259.SH
603258,100,电魂网络,2,14.800000190734863,"[125.79426574707031, 12656, 9432]",SH,MARKET.SH,603258.SH
603257,100,中国瑞林,2,61.0099983215332,"[65.12828063964844, 12652, 9404]",SH,MARKET.SH,603257.SH
603256,100,宏和科技,2,144.8800048828125,"[970.738525390625, 12630, 9566]",SH,MARKET.SH,603256.SH
603255,100,鼎际得,2,33.58000183105469,"[75.53666687011719, 12654, 9615]",SH,MARKET.SH,603255.SH
603248,100,锡华科技,2,29.280000686645508,"[699.0437622070312, 12643, 9609]",SH,MARKET.SH,603248.SH
603239,100,浙江仙通,2,22.25,"[259.7275085449219, 12654, 9267]",SH,MARKET.SH,603239.SH
603238,100,诺邦股份,2,14.260000228881836,"[218.21542358398438, 12644, 9278]",SH,MARKET.SH,603238.SH
603237,100,五芳斋,2,16.030000686645508,"[88.2093505859375, 12688, 9632]",SH,MARKET.SH,603237.SH
603236,100,移远通信,2,74.51000213623047,"[313.198486328125, 12644, 9610]",SH,MARKET.SH,603236.SH
603235,100,天新药业,2,24.809999465942383,"[17.316932678222656, 12656, 9505]",SH,MARKET.SH,603235.SH
603233,100,大参林,2,17.40999984741211,"[357.7061767578125, 12644, 9610]",SH,MARKET.SH,603233.SH
603232,100,格尔软件,2,18.219999313354492,"[266.3345642089844, 12656, 9616]",SH,MARKET.SH,603232.SH
603231,100,索宝蛋白,2,16.670000076293945,"[101.37079620361328, 12671, 9533]",SH,MARKET.SH,603231.SH
603230,100,内蒙新华,2,10.09000015258789,"[73.02833557128906, 12652, 9294]",SH,MARKET.SH,603230.SH
603229,100,奥翔药业,2,10.350000381469727,"[588.3277587890625, 12653, 9321]",SH,MARKET.SH,603229.SH
603228,100,景旺电子,2,75.0,"[1684.692138671875, 12680, 9628]",SH,MARKET.SH,603228.SH
603227,100,XD雪峰科,2,8.4399995803833,"[880.2205810546875, 12699, 9631]",SH,MARKET.SH,603227.SH
603226,100,菲林格尔,2,49.79999923706055,"[204.4586944580078, 12680, 8550]",SH,MARKET.SH,603226.SH
603225,100,新凤鸣,2,16.610000610351562,"[785.9588623046875, 12655, 9567]",SH,MARKET.SH,603225.SH
603223,100,恒通股份,2,9.729999542236328,"[485.0033264160156, 12671, 9579]",SH,MARKET.SH,603223.SH
603222,100,济民健康,2,9.510000228881836,"[561.6409912109375, 12656, 9250]",SH,MARKET.SH,603222.SH
603221,100,爱丽家居,2,12.569999694824219,"[181.89820861816406, 12653, 9614]",SH,MARKET.SH,603221.SH
603220,100,中贝通信,2,29.920000076293945,"[2632.90625, 12652, 9609]",SH,MARKET.SH,603220.SH
603219,100,富佳股份,2,18.110000610351562,"[453.89239501953125, 12654, 9369]",SH,MARKET.SH,603219.SH
603218,100,日月股份,2,12.119999885559082,"[433.83184814453125, 12697, 9636]",SH,MARKET.SH,603218.SH
603217,100,元利科技,2,28.350000381469727,"[246.10899353027344, 12644, 9306]",SH,MARKET.SH,603217.SH
603216,100,梦天家居,2,27.90999984741211,"[279.49468994140625, 12642, 9295]",SH,MARKET.SH,603216.SH
603215,100,比依股份,2,17.520000457763672,"[146.47372436523438, 12674, 9625]",SH,MARKET.SH,603215.SH
603214,100,爱婴室,2,15.5,"[108.41277313232422, 12669, 9630]",SH,MARKET.SH,603214.SH
603213,100,镇洋发展,2,13.649999618530273,"[117.81961822509766, 12671, 9631]",SH,MARKET.SH,603213.SH
603212,100,赛伍技术,2,14.069999694824219,"[824.3901977539062, 12656, 9091]",SH,MARKET.SH,603212.SH
603211,100,晋拓股份,2,29.540000915527344,"[521.763671875, 12656, 9336]",SH,MARKET.SH,603211.SH
603210,100,泰鸿万立,2,15.220000267028809,"[124.93738555908203, 12671, 9594]",SH,MARKET.SH,603210.SH
603209,100,兴通股份,2,14.279999732971191,"[190.23733520507812, 12640, 9474]",SH,MARKET.SH,603209.SH
603208,100,江山欧派,2,13.390000343322754,"[89.79212188720703, 12670, 9623]",SH,MARKET.SH,603208.SH
603207,100,小方制药,2,24.90999984741211,"[30.505008697509766, 12652, 9531]",SH,MARKET.SH,603207.SH
603206,100,嘉环科技,2,20.280000686645508,"[1011.8958740234375, 12652, 9257]",SH,MARKET.SH,603206.SH
603205,100,健尔康,2,25.829999923706055,"[46.58665084838867, 12644, 9441]",SH,MARKET.SH,603205.SH
603203,100,快克智能,2,59.04999923706055,"[664.3770751953125, 12687, 9631]",SH,MARKET.SH,603203.SH
603202,100,天有为,2,68.5,"[56.870182037353516, 12644, 9609]",SH,MARKET.SH,603202.SH
603201,100,常润股份,2,15.630000114440918,"[170.5405731201172, 12654, 9485]",SH,MARKET.SH,603201.SH
603200,100,上海洗霸,2,55.119998931884766,"[202.47235107421875, 12654, 9287]",SH,MARKET.SH,603200.SH
603199,100,九华旅游,2,34.16999816894531,"[83.22296142578125, 12644, 9630]",SH,MARKET.SH,603199.SH
603198,100,迎驾贡酒,2,36.689998626708984,"[268.74713134765625, 12642, 9294]",SH,MARKET.SH,603198.SH
603197,100,保隆科技,2,35.279998779296875,"[202.12606811523438, 12652, 9614]",SH,MARKET.SH,603197.SH
603196,100,璞源材料,2,26.309999465942383,"[175.29481506347656, 12652, 9526]",SH,MARKET.SH,603196.SH
603195,100,公牛集团,2,43.900001525878906,"[256.41748046875, 12656, 9503]",SH,MARKET.SH,603195.SH
603194,100,中力股份,2,35.720001220703125,"[73.15435791015625, 12652, 9488]",SH,MARKET.SH,603194.SH
603193,100,润本股份,2,23.5,"[126.49579620361328, 12642, 9386]",SH,MARKET.SH,603193.SH
603192,100,汇得科技,2,21.25,"[49.53108215332031, 12695, 9633]",SH,MARKET.SH,603192.SH
603191,100,望变电气,2,21.809999465942383,"[1269.8277587890625, 12656, 9565]",SH,MARKET.SH,603191.SH
603190,100,亚通精工,2,28.59000015258789,"[191.00759887695312, 12685, 9540]",SH,MARKET.SH,603190.SH
603189,100,*ST网达,2,12.260000228881836,"[278.16534423828125, 12657, 9293]",SH,MARKET.SH,603189.SH
603188,100,亚邦股份,2,4.820000171661377,"[628.69287109375, 12656, 8274]",SH,MARKET.SH,603188.SH
603187,100,海容冷链,2,13.15999984741211,"[271.9856872558594, 12654, 9615]",SH,MARKET.SH,603187.SH
603186,100,华正新材,2,112.58000183105469,"[716.5374755859375, 12643, 9624]",SH,MARKET.SH,603186.SH
603185,100,弘元绿能,2,20.520000457763672,"[1127.1214599609375, 12654, 9615]",SH,MARKET.SH,603185.SH
603183,100,建研院,2,4.400000095367432,"[508.8935241699219, 12632, 9638]",SH,MARKET.SH,603183.SH
603182,100,嘉华股份,2,14.100000381469727,"[105.50749969482422, 12652, 9392]",SH,MARKET.SH,603182.SH
603181,100,皇马科技,2,14.930000305175781,"[423.3871154785156, 12669, 9287]",SH,MARKET.SH,603181.SH
603180,100,金牌家居,2,18.440000534057617,"[44.34416580200195, 12654, 9615]",SH,MARKET.SH,603180.SH
603179,100,新泉股份,2,61.939998626708984,"[1716.599609375, 12695, 9630]",SH,MARKET.SH,603179.SH
603178,100,圣龙股份,2,19.829999923706055,"[1175.099365234375, 12652, 9294]",SH,MARKET.SH,603178.SH
603177,100,德创环保,2,11.739999771118164,"[210.90286254882812, 12656, 9616]",SH,MARKET.SH,603177.SH
603176,100,汇通集团,2,5.389999866485596,"[228.34750366210938, 12650, 9613]",SH,MARKET.SH,603176.SH
603175,100,超颖电子,2,91.16999816894531,"[231.07321166992188, 12656, 9609]",SH,MARKET.SH,603175.SH
603173,100,福斯达,2,36.560001373291016,"[70.0236587524414, 12644, 9525]",SH,MARKET.SH,603173.SH
603172,100,万丰股份,2,21.8799991607666,"[249.42617797851562, 12673, 9624]",SH,MARKET.SH,603172.SH
603171,100,税友股份,2,55.47999954223633,"[216.47752380371094, 12642, 9609]",SH,MARKET.SH,603171.SH
603170,100,宝立食品,2,12.15999984741211,"[134.80418395996094, 12646, 9378]",SH,MARKET.SH,603170.SH
603169,100,兰石重装,2,8.4399995803833,"[673.03955078125, 12656, 8210]",SH,MARKET.SH,603169.SH
603168,100,莎普爱思,2,6.119999885559082,"[264.2670593261719, 12656, 9442]",SH,MARKET.SH,603168.SH
603167,100,渤海轮渡,2,9.079999923706055,"[222.15512084960938, 12671, 9391]",SH,MARKET.SH,603167.SH
603166,100,福达股份,2,14.199999809265137,"[473.62908935546875, 12656, 9623]",SH,MARKET.SH,603166.SH
603165,100,荣晟环保,2,18.350000381469727,"[512.4445190429688, 12656, 9581]",SH,MARKET.SH,603165.SH
603163,100,圣晖集成,2,115.38999938964844,"[234.23973083496094, 12656, 9414]",SH,MARKET.SH,603163.SH
603162,100,海通发展,2,12.15999984741211,"[848.31640625, 12695, 9630]",SH,MARKET.SH,603162.SH
603161,100,科华控股,2,13.699999809265137,"[122.80818176269531, 12656, 9319]",SH,MARKET.SH,603161.SH
603160,100,汇顶科技,2,63.459999084472656,"[257.72454833984375, 12695, 9628]",SH,MARKET.SH,603160.SH
603159,100,上海亚虹,2,27.440000534057617,"[124.34628295898438, 12656, 9323]",SH,MARKET.SH,603159.SH
603158,100,腾龙股份,2,13.800000190734863,"[1263.1085205078125, 12656, 9610]",SH,MARKET.SH,603158.SH
603156,100,养元饮品,2,44.150001525878906,"[1231.801513671875, 12646, 9383]",SH,MARKET.SH,603156.SH
603155,100,新亚强,2,19.700000762939453,"[376.44464111328125, 12654, 9398]",SH,MARKET.SH,603155.SH
603153,100,上海建科,2,15.0600004196167,"[72.70458984375, 12645, 9580]",SH,MARKET.SH,603153.SH
603151,100,邦基科技,2,14.260000228881836,"[94.0822982788086, 12669, 9607]",SH,MARKET.SH,603151.SH
603150,100,万朗磁塑,2,65.51000213623047,"[78.60771942138672, 12654, 9440]",SH,MARKET.SH,603150.SH
603139,100,康惠股份,2,38.150001525878906,"[173.7038116455078, 12644, 8208]",SH,MARKET.SH,603139.SH
603138,100,海量数据,2,17.600000381469727,"[511.24066162109375, 12630, 9434]",SH,MARKET.SH,603138.SH
603137,100,恒尚节能,2,13.329999923706055,"[87.62517547607422, 12657, 9603]",SH,MARKET.SH,603137.SH
603136,100,天目湖,2,9.850000381469727,"[115.2734603881836, 12636, 9277]",SH,MARKET.SH,603136.SH
603135,100,中重科技,2,11.359999656677246,"[232.20840454101562, 12652, 9595]",SH,MARKET.SH,603135.SH
603132,100,金徽股份,2,18.040000915527344,"[313.91436767578125, 12687, 9611]",SH,MARKET.SH,603132.SH
603131,100,上海沪工,2,21.600000381469727,"[518.2447509765625, 12699, 9608]",SH,MARKET.SH,603131.SH
603130,100,云中马,2,46.209999084472656,"[69.58753204345703, 12656, 9603]",SH,MARKET.SH,603130.SH
603129,100,XD春风动,2,239.19000244140625,"[61.772823333740234, 12628, 9631]",SH,MARKET.SH,603129.SH
603128,100,华贸物流,2,5.46999979019165,"[483.9195251464844, 12656, 9320]",SH,MARKET.SH,603128.SH
603127,100,昭衍新药,2,42.77000045776367,"[1929.2216796875, 12656, 9503]",SH,MARKET.SH,603127.SH
603126,100,中材节能,2,8.010000228881836,"[1201.646728515625, 12654, 9295]",SH,MARKET.SH,603126.SH
603125,100,常青科技,2,25.969999313354492,"[599.2606811523438, 12646, 9638]",SH,MARKET.SH,603125.SH
603124,100,江南新材,2,117.8499984741211,"[97.2587661743164, 12654, 9574]",SH,MARKET.SH,603124.SH
603123,100,翠微股份,2,10.720000267028809,"[596.1792602539062, 12638, 8224]",SH,MARKET.SH,603123.SH
603122,100,合富中国,2,13.4399995803833,"[549.55810546875, 12644, 9316]",SH,MARKET.SH,603122.SH
603121,100,华培动力,2,18.709999084472656,"[600.8033447265625, 12644, 9302]",SH,MARKET.SH,603121.SH
603120,100,肯特催化,2,51.9900016784668,"[214.9191436767578, 12652, 9614]",SH,MARKET.SH,603120.SH
603119,100,浙江荣泰,2,80.18000030517578,"[1292.908203125, 12685, 9625]",SH,MARKET.SH,603119.SH
603118,100,共进股份,2,14.020000457763672,"[3678.0322265625, 12652, 9091]",SH,MARKET.SH,603118.SH
603117,100,万林物流,2,4.869999885559082,"[556.358642578125, 12656, 9250]",SH,MARKET.SH,603117.SH
603116,100,红蜻蜓,2,7.909999847412109,"[1270.4354248046875, 12652, 9287]",SH,MARKET.SH,603116.SH
603115,100,海星股份,2,105.73999786376953,"[410.31829833984375, 12632, 9604]",SH,MARKET.SH,603115.SH
603113,100,金能科技,2,5.179999828338623,"[414.826171875, 12656, 9601]",SH,MARKET.SH,603113.SH
603112,100,华翔股份,2,22.290000915527344,"[485.8722839355469, 12642, 9629]",SH,MARKET.SH,603112.SH
603111,100,康尼机电,2,6.550000190734863,"[336.7188720703125, 12644, 9536]",SH,MARKET.SH,603111.SH
603110,100,东方材料,2,22.6299991607666,"[590.7689208984375, 12653, 9323]",SH,MARKET.SH,603110.SH
603109,100,神驰机电,2,20.889999389648438,"[99.73918914794922, 12653, 9334]",SH,MARKET.SH,603109.SH
603108,100,润达医疗,2,14.510000228881836,"[2118.322509765625, 12654, 9615]",SH,MARKET.SH,603108.SH
603107,100,上海汽配,2,14.039999961853027,"[98.25926971435547, 12652, 9371]",SH,MARKET.SH,603107.SH
603106,100,恒银科技,2,8.319999694824219,"[265.79681396484375, 12652, 9278]",SH,MARKET.SH,603106.SH
603105,100,芯能科技,2,9.199999809265137,"[661.6422119140625, 12652, 9611]",SH,MARKET.SH,603105.SH
603103,100,横店影视,2,19.8799991607666,"[200.91018676757812, 12679, 9451]",SH,MARKET.SH,603103.SH
603102,100,百合股份,2,38.81999969482422,"[24.32608413696289, 12628, 9357]",SH,MARKET.SH,603102.SH
603101,100,汇嘉时代,2,7.699999809265137,"[506.4192810058594, 12652, 9575]",SH,MARKET.SH,603101.SH
603100,100,川仪股份,2,20.09000015258789,"[370.8726501464844, 12654, 9635]",SH,MARKET.SH,603100.SH
603099,100,长白山,2,38.380001068115234,"[271.6982727050781, 12669, 9622]",SH,MARKET.SH,603099.SH
603098,100,森特股份,2,12.630000114440918,"[225.2169647216797, 12656, 9323]",SH,MARKET.SH,603098.SH
603097,100,江苏华辰,2,29.290000915527344,"[162.1226043701172, 12671, 9623]",SH,MARKET.SH,603097.SH
603096,100,新经典,2,17.760000228881836,"[73.11396789550781, 12653, 9279]",SH,MARKET.SH,603096.SH
603095,100,越剑智能,2,22.079999923706055,"[470.8583984375, 12646, 9392]",SH,MARKET.SH,603095.SH
603093,100,南华期货,2,22.040000915527344,"[1116.1116943359375, 12639, 9484]",SH,MARKET.SH,603093.SH
603092,100,德力佳,2,71.02999877929688,"[112.27002716064453, 12669, 9622]",SH,MARKET.SH,603092.SH
603091,100,众鑫股份,2,82.2300033569336,"[22.489749908447266, 12652, 9574]",SH,MARKET.SH,603091.SH
603090,100,宏盛股份,2,76.23999786376953,"[368.9533386230469, 12669, 9629]",SH,MARKET.SH,603090.SH
603089,100,正裕工业,2,11.130000114440918,"[110.19406127929688, 12653, 9579]",SH,MARKET.SH,603089.SH
603088,100,宁波精达,2,11.880000114440918,"[899.521728515625, 12654, 9356]",SH,MARKET.SH,603088.SH
603087,100,甘李药业,2,54.61000061035156,"[270.65093994140625, 12642, 9609]",SH,MARKET.SH,603087.SH
603086,100,先达股份,2,6.699999809265137,"[196.44879150390625, 12640, 8664]",SH,MARKET.SH,603086.SH
603085,100,天成自控,2,14.319999694824219,"[485.3499450683594, 12654, 9326]",SH,MARKET.SH,603085.SH
603083,100,剑桥科技,2,179.19000244140625,"[1271.560791015625, 12652, 9629]",SH,MARKET.SH,603083.SH
603082,100,北自科技,2,42.79999923706055,"[679.0984497070312, 12652, 9275]",SH,MARKET.SH,603082.SH
603081,100,大丰实业,2,11.199999809265137,"[478.5089416503906, 12638, 9607]",SH,MARKET.SH,603081.SH
603080,100,新疆火炬,2,23.020000457763672,"[279.7825012207031, 12646, 9273]",SH,MARKET.SH,603080.SH
603079,100,圣达生物,2,15.109999656677246,"[110.45328521728516, 12650, 9489]",SH,MARKET.SH,603079.SH
603078,100,江化微,2,34.939998626708984,"[2318.474853515625, 12656, 9385]",SH,MARKET.SH,603078.SH
603077,100,和邦生物,2,2.549999952316284,"[6790.029296875, 12658, 9617]",SH,MARKET.SH,603077.SH
603076,100,乐惠国际,2,26.979999542236328,"[241.91770935058594, 12654, 9273]",SH,MARKET.SH,603076.SH
603075,100,热威股份,2,25.399999618530273,"[120.4655990600586, 12652, 9630]",SH,MARKET.SH,603075.SH
603073,100,彩蝶实业,2,19.3799991607666,"[89.75396728515625, 12652, 9292]",SH,MARKET.SH,603073.SH
603072,100,天和磁材,2,36.709999084472656,"[126.98617553710938, 12652, 9614]",SH,MARKET.SH,603072.SH
603071,100,物产环能,2,13.079999923706055,"[137.00750732421875, 12638, 9636]",SH,MARKET.SH,603071.SH
603070,100,万控智造,2,16.559999465942383,"[607.2802734375, 12656, 9564]",SH,MARKET.SH,603070.SH
603069,100,海汽集团,2,18.450000762939453,"[394.066162109375, 12654, 7487]",SH,MARKET.SH,603069.SH
603068,100,博通集成,2,36.77000045776367,"[233.79873657226562, 12654, 9554]",SH,MARKET.SH,603068.SH
603067,100,振华股份,2,42.560001373291016,"[1607.74365234375, 12654, 9613]",SH,MARKET.SH,603067.SH
603066,100,音飞储存,2,11.40999984741211,"[233.75999450683594, 12644, 9279]",SH,MARKET.SH,603066.SH
603065,100,宿迁联盛,2,7.920000076293945,"[166.74398803710938, 12699, 9581]",SH,MARKET.SH,603065.SH
603063,100,禾望电气,2,56.849998474121094,"[1604.4990234375, 12672, 9624]",SH,MARKET.SH,603063.SH
603062,100,麦加芯彩,2,47.869998931884766,"[50.109291076660156, 12699, 9625]",SH,MARKET.SH,603062.SH
603061,100,金海通,2,316.0,"[169.1938018798828, 12628, 9596]",SH,MARKET.SH,603061.SH
603060,100,国检集团,2,6.929999828338623,"[958.2941284179688, 12642, 9604]",SH,MARKET.SH,603060.SH
603059,100,倍加洁,2,29.350000381469727,"[61.36659240722656, 12656, 9397]",SH,MARKET.SH,603059.SH
603058,100,永吉股份,2,10.5,"[444.0253601074219, 12699, 9637]",SH,MARKET.SH,603058.SH
603057,100,紫燕食品,2,27.309999465942383,"[160.9180450439453, 12656, 9562]",SH,MARKET.SH,603057.SH
603055,100,台华新材,2,8.869999885559082,"[474.32391357421875, 12656, 9597]",SH,MARKET.SH,603055.SH
603053,100,成都燃气,2,9.720000267028809,"[262.0182189941406, 12652, 9312]",SH,MARKET.SH,603053.SH
603052,100,可川科技,2,94.18000030517578,"[508.909423828125, 12656, 9414]",SH,MARKET.SH,603052.SH
603051,100,鹿山新材,2,23.049999237060547,"[254.5244903564453, 12657, 9616]",SH,MARKET.SH,603051.SH
603050,100,科林电气,2,23.0,"[488.5814514160156, 12653, 9616]",SH,MARKET.SH,603050.SH
603049,100,中策橡胶,2,47.290000915527344,"[87.95639038085938, 12638, 9469]",SH,MARKET.SH,603049.SH
603048,100,浙江黎明,2,22.260000228881836,"[71.49461364746094, 12656, 9554]",SH,MARKET.SH,603048.SH
603045,100,福达合金,2,63.83000183105469,"[560.892578125, 12656, 9287]",SH,MARKET.SH,603045.SH
603043,100,广州酒家,2,14.140000343322754,"[113.65052795410156, 12654, 9554]",SH,MARKET.SH,603043.SH
603042,100,华脉科技,2,20.549999237060547,"[504.4167785644531, 12652, 8419]",SH,MARKET.SH,603042.SH
603041,100,美思德,2,13.579999923706055,"[207.82127380371094, 12644, 9285]",SH,MARKET.SH,603041.SH
603040,100,新坐标,2,91.0,"[190.2137451171875, 12653, 9504]",SH,MARKET.SH,603040.SH
603039,100,泛微网络,2,38.5,"[468.2709655761719, 12697, 9631]",SH,MARKET.SH,603039.SH
603038,100,华立股份,2,16.6200008392334,"[278.2154541015625, 12652, 9294]",SH,MARKET.SH,603038.SH
603037,100,凯众股份,2,14.720000267028809,"[813.01025390625, 12646, 9588]",SH,MARKET.SH,603037.SH
603036,100,如通股份,2,14.520000457763672,"[278.9578857421875, 12654, 9636]",SH,MARKET.SH,603036.SH
603035,100,常熟汽饰,2,12.789999961853027,"[194.88290405273438, 12652, 9607]",SH,MARKET.SH,603035.SH
603033,100,三维股份,2,10.779999732971191,"[488.33099365234375, 12654, 9091]",SH,MARKET.SH,603033.SH
603032,100,德新科技,2,22.959999084472656,"[601.1372680664062, 12695, 9635]",SH,MARKET.SH,603032.SH
603031,100,安孚科技,2,51.16999816894531,"[1039.7215576171875, 12653, 9607]",SH,MARKET.SH,603031.SH
603030,100,全筑股份,2,2.740000009536743,"[1833.126708984375, 12656, 9491]",SH,MARKET.SH,603030.SH
603029,100,天鹅股份,2,18.229999542236328,"[89.86183166503906, 12653, 9279]",SH,MARKET.SH,603029.SH
603028,100,赛福天,2,9.010000228881836,"[390.4432373046875, 12642, 9609]",SH,MARKET.SH,603028.SH
603027,100,千禾味业,2,7.96999979019165,"[551.2323608398438, 12656, 9616]",SH,MARKET.SH,603027.SH
603026,100,XD石大胜,2,97.95999908447266,"[663.0548706054688, 12654, 9631]",SH,MARKET.SH,603026.SH
603025,100,大豪科技,2,15.850000381469727,"[511.6778564453125, 12636, 9624]",SH,MARKET.SH,603025.SH
603023,100,威帝股份,2,4.909999847412109,"[1056.1383056640625, 12656, 9362]",SH,MARKET.SH,603023.SH
603022,100,新通联,2,10.979999542236328,"[195.54161071777344, 12656, 9278]",SH,MARKET.SH,603022.SH
603021,100,*ST华鹏,2,6.46999979019165,"[326.8183288574219, 12656, 7412]",SH,MARKET.SH,603021.SH
603020,100,爱普股份,2,10.119999885559082,"[342.40362548828125, 12670, 9623]",SH,MARKET.SH,603020.SH
603019,100,中科曙光,2,93.25,"[3138.7373046875, 12646, 9526]",SH,MARKET.SH,603019.SH
603018,100,华设集团,2,7.300000190734863,"[355.9952392578125, 12687, 9503]",SH,MARKET.SH,603018.SH
603017,100,中衡设计,2,13.5,"[510.5634460449219, 12654, 9609]",SH,MARKET.SH,603017.SH
603016,100,新宏泰,2,48.0,"[229.80197143554688, 12645, 9292]",SH,MARKET.SH,603016.SH
603015,100,弘讯科技,2,12.739999771118164,"[654.5545043945312, 12654, 9277]",SH,MARKET.SH,603015.SH
603014,100,威高血净,2,35.20000076293945,"[41.79917526245117, 12693, 9634]",SH,MARKET.SH,603014.SH
603013,100,XD亚普股,2,20.969999313354492,"[185.9280548095703, 12653, 9631]",SH,MARKET.SH,603013.SH
603012,100,创力集团,2,9.4399995803833,"[1129.13330078125, 12644, 9610]",SH,MARKET.SH,603012.SH
603011,100,合锻智能,2,19.299999237060547,"[726.7052612304688, 12654, 8293]",SH,MARKET.SH,603011.SH
603010,100,万盛股份,2,13.289999961853027,"[481.6499938964844, 12701, 9624]",SH,MARKET.SH,603010.SH
603009,100,北特科技,2,55.83000183105469,"[524.4581298828125, 12653, 9638]",SH,MARKET.SH,603009.SH
603008,100,ST喜临门,2,8.960000038146973,"[537.6617431640625, 12656, 9611]",SH,MARKET.SH,603008.SH
603007,100,顺景科技,2,6.900000095367432,"[7210.49462890625, 12656, 9526]",SH,MARKET.SH,603007.SH
603006,100,联明股份,2,13.84000015258789,"[161.90658569335938, 12644, 9397]",SH,MARKET.SH,603006.SH
603005,100,晶方科技,2,36.08000183105469,"[3435.116943359375, 12653, 9628]",SH,MARKET.SH,603005.SH
603004,100,鼎龙科技,2,21.260000228881836,"[129.40087890625, 12699, 9292]",SH,MARKET.SH,603004.SH
603002,100,宏昌电子,2,15.119999885559082,"[3322.758056640625, 12654, 9288]",SH,MARKET.SH,603002.SH
603001,100,奥康国际,2,8.8100004196167,"[423.9948425292969, 12652, 9271]",SH,MARKET.SH,603001.SH
603000,100,人民网,2,18.209999084472656,"[929.2102661132812, 12657, 9324]",SH,MARKET.SH,603000.SH
601999,100,出版传媒,2,6.409999847412109,"[300.9217224121094, 12654, 9356]",SH,MARKET.SH,601999.SH
601998,100,中信银行,2,7.880000114440918,"[2051.178955078125, 12657, 9449]",SH,MARKET.SH,601998.SH
601997,100,贵阳银行,2,6.0,"[1872.05859375, 12687, 9281]",SH,MARKET.SH,601997.SH
601996,100,丰林集团,2,2.9200000762939453,"[3049.783447265625, 12646, 9233]",SH,MARKET.SH,601996.SH
601995,100,中金公司,2,34.13999938964844,"[848.8599853515625, 12657, 9484]",SH,MARKET.SH,601995.SH
601992,100,金隅集团,2,1.5299999713897705,"[2389.891845703125, 12656, 9313]",SH,MARKET.SH,601992.SH
601991,100,大唐发电,2,7.050000190734863,"[46005.328125, 12654, 9470]",SH,MARKET.SH,601991.SH
601990,100,南京证券,2,7.050000190734863,"[760.3009033203125, 12647, 9611]",SH,MARKET.SH,601990.SH
601988,100,中国银行,2,5.800000190734863,"[10574.9453125, 12657, 9470]",SH,MARKET.SH,601988.SH
601985,100,中国核电,2,8.739999771118164,"[5920.9189453125, 12656, 9502]",SH,MARKET.SH,601985.SH
601975,100,招商南油,2,5.730000019073486,"[19267.919921875, 12669, 9635]",SH,MARKET.SH,601975.SH
601969,100,海南矿业,2,10.34000015258789,"[1319.9925537109375, 12656, 9616]",SH,MARKET.SH,601969.SH
601968,100,宝钢包装,2,4.619999885559082,"[450.2124938964844, 12646, 9470]",SH,MARKET.SH,601968.SH
601966,100,玲珑轮胎,2,12.260000228881836,"[457.0228576660156, 12652, 9477]",SH,MARKET.SH,601966.SH
601965,100,中国汽研,2,16.540000915527344,"[656.2783813476562, 12643, 9511]",SH,MARKET.SH,601965.SH
601963,100,重庆银行,2,11.470000267028809,"[666.929443359375, 12670, 9623]",SH,MARKET.SH,601963.SH
601958,100,金钼股份,2,21.1200008392334,"[2258.8916015625, 12653, 9344]",SH,MARKET.SH,601958.SH
601956,100,东贝集团,2,5.510000228881836,"[271.7792663574219, 12669, 9373]",SH,MARKET.SH,601956.SH
601952,100,苏垦农发,2,8.609999656677246,"[525.1187744140625, 12656, 9415]",SH,MARKET.SH,601952.SH
601949,100,中国出版,2,5.309999942779541,"[469.899658203125, 12646, 9320]",SH,MARKET.SH,601949.SH
601939,100,建设银行,2,10.050000190734863,"[4128.40283203125, 12657, 9470]",SH,MARKET.SH,601939.SH
601933,100,永辉超市,2,3.440000057220459,"[3704.712158203125, 12630, 8196]",SH,MARKET.SH,601933.SH
601929,100,吉视传媒,2,3.0,"[11338.8095703125, 12654, 9091]",SH,MARKET.SH,601929.SH
601928,100,凤凰传媒,2,9.0600004196167,"[207.66802978515625, 12656, 9421]",SH,MARKET.SH,601928.SH
601921,100,浙版传媒,2,7.329999923706055,"[290.1724853515625, 12653, 9376]",SH,MARKET.SH,601921.SH
601919,100,中远海控,2,14.670000076293945,"[4788.1171875, 12670, 9623]",SH,MARKET.SH,601919.SH
601918,100,新集能源,2,8.649999618530273,"[2265.2587890625, 12679, 9526]",SH,MARKET.SH,601918.SH
601916,100,浙商银行,2,2.9800000190734863,"[3589.829345703125, 12657, 9302]",SH,MARKET.SH,601916.SH
601908,100,京运通,2,3.759999990463257,"[6159.373046875, 12654, 9091]",SH,MARKET.SH,601908.SH
601901,100,方正证券,2,7.010000228881836,"[2615.107421875, 12657, 9527]",SH,MARKET.SH,601901.SH
601900,100,南方传媒,2,12.149999618530273,"[318.9522705078125, 12652, 9609]",SH,MARKET.SH,601900.SH
601899,100,紫金矿业,2,29.989999771118164,"[12733.71875, 12640, 9589]",SH,MARKET.SH,601899.SH
601898,100,中煤能源,2,16.280000686645508,"[1785.613525390625, 12671, 9419]",SH,MARKET.SH,601898.SH
601890,100,亚星锚链,2,9.680000305175781,"[1203.1097412109375, 12652, 9379]",SH,MARKET.SH,601890.SH
601888,100,中国中免,2,57.099998474121094,"[1303.91650390625, 12656, 9576]",SH,MARKET.SH,601888.SH
601886,100,江河集团,2,9.09000015258789,"[257.2315368652344, 12654, 9609]",SH,MARKET.SH,601886.SH
601882,100,海天精工,2,23.420000076293945,"[437.802734375, 12656, 9610]",SH,MARKET.SH,601882.SH
601881,100,中国银河,2,12.40999984741211,"[1700.283935546875, 12657, 9446]",SH,MARKET.SH,601881.SH
601880,100,辽港股份,2,1.600000023841858,"[4752.93310546875, 12654, 9582]",SH,MARKET.SH,601880.SH
601878,100,浙商证券,2,9.550000190734863,"[1242.385986328125, 12653, 9524]",SH,MARKET.SH,601878.SH
601877,100,正泰电器,2,30.829999923706055,"[1715.1932373046875, 12628, 9288]",SH,MARKET.SH,601877.SH
601872,100,招商轮船,2,17.799999237060547,"[5510.669921875, 12699, 9421]",SH,MARKET.SH,601872.SH
601869,100,长飞光纤,2,375.79998779296875,"[593.4631958007812, 12656, 9583]",SH,MARKET.SH,601869.SH
601868,100,中国能建,2,2.9800000190734863,"[33868.63671875, 12656, 9589]",SH,MARKET.SH,601868.SH
601866,100,中远海发,2,2.609999895095825,"[4049.821533203125, 12656, 9438]",SH,MARKET.SH,601866.SH
601865,100,福莱特,2,12.109999656677246,"[923.4049072265625, 12652, 9588]",SH,MARKET.SH,601865.SH
601860,100,紫金银行,2,2.5799999237060547,"[1251.442138671875, 12645, 9610]",SH,MARKET.SH,601860.SH
601858,100,中国科传,2,26.059999465942383,"[736.0341186523438, 12654, 9323]",SH,MARKET.SH,601858.SH
601857,100,中国石油,2,11.289999961853027,"[7079.30908203125, 12657, 9383]",SH,MARKET.SH,601857.SH
601838,100,成都银行,2,18.75,"[780.5272216796875, 12643, 9526]",SH,MARKET.SH,601838.SH
601828,100,美凯龙,2,2.4700000286102295,"[1447.4193115234375, 12652, 9608]",SH,MARKET.SH,601828.SH
601827,100,三峰环境,2,7.829999923706055,"[270.9525146484375, 12656, 9370]",SH,MARKET.SH,601827.SH
601825,100,沪农商行,2,8.630000114440918,"[691.7861938476562, 12642, 9393]",SH,MARKET.SH,601825.SH
601818,100,光大银行,2,3.109999895095825,"[6782.69384765625, 12657, 9526]",SH,MARKET.SH,601818.SH
601816,100,京沪高铁,2,4.849999904632568,"[7535.54638671875, 12656, 9424]",SH,MARKET.SH,601816.SH
601811,100,新华文轩,2,13.020000457763672,"[94.14425659179688, 12656, 9435]",SH,MARKET.SH,601811.SH
601808,100,中海油服,2,13.680000305175781,"[909.1328735351562, 12642, 9285]",SH,MARKET.SH,601808.SH
601801,100,皖新传媒,2,5.599999904632568,"[397.94622802734375, 12654, 9496]",SH,MARKET.SH,601801.SH
601800,100,中国交建,2,6.400000095367432,"[1877.3240966796875, 12656, 9594]",SH,MARKET.SH,601800.SH
601799,100,星宇股份,2,141.25999450683594,"[299.2773132324219, 12656, 9624]",SH,MARKET.SH,601799.SH
601798,100,蓝科高新,2,8.380000114440918,"[233.98251342773438, 12644, 7412]",SH,MARKET.SH,601798.SH
601789,100,宁波建工,2,5.559999942779541,"[3936.843505859375, 12653, 9511]",SH,MARKET.SH,601789.SH
601788,100,光大证券,2,14.720000267028809,"[1332.4503173828125, 12657, 9454]",SH,MARKET.SH,601788.SH
601778,100,晶科科技,2,6.110000133514404,"[17592.2265625, 12656, 9616]",SH,MARKET.SH,601778.SH
601777,100,千里科技,2,12.34000015258789,"[3147.3486328125, 12652, 9491]",SH,MARKET.SH,601777.SH
601766,100,中国中车,2,5.730000019073486,"[9001.5751953125, 12657, 9448]",SH,MARKET.SH,601766.SH
601728,100,中国电信,2,6.349999904632568,"[22786.994140625, 12644, 9371]",SH,MARKET.SH,601728.SH
601727,100,上海电气,2,8.680000305175781,"[13235.0390625, 12656, 9586]",SH,MARKET.SH,601727.SH
601718,100,ST际华,2,2.2200000286102295,"[2041.7232666015625, 12654, 9615]",SH,MARKET.SH,601718.SH
601717,100,中创智领,2,18.200000762939453,"[872.1782836914062, 12657, 9330]",SH,MARKET.SH,601717.SH
601702,100,华峰铝业,2,18.389999389648438,"[454.17535400390625, 12652, 9279]",SH,MARKET.SH,601702.SH
601700,100,风范股份,2,5.349999904632568,"[753.1392822265625, 12656, 9565]",SH,MARKET.SH,601700.SH
601699,100,潞安环能,2,14.350000381469727,"[1265.524169921875, 12701, 9298]",SH,MARKET.SH,601699.SH
601698,100,中国卫通,2,33.11000061035156,"[2084.421875, 12656, 9301]",SH,MARKET.SH,601698.SH
601696,100,中银证券,2,11.979999542236328,"[1772.16943359375, 12657, 9435]",SH,MARKET.SH,601696.SH
601689,100,XD拓普集,2,72.12000274658203,"[2855.180908203125, 12656, 9631]",SH,MARKET.SH,601689.SH
601688,100,华泰证券,2,18.65999984741211,"[4497.20263671875, 12657, 9586]",SH,MARKET.SH,601688.SH
601686,100,友发集团,2,5.309999942779541,"[195.8823699951172, 12671, 9609]",SH,MARKET.SH,601686.SH
601678,100,滨化股份,2,5.960000038146973,"[11602.2626953125, 12656, 9483]",SH,MARKET.SH,601678.SH
601677,100,明泰铝业,2,18.0,"[1994.745361328125, 12687, 9631]",SH,MARKET.SH,601677.SH
601669,100,中国电建,2,5.480000019073486,"[9174.0341796875, 12657, 9322]",SH,MARKET.SH,601669.SH
601668,100,中国建筑,2,4.800000190734863,"[7773.40478515625, 12655, 9372]",SH,MARKET.SH,601668.SH
601666,100,平煤股份,2,7.21999979019165,"[1310.1370849609375, 12656, 9616]",SH,MARKET.SH,601666.SH
601665,100,齐鲁银行,2,6.150000095367432,"[1919.1673583984375, 12643, 9609]",SH,MARKET.SH,601665.SH
601658,100,邮储银行,2,4.920000076293945,"[5075.73974609375, 12657, 9579]",SH,MARKET.SH,601658.SH
601636,100,旗滨集团,2,6.829999923706055,"[3920.420166015625, 12695, 9609]",SH,MARKET.SH,601636.SH
601633,100,长城汽车,2,17.829999923706055,"[787.7515258789062, 12670, 9623]",SH,MARKET.SH,601633.SH
601628,100,中国人寿,2,34.04999923706055,"[1090.083984375, 12657, 9416]",SH,MARKET.SH,601628.SH
601619,100,嘉泽新能,2,5.369999885559082,"[2374.767333984375, 12654, 9602]",SH,MARKET.SH,601619.SH
601618,100,中国中冶,2,2.809999942779541,"[3978.8447265625, 12657, 9327]",SH,MARKET.SH,601618.SH
601616,100,广电电气,2,4.360000133514404,"[1329.3341064453125, 12646, 9316]",SH,MARKET.SH,601616.SH
601615,100,明阳智能,2,16.690000534057617,"[4766.84423828125, 12654, 9615]",SH,MARKET.SH,601615.SH
601611,100,中国核建,2,12.369999885559082,"[1439.4127197265625, 12646, 9448]",SH,MARKET.SH,601611.SH
601609,100,金田股份,2,13.239999771118164,"[5473.71728515625, 12671, 9447]",SH,MARKET.SH,601609.SH
601608,100,中信重工,2,5.559999942779541,"[1858.0865478515625, 12646, 9512]",SH,MARKET.SH,601608.SH
601607,100,上海医药,2,16.5,"[329.66314697265625, 12656, 9490]",SH,MARKET.SH,601607.SH
601606,100,长城军工,2,37.029998779296875,"[395.18927001953125, 12646, 9091]",SH,MARKET.SH,601606.SH
601601,100,中国太保,2,33.0,"[1754.9586181640625, 12655, 9322]",SH,MARKET.SH,601601.SH
601600,100,中国铝业,2,10.84000015258789,"[10814.3955078125, 12645, 9526]",SH,MARKET.SH,601600.SH
601599,100,浙文影业,2,3.309999942779541,"[781.253662109375, 12654, 8920]",SH,MARKET.SH,601599.SH
601598,100,中国外运,2,6.159999847412109,"[978.3128051757812, 12654, 9586]",SH,MARKET.SH,601598.SH
601595,100,上海电影,2,22.399999618530273,"[201.53280639648438, 12642, 9428]",SH,MARKET.SH,601595.SH
601588,100,北辰实业,2,1.7699999809265137,"[2184.354736328125, 12656, 9091]",SH,MARKET.SH,601588.SH
601579,100,会稽山,2,17.260000228881836,"[317.5064392089844, 12652, 9277]",SH,MARKET.SH,601579.SH
601577,100,长沙银行,2,9.229999542236328,"[775.4181518554688, 12655, 9393]",SH,MARKET.SH,601577.SH
601568,100,北元化工,2,3.7200000286102295,"[836.6661987304688, 12642, 9312]",SH,MARKET.SH,601568.SH
601567,100,三星电气,2,18.010000228881836,"[1071.33740234375, 12646, 9611]",SH,MARKET.SH,601567.SH
601566,100,九牧王,2,12.050000190734863,"[1057.6529541015625, 12644, 9281]",SH,MARKET.SH,601566.SH
601555,100,东吴证券,2,8.010000228881836,"[1717.9207763671875, 12655, 9405]",SH,MARKET.SH,601555.SH
601528,100,瑞丰银行,2,4.820000171661377,"[456.6290283203125, 12657, 9616]",SH,MARKET.SH,601528.SH
601519,100,大智慧,2,10.710000038146973,"[1668.474365234375, 12644, 9371]",SH,MARKET.SH,601519.SH
601518,100,吉林高速,2,3.0399999618530273,"[1197.42529296875, 12650, 9306]",SH,MARKET.SH,601518.SH
601515,100,衢州东峰,2,4.150000095367432,"[1647.1339111328125, 12656, 9539]",SH,MARKET.SH,601515.SH
601512,100,中新集团,2,8.670000076293945,"[497.6094055175781, 12687, 9312]",SH,MARKET.SH,601512.SH
601500,100,通用股份,2,4.389999866485596,"[722.6019897460938, 12656, 9326]",SH,MARKET.SH,601500.SH
601456,100,国联民生,2,9.25,"[1005.37939453125, 12653, 9589]",SH,MARKET.SH,601456.SH
601399,100,国机重装,2,3.880000114440918,"[3750.397705078125, 12652, 8558]",SH,MARKET.SH,601399.SH
601398,100,工商银行,2,7.150000095367432,"[10989.369140625, 12657, 9623]",SH,MARKET.SH,601398.SH
601390,100,中国中铁,2,4.760000228881836,"[5664.1875, 12656, 9511]",SH,MARKET.SH,601390.SH
601388,100,怡球资源,2,3.5299999713897705,"[2311.859375, 12654, 9638]",SH,MARKET.SH,601388.SH
601377,100,兴业证券,2,5.820000171661377,"[3260.36279296875, 12657, 9477]",SH,MARKET.SH,601377.SH
601375,100,中原证券,2,3.950000047683716,"[1654.64990234375, 12657, 9424]",SH,MARKET.SH,601375.SH
601369,100,陕鼓动力,2,8.960000038146973,"[354.6675109863281, 12656, 9453]",SH,MARKET.SH,601369.SH
601368,100,绿城水务,2,4.730000019073486,"[300.2749938964844, 12685, 9280]",SH,MARKET.SH,601368.SH
601366,100,利群股份,2,3.7300000190734863,"[373.9117736816406, 12653, 9609]",SH,MARKET.SH,601366.SH
601360,100,三六零,2,10.600000381469727,"[3601.279296875, 12656, 9398]",SH,MARKET.SH,601360.SH
601339,100,百隆东方,2,7.869999885559082,"[667.4028930664062, 12652, 9365]",SH,MARKET.SH,601339.SH
601336,100,新华保险,2,59.189998626708984,"[696.5664672851562, 12657, 9469]",SH,MARKET.SH,601336.SH
601333,100,广深铁路,2,3.0299999713897705,"[2215.439697265625, 12656, 9350]",SH,MARKET.SH,601333.SH
601330,100,绿色动力,2,8.6899995803833,"[2341.654541015625, 12646, 9588]",SH,MARKET.SH,601330.SH
601328,100,交通银行,2,6.639999866485596,"[6632.07177734375, 12657, 9583]",SH,MARKET.SH,601328.SH
601326,100,秦港股份,2,3.4200000762939453,"[746.2799682617188, 12654, 9322]",SH,MARKET.SH,601326.SH
601319,100,中国人保,2,7.0,"[2976.588623046875, 12657, 9470]",SH,MARKET.SH,601319.SH
601318,100,中国平安,2,53.7599983215332,"[3842.718017578125, 12655, 9582]",SH,MARKET.SH,601318.SH
601311,100,骆驼股份,2,9.170000076293945,"[782.2932739257812, 12644, 9307]",SH,MARKET.SH,601311.SH
601298,100,青岛港,2,9.0,"[409.13983154296875, 12656, 9482]",SH,MARKET.SH,601298.SH
601288,100,农业银行,2,6.510000228881836,"[13529.130859375, 12657, 9623]",SH,MARKET.SH,601288.SH
601279,100,英利汽车,2,3.700000047683716,"[477.2138366699219, 12656, 9292]",SH,MARKET.SH,601279.SH
601238,100,广汽集团,2,6.340000152587891,"[873.5367431640625, 12656, 9438]",SH,MARKET.SH,601238.SH
601236,100,红塔证券,2,7.130000114440918,"[486.3505859375, 12657, 9636]",SH,MARKET.SH,601236.SH
601233,100,桐昆股份,2,19.299999237060547,"[1591.8553466796875, 12655, 9560]",SH,MARKET.SH,601233.SH
601231,100,环旭电子,2,37.290000915527344,"[1674.5072021484375, 12654, 9611]",SH,MARKET.SH,601231.SH
601229,100,上海银行,2,9.09000015258789,"[1791.6771240234375, 12645, 9610]",SH,MARKET.SH,601229.SH
601228,100,广州港,2,3.0999999046325684,"[1083.0189208984375, 12701, 9343]",SH,MARKET.SH,601228.SH
601226,100,华电科工,2,8.119999885559082,"[758.4194946289062, 12653, 9586]",SH,MARKET.SH,601226.SH
601225,100,陕西煤业,2,23.420000076293945,"[1854.0108642578125, 12646, 9392]",SH,MARKET.SH,601225.SH
601222,100,林洋能源,2,6.340000152587891,"[3294.257568359375, 12656, 9601]",SH,MARKET.SH,601222.SH
601218,100,吉鑫科技,2,5.409999847412109,"[2012.424560546875, 12646, 9614]",SH,MARKET.SH,601218.SH
601216,100,君正集团,2,5.320000171661377,"[3372.525390625, 12646, 9281]",SH,MARKET.SH,601216.SH
601212,100,白银有色,2,6.360000133514404,"[5393.54052734375, 12652, 9328]",SH,MARKET.SH,601212.SH
601211,100,国泰海通,2,15.229999542236328,"[4915.76123046875, 12647, 9538]",SH,MARKET.SH,601211.SH
601208,100,东材科技,2,47.68000030517578,"[3105.727783203125, 12642, 9518]",SH,MARKET.SH,601208.SH
601200,100,上海环境,2,7.639999866485596,"[394.4911193847656, 12654, 9289]",SH,MARKET.SH,601200.SH
601199,100,江南水务,2,5.840000152587891,"[906.5989379882812, 12654, 9420]",SH,MARKET.SH,601199.SH
601198,100,东兴证券,2,13.5,"[1735.7655029296875, 12657, 9404]",SH,MARKET.SH,601198.SH
601188,100,龙江交通,2,3.2200000286102295,"[1199.415283203125, 12657, 9587]",SH,MARKET.SH,601188.SH
601187,100,厦门银行,2,7.309999942779541,"[510.5816650390625, 12657, 9462]",SH,MARKET.SH,601187.SH
601186,100,中国铁建,2,6.420000076293945,"[2381.094970703125, 12656, 9326]",SH,MARKET.SH,601186.SH
601179,100,中国西电,2,16.1200008392334,"[8012.025390625, 12652, 9391]",SH,MARKET.SH,601179.SH
601177,100,杭齿前进,2,17.059999465942383,"[836.4569091796875, 12652, 9580]",SH,MARKET.SH,601177.SH
601169,100,北京银行,2,5.119999885559082,"[3682.673828125, 12653, 9315]",SH,MARKET.SH,601169.SH
601168,100,西部矿业,2,30.06999969482422,"[2292.638916015625, 12701, 9532]",SH,MARKET.SH,601168.SH
601166,100,兴业银行,2,17.3700008392334,"[3353.9970703125, 12657, 9588]",SH,MARKET.SH,601166.SH
601163,100,三角轮胎,2,14.520000457763672,"[171.63572692871094, 12654, 9329]",SH,MARKET.SH,601163.SH
601162,100,天风证券,2,3.549999952316284,"[4760.85791015625, 12657, 9616]",SH,MARKET.SH,601162.SH
601158,100,重庆水务,2,4.260000228881836,"[499.3963317871094, 12655, 9588]",SH,MARKET.SH,601158.SH
601156,100,东航物流,2,15.949999809265137,"[487.4305114746094, 12656, 9294]",SH,MARKET.SH,601156.SH
601155,100,新城控股,2,13.739999771118164,"[968.3909912109375, 12656, 8491]",SH,MARKET.SH,601155.SH
601139,100,深圳燃气,2,6.510000228881836,"[1458.5455322265625, 12654, 9588]",SH,MARKET.SH,601139.SH
601138,100,工业富联,2,65.5,"[10048.298828125, 12654, 9586]",SH,MARKET.SH,601138.SH
601137,100,博威合金,2,20.049999237060547,"[1041.5916748046875, 12685, 9607]",SH,MARKET.SH,601137.SH
601136,100,首创证券,2,15.520000457763672,"[481.716064453125, 12655, 9485]",SH,MARKET.SH,601136.SH
601133,100,柏诚股份,2,33.130001068115234,"[1570.2357177734375, 12653, 9595]",SH,MARKET.SH,601133.SH
601128,100,常熟银行,2,7.159999847412109,"[1546.18994140625, 12645, 9610]",SH,MARKET.SH,601128.SH
601127,100,赛力斯,2,83.37999725341797,"[1344.5008544921875, 12656, 9581]",SH,MARKET.SH,601127.SH
601126,100,四方股份,2,81.66999816894531,"[1387.7545166015625, 12679, 9636]",SH,MARKET.SH,601126.SH
601121,100,宝地矿业,2,6.760000228881836,"[620.1414184570312, 12646, 9583]",SH,MARKET.SH,601121.SH
601118,100,海南橡胶,2,6.409999847412109,"[2730.336669921875, 12669, 9320]",SH,MARKET.SH,601118.SH
601117,100,中国化学,2,7.869999885559082,"[3369.744873046875, 12652, 9580]",SH,MARKET.SH,601117.SH
601116,100,三江购物,2,12.199999809265137,"[457.3212585449219, 12646, 9285]",SH,MARKET.SH,601116.SH
601113,100,华鼎股份,2,4.300000190734863,"[504.3894348144531, 12652, 8441]",SH,MARKET.SH,601113.SH
601112,100,振石股份,2,19.049999237060547,"[394.21905517578125, 12656, 9587]",SH,MARKET.SH,601112.SH
601111,100,中国国航,2,6.769999980926514,"[4382.85693359375, 12656, 9218]",SH,MARKET.SH,601111.SH
601108,100,财通证券,2,8.039999961853027,"[2265.41845703125, 12647, 9611]",SH,MARKET.SH,601108.SH
601107,100,四川成渝,2,6.329999923706055,"[449.1944580078125, 12657, 9288]",SH,MARKET.SH,601107.SH
601106,100,中国一重,2,3.890000104904175,"[3998.518310546875, 12656, 7601]",SH,MARKET.SH,601106.SH
601101,100,昊华能源,2,10.5,"[1577.251953125, 12642, 9316]",SH,MARKET.SH,601101.SH
601100,100,恒立液压,2,114.04000091552734,"[491.38641357421875, 12652, 9441]",SH,MARKET.SH,601100.SH
601099,100,太平洋,2,3.5399999618530273,"[4946.5673828125, 12657, 7412]",SH,MARKET.SH,601099.SH
601098,100,中南传媒,2,11.039999961853027,"[321.30792236328125, 12653, 9416]",SH,MARKET.SH,601098.SH
601096,100,宏盛华源,2,5.139999866485596,"[1456.508544921875, 12654, 9392]",SH,MARKET.SH,601096.SH
601089,100,福元医药,2,18.829999923706055,"[192.50250244140625, 12646, 9309]",SH,MARKET.SH,601089.SH
601088,100,中国神华,2,45.2599983215332,"[1409.7174072265625, 12646, 9595]",SH,MARKET.SH,601088.SH
601086,100,国芳集团,2,8.3100004196167,"[562.5445556640625, 12699, 9287]",SH,MARKET.SH,601086.SH
601083,100,锦江航运,2,11.649999618530273,"[352.9579772949219, 12656, 9447]",SH,MARKET.SH,601083.SH
601077,100,渝农商行,2,6.820000171661377,"[1401.69140625, 12687, 9511]",SH,MARKET.SH,601077.SH
601069,100,西部黄金,2,27.639999389648438,"[676.7803955078125, 12657, 9382]",SH,MARKET.SH,601069.SH
601068,100,中铝国际,2,5.559999942779541,"[740.1572875976562, 12654, 9438]",SH,MARKET.SH,601068.SH
601066,100,中信建投,2,22.670000076293945,"[633.4041137695312, 12657, 9495]",SH,MARKET.SH,601066.SH
601065,100,江盐集团,2,7.800000190734863,"[147.93362426757812, 12699, 9608]",SH,MARKET.SH,601065.SH
601061,100,中信金属,2,13.34000015258789,"[729.4815673828125, 12683, 9595]",SH,MARKET.SH,601061.SH
601059,100,信达证券,2,17.190000534057617,"[664.0888671875, 12657, 9526]",SH,MARKET.SH,601059.SH
601058,100,赛轮轮胎,2,12.579999923706055,"[1772.97265625, 12652, 9376]",SH,MARKET.SH,601058.SH
601038,100,一拖股份,2,12.770000457763672,"[195.65643310546875, 12654, 9383]",SH,MARKET.SH,601038.SH
601033,100,永兴股份,2,14.680000305175781,"[165.55978393554688, 12654, 9616]",SH,MARKET.SH,601033.SH
601026,100,道生天合,2,17.520000457763672,"[215.13783264160156, 12652, 9602]",SH,MARKET.SH,601026.SH
601022,100,宁波远洋,2,8.890000343322754,"[444.1161804199219, 12652, 9473]",SH,MARKET.SH,601022.SH
601021,100,春秋航空,2,47.81999969482422,"[307.94268798828125, 12656, 9414]",SH,MARKET.SH,601021.SH
601020,100,华钰矿业,2,26.56999969482422,"[1160.9061279296875, 12654, 9279]",SH,MARKET.SH,601020.SH
601019,100,山东出版,2,7.210000038146973,"[332.8114318847656, 12656, 9401]",SH,MARKET.SH,601019.SH
601018,100,宁波港,2,3.619999885559082,"[2538.55908203125, 12655, 9635]",SH,MARKET.SH,601018.SH
601016,100,节能风电,2,4.5,"[20746.435546875, 12656, 9608]",SH,MARKET.SH,601016.SH
601015,100,陕西黑猫,2,3.490000009536743,"[1586.375244140625, 12652, 8563]",SH,MARKET.SH,601015.SH
601012,100,隆基绿能,2,14.789999961853027,"[6742.546875, 12699, 9615]",SH,MARKET.SH,601012.SH
601011,100,宝泰隆,2,2.75,"[1197.4202880859375, 12646, 8286]",SH,MARKET.SH,601011.SH
601010,100,ST文峰,2,1.6299999952316284,"[3502.418212890625, 12671, 9381]",SH,MARKET.SH,601010.SH
601009,100,南京银行,2,10.949999809265137,"[1673.0052490234375, 12643, 9609]",SH,MARKET.SH,601009.SH
601008,100,连云港,2,4.650000095367432,"[431.275634765625, 12652, 9615]",SH,MARKET.SH,601008.SH
601007,100,金陵饭店,2,7.070000171661377,"[265.4515380859375, 12656, 9312]",SH,MARKET.SH,601007.SH
601006,100,大秦铁路,2,5.409999847412109,"[5692.681640625, 12656, 9421]",SH,MARKET.SH,601006.SH
601005,100,重庆钢铁,2,1.3300000429153442,"[3052.31494140625, 12656, 9491]",SH,MARKET.SH,601005.SH
601003,100,柳钢股份,2,3.880000114440918,"[706.0347290039062, 12657, 9562]",SH,MARKET.SH,601003.SH
601002,100,晋亿实业,2,5.230000019073486,"[872.0802612304688, 12656, 9616]",SH,MARKET.SH,601002.SH
601001,100,晋控煤业,2,17.170000076293945,"[994.0135498046875, 12699, 9335]",SH,MARKET.SH,601001.SH
601000,100,唐山港,2,4.630000114440918,"[2093.545166015625, 12653, 9636]",SH,MARKET.SH,601000.SH
600999,100,招商证券,2,17.43000030517578,"[4474.85888671875, 12657, 9385]",SH,MARKET.SH,600999.SH
600998,100,九州通,2,4.809999942779541,"[1051.5167236328125, 12652, 9293]",SH,MARKET.SH,600998.SH
600997,100,开滦股份,2,5.239999771118164,"[420.4932556152344, 12652, 9631]",SH,MARKET.SH,600997.SH
600996,100,贵广网络,2,8.890000343322754,"[2368.885498046875, 12657, 9371]",SH,MARKET.SH,600996.SH
600995,100,南网储能,2,14.109999656677246,"[1051.36083984375, 12655, 9638]",SH,MARKET.SH,600995.SH
600993,100,马应龙,2,24.25,"[187.89227294921875, 12646, 9343]",SH,MARKET.SH,600993.SH
600992,100,贵绳股份,2,12.09000015258789,"[771.3233642578125, 12656, 9091]",SH,MARKET.SH,600992.SH
600990,100,四创电子,2,20.549999237060547,"[182.56784057617188, 12653, 9582]",SH,MARKET.SH,600990.SH
600989,100,宝丰能源,2,26.549999237060547,"[3615.5625, 12644, 9608]",SH,MARKET.SH,600989.SH
600988,100,赤峰黄金,2,34.5,"[2200.61376953125, 12685, 9637]",SH,MARKET.SH,600988.SH
600987,100,XD航民股,2,6.590000152587891,"[399.2386474609375, 12644, 9631]",SH,MARKET.SH,600987.SH
600986,100,浙文互联,2,9.4399995803833,"[4679.2490234375, 12656, 9183]",SH,MARKET.SH,600986.SH
600985,100,淮北矿业,2,13.0,"[723.5404663085938, 12654, 9288]",SH,MARKET.SH,600985.SH
600984,100,建设机械,2,4.920000076293945,"[3142.90966796875, 12656, 8517]",SH,MARKET.SH,600984.SH
600983,100,惠而浦,2,8.850000381469727,"[147.9986114501953, 12644, 9302]",SH,MARKET.SH,600983.SH
600982,100,宁波能源,2,6.070000171661377,"[3369.202392578125, 12656, 9636]",SH,MARKET.SH,600982.SH
600981,100,苏豪汇鸿,2,2.559999942779541,"[789.5781860351562, 12644, 9315]",SH,MARKET.SH,600981.SH
600980,100,北矿科技,2,22.110000610351562,"[130.29505920410156, 12646, 9561]",SH,MARKET.SH,600980.SH
600979,100,广安爱众,2,4.559999942779541,"[2964.2294921875, 12681, 9628]",SH,MARKET.SH,600979.SH
600977,100,中国电影,2,14.5600004196167,"[1674.99853515625, 12656, 9308]",SH,MARKET.SH,600977.SH
600976,100,健民集团,2,31.290000915527344,"[66.86448669433594, 12632, 9607]",SH,MARKET.SH,600976.SH
600975,100,新五丰,2,5.300000190734863,"[623.4651489257812, 12653, 9501]",SH,MARKET.SH,600975.SH
600973,100,宝胜股份,2,6.889999866485596,"[1514.94970703125, 12656, 8453]",SH,MARKET.SH,600973.SH
600971,100,恒源煤电,2,7.300000190734863,"[694.2962646484375, 12699, 9638]",SH,MARKET.SH,600971.SH
600970,100,中材国际,2,8.470000267028809,"[968.7300415039062, 12693, 9631]",SH,MARKET.SH,600970.SH
600969,100,郴电国际,2,10.15999984741211,"[533.5718383789062, 12652, 8571]",SH,MARKET.SH,600969.SH
600968,100,海油发展,2,4.070000171661377,"[2268.21875, 12653, 9301]",SH,MARKET.SH,600968.SH
600967,100,内蒙一机,2,13.369999885559082,"[592.7333984375, 12652, 9329]",SH,MARKET.SH,600967.SH
600966,100,博汇纸业,2,5.809999942779541,"[461.7756652832031, 12644, 9314]",SH,MARKET.SH,600966.SH
600965,100,*ST福成,2,3.450000047683716,"[1061.8570556640625, 12657, 9240]",SH,MARKET.SH,600965.SH
600963,100,岳阳林纸,2,4.199999809265137,"[1212.368896484375, 12647, 9373]",SH,MARKET.SH,600963.SH
600962,100,国投中鲁,2,25.84000015258789,"[450.4866943359375, 12656, 8284]",SH,MARKET.SH,600962.SH
600961,100,株冶集团,2,26.18000030517578,"[2343.9130859375, 12679, 8832]",SH,MARKET.SH,600961.SH
600960,100,渤海汽车,2,4.650000095367432,"[609.2491455078125, 12656, 7867]",SH,MARKET.SH,600960.SH
600959,100,江苏有线,2,3.819999933242798,"[2728.427734375, 12657, 9337]",SH,MARKET.SH,600959.SH
600958,100,东方证券,2,9.649999618530273,"[3682.399658203125, 12657, 9583]",SH,MARKET.SH,600958.SH
600956,100,新天绿能,2,8.569999694824219,"[1072.9776611328125, 12655, 9581]",SH,MARKET.SH,600956.SH
600955,100,维远股份,2,17.309999465942383,"[283.9718322753906, 12646, 9277]",SH,MARKET.SH,600955.SH
600941,100,中国移动,2,96.75,"[731.909912109375, 12670, 9623]",SH,MARKET.SH,600941.SH
600939,100,重庆建工,2,2.740000009536743,"[554.3158569335938, 12679, 9614]",SH,MARKET.SH,600939.SH
600938,100,中国海油,2,36.220001220703125,"[1839.58740234375, 12654, 9414]",SH,MARKET.SH,600938.SH
600936,100,北投科技,2,5.789999961853027,"[5386.56787109375, 12633, 7506]",SH,MARKET.SH,600936.SH
600935,100,华塑股份,2,2.440000057220459,"[1788.9859619140625, 12693, 9363]",SH,MARKET.SH,600935.SH
600933,100,爱柯迪,2,17.5,"[1032.278564453125, 12693, 9634]",SH,MARKET.SH,600933.SH
600930,100,华电新能,2,6.039999961853027,"[7167.2646484375, 12638, 9531]",SH,MARKET.SH,600930.SH
600929,100,雪天盐业,2,5.900000095367432,"[1256.265625, 12639, 9519]",SH,MARKET.SH,600929.SH
600928,100,西安银行,2,3.5899999141693115,"[1053.7086181640625, 12643, 9315]",SH,MARKET.SH,600928.SH
600927,100,永安期货,2,14.470000267028809,"[526.2303466796875, 12645, 9463]",SH,MARKET.SH,600927.SH
600926,100,杭州银行,2,16.1299991607666,"[1045.0283203125, 12643, 9609]",SH,MARKET.SH,600926.SH
600925,100,苏能股份,2,4.559999942779541,"[494.0069580078125, 12640, 9306]",SH,MARKET.SH,600925.SH
600919,100,江苏银行,2,11.289999961853027,"[3493.492431640625, 12655, 9504]",SH,MARKET.SH,600919.SH
600918,100,中泰证券,2,5.71999979019165,"[909.9671020507812, 12657, 9586]",SH,MARKET.SH,600918.SH
600917,100,重庆燃气,2,5.389999866485596,"[754.5621948242188, 12646, 9415]",SH,MARKET.SH,600917.SH
600916,100,中国黄金,2,8.079999923706055,"[1148.0650634765625, 12654, 9285]",SH,MARKET.SH,600916.SH
600909,100,华安证券,2,7.119999885559082,"[12688.048828125, 12655, 9582]",SH,MARKET.SH,600909.SH
600908,100,无锡银行,2,5.510000228881836,"[504.1284484863281, 12657, 9453]",SH,MARKET.SH,600908.SH
600906,100,财达证券,2,6.389999866485596,"[1142.677490234375, 12657, 9421]",SH,MARKET.SH,600906.SH
600905,100,三峡能源,2,4.090000152587891,"[7175.35400390625, 12657, 9616]",SH,MARKET.SH,600905.SH
600903,100,贵州燃气,2,9.989999771118164,"[5674.2470703125, 12652, 9502]",SH,MARKET.SH,600903.SH
600901,100,江苏金租,2,6.400000095367432,"[1189.052001953125, 12645, 9610]",SH,MARKET.SH,600901.SH
600900,100,长江电力,2,26.65999984741211,"[5232.95263671875, 12656, 9532]",SH,MARKET.SH,600900.SH
600897,100,厦门空港,2,14.670000076293945,"[86.34366607666016, 12681, 9322]",SH,MARKET.SH,600897.SH
600895,100,张江高科,2,37.310001373291016,"[2681.187255859375, 12646, 9416]",SH,MARKET.SH,600895.SH
600894,100,广日股份,2,8.149999618530273,"[405.8236999511719, 12681, 9586]",SH,MARKET.SH,600894.SH
600893,100,航发动力,2,45.59000015258789,"[1360.1007080078125, 12652, 9302]",SH,MARKET.SH,600893.SH
600892,100,*ST大晟,2,3.8499999046325684,"[281.2241516113281, 12656, 8332]",SH,MARKET.SH,600892.SH
600889,100,*ST京化,2,14.890000343322754,"[163.76199340820312, 12643, 9569]",SH,MARKET.SH,600889.SH
600888,100,新疆众和,2,9.369999885559082,"[2690.986083984375, 12638, 9586]",SH,MARKET.SH,600888.SH
600887,100,伊利股份,2,26.760000228881836,"[1849.4014892578125, 12656, 9474]",SH,MARKET.SH,600887.SH
600886,100,国投电力,2,13.279999732971191,"[2032.7471923828125, 12656, 9373]",SH,MARKET.SH,600886.SH
600885,100,宏发股份,2,33.65999984741211,"[896.056884765625, 12656, 9623]",SH,MARKET.SH,600885.SH
600884,100,杉杉股份,2,14.460000038146973,"[3955.71923828125, 12656, 9461]",SH,MARKET.SH,600884.SH
600883,100,博闻科技,2,8.949999809265137,"[195.84588623046875, 12656, 9306]",SH,MARKET.SH,600883.SH
600882,100,妙可蓝多,2,19.0,"[254.3105010986328, 12652, 9580]",SH,MARKET.SH,600882.SH
600881,100,亚泰集团,2,1.440000057220459,"[1348.1619873046875, 12654, 9372]",SH,MARKET.SH,600881.SH
600880,100,博瑞传播,2,4.679999828338623,"[1061.6771240234375, 12645, 9302]",SH,MARKET.SH,600880.SH
600879,100,航天电子,2,22.3700008392334,"[5406.49169921875, 12654, 9288]",SH,MARKET.SH,600879.SH
600877,100,电科芯片,2,15.65999984741211,"[1017.6503295898438, 12654, 9124]",SH,MARKET.SH,600877.SH
600876,100,凯盛新能,2,8.649999618530273,"[318.42828369140625, 12656, 8997]",SH,MARKET.SH,600876.SH
600875,100,东方电气,2,36.119998931884766,"[3704.648193359375, 12656, 9438]",SH,MARKET.SH,600875.SH
600874,100,创业环保,2,5.869999885559082,"[446.7665710449219, 12644, 9315]",SH,MARKET.SH,600874.SH
600873,100,梅花生物,2,9.510000228881836,"[1326.28759765625, 12640, 9608]",SH,MARKET.SH,600873.SH
600872,100,中炬高新,2,19.81999969482422,"[496.6986083984375, 12632, 9604]",SH,MARKET.SH,600872.SH
600871,100,石化油服,2,2.4000000953674316,"[6674.10986328125, 12671, 9438]",SH,MARKET.SH,600871.SH
600869,100,远东股份,2,21.0,"[4365.17919921875, 12640, 9091]",SH,MARKET.SH,600869.SH
600868,100,梅雁吉祥,2,3.2899999618530273,"[3025.484130859375, 12656, 8579]",SH,MARKET.SH,600868.SH
600867,100,通化东宝,2,8.390000343322754,"[978.1331787109375, 12653, 9369]",SH,MARKET.SH,600867.SH
600866,100,星湖科技,2,5.389999866485596,"[689.5537109375, 12656, 9340]",SH,MARKET.SH,600866.SH
600865,100,百大集团,2,10.319999694824219,"[251.20590209960938, 12656, 9281]",SH,MARKET.SH,600865.SH
600864,100,哈投股份,2,5.659999847412109,"[1350.128662109375, 12683, 9312]",SH,MARKET.SH,600864.SH
600863,100,华能蒙电,2,5.579999923706055,"[10267.1669921875, 12643, 9538]",SH,MARKET.SH,600863.SH
600862,100,中航高科,2,19.450000762939453,"[600.7799682617188, 12681, 9301]",SH,MARKET.SH,600862.SH
600861,100,北京人力,2,14.760000228881836,"[118.89781951904297, 12646, 9302]",SH,MARKET.SH,600861.SH
600860,100,京城股份,2,10.229999542236328,"[488.45391845703125, 12681, 9448]",SH,MARKET.SH,600860.SH
600859,100,王府井,2,10.979999542236328,"[576.2107543945312, 12656, 9373]",SH,MARKET.SH,600859.SH
600858,100,银座股份,2,5.25,"[300.708251953125, 12652, 9628]",SH,MARKET.SH,600858.SH
600857,100,宁波中百,2,14.25,"[860.628662109375, 12656, 9091]",SH,MARKET.SH,600857.SH
600855,100,航天长峰,2,18.239999771118164,"[768.6771240234375, 12656, 9250]",SH,MARKET.SH,600855.SH
600854,100,春兰股份,2,5.230000019073486,"[1163.8709716796875, 12653, 9286]",SH,MARKET.SH,600854.SH
600853,100,龙建股份,2,3.7699999809265137,"[1436.8023681640625, 12646, 9574]",SH,MARKET.SH,600853.SH
600851,100,海欣股份,2,7.340000152587891,"[628.456787109375, 12653, 9333]",SH,MARKET.SH,600851.SH
600850,100,电科数字,2,21.549999237060547,"[1546.5599365234375, 12656, 9616]",SH,MARKET.SH,600850.SH
600848,100,上海临港,2,8.710000038146973,"[798.0928955078125, 12654, 9333]",SH,MARKET.SH,600848.SH
600847,100,万里股份,2,16.829999923706055,"[451.7147521972656, 12657, 7131]",SH,MARKET.SH,600847.SH
600846,100,同济科技,2,12.25,"[156.95103454589844, 12656, 9349]",SH,MARKET.SH,600846.SH
600845,100,宝信软件,2,22.549999237060547,"[1363.9349365234375, 12640, 9624]",SH,MARKET.SH,600845.SH
600844,100,金煤科技,2,3.130000114440918,"[1594.223876953125, 12656, 7412]",SH,MARKET.SH,600844.SH
600843,100,上工申贝,2,8.550000190734863,"[353.32989501953125, 12656, 9091]",SH,MARKET.SH,600843.SH
600841,100,动力新科,2,7.610000133514404,"[737.514404296875, 12652, 9196]",SH,MARKET.SH,600841.SH
600839,100,四川长虹,2,8.300000190734863,"[2401.165283203125, 12646, 9322]",SH,MARKET.SH,600839.SH
600838,100,上海九百,2,8.4399995803833,"[282.1200866699219, 12654, 9343]",SH,MARKET.SH,600838.SH
600835,100,上海机电,2,25.68000030517578,"[916.3121337890625, 12640, 9398]",SH,MARKET.SH,600835.SH
600834,100,申通地铁,2,7.860000133514404,"[78.69686126708984, 12656, 9501]",SH,MARKET.SH,600834.SH
600833,100,第一医药,2,11.15999984741211,"[117.11946105957031, 12656, 9355]",SH,MARKET.SH,600833.SH
600831,100,广电网络,2,4.0,"[2192.291748046875, 12656, 9091]",SH,MARKET.SH,600831.SH
600830,100,XD香溢融,2,9.229999542236328,"[429.0263366699219, 12671, 9631]",SH,MARKET.SH,600830.SH
600829,100,人民同泰,2,8.779999732971191,"[214.8625030517578, 12630, 9091]",SH,MARKET.SH,600829.SH
600828,100,茂业商业,2,4.389999866485596,"[672.9115600585938, 12652, 9091]",SH,MARKET.SH,600828.SH
600827,100,百联股份,2,8.109999656677246,"[641.4322509765625, 12656, 9343]",SH,MARKET.SH,600827.SH
600826,100,兰生股份,2,8.779999732971191,"[344.8019104003906, 12656, 9400]",SH,MARKET.SH,600826.SH
600825,100,新华传媒,2,5.380000114440918,"[374.6994934082031, 12656, 9636]",SH,MARKET.SH,600825.SH
600824,100,益民集团,2,3.859999895095825,"[363.6515197753906, 12652, 9350]",SH,MARKET.SH,600824.SH
600822,100,上海物贸,2,9.229999542236328,"[112.39891815185547, 12656, 7412]",SH,MARKET.SH,600822.SH
600821,100,金开新能,2,8.170000076293945,"[7773.17041015625, 12656, 9586]",SH,MARKET.SH,600821.SH
600820,100,隧道股份,2,5.590000152587891,"[704.6954956054688, 12656, 9421]",SH,MARKET.SH,600820.SH
600819,100,耀皮玻璃,2,6.96999979019165,"[945.3522338867188, 12652, 9510]",SH,MARKET.SH,600819.SH
600818,100,ST中路,2,6.199999809265137,"[1045.416748046875, 12652, 9333]",SH,MARKET.SH,600818.SH
600817,100,宇通重工,2,10.130000114440918,"[200.65834045410156, 12696, 9636]",SH,MARKET.SH,600817.SH
600816,100,建元信托,2,3.180000066757202,"[4804.537109375, 12654, 8866]",SH,MARKET.SH,600816.SH
600815,100,厦工股份,2,3.8499999046325684,"[2509.9443359375, 12654, 9491]",SH,MARKET.SH,600815.SH
600814,100,杭州解百,2,7.130000114440918,"[233.21705627441406, 12656, 9474]",SH,MARKET.SH,600814.SH
600812,100,华北制药,2,4.769999980926514,"[615.8810424804688, 12646, 9330]",SH,MARKET.SH,600812.SH
600810,100,神马股份,2,6.760000228881836,"[661.3211669921875, 12656, 9608]",SH,MARKET.SH,600810.SH
600809,100,山西汾酒,2,131.3699951171875,"[304.48004150390625, 12656, 9312]",SH,MARKET.SH,600809.SH
600808,100,马钢股份,2,3.0999999046325684,"[3598.9189453125, 12646, 9581]",SH,MARKET.SH,600808.SH
600807,100,济高发展,2,2.7899999618530273,"[908.372314453125, 12683, 8201]",SH,MARKET.SH,600807.SH
600805,100,悦达投资,2,4.849999904632568,"[474.2596130371094, 12673, 9442]",SH,MARKET.SH,600805.SH
600803,100,新奥股份,2,20.209999084472656,"[304.99627685546875, 12656, 9583]",SH,MARKET.SH,600803.SH
600802,100,福建水泥,2,5.300000190734863,"[292.67230224609375, 12650, 8227]",SH,MARKET.SH,600802.SH
600801,100,华新建材,2,18.6299991607666,"[435.4771423339844, 12656, 9582]",SH,MARKET.SH,600801.SH
600800,100,渤海化学,2,4.099999904632568,"[2062.153076171875, 12656, 8773]",SH,MARKET.SH,600800.SH
600798,100,宁波海运,2,3.7300000190734863,"[1320.6937255859375, 12652, 9315]",SH,MARKET.SH,600798.SH
600797,100,浙大网新,2,8.6899995803833,"[1065.566162109375, 12656, 9365]",SH,MARKET.SH,600797.SH
600796,100,钱江生化,2,5.46999979019165,"[310.7826843261719, 12681, 9378]",SH,MARKET.SH,600796.SH
600795,100,国电电力,2,4.900000095367432,"[11248.75390625, 12653, 9427]",SH,MARKET.SH,600795.SH
600794,100,保税科技,2,3.3399999141693115,"[368.6866760253906, 12701, 9366]",SH,MARKET.SH,600794.SH
600793,100,宜宾纸业,2,14.9399995803833,"[124.31365966796875, 12656, 7497]",SH,MARKET.SH,600793.SH
600792,100,云煤能源,2,3.9000000953674316,"[944.3047485351562, 12640, 9427]",SH,MARKET.SH,600792.SH
600791,100,京能置业,2,14.649999618530273,"[835.7588500976562, 12644, 8595]",SH,MARKET.SH,600791.SH
600790,100,轻纺城,2,4.010000228881836,"[1377.0120849609375, 12654, 9293]",SH,MARKET.SH,600790.SH
600789,100,鲁抗医药,2,8.109999656677246,"[541.4011840820312, 12646, 9611]",SH,MARKET.SH,600789.SH
600787,100,中储股份,2,4.809999942779541,"[1002.3031616210938, 12657, 9586]",SH,MARKET.SH,600787.SH
600785,100,新华百货,2,16.3799991607666,"[540.8666381835938, 12675, 9449]",SH,MARKET.SH,600785.SH
600784,100,鲁银投资,2,7.949999809265137,"[1393.214599609375, 12646, 9308]",SH,MARKET.SH,600784.SH
600783,100,鲁信创投,2,23.790000915527344,"[1885.2867431640625, 12656, 9315]",SH,MARKET.SH,600783.SH
600782,100,新钢股份,2,2.880000114440918,"[1376.5018310546875, 12638, 9607]",SH,MARKET.SH,600782.SH
600780,100,通宝能源,2,6.849999904632568,"[1796.8663330078125, 12646, 9091]",SH,MARKET.SH,600780.SH
600779,100,水井坊,2,31.489999771118164,"[133.7196502685547, 12656, 9348]",SH,MARKET.SH,600779.SH
600778,100,友好集团,2,6.449999809265137,"[273.53802490234375, 12654, 7412]",SH,MARKET.SH,600778.SH
600777,100,*ST新潮,2,5.659999847412109,"[885.40185546875, 12644, 8278]",SH,MARKET.SH,600777.SH
600776,100,东方通信,2,15.579999923706055,"[1217.610107421875, 12683, 9337]",SH,MARKET.SH,600776.SH
600775,100,南京熊猫,2,12.020000457763672,"[1271.8099365234375, 12673, 8586]",SH,MARKET.SH,600775.SH
600774,100,汉商集团,2,7.920000076293945,"[158.9112548828125, 12654, 9574]",SH,MARKET.SH,600774.SH
600773,100,西藏城投,2,20.0,"[1461.91015625, 12656, 9307]",SH,MARKET.SH,600773.SH
600771,100,广誉远,2,15.119999885559082,"[278.9017639160156, 12642, 8512]",SH,MARKET.SH,600771.SH
600770,100,综艺股份,2,6.619999885559082,"[3265.128173828125, 12652, 7412]",SH,MARKET.SH,600770.SH
600769,100,祥龙电业,2,18.899999618530273,"[918.6075439453125, 12644, 3555]",SH,MARKET.SH,600769.SH
600768,100,宁波富邦,2,17.809999465942383,"[260.99420166015625, 12652, 9347]",SH,MARKET.SH,600768.SH
600765,100,XD中航重,2,15.069999694824219,"[808.0778198242188, 12656, 9631]",SH,MARKET.SH,600765.SH
600764,100,中国海防,2,21.700000762939453,"[221.87095642089844, 12656, 9505]",SH,MARKET.SH,600764.SH
600763,100,通策医疗,2,36.720001220703125,"[359.2663879394531, 12633, 9293]",SH,MARKET.SH,600763.SH
600761,100,安徽合力,2,18.700000762939453,"[833.0572509765625, 12647, 9425]",SH,MARKET.SH,600761.SH
600760,100,中航沈飞,2,45.959999084472656,"[650.072021484375, 12654, 9635]",SH,MARKET.SH,600760.SH
600759,100,ST洲际,2,2.7899999618530273,"[9038.095703125, 12701, 9491]",SH,MARKET.SH,600759.SH
600758,100,辽宁能源,2,4.960000038146973,"[7815.22998046875, 12653, 9342]",SH,MARKET.SH,600758.SH
600757,100,长江传媒,2,8.100000381469727,"[376.09735107421875, 12654, 9288]",SH,MARKET.SH,600757.SH
600756,100,浪潮软件,2,15.229999542236328,"[393.3668212890625, 12656, 9476]",SH,MARKET.SH,600756.SH
600755,100,厦门国贸,2,6.03000020980835,"[618.5371704101562, 12656, 9609]",SH,MARKET.SH,600755.SH
600754,100,锦江酒店,2,21.3700008392334,"[567.551025390625, 12656, 9631]",SH,MARKET.SH,600754.SH
600753,100,*ST海钦,2,14.100000381469727,"[147.65756225585938, 12655, 9005]",SH,MARKET.SH,600753.SH
600751,100,海航科技,2,3.5399999618530273,"[1974.3204345703125, 12656, 6572]",SH,MARKET.SH,600751.SH
600750,100,华润江中,2,22.530000686645508,"[224.12130737304688, 12646, 9541]",SH,MARKET.SH,600750.SH
600749,100,西藏旅游,2,15.40999984741211,"[330.09283447265625, 12654, 7412]",SH,MARKET.SH,600749.SH
600748,100,上实发展,2,4.889999866485596,"[1371.589111328125, 12656, 9091]",SH,MARKET.SH,600748.SH
600746,100,江苏索普,2,6.929999828338623,"[582.6920166015625, 12632, 9595]",SH,MARKET.SH,600746.SH
600745,100,*ST闻泰,2,16.799999237060547,"[1900.502197265625, 12683, 9630]",SH,MARKET.SH,600745.SH
600744,100,华银电力,2,7.670000076293945,"[5664.068359375, 12643, 8551]",SH,MARKET.SH,600744.SH
600743,100,华远控股,2,2.440000057220459,"[3234.903076171875, 12656, 8207]",SH,MARKET.SH,600743.SH
600742,100,富维股份,2,8.699999809265137,"[204.95433044433594, 12683, 9637]",SH,MARKET.SH,600742.SH
600741,100,华域汽车,2,17.030000686645508,"[976.6319580078125, 12655, 9330]",SH,MARKET.SH,600741.SH
600740,100,山西焦化,2,3.7100000381469727,"[1550.54248046875, 12638, 9294]",SH,MARKET.SH,600740.SH
600739,100,辽宁成大,2,11.1899995803833,"[460.6997375488281, 12656, 9335]",SH,MARKET.SH,600739.SH
600738,100,丽尚国潮,2,4.320000171661377,"[378.3882141113281, 12654, 9301]",SH,MARKET.SH,600738.SH
600737,100,中粮糖业,2,14.300000190734863,"[1574.47216796875, 12652, 9347]",SH,MARKET.SH,600737.SH
600736,100,苏州高新,2,7.429999828338623,"[3474.54443359375, 12699, 9316]",SH,MARKET.SH,600736.SH
600735,100,ST新华锦,2,6.510000228881836,"[460.3148498535156, 12656, 9091]",SH,MARKET.SH,600735.SH
600734,100,*ST实达,2,2.200000047683716,"[3895.8486328125, 12655, 9491]",SH,MARKET.SH,600734.SH
600733,100,北汽蓝谷,2,6.559999942779541,"[3217.8369140625, 12701, 9638]",SH,MARKET.SH,600733.SH
600732,100,爱旭股份,2,12.449999809265137,"[2208.92578125, 12683, 9575]",SH,MARKET.SH,600732.SH
600731,100,湖南海利,2,5.940000057220459,"[440.27142333984375, 12653, 9586]",SH,MARKET.SH,600731.SH
600730,100,*ST高科,2,12.65999984741211,"[1863.509765625, 12656, 9265]",SH,MARKET.SH,600730.SH
600729,100,重百集团,2,19.299999237060547,"[133.76243591308594, 12669, 9604]",SH,MARKET.SH,600729.SH
600728,100,佳都科技,2,5.300000190734863,"[1600.4599609375, 12656, 9369]",SH,MARKET.SH,600728.SH
600727,100,鲁北化工,2,7.739999771118164,"[1118.9139404296875, 12699, 9446]",SH,MARKET.SH,600727.SH
600726,100,华电能源,2,6.190000057220459,"[11385.572265625, 12642, 9485]",SH,MARKET.SH,600726.SH
600725,100,云维股份,2,3.9800000190734863,"[964.510986328125, 12701, 9490]",SH,MARKET.SH,600725.SH
600724,100,宁波富达,2,7.400000095367432,"[508.6074523925781, 12653, 9533]",SH,MARKET.SH,600724.SH
600722,100,金牛化工,2,11.329999923706055,"[2163.10888671875, 12656, 5736]",SH,MARKET.SH,600722.SH
600721,100,百花医药,2,7.679999828338623,"[315.40045166015625, 12646, 9615]",SH,MARKET.SH,600721.SH
600720,100,中交设计,2,6.170000076293945,"[293.75787353515625, 12669, 9350]",SH,MARKET.SH,600720.SH
600719,100,大连热电,2,8.0600004196167,"[2228.48583984375, 12679, 7928]",SH,MARKET.SH,600719.SH
600718,100,东软集团,2,8.619999885559082,"[572.2108154296875, 12654, 9609]",SH,MARKET.SH,600718.SH
600717,100,天津港,2,4.369999885559082,"[1202.047119140625, 12654, 9294]",SH,MARKET.SH,600717.SH
600716,100,凤凰股份,2,3.880000114440918,"[365.008056640625, 12656, 7888]",SH,MARKET.SH,600716.SH
600715,100,文投控股,2,1.9199999570846558,"[996.8319091796875, 12656, 9491]",SH,MARKET.SH,600715.SH
600714,100,金瑞矿业,2,27.149999618530273,"[1004.7508544921875, 12654, 9421]",SH,MARKET.SH,600714.SH
600713,100,南京医药,2,5.0,"[447.1580810546875, 12656, 9597]",SH,MARKET.SH,600713.SH
600712,100,南宁百货,2,5.940000057220459,"[289.1423034667969, 12654, 8403]",SH,MARKET.SH,600712.SH
600711,100,盛屯矿业,2,12.0,"[4889.63525390625, 12638, 9636]",SH,MARKET.SH,600711.SH
600710,100,苏美达,2,12.069999694824219,"[690.9117431640625, 12645, 9285]",SH,MARKET.SH,600710.SH
600708,100,光明地产,2,3.3299999237060547,"[1543.767822265625, 12654, 9091]",SH,MARKET.SH,600708.SH
600707,100,彩虹股份,2,11.420000076293945,"[7853.150390625, 12656, 8320]",SH,MARKET.SH,600707.SH
600706,100,曲江文旅,2,8.65999984741211,"[180.2239990234375, 12657, 8381]",SH,MARKET.SH,600706.SH
600704,100,物产中大,2,4.869999885559082,"[2195.089599609375, 12652, 9614]",SH,MARKET.SH,600704.SH
600703,100,三安光电,2,15.699999809265137,"[13725.9677734375, 12646, 9306]",SH,MARKET.SH,600703.SH
600702,100,舍得酒业,2,41.779998779296875,"[210.37803649902344, 12628, 9636]",SH,MARKET.SH,600702.SH
600699,100,均胜电子,2,30.18000030517578,"[4010.994384765625, 12652, 9442]",SH,MARKET.SH,600699.SH
600698,100,湖南天雁,2,7.099999904632568,"[925.5751342773438, 12646, 9496]",SH,MARKET.SH,600698.SH
600697,100,欧亚集团,2,11.800000190734863,"[129.69351196289062, 12657, 9313]",SH,MARKET.SH,600697.SH
600696,100,*ST岩石,2,1.309999942779541,"[262.30401611328125, 12656, 7423]",SH,MARKET.SH,600696.SH
600694,100,大商股份,2,17.209999084472656,"[210.9569091796875, 12687, 9610]",SH,MARKET.SH,600694.SH
600693,100,东百集团,2,9.470000267028809,"[1539.078857421875, 12646, 9393]",SH,MARKET.SH,600693.SH
600692,100,亚通股份,2,7.260000228881836,"[364.6957702636719, 12656, 9091]",SH,MARKET.SH,600692.SH
600691,100,潞化科技,2,2.759999990463257,"[1828.64892578125, 12656, 8032]",SH,MARKET.SH,600691.SH
600690,100,海尔智家,2,20.440000534057617,"[2153.319580078125, 12652, 9582]",SH,MARKET.SH,600690.SH
600689,100,上海三毛,2,12.550000190734863,"[125.29830169677734, 12656, 9319]",SH,MARKET.SH,600689.SH
600688,100,上海石化,2,2.7899999618530273,"[2253.957275390625, 12656, 9438]",SH,MARKET.SH,600688.SH
600686,100,金龙汽车,2,14.100000381469727,"[583.3873291015625, 12654, 9420]",SH,MARKET.SH,600686.SH
600685,100,中船防务,2,29.93000030517578,"[634.9694213867188, 12656, 9421]",SH,MARKET.SH,600685.SH
600684,100,珠江股份,2,3.7899999618530273,"[578.451171875, 12656, 9588]",SH,MARKET.SH,600684.SH
600683,100,京投发展,2,14.510000228881836,"[1782.1004638671875, 12656, 8172]",SH,MARKET.SH,600683.SH
600682,100,南京新百,2,5.789999961853027,"[550.888671875, 12656, 9616]",SH,MARKET.SH,600682.SH
600681,100,百川能源,2,3.8499999046325684,"[1127.85205078125, 12654, 9379]",SH,MARKET.SH,600681.SH
600679,100,上海凤凰,2,10.239999771118164,"[139.09336853027344, 12654, 9131]",SH,MARKET.SH,600679.SH
600678,100,ST金顶,2,6.699999809265137,"[1085.97998046875, 12656, 4167]",SH,MARKET.SH,600678.SH
600676,100,交运股份,2,7.230000019073486,"[1294.4676513671875, 12656, 7500]",SH,MARKET.SH,600676.SH
600675,100,中华企业,2,2.4600000381469727,"[873.3665771484375, 12653, 9238]",SH,MARKET.SH,600675.SH
600674,100,川投能源,2,14.800000190734863,"[1543.6971435546875, 12693, 9322]",SH,MARKET.SH,600674.SH
600673,100,东阳光,2,36.18000030517578,"[3110.86474609375, 12652, 9358]",SH,MARKET.SH,600673.SH
600671,100,天目药业,2,18.860000610351562,"[80.82154083251953, 12699, 3737]",SH,MARKET.SH,600671.SH
600668,100,尖峰集团,2,8.399999618530273,"[270.3786315917969, 12653, 9600]",SH,MARKET.SH,600668.SH
600667,100,太极实业,2,12.420000076293945,"[12085.1689453125, 12644, 9610]",SH,MARKET.SH,600667.SH
600666,100,奥瑞德,2,5.210000038146973,"[11902.8251953125, 12654, 9601]",SH,MARKET.SH,600666.SH
600665,100,天地源,2,3.1500000953674316,"[548.5240478515625, 12650, 8607]",SH,MARKET.SH,600665.SH
600664,100,哈药股份,2,3.3499999046325684,"[2986.9384765625, 12642, 9247]",SH,MARKET.SH,600664.SH
600663,100,陆家嘴,2,7.110000133514404,"[764.82666015625, 12640, 9467]",SH,MARKET.SH,600663.SH
600662,100,外服控股,2,4.599999904632568,"[556.2901611328125, 12644, 9441]",SH,MARKET.SH,600662.SH
600661,100,昂立教育,2,8.970000267028809,"[194.5041046142578, 12642, 7478]",SH,MARKET.SH,600661.SH
600660,100,福耀玻璃,2,54.34000015258789,"[574.544677734375, 12640, 9616]",SH,MARKET.SH,600660.SH
600658,100,电子城,2,4.940000057220459,"[974.895263671875, 12679, 8572]",SH,MARKET.SH,600658.SH
600657,100,信达地产,2,2.7799999713897705,"[1386.67919921875, 12654, 8564]",SH,MARKET.SH,600657.SH
600655,100,豫园股份,2,4.53000020980835,"[515.914306640625, 12697, 9635]",SH,MARKET.SH,600655.SH
600654,100,中安科,2,3.549999952316284,"[4599.12548828125, 12653, 9603]",SH,MARKET.SH,600654.SH
600653,100,申华控股,2,1.690000057220459,"[743.8840942382812, 12655, 8690]",SH,MARKET.SH,600653.SH
600651,100,飞乐音响,2,6.829999923706055,"[975.3091430664062, 12656, 8822]",SH,MARKET.SH,600651.SH
600650,100,锦江在线,2,12.819999694824219,"[302.1820983886719, 12657, 9340]",SH,MARKET.SH,600650.SH
600649,100,城投控股,2,3.8499999046325684,"[925.9360961914062, 12656, 9463]",SH,MARKET.SH,600649.SH
600648,100,外高桥,2,9.789999961853027,"[83.990966796875, 12656, 9438]",SH,MARKET.SH,600648.SH
600645,100,中源协和,2,21.139999389648438,"[413.8356018066406, 12646, 8238]",SH,MARKET.SH,600645.SH
600644,100,乐山电力,2,11.25,"[1012.3361206054688, 12646, 9604]",SH,MARKET.SH,600644.SH
600643,100,爱建集团,2,4.639999866485596,"[695.1373901367188, 12656, 9251]",SH,MARKET.SH,600643.SH
600642,100,申能股份,2,9.510000228881836,"[1992.40087890625, 12650, 9391]",SH,MARKET.SH,600642.SH
600641,100,先导基电,2,26.65999984741211,"[3364.524169921875, 12656, 9608]",SH,MARKET.SH,600641.SH
600640,100,国脉文化,2,12.850000381469727,"[1142.1448974609375, 12642, 9344]",SH,MARKET.SH,600640.SH
600639,100,浦东金桥,2,9.949999809265137,"[225.2503204345703, 12656, 9343]",SH,MARKET.SH,600639.SH
600638,100,新黄浦,2,5.71999979019165,"[497.6344909667969, 12640, 9341]",SH,MARKET.SH,600638.SH
600637,100,东方明珠,2,10.390000343322754,"[3895.387451171875, 12656, 9390]",SH,MARKET.SH,600637.SH
600636,100,*ST国化,2,4.510000228881836,"[691.8637084960938, 12656, 9393]",SH,MARKET.SH,600636.SH
600635,100,大众公用,2,5.460000038146973,"[3235.3955078125, 12656, 9336]",SH,MARKET.SH,600635.SH
600633,100,浙数文化,2,12.699999809265137,"[1677.933837890625, 12653, 9393]",SH,MARKET.SH,600633.SH
600630,100,龙头股份,2,7.769999980926514,"[242.6222686767578, 12653, 9344]",SH,MARKET.SH,600630.SH
600629,100,华建集团,2,19.59000015258789,"[1025.3818359375, 12656, 9615]",SH,MARKET.SH,600629.SH
600628,100,新世界,2,6.429999828338623,"[374.9705810546875, 12656, 9354]",SH,MARKET.SH,600628.SH
600626,100,申达股份,2,4.170000076293945,"[1737.5838623046875, 12656, 9158]",SH,MARKET.SH,600626.SH
600624,100,ST复华,2,4.550000190734863,"[203.2698211669922, 12656, 9373]",SH,MARKET.SH,600624.SH
600623,100,华谊集团,2,9.449999809265137,"[1335.475341796875, 12653, 9586]",SH,MARKET.SH,600623.SH
600622,100,光大嘉宝,2,2.4800000190734863,"[768.4120483398438, 12656, 8223]",SH,MARKET.SH,600622.SH
600621,100,华鑫股份,2,13.930000305175781,"[518.9855346679688, 12653, 9418]",SH,MARKET.SH,600621.SH
600620,100,天宸股份,2,5.03000020980835,"[285.2735290527344, 12656, 9329]",SH,MARKET.SH,600620.SH
600619,100,海立股份,2,18.479999542236328,"[2164.833740234375, 12656, 9292]",SH,MARKET.SH,600619.SH
600618,100,氯碱化工,2,11.180000305175781,"[746.409423828125, 12653, 9327]",SH,MARKET.SH,600618.SH
600617,100,国新能源,2,3.5299999713897705,"[3054.981689453125, 12656, 9091]",SH,MARKET.SH,600617.SH
600616,100,金枫酒业,2,4.659999847412109,"[309.47479248046875, 12656, 9316]",SH,MARKET.SH,600616.SH
600615,100,鑫源智造,2,12.199999809265137,"[331.2254333496094, 12646, 9452]",SH,MARKET.SH,600615.SH
600613,100,神奇制药,2,5.329999923706055,"[303.2365417480469, 12654, 9279]",SH,MARKET.SH,600613.SH
600612,100,老凤祥,2,36.9900016784668,"[45.6820068359375, 12644, 9393]",SH,MARKET.SH,600612.SH
600611,100,大众交通,2,5.570000171661377,"[2589.1904296875, 12656, 9393]",SH,MARKET.SH,600611.SH
600610,100,中毅达,2,8.649999618530273,"[1753.3526611328125, 12685, 9029]",SH,MARKET.SH,600610.SH
600609,100,金杯汽车,2,3.7899999618530273,"[670.9736328125, 12656, 9636]",SH,MARKET.SH,600609.SH
600608,100,*ST沪科,2,2.069999933242798,"[213.44097900390625, 12673, 6704]",SH,MARKET.SH,600608.SH
600606,100,绿地控股,2,1.399999976158142,"[4415.89794921875, 12654, 8248]",SH,MARKET.SH,600606.SH
600605,100,汇通能源,2,31.469999313354492,"[210.09188842773438, 12654, 9610]",SH,MARKET.SH,600605.SH
600604,100,市北高新,2,5.789999961853027,"[1802.2412109375, 12646, 9306]",SH,MARKET.SH,600604.SH
600603,100,广汇物流,2,5.269999980926514,"[520.4205322265625, 12667, 9621]",SH,MARKET.SH,600603.SH
600602,100,云赛智联,2,21.020000457763672,"[2092.587890625, 12646, 9329]",SH,MARKET.SH,600602.SH
600601,100,方正科技,2,11.630000114440918,"[8952.701171875, 12652, 9595]",SH,MARKET.SH,600601.SH
600600,100,青岛啤酒,2,61.209999084472656,"[212.09837341308594, 12652, 9582]",SH,MARKET.SH,600600.SH
600599,100,*ST熊猫,2,3.950000047683716,"[135.71461486816406, 12656, 7412]",SH,MARKET.SH,600599.SH
600598,100,北大荒,2,15.3100004196167,"[1007.019287109375, 12654, 9635]",SH,MARKET.SH,600598.SH
600597,100,光明乳业,2,7.079999923706055,"[237.82647705078125, 12656, 9335]",SH,MARKET.SH,600597.SH
600596,100,新安股份,2,12.050000190734863,"[1291.781982421875, 12654, 9299]",SH,MARKET.SH,600596.SH
600595,100,中孚实业,2,7.090000152587891,"[3336.086181640625, 12640, 9637]",SH,MARKET.SH,600595.SH
600594,100,益佰制药,2,3.6700000762939453,"[1063.2669677734375, 12642, 9091]",SH,MARKET.SH,600594.SH
600593,100,大连圣亚,2,34.72999954223633,"[125.36151885986328, 12654, 9597]",SH,MARKET.SH,600593.SH
600592,100,龙溪股份,2,19.309999465942383,"[560.1348266601562, 12650, 9394]",SH,MARKET.SH,600592.SH
600590,100,泰豪科技,2,13.859999656677246,"[1886.080810546875, 12653, 8153]",SH,MARKET.SH,600590.SH
600589,100,大位科技,2,12.420000076293945,"[9995.9296875, 12656, 9491]",SH,MARKET.SH,600589.SH
600588,100,用友网络,2,10.850000381469727,"[2189.26220703125, 12646, 9219]",SH,MARKET.SH,600588.SH
600587,100,新华医疗,2,13.329999923706055,"[201.561279296875, 12656, 9540]",SH,MARKET.SH,600587.SH
600586,100,金晶科技,2,5.460000038146973,"[2117.259765625, 12656, 9440]",SH,MARKET.SH,600586.SH
600585,100,海螺水泥,2,19.709999084472656,"[1206.3419189453125, 12657, 9397]",SH,MARKET.SH,600585.SH
600584,100,长电科技,2,66.83999633789062,"[11014.9814453125, 12653, 9392]",SH,MARKET.SH,600584.SH
600583,100,海油工程,2,5.980000019073486,"[1752.4716796875, 12646, 9249]",SH,MARKET.SH,600583.SH
600582,100,天地科技,2,5.400000095367432,"[906.6673583984375, 12656, 9274]",SH,MARKET.SH,600582.SH
600581,100,*ST八钢,2,2.640000104904175,"[726.3180541992188, 12652, 9585]",SH,MARKET.SH,600581.SH
600580,100,卧龙电驱,2,40.65999984741211,"[2954.875244140625, 12656, 9609]",SH,MARKET.SH,600580.SH
600579,100,中化装备,2,6.849999904632568,"[244.51666259765625, 12654, 9610]",SH,MARKET.SH,600579.SH
600578,100,京能电力,2,8.180000305175781,"[17015.955078125, 12647, 9313]",SH,MARKET.SH,600578.SH
600577,100,精达股份,2,14.1899995803833,"[3849.727783203125, 12656, 9616]",SH,MARKET.SH,600577.SH
600576,100,祥源文旅,2,5.769999980926514,"[473.5312805175781, 12657, 9239]",SH,MARKET.SH,600576.SH
600575,100,淮河能源,2,3.759999990463257,"[4380.84228515625, 12699, 9583]",SH,MARKET.SH,600575.SH
600573,100,惠泉啤酒,2,12.399999618530273,"[606.93505859375, 12640, 9329]",SH,MARKET.SH,600573.SH
600572,100,康恩贝,2,4.170000076293945,"[1223.2037353515625, 12679, 9609]",SH,MARKET.SH,600572.SH
600571,100,信雅达,2,12.15999984741211,"[316.16925048828125, 12656, 9328]",SH,MARKET.SH,600571.SH
600570,100,恒生电子,2,26.170000076293945,"[1255.091796875, 12656, 9578]",SH,MARKET.SH,600570.SH
600569,100,安阳钢铁,2,1.850000023841858,"[801.9644775390625, 12656, 8258]",SH,MARKET.SH,600569.SH
600568,100,ST中珠,2,2.5199999809265137,"[711.3381958007812, 12656, 9240]",SH,MARKET.SH,600568.SH
600567,100,山鹰国际,2,1.3200000524520874,"[3068.269287109375, 12657, 9488]",SH,MARKET.SH,600567.SH
600566,100,济川药业,2,28.600000381469727,"[237.70465087890625, 12644, 9610]",SH,MARKET.SH,600566.SH
600563,100,法拉电子,2,158.36000061035156,"[505.26043701171875, 12656, 9291]",SH,MARKET.SH,600563.SH
600562,100,国睿科技,2,24.93000030517578,"[410.3199462890625, 12642, 9477]",SH,MARKET.SH,600562.SH
600561,100,江西长运,2,6.570000171661377,"[222.37417602539062, 12654, 8581]",SH,MARKET.SH,600561.SH
600560,100,金自天正,2,14.260000228881836,"[214.33351135253906, 12653, 9357]",SH,MARKET.SH,600560.SH
600559,100,老白干酒,2,13.399999618530273,"[405.2801208496094, 12642, 9294]",SH,MARKET.SH,600559.SH
600558,100,大西洋,2,5.46999979019165,"[591.8773803710938, 12652, 9397]",SH,MARKET.SH,600558.SH
600557,100,康缘药业,2,12.430000305175781,"[277.7749328613281, 12656, 9371]",SH,MARKET.SH,600557.SH
600556,100,天下秀,2,5.579999923706055,"[2244.402099609375, 12654, 9491]",SH,MARKET.SH,600556.SH
600552,100,凯盛科技,2,18.299999237060547,"[4032.291748046875, 12656, 9286]",SH,MARKET.SH,600552.SH
600551,100,时代出版,2,7.860000133514404,"[597.806396484375, 12656, 9433]",SH,MARKET.SH,600551.SH
600550,100,保变电气,2,14.199999809265137,"[2288.818603515625, 12618, 7881]",SH,MARKET.SH,600550.SH
600549,100,厦门钨业,2,50.15999984741211,"[2097.4658203125, 12645, 9393]",SH,MARKET.SH,600549.SH
600548,100,深高速,2,8.819999694824219,"[94.8485107421875, 12654, 9438]",SH,MARKET.SH,600548.SH
600547,100,山东黄金,2,29.600000381469727,"[2212.55078125, 12656, 9582]",SH,MARKET.SH,600547.SH
600546,100,山煤国际,2,13.350000381469727,"[857.293701171875, 12645, 9279]",SH,MARKET.SH,600546.SH
600545,100,卓郎智能,2,5.800000190734863,"[6714.7958984375, 12654, 9091]",SH,MARKET.SH,600545.SH
600543,100,*ST莫高,2,4.789999961853027,"[190.1183319091797, 12656, 7524]",SH,MARKET.SH,600543.SH
600540,100,新赛股份,2,4.949999809265137,"[1194.3853759765625, 12657, 8256]",SH,MARKET.SH,600540.SH
600539,100,狮头股份,2,13.5,"[1063.92333984375, 12656, 7412]",SH,MARKET.SH,600539.SH
600538,100,国发股份,2,6.820000171661377,"[894.1759643554688, 12653, 8549]",SH,MARKET.SH,600538.SH
600537,100,*ST亿晶,2,3.1500000953674316,"[1923.274169921875, 12652, 9369]",SH,MARKET.SH,600537.SH
600536,100,中国软件,2,38.56999969482422,"[699.9645385742188, 12644, 9610]",SH,MARKET.SH,600536.SH
600535,100,天士力,2,14.380000114440918,"[409.2798767089844, 12646, 9638]",SH,MARKET.SH,600535.SH
600533,100,栖霞建设,2,2.259999990463257,"[876.5098266601562, 12656, 8571]",SH,MARKET.SH,600533.SH
600531,100,豫光金铅,2,13.229999542236328,"[3055.77392578125, 12669, 9604]",SH,MARKET.SH,600531.SH
600530,100,交大昂立,2,6.840000152587891,"[1889.53173828125, 12654, 9281]",SH,MARKET.SH,600530.SH
600529,100,山东药玻,2,17.68000030517578,"[288.6390380859375, 12646, 9629]",SH,MARKET.SH,600529.SH
600528,100,中铁工业,2,7.510000228881836,"[546.6732788085938, 12656, 9358]",SH,MARKET.SH,600528.SH
600527,100,江南高纤,2,2.630000114440918,"[4248.76123046875, 12656, 9286]",SH,MARKET.SH,600527.SH
600526,100,菲达环保,2,4.960000038146973,"[351.5465087890625, 12657, 9449]",SH,MARKET.SH,600526.SH
600525,100,ST长园,2,5.449999809265137,"[559.5999755859375, 12671, 9250]",SH,MARKET.SH,600525.SH
600523,100,贵航股份,2,12.6899995803833,"[173.9615020751953, 12681, 9637]",SH,MARKET.SH,600523.SH
600522,100,中天科技,2,41.900001525878906,"[13827.4033203125, 12646, 9332]",SH,MARKET.SH,600522.SH
600521,100,华海药业,2,17.020000457763672,"[1273.6563720703125, 12656, 9616]",SH,MARKET.SH,600521.SH
600520,100,三佳科技,2,30.100000381469727,"[702.8870239257812, 12652, 6316]",SH,MARKET.SH,600520.SH
600519,100,贵州茅台,2,1311.0,"[197.87913513183594, 12646, 9603]",SH,MARKET.SH,600519.SH
600518,100,康美药业,2,1.5199999809265137,"[7890.63330078125, 12656, 9604]",SH,MARKET.SH,600518.SH
600517,100,国网英大,2,5.53000020980835,"[1177.1971435546875, 12701, 9393]",SH,MARKET.SH,600517.SH
600516,100,方大炭素,2,5.050000190734863,"[2391.326904296875, 12656, 9320]",SH,MARKET.SH,600516.SH
600515,100,海南机场,2,3.2300000190734863,"[3521.93408203125, 12673, 9320]",SH,MARKET.SH,600515.SH
600513,100,联环药业,2,19.260000228881836,"[546.9627685546875, 12652, 9298]",SH,MARKET.SH,600513.SH
600512,100,腾达建设,2,2.2300000190734863,"[955.333251953125, 12653, 9366]",SH,MARKET.SH,600512.SH
600511,100,国药股份,2,27.09000015258789,"[145.57810974121094, 12642, 9293]",SH,MARKET.SH,600511.SH
600510,100,黑牡丹,2,9.020000457763672,"[1182.86572265625, 12638, 9312]",SH,MARKET.SH,600510.SH
600509,100,天富能源,2,9.0600004196167,"[6692.86181640625, 12701, 9302]",SH,MARKET.SH,600509.SH
600508,100,上海能源,2,12.960000038146973,"[387.73614501953125, 12655, 9393]",SH,MARKET.SH,600508.SH
600507,100,方大特钢,2,4.730000019073486,"[1554.6822509765625, 12652, 9281]",SH,MARKET.SH,600507.SH
600506,100,统一股份,2,17.90999984741211,"[800.375732421875, 12657, 9610]",SH,MARKET.SH,600506.SH
600505,100,西昌电力,2,12.479999542236328,"[464.3785705566406, 12656, 9302]",SH,MARKET.SH,600505.SH
600503,100,华丽家族,2,2.359999895095825,"[1187.5653076171875, 12653, 9091]",SH,MARKET.SH,600503.SH
600502,100,安徽建工,2,5.039999961853027,"[1014.594970703125, 12646, 9530]",SH,MARKET.SH,600502.SH
600501,100,航天晨光,2,21.18000030517578,"[290.8225402832031, 12646, 9466]",SH,MARKET.SH,600501.SH
600500,100,中化国际,2,5.929999828338623,"[7054.11279296875, 12654, 9561]",SH,MARKET.SH,600500.SH
600499,100,科达制造,2,16.739999771118164,"[1237.052978515625, 12644, 9271]",SH,MARKET.SH,600499.SH
600498,100,烽火通信,2,54.040000915527344,"[4442.8564453125, 12656, 9611]",SH,MARKET.SH,600498.SH
600497,100,驰宏锌锗,2,9.239999771118164,"[8756.9423828125, 12669, 9635]",SH,MARKET.SH,600497.SH
600496,100,精工钢构,2,4.079999923706055,"[2794.032958984375, 12653, 9604]",SH,MARKET.SH,600496.SH
600495,100,晋西车轴,2,4.050000190734863,"[428.8438415527344, 12654, 9315]",SH,MARKET.SH,600495.SH
600493,100,凤竹纺织,2,6.869999885559082,"[278.6119689941406, 12640, 9299]",SH,MARKET.SH,600493.SH
600491,100,ST龙元,2,1.3200000524520874,"[2809.16064453125, 12687, 8210]",SH,MARKET.SH,600491.SH
600490,100,鹏欣资源,2,7.510000228881836,"[2130.367431640625, 12647, 7889]",SH,MARKET.SH,600490.SH
600489,100,中金黄金,2,22.780000686645508,"[2724.045166015625, 12654, 9308]",SH,MARKET.SH,600489.SH
600488,100,津药药业,2,5.659999847412109,"[4354.91015625, 12699, 9288]",SH,MARKET.SH,600488.SH
600487,100,亨通光电,2,69.9000015258789,"[6798.37109375, 12646, 9573]",SH,MARKET.SH,600487.SH
600486,100,扬农化工,2,60.90999984741211,"[222.3465118408203, 12652, 9638]",SH,MARKET.SH,600486.SH
600483,100,福能股份,2,10.539999961853027,"[1858.8209228515625, 12642, 9372]",SH,MARKET.SH,600483.SH
600482,100,中国动力,2,35.16999816894531,"[1588.4775390625, 12656, 9616]",SH,MARKET.SH,600482.SH
600481,100,双良节能,2,7.800000190734863,"[12111.5068359375, 12656, 9588]",SH,MARKET.SH,600481.SH
600480,100,凌云股份,2,11.529999732971191,"[1879.042724609375, 12657, 9615]",SH,MARKET.SH,600480.SH
600479,100,千金药业,2,10.119999885559082,"[228.57009887695312, 12654, 9615]",SH,MARKET.SH,600479.SH
600478,100,科力远,2,6.550000190734863,"[1333.16650390625, 12656, 9091]",SH,MARKET.SH,600478.SH
600477,100,杭萧钢构,2,2.819999933242798,"[1815.9678955078125, 12656, 9522]",SH,MARKET.SH,600477.SH
600476,100,*ST湘邮,2,11.90999984741211,"[140.6469268798828, 12653, 3421]",SH,MARKET.SH,600476.SH
600475,100,华光环能,2,19.229999542236328,"[1149.7581787109375, 12655, 9450]",SH,MARKET.SH,600475.SH
600470,100,六国化工,2,5.690000057220459,"[963.2749633789062, 12652, 7412]",SH,MARKET.SH,600470.SH
600469,100,风神股份,2,6.139999866485596,"[405.9313049316406, 12697, 9541]",SH,MARKET.SH,600469.SH
600468,100,百利电气,2,6.710000038146973,"[1289.6683349609375, 12653, 9091]",SH,MARKET.SH,600468.SH
600467,100,好当家,2,2.2799999713897705,"[1131.1075439453125, 12656, 9320]",SH,MARKET.SH,600467.SH
600463,100,空港股份,2,10.25,"[151.33450317382812, 12653, 7846]",SH,MARKET.SH,600463.SH
600461,100,洪城环境,2,10.239999771118164,"[377.00384521484375, 12656, 9602]",SH,MARKET.SH,600461.SH
600460,100,士兰微,2,30.940000534057617,"[3475.744140625, 12656, 9305]",SH,MARKET.SH,600460.SH
600459,100,贵研铂业,2,19.15999984741211,"[1209.4927978515625, 12656, 9610]",SH,MARKET.SH,600459.SH
600458,100,时代新材,2,12.0,"[614.671142578125, 12656, 9510]",SH,MARKET.SH,600458.SH
600456,100,宝钛股份,2,32.68000030517578,"[347.63726806640625, 12652, 9327]",SH,MARKET.SH,600456.SH
600455,100,博通股份,2,28.610000610351562,"[71.82134246826172, 12653, 6568]",SH,MARKET.SH,600455.SH
600452,100,涪陵电力,2,12.460000038146973,"[3905.85986328125, 12654, 9392]",SH,MARKET.SH,600452.SH
600449,100,宁夏建材,2,13.9399995803833,"[677.2661743164062, 12646, 9279]",SH,MARKET.SH,600449.SH
600448,100,华纺股份,2,3.200000047683716,"[913.9594116210938, 12701, 7636]",SH,MARKET.SH,600448.SH
600446,100,金证股份,2,13.8100004196167,"[1590.5604248046875, 12646, 9604]",SH,MARKET.SH,600446.SH
600444,100,国机通用,2,15.920000076293945,"[107.24302673339844, 12654, 9327]",SH,MARKET.SH,600444.SH
600439,100,瑞贝卡,2,2.450000047683716,"[769.860107421875, 12654, 9091]",SH,MARKET.SH,600439.SH
600438,100,通威股份,2,15.59000015258789,"[2352.081298828125, 12656, 9616]",SH,MARKET.SH,600438.SH
600436,100,片仔癀,2,126.11000061035156,"[158.7812042236328, 12656, 9398]",SH,MARKET.SH,600436.SH
600435,100,北方导航,2,12.710000038146973,"[1202.2938232421875, 12679, 9629]",SH,MARKET.SH,600435.SH
600433,100,冠豪高新,2,4.25,"[3754.751953125, 12679, 9366]",SH,MARKET.SH,600433.SH
600429,100,三元股份,2,5.119999885559082,"[634.8251953125, 12644, 9610]",SH,MARKET.SH,600429.SH
600428,100,中远海特,2,7.869999885559082,"[1742.525390625, 12699, 9581]",SH,MARKET.SH,600428.SH
600426,100,华鲁恒升,2,31.3700008392334,"[1228.9002685546875, 12667, 9621]",SH,MARKET.SH,600426.SH
600425,100,青松建化,2,3.799999952316284,"[680.5203857421875, 12656, 9537]",SH,MARKET.SH,600425.SH
600423,100,*ST柳化,2,2.7300000190734863,"[511.1166076660156, 12701, 9491]",SH,MARKET.SH,600423.SH
600422,100,昆药集团,2,8.510000228881836,"[399.4921875, 12646, 9333]",SH,MARKET.SH,600422.SH
600421,100,*ST华嵘,2,4.079999923706055,"[2.422499895095825, 12656, 4330]",SH,MARKET.SH,600421.SH
600420,100,国药现代,2,9.109999656677246,"[247.00120544433594, 12656, 9383]",SH,MARKET.SH,600420.SH
600419,100,天润乳业,2,8.760000228881836,"[162.6988525390625, 12696, 9636]",SH,MARKET.SH,600419.SH
600418,100,江淮汽车,2,45.369998931884766,"[1802.8819580078125, 12654, 9541]",SH,MARKET.SH,600418.SH
600416,100,湘电股份,2,11.800000190734863,"[1394.1578369140625, 12679, 9575]",SH,MARKET.SH,600416.SH
600415,100,小商品城,2,13.539999961853027,"[6702.1689453125, 12642, 9439]",SH,MARKET.SH,600415.SH
600410,100,华胜天成,2,21.09000015258789,"[3665.86767578125, 12652, 9321]",SH,MARKET.SH,600410.SH
600409,100,三友化工,2,6.840000152587891,"[1958.0811767578125, 12646, 9299]",SH,MARKET.SH,600409.SH
600408,100,安泰集团,2,2.9200000762939453,"[1289.5147705078125, 12646, 7412]",SH,MARKET.SH,600408.SH
600406,100,国电南瑞,2,25.65999984741211,"[4553.6728515625, 12656, 9578]",SH,MARKET.SH,600406.SH
600405,100,动力源,2,4.659999847412109,"[599.8709106445312, 12671, 9623]",SH,MARKET.SH,600405.SH
600403,100,大有能源,2,5.099999904632568,"[615.5840454101562, 12656, 8510]",SH,MARKET.SH,600403.SH
600400,100,红豆股份,2,3.0199999809265137,"[5782.23486328125, 12673, 9372]",SH,MARKET.SH,600400.SH
600399,100,抚顺特钢,2,5.050000190734863,"[1679.2486572265625, 12646, 9491]",SH,MARKET.SH,600399.SH
600398,100,海澜之家,2,5.929999828338623,"[1150.0677490234375, 12657, 9616]",SH,MARKET.SH,600398.SH
600397,100,江钨装备,2,12.770000457763672,"[1234.11865234375, 12645, 7412]",SH,MARKET.SH,600397.SH
600396,100,华电辽能,2,14.229999542236328,"[10720.669921875, 12656, 7412]",SH,MARKET.SH,600396.SH
600395,100,盘江股份,2,5.190000057220459,"[1221.9808349609375, 12653, 9348]",SH,MARKET.SH,600395.SH
600392,100,盛和资源,2,23.06999969482422,"[2649.03271484375, 12695, 9441]",SH,MARKET.SH,600392.SH
600391,100,航发科技,2,44.060001373291016,"[690.2381591796875, 12646, 7412]",SH,MARKET.SH,600391.SH
600390,100,五矿资本,2,4.929999828338623,"[1297.8656005859375, 12657, 9414]",SH,MARKET.SH,600390.SH
600389,100,江山股份,2,25.469999313354492,"[265.19305419921875, 12669, 9414]",SH,MARKET.SH,600389.SH
600388,100,龙净环保,2,19.270000457763672,"[713.4884643554688, 12640, 9629]",SH,MARKET.SH,600388.SH
600386,100,北巴传媒,2,3.9100000858306885,"[1389.60791015625, 12656, 9361]",SH,MARKET.SH,600386.SH
600383,100,金地集团,2,2.680000066757202,"[2936.11279296875, 12669, 9091]",SH,MARKET.SH,600383.SH
600382,100,广东明珠,2,8.859999656677246,"[1703.6029052734375, 12656, 9635]",SH,MARKET.SH,600382.SH
600381,100,*ST春天,2,4.769999980926514,"[1070.0562744140625, 12656, 7412]",SH,MARKET.SH,600381.SH
600380,100,健康元,2,10.170000076293945,"[565.91943359375, 12646, 9366]",SH,MARKET.SH,600380.SH
600379,100,宝光股份,2,13.3100004196167,"[2386.41162109375, 12618, 9404]",SH,MARKET.SH,600379.SH
600378,100,昊华科技,2,35.060001373291016,"[1168.850341796875, 12656, 9319]",SH,MARKET.SH,600378.SH
600377,100,宁沪高速,2,12.34000015258789,"[305.0792541503906, 12656, 9334]",SH,MARKET.SH,600377.SH
600376,100,首开股份,2,4.550000190734863,"[4745.37548828125, 12656, 8564]",SH,MARKET.SH,600376.SH
600375,100,汉马科技,2,4.610000133514404,"[966.4434204101562, 12652, 9510]",SH,MARKET.SH,600375.SH
600373,100,中文传媒,2,7.929999828338623,"[307.50262451171875, 12657, 9532]",SH,MARKET.SH,600373.SH
600372,100,中航机载,2,11.800000190734863,"[1921.80810546875, 12685, 9461]",SH,MARKET.SH,600372.SH
600371,100,万向德农,2,7.940000057220459,"[254.24478149414062, 12652, 9636]",SH,MARKET.SH,600371.SH
600370,100,*ST三房,2,1.3799999952316284,"[1954.7919921875, 12669, 9588]",SH,MARKET.SH,600370.SH
600369,100,西南证券,2,4.050000190734863,"[1970.731201171875, 12655, 9489]",SH,MARKET.SH,600369.SH
600368,100,五洲交通,2,3.9200000762939453,"[575.6468505859375, 12646, 9295]",SH,MARKET.SH,600368.SH
600367,100,红星发展,2,24.81999969482422,"[1550.2269287109375, 12699, 9377]",SH,MARKET.SH,600367.SH
600366,100,宁波韵升,2,12.739999771118164,"[1162.1011962890625, 12642, 9456]",SH,MARKET.SH,600366.SH
600365,100,ST通葡,2,2.8499999046325684,"[327.4583435058594, 12638, 9607]",SH,MARKET.SH,600365.SH
600363,100,联创光电,2,39.22999954223633,"[785.4375, 12657, 9616]",SH,MARKET.SH,600363.SH
600362,100,江西铜业,2,43.47999954223633,"[2025.9290771484375, 12655, 9456]",SH,MARKET.SH,600362.SH
600361,100,创新新材,2,4.25,"[2289.636474609375, 12646, 9567]",SH,MARKET.SH,600361.SH
600360,100,华微电子,2,12.069999694824219,"[2662.314453125, 12638, 9425]",SH,MARKET.SH,600360.SH
600359,100,新农开发,2,6.610000133514404,"[336.455810546875, 12671, 7412]",SH,MARKET.SH,600359.SH
600358,100,国旅联合,2,6.130000114440918,"[935.636474609375, 12656, 6962]",SH,MARKET.SH,600358.SH
600356,100,恒丰纸业,2,9.09000015258789,"[258.7425231933594, 12656, 9562]",SH,MARKET.SH,600356.SH
600354,100,敦煌种业,2,5.519999980926514,"[705.9381713867188, 12656, 7412]",SH,MARKET.SH,600354.SH
600353,100,旭光电子,2,21.690000534057617,"[3044.61865234375, 12683, 9638]",SH,MARKET.SH,600353.SH
600352,100,浙江龙盛,2,11.449999809265137,"[1753.891845703125, 12699, 9391]",SH,MARKET.SH,600352.SH
600351,100,亚宝药业,2,6.389999866485596,"[606.7129516601562, 12646, 9611]",SH,MARKET.SH,600351.SH
600350,100,山东高速,2,11.920000076293945,"[284.6121520996094, 12656, 9590]",SH,MARKET.SH,600350.SH
600348,100,华阳股份,2,8.970000267028809,"[1486.0185546875, 12685, 9320]",SH,MARKET.SH,600348.SH
600346,100,恒力石化,2,18.950000762939453,"[1485.1121826171875, 12640, 9392]",SH,MARKET.SH,600346.SH
600345,100,长江通信,2,51.02000045776367,"[624.0836181640625, 12656, 9322]",SH,MARKET.SH,600345.SH
600343,100,航天动力,2,32.5,"[1282.794677734375, 12656, 7412]",SH,MARKET.SH,600343.SH
600340,100,*ST华幸,2,1.100000023841858,"[4337.94970703125, 12683, 9628]",SH,MARKET.SH,600340.SH
600339,100,中油工程,2,3.9100000858306885,"[7366.03271484375, 12646, 9395]",SH,MARKET.SH,600339.SH
600338,100,西藏珠峰,2,19.93000030517578,"[2954.30712890625, 12657, 9328]",SH,MARKET.SH,600338.SH
600337,100,ST美克,2,3.0299999713897705,"[2603.66845703125, 12656, 9251]",SH,MARKET.SH,600337.SH
600336,100,澳柯玛,2,8.0600004196167,"[709.0921630859375, 12654, 9442]",SH,MARKET.SH,600336.SH
600335,100,国机汽车,2,5.699999809265137,"[640.6762084960938, 12644, 9390]",SH,MARKET.SH,600335.SH
600333,100,长春燃气,2,5.909999847412109,"[1074.68798828125, 12644, 7898]",SH,MARKET.SH,600333.SH
600332,100,白云山,2,21.709999084472656,"[329.6453857421875, 12652, 9379]",SH,MARKET.SH,600332.SH
600331,100,宏达股份,2,15.850000381469727,"[2482.7392578125, 12656, 9579]",SH,MARKET.SH,600331.SH
600330,100,天通股份,2,27.5,"[6177.04541015625, 12652, 9275]",SH,MARKET.SH,600330.SH
600329,100,达仁堂,2,41.45000076293945,"[189.22640991210938, 12656, 9532]",SH,MARKET.SH,600329.SH
600328,100,中盐化工,2,7.239999771118164,"[1602.0540771484375, 12656, 9351]",SH,MARKET.SH,600328.SH
600327,100,大东方,2,3.6700000762939453,"[437.9796447753906, 12654, 9302]",SH,MARKET.SH,600327.SH
600326,100,西藏天路,2,8.34000015258789,"[1193.603759765625, 12654, 9596]",SH,MARKET.SH,600326.SH
600325,100,华发股份,2,2.9100000858306885,"[2394.755859375, 12657, 9379]",SH,MARKET.SH,600325.SH
600323,100,瀚蓝环境,2,30.549999237060547,"[223.5451202392578, 12654, 9428]",SH,MARKET.SH,600323.SH
600322,100,津投城开,2,2.390000104904175,"[1077.9925537109375, 12656, 7412]",SH,MARKET.SH,600322.SH
600320,100,振华重工,2,4.820000171661377,"[2099.837158203125, 12652, 9495]",SH,MARKET.SH,600320.SH
600319,100,亚星化学,2,7.650000095367432,"[213.65174865722656, 12643, 9365]",SH,MARKET.SH,600319.SH
600318,100,新力金融,2,7.239999771118164,"[538.138916015625, 12628, 9344]",SH,MARKET.SH,600318.SH
600316,100,洪都航空,2,31.15999984741211,"[419.26873779296875, 12646, 9294]",SH,MARKET.SH,600316.SH
600315,100,上海家化,2,18.040000915527344,"[221.92318725585938, 12652, 9421]",SH,MARKET.SH,600315.SH
600313,100,农发种业,2,6.159999847412109,"[1517.5223388671875, 12656, 9531]",SH,MARKET.SH,600313.SH
600312,100,平高电气,2,21.09000015258789,"[1166.21240234375, 12640, 9415]",SH,MARKET.SH,600312.SH
600310,100,广西能源,2,5.199999809265137,"[5962.48193359375, 12646, 9286]",SH,MARKET.SH,600310.SH
600309,100,万华化学,2,77.48999786376953,"[1169.914794921875, 12638, 9637]",SH,MARKET.SH,600309.SH
600308,100,华泰股份,2,3.5799999237060547,"[871.168701171875, 12656, 9301]",SH,MARKET.SH,600308.SH
600307,100,酒钢宏兴,2,1.6100000143051147,"[2592.1005859375, 12642, 7412]",SH,MARKET.SH,600307.SH
600305,100,恒顺醋业,2,7.210000038146973,"[231.84628295898438, 12656, 9369]",SH,MARKET.SH,600305.SH
600303,100,曙光股份,2,3.4800000190734863,"[1512.63671875, 12656, 9232]",SH,MARKET.SH,600303.SH
600302,100,ST标准,2,9.510000228881836,"[525.8232421875, 12685, 7830]",SH,MARKET.SH,600302.SH
600301,100,华锡有色,2,52.54999923706055,"[492.33489990234375, 12641, 9091]",SH,MARKET.SH,600301.SH
600300,100,维维股份,2,3.380000114440918,"[1075.0306396484375, 12656, 9638]",SH,MARKET.SH,600300.SH
600299,100,安迪苏,2,11.210000038146973,"[580.6956176757812, 12656, 9562]",SH,MARKET.SH,600299.SH
600298,100,安琪酵母,2,36.41999816894531,"[353.3074035644531, 12652, 9638]",SH,MARKET.SH,600298.SH
600295,100,鄂尔多斯,2,13.649999618530273,"[326.9677429199219, 12656, 9299]",SH,MARKET.SH,600295.SH
600293,100,三峡新材,2,3.130000114440918,"[1302.013916015625, 12644, 7535]",SH,MARKET.SH,600293.SH
600292,100,电投水电,2,14.100000381469727,"[751.904052734375, 12671, 9603]",SH,MARKET.SH,600292.SH
600289,100,ST信通,2,6.260000228881836,"[295.5953063964844, 12652, 7412]",SH,MARKET.SH,600289.SH
600288,100,大恒科技,2,13.869999885559082,"[465.4892578125, 12656, 9091]",SH,MARKET.SH,600288.SH
600287,100,苏豪时尚,2,5.369999885559082,"[243.9777069091797, 12642, 9496]",SH,MARKET.SH,600287.SH
600285,100,羚锐制药,2,21.549999237060547,"[308.1587219238281, 12652, 9363]",SH,MARKET.SH,600285.SH
600284,100,XD浦东建,2,6.989999771118164,"[1279.8699951171875, 12656, 9631]",SH,MARKET.SH,600284.SH
600283,100,钱江水利,2,8.850000381469727,"[193.68429565429688, 12654, 9315]",SH,MARKET.SH,600283.SH
600282,100,南钢股份,2,4.769999980926514,"[1190.531982421875, 12642, 9614]",SH,MARKET.SH,600282.SH
600281,100,华阳新材,2,5.179999828338623,"[323.21337890625, 12656, 3560]",SH,MARKET.SH,600281.SH
600280,100,中央商场,2,2.8399999141693115,"[620.6971435546875, 12654, 8518]",SH,MARKET.SH,600280.SH
600279,100,重庆港,2,4.889999866485596,"[409.0137634277344, 12654, 9328]",SH,MARKET.SH,600279.SH
600278,100,东方创业,2,6.900000095367432,"[273.86102294921875, 12686, 9631]",SH,MARKET.SH,600278.SH
600276,100,恒瑞医药,2,51.45000076293945,"[3393.9697265625, 12642, 9637]",SH,MARKET.SH,600276.SH
600273,100,嘉化能源,2,7.619999885559082,"[893.325439453125, 12646, 9635]",SH,MARKET.SH,600273.SH
600272,100,开开实业,2,11.84000015258789,"[92.23502349853516, 12656, 9583]",SH,MARKET.SH,600272.SH
600271,100,航天信息,2,7.909999847412109,"[849.2633666992188, 12656, 9294]",SH,MARKET.SH,600271.SH
600269,100,赣粤高速,2,4.329999923706055,"[488.844970703125, 12652, 9275]",SH,MARKET.SH,600269.SH
600268,100,国电南自,2,13.800000190734863,"[1428.93212890625, 12644, 9462]",SH,MARKET.SH,600268.SH
600267,100,海正药业,2,10.670000076293945,"[848.4081420898438, 12652, 9588]",SH,MARKET.SH,600267.SH
600266,100,城建发展,2,4.75,"[1487.8603515625, 12656, 9356]",SH,MARKET.SH,600266.SH
600265,100,*ST景谷,2,20.5,"[24.261816024780273, 12644, 7412]",SH,MARKET.SH,600265.SH
600262,100,北方股份,2,23.770000457763672,"[203.40573120117188, 12653, 9314]",SH,MARKET.SH,600262.SH
600261,100,阳光照明,2,3.390000104904175,"[977.872314453125, 12681, 9288]",SH,MARKET.SH,600261.SH
600259,100,中稀有色,2,86.8499984741211,"[704.1220092773438, 12685, 9604]",SH,MARKET.SH,600259.SH
600258,100,首旅酒店,2,13.59000015258789,"[592.5347290039062, 12654, 9299]",SH,MARKET.SH,600258.SH
600257,100,大湖股份,2,5.53000020980835,"[565.4515991210938, 12656, 7412]",SH,MARKET.SH,600257.SH
600256,100,广汇能源,2,6.210000038146973,"[6859.7978515625, 12701, 9610]",SH,MARKET.SH,600256.SH
600255,100,鑫科材料,2,3.4200000762939453,"[2123.879150390625, 12653, 8516]",SH,MARKET.SH,600255.SH
600252,100,中恒集团,2,2.2200000286102295,"[1537.51904296875, 12656, 9586]",SH,MARKET.SH,600252.SH
600251,100,冠农股份,2,10.40999984741211,"[537.1713256835938, 12653, 9393]",SH,MARKET.SH,600251.SH
600250,100,南京商旅,2,9.470000267028809,"[363.8730163574219, 12633, 9537]",SH,MARKET.SH,600250.SH
600249,100,两面针,2,5.449999809265137,"[496.09100341796875, 12653, 9354]",SH,MARKET.SH,600249.SH
600248,100,陕建股份,2,3.2699999809265137,"[696.1693115234375, 12656, 9616]",SH,MARKET.SH,600248.SH
600246,100,万通发展,2,15.40999984741211,"[8128.376953125, 12656, 9530]",SH,MARKET.SH,600246.SH
600243,100,*ST海华,2,3.950000047683716,"[460.1492919921875, 12652, 7412]",SH,MARKET.SH,600243.SH
600241,100,时代万恒,2,8.300000190734863,"[271.2216796875, 12646, 7649]",SH,MARKET.SH,600241.SH
600239,100,ST云城,2,1.5,"[1328.5118408203125, 12693, 7412]",SH,MARKET.SH,600239.SH
600238,100,*ST椰岛,2,5.130000114440918,"[327.9836730957031, 12693, 9369]",SH,MARKET.SH,600238.SH
600237,100,铜峰电子,2,9.489999771118164,"[1534.1944580078125, 12685, 9630]",SH,MARKET.SH,600237.SH
600236,100,桂冠电力,2,10.430000305175781,"[1350.1121826171875, 12642, 9414]",SH,MARKET.SH,600236.SH
600235,100,民丰特纸,2,6.360000133514404,"[329.0677185058594, 12644, 9623]",SH,MARKET.SH,600235.SH
600234,100,科新发展,2,23.6200008392334,"[263.8216552734375, 12654, 8972]",SH,MARKET.SH,600234.SH
600233,100,圆通速递,2,18.75,"[929.96875, 12642, 9609]",SH,MARKET.SH,600233.SH
600232,100,金鹰股份,2,7.909999847412109,"[380.65350341796875, 12656, 9292]",SH,MARKET.SH,600232.SH
600231,100,凌钢股份,2,2.049999952316284,"[454.1495056152344, 12656, 9607]",SH,MARKET.SH,600231.SH
600230,100,沧州大化,2,16.059999465942383,"[532.74755859375, 12656, 9324]",SH,MARKET.SH,600230.SH
600229,100,城市传媒,2,5.809999942779541,"[200.9990234375, 12656, 9616]",SH,MARKET.SH,600229.SH
600228,100,*ST返利,2,6.28000020980835,"[294.1608581542969, 12647, 9604]",SH,MARKET.SH,600228.SH
600227,100,赤天化,2,3.0999999046325684,"[4507.5751953125, 12652, 9250]",SH,MARKET.SH,600227.SH
600226,100,亨通股份,2,5.849999904632568,"[4382.62451171875, 12638, 9369]",SH,MARKET.SH,600226.SH
600223,100,福瑞达,2,6.179999828338623,"[289.9298400878906, 12652, 9328]",SH,MARKET.SH,600223.SH
600222,100,太龙药业,2,7.630000114440918,"[1245.5196533203125, 12656, 9496]",SH,MARKET.SH,600222.SH
600221,100,海航控股,2,1.4800000190734863,"[13751.099609375, 12656, 9491]",SH,MARKET.SH,600221.SH
600219,100,南山铝业,2,5.050000190734863,"[7399.7041015625, 12652, 9629]",SH,MARKET.SH,600219.SH
600218,100,全柴动力,2,8.84000015258789,"[249.73526000976562, 12656, 9532]",SH,MARKET.SH,600218.SH
600217,100,中再资环,2,3.3499999046325684,"[637.4330444335938, 12654, 9169]",SH,MARKET.SH,600217.SH
600216,100,浙江医药,2,13.65999984741211,"[646.6356811523438, 12644, 9597]",SH,MARKET.SH,600216.SH
600215,100,派斯林,2,6.869999885559082,"[548.3618774414062, 12675, 9616]",SH,MARKET.SH,600215.SH
600212,100,绿能慧充,2,6.679999828338623,"[639.427490234375, 12656, 9519]",SH,MARKET.SH,600212.SH
600211,100,XD西藏药,2,40.22999954223633,"[128.41737365722656, 12653, 9631]",SH,MARKET.SH,600211.SH
600210,100,紫江企业,2,6.71999979019165,"[763.7506103515625, 12654, 9322]",SH,MARKET.SH,600210.SH
600208,100,衢州发展,2,3.200000047683716,"[10562.2919921875, 12656, 9313]",SH,MARKET.SH,600208.SH
600207,100,安彩高科,2,6.699999809265137,"[2354.128173828125, 12669, 8965]",SH,MARKET.SH,600207.SH
600206,100,有研新材,2,28.920000076293945,"[3362.424560546875, 12699, 9301]",SH,MARKET.SH,600206.SH
600203,100,福日电子,2,11.970000267028809,"[747.5780639648438, 12638, 9335]",SH,MARKET.SH,600203.SH
600202,100,哈空调,2,5.900000095367432,"[467.9175720214844, 12645, 9326]",SH,MARKET.SH,600202.SH
600201,100,生物股份,2,13.319999694824219,"[1912.29150390625, 12642, 9435]",SH,MARKET.SH,600201.SH
600199,100,金种子酒,2,8.479999542236328,"[745.4942626953125, 12654, 8126]",SH,MARKET.SH,600199.SH
600198,100,大唐电信,2,8.640000343322754,"[2409.013916015625, 12652, 9127]",SH,MARKET.SH,600198.SH
600197,100,伊力特,2,12.489999771118164,"[247.25132751464844, 12652, 9371]",SH,MARKET.SH,600197.SH
600196,100,复星医药,2,23.709999084472656,"[617.6351318359375, 12654, 9438]",SH,MARKET.SH,600196.SH
600195,100,中牧股份,2,6.880000114440918,"[300.3031005859375, 12656, 9313]",SH,MARKET.SH,600195.SH
600193,100,*ST创兴,2,2.1700000762939453,"[34.38083267211914, 12652, 7412]",SH,MARKET.SH,600193.SH
600192,100,长城电工,2,8.09000015258789,"[540.6024169921875, 12656, 7497]",SH,MARKET.SH,600192.SH
600191,100,华资实业,2,10.65999984741211,"[252.91033935546875, 12656, 8225]",SH,MARKET.SH,600191.SH
600189,100,泉阳泉,2,8.460000038146973,"[510.5780944824219, 12654, 8431]",SH,MARKET.SH,600189.SH
600188,100,兖矿能源,2,20.31999969482422,"[2285.789794921875, 12683, 9628]",SH,MARKET.SH,600188.SH
600187,100,*ST国中,2,1.350000023841858,"[1990.890625, 12657, 8519]",SH,MARKET.SH,600187.SH
600186,100,莲花控股,2,10.680000305175781,"[11749.25, 12642, 9538]",SH,MARKET.SH,600186.SH
600185,100,珠免集团,2,5.579999923706055,"[1023.24609375, 12652, 8277]",SH,MARKET.SH,600185.SH
600184,100,光电股份,2,26.219999313354492,"[1851.3907470703125, 12646, 9512]",SH,MARKET.SH,600184.SH
600183,100,生益科技,2,98.19000244140625,"[2841.810302734375, 12654, 9611]",SH,MARKET.SH,600183.SH
600182,100,S佳通,2,14.130000114440918,"[83.81666564941406, 12643, 9517]",SH,MARKET.SH,600182.SH
600180,100,*ST瑞茂,2,1.5700000524520874,"[559.67333984375, 12654, 9420]",SH,MARKET.SH,600180.SH
600179,100,安通控股,2,4.440000057220459,"[1943.6258544921875, 12646, 9490]",SH,MARKET.SH,600179.SH
600178,100,东安动力,2,9.760000228881836,"[140.49258422851562, 12652, 9343]",SH,MARKET.SH,600178.SH
600177,100,雅戈尔,2,7.460000038146973,"[749.54052734375, 12694, 9635]",SH,MARKET.SH,600177.SH
600176,100,中国巨石,2,35.52000045776367,"[6366.2060546875, 12646, 9637]",SH,MARKET.SH,600176.SH
600173,100,卧龙新能,2,6.619999885559082,"[408.05670166015625, 12646, 9091]",SH,MARKET.SH,600173.SH
600172,100,黄河旋风,2,9.989999771118164,"[7691.80224609375, 12699, 8125]",SH,MARKET.SH,600172.SH
600171,100,上海贝岭,2,28.43000030517578,"[986.4193725585938, 12646, 9295]",SH,MARKET.SH,600171.SH
600170,100,上海建工,2,2.5399999618530273,"[4638.642578125, 12656, 9334]",SH,MARKET.SH,600170.SH
600169,100,ST太重,2,2.2799999713897705,"[431.4248962402344, 12639, 9607]",SH,MARKET.SH,600169.SH
600168,100,武汉控股,2,4.690000057220459,"[350.56549072265625, 12654, 9291]",SH,MARKET.SH,600168.SH
600167,100,联美控股,2,6.730000019073486,"[534.8232421875, 12654, 9373]",SH,MARKET.SH,600167.SH
600166,100,福田汽车,2,3.0999999046325684,"[7402.49755859375, 12669, 9376]",SH,MARKET.SH,600166.SH
600165,100,ST宁科,2,3.049999952316284,"[403.5791931152344, 12693, 9491]",SH,MARKET.SH,600165.SH
600163,100,中闽能源,2,6.349999904632568,"[2833.968505859375, 12656, 9313]",SH,MARKET.SH,600163.SH
600162,100,香江控股,2,1.7400000095367432,"[1482.6683349609375, 12656, 9324]",SH,MARKET.SH,600162.SH
600161,100,天坛生物,2,13.640000343322754,"[477.24896240234375, 12656, 9393]",SH,MARKET.SH,600161.SH
600160,100,巨化股份,2,32.58000183105469,"[3002.29541015625, 12655, 9518]",SH,MARKET.SH,600160.SH
600159,100,大龙地产,2,2.9200000762939453,"[846.8192749023438, 12656, 8196]",SH,MARKET.SH,600159.SH
600158,100,中体产业,2,11.40999984741211,"[5004.9951171875, 12656, 9292]",SH,MARKET.SH,600158.SH
600157,100,永泰能源,2,1.7100000381469727,"[33768.1484375, 12652, 9609]",SH,MARKET.SH,600157.SH
600156,100,华升股份,2,13.039999961853027,"[3371.935302734375, 12652, 9614]",SH,MARKET.SH,600156.SH
600155,100,华创云信,2,5.96999979019165,"[1291.5775146484375, 12657, 9614]",SH,MARKET.SH,600155.SH
600153,100,建发股份,2,9.550000190734863,"[1032.3365478515625, 12652, 9530]",SH,MARKET.SH,600153.SH
600152,100,维科技术,2,12.489999771118164,"[2777.11181640625, 12656, 9236]",SH,MARKET.SH,600152.SH
600151,100,航天机电,2,14.920000076293945,"[3470.234130859375, 12653, 7412]",SH,MARKET.SH,600151.SH
600150,100,中国船舶,2,38.400001525878906,"[4804.26025390625, 12657, 9616]",SH,MARKET.SH,600150.SH
600149,100,廊坊发展,2,5.880000114440918,"[1555.69091796875, 12656, 5415]",SH,MARKET.SH,600149.SH
600148,100,长春一东,2,18.299999237060547,"[82.50605010986328, 12646, 9091]",SH,MARKET.SH,600148.SH
600143,100,金发科技,2,17.540000915527344,"[3280.09619140625, 12638, 9607]",SH,MARKET.SH,600143.SH
600141,100,兴发集团,2,31.389999389648438,"[1363.6163330078125, 12654, 9607]",SH,MARKET.SH,600141.SH
600138,100,中青旅,2,8.220000267028809,"[320.978759765625, 12656, 9266]",SH,MARKET.SH,600138.SH
600137,100,浪莎股份,2,21.709999084472656,"[107.3499984741211, 12699, 9322]",SH,MARKET.SH,600137.SH
600136,100,ST明诚,2,1.6699999570846558,"[684.1099243164062, 12642, 9491]",SH,MARKET.SH,600136.SH
600135,100,乐凯胶片,2,10.699999809265137,"[809.3983764648438, 12653, 8588]",SH,MARKET.SH,600135.SH
600133,100,东湖高新,2,8.949999809265137,"[2263.195068359375, 12652, 9306]",SH,MARKET.SH,600133.SH
600132,100,重庆啤酒,2,52.209999084472656,"[142.77342224121094, 12656, 9477]",SH,MARKET.SH,600132.SH
600131,100,国网信通,2,17.6299991607666,"[836.7969970703125, 12647, 9611]",SH,MARKET.SH,600131.SH
600130,100,波导股份,2,5.489999771118164,"[6474.43603515625, 12656, 9250]",SH,MARKET.SH,600130.SH
600129,100,太极集团,2,14.5,"[293.9679870605469, 12656, 9583]",SH,MARKET.SH,600129.SH
600128,100,苏豪弘业,2,9.4399995803833,"[178.96107482910156, 12654, 9594]",SH,MARKET.SH,600128.SH
600127,100,金健米业,2,6.260000228881836,"[594.0912475585938, 12656, 6173]",SH,MARKET.SH,600127.SH
600126,100,杭钢股份,2,8.140000343322754,"[4359.78466796875, 12646, 9091]",SH,MARKET.SH,600126.SH
600125,100,铁龙物流,2,5.849999904632568,"[520.8286743164062, 12656, 9442]",SH,MARKET.SH,600125.SH
600123,100,兰花科创,2,6.269999980926514,"[1306.9639892578125, 12644, 9319]",SH,MARKET.SH,600123.SH
600121,100,郑州煤电,2,4.019999980926514,"[2391.209716796875, 12646, 7412]",SH,MARKET.SH,600121.SH
600120,100,浙江东方,2,4.929999828338623,"[1684.932861328125, 12657, 9495]",SH,MARKET.SH,600120.SH
600119,100,*ST长投,2,5.920000076293945,"[185.12335205078125, 12671, 8788]",SH,MARKET.SH,600119.SH
600118,100,中国卫星,2,85.2699966430664,"[2563.732421875, 12640, 9301]",SH,MARKET.SH,600118.SH
600117,100,西宁特钢,2,2.309999942779541,"[640.217041015625, 12656, 9491]",SH,MARKET.SH,600117.SH
600116,100,三峡水利,2,6.519999980926514,"[1498.6864013671875, 12642, 9530]",SH,MARKET.SH,600116.SH
600115,100,中国东航,2,4.210000038146973,"[9505.0302734375, 12656, 9586]",SH,MARKET.SH,600115.SH
600114,100,东睦股份,2,34.959999084472656,"[1275.3709716796875, 12638, 9635]",SH,MARKET.SH,600114.SH
600113,100,浙江东日,2,37.68000030517578,"[218.68067932128906, 12657, 9597]",SH,MARKET.SH,600113.SH
600111,100,北方稀土,2,50.720001220703125,"[5613.12109375, 12681, 9294]",SH,MARKET.SH,600111.SH
600110,100,诺德股份,2,9.289999961853027,"[4497.70703125, 12642, 9091]",SH,MARKET.SH,600110.SH
600109,100,国金证券,2,8.800000190734863,"[1294.2503662109375, 12645, 9610]",SH,MARKET.SH,600109.SH
600108,100,亚盛集团,2,3.640000104904175,"[2472.6181640625, 12656, 9323]",SH,MARKET.SH,600108.SH
600107,100,*ST尔雅,2,6.670000076293945,"[205.12844848632812, 12656, 4588]",SH,MARKET.SH,600107.SH
600106,100,重庆路桥,2,5.53000020980835,"[923.377197265625, 12642, 9299]",SH,MARKET.SH,600106.SH
600105,100,永鼎股份,2,46.290000915527344,"[5246.97802734375, 12638, 9404]",SH,MARKET.SH,600105.SH
600104,100,上汽集团,2,12.399999618530273,"[1726.5181884765625, 12656, 9588]",SH,MARKET.SH,600104.SH
600103,100,青山纸业,2,4.179999828338623,"[5401.90380859375, 12656, 9635]",SH,MARKET.SH,600103.SH
600101,100,明星电力,2,9.520000457763672,"[1217.1981201171875, 12654, 9532]",SH,MARKET.SH,600101.SH
600100,100,同方股份,2,8.149999618530273,"[2132.906005859375, 12655, 9001]",SH,MARKET.SH,600100.SH
600099,100,林海股份,2,10.5600004196167,"[203.9536895751953, 12646, 9330]",SH,MARKET.SH,600099.SH
600098,100,广州发展,2,7.190000057220459,"[1813.539306640625, 12656, 9601]",SH,MARKET.SH,600098.SH
600097,100,开创国际,2,9.579999923706055,"[135.02499389648438, 12653, 9638]",SH,MARKET.SH,600097.SH
600096,100,云天化,2,31.579999923706055,"[1534.915771484375, 12669, 9623]",SH,MARKET.SH,600096.SH
600095,100,湘财股份,2,8.859999656677246,"[1407.5511474609375, 12646, 9091]",SH,MARKET.SH,600095.SH
600094,100,大名城,2,4.539999961853027,"[1286.72265625, 12642, 9609]",SH,MARKET.SH,600094.SH
600089,100,特变电工,2,25.90999984741211,"[6059.5126953125, 12656, 9315]",SH,MARKET.SH,600089.SH
600088,100,中视传媒,2,15.380000114440918,"[1173.858642578125, 12653, 9336]",SH,MARKET.SH,600088.SH
600085,100,同仁堂,2,25.530000686645508,"[322.7387390136719, 12699, 9306]",SH,MARKET.SH,600085.SH
600084,100,*ST尼雅,2,5.0,"[343.991455078125, 12656, 6642]",SH,MARKET.SH,600084.SH
600082,100,ST海泰,2,3.6700000762939453,"[787.4335327148438, 12683, 9091]",SH,MARKET.SH,600082.SH
600081,100,东风科技,2,11.9399995803833,"[570.5174560546875, 12656, 9358]",SH,MARKET.SH,600081.SH
600080,100,ST金花,2,5.699999809265137,"[317.759765625, 12654, 9295]",SH,MARKET.SH,600080.SH
600079,100,ST人福,2,17.93000030517578,"[530.4404907226562, 12656, 9354]",SH,MARKET.SH,600079.SH
600078,100,澄星股份,2,14.300000190734863,"[2363.55517578125, 12652, 9604]",SH,MARKET.SH,600078.SH
600076,100,康欣新材,2,4.090000152587891,"[4486.4326171875, 12699, 8791]",SH,MARKET.SH,600076.SH
600075,100,新疆天业,2,5.489999771118164,"[961.435302734375, 12656, 9604]",SH,MARKET.SH,600075.SH
600073,100,光明肉业,2,5.380000114440918,"[282.9411315917969, 12654, 9312]",SH,MARKET.SH,600073.SH
600072,100,中船科技,2,12.600000381469727,"[1469.5469970703125, 12656, 9552]",SH,MARKET.SH,600072.SH
600071,100,凤凰光学,2,18.489999771118164,"[164.80242919921875, 12695, 8196]",SH,MARKET.SH,600071.SH
600067,100,冠城新材,2,3.1500000953674316,"[975.8706665039062, 12656, 9362]",SH,MARKET.SH,600067.SH
600066,100,宇通客车,2,31.709999084472656,"[563.6200561523438, 12652, 9625]",SH,MARKET.SH,600066.SH
600064,100,南京高科,2,7.400000095367432,"[872.2266845703125, 12642, 9328]",SH,MARKET.SH,600064.SH
600063,100,皖维高新,2,5.940000057220459,"[1558.0938720703125, 12655, 9631]",SH,MARKET.SH,600063.SH
600062,100,华润双鹤,2,17.1200008392334,"[199.52127075195312, 12646, 9603]",SH,MARKET.SH,600062.SH
600061,100,国投资本,2,6.449999809265137,"[1661.059326171875, 12657, 9589]",SH,MARKET.SH,600061.SH
600060,100,海信视像,2,24.93000030517578,"[533.1860961914062, 12655, 9379]",SH,MARKET.SH,600060.SH
600059,100,古越龙山,2,8.350000381469727,"[346.40142822265625, 12642, 9277]",SH,MARKET.SH,600059.SH
600058,100,五矿发展,2,10.239999771118164,"[542.79443359375, 12656, 9631]",SH,MARKET.SH,600058.SH
600057,100,厦门象屿,2,6.380000114440918,"[816.1880493164062, 12656, 9610]",SH,MARKET.SH,600057.SH
600056,100,中国医药,2,9.899999618530273,"[629.995361328125, 12655, 9394]",SH,MARKET.SH,600056.SH
600055,100,万东医疗,2,14.0,"[387.8974914550781, 12646, 9260]",SH,MARKET.SH,600055.SH
600054,100,黄山旅游,2,11.119999885559082,"[280.9152526855469, 12656, 9510]",SH,MARKET.SH,600054.SH
600053,100,*ST九鼎,2,9.970000267028809,"[382.4548645019531, 12669, 8564]",SH,MARKET.SH,600053.SH
600052,100,东望时代,2,4.539999961853027,"[1287.05712890625, 12652, 9442]",SH,MARKET.SH,600052.SH
600051,100,宁波联合,2,7.099999904632568,"[267.63861083984375, 12652, 9292]",SH,MARKET.SH,600051.SH
600050,100,中国联通,2,4.550000190734863,"[19370.80078125, 12640, 9587]",SH,MARKET.SH,600050.SH
600048,100,保利发展,2,5.869999885559082,"[4631.75146484375, 12653, 9356]",SH,MARKET.SH,600048.SH
600039,100,四川路桥,2,8.079999923706055,"[1671.434326171875, 12656, 9503]",SH,MARKET.SH,600039.SH
600038,100,中直股份,2,28.68000030517578,"[303.83233642578125, 12652, 9271]",SH,MARKET.SH,600038.SH
600037,100,歌华有线,2,7.599999904632568,"[954.0381469726562, 12654, 9294]",SH,MARKET.SH,600037.SH
600036,100,招商银行,2,37.150001525878906,"[3056.429931640625, 12655, 9505]",SH,MARKET.SH,600036.SH
600035,100,楚天高速,2,3.8299999237060547,"[377.1451110839844, 12656, 9300]",SH,MARKET.SH,600035.SH
600033,100,福建高速,2,3.559999942779541,"[895.7579345703125, 12656, 9490]",SH,MARKET.SH,600033.SH
600032,100,浙江新能,2,10.949999809265137,"[4039.02490234375, 12652, 9386]",SH,MARKET.SH,600032.SH
600031,100,三一重工,2,18.959999084472656,"[3954.302001953125, 12701, 9586]",SH,MARKET.SH,600031.SH
600030,100,中信证券,2,26.219999313354492,"[5466.94482421875, 12647, 9530]",SH,MARKET.SH,600030.SH
600029,100,南方航空,2,5.369999885559082,"[4695.30078125, 12672, 9624]",SH,MARKET.SH,600029.SH
600028,100,中国石化,2,5.03000020980835,"[8978.84765625, 12654, 9578]",SH,MARKET.SH,600028.SH
600027,100,华电国际,2,5.130000114440918,"[6943.6025390625, 12655, 9540]",SH,MARKET.SH,600027.SH
600026,100,中远海能,2,22.6200008392334,"[2475.92578125, 12653, 9607]",SH,MARKET.SH,600026.SH
600025,100,华能水电,2,9.329999923706055,"[2058.22265625, 12654, 9600]",SH,MARKET.SH,600025.SH
600023,100,浙能电力,2,5.710000038146973,"[7079.5615234375, 12653, 9414]",SH,MARKET.SH,600023.SH
600022,100,山东钢铁,2,1.340000033378601,"[3388.079833984375, 12643, 8557]",SH,MARKET.SH,600022.SH
600021,100,上海电力,2,17.950000762939453,"[4209.27783203125, 12652, 9600]",SH,MARKET.SH,600021.SH
600020,100,中原高速,2,3.9000000953674316,"[512.3388671875, 12656, 9320]",SH,MARKET.SH,600020.SH
600019,100,宝钢股份,2,5.940000057220459,"[4266.177734375, 12656, 9616]",SH,MARKET.SH,600019.SH
600018,100,上港集团,2,5.090000152587891,"[2246.9267578125, 12656, 9587]",SH,MARKET.SH,600018.SH
600017,100,日照港,2,2.7899999618530273,"[1339.89208984375, 12654, 9428]",SH,MARKET.SH,600017.SH
600016,100,民生银行,2,3.5299999713897705,"[7207.78173828125, 12657, 9384]",SH,MARKET.SH,600016.SH
600015,100,华夏银行,2,6.699999809265137,"[2796.7822265625, 12657, 9512]",SH,MARKET.SH,600015.SH
600012,100,皖通高速,2,16.209999084472656,"[157.55340576171875, 12655, 9438]",SH,MARKET.SH,600012.SH
600011,100,华能国际,2,7.320000171661377,"[6979.3681640625, 12654, 9313]",SH,MARKET.SH,600011.SH
600010,100,包钢股份,2,2.5399999618530273,"[25135.095703125, 12697, 9369]",SH,MARKET.SH,600010.SH
600009,100,上海机场,2,25.600000381469727,"[470.3956298828125, 12656, 9616]",SH,MARKET.SH,600009.SH
600008,100,首创环保,2,3.049999952316284,"[3694.6103515625, 12656, 9501]",SH,MARKET.SH,600008.SH
600007,100,中国国贸,2,20.950000762939453,"[119.56114959716797, 12656, 9301]",SH,MARKET.SH,600007.SH
600006,100,东风股份,2,6.550000190734863,"[1055.890869140625, 12654, 9322]",SH,MARKET.SH,600006.SH
600004,100,白云机场,2,8.279999732971191,"[331.14697265625, 12656, 9616]",SH,MARKET.SH,600004.SH
600000,100,浦发银行,2,8.859999656677246,"[4989.3388671875, 12657, 9586]",SH,MARKET.SH,600000.SH
000993,100,全指信息,2,10972.4404296875,"[447572.28125, 0, 0]",SH,MARKET.SH,000993.SH
000992,100,全指金融,2,5303.71923828125,"[373296.03125, 0, 0]",SH,MARKET.SH,000992.SH
000991,100,全指医药,2,8221.755859375,"[75629.09375, 0, 0]",SH,MARKET.SH,000991.SH
000989,100,全指可选,2,5214.4365234375,"[144717.90625, 0, 0]",SH,MARKET.SH,000989.SH
000987,100,全指材料,2,5162.84423828125,"[400247.84375, 0, 0]",SH,MARKET.SH,000987.SH
000986,100,全指能源,2,2664.985107421875,"[113149.5703125, 0, 3421]",SH,MARKET.SH,000986.SH
000982,100,500等权,2,9861.1328125,"[1046526.5625, 11188, 9491]",SH,MARKET.SH,000982.SH
000974,100,800金融,2,6210.626953125,"[261412.671875, 0, 0]",SH,MARKET.SH,000974.SH
000935,100,中证信息,2,8231.724609375,"[379758.6875, 0, 0]",SH,MARKET.SH,000935.SH
000934,100,中证金融,2,5525.57666015625,"[296836.0625, 0, 0]",SH,MARKET.SH,000934.SH
000933,100,中证医药,2,7617.9072265625,"[55684.9765625, 0, 0]",SH,MARKET.SH,000933.SH
000932,100,中证消费,2,13270.080078125,"[39408.984375, 0, 0]",SH,MARKET.SH,000932.SH
000928,100,中证能源,2,3359.908935546875,"[60874.73046875, 0, 0]",SH,MARKET.SH,000928.SH
000914,100,300金融,2,5876.18994140625,"[197906.6875, 0, 0]",SH,MARKET.SH,000914.SH
000913,100,300医药,2,7560.4755859375,"[19821.013671875, 0, 0]",SH,MARKET.SH,000913.SH
000906,100,中证800,2,5409.384765625,"[2092936.5, 0, 0]",SH,MARKET.SH,000906.SH
000905,100,中证500,2,8419.8369140625,"[1046526.5625, 0, 0]",SH,MARKET.SH,000905.SH
000903,100,中证A100,2,4714.84619140625,"[486840.71875, 0, 0]",SH,MARKET.SH,000903.SH
000891,100,新兴综指,2,2207.510009765625,"[2341071.75, 0, 0]",SH,MARKET.SH,000891.SH
000888,100,上证收益,2,4685.0751953125,"[2774481.0, 0, 0]",SH,MARKET.SH,000888.SH
000869,100,HK银行,2,4787.9638671875,"[25801.77734375, 0, 0]",SH,MARKET.SH,000869.SH
000867,100,港中小企,2,2533.321533203125,"[126107.765625, 0, 0]",SH,MARKET.SH,000867.SH
000865,100,上海国企,2,1407.788330078125,"[98419.8515625, 0, 0]",SH,MARKET.SH,000865.SH
000863,100,CS精准医,2,2673.394775390625,"[21845.947265625, 0, 0]",SH,MARKET.SH,000863.SH
000860,100,结构调整,2,1306.19287109375,"[347903.0, 0, 0]",SH,MARKET.SH,000860.SH
000858,100,500信息,2,13497.19140625,"[167637.21875, 0, 0]",SH,MARKET.SH,000858.SH
000857,100,500医药,2,10025.6669921875,"[35863.96484375, 0, 0]",SH,MARKET.SH,000857.SH
000856,100,500工业,2,8444.9052734375,"[188883.78125, 0, 0]",SH,MARKET.SH,000856.SH
000855,100,央视500,2,1646.6519775390625,"[1387714.0, 0, 0]",SH,MARKET.SH,000855.SH
000854,100,500原料,2,6368.42626953125,"[142476.6875, 0, 0]",SH,MARKET.SH,000854.SH
000853,100,CSSW丝路,2,1673.5302734375,"[124179.984375, 0, 0]",SH,MARKET.SH,000853.SH
000852,100,中证1000,2,8510.49609375,"[1343420.75, 0, 0]",SH,MARKET.SH,000852.SH
000851,100,百发100,2,22454.404296875,"[106964.65625, 12294, 9373]",SH,MARKET.SH,000851.SH
000849,100,300非银,2,9229.2783203125,"[77817.421875, 0, 0]",SH,MARKET.SH,000849.SH
000847,100,腾讯济安,2,3611.492431640625,"[168824.125, 0, 0]",SH,MARKET.SH,000847.SH
000827,100,中证环保,2,2054.980712890625,"[267499.59375, 12113, 3421]",SH,MARKET.SH,000827.SH
000823,100,800有色,2,10876.96484375,"[148424.03125, 0, 0]",SH,MARKET.SH,000823.SH
000819,100,有色金属,2,9441.83984375,"[157951.484375, 0, 0]",SH,MARKET.SH,000819.SH
000814,100,细分医药,2,7869.44189453125,"[25239.994140625, 0, 0]",SH,MARKET.SH,000814.SH
000802,100,500沪市,2,8270.4501953125,"[548189.0625, 0, 0]",SH,MARKET.SH,000802.SH
000699,100,科创200,2,1768.276611328125,"[79707.7734375, 12113, 3421]",SH,MARKET.SH,000699.SH
000698,100,科创100,2,1891.0653076171875,"[63627.40234375, 0, 0]",SH,MARKET.SH,000698.SH
000697,100,科大湾区,2,1737.8028564453125,"[25040.90234375, 0, 0]",SH,MARKET.SH,000697.SH
000695,100,科长三角,2,1384.1207275390625,"[59312.30078125, 0, 0]",SH,MARKET.SH,000695.SH
000693,100,科创机械,2,1939.2999267578125,"[24189.083984375, 11427, 6814]",SH,MARKET.SH,000693.SH
000692,100,科创新能,2,1324.44287109375,"[35265.546875, 0, 0]",SH,MARKET.SH,000692.SH
000691,100,科创ESG,2,1652.0281982421875,"[45371.3125, 0, 0]",SH,MARKET.SH,000691.SH
000690,100,科创成长,2,2507.720703125,"[19210.953125, 0, 0]",SH,MARKET.SH,000690.SH
000689,100,科创材料,2,1566.6285400390625,"[35997.7890625, 11397, 3421]",SH,MARKET.SH,000689.SH
000688,100,科创50,2,1764.1744384765625,"[78621.765625, 0, 0]",SH,MARKET.SH,000688.SH
000687,100,科创高装,2,1590.2451171875,"[26789.345703125, 10655, 8153]",SH,MARKET.SH,000687.SH
000685,100,科创芯片,2,3994.5595703125,"[57762.33984375, 0, 0]",SH,MARKET.SH,000685.SH
000683,100,科创生物,2,1057.324951171875,"[12780.4365234375, 0, 0]",SH,MARKET.SH,000683.SH
000682,100,科创信息,2,2775.489990234375,"[69025.5390625, 0, 0]",SH,MARKET.SH,000682.SH
000681,100,科创价格,2,2028.01318359375,"[284699.65625, 0, 0]",SH,MARKET.SH,000681.SH
000680,100,科创综指,2,2101.716064453125,"[284699.65625, 0, 0]",SH,MARKET.SH,000680.SH
000510,100,中证A500,2,6019.54833984375,"[1568415.375, 0, 0]",SH,MARKET.SH,000510.SH
000300,100,沪深300,2,4783.09765625,"[1046409.9375, 0, 0]",SH,MARKET.SH,000300.SH
000170,100,50AH优选,2,6142.43212890625,"[150567.484375, 0, 0]",SH,MARKET.SH,000170.SH
000162,100,沪互联+,2,3479.453125,"[109695.0859375, 0, 0]",SH,MARKET.SH,000162.SH
000161,100,沪中国造,2,1855.171142578125,"[219741.1875, 0, 0]",SH,MARKET.SH,000161.SH
000160,100,沪新丝路,2,2342.955810546875,"[338859.53125, 0, 0]",SH,MARKET.SH,000160.SH
000159,100,沪股通,2,3826.76025390625,"[2360715.25, 0, 0]",SH,MARKET.SH,000159.SH
000158,100,上证环保,2,1474.185302734375,"[125072.40625, 0, 0]",SH,MARKET.SH,000158.SH
000155,100,市值百强,2,3222.109130859375,"[451095.125, 0, 0]",SH,MARKET.SH,000155.SH
000153,100,上民红利,2,3265.788818359375,"[27756.2109375, 0, 0]",SH,MARKET.SH,000153.SH
000152,100,上央红利,2,2819.743896484375,"[149903.625, 0, 0]",SH,MARKET.SH,000152.SH
000151,100,上国红利,2,1569.42333984375,"[79668.53125, 0, 0]",SH,MARKET.SH,000151.SH
000150,100,380红利,2,11783.1123046875,"[32086.857421875, 11063, 7412]",SH,MARKET.SH,000150.SH
000149,100,180红利,2,4043.6865234375,"[127934.2890625, 0, 0]",SH,MARKET.SH,000149.SH
000148,100,消费领先,2,9101.3486328125,"[229141.484375, 0, 0]",SH,MARKET.SH,000148.SH
000147,100,优势消费,2,6046.37646484375,"[24429.025390625, 0, 0]",SH,MARKET.SH,000147.SH
000146,100,优势制造,2,8326.57421875,"[129333.4375, 0, 0]",SH,MARKET.SH,000146.SH
000145,100,优势资源,2,8719.9482421875,"[125099.1953125, 0, 0]",SH,MARKET.SH,000145.SH
000142,100,380稳定,2,10175.6650390625,"[339831.8125, 0, 0]",SH,MARKET.SH,000142.SH
000141,100,380动态,2,4422.34228515625,"[275682.21875, 0, 0]",SH,MARKET.SH,000141.SH
000138,100,380低贝,2,8277.8076171875,"[122294.2109375, 0, 0]",SH,MARKET.SH,000138.SH
000137,100,380高贝,2,7328.5732421875,"[113430.5234375, 0, 0]",SH,MARKET.SH,000137.SH
000136,100,180低贝,2,12520.1064453125,"[236907.609375, 0, 0]",SH,MARKET.SH,000136.SH
000135,100,180高贝,2,6929.5166015625,"[160535.046875, 0, 0]",SH,MARKET.SH,000135.SH
000134,100,上证银行,2,950.9896240234375,"[105430.40625, 0, 0]",SH,MARKET.SH,000134.SH
000133,100,上证150,2,8464.48828125,"[98836.640625, 0, 0]",SH,MARKET.SH,000133.SH
000132,100,上证100,2,6351.83935546875,"[67194.125, 0, 0]",SH,MARKET.SH,000132.SH
000131,100,上证高新,2,4131.42578125,"[29325.294921875, 0, 0]",SH,MARKET.SH,000131.SH
000130,100,380波动,2,13227.4541015625,"[203777.9375, 0, 0]",SH,MARKET.SH,000130.SH
000129,100,180波动,2,14496.7607421875,"[379582.375, 0, 0]",SH,MARKET.SH,000129.SH
000128,100,380基本,2,9313.4482421875,"[615781.6875, 0, 0]",SH,MARKET.SH,000128.SH
000126,100,消费50,2,7130.9111328125,"[47898.32421875, 0, 0]",SH,MARKET.SH,000126.SH
000125,100,180稳定,2,11560.140625,"[327376.09375, 0, 0]",SH,MARKET.SH,000125.SH
000123,100,180动态,2,7287.6015625,"[331731.0, 0, 0]",SH,MARKET.SH,000123.SH
000122,100,农业主题,2,1535.0091552734375,"[22927.7265625, 0, 0]",SH,MARKET.SH,000122.SH
000121,100,医药主题,2,7552.49755859375,"[25605.609375, 0, 0]",SH,MARKET.SH,000121.SH
000120,100,380R价值,2,10347.875,"[538420.625, 0, 0]",SH,MARKET.SH,000120.SH
000119,100,380R成长,2,4942.20849609375,"[429692.8125, 0, 0]",SH,MARKET.SH,000119.SH
000118,100,380价值,2,10259.2216796875,"[287126.4375, 0, 0]",SH,MARKET.SH,000118.SH
000117,100,380成长,2,4679.86376953125,"[178398.65625, 0, 0]",SH,MARKET.SH,000117.SH
000116,100,信用100,2,202.52049255371094,"[2543.013427734375, 0, 0]",SH,MARKET.SH,000116.SH
000115,100,380等权,2,9323.7939453125,"[616161.3125, 0, 0]",SH,MARKET.SH,000115.SH
000114,100,持续产业,2,1299.86328125,"[113441.3671875, 0, 0]",SH,MARKET.SH,000114.SH
000113,100,380公用,2,3536.478515625,"[157157.265625, 0, 0]",SH,MARKET.SH,000113.SH
000112,100,380电信,2,9056.330078125,"[25695.896484375, 0, 0]",SH,MARKET.SH,000112.SH
000111,100,380信息,2,12835.2021484375,"[59189.65234375, 0, 0]",SH,MARKET.SH,000111.SH
000110,100,380金融,2,3969.618896484375,"[48011.47265625, 0, 0]",SH,MARKET.SH,000110.SH
000109,100,380医药,2,9390.1728515625,"[17402.810546875, 0, 0]",SH,MARKET.SH,000109.SH
000108,100,380消费,2,12047.1630859375,"[10320.9443359375, 0, 0]",SH,MARKET.SH,000108.SH
000107,100,380可选,2,5145.49072265625,"[24761.21484375, 0, 0]",SH,MARKET.SH,000107.SH
000106,100,380工业,2,6624.13916015625,"[124856.546875, 0, 0]",SH,MARKET.SH,000106.SH
000105,100,380材料,2,5747.12158203125,"[89140.15625, 0, 0]",SH,MARKET.SH,000105.SH
000104,100,380能源,2,1436.53662109375,"[30933.041015625, 0, 0]",SH,MARKET.SH,000104.SH
000103,100,沪消费品,2,7169.09716796875,"[23129.103515625, 0, 0]",SH,MARKET.SH,000103.SH
000102,100,沪投资品,2,7990.10107421875,"[178070.40625, 0, 0]",SH,MARKET.SH,000102.SH
000101,100,5年信用,2,254.8383026123047,"[2745.493408203125, 0, 0]",SH,MARKET.SH,000101.SH
000100,100,上证F500,2,5953.60888671875,"[1326750.25, 0, 0]",SH,MARKET.SH,000100.SH
000099,100,上证F300,2,9466.451171875,"[524176.875, 0, 0]",SH,MARKET.SH,000099.SH
000098,100,上证F200,2,5184.49267578125,"[802573.3125, 0, 0]",SH,MARKET.SH,000098.SH
000097,100,高端装备,2,14235.73828125,"[182181.140625, 0, 0]",SH,MARKET.SH,000097.SH
000096,100,上证下游,2,3829.491943359375,"[179911.0, 0, 0]",SH,MARKET.SH,000096.SH
000095,100,上证中游,2,4683.30126953125,"[521827.75, 0, 0]",SH,MARKET.SH,000095.SH
000094,100,上证上游,2,4622.97119140625,"[154164.140625, 0, 0]",SH,MARKET.SH,000094.SH
000093,100,180分层,2,12252.693359375,"[665556.5, 0, 0]",SH,MARKET.SH,000093.SH
000092,100,资源50,2,5083.8134765625,"[156528.734375, 0, 0]",SH,MARKET.SH,000092.SH
000091,100,沪财中小,2,16938.41015625,"[175138.109375, 0, 0]",SH,MARKET.SH,000091.SH
000090,100,上证流通,2,1514.97705078125,"[2699049.25, 0, 0]",SH,MARKET.SH,000090.SH
000079,100,公用等权,2,2870.900390625,"[219528.0, 0, 0]",SH,MARKET.SH,000079.SH
000078,100,电信等权,2,4305.45068359375,"[98228.6875, 0, 0]",SH,MARKET.SH,000078.SH
000077,100,信息等权,2,7853.39599609375,"[119992.8671875, 0, 0]",SH,MARKET.SH,000077.SH
000076,100,金融等权,2,5107.0390625,"[125751.96875, 0, 0]",SH,MARKET.SH,000076.SH
000075,100,医药等权,2,6647.78515625,"[23493.64453125, 0, 0]",SH,MARKET.SH,000075.SH
000074,100,消费等权,2,6738.06982421875,"[16797.24609375, 0, 0]",SH,MARKET.SH,000074.SH
000073,100,可选等权,2,3087.82666015625,"[52328.03125, 0, 0]",SH,MARKET.SH,000073.SH
000072,100,工业等权,2,3145.330078125,"[208976.84375, 0, 0]",SH,MARKET.SH,000072.SH
000071,100,材料等权,2,5086.28076171875,"[166335.828125, 0, 0]",SH,MARKET.SH,000071.SH
000070,100,能源等权,2,3137.202880859375,"[80051.46875, 0, 0]",SH,MARKET.SH,000070.SH
000069,100,消费80,2,4398.6416015625,"[65696.5703125, 0, 0]",SH,MARKET.SH,000069.SH
000068,100,上证资源,2,4260.65625,"[155171.171875, 0, 0]",SH,MARKET.SH,000068.SH
000067,100,上证新兴,2,9965.1474609375,"[180694.28125, 0, 0]",SH,MARKET.SH,000067.SH
000066,100,上证商品,2,3886.821533203125,"[176439.15625, 0, 0]",SH,MARKET.SH,000066.SH
000065,100,上证龙头,2,3577.025146484375,"[402427.21875, 0, 0]",SH,MARKET.SH,000065.SH
000064,100,非周期,2,3892.61474609375,"[410087.6875, 0, 0]",SH,MARKET.SH,000064.SH
000063,100,上证周期,2,3599.304443359375,"[245715.4375, 0, 0]",SH,MARKET.SH,000063.SH
000062,100,上证沪企,2,2232.23681640625,"[118015.7890625, 0, 0]",SH,MARKET.SH,000062.SH
000060,100,全R价值,2,4334.33544921875,"[1139606.5, 0, 0]",SH,MARKET.SH,000060.SH
000059,100,全R成长,2,3592.39501953125,"[868070.3125, 0, 0]",SH,MARKET.SH,000059.SH
000058,100,全指价值,2,4395.2880859375,"[594921.9375, 0, 0]",SH,MARKET.SH,000058.SH
000057,100,全指成长,2,4004.54296875,"[323385.78125, 0, 0]",SH,MARKET.SH,000057.SH
000056,100,上证国企,2,1211.610595703125,"[342746.375, 0, 0]",SH,MARKET.SH,000056.SH
000055,100,上证地企,2,1495.7635498046875,"[161779.5, 0, 0]",SH,MARKET.SH,000055.SH
000054,100,上证海外,2,1449.939208984375,"[307513.15625, 0, 0]",SH,MARKET.SH,000054.SH
000053,100,180基本,2,11720.984375,"[665556.5, 0, 0]",SH,MARKET.SH,000053.SH
000052,100,50基本,2,2717.267822265625,"[252518.8125, 0, 0]",SH,MARKET.SH,000052.SH
000051,100,180等权,2,9453.384765625,"[665556.5, 0, 0]",SH,MARKET.SH,000051.SH
000050,100,50等权,2,2342.568359375,"[252518.8125, 0, 0]",SH,MARKET.SH,000050.SH
000049,100,上证民企,2,2216.330322265625,"[168956.59375, 0, 0]",SH,MARKET.SH,000049.SH
000047,100,上证全指,2,4030.01220703125,"[1324896.5, 11397, 3421]",SH,MARKET.SH,000047.SH
000046,100,上证中小,2,5480.80029296875,"[1072377.625, 10931, 8643]",SH,MARKET.SH,000046.SH
000045,100,上证小盘,2,6392.0126953125,"[659339.9375, 0, 0]",SH,MARKET.SH,000045.SH
000044,100,上证中盘,2,4699.48046875,"[413037.71875, 0, 0]",SH,MARKET.SH,000044.SH
000043,100,超大盘,2,2580.153564453125,"[106714.5703125, 12695, 0]",SH,MARKET.SH,000043.SH
000042,100,上证央企,2,1729.6231689453125,"[315751.53125, 0, 0]",SH,MARKET.SH,000042.SH
000041,100,上证公用,2,2690.114013671875,"[219528.0, 0, 0]",SH,MARKET.SH,000041.SH
000040,100,上证电信,2,5219.24658203125,"[98228.6875, 11685, 9130]",SH,MARKET.SH,000040.SH
000039,100,上证信息,2,7266.35107421875,"[119992.8671875, 0, 0]",SH,MARKET.SH,000039.SH
000038,100,上证金融,2,5125.09228515625,"[129338.6953125, 10655, 8222]",SH,MARKET.SH,000038.SH
000037,100,上证医药,2,6111.09912109375,"[23493.64453125, 0, 0]",SH,MARKET.SH,000037.SH
000036,100,上证消费,2,9847.107421875,"[16797.24609375, 0, 0]",SH,MARKET.SH,000036.SH
000035,100,上证可选,2,2526.755859375,"[52328.03125, 0, 0]",SH,MARKET.SH,000035.SH
000034,100,上证工业,2,2236.236572265625,"[208976.84375, 0, 0]",SH,MARKET.SH,000034.SH
000033,100,上证材料,2,3608.38427734375,"[166335.828125, 11397, 7928]",SH,MARKET.SH,000033.SH
000032,100,上证能源,2,2189.505615234375,"[80051.46875, 0, 0]",SH,MARKET.SH,000032.SH
000031,100,180R价值,2,3057.837646484375,"[556371.6875, 0, 0]",SH,MARKET.SH,000031.SH
000030,100,180R成长,2,2671.784912109375,"[457878.15625, 0, 0]",SH,MARKET.SH,000030.SH
000029,100,180价值,2,4039.130126953125,"[279326.53125, 0, 0]",SH,MARKET.SH,000029.SH
000028,100,180成长,2,3999.804443359375,"[180832.96875, 0, 0]",SH,MARKET.SH,000028.SH
000027,100,180运输,2,781.0142822265625,"[34472.52734375, 0, 0]",SH,MARKET.SH,000027.SH
000026,100,180资源,2,5553.75390625,"[80536.265625, 0, 0]",SH,MARKET.SH,000026.SH
000025,100,180基建,2,1710.4814453125,"[186025.09375, 0, 0]",SH,MARKET.SH,000025.SH
000021,100,180治理,2,1027.71337890625,"[341627.09375, 0, 0]",SH,MARKET.SH,000021.SH
000020,100,中型综指,2,2071.32861328125,"[452779.75, 0, 0]",SH,MARKET.SH,000020.SH
000018,100,180金融,2,5176.81201171875,"[148160.75, 11397, 7412]",SH,MARKET.SH,000018.SH
000017,100,新综指,2,3446.254150390625,"[2699049.25, 0, 0]",SH,MARKET.SH,000017.SH
000016,100,上证50,2,2920.9287109375,"[252518.8125, 0, 0]",SH,MARKET.SH,000016.SH
000010,100,上证180,2,10089.8740234375,"[665556.5, 0, 0]",SH,MARKET.SH,000010.SH
000009,100,上证380,2,7247.7890625,"[616161.3125, 0, 0]",SH,MARKET.SH,000009.SH
