tradedate,tradecode,tradename,windhy,mv,weight,tradestatus,changepctbefore,changepctafter,index_name,index_code
2025-06-16 00:00:00,002555.SZ,三七互娱,通讯服务,341.3482741783,,纳入,4.539295392953946,6.796116504854366,CS人工智,930713.CSI
2025-06-16 00:00:00,300857.SZ,协创数据,信息技术,279.0463996908,,纳入,-6.768383618217277,-4.782661339145178,CS人工智,930713.CSI
2025-06-16 00:00:00,688561.SH,奇安信-U,信息技术,223.6402638528,,纳入,1.6189290161892966,-3.965832824893234,CS人工智,930713.CSI
2025-06-16 00:00:00,688018.SH,乐鑫科技,信息技术,210.1853610186,,纳入,-11.219221604447982,-4.430929626411817,CS人工智,930713.CSI
2024-12-16 00:00:00,688568.SH,中科星图,信息技术,303.664862277,,纳入,-2.985592779031432,-3.3085633404104864,CS人工智,930713.CSI
2024-12-16 00:00:00,300458.SZ,全志科技,信息技术,256.7889674528,,纳入,15.498575498575518,6.386175807663408,CS人工智,930713.CSI
2024-12-16 00:00:00,301536.SZ,星宸科技,信息技术,225.68816,,纳入,15.046147241897412,27.836098882492365,CS人工智,930713.CSI
2024-06-17 00:00:00,300442.SZ,润泽科技,信息技术,469.2015248823,,纳入,2.518796992481187,-7.651622002820857,CS人工智,930713.CSI
2024-06-17 00:00:00,688475.SH,萤石网络,可选消费,288.69749999999993,,纳入,-10.585365853658535,-3.955696202531656,CS人工智,930713.CSI
2024-06-17 00:00:00,688385.SH,复旦微电,信息技术,279.95484472,,纳入,8.141760586083802,0.7845503922751851,CS人工智,930713.CSI
2024-06-17 00:00:00,000032.SZ,深桑达A,信息技术,183.21143667400003,,纳入,5.228758169934644,-4.601990049751226,CS人工智,930713.CSI
2024-06-17 00:00:00,688343.SH,云天励飞-U,信息技术,117.58477469200002,,纳入,7.430240103828689,-4.643399089529599,CS人工智,930713.CSI
2023-12-11 00:00:00,600100.SH,同方股份,信息技术,277.4046506364,,纳入,1.098901098901095,-3.9167686658506895,CS人工智,930713.CSI
2023-12-11 00:00:00,002261.SZ,拓维信息,信息技术,212.7792230278,,纳入,0.8318478906714333,-4.193738924985246,CS人工智,930713.CSI
2023-12-11 00:00:00,688327.SH,云从科技-UW,信息技术,202.7215328585,,纳入,8.974358974358987,-7.538461538461528,CS人工智,930713.CSI
2023-12-11 00:00:00,300002.SZ,神州泰岳,信息技术,192.77534202720005,,纳入,5.359056806002127,-1.7580144777662898,CS人工智,930713.CSI
2023-12-11 00:00:00,300229.SZ,拓尔思,信息技术,155.2409888352,,纳入,9.233351986569648,-1.2966804979253066,CS人工智,930713.CSI
2023-06-12 00:00:00,688111.SH,金山办公,信息技术,2252.1954448,,纳入,1.656077491927932,-1.7593528816986836,CS人工智,930713.CSI
2023-06-12 00:00:00,300308.SZ,中际旭创,信息技术,975.43387917,,纳入,9.459462772694494,34.548611111111114,CS人工智,930713.CSI
2023-06-12 00:00:00,300418.SZ,昆仑万维,通讯服务,638.5812850564,,纳入,-10.53601340033502,13.908741066520069,CS人工智,930713.CSI
2023-06-12 00:00:00,300502.SZ,新易盛,信息技术,431.7727516132,,纳入,6.261732321139535,16.55629139072847,CS人工智,930713.CSI
2023-06-12 00:00:00,002281.SZ,光迅科技,信息技术,225.1062187,,纳入,5.46588407923696,27.440083362278568,CS人工智,930713.CSI
2025-06-16 00:00:00,601211.SH,国泰海通,金融,3249.1553126727995,,纳入,-0.6469002695417836,1.3186813186813362,上证50,000016.SH
2025-06-16 00:00:00,600760.SH,中航沈飞,工业,1501.5806646337,,纳入,-0.292772186642265,-3.3333333333333326,上证50,000016.SH
2025-06-16 00:00:00,601600.SH,中国铝业,材料,1183.738613382,,纳入,1.1730205278592365,1.4705882352941346,上证50,000016.SH
2025-06-16 00:00:00,688008.SH,澜起科技,信息技术,910.5653877442002,,纳入,-5.185361783287645,3.253164556962007,上证50,000016.SH
2024-12-16 00:00:00,601816.SH,京沪高铁,工业,3059.3339912653005,,纳入,-2.0440251572326984,-1.6233766233766378,上证50,000016.SH
2024-12-16 00:00:00,688256.SH,寒武纪-U,信息技术,2401.4199716325,,纳入,6.725417439703163,19.005281690140865,上证50,000016.SH
2024-12-16 00:00:00,601766.SH,中国中车,工业,2295.90912704,,纳入,-4.420549581839895,0.6226650062266526,上证50,000016.SH
2024-12-16 00:00:00,601127.SH,赛力斯,可选消费,1973.285326251,,纳入,-9.48826463251924,0.7221880762138921,上证50,000016.SH
2024-12-16 00:00:00,603993.SH,洛阳钼业,材料,1540.0258535679002,,纳入,-3.518267929634644,-5.124653739612173,上证50,000016.SH
2024-06-17 00:00:00,600941.SH,中国移动,通讯服务,21191.905059684,,纳入,-2.07920792079207,1.554763319469199,上证50,000016.SH
2024-06-17 00:00:00,601328.SH,交通银行,金融,5101.8493205115,,纳入,-6.657608695652173,6.029411764705905,上证50,000016.SH
2024-06-17 00:00:00,601658.SH,邮储银行,金融,4690.3188965974,,纳入,-6.33663366336632,1.2631578947368327,上证50,000016.SH
2024-06-17 00:00:00,601985.SH,中国核电,公用事业,1893.9934721601,,纳入,-3.5576923076923173,3.3864541832669515,上证50,000016.SH
2024-06-17 00:00:00,688012.SH,中微公司,信息技术,882.3022316936999,,纳入,0.0281195079085971,7.071713147410352,上证50,000016.SH
2023-12-11 00:00:00,601988.SH,中国银行,金融,11540.0014166472,,纳入,-2.7295285359801524,-0.761421319796951,上证50,000016.SH
2023-12-11 00:00:00,688981.SH,中芯国际,信息技术,4225.97122173,,纳入,0.0,1.9980970504281717,上证50,000016.SH
2023-12-11 00:00:00,601601.SH,中国太保,金融,2235.767354142,,纳入,-1.4000848536274924,0.6929406669553995,上证50,000016.SH
2023-12-11 00:00:00,688041.SH,海光信息,信息技术,1911.0707784202,,纳入,13.079356347132444,-8.090614886731395,上证50,000016.SH
2023-12-11 00:00:00,600150.SH,中国船舶,工业,1249.1493521094,,纳入,-0.0715563506261229,4.458137006161644,上证50,000016.SH
2023-06-12 00:00:00,601728.SH,中国电信,通讯服务,5746.6483102972,,纳入,3.455235668201073,-8.16640986132512,上证50,000016.SH
2023-06-12 00:00:00,688111.SH,金山办公,信息技术,2252.1954448,,纳入,1.656077491927932,-1.7593528816986836,上证50,000016.SH
2023-06-12 00:00:00,601390.SH,中国中铁,工业,1943.0473846655,,纳入,0.7702182284980763,-3.3128834355828363,上证50,000016.SH
2023-06-12 00:00:00,600050.SH,中国联通,通讯服务,1660.1915715714,,纳入,3.1620553359683834,-4.519774011299416,上证50,000016.SH
2023-06-12 00:00:00,600089.SH,特变电工,工业,885.0234623764,,纳入,0.707964601769917,-2.348847324923875,上证50,000016.SH
2025-08-11 00:00:00,688660.SH,电气风电,工业,259.46667964,,纳入,36.945812807881765,14.294152392203197,中证1000,000852.SH
2025-08-11 00:00:00,002543.SZ,万和电气,可选消费,100.98088,,纳入,16.267123287671236,-8.658008658008654,中证1000,000852.SH
2025-08-11 00:00:00,300917.SZ,特发服务,房地产,77.3851,,纳入,4.424173318129987,5.47945205479452,中证1000,000852.SH
2025-06-16 00:00:00,688331.SH,荣昌生物,医疗保健,369.727007408,,纳入,6.510797207338848,-3.1750924784216927,中证1000,000852.SH
2025-06-16 00:00:00,300972.SZ,万辰集团,日常消费,329.8312370325,,纳入,-0.5912986872084081,-7.747473649896763,中证1000,000852.SH
2025-06-16 00:00:00,300100.SZ,双林股份,可选消费,236.73421114600004,,纳入,-0.7525870178739402,6.931629997634259,中证1000,000852.SH
2025-06-16 00:00:00,301611.SZ,珂玛科技,信息技术,228.246,,纳入,-0.5886821116596996,-6.515264333581539,中证1000,000852.SH
2025-06-16 00:00:00,688709.SH,成都华微,信息技术,214.3627089516,,纳入,2.935779816513717,-5.260029717682024,中证1000,000852.SH
2025-06-16 00:00:00,603444.SH,吉比特,通讯服务,211.0444053795,,纳入,9.727320398531702,-0.8846153846153726,中证1000,000852.SH
2025-06-16 00:00:00,301551.SZ,无线传媒,通讯服务,203.845096,,纳入,6.566290255123386,-5.661898045536972,中证1000,000852.SH
2025-06-16 00:00:00,300718.SZ,长盛轴承,工业,203.76729846,,纳入,-3.0147895335608466,-4.238158087696153,中证1000,000852.SH
2025-06-16 00:00:00,002487.SZ,大金重工,工业,195.9166000128,,纳入,5.061559507523938,-0.032743942370661,中证1000,000852.SH
2025-06-16 00:00:00,300468.SZ,四方精创,信息技术,194.64215407,,纳入,31.94244604316545,29.21164540399084,中证1000,000852.SH
2025-06-16 00:00:00,300548.SZ,长芯博创,信息技术,181.6688864226,,纳入,14.071637426900583,6.9446751952151775,中证1000,000852.SH
2025-06-16 00:00:00,688536.SH,思瑞浦,信息技术,181.2396536592,,纳入,-8.581365794930097,-7.436182019977799,中证1000,000852.SH
2025-06-16 00:00:00,002019.SZ,亿帆医药,医疗保健,175.2818112485,,纳入,6.740740740740736,-10.177595628415304,中证1000,000852.SH
2025-06-16 00:00:00,603056.SH,德邦股份,工业,171.6349298004,,纳入,-5.805220773620734,-5.833333333333323,中证1000,000852.SH
2025-06-16 00:00:00,603883.SH,老百姓,日常消费,171.1735320476,,纳入,3.874538745387457,2.250957854406144,中证1000,000852.SH
2025-06-16 00:00:00,603613.SH,国联股份,信息技术,169.2543322737,,纳入,-1.8796992481203143,-11.266412537060566,中证1000,000852.SH
2025-06-16 00:00:00,603194.SH,中力股份,工业,169.1819,,纳入,-2.435552904989746,0.0711989473684227,中证1000,000852.SH
2025-06-16 00:00:00,300953.SZ,震裕科技,工业,166.66005617169998,,纳入,-0.25955149501663,-8.040512608515925,中证1000,000852.SH
2025-06-16 00:00:00,688567.SH,孚能科技,工业,163.8841309785,,纳入,-0.148920327624713,-2.9739776951672736,中证1000,000852.SH
2025-06-16 00:00:00,300276.SZ,三丰智能,工业,155.09545899300002,,纳入,-2.638522427440615,-4.800724637681164,中证1000,000852.SH
2025-06-16 00:00:00,301061.SZ,匠心家居,可选消费,154.8747223928,,纳入,1.6711898300242778,-2.934692752824464,中证1000,000852.SH
2025-06-16 00:00:00,603009.SH,北特科技,可选消费,154.63875354240002,,纳入,-2.8085106382978786,-15.610810810810817,中证1000,000852.SH
2025-06-16 00:00:00,002690.SZ,美亚光电,工业,154.57150524,,纳入,-1.848739495798335,-8.210984230560092,中证1000,000852.SH
2025-06-16 00:00:00,600416.SH,湘电股份,工业,153.216985042,,纳入,-1.784197111299901,-2.5862068965517127,中证1000,000852.SH
2025-06-16 00:00:00,603127.SH,昭衍新药,医疗保健,151.5443169348,,纳入,5.477308294209671,-5.454545454545468,中证1000,000852.SH
2025-06-16 00:00:00,603119.SH,浙江荣泰,可选消费,150.44375323999998,,纳入,-1.8975332068311035,-8.400638446928632,中证1000,000852.SH
2025-06-16 00:00:00,002867.SZ,周大生,可选消费,149.92271305199998,,纳入,0.9864395625373223,-6.808510638297872,中证1000,000852.SH
2025-06-16 00:00:00,301091.SZ,深城交,工业,148.73352,,纳入,-1.978080727078324,-5.170329451569444,中证1000,000852.SH
2025-06-16 00:00:00,001203.SZ,大中矿业,材料,148.540126418,,纳入,4.232804232804233,-1.3026052104208596,中证1000,000852.SH
2025-06-16 00:00:00,603072.SH,天和磁材,材料,148.155368,,纳入,4.200743494423809,-9.65988779803646,中证1000,000852.SH
2025-06-16 00:00:00,300009.SZ,安科生物,医疗保健,146.01110582340002,,纳入,-3.4292035398230003,-7.597765363128484,中证1000,000852.SH
2025-06-16 00:00:00,002611.SZ,东方精工,工业,145.100531728,,纳入,-2.2149302707137,-7.38589211618258,中证1000,000852.SH
2025-06-16 00:00:00,603360.SH,百傲化学,材料,143.5752688582,,纳入,-0.2453385672227748,-3.2843137254901844,中证1000,000852.SH
2025-06-16 00:00:00,001227.SZ,兰州银行,金融,142.9619989168,,纳入,2.44897959183672,1.2145748987854257,中证1000,000852.SH
2025-06-16 00:00:00,688005.SH,容百科技,材料,142.087423436,,纳入,4.686677198525535,3.499999999999992,中证1000,000852.SH
2025-06-16 00:00:00,002368.SZ,太极股份,信息技术,142.03441007939998,,纳入,-7.583130575831309,-5.859204197638834,中证1000,000852.SH
2025-06-16 00:00:00,603193.SH,润本股份,日常消费,138.93734402760003,,纳入,-4.58460683523202,-7.272220674282526,中证1000,000852.SH
2025-06-16 00:00:00,002779.SZ,中坚科技,工业,138.41520000000003,,纳入,6.777989278518826,-2.28013029315961,中证1000,000852.SH
2025-06-16 00:00:00,002268.SZ,电科网安,信息技术,135.8157266818,,纳入,-0.3722084367245748,8.14393939393938,中证1000,000852.SH
2025-06-16 00:00:00,603456.SH,九洲药业,医疗保健,135.7177515248,,纳入,-1.558441558441559,-6.564545339515082,中证1000,000852.SH
2025-06-16 00:00:00,301522.SZ,上大股份,材料,134.6901067874,,纳入,2.2297488004515698,-9.824561403508769,中证1000,000852.SH
2025-06-16 00:00:00,002979.SZ,雷赛智能,工业,134.28522971549998,,纳入,-3.27941502326613,-5.154405086285186,中证1000,000852.SH
2025-06-16 00:00:00,688165.SH,埃夫特-U,工业,132.688654,,纳入,4.008179959100211,-6.7704280155642005,中证1000,000852.SH
2025-06-16 00:00:00,301109.SZ,军信股份,工业,129.13071645690002,,纳入,6.806526806526825,-7.542599342086698,中证1000,000852.SH
2025-06-16 00:00:00,002408.SZ,齐翔腾达,材料,128.7808163937,,纳入,-2.1501574305389903,-2.192981766357893,中证1000,000852.SH
2025-06-16 00:00:00,603667.SH,五洲新春,可选消费,128.18254095,,纳入,-3.099647091941693,-9.858757062146871,中证1000,000852.SH
2025-06-16 00:00:00,002531.SZ,天顺风能,工业,127.578384718,,纳入,5.185185185185182,-0.2936857562408135,中证1000,000852.SH
2025-06-16 00:00:00,300870.SZ,欧陆通,信息技术,120.927085282,,纳入,1.1768901569186865,-0.402504472271914,中证1000,000852.SH
2025-06-16 00:00:00,600129.SH,太极集团,医疗保健,120.288400704,,纳入,-0.5982512655315242,-4.007285974499098,中证1000,000852.SH
2025-06-16 00:00:00,002093.SZ,国脉科技,信息技术,118.17975,,纳入,-2.086811352253748,-6.454388984509474,中证1000,000852.SH
2025-06-16 00:00:00,688584.SH,上海合晶,信息技术,116.58830344560002,,纳入,-2.504173622704497,-0.754524201130824,中证1000,000852.SH
2025-06-16 00:00:00,002557.SZ,洽洽食品,日常消费,116.4478433294,,纳入,-2.746092099704278,-2.6274010107636414,中证1000,000852.SH
2025-06-16 00:00:00,001339.SZ,智微智能,信息技术,115.14756226599998,,纳入,-6.4115611642581065,-3.2804692591787976,中证1000,000852.SH
2025-06-16 00:00:00,002881.SZ,美格智能,信息技术,114.53830674999998,,纳入,-6.5570269115762585,-2.905904059040576,中证1000,000852.SH
2025-06-16 00:00:00,688306.SH,均普智能,工业,113.0020176,,纳入,-4.066736183524511,-5.742145178764913,中证1000,000852.SH
2025-06-16 00:00:00,301602.SZ,超研股份,医疗保健,111.87970144560002,,纳入,0.0382995021064758,-7.615310084033611,中证1000,000852.SH
2025-06-16 00:00:00,300008.SZ,天海防务,工业,109.55704703219996,,纳入,2.4232633279483107,-0.9360374414976612,中证1000,000852.SH
2025-06-16 00:00:00,300184.SZ,力源信息,信息技术,108.0155158992,,纳入,-3.105590062111796,-3.4115138592750616,中证1000,000852.SH
2025-06-16 00:00:00,002892.SZ,科力尔,工业,105.6603109674,,纳入,3.970678069639577,-2.623360399750163,中证1000,000852.SH
2025-06-16 00:00:00,300493.SZ,润欣科技,信息技术,104.7190821021,,纳入,-12.392795883361918,-3.149606299212593,中证1000,000852.SH
2025-06-16 00:00:00,300925.SZ,法本信息,信息技术,104.60498258,,纳入,9.761583445793963,-2.791315906069991,中证1000,000852.SH
2025-06-16 00:00:00,301622.SZ,英思特,材料,103.944523608,,纳入,26.889329181998317,-14.632305369851196,中证1000,000852.SH
2025-06-16 00:00:00,002338.SZ,奥普光电,工业,103.464,,纳入,-1.7099863201094356,3.7696089908686448,中证1000,000852.SH
2025-06-16 00:00:00,300102.SZ,乾照光电,信息技术,102.5251923382,,纳入,-5.432937181663833,-0.6266786034019645,中证1000,000852.SH
2025-06-16 00:00:00,688390.SH,固德威,工业,99.6787534036,,纳入,1.0078662733530086,0.3673769287288575,中证1000,000852.SH
2025-06-16 00:00:00,688543.SH,国科军工,工业,99.0653288066,,纳入,3.2696949747641035,4.805876180482693,中证1000,000852.SH
2025-06-16 00:00:00,301600.SZ,慧翰股份,可选消费,98.9419451,,纳入,-5.988678120965352,-4.367578729994825,中证1000,000852.SH
2025-06-16 00:00:00,688516.SH,奥特维,工业,98.5105748576,,纳入,-4.410407361091817,3.382259093809825,中证1000,000852.SH
2025-06-16 00:00:00,603508.SH,思维列控,信息技术,98.368789266,,纳入,-3.118353596820012,-6.394913986537009,中证1000,000852.SH
2025-06-16 00:00:00,301592.SZ,六九一二,信息技术,97.93,,纳入,1.8862428082441207,-1.5918135304150205,中证1000,000852.SH
2025-06-16 00:00:00,301626.SZ,苏州天脉,信息技术,97.1712,,纳入,7.4443591711435,17.399901136925354,中证1000,000852.SH
2025-06-16 00:00:00,688698.SH,伟创电气,工业,95.9009618138,,纳入,-1.9874702959602584,-7.158351409978325,中证1000,000852.SH
2025-06-16 00:00:00,600789.SH,鲁抗医药,医疗保健,95.8880497344,,纳入,-3.873873873873879,-6.30885122410546,中证1000,000852.SH
2025-06-16 00:00:00,603099.SH,长白山,可选消费,94.801185,,纳入,-4.074473826227754,1.5304487303321457,中证1000,000852.SH
2025-06-16 00:00:00,600746.SH,江苏索普,材料,93.3106464316,,纳入,-3.8507821901323736,-6.08695652173914,中证1000,000852.SH
2025-06-16 00:00:00,000612.SZ,焦作万方,材料,91.3224735804,,纳入,-0.2604166666666629,-4.404145077720212,中证1000,000852.SH
2025-06-16 00:00:00,688717.SH,艾罗能源,工业,91.2,,纳入,8.26210826210827,-5.279733234531292,中证1000,000852.SH
2025-06-16 00:00:00,603698.SH,航天工程,工业,90.04632,,纳入,-3.2258064516129004,-3.846153846153833,中证1000,000852.SH
2025-06-16 00:00:00,688652.SH,京仪装备,信息技术,89.8464,,纳入,-2.2124702870725987,1.092390298092938,中证1000,000852.SH
2025-06-16 00:00:00,688003.SH,天准科技,工业,89.5376875,,纳入,-2.219873150105711,-3.5327264846120587,中证1000,000852.SH
2025-06-16 00:00:00,603395.SH,红四方,材料,88.712,,纳入,0.7261932563928486,-5.4398148148148255,中证1000,000852.SH
2025-06-16 00:00:00,301571.SZ,国科天成,信息技术,88.67228373360003,,纳入,2.2749043370508204,-7.776669990029905,中证1000,000852.SH
2025-06-16 00:00:00,688252.SH,天德钰,信息技术,88.5531203265,,纳入,-7.793867120954012,5.737704918032782,中证1000,000852.SH
2025-06-16 00:00:00,002149.SZ,西部材料,材料,88.4156050214,,纳入,-2.791196994095546,-9.24415443175639,中证1000,000852.SH
2025-06-16 00:00:00,002947.SZ,恒铭达,信息技术,87.64921384559999,,纳入,2.333233622494757,-1.4438348252959865,中证1000,000852.SH
2025-06-16 00:00:00,002045.SZ,国光电器,可选消费,87.6348719656,,纳入,-3.4097954122752627,-4.2838874680307,中证1000,000852.SH
2025-06-16 00:00:00,300337.SZ,银邦股份,材料,87.041328,,纳入,4.129793510324498,-0.65420560747661,中证1000,000852.SH
2025-06-16 00:00:00,688276.SH,百克生物,医疗保健,86.90946133980002,,纳入,-2.8663892741562447,-2.5310943206071634,中证1000,000852.SH
2025-06-16 00:00:00,001356.SZ,富岭股份,可选消费,86.158584,,纳入,-2.076356329537843,-3.341031904761904,中证1000,000852.SH
2025-06-16 00:00:00,301458.SZ,钧崴电子,信息技术,82.56001031999999,,纳入,0.5194805194805197,0.4854368932038833,中证1000,000852.SH
2025-06-16 00:00:00,002073.SZ,软控股份,工业,79.4292962649,,纳入,-1.5170670037926717,-2.3017902813299296,中证1000,000852.SH
2025-06-16 00:00:00,000544.SZ,中原环保,工业,79.2418488744,,纳入,-0.974421437271622,-1.7220172201722006,中证1000,000852.SH
2025-06-16 00:00:00,605555.SH,德昌股份,可选消费,77.74893504,,纳入,-1.4164305949008638,-3.9330339540039514,中证1000,000852.SH
2025-06-16 00:00:00,600975.SH,新五丰,日常消费,77.1910724196,,纳入,-0.4878048780487809,-2.922077922077926,中证1000,000852.SH
2025-06-16 00:00:00,002791.SZ,坚朗五金,工业,76.58071681320001,,纳入,-2.959641255605383,-3.209302325581398,中证1000,000852.SH
2025-06-16 00:00:00,301556.SZ,托普云农,信息技术,75.037872,,纳入,3.201970443349756,-5.178326474622774,中证1000,000852.SH
2025-06-16 00:00:00,300401.SZ,花园生物,医疗保健,74.455023114,,纳入,-6.035665294924564,-1.5850144092219187,中证1000,000852.SH
2025-06-16 00:00:00,301631.SZ,壹连科技,信息技术,72.71115693200001,,纳入,-0.2508202233250434,-4.654354878961831,中证1000,000852.SH
2025-06-16 00:00:00,002897.SZ,意华股份,工业,72.1476769728,,纳入,-4.642215952808416,-0.3247631935047401,中证1000,000852.SH
2025-06-16 00:00:00,603516.SH,淳中科技,信息技术,71.0886745638,,纳入,-2.707182320441992,-4.132465326917623,中证1000,000852.SH
2025-05-12 00:00:00,301377.SZ,鼎泰高科,工业,114.226,,纳入,5.013192612137196,0.8714596949891185,中证1000,000852.SH
2025-05-12 00:00:00,603227.SH,雪峰科技,材料,104.4900371775,,纳入,0.5154639175257936,-5.25773195876289,中证1000,000852.SH
2025-05-12 00:00:00,301215.SZ,中汽股份,工业,78.94728,,纳入,7.567567567567579,2.6755852842809125,中证1000,000852.SH
2025-05-12 00:00:00,601089.SH,福元医药,医疗保健,76.224,,纳入,1.1464968152866462,1.2476606363069245,中证1000,000852.SH
2025-05-12 00:00:00,000589.SZ,贵州轮胎,可选消费,72.00833446519998,,纳入,6.192660550458706,-0.6521739130434745,中证1000,000852.SH
2025-04-14 00:00:00,301004.SZ,嘉益股份,可选消费,89.88849222,,纳入,15.079787234042552,2.932551319648113,中证1000,000852.SH
2025-03-17 00:00:00,300360.SZ,炬华科技,工业,93.582056932,,纳入,3.8812785388127935,-4.255319148936154,中证1000,000852.SH
2024-12-16 00:00:00,688347.SH,华虹公司,信息技术,831.71301246,,纳入,-2.1035598705501646,-2.62741999209799,中证1000,000852.SH
2024-12-16 00:00:00,688702.SH,盛科通信-U,信息技术,321.235,,纳入,8.78922521521799,29.220779220779235,中证1000,000852.SH
2024-12-16 00:00:00,600171.SH,上海贝岭,信息技术,290.3749849088,,纳入,7.506561679790025,3.7142857142857135,中证1000,000852.SH
2024-12-16 00:00:00,600548.SH,深高速,工业,272.3782137174,,纳入,0.7258064516129092,2.5619834710743694,中证1000,000852.SH
2024-12-16 00:00:00,301536.SZ,星宸科技,信息技术,225.68816,,纳入,15.046147241897412,27.836098882492365,中证1000,000852.SH
2024-12-16 00:00:00,600827.SH,百联股份,可选消费,220.88001288460003,,纳入,10.142348754448394,-7.937806873977093,中证1000,000852.SH
2024-12-16 00:00:00,603662.SH,柯力传感,信息技术,207.582996962,,纳入,1.2084592145015227,-6.967741935483874,中证1000,000852.SH
2024-12-16 00:00:00,300296.SZ,利亚德,信息技术,207.41047323,,纳入,36.439267886855234,-1.985111662531025,中证1000,000852.SH
2024-12-16 00:00:00,000099.SZ,中信海直,工业,206.4324334557,,纳入,0.2259887005649608,-4.001482030381609,中证1000,000852.SH
2024-12-16 00:00:00,688582.SH,芯动联科,信息技术,206.39241728,,纳入,2.9576338928857027,-2.5747822794396025,中证1000,000852.SH
2024-12-16 00:00:00,002936.SZ,郑州银行,金融,202.7536372834,,纳入,0.0,-4.910714285714302,中证1000,000852.SH
2024-12-16 00:00:00,001389.SZ,广合科技,信息技术,197.4505395,,纳入,10.128083491461105,22.814498933901927,中证1000,000852.SH
2024-12-16 00:00:00,300776.SZ,帝尔激光,信息技术,186.245947118,,纳入,-3.5224218418446585,-7.385962434684368,中证1000,000852.SH
2024-12-16 00:00:00,300779.SZ,惠城环保,工业,182.31972774,,纳入,6.921131294550453,-1.9371727748691003,中证1000,000852.SH
2024-12-16 00:00:00,002506.SZ,协鑫集成,工业,175.50949281,,纳入,-1.6393442622950838,-6.514657980456018,中证1000,000852.SH
2024-12-16 00:00:00,300253.SZ,卫宁健康,信息技术,172.94311939029998,,纳入,-1.7391304347826209,-0.3773584905660376,中证1000,000852.SH
2024-12-16 00:00:00,301029.SZ,怡合达,信息技术,172.50313766399998,,纳入,1.0776662950575888,-7.592722183344991,中证1000,000852.SH
2024-12-16 00:00:00,300088.SZ,长信科技,信息技术,169.88078820200002,,纳入,-1.0014306151645225,-0.5617977528090012,中证1000,000852.SH
2024-12-16 00:00:00,301297.SZ,富乐德,信息技术,168.822771,,纳入,6.26198083067091,3.0582922824302194,中证1000,000852.SH
2024-12-16 00:00:00,002399.SZ,海普瑞,医疗保健,165.65774143160002,,纳入,-3.339041095890416,0.9830205540661384,中证1000,000852.SH
2024-12-16 00:00:00,301589.SZ,诺瓦星云,信息技术,165.112128,,纳入,3.4103410341034035,-3.1396413377133947,中证1000,000852.SH
2024-12-16 00:00:00,688631.SH,莱斯信息,信息技术,164.957577,,纳入,5.005202913631646,-9.980806142034549,中证1000,000852.SH
2024-12-16 00:00:00,600388.SH,龙净环保,工业,161.2315799238,,纳入,2.00617283950617,-3.3783783783783994,中证1000,000852.SH
2024-12-16 00:00:00,000620.SZ,盈新发展,房地产,160.300550592,,纳入,17.67241379310345,-15.331010452961667,中证1000,000852.SH
2024-12-16 00:00:00,688629.SH,华丰科技,信息技术,159.7340159415,,纳入,0.0288683602771344,1.9375361480624689,中证1000,000852.SH
2024-12-16 00:00:00,603317.SH,天味食品,日常消费,155.92826744159998,,纳入,5.323741007194238,-3.8152610441766983,中证1000,000852.SH
2024-12-16 00:00:00,300438.SZ,鹏辉能源,工业,155.130423552,,纳入,-7.4752326628640064,-4.2391648212591,中证1000,000852.SH
2024-12-16 00:00:00,605296.SH,神农集团,日常消费,154.302669528,,纳入,1.6597510373443702,0.6811989100817373,中证1000,000852.SH
2024-12-16 00:00:00,000156.SZ,华数传媒,通讯服务,153.9786859302,,纳入,6.675224646983313,-6.547619047619058,中证1000,000852.SH
2024-12-16 00:00:00,603305.SH,旭升集团,可选消费,151.18081914599998,,纳入,5.46875,-3.71747211895912,中证1000,000852.SH
2024-12-16 00:00:00,301606.SZ,绿联科技,信息技术,148.9111293734,,纳入,-0.5817174515235557,9.351145038167918,中证1000,000852.SH
2024-12-16 00:00:00,002497.SZ,雅化集团,材料,148.10428382,,纳入,1.7418844022169422,-6.161841128433543,中证1000,000852.SH
2024-12-16 00:00:00,600967.SH,内蒙一机,工业,147.2052386955,,纳入,-1.480637813211838,-3.833145434047336,中证1000,000852.SH
2024-12-16 00:00:00,601827.SH,三峰环境,工业,146.12697042,,纳入,-0.9070294784580436,-3.302961275626404,中证1000,000852.SH
2024-12-16 00:00:00,688548.SH,广钢气体,材料,145.9254764226,,纳入,5.635148042024829,-2.268760907504374,中证1000,000852.SH
2024-12-16 00:00:00,688549.SH,中巨芯-U,信息技术,145.3639584,,纳入,0.0,1.604814443330005,中证1000,000852.SH
2024-12-16 00:00:00,300682.SZ,朗新集团,信息技术,144.2700612132,,纳入,-2.2794117647058854,-2.440828402366857,中证1000,000852.SH
2024-12-16 00:00:00,000089.SZ,深圳机场,工业,143.7589425809,,纳入,-2.0949720670391137,-1.5691868758915706,中证1000,000852.SH
2024-12-16 00:00:00,000680.SZ,山推股份,工业,141.9309731752,,纳入,-6.336633663366332,-2.9682702149436917,中证1000,000852.SH
2024-12-16 00:00:00,688200.SH,华峰测控,信息技术,140.992443507,,纳入,-3.5575319622012325,1.6079923882017066,中证1000,000852.SH
2024-12-16 00:00:00,603337.SH,杰克科技,工业,140.2900884264,,纳入,-3.4895314057826643,-1.5688949522510431,中证1000,000852.SH
2024-12-16 00:00:00,601900.SH,南方传媒,通讯服务,140.204682579,,纳入,-0.8866371120962557,-4.290220820189283,中证1000,000852.SH
2024-12-16 00:00:00,603218.SH,日月股份,工业,138.215897775,,纳入,1.9771863117870716,-8.147080028839216,中证1000,000852.SH
2024-12-16 00:00:00,300568.SZ,星源材质,材料,137.921680819,,纳入,-7.058823529411773,-3.61216730038022,中证1000,000852.SH
2024-12-16 00:00:00,688029.SH,南微医学,医疗保健,132.71420364300002,,纳入,-0.9810791871058044,-2.055180180180194,中证1000,000852.SH
2024-12-16 00:00:00,603355.SH,莱克电气,可选消费,131.162214983,,纳入,-1.3799051315222075,0.8787346221441172,中证1000,000852.SH
2024-12-16 00:00:00,600315.SH,上海家化,日常消费,126.983487622,,纳入,7.512805919180421,-4.205607476635532,中证1000,000852.SH
2024-12-16 00:00:00,600399.SH,抚顺特钢,材料,125.42556,,纳入,-2.304147465437778,-5.614567526555392,中证1000,000852.SH
2024-12-16 00:00:00,300580.SZ,贝斯特,可选消费,125.287631912,,纳入,-3.5357417371252864,-1.9921874999999976,中证1000,000852.SH
2024-12-16 00:00:00,688522.SH,纳睿雷达,工业,125.15637456,,纳入,5.0909090909091015,-6.833333333333336,中证1000,000852.SH
2024-12-16 00:00:00,002755.SZ,奥赛康,医疗保健,124.1878549638,,纳入,-3.1136857349746583,-4.424778761061954,中证1000,000852.SH
2024-12-16 00:00:00,600759.SH,洲际油气,能源,121.151070976,,纳入,-3.630363036303619,-5.762711864406789,中证1000,000852.SH
2024-12-16 00:00:00,688107.SH,安路科技,信息技术,120.3750649101,,纳入,0.7718120805369155,6.266233766233764,中证1000,000852.SH
2024-12-16 00:00:00,002668.SZ,TCL智家,可选消费,119.9027239368,,纳入,-0.8071748878923812,9.469026548672543,中证1000,000852.SH
2024-12-16 00:00:00,688006.SH,杭可科技,工业,119.4063516656,,纳入,-4.490584258812169,-4.158415841584152,中证1000,000852.SH
2024-12-16 00:00:00,688766.SH,普冉股份,信息技术,118.979927451,,纳入,18.839662447257368,0.5021056041464078,中证1000,000852.SH
2024-12-16 00:00:00,300641.SZ,正丹股份,材料,118.788157806,,纳入,-0.9769094138543432,-1.3268465280849129,中证1000,000852.SH
2024-12-16 00:00:00,600866.SH,星湖科技,日常消费,118.2968502592,,纳入,2.152080344332852,-6.910569105691056,中证1000,000852.SH
2024-12-16 00:00:00,601020.SH,华钰矿业,材料,115.7790153576,,纳入,-6.921555702043525,-5.425824175824189,中证1000,000852.SH
2024-12-16 00:00:00,002654.SZ,万润科技,通讯服务,115.46832751040002,,纳入,-2.7065527065527006,-4.929577464788737,中证1000,000852.SH
2024-12-16 00:00:00,300913.SZ,兆龙互连,信息技术,115.4011478256,,纳入,31.46067415730338,39.5411605937922,中证1000,000852.SH
2024-12-16 00:00:00,300357.SZ,我武生物,医疗保健,114.926688,,纳入,-3.3039647577092546,-2.123813827383636,中证1000,000852.SH
2024-12-16 00:00:00,300181.SZ,佐力药业,医疗保健,114.606690539,,纳入,-0.969696969696976,-0.7807807807807876,中证1000,000852.SH
2024-12-16 00:00:00,688779.SH,五矿新能,材料,112.2805136154,,纳入,-2.6755852842809347,-4.054054054054057,中证1000,000852.SH
2024-12-16 00:00:00,002518.SZ,科士达,工业,111.3796604822,,纳入,0.6312467122566945,-0.1019887812340636,中证1000,000852.SH
2024-12-16 00:00:00,300657.SZ,弘信电子,信息技术,111.357492768,,纳入,8.365019011406849,4.9409707039790085,中证1000,000852.SH
2024-12-16 00:00:00,300492.SZ,华图山鼎,工业,110.633095125,,纳入,0.7033248081841359,-4.209876543209868,中证1000,000852.SH
2024-12-16 00:00:00,002716.SZ,湖南白银,材料,110.10045719399996,,纳入,-0.2557544757033292,-8.148148148148138,中证1000,000852.SH
2024-12-16 00:00:00,000930.SZ,中粮科技,材料,110.0955834848,,纳入,-1.3333333333333308,-3.505843071786308,中证1000,000852.SH
2024-12-16 00:00:00,688063.SH,派能科技,工业,110.04362317650002,,纳入,-2.1810250817884347,-3.608360836083624,中证1000,000852.SH
2024-12-16 00:00:00,600894.SH,广日股份,工业,110.0187971105,,纳入,-4.621212121212115,-1.0093167701863417,中证1000,000852.SH
2024-12-16 00:00:00,600640.SH,国脉文化,信息技术,109.965178908,,纳入,-4.027777777777775,-4.198210598761176,中证1000,000852.SH
2024-12-16 00:00:00,688612.SH,威迈斯,可选消费,109.1541869206,,纳入,-7.060931899641565,-11.151339608979004,中证1000,000852.SH
2024-12-16 00:00:00,300861.SZ,美畅股份,材料,109.0587264,,纳入,-6.038047973531857,-5.393457117595057,中证1000,000852.SH
2024-12-16 00:00:00,600133.SH,东湖高新,工业,108.75646725,,纳入,-4.939422180801511,-5.208333333333326,中证1000,000852.SH
2024-12-16 00:00:00,688443.SH,智翔金泰-U,医疗保健,103.513764,,纳入,-4.044867437117617,-1.112307140294233,中证1000,000852.SH
2024-12-16 00:00:00,600664.SH,哈药股份,医疗保健,102.7552029408,,纳入,2.0000000000000018,-2.2332506203473934,中证1000,000852.SH
2024-12-16 00:00:00,600114.SH,东睦股份,工业,101.7649120527,,纳入,-5.76484018264839,-2.0624631703005214,中证1000,000852.SH
2024-12-16 00:00:00,600186.SH,莲花控股,日常消费,100.1371254678,,纳入,-1.7605633802816878,-8.477508650519027,中证1000,000852.SH
2024-12-16 00:00:00,301565.SZ,中仑新材,材料,99.042476,,纳入,-4.253673627223497,-4.75998386446147,中证1000,000852.SH
2024-12-16 00:00:00,600094.SH,大名城,房地产,98.7654697743,,纳入,2.3076923076923217,-1.7199017199017177,中证1000,000852.SH
2024-12-16 00:00:00,600020.SH,中原高速,工业,97.5359375088,,纳入,0.6960556844547439,0.0,中证1000,000852.SH
2024-12-16 00:00:00,603619.SH,中曼石油,能源,93.2999014298,,纳入,-4.133016627078401,-3.1920199501246915,中证1000,000852.SH
2024-12-16 00:00:00,002326.SZ,永太科技,材料,91.799758864,,纳入,-3.6893203883495262,-4.059405940594052,中证1000,000852.SH
2024-12-16 00:00:00,002588.SZ,史丹利,材料,91.460223212,,纳入,3.2509752925877544,-3.341902313624689,中证1000,000852.SH
2024-12-16 00:00:00,601500.SH,通用股份,可选消费,89.01148116,,纳入,7.692307692307687,3.5315985130111693,中证1000,000852.SH
2024-12-16 00:00:00,688523.SH,航天环宇,工业,88.943968,,纳入,-2.1047917599641752,-2.878992352676557,中证1000,000852.SH
2024-12-16 00:00:00,688150.SH,莱特光电,材料,88.53626870000002,,纳入,-2.0480854853072272,1.63789287295264,中证1000,000852.SH
2024-12-16 00:00:00,301508.SZ,中机认检,工业,87.33671276,,纳入,2.575677110993113,-2.4042272126816533,中证1000,000852.SH
2024-12-16 00:00:00,000899.SZ,赣能股份,公用事业,86.152346208,,纳入,-1.5607580824972156,7.061503416856496,中证1000,000852.SH
2024-12-16 00:00:00,300926.SZ,博俊科技,可选消费,85.80783379600001,,纳入,-3.985507246376807,-1.0707635009311045,中证1000,000852.SH
2024-12-16 00:00:00,605116.SH,奥锐特,医疗保健,83.7167895,,纳入,-3.871268656716431,-1.178689297501179,中证1000,000852.SH
2024-12-16 00:00:00,605577.SH,龙版传媒,通讯服务,83.377777882,,纳入,9.900410076157009,-7.923033389926437,中证1000,000852.SH
2024-12-16 00:00:00,688348.SH,昱能科技,工业,82.9051792675,,纳入,-2.624816446402345,-0.8995215311004778,中证1000,000852.SH
2024-12-16 00:00:00,605368.SH,蓝天燃气,公用事业,82.5390783138,,纳入,-0.1716738197424794,-2.0779220779220675,中证1000,000852.SH
2024-12-16 00:00:00,603496.SH,恒为科技,信息技术,79.5399759612,,纳入,-2.089081592432007,2.003929273084504,中证1000,000852.SH
2024-12-16 00:00:00,603219.SH,富佳股份,可选消费,78.20302,,纳入,-4.063360881542688,3.521126760563376,中证1000,000852.SH
2024-12-16 00:00:00,002327.SZ,富安娜,可选消费,77.83577161919999,,纳入,2.9966703662597016,-4.665959703075284,中证1000,000852.SH
2024-12-16 00:00:00,002833.SZ,弘亚数控,工业,75.00394798,,纳入,-4.535637149028071,-2.7450980392156987,中证1000,000852.SH
2024-12-16 00:00:00,600987.SH,航民股份,可选消费,74.8260233909,,纳入,0.1366120218579292,-6.199460916442057,中证1000,000852.SH
2024-09-18 00:00:00,301500.SZ,飞南资源,工业,63.801595,,纳入,-4.146634615384626,6.3112745098039325,中证1000,000852.SH
2024-08-26 00:00:00,688300.SH,联瑞新材,材料,79.5919600335,,纳入,1.6607354685646447,9.852941176470598,中证1000,000852.SH
2024-08-07 00:00:00,688332.SH,中科蓝讯,信息技术,62.7993405,,纳入,0.0958772770853322,3.84021613276726,中证1000,000852.SH
2024-06-17 00:00:00,000429.SZ,粤高速A,工业,216.6075146536,,纳入,-1.614434947768295,1.8500486854917453,中证1000,000852.SH
2024-06-17 00:00:00,301498.SZ,乖宝宠物,日常消费,210.94346485,,纳入,0.3043560966330627,2.976520613791833,中证1000,000852.SH
2024-06-17 00:00:00,300140.SZ,节能环境,工业,193.7326348492,,纳入,-1.5822784810126669,-4.566929133858267,中证1000,000852.SH
2024-06-17 00:00:00,002270.SZ,华明装备,工业,191.1648844323,,纳入,-2.2904260192395776,1.3895543842836533,中证1000,000852.SH
2024-06-17 00:00:00,601038.SH,一拖股份,工业,187.648760925,,纳入,1.6138643642796158,0.9151921903599592,中证1000,000852.SH
2024-06-17 00:00:00,000581.SZ,威孚高科,可选消费,178.2611491884,,纳入,0.111982082866735,-1.800975401234184,中证1000,000852.SH
2024-06-17 00:00:00,688183.SH,生益电子,信息技术,174.51608251499997,,纳入,25.930372148859536,-4.44964871194381,中证1000,000852.SH
2024-06-17 00:00:00,000766.SZ,通化金马,医疗保健,171.3595115511,,纳入,8.906633906633887,2.256944444444464,中证1000,000852.SH
2024-06-17 00:00:00,603283.SH,赛腾股份,信息技术,170.38891548880002,,纳入,21.271742229826064,-1.123873039397294,中证1000,000852.SH
2024-06-17 00:00:00,688146.SH,中船特气,信息技术,161.5235295015,,纳入,4.5528438473803945,0.5548302872062427,中证1000,000852.SH
2024-06-17 00:00:00,601107.SH,四川成渝,工业,161.15976199999997,,纳入,-0.955860693233479,0.0,中证1000,000852.SH
2024-06-17 00:00:00,000628.SZ,高新发展,工业,154.862288,,纳入,-0.4528985507246119,-1.7088470690028168,中证1000,000852.SH
2024-06-17 00:00:00,601033.SH,永兴股份,工业,151.38,,纳入,7.820512820512815,2.6874999999999982,中证1000,000852.SH
2024-06-17 00:00:00,301526.SZ,国际复材,材料,148.949682896,,纳入,2.5974025974025983,-7.6732673267326685,中证1000,000852.SH
2024-06-17 00:00:00,600461.SH,洪城环境,公用事业,147.55033566929998,,纳入,1.262626262626254,0.169491525423715,中证1000,000852.SH
2024-06-17 00:00:00,300049.SZ,福瑞股份,医疗保健,146.54688201,,纳入,4.364930685650048,-1.7948717948717996,中证1000,000852.SH
2024-06-17 00:00:00,688484.SH,南芯科技,信息技术,145.990791,,纳入,11.879259980525813,16.283924843423804,中证1000,000852.SH
2024-06-17 00:00:00,300857.SZ,协创数据,信息技术,145.671124985,,纳入,11.501861068519958,0.5029337803855949,中证1000,000852.SH
2024-06-17 00:00:00,300115.SZ,长盈精密,信息技术,143.887621662,,纳入,11.996251171508888,2.930728241563041,中证1000,000852.SH
2024-06-17 00:00:00,688352.SH,颀中科技,信息技术,142.2088596448,,纳入,10.332103321033228,4.201769427839452,中证1000,000852.SH
2024-06-17 00:00:00,688336.SH,三生国健,医疗保健,140.07205359030002,,纳入,3.698630136986303,0.8241758241758212,中证1000,000852.SH
2024-06-17 00:00:00,300757.SZ,罗博特科,工业,139.314457407,,纳入,16.6506021199303,-0.1434403619110735,中证1000,000852.SH
2024-06-17 00:00:00,301371.SZ,敷尔佳,日常消费,139.187832,,纳入,6.067073170731696,-3.6384637597459024,中证1000,000852.SH
2024-06-17 00:00:00,601187.SH,厦门银行,金融,137.234650176,,纳入,-2.4353409638692702,0.3838771593090317,中证1000,000852.SH
2024-06-17 00:00:00,301487.SZ,盟固利,材料,137.0576218116,,纳入,4.96304118268216,-7.444503926254697,中证1000,000852.SH
2024-06-17 00:00:00,002468.SZ,申通快递,工业,135.01675104120002,,纳入,-4.854368932038822,-4.53942676436575,中证1000,000852.SH
2024-06-17 00:00:00,688147.SH,微导纳米,工业,133.9166205454,,纳入,0.0683994528043907,-5.525423728813561,中证1000,000852.SH
2024-06-17 00:00:00,601083.SH,锦江航运,工业,133.035536,,纳入,-2.50633874538746,-6.190476190476191,中证1000,000852.SH
2024-06-17 00:00:00,688076.SH,ST诺泰,医疗保健,132.89878092,,纳入,8.03853969250512,26.065567679369828,中证1000,000852.SH
2024-06-17 00:00:00,688062.SH,迈威生物-U,医疗保健,132.14772,,纳入,4.519595448798985,2.036340852130314,中证1000,000852.SH
2024-06-17 00:00:00,688432.SH,有研硅,信息技术,131.4992595132,,纳入,9.563409563409577,-2.908067542213877,中证1000,000852.SH
2024-06-17 00:00:00,001309.SZ,德明利,信息技术,129.60490071360002,,纳入,9.07510862818124,0.0906002265005812,中证1000,000852.SH
2024-06-17 00:00:00,300705.SZ,九典制药,医疗保健,129.3187413078,,纳入,4.440078585461693,5.911708253358916,中证1000,000852.SH
2024-06-17 00:00:00,603358.SH,华达科技,可选消费,126.575232,,纳入,-0.5175983436853104,0.9749303621169992,中证1000,000852.SH
2024-06-17 00:00:00,601096.SH,宏盛华源,工业,123.5921650656,,纳入,1.5384615384615552,-6.911447084233268,中证1000,000852.SH
2024-06-17 00:00:00,300045.SZ,华力创通,信息技术,122.7937212308,,纳入,4.335585585585577,-2.650469353948104,中证1000,000852.SH
2024-06-17 00:00:00,688498.SH,源杰科技,信息技术,122.244372768,,纳入,15.01165876015116,8.337515234066938,中证1000,000852.SH
2024-06-17 00:00:00,301510.SZ,固高科技,工业,121.963049,,纳入,5.8313085734120085,-4.699309891554382,中证1000,000852.SH
2024-06-17 00:00:00,300576.SZ,容大感光,材料,120.2055861435,,纳入,1.3715710723191998,-3.773584905660388,中证1000,000852.SH
2024-06-17 00:00:00,300446.SZ,航天智造,可选消费,119.28736666209998,,纳入,1.8772563176895352,-17.037037037037027,中证1000,000852.SH
2024-06-17 00:00:00,688343.SH,云天励飞-U,信息技术,117.58477469200002,,纳入,7.430240103828689,-4.643399089529599,中证1000,000852.SH
2024-06-17 00:00:00,001914.SZ,招商积余,房地产,115.04754751,,纳入,-3.726708074534157,-9.131602506714408,中证1000,000852.SH
2024-06-17 00:00:00,688279.SH,峰岹科技,信息技术,114.724554298,,纳入,6.948510418460474,-4.201612903225804,中证1000,000852.SH
2024-06-17 00:00:00,600269.SH,赣粤高速,工业,113.7343215818,,纳入,-2.7944111776447067,4.907975460122716,中证1000,000852.SH
2024-06-17 00:00:00,600597.SH,光明乳业,日常消费,113.7240854475,,纳入,-1.0791366906474864,-3.221957040572798,中证1000,000852.SH
2024-06-17 00:00:00,002010.SZ,传化智联,工业,113.47039967560004,,纳入,-4.460093896713612,-3.855421686746985,中证1000,000852.SH
2024-06-17 00:00:00,600301.SH,华锡有色,材料,112.91329500150002,,纳入,-3.356794802382224,-1.3812154696132617,中证1000,000852.SH
2024-06-17 00:00:00,300257.SZ,开山股份,工业,111.3864855178,,纳入,0.4480286738351324,-7.449605609114817,中证1000,000852.SH
2024-06-17 00:00:00,605011.SH,杭州热电,公用事业,111.34783,,纳入,6.7510548523206815,-5.527272727272726,中证1000,000852.SH
2024-06-17 00:00:00,688208.SH,道通科技,可选消费,110.3031966926,,纳入,2.3051131601006025,1.0191602119853371,中证1000,000852.SH
2024-06-17 00:00:00,600757.SH,长江传媒,通讯服务,106.5584939694,,纳入,4.523809523809508,-5.475547149384264,中证1000,000852.SH
2024-06-17 00:00:00,688177.SH,百奥泰,医疗保健,104.223936,,纳入,1.0437575270975552,-9.699398797595183,中证1000,000852.SH
2024-06-17 00:00:00,301511.SZ,德福科技,信息技术,103.057647,,纳入,9.072715143428956,-6.191369606003749,中证1000,000852.SH
2024-06-17 00:00:00,605599.SH,菜百股份,可选消费,101.111114,,纳入,-4.200442151805461,-2.983932670237188,中证1000,000852.SH
2024-06-17 00:00:00,600961.SH,株冶集团,材料,100.850034082,,纳入,-8.023483365949124,-0.7172131147541005,中证1000,000852.SH
2024-06-17 00:00:00,002925.SZ,盈趣科技,信息技术,100.67199216,,纳入,1.9762845849802255,-2.6153846153846194,中证1000,000852.SH
2024-06-17 00:00:00,603327.SH,福蓉科技,可选消费,100.234005609,,纳入,5.192034139402546,-3.3793103448275907,中证1000,000852.SH
2024-06-17 00:00:00,601595.SH,上海电影,通讯服务,98.604,,纳入,-6.819144430326118,-15.996684624948198,中证1000,000852.SH
2024-06-17 00:00:00,000970.SZ,中科三环,材料,97.74435214919998,,纳入,4.280155642023331,-1.272819084844501,中证1000,000852.SH
2024-06-17 00:00:00,002511.SZ,中顺洁柔,日常消费,97.26446184,,纳入,-3.576158940397345,-6.400000000000006,中证1000,000852.SH
2024-06-17 00:00:00,300026.SZ,红日药业,医疗保健,97.0342012351,,纳入,-5.830903790087472,-4.281345565749239,中证1000,000852.SH
2024-06-17 00:00:00,603220.SH,中贝通信,信息技术,95.2408748832,,纳入,7.450832072617253,-3.3356497567755383,中证1000,000852.SH
2024-06-17 00:00:00,688433.SH,华曙高科,工业,94.55473704,,纳入,7.082551594746711,-0.2310536044362376,中证1000,000852.SH
2024-06-17 00:00:00,601778.SH,晶科科技,公用事业,94.2732321168,,纳入,0.7633197112581591,-10.188679245283016,中证1000,000852.SH
2024-06-17 00:00:00,600033.SH,福建高速,工业,93.3096,,纳入,-2.5787965616046016,0.0,中证1000,000852.SH
2024-06-17 00:00:00,002315.SZ,焦点科技,信息技术,92.315308151,,纳入,1.215277777777768,-6.01018675721563,中证1000,000852.SH
2024-06-17 00:00:00,301559.SZ,中集环科,工业,92.16,,纳入,1.4531043593130732,-1.440733464309074,中证1000,000852.SH
2024-06-17 00:00:00,001376.SZ,百通能源,公用事业,91.7191,,纳入,1.7382413087934534,-7.898658718330854,中证1000,000852.SH
2024-06-17 00:00:00,002075.SZ,沙钢股份,材料,91.70190360099998,,纳入,1.4563106796116498,-3.349282296650713,中证1000,000852.SH
2024-06-17 00:00:00,002761.SZ,浙江建投,工业,90.61630021240002,,纳入,-1.0625737898465104,-3.764705882352948,中证1000,000852.SH
2024-06-17 00:00:00,600297.SH,广汇汽车(退市),可选消费,89.7538599393,,纳入,-9.917355371900817,-21.42857142857144,中证1000,000852.SH
2024-06-17 00:00:00,603866.SH,桃李面包,日常消费,88.94438501799999,,纳入,-1.41843971631207,-7.773851590106007,中证1000,000852.SH
2024-06-17 00:00:00,002154.SZ,报喜鸟,可选消费,87.85189048579998,,纳入,1.5177065767284947,-5.3333333333333455,中证1000,000852.SH
2024-06-17 00:00:00,603039.SH,泛微网络,信息技术,87.7711149864,,纳入,1.937046004842613,-0.4796163069544223,中证1000,000852.SH
2024-06-17 00:00:00,688362.SH,甬矽电子,信息技术,87.769198,,纳入,13.734812466983628,3.408545367258764,中证1000,000852.SH
2024-06-17 00:00:00,300660.SZ,江苏雷利,工业,87.3702914344,,纳入,6.904577191621386,-3.3786265148733063,中证1000,000852.SH
2024-06-17 00:00:00,002192.SZ,融捷股份,材料,85.91990667270001,,纳入,2.700186219739309,-7.740041299593015,中证1000,000852.SH
2024-06-17 00:00:00,603267.SH,鸿远电子,信息技术,85.73650287999999,,纳入,6.172839506172845,-10.817941952506605,中证1000,000852.SH
2024-06-17 00:00:00,688141.SH,杰华特,信息技术,85.13064,,纳入,21.414913957935,6.950028719126933,中证1000,000852.SH
2024-06-17 00:00:00,688105.SH,诺唯赞,医疗保健,83.882097,,纳入,-3.140877598152425,-3.603182030884422,中证1000,000852.SH
2024-06-17 00:00:00,300244.SZ,迪安诊断,医疗保健,82.3744019304,,纳入,2.247024116323626,-7.768469154607782,中证1000,000852.SH
2024-06-17 00:00:00,301339.SZ,通行宝,信息技术,81.64419999999998,,纳入,6.8726691529035655,12.37373737373737,中证1000,000852.SH
2024-06-17 00:00:00,600509.SH,天富能源,公用事业,81.08711729160001,,纳入,3.521126760563398,-4.58404074702885,中证1000,000852.SH
2024-06-17 00:00:00,688658.SH,悦康药业,医疗保健,81.0,,纳入,2.564102564102555,12.338028169014104,中证1000,000852.SH
2024-06-17 00:00:00,688503.SH,聚和材料,工业,80.355169476,,纳入,-4.62510644346148,-8.002353633421588,中证1000,000852.SH
2024-06-17 00:00:00,300570.SZ,太辰光,信息技术,79.26727658299998,,纳入,8.4524549409571,-3.955919751342163,中证1000,000852.SH
2024-06-17 00:00:00,300678.SZ,中科信息,信息技术,77.0011589214,,纳入,5.182186234817809,-1.2751159196290551,中证1000,000852.SH
2024-06-17 00:00:00,603026.SH,石大胜华,材料,75.822588,,纳入,4.322364751812602,-3.57044767920901,中证1000,000852.SH
2024-06-17 00:00:00,603383.SH,顶点软件,信息技术,75.16918571210002,,纳入,7.617647058823529,-5.531914893617007,中证1000,000852.SH
2024-06-17 00:00:00,603075.SH,热威股份,可选消费,74.361859,,纳入,2.537231108659688,-2.900107411385633,中证1000,000852.SH
2024-06-17 00:00:00,688690.SH,纳微科技,医疗保健,73.898101995,,纳入,2.7512633352049454,-2.873125147177636,中证1000,000852.SH
2024-06-17 00:00:00,301348.SZ,蓝箭电子,信息技术,72.38,,纳入,4.746743849493496,4.665492957746498,中证1000,000852.SH
2024-06-17 00:00:00,300363.SZ,博腾股份,医疗保健,72.18619980400001,,纳入,-2.579218865143696,0.0,中证1000,000852.SH
2024-06-17 00:00:00,301558.SZ,三态股份,可选消费,71.785461293,,纳入,2.5930101465614364,-5.343511450381677,中证1000,000852.SH
2024-06-17 00:00:00,300129.SZ,泰胜风能,工业,69.5565028608,,纳入,1.6393442622950838,-4.312668463611857,中证1000,000852.SH
2024-06-17 00:00:00,002681.SZ,奋达科技,可选消费,67.8832609376,,纳入,4.155124653739595,-1.0781671159029615,中证1000,000852.SH
2024-06-17 00:00:00,300850.SZ,新强联,工业,61.021993788,,纳入,0.7104795737122638,-11.059371362048898,中证1000,000852.SH
2024-06-17 00:00:00,688502.SH,茂莱光学,信息技术,59.2416,,纳入,2.037104401600587,-3.6080178173719446,中证1000,000852.SH
2024-06-17 00:00:00,688515.SH,裕太微-U,信息技术,54.64,,纳入,19.71954425942155,2.076701530998948,中证1000,000852.SH
2024-06-17 00:00:00,688531.SH,日联科技,工业,53.3132551584,,纳入,5.054151624548742,4.089456869009567,中证1000,000852.SH
2024-05-13 00:00:00,300415.SZ,伊之密,工业,122.29470392400002,,纳入,9.433962264150942,-2.7102431247509,中证1000,000852.SH
2024-05-13 00:00:00,603398.SH,*ST沐邦,工业,83.5627216748,,纳入,10.429799426934094,-1.6062176165803188,中证1000,000852.SH
2024-05-13 00:00:00,600651.SH,飞乐音响,可选消费,80.4755992815,,纳入,2.229299363057313,-0.3086419753086544,中证1000,000852.SH
2023-12-11 00:00:00,603087.SH,甘李药业,医疗保健,324.828228725,,纳入,-1.210697506324554,-7.827754532775466,中证1000,000852.SH
2023-12-11 00:00:00,301358.SZ,湖南裕能,材料,258.22329687,,纳入,6.662496090084469,0.8457276173811756,中证1000,000852.SH
2023-12-11 00:00:00,601858.SH,中国科传,通讯服务,243.86925,,纳入,3.0394121576486244,-1.8487949818421945,中证1000,000852.SH
2023-12-11 00:00:00,601869.SH,长飞光纤,信息技术,228.508390062,,纳入,1.8237082066869137,-6.044503487213559,中证1000,000852.SH
2023-12-11 00:00:00,688213.SH,思特威-W,信息技术,227.685692,,纳入,10.524271844660204,-1.3046544428772957,中证1000,000852.SH
2023-12-11 00:00:00,688192.SH,迪哲医药-U,医疗保健,209.38165281,,纳入,9.944277753964847,-6.895893027698186,中证1000,000852.SH
2023-12-11 00:00:00,600361.SH,创新新材,材料,209.0044947916,,纳入,-2.2312373225152005,-3.519668737060033,中证1000,000852.SH
2023-12-11 00:00:00,688327.SH,云从科技-UW,信息技术,202.7215328585,,纳入,8.974358974358987,-7.538461538461528,中证1000,000852.SH
2023-12-11 00:00:00,688439.SH,振华风光,信息技术,190.9,,纳入,1.39154450817931,-4.828595317725759,中证1000,000852.SH
2023-12-11 00:00:00,688185.SH,康希诺,医疗保健,190.8828520886,,纳入,-7.160909856781816,6.508412677709652,中证1000,000852.SH
2023-12-11 00:00:00,601333.SH,广深铁路,工业,187.7137305,,纳入,-2.573529411764719,-0.375939849624074,中证1000,000852.SH
2023-12-11 00:00:00,600012.SH,皖通高速,工业,186.427764,,纳入,1.5356820234869062,0.5545286506469571,中证1000,000852.SH
2023-12-11 00:00:00,601811.SH,新华文轩,通讯服务,180.0174019,,纳入,3.9914468995010832,7.2297780959198255,中证1000,000852.SH
2023-12-11 00:00:00,002221.SZ,东华能源,能源,176.526309904,,纳入,3.2258064516129004,-1.172227231740297,中证1000,000852.SH
2023-12-11 00:00:00,688409.SH,富创精密,信息技术,173.409740553,,纳入,4.090852051700344,-0.7179995048279264,中证1000,000852.SH
2023-12-11 00:00:00,000869.SZ,张裕A,日常消费,171.677890632,,纳入,-3.426791277258568,-4.510978043912162,中证1000,000852.SH
2023-12-11 00:00:00,000012.SZ,南玻A,材料,171.65168878129998,,纳入,0.3590664272890453,-1.4209591474245165,中证1000,000852.SH
2023-12-11 00:00:00,300475.SZ,香农芯创,工业,167.6520970288,,纳入,1.439645625692143,-6.879739978331523,中证1000,000852.SH
2023-12-11 00:00:00,001287.SZ,中电港,信息技术,165.58223113629998,,纳入,-0.5476951163852051,0.3221352968246771,中证1000,000852.SH
2023-12-11 00:00:00,601326.SH,秦港股份,工业,164.82865400000003,,纳入,-1.3377926421404784,0.3401360544217802,中证1000,000852.SH
2023-12-11 00:00:00,301205.SZ,联特科技,信息技术,164.515392,,纳入,0.4197354874475367,-5.144644253322916,中证1000,000852.SH
2023-12-11 00:00:00,002901.SZ,大博医疗,医疗保健,163.951724376,,纳入,0.1517450682852805,-5.386949924127482,中证1000,000852.SH
2023-12-11 00:00:00,300182.SZ,捷成股份,信息技术,161.42783329919996,,纳入,4.663212435233177,-2.9654036243822346,中证1000,000852.SH
2023-12-11 00:00:00,600667.SH,太极实业,工业,157.75364433220005,,纳入,-2.60078023407021,-1.4784946236559238,中证1000,000852.SH
2023-12-11 00:00:00,301262.SZ,海看股份,通讯服务,149.2026,,纳入,-5.693199789140735,4.498676859747119,中证1000,000852.SH
2023-12-11 00:00:00,300624.SZ,万兴科技,信息技术,147.34339449,,纳入,6.957217113154735,-7.490740740740742,中证1000,000852.SH
2023-12-11 00:00:00,688097.SH,博众精工,工业,146.857785132,,纳入,7.066102246825134,4.778933680104025,中证1000,000852.SH
2023-12-11 00:00:00,688322.SH,奥比中光-UW,信息技术,143.1603579,,纳入,6.107322857989916,-2.4541607898448614,中证1000,000852.SH
2023-12-11 00:00:00,600623.SH,华谊集团,材料,141.5282533072,,纳入,-2.496328928046998,-0.9049773755655964,中证1000,000852.SH
2023-12-11 00:00:00,300482.SZ,万孚生物,医疗保健,141.0003169172,,纳入,0.1262626262626076,-3.818466353677608,中证1000,000852.SH
2023-12-11 00:00:00,301153.SZ,中科江南,信息技术,139.19039999999998,,纳入,5.854523950325241,5.449109933414853,中证1000,000852.SH
2023-12-11 00:00:00,603638.SH,艾迪精密,工业,138.8282764968,,纳入,1.4084507042253502,-1.594114040465966,中证1000,000852.SH
2023-12-11 00:00:00,000415.SZ,渤海租赁,金融,137.9148245886,,纳入,-0.8888888888888946,1.7777777777777892,中证1000,000852.SH
2023-12-11 00:00:00,300741.SZ,华宝股份,日常消费,136.786948,,纳入,-2.5021949078138706,-3.546099290780136,中证1000,000852.SH
2023-12-11 00:00:00,601969.SH,海南矿业,材料,135.2915145176,,纳入,-1.4836795252225587,-1.8018018018018056,中证1000,000852.SH
2023-12-11 00:00:00,603556.SH,海兴电力,信息技术,131.651480376,,纳入,3.3768227168073928,4.557538928978366,中证1000,000852.SH
2023-12-11 00:00:00,600595.SH,中孚实业,材料,131.1232432278,,纳入,-3.2544378698224907,-2.686567164179121,中证1000,000852.SH
2023-12-11 00:00:00,600728.SH,佳都科技,信息技术,131.02848961150002,,纳入,4.088586030664398,-3.300330033003296,中证1000,000852.SH
2023-12-11 00:00:00,301381.SZ,赛维时代,可选消费,129.95247999999998,,纳入,-0.7334963325183352,1.150855365474346,中证1000,000852.SH
2023-12-11 00:00:00,601718.SH,际华集团,可选消费,129.553067418,,纳入,1.3745704467353903,0.0,中证1000,000852.SH
2023-12-11 00:00:00,002745.SZ,木林森,信息技术,129.122476713,,纳入,-3.118040089086871,-3.370786516853941,中证1000,000852.SH
2023-12-11 00:00:00,600601.SH,方正科技,信息技术,127.6109745822,,纳入,0.0,-3.26797385620915,中证1000,000852.SH
2023-12-11 00:00:00,002705.SZ,新宝股份,可选消费,126.40667756199998,,纳入,-4.556803995006254,-6.691919191919194,中证1000,000852.SH
2023-12-11 00:00:00,688351.SH,微电生理,医疗保健,126.26198,,纳入,1.821631878557861,-8.764940239043817,中证1000,000852.SH
2023-12-11 00:00:00,300620.SZ,光库科技,信息技术,126.23683836220002,,纳入,1.4589905362776046,-10.450586898901935,中证1000,000852.SH
2023-12-11 00:00:00,002183.SZ,怡亚通,工业,124.13703454980002,,纳入,1.9189765458422103,0.2109704641350074,中证1000,000852.SH
2023-12-11 00:00:00,688400.SH,凌云光,信息技术,123.4764,,纳入,6.220095693779904,0.0,中证1000,000852.SH
2023-12-11 00:00:00,600718.SH,东软集团,信息技术,120.6132732728,,纳入,0.1007049345417954,-1.31180625630678,中证1000,000852.SH
2023-12-11 00:00:00,600556.SH,天下秀,信息技术,120.0344434288,,纳入,1.5290519877675823,1.3740458015267354,中证1000,000852.SH
2023-12-11 00:00:00,600780.SH,通宝能源,公用事业,119.8095136535,,纳入,-2.8810408921933206,-8.834244080145737,中证1000,000852.SH
2023-12-11 00:00:00,002249.SZ,大洋电机,工业,119.1540888769,,纳入,-1.7786561264822145,-2.39043824701195,中证1000,000852.SH
2023-12-11 00:00:00,001337.SZ,四川黄金,材料,119.07,,纳入,-5.025125628140703,-0.9783368273934334,中证1000,000852.SH
2023-12-11 00:00:00,688596.SH,正帆科技,工业,117.94775721,,纳入,3.558282208588981,-6.3160366283165015,中证1000,000852.SH
2023-12-11 00:00:00,601163.SH,三角轮胎,可选消费,117.84,,纳入,-0.203252032520329,-0.277392510402219,中证1000,000852.SH
2023-12-11 00:00:00,600782.SH,新钢股份,材料,117.6473903726,,纳入,-1.319261213720324,-3.9893617021276575,中证1000,000852.SH
2023-12-11 00:00:00,600195.SH,中牧股份,医疗保健,117.227820248,,纳入,-0.6920415224913601,4.420866489831998,中证1000,000852.SH
2023-12-11 00:00:00,002265.SZ,建设工业,工业,116.3203498282,,纳入,-7.325102880658429,16.36851520572451,中证1000,000852.SH
2023-12-11 00:00:00,002985.SZ,北摩高科,工业,115.51823816,,纳入,-5.944339367738438,6.803355079217166,中证1000,000852.SH
2023-12-11 00:00:00,603083.SH,剑桥科技,信息技术,115.4459875946,,纳入,5.281173594132049,-5.264378478664177,中证1000,000852.SH
2023-12-11 00:00:00,002458.SZ,益生股份,日常消费,115.078266682,,纳入,5.172413793103448,-5.751072961373394,中证1000,000852.SH
2023-12-11 00:00:00,000719.SZ,中原传媒,通讯服务,114.3941791382,,纳入,3.806870937790152,11.308411214953274,中证1000,000852.SH
2023-12-11 00:00:00,600861.SH,北京人力,工业,113.6754337744,,纳入,-4.061156235069296,-5.87378640776699,中证1000,000852.SH
2023-12-11 00:00:00,301286.SZ,侨源股份,材料,113.6284,,纳入,2.601156069364152,0.0359971202303688,中证1000,000852.SH
2023-12-11 00:00:00,600409.SH,三友化工,材料,113.3327846952,,纳入,-2.486678507992901,-2.3381294964028854,中证1000,000852.SH
2023-12-11 00:00:00,600259.SH,广晟有色,材料,112.70602985,,纳入,-1.8746338605741155,-2.1964974769961287,中证1000,000852.SH
2023-12-11 00:00:00,300113.SZ,顺网科技,信息技术,112.405104156,,纳入,4.654169360051719,0.5018820577164407,中证1000,000852.SH
2023-12-11 00:00:00,000837.SZ,秦川机床,工业,112.097017329,,纳入,-1.6829052258635957,-2.26039783001808,中证1000,000852.SH
2023-12-11 00:00:00,688630.SH,芯碁微装,信息技术,110.1817617024,,纳入,2.2938018545632266,-1.5500121094696009,中证1000,000852.SH
2023-12-11 00:00:00,688289.SH,圣湘生物,医疗保健,109.7477532595,,纳入,-0.5457849355207989,-2.641316806412275,中证1000,000852.SH
2023-12-11 00:00:00,002096.SZ,易普力,材料,108.042391067,,纳入,-3.650442477876081,4.4673539518900185,中证1000,000852.SH
2023-12-11 00:00:00,600507.SH,方大特钢,材料,107.4618762803,,纳入,-4.356846473029041,-4.713114754098358,中证1000,000852.SH
2023-12-11 00:00:00,301246.SZ,宏源药业,医疗保健,106.4018088,,纳入,-1.5544041450777146,-1.6566265060240837,中证1000,000852.SH
2023-12-11 00:00:00,301293.SZ,三博脑科,医疗保健,103.45300328410002,,纳入,-1.4490566037735797,-3.975535168195732,中证1000,000852.SH
2023-12-11 00:00:00,603699.SH,纽威股份,工业,103.41284783199998,,纳入,-0.4392386530014724,1.7267267267267128,中证1000,000852.SH
2023-12-11 00:00:00,600976.SH,健民集团,医疗保健,102.63900326,,纳入,-2.106803218727127,1.4298349056603763,中证1000,000852.SH
2023-12-11 00:00:00,002081.SZ,金螳螂,工业,102.4954943954,,纳入,-2.5252525252525304,-1.5424164524421635,中证1000,000852.SH
2023-12-11 00:00:00,001311.SZ,多利科技,可选消费,100.3735203642,,纳入,-0.1097092704333335,-4.68077139112526,中证1000,000852.SH
2023-12-11 00:00:00,603162.SH,海通发展,工业,99.7186171684,,纳入,-5.532906231799672,-1.169230769230789,中证1000,000852.SH
2023-12-11 00:00:00,688380.SH,中微半导,信息技术,99.1704105,,纳入,7.090358841331601,-3.200000000000014,中证1000,000852.SH
2023-12-11 00:00:00,301376.SZ,致欧科技,可选消费,96.48045,,纳入,1.520912547528508,2.638190954773889,中证1000,000852.SH
2023-12-11 00:00:00,002354.SZ,天娱数科,通讯服务,95.469601814,,纳入,2.1238938053097067,5.1056338028169,中证1000,000852.SH
2023-12-11 00:00:00,688116.SH,天奈科技,材料,94.51554915,,纳入,4.127224536160545,-3.6443148688046767,中证1000,000852.SH
2023-12-11 00:00:00,600475.SH,华光环能,工业,94.17757917640002,,纳入,-2.9182879377431803,1.4999999999999902,中证1000,000852.SH
2023-12-11 00:00:00,688392.SH,骄成超声,工业,94.136,,纳入,-2.427415516420761,-0.374999999999992,中证1000,000852.SH
2023-12-11 00:00:00,688372.SH,伟测科技,信息技术,93.544813141,,纳入,-3.677328975017502,-7.405234127449811,中证1000,000852.SH
2023-12-11 00:00:00,002077.SZ,大港股份,信息技术,93.1459363365,,纳入,-0.4959702417854927,-3.136762860727716,中证1000,000852.SH
2023-12-11 00:00:00,688403.SH,汇成股份,信息技术,91.5834049257,,纳入,2.0465116279069884,-0.6457564575645836,中证1000,000852.SH
2023-12-11 00:00:00,301325.SZ,曼恩斯特,信息技术,91.128,,纳入,1.1723954169997164,-5.013854070457857,中证1000,000852.SH
2023-12-11 00:00:00,688031.SH,星环科技-U,信息技术,89.50771976759998,,纳入,10.321715817694365,-4.82177397071013,中证1000,000852.SH
2023-12-11 00:00:00,300618.SZ,寒锐钴业,材料,89.1115376506,,纳入,-0.4881450488145034,-6.655348047538212,中证1000,000852.SH
2023-12-11 00:00:00,002275.SZ,桂林三金,医疗保健,89.0166429,,纳入,-2.6974951830443183,-0.3326679973386426,中证1000,000852.SH
2023-12-11 00:00:00,301291.SZ,明阳电气,工业,88.38382,,纳入,-0.246652572233974,-2.43558065654782,中证1000,000852.SH
2023-12-11 00:00:00,002127.SZ,南极电商,可选消费,87.63887338709999,,纳入,-3.25203252032521,8.05555555555555,中证1000,000852.SH
2023-12-11 00:00:00,600138.SH,中青旅,可选消费,78.247104,,纳入,-0.4604051565377465,0.4616805170821747,中证1000,000852.SH
2023-12-11 00:00:00,688275.SH,万润新能,材料,75.02787363869999,,纳入,0.1683785149014793,2.2595990485898776,中证1000,000852.SH
2023-12-11 00:00:00,000420.SZ,吉林化纤,材料,73.0283897871,,纳入,-1.980198019801982,-3.0201342281879096,中证1000,000852.SH
2023-12-11 00:00:00,300261.SZ,雅本化学,材料,71.0922389598,,纳入,-2.894736842105261,-0.809716599190291,中证1000,000852.SH
2023-12-11 00:00:00,002250.SZ,联化科技,材料,68.9664953232,,纳入,-2.607561929595825,-3.748326639892896,中证1000,000852.SH
2023-12-11 00:00:00,688381.SH,帝奥微,信息技术,66.55558,,纳入,2.5252525252525304,-0.581170089112748,中证1000,000852.SH
2023-12-11 00:00:00,688152.SH,麒麟信安,信息技术,65.5735385592,,纳入,-3.566465956461329,-7.761904761904748,中证1000,000852.SH
2023-11-13 00:00:00,002866.SZ,传艺科技,信息技术,60.5391037296,,纳入,1.0144927536231974,1.9286403085824635,中证1000,000852.SH
2023-07-17 00:00:00,688209.SH,英集芯,信息技术,74.21400000000001,,纳入,-0.5067567567567544,-5.767077267637177,中证1000,000852.SH
2023-06-12 00:00:00,688235.SH,百济神州-U,医疗保健,1841.5230585822,,纳入,-0.3768565728220041,-10.32533985031312,中证1000,000852.SH
2023-06-12 00:00:00,603345.SH,安井食品,日常消费,458.125590384,,纳入,4.286286553611962,4.702380952380958,中证1000,000852.SH
2023-06-12 00:00:00,301308.SZ,江波龙,信息技术,443.9529323262,,纳入,-3.3003597122302164,-0.7725165863855188,中证1000,000852.SH
2023-06-12 00:00:00,301267.SZ,华厦眼科,医疗保健,398.60800000000006,,纳入,-1.0701876302988134,-5.703008030488633,中证1000,000852.SH
2023-06-12 00:00:00,688331.SH,荣昌生物,医疗保健,374.2352408628001,,纳入,19.89537925021796,-3.3071333234465428,中证1000,000852.SH
2023-06-12 00:00:00,301165.SZ,锐捷网络,信息技术,336.931818074,,纳入,5.197800248359052,-0.2802967848310023,中证1000,000852.SH
2023-06-12 00:00:00,688153.SH,唯捷创芯,信息技术,311.67687479039995,,纳入,2.738432483474984,4.998563631140462,中证1000,000852.SH
2023-06-12 00:00:00,300002.SZ,神州泰岳,信息技术,267.2968374192,,纳入,0.0734214390602172,-2.4164889836531644,中证1000,000852.SH
2023-06-12 00:00:00,601019.SH,山东出版,通讯服务,227.26341,,纳入,2.3496240601503797,-3.151065801668207,中证1000,000852.SH
2023-06-12 00:00:00,002060.SZ,广东建工,工业,217.876478925,,纳入,-0.4651162790697771,-1.2345679012345734,中证1000,000852.SH
2023-06-12 00:00:00,301301.SZ,川宁生物,医疗保健,208.27636,,纳入,-1.3684210526315963,-2.120890774125128,中证1000,000852.SH
2023-06-12 00:00:00,601801.SH,皖新传媒,通讯服务,200.909678437,,纳入,-1.941747572815544,4.219823356231611,中证1000,000852.SH
2023-06-12 00:00:00,600225.SH,退市卓朗(退市),信息技术,198.8842913629,,纳入,13.203883495145629,13.523131672597868,中证1000,000852.SH
2023-06-12 00:00:00,600633.SH,浙数文化,信息技术,197.9602537972,,纳入,15.679461741788824,21.097046413502092,中证1000,000852.SH
2023-06-12 00:00:00,002948.SZ,青岛银行,金融,196.7279896712,,纳入,1.8072289156626509,-3.2163742690058394,中证1000,000852.SH
2023-06-12 00:00:00,688088.SH,虹软科技,信息技术,185.0142,,纳入,-8.841768353670743,5.032030287595868,中证1000,000852.SH
2023-06-12 00:00:00,001322.SZ,箭牌家居,可选消费,182.11457408,,纳入,11.137301119622878,-0.054644808743165,中证1000,000852.SH
2023-06-12 00:00:00,301095.SZ,广立微,信息技术,181.92,,纳入,0.9993337774816702,-2.9247311827957034,中证1000,000852.SH
2023-06-12 00:00:00,688326.SH,经纬恒润-W,信息技术,176.4,,纳入,13.953488372093029,18.46923076923077,中证1000,000852.SH
2023-06-12 00:00:00,301239.SZ,普瑞眼科,医疗保健,172.7950385352,,纳入,-5.133891900772136,-10.436200570729726,中证1000,000852.SH
2023-06-12 00:00:00,301363.SZ,美好医疗,医疗保健,172.22051,,纳入,2.393617021276606,-0.7848409903713938,中证1000,000852.SH
2023-06-12 00:00:00,688232.SH,新点软件,信息技术,171.567,,纳入,5.713704758031724,6.344294003868445,中证1000,000852.SH
2023-06-12 00:00:00,603888.SH,新华网,通讯服务,169.878309528,,纳入,5.751211631663988,9.21205098493627,中证1000,000852.SH
2023-06-12 00:00:00,001301.SZ,尚太科技,材料,169.73672364,,纳入,-1.96549137284322,0.6471030850263126,中证1000,000852.SH
2023-06-12 00:00:00,000686.SZ,东北证券,金融,167.3423834225,,纳入,-0.5563282336578657,-0.9459459459459474,中证1000,000852.SH
2023-06-12 00:00:00,002219.SZ,新里程,医疗保健,164.6916512711,,纳入,1.4583333333333393,-3.853955375253548,中证1000,000852.SH
2023-06-12 00:00:00,603477.SH,巨星农牧,日常消费,163.5215639544,,纳入,13.368421052631586,0.7209372183839102,中证1000,000852.SH
2023-06-12 00:00:00,001236.SZ,弘业期货,金融,163.26000003599998,,纳入,6.09037328094304,-0.4848484848484768,中证1000,000852.SH
2023-06-12 00:00:00,688110.SH,东芯股份,信息技术,159.29836283160003,,纳入,1.2651110486365136,0.530133928571419,中证1000,000852.SH
2023-06-12 00:00:00,000552.SZ,甘肃能化,能源,153.54788321520002,,纳入,-0.2994011976047872,-1.7804154302670572,中证1000,000852.SH
2023-06-12 00:00:00,000756.SZ,新华制药,医疗保健,151.263891607,,纳入,-5.360911777121158,1.5097690941385356,中证1000,000852.SH
2023-06-12 00:00:00,300820.SZ,英杰电气,工业,147.772108575,,纳入,-9.75866608161474,12.255311253363011,中证1000,000852.SH
2023-06-12 00:00:00,300260.SZ,新莱应材,工业,140.6027059242,,纳入,5.186440677966098,13.96463001749877,中证1000,000852.SH
2023-06-12 00:00:00,688048.SH,长光华芯,信息技术,139.15538700419998,,纳入,6.539483521687095,31.230674087816944,中证1000,000852.SH
2023-06-12 00:00:00,688262.SH,国芯科技,信息技术,138.96,,纳入,-5.407613135108647,5.680473372781059,中证1000,000852.SH
2023-06-12 00:00:00,601022.SH,宁波远洋,工业,138.715133404,,纳入,1.923076923076916,-1.0367577756833168,中证1000,000852.SH
2023-06-12 00:00:00,603100.SH,川仪股份,信息技术,137.144,,纳入,-10.974358974358989,-0.7187221976312164,中证1000,000852.SH
2023-06-12 00:00:00,603983.SH,丸美生物,日常消费,134.40371234399998,,纳入,-0.8880994671403464,3.627569528415964,中证1000,000852.SH
2023-06-12 00:00:00,600648.SH,外高桥,工业,132.6087776832,,纳入,-0.256191289496166,-3.204047217537931,中证1000,000852.SH
2023-06-12 00:00:00,688206.SH,概伦电子,信息技术,129.013441943,,纳入,0.3712453594330034,-6.867233485938518,中证1000,000852.SH
2023-06-12 00:00:00,002396.SZ,星网锐捷,信息技术,128.665740126,,纳入,0.9771986970684045,5.405405405405417,中证1000,000852.SH
2023-06-12 00:00:00,600787.SH,中储股份,工业,124.0637321826,,纳入,-0.7005253940455258,0.2161989858704416,中证1000,000852.SH
2023-06-12 00:00:00,002212.SZ,天融信,信息技术,123.222568872,,纳入,-1.979264844486328,-0.8522727272727404,中证1000,000852.SH
2023-06-12 00:00:00,688261.SH,东微半导,信息技术,122.9686074117,,纳入,4.124828845276118,-3.3170966640237665,中证1000,000852.SH
2023-06-12 00:00:00,301171.SZ,易点天下,通讯服务,122.87908966199998,,纳入,7.028360049321836,3.958416633346662,中证1000,000852.SH
2023-06-12 00:00:00,000029.SZ,深深房A,房地产,121.803864,,纳入,5.061082024432784,-5.519480519480524,中证1000,000852.SH
2023-06-12 00:00:00,603281.SH,江瀚新材,材料,119.80266688060004,,纳入,-0.6193868070610065,-1.3845185651353065,中证1000,000852.SH
2023-06-12 00:00:00,000062.SZ,深圳华强,信息技术,119.5474355046,,纳入,-4.908485856905154,2.872062663185382,中证1000,000852.SH
2023-06-12 00:00:00,600064.SH,南京高科,房地产,117.4900618276,,纳入,1.1922503725782407,-1.603498542274051,中证1000,000852.SH
2023-06-12 00:00:00,600006.SH,东风股份,可选消费,116.6,,纳入,1.7452006980802626,2.086956521739136,中证1000,000852.SH
2023-06-12 00:00:00,688091.SH,上海谊众,医疗保健,115.55789168,,纳入,-0.341250341250332,-4.7808764940238895,中证1000,000852.SH
2023-06-12 00:00:00,002701.SZ,奥瑞金,材料,114.7674154456,,纳入,-1.327433628318564,-1.103752759381904,中证1000,000852.SH
2023-06-12 00:00:00,001269.SZ,欧晶科技,工业,114.4947858076,,纳入,-0.2796488042831613,4.511820989720294,中证1000,000852.SH
2023-06-12 00:00:00,300693.SZ,盛弘股份,工业,114.3281826116,,纳入,-6.381362370220312,4.420772303595211,中证1000,000852.SH
2023-06-12 00:00:00,000821.SZ,京山轻机,工业,113.6123595072,,纳入,-0.0547945205479405,0.4350190320826508,中证1000,000852.SH
2023-06-12 00:00:00,603719.SH,良品铺子,日常消费,112.681,,纳入,0.2918475416100685,1.146542457900401,中证1000,000852.SH
2023-06-12 00:00:00,002424.SZ,贵州百灵,医疗保健,112.33152,,纳入,-1.4851485148514865,6.511056511056501,中证1000,000852.SH
2023-06-12 00:00:00,002242.SZ,九阳股份,可选消费,111.3708684,,纳入,-2.8762541806020003,1.3157894736842035,中证1000,000852.SH
2023-06-12 00:00:00,600201.SH,生物股份,医疗保健,111.1406272192,,纳入,-5.52380952380952,-3.8000000000000154,中证1000,000852.SH
2023-06-12 00:00:00,300811.SZ,铂科新材,信息技术,110.548830392,,纳入,-1.6119520345979963,4.8413326806112655,中证1000,000852.SH
2023-06-12 00:00:00,603871.SH,嘉友国际,工业,110.510739937,,纳入,3.174603174603185,0.1338688085676054,中证1000,000852.SH
2023-06-12 00:00:00,301367.SZ,瑞迈特,医疗保健,109.8944,,纳入,-3.6311595016275566,-9.93882091212457,中证1000,000852.SH
2023-06-12 00:00:00,600216.SH,浙江医药,医疗保健,107.4187464,,纳入,-1.76522506619593,1.5205724508050356,中证1000,000852.SH
2023-06-12 00:00:00,002583.SZ,海能达,信息技术,106.96709379989998,,纳入,-0.3384094754653288,0.5093378607810006,中证1000,000852.SH
2023-06-12 00:00:00,002101.SZ,广东鸿图,可选消费,106.3575399526,,纳入,3.659793814432999,4.73684210526315,中证1000,000852.SH
2023-06-12 00:00:00,000736.SZ,*ST中地,房地产,105.7754640969,,纳入,7.415254237288149,5.946560401655887,中证1000,000852.SH
2023-06-12 00:00:00,002048.SZ,宁波华翔,可选消费,105.5881873876,,纳入,-0.5368098159509116,4.848958085693012,中证1000,000852.SH
2023-06-12 00:00:00,002434.SZ,万里扬,可选消费,105.53304,,纳入,0.0,6.777493606138085,中证1000,000852.SH
2023-06-12 00:00:00,300416.SZ,苏试试验,工业,104.8117028166,,纳入,-1.151079136690658,-2.903981264637012,中证1000,000852.SH
2023-06-12 00:00:00,001338.SZ,永顺泰,日常消费,103.1558594704,,纳入,16.28959276018098,6.206527554842167,中证1000,000852.SH
2023-06-12 00:00:00,603057.SH,紫燕食品,日常消费,101.97,,纳入,-1.6686531585220488,1.0638297872340274,中证1000,000852.SH
2023-06-12 00:00:00,301316.SZ,慧博云通,信息技术,101.962549,,纳入,-3.337125521425865,1.3655872024970872,中证1000,000852.SH
2023-06-12 00:00:00,605020.SH,永和股份,材料,100.4430466021,,纳入,-2.650918635170607,1.2507344688926336,中证1000,000852.SH
2023-06-12 00:00:00,002053.SZ,云南能投,公用事业,99.8070738976,,纳入,0.8460700578919234,1.0018214936247771,中证1000,000852.SH
2023-06-12 00:00:00,301327.SZ,华宝新能,工业,99.25344,,纳入,-0.9465686885041792,1.0003798910978912,中证1000,000852.SH
2023-06-12 00:00:00,600313.SH,农发种业,日常消费,98.480078333,,纳入,2.824858757062132,-1.6393442622950838,中证1000,000852.SH
2023-06-12 00:00:00,688337.SH,普源精电,信息技术,96.735149832,,纳入,-2.426657008330302,11.35531135531136,中证1000,000852.SH
2023-06-12 00:00:00,688167.SH,炬光科技,信息技术,96.3453973728,,纳入,1.465550057099363,4.884669809223929,中证1000,000852.SH
2023-06-12 00:00:00,002840.SZ,华统股份,日常消费,95.981620653,,纳入,3.094140882159313,-3.2724984266834567,中证1000,000852.SH
2023-06-12 00:00:00,300463.SZ,迈克生物,医疗保健,95.667749958,,纳入,-3.341584158415845,1.2804097311139628,中证1000,000852.SH
2023-06-12 00:00:00,688270.SH,臻镭科技,信息技术,95.5128818,,纳入,-0.9670259987317632,-2.3628167262552457,中证1000,000852.SH
2023-06-12 00:00:00,688173.SH,希荻微,信息技术,95.48873525220002,,纳入,0.0,-3.275934481310361,中证1000,000852.SH
2023-06-12 00:00:00,002416.SZ,爱施德,信息技术,95.3007708814,,纳入,-1.5364916773367376,0.6527415143603221,中证1000,000852.SH
2023-06-12 00:00:00,300869.SZ,康泰医学,医疗保健,94.5032122944,,纳入,-6.332138590203096,-1.045150501672254,中证1000,000852.SH
2023-06-12 00:00:00,000990.SZ,诚志股份,材料,94.302432716,,纳入,-2.485308776253614,-1.7879948914431676,中证1000,000852.SH
2023-06-12 00:00:00,600340.SH,华夏幸福,房地产,91.58105600279998,,纳入,1.7391304347826209,-2.521008403361358,中证1000,000852.SH
2023-06-12 00:00:00,688239.SH,航宇科技,工业,90.449044872,,纳入,-3.27662255828608,-3.47879157766251,中证1000,000852.SH
2023-06-12 00:00:00,002191.SZ,劲嘉股份,材料,89.42996304,,纳入,3.2258064516129226,-1.4681892332789603,中证1000,000852.SH
2023-06-12 00:00:00,300630.SZ,普利退(退市),医疗保健,87.9686684352,,纳入,-2.796528447444535,1.9617459538989523,中证1000,000852.SH
2023-06-12 00:00:00,601101.SH,昊华能源,能源,87.26387431559998,,纳入,0.0,-0.3252032520325243,中证1000,000852.SH
2023-06-12 00:00:00,688123.SH,聚辰股份,信息技术,87.1603850145,,纳入,-4.985453583708033,3.982189786439072,中证1000,000852.SH
2023-06-12 00:00:00,688046.SH,药康生物,医疗保健,85.895,,纳入,-0.1905669366364937,-3.712296983758701,中证1000,000852.SH
2023-06-12 00:00:00,688238.SH,和元生物,医疗保健,84.43888869,,纳入,5.528846153846123,-6.922498118886377,中证1000,000852.SH
2023-06-12 00:00:00,002124.SZ,天邦食品,日常消费,83.3154259578,,纳入,3.661327231121292,3.3707865168539186,中证1000,000852.SH
2023-06-12 00:00:00,688190.SH,云路股份,材料,81.61200000000001,,纳入,0.1620029455080995,-0.8063375300608189,中证1000,000852.SH
2023-06-12 00:00:00,002125.SZ,湘潭电化,材料,75.7895982452,,纳入,-1.2305168170631653,-1.0699588477366406,中证1000,000852.SH
2023-06-12 00:00:00,002068.SZ,黑猫股份,材料,69.91327822599999,,纳入,-3.409090909090906,20.39473684210529,中证1000,000852.SH
2023-06-12 00:00:00,002002.SZ,ST鸿达(退市),材料,68.99705336939999,,纳入,1.8433179723502224,1.7937219730941756,中证1000,000852.SH
2023-06-12 00:00:00,605333.SH,沪光股份,可选消费,68.573844717,,纳入,1.0946555054732745,6.608811748998655,中证1000,000852.SH
2023-06-12 00:00:00,002932.SZ,明德生物,医疗保健,65.91969130950001,,纳入,-7.262019039705525,-5.106970324361637,中证1000,000852.SH
2025-06-16 00:00:00,688235.SH,百济神州-U,医疗保健,3958.620221904,,纳入,1.5019762845849938,-4.7528295282175055,中证500,000905.SH
2025-06-16 00:00:00,688608.SH,恒玄科技,信息技术,445.2249692192,,纳入,-5.351537578154919,-2.439153439153441,中证500,000905.SH
2025-06-16 00:00:00,600562.SH,国睿科技,工业,384.230815696,,纳入,8.675799086757996,-6.198483349818651,中证500,000905.SH
2025-06-16 00:00:00,000933.SZ,神火股份,材料,382.8394668438,,纳入,1.9161676646706427,-4.946996466431086,中证500,000905.SH
2025-06-16 00:00:00,300454.SZ,深信服,信息技术,382.0135126225,,纳入,-8.659820763007364,-1.9738301175426964,中证500,000905.SH
2025-06-16 00:00:00,688728.SH,格科微,信息技术,375.7847733815,,纳入,-6.2905317769131,0.0692041522491582,中证500,000905.SH
2025-06-16 00:00:00,688183.SH,生益电子,信息技术,359.76265818749994,,纳入,4.8230731943771366,6.892603618044424,中证500,000905.SH
2025-06-16 00:00:00,300450.SZ,先导智能,工业,352.85653156020004,,纳入,4.0646651270207945,2.363636363636345,中证500,000905.SH
2025-06-16 00:00:00,603659.SH,璞泰来,材料,347.7168060244,,纳入,1.784154666174631,2.821128451380539,中证500,000905.SH
2025-06-16 00:00:00,600985.SH,淮北矿业,能源,319.95913462920004,,纳入,-0.9902824610409032,-5.462184873949594,中证500,000905.SH
2025-06-16 00:00:00,300458.SZ,全志科技,信息技术,316.17147684720004,,纳入,-2.815829528158298,-3.273195876288648,中证500,000905.SH
2025-06-16 00:00:00,002130.SZ,沃尔核材,工业,296.4541316386,,纳入,6.567028985507251,1.1057054400707589,中证500,000905.SH
2025-06-16 00:00:00,002007.SZ,华兰生物,医疗保健,290.38286422740003,,纳入,-2.694427434170221,-2.55765777849446,中证500,000905.SH
2025-06-16 00:00:00,300115.SZ,长盈精密,信息技术,288.84003599100004,,纳入,1.573676680972813,-5.524079320113307,中证500,000905.SH
2025-06-16 00:00:00,600363.SH,联创光电,信息技术,287.5281613,,纳入,5.578684429641956,-5.147540983606569,中证500,000905.SH
2025-06-16 00:00:00,688027.SH,国盾量子,信息技术,286.2827379832,,纳入,0.8405797101449064,-3.469314079422392,中证500,000905.SH
2025-06-16 00:00:00,000429.SZ,粤高速A,工业,283.5133106856,,纳入,-3.349964362081248,0.6545454545454632,中证500,000905.SH
2025-06-16 00:00:00,300857.SZ,协创数据,信息技术,279.0463996908,,纳入,-6.768383618217277,-4.782661339145178,中证500,000905.SH
2025-06-16 00:00:00,002773.SZ,康弘药业,医疗保健,279.0081882016,,纳入,-5.343750000000003,-11.32737715379708,中证500,000905.SH
2025-06-16 00:00:00,002837.SZ,英维克,工业,278.7857085628,,纳入,5.925653294074351,5.502215657311682,中证500,000905.SH
2025-06-16 00:00:00,688568.SH,中科星图,信息技术,273.14407158640006,,纳入,-2.457357617808631,1.6476932294787303,中证500,000905.SH
2025-06-16 00:00:00,002851.SZ,麦格米特,工业,264.5848120848,,纳入,2.4730500951172907,-1.0127127774186562,中证500,000905.SH
2025-06-16 00:00:00,000062.SZ,深圳华强,信息技术,262.94160355080004,,纳入,-2.934362934362933,-3.9936102236421744,中证500,000905.SH
2025-06-16 00:00:00,688318.SH,财富趋势,信息技术,262.4968468528,,纳入,1.4150009895111726,-3.203844613536233,中证500,000905.SH
2025-06-16 00:00:00,688582.SH,芯动联科,信息技术,260.785751528,,纳入,-7.161198288159765,-5.454269219082331,中证500,000905.SH
2025-06-16 00:00:00,301536.SZ,星宸科技,信息技术,259.415066,,纳入,-4.272840273461787,-9.955541441727531,中证500,000905.SH
2025-06-16 00:00:00,300627.SZ,华测导航,信息技术,248.2821708738,,纳入,0.0449943757030446,3.024271170664994,中证500,000905.SH
2025-06-16 00:00:00,002461.SZ,珠江啤酒,日常消费,247.450124064,,纳入,-2.7562694152793554,4.403669724770642,中证500,000905.SH
2025-06-16 00:00:00,001389.SZ,广合科技,信息技术,245.360595,,纳入,5.407380343441726,-1.9744889044207456,中证500,000905.SH
2025-06-16 00:00:00,001696.SZ,宗申动力,可选消费,244.692252804,,纳入,-3.346901854364537,-3.613448415713405,中证500,000905.SH
2025-06-16 00:00:00,688702.SH,盛科通信-U,信息技术,241.654,,纳入,-5.605381165919288,-4.888507718696388,中证500,000905.SH
2025-06-16 00:00:00,605589.SH,圣泉集团,材料,231.067745454,,纳入,-3.157147924796033,-1.4814814814814723,中证500,000905.SH
2025-06-16 00:00:00,600171.SH,上海贝岭,信息技术,230.6836427962,,纳入,-3.2123735871504966,-2.638060557791755,中证500,000905.SH
2025-06-16 00:00:00,300623.SZ,捷捷微电,信息技术,227.9066898141,,纳入,-3.352152434721234,-0.4782928623988103,中证500,000905.SH
2025-06-16 00:00:00,300757.SZ,罗博特科,工业,224.4898038317,,纳入,-7.32433367947386,-2.423879703748022,中证500,000905.SH
2025-06-16 00:00:00,002312.SZ,川发龙蟒,材料,217.273941185,,纳入,0.0,-1.0468789632479325,中证500,000905.SH
2025-06-16 00:00:00,300346.SZ,南大光电,信息技术,211.2866652471,,纳入,-4.0188383045525855,-0.3934426229508125,中证500,000905.SH
2025-06-16 00:00:00,601333.SH,广深铁路,工业,206.1309267,,纳入,-2.020202020202022,-1.3605442176870763,中证500,000905.SH
2025-06-16 00:00:00,000582.SZ,北部湾港,工业,200.2804704348,,纳入,-0.6920415224913601,-5.098493626882972,中证500,000905.SH
2025-06-16 00:00:00,000951.SZ,中国重汽,工业,200.08025200800003,,纳入,-5.019520356943663,-1.967592592592593,中证500,000905.SH
2025-06-16 00:00:00,603565.SH,中谷物流,工业,198.8759758541,,纳入,-2.871794871794875,-0.6282722513089034,中证500,000905.SH
2025-06-16 00:00:00,000415.SZ,渤海租赁,金融,198.5231331522,,纳入,-2.134146341463405,-3.125,中证500,000905.SH
2025-06-16 00:00:00,000528.SZ,柳工,工业,197.885661316,,纳入,-1.1099899091826404,-3.363914373088684,中证500,000905.SH
2025-06-16 00:00:00,300735.SZ,光弘科技,信息技术,188.4115991495,,纳入,-5.830456463367851,-1.950207468879661,中证500,000905.SH
2025-06-16 00:00:00,300679.SZ,电连技术,信息技术,187.56710822,,纳入,-1.8625277161862572,-4.646372167544066,中证500,000905.SH
2025-06-16 00:00:00,601921.SH,浙版传媒,通讯服务,184.2222222867,,纳入,0.0,-1.5228434925168122,中证500,000905.SH
2025-06-16 00:00:00,001213.SZ,中铁特货,工业,179.99999998200002,,纳入,-0.9779951100244432,-0.738916256157629,中证500,000905.SH
2025-06-16 00:00:00,000543.SZ,皖能电力,公用事业,167.97457282710002,,纳入,0.6793478260869623,-1.7379679144385207,中证500,000905.SH
2025-06-16 00:00:00,688100.SH,威胜信息,信息技术,161.567748505,,纳入,-3.7774524158125766,2.9910576626580143,中证500,000905.SH
2025-06-16 00:00:00,688676.SH,金盘科技,工业,149.1301875784,,纳入,-1.606060606060622,-0.5705229793977695,中证500,000905.SH
2024-12-16 00:00:00,688047.SH,龙芯中科,信息技术,580.5678,,纳入,-5.803513337670784,-7.426220021860741,中证500,000905.SH
2024-12-16 00:00:00,688249.SH,晶合集成,信息技术,499.9288811244001,,纳入,-9.38181818181818,-5.899814471243047,中证500,000905.SH
2024-12-16 00:00:00,300339.SZ,润和软件,信息技术,462.55541645279993,,纳入,0.9735744089012456,-7.148726376335257,中证500,000905.SH
2024-12-16 00:00:00,688072.SH,拓荆科技,信息技术,457.0028225639999,,纳入,-9.26171529619806,-1.7142857142857015,中证500,000905.SH
2024-12-16 00:00:00,600487.SH,亨通光电,信息技术,446.2322994513,,纳入,0.7238307349665796,1.5529672767609526,中证500,000905.SH
2024-12-16 00:00:00,002085.SZ,万丰奥威,可选消费,407.46079408800006,,纳入,2.0744680851063846,1.943277310924385,中证500,000905.SH
2024-12-16 00:00:00,688469.SH,芯联集成-U,信息技术,396.0147814293,,纳入,-6.030150753768837,-2.604166666666663,中证500,000905.SH
2024-12-16 00:00:00,601061.SH,中信金属,工业,378.77,,纳入,-2.1518987341772045,-1.1688311688311526,中证500,000905.SH
2024-12-16 00:00:00,300476.SZ,胜宏科技,信息技术,377.857624758,,纳入,1.506373117033588,2.4032959487297,中证500,000905.SH
2024-12-16 00:00:00,301308.SZ,江波龙,信息技术,366.3133652584,,纳入,-0.8779828905898235,4.166211044286494,中证500,000905.SH
2024-12-16 00:00:00,603605.SH,珀莱雅,日常消费,361.9721232225,,纳入,0.9057770904672412,-2.8235294117647136,中证500,000905.SH
2024-12-16 00:00:00,300919.SZ,中伟股份,材料,353.4702778408,,纳入,-4.19100838201677,-4.459734964322126,中证500,000905.SH
2024-12-16 00:00:00,600606.SH,绿地控股,房地产,340.11208319879995,,纳入,-1.224489795918371,-7.287449392712553,中证500,000905.SH
2024-12-16 00:00:00,600685.SH,中船防务,工业,338.9588294444,,纳入,-2.67857142857143,-0.9799918334013724,中证500,000905.SH
2024-12-16 00:00:00,300223.SZ,北京君正,信息技术,330.4051159371,,纳入,0.0291587694999151,4.738470191226085,中证500,000905.SH
2024-12-16 00:00:00,600688.SH,上海石化,能源,328.797007,,纳入,-2.839116719242896,-2.5974025974025983,中证500,000905.SH
2024-12-16 00:00:00,600132.SH,重庆啤酒,日常消费,320.630918675,,纳入,4.133920150895953,-3.740952248900409,中证500,000905.SH
2024-12-16 00:00:00,601099.SH,太平洋,金融,316.277079568,,纳入,-2.9288702928870425,-2.941176470588225,中证500,000905.SH
2024-12-16 00:00:00,300751.SZ,迈为股份,工业,312.34685620740004,,纳入,-4.916220124181326,-6.564570248644952,中证500,000905.SH
2024-12-16 00:00:00,300496.SZ,中科创达,信息技术,294.5456957657,,纳入,11.881880132797496,-0.7857358718646235,中证500,000905.SH
2024-12-16 00:00:00,603899.SH,晨光股份,工业,294.516500296,,纳入,3.171521035598701,-1.8683001531393684,中证500,000905.SH
2024-12-16 00:00:00,688361.SH,中科飞测,信息技术,292.16,,纳入,-2.7378289123255684,-1.8066755129121148,中证500,000905.SH
2024-12-16 00:00:00,002821.SZ,凯莱英,医疗保健,287.4820129254,,纳入,-9.409038238702196,-3.976363412532325,中证500,000905.SH
2024-12-16 00:00:00,688578.SH,艾力斯,医疗保健,284.22,,纳入,6.50927487352444,-4.333643988816382,中证500,000905.SH
2024-12-16 00:00:00,688278.SH,特宝生物,医疗保健,282.15648,,纳入,-1.3371266002844884,4.540763673890602,中证500,000905.SH
2024-12-16 00:00:00,301301.SZ,川宁生物,医疗保健,281.513024,,纳入,-4.675716440422306,-1.549186676994574,中证500,000905.SH
2024-12-16 00:00:00,301498.SZ,乖宝宠物,日常消费,277.91091415,,纳入,6.369621803705416,6.108402638371113,中证500,000905.SH
2024-12-16 00:00:00,002603.SZ,以岭药业,医疗保健,276.8358808032,,纳入,-2.184179456906743,-4.340277777777779,中证500,000905.SH
2024-12-16 00:00:00,688363.SH,华熙生物,医疗保健,276.72415002900004,,纳入,-1.4917695473250947,-8.869106495219247,中证500,000905.SH
2024-12-16 00:00:00,600295.SH,鄂尔多斯,材料,273.4404400158,,纳入,-4.682926829268286,-3.967446592065127,中证500,000905.SH
2024-12-16 00:00:00,002841.SZ,视源股份,信息技术,267.966369825,,纳入,-3.798100949525241,-0.1524003048006039,中证500,000905.SH
2024-12-16 00:00:00,688563.SH,航材股份,工业,260.82,,纳入,-6.756756756756744,-0.8246005840920834,中证500,000905.SH
2024-12-16 00:00:00,600312.SH,平高电气,工业,246.82398610710004,,纳入,-2.4664879356568137,5.944444444444441,中证500,000905.SH
2024-12-16 00:00:00,600007.SH,中国国贸,房地产,244.8703840154,,纳入,6.6228070175438525,1.749893299189087,中证500,000905.SH
2024-12-16 00:00:00,000733.SZ,振华科技,信息技术,241.3407872005,,纳入,-2.0688104340004565,-4.066827874258083,中证500,000905.SH
2024-12-16 00:00:00,601001.SH,晋控煤业,能源,236.49381,,纳入,-3.615279672578442,-4.921540656205414,中证500,000905.SH
2024-12-16 00:00:00,000426.SZ,兴业银锡,材料,231.1877732178,,纳入,-1.5873015873015928,-0.3058103975535298,中证500,000905.SH
2024-12-16 00:00:00,002318.SZ,久立特材,材料,230.319138704,,纳入,-6.616481774960381,-1.8836333193805064,中证500,000905.SH
2024-12-16 00:00:00,000034.SZ,神州数码,信息技术,224.043480619,,纳入,-4.889141557703236,4.249706916764362,中证500,000905.SH
2024-12-16 00:00:00,603129.SH,春风动力,可选消费,219.3490535555,,纳入,-1.7633095964733836,1.943727062661416,中证500,000905.SH
2024-12-16 00:00:00,603341.SH,龙旗科技,信息技术,213.479313696,,纳入,-2.73363000635728,-0.2673246966892972,中证500,000905.SH
2024-12-16 00:00:00,002410.SZ,广联达,信息技术,209.3013481314,,纳入,-3.9423805913570753,-7.012417823228634,中证500,000905.SH
2024-12-16 00:00:00,300142.SZ,沃森生物,医疗保健,209.1947891628,,纳入,-9.355509355509351,-3.3973412112259904,中证500,000905.SH
2024-12-16 00:00:00,600720.SH,中交设计,信息技术,208.349277302,,纳入,-3.506907545164717,-3.883495145631055,中证500,000905.SH
2024-12-16 00:00:00,300140.SZ,节能环境,工业,203.9186096528,,纳入,-2.6627218934911268,-0.9049773755656076,中证500,000905.SH
2024-12-16 00:00:00,300957.SZ,贝泰妮,日常消费,202.56552,,纳入,-1.7060637204522,-8.015267175572527,中证500,000905.SH
2024-12-16 00:00:00,601918.SH,新集能源,能源,196.62212262,,纳入,-4.045512010113772,-7.832898172323766,中证500,000905.SH
2024-12-16 00:00:00,603556.SH,海兴电力,信息技术,175.290965148,,纳入,-4.65178096757043,1.9629837352776347,中证500,000905.SH
2024-12-16 00:00:00,000403.SZ,派林生物,医疗保健,154.0374841691,,纳入,-2.813653136531369,-2.675848368732148,中证500,000905.SH
2024-12-16 00:00:00,300573.SZ,兴齐眼药,医疗保健,141.74159097359998,,纳入,-3.149323434319251,-7.48485208506594,中证500,000905.SH
2024-06-17 00:00:00,000921.SZ,海信家电,可选消费,523.378248701,,纳入,-2.882882882882898,-2.542595019659244,中证500,000905.SH
2024-06-17 00:00:00,601567.SH,三星医疗,工业,475.9968057782999,,纳入,-1.2876792508048185,3.960189367759304,中证500,000905.SH
2024-06-17 00:00:00,300765.SZ,新诺威,医疗保健,411.4052732976001,,纳入,-3.460777851021757,-5.5555555555555465,中证500,000905.SH
2024-06-17 00:00:00,600612.SH,老凤祥,可选消费,331.6043505996,,纳入,-12.842018424309076,-12.593024952575526,中证500,000905.SH
2024-06-17 00:00:00,688777.SH,中控技术,信息技术,326.86686341440003,,纳入,-4.257288292457195,-6.759962049335844,中证500,000905.SH
2024-06-17 00:00:00,603979.SH,金诚信,材料,311.853720095,,纳入,-6.238395841069444,-0.8852963818321902,中证500,000905.SH
2024-06-17 00:00:00,002202.SZ,金风科技,工业,309.27495176040003,,纳入,-3.937007874015752,-9.610389610389614,中证500,000905.SH
2024-06-17 00:00:00,301358.SZ,湖南裕能,材料,300.023666334,,纳入,1.4077297158945346,-6.669972725018591,中证500,000905.SH
2024-06-17 00:00:00,688617.SH,惠泰医疗,医疗保健,297.4594911573,,纳入,-0.3873539026465478,-1.6485977958964335,中证500,000905.SH
2024-06-17 00:00:00,603486.SH,科沃斯,可选消费,290.01845228850004,,纳入,1.2273641851106687,-5.192860465008864,中证500,000905.SH
2024-06-17 00:00:00,688475.SH,萤石网络,可选消费,288.69749999999993,,纳入,-10.585365853658535,-3.955696202531656,中证500,000905.SH
2024-06-17 00:00:00,600483.SH,福能股份,公用事业,285.527929346,,纳入,-2.107111501316949,0.1745200698080262,中证500,000905.SH
2024-06-17 00:00:00,603087.SH,甘李药业,医疗保健,284.067826875,,纳入,0.0,8.704892845527734,中证500,000905.SH
2024-06-17 00:00:00,600754.SH,锦江酒店,可选消费,280.9935709438,,纳入,-3.668378576669107,-11.685393258426958,中证500,000905.SH
2024-06-17 00:00:00,600816.SH,建元信托,金融,278.5978855882,,纳入,-5.666666666666675,-4.545454545454541,中证500,000905.SH
2024-06-17 00:00:00,688065.SH,凯赛生物,医疗保健,271.3291259389,,纳入,-1.6077850645229486,3.176341730558585,中证500,000905.SH
2024-06-17 00:00:00,601019.SH,山东出版,通讯服务,266.91451,,纳入,-0.2611289711218489,-3.798449612403121,中证500,000905.SH
2024-06-17 00:00:00,603298.SH,杭叉集团,工业,263.9271278735,,纳入,-2.7040077257363797,-0.747756729810567,中证500,000905.SH
2024-06-17 00:00:00,002984.SZ,森麒麟,可选消费,256.498374701,,纳入,-0.5976095617530097,0.6326611308817842,中证500,000905.SH
2024-06-17 00:00:00,688525.SH,佰维存储,信息技术,244.027381696,,纳入,5.1073279052553655,14.50795947901591,中证500,000905.SH
2024-06-17 00:00:00,601615.SH,明阳智能,工业,239.65318873300004,,纳入,3.128054740957964,-10.118505013673662,中证500,000905.SH
2024-06-17 00:00:00,603290.SH,斯达半导,信息技术,237.1467280672,,纳入,12.41348008623624,-2.073996873371553,中证500,000905.SH
2024-06-17 00:00:00,603345.SH,安井食品,日常消费,235.2806329104,,纳入,-3.3403335226183994,-8.673281881661154,中证500,000905.SH
2024-06-17 00:00:00,600098.SH,广州发展,公用事业,228.2972830908,,纳入,-5.102040816326547,-2.384500745156493,中证500,000905.SH
2024-06-17 00:00:00,601155.SH,新城控股,房地产,220.1487907456,,纳入,-3.461918892185956,-7.100000000000007,中证500,000905.SH
2024-06-17 00:00:00,300054.SZ,鼎龙股份,信息技术,216.8371067801,,纳入,-0.0432525951557294,-1.0398613518197597,中证500,000905.SH
2024-06-17 00:00:00,601212.SH,白银有色,材料,212.5170284657,,纳入,-6.514657980456018,-3.7288135593220417,中证500,000905.SH
2024-06-17 00:00:00,600578.SH,京能电力,公用事业,212.2194861755,,纳入,-9.169054441260748,-4.20420420420421,中证500,000905.SH
2024-06-17 00:00:00,603179.SH,新泉股份,可选消费,205.836506304,,纳入,-1.7674418604651132,-4.576659038901598,中证500,000905.SH
2024-06-17 00:00:00,600872.SH,中炬高新,日常消费,205.7684989,,纳入,-1.946107784431117,-6.171904581597865,中证500,000905.SH
2024-06-17 00:00:00,688172.SH,燕东微,信息技术,204.8069821588,,纳入,3.682324409448801,-2.4000000000000243,中证500,000905.SH
2024-06-17 00:00:00,300763.SZ,锦浪科技,工业,204.430479339,,纳入,-2.4474187380497003,-8.728130528798895,中证500,000905.SH
2024-06-17 00:00:00,688213.SH,思特威-W,信息技术,200.925023,,纳入,3.9528145695364234,-0.9712586719524352,中证500,000905.SH
2024-06-17 00:00:00,301267.SZ,华厦眼科,医疗保健,198.072,,纳入,-2.2388059701492717,-9.395424836601308,中证500,000905.SH
2024-06-17 00:00:00,002436.SZ,兴森科技,信息技术,192.4450461338,,纳入,0.7964601769911539,-6.887532693984322,中证500,000905.SH
2024-06-17 00:00:00,603728.SH,鸣志电器,工业,188.5256208,,纳入,-5.615141955835945,-9.6459932799692,中证500,000905.SH
2024-06-17 00:00:00,601399.SH,国机重装,工业,188.273808729,,纳入,-9.688581314878896,-2.2556390977443663,中证500,000905.SH
2024-06-17 00:00:00,301165.SZ,锐捷网络,信息技术,185.6818181224,,纳入,7.641633728590258,-4.281345565749239,中证500,000905.SH
2024-06-17 00:00:00,600763.SH,通策医疗,医疗保健,184.9074135,,纳入,-4.297520661157028,-6.671204901293382,中证500,000905.SH
2024-06-17 00:00:00,000032.SZ,深桑达A,信息技术,183.21143667400003,,纳入,5.228758169934644,-4.601990049751226,中证500,000905.SH
2024-06-17 00:00:00,601965.SH,中国汽研,可选消费,177.58156659899998,,纳入,-4.889844169801172,-2.3013698630137136,中证500,000905.SH
2024-06-17 00:00:00,300567.SZ,精测电子,信息技术,175.374614064,,纳入,9.045313040470424,0.3372112628561741,中证500,000905.SH
2024-06-17 00:00:00,300803.SZ,指南针,信息技术,173.4865158558,,纳入,2.936180538704192,-6.170849643103837,中证500,000905.SH
2024-06-17 00:00:00,688561.SH,奇安信-U,信息技术,172.8689907171,,纳入,3.827160493827164,-2.9434250764525998,中证500,000905.SH
2024-06-17 00:00:00,300002.SZ,神州泰岳,信息技术,171.9877669968,,纳入,1.504629629629628,-9.021739130434792,中证500,000905.SH
2024-06-17 00:00:00,000818.SZ,航锦科技,材料,163.2011868,,纳入,-3.610108303249093,-4.284559417946632,中证500,000905.SH
2024-06-17 00:00:00,600361.SH,创新新材,材料,160.0055157222,,纳入,-5.626598465473165,-4.01069518716578,中证500,000905.SH
2024-06-17 00:00:00,601858.SH,中国科传,通讯服务,159.44385000000003,,纳入,-2.039825157843611,-6.129343629343631,中证500,000905.SH
2024-06-17 00:00:00,688017.SH,绿的谐波,工业,158.4169001856,,纳入,-13.27806207705029,-12.957378367511064,中证500,000905.SH
2024-06-17 00:00:00,002261.SZ,拓维信息,信息技术,150.7846424322,,纳入,5.526315789473668,-2.052545155993435,中证500,000905.SH
2023-12-11 00:00:00,688728.SH,格科微,信息技术,539.6217334025,,纳入,2.722772277227725,3.85947550717467,中证500,000905.SH
2023-12-11 00:00:00,688180.SH,君实生物-U,医疗保健,430.0564907173001,,纳入,-2.284434490481513,-4.3271409152696005,中证500,000905.SH
2023-12-11 00:00:00,300394.SZ,天孚通信,信息技术,411.472021634,,纳入,30.740276035131764,-1.324503311258296,中证500,000905.SH
2023-12-11 00:00:00,301236.SZ,软通动力,信息技术,399.7588237515,,纳入,-1.8942937324602285,7.449154618965936,中证500,000905.SH
2023-12-11 00:00:00,688114.SH,华大智造,医疗保健,393.4425748784,,纳入,-3.190836571896094,-7.655805124960469,中证500,000905.SH
2023-12-11 00:00:00,600925.SH,苏能股份,能源,392.666666673,,纳入,0.7067137809187329,0.3539823008849474,中证500,000905.SH
2023-12-11 00:00:00,300502.SZ,新易盛,信息技术,392.4432375728,,纳入,12.816326530612244,-5.904059040590404,中证500,000905.SH
2023-12-11 00:00:00,601061.SH,中信金属,工业,379.75,,纳入,0.2587322121603952,3.483870967741942,中证500,000905.SH
2023-12-11 00:00:00,688331.SH,荣昌生物,医疗保健,376.6844243763,,纳入,2.975747656598715,-2.493476369962311,中证500,000905.SH
2023-12-11 00:00:00,688120.SH,华海清科,信息技术,357.3934983521,,纳入,2.863546955765961,-4.960505529225912,中证500,000905.SH
2023-12-11 00:00:00,300601.SZ,康泰生物,医疗保健,355.96000195809995,,纳入,-3.570347957639908,-9.785276073619642,中证500,000905.SH
2023-12-11 00:00:00,688349.SH,三一重能,工业,344.296801884,,纳入,0.3161222339304492,2.7939042089985437,中证500,000905.SH
2023-12-11 00:00:00,002064.SZ,华峰化学,材料,332.9866954887,,纳入,0.0,-0.7462686567164312,中证500,000905.SH
2023-12-11 00:00:00,688122.SH,西部超导,材料,332.3033902155,,纳入,-2.441350371924478,-2.8069505442046783,中证500,000905.SH
2023-12-11 00:00:00,688375.SH,国博电子,工业,330.16825400000005,,纳入,-1.6209773539928474,0.3808353808353759,中证500,000905.SH
2023-12-11 00:00:00,001286.SZ,陕西能源,公用事业,322.87499999999994,,纳入,-0.1160092807424573,1.6241299303944243,中证500,000905.SH
2023-12-11 00:00:00,601216.SH,君正集团,材料,319.800859081,,纳入,-1.813471502590669,1.8716577540106805,中证500,000905.SH
2023-12-11 00:00:00,002414.SZ,高德红外,信息技术,317.3156928244,,纳入,-2.875816993464053,-2.933333333333321,中证500,000905.SH
2023-12-11 00:00:00,000723.SZ,美锦能源,能源,308.4763364003,,纳入,-0.8344923504867929,-1.260504201680679,中证500,000905.SH
2023-12-11 00:00:00,003031.SZ,中瓷电子,信息技术,305.0728233966,,纳入,-0.0105596620908143,-3.620873269435565,中证500,000905.SH
2023-12-11 00:00:00,603606.SH,东方电缆,工业,297.43689666,,纳入,3.667305848513913,-2.336448598130836,中证500,000905.SH
2023-12-11 00:00:00,600884.SH,杉杉股份,材料,296.3798334496,,纳入,-3.9531478770131967,-8.897058823529402,中证500,000905.SH
2023-12-11 00:00:00,002607.SZ,中公教育,可选消费,288.01755146629995,,纳入,-3.9094650205761305,-7.838983050847448,中证500,000905.SH
2023-12-11 00:00:00,688153.SH,唯捷创芯,信息技术,286.0668365794,,纳入,6.541037221616586,-1.7215568862275377,中证500,000905.SH
2023-12-11 00:00:00,688297.SH,中无人机,工业,281.94750000000005,,纳入,-3.0408542246982084,-1.2381646030589777,中证500,000905.SH
2023-12-11 00:00:00,300207.SZ,欣旺达,工业,277.6565928696,,纳入,-0.7984031936127622,-4.451827242524919,中证500,000905.SH
2023-12-11 00:00:00,302132.SZ,中航成飞,工业,275.8260769831,,纳入,4.897775780723412,-2.7890142644241056,中证500,000905.SH
2023-12-11 00:00:00,002558.SZ,巨人网络,通讯服务,273.7303317122,,纳入,6.528417818740384,5.097451274362808,中证500,000905.SH
2023-12-11 00:00:00,000539.SZ,粤电力A,公用事业,271.9647104748,,纳入,0.974658869395717,0.7920792079207928,中证500,000905.SH
2023-12-11 00:00:00,002517.SZ,恺英网络,通讯服务,271.217221884,,纳入,2.857142857142847,-0.5681818181818232,中证500,000905.SH
2023-12-11 00:00:00,002262.SZ,恩华药业,医疗保健,270.9404379388,,纳入,5.450980392156857,-1.4998125234345738,中证500,000905.SH
2023-12-11 00:00:00,600129.SH,太极集团,医疗保健,269.535120096,,纳入,-2.063941723998386,-2.437525604260537,中证500,000905.SH
2023-12-11 00:00:00,601933.SH,永辉超市,日常消费,269.52859869210005,,纳入,-1.9801980198019709,-0.3378378378378177,中证500,000905.SH
2023-12-11 00:00:00,600583.SH,海油工程,能源,265.72342348,,纳入,-4.451510333863284,-1.5177065767284947,中证500,000905.SH
2023-12-11 00:00:00,002756.SZ,永兴材料,材料,258.22963766,,纳入,6.967396158999528,-5.811623246492981,中证500,000905.SH
2023-12-11 00:00:00,688387.SH,信科移动-U,信息技术,254.013125,,纳入,0.2699055330634303,-2.043596730245223,中证500,000905.SH
2023-12-11 00:00:00,600977.SH,中国电影,通讯服务,246.6307,,纳入,2.8015564202334757,0.9345794392523477,中证500,000905.SH
2023-12-11 00:00:00,600004.SH,白云机场,工业,243.771983149,,纳入,-4.717853839037922,-3.0155642023346085,中证500,000905.SH
2023-12-11 00:00:00,002120.SZ,韵达股份,工业,241.5027933934,,纳入,-0.8333333333333304,-3.361344537815114,中证500,000905.SH
2023-12-11 00:00:00,002044.SZ,美年健康,医疗保健,239.1609146953,,纳入,0.4934210526315707,-5.396825396825388,中证500,000905.SH
2023-12-11 00:00:00,003022.SZ,联泓新科,材料,238.5324448,,纳入,-2.9875067897881635,-4.446914952751524,中证500,000905.SH
2023-12-11 00:00:00,002472.SZ,双环传动,工业,226.7001427416,,纳入,0.7199696854869098,-1.1389521640091216,中证500,000905.SH
2023-12-11 00:00:00,688425.SH,铁建重工,工业,212.2731806,,纳入,-3.6319612590798966,-0.5050505050504972,中证500,000905.SH
2023-12-11 00:00:00,688005.SH,容百科技,材料,195.0632660036,,纳入,1.794288602476635,-5.894006934125806,中证500,000905.SH
2023-12-11 00:00:00,603305.SH,旭升集团,可选消费,187.8561660129,,纳入,-0.6416584402764047,-3.1155778894472186,中证500,000905.SH
2023-12-11 00:00:00,002865.SZ,钧达股份,工业,187.714181213,,纳入,-3.3032681269766884,-15.13024860235518,中证500,000905.SH
2023-12-11 00:00:00,603185.SH,弘元绿能,工业,186.1140649445,,纳入,0.6877149109096647,-3.969990622069397,中证500,000905.SH
2023-12-11 00:00:00,688032.SH,禾迈股份,工业,181.6488135,,纳入,-0.8098271155596026,-4.267683646599463,中证500,000905.SH
2023-12-11 00:00:00,688063.SH,派能科技,工业,174.221322336,,纳入,-0.4715561352462982,-5.850164162769889,中证500,000905.SH
2023-12-11 00:00:00,688348.SH,昱能科技,工业,125.5296,,纳入,-1.7789851897292095,-6.213885678727005,中证500,000905.SH
2023-06-12 00:00:00,300442.SZ,润泽科技,信息技术,570.031267468,,纳入,3.009618367980172,0.8641239570917669,中证500,000905.SH
2023-06-12 00:00:00,688082.SH,盛美上海,信息技术,555.16986655,,纳入,4.752945026178024,-1.804207119741097,中证500,000905.SH
2023-06-12 00:00:00,688072.SH,拓荆科技,信息技术,529.94615943,,纳入,-4.222003794545914,-0.4628014604990849,中证500,000905.SH
2023-06-12 00:00:00,002600.SZ,领益智造,信息技术,457.51387337500006,,纳入,1.4040561622464809,5.494505494505497,中证500,000905.SH
2023-06-12 00:00:00,000066.SZ,中国长城,信息技术,449.3538128191,,纳入,2.577319587628879,6.0113154172560135,中证500,000905.SH
2023-06-12 00:00:00,002463.SZ,沪电股份,信息技术,425.0201523156,,纳入,4.057835820895495,3.1636863823933936,中证500,000905.SH
2023-06-12 00:00:00,601136.SH,首创证券,金融,406.17340268,,纳入,6.37079455977092,-0.654450261780104,中证500,000905.SH
2023-06-12 00:00:00,002032.SZ,苏泊尔,可选消费,382.98055800290007,,纳入,4.283831282952533,5.017079419299719,中证500,000905.SH
2023-06-12 00:00:00,600995.SH,南网储能,公用事业,353.1586414525,,纳入,-9.869494290375192,1.900452488687776,中证500,000905.SH
2023-06-12 00:00:00,688220.SH,翱捷科技-U,信息技术,352.9622901382,,纳入,4.5341922695738335,-2.930535455861083,中证500,000905.SH
2023-06-12 00:00:00,603882.SH,金域医学,医疗保健,339.169079895,,纳入,-2.459346861980916,4.959813618839815,中证500,000905.SH
2023-06-12 00:00:00,688234.SH,天岳先进,信息技术,329.5024285392,,纳入,-4.389027431421444,-2.1550624840601884,中证500,000905.SH
2023-06-12 00:00:00,601966.SH,玲珑轮胎,可选消费,327.0960301295,,纳入,1.932811780947996,0.8665803675584227,中证500,000905.SH
2023-06-12 00:00:00,000423.SZ,东阿阿胶,医疗保健,316.87343467650004,,纳入,-7.62631077216398,-4.681429681429661,中证500,000905.SH
2023-06-12 00:00:00,000933.SZ,神火股份,材料,316.0385199036,,纳入,6.4442759666413885,-1.7793594306049876,中证500,000905.SH
2023-06-12 00:00:00,300487.SZ,蓝晓科技,材料,314.99181262,,纳入,-2.2055763628797465,-1.6311688311688275,中证500,000905.SH
2023-06-12 00:00:00,688169.SH,石头科技,可选消费,312.4521701984,,纳入,5.574901861466386,-7.808760172331275,中证500,000905.SH
2023-06-12 00:00:00,688295.SH,中复神鹰,材料,308.52,,纳入,-6.948968512486431,-1.8957345971564064,中证500,000905.SH
2023-06-12 00:00:00,002240.SZ,盛新锂能,材料,307.0353401024,,纳入,-1.1740534194305765,-1.7316017316017285,中证500,000905.SH
2023-06-12 00:00:00,688536.SH,思瑞浦,信息技术,296.88282818999994,,纳入,8.824954839846665,2.0002643521170205,中证500,000905.SH
2023-06-12 00:00:00,603529.SH,爱玛科技,可选消费,293.0107970394,,纳入,-4.816577989358716,-7.079646017699126,中证500,000905.SH
2023-06-12 00:00:00,688520.SH,神州细胞,医疗保健,279.002824821,,纳入,-1.9408358115511115,-2.817123072080574,中证500,000905.SH
2023-06-12 00:00:00,688281.SH,华秦科技,工业,271.319075121,,纳入,2.1465968586387385,4.338842975206614,中证500,000905.SH
2023-06-12 00:00:00,300118.SZ,东方日升,工业,268.7012675091,,纳入,1.1587982832617971,0.710702341137126,中证500,000905.SH
2023-06-12 00:00:00,300595.SZ,欧普康视,医疗保健,261.0209300129,,纳入,3.36640680368534,3.2116294793779643,中证500,000905.SH
2023-06-12 00:00:00,002008.SZ,大族激光,信息技术,260.941896368,,纳入,-0.8000000000000007,1.8710191082802696,中证500,000905.SH
2023-06-12 00:00:00,002608.SZ,江苏国信,公用事业,259.1762676944,,纳入,-6.919945725915866,-8.904109589041088,中证500,000905.SH
2023-06-12 00:00:00,688516.SH,奥特维,工业,258.34476770460003,,纳入,-1.049635296210638,17.776483530706024,中证500,000905.SH
2023-06-12 00:00:00,603338.SH,浙江鼎力,工业,250.23712180180004,,纳入,3.1948214658592766,12.694025090367855,中证500,000905.SH
2023-06-12 00:00:00,603826.SH,坤彩科技,材料,246.402,,纳入,-6.3167259786476855,-2.596206960044189,中证500,000905.SH
2023-06-12 00:00:00,688276.SH,百克生物,医疗保健,245.3099427516,,纳入,-10.412369527883204,-1.9433021224719795,中证500,000905.SH
2023-06-12 00:00:00,688052.SH,纳芯微,信息技术,236.65550496,,纳入,-4.94430552398274,9.564514265911985,中证500,000905.SH
2023-06-12 00:00:00,600481.SH,双良节能,工业,234.0197225001,,纳入,1.213592233009697,0.7999999999999785,中证500,000905.SH
2023-06-12 00:00:00,000958.SZ,电投产融,公用事业,230.948654508,,纳入,-5.921052631578938,-5.088495575221219,中证500,000905.SH
2023-06-12 00:00:00,688107.SH,安路科技,信息技术,227.85695,,纳入,2.557176301098507,-4.001379786133152,中证500,000905.SH
2023-06-12 00:00:00,600416.SH,湘电股份,工业,226.7770427395,,纳入,5.033763044812778,1.8539976825028728,中证500,000905.SH
2023-06-12 00:00:00,300748.SZ,金力永磁,材料,225.29883276300004,,纳入,-2.3281193161149294,-1.5029325513196468,中证500,000905.SH
2023-06-12 00:00:00,002518.SZ,科士达,工业,225.1733893204,,纳入,-1.6284987277353724,5.526590198123027,中证500,000905.SH
2023-06-12 00:00:00,300395.SZ,菲利华,材料,224.0534841766,,纳入,-7.122994652406423,1.4362657091561817,中证500,000905.SH
2023-06-12 00:00:00,002791.SZ,坚朗五金,工业,216.39642,,纳入,1.81543116490166,1.354198013842911,中证500,000905.SH
2023-06-12 00:00:00,000893.SZ,亚钾国际,材料,214.16652866650003,,纳入,-3.354297693920349,-2.212765957446805,中证500,000905.SH
2023-06-12 00:00:00,688200.SH,华峰测控,信息技术,213.936965888,,纳入,-4.666946963781616,0.7852138197632419,中证500,000905.SH
2023-06-12 00:00:00,300438.SZ,鹏辉能源,工业,212.3326919498,,纳入,-3.8236523192645135,4.617385649252115,中证500,000905.SH
2023-06-12 00:00:00,688778.SH,厦钨新能,材料,209.41772719770003,,纳入,-1.1715697681122683,-0.1177394034536982,中证500,000905.SH
2023-06-12 00:00:00,002487.SZ,大金重工,工业,206.94966375050004,,纳入,-2.8443113772454787,0.7102693104468871,中证500,000905.SH
2023-06-12 00:00:00,688248.SH,南网科技,工业,204.36493,,纳入,-6.485788113695101,6.895626509256769,中证500,000905.SH
2023-06-12 00:00:00,300529.SZ,健帆生物,医疗保健,197.1623312592,,纳入,-12.067723342939471,-0.3231017770597866,中证500,000905.SH
2023-06-12 00:00:00,002432.SZ,九安医疗,医疗保健,195.6268724564,,纳入,1.6876574307304717,-4.806599507248444,中证500,000905.SH
2023-06-12 00:00:00,002761.SZ,浙江建投,工业,169.87852939580003,,纳入,-2.4223602484472084,-2.0650813516896127,中证500,000905.SH
2023-06-12 00:00:00,688105.SH,诺唯赞,医疗保健,130.163254,,纳入,-1.5753882500306182,-11.132596685082884,中证500,000905.SH
2025-09-05 00:00:00,000415.SZ,渤海租赁,金融,217.0766969982,,纳入,-0.5665722379603388,6.451612903225801,中证A500,000510.SH
2025-06-16 00:00:00,688506.SH,百利天恒,医疗保健,1295.1899,,纳入,-2.561240497164241,-10.015360983102928,中证A500,000510.SH
2025-06-16 00:00:00,300442.SZ,润泽科技,信息技术,755.0418512514,,纳入,-5.839416058394164,1.7824074074073826,中证A500,000510.SH
2025-06-16 00:00:00,002595.SZ,豪迈科技,工业,502.4,,纳入,-0.8212255211623498,1.3796461613374331,中证A500,000510.SH
2025-06-16 00:00:00,688608.SH,恒玄科技,信息技术,445.2249692192,,纳入,-5.351537578154919,-2.439153439153441,中证A500,000510.SH
2025-06-16 00:00:00,688578.SH,艾力斯,医疗保健,423.0,,纳入,-2.083333333333337,-3.0204509701101,中证A500,000510.SH
2025-06-16 00:00:00,688213.SH,思特威-W,信息技术,373.4313728596,,纳入,-4.205751984331507,-1.1046202867764143,中证A500,000510.SH
2025-06-16 00:00:00,688266.SH,泽璟制药-U,医疗保健,325.855776966,,纳入,3.81177264294148,-4.172354948805457,中证A500,000510.SH
2025-06-16 00:00:00,002244.SZ,滨江集团,房地产,298.69861344000003,,纳入,5.610561056105601,0.7600434310531812,中证A500,000510.SH
2025-06-16 00:00:00,002130.SZ,沃尔核材,工业,296.4541316386,,纳入,6.567028985507251,1.1057054400707589,中证A500,000510.SH
2025-06-16 00:00:00,002155.SZ,湖南黄金,材料,293.3096520132,,纳入,5.60656037167746,-7.8593588417787075,中证A500,000510.SH
2025-06-16 00:00:00,000426.SZ,兴业银锡,材料,284.10171824,,纳入,-0.5593536357986317,-6.930693069306926,中证A500,000510.SH
2025-06-16 00:00:00,605589.SH,圣泉集团,材料,231.067745454,,纳入,-3.157147924796033,-1.4814814814814723,中证A500,000510.SH
2025-06-16 00:00:00,600208.SH,衢州发展,房地产,226.33782528,,纳入,1.526717557251911,-1.9011406844106404,中证A500,000510.SH
2025-06-16 00:00:00,600511.SH,国药股份,医疗保健,224.61554250459997,,纳入,-4.613905799423257,-1.8009135055768066,中证A500,000510.SH
2025-06-16 00:00:00,300757.SZ,罗博特科,工业,224.4898038317,,纳入,-7.32433367947386,-2.423879703748022,中证A500,000510.SH
2025-06-16 00:00:00,000032.SZ,深桑达A,信息技术,220.4227036258,,纳入,-7.541766109785197,-3.0446194225722034,中证A500,000510.SH
2025-06-16 00:00:00,301358.SZ,湖南裕能,材料,214.378344117,,纳入,-0.596910112359561,3.4567039106145225,中证A500,000510.SH
2025-06-16 00:00:00,600312.SH,平高电气,工业,204.2166570045,,纳入,-3.587443946188329,-2.8169014084507005,中证A500,000510.SH
2025-06-16 00:00:00,000563.SZ,陕国投A,金融,176.43197735100003,,纳入,0.0,-2.346041055718473,中证A500,000510.SH
2025-06-16 00:00:00,600864.SH,哈投股份,金融,120.048919004,,纳入,-1.5358361774744145,-2.6501766784452374,中证A500,000510.SH
2025-06-16 00:00:00,301381.SZ,赛维时代,可选消费,79.85996,,纳入,-2.108876900441403,-4.600606673407482,中证A500,000510.SH
2024-12-16 00:00:00,688256.SH,寒武纪-U,信息技术,2401.4199716325,,纳入,6.725417439703163,19.005281690140865,中证A500,000510.SH
2024-12-16 00:00:00,688235.SH,百济神州-U,医疗保健,2284.94056788,,纳入,-2.439168788112012,-0.487624220727112,中证A500,000510.SH
2024-12-16 00:00:00,601127.SH,赛力斯,可选消费,1973.285326251,,纳入,-9.48826463251924,0.7221880762138921,中证A500,000510.SH
2024-12-16 00:00:00,605499.SH,东鹏饮料,日常消费,1302.9445728,,纳入,13.283298670765875,-3.442512038842682,中证A500,000510.SH
2024-12-16 00:00:00,001965.SZ,招商公路,工业,890.0540299170001,,纳入,4.150039904229863,5.74898785425102,中证A500,000510.SH
2024-12-16 00:00:00,601018.SH,宁波港,工业,766.5029029205999,,纳入,0.2544529262086481,-2.061855670103097,中证A500,000510.SH
2024-12-16 00:00:00,688047.SH,龙芯中科,信息技术,580.5678,,纳入,-5.803513337670784,-7.426220021860741,中证A500,000510.SH
2024-12-16 00:00:00,601567.SH,三星医疗,工业,459.7317767718,,纳入,-3.035714285714297,-3.0091185410334176,中证A500,000510.SH
2024-12-16 00:00:00,002128.SZ,电投能源,材料,455.7118911269,,纳入,0.743310208126835,-2.9455081001472982,中证A500,000510.SH
2024-12-16 00:00:00,600487.SH,亨通光电,信息技术,446.2322994513,,纳入,0.7238307349665796,1.5529672767609526,中证A500,000510.SH
2024-12-16 00:00:00,688120.SH,华海清科,信息技术,429.3952834127,,纳入,-1.4559678383223806,-1.6332425976334777,中证A500,000510.SH
2024-12-16 00:00:00,302132.SZ,中航成飞,工业,408.9244174078,,纳入,3.282602208296037,8.067437648042365,中证A500,000510.SH
2024-12-16 00:00:00,601179.SH,中国西电,工业,393.1551763984,,纳入,-1.7925736235595235,1.5706806282722583,中证A500,000510.SH
2024-12-16 00:00:00,300476.SZ,胜宏科技,信息技术,377.857624758,,纳入,1.506373117033588,2.4032959487297,中证A500,000510.SH
2024-12-16 00:00:00,688180.SH,君实生物-U,医疗保健,298.8611688872,,纳入,-0.2631578947368318,-5.167958656330751,中证A500,000510.SH
2024-12-16 00:00:00,603087.SH,甘李药业,医疗保健,279.61557290800005,,纳入,1.9281332164767797,-0.9092877246157038,中证A500,000510.SH
2024-12-16 00:00:00,601000.SH,唐山港,工业,274.9630876896,,纳入,2.2026431718061623,2.207505518763786,中证A500,000510.SH
2024-12-16 00:00:00,603979.SH,金诚信,材料,247.44529883870004,,纳入,-3.1730534537466326,-6.473049470834368,中证A500,000510.SH
2024-12-16 00:00:00,002318.SZ,久立特材,材料,230.319138704,,纳入,-6.616481774960381,-1.8836333193805064,中证A500,000510.SH
2024-12-16 00:00:00,600315.SH,上海家化,日常消费,126.983487622,,纳入,7.512805919180421,-4.205607476635532,中证A500,000510.SH
2024-12-16 00:00:00,600335.SH,国机汽车,可选消费,100.51700010239998,,纳入,-0.8849557522124019,4.470938897168408,中证A500,000510.SH
2024-06-17 00:00:00,600941.SH,中国移动,通讯服务,21191.905059684,,纳入,-2.07920792079207,1.554763319469199,中证A500,000510.SH
2024-06-17 00:00:00,600519.SH,贵州茅台,日常消费,19364.289087,,纳入,-4.797490087575196,-3.442215406016058,中证A500,000510.SH
2024-06-17 00:00:00,601398.SH,工商银行,金融,19352.8597599327,,纳入,-1.6304347826086918,0.1818181818181719,中证A500,000510.SH
2024-06-17 00:00:00,601857.SH,中国石油,能源,17661.524359437004,,纳入,-3.4034034034034044,1.4242115971515812,中证A500,000510.SH
2024-06-17 00:00:00,601288.SH,农业银行,金融,14594.292512504098,,纳入,-2.1126760563380254,-1.4117647058823457,中证A500,000510.SH
2024-06-17 00:00:00,600938.SH,中国海油,能源,14455.5395747376,,纳入,0.6624710168930292,4.200586128296968,中证A500,000510.SH
2024-06-17 00:00:00,601988.SH,中国银行,金融,13041.379151976298,,纳入,-2.207505518763808,-0.2232142857142904,中证A500,000510.SH
2024-06-17 00:00:00,601628.SH,中国人寿,金融,8860.9850175,,纳入,1.1616650532429995,0.0,中证A500,000510.SH
2024-06-17 00:00:00,601088.SH,中国神华,能源,8650.753588407,,纳入,-1.3816534541336356,-0.5411499436302147,中证A500,000510.SH
2024-06-17 00:00:00,600036.SH,招商银行,金融,8506.6539212173,,纳入,-0.7649308620182538,-0.3253475303164777,中证A500,000510.SH
2024-06-17 00:00:00,300750.SZ,宁德时代,工业,8278.995606151999,,纳入,-2.5879917184264967,0.1460327762453417,中证A500,000510.SH
2024-06-17 00:00:00,601318.SH,中国平安,金融,7571.815549590599,,纳入,-1.2820512820512775,-0.4776689754000363,中证A500,000510.SH
2024-06-17 00:00:00,002594.SZ,比亚迪,可选消费,7482.922705645499,,纳入,9.218683651804673,-0.9405255878285002,中证A500,000510.SH
2024-06-17 00:00:00,600028.SH,中国石化,能源,7292.207424590701,,纳入,-4.76947535771064,-0.1626016260162566,中证A500,000510.SH
2024-06-17 00:00:00,600900.SH,长江电力,公用事业,6824.1859209924,,纳入,-1.483574708583535,1.541218637992836,中证A500,000510.SH
2024-06-17 00:00:00,000858.SZ,五粮液,日常消费,5268.506545186499,,纳入,-4.64381059435156,-4.038915094339624,中证A500,000510.SH
2024-06-17 00:00:00,601728.SH,中国电信,通讯服务,5197.6054781032,,纳入,-3.3632674408828778,1.5706806282722583,中证A500,000510.SH
2024-06-17 00:00:00,601328.SH,交通银行,金融,5101.8493205115,,纳入,-6.657608695652173,6.029411764705905,中证A500,000510.SH
2024-06-17 00:00:00,601658.SH,邮储银行,金融,4690.3188965974,,纳入,-6.33663366336632,1.2631578947368327,中证A500,000510.SH
2024-06-17 00:00:00,000333.SZ,美的集团,可选消费,4504.2687115434,,纳入,-0.966850828729271,-2.5301021185794803,中证A500,000510.SH
2024-06-17 00:00:00,601899.SH,紫金矿业,材料,4485.948515376,,纳入,-2.9612686226667684,1.3458162668226858,中证A500,000510.SH
2024-06-17 00:00:00,688981.SH,中芯国际,信息技术,3800.6210158173,,纳入,1.186189366659618,4.861260486126051,中证A500,000510.SH
2024-06-17 00:00:00,601166.SH,兴业银行,金融,3606.4181317584,,纳入,-0.9697661152310412,-0.6300114547537206,中证A500,000510.SH
2024-06-17 00:00:00,300760.SZ,迈瑞医疗,医疗保健,3588.5840379612,,纳入,-1.2643026320178774,-2.714811099966574,中证A500,000510.SH
2024-06-17 00:00:00,002415.SZ,海康威视,信息技术,3004.453499782,,纳入,-2.777777777777768,-3.2796841785605717,中证A500,000510.SH
2024-06-17 00:00:00,600690.SH,海尔智家,可选消费,2852.1983206646,,纳入,-1.3063357282821708,-4.796084828711256,中证A500,000510.SH
2024-06-17 00:00:00,600030.SH,中信证券,金融,2765.5140382914,,纳入,1.5233949945593128,-1.0198604401502775,中证A500,000510.SH
2024-06-17 00:00:00,601601.SH,中国太保,金融,2738.9112122385,,纳入,0.5651713175556239,-0.5588543485854025,中证A500,000510.SH
2024-06-17 00:00:00,600276.SH,恒瑞医药,医疗保健,2712.9896671322,,纳入,0.901542111506526,-4.439140811455856,中证A500,000510.SH
2024-06-17 00:00:00,600309.SH,万华化学,材料,2692.332731795,,纳入,-2.545743834526648,-3.666011333410424,中证A500,000510.SH
2024-06-17 00:00:00,002475.SZ,立讯精密,信息技术,2656.62394492,,纳入,14.90683229813663,9.810771470160118,中证A500,000510.SH
2024-06-17 00:00:00,601225.SH,陕西煤业,能源,2624.4365,,纳入,1.347809809060263,-0.2556610664718683,中证A500,000510.SH
2024-06-17 00:00:00,601816.SH,京沪高铁,工业,2533.8946059276,,纳入,-1.526717557251922,1.364522417154013,中证A500,000510.SH
2024-06-17 00:00:00,002714.SZ,牧原股份,日常消费,2468.1532156444,,纳入,-5.661165656987677,-2.4872307350655154,中证A500,000510.SH
2024-06-17 00:00:00,601919.SH,中远海控,工业,2397.2736110198,,纳入,-12.57275902211873,7.103789265284122,中证A500,000510.SH
2024-06-17 00:00:00,600000.SH,浦发银行,金融,2377.526355144,,纳入,-2.527075812274371,0.3685503685503688,中证A500,000510.SH
2024-06-17 00:00:00,000568.SZ,泸州老窖,日常消费,2314.5535679756003,,纳入,-5.379708749548684,-3.788461538461541,中证A500,000510.SH
2024-06-17 00:00:00,601319.SH,中国人保,金融,2277.5355150245,,纳入,-1.904761904761898,-1.1583011583011449,中证A500,000510.SH
2024-06-17 00:00:00,000651.SZ,格力电器,可选消费,2272.8353570676,,纳入,-1.8004866180048706,-2.98069875397019,中证A500,000510.SH
2024-06-17 00:00:00,601668.SH,中国建筑,工业,2264.1254129536,,纳入,-3.0303030303030387,-1.4388489208633004,中证A500,000510.SH
2024-06-17 00:00:00,003816.SZ,中国广核,公用事业,2191.63972174,,纳入,-1.587301587301604,-0.4576659038901587,中证A500,000510.SH
2024-06-17 00:00:00,601633.SH,长城汽车,可选消费,2167.9425806796,,纳入,2.7044995396319216,5.012126111560233,中证A500,000510.SH
2024-06-17 00:00:00,603288.SH,海天味业,日常消费,1999.5919556224,,纳入,1.4100394811054515,-2.640094785049363,中证A500,000510.SH
2024-06-17 00:00:00,600406.SH,国电南瑞,工业,1984.107547266,,纳入,6.290154252206737,2.8033472803347337,中证A500,000510.SH
2024-06-17 00:00:00,000001.SZ,平安银行,金融,1959.997737998,,纳入,-1.5338617691722731,-1.7681728880157177,中证A500,000510.SH
2024-06-17 00:00:00,300059.SZ,东方财富,金融,1947.935941415,,纳入,1.4802631578947345,-3.241491085899506,中证A500,000510.SH
2024-06-17 00:00:00,601766.SH,中国中车,工业,1942.9130987576,,纳入,-5.972222222222223,4.775687409551388,中证A500,000510.SH
2024-06-17 00:00:00,601985.SH,中国核电,公用事业,1893.9934721601,,纳入,-3.5576923076923173,3.3864541832669515,中证A500,000510.SH
2024-06-17 00:00:00,600188.SH,兖矿能源,能源,1811.03635713,,纳入,-1.7595307917888547,-1.9311502938707088,中证A500,000510.SH
2024-06-17 00:00:00,002352.SZ,顺丰控股,工业,1788.7069470942,,纳入,-3.4865293185419866,-2.1531752521122938,中证A500,000510.SH
2024-06-17 00:00:00,002371.SZ,北方华创,信息技术,1769.8375260425998,,纳入,4.695499230503475,2.2645600991325843,中证A500,000510.SH
2024-06-17 00:00:00,603993.SH,洛阳钼业,材料,1768.9778037477,,纳入,-2.6159334126040434,0.6038647342995196,中证A500,000510.SH
2024-06-17 00:00:00,600150.SH,中国船舶,工业,1714.7291858172,,纳入,-0.363825363825343,0.2621919244887305,中证A500,000510.SH
2024-06-17 00:00:00,600887.SH,伊利股份,日常消费,1711.2073319039998,,纳入,-0.6651884700665023,-5.115936694884072,中证A500,000510.SH
2024-06-17 00:00:00,688041.SH,海光信息,信息技术,1709.7830997396,,纳入,7.9542119166422065,5.079163390824326,中证A500,000510.SH
2024-06-17 00:00:00,600104.SH,上汽集团,可选消费,1657.5828805239998,,纳入,1.4883061658398589,-1.748251748251728,中证A500,000510.SH
2024-06-17 00:00:00,300308.SZ,中际旭创,信息技术,1597.7743919759,,纳入,19.24525144339384,3.3984092552422185,中证A500,000510.SH
2024-06-17 00:00:00,601390.SH,中国中铁,工业,1586.5153712697,,纳入,-4.041916167664683,0.930232558139532,中证A500,000510.SH
2024-06-17 00:00:00,300999.SZ,金龙鱼,日常消费,1556.5389299856,,纳入,-3.137651821862353,-3.759917212832009,中证A500,000510.SH
2024-06-17 00:00:00,000725.SZ,京东方A,信息技术,1536.1192417728,,纳入,-1.4492753623188248,0.2349451122596102,中证A500,000510.SH
2024-06-17 00:00:00,300124.SZ,汇川技术,工业,1493.5998385737,,纳入,2.574949420636385,-6.406080347448418,中证A500,000510.SH
2024-06-17 00:00:00,600019.SH,宝钢股份,材料,1435.5787831616003,,纳入,-4.377391586694279,-3.2352941176470584,中证A500,000510.SH
2024-06-17 00:00:00,600050.SH,中国联通,通讯服务,1434.2062171712,,纳入,-1.3129102844638971,1.330376940133049,中证A500,000510.SH
2024-06-17 00:00:00,600011.SH,华能国际,公用事业,1423.8170676613,,纳入,-3.510638297872337,-1.9459459459459485,中证A500,000510.SH
2024-06-17 00:00:00,601888.SH,中国中免,可选消费,1422.9612504632,,纳入,-3.001123482940793,-6.668591224018483,中证A500,000510.SH
2024-06-17 00:00:00,601800.SH,中国交建,工业,1419.49491626,,纳入,-4.07040704070406,1.1389521640091216,中证A500,000510.SH
2024-06-17 00:00:00,300274.SZ,阳光电源,工业,1408.5398414656,,纳入,-1.8738479743221848,1.3665715572908963,中证A500,000510.SH
2024-06-17 00:00:00,000625.SZ,长安汽车,可选消费,1386.4370068134,,纳入,5.03380916604057,3.3234859675037143,中证A500,000510.SH
2024-06-17 00:00:00,000338.SZ,潍柴动力,工业,1373.5600436254,,纳入,-2.0535158680771604,-3.571428571428581,中证A500,000510.SH
2024-06-17 00:00:00,002304.SZ,洋河股份,日常消费,1354.4447660334,,纳入,-1.436088577066441,-6.390688481387929,中证A500,000510.SH
2024-06-17 00:00:00,600919.SH,江苏银行,金融,1339.646685799,,纳入,-1.7353322843053354,-0.8108108108108136,中证A500,000510.SH
2024-06-17 00:00:00,600436.SH,片仔癀,医疗保健,1328.987150188,,纳入,-2.651582110659356,-4.269662921348316,中证A500,000510.SH
2024-06-17 00:00:00,000063.SZ,中兴通讯,信息技术,1327.35230568,,纳入,3.5834266517357216,0.5032350826743359,中证A500,000510.SH
2024-06-17 00:00:00,600031.SH,三一重工,工业,1327.1697730668002,,纳入,-3.2776747062461364,3.101984685032444,中证A500,000510.SH
2024-06-17 00:00:00,600905.SH,三峡能源,公用事业,1322.30217504,,纳入,-1.2820512820512664,-8.297872340425538,中证A500,000510.SH
2024-06-17 00:00:00,600886.SH,国投电力,公用事业,1313.4264802314,,纳入,-4.134929270946664,0.3948110547095318,中证A500,000510.SH
2024-06-17 00:00:00,600018.SH,上港集团,工业,1292.270033625,,纳入,-5.2901023890785215,1.7889087656529634,中证A500,000510.SH
2024-06-17 00:00:00,601600.SH,中国铝业,材料,1285.1627539772,,纳入,-5.429292929292917,-1.9404915912031084,中证A500,000510.SH
2024-06-17 00:00:00,603259.SH,药明康德,医疗保健,1280.3743911591,,纳入,3.72729417315405,-7.345537757437071,中证A500,000510.SH
2024-06-17 00:00:00,601012.SH,隆基绿能,工业,1267.0490567856,,纳入,-0.1194743130226938,-7.535885167464107,中证A500,000510.SH
2024-06-17 00:00:00,603501.SH,豪威集团,信息技术,1264.1635718202,,纳入,3.834631515877751,1.375743975021959,中证A500,000510.SH
2024-06-17 00:00:00,600585.SH,海螺水泥,材料,1255.934711223,,纳入,-2.469135802469158,3.064651553316544,中证A500,000510.SH
2024-06-17 00:00:00,601006.SH,大秦铁路,工业,1245.4447027724,,纳入,-1.9363762102351467,-1.115760111576014,中证A500,000510.SH
2024-06-17 00:00:00,601111.SH,中国国航,工业,1231.2540348332,,纳入,-0.402684563758382,-1.2178619756427531,中证A500,000510.SH
2024-06-17 00:00:00,600547.SH,山东黄金,材料,1230.193119375,,纳入,-4.679376083188913,1.4140681653372011,中证A500,000510.SH
2024-06-17 00:00:00,600660.SH,福耀玻璃,可选消费,1206.2234604904,,纳入,-2.5922023182297083,-3.276231263383289,中证A500,000510.SH
2024-06-17 00:00:00,688111.SH,金山办公,信息技术,1197.65428416,,纳入,0.2436477549599747,-8.646117542954057,中证A500,000510.SH
2024-06-17 00:00:00,600989.SH,宝丰能源,材料,1195.33768,,纳入,-0.4276114844227408,-1.2696493349455995,中证A500,000510.SH
2024-06-17 00:00:00,600048.SH,保利发展,房地产,1173.103454964,,纳入,-5.950095969289815,-5.600000000000016,中证A500,000510.SH
2024-06-17 00:00:00,600760.SH,中航沈飞,工业,1151.3312565314,,纳入,1.4323865015780646,-1.0271516116202362,中证A500,000510.SH
2024-06-17 00:00:00,601186.SH,中国铁建,工业,1142.03944015,,纳入,-3.110599078341003,1.7814726840855275,中证A500,000510.SH
2024-06-17 00:00:00,601989.SH,中国重工(退市),工业,1076.2560672928,,纳入,-7.269155206286837,2.547770700636942,中证A500,000510.SH
2024-06-17 00:00:00,300015.SZ,爱尔眼科,医疗保健,1072.606666925,,纳入,-2.459711620016969,-7.296137339055786,中证A500,000510.SH
2024-06-17 00:00:00,600029.SH,南方航空,工业,1060.07311449,,纳入,-0.3407155025553665,0.0,中证A500,000510.SH
2024-06-17 00:00:00,600795.SH,国电电力,公用事业,1027.3316591232,,纳入,-3.3557046979865834,0.3430531732418362,中证A500,000510.SH
2024-06-17 00:00:00,600893.SH,航发动力,工业,1000.930636369,,纳入,0.0,-1.7319477751132406,中证A500,000510.SH
2024-06-17 00:00:00,002230.SZ,科大讯飞,信息技术,991.733965365,,纳入,3.348590701035903,-1.5437788018433207,中证A500,000510.SH
2024-06-17 00:00:00,600845.SH,宝信软件,信息技术,975.507328411,,纳入,0.7125573081988357,-1.6582765768433538,中证A500,000510.SH
2024-06-17 00:00:00,002493.SZ,荣盛石化,材料,973.0629525,,纳入,-2.038735983690121,1.0362694300518172,中证A500,000510.SH
2024-06-17 00:00:00,600346.SH,恒力石化,能源,971.395770468,,纳入,-2.885292047853627,-1.783166904422262,中证A500,000510.SH
2024-06-17 00:00:00,688036.SH,传音控股,信息技术,969.97530952,,纳入,-0.0116400884646705,-8.10566719349739,中证A500,000510.SH
2024-06-17 00:00:00,000538.SZ,云南白药,医疗保健,940.306391781,,纳入,-2.605802993901296,-2.385460053010213,中证A500,000510.SH
2024-06-17 00:00:00,600438.SH,通威股份,工业,940.0129168248,,纳入,0.0299013194710928,-0.2384358607534498,中证A500,000510.SH
2024-06-17 00:00:00,688271.SH,联影医疗,医疗保健,928.826052476,,纳入,-7.128141738772131,3.610619469026544,中证A500,000510.SH
2024-06-17 00:00:00,000792.SZ,盐湖股份,材料,923.58903424,,纳入,-1.0477299185098876,2.579132473622514,中证A500,000510.SH
2024-06-17 00:00:00,000002.SZ,万科A,房地产,912.6992745315,,纳入,-6.364749082007348,-9.445843828715372,中证A500,000510.SH
2024-06-17 00:00:00,601669.SH,中国电建,工业,899.2055172347999,,纳入,-2.247191011235949,7.184466019417468,中证A500,000510.SH
2024-06-17 00:00:00,600674.SH,川投能源,公用事业,887.1784426959999,,纳入,-2.569593147751603,-3.1182795698924903,中证A500,000510.SH
2024-06-17 00:00:00,002027.SZ,分众传媒,通讯服务,886.7510631764,,纳入,-0.5728202326282239,0.0,中证A500,000510.SH
2024-06-17 00:00:00,601238.SH,广汽集团,可选消费,885.0952916072,,纳入,-1.4939080321975218,-2.972651605231857,中证A500,000510.SH
2024-06-17 00:00:00,600115.SH,中国东航,工业,884.9644738290001,,纳入,0.2525252525252597,-0.2531645569620155,中证A500,000510.SH
2024-06-17 00:00:00,688012.SH,中微公司,信息技术,882.3022316936999,,纳入,0.0281195079085971,7.071713147410352,中证A500,000510.SH
2024-06-17 00:00:00,001979.SZ,招商蛇口,房地产,880.7132764044001,,纳入,-2.7027027027026973,-8.499999999999996,中证A500,000510.SH
2024-06-17 00:00:00,002938.SZ,鹏鼎控股,信息技术,879.8938296720002,,纳入,25.37471701322256,9.85507246376811,中证A500,000510.SH
2024-06-17 00:00:00,601868.SH,中国能建,工业,879.6835527195999,,纳入,-2.314814814814825,0.0,中证A500,000510.SH
2024-06-17 00:00:00,300014.SZ,亿纬锂能,工业,879.2510994106,,纳入,4.093000726568152,2.4938271604938222,中证A500,000510.SH
2024-06-17 00:00:00,002050.SZ,三花智控,工业,859.248096157,,纳入,-1.044770590887356,-5.5289508053983365,中证A500,000510.SH
2024-06-17 00:00:00,000425.SZ,徐工机械,工业,854.3088085238999,,纳入,-3.083109919571048,2.219140083217752,中证A500,000510.SH
2024-06-17 00:00:00,300433.SZ,蓝思科技,信息技术,847.12186277,,纳入,8.69565217391306,9.10216718266257,中证A500,000510.SH
2024-06-17 00:00:00,603392.SH,万泰生物,医疗保健,846.2745304327001,,纳入,0.2252928807449761,-1.0187265917603106,中证A500,000510.SH
2024-06-17 00:00:00,600009.SH,上海机场,工业,834.1389451680001,,纳入,-1.9883040935672505,-2.037147992810062,中证A500,000510.SH
2024-06-17 00:00:00,688223.SH,晶科能源,工业,830.431564061,,纳入,-1.5421115065243018,-1.813784764207993,中证A500,000510.SH
2024-06-17 00:00:00,002179.SZ,中航光电,信息技术,829.6354703944,,纳入,5.783783783783791,-4.189016602809714,中证A500,000510.SH
2024-06-17 00:00:00,600362.SH,江西铜业,材料,824.4758713305,,纳入,-4.339092004821222,-0.7802874743326527,中证A500,000510.SH
2024-06-17 00:00:00,000100.SZ,TCL科技,信息技术,807.5004729809999,,纳入,-3.803131991051456,-2.304147465437767,中证A500,000510.SH
2024-06-17 00:00:00,300502.SZ,新易盛,信息技术,784.3895318273999,,纳入,21.25768217734853,3.9354838709677376,中证A500,000510.SH
2024-06-17 00:00:00,600026.SH,中远海能,工业,756.645136247,,纳入,-13.80434782608696,-1.282834453268178,中证A500,000510.SH
2024-06-17 00:00:00,600089.SH,特变电工,工业,733.6654769531999,,纳入,0.9034051424600342,-2.2980501392757646,中证A500,000510.SH
2024-06-17 00:00:00,000617.SZ,中油资本,金融,728.1837549503999,,纳入,3.597122302158273,-5.110732538330487,中证A500,000510.SH
2024-06-17 00:00:00,300122.SZ,智飞生物,医疗保健,724.8395353916001,,纳入,-1.2071778140293588,-5.650459921156381,中证A500,000510.SH
2024-06-17 00:00:00,002463.SZ,沪电股份,信息技术,722.3514625200002,,纳入,15.267175572519063,0.1079330814894863,中证A500,000510.SH
2024-06-17 00:00:00,600039.SH,四川路桥,工业,711.160402008,,纳入,-0.366300366300365,1.3698630136986356,中证A500,000510.SH
2024-06-17 00:00:00,000708.SZ,中信特钢,材料,705.5924693334,,纳入,-6.488294314381271,-1.3956734124214831,中证A500,000510.SH
2024-06-17 00:00:00,600489.SH,中金黄金,材料,692.6809653956,,纳入,-2.855200543847747,4.741980474198049,中证A500,000510.SH
2024-06-17 00:00:00,601607.SH,上海医药,医疗保健,691.4153361539002,,纳入,-0.5857294994675133,2.922077922077926,中证A500,000510.SH
2024-06-17 00:00:00,600027.SH,华电国际,公用事业,684.2238397977001,,纳入,-7.596685082872923,-3.5612535612535634,中证A500,000510.SH
2024-06-17 00:00:00,000768.SZ,中航西飞,工业,683.7517094517999,,纳入,-3.570027461749703,-0.4443161775124826,中证A500,000510.SH
2024-06-17 00:00:00,601689.SH,拓普集团,可选消费,682.8982807842999,,纳入,2.962833099579232,-0.3221430993557095,中证A500,000510.SH
2024-06-17 00:00:00,000157.SZ,中联重科,工业,676.0155951844,,纳入,-3.945745992601712,-1.1278195488721887,中证A500,000510.SH
2024-06-17 00:00:00,601872.SH,招商轮船,工业,674.3071660283999,,纳入,-10.967741935483888,1.7814726840855055,中证A500,000510.SH
2024-06-17 00:00:00,601100.SH,恒立液压,工业,673.3603021824,,纳入,-2.5422084222782915,-4.918992777669329,中证A500,000510.SH
2024-06-17 00:00:00,000938.SZ,紫光股份,信息技术,647.2360754862,,纳入,-1.265270506108207,1.4114769499323554,中证A500,000510.SH
2024-06-17 00:00:00,600111.SH,北方稀土,材料,646.0122659654,,纳入,-1.7592083562396943,-4.063682512429967,中证A500,000510.SH
2024-06-17 00:00:00,600803.SH,新奥股份,公用事业,645.0863817774,,纳入,1.4619883040935644,1.2434241989478734,中证A500,000510.SH
2024-06-17 00:00:00,600010.SH,包钢股份,材料,644.7501799216,,纳入,-2.739726027397249,-2.0979020979021046,中证A500,000510.SH
2024-06-17 00:00:00,002460.SZ,赣锋锂业,材料,638.6353188313999,,纳入,-1.799007444168732,-7.2900158478605315,中证A500,000510.SH
2024-06-17 00:00:00,601618.SH,中国中冶,工业,638.287470436,,纳入,-4.049844236760125,-0.3225806451612967,中证A500,000510.SH
2024-06-17 00:00:00,002241.SZ,歌尔股份,可选消费,636.2704604718001,,纳入,9.85250737463128,5.46697038724373,中证A500,000510.SH
2024-06-17 00:00:00,603986.SH,兆易创新,信息技术,628.7593048944,,纳入,12.96429427270549,4.235605559232303,中证A500,000510.SH
2024-06-17 00:00:00,300033.SZ,同花顺,信息技术,616.30464,,纳入,2.4211560796926657,-4.378238341968899,中证A500,000510.SH
2024-06-17 00:00:00,600196.SH,复星医药,医疗保健,615.7206630144,,纳入,-3.8798498122653458,-3.1492666091458066,中证A500,000510.SH
2024-06-17 00:00:00,688008.SH,澜起科技,信息技术,614.4485241258,,纳入,6.3833992094861625,7.188679245283014,中证A500,000510.SH
2024-06-17 00:00:00,000999.SZ,华润三九,医疗保健,612.51597056,,纳入,-1.718944853083093,-6.579804560260572,中证A500,000510.SH
2024-06-17 00:00:00,603019.SH,中科曙光,信息技术,611.0442216449999,,纳入,7.464607464607442,-2.36630383341222,中证A500,000510.SH
2024-06-17 00:00:00,600160.SH,巨化股份,材料,603.6632237115999,,纳入,-2.9934924078091063,-0.5747126436781769,中证A500,000510.SH
2024-06-17 00:00:00,002648.SZ,卫星化学,材料,602.6519896769,,纳入,-0.8864265927977844,0.946021146355025,中证A500,000510.SH
2024-06-17 00:00:00,601727.SH,上海电气,工业,596.7066882236,,纳入,-1.2886597938144395,-0.7853403141361293,中证A500,000510.SH
2024-06-17 00:00:00,600372.SH,中航机载,工业,595.668175153,,纳入,3.501245908808026,-2.5121555915721183,中证A500,000510.SH
2024-06-17 00:00:00,688009.SH,中国通号,工业,591.9708821,,纳入,-6.365159128978215,1.7421602787456305,中证A500,000510.SH
2024-06-17 00:00:00,002001.SZ,新和成,医疗保健,590.6723957316,,纳入,1.757188498402562,3.651987110633725,中证A500,000510.SH
2024-06-17 00:00:00,300408.SZ,三环集团,信息技术,588.5563426341,,纳入,3.925549915397619,-4.366382140512148,中证A500,000510.SH
2024-06-17 00:00:00,600426.SH,华鲁恒升,材料,584.9746597245,,纳入,-2.4778761061946986,-1.1189387457343103,中证A500,000510.SH
2024-06-17 00:00:00,600085.SH,同仁堂,医疗保健,579.7204797474001,,纳入,-4.019073569482268,-3.423848878394342,中证A500,000510.SH
2024-06-17 00:00:00,601360.SH,三六零,信息技术,568.7709104812001,,纳入,1.790281329923249,-1.8796992481203143,中证A500,000510.SH
2024-06-17 00:00:00,300832.SZ,新产业,医疗保健,565.874668957,,纳入,-2.3590021691974217,-0.6521122767224385,中证A500,000510.SH
2024-06-17 00:00:00,002916.SZ,深南电路,信息技术,563.549835458,,纳入,17.105403389107956,0.1865671641790856,中证A500,000510.SH
2024-06-17 00:00:00,300896.SZ,爱美客,医疗保健,562.9574417099999,,纳入,-6.939306069393081,-4.777018666953559,中证A500,000510.SH
2024-06-17 00:00:00,002028.SZ,思源电气,工业,562.7756346858,,纳入,-0.3564084989719163,-1.1267605633802802,中证A500,000510.SH
2024-06-17 00:00:00,603260.SH,合盛硅业,材料,560.7207521163,,纳入,-3.4994913530010163,-0.3992435385585358,中证A500,000510.SH
2024-06-17 00:00:00,600066.SH,宇通客车,可选消费,560.5694112636,,纳入,0.3567181926278362,8.448979591836725,中证A500,000510.SH
2024-06-17 00:00:00,600584.SH,长电科技,信息技术,559.728877496,,纳入,12.720720720720724,6.712564543889843,中证A500,000510.SH
2024-06-17 00:00:00,601021.SH,春秋航空,工业,557.8706737304999,,纳入,-1.144442517773547,-1.527119536598209,中证A500,000510.SH
2024-06-17 00:00:00,688303.SH,大全能源,工业,551.677980298,,纳入,4.213938411669349,-7.408874801901744,中证A500,000510.SH
2024-06-17 00:00:00,002920.SZ,德赛西威,可选消费,550.28854815,,纳入,-0.2414729852097785,-6.913580246913575,中证A500,000510.SH
2024-06-17 00:00:00,600233.SH,圆通速递,工业,549.5197255514998,,纳入,0.8882788627326166,-0.2565747273893581,中证A500,000510.SH
2024-06-17 00:00:00,688169.SH,石头科技,可选消费,541.409222269,,纳入,-0.2376045581282571,2.821316614420044,中证A500,000510.SH
2024-06-17 00:00:00,002236.SZ,大华股份,信息技术,541.2812550569998,,纳入,1.7337461300309664,-3.990326481257556,中证A500,000510.SH
2024-06-17 00:00:00,000963.SZ,华东医药,医疗保健,540.1574520291999,,纳入,-1.848900223143124,-6.879844961240322,中证A500,000510.SH
2024-06-17 00:00:00,000301.SZ,东方盛虹,材料,538.8139776749999,,纳入,-3.4360189573459654,-3.6057692307692513,中证A500,000510.SH
2024-06-17 00:00:00,300394.SZ,天孚通信,信息技术,536.6296365528,,纳入,11.587191891269288,2.346938775510199,中证A500,000510.SH
2024-06-17 00:00:00,002466.SZ,天齐锂业,材料,535.038236058,,纳入,-4.117647058823515,-6.357493857493878,中证A500,000510.SH
2024-06-17 00:00:00,000977.SZ,浪潮信息,信息技术,534.8266898226,,纳入,2.9761904761904656,3.0249546063038317,中证A500,000510.SH
2024-06-17 00:00:00,000786.SZ,北新建材,材料,534.0534288562001,,纳入,-1.4957930819569976,-3.576460549889071,中证A500,000510.SH
2024-06-17 00:00:00,688396.SH,华润微,信息技术,524.3774369847999,,纳入,7.052148068089714,4.964595476030409,中证A500,000510.SH
2024-06-17 00:00:00,002252.SZ,上海莱士,医疗保健,516.3538548966,,纳入,4.576043068640634,2.6560424966799445,中证A500,000510.SH
2024-06-17 00:00:00,000039.SZ,中集集团,工业,513.9071926905,,纳入,-8.978032473734498,0.5230125523012497,中证A500,000510.SH
2024-06-17 00:00:00,002422.SZ,科伦药业,医疗保健,511.5485400562,,纳入,0.1567889620570861,-2.5648949320148278,中证A500,000510.SH
2024-06-17 00:00:00,600161.SH,天坛生物,医疗保健,510.16183296480006,,纳入,-0.7374158384097607,-2.612828290034952,中证A500,000510.SH
2024-06-17 00:00:00,600741.SH,华域汽车,可选消费,507.9038338224,,纳入,-0.3094059405940541,1.0618363522798102,中证A500,000510.SH
2024-06-17 00:00:00,600183.SH,生益科技,信息技术,506.487143358,,纳入,7.638190954773893,-4.562383612662946,中证A500,000510.SH
2024-06-17 00:00:00,002049.SZ,紫光国微,信息技术,501.3610836045,,纳入,5.80957504034425,-1.1216566005176951,中证A500,000510.SH
2024-06-17 00:00:00,600256.SH,广汇能源,能源,500.3105415918,,纳入,-3.053435114503822,-3.1047865459249646,中证A500,000510.SH
2024-06-17 00:00:00,300782.SZ,卓胜微,信息技术,497.4113280292,,纳入,8.840037418147805,-3.9163624294722874,中证A500,000510.SH
2024-06-17 00:00:00,600332.SH,白云山,医疗保健,496.5165558246,,纳入,-3.9320541050644864,-2.318398902692742,中证A500,000510.SH
2024-06-17 00:00:00,000933.SZ,神火股份,材料,493.13608325280006,,纳入,-4.571179799738778,-4.53345070422534,中证A500,000510.SH
2024-06-17 00:00:00,300628.SZ,亿联网络,信息技术,485.30503756799993,,纳入,6.874478151962138,-0.3878975950349139,中证A500,000510.SH
2024-06-17 00:00:00,000807.SZ,云铝股份,材料,482.046079295,,纳入,-7.023411371237442,-4.405115324049058,中证A500,000510.SH
2024-06-17 00:00:00,601117.SH,中国化学,工业,479.593441158,,纳入,-7.538280329799774,1.9950124688279391,中证A500,000510.SH
2024-06-17 00:00:00,601058.SH,赛轮轮胎,可选消费,471.5135771406,,纳入,0.2096436058700135,-2.154273801250872,中证A500,000510.SH
2024-06-17 00:00:00,300347.SZ,泰格医药,医疗保健,462.74748495,,纳入,-6.222611744084128,-5.539033457249065,中证A500,000510.SH
2024-06-17 00:00:00,000975.SZ,山金国际,材料,460.93589599000006,,纳入,-10.512129380053905,0.5360333531864159,中证A500,000510.SH
2024-06-17 00:00:00,000630.SZ,铜陵有色,材料,454.1486742355,,纳入,-6.332453825857531,-1.9178082191780632,中证A500,000510.SH
2024-06-17 00:00:00,002459.SZ,晶澳科技,工业,451.7698462095,,纳入,-2.430307362401707,-10.223182145428368,中证A500,000510.SH
2024-06-17 00:00:00,603806.SH,福斯特,工业,449.26380838,,纳入,-1.8729641693810968,-8.752556237218812,中证A500,000510.SH
2024-06-17 00:00:00,002601.SZ,龙佰集团,材料,444.8050629184,,纳入,-11.909262759924388,-0.1605995717344877,中证A500,000510.SH
2024-06-17 00:00:00,600398.SH,海澜之家,可选消费,443.2956983208,,纳入,1.317233809001106,-4.241781548250268,中证A500,000510.SH
2024-06-17 00:00:00,600415.SH,小商品城,工业,442.0373345856,,纳入,-4.275534441805218,-3.945745992601724,中证A500,000510.SH
2024-06-17 00:00:00,300316.SZ,晶盛机电,工业,440.9200294499,,纳入,7.847533632287007,-8.117752007136492,中证A500,000510.SH
2024-06-17 00:00:00,601877.SH,正泰电器,工业,440.7535369776001,,纳入,-0.2916869227029717,-3.682170542635677,中证A500,000510.SH
2024-06-17 00:00:00,600176.SH,中国巨石,材料,439.9447264072,,纳入,-5.421686746987953,-3.41419586702606,中证A500,000510.SH
2024-06-17 00:00:00,688599.SH,天合光能,工业,439.7957770872,,纳入,-0.7866273352999054,-9.063590834973455,中证A500,000510.SH
2024-06-17 00:00:00,600219.SH,南山铝业,材料,434.3873106608,,纳入,-2.8795811518324443,1.8716577540106805,中证A500,000510.SH
2024-06-17 00:00:00,000423.SZ,东阿阿胶,医疗保健,426.7634412648,,纳入,-2.563917917205427,1.254973982246721,中证A500,000510.SH
2024-06-17 00:00:00,605117.SH,德业股份,工业,426.1154953629,,纳入,7.11366732253671,10.844239896447585,中证A500,000510.SH
2024-06-17 00:00:00,603605.SH,珀莱雅,日常消费,420.1263632095,,纳入,-3.137577753384557,-0.934147243803185,中证A500,000510.SH
2024-06-17 00:00:00,603799.SH,华友钴业,材料,414.6291107371,,纳入,-3.841240480287445,-7.736155011936296,中证A500,000510.SH
2024-06-17 00:00:00,300418.SZ,昆仑万维,通讯服务,414.5212351764,,纳入,1.9691002726446305,-6.27565982404692,中证A500,000510.SH
2024-06-17 00:00:00,000661.SZ,长春高新,医疗保健,414.048359542,,纳入,-1.2633812325200222,-2.777502231921436,中证A500,000510.SH
2024-06-17 00:00:00,300413.SZ,芒果超媒,通讯服务,411.932723463,,纳入,-1.299865531151967,-8.085295424255879,中证A500,000510.SH
2024-06-17 00:00:00,601168.SH,西部矿业,材料,411.7824,,纳入,-5.984766050054391,0.9497206703910744,中证A500,000510.SH
2024-06-17 00:00:00,688188.SH,柏楚电子,信息技术,411.3163214159999,,纳入,2.0803589638996645,-3.794654135718245,中证A500,000510.SH
2024-06-17 00:00:00,688126.SH,沪硅产业,信息技术,407.955812121,,纳入,7.375271149674623,0.2009377093101116,中证A500,000510.SH
2024-06-17 00:00:00,002078.SZ,太阳纸业,材料,403.5363583835999,,纳入,-4.307488402915838,-3.593220338983061,中证A500,000510.SH
2024-06-17 00:00:00,600482.SH,中国动力,工业,399.775578422,,纳入,-8.333333333333325,2.7277686852154925,中证A500,000510.SH
2024-06-17 00:00:00,002180.SZ,纳思达,信息技术,398.3225315768,,纳入,6.676783004552367,-2.3666416228399823,中证A500,000510.SH
2024-06-17 00:00:00,000408.SZ,藏格矿业,材料,398.1115948887,,纳入,-1.8316445830085624,-2.291584354010268,中证A500,000510.SH
2024-06-17 00:00:00,002223.SZ,鱼跃医疗,医疗保健,397.2816069627,,纳入,-0.4271356783919433,-4.141414141414135,中证A500,000510.SH
2024-06-17 00:00:00,002625.SZ,光启技术,工业,395.36687267700006,,纳入,4.61801596351199,-2.3652365236523587,中证A500,000510.SH
2024-06-17 00:00:00,002709.SZ,天赐材料,材料,393.9344869277001,,纳入,9.202127659574463,-3.1987414787624457,中证A500,000510.SH
2024-06-17 00:00:00,002129.SZ,TCL中环,工业,393.79947629020006,,纳入,-2.7944111776447067,-7.823470411233712,中证A500,000510.SH
2024-06-17 00:00:00,600745.SH,闻泰科技,信息技术,392.4792530478,,纳入,8.559642488827768,0.5340453938584622,中证A500,000510.SH
2024-06-17 00:00:00,300866.SZ,安克创新,信息技术,392.1870792011,,纳入,4.594785059901341,1.7175048090134482,中证A500,000510.SH
2024-06-17 00:00:00,300661.SZ,圣邦股份,信息技术,389.9503238412,,纳入,1.744043232620962,8.742109102418304,中证A500,000510.SH
2024-06-17 00:00:00,301236.SZ,软通动力,信息技术,389.8482355107,,纳入,9.448362327592584,-2.2913651712494043,中证A500,000510.SH
2024-06-17 00:00:00,688072.SH,拓荆科技,信息技术,389.7605071368,,纳入,1.6476790654970983,0.3455226029369429,中证A500,000510.SH
2024-06-17 00:00:00,603833.SH,欧派家居,可选消费,385.593504015,,纳入,-2.390131071703916,-9.735872235872243,中证A500,000510.SH
2024-06-17 00:00:00,600515.SH,海南机场,房地产,383.8904026272,,纳入,-0.8849557522124019,-4.069767441860472,中证A500,000510.SH
2024-06-17 00:00:00,300751.SZ,迈为股份,工业,379.4018985734,,纳入,-1.5860370799536616,-3.0172098132552283,中证A500,000510.SH
2024-06-17 00:00:00,002074.SZ,国轩高科,工业,372.9731697432,,纳入,8.039419087136901,3.073967011179968,中证A500,000510.SH
2024-06-17 00:00:00,002353.SZ,杰瑞股份,能源,371.76205296230006,,纳入,6.794117647058839,4.02968735779814,中证A500,000510.SH
2024-06-17 00:00:00,600588.SH,用友网络,信息技术,371.5932717233,,纳入,0.928505106778088,-5.586080586080577,中证A500,000510.SH
2024-06-17 00:00:00,603568.SH,伟明环保,工业,371.1018955063,,纳入,-0.0917852225791659,-5.336322869955157,中证A500,000510.SH
2024-06-17 00:00:00,600096.SH,云天化,材料,367.4160480241,,纳入,-5.69679849340865,-0.9000000000000008,中证A500,000510.SH
2024-06-17 00:00:00,002812.SZ,恩捷股份,材料,366.8540804656001,,纳入,1.680216802168033,-4.234707998892873,中证A500,000510.SH
2024-06-17 00:00:00,300759.SZ,康龙化成,医疗保健,366.2370914553,,纳入,4.808184143222505,-1.987083954297053,中证A500,000510.SH
2024-06-17 00:00:00,601233.SH,桐昆股份,材料,364.8023792909,,纳入,2.855200543847736,2.499999999999991,中证A500,000510.SH
2024-06-17 00:00:00,600570.SH,恒生电子,信息技术,363.8652112775,,纳入,-0.2596047031073856,-6.611993849308062,中证A500,000510.SH
2024-06-17 00:00:00,002156.SZ,通富微电,信息技术,363.4966865504,,纳入,-1.3179571663920808,2.4978466838932123,中证A500,000510.SH
2024-06-17 00:00:00,002064.SZ,华峰化学,材料,362.7619588707,,纳入,-2.921646746347939,-2.0270270270270285,中证A500,000510.SH
2024-06-17 00:00:00,002532.SZ,天山铝业,材料,361.91668528700006,,纳入,-5.006105006104988,2.149178255372952,中证A500,000510.SH
2024-06-17 00:00:00,600418.SH,江淮汽车,可选消费,359.4880115986,,纳入,6.81375730045426,4.804045512010102,中证A500,000510.SH
2024-06-17 00:00:00,603659.SH,璞泰来,材料,354.68979170520004,,纳入,1.166444109939091,-5.993690851735001,中证A500,000510.SH
2024-06-17 00:00:00,601799.SH,星宇股份,可选消费,354.44245515330005,,纳入,-1.920948616600804,-2.891527340279454,中证A500,000510.SH
2024-06-17 00:00:00,603939.SH,益丰药房,日常消费,354.107160752,,纳入,-16.57142857142858,-7.363013698630139,中证A500,000510.SH
2024-06-17 00:00:00,603606.SH,东方电缆,工业,351.56009612159994,,纳入,8.742820676451824,1.2045732952225665,中证A500,000510.SH
2024-06-17 00:00:00,601866.SH,中远海发,工业,347.5440284672,,纳入,-8.24372759856631,-1.153846153846172,中证A500,000510.SH
2024-06-17 00:00:00,000400.SZ,许继电气,工业,345.64795761280004,,纳入,6.681617897830305,-0.336083104185747,中证A500,000510.SH
2024-06-17 00:00:00,002340.SZ,格林美,材料,344.084299319,,纳入,2.6033690658499253,0.3081664098613101,中证A500,000510.SH
2024-06-17 00:00:00,002271.SZ,东方雨虹,材料,340.7482050423,,纳入,-6.496199032481009,-5.869720830350755,中证A500,000510.SH
2024-06-17 00:00:00,300919.SZ,中伟股份,材料,336.563793588,,纳入,6.48696682464458,-8.401930173147864,中证A500,000510.SH
2024-06-17 00:00:00,600177.SH,雅戈尔,可选消费,336.0510958398,,纳入,-2.152429831306646,-2.4556616643929163,中证A500,000510.SH
2024-06-17 00:00:00,688777.SH,中控技术,信息技术,326.86686341440003,,纳入,-4.257288292457195,-6.759962049335844,中证A500,000510.SH
2024-06-17 00:00:00,600895.SH,张江高科,房地产,324.60532967999995,,纳入,-1.2252591894439058,-5.995203836930463,中证A500,000510.SH
2024-06-17 00:00:00,300573.SZ,兴齐眼药,医疗保健,323.732560576,,纳入,-0.6051518234884479,-7.470270270270262,中证A500,000510.SH
2024-06-17 00:00:00,300474.SZ,景嘉微,工业,322.5560642382,,纳入,5.83897667419111,-2.4316546762589875,中证A500,000510.SH
2024-06-17 00:00:00,601216.SH,君正集团,材料,322.3322642979999,,纳入,-4.260651629072698,-3.3591731266150004,中证A500,000510.SH
2024-06-17 00:00:00,600460.SH,士兰微,信息技术,320.0010157935,,纳入,9.885714285714275,1.0928961748633892,中证A500,000510.SH
2024-06-17 00:00:00,002384.SZ,东山精密,信息技术,318.5482830201,,纳入,23.29583057577762,11.92443919716646,中证A500,000510.SH
2024-06-17 00:00:00,002294.SZ,信立泰,医疗保健,316.4964142865,,纳入,4.145267791636087,-2.3169225568935525,中证A500,000510.SH
2024-06-17 00:00:00,603899.SH,晨光股份,工业,314.93310837800004,,纳入,-2.738944365192564,-5.7184750733138,中证A500,000510.SH
2024-06-17 00:00:00,601880.SH,辽港股份,工业,314.23056218960005,,纳入,-1.5037593984962516,-2.272727272727282,中证A500,000510.SH
2024-06-17 00:00:00,002007.SZ,华兰生物,医疗保健,312.3557821608,,纳入,-2.3026888298020243,-3.1012287887653645,中证A500,000510.SH
2024-06-17 00:00:00,002444.SZ,巨星科技,工业,311.0872653304,,纳入,-1.2580943225241723,-3.946360153256701,中证A500,000510.SH
2024-06-17 00:00:00,002409.SZ,雅克科技,信息技术,309.7337328424,,纳入,9.249622293100558,1.8434619590688817,中证A500,000510.SH
2024-06-17 00:00:00,000988.SZ,华工科技,信息技术,309.4937332146,,纳入,6.092820725841808,-1.4294996751137212,中证A500,000510.SH
2024-06-17 00:00:00,002202.SZ,金风科技,工业,309.27495176040003,,纳入,-3.937007874015752,-9.610389610389614,中证A500,000510.SH
2024-06-17 00:00:00,000932.SZ,华菱钢铁,材料,308.8158727053,,纳入,-7.892346334027667,-4.301075268817211,中证A500,000510.SH
2024-06-17 00:00:00,600885.SH,宏发股份,工业,308.4235043022,,纳入,0.543847722637647,-4.07994777593167,中证A500,000510.SH
2024-06-17 00:00:00,300450.SZ,先导智能,工业,308.2208850912,,纳入,2.2869022869022926,-5.263157894736848,中证A500,000510.SH
2024-06-17 00:00:00,002085.SZ,万丰奥威,可选消费,307.45348089600003,,纳入,-0.4810996563573755,-1.6118200134318306,中证A500,000510.SH
2024-06-17 00:00:00,002555.SZ,三七互娱,通讯服务,307.3959893466,,纳入,0.7267441860465018,-6.458481192334986,中证A500,000510.SH
2024-06-17 00:00:00,300003.SZ,乐普医疗,医疗保健,302.77828856800005,,纳入,0.0621504039776343,-1.9875776397515696,中证A500,000510.SH
2024-06-17 00:00:00,000066.SZ,中国长城,信息技术,301.93479463679995,,纳入,5.286839145106859,-3.208556149732611,中证A500,000510.SH
2024-06-17 00:00:00,600038.SH,中直股份,工业,299.4463300698,,纳入,-1.2545235223160534,-0.711132908288381,中证A500,000510.SH
2024-06-17 00:00:00,688617.SH,惠泰医疗,医疗保健,297.4594911573,,纳入,-0.3873539026465478,-1.6485977958964335,中证A500,000510.SH
2024-06-17 00:00:00,600765.SH,中航重机,工业,296.1610078188,,纳入,1.900013090372932,0.5612244897959195,中证A500,000510.SH
2024-06-17 00:00:00,300207.SZ,欣旺达,工业,295.7201002528,,纳入,8.692676249144426,0.4581151832460772,中证A500,000510.SH
2024-06-17 00:00:00,603156.SH,养元饮品,日常消费,293.5945152,,纳入,0.2159827213822795,-5.258620689655158,中证A500,000510.SH
2024-06-17 00:00:00,300223.SZ,北京君正,信息技术,293.4205467723,,纳入,5.415224913494798,-3.2252756294224083,中证A500,000510.SH
2024-06-17 00:00:00,603486.SH,科沃斯,可选消费,290.01845228850004,,纳入,1.2273641851106687,-5.192860465008864,中证A500,000510.SH
2024-06-17 00:00:00,600862.SH,中航高科,工业,284.0427129173,,纳入,2.4108488196885824,-2.6732673267326645,中证A500,000510.SH
2024-06-17 00:00:00,600754.SH,锦江酒店,可选消费,280.9935709438,,纳入,-3.668378576669107,-11.685393258426958,中证A500,000510.SH
2024-06-17 00:00:00,002603.SZ,以岭药业,医疗保健,280.8455737056,,纳入,-5.508712759977518,-5.170387779083418,中证A500,000510.SH
2024-06-17 00:00:00,002739.SZ,万达电影,通讯服务,280.48476584699995,,纳入,1.2588512981903888,0.0,中证A500,000510.SH
2024-06-17 00:00:00,600816.SH,建元信托,金融,278.5978855882,,纳入,-5.666666666666675,-4.545454545454541,中证A500,000510.SH
2024-06-17 00:00:00,601966.SH,玲珑轮胎,可选消费,278.05373594310004,,纳入,-3.113639780262356,3.1419284940411574,中证A500,000510.SH
2024-06-17 00:00:00,603816.SH,顾家家居,可选消费,276.0733612321,,纳入,-4.11076220382528,-5.172413793103436,中证A500,000510.SH
2024-06-17 00:00:00,002821.SZ,凯莱英,医疗保健,275.99523515100003,,纳入,0.7961138847659033,-5.101225359616402,中证A500,000510.SH
2024-06-17 00:00:00,600153.SH,建发股份,工业,275.4733416946,,纳入,-2.029914529914534,-2.699784017278617,中证A500,000510.SH
2024-06-17 00:00:00,600497.SH,驰宏锌锗,材料,275.4388738288,,纳入,-4.920913884007039,-0.5282444688136212,中证A500,000510.SH
2024-06-17 00:00:00,002281.SZ,光迅科技,信息技术,275.4292369536,,纳入,8.748824082784568,5.488505747126449,中证A500,000510.SH
2024-06-17 00:00:00,600118.SH,中国卫星,工业,274.9287238875,,纳入,-3.4067303697548845,-2.234636871508377,中证A500,000510.SH
2024-06-17 00:00:00,002414.SZ,高德红外,信息技术,274.6083317444,,纳入,1.2598425196850505,-2.968750000000009,中证A500,000510.SH
2024-06-17 00:00:00,600352.SH,浙江龙盛,材料,273.930542612,,纳入,-4.966139954853266,-0.9478672985781976,中证A500,000510.SH
2024-06-17 00:00:00,600988.SH,赤峰黄金,材料,273.8798128188,,纳入,-8.096035734226682,1.2507444907683185,中证A500,000510.SH
2024-06-17 00:00:00,000738.SZ,航发控制,工业,273.6897906081,,纳入,1.5121951219512209,-2.0965382740126826,中证A500,000510.SH
2024-06-17 00:00:00,300251.SZ,光线传媒,通讯服务,272.825584176,,纳入,3.563474387527843,-5.567451820128477,中证A500,000510.SH
2024-06-17 00:00:00,002185.SZ,华天科技,信息技术,272.0607466152,,纳入,3.6630036630036944,1.813406505160886,中证A500,000510.SH
2024-06-17 00:00:00,600157.SH,永泰能源,公用事业,271.056722569,,纳入,0.8264462809917328,-2.4590163934426257,中证A500,000510.SH
2024-06-17 00:00:00,688122.SH,西部超导,材料,269.74069915440003,,纳入,1.1695906432748426,-4.776328052190138,中证A500,000510.SH
2024-06-17 00:00:00,002602.SZ,ST华通,通讯服务,269.0373065448,,纳入,-1.634877384196176,-5.722070844686655,中证A500,000510.SH
2024-06-17 00:00:00,603885.SH,吉祥航空,工业,268.1160379548,,纳入,-1.3039934800325947,-4.714640198511155,中证A500,000510.SH
2024-06-17 00:00:00,002152.SZ,广电运通,信息技术,267.7086764044,,纳入,1.5065913370998052,-0.2790697674418529,中证A500,000510.SH
2024-06-17 00:00:00,002456.SZ,欧菲光,信息技术,267.466815929,,纳入,6.762028608582593,-0.9950248756218748,中证A500,000510.SH
2024-06-17 00:00:00,000683.SZ,博源化工,材料,264.88769176,,纳入,-5.585106382978722,-2.9288702928870314,中证A500,000510.SH
2024-06-17 00:00:00,000831.SZ,中国稀土,材料,263.182760136,,纳入,-2.439024390243893,1.3221153846153744,中证A500,000510.SH
2024-06-17 00:00:00,002372.SZ,伟星新材,工业,261.890249026,,纳入,0.2437538086532464,-3.914373088685019,中证A500,000510.SH
2024-06-17 00:00:00,600879.SH,航天电子,工业,261.3045072528,,纳入,1.4084507042253724,-2.802547770700625,中证A500,000510.SH
2024-06-17 00:00:00,000733.SZ,振华科技,信息技术,260.9583850579,,纳入,4.78415665331553,-3.754266211604107,中证A500,000510.SH
2024-06-17 00:00:00,688099.SH,晶晨股份,信息技术,260.8683230848,,纳入,14.003656307129807,3.079470198675493,中证A500,000510.SH
2024-06-17 00:00:00,002465.SZ,海格通信,信息技术,260.0961977504,,纳入,-1.0387157695939564,-3.001876172607887,中证A500,000510.SH
2024-06-17 00:00:00,600998.SH,九州通,医疗保健,257.6702289574,,纳入,-4.664179104477617,-3.802281368821303,中证A500,000510.SH
2024-06-17 00:00:00,300496.SZ,中科创达,信息技术,257.60464464,,纳入,4.4581234844245365,-7.591867188957291,中证A500,000510.SH
2024-06-17 00:00:00,000878.SZ,云南铜业,材料,255.662972356,,纳入,-4.419475655430716,-0.9976976208749156,中证A500,000510.SH
2024-06-17 00:00:00,600521.SH,华海药业,医疗保健,254.9220979052,,纳入,0.4624277456647396,1.9384264538198304,中证A500,000510.SH
2024-06-17 00:00:00,600549.SH,厦门钨业,材料,254.01487932,,纳入,-1.970443349753692,-1.5986769570010997,中证A500,000510.SH
2024-06-17 00:00:00,000960.SZ,锡业股份,材料,250.98479768,,纳入,-4.508453350031316,-1.2195121951219523,中证A500,000510.SH
2024-06-17 00:00:00,000629.SZ,钒钛股份,材料,246.3183809925,,纳入,-3.985507246376796,-3.731343283582078,中证A500,000510.SH
2024-06-17 00:00:00,000009.SZ,中国宝安,工业,245.541169468,,纳入,2.4757804090419944,-6.871035940803372,中证A500,000510.SH
2024-06-17 00:00:00,600007.SH,中国国贸,房地产,244.9711122688,,纳入,-1.7373737373737486,-0.9181969949916602,中证A500,000510.SH
2024-06-17 00:00:00,002831.SZ,裕同科技,材料,244.9111671496,,纳入,3.054032889584968,-0.9531071292413262,中证A500,000510.SH
2024-06-17 00:00:00,600131.SH,国网信通,信息技术,241.2472291308,,纳入,6.415694591728527,-7.337095946639305,中证A500,000510.SH
2024-06-17 00:00:00,300037.SZ,新宙邦,材料,240.7899718054,,纳入,4.858831254103735,-2.6597469996756278,中证A500,000510.SH
2024-06-17 00:00:00,601615.SH,明阳智能,工业,239.65318873300004,,纳入,3.128054740957964,-10.118505013673662,中证A500,000510.SH
2024-06-17 00:00:00,603290.SH,斯达半导,信息技术,237.1467280672,,纳入,12.41348008623624,-2.073996873371553,中证A500,000510.SH
2024-06-17 00:00:00,300144.SZ,宋城演艺,可选消费,236.890853216,,纳入,-8.223350253807116,-6.695378686612319,中证A500,000510.SH
2024-06-17 00:00:00,600004.SH,白云机场,工业,236.6718283,,纳入,-2.2482893450635366,-5.168986083499016,中证A500,000510.SH
2024-06-17 00:00:00,002080.SZ,中材科技,材料,236.4476129856,,纳入,-2.82758620689656,-5.374823196605371,中证A500,000510.SH
2024-06-17 00:00:00,603596.SH,伯特利,可选消费,235.94632398,,纳入,4.880021569156079,5.933774834437089,中证A500,000510.SH
2024-06-17 00:00:00,603000.SH,人民网,通讯服务,234.6276420832,,纳入,0.2835538752362865,-5.789717461787869,中证A500,000510.SH
2024-06-17 00:00:00,600884.SH,杉杉股份,材料,234.1777482251,,纳入,9.73544973544973,-6.6534260178748745,中证A500,000510.SH
2024-06-17 00:00:00,600486.SH,扬农化工,材料,232.6878336174,,纳入,-3.2770270270270463,-2.1210013908206093,中证A500,000510.SH
2024-06-17 00:00:00,002273.SZ,水晶光电,信息技术,232.51370735120005,,纳入,10.435931307793922,2.595797280593337,中证A500,000510.SH
2024-06-17 00:00:00,603129.SH,春风动力,可选消费,231.69075039,,纳入,5.517241379310334,8.970487302676734,中证A500,000510.SH
2024-06-17 00:00:00,300001.SZ,特锐德,工业,231.3471889183,,纳入,0.4618945939554475,-4.965517241379313,中证A500,000510.SH
2024-06-17 00:00:00,600141.SH,兴发集团,材料,230.9111840126,,纳入,-2.786809103576404,-3.0512933590018942,中证A500,000510.SH
2024-06-17 00:00:00,600704.SH,物产中大,工业,230.585274576,,纳入,-6.131078224101483,-2.008928571428581,中证A500,000510.SH
2024-06-17 00:00:00,002120.SZ,韵达股份,工业,229.9061184576,,纳入,-8.004640371229687,-2.185089974293064,中证A500,000510.SH
2024-06-17 00:00:00,000830.SZ,鲁西化工,材料,228.44395839120003,,纳入,-2.5347506132461284,-2.4752475247524663,中证A500,000510.SH
2024-06-17 00:00:00,300529.SZ,健帆生物,医疗保健,225.711709704,,纳入,1.673335758457628,1.2541497602360785,中证A500,000510.SH
2024-06-17 00:00:00,002756.SZ,永兴材料,材料,225.560084336,,纳入,-3.992657182193671,-8.568075117370899,中证A500,000510.SH
2024-06-17 00:00:00,002508.SZ,老板电器,可选消费,225.393211875,,纳入,0.7636826474331837,-6.3044379925342175,中证A500,000510.SH
2024-06-17 00:00:00,600699.SH,均胜电子,可选消费,225.1105065714,,纳入,6.179401993355471,1.3986013986013957,中证A500,000510.SH
2024-06-17 00:00:00,002025.SZ,航天电器,信息技术,224.7344789264,,纳入,2.298108836894497,-5.062525211778945,中证A500,000510.SH
2024-06-17 00:00:00,002439.SZ,启明星辰,信息技术,224.0581282464,,纳入,4.251700680272119,-2.664491571506278,中证A500,000510.SH
2024-06-17 00:00:00,002138.SZ,顺络电子,信息技术,223.5114477288,,纳入,7.650485436893195,1.7903767251025604,中证A500,000510.SH
2024-06-17 00:00:00,002008.SZ,大族激光,信息技术,222.7492581,,纳入,5.797101449275344,-1.1527377521613924,中证A500,000510.SH
2024-06-17 00:00:00,603737.SH,三棵树,材料,222.2938644858,,纳入,0.380771061399332,-8.029764282698205,中证A500,000510.SH
2024-06-17 00:00:00,002517.SZ,恺英网络,通讯服务,221.709316302,,纳入,-0.8662175168431374,-7.310215557638222,中证A500,000510.SH
2024-06-17 00:00:00,601155.SH,新城控股,房地产,220.1487907456,,纳入,-3.461918892185956,-7.100000000000007,中证A500,000510.SH
2024-06-17 00:00:00,300699.SZ,光威复材,材料,219.2275224,,纳入,4.5598731165741535,-0.9342156481121132,中证A500,000510.SH
2024-06-17 00:00:00,300724.SZ,捷佳伟创,工业,218.5495328672,,纳入,-0.6803797468354467,-3.6923573040954616,中证A500,000510.SH
2024-06-17 00:00:00,600655.SH,豫园股份,可选消费,218.181356568,,纳入,-2.268760907504374,-1.8082980350597744,中证A500,000510.SH
2024-06-17 00:00:00,600839.SH,四川长虹,可选消费,217.4251028562,,纳入,0.4264392324093702,-3.347280334728042,中证A500,000510.SH
2024-06-17 00:00:00,300054.SZ,鼎龙股份,信息技术,216.8371067801,,纳入,-0.0432525951557294,-1.0398613518197597,中证A500,000510.SH
2024-06-17 00:00:00,300454.SZ,深信服,信息技术,216.3058657984,,纳入,-2.8474448425419463,-0.2295332823259444,中证A500,000510.SH
2024-06-17 00:00:00,300017.SZ,网宿科技,信息技术,213.079612977,,纳入,5.946601941747565,-4.34782608695653,中证A500,000510.SH
2024-06-17 00:00:00,600637.SH,东方明珠,通讯服务,212.47206843440003,,纳入,-2.6194144838212585,-2.6898734177215333,中证A500,000510.SH
2024-06-17 00:00:00,002841.SZ,视源股份,信息技术,211.0028286405,,纳入,-3.0293264582662016,-3.399339933993406,中证A500,000510.SH
2024-06-17 00:00:00,002738.SZ,中矿资源,材料,210.185767872,,纳入,-4.477611940298498,-8.485463150777539,中证A500,000510.SH
2024-06-17 00:00:00,000519.SZ,中兵红箭,工业,209.1623590964,,纳入,-0.7926023778071389,-6.266666666666665,中证A500,000510.SH
2024-06-17 00:00:00,600820.SH,隧道股份,工业,204.9950653288,,纳入,-2.8315946348733245,-0.3016591251885248,中证A500,000510.SH
2024-06-17 00:00:00,300763.SZ,锦浪科技,工业,204.430479339,,纳入,-2.4474187380497003,-8.728130528798895,中证A500,000510.SH
2024-06-17 00:00:00,600535.SH,天士力,医疗保健,201.384460674,,纳入,-1.7492711370262426,-2.3014105419450703,中证A500,000510.SH
2024-06-17 00:00:00,603650.SH,彤程新材,材料,201.3637497723,,纳入,4.612028669367385,-5.076923076923078,中证A500,000510.SH
2024-06-17 00:00:00,002472.SZ,双环传动,工业,200.88961960320003,,纳入,2.9016890428757103,-2.499999999999991,中证A500,000510.SH
2024-06-17 00:00:00,300604.SZ,长川科技,信息技术,200.6960773404,,纳入,5.746367239101713,-0.928891736066606,中证A500,000510.SH
2024-06-17 00:00:00,600129.SH,太极集团,医疗保健,200.5920459888,,纳入,-4.3039319872476,-8.380202474690668,中证A500,000510.SH
2024-06-17 00:00:00,600008.SH,首创环保,公用事业,200.3981254821,,纳入,-3.5335689045936425,-1.0869565217391242,中证A500,000510.SH
2024-06-17 00:00:00,002558.SZ,巨人网络,通讯服务,200.314554209,,纳入,3.677221654749752,-7.170542635658917,中证A500,000510.SH
2024-06-17 00:00:00,002432.SZ,九安医疗,医疗保健,200.1771444228,,纳入,-2.062350119904066,-0.3181595692608896,中证A500,000510.SH
2024-06-17 00:00:00,600170.SH,上海建工,工业,197.2678623168,,纳入,-2.631578947368407,-0.4340296284515821,中证A500,000510.SH
2024-06-17 00:00:00,300142.SZ,沃森生物,医疗保健,196.49465444159995,,纳入,-0.649350649350644,-7.939053728949474,中证A500,000510.SH
2024-06-17 00:00:00,000591.SZ,太阳能,公用事业,194.40773113929995,,纳入,-1.1928429423459286,-4.400000000000015,中证A500,000510.SH
2024-06-17 00:00:00,600166.SH,福田汽车,可选消费,192.8906997475,,纳入,-1.2295081967212962,-4.9792531120332,中证A500,000510.SH
2024-06-17 00:00:00,300073.SZ,当升科技,材料,192.8754947392,,纳入,2.5309639203015437,-2.7920845757657964,中证A500,000510.SH
2024-06-17 00:00:00,600563.SH,法拉电子,信息技术,192.6225,,纳入,3.061770525602081,-2.9612478674140963,中证A500,000510.SH
2024-06-17 00:00:00,002436.SZ,兴森科技,信息技术,192.4450461338,,纳入,0.7964601769911539,-6.887532693984322,中证A500,000510.SH
2024-06-17 00:00:00,603688.SH,石英股份,材料,192.3499604239,,纳入,-1.361111111111124,-10.08031016338965,中证A500,000510.SH
2024-06-17 00:00:00,600498.SH,烽火通信,信息技术,192.2867647696,,纳入,4.645161290322575,-1.7846153846153845,中证A500,000510.SH
2024-06-17 00:00:00,600325.SH,华发股份,房地产,191.8250024852,,纳入,-6.317204301075274,-4.881450488145045,中证A500,000510.SH
2024-06-17 00:00:00,300012.SZ,华测检测,工业,188.6450427894,,纳入,-0.7964601769911539,-2.770330652368169,中证A500,000510.SH
2024-06-17 00:00:00,300601.SZ,康泰生物,医疗保健,187.977070512,,纳入,-2.369041504217617,-2.7495517035266093,中证A500,000510.SH
2024-06-17 00:00:00,601636.SH,旗滨集团,材料,187.3085304098,,纳入,-5.675675675675674,-3.5612535612535523,中证A500,000510.SH
2024-06-17 00:00:00,600143.SH,金发科技,材料,186.6783990714,,纳入,-1.8258426966292207,-1.1560693641618602,中证A500,000510.SH
2024-06-17 00:00:00,300285.SZ,国瓷材料,材料,185.2515739542,,纳入,1.7524644030668002,2.502720348204557,中证A500,000510.SH
2024-06-17 00:00:00,600763.SH,通策医疗,医疗保健,184.9074135,,纳入,-4.297520661157028,-6.671204901293382,中证A500,000510.SH
2024-06-17 00:00:00,300136.SZ,信维通信,信息技术,184.12831181140004,,纳入,8.601287401635883,3.073545554335899,中证A500,000510.SH
2024-06-17 00:00:00,600867.SH,通化东宝,医疗保健,180.1396273266,,纳入,0.4419889502762286,-2.209944751381243,中证A500,000510.SH
2024-06-17 00:00:00,600516.SH,方大炭素,材料,179.15568137600002,,纳入,-3.887688984881199,-1.5695067264574036,中证A500,000510.SH
2024-06-17 00:00:00,002410.SZ,广联达,信息技术,179.1399588456,,纳入,-3.063063063063076,-8.25688073394496,中证A500,000510.SH
2024-06-17 00:00:00,600755.SH,厦门国贸,工业,176.5586513457,,纳入,1.1363636363636245,-1.8867924528301885,中证A500,000510.SH
2024-06-17 00:00:00,300395.SZ,菲利华,材料,176.0120586578,,纳入,4.506172839506184,-5.503759398496221,中证A500,000510.SH
2024-06-17 00:00:00,300567.SZ,精测电子,信息技术,175.374614064,,纳入,9.045313040470424,0.3372112628561741,中证A500,000510.SH
2024-06-17 00:00:00,300339.SZ,润和软件,信息技术,175.2900261041,,纳入,7.156767283349552,1.4298892988929834,中证A500,000510.SH
2024-06-17 00:00:00,000069.SZ,华侨城A,房地产,172.8117981395,,纳入,-11.157024793388436,-5.504587155963304,中证A500,000510.SH
2024-06-17 00:00:00,300002.SZ,神州泰岳,信息技术,171.9877669968,,纳入,1.504629629629628,-9.021739130434792,中证A500,000510.SH
2024-06-17 00:00:00,600499.SH,科达制造,工业,171.8399326336,,纳入,-3.862660944205998,-7.359307359307365,中证A500,000510.SH
2024-06-17 00:00:00,600529.SH,山东药玻,医疗保健,170.28338139580003,,纳入,-1.003086419753085,-2.0703125000000044,中证A500,000510.SH
2024-06-17 00:00:00,300346.SZ,南大光电,信息技术,168.7875397476,,纳入,7.884682181312952,-0.7523716061498154,中证A500,000510.SH
2024-06-17 00:00:00,605358.SH,立昂微,信息技术,168.445257708,,纳入,10.626102292768946,1.5276630883567233,中证A500,000510.SH
2024-06-17 00:00:00,000887.SZ,中鼎股份,可选消费,168.2473896666,,纳入,-0.312012480499213,-0.392772977219169,中证A500,000510.SH
2024-06-17 00:00:00,002407.SZ,多氟多,材料,166.4916567705,,纳入,7.638888888888884,-0.5319148936170248,中证A500,000510.SH
2024-06-17 00:00:00,600323.SH,瀚蓝环境,工业,166.24928306940004,,纳入,-0.0490196078431259,1.2967581047381491,中证A500,000510.SH
2024-06-17 00:00:00,000623.SZ,吉林敖东,医疗保健,166.1098692543,,纳入,-0.4301075268817067,-1.7934002869440469,中证A500,000510.SH
2024-06-17 00:00:00,000034.SZ,神州数码,信息技术,165.11879296799998,,纳入,-13.169014084507037,-15.912408759124084,中证A500,000510.SH
2024-06-17 00:00:00,002624.SZ,完美世界,通讯服务,164.31532381879998,,纳入,0.2366863905325589,-6.04651162790697,中证A500,000510.SH
2024-06-17 00:00:00,000818.SZ,航锦科技,材料,163.2011868,,纳入,-3.610108303249093,-4.284559417946632,中证A500,000510.SH
2024-06-17 00:00:00,002572.SZ,索菲亚,可选消费,161.31039997,,纳入,-3.9564220183486376,-6.023391812865498,中证A500,000510.SH
2024-06-17 00:00:00,300070.SZ,碧水源,工业,161.2773166535,,纳入,-2.8384279475982543,-3.355704697986561,中证A500,000510.SH
2024-06-17 00:00:00,300390.SZ,天华新能,材料,159.8858472802,,纳入,0.526592943654558,-6.656184486373162,中证A500,000510.SH
2024-06-17 00:00:00,002044.SZ,美年健康,医疗保健,159.7015600584,,纳入,0.2457002457002532,-4.358353510895874,中证A500,000510.SH
2024-06-17 00:00:00,300627.SZ,华测导航,信息技术,159.6748259191,,纳入,4.866781959220567,0.0,中证A500,000510.SH
2024-06-17 00:00:00,300024.SZ,机器人,工业,159.36178846,,纳入,4.6843177189409335,-3.103782735208549,中证A500,000510.SH
2024-06-17 00:00:00,600392.SH,盛和资源,材料,158.455521928,,纳入,2.031602708803604,-1.5538290788013276,中证A500,000510.SH
2024-06-17 00:00:00,300558.SZ,贝达药业,医疗保健,157.1414498175,,纳入,1.733947439718242,-5.392545598731157,中证A500,000510.SH
2024-06-17 00:00:00,300383.SZ,光环新网,信息技术,156.92985554310002,,纳入,5.6900726392251855,0.4602991944764323,中证A500,000510.SH
2024-06-17 00:00:00,300676.SZ,华大基因,医疗保健,156.5568229875,,纳入,0.1596169193934571,-2.0888418826017885,中证A500,000510.SH
2024-06-17 00:00:00,002405.SZ,四维图新,信息技术,156.4559706612,,纳入,3.459119496855334,1.6897081413210555,中证A500,000510.SH
2024-06-17 00:00:00,002065.SZ,东华软件,信息技术,155.78644342500002,,纳入,2.3157894736842266,-1.0330578512396715,中证A500,000510.SH
2024-06-17 00:00:00,300595.SZ,欧普康视,医疗保健,155.6547041715,,纳入,-1.139601139601132,-6.521739130434789,中证A500,000510.SH
2024-06-17 00:00:00,600258.SH,首旅酒店,可选消费,155.0961742014,,纳入,-1.489361702127645,-5.210563882940756,中证A500,000510.SH
2024-06-17 00:00:00,002266.SZ,浙富控股,工业,155.0123606394,,纳入,-3.571428571428581,-2.397260676186564,中证A500,000510.SH
2024-06-17 00:00:00,603613.SH,国联股份,信息技术,154.5070956507,,纳入,2.0515267175572616,-6.23869801084992,中证A500,000510.SH
2024-06-17 00:00:00,688390.SH,固德威,工业,153.2108191718,,纳入,-8.502872755590996,-5.871301080319402,中证A500,000510.SH
2024-06-17 00:00:00,002176.SZ,江特电机,材料,151.862976709,,纳入,0.6787330316742057,-4.3918918918918965,中证A500,000510.SH
2024-06-17 00:00:00,002195.SZ,岩山科技,信息技术,151.12908625359998,,纳入,1.526717557251911,-2.6119402985074647,中证A500,000510.SH
2024-06-17 00:00:00,603077.SH,和邦生物,材料,150.13125387600002,,纳入,-9.090909090909104,1.7751479289940697,中证A500,000510.SH
2024-06-17 00:00:00,601677.SH,明泰铝业,材料,148.1251496157,,纳入,-2.8548123980424056,-2.1739130434782705,中证A500,000510.SH
2024-06-17 00:00:00,300118.SZ,东方日升,工业,146.4917813955,,纳入,-1.6079632465543892,-3.5823170731707266,中证A500,000510.SH
2024-06-17 00:00:00,002389.SZ,航天彩虹,工业,146.3804147,,纳入,-1.8048128342246228,-4.74576271186441,中证A500,000510.SH
2024-06-17 00:00:00,002145.SZ,钛能化学,材料,145.9376920755,,纳入,-1.308900523560208,-4.4973544973545,中证A500,000510.SH
2024-06-17 00:00:00,300058.SZ,蓝色光标,通讯服务,145.2722620656,,纳入,4.285714285714271,-5.4514480408858645,中证A500,000510.SH
2024-06-17 00:00:00,688536.SH,思瑞浦,信息技术,143.63388414079998,,纳入,14.346036102607409,8.555133079847899,中证A500,000510.SH
2024-06-17 00:00:00,600859.SH,王府井,可选消费,143.4702506064,,纳入,-1.9394879751745584,-4.235294117647048,中证A500,000510.SH
2024-06-17 00:00:00,603882.SH,金域医学,医疗保健,143.0221160025,,纳入,-1.6757976152110832,-5.751716013516306,中证A500,000510.SH
2024-06-17 00:00:00,002368.SZ,太极股份,信息技术,139.2298692924,,纳入,11.254980079681289,0.8256880733944927,中证A500,000510.SH
2024-06-17 00:00:00,002151.SZ,北斗星通,工业,139.144334848,,纳入,1.7083829956297203,-1.8757327080891064,中证A500,000510.SH
2024-06-17 00:00:00,000967.SZ,盈峰环境,工业,138.944452404,,纳入,-3.3185840707964487,-3.167420814479638,中证A500,000510.SH
2024-06-17 00:00:00,688002.SH,睿创微纳,信息技术,138.3432818775,,纳入,5.434039644565947,-2.015604681404426,中证A500,000510.SH
2024-06-17 00:00:00,600959.SH,江苏有线,通讯服务,138.01980813359998,,纳入,-0.7194244604316613,-4.67625899280576,中证A500,000510.SH
2024-06-17 00:00:00,000998.SZ,隆平高科,日常消费,137.88679020060002,,纳入,-2.875695732838579,-2.5787965616046016,中证A500,000510.SH
2024-06-17 00:00:00,002240.SZ,盛新锂能,材料,137.0843617536,,纳入,-2.490170380078627,-8.853118712273645,中证A500,000510.SH
2024-06-17 00:00:00,002544.SZ,普天科技,信息技术,134.74832773079996,,纳入,0.3558718861209842,-3.1408308004052587,中证A500,000510.SH
2024-06-17 00:00:00,603456.SH,九洲药业,医疗保健,133.83596192640005,,纳入,2.127659574468077,-5.080213903743324,中证A500,000510.SH
2024-06-17 00:00:00,300253.SZ,卫宁健康,信息技术,133.70882176240002,,纳入,4.033613445378159,-2.0900321543408373,中证A500,000510.SH
2024-06-17 00:00:00,002312.SZ,川发龙蟒,材料,133.53399741639998,,纳入,-4.20624151967437,-1.4164305949008416,中证A500,000510.SH
2024-06-17 00:00:00,603444.SH,吉比特,通讯服务,132.6925039319,,纳入,-0.4055369308965106,-2.479338842975209,中证A500,000510.SH
2024-06-17 00:00:00,603236.SH,移远通信,信息技术,132.34036798120002,,纳入,7.5930307593030655,1.9551934826884,中证A500,000510.SH
2024-06-17 00:00:00,688005.SH,容百科技,材料,131.8540830124,,纳入,7.969865186360026,-10.431918008784768,中证A500,000510.SH
2024-06-17 00:00:00,600667.SH,太极实业,工业,131.0050290716,,纳入,6.143344709897591,-1.463414634146365,中证A500,000510.SH
2024-06-17 00:00:00,300212.SZ,易华录,信息技术,130.912486848,,纳入,8.124253285543626,-0.1674107142857317,中证A500,000510.SH
2024-06-17 00:00:00,300457.SZ,赢合科技,工业,129.58282361850002,,纳入,20.68965517241379,3.274139844617108,中证A500,000510.SH
2024-06-17 00:00:00,002268.SZ,电科网安,信息技术,127.1139469029,,纳入,1.9674355495250984,-2.0529801324503327,中证A500,000510.SH
2024-06-17 00:00:00,600316.SH,洪都航空,工业,125.4233281488,,纳入,-1.2422360248447228,-3.135689851767398,中证A500,000510.SH
2024-06-17 00:00:00,300315.SZ,掌趣科技,通讯服务,123.7503316192,,纳入,-1.5283842794759916,-6.345733041575496,中证A500,000510.SH
2024-06-17 00:00:00,300568.SZ,星源材质,材料,123.610959779,,纳入,3.238995093566932,-5.908096280087538,中证A500,000510.SH
2024-06-17 00:00:00,300459.SZ,汤姆猫,通讯服务,123.4049639589,,纳入,2.631578947368429,-4.23728813559322,中证A500,000510.SH
2024-06-17 00:00:00,000035.SZ,中国天楹,工业,123.1603320936,,纳入,1.6666666666666607,-3.885480572597122,中证A500,000510.SH
2024-06-17 00:00:00,300133.SZ,华策影视,通讯服务,122.9994684547,,纳入,0.3100775193798366,-9.365558912386708,中证A500,000510.SH
2024-06-17 00:00:00,600167.SH,联美控股,公用事业,121.4991441225,,纳入,-7.972270363951484,-4.918032786885263,中证A500,000510.SH
2024-06-17 00:00:00,300296.SZ,利亚德,信息技术,120.6521899155,,纳入,3.695652173913033,-1.4830508474576232,中证A500,000510.SH
2024-06-17 00:00:00,002091.SZ,江苏国泰,工业,120.2805325642,,纳入,0.95628415300546,-3.460447737800687,中证A500,000510.SH
2024-06-17 00:00:00,002541.SZ,鸿路钢构,工业,120.061983948,,纳入,-3.494176372712165,-3.058954393770852,中证A500,000510.SH
2024-06-17 00:00:00,600399.SH,抚顺特钢,材料,118.91763,,纳入,1.3445378151260456,-7.186200294538869,中证A500,000510.SH
2024-06-17 00:00:00,300088.SZ,长信科技,信息技术,118.5727339524,,纳入,5.92105263157896,-0.2114164904862825,中证A500,000510.SH
2024-06-17 00:00:00,001914.SZ,招商积余,房地产,115.04754751,,纳入,-3.726708074534157,-9.131602506714408,中证A500,000510.SH
2024-06-17 00:00:00,002607.SZ,中公教育,可选消费,113.48014875759998,,纳入,7.602339181286566,-8.108108108108114,中证A500,000510.SH
2024-06-17 00:00:00,002497.SZ,雅化集团,材料,111.107026928,,纳入,-2.822580645161288,-4.166666666666663,中证A500,000510.SH
2024-06-17 00:00:00,000690.SZ,宝新能源,公用事业,110.3175146034,,纳入,-2.499999999999991,-3.718199608610573,中证A500,000510.SH
2024-06-17 00:00:00,600771.SH,广誉远,医疗保健,109.8418120404,,纳入,1.446654611211562,-12.855871886120996,中证A500,000510.SH
2024-06-17 00:00:00,688063.SH,派能科技,工业,108.7478253936,,纳入,3.200000000000003,-4.868852090884213,中证A500,000510.SH
2024-06-17 00:00:00,300438.SZ,鹏辉能源,工业,105.973556702,,纳入,1.4946962391514165,-4.6191646191646285,中证A500,000510.SH
2024-06-17 00:00:00,002791.SZ,坚朗五金,工业,105.915276,,纳入,-4.604691572545616,-15.40964211771666,中证A500,000510.SH
2024-06-17 00:00:00,603588.SH,高能环境,工业,104.2120826826,,纳入,-2.3054755043227626,-0.5917159763313529,中证A500,000510.SH
2024-06-17 00:00:00,300182.SZ,捷成股份,信息技术,102.8236693952,,纳入,3.4852546916890104,-5.141388174807204,中证A500,000510.SH
2024-06-17 00:00:00,002131.SZ,利欧股份,通讯服务,101.55273684,,纳入,-3.846153846153855,2.941176470588225,中证A500,000510.SH
2024-06-17 00:00:00,000547.SZ,航天发展,工业,100.22396046629996,,纳入,-3.091190108191644,-4.843750000000002,中证A500,000510.SH
2024-06-17 00:00:00,002511.SZ,中顺洁柔,日常消费,97.26446184,,纳入,-3.576158940397345,-6.400000000000006,中证A500,000510.SH
2024-06-17 00:00:00,002292.SZ,奥飞娱乐,可选消费,94.636780608,,纳入,3.2258064516129226,-6.018518518518523,中证A500,000510.SH
2024-06-17 00:00:00,002245.SZ,蔚蓝锂芯,工业,91.4724950378,,纳入,1.6645326504481472,-2.6854219948849067,中证A500,000510.SH
2024-06-17 00:00:00,300769.SZ,德方纳米,材料,91.313278977,,纳入,1.5897755610972952,-7.881619937694706,中证A500,000510.SH
2024-06-17 00:00:00,002192.SZ,融捷股份,材料,85.91990667270001,,纳入,2.700186219739309,-7.740041299593015,中证A500,000510.SH
2024-06-17 00:00:00,002081.SZ,金螳螂,工业,82.8460990968,,纳入,-2.500000000000002,-1.273885350318471,中证A500,000510.SH
2024-06-17 00:00:00,002396.SZ,星网锐捷,信息技术,82.6262104332,,纳入,3.5661218424962726,-2.011494252873558,中证A500,000510.SH
2024-06-17 00:00:00,300068.SZ,南都电源,工业,81.9515710215,,纳入,1.2944983818770297,-8.760683760683774,中证A500,000510.SH
2024-06-17 00:00:00,301558.SZ,三态股份,可选消费,71.785461293,,纳入,2.5930101465614364,-5.343511450381677,中证A500,000510.SH
2024-06-17 00:00:00,002123.SZ,梦网科技,信息技术,61.39078738,,纳入,4.495912806539515,-7.326478149100268,中证A500,000510.SH
2024-06-17 00:00:00,002212.SZ,天融信,信息技术,60.0773000819,,纳入,1.1928429423459397,-2.9182879377431914,中证A500,000510.SH
2024-06-17 00:00:00,688598.SH,金博股份,工业,44.0003816537,,纳入,-0.2496099843993571,-6.890130353817503,中证A500,000510.SH
2025-06-16 00:00:00,605499.SH,东鹏饮料,日常消费,1702.2625555,,纳入,-1.9910179640718504,-1.0658944579649554,中证A50,930050.CSI
2025-06-16 00:00:00,600048.SH,保利发展,房地产,986.3645376432,,纳入,0.9803921568627416,-2.109181141439209,中证A50,930050.CSI
2025-06-16 00:00:00,600111.SH,北方稀土,材料,920.7572699574,,纳入,2.8259991925716488,-4.383460805414929,中证A50,930050.CSI
2025-06-16 00:00:00,000617.SZ,中油资本,金融,906.4370699643,,纳入,2.869440459110484,-0.5641748942172065,中证A50,930050.CSI
2024-12-16 00:00:00,600941.SH,中国移动,通讯服务,24097.783542714,,纳入,4.529779103364717,2.3991175659527464,中证A50,930050.CSI
2024-12-16 00:00:00,601816.SH,京沪高铁,工业,3059.3339912653005,,纳入,-2.0440251572326984,-1.6233766233766378,中证A50,930050.CSI
2024-12-16 00:00:00,002475.SZ,立讯精密,信息技术,2876.6861121726,,纳入,-0.2507522567703035,1.724987678659451,中证A50,930050.CSI
2024-12-16 00:00:00,603993.SH,洛阳钼业,材料,1540.0258535679002,,纳入,-3.518267929634644,-5.124653739612173,中证A50,930050.CSI
2024-12-16 00:00:00,601600.SH,中国铝业,材料,1278.1591687205,,纳入,-2.486910994764391,-4.210526315789465,中证A50,930050.CSI
2024-12-16 00:00:00,600415.SH,小商品城,工业,784.161367418,,纳入,1.7793594306049876,1.6039051603905286,中证A50,930050.CSI
2024-12-16 00:00:00,600176.SH,中国巨石,材料,467.5663698304,,纳入,-3.868312757201653,-1.7094017094016922,中证A50,930050.CSI
2024-06-17 00:00:00,300408.SZ,三环集团,信息技术,588.5563426341,,纳入,3.925549915397619,-4.366382140512148,中证A50,930050.CSI
2024-01-02 00:00:00,600519.SH,贵州茅台,日常消费,21167.05854978,,纳入,0.7781100478468916,-4.751448435689465,中证A50,930050.CSI
2024-01-02 00:00:00,601318.SH,中国平安,金融,7187.579599382901,,纳入,0.7401735579377178,-4.590570719602971,中证A50,930050.CSI
2024-01-02 00:00:00,600036.SH,招商银行,金融,6955.6334167558,,纳入,0.1816200508536036,1.1143062544931803,中证A50,930050.CSI
2024-01-02 00:00:00,300750.SZ,宁德时代,工业,6899.0163704188,,纳入,-0.450679192586001,-8.122013965453867,中证A50,930050.CSI
2024-01-02 00:00:00,600028.SH,中国石化,能源,6707.4279425052,,纳入,4.2671614100185495,-0.1792114695340352,中证A50,930050.CSI
2024-01-02 00:00:00,601088.SH,中国神华,能源,6433.426761429,,纳入,1.9521410579345089,7.336523125996797,中证A50,930050.CSI
2024-01-02 00:00:00,600900.SH,长江电力,公用事业,5794.0739551488,,纳入,1.1965811965811923,1.1139674378749076,中证A50,930050.CSI
2024-01-02 00:00:00,002594.SZ,比亚迪,可选消费,5606.86113873,,纳入,0.2185451139556482,-4.343434343434338,中证A50,930050.CSI
2024-01-02 00:00:00,688981.SH,中芯国际,信息技术,4208.495930496,,纳入,-0.0943218260705425,-6.639004149377604,中证A50,930050.CSI
2024-01-02 00:00:00,000333.SZ,美的集团,可选消费,3832.6203458048,,纳入,3.588380482247966,0.677283543840379,中证A50,930050.CSI
2024-01-02 00:00:00,300760.SZ,迈瑞医疗,医疗保健,3558.1517589718005,,纳入,2.2222996272945883,-3.9573296627667065,中证A50,930050.CSI
2024-01-02 00:00:00,601899.SH,紫金矿业,材料,3288.188747876,,纳入,2.209492635024546,-1.2841091492776902,中证A50,930050.CSI
2024-01-02 00:00:00,002415.SZ,海康威视,信息技术,3150.9439343987005,,纳入,2.519732847601719,-8.75576036866359,中证A50,930050.CSI
2024-01-02 00:00:00,600030.SH,中信证券,金融,2974.4837485803,,纳入,0.2998500749625155,-4.6637211585665135,中证A50,930050.CSI
2024-01-02 00:00:00,600276.SH,恒瑞医药,医疗保健,2836.7423112477995,,纳入,1.0681818181818237,-9.108998452354632,中证A50,930050.CSI
2024-01-02 00:00:00,600309.SH,万华化学,材料,2375.8462718942,,纳入,-2.54990341274951,-4.152564436344697,中证A50,930050.CSI
2024-01-02 00:00:00,002714.SZ,牧原股份,日常消费,2268.12047244,,纳入,4.5866935483871,-5.1238465274405005,中证A50,930050.CSI
2024-01-02 00:00:00,603259.SH,药明康德,医疗保健,2092.976288565,,纳入,-4.172896561098282,-7.284222100054993,中证A50,930050.CSI
2024-01-02 00:00:00,601668.SH,中国建筑,工业,1986.9849846456,,纳入,0.4237288135593209,-1.8711018711018657,中证A50,930050.CSI
2024-01-02 00:00:00,002352.SZ,顺丰控股,工业,1918.919330216,,纳入,-1.2096774193548376,-5.198019801980214,中证A50,930050.CSI
2024-01-02 00:00:00,600406.SH,国电南瑞,工业,1775.3002883590002,,纳入,2.552204176334105,-1.7921146953404743,中证A50,930050.CSI
2024-01-02 00:00:00,601012.SH,隆基绿能,工业,1682.325530016,,纳入,4.3233082706766846,-5.633187772925763,中证A50,930050.CSI
2024-01-02 00:00:00,600887.SH,伊利股份,日常消费,1672.3741298035,,纳入,0.6513409961685701,-2.242990654205612,中证A50,930050.CSI
2024-01-02 00:00:00,601888.SH,中国中免,可选消费,1667.500389464,,纳入,1.2435623665368656,-9.905604014816571,中证A50,930050.CSI
2024-01-02 00:00:00,300124.SZ,汇川技术,工业,1666.2371501625,,纳入,2.9606351306648904,-6.873614190687372,中证A50,930050.CSI
2024-01-02 00:00:00,601766.SH,中国中车,工业,1506.69036462,,纳入,0.961538461538458,-1.7110266159695795,中证A50,930050.CSI
2024-01-02 00:00:00,000725.SZ,京东方A,信息技术,1457.1528798465,,纳入,2.92553191489362,-0.5128205128204999,中证A50,930050.CSI
2024-01-02 00:00:00,600436.SH,片仔癀,医疗保健,1435.9552915210002,,纳入,0.4727932795812517,-5.4506384561345484,中证A50,930050.CSI
2024-01-02 00:00:00,300122.SZ,智飞生物,医疗保健,1434.0,,纳入,3.3379453476305887,-8.59106529209621,中证A50,930050.CSI
2024-01-02 00:00:00,300015.SZ,爱尔眼科,医疗保健,1421.6498993412,,纳入,0.263157894736854,-7.838179519595445,中证A50,930050.CSI
2024-01-02 00:00:00,600050.SH,中国联通,通讯服务,1364.3912701848,,纳入,1.9002375296912175,-4.337899543378976,中证A50,930050.CSI
2024-01-02 00:00:00,600019.SH,宝钢股份,材料,1329.4034648384002,,纳入,-0.9884678747940744,3.7099494097808,中证A50,930050.CSI
2024-01-02 00:00:00,002371.SZ,北方华创,信息技术,1273.935681162,,纳入,4.405630865484889,-7.948394448740393,中证A50,930050.CSI
2024-01-02 00:00:00,000063.SZ,中兴通讯,信息技术,1224.512397312,,纳入,1.105845181674581,-11.631419939577048,中证A50,930050.CSI
2024-01-02 00:00:00,000002.SZ,万科A,房地产,1210.9670113065,,纳入,-1.456310679611661,-6.118546845124284,中证A50,930050.CSI
2024-01-02 00:00:00,600585.SH,海螺水泥,材料,1184.3941264065002,,纳入,1.6833484986351177,-0.5319148936170137,中证A50,930050.CSI
2024-01-02 00:00:00,600031.SH,三一重工,工业,1167.6378566112,,纳入,4.163512490537458,-3.776325344952791,中证A50,930050.CSI
2024-01-02 00:00:00,002230.SZ,科大讯飞,信息技术,1044.375808003,,纳入,-3.301886792452813,-13.734368262181984,中证A50,930050.CSI
2024-01-02 00:00:00,600893.SH,航发动力,工业,990.0016999932,,纳入,2.6250345399281505,-7.651150347779567,中证A50,930050.CSI
2024-01-02 00:00:00,600660.SH,福耀玻璃,可选消费,983.3513628576,,纳入,1.8378378378378413,3.3431398769724563,中证A50,930050.CSI
2024-01-02 00:00:00,002466.SZ,天齐锂业,材料,909.5650012986,,纳入,1.9874861980125005,-3.835812869689903,中证A50,930050.CSI
2024-01-02 00:00:00,002027.SZ,分众传媒,通讯服务,886.7510631764,,纳入,1.655629139072845,-0.4746835443038,中证A50,930050.CSI
2024-01-02 00:00:00,000792.SZ,盐湖股份,材料,855.1347881728,,纳入,3.077930582842181,-5.454545454545457,中证A50,930050.CSI
2024-01-02 00:00:00,600009.SH,上海机场,工业,800.793295212,,纳入,-0.9541397353031832,-5.7657107992678425,中证A50,930050.CSI
2024-01-02 00:00:00,600426.SH,华鲁恒升,材料,582.4266757257,,纳入,2.1982116244411376,-3.769481696266752,中证A50,930050.CSI
2024-01-02 00:00:00,603799.SH,华友钴业,材料,548.5952683208,,纳入,3.617571059431501,-9.262071059823873,中证A50,930050.CSI
2024-01-02 00:00:00,000938.SZ,紫光股份,信息技术,538.8390482615999,,纳入,-0.1060445387062403,-11.731266149870825,中证A50,930050.CSI
2024-01-02 00:00:00,002271.SZ,东方雨虹,材料,469.9454180406,,纳入,-2.2012578616352085,-7.499999999999984,中证A50,930050.CSI
2024-01-02 00:00:00,603605.SH,珀莱雅,日常消费,395.7511084956001,,纳入,1.4858538571137725,-6.639839034205252,中证A50,930050.CSI
2024-01-02 00:00:00,600754.SH,锦江酒店,可选消费,318.6591219614,,纳入,4.3813529617946045,-2.943143812709026,中证A50,930050.CSI
2025-06-16 00:00:00,301522.SZ,上大股份,材料,134.6901067874,,纳入,2.2297488004515698,-9.824561403508769,中证军工,399967.SZ
2025-06-16 00:00:00,300008.SZ,天海防务,工业,109.55704703219996,,纳入,2.4232633279483107,-0.9360374414976612,中证军工,399967.SZ
2025-06-16 00:00:00,301592.SZ,六九一二,信息技术,97.93,,纳入,1.8862428082441207,-1.5918135304150205,中证军工,399967.SZ
2025-06-16 00:00:00,301571.SZ,国科天成,信息技术,88.67228373360003,,纳入,2.2749043370508204,-7.776669990029905,中证军工,399967.SZ
2025-06-16 00:00:00,002149.SZ,西部材料,材料,88.4156050214,,纳入,-2.791196994095546,-9.24415443175639,中证军工,399967.SZ
2024-12-16 00:00:00,001696.SZ,宗申动力,可选消费,311.218316856,,纳入,3.267477203647396,-6.181818181818189,中证军工,399967.SZ
2024-12-16 00:00:00,688563.SH,航材股份,工业,260.82,,纳入,-6.756756756756744,-0.8246005840920834,中证军工,399967.SZ
2024-12-16 00:00:00,688629.SH,华丰科技,信息技术,159.7340159415,,纳入,0.0288683602771344,1.9375361480624689,中证军工,399967.SZ
2024-12-16 00:00:00,688522.SH,纳睿雷达,工业,125.15637456,,纳入,5.0909090909091015,-6.833333333333336,中证军工,399967.SZ
2024-12-16 00:00:00,000901.SZ,航天科技,可选消费,95.5447082982,,纳入,-1.4814814814814947,-2.0408163265306034,中证军工,399967.SZ
2024-12-16 00:00:00,688543.SH,国科军工,工业,88.9928386205,,纳入,1.4623397435897356,-8.084059068534655,中证军工,399967.SZ
2024-12-16 00:00:00,688523.SH,航天环宇,工业,88.943968,,纳入,-2.1047917599641752,-2.878992352676557,中证军工,399967.SZ
2024-06-17 00:00:00,300045.SZ,华力创通,信息技术,122.7937212308,,纳入,4.335585585585577,-2.650469353948104,中证军工,399967.SZ
2024-06-17 00:00:00,000801.SZ,四川九洲,可选消费,107.5992591592,,纳入,1.348747591522148,-2.654295286883668,中证军工,399967.SZ
2024-06-17 00:00:00,002265.SZ,建设工业,工业,95.2463255254,,纳入,-1.3903743315507922,-3.05010893246187,中证军工,399967.SZ
2024-06-17 00:00:00,002171.SZ,楚江新材,材料,91.90269079100004,,纳入,-2.8011204481792618,-2.158775315284167,中证军工,399967.SZ
2024-06-17 00:00:00,300455.SZ,航天智装,信息技术,88.5725633024,,纳入,10.672645739910314,-4.720000000000002,中证军工,399967.SZ
2024-06-17 00:00:00,688586.SH,江航装备,工业,77.39296945679999,,纳入,2.947368421052632,-0.7322175732217717,中证军工,399967.SZ
2024-06-17 00:00:00,601890.SH,亚星锚链,工业,71.57124,,纳入,-1.326150486386768,-7.255936844801258,中证军工,399967.SZ
2024-06-17 00:00:00,688270.SH,臻镭科技,信息技术,69.7808216,,纳入,3.426395939086291,-5.45567265964041,中证军工,399967.SZ
2023-12-11 00:00:00,688375.SH,国博电子,工业,330.16825400000005,,纳入,-1.6209773539928474,0.3808353808353759,中证军工,399967.SZ
2023-12-11 00:00:00,688297.SH,中无人机,工业,281.94750000000005,,纳入,-3.0408542246982084,-1.2381646030589777,中证军工,399967.SZ
2023-12-11 00:00:00,302132.SZ,中航成飞,工业,275.8260769831,,纳入,4.897775780723412,-2.7890142644241056,中证军工,399967.SZ
2023-12-11 00:00:00,688439.SH,振华风光,信息技术,190.9,,纳入,1.39154450817931,-4.828595317725759,中证军工,399967.SZ
2023-12-11 00:00:00,600363.SH,联创光电,信息技术,149.95136204999997,,纳入,-2.544378698224836,-3.3939393939394047,中证军工,399967.SZ
2023-12-11 00:00:00,601718.SH,际华集团,可选消费,129.553067418,,纳入,1.3745704467353903,0.0,中证军工,399967.SZ
2023-12-11 00:00:00,001270.SZ,*ST铖昌,工业,121.943198596,,纳入,-3.145592440631595,-7.290995749066087,中证军工,399967.SZ
2023-12-11 00:00:00,603308.SH,应流股份,工业,101.105744308,,纳入,0.5434782608695565,-2.176870748299309,中证军工,399967.SZ
2023-06-12 00:00:00,688281.SH,华秦科技,工业,271.319075121,,纳入,2.1465968586387385,4.338842975206614,中证军工,399967.SZ
2023-06-12 00:00:00,688568.SH,中科星图,信息技术,196.0369222708,,纳入,-1.2478379046206856,2.1856518385188872,中证军工,399967.SZ
2023-06-12 00:00:00,600435.SH,北方导航,工业,164.1439268336,,纳入,3.1044214487299997,-0.0905797101449112,中证军工,399967.SZ
2023-06-12 00:00:00,688333.SH,铂力特,工业,158.9385520555,,纳入,3.315319060486388,2.8154952076677286,中证军工,399967.SZ
2023-06-12 00:00:00,300855.SZ,图南股份,材料,130.77139725,,纳入,-5.828394766267719,0.8338296605121975,中证军工,399967.SZ
2023-06-12 00:00:00,605123.SH,派克新材,工业,115.6818505924,,纳入,-6.493633692458378,0.7345346599523017,中证军工,399967.SZ
2023-06-12 00:00:00,688776.SH,国光电气,信息技术,84.3610085016,,纳入,-5.816767502160758,-1.5343623667769202,中证军工,399967.SZ
2025-06-16 00:00:00,300888.SZ,稳健医疗,医疗保健,261.8154816768,,纳入,-8.914100486223674,-12.521404109589051,中证医疗,399989.SZ
2025-06-16 00:00:00,688363.SH,华熙生物,医疗保健,253.844433534,,纳入,-3.849662470352122,-0.13722799451088,中证医疗,399989.SZ
2025-06-16 00:00:00,600645.SH,中源协和,医疗保健,112.073759155,,纳入,1.311336717428091,-4.601097509497675,中证医疗,399989.SZ
2025-06-16 00:00:00,301602.SZ,超研股份,医疗保健,111.87970144560002,,纳入,0.0382995021064758,-7.615310084033611,中证医疗,399989.SZ
2025-06-16 00:00:00,301293.SZ,三博脑科,医疗保健,95.989935942,,纳入,2.9379279876297737,-0.5844155844155874,中证医疗,399989.SZ
2025-06-16 00:00:00,300685.SZ,艾德生物,医疗保健,84.1019637312,,纳入,0.4207573632538652,-3.149606299212593,中证医疗,399989.SZ
2024-12-16 00:00:00,688289.SH,圣湘生物,医疗保健,132.20207736199998,,纳入,-2.575107296137358,-3.3993115318416534,中证医疗,399989.SZ
2024-12-16 00:00:00,688351.SH,微电生理,医疗保健,96.37888,,纳入,-9.4606542882405,-5.40928674006701,中证医疗,399989.SZ
2024-12-16 00:00:00,300049.SZ,福瑞股份,医疗保健,94.06859696,,纳入,-8.227355307552553,-3.475643130815531,中证医疗,399989.SZ
2024-06-17 00:00:00,301371.SZ,敷尔佳,日常消费,139.187832,,纳入,6.067073170731696,-3.6384637597459024,中证医疗,399989.SZ
2024-06-17 00:00:00,688575.SH,亚辉龙,医疗保健,134.63375035,,纳入,-5.77689243027889,5.05716798592788,中证医疗,399989.SZ
2024-06-17 00:00:00,300406.SZ,九强生物,医疗保健,99.2120382558,,纳入,-2.5996533795493715,-9.300911854103331,中证医疗,399989.SZ
2024-06-17 00:00:00,600587.SH,新华医疗,医疗保健,98.9505821766,,纳入,-7.8010175240248785,-1.040391676866581,中证医疗,399989.SZ
2024-06-17 00:00:00,301293.SZ,三博脑科,医疗保健,83.82085884099999,,纳入,2.5392517929831326,1.489971346704877,中证医疗,399989.SZ
2023-12-11 00:00:00,688271.SH,联影医疗,医疗保健,1214.0671321228,,纳入,1.0772608755317492,-10.647654584221764,中证医疗,399989.SZ
2023-12-11 00:00:00,688114.SH,华大智造,医疗保健,393.4425748784,,纳入,-3.190836571896094,-7.655805124960469,中证医疗,399989.SZ
2023-12-11 00:00:00,688366.SH,昊海生科,医疗保健,185.5859081792,,纳入,-1.1859149790184431,-4.2305904230590325,中证医疗,399989.SZ
2023-12-11 00:00:00,301239.SZ,普瑞眼科,医疗保健,144.05321941440002,,纳入,-3.71037103710371,-8.863920099875156,中证医疗,399989.SZ
2023-06-12 00:00:00,301267.SZ,华厦眼科,医疗保健,398.60800000000006,,纳入,-1.0701876302988134,-5.703008030488633,中证医疗,399989.SZ
2023-06-12 00:00:00,301363.SZ,美好医疗,医疗保健,172.22051,,纳入,2.393617021276606,-0.7848409903713938,中证医疗,399989.SZ
2023-06-12 00:00:00,002219.SZ,新里程,医疗保健,164.6916512711,,纳入,1.4583333333333393,-3.853955375253548,中证医疗,399989.SZ
2023-06-12 00:00:00,300451.SZ,创业慧康,信息技术,136.01314795759998,,纳入,-1.7897091722595126,-0.7909604519773961,中证医疗,399989.SZ
2023-06-12 00:00:00,688105.SH,诺唯赞,医疗保健,130.163254,,纳入,-1.5753882500306182,-11.132596685082884,中证医疗,399989.SZ
2023-06-12 00:00:00,301367.SZ,瑞迈特,医疗保健,109.8944,,纳入,-3.6311595016275566,-9.93882091212457,中证医疗,399989.SZ
2023-06-12 00:00:00,300725.SZ,药石科技,医疗保健,101.98857705239998,,纳入,-2.945088352650582,2.307562395611118,中证医疗,399989.SZ
2025-06-16 00:00:00,000995.SZ,皇台酒业,日常消费,23.5243008,,纳入,-5.0143266475644825,11.406844106463865,中证白酒,399997.SZ
2025-06-16 00:00:00,300251.SZ,光线传媒,通讯服务,648.3274634720001,,纳入,23.394749961305216,2.9858849077090133,创业板50,399673.SZ
2025-06-16 00:00:00,300458.SZ,全志科技,信息技术,316.17147684720004,,纳入,-2.815829528158298,-3.273195876288648,创业板50,399673.SZ
2025-06-16 00:00:00,300115.SZ,长盈精密,信息技术,288.84003599100004,,纳入,1.573676680972813,-5.524079320113307,创业板50,399673.SZ
2025-06-16 00:00:00,300024.SZ,机器人,工业,258.170729755,,纳入,-1.4934289127837563,-4.070473876063197,创业板50,399673.SZ
2025-06-16 00:00:00,300058.SZ,蓝色光标,通讯服务,237.014190209,,纳入,1.6691957511381084,-8.221225710014968,创业板50,399673.SZ
2024-12-16 00:00:00,300339.SZ,润和软件,信息技术,462.55541645279993,,纳入,0.9735744089012456,-7.148726376335257,创业板50,399673.SZ
2024-12-16 00:00:00,301301.SZ,川宁生物,医疗保健,281.513024,,纳入,-4.675716440422306,-1.549186676994574,创业板50,399673.SZ
2024-12-16 00:00:00,300346.SZ,南大光电,信息技术,236.6060465288,,纳入,-0.7729468599033784,0.8091385054735722,创业板50,399673.SZ
2024-12-16 00:00:00,300735.SZ,光弘科技,信息技术,236.377892212,,纳入,-2.7470792548152767,-5.450603902136885,创业板50,399673.SZ
2024-12-16 00:00:00,300573.SZ,兴齐眼药,医疗保健,141.74159097359998,,纳入,-3.149323434319251,-7.48485208506594,创业板50,399673.SZ
2024-06-17 00:00:00,300442.SZ,润泽科技,信息技术,469.2015248823,,纳入,2.518796992481187,-7.651622002820857,创业板50,399673.SZ
2024-06-17 00:00:00,301308.SZ,江波龙,信息技术,392.3449005762,,纳入,6.273764258555126,1.123952921217275,创业板50,399673.SZ
2024-06-17 00:00:00,300476.SZ,胜宏科技,信息技术,290.03592110420004,,纳入,10.229508196721303,-3.2404603270745125,创业板50,399673.SZ
2024-06-17 00:00:00,300017.SZ,网宿科技,信息技术,213.079612977,,纳入,5.946601941747565,-4.34782608695653,创业板50,399673.SZ
2024-06-17 00:00:00,300002.SZ,神州泰岳,信息技术,171.9877669968,,纳入,1.504629629629628,-9.021739130434792,创业板50,399673.SZ
2023-12-11 00:00:00,300394.SZ,天孚通信,信息技术,411.472021634,,纳入,30.740276035131764,-1.324503311258296,创业板50,399673.SZ
2023-12-11 00:00:00,301236.SZ,软通动力,信息技术,399.7588237515,,纳入,-1.8942937324602285,7.449154618965936,创业板50,399673.SZ
2023-12-11 00:00:00,300502.SZ,新易盛,信息技术,392.4432375728,,纳入,12.816326530612244,-5.904059040590404,创业板50,399673.SZ
2023-12-11 00:00:00,302132.SZ,中航成飞,工业,275.8260769831,,纳入,4.897775780723412,-2.7890142644241056,创业板50,399673.SZ
2023-12-11 00:00:00,300803.SZ,指南针,信息技术,256.2442179933001,,纳入,5.345436207766019,-0.4414650098103267,创业板50,399673.SZ
2023-06-12 00:00:00,300308.SZ,中际旭创,信息技术,975.43387917,,纳入,9.459462772694494,34.548611111111114,创业板50,399673.SZ
2023-06-12 00:00:00,301269.SZ,华大九天,信息技术,675.3652652152,,纳入,2.336487042369395,-4.3326732673267365,创业板50,399673.SZ
2023-06-12 00:00:00,300418.SZ,昆仑万维,通讯服务,638.5812850564,,纳入,-10.53601340033502,13.908741066520069,创业板50,399673.SZ
2023-06-12 00:00:00,300474.SZ,景嘉微,工业,422.2637175008,,纳入,-4.704673857216224,2.4771302292116104,创业板50,399673.SZ
2023-06-12 00:00:00,300604.SZ,长川科技,信息技术,301.236143981,,纳入,-5.258126195028678,4.04000784467542,创业板50,399673.SZ
2025-06-16 00:00:00,301498.SZ,乖宝宠物,日常消费,450.09006695,,纳入,0.8244466350031399,-7.274590163934446,创业板指,399006.SZ
2025-06-16 00:00:00,301165.SZ,锐捷网络,信息技术,410.136363402,,纳入,-0.8461538461538409,-0.8770220229974646,创业板指,399006.SZ
2025-06-16 00:00:00,300458.SZ,全志科技,信息技术,316.17147684720004,,纳入,-2.815829528158298,-3.273195876288648,创业板指,399006.SZ
2025-06-16 00:00:00,300115.SZ,长盈精密,信息技术,288.84003599100004,,纳入,1.573676680972813,-5.524079320113307,创业板指,399006.SZ
2025-06-16 00:00:00,300857.SZ,协创数据,信息技术,279.0463996908,,纳入,-6.768383618217277,-4.782661339145178,创业板指,399006.SZ
2025-06-16 00:00:00,301536.SZ,星宸科技,信息技术,259.415066,,纳入,-4.272840273461787,-9.955541441727531,创业板指,399006.SZ
2025-06-16 00:00:00,300058.SZ,蓝色光标,通讯服务,237.014190209,,纳入,1.6691957511381084,-8.221225710014968,创业板指,399006.SZ
2025-06-16 00:00:00,300679.SZ,电连技术,信息技术,187.56710822,,纳入,-1.8625277161862572,-4.646372167544066,创业板指,399006.SZ
2024-12-16 00:00:00,300339.SZ,润和软件,信息技术,462.55541645279993,,纳入,0.9735744089012456,-7.148726376335257,创业板指,399006.SZ
2024-12-16 00:00:00,300024.SZ,机器人,工业,328.7801895,,纳入,-6.417112299465256,-5.004591368227739,创业板指,399006.SZ
2024-12-16 00:00:00,300346.SZ,南大光电,信息技术,236.6060465288,,纳入,-0.7729468599033784,0.8091385054735722,创业板指,399006.SZ
2024-12-16 00:00:00,300735.SZ,光弘科技,信息技术,236.377892212,,纳入,-2.7470792548152767,-5.450603902136885,创业板指,399006.SZ
2024-12-16 00:00:00,300627.SZ,华测导航,信息技术,223.0058373881,,纳入,0.3452527743526667,-1.9295706705258264,创业板指,399006.SZ
2024-12-16 00:00:00,300677.SZ,英科医疗,医疗保健,179.317582365,,纳入,-1.2455516014235002,-3.157894736842115,创业板指,399006.SZ
2024-12-16 00:00:00,300761.SZ,立华股份,日常消费,169.5015938048,,纳入,-2.7078384798099764,-7.641509433962279,创业板指,399006.SZ
2024-08-12 00:00:00,300212.SZ,易华录,信息技术,116.0518980712,,纳入,1.7034700315457396,-4.176610978520301,创业板指,399006.SZ
2024-06-17 00:00:00,300442.SZ,润泽科技,信息技术,469.2015248823,,纳入,2.518796992481187,-7.651622002820857,创业板指,399006.SZ
2024-06-17 00:00:00,300765.SZ,新诺威,医疗保健,411.4052732976001,,纳入,-3.460777851021757,-5.5555555555555465,创业板指,399006.SZ
2024-06-17 00:00:00,300573.SZ,兴齐眼药,医疗保健,323.732560576,,纳入,-0.6051518234884479,-7.470270270270262,创业板指,399006.SZ
2024-06-17 00:00:00,301301.SZ,川宁生物,医疗保健,296.657712,,纳入,1.7570664629488195,-3.6127167630057855,创业板指,399006.SZ
2024-06-17 00:00:00,300476.SZ,胜宏科技,信息技术,290.03592110420004,,纳入,10.229508196721303,-3.2404603270745125,创业板指,399006.SZ
2024-06-17 00:00:00,300017.SZ,网宿科技,信息技术,213.079612977,,纳入,5.946601941747565,-4.34782608695653,创业板指,399006.SZ
2024-06-17 00:00:00,300002.SZ,神州泰岳,信息技术,171.9877669968,,纳入,1.504629629629628,-9.021739130434792,创业板指,399006.SZ
2023-12-11 00:00:00,300394.SZ,天孚通信,信息技术,411.472021634,,纳入,30.740276035131764,-1.324503311258296,创业板指,399006.SZ
2023-12-11 00:00:00,300502.SZ,新易盛,信息技术,392.4432375728,,纳入,12.816326530612244,-5.904059040590404,创业板指,399006.SZ
2023-12-11 00:00:00,301267.SZ,华厦眼科,医疗保健,294.84,,纳入,-7.4855034264628255,1.2113870381586844,创业板指,399006.SZ
2023-12-11 00:00:00,302132.SZ,中航成飞,工业,275.8260769831,,纳入,4.897775780723412,-2.7890142644241056,创业板指,399006.SZ
2023-12-11 00:00:00,301358.SZ,湖南裕能,材料,258.22329687,,纳入,6.662496090084469,0.8457276173811756,创业板指,399006.SZ
2023-12-11 00:00:00,300567.SZ,精测电子,信息技术,257.285309,,纳入,12.983999022841086,-2.0805065581185,创业板指,399006.SZ
2023-06-12 00:00:00,301269.SZ,华大九天,信息技术,675.3652652152,,纳入,2.336487042369395,-4.3326732673267365,创业板指,399006.SZ
2023-06-12 00:00:00,301308.SZ,江波龙,信息技术,443.9529323262,,纳入,-3.3003597122302164,-0.7725165863855188,创业板指,399006.SZ
2023-06-12 00:00:00,301236.SZ,软通动力,信息技术,284.929411923,,纳入,1.1730205278592365,-1.6470064544847671,创业板指,399006.SZ
2023-06-12 00:00:00,300633.SZ,开立医疗,医疗保健,249.0465055655,,纳入,-0.8035511772310877,-8.718626155878473,创业板指,399006.SZ
2023-06-12 00:00:00,301207.SZ,华兰疫苗,医疗保健,211.805295,,纳入,1.5969865617968535,-5.9734513274336205,创业板指,399006.SZ
2023-06-12 00:00:00,300803.SZ,指南针,信息技术,209.1139277262,,纳入,3.401086737774195,2.827965435977986,创业板指,399006.SZ
2023-06-12 00:00:00,300666.SZ,江丰电子,信息技术,185.2250191425,,纳入,-1.926321709786272,3.1537779408595146,创业板指,399006.SZ
2023-06-12 00:00:00,301095.SZ,广立微,信息技术,181.92,,纳入,0.9993337774816702,-2.9247311827957034,创业板指,399006.SZ
2023-06-12 00:00:00,301155.SZ,海力风电,工业,177.60883752600003,,纳入,1.2140446661099924,1.7173358087723356,创业板指,399006.SZ
2023-06-12 00:00:00,301268.SZ,铭利达,信息技术,167.684192,,纳入,3.788066353057684,3.5898827625467256,创业板指,399006.SZ
2025-06-16 00:00:00,688249.SH,晶合集成,信息技术,405.4399152297,,纳入,-4.714757190004715,-4.69762850855745,国证芯片(CNI),980017.CNI
2024-12-16 00:00:00,688120.SH,华海清科,信息技术,429.3952834127,,纳入,-1.4559678383223806,-1.6332425976334777,国证芯片(CNI),980017.CNI
2023-12-11 00:00:00,688041.SH,海光信息,信息技术,1911.0707784202,,纳入,13.079356347132444,-8.090614886731395,国证芯片(CNI),980017.CNI
2023-12-11 00:00:00,688047.SH,龙芯中科,信息技术,526.513,,纳入,11.4128128977514,-5.352449223416967,国证芯片(CNI),980017.CNI
2023-12-11 00:00:00,688072.SH,拓荆科技,信息技术,497.9217292,,纳入,2.7027027027026973,-6.816353116977658,国证芯片(CNI),980017.CNI
2023-06-12 00:00:00,688256.SH,寒武纪-U,信息技术,917.3826405471,,纳入,-4.389544980896143,-1.732957050886319,国证芯片(CNI),980017.CNI
2023-06-12 00:00:00,301269.SZ,华大九天,信息技术,675.3652652152,,纳入,2.336487042369395,-4.3326732673267365,国证芯片(CNI),980017.CNI
2023-06-12 00:00:00,688082.SH,盛美上海,信息技术,555.16986655,,纳入,4.752945026178024,-1.804207119741097,国证芯片(CNI),980017.CNI
2025-06-16 00:00:00,688165.SH,埃夫特-U,工业,132.688654,,纳入,4.008179959100211,-6.7704280155642005,机器人,h30590.CSI
2025-06-16 00:00:00,688290.SH,景业智能,工业,61.4773319424,,纳入,9.421607857402714,-15.070133424563805,机器人,h30590.CSI
2025-06-16 00:00:00,688277.SH,天智航-U,医疗保健,60.7028577849,,纳入,0.6001500375093727,-5.678466076696176,机器人,h30590.CSI
2025-06-16 00:00:00,688084.SH,晶品特装,信息技术,52.3485077654,,纳入,-1.0157367668097383,-8.640109890109882,机器人,h30590.CSI
2025-06-16 00:00:00,688255.SH,凯尔达,工业,37.121312173,,纳入,2.681942600345133,-8.37496326770496,机器人,h30590.CSI
2024-12-16 00:00:00,301510.SZ,固高科技,工业,117.682942,,纳入,2.011095700416088,-2.9894875164257595,机器人,h30590.CSI
2024-12-16 00:00:00,002892.SZ,科力尔,工业,106.9639928301,,纳入,-3.147835862844284,-4.388888888888887,机器人,h30590.CSI
2024-12-16 00:00:00,603203.SH,快克智能,工业,63.01087412219999,,纳入,-1.1723329425556872,-0.5355776587605221,机器人,h30590.CSI
2024-12-16 00:00:00,688312.SH,燕麦科技,信息技术,48.65462324240001,,纳入,-1.7548990933021202,-1.7857142857142685,机器人,h30590.CSI
2024-12-16 00:00:00,003028.SZ,振邦智能,信息技术,42.09602939639999,,纳入,-5.066801109150509,-0.9471191791633804,机器人,h30590.CSI
2024-12-16 00:00:00,688090.SH,瑞松科技,工业,40.4659481784,,纳入,-8.205128205128187,-9.481582537517053,机器人,h30590.CSI
2024-12-16 00:00:00,001306.SZ,夏厦精密,工业,39.9156,,纳入,2.190476190476187,-4.747081712062262,机器人,h30590.CSI
2024-06-17 00:00:00,002472.SZ,双环传动,工业,200.88961960320003,,纳入,2.9016890428757103,-2.499999999999991,机器人,h30590.CSI
2024-06-17 00:00:00,688343.SH,云天励飞-U,信息技术,117.58477469200002,,纳入,7.430240103828689,-4.643399089529599,机器人,h30590.CSI
2024-06-17 00:00:00,300660.SZ,江苏雷利,工业,87.3702914344,,纳入,6.904577191621386,-3.3786265148733063,机器人,h30590.CSI
2024-06-17 00:00:00,301368.SZ,丰立智能,工业,57.5279,,纳入,2.8559158256388217,-5.248255187295614,机器人,h30590.CSI
2024-06-17 00:00:00,688306.SH,均普智能,工业,49.37696855999999,,纳入,4.145077720207246,2.4630541871921263,机器人,h30590.CSI
2023-12-11 00:00:00,000967.SZ,盈峰环境,工业,156.113777497,,纳入,1.0288065843621297,1.0288065843621297,机器人,h30590.CSI
2023-12-11 00:00:00,688097.SH,博众精工,工业,146.857785132,,纳入,7.066102246825134,4.778933680104025,机器人,h30590.CSI
2023-12-11 00:00:00,688322.SH,奥比中光-UW,信息技术,143.1603579,,纳入,6.107322857989916,-2.4541607898448614,机器人,h30590.CSI
2023-12-11 00:00:00,688686.SH,奥普特,信息技术,141.768680709,,纳入,4.223580158159601,-1.564902758932618,机器人,h30590.CSI
2023-12-11 00:00:00,601882.SH,海天精工,工业,130.239,,纳入,-0.8740564163686959,-0.7302231237322432,机器人,h30590.CSI
2023-12-11 00:00:00,603915.SH,国茂股份,工业,112.398366276,,纳入,-0.6436512580456522,-0.7233273056058032,机器人,h30590.CSI
2023-12-11 00:00:00,688698.SH,伟创电气,工业,84.92372076859999,,纳入,5.346896191966621,-7.313997477931888,机器人,h30590.CSI
2023-12-11 00:00:00,688003.SH,天准科技,工业,75.476929,,纳入,1.658890616899944,-2.9648894668400594,机器人,h30590.CSI
2023-12-11 00:00:00,688305.SH,科德数控,工业,69.7435511145,,纳入,3.498340707964598,4.886685552407943,机器人,h30590.CSI
2023-12-11 00:00:00,300809.SZ,华辰装备,工业,64.30488,,纳入,-3.44566452101478,-0.281576830249397,机器人,h30590.CSI
2023-12-11 00:00:00,688165.SH,埃夫特-U,工业,57.13491,,纳入,-1.084010840108407,2.135561745589598,机器人,h30590.CSI
2023-12-11 00:00:00,002975.SZ,博杰股份,工业,49.6533891486,,纳入,4.022150976391714,2.56334708308783,机器人,h30590.CSI
2023-12-11 00:00:00,301255.SZ,通力科技,工业,47.83936,,纳入,-2.6566305069736678,-2.211472011057347,机器人,h30590.CSI
2023-12-11 00:00:00,603611.SH,诺力股份,工业,47.3470253858,,纳入,-2.905441098785,4.665203073545565,机器人,h30590.CSI
2023-12-11 00:00:00,600215.SH,派斯林,工业,40.411357272,,纳入,-5.131004366812242,-1.6147635524798254,机器人,h30590.CSI
2023-12-11 00:00:00,300193.SZ,佳士科技,工业,38.0749370924,,纳入,-2.5252525252525198,1.1842105263158098,机器人,h30590.CSI
2023-12-11 00:00:00,688159.SH,有方科技,信息技术,37.312445475,,纳入,-8.886389201349832,-4.599951064350371,机器人,h30590.CSI
2023-12-11 00:00:00,002535.SZ,林州重机,工业,36.7972530966,,纳入,-3.164556962025311,0.659340659340657,机器人,h30590.CSI
2023-12-11 00:00:00,300173.SZ,福能东方,工业,36.368922051,,纳入,-3.508771929824561,-1.0141987829614618,机器人,h30590.CSI
2023-12-11 00:00:00,300461.SZ,田中精机,工业,34.26317224,,纳入,1.0101010101010166,1.4170996693434024,机器人,h30590.CSI
2023-12-11 00:00:00,300097.SZ,ST智云,工业,32.288707961099995,,纳入,-6.045340050377835,-21.066666666666663,机器人,h30590.CSI
2023-12-11 00:00:00,300508.SZ,维宏股份,工业,31.8010176,,纳入,-1.1194029850746356,-0.5908932916232179,机器人,h30590.CSI
2023-12-11 00:00:00,001266.SZ,宏英智能,信息技术,30.5284032,,纳入,-6.106870229007644,-3.0674846625766805,机器人,h30590.CSI
2023-12-11 00:00:00,688080.SH,映翰通,信息技术,29.9999803672,,纳入,1.9254813703425635,-0.4006009013520217,机器人,h30590.CSI
2023-12-11 00:00:00,300486.SZ,东杰智能,工业,27.6236973192,,纳入,-4.372355430183362,3.111111111111109,机器人,h30590.CSI
2023-06-12 00:00:00,688248.SH,南网科技,工业,204.36493,,纳入,-6.485788113695101,6.895626509256769,机器人,h30590.CSI
2023-06-12 00:00:00,002990.SZ,盛视科技,信息技术,97.69460655,,纳入,-1.3805678562125556,2.0779220779220786,机器人,h30590.CSI
2023-06-12 00:00:00,300358.SZ,楚天科技,工业,83.09515618799999,,纳入,-7.2528883183568755,-2.540106951871657,机器人,h30590.CSI
2023-06-12 00:00:00,688499.SH,利元亨,材料,75.853446958,,纳入,-4.065222247040423,5.232767953807316,机器人,h30590.CSI
2023-06-12 00:00:00,688290.SH,景业智能,工业,66.69456,,纳入,-4.610380427096583,-0.3920977228170863,机器人,h30590.CSI
2023-06-12 00:00:00,605186.SH,健麾信息,医疗保健,63.5528,,纳入,4.658454647256427,6.757042999364549,机器人,h30590.CSI
2023-06-12 00:00:00,688306.SH,均普智能,工业,61.78262484,,纳入,-1.178781925343808,8.113590263691695,机器人,h30590.CSI
2023-06-12 00:00:00,688022.SH,瀚川智能,工业,56.3045452383,,纳入,-4.655062696350687,9.102815979043877,机器人,h30590.CSI
2023-06-12 00:00:00,688320.SH,禾川科技,信息技术,53.685358974,,纳入,-7.973077918716043,17.411225658648345,机器人,h30590.CSI
2023-06-12 00:00:00,002997.SZ,瑞鹄模具,可选消费,52.7758778982,,纳入,5.934389974198306,13.815537696134705,机器人,h30590.CSI
2023-06-12 00:00:00,002577.SZ,雷柏科技,信息技术,44.921344,,纳入,-1.3664596273291862,6.812339331619555,机器人,h30590.CSI
2023-06-12 00:00:00,688160.SH,步科股份,工业,37.6152,,纳入,-5.726315789473679,27.86516853932584,机器人,h30590.CSI
2023-06-12 00:00:00,301112.SZ,信邦智能,工业,37.50167066,,纳入,-2.717391304347827,6.935190793458501,机器人,h30590.CSI
2025-09-05 00:00:00,601298.SH,青岛港,工业,550.44528,,纳入,-0.2352941176470557,-2.546296296296302,沪深300,000300.SH
2025-06-16 00:00:00,302132.SZ,中航成飞,工业,2350.214926128,,纳入,5.225311601150517,-5.239202100314689,沪深300,000300.SH
2025-06-16 00:00:00,601825.SH,沪农商行,金融,967.3377778335,,纳入,-1.8590998043053089,2.346938775510199,沪深300,000300.SH
2025-06-16 00:00:00,001391.SZ,国货航,工业,836.3083639125,,纳入,-3.1117397454031197,-2.61248185776487,沪深300,000300.SH
2025-06-16 00:00:00,601077.SH,渝农商行,金融,827.9253,,纳入,-3.315649867374004,0.5517241379310533,沪深300,000300.SH
2025-06-16 00:00:00,002600.SZ,领益智造,信息技术,574.6705811579999,,纳入,-3.301886792452846,0.1221001221001438,沪深300,000300.SH
2025-06-16 00:00:00,301236.SZ,软通动力,信息技术,515.3505885216,,纳入,-0.9473488865357926,-3.7608123354644696,沪深300,000300.SH
2025-06-16 00:00:00,688047.SH,龙芯中科,信息技术,484.0471,,纳入,-7.714067278287473,-1.9168291098115688,沪深300,000300.SH
2025-03-04 00:00:00,601058.SH,赛轮轮胎,可选消费,503.079339627,,纳入,5.809128630705396,-1.4935064935065023,沪深300,000300.SH
2024-12-16 00:00:00,601127.SH,赛力斯,可选消费,1973.285326251,,纳入,-9.48826463251924,0.7221880762138921,沪深300,000300.SH
2024-12-16 00:00:00,300502.SZ,新易盛,信息技术,936.9006326136,,纳入,13.948275862068972,-0.4565150108325699,沪深300,000300.SH
2024-12-16 00:00:00,688506.SH,百利天恒,医疗保健,815.634,,纳入,-8.225420746288858,-1.5865865865865914,沪深300,000300.SH
2024-12-16 00:00:00,600377.SH,宁沪高速,工业,741.556432,,纳入,4.175513092710559,1.615168539325862,沪深300,000300.SH
2024-12-16 00:00:00,002463.SZ,沪电股份,信息技术,725.0555111939999,,纳入,-0.4477218856992371,3.087071240105544,沪深300,000300.SH
2024-12-16 00:00:00,601136.SH,首创证券,金融,654.90677848,,纳入,-2.641202763104422,-1.882849361945016,沪深300,000300.SH
2024-12-16 00:00:00,600160.SH,巨化股份,材料,582.6052042798,,纳入,-3.228699551569525,3.5246272028919945,沪深300,000300.SH
2024-12-16 00:00:00,600482.SH,中国动力,工业,560.4523722516001,,纳入,7.423392317652144,-2.169546002410605,沪深300,000300.SH
2024-12-16 00:00:00,002028.SZ,思源电气,工业,558.4678524546,,纳入,-5.466491458607081,-2.2758620689655285,沪深300,000300.SH
2024-12-16 00:00:00,300394.SZ,天孚通信,信息技术,556.7366305731,,纳入,-4.820075757575748,-5.714285714285705,沪深300,000300.SH
2024-12-16 00:00:00,600066.SH,宇通客车,可选消费,529.131474297,,纳入,-1.3212221304707006,4.89864864864864,沪深300,000300.SH
2024-12-16 00:00:00,002422.SZ,科伦药业,医疗保健,505.2724211815,,纳入,-7.963827304550753,-4.006309148264986,沪深300,000300.SH
2024-12-16 00:00:00,688472.SH,阿特斯,工业,487.5823302328,,纳入,-10.129163834126444,-7.822878228782293,沪深300,000300.SH
2024-12-16 00:00:00,000975.SZ,山金国际,材料,460.6582237635,,纳入,-3.2653061224489632,-7.801418439716312,沪深300,000300.SH
2024-12-16 00:00:00,000630.SZ,铜陵有色,材料,441.35575383450015,,纳入,-1.4285714285714235,-4.9275362318840665,沪深300,000300.SH
2024-12-16 00:00:00,688169.SH,石头科技,可选消费,411.8217861512,,纳入,-1.5760893558783295,-3.1821441376837623,沪深300,000300.SH
2024-06-17 00:00:00,001965.SZ,招商公路,工业,775.4723616978,,纳入,-5.170975813177647,4.177777777777791,沪深300,000300.SH
2024-06-17 00:00:00,600026.SH,中远海能,工业,756.645136247,,纳入,-13.80434782608696,-1.282834453268178,沪深300,000300.SH
2024-06-17 00:00:00,600027.SH,华电国际,公用事业,684.2238397977001,,纳入,-7.596685082872923,-3.5612535612535634,沪深300,000300.SH
2024-06-17 00:00:00,603296.SH,华勤技术,信息技术,593.6491034902,,纳入,1.229407292682927,-0.661444734551786,沪深300,000300.SH
2024-06-17 00:00:00,688009.SH,中国通号,工业,591.9708821,,纳入,-6.365159128978215,1.7421602787456305,沪深300,000300.SH
2024-06-17 00:00:00,300832.SZ,新产业,医疗保健,565.874668957,,纳入,-2.3590021691974217,-0.6521122767224385,沪深300,000300.SH
2024-06-17 00:00:00,600161.SH,天坛生物,医疗保健,510.16183296480006,,纳入,-0.7374158384097607,-2.612828290034952,沪深300,000300.SH
2024-06-17 00:00:00,000807.SZ,云铝股份,材料,482.046079295,,纳入,-7.023411371237442,-4.405115324049058,沪深300,000300.SH
2024-06-17 00:00:00,300442.SZ,润泽科技,信息技术,469.2015248823,,纳入,2.518796992481187,-7.651622002820857,沪深300,000300.SH
2024-06-17 00:00:00,600415.SH,小商品城,工业,442.0373345856,,纳入,-4.275534441805218,-3.945745992601724,沪深300,000300.SH
2024-06-17 00:00:00,300418.SZ,昆仑万维,通讯服务,414.5212351764,,纳入,1.9691002726446305,-6.27565982404692,沪深300,000300.SH
2024-06-17 00:00:00,688082.SH,盛美上海,信息技术,372.0069858042,,纳入,7.34221775207442,4.214975845410618,沪深300,000300.SH
2023-12-11 00:00:00,600938.SH,中国海油,能源,9356.3824756528,,纳入,-0.906801007556679,-3.587443946188329,沪深300,000300.SH
2023-12-11 00:00:00,688041.SH,海光信息,信息技术,1911.0707784202,,纳入,13.079356347132444,-8.090614886731395,沪深300,000300.SH
2023-12-11 00:00:00,688271.SH,联影医疗,医疗保健,1214.0671321228,,纳入,1.0772608755317492,-10.647654584221764,沪深300,000300.SH
2023-12-11 00:00:00,300308.SZ,中际旭创,信息技术,964.595724957,,纳入,16.900175131348515,-6.340425531914895,沪深300,000300.SH
2023-12-11 00:00:00,688256.SH,寒武纪-U,信息技术,708.1689072549001,,纳入,7.711316689899905,-14.53193247550465,沪深300,000300.SH
2023-12-11 00:00:00,601059.SH,信达证券,金融,700.1637,,纳入,10.717948717948712,3.25123152709359,沪深300,000300.SH
2023-12-11 00:00:00,601916.SH,浙商银行,金融,697.6017534602,,纳入,-0.3921568627450966,-2.713178294573648,沪深300,000300.SH
2023-12-11 00:00:00,600023.SH,浙能电力,公用事业,642.2782986771,,纳入,2.1321961620468954,-3.3057851239669422,沪深300,000300.SH
2023-12-11 00:00:00,600372.SH,中航机载,工业,629.0565619,,纳入,-1.0654490106544956,-2.230769230769214,沪深300,000300.SH
2023-12-11 00:00:00,301269.SZ,华大九天,信息技术,579.7532198704,,纳入,6.4818508177104,-8.403980833026159,沪深300,000300.SH
2023-12-11 00:00:00,600489.SH,中金黄金,材料,497.3342690664,,纳入,-6.043956043956045,-6.509433962264144,沪深300,000300.SH
2023-12-11 00:00:00,000999.SZ,华润三九,医疗保健,492.2144504,,纳入,0.952573976489668,-2.6374974442854198,沪深300,000300.SH
2023-12-11 00:00:00,600515.SH,海南机场,房地产,457.01238408,,纳入,-3.846153846153844,-6.4039408866995,沪深300,000300.SH
2023-12-11 00:00:00,002603.SZ,以岭药业,医疗保健,412.3300867968,,纳入,-0.6041079339508593,-3.6130068245684432,沪深300,000300.SH
2023-06-12 00:00:00,688223.SH,晶科能源,工业,1265.0,,纳入,5.680868838763575,6.058221872541303,沪深300,000300.SH
2023-06-12 00:00:00,000617.SZ,中油资本,金融,925.4001885828,,纳入,-8.614232209737816,5.488621151271755,沪深300,000300.SH
2023-06-12 00:00:00,601607.SH,上海医药,医疗保健,818.3161610390001,,纳入,-5.676483141271859,-6.3362068965517215,沪深300,000300.SH
2023-06-12 00:00:00,000983.SZ,山西焦煤,能源,580.1997282298,,纳入,5.035971223021596,2.3278370514064006,沪深300,000300.SH
2023-06-12 00:00:00,600875.SH,东方电气,工业,545.1197077155999,,纳入,-3.265080243497509,0.218938149972625,沪深300,000300.SH
2023-06-12 00:00:00,600754.SH,锦江酒店,可选消费,506.130841799,,纳入,-1.21136173767753,2.6003744539213614,沪深300,000300.SH
2023-06-12 00:00:00,600732.SH,爱旭股份,工业,502.7868765296,,纳入,14.15010382675761,10.030743676654886,沪深300,000300.SH
2023-06-12 00:00:00,601699.SH,潞安环能,能源,499.5653364,,纳入,-0.2026648094061389,0.3577817531305705,沪深300,000300.SH
2023-06-12 00:00:00,601872.SH,招商轮船,工业,492.4507510302,,纳入,3.945111492281295,2.653399668325052,沪深300,000300.SH
2025-09-15 00:00:00,688183.SH,生益电子,信息技术,761.7818320649999,,纳入,13.411764705882344,-6.079443683489616,科创50,000688.SH
2025-06-16 00:00:00,688608.SH,恒玄科技,信息技术,445.2249692192,,纳入,-5.351537578154919,-2.439153439153441,科创50,000688.SH
2025-03-17 00:00:00,688213.SH,思特威-W,信息技术,396.5372632496,,纳入,-7.516401124648542,1.0791000712613297,科创50,000688.SH
2025-03-17 00:00:00,688578.SH,艾力斯,医疗保健,335.7,,纳入,-7.144635299975111,4.592391304347832,科创50,000688.SH
2025-03-17 00:00:00,688278.SH,特宝生物,医疗保健,321.24996,,纳入,-1.3861138861138933,6.303348653972418,科创50,000688.SH
2024-09-18 00:00:00,688617.SH,惠泰医疗,医疗保健,322.60575873899995,,纳入,-5.808468314862192,-1.1896366702437544,科创50,000688.SH
2024-09-18 00:00:00,689009.SH,九号公司-WD,可选消费,308.48787436799995,,纳入,-5.489679402722891,-1.6374269005848152,科创50,000688.SH
2024-06-17 00:00:00,688475.SH,萤石网络,可选消费,288.69749999999993,,纳入,-10.585365853658535,-3.955696202531656,科创50,000688.SH
2024-06-17 00:00:00,688469.SH,芯联集成-U,信息技术,277.6376554,,纳入,-5.060240963855433,1.0204081632652962,科创50,000688.SH
2024-06-17 00:00:00,688525.SH,佰维存储,信息技术,244.027381696,,纳入,5.1073279052553655,14.50795947901591,科创50,000688.SH
2024-03-11 00:00:00,688472.SH,阿特斯,工业,524.8333252052,,纳入,6.352765321375187,2.554744525547448,科创50,000688.SH
2024-03-11 00:00:00,688249.SH,晶合集成,信息技术,294.7012545633,,纳入,-2.131912058627583,-0.8275862068965467,科创50,000688.SH
2024-03-11 00:00:00,688563.SH,航材股份,工业,256.05,,纳入,-3.428377460964016,1.6949152542372836,科创50,000688.SH
2023-12-11 00:00:00,688506.SH,百利天恒,医疗保健,438.1326,,纳入,-2.5334522747546773,26.28624883068287,科创50,000688.SH
2023-09-11 00:00:00,688072.SH,拓荆科技,信息技术,438.122552808,,纳入,-0.4597701149425259,-6.02542372881355,科创50,000688.SH
2023-09-11 00:00:00,688120.SH,华海清科,信息技术,322.9685275943,,纳入,-2.858645250728997,-5.014431779267159,科创50,000688.SH
2023-06-12 00:00:00,688114.SH,华大智造,医疗保健,371.164398232,,纳入,-2.115532171434842,-0.9589350180505328,科创50,000688.SH
2023-06-12 00:00:00,688297.SH,中无人机,工业,331.965,,纳入,-2.444525915714857,3.1319910514541416,科创50,000688.SH
2023-03-13 00:00:00,688385.SH,复旦微电,信息技术,585.29771355,,纳入,-6.909988310170134,1.2638454984379432,科创50,000688.SH
2023-03-13 00:00:00,688047.SH,龙芯中科,信息技术,469.4106,,纳入,-3.0318091451292277,21.300063285417224,科创50,000688.SH
2023-03-13 00:00:00,688349.SH,三一重能,工业,392.52979095,,纳入,-10.69012178619757,4.875038568343126,科创50,000688.SH
2023-03-13 00:00:00,688375.SH,国博电子,工业,387.249681,,纳入,-6.3370743034055765,-5.115546218487399,科创50,000688.SH
2023-03-13 00:00:00,688348.SH,昱能科技,工业,348.0,,纳入,-4.431311378166402,-12.465871700931086,科创50,000688.SH
2025-09-15 00:00:00,300476.SZ,胜宏科技,信息技术,2843.0766852796,,纳入,20.54133138258962,-6.349019376877319,科创创业50,931643.CSI
2025-09-15 00:00:00,688249.SH,晶合集成,信息技术,471.2411483793,,纳入,3.20738137082599,0.2552105487026779,科创创业50,931643.CSI
2025-06-16 00:00:00,302132.SZ,中航成飞,工业,2350.214926128,,纳入,5.225311601150517,-5.239202100314689,科创创业50,931643.CSI
2024-12-16 00:00:00,301308.SZ,江波龙,信息技术,366.3133652584,,纳入,-0.8779828905898235,4.166211044286494,科创创业50,931643.CSI
2024-09-18 00:00:00,300502.SZ,新易盛,信息技术,705.7629653364,,纳入,9.30947414644856,4.953652945280584,科创创业50,931643.CSI
2024-09-18 00:00:00,688169.SH,石头科技,可选消费,452.2346832098,,纳入,6.651296328519218,0.7804919208538985,科创创业50,931643.CSI
2024-09-18 00:00:00,688188.SH,柏楚电子,信息技术,351.52958338799993,,纳入,2.7627627627627493,-3.853655653407417,科创创业50,931643.CSI
2024-06-17 00:00:00,688506.SH,百利天恒,医疗保健,809.5789,,纳入,-2.4450350326165715,-1.6451711181070472,科创创业50,931643.CSI
2024-06-17 00:00:00,300394.SZ,天孚通信,信息技术,536.6296365528,,纳入,11.587191891269288,2.346938775510199,科创创业50,931643.CSI
2024-03-11 00:00:00,688082.SH,盛美上海,信息技术,413.8348970682,,纳入,-1.6871959424490155,0.1942166594734562,科创创业50,931643.CSI
2024-03-11 00:00:00,688047.SH,龙芯中科,信息技术,405.812,,纳入,0.1385315654066854,2.8810315301702527,科创创业50,931643.CSI
2024-03-11 00:00:00,688072.SH,拓荆科技,信息技术,387.8748123805,,纳入,-1.434651618765248,0.1912796115552506,科创创业50,931643.CSI
2023-12-11 00:00:00,300832.SZ,新产业,医疗保健,599.8962923475001,,纳入,7.383966244725726,-5.610561056105611,科创创业50,931643.CSI
2023-12-11 00:00:00,688472.SH,阿特斯,工业,433.36553557,,纳入,2.620087336244548,-2.7350427350427253,科创创业50,931643.CSI
2023-09-11 00:00:00,300308.SZ,中际旭创,信息技术,876.686251896,,纳入,-2.8037383177569986,-6.242280285035628,科创创业50,931643.CSI
2023-09-11 00:00:00,688256.SH,寒武纪-U,信息技术,587.7731109159,,纳入,-5.232401934443843,-4.634111617312064,科创创业50,931643.CSI
2023-09-11 00:00:00,300442.SZ,润泽科技,信息技术,441.259143793,,纳入,-2.7252081756245383,-7.085714285714284,科创创业50,931643.CSI
2023-06-12 00:00:00,688063.SH,派能科技,工业,340.6623981201,,纳入,0.6590555267254716,8.928850664581711,科创创业50,931643.CSI
2023-06-12 00:00:00,688032.SH,禾迈股份,工业,301.28,,纳入,7.544077079918443,6.903169436475509,科创创业50,931643.CSI
2023-03-13 00:00:00,688271.SH,联影医疗,医疗保健,1343.0478572448,,纳入,-2.5067304816033475,-2.928792569659433,科创创业50,931643.CSI
2023-03-13 00:00:00,688041.SH,海光信息,信息技术,1244.6830477304998,,纳入,-3.321899259794192,9.837631327602669,科创创业50,931643.CSI
2023-03-13 00:00:00,688114.SH,华大智造,医疗保健,392.37498931,,纳入,-8.626013122346588,-9.508263619669444,科创创业50,931643.CSI
2025-09-15 00:00:00,688449.SH,联芸科技,信息技术,232.944,,纳入,9.137931034482772,4.221688675470192,科创芯片,000685.SH
2025-09-15 00:00:00,688605.SH,先锋精科,信息技术,125.2326548928,,纳入,-1.7621844737259806,3.886301589850638,科创芯片,000685.SH
2025-06-16 00:00:00,688141.SH,杰华特,信息技术,135.672768,,纳入,-4.82758620689655,-0.9225700164744666,科创芯片,000685.SH
2025-06-16 00:00:00,688549.SH,中巨芯-U,信息技术,111.3866104,,纳入,0.265957446808529,-3.8157894736842057,科创芯片,000685.SH
2025-03-17 00:00:00,688332.SH,中科蓝讯,信息技术,148.1198238,,纳入,3.037911122269654,-3.522599324433018,科创芯片,000685.SH
2024-12-16 00:00:00,688018.SH,乐鑫科技,信息技术,220.96752881140003,,纳入,32.646325857075496,23.01550459567356,科创芯片,000685.SH
2024-12-16 00:00:00,688709.SH,成都华微,信息技术,206.7205446396,,纳入,2.8843106180665545,-3.2438478747203403,科创芯片,000685.SH
2024-12-16 00:00:00,688584.SH,上海合晶,信息技术,141.47644584780005,,纳入,-5.970809376382135,-1.4791573285522164,科创芯片,000685.SH
2024-09-18 00:00:00,688279.SH,峰岹科技,信息技术,96.833767592,,纳入,-0.5313092979127187,4.826923076923073,科创芯片,000685.SH
2024-09-18 00:00:00,688123.SH,聚辰股份,信息技术,69.26565536,,纳入,-1.6320143080706395,1.730813026645417,科创芯片,000685.SH
2024-06-17 00:00:00,688347.SH,华虹公司,信息技术,655.5163059604,,纳入,3.72181472425972,4.111441709494179,科创芯片,000685.SH
2024-06-17 00:00:00,688702.SH,盛科通信-U,信息技术,208.485,,纳入,25.86633663366338,0.820379965457696,科创芯片,000685.SH
2024-06-17 00:00:00,688596.SH,正帆科技,工业,108.4280914812,,纳入,10.210035005834309,0.4591074600877931,科创芯片,000685.SH
2024-03-11 00:00:00,688249.SH,晶合集成,信息技术,294.7012545633,,纳入,-2.131912058627583,-0.8275862068965467,科创芯片,000685.SH
2024-03-11 00:00:00,688361.SH,中科飞测,信息技术,200.896,,纳入,-2.9375386518243785,-0.7887958789439709,科创芯片,000685.SH
2024-03-11 00:00:00,688582.SH,芯动联科,信息技术,139.403485,,纳入,2.5000000000000133,8.360902255639102,科创芯片,000685.SH
2023-12-11 00:00:00,688146.SH,中船特气,信息技术,188.576470693,,纳入,2.0630372492836724,-1.3258110014104596,科创芯片,000685.SH
2023-12-11 00:00:00,688484.SH,南芯科技,信息技术,184.320256,,纳入,2.8598440085086274,-2.348520432127754,科创芯片,000685.SH
2023-12-11 00:00:00,688352.SH,颀中科技,信息技术,170.8646582856,,纳入,5.043859649122795,-4.140350877192978,科创芯片,000685.SH
2023-12-11 00:00:00,688515.SH,裕太微-U,信息技术,86.408,,纳入,1.1234903098960691,3.202915228231684,科创芯片,000685.SH
2023-12-11 00:00:00,688531.SH,日联科技,工业,82.4863991196,,纳入,0.1735776277724143,-1.394891944990173,科创芯片,000685.SH
2023-09-11 00:00:00,688525.SH,佰维存储,信息技术,301.875888904,,纳入,-0.0285022089211883,-0.3831417624520994,科创芯片,000685.SH
2023-09-11 00:00:00,688172.SH,燕东微,信息技术,253.4906090654,,纳入,2.3233301064859546,-2.0982355746304138,科创芯片,000685.SH
2023-09-11 00:00:00,688432.SH,有研硅,信息技术,187.01839659420003,,纳入,2.1813224267211995,-5.407209612817088,科创芯片,000685.SH
2023-09-11 00:00:00,688141.SH,杰华特,信息技术,148.05134400000003,,纳入,4.116907605279696,-3.4005416792055265,科创芯片,000685.SH
2023-09-11 00:00:00,688498.SH,源杰科技,信息技术,143.00394416,,纳入,4.197317178710525,-0.8561864297669808,科创芯片,000685.SH
2023-09-11 00:00:00,688362.SH,甬矽电子,信息技术,137.78907999999998,,纳入,-2.0289855072463947,-11.3552068473609,科创芯片,000685.SH
2023-06-12 00:00:00,688409.SH,富创精密,信息技术,234.45331408100003,,纳入,-0.5762411347517649,2.7437400106552934,科创芯片,000685.SH
2023-06-12 00:00:00,688372.SH,伟测科技,信息技术,127.19680595,,纳入,3.822608200455591,-4.968944099378891,科创芯片,000685.SH
2023-06-12 00:00:00,688261.SH,东微半导,信息技术,122.9686074117,,纳入,4.124828845276118,-3.3170966640237665,科创芯片,000685.SH
2023-06-12 00:00:00,688380.SH,中微半导,信息技术,119.7491715,,纳入,-1.7733990147783207,-0.79155672823219,科创芯片,000685.SH
2023-06-12 00:00:00,688403.SH,汇成股份,信息技术,108.0300145614,,纳入,-2.3396226415094423,2.170542635658901,科创芯片,000685.SH
2023-06-12 00:00:00,688711.SH,宏微科技,信息技术,92.2061109065,,纳入,-1.3469652710158986,1.2743015847083816,科创芯片,000685.SH
2023-06-12 00:00:00,688630.SH,芯碁微装,信息技术,87.2176,,纳入,0.1248093190958199,6.512834516657562,科创芯片,000685.SH
2023-06-12 00:00:00,688381.SH,帝奥微,信息技术,85.54624,,纳入,-7.600108962135666,-0.3443328550932656,科创芯片,000685.SH
2023-03-13 00:00:00,688041.SH,海光信息,信息技术,1244.6830477304998,,纳入,-3.321899259794192,9.837631327602669,科创芯片,000685.SH
2023-03-13 00:00:00,688047.SH,龙芯中科,信息技术,469.4106,,纳入,-3.0318091451292277,21.300063285417224,科创芯片,000685.SH
2023-03-13 00:00:00,688120.SH,华海清科,信息技术,313.37609793,,纳入,0.0715307582260571,3.7570106088249178,科创芯片,000685.SH
2023-03-13 00:00:00,688213.SH,思特威-W,信息技术,177.444436,,纳入,1.3942857142857037,0.8653206123807378,科创芯片,000685.SH
2023-03-13 00:00:00,688332.SH,中科蓝讯,信息技术,73.824,,纳入,-4.9296862926904605,10.63241749309054,科创芯片,000685.SH
2024-12-16 00:00:00,600941.SH,中国移动,通讯服务,24097.783542714,,纳入,4.529779103364717,2.3991175659527464,红利低波,h30269.CSI
2024-12-16 00:00:00,601318.SH,中国平安,金融,9673.2766232384,,纳入,-3.118730621922305,-2.0841086713807244,红利低波,h30269.CSI
2024-12-16 00:00:00,600036.SH,招商银行,金融,9517.9697298174,,纳入,0.10610079575597,1.6353887399463751,红利低波,h30269.CSI
2024-12-16 00:00:00,601225.SH,陕西煤业,能源,2416.9635,,纳入,1.4239218877135862,-3.941487200325056,红利低波,h30269.CSI
2024-12-16 00:00:00,601006.SH,大秦铁路,工业,1270.7690246136,,纳入,0.2881844380403509,-0.7267441860465129,红利低波,h30269.CSI
2024-12-16 00:00:00,601229.SH,上海银行,金融,1224.6156055857998,,纳入,-0.3468208092485714,2.97265160523188,红利低波,h30269.CSI
2024-12-16 00:00:00,002027.SZ,分众传媒,通讯服务,996.511781094,,纳入,0.2906976744186051,-0.4316546762589968,红利低波,h30269.CSI
2024-12-16 00:00:00,001965.SZ,招商公路,工业,890.0540299170001,,纳入,4.150039904229863,5.74898785425102,红利低波,h30269.CSI
2024-12-16 00:00:00,601825.SH,沪农商行,金融,793.7377778235001,,纳入,1.9826517967781896,4.161412358133676,红利低波,h30269.CSI
2024-12-16 00:00:00,600377.SH,宁沪高速,工业,741.556432,,纳入,4.175513092710559,1.615168539325862,红利低波,h30269.CSI
2024-12-16 00:00:00,601216.SH,君正集团,材料,524.0008799189999,,纳入,7.439446366781999,-1.67504187604689,红利低波,h30269.CSI
2024-12-16 00:00:00,002032.SZ,苏泊尔,可选消费,427.54058629380006,,纳入,-1.2405110164784072,0.5345551737304222,红利低波,h30269.CSI
2024-12-16 00:00:00,600177.SH,雅戈尔,可选消费,418.421492131,,纳入,11.866501854140932,-0.7009345794392496,红利低波,h30269.CSI
2024-12-16 00:00:00,601963.SH,重庆银行,金融,331.4738152476,,纳入,1.4893617021276562,0.8620689655172376,红利低波,h30269.CSI
2024-12-16 00:00:00,600153.SH,建发股份,工业,295.2989391402,,纳入,0.4008016032064132,3.4930139720558806,红利低波,h30269.CSI
2024-12-16 00:00:00,600282.SH,南钢股份,材料,285.4437138093,,纳入,3.348214285714257,1.7777777777777892,红利低波,h30269.CSI
2024-12-16 00:00:00,600007.SH,中国国贸,房地产,244.8703840154,,纳入,6.6228070175438525,1.749893299189087,红利低波,h30269.CSI
2024-12-16 00:00:00,600737.SH,中粮糖业,日常消费,222.22633088920003,,纳入,5.161943319838058,0.4878048780488031,红利低波,h30269.CSI
2024-12-16 00:00:00,002867.SZ,周大生,可选消费,156.717455895,,纳入,5.301914580265099,3.5161744022503383,红利低波,h30269.CSI
2024-12-16 00:00:00,601187.SH,厦门银行,金融,149.6385512496,,纳入,0.0183156950949836,1.0889292196007316,红利低波,h30269.CSI
2024-12-16 00:00:00,002807.SZ,江阴银行,金融,107.3167256004,,纳入,1.6317016317016542,-2.314814814814825,红利低波,h30269.CSI
2024-12-16 00:00:00,605377.SH,华旺科技,材料,63.75751639600001,,纳入,4.176157934700076,2.330827067669161,红利低波,h30269.CSI
2024-12-16 00:00:00,002469.SZ,三维化学,材料,58.073205385,,纳入,5.791962174940868,-10.53837342497137,红利低波,h30269.CSI
2023-12-11 00:00:00,600016.SH,民生银行,金融,1668.1101449262,,纳入,-1.5503875968992276,-1.8324607329842868,红利低波,h30269.CSI
2023-12-11 00:00:00,601169.SH,北京银行,金融,955.6628890943996,,纳入,-1.5250544662309462,-1.3215859030836996,红利低波,h30269.CSI
2023-12-11 00:00:00,600039.SH,四川路桥,工业,651.925246742,,纳入,-4.102564102564099,-3.425559947299084,红利低波,h30269.CSI
2023-12-11 00:00:00,601298.SH,青岛港,工业,412.83396,,纳入,1.273885350318471,-0.3159557661927437,红利低波,h30269.CSI
2023-12-11 00:00:00,600985.SH,淮北矿业,能源,404.1611667629999,,纳入,-0.0613496932515333,2.6266416510319024,红利低波,h30269.CSI
2023-12-11 00:00:00,601866.SH,中远海发,工业,335.3256837164,,纳入,3.347280334728042,-0.4115226337448652,红利低波,h30269.CSI
2023-12-11 00:00:00,600873.SH,梅花生物,日常消费,279.0367944696,,纳入,1.6077170418006492,-0.6295907660020972,红利低波,h30269.CSI
2023-12-11 00:00:00,600295.SH,鄂尔多斯,材料,277.91848202219995,,纳入,8.169934640522891,-0.7216494845360688,红利低波,h30269.CSI
2023-12-11 00:00:00,600863.SH,内蒙华电,公用事业,257.1593797534,,纳入,0.5102040816326481,-2.290076335877877,红利低波,h30269.CSI
2023-12-11 00:00:00,002966.SZ,苏州银行,金融,236.8712811954,,纳入,0.6230529595015577,-0.4680187207488417,红利低波,h30269.CSI
2023-12-11 00:00:00,600820.SH,隧道股份,工业,170.4100082948,,纳入,0.3703703703703542,0.92592592592593,红利低波,h30269.CSI
2023-12-11 00:00:00,600123.SH,兰花科创,能源,148.066464,,纳入,-0.1002004008015977,4.338842975206614,红利低波,h30269.CSI
2023-12-11 00:00:00,600395.SH,盘江股份,能源,141.677243004,,纳入,0.7633587786259444,-3.4638554216867345,红利低波,h30269.CSI
2023-12-11 00:00:00,600997.SH,开滦股份,能源,126.5476481247,,纳入,4.8684210526315885,5.882352941176472,红利低波,h30269.CSI
2023-12-11 00:00:00,002416.SZ,爱施德,信息技术,116.3685615834,,纳入,-0.5296610169491456,2.4070021881837933,红利低波,h30269.CSI
2023-12-11 00:00:00,601101.SH,昊华能源,能源,94.75186353079998,,纳入,2.812499999999996,0.1545595054095905,红利低波,h30269.CSI
2023-12-11 00:00:00,002540.SZ,亚太科技,材料,80.8868608687,,纳入,-0.918836140888224,-0.7836990595611382,红利低波,h30269.CSI
2023-12-11 00:00:00,605368.SH,蓝天燃气,公用事业,78.979071864,,纳入,3.730664240218373,-1.3274336283185972,红利低波,h30269.CSI
2023-12-11 00:00:00,002543.SZ,万和电气,可选消费,61.12392,,纳入,-0.4842615012106477,0.5931198102016699,红利低波,h30269.CSI
2023-12-11 00:00:00,000906.SZ,浙商中拓,工业,52.6017968208,,纳入,0.8042895442359033,2.016129032258052,红利低波,h30269.CSI
2025-06-16 00:00:00,000686.SZ,东北证券,金融,175.533968625,,纳入,-1.055408970976257,-3.61445783132529,证券公司,399975.SZ
2024-06-17 00:00:00,002736.SZ,国信证券,金融,894.9171749987001,,纳入,0.3232758620689724,-1.822005678754568,证券公司,399975.SZ
2023-12-11 00:00:00,601059.SH,信达证券,金融,700.1637,,纳入,10.717948717948712,3.25123152709359,证券公司,399975.SZ
2023-06-12 00:00:00,601136.SH,首创证券,金融,406.17340268,,纳入,6.37079455977092,-0.654450261780104,证券公司,399975.SZ
