tradedate,tradecode,tradename,windhy,mv,weight,tradestatus,changepctbefore,changepctafter
2025-08-11 00:00:00,688076.SH,ST诺泰,医疗保健,147.3117891917,0.151,剔除,-3.1983385254413355,-2.000860585197939
2025-08-11 00:00:00,300527.SZ,ST应急,工业,92.79274936559999,0.086,剔除,-1.1664899257688321,-5.454545454545445
2025-08-11 00:00:00,002581.SZ,ST未名,医疗保健,47.5669357506,0.033,剔除,-0.13850415512465242,0.13831258644534383
2025-08-11 00:00:00,688660.SH,电气风电,工业,259.46667964,,纳入,36.945812807881765,14.294152392203197
2025-08-11 00:00:00,002543.SZ,万和电气,可选消费,100.98088,,纳入,16.267123287671236,-8.658008658008654
2025-08-11 00:00:00,300917.SZ,特发服务,房地产,77.3851,,纳入,4.424173318129987,5.47945205479452
2025-06-16 00:00:00,688235.SH,百济神州-U,医疗保健,3958.6202219039997,0.408,剔除,1.5019762845849938,-4.7528295282175055
2025-06-16 00:00:00,688608.SH,恒玄科技,信息技术,445.2249692192,0.434,剔除,-5.351537578154919,-2.439153439153441
2025-06-16 00:00:00,600562.SH,国睿科技,工业,384.230815696,0.197,剔除,8.675799086757996,-6.198483349818651
2025-06-16 00:00:00,688183.SH,生益电子,信息技术,359.76265818749994,0.115,剔除,4.8230731943771366,6.892603618044424
2025-06-16 00:00:00,300458.SZ,全志科技,信息技术,316.17147684720004,0.332,剔除,-2.815829528158298,-3.273195876288648
2025-06-16 00:00:00,002130.SZ,沃尔核材,工业,296.4541316386,0.303,剔除,6.567028985507251,1.1057054400707589
2025-06-16 00:00:00,300115.SZ,长盈精密,信息技术,288.84003599100004,0.252,剔除,1.573676680972813,-5.524079320113307
2025-06-16 00:00:00,600363.SH,联创光电,信息技术,287.5281613,0.342,剔除,5.578684429641956,-5.147540983606569
2025-06-16 00:00:00,688027.SH,国盾量子,信息技术,286.2827379832,0.246,剔除,0.8405797101449064,-3.469314079422392
2025-06-16 00:00:00,000429.SZ,粤高速A,工业,283.5133106856,0.115,剔除,-3.349964362081248,0.6545454545454632
2025-06-16 00:00:00,300857.SZ,协创数据,信息技术,279.0463996908,0.25,剔除,-6.768383618217277,-4.782661339145178
2025-06-16 00:00:00,002773.SZ,康弘药业,医疗保健,279.0081882016,0.181,剔除,-5.343750000000003,-11.32737715379708
2025-06-16 00:00:00,002837.SZ,英维克,工业,278.7857085628,0.215,剔除,5.925653294074351,5.502215657311682
2025-06-16 00:00:00,688568.SH,中科星图,信息技术,273.14407158640006,0.206,剔除,-2.457357617808631,1.6476932294787305
2025-06-16 00:00:00,002851.SZ,麦格米特,工业,264.5848120848,0.289,剔除,2.4730500951172907,-1.0127127774186562
2025-06-16 00:00:00,000062.SZ,深圳华强,信息技术,262.94160355080004,0.121,剔除,-2.934362934362933,-3.9936102236421744
2025-06-16 00:00:00,688318.SH,财富趋势,信息技术,262.4968468528,0.113,剔除,1.4150009895111726,-3.203844613536233
2025-06-16 00:00:00,688582.SH,芯动联科,信息技术,260.785751528,0.166,剔除,-7.161198288159765,-5.454269219082331
2025-06-16 00:00:00,301536.SZ,星宸科技,信息技术,259.415066,0.039,剔除,-4.272840273461787,-9.955541441727533
2025-06-16 00:00:00,300627.SZ,华测导航,信息技术,248.2821708738,0.228,剔除,0.04499437570304465,3.024271170664994
2025-06-16 00:00:00,002461.SZ,珠江啤酒,日常消费,247.45012406399997,0.079,剔除,-2.7562694152793554,4.4036697247706424
2025-06-16 00:00:00,001389.SZ,广合科技,信息技术,245.360595,0.028,剔除,5.407380343441726,-1.9744889044207459
2025-06-16 00:00:00,001696.SZ,宗申动力,可选消费,244.69225280400002,0.237,剔除,-3.346901854364537,-3.613448415713405
2025-06-16 00:00:00,688702.SH,盛科通信-U,信息技术,241.654,0.075,剔除,-5.605381165919288,-4.888507718696388
2025-06-16 00:00:00,605589.SH,圣泉集团,材料,231.067745454,0.281,剔除,-3.1571479247960332,-1.4814814814814725
2025-06-16 00:00:00,600171.SH,上海贝岭,信息技术,230.6836427962,0.288,剔除,-3.2123735871504966,-2.638060557791755
2025-06-16 00:00:00,300623.SZ,捷捷微电,信息技术,227.90668981409996,0.218,剔除,-3.352152434721234,-0.4782928623988103
2025-06-16 00:00:00,300757.SZ,罗博特科,工业,224.48980383170002,0.204,剔除,-7.32433367947386,-2.423879703748022
2025-06-16 00:00:00,002312.SZ,川发龙蟒,材料,217.273941185,0.196,剔除,0.0,-1.0468789632479325
2025-06-16 00:00:00,300346.SZ,南大光电,信息技术,211.2866652471,0.331,剔除,-4.0188383045525855,-0.39344262295081256
2025-06-16 00:00:00,601333.SH,广深铁路,工业,206.1309267,0.159,剔除,-2.020202020202022,-1.3605442176870763
2025-06-16 00:00:00,000582.SZ,北部湾港,工业,200.2804704348,0.091,剔除,-0.6920415224913601,-5.098493626882972
2025-06-16 00:00:00,000951.SZ,中国重汽,工业,200.08025200800003,0.166,剔除,-5.019520356943663,-1.967592592592593
2025-06-16 00:00:00,603565.SH,中谷物流,工业,198.8759758541,0.131,剔除,-2.871794871794875,-0.6282722513089034
2025-06-16 00:00:00,000415.SZ,渤海租赁,金融,198.52313315220002,0.219,剔除,-2.1341463414634054,-3.125
2025-06-16 00:00:00,000528.SZ,柳工,工业,197.885661316,0.243,剔除,-1.1099899091826404,-3.3639143730886834
2025-06-16 00:00:00,300735.SZ,光弘科技,信息技术,188.4115991495,0.149,剔除,-5.830456463367851,-1.9502074688796611
2025-06-16 00:00:00,300679.SZ,电连技术,信息技术,187.56710822,0.173,剔除,-1.8625277161862575,-4.646372167544066
2025-06-16 00:00:00,601921.SH,浙版传媒,通讯服务,184.22222228669997,0.056,剔除,0.0,-1.5228434925168122
2025-06-16 00:00:00,001213.SZ,中铁特货,工业,179.99999998200002,0.056,剔除,-0.9779951100244433,-0.738916256157629
2025-06-16 00:00:00,000543.SZ,皖能电力,公用事业,167.97457282710002,0.129,剔除,0.6793478260869623,-1.7379679144385207
2025-06-16 00:00:00,688100.SH,威胜信息,信息技术,161.567748505,0.076,剔除,-3.7774524158125766,2.9910576626580143
2025-06-16 00:00:00,688676.SH,金盘科技,工业,149.1301875784,0.11,剔除,-1.606060606060622,-0.5705229793977695
2025-06-16 00:00:00,000869.SZ,张裕A,日常消费,143.43440265,0.05,剔除,-8.053402239448737,-0.170307004525605
2025-06-16 00:00:00,000627.SZ,*ST天茂(退市),金融,134.373413121,0.083,剔除,0.0,0.0
2025-06-16 00:00:00,002190.SZ,成飞集成,可选消费,134.2365201506,0.092,剔除,3.31308669243513,-5.610021786492392
2025-06-16 00:00:00,300741.SZ,华宝股份,日常消费,120.958832,0.032,剔除,-2.7722772277227636,-4.350077679958564
2025-06-16 00:00:00,301559.SZ,中集环科,工业,96.12,0.023,剔除,-4.3010752688172005,-2.07939508506616
2025-06-16 00:00:00,603123.SH,翠微股份,金融,94.41067380300001,0.069,剔除,-7.656249999999998,5.755395683453246
2025-06-16 00:00:00,603281.SH,江瀚新材,材料,87.13600015560002,0.081,剔除,-0.8917197452229408,-0.30030030030029353
2025-06-16 00:00:00,300973.SZ,立高食品,日常消费,83.992873616,0.07,剔除,-5.271199388846437,-7.169441723800207
2025-06-16 00:00:00,003040.SZ,楚天龙,信息技术,82.54333898799999,0.05,剔除,4.434072345390883,36.59250585480094
2025-06-16 00:00:00,688531.SH,日联科技,工业,82.2485205762,0.072,剔除,-2.471147318397837,-5.383862396867578
2025-06-16 00:00:00,300109.SZ,新开源,材料,80.7994908335,0.125,剔除,-6.505888951205819,-1.8879415347137773
2025-06-16 00:00:00,001322.SZ,箭牌家居,可选消费,79.61869395000001,0.025,剔除,-4.307334109429561,-2.4242424242424176
2025-06-16 00:00:00,603075.SH,热威股份,可选消费,79.3429081398,0.012,剔除,1.9658561821003895,-1.2364760432766464
2025-06-16 00:00:00,688526.SH,科前生物,医疗保健,73.648232848,0.037,剔除,-4.646384499924516,-3.600756471265165
2025-06-16 00:00:00,605365.SH,立达信,可选消费,73.24367860840002,0.024,剔除,-1.0176390773405708,-1.6096579476861272
2025-06-16 00:00:00,002990.SZ,盛视科技,信息技术,71.598224312,0.034,剔除,-7.713034691815423,4.047093451066952
2025-06-16 00:00:00,301367.SZ,瑞迈特,医疗保健,71.232,0.047,剔除,-6.028368794326244,-5.8837890625
2025-06-16 00:00:00,688388.SH,嘉元科技,材料,71.181940054,0.092,剔除,-6.599552572706935,0.891265597147961
2025-06-16 00:00:00,603985.SH,恒润股份,工业,69.1706206707,0.053,剔除,-5.081669691470059,-5.256327060350408
2025-06-16 00:00:00,688167.SH,炬光科技,信息技术,68.48637841760001,0.076,剔除,0.11889035667107528,5.062383479133814
2025-06-16 00:00:00,300123.SZ,亚光科技,工业,68.0541525918,0.098,剔除,4.3887147335423204,5.1724137931034475
2025-06-16 00:00:00,002291.SZ,遥望科技,信息技术,67.7873021992,0.074,剔除,2.7181688125893944,-4.44104134762634
2025-06-16 00:00:00,688392.SH,骄成超声,工业,65.50508176,0.045,剔除,2.9090909090909056,24.655647382920097
2025-06-16 00:00:00,301216.SZ,万凯新材,材料,64.0935793556,0.064,剔除,-9.064327485380108,-1.7996870109546093
2025-06-16 00:00:00,002446.SZ,盛路通信,工业,63.8894563352,0.096,剔除,1.0130246020260358,0.2998500749625377
2025-06-16 00:00:00,603995.SH,甬金股份,材料,62.41085535719999,0.056,剔除,-3.9392234102419765,-2.564102564102566
2025-06-16 00:00:00,603489.SH,八方股份,工业,61.972928891100004,0.031,剔除,-9.381443298969083,-2.3686442521989926
2025-06-16 00:00:00,002349.SZ,精华制药,医疗保健,61.56187817359999,0.066,剔除,-5.717916137229995,-5.5776892430278835
2025-06-16 00:00:00,600110.SH,诺德股份,材料,60.9048507132,0.071,剔除,-6.400000000000016,47.988505747126474
2025-06-16 00:00:00,601886.SH,江河集团,工业,60.842210621999996,0.039,剔除,-3.590664272890476,-4.735883424408005
2025-06-16 00:00:00,688707.SH,振华新材,材料,59.980470169499995,0.065,剔除,-4.688763136620855,4.2735042735042805
2025-06-16 00:00:00,603466.SH,风语筑,工业,59.121713589399995,0.056,剔除,-4.789272030651337,-5.041152263374505
2025-06-16 00:00:00,603989.SH,艾华集团,信息技术,58.8859725204,0.037,剔除,-3.6112934996717083,-1.4965986394557707
2025-06-16 00:00:00,301246.SZ,宏源药业,医疗保健,57.92098464,0.035,剔除,-4.986876640419958,-3.526970954356856
2025-06-16 00:00:00,002191.SZ,劲嘉股份,材料,57.4904418264,0.059,剔除,-3.4146341463414553,-0.7692307692307665
2025-06-16 00:00:00,002585.SZ,双星新材,材料,57.3714356,0.053,剔除,-3.100775193798455,0.4015997888955569
2025-06-16 00:00:00,688268.SH,华特气体,材料,56.5790939483,0.037,剔除,-4.836098745447193,1.0438858116744942
2025-06-16 00:00:00,688315.SH,诺禾致源,医疗保健,55.9789,0.036,剔除,-6.532345912207759,-3.9581777445855226
2025-06-16 00:00:00,300869.SZ,康泰医学,医疗保健,55.448810826000006,0.035,剔除,-4.100069492703263,-3.876525484565674
2025-06-16 00:00:00,002088.SZ,鲁阳节能,材料,54.904116701999996,0.037,剔除,-5.5328524972068855,-3.2347504621072054
2025-06-16 00:00:00,002108.SZ,沧州明珠,材料,54.79148391919999,0.074,剔除,-3.801169590643272,-2.1212121212121238
2025-06-16 00:00:00,301180.SZ,万祥科技,信息技术,54.241356,0.012,剔除,-1.881331403762665,9.619686800894844
2025-06-16 00:00:00,603301.SH,振德医疗,医疗保健,52.917208717200005,0.043,剔除,-1.822900694283991,3.687095166915788
2025-06-16 00:00:00,300737.SZ,科顺股份,材料,52.168512873000005,0.052,剔除,-1.673640167364021,0.0
2025-06-16 00:00:00,688298.SH,东方生物,医疗保健,51.87168,0.047,剔除,-3.5245594300712613,0.7020280811232293
2025-06-16 00:00:00,688383.SH,新益昌,工业,50.88295952,0.033,剔除,-2.752293577981657,3.458799593082418
2025-06-16 00:00:00,300894.SZ,火星人,可选消费,50.802277701,0.031,剔除,-5.748865355521938,-2.110389610389607
2025-06-16 00:00:00,603566.SH,普莱柯,医疗保健,48.9678116295,0.055,剔除,-2.583711565825031,-3.8405797101449424
2025-06-16 00:00:00,603439.SH,贵州三力,医疗保健,48.8894043688,0.038,剔除,-3.4008097165991735,-2.0050125313283207
2025-06-16 00:00:00,603719.SH,良品铺子,日常消费,48.6814,0.033,剔除,-4.858934169278983,-2.9975020815986686
2025-06-16 00:00:00,688066.SH,航天宏图,信息技术,46.84703907509999,0.058,剔除,-1.8072289156626509,0.8403361344537563
2025-06-16 00:00:00,688261.SH,东微半导,信息技术,46.6354683476,0.044,剔除,-3.8646122758272283,1.4926057877902243
2025-06-16 00:00:00,688598.SH,金博股份,工业,46.44592589,0.074,剔除,-7.14285714285714,0.13262599469494596
2025-06-16 00:00:00,300366.SZ,ST创意,信息技术,46.41881786,0.063,剔除,-6.372549019607843,1.0825439783491264
2025-06-16 00:00:00,603801.SH,志邦家居,可选消费,45.178341295500005,0.042,剔除,-1.051625239005749,-3.261366722301118
2025-06-16 00:00:00,001269.SZ,欧晶科技,工业,44.407595607999994,0.021,剔除,-4.942339373970361,-0.975609756097584
2025-06-16 00:00:00,301348.SZ,蓝箭电子,信息技术,43.64,0.041,剔除,-4.256252742430888,0.046168051708228575
2025-06-16 00:00:00,688331.SH,荣昌生物,医疗保健,369.72700740799996,,纳入,6.510797207338848,-3.1750924784216927
2025-06-16 00:00:00,300972.SZ,万辰集团,日常消费,329.8312370325,,纳入,-0.5912986872084081,-7.747473649896763
2025-06-16 00:00:00,300100.SZ,双林股份,可选消费,236.73421114600004,,纳入,-0.7525870178739402,6.931629997634259
2025-06-16 00:00:00,301611.SZ,珂玛科技,信息技术,228.246,,纳入,-0.5886821116596996,-6.515264333581539
2025-06-16 00:00:00,688709.SH,成都华微,信息技术,214.36270895159996,,纳入,2.935779816513717,-5.260029717682024
2025-06-16 00:00:00,603444.SH,吉比特,通讯服务,211.0444053795,,纳入,9.727320398531702,-0.8846153846153726
2025-06-16 00:00:00,301551.SZ,无线传媒,通讯服务,203.845096,,纳入,6.566290255123386,-5.661898045536972
2025-06-16 00:00:00,300718.SZ,长盛轴承,工业,203.76729846,,纳入,-3.0147895335608466,-4.238158087696153
2025-06-16 00:00:00,002487.SZ,大金重工,工业,195.9166000128,,纳入,5.061559507523938,-0.03274394237066103
2025-06-16 00:00:00,300468.SZ,四方精创,信息技术,194.64215407,,纳入,31.94244604316545,29.211645403990836
2025-06-16 00:00:00,300548.SZ,长芯博创,信息技术,181.66888642260002,,纳入,14.071637426900585,6.9446751952151775
2025-06-16 00:00:00,688536.SH,思瑞浦,信息技术,181.23965365919997,,纳入,-8.581365794930097,-7.4361820199777995
2025-06-16 00:00:00,002019.SZ,亿帆医药,医疗保健,175.2818112485,,纳入,6.740740740740736,-10.177595628415304
2025-06-16 00:00:00,603056.SH,德邦股份,工业,171.6349298004,,纳入,-5.805220773620734,-5.833333333333323
2025-06-16 00:00:00,603883.SH,老百姓,日常消费,171.1735320476,,纳入,3.874538745387457,2.2509578544061437
2025-06-16 00:00:00,603613.SH,国联股份,信息技术,169.2543322737,,纳入,-1.8796992481203145,-11.266412537060566
2025-06-16 00:00:00,603194.SH,中力股份,工业,169.1819,,纳入,-2.435552904989746,0.0711989473684227
2025-06-16 00:00:00,300953.SZ,震裕科技,工业,166.66005617169998,,纳入,-0.25955149501663,-8.040512608515925
2025-06-16 00:00:00,688567.SH,孚能科技,工业,163.8841309785,,纳入,-0.14892032762471308,-2.9739776951672736
2025-06-16 00:00:00,300276.SZ,三丰智能,工业,155.09545899300002,,纳入,-2.638522427440615,-4.800724637681164
2025-06-16 00:00:00,301061.SZ,匠心家居,可选消费,154.8747223928,,纳入,1.6711898300242778,-2.9346927528244637
2025-06-16 00:00:00,603009.SH,北特科技,可选消费,154.63875354240002,,纳入,-2.8085106382978786,-15.610810810810815
2025-06-16 00:00:00,002690.SZ,美亚光电,工业,154.57150524,,纳入,-1.848739495798335,-8.210984230560092
2025-06-16 00:00:00,600416.SH,湘电股份,工业,153.216985042,,纳入,-1.784197111299901,-2.5862068965517127
2025-06-16 00:00:00,603127.SH,昭衍新药,医疗保健,151.5443169348,,纳入,5.477308294209671,-5.4545454545454675
2025-06-16 00:00:00,603119.SH,浙江荣泰,可选消费,150.44375323999998,,纳入,-1.8975332068311035,-8.400638446928632
2025-06-16 00:00:00,002867.SZ,周大生,可选消费,149.92271305199998,,纳入,0.9864395625373223,-6.8085106382978715
2025-06-16 00:00:00,301091.SZ,深城交,工业,148.73352,,纳入,-1.978080727078324,-5.170329451569444
2025-06-16 00:00:00,001203.SZ,大中矿业,材料,148.540126418,,纳入,4.232804232804233,-1.3026052104208596
2025-06-16 00:00:00,603072.SH,天和磁材,材料,148.155368,,纳入,4.200743494423809,-9.65988779803646
2025-06-16 00:00:00,300009.SZ,安科生物,医疗保健,146.01110582340002,,纳入,-3.4292035398230003,-7.597765363128484
2025-06-16 00:00:00,002611.SZ,东方精工,工业,145.100531728,,纳入,-2.2149302707136997,-7.38589211618258
2025-06-16 00:00:00,603360.SH,百傲化学,材料,143.5752688582,,纳入,-0.2453385672227748,-3.2843137254901844
2025-06-16 00:00:00,001227.SZ,兰州银行,金融,142.9619989168,,纳入,2.4489795918367196,1.2145748987854255
2025-06-16 00:00:00,688005.SH,容百科技,材料,142.087423436,,纳入,4.686677198525535,3.499999999999992
2025-06-16 00:00:00,002368.SZ,太极股份,信息技术,142.03441007939998,,纳入,-7.5831305758313095,-5.859204197638834
2025-06-16 00:00:00,603193.SH,润本股份,日常消费,138.93734402760003,,纳入,-4.5846068352320195,-7.272220674282526
2025-06-16 00:00:00,002779.SZ,中坚科技,工业,138.41520000000003,,纳入,6.777989278518826,-2.28013029315961
2025-06-16 00:00:00,002268.SZ,电科网安,信息技术,135.8157266818,,纳入,-0.3722084367245748,8.14393939393938
2025-06-16 00:00:00,603456.SH,九洲药业,医疗保健,135.7177515248,,纳入,-1.558441558441559,-6.564545339515082
2025-06-16 00:00:00,301522.SZ,上大股份,材料,134.6901067874,,纳入,2.2297488004515698,-9.824561403508769
2025-06-16 00:00:00,002979.SZ,雷赛智能,工业,134.28522971549998,,纳入,-3.27941502326613,-5.154405086285186
2025-06-16 00:00:00,688165.SH,埃夫特-U,工业,132.688654,,纳入,4.008179959100211,-6.7704280155642005
2025-06-16 00:00:00,301109.SZ,军信股份,工业,129.13071645690002,,纳入,6.806526806526825,-7.542599342086698
2025-06-16 00:00:00,002408.SZ,齐翔腾达,材料,128.7808163937,,纳入,-2.1501574305389903,-2.192981766357893
2025-06-16 00:00:00,603667.SH,五洲新春,可选消费,128.18254095,,纳入,-3.099647091941693,-9.858757062146871
2025-06-16 00:00:00,002531.SZ,天顺风能,工业,127.578384718,,纳入,5.185185185185182,-0.2936857562408135
2025-06-16 00:00:00,300870.SZ,欧陆通,信息技术,120.92708528200001,,纳入,1.1768901569186863,-0.402504472271914
2025-06-16 00:00:00,600129.SH,太极集团,医疗保健,120.28840070400001,,纳入,-0.5982512655315242,-4.007285974499098
2025-06-16 00:00:00,002093.SZ,国脉科技,信息技术,118.17975,,纳入,-2.086811352253748,-6.454388984509474
2025-06-16 00:00:00,688584.SH,上海合晶,信息技术,116.58830344560002,,纳入,-2.5041736227044975,-0.754524201130824
2025-06-16 00:00:00,002557.SZ,洽洽食品,日常消费,116.4478433294,,纳入,-2.746092099704278,-2.6274010107636414
2025-06-16 00:00:00,001339.SZ,智微智能,信息技术,115.14756226599998,,纳入,-6.4115611642581065,-3.2804692591787976
2025-06-16 00:00:00,002881.SZ,美格智能,信息技术,114.53830674999998,,纳入,-6.5570269115762585,-2.905904059040576
2025-06-16 00:00:00,688306.SH,均普智能,工业,113.0020176,,纳入,-4.066736183524511,-5.742145178764913
2025-06-16 00:00:00,301602.SZ,超研股份,医疗保健,111.87970144560002,,纳入,0.03829950210647581,-7.615310084033611
2025-06-16 00:00:00,300008.SZ,天海防务,工业,109.55704703219997,,纳入,2.4232633279483107,-0.9360374414976613
2025-06-16 00:00:00,300184.SZ,力源信息,信息技术,108.0155158992,,纳入,-3.105590062111796,-3.4115138592750616
2025-06-16 00:00:00,002892.SZ,科力尔,工业,105.6603109674,,纳入,3.970678069639577,-2.623360399750163
2025-06-16 00:00:00,300493.SZ,润欣科技,信息技术,104.71908210209999,,纳入,-12.392795883361918,-3.149606299212593
2025-06-16 00:00:00,300925.SZ,法本信息,信息技术,104.60498258,,纳入,9.761583445793963,-2.791315906069991
2025-06-16 00:00:00,301622.SZ,英思特,材料,103.944523608,,纳入,26.889329181998313,-14.632305369851196
2025-06-16 00:00:00,002338.SZ,奥普光电,工业,103.464,,纳入,-1.7099863201094356,3.7696089908686448
2025-06-16 00:00:00,300102.SZ,乾照光电,信息技术,102.5251923382,,纳入,-5.432937181663833,-0.6266786034019645
2025-06-16 00:00:00,688390.SH,固德威,工业,99.67875340360001,,纳入,1.0078662733530086,0.3673769287288575
2025-06-16 00:00:00,688543.SH,国科军工,工业,99.0653288066,,纳入,3.2696949747641035,4.805876180482693
2025-06-16 00:00:00,301600.SZ,慧翰股份,可选消费,98.9419451,,纳入,-5.988678120965352,-4.367578729994825
2025-06-16 00:00:00,688516.SH,奥特维,工业,98.5105748576,,纳入,-4.410407361091817,3.382259093809825
2025-06-16 00:00:00,603508.SH,思维列控,信息技术,98.36878926600001,,纳入,-3.1183535968200116,-6.394913986537009
2025-06-16 00:00:00,301592.SZ,六九一二,信息技术,97.93,,纳入,1.8862428082441207,-1.5918135304150205
2025-06-16 00:00:00,301626.SZ,苏州天脉,信息技术,97.1712,,纳入,7.4443591711435,17.399901136925354
2025-06-16 00:00:00,688698.SH,伟创电气,工业,95.9009618138,,纳入,-1.9874702959602586,-7.158351409978325
2025-06-16 00:00:00,600789.SH,鲁抗医药,医疗保健,95.8880497344,,纳入,-3.8738738738738787,-6.30885122410546
2025-06-16 00:00:00,603099.SH,长白山,可选消费,94.801185,,纳入,-4.074473826227754,1.5304487303321457
2025-06-16 00:00:00,600746.SH,江苏索普,材料,93.31064643159999,,纳入,-3.8507821901323736,-6.08695652173914
2025-06-16 00:00:00,000612.SZ,焦作万方,材料,91.32247358040001,,纳入,-0.26041666666666297,-4.404145077720212
2025-06-16 00:00:00,688717.SH,艾罗能源,工业,91.2,,纳入,8.26210826210827,-5.279733234531292
2025-06-16 00:00:00,603698.SH,航天工程,工业,90.04632,,纳入,-3.2258064516129004,-3.8461538461538325
2025-06-16 00:00:00,688652.SH,京仪装备,信息技术,89.8464,,纳入,-2.2124702870725987,1.0923902980929379
2025-06-16 00:00:00,688003.SH,天准科技,工业,89.5376875,,纳入,-2.219873150105711,-3.5327264846120587
2025-06-16 00:00:00,603395.SH,红四方,材料,88.712,,纳入,0.7261932563928486,-5.4398148148148255
2025-06-16 00:00:00,301571.SZ,国科天成,信息技术,88.67228373360003,,纳入,2.2749043370508204,-7.776669990029905
2025-06-16 00:00:00,688252.SH,天德钰,信息技术,88.5531203265,,纳入,-7.793867120954012,5.737704918032782
2025-06-16 00:00:00,002149.SZ,西部材料,材料,88.4156050214,,纳入,-2.791196994095546,-9.24415443175639
2025-06-16 00:00:00,002947.SZ,恒铭达,信息技术,87.64921384559999,,纳入,2.333233622494757,-1.4438348252959865
2025-06-16 00:00:00,002045.SZ,国光电器,可选消费,87.6348719656,,纳入,-3.4097954122752627,-4.2838874680307
2025-06-16 00:00:00,300337.SZ,银邦股份,材料,87.041328,,纳入,4.129793510324498,-0.65420560747661
2025-06-16 00:00:00,688276.SH,百克生物,医疗保健,86.90946133980002,,纳入,-2.8663892741562447,-2.5310943206071634
2025-06-16 00:00:00,001356.SZ,富岭股份,可选消费,86.158584,,纳入,-2.076356329537843,-3.341031904761904
2025-06-16 00:00:00,301458.SZ,钧崴电子,信息技术,82.56001031999999,,纳入,0.5194805194805197,0.4854368932038833
2025-06-16 00:00:00,002073.SZ,软控股份,工业,79.4292962649,,纳入,-1.5170670037926715,-2.3017902813299296
2025-06-16 00:00:00,000544.SZ,中原环保,工业,79.2418488744,,纳入,-0.974421437271622,-1.7220172201722006
2025-06-16 00:00:00,605555.SH,德昌股份,可选消费,77.74893504,,纳入,-1.4164305949008638,-3.9330339540039505
2025-06-16 00:00:00,600975.SH,新五丰,日常消费,77.1910724196,,纳入,-0.4878048780487809,-2.922077922077926
2025-06-16 00:00:00,002791.SZ,坚朗五金,工业,76.58071681320001,,纳入,-2.959641255605383,-3.209302325581398
2025-06-16 00:00:00,301556.SZ,托普云农,信息技术,75.037872,,纳入,3.2019704433497553,-5.178326474622774
2025-06-16 00:00:00,300401.SZ,花园生物,医疗保健,74.455023114,,纳入,-6.035665294924564,-1.5850144092219187
2025-06-16 00:00:00,301631.SZ,壹连科技,信息技术,72.71115693200001,,纳入,-0.2508202233250434,-4.654354878961831
2025-06-16 00:00:00,002897.SZ,意华股份,工业,72.1476769728,,纳入,-4.6422159528084155,-0.32476319350474014
2025-06-16 00:00:00,603516.SH,淳中科技,信息技术,71.0886745638,,纳入,-2.707182320441992,-4.132465326917623
2025-05-12 00:00:00,001270.SZ,*ST铖昌,工业,80.22901476310001,0.054,剔除,14.83239394838327,-0.9439050701186891
2025-05-12 00:00:00,002214.SZ,*ST大立,信息技术,55.6692041615,0.06,剔除,16.270337922403,5.536723163841817
2025-05-12 00:00:00,000736.SZ,*ST中地,房地产,32.0505214029,0.023,剔除,9.718670076726333,2.8708133971291794
2025-05-12 00:00:00,300379.SZ,*ST东通,信息技术,30.127832712000004,0.036,剔除,29.807692307692314,-1.8416206261510082
2025-05-12 00:00:00,603398.SH,*ST沐邦,工业,25.107844239600002,0.035,剔除,-22.593582887700535,-17.898193760262735
2025-05-12 00:00:00,301377.SZ,鼎泰高科,工业,114.226,,纳入,5.013192612137196,0.8714596949891185
2025-05-12 00:00:00,603227.SH,雪峰科技,材料,104.4900371775,,纳入,0.5154639175257936,-5.25773195876289
2025-05-12 00:00:00,301215.SZ,中汽股份,工业,78.94728,,纳入,7.567567567567579,2.6755852842809125
2025-05-12 00:00:00,601089.SH,福元医药,医疗保健,76.224,,纳入,1.1464968152866462,1.2476606363069243
2025-05-12 00:00:00,000589.SZ,贵州轮胎,可选消费,72.00833446519998,,纳入,6.192660550458706,-0.6521739130434745
2025-04-14 00:00:00,601028.SH,玉龙股份(退市),材料,100.462205008,0.09,剔除,0.0,0.0
2025-04-14 00:00:00,301004.SZ,嘉益股份,可选消费,89.88849222,,纳入,15.079787234042552,2.9325513196481134
2025-03-17 00:00:00,000488.SZ,ST晨鸣,材料,60.88814334,0.04,剔除,4.020100502512558,0.0
2025-03-17 00:00:00,300360.SZ,炬华科技,工业,93.58205693199999,,纳入,3.8812785388127935,-4.255319148936154
2024-12-16 00:00:00,300339.SZ,润和软件,信息技术,462.55541645279993,0.748,剔除,0.9735744089012455,-7.148726376335257
2024-12-16 00:00:00,002085.SZ,万丰奥威,可选消费,407.46079408800006,0.39,剔除,2.0744680851063846,1.943277310924385
2024-12-16 00:00:00,300476.SZ,胜宏科技,信息技术,377.85762475800004,0.38,剔除,1.5063731170335881,2.4032959487297
2024-12-16 00:00:00,301308.SZ,江波龙,信息技术,366.31336525840004,0.169,剔除,-0.8779828905898235,4.166211044286494
2024-12-16 00:00:00,600685.SH,中船防务,工业,338.9588294444,0.156,剔除,-2.67857142857143,-0.9799918334013724
2024-12-16 00:00:00,600688.SH,上海石化,能源,328.797007,0.103,剔除,-2.8391167192428957,-2.5974025974025983
2024-12-16 00:00:00,601099.SH,太平洋,金融,316.277079568,0.487,剔除,-2.9288702928870425,-2.941176470588225
2024-12-16 00:00:00,688578.SH,艾力斯,医疗保健,284.22,0.213,剔除,6.50927487352444,-4.333643988816382
2024-12-16 00:00:00,688278.SH,特宝生物,医疗保健,282.15648,0.188,剔除,-1.3371266002844884,4.540763673890602
2024-12-16 00:00:00,301301.SZ,川宁生物,医疗保健,281.513024,0.137,剔除,-4.675716440422306,-1.549186676994574
2024-12-16 00:00:00,301498.SZ,乖宝宠物,日常消费,277.91091415,0.045,剔除,6.369621803705416,6.108402638371113
2024-12-16 00:00:00,600295.SH,鄂尔多斯,材料,273.4404400158,0.089,剔除,-4.682926829268286,-3.967446592065127
2024-12-16 00:00:00,600312.SH,平高电气,工业,246.82398610710004,0.221,剔除,-2.4664879356568137,5.944444444444441
2024-12-16 00:00:00,600007.SH,中国国贸,房地产,244.87038401539996,0.07,剔除,6.6228070175438525,1.749893299189087
2024-12-16 00:00:00,601001.SH,晋控煤业,能源,236.49381,0.182,剔除,-3.615279672578442,-4.921540656205414
2024-12-16 00:00:00,000426.SZ,兴业银锡,材料,231.1877732178,0.258,剔除,-1.5873015873015928,-0.3058103975535298
2024-12-16 00:00:00,002318.SZ,久立特材,材料,230.319138704,0.26,剔除,-6.616481774960381,-1.8836333193805066
2024-12-16 00:00:00,000034.SZ,神州数码,信息技术,224.043480619,0.247,剔除,-4.889141557703236,4.249706916764362
2024-12-16 00:00:00,603129.SH,春风动力,可选消费,219.3490535555,0.205,剔除,-1.7633095964733836,1.9437270626614156
2024-12-16 00:00:00,600720.SH,中交设计,信息技术,208.34927730200002,0.101,剔除,-3.506907545164717,-3.883495145631055
2024-12-16 00:00:00,300140.SZ,节能环境,工业,203.9186096528,0.028,剔除,-2.6627218934911268,-0.9049773755656076
2024-12-16 00:00:00,601918.SH,新集能源,能源,196.62212262,0.183,剔除,-4.045512010113772,-7.832898172323766
2024-12-16 00:00:00,603556.SH,海兴电力,信息技术,175.290965148,0.113,剔除,-4.65178096757043,1.9629837352776347
2024-12-16 00:00:00,000403.SZ,派林生物,医疗保健,154.0374841691,0.147,剔除,-2.813653136531369,-2.6758483687321477
2024-12-16 00:00:00,300573.SZ,兴齐眼药,医疗保健,141.74159097359998,0.157,剔除,-3.149323434319251,-7.48485208506594
2024-12-16 00:00:00,600340.SH,华夏幸福,房地产,133.8492356964,0.105,剔除,-6.301369863013706,-9.064327485380119
2024-12-16 00:00:00,000016.SZ,深康佳A,可选消费,122.08283218560001,0.087,剔除,-0.39292730844793233,7.499999999999996
2024-12-16 00:00:00,002287.SZ,奇正藏药,医疗保健,118.54678945719999,0.024,剔除,-0.04470272686634136,-0.4034065441505974
2024-12-16 00:00:00,600811.SH,*ST东方(退市),日常消费,111.5917205175,0.121,剔除,-7.575757575757569,-5.519480519480513
2024-12-16 00:00:00,688161.SH,威高骨科,医疗保健,108.88,0.023,剔除,-3.511268665056111,-4.5782263878875185
2024-12-16 00:00:00,600797.SH,浙大网新,信息技术,89.4976105842,0.112,剔除,9.97474747474747,-5.875440658049358
2024-12-16 00:00:00,002467.SZ,二六三,信息技术,88.43641143389999,0.175,剔除,-10.320781032078107,-8.184523809523803
2024-12-16 00:00:00,300671.SZ,富满微,信息技术,87.0897892,0.091,剔除,6.382978723404253,17.099567099567103
2024-12-16 00:00:00,688800.SH,瑞可达,信息技术,83.96253269,0.059,剔除,29.83831455169035,21.14695340501791
2024-12-16 00:00:00,300953.SZ,震裕科技,工业,79.0462337696,0.055,剔除,1.0190399570930486,-3.1429666538903778
2024-12-16 00:00:00,688368.SH,晶丰明源,信息技术,78.78034359000002,0.05,剔除,-7.601977750309019,0.8463541666666741
2024-12-16 00:00:00,300382.SZ,斯莱克,工业,75.736775439,0.064,剔除,-2.1121039805036546,12.844036697247695
2024-12-16 00:00:00,300203.SZ,聚光科技,信息技术,75.6122856,0.097,剔除,-3.7142857142857033,-4.852071005917158
2024-12-16 00:00:00,600400.SH,红豆股份,可选消费,75.5572139308,0.046,剔除,2.492211838006231,-13.496932515337434
2024-12-16 00:00:00,300206.SZ,理邦仪器,医疗保健,75.1584625032,0.055,剔除,-2.0470053070508087,-1.9032513877874635
2024-12-16 00:00:00,300860.SZ,锋尚文化,通讯服务,74.38685123280001,0.023,剔除,41.05720492396816,-6.681391496410837
2024-12-16 00:00:00,300143.SZ,盈康生命,医疗保健,74.3314091934,0.058,剔除,-1.4910536779323968,-3.688524590163933
2024-12-16 00:00:00,603906.SH,龙蟠科技,材料,73.02566354940001,0.068,剔除,-9.62962962962962,-2.894736842105272
2024-12-16 00:00:00,300267.SZ,尔康制药,医疗保健,71.366128502,0.061,剔除,-3.6211699164345412,-6.104651162790697
2024-12-16 00:00:00,300343.SZ,ST联创,材料,70.9795495016,0.114,剔除,-7.905686546463242,-3.587443946188329
2024-12-16 00:00:00,688158.SH,优刻得-W,信息技术,70.8640706684,0.082,剔除,3.0982201713908974,5.649350649350637
2024-12-16 00:00:00,603071.SH,物产环能,能源,70.860214134,0.033,剔除,-1.1673151750972832,-0.7171314741035828
2024-12-16 00:00:00,300369.SZ,绿盟科技,信息技术,69.6997035544,0.075,剔除,0.5767012687427853,-2.768166089965396
2024-12-16 00:00:00,603170.SH,宝立食品,日常消费,68.161704,0.041,剔除,6.499999999999995,-3.9742840444184857
2024-12-16 00:00:00,002961.SZ,瑞达期货,金融,67.91155144760002,0.032,剔除,-2.4296675191815886,-4.970948999354419
2024-12-16 00:00:00,300263.SZ,隆华科技,工业,67.735674937,0.083,剔除,-0.5312084993359889,3.293807641633717
2024-12-16 00:00:00,002283.SZ,天润工业,可选消费,67.68375637320001,0.063,剔除,2.413793103448292,-7.520000000000005
2024-12-16 00:00:00,688031.SH,星环科技-U,信息技术,66.704821536,0.051,剔除,-7.984664110685113,2.2080291970802968
2024-12-16 00:00:00,600496.SH,精工钢构,工业,66.0226358392,0.078,剔除,-1.5015015015014899,-6.060606060606045
2024-12-16 00:00:00,300065.SZ,海兰信,信息技术,65.99729647480001,0.103,剔除,-5.274043433298859,-3.6958817317846004
2024-12-16 00:00:00,688518.SH,联赢激光,工业,65.55410482950002,0.103,剔除,-7.421686746987943,-6.569343065693422
2024-12-16 00:00:00,600491.SH,龙元建设,工业,65.167688883,0.064,剔除,2.650602409638547,-3.0732860520094607
2024-12-16 00:00:00,600691.SH,潞化科技,材料,63.438718118400004,0.044,剔除,-4.301075268817211,-10.074626865671643
2024-12-16 00:00:00,002782.SZ,可立克,信息技术,61.89686227280001,0.039,剔除,-2.786377708978327,3.9308176100628867
2024-12-16 00:00:00,603098.SH,森特股份,工业,61.0940375096,0.036,剔除,2.5362318840579823,-7.570422535211263
2024-12-16 00:00:00,600391.SH,航发科技,工业,60.90886821149999,0.068,剔除,-1.547491995731054,-0.3759398496240518
2024-12-16 00:00:00,601011.SH,宝泰隆,能源,60.7265658863,0.056,剔除,2.9220779220779036,-3.691275167785235
2024-12-16 00:00:00,600610.SH,中毅达,材料,58.705848354000004,0.04,剔除,-2.8368794326240954,-9.818181818181825
2024-12-16 00:00:00,688046.SH,药康生物,医疗保健,57.81,0.035,剔除,-4.986522911051228,-1.5580736543909235
2024-12-16 00:00:00,002646.SZ,天佑德酒,日常消费,57.695755987800005,0.049,剔除,11.660447761194037,-9.001636661211144
2024-12-16 00:00:00,688508.SH,芯朋微,信息技术,57.5401936172,0.065,剔除,-2.988709320345362,0.6767081423269872
2024-12-16 00:00:00,688339.SH,亿华通-U,工业,57.4033856718,0.061,剔除,-7.881040892193303,-1.7857142857142794
2024-12-16 00:00:00,001338.SZ,永顺泰,日常消费,57.0467958258,0.043,剔除,2.989130434782594,-3.8593481989708356
2024-12-16 00:00:00,300587.SZ,天铁科技,材料,57.0342116733,0.059,剔除,0.2049180327868827,-1.0504201680672232
2024-12-16 00:00:00,002746.SZ,仙坛股份,日常消费,56.021071127700004,0.05,剔除,2.358490566037741,-6.422018348623859
2024-12-16 00:00:00,603666.SH,亿嘉和,工业,55.7938184832,0.048,剔除,-2.630630630630626,-4.999999999999993
2024-12-16 00:00:00,603936.SH,博敏电子,信息技术,55.7271835536,0.069,剔除,0.22675736961448312,3.251121076233199
2024-12-16 00:00:00,002135.SZ,东南网架,工业,55.10643146580001,0.05,剔除,-0.8032128514056103,-7.028112449799195
2024-12-16 00:00:00,688239.SH,航宇科技,工业,54.96801883679999,0.064,剔除,-4.7667862634546365,-3.682572614107882
2024-12-16 00:00:00,301080.SZ,百普赛斯,医疗保健,54.78,0.049,剔除,-2.602944314060174,-3.487868284228768
2024-12-16 00:00:00,002250.SZ,联化科技,材料,53.4952539679,0.069,剔除,-5.475040257648933,-6.000000000000005
2024-12-16 00:00:00,688173.SH,希荻微,信息技术,52.642658043199994,0.035,剔除,-3.7509377344336126,1.6018306636155666
2024-12-16 00:00:00,603113.SH,金能科技,能源,52.1490526125,0.04,剔除,-1.9138755980861122,-6.655844155844159
2024-12-16 00:00:00,002453.SZ,华软科技,材料,51.91025935139999,0.053,剔除,-0.9302325581395321,-13.432835820895528
2024-12-16 00:00:00,600225.SH,退市卓朗(退市),信息技术,51.8531943176,0.029,剔除,16.030534351145032,-5.263157894736848
2024-12-16 00:00:00,603718.SH,海利生物,医疗保健,51.64515,0.042,剔除,-4.0342298288508776,-7.549504950495056
2024-12-16 00:00:00,300233.SZ,金城医药,医疗保健,51.055320071000004,0.063,剔除,-1.7725258493352936,-4.729729729729726
2024-12-16 00:00:00,300332.SZ,天壕能源,公用事业,50.868743183999996,0.068,剔除,-5.769230769230771,-4.690117252931314
2024-12-16 00:00:00,603212.SH,赛伍技术,工业,50.4426703308,0.05,剔除,-4.473902236951133,-3.839590443686014
2024-12-16 00:00:00,688023.SH,安恒信息,信息技术,50.277109873600004,0.057,剔除,-5.29763051435177,-4.297260003942438
2024-12-16 00:00:00,688381.SH,帝奥微,信息技术,50.1684227004,0.04,剔除,-1.7450315075133283,1.9951338199513557
2024-12-16 00:00:00,002549.SZ,凯美特气,材料,49.3001661809,0.038,剔除,-2.3415977961432466,-3.4867503486750384
2024-12-16 00:00:00,300887.SZ,谱尼测试,工业,48.572495464000006,0.031,剔除,-8.247422680412363,-1.2114537444933737
2024-12-16 00:00:00,688152.SH,麒麟信安,信息技术,48.13293002070001,0.034,剔除,-7.434887946698976,0.5078636959370941
2024-12-16 00:00:00,603187.SH,海容冷链,工业,47.374825590200004,0.047,剔除,5.507745266781416,-3.679476696647588
2024-12-16 00:00:00,300358.SZ,楚天科技,工业,46.8110864234,0.052,剔除,-5.256869772998796,-5.36828963795255
2024-12-16 00:00:00,688202.SH,美迪西,医疗保健,46.69115752940001,0.047,剔除,-8.158940397350989,-6.3143254520167
2024-12-16 00:00:00,603896.SH,寿仙谷,医疗保健,46.1709884728,0.049,剔除,2.7802294792586,-5.565068493150682
2024-12-16 00:00:00,603595.SH,东尼电子,信息技术,45.9306036176,0.041,剔除,6.522911051212943,-7.215992198927356
2024-12-16 00:00:00,603938.SH,三孚股份,材料,45.8384147406,0.029,剔除,-2.2838499184339223,-3.6363636363636265
2024-12-16 00:00:00,603105.SH,芯能科技,公用事业,45.8004911592,0.042,剔除,0.0,0.6622516556291203
2024-12-16 00:00:00,301089.SZ,拓新药业,医疗保健,41.506595999999995,0.032,剔除,-3.784100909357613,-6.928895612708008
2024-12-16 00:00:00,688711.SH,宏微科技,信息技术,40.44799515,0.054,剔除,-6.080079090459711,1.4826175869120828
2024-12-16 00:00:00,688033.SH,天宜新材,工业,38.1170648088,0.047,剔除,-3.142857142857136,-6.432748538011679
2024-12-16 00:00:00,688680.SH,海优新材,工业,30.398545263599996,0.037,剔除,-6.220839813374813,0.33250207813799726
2024-12-16 00:00:00,688347.SH,华虹公司,信息技术,831.71301246,,纳入,-2.1035598705501646,-2.62741999209799
2024-12-16 00:00:00,688702.SH,盛科通信-U,信息技术,321.23499999999996,,纳入,8.78922521521799,29.220779220779235
2024-12-16 00:00:00,600171.SH,上海贝岭,信息技术,290.3749849088,,纳入,7.506561679790025,3.7142857142857144
2024-12-16 00:00:00,600548.SH,深高速,工业,272.3782137174,,纳入,0.7258064516129092,2.5619834710743694
2024-12-16 00:00:00,301536.SZ,星宸科技,信息技术,225.68816,,纳入,15.046147241897412,27.836098882492365
2024-12-16 00:00:00,600827.SH,百联股份,可选消费,220.88001288460003,,纳入,10.142348754448394,-7.9378068739770935
2024-12-16 00:00:00,603662.SH,柯力传感,信息技术,207.582996962,,纳入,1.2084592145015227,-6.967741935483874
2024-12-16 00:00:00,300296.SZ,利亚德,信息技术,207.41047323,,纳入,36.439267886855234,-1.985111662531025
2024-12-16 00:00:00,000099.SZ,中信海直,工业,206.4324334557,,纳入,0.2259887005649608,-4.001482030381609
2024-12-16 00:00:00,688582.SH,芯动联科,信息技术,206.39241728,,纳入,2.9576338928857027,-2.5747822794396025
2024-12-16 00:00:00,002936.SZ,郑州银行,金融,202.7536372834,,纳入,0.0,-4.910714285714302
2024-12-16 00:00:00,001389.SZ,广合科技,信息技术,197.4505395,,纳入,10.128083491461105,22.814498933901927
2024-12-16 00:00:00,300776.SZ,帝尔激光,信息技术,186.245947118,,纳入,-3.5224218418446585,-7.385962434684368
2024-12-16 00:00:00,300779.SZ,惠城环保,工业,182.31972774,,纳入,6.921131294550453,-1.9371727748691003
2024-12-16 00:00:00,002506.SZ,协鑫集成,工业,175.50949281,,纳入,-1.6393442622950838,-6.514657980456018
2024-12-16 00:00:00,300253.SZ,卫宁健康,信息技术,172.94311939029998,,纳入,-1.7391304347826209,-0.37735849056603765
2024-12-16 00:00:00,301029.SZ,怡合达,信息技术,172.50313766399998,,纳入,1.0776662950575888,-7.592722183344991
2024-12-16 00:00:00,300088.SZ,长信科技,信息技术,169.88078820200002,,纳入,-1.0014306151645225,-0.5617977528090012
2024-12-16 00:00:00,301297.SZ,富乐德,信息技术,168.822771,,纳入,6.26198083067091,3.0582922824302194
2024-12-16 00:00:00,002399.SZ,海普瑞,医疗保健,165.65774143160002,,纳入,-3.339041095890416,0.9830205540661385
2024-12-16 00:00:00,301589.SZ,诺瓦星云,信息技术,165.112128,,纳入,3.4103410341034035,-3.1396413377133947
2024-12-16 00:00:00,688631.SH,莱斯信息,信息技术,164.957577,,纳入,5.005202913631646,-9.980806142034549
2024-12-16 00:00:00,600388.SH,龙净环保,工业,161.2315799238,,纳入,2.0061728395061706,-3.3783783783783994
2024-12-16 00:00:00,000620.SZ,盈新发展,房地产,160.300550592,,纳入,17.67241379310345,-15.331010452961669
2024-12-16 00:00:00,688629.SH,华丰科技,信息技术,159.7340159415,,纳入,0.028868360277134464,1.9375361480624687
2024-12-16 00:00:00,603317.SH,天味食品,日常消费,155.92826744159998,,纳入,5.323741007194238,-3.8152610441766988
2024-12-16 00:00:00,300438.SZ,鹏辉能源,工业,155.130423552,,纳入,-7.4752326628640064,-4.2391648212591
2024-12-16 00:00:00,605296.SH,神农集团,日常消费,154.302669528,,纳入,1.6597510373443702,0.6811989100817373
2024-12-16 00:00:00,000156.SZ,华数传媒,通讯服务,153.9786859302,,纳入,6.675224646983313,-6.547619047619058
2024-12-16 00:00:00,603305.SH,旭升集团,可选消费,151.18081914599998,,纳入,5.46875,-3.7174721189591198
2024-12-16 00:00:00,301606.SZ,绿联科技,信息技术,148.9111293734,,纳入,-0.5817174515235557,9.351145038167918
2024-12-16 00:00:00,002497.SZ,雅化集团,材料,148.10428382,,纳入,1.7418844022169422,-6.161841128433543
2024-12-16 00:00:00,600967.SH,内蒙一机,工业,147.20523869550001,,纳入,-1.480637813211838,-3.833145434047336
2024-12-16 00:00:00,601827.SH,三峰环境,工业,146.12697042,,纳入,-0.9070294784580435,-3.3029612756264037
2024-12-16 00:00:00,688548.SH,广钢气体,材料,145.9254764226,,纳入,5.635148042024829,-2.2687609075043746
2024-12-16 00:00:00,688549.SH,中巨芯-U,信息技术,145.3639584,,纳入,0.0,1.604814443330005
2024-12-16 00:00:00,300682.SZ,朗新集团,信息技术,144.2700612132,,纳入,-2.2794117647058854,-2.440828402366857
2024-12-16 00:00:00,000089.SZ,深圳机场,工业,143.7589425809,,纳入,-2.0949720670391137,-1.5691868758915706
2024-12-16 00:00:00,000680.SZ,山推股份,工业,141.9309731752,,纳入,-6.336633663366332,-2.9682702149436913
2024-12-16 00:00:00,688200.SH,华峰测控,信息技术,140.992443507,,纳入,-3.5575319622012325,1.6079923882017066
2024-12-16 00:00:00,603337.SH,杰克科技,工业,140.2900884264,,纳入,-3.4895314057826643,-1.5688949522510431
2024-12-16 00:00:00,601900.SH,南方传媒,通讯服务,140.204682579,,纳入,-0.8866371120962557,-4.290220820189283
2024-12-16 00:00:00,603218.SH,日月股份,工业,138.215897775,,纳入,1.9771863117870714,-8.147080028839216
2024-12-16 00:00:00,300568.SZ,星源材质,材料,137.921680819,,纳入,-7.058823529411773,-3.61216730038022
2024-12-16 00:00:00,688029.SH,南微医学,医疗保健,132.71420364300002,,纳入,-0.9810791871058044,-2.055180180180194
2024-12-16 00:00:00,603355.SH,莱克电气,可选消费,131.162214983,,纳入,-1.3799051315222077,0.8787346221441172
2024-12-16 00:00:00,600315.SH,上海家化,日常消费,126.98348762200001,,纳入,7.512805919180421,-4.205607476635532
2024-12-16 00:00:00,600399.SH,抚顺特钢,材料,125.42556,,纳入,-2.304147465437778,-5.614567526555392
2024-12-16 00:00:00,300580.SZ,贝斯特,可选消费,125.28763191200001,,纳入,-3.5357417371252864,-1.9921874999999978
2024-12-16 00:00:00,688522.SH,纳睿雷达,工业,125.15637456,,纳入,5.0909090909091015,-6.833333333333336
2024-12-16 00:00:00,002755.SZ,奥赛康,医疗保健,124.18785496379999,,纳入,-3.1136857349746583,-4.424778761061954
2024-12-16 00:00:00,600759.SH,洲际油气,能源,121.151070976,,纳入,-3.630363036303619,-5.762711864406789
2024-12-16 00:00:00,688107.SH,安路科技,信息技术,120.37506491010001,,纳入,0.7718120805369155,6.266233766233764
2024-12-16 00:00:00,002668.SZ,TCL智家,可选消费,119.9027239368,,纳入,-0.8071748878923812,9.469026548672543
2024-12-16 00:00:00,688006.SH,杭可科技,工业,119.40635166560001,,纳入,-4.490584258812169,-4.1584158415841515
2024-12-16 00:00:00,688766.SH,普冉股份,信息技术,118.97992745100001,,纳入,18.839662447257368,0.5021056041464078
2024-12-16 00:00:00,300641.SZ,正丹股份,材料,118.788157806,,纳入,-0.9769094138543433,-1.3268465280849129
2024-12-16 00:00:00,600866.SH,星湖科技,日常消费,118.2968502592,,纳入,2.152080344332852,-6.910569105691056
2024-12-16 00:00:00,601020.SH,华钰矿业,材料,115.7790153576,,纳入,-6.921555702043525,-5.425824175824189
2024-12-16 00:00:00,002654.SZ,万润科技,通讯服务,115.46832751040002,,纳入,-2.7065527065527006,-4.929577464788737
2024-12-16 00:00:00,300913.SZ,兆龙互连,信息技术,115.40114782559999,,纳入,31.46067415730338,39.5411605937922
2024-12-16 00:00:00,300357.SZ,我武生物,医疗保健,114.926688,,纳入,-3.3039647577092546,-2.123813827383636
2024-12-16 00:00:00,300181.SZ,佐力药业,医疗保健,114.606690539,,纳入,-0.9696969696969759,-0.7807807807807876
2024-12-16 00:00:00,688779.SH,五矿新能,材料,112.2805136154,,纳入,-2.6755852842809347,-4.054054054054057
2024-12-16 00:00:00,002518.SZ,科士达,工业,111.3796604822,,纳入,0.6312467122566945,-0.10198878123406363
2024-12-16 00:00:00,300657.SZ,弘信电子,信息技术,111.35749276799999,,纳入,8.365019011406849,4.9409707039790085
2024-12-16 00:00:00,300492.SZ,华图山鼎,工业,110.633095125,,纳入,0.7033248081841359,-4.209876543209868
2024-12-16 00:00:00,002716.SZ,湖南白银,材料,110.10045719399997,,纳入,-0.2557544757033292,-8.148148148148138
2024-12-16 00:00:00,000930.SZ,中粮科技,材料,110.0955834848,,纳入,-1.3333333333333308,-3.5058430717863076
2024-12-16 00:00:00,688063.SH,派能科技,工业,110.04362317650002,,纳入,-2.1810250817884347,-3.608360836083624
2024-12-16 00:00:00,600894.SH,广日股份,工业,110.01879711049999,,纳入,-4.621212121212115,-1.0093167701863415
2024-12-16 00:00:00,600640.SH,国脉文化,信息技术,109.96517890800001,,纳入,-4.027777777777775,-4.198210598761176
2024-12-16 00:00:00,688612.SH,威迈斯,可选消费,109.1541869206,,纳入,-7.060931899641565,-11.151339608979004
2024-12-16 00:00:00,300861.SZ,美畅股份,材料,109.0587264,,纳入,-6.038047973531857,-5.393457117595057
2024-12-16 00:00:00,600133.SH,东湖高新,工业,108.75646725,,纳入,-4.939422180801511,-5.208333333333326
2024-12-16 00:00:00,688443.SH,智翔金泰-U,医疗保健,103.513764,,纳入,-4.044867437117617,-1.112307140294233
2024-12-16 00:00:00,600664.SH,哈药股份,医疗保健,102.7552029408,,纳入,2.0000000000000018,-2.2332506203473934
2024-12-16 00:00:00,600114.SH,东睦股份,工业,101.7649120527,,纳入,-5.76484018264839,-2.0624631703005214
2024-12-16 00:00:00,600186.SH,莲花控股,日常消费,100.1371254678,,纳入,-1.7605633802816878,-8.477508650519027
2024-12-16 00:00:00,301565.SZ,中仑新材,材料,99.042476,,纳入,-4.253673627223497,-4.75998386446147
2024-12-16 00:00:00,600094.SH,大名城,房地产,98.7654697743,,纳入,2.3076923076923217,-1.7199017199017175
2024-12-16 00:00:00,600020.SH,中原高速,工业,97.53593750879999,,纳入,0.6960556844547439,0.0
2024-12-16 00:00:00,603619.SH,中曼石油,能源,93.2999014298,,纳入,-4.133016627078401,-3.1920199501246915
2024-12-16 00:00:00,002326.SZ,永太科技,材料,91.79975886400001,,纳入,-3.6893203883495262,-4.059405940594052
2024-12-16 00:00:00,002588.SZ,史丹利,材料,91.460223212,,纳入,3.2509752925877544,-3.3419023136246895
2024-12-16 00:00:00,601500.SH,通用股份,可选消费,89.01148116,,纳入,7.692307692307687,3.5315985130111693
2024-12-16 00:00:00,688523.SH,航天环宇,工业,88.943968,,纳入,-2.1047917599641752,-2.878992352676557
2024-12-16 00:00:00,688150.SH,莱特光电,材料,88.53626870000002,,纳入,-2.0480854853072272,1.6378928729526399
2024-12-16 00:00:00,301508.SZ,中机认检,工业,87.33671276,,纳入,2.575677110993113,-2.4042272126816533
2024-12-16 00:00:00,000899.SZ,赣能股份,公用事业,86.152346208,,纳入,-1.5607580824972156,7.061503416856496
2024-12-16 00:00:00,300926.SZ,博俊科技,可选消费,85.80783379600001,,纳入,-3.985507246376807,-1.0707635009311045
2024-12-16 00:00:00,605116.SH,奥锐特,医疗保健,83.7167895,,纳入,-3.871268656716431,-1.1786892975011787
2024-12-16 00:00:00,605577.SH,龙版传媒,通讯服务,83.377777882,,纳入,9.900410076157007,-7.923033389926437
2024-12-16 00:00:00,688348.SH,昱能科技,工业,82.9051792675,,纳入,-2.624816446402345,-0.8995215311004778
2024-12-16 00:00:00,605368.SH,蓝天燃气,公用事业,82.5390783138,,纳入,-0.17167381974247942,-2.0779220779220675
2024-12-16 00:00:00,603496.SH,恒为科技,信息技术,79.5399759612,,纳入,-2.089081592432007,2.0039292730845037
2024-12-16 00:00:00,603219.SH,富佳股份,可选消费,78.20302,,纳入,-4.063360881542688,3.5211267605633756
2024-12-16 00:00:00,002327.SZ,富安娜,可选消费,77.83577161919999,,纳入,2.9966703662597016,-4.665959703075284
2024-12-16 00:00:00,002833.SZ,弘亚数控,工业,75.00394798,,纳入,-4.535637149028071,-2.7450980392156987
2024-12-16 00:00:00,600987.SH,航民股份,可选消费,74.8260233909,,纳入,0.1366120218579292,-6.199460916442057
2024-09-18 00:00:00,600711.SH,盛屯矿业,工业,107.41982323200001,0.253,剔除,-1.7142857142857126,7.163323782234965
2024-09-18 00:00:00,301500.SZ,飞南资源,工业,63.801595,,纳入,-4.146634615384626,6.3112745098039325
2024-08-26 00:00:00,600297.SH,广汇汽车(退市),可选消费,64.7129440542,0.062,剔除,0.0,0.0
2024-08-26 00:00:00,688300.SH,联瑞新材,材料,79.5919600335,,纳入,1.6607354685646447,9.852941176470598
2024-08-07 00:00:00,000982.SZ,中银绒业(退市),材料,7.671378695399999,0.015,剔除,0.0,0.0
2024-08-07 00:00:00,688332.SH,中科蓝讯,信息技术,62.7993405,,纳入,0.09587727708533222,3.84021613276726
2024-06-17 00:00:00,000921.SZ,海信家电,可选消费,523.378248701,0.339,剔除,-2.882882882882898,-2.542595019659244
2024-06-17 00:00:00,601567.SH,三星医疗,工业,475.9968057782999,0.43,剔除,-1.2876792508048185,3.9601893677593036
2024-06-17 00:00:00,300765.SZ,新诺威,医疗保健,411.40527329760005,0.237,剔除,-3.460777851021757,-5.5555555555555465
2024-06-17 00:00:00,600612.SH,老凤祥,可选消费,331.60435059959997,0.171,剔除,-12.842018424309076,-12.593024952575526
2024-06-17 00:00:00,603979.SH,金诚信,材料,311.853720095,0.369,剔除,-6.238395841069444,-0.8852963818321902
2024-06-17 00:00:00,301358.SZ,湖南裕能,材料,300.023666334,0.098,剔除,1.4077297158945346,-6.669972725018591
2024-06-17 00:00:00,688617.SH,惠泰医疗,医疗保健,297.4594911573,0.414,剔除,-0.3873539026465478,-1.6485977958964337
2024-06-17 00:00:00,600483.SH,福能股份,公用事业,285.527929346,0.196,剔除,-2.1071115013169495,0.17452006980802626
2024-06-17 00:00:00,603087.SH,甘李药业,医疗保健,284.067826875,0.259,剔除,0.0,8.704892845527734
2024-06-17 00:00:00,601019.SH,山东出版,通讯服务,266.91451,0.141,剔除,-0.26112897112184896,-3.798449612403121
2024-06-17 00:00:00,603298.SH,杭叉集团,工业,263.9271278735,0.188,剔除,-2.7040077257363793,-0.747756729810567
2024-06-17 00:00:00,002984.SZ,森麒麟,可选消费,256.498374701,0.185,剔除,-0.5976095617530097,0.6326611308817842
2024-06-17 00:00:00,600098.SH,广州发展,公用事业,228.2972830908,0.126,剔除,-5.102040816326547,-2.3845007451564926
2024-06-17 00:00:00,300054.SZ,鼎龙股份,信息技术,216.8371067801,0.304,剔除,-0.043252595155729434,-1.0398613518197597
2024-06-17 00:00:00,601212.SH,白银有色,材料,212.5170284657,0.166,剔除,-6.514657980456018,-3.7288135593220417
2024-06-17 00:00:00,600578.SH,京能电力,公用事业,212.21948617549998,0.121,剔除,-9.169054441260748,-4.20420420420421
2024-06-17 00:00:00,603179.SH,新泉股份,可选消费,205.836506304,0.267,剔除,-1.7674418604651132,-4.576659038901598
2024-06-17 00:00:00,600872.SH,中炬高新,日常消费,205.7684989,0.298,剔除,-1.946107784431117,-6.171904581597865
2024-06-17 00:00:00,688213.SH,思特威-W,信息技术,200.925023,0.162,剔除,3.9528145695364225,-0.9712586719524352
2024-06-17 00:00:00,301267.SZ,华厦眼科,医疗保健,198.072,0.04,剔除,-2.2388059701492713,-9.395424836601308
2024-06-17 00:00:00,002436.SZ,兴森科技,信息技术,192.44504613380002,0.361,剔除,0.7964601769911539,-6.887532693984322
2024-06-17 00:00:00,603728.SH,鸣志电器,工业,188.5256208,0.148,剔除,-5.615141955835945,-9.6459932799692
2024-06-17 00:00:00,601399.SH,国机重装,工业,188.27380872899997,0.151,剔除,-9.688581314878897,-2.2556390977443663
2024-06-17 00:00:00,301165.SZ,锐捷网络,信息技术,185.68181812240002,0.037,剔除,7.641633728590258,-4.281345565749239
2024-06-17 00:00:00,000032.SZ,深桑达A,信息技术,183.21143667400003,0.128,剔除,5.228758169934644,-4.601990049751226
2024-06-17 00:00:00,601965.SH,中国汽研,可选消费,177.58156659899998,0.139,剔除,-4.889844169801172,-2.3013698630137136
2024-06-17 00:00:00,300567.SZ,精测电子,信息技术,175.37461406399999,0.215,剔除,9.045313040470425,0.3372112628561741
2024-06-17 00:00:00,300803.SZ,指南针,信息技术,173.4865158558,0.187,剔除,2.9361805387041917,-6.170849643103837
2024-06-17 00:00:00,300002.SZ,神州泰岳,信息技术,171.9877669968,0.298,剔除,1.504629629629628,-9.021739130434792
2024-06-17 00:00:00,000818.SZ,航锦科技,材料,163.2011868,0.244,剔除,-3.6101083032490933,-4.284559417946632
2024-06-17 00:00:00,600361.SH,创新新材,材料,160.0055157222,0.062,剔除,-5.626598465473165,-4.01069518716578
2024-06-17 00:00:00,601858.SH,中国科传,通讯服务,159.44385000000003,0.091,剔除,-2.039825157843611,-6.129343629343631
2024-06-17 00:00:00,688017.SH,绿的谐波,工业,158.41690018559999,0.209,剔除,-13.27806207705029,-12.957378367511064
2024-06-17 00:00:00,002261.SZ,拓维信息,信息技术,150.7846424322,0.216,剔除,5.526315789473668,-2.052545155993435
2024-06-17 00:00:00,688198.SH,佰仁医疗,医疗保健,143.408202,0.082,剔除,-2.6786541848178635,-2.3067391097130963
2024-06-17 00:00:00,301200.SZ,大族数控,信息技术,141.20399999999998,0.026,剔除,4.637410519763452,-4.629629629629628
2024-06-17 00:00:00,301286.SZ,侨源股份,材料,119.14978,0.022,剔除,-0.10063737001005935,-6.785832505792799
2024-06-17 00:00:00,601330.SH,绿色动力,工业,85.97596162219999,0.049,剔除,-5.368098159509183,-1.9230769230769273
2024-06-17 00:00:00,600955.SH,维远股份,材料,85.14,0.067,剔除,-5.321100917431187,-3.1928480204342247
2024-06-17 00:00:00,600876.SH,凯盛新能,工业,66.5690886853,0.041,剔除,-3.2833020637898613,-5.725190839694649
2024-06-17 00:00:00,002440.SZ,闰土股份,材料,65.1183,0.079,剔除,-8.856682769726254,-1.899827288428324
2024-06-17 00:00:00,300401.SZ,花园生物,医疗保健,62.6749852664,0.082,剔除,2.8444444444444494,3.918228279386704
2024-06-17 00:00:00,002979.SZ,雷赛智能,工业,60.342713120000006,0.065,剔除,5.45945945945947,-3.93057682491067
2024-06-17 00:00:00,002124.SZ,天邦食品,日常消费,57.9924730152,0.07,剔除,6.967213114754078,-8.494208494208477
2024-06-17 00:00:00,002573.SZ,清新环境,工业,57.789235983699996,0.059,剔除,-4.952830188679236,-2.2058823529411686
2024-06-17 00:00:00,000560.SZ,我爱我家,房地产,57.474220764399995,0.084,剔除,-2.4000000000000132,-12.648221343873512
2024-06-17 00:00:00,603010.SH,万盛股份,材料,56.1868399129,0.064,剔除,-2.7551020408163374,-3.7228541882109667
2024-06-17 00:00:00,300630.SZ,普利退(退市),医疗保健,55.7942328775,0.07,剔除,0.0,0.0
2024-06-17 00:00:00,002768.SZ,国恩股份,材料,55.741875,0.055,剔除,-4.1063929071395115,-7.7326968973747245
2024-06-17 00:00:00,002677.SZ,浙江美大,可选消费,54.65596933620001,0.042,剔除,-3.9727582292849006,-5.305651672433676
2024-06-17 00:00:00,300497.SZ,富祥药业,医疗保健,53.07546648100001,0.08,剔除,2.7689030883919052,-7.66932270916334
2024-06-17 00:00:00,600284.SH,浦东建设,工业,53.0730032,0.074,剔除,-6.335616438356162,-1.618705035971224
2024-06-17 00:00:00,603396.SH,金辰股份,工业,50.7358982088,0.049,剔除,1.2164777439867214,-4.525745257452584
2024-06-17 00:00:00,002424.SZ,贵州百灵,医疗保健,50.37984,0.072,剔除,-4.032258064516137,-4.407713498622579
2024-06-17 00:00:00,605369.SH,拱东医疗,医疗保健,48.097917752,0.029,剔除,-5.508849557522122,-6.41627543035993
2024-06-17 00:00:00,300696.SZ,爱乐达,工业,47.930512720500005,0.05,剔除,12.139917695473269,8.459422283356254
2024-06-17 00:00:00,000006.SZ,深振业A,房地产,46.574829087,0.065,剔除,-3.899721448467952,8.823529411764719
2024-06-17 00:00:00,002206.SZ,海利得,材料,45.881387468,0.064,剔除,-7.511737089201875,-3.950617283950608
2024-06-17 00:00:00,002838.SZ,道恩股份,材料,45.251140494,0.036,剔除,-3.53390639923592,-6.530214424951264
2024-06-17 00:00:00,002950.SZ,奥美医疗,医疗保健,44.7718642749,0.037,剔除,-5.858854860186402,-6.313022010648717
2024-06-17 00:00:00,688275.SH,万润新能,材料,44.6711595946,0.028,剔除,-4.579741379310331,-8.16893581550432
2024-06-17 00:00:00,002218.SZ,拓日新能,工业,44.36884523860001,0.067,剔除,-1.8750000000000044,-7.210031347962376
2024-06-17 00:00:00,002932.SZ,明德生物,医疗保健,42.87686447080001,0.047,剔除,-2.123142250530774,-2.9315960912052352
2024-06-17 00:00:00,002217.SZ,合力泰,信息技术,41.759977348,0.054,剔除,8.064516129032274,8.593749999999979
2024-06-17 00:00:00,002556.SZ,辉隆股份,材料,41.646795520000005,0.061,剔除,-8.902691511387161,-3.8288288288288452
2024-06-17 00:00:00,600510.SH,黑牡丹,房地产,41.62239204,0.033,剔除,-4.30622009569378,-5.882352941176472
2024-06-17 00:00:00,002645.SZ,华宏科技,工业,40.8810733676,0.045,剔除,-0.9859154929577341,-9.833795013850422
2024-06-17 00:00:00,300158.SZ,振东制药,医疗保健,40.58603907,0.066,剔除,-4.81927710843374,-2.970297029702962
2024-06-17 00:00:00,688660.SH,电气风电,工业,40.400002019999995,0.04,剔除,0.3311258278145601,-5.769230769230771
2024-06-17 00:00:00,300271.SZ,华宇软件,信息技术,40.324008366200005,0.081,剔除,0.20283975659232123,-6.15079365079364
2024-06-17 00:00:00,002918.SZ,蒙娜丽莎,工业,39.940253758599994,0.033,剔除,-3.12185297079558,-5.7692307692307825
2024-06-17 00:00:00,002866.SZ,传艺科技,信息技术,39.9251191024,0.038,剔除,6.486486486486487,-3.9416058394160514
2024-06-17 00:00:00,603208.SH,江山欧派,可选消费,39.8284171152,0.03,剔除,0.17825311942958333,-3.299371614648583
2024-06-17 00:00:00,300653.SZ,正海生物,医疗保健,39.474,0.045,剔除,0.871594441073853,-5.275022542831376
2024-06-17 00:00:00,688356.SH,键凯科技,医疗保健,39.35106324,0.044,剔除,2.236220472440942,4.127686223925409
2024-06-17 00:00:00,002741.SZ,光华科技,信息技术,39.2688095869,0.046,剔除,-1.3052208835341306,-7.723169508525585
2024-06-17 00:00:00,300377.SZ,赢时胜,信息技术,39.206119176,0.061,剔除,0.38461538461538325,-3.917910447761186
2024-06-17 00:00:00,603363.SH,傲农生物,日常消费,38.2050611738,0.036,剔除,10.858585858585833,-7.356321839080449
2024-06-17 00:00:00,300792.SZ,壹网壹创,信息技术,37.9928543796,0.054,剔除,-0.6857855361595888,-6.981016533986518
2024-06-17 00:00:00,002307.SZ,北新路桥,工业,37.668259985400006,0.047,剔除,-7.187500000000002,-3.934426229508192
2024-06-17 00:00:00,002724.SZ,海洋王,工业,37.4948025084,0.03,剔除,1.0395010395010562,-9.619238476953907
2024-06-17 00:00:00,300662.SZ,科锐国际,工业,36.82246976890001,0.054,剔除,-6.262525050100198,-10.227272727272718
2024-06-17 00:00:00,605338.SH,巴比食品,日常消费,36.6210084,0.029,剔除,1.3148788927335842,-9.096901779828615
2024-06-17 00:00:00,000789.SZ,万年青,材料,36.5210552932,0.046,剔除,-7.6612903225806495,0.0
2024-06-17 00:00:00,301060.SZ,兰卫医学,医疗保健,34.6447205,0.036,剔除,-4.41988950276243,-4.231625835189323
2024-06-17 00:00:00,002201.SZ,九鼎新材,材料,34.2760662766,0.04,剔除,-2.7726432532347522,-8.014571948998183
2024-06-17 00:00:00,688733.SH,壹石通,材料,33.921827262,0.046,剔除,6.9943289224952965,-4.548104956268217
2024-06-17 00:00:00,600770.SH,综艺股份,公用事业,33.54,0.041,剔除,0.3891050583657574,-7.25190839694656
2024-06-17 00:00:00,688238.SH,和元生物,医疗保健,32.371655,0.039,剔除,-0.9900990099010021,-2.9013539651837617
2024-06-17 00:00:00,300639.SZ,凯普生物,医疗保健,31.743183093400003,0.046,剔除,-4.288499025341119,-5.964214711729632
2024-06-17 00:00:00,600172.SH,黄河旋风,材料,31.439621576800008,0.046,剔除,-4.803493449781648,-12.77533039647577
2024-06-17 00:00:00,603032.SH,德新科技,工业,29.99451966,0.031,剔除,-0.07812500000000666,-13.27705295471987
2024-06-17 00:00:00,688133.SH,泰坦科技,材料,29.3989822449,0.045,剔除,2.750410509031198,-1.7772203991147761
2024-06-17 00:00:00,688499.SH,利元亨,材料,27.098890878400002,0.028,剔除,0.0,-6.620689655172418
2024-06-17 00:00:00,600360.SH,*ST华微,信息技术,26.792238981599997,0.038,剔除,13.877551020408152,2.508960573476693
2024-06-17 00:00:00,600696.SH,*ST岩石,日常消费,24.6169501216,0.024,剔除,-4.041720990873532,-8.650065530799477
2024-06-17 00:00:00,300767.SZ,震安科技,工业,22.89341929,0.033,剔除,-1.279317697228155,-8.956796628029506
2024-06-17 00:00:00,000851.SZ,*ST高鸿,信息技术,21.42041037,0.043,剔除,1.0928961748633892,2.2727272727272707
2024-06-17 00:00:00,002610.SZ,ST爱康(退市),工业,17.4701768397,0.051,剔除,-20.40816326530611,-9.756097560975608
2024-06-17 00:00:00,600277.SH,ST亿利(退市),材料,16.3788620924,0.029,剔除,-22.033898305084744,-20.833333333333336
2024-06-17 00:00:00,000429.SZ,粤高速A,工业,216.6075146536,,纳入,-1.614434947768295,1.8500486854917453
2024-06-17 00:00:00,301498.SZ,乖宝宠物,日常消费,210.94346485,,纳入,0.30435609663306273,2.976520613791833
2024-06-17 00:00:00,300140.SZ,节能环境,工业,193.73263484919997,,纳入,-1.5822784810126667,-4.566929133858267
2024-06-17 00:00:00,002270.SZ,华明装备,工业,191.1648844323,,纳入,-2.2904260192395776,1.3895543842836533
2024-06-17 00:00:00,601038.SH,一拖股份,工业,187.648760925,,纳入,1.6138643642796158,0.9151921903599591
2024-06-17 00:00:00,000581.SZ,威孚高科,可选消费,178.2611491884,,纳入,0.11198208286673506,-1.8009754012341839
2024-06-17 00:00:00,688183.SH,生益电子,信息技术,174.51608251499997,,纳入,25.930372148859536,-4.44964871194381
2024-06-17 00:00:00,000766.SZ,通化金马,医疗保健,171.3595115511,,纳入,8.906633906633887,2.256944444444464
2024-06-17 00:00:00,603283.SH,赛腾股份,信息技术,170.38891548880002,,纳入,21.271742229826064,-1.123873039397294
2024-06-17 00:00:00,688146.SH,中船特气,信息技术,161.5235295015,,纳入,4.5528438473803945,0.5548302872062427
2024-06-17 00:00:00,601107.SH,四川成渝,工业,161.15976199999997,,纳入,-0.955860693233479,0.0
2024-06-17 00:00:00,000628.SZ,高新发展,工业,154.862288,,纳入,-0.45289855072461194,-1.7088470690028168
2024-06-17 00:00:00,601033.SH,永兴股份,工业,151.38,,纳入,7.820512820512815,2.6874999999999982
2024-06-17 00:00:00,301526.SZ,国际复材,材料,148.949682896,,纳入,2.5974025974025983,-7.6732673267326685
2024-06-17 00:00:00,600461.SH,洪城环境,公用事业,147.55033566929998,,纳入,1.262626262626254,0.16949152542371504
2024-06-17 00:00:00,300049.SZ,福瑞股份,医疗保健,146.54688201,,纳入,4.364930685650048,-1.7948717948717996
2024-06-17 00:00:00,688484.SH,南芯科技,信息技术,145.990791,,纳入,11.879259980525813,16.283924843423804
2024-06-17 00:00:00,300857.SZ,协创数据,信息技术,145.671124985,,纳入,11.501861068519958,0.5029337803855949
2024-06-17 00:00:00,300115.SZ,长盈精密,信息技术,143.887621662,,纳入,11.996251171508888,2.930728241563041
2024-06-17 00:00:00,688352.SH,颀中科技,信息技术,142.20885964480001,,纳入,10.332103321033227,4.201769427839452
2024-06-17 00:00:00,688336.SH,三生国健,医疗保健,140.07205359030002,,纳入,3.698630136986303,0.8241758241758212
2024-06-17 00:00:00,300757.SZ,罗博特科,工业,139.314457407,,纳入,16.6506021199303,-0.14344036191107357
2024-06-17 00:00:00,301371.SZ,敷尔佳,日常消费,139.187832,,纳入,6.067073170731696,-3.6384637597459024
2024-06-17 00:00:00,601187.SH,厦门银行,金融,137.234650176,,纳入,-2.4353409638692702,0.38387715930903177
2024-06-17 00:00:00,301487.SZ,盟固利,材料,137.0576218116,,纳入,4.96304118268216,-7.444503926254697
2024-06-17 00:00:00,002468.SZ,申通快递,工业,135.01675104120002,,纳入,-4.854368932038822,-4.53942676436575
2024-06-17 00:00:00,688147.SH,微导纳米,工业,133.9166205454,,纳入,0.06839945280439075,-5.525423728813561
2024-06-17 00:00:00,601083.SH,锦江航运,工业,133.035536,,纳入,-2.5063387453874597,-6.190476190476191
2024-06-17 00:00:00,688076.SH,ST诺泰,医疗保健,132.89878092,,纳入,8.03853969250512,26.065567679369828
2024-06-17 00:00:00,688062.SH,迈威生物-U,医疗保健,132.14772,,纳入,4.519595448798985,2.036340852130314
2024-06-17 00:00:00,688432.SH,有研硅,信息技术,131.4992595132,,纳入,9.563409563409575,-2.908067542213877
2024-06-17 00:00:00,001309.SZ,德明利,信息技术,129.60490071360002,,纳入,9.075108628181239,0.0906002265005812
2024-06-17 00:00:00,300705.SZ,九典制药,医疗保健,129.3187413078,,纳入,4.440078585461693,5.911708253358916
2024-06-17 00:00:00,603358.SH,华达科技,可选消费,126.575232,,纳入,-0.5175983436853104,0.9749303621169991
2024-06-17 00:00:00,601096.SH,宏盛华源,工业,123.5921650656,,纳入,1.5384615384615552,-6.911447084233268
2024-06-17 00:00:00,300045.SZ,华力创通,信息技术,122.7937212308,,纳入,4.335585585585577,-2.650469353948104
2024-06-17 00:00:00,688498.SH,源杰科技,信息技术,122.24437276799999,,纳入,15.011658760151159,8.337515234066938
2024-06-17 00:00:00,301510.SZ,固高科技,工业,121.963049,,纳入,5.8313085734120085,-4.699309891554382
2024-06-17 00:00:00,300576.SZ,容大感光,材料,120.2055861435,,纳入,1.3715710723191998,-3.7735849056603876
2024-06-17 00:00:00,300446.SZ,航天智造,可选消费,119.28736666209998,,纳入,1.8772563176895352,-17.037037037037027
2024-06-17 00:00:00,688343.SH,云天励飞-U,信息技术,117.58477469200002,,纳入,7.430240103828689,-4.6433990895295985
2024-06-17 00:00:00,001914.SZ,招商积余,房地产,115.04754751,,纳入,-3.7267080745341574,-9.131602506714408
2024-06-17 00:00:00,688279.SH,峰岹科技,信息技术,114.72455429799999,,纳入,6.948510418460474,-4.201612903225804
2024-06-17 00:00:00,600269.SH,赣粤高速,工业,113.7343215818,,纳入,-2.7944111776447067,4.9079754601227155
2024-06-17 00:00:00,600597.SH,光明乳业,日常消费,113.7240854475,,纳入,-1.0791366906474864,-3.221957040572798
2024-06-17 00:00:00,002010.SZ,传化智联,工业,113.47039967560004,,纳入,-4.460093896713612,-3.855421686746985
2024-06-17 00:00:00,600301.SH,华锡有色,材料,112.91329500150002,,纳入,-3.3567948023822236,-1.3812154696132617
2024-06-17 00:00:00,300257.SZ,开山股份,工业,111.38648551780001,,纳入,0.44802867383513245,-7.449605609114817
2024-06-17 00:00:00,605011.SH,杭州热电,公用事业,111.34783,,纳入,6.7510548523206815,-5.527272727272726
2024-06-17 00:00:00,688208.SH,道通科技,可选消费,110.3031966926,,纳入,2.3051131601006025,1.0191602119853371
2024-06-17 00:00:00,600757.SH,长江传媒,通讯服务,106.55849396939999,,纳入,4.523809523809508,-5.475547149384264
2024-06-17 00:00:00,688177.SH,百奥泰,医疗保健,104.223936,,纳入,1.0437575270975552,-9.699398797595183
2024-06-17 00:00:00,301511.SZ,德福科技,信息技术,103.057647,,纳入,9.072715143428955,-6.191369606003749
2024-06-17 00:00:00,605599.SH,菜百股份,可选消费,101.111114,,纳入,-4.200442151805461,-2.9839326702371882
2024-06-17 00:00:00,600961.SH,株冶集团,材料,100.85003408200001,,纳入,-8.023483365949124,-0.7172131147541005
2024-06-17 00:00:00,002925.SZ,盈趣科技,信息技术,100.67199216,,纳入,1.9762845849802257,-2.6153846153846194
2024-06-17 00:00:00,603327.SH,福蓉科技,可选消费,100.234005609,,纳入,5.192034139402546,-3.3793103448275907
2024-06-17 00:00:00,601595.SH,上海电影,通讯服务,98.604,,纳入,-6.819144430326118,-15.996684624948198
2024-06-17 00:00:00,000970.SZ,中科三环,材料,97.74435214919998,,纳入,4.280155642023331,-1.272819084844501
2024-06-17 00:00:00,002511.SZ,中顺洁柔,日常消费,97.26446184,,纳入,-3.576158940397345,-6.400000000000006
2024-06-17 00:00:00,300026.SZ,红日药业,医疗保健,97.0342012351,,纳入,-5.830903790087472,-4.281345565749239
2024-06-17 00:00:00,603220.SH,中贝通信,信息技术,95.2408748832,,纳入,7.450832072617253,-3.3356497567755383
2024-06-17 00:00:00,688433.SH,华曙高科,工业,94.55473704,,纳入,7.082551594746711,-0.23105360443623768
2024-06-17 00:00:00,601778.SH,晶科科技,公用事业,94.2732321168,,纳入,0.7633197112581591,-10.188679245283016
2024-06-17 00:00:00,600033.SH,福建高速,工业,93.3096,,纳入,-2.5787965616046016,0.0
2024-06-17 00:00:00,002315.SZ,焦点科技,信息技术,92.31530815100001,,纳入,1.215277777777768,-6.01018675721563
2024-06-17 00:00:00,301559.SZ,中集环科,工业,92.16,,纳入,1.4531043593130732,-1.4407334643090741
2024-06-17 00:00:00,001376.SZ,百通能源,公用事业,91.7191,,纳入,1.7382413087934534,-7.898658718330854
2024-06-17 00:00:00,002075.SZ,沙钢股份,材料,91.70190360099998,,纳入,1.4563106796116498,-3.349282296650713
2024-06-17 00:00:00,002761.SZ,浙江建投,工业,90.61630021240002,,纳入,-1.0625737898465104,-3.764705882352948
2024-06-17 00:00:00,600297.SH,广汇汽车(退市),可选消费,89.7538599393,,纳入,-9.917355371900815,-21.42857142857144
2024-06-17 00:00:00,603866.SH,桃李面包,日常消费,88.94438501799999,,纳入,-1.4184397163120699,-7.773851590106007
2024-06-17 00:00:00,002154.SZ,报喜鸟,可选消费,87.85189048579998,,纳入,1.5177065767284947,-5.3333333333333455
2024-06-17 00:00:00,603039.SH,泛微网络,信息技术,87.7711149864,,纳入,1.937046004842613,-0.47961630695442237
2024-06-17 00:00:00,688362.SH,甬矽电子,信息技术,87.769198,,纳入,13.734812466983627,3.408545367258764
2024-06-17 00:00:00,300660.SZ,江苏雷利,工业,87.3702914344,,纳入,6.904577191621386,-3.3786265148733063
2024-06-17 00:00:00,002192.SZ,融捷股份,材料,85.91990667270001,,纳入,2.700186219739309,-7.740041299593015
2024-06-17 00:00:00,603267.SH,鸿远电子,信息技术,85.73650287999999,,纳入,6.172839506172845,-10.817941952506605
2024-06-17 00:00:00,688141.SH,杰华特,信息技术,85.13064,,纳入,21.414913957935,6.950028719126933
2024-06-17 00:00:00,688105.SH,诺唯赞,医疗保健,83.882097,,纳入,-3.140877598152425,-3.603182030884422
2024-06-17 00:00:00,300244.SZ,迪安诊断,医疗保健,82.3744019304,,纳入,2.247024116323626,-7.768469154607782
2024-06-17 00:00:00,301339.SZ,通行宝,信息技术,81.64419999999998,,纳入,6.8726691529035655,12.37373737373737
2024-06-17 00:00:00,600509.SH,天富能源,公用事业,81.08711729160001,,纳入,3.521126760563398,-4.58404074702885
2024-06-17 00:00:00,688658.SH,悦康药业,医疗保健,81.0,,纳入,2.564102564102555,12.338028169014104
2024-06-17 00:00:00,688503.SH,聚和材料,工业,80.355169476,,纳入,-4.62510644346148,-8.002353633421588
2024-06-17 00:00:00,300570.SZ,太辰光,信息技术,79.26727658299998,,纳入,8.4524549409571,-3.955919751342163
2024-06-17 00:00:00,300678.SZ,中科信息,信息技术,77.0011589214,,纳入,5.182186234817809,-1.2751159196290551
2024-06-17 00:00:00,603026.SH,石大胜华,材料,75.822588,,纳入,4.322364751812602,-3.57044767920901
2024-06-17 00:00:00,603383.SH,顶点软件,信息技术,75.16918571210002,,纳入,7.617647058823529,-5.531914893617007
2024-06-17 00:00:00,603075.SH,热威股份,可选消费,74.361859,,纳入,2.5372311086596877,-2.900107411385633
2024-06-17 00:00:00,688690.SH,纳微科技,医疗保健,73.898101995,,纳入,2.7512633352049454,-2.8731251471776353
2024-06-17 00:00:00,301348.SZ,蓝箭电子,信息技术,72.38,,纳入,4.7467438494934955,4.665492957746498
2024-06-17 00:00:00,300363.SZ,博腾股份,医疗保健,72.18619980400001,,纳入,-2.5792188651436954,0.0
2024-06-17 00:00:00,301558.SZ,三态股份,可选消费,71.785461293,,纳入,2.5930101465614364,-5.343511450381677
2024-06-17 00:00:00,300129.SZ,泰胜风能,工业,69.5565028608,,纳入,1.6393442622950838,-4.312668463611857
2024-06-17 00:00:00,002681.SZ,奋达科技,可选消费,67.8832609376,,纳入,4.155124653739595,-1.0781671159029615
2024-06-17 00:00:00,300850.SZ,新强联,工业,61.021993788,,纳入,0.7104795737122638,-11.059371362048898
2024-06-17 00:00:00,688502.SH,茂莱光学,信息技术,59.2416,,纳入,2.037104401600587,-3.6080178173719446
2024-06-17 00:00:00,688515.SH,裕太微-U,信息技术,54.64,,纳入,19.71954425942155,2.076701530998948
2024-06-17 00:00:00,688531.SH,日联科技,工业,53.313255158400004,,纳入,5.054151624548742,4.089456869009567
2024-05-13 00:00:00,600777.SH,*ST新潮,能源,114.9283794425,0.257,剔除,-17.560975609756092,7.303370786516861
2024-05-13 00:00:00,000989.SZ,九芝堂,医疗保健,70.9575927948,0.07,剔除,1.842751842751822,-3.0487804878048586
2024-05-13 00:00:00,300208.SZ,中程退(退市),工业,14.4648675,0.017,剔除,-19.246861924686197,7.000000000000006
2024-05-13 00:00:00,300415.SZ,伊之密,工业,122.29470392400002,,纳入,9.433962264150942,-2.7102431247508996
2024-05-13 00:00:00,603398.SH,*ST沐邦,工业,83.5627216748,,纳入,10.429799426934094,-1.6062176165803188
2024-05-13 00:00:00,600651.SH,飞乐音响,可选消费,80.4755992815,,纳入,2.2292993630573132,-0.30864197530865445
2023-12-11 00:00:00,300394.SZ,天孚通信,信息技术,411.47202163400004,0.283,剔除,30.740276035131764,-1.324503311258296
2023-12-11 00:00:00,301236.SZ,软通动力,信息技术,399.7588237515,0.249,剔除,-1.8942937324602283,7.449154618965936
2023-12-11 00:00:00,300502.SZ,新易盛,信息技术,392.4432375728,0.536,剔除,12.816326530612244,-5.904059040590404
2023-12-11 00:00:00,688331.SH,荣昌生物,医疗保健,376.6844243763,0.161,剔除,2.975747656598715,-2.493476369962311
2023-12-11 00:00:00,603345.SH,安井食品,日常消费,309.7480384152,0.383,剔除,-1.3912231559290333,-4.284498250260105
2023-12-11 00:00:00,003031.SZ,中瓷电子,信息技术,305.0728233966,0.102,剔除,-0.010559662090814381,-3.620873269435565
2023-12-11 00:00:00,688153.SH,唯捷创芯,信息技术,286.0668365794,0.035,剔除,6.541037221616586,-1.7215568862275377
2023-12-11 00:00:00,302132.SZ,中航成飞,工业,275.8260769831,0.211,剔除,4.897775780723412,-2.7890142644241056
2023-12-11 00:00:00,002558.SZ,巨人网络,通讯服务,273.7303317122,0.277,剔除,6.528417818740384,5.0974512743628075
2023-12-11 00:00:00,000539.SZ,粤电力A,公用事业,271.9647104748,0.074,剔除,0.974658869395717,0.7920792079207928
2023-12-11 00:00:00,002517.SZ,恺英网络,通讯服务,271.21722188399997,0.328,剔除,2.857142857142847,-0.5681818181818232
2023-12-11 00:00:00,002262.SZ,恩华药业,医疗保健,270.9404379388,0.211,剔除,5.450980392156857,-1.4998125234345738
2023-12-11 00:00:00,600129.SH,太极集团,医疗保健,269.53512009599996,0.328,剔除,-2.063941723998386,-2.4375256042605375
2023-12-11 00:00:00,600583.SH,海油工程,能源,265.72342348,0.232,剔除,-4.451510333863284,-1.5177065767284947
2023-12-11 00:00:00,600977.SH,中国电影,通讯服务,246.6307,0.15,剔除,2.8015564202334753,0.9345794392523477
2023-12-11 00:00:00,002044.SZ,美年健康,医疗保健,239.16091469530002,0.316,剔除,0.49342105263157077,-5.396825396825388
2023-12-11 00:00:00,002472.SZ,双环传动,工业,226.7001427416,0.308,剔除,0.7199696854869098,-1.1389521640091216
2023-12-11 00:00:00,688425.SH,铁建重工,工业,212.2731806,0.107,剔除,-3.6319612590798966,-0.5050505050504972
2023-12-11 00:00:00,603305.SH,旭升集团,可选消费,187.85616601290002,0.126,剔除,-0.6416584402764047,-3.1155778894472186
2023-12-11 00:00:00,002865.SZ,钧达股份,工业,187.714181213,0.157,剔除,-3.3032681269766884,-15.130248602355179
2023-12-11 00:00:00,605296.SH,神农集团,日常消费,154.8353139948,0.029,剔除,7.667031763417276,1.5261879986125493
2023-12-11 00:00:00,600935.SH,华塑股份,材料,123.4605437824,0.04,剔除,-0.8450704225352101,2.3255813953488413
2023-12-11 00:00:00,603235.SH,天新药业,医疗保健,108.394328,0.021,剔除,-4.253673627223497,-3.3508276140492455
2023-12-11 00:00:00,605008.SH,长鸿高科,材料,103.9371509852,0.035,剔除,-4.033214709371292,-4.151404151404147
2023-12-11 00:00:00,600370.SH,三房巷,材料,97.01897331900001,0.032,剔除,-0.39999999999997815,1.6597510373443924
2023-12-11 00:00:00,603053.SH,成都燃气,公用事业,94.755674,0.031,剔除,0.6610009442870712,2.3832221163012424
2023-12-11 00:00:00,600841.SH,动力新科,工业,89.9308516032,0.044,剔除,-0.6134969325153339,-2.457757296466978
2023-12-11 00:00:00,600746.SH,江苏索普,材料,85.0189619552,0.055,剔除,-0.2739726027397138,0.561797752808979
2023-12-11 00:00:00,600742.SH,富维股份,可选消费,76.90649058,0.114,剔除,-10.467128027681671,-4.390243902439018
2023-12-11 00:00:00,002413.SZ,雷科防务,工业,76.13159690879999,0.131,剔除,-5.804311774461035,-2.313167259786475
2023-12-11 00:00:00,002106.SZ,莱宝高科,信息技术,74.39302326399999,0.098,剔除,-0.47214353163362865,0.19267822736031004
2023-12-11 00:00:00,300131.SZ,英唐智控,信息技术,73.033732857,0.14,剔除,-9.704641350210974,-3.301886792452824
2023-12-11 00:00:00,002664.SZ,信质集团,可选消费,70.64500919999999,0.084,剔除,-2.0270270270270396,0.2362669816893037
2023-12-11 00:00:00,601929.SH,吉视传媒,通讯服务,70.31770940429999,0.079,剔除,-0.46728971962618493,1.9138755980861344
2023-12-11 00:00:00,603060.SH,国检集团,工业,69.4190096095,0.048,剔除,-5.567685589519645,-0.919540229885063
2023-12-11 00:00:00,002810.SZ,山东赫达,材料,68.28626448,0.069,剔除,-1.9656019656019708,5.523408732246193
2023-12-11 00:00:00,300607.SZ,拓斯达,工业,68.18524485300001,0.072,剔除,-1.6544117647058876,0.6997455470737712
2023-12-11 00:00:00,300102.SZ,乾照光电,信息技术,68.12188766179999,0.094,剔除,-5.209656925031769,-3.0544488711819473
2023-12-11 00:00:00,600789.SH,鲁抗医药,医疗保健,67.8885795642,0.097,剔除,-3.7878787878787845,-1.5810276679842028
2023-12-11 00:00:00,000612.SZ,焦作万方,材料,67.359265761,0.078,剔除,-1.5679442508710784,0.17921146953405742
2023-12-11 00:00:00,002636.SZ,金安国纪,信息技术,67.1216,0.045,剔除,-2.6399155227032733,-3.1216361679224813
2023-12-11 00:00:00,605199.SH,ST葫芦娃,医疗保健,66.53808545759999,0.037,剔除,-8.475509080902599,-3.3918837068443453
2023-12-11 00:00:00,003032.SZ,*ST传智,可选消费,65.1160055,0.051,剔除,0.6218905472636926,-0.4495825305073864
2023-12-11 00:00:00,002017.SZ,东信和平,信息技术,64.7181578535,0.061,剔除,-0.6238859180035639,-2.169981916817343
2023-12-11 00:00:00,600569.SH,安阳钢铁,材料,64.629481185,0.042,剔除,-1.7467248908296873,0.4484304932735439
2023-12-11 00:00:00,300981.SZ,中红医疗,医疗保健,63.02526048,0.031,剔除,0.0,-6.803130644190237
2023-12-11 00:00:00,688277.SH,天智航-U,医疗保健,62.2857227454,0.063,剔除,-1.3523131672597999,-4.366499642090204
2023-12-11 00:00:00,600523.SH,贵航股份,可选消费,62.183081016,0.071,剔除,-3.874999999999984,-3.3774834437086176
2023-12-11 00:00:00,600184.SH,光电股份,工业,62.1196968546,0.052,剔除,-3.325415676959631,1.2458471760797396
2023-12-11 00:00:00,002641.SZ,公元股份,工业,61.9463310984,0.042,剔除,-1.754385964912275,0.3992015968063978
2023-12-11 00:00:00,000566.SZ,海南海药,医疗保健,61.624843485,0.062,剔除,-3.061224489795933,-0.6329113924050667
2023-12-11 00:00:00,002055.SZ,得润电子,信息技术,61.4161857272,0.082,剔除,-2.0250723240115565,-3.177755710029795
2023-12-11 00:00:00,002611.SZ,东方精工,工业,61.03842528,0.071,剔除,-1.6000000000000125,3.512396694214903
2023-12-11 00:00:00,002695.SZ,煌上煌,日常消费,60.9300106614,0.041,剔除,-2.4955436720142776,-2.7272727272727226
2023-12-11 00:00:00,002367.SZ,康力电梯,工业,60.460241555900005,0.062,剔除,-4.177215189873406,-0.6553079947575147
2023-12-11 00:00:00,000036.SZ,华联控股,房地产,60.3961148175,0.079,剔除,-1.6908212560386326,1.728395061728416
2023-12-11 00:00:00,688233.SH,神工股份,信息技术,59.913557924799996,0.052,剔除,-3.218707015130673,0.08600917431191846
2023-12-11 00:00:00,605007.SH,五洲特纸,材料,59.857531546800004,0.03,剔除,-4.755784061696655,-0.13486176668913163
2023-12-11 00:00:00,300007.SZ,汉威科技,信息技术,59.61003233849999,0.078,剔除,1.2749445676274895,12.79910962715638
2023-12-11 00:00:00,600581.SH,八一钢铁,材料,59.49106702,0.05,剔除,-3.0226700251889116,-2.094240837696326
2023-12-11 00:00:00,000652.SZ,泰达股份,工业,59.17051146519999,0.069,剔除,-3.373493975903641,1.7456359102244523
2023-12-11 00:00:00,301206.SZ,三元生物,日常消费,58.674453,0.039,剔除,-1.7947849644429525,-3.1784005468216026
2023-12-11 00:00:00,002639.SZ,雪人集团,工业,58.563245092399995,0.079,剔除,-1.6861219195849597,0.1322751322751392
2023-12-11 00:00:00,603387.SH,基蛋生物,医疗保健,58.2212237516,0.058,剔除,-2.0477815699658786,-3.783319002579555
2023-12-11 00:00:00,605388.SH,均瑶健康,日常消费,57.405,0.039,剔除,-1.4032496307237796,-3.5153328347045543
2023-12-11 00:00:00,002481.SZ,双塔食品,日常消费,57.36688725,0.059,剔除,-3.124999999999989,-1.935483870967758
2023-12-11 00:00:00,600990.SH,四创电子,工业,57.0234784072,0.058,剔除,-4.440333024976873,-0.2442598925256445
2023-12-11 00:00:00,002733.SZ,雄韬股份,工业,56.5180137023,0.066,剔除,-0.06793478260869179,-0.1372683596431057
2023-12-11 00:00:00,600108.SH,亚盛集团,日常消费,56.2658469969,0.075,剔除,-3.0201342281879096,1.041666666666674
2023-12-11 00:00:00,601700.SH,风范股份,工业,55.74163896,0.047,剔除,-3.5573122529644174,0.6198347107438051
2023-12-11 00:00:00,002344.SZ,海宁皮城,工业,55.665576064,0.046,剔除,0.0,3.7558685446009488
2023-12-11 00:00:00,300055.SZ,万邦达,工业,55.4764988778,0.066,剔除,-4.05209840810421,-1.5174506828528056
2023-12-11 00:00:00,002435.SZ,ST长康(退市),医疗保健,55.248440994,0.047,剔除,-4.487179487179482,-2.008928571428592
2023-12-11 00:00:00,000011.SZ,深物业A,房地产,54.71088064559999,0.032,剔除,-2.2364217252396235,2.950819672131133
2023-12-11 00:00:00,603018.SH,华设集团,工业,54.49734187439999,0.089,剔除,-2.804878048780479,1.7902813299232712
2023-12-11 00:00:00,603416.SH,信捷电气,信息技术,54.087488,0.054,剔除,-1.6862544711292893,-2.261372600578493
2023-12-11 00:00:00,002310.SZ,东方园林,工业,53.709240079999994,0.073,剔除,-5.213270142180093,1.0101010101010166
2023-12-11 00:00:00,600308.SH,华泰股份,材料,53.24214317759999,0.061,剔除,-1.404494382022492,2.2922636103151817
2023-12-11 00:00:00,300191.SZ,潜能恒信,能源,53.152,0.054,剔除,-3.8216560509554243,-1.8303843807199405
2023-12-11 00:00:00,300485.SZ,赛升药业,医疗保健,53.12780392,0.046,剔除,-5.240549828178709,-2.6244343891402844
2023-12-11 00:00:00,002589.SZ,瑞康医药,医疗保健,52.5143954379,0.063,剔除,-4.120879120879128,-2.564102564102566
2023-12-11 00:00:00,300204.SZ,舒泰神,医疗保健,52.1249857505,0.053,剔除,-6.029285099052539,-7.937877480586719
2023-12-11 00:00:00,300900.SZ,广联航空,工业,52.007586494399995,0.06,剔除,-2.732673267326735,-1.407867494824011
2023-12-11 00:00:00,603520.SH,司太立,医疗保健,51.719689650999996,0.054,剔除,-2.265372168284796,-4.364820846905538
2023-12-11 00:00:00,002285.SZ,世联行,房地产,51.4149891804,0.052,剔除,-3.731343283582078,3.088803088803105
2023-12-11 00:00:00,600984.SH,建设机械,工业,49.77893943,0.051,剔除,-3.4146341463414553,0.0
2023-12-11 00:00:00,300942.SZ,易瑞生物,医疗保健,48.824748,0.034,剔除,-4.694835680751163,-2.2022838499184294
2023-12-11 00:00:00,688085.SH,三友医疗,医疗保健,46.85833670099999,0.043,剔除,-6.679861454725389,-3.0256410256410238
2023-12-11 00:00:00,002234.SZ,民和股份,日常消费,46.7955644292,0.052,剔除,1.7450682852807153,-7.260479041916168
2023-12-11 00:00:00,603916.SH,苏博特,材料,46.57041237480001,0.04,剔除,-5.942275042444822,-3.815439219165917
2023-12-11 00:00:00,688699.SH,明微电子,信息技术,45.434683392,0.038,剔除,-2.6185421089879646,-1.6588264421886656
2023-12-11 00:00:00,603601.SH,再升科技,材料,44.95232764,0.045,剔除,-2.65486725663715,-1.8181818181818188
2023-12-11 00:00:00,603429.SH,集友股份,材料,44.31902179249999,0.046,剔除,-0.4711425206124997,-1.0739856801909586
2023-12-11 00:00:00,002759.SZ,天际股份,材料,44.246243006099995,0.052,剔除,-3.3898305084745894,-5.128205128205132
2023-12-11 00:00:00,603959.SH,百利科技,工业,41.2341452272,0.05,剔除,3.95550061804697,4.578313253012056
2023-12-11 00:00:00,688330.SH,宏力达,工业,40.53,0.034,剔除,-2.917505030181089,-5.219780219780212
2023-12-11 00:00:00,300091.SZ,金通灵,工业,40.5052666208,0.048,剔除,-3.546099290780136,0.0
2023-12-11 00:00:00,300477.SZ,ST合纵,工业,39.879095156400005,0.058,剔除,-4.370179948586117,-2.92553191489362
2023-12-11 00:00:00,688148.SH,芳源股份,材料,39.0282385545,0.047,剔除,-3.5308953341740112,-6.649616368286448
2023-12-11 00:00:00,688399.SH,硕世生物,医疗保健,31.402734,0.031,剔除,-4.168157423971364,3.1040892193308522
2023-12-11 00:00:00,603087.SH,甘李药业,医疗保健,324.828228725,,纳入,-1.210697506324554,-7.827754532775466
2023-12-11 00:00:00,301358.SZ,湖南裕能,材料,258.22329687,,纳入,6.662496090084469,0.8457276173811756
2023-12-11 00:00:00,601858.SH,中国科传,通讯服务,243.86925,,纳入,3.0394121576486244,-1.8487949818421945
2023-12-11 00:00:00,601869.SH,长飞光纤,信息技术,228.50839006200002,,纳入,1.8237082066869137,-6.044503487213559
2023-12-11 00:00:00,688213.SH,思特威-W,信息技术,227.685692,,纳入,10.524271844660205,-1.3046544428772955
2023-12-11 00:00:00,688192.SH,迪哲医药-U,医疗保健,209.38165281,,纳入,9.944277753964847,-6.895893027698186
2023-12-11 00:00:00,600361.SH,创新新材,材料,209.0044947916,,纳入,-2.2312373225152005,-3.5196687370600332
2023-12-11 00:00:00,688327.SH,云从科技-UW,信息技术,202.7215328585,,纳入,8.974358974358987,-7.538461538461528
2023-12-11 00:00:00,688439.SH,振华风光,信息技术,190.9,,纳入,1.3915445081793099,-4.828595317725759
2023-12-11 00:00:00,688185.SH,康希诺,医疗保健,190.8828520886,,纳入,-7.160909856781816,6.508412677709652
2023-12-11 00:00:00,601333.SH,广深铁路,工业,187.7137305,,纳入,-2.573529411764719,-0.375939849624074
2023-12-11 00:00:00,600012.SH,皖通高速,工业,186.427764,,纳入,1.5356820234869062,0.5545286506469571
2023-12-11 00:00:00,601811.SH,新华文轩,通讯服务,180.0174019,,纳入,3.9914468995010832,7.2297780959198255
2023-12-11 00:00:00,002221.SZ,东华能源,能源,176.526309904,,纳入,3.2258064516129004,-1.172227231740297
2023-12-11 00:00:00,688409.SH,富创精密,信息技术,173.409740553,,纳入,4.090852051700344,-0.7179995048279264
2023-12-11 00:00:00,000869.SZ,张裕A,日常消费,171.67789063200001,,纳入,-3.4267912772585674,-4.510978043912162
2023-12-11 00:00:00,000012.SZ,南玻A,材料,171.65168878129998,,纳入,0.35906642728904536,-1.4209591474245165
2023-12-11 00:00:00,300475.SZ,香农芯创,工业,167.6520970288,,纳入,1.439645625692143,-6.879739978331523
2023-12-11 00:00:00,001287.SZ,中电港,信息技术,165.58223113629998,,纳入,-0.5476951163852051,0.3221352968246771
2023-12-11 00:00:00,601326.SH,秦港股份,工业,164.82865400000003,,纳入,-1.3377926421404784,0.3401360544217802
2023-12-11 00:00:00,301205.SZ,联特科技,信息技术,164.515392,,纳入,0.41973548744753675,-5.144644253322916
2023-12-11 00:00:00,002901.SZ,大博医疗,医疗保健,163.951724376,,纳入,0.15174506828528056,-5.386949924127482
2023-12-11 00:00:00,300182.SZ,捷成股份,信息技术,161.42783329919996,,纳入,4.663212435233177,-2.9654036243822346
2023-12-11 00:00:00,600667.SH,太极实业,工业,157.75364433220003,,纳入,-2.60078023407021,-1.4784946236559238
2023-12-11 00:00:00,301262.SZ,海看股份,通讯服务,149.2026,,纳入,-5.693199789140735,4.498676859747119
2023-12-11 00:00:00,300624.SZ,万兴科技,信息技术,147.34339449,,纳入,6.9572171131547345,-7.490740740740742
2023-12-11 00:00:00,688097.SH,博众精工,工业,146.857785132,,纳入,7.066102246825134,4.778933680104025
2023-12-11 00:00:00,688322.SH,奥比中光-UW,信息技术,143.1603579,,纳入,6.107322857989916,-2.4541607898448614
2023-12-11 00:00:00,600623.SH,华谊集团,材料,141.5282533072,,纳入,-2.496328928046998,-0.9049773755655965
2023-12-11 00:00:00,300482.SZ,万孚生物,医疗保健,141.0003169172,,纳入,0.12626262626260765,-3.8184663536776076
2023-12-11 00:00:00,301153.SZ,中科江南,信息技术,139.19039999999998,,纳入,5.854523950325241,5.449109933414853
2023-12-11 00:00:00,603638.SH,艾迪精密,工业,138.8282764968,,纳入,1.4084507042253502,-1.594114040465966
2023-12-11 00:00:00,000415.SZ,渤海租赁,金融,137.9148245886,,纳入,-0.8888888888888946,1.7777777777777892
2023-12-11 00:00:00,300741.SZ,华宝股份,日常消费,136.786948,,纳入,-2.5021949078138706,-3.546099290780136
2023-12-11 00:00:00,601969.SH,海南矿业,材料,135.2915145176,,纳入,-1.4836795252225587,-1.8018018018018056
2023-12-11 00:00:00,603556.SH,海兴电力,信息技术,131.651480376,,纳入,3.3768227168073928,4.557538928978366
2023-12-11 00:00:00,600595.SH,中孚实业,材料,131.1232432278,,纳入,-3.2544378698224907,-2.686567164179121
2023-12-11 00:00:00,600728.SH,佳都科技,信息技术,131.02848961150002,,纳入,4.088586030664398,-3.300330033003296
2023-12-11 00:00:00,301381.SZ,赛维时代,可选消费,129.95247999999998,,纳入,-0.7334963325183352,1.1508553654743459
2023-12-11 00:00:00,601718.SH,际华集团,可选消费,129.553067418,,纳入,1.3745704467353903,0.0
2023-12-11 00:00:00,002745.SZ,木林森,信息技术,129.122476713,,纳入,-3.118040089086871,-3.370786516853941
2023-12-11 00:00:00,600601.SH,方正科技,信息技术,127.61097458219999,,纳入,0.0,-3.26797385620915
2023-12-11 00:00:00,002705.SZ,新宝股份,可选消费,126.40667756199998,,纳入,-4.556803995006254,-6.691919191919194
2023-12-11 00:00:00,688351.SH,微电生理,医疗保健,126.26198,,纳入,1.8216318785578611,-8.764940239043817
2023-12-11 00:00:00,300620.SZ,光库科技,信息技术,126.23683836220002,,纳入,1.4589905362776046,-10.450586898901937
2023-12-11 00:00:00,002183.SZ,怡亚通,工业,124.13703454980002,,纳入,1.9189765458422103,0.21097046413500742
2023-12-11 00:00:00,688400.SH,凌云光,信息技术,123.4764,,纳入,6.2200956937799035,0.0
2023-12-11 00:00:00,600718.SH,东软集团,信息技术,120.61327327279999,,纳入,0.10070493454179541,-1.31180625630678
2023-12-11 00:00:00,600556.SH,天下秀,信息技术,120.03444342879999,,纳入,1.5290519877675823,1.3740458015267354
2023-12-11 00:00:00,600780.SH,通宝能源,公用事业,119.80951365349999,,纳入,-2.8810408921933206,-8.834244080145737
2023-12-11 00:00:00,002249.SZ,大洋电机,工业,119.15408887689999,,纳入,-1.7786561264822143,-2.39043824701195
2023-12-11 00:00:00,001337.SZ,四川黄金,材料,119.07,,纳入,-5.025125628140703,-0.9783368273934334
2023-12-11 00:00:00,688596.SH,正帆科技,工业,117.94775721,,纳入,3.558282208588981,-6.3160366283165015
2023-12-11 00:00:00,601163.SH,三角轮胎,可选消费,117.84,,纳入,-0.20325203252032908,-0.277392510402219
2023-12-11 00:00:00,600782.SH,新钢股份,材料,117.6473903726,,纳入,-1.3192612137203241,-3.9893617021276584
2023-12-11 00:00:00,600195.SH,中牧股份,医疗保健,117.22782024800001,,纳入,-0.6920415224913601,4.420866489831998
2023-12-11 00:00:00,002265.SZ,建设工业,工业,116.3203498282,,纳入,-7.325102880658429,16.36851520572451
2023-12-11 00:00:00,002985.SZ,北摩高科,工业,115.51823816,,纳入,-5.944339367738438,6.803355079217166
2023-12-11 00:00:00,603083.SH,剑桥科技,信息技术,115.44598759460001,,纳入,5.281173594132049,-5.264378478664177
2023-12-11 00:00:00,002458.SZ,益生股份,日常消费,115.078266682,,纳入,5.1724137931034475,-5.751072961373394
2023-12-11 00:00:00,000719.SZ,中原传媒,通讯服务,114.3941791382,,纳入,3.806870937790152,11.308411214953274
2023-12-11 00:00:00,600861.SH,北京人力,工业,113.67543377439999,,纳入,-4.061156235069296,-5.87378640776699
2023-12-11 00:00:00,301286.SZ,侨源股份,材料,113.6284,,纳入,2.6011560693641522,0.03599712023036883
2023-12-11 00:00:00,600409.SH,三友化工,材料,113.3327846952,,纳入,-2.486678507992901,-2.3381294964028854
2023-12-11 00:00:00,600259.SH,广晟有色,材料,112.70602985,,纳入,-1.8746338605741153,-2.1964974769961287
2023-12-11 00:00:00,300113.SZ,顺网科技,信息技术,112.40510415600001,,纳入,4.654169360051719,0.5018820577164407
2023-12-11 00:00:00,000837.SZ,秦川机床,工业,112.097017329,,纳入,-1.6829052258635957,-2.2603978300180794
2023-12-11 00:00:00,688630.SH,芯碁微装,信息技术,110.1817617024,,纳入,2.2938018545632266,-1.5500121094696007
2023-12-11 00:00:00,688289.SH,圣湘生物,医疗保健,109.74775325949999,,纳入,-0.5457849355207989,-2.641316806412275
2023-12-11 00:00:00,002096.SZ,易普力,材料,108.04239106700001,,纳入,-3.6504424778760813,4.4673539518900185
2023-12-11 00:00:00,600507.SH,方大特钢,材料,107.4618762803,,纳入,-4.356846473029041,-4.713114754098358
2023-12-11 00:00:00,301246.SZ,宏源药业,医疗保健,106.4018088,,纳入,-1.5544041450777146,-1.6566265060240837
2023-12-11 00:00:00,301293.SZ,三博脑科,医疗保健,103.45300328410002,,纳入,-1.4490566037735797,-3.975535168195732
2023-12-11 00:00:00,603699.SH,纽威股份,工业,103.41284783199998,,纳入,-0.43923865300147247,1.7267267267267128
2023-12-11 00:00:00,600976.SH,健民集团,医疗保健,102.63900326,,纳入,-2.106803218727127,1.4298349056603765
2023-12-11 00:00:00,002081.SZ,金螳螂,工业,102.49549439539999,,纳入,-2.5252525252525304,-1.5424164524421635
2023-12-11 00:00:00,001311.SZ,多利科技,可选消费,100.3735203642,,纳入,-0.10970927043333356,-4.68077139112526
2023-12-11 00:00:00,603162.SH,海通发展,工业,99.7186171684,,纳入,-5.5329062317996724,-1.169230769230789
2023-12-11 00:00:00,688380.SH,中微半导,信息技术,99.1704105,,纳入,7.090358841331601,-3.200000000000014
2023-12-11 00:00:00,301376.SZ,致欧科技,可选消费,96.48045,,纳入,1.520912547528508,2.638190954773889
2023-12-11 00:00:00,002354.SZ,天娱数科,通讯服务,95.469601814,,纳入,2.1238938053097067,5.1056338028169
2023-12-11 00:00:00,688116.SH,天奈科技,材料,94.51554915,,纳入,4.127224536160545,-3.6443148688046767
2023-12-11 00:00:00,600475.SH,华光环能,工业,94.17757917640002,,纳入,-2.9182879377431803,1.4999999999999902
2023-12-11 00:00:00,688392.SH,骄成超声,工业,94.136,,纳入,-2.427415516420761,-0.374999999999992
2023-12-11 00:00:00,688372.SH,伟测科技,信息技术,93.544813141,,纳入,-3.677328975017502,-7.405234127449811
2023-12-11 00:00:00,002077.SZ,大港股份,信息技术,93.1459363365,,纳入,-0.49597024178549276,-3.1367628607277154
2023-12-11 00:00:00,688403.SH,汇成股份,信息技术,91.5834049257,,纳入,2.0465116279069884,-0.6457564575645836
2023-12-11 00:00:00,301325.SZ,曼恩斯特,信息技术,91.128,,纳入,1.1723954169997164,-5.013854070457857
2023-12-11 00:00:00,688031.SH,星环科技-U,信息技术,89.50771976759998,,纳入,10.321715817694365,-4.82177397071013
2023-12-11 00:00:00,300618.SZ,寒锐钴业,材料,89.1115376506,,纳入,-0.4881450488145034,-6.655348047538212
2023-12-11 00:00:00,002275.SZ,桂林三金,医疗保健,89.0166429,,纳入,-2.6974951830443183,-0.3326679973386426
2023-12-11 00:00:00,301291.SZ,明阳电气,工业,88.38382,,纳入,-0.24665257223397408,-2.43558065654782
2023-12-11 00:00:00,002127.SZ,南极电商,可选消费,87.63887338709999,,纳入,-3.25203252032521,8.05555555555555
2023-12-11 00:00:00,600138.SH,中青旅,可选消费,78.247104,,纳入,-0.4604051565377465,0.4616805170821747
2023-12-11 00:00:00,688275.SH,万润新能,材料,75.02787363869999,,纳入,0.16837851490147937,2.2595990485898776
2023-12-11 00:00:00,000420.SZ,吉林化纤,材料,73.0283897871,,纳入,-1.980198019801982,-3.0201342281879096
2023-12-11 00:00:00,300261.SZ,雅本化学,材料,71.0922389598,,纳入,-2.894736842105261,-0.809716599190291
2023-12-11 00:00:00,002250.SZ,联化科技,材料,68.9664953232,,纳入,-2.6075619295958252,-3.748326639892896
2023-12-11 00:00:00,688381.SH,帝奥微,信息技术,66.55558,,纳入,2.5252525252525304,-0.581170089112748
2023-12-11 00:00:00,688152.SH,麒麟信安,信息技术,65.5735385592,,纳入,-3.566465956461329,-7.761904761904748
2023-11-13 00:00:00,002002.SZ,ST鸿达(退市),材料,43.708603931999995,0.072,剔除,-0.7092198581560294,-2.1582733812949506
2023-11-13 00:00:00,002866.SZ,传艺科技,信息技术,60.5391037296,,纳入,1.0144927536231974,1.9286403085824633
2023-07-17 00:00:00,000546.SZ,金圆股份,工业,53.735955378,0.052,剔除,4.072398190045257,1.7621145374449476
2023-07-17 00:00:00,688209.SH,英集芯,信息技术,74.21400000000001,,纳入,-0.5067567567567544,-5.767077267637177
2023-06-12 00:00:00,002463.SZ,沪电股份,信息技术,425.0201523156,0.431,剔除,4.0578358208954945,3.1636863823933936
2023-06-12 00:00:00,600995.SH,南网储能,公用事业,353.1586414525,0.069,剔除,-9.869494290375192,1.900452488687776
2023-06-12 00:00:00,000423.SZ,东阿阿胶,医疗保健,316.87343467650004,0.351,剔除,-7.62631077216398,-4.681429681429661
2023-06-12 00:00:00,000933.SZ,神火股份,材料,316.0385199036,0.313,剔除,6.4442759666413885,-1.7793594306049876
2023-06-12 00:00:00,300487.SZ,蓝晓科技,材料,314.99181262,0.239,剔除,-2.2055763628797465,-1.6311688311688277
2023-06-12 00:00:00,002240.SZ,盛新锂能,材料,307.0353401024,0.3,剔除,-1.1740534194305763,-1.7316017316017285
2023-06-12 00:00:00,603529.SH,爱玛科技,可选消费,293.0107970394,0.152,剔除,-4.816577989358716,-7.079646017699126
2023-06-12 00:00:00,688520.SH,神州细胞,医疗保健,279.002824821,0.135,剔除,-1.9408358115511115,-2.817123072080574
2023-06-12 00:00:00,300118.SZ,东方日升,工业,268.7012675091,0.249,剔除,1.1587982832617971,0.710702341137126
2023-06-12 00:00:00,300799.SZ,左江退(退市),信息技术,267.274728,0.174,剔除,7.3234703495758335,4.674176640851124
2023-06-12 00:00:00,688516.SH,奥特维,工业,258.34476770460003,0.211,剔除,-1.0496352962106381,17.776483530706024
2023-06-12 00:00:00,603338.SH,浙江鼎力,工业,250.23712180180004,0.185,剔除,3.1948214658592766,12.694025090367855
2023-06-12 00:00:00,603826.SH,坤彩科技,材料,246.402,0.12,剔除,-6.3167259786476855,-2.5962069600441895
2023-06-12 00:00:00,688276.SH,百克生物,医疗保健,245.3099427516,0.128,剔除,-10.412369527883204,-1.9433021224719793
2023-06-12 00:00:00,600481.SH,双良节能,工业,234.0197225001,0.186,剔除,1.213592233009697,0.7999999999999785
2023-06-12 00:00:00,000958.SZ,电投产融,公用事业,230.948654508,0.049,剔除,-5.921052631578938,-5.088495575221219
2023-06-12 00:00:00,600416.SH,湘电股份,工业,226.77704273950002,0.169,剔除,5.033763044812778,1.8539976825028726
2023-06-12 00:00:00,300748.SZ,金力永磁,材料,225.29883276300004,0.149,剔除,-2.3281193161149294,-1.5029325513196468
2023-06-12 00:00:00,002518.SZ,科士达,工业,225.17338932039996,0.14,剔除,-1.6284987277353724,5.526590198123027
2023-06-12 00:00:00,300395.SZ,菲利华,材料,224.0534841766,0.302,剔除,-7.1229946524064225,1.4362657091561815
2023-06-12 00:00:00,000893.SZ,亚钾国际,材料,214.16652866650003,0.167,剔除,-3.3542976939203495,-2.212765957446805
2023-06-12 00:00:00,688200.SH,华峰测控,信息技术,213.936965888,0.185,剔除,-4.666946963781616,0.7852138197632419
2023-06-12 00:00:00,300438.SZ,鹏辉能源,工业,212.3326919498,0.235,剔除,-3.8236523192645144,4.617385649252115
2023-06-12 00:00:00,688778.SH,厦钨新能,材料,209.41772719770003,0.132,剔除,-1.1715697681122683,-0.11773940345369827
2023-06-12 00:00:00,002487.SZ,大金重工,工业,206.94966375050004,0.164,剔除,-2.8443113772454787,0.7102693104468871
2023-06-12 00:00:00,600548.SH,深高速,工业,197.7958685682,0.04,剔除,0.33185840707965486,-3.0534351145038108
2023-06-12 00:00:00,002432.SZ,九安医疗,医疗保健,195.6268724564,0.233,剔除,1.6876574307304715,-4.8065995072484435
2023-06-12 00:00:00,002761.SZ,浙江建投,工业,169.87852939580003,0.112,剔除,-2.4223602484472084,-2.0650813516896127
2023-06-12 00:00:00,601827.SH,三峰环境,工业,120.6674692,0.058,剔除,-4.894179894179896,-3.5567715458276306
2023-06-12 00:00:00,603258.SH,电魂网络,通讯服务,120.08322986,0.076,剔除,-0.5473342793431923,4.499697106485168
2023-06-12 00:00:00,002930.SZ,宏川智慧,工业,101.34637780950001,0.077,剔除,2.095671981776759,-2.667852378835034
2023-06-12 00:00:00,300657.SZ,弘信电子,信息技术,98.75651332319998,0.092,剔除,9.59349593495935,2.0304568527918843
2023-06-12 00:00:00,002293.SZ,罗莱生活,可选消费,93.8989060958,0.074,剔除,-1.1043723814382789,2.857138733250797
2023-06-12 00:00:00,601686.SH,友发集团,材料,92.11250438040003,0.06,剔除,-4.023845007451554,-2.409638554216853
2023-06-12 00:00:00,002803.SZ,吉宏股份,可选消费,90.8939109776,0.077,剔除,6.850533807829184,-0.7340241796200409
2023-06-12 00:00:00,600105.SH,永鼎股份,信息技术,89.929731776,0.096,剔除,-1.081916537867078,28.756058158319853
2023-06-12 00:00:00,603337.SH,杰克科技,工业,87.8274236632,0.043,剔除,-4.188759278897136,1.904761904761898
2023-06-12 00:00:00,300846.SZ,首都在线,信息技术,87.76269316800001,0.091,剔除,5.027932960893877,0.4239533651298366
2023-06-12 00:00:00,605339.SH,南侨食品,日常消费,87.3500273256,0.028,剔除,-2.3444976076554935,0.5967180507210346
2023-06-12 00:00:00,300842.SZ,帝科股份,工业,80.01955,0.072,剔除,6.882699517943203,-7.75056803837415
2023-06-12 00:00:00,600748.SH,上实发展,房地产,78.2094666208,0.055,剔除,4.4334975369458185,-2.7906976744186185
2023-06-12 00:00:00,002833.SZ,弘亚数控,工业,74.28268228030001,0.067,剔除,4.913121629718398,17.520858164481503
2023-06-12 00:00:00,601588.SH,北辰实业,房地产,71.044122,0.049,剔除,6.030150753768848,-3.686635944700467
2023-06-12 00:00:00,002232.SZ,启明信息,信息技术,70.67888271500001,0.051,剔除,7.587064676616939,2.4848484848484897
2023-06-12 00:00:00,300872.SZ,天阳科技,信息技术,67.82251757579999,0.052,剔除,1.883353584447156,-0.48076923076924016
2023-06-12 00:00:00,300222.SZ,科大智能,工业,65.38429920920001,0.084,剔除,-1.7584994138335142,4.191616766467066
2023-06-12 00:00:00,600103.SH,青山纸业,材料,62.4876625697,0.076,剔除,3.041825095057038,10.984848484848486
2023-06-12 00:00:00,300740.SZ,水羊股份,日常消费,60.9826123116,0.058,剔除,-5.491852745926384,8.20512820512822
2023-06-12 00:00:00,300205.SZ,*ST天喻,信息技术,60.8099184,0.071,剔除,-2.009702009702008,1.9444444444444597
2023-06-12 00:00:00,300184.SZ,力源信息,信息技术,58.9700092142,0.076,剔除,-1.1605415860735047,3.5643564356435897
2023-06-12 00:00:00,300815.SZ,玉禾田,工业,57.79584,0.029,剔除,-9.444860735642745,-1.154891304347816
2023-06-12 00:00:00,300287.SZ,飞利信,信息技术,57.69800708160001,0.087,剔除,-0.4950495049505066,5.44554455445545
2023-06-12 00:00:00,600590.SH,泰豪科技,工业,57.398134175,0.053,剔除,-0.2962962962962945,5.8282208588957385
2023-06-12 00:00:00,300355.SZ,蒙草生态,工业,57.111018083599994,0.093,剔除,-7.532467532467546,-0.557103064066844
2023-06-12 00:00:00,002425.SZ,ST凯文,通讯服务,56.8259049204,0.065,剔除,1.3651877133105783,1.1904761904761862
2023-06-12 00:00:00,300397.SZ,天和防务,工业,56.6812235775,0.068,剔除,3.693181818181812,0.5479452054794498
2023-06-12 00:00:00,002449.SZ,国星光电,信息技术,55.5392497762,0.07,剔除,-2.9189189189189113,0.11272004743136943
2023-06-12 00:00:00,300127.SZ,银河磁体,材料,55.484230012000005,0.035,剔除,-3.1038374717832773,2.396636724782808
2023-06-12 00:00:00,300791.SZ,仙乐健康,医疗保健,55.394627508,0.036,剔除,-4.0630292174921205,-3.451551614946158
2023-06-12 00:00:00,300659.SZ,中孚信息,信息技术,55.28194642740001,0.061,剔除,1.9624217118997977,-1.8099547511312153
2023-06-12 00:00:00,300590.SZ,移为通信,信息技术,55.262284982,0.042,剔除,-1.06557377049179,2.5706760707428167
2023-06-12 00:00:00,002042.SZ,华孚时尚,可选消费,54.761939631000004,0.051,剔除,-1.5290519877675823,-0.9375000000000133
2023-06-12 00:00:00,002975.SZ,博杰股份,工业,54.6788297066,0.027,剔除,-3.255240443896412,9.536149261466687
2023-06-12 00:00:00,605136.SH,丽人丽妆,可选消费,53.0207054,0.033,剔除,-4.8850574712643535,0.0
2023-06-12 00:00:00,300276.SZ,三丰智能,工业,52.679216423999996,0.051,剔除,-1.0526315789473717,4.85175202156336
2023-06-12 00:00:00,300423.SZ,昇辉科技,工业,51.989929805,0.059,剔除,-5.503770317556067,0.4798464491363008
2023-06-12 00:00:00,000507.SZ,珠海港,公用事业,51.9650215675,0.056,剔除,-0.7029876977152849,-0.7029876977152849
2023-06-12 00:00:00,300219.SZ,鸿利智汇,信息技术,50.971932431999996,0.041,剔除,-5.263157894736836,4.802259887005644
2023-06-12 00:00:00,300177.SZ,中海达,工业,50.603496488000005,0.063,剔除,0.2949852507374562,0.7407407407407529
2023-06-12 00:00:00,000823.SZ,超声电子,信息技术,50.5306876722,0.057,剔除,-4.369918699187004,3.544575725026844
2023-06-12 00:00:00,300709.SZ,精研科技,信息技术,49.94891384009999,0.065,剔除,0.41167664670658244,-7.684391080617492
2023-06-12 00:00:00,002614.SZ,奥佳华,可选消费,48.38121845599999,0.052,剔除,-1.272264631043274,2.9100529100529293
2023-06-12 00:00:00,002662.SZ,峰璟股份,可选消费,48.0,0.044,剔除,-0.31152647975077885,6.514657980456029
2023-06-12 00:00:00,300326.SZ,ST凯利,医疗保健,47.969061677700005,0.077,剔除,-2.4781341107871557,0.6015037593984918
2023-06-12 00:00:00,300255.SZ,常山药业,医疗保健,47.7768074658,0.038,剔除,-5.545286506469493,-0.5825242718446644
2023-06-12 00:00:00,000903.SZ,ST云动,工业,46.9050603966,0.051,剔除,-0.8333333333333304,3.44827586206895
2023-06-12 00:00:00,300266.SZ,兴源环境,工业,46.76960015139999,0.054,剔除,-7.3846153846153895,0.3289473684210398
2023-06-12 00:00:00,600114.SH,东睦股份,工业,46.5369525135,0.052,剔除,-4.187817258883253,1.342281879194629
2023-06-12 00:00:00,300867.SZ,圣元环保,工业,46.35902364179999,0.046,剔除,-5.063995548135791,2.06489675516226
2023-06-12 00:00:00,000601.SZ,韶能股份,公用事业,46.3556666001,0.047,剔除,-7.14285714285714,-2.304147465437778
2023-06-12 00:00:00,603313.SH,梦百合,可选消费,45.8122292816,0.042,剔除,-1.8711018711018657,3.8126361655773433
2023-06-12 00:00:00,300318.SZ,博晖创新,医疗保健,44.52107697749999,0.037,剔除,-4.88656195462478,0.1814882032667997
2023-06-12 00:00:00,300328.SZ,宜安科技,材料,44.46327984,0.053,剔除,-3.88059701492538,4.9679487179487
2023-06-12 00:00:00,603610.SH,麒盛科技,可选消费,44.45266712400001,0.032,剔除,2.819237147595355,-1.975308641975304
2023-06-12 00:00:00,603068.SH,博通集成,信息技术,44.450577453,0.043,剔除,-4.430789133247092,1.7657045840407504
2023-06-12 00:00:00,300616.SZ,尚品宅配,可选消费,44.4038625,0.033,剔除,-0.7107952021323749,-0.9571558796718338
2023-06-12 00:00:00,002437.SZ,誉衡药业,医疗保健,44.182271295,0.053,剔除,-9.865470852017955,-2.415458937198056
2023-06-12 00:00:00,000910.SZ,大亚圣象,材料,43.7918,0.04,剔除,-0.12484394506866447,-0.8771929824561542
2023-06-12 00:00:00,300439.SZ,美康生物,医疗保健,43.54707896549999,0.044,剔除,-4.453781512605048,-0.34215619817383747
2023-06-12 00:00:00,603960.SH,克来机电,工业,42.9502555,0.043,剔除,-6.841676604025338,9.005628517823649
2023-06-12 00:00:00,688788.SH,科思科技,信息技术,42.4154927175,0.027,剔除,-3.256150506512312,1.8417122946739584
2023-06-12 00:00:00,002251.SZ,步步高,日常消费,41.812951228399996,0.037,剔除,-0.20618556701030855,2.083333333333348
2023-06-12 00:00:00,601258.SH,*ST庞大(退市),可选消费,40.90890028,0.051,剔除,0.0,0.0
2023-06-12 00:00:00,000710.SZ,贝瑞基因,医疗保健,40.637832129,0.045,剔除,-4.975124378109452,2.37467018469657
2023-06-12 00:00:00,300149.SZ,睿智医药,医疗保健,40.2820174952,0.051,剔除,-2.3030303030302957,-0.8588957055214674
2023-06-12 00:00:00,600565.SH,ST迪马(退市),房地产,39.61494991560001,0.035,剔除,0.0,-1.2658227848101444
2023-06-12 00:00:00,300215.SZ,电科院,工业,38.1436210961,0.031,剔除,-3.0828516377649384,2.6369168356997985
2023-06-12 00:00:00,300829.SZ,金丹科技,日常消费,37.413556683699994,0.029,剔除,-1.9876952200662545,3.4499753573188796
2023-06-12 00:00:00,000976.SZ,*ST华铁(退市),工业,34.1475262344,0.038,剔除,3.8834951456310662,2.3255813953488635
2023-06-12 00:00:00,000615.SZ,*ST美谷,医疗保健,21.516028075799998,0.023,剔除,18.98734177215189,17.100371747211884
2023-06-12 00:00:00,688235.SH,百济神州-U,医疗保健,1841.5230585822,,纳入,-0.37685657282200413,-10.32533985031312
2023-06-12 00:00:00,603345.SH,安井食品,日常消费,458.12559038399996,,纳入,4.286286553611962,4.702380952380958
2023-06-12 00:00:00,301308.SZ,江波龙,信息技术,443.9529323262,,纳入,-3.3003597122302164,-0.7725165863855188
2023-06-12 00:00:00,301267.SZ,华厦眼科,医疗保健,398.60800000000006,,纳入,-1.0701876302988134,-5.703008030488633
2023-06-12 00:00:00,688331.SH,荣昌生物,医疗保健,374.2352408628001,,纳入,19.89537925021796,-3.3071333234465428
2023-06-12 00:00:00,301165.SZ,锐捷网络,信息技术,336.931818074,,纳入,5.197800248359052,-0.2802967848310023
2023-06-12 00:00:00,688153.SH,唯捷创芯,信息技术,311.67687479039995,,纳入,2.738432483474984,4.998563631140462
2023-06-12 00:00:00,300002.SZ,神州泰岳,信息技术,267.2968374192,,纳入,0.07342143906021725,-2.4164889836531644
2023-06-12 00:00:00,601019.SH,山东出版,通讯服务,227.26341,,纳入,2.3496240601503793,-3.151065801668207
2023-06-12 00:00:00,002060.SZ,广东建工,工业,217.876478925,,纳入,-0.46511627906977715,-1.2345679012345734
2023-06-12 00:00:00,301301.SZ,川宁生物,医疗保健,208.27636,,纳入,-1.3684210526315965,-2.120890774125128
2023-06-12 00:00:00,601801.SH,皖新传媒,通讯服务,200.909678437,,纳入,-1.9417475728155442,4.219823356231611
2023-06-12 00:00:00,600225.SH,退市卓朗(退市),信息技术,198.8842913629,,纳入,13.203883495145629,13.523131672597867
2023-06-12 00:00:00,600633.SH,浙数文化,信息技术,197.9602537972,,纳入,15.679461741788824,21.097046413502095
2023-06-12 00:00:00,002948.SZ,青岛银行,金融,196.7279896712,,纳入,1.8072289156626509,-3.2163742690058394
2023-06-12 00:00:00,688088.SH,虹软科技,信息技术,185.0142,,纳入,-8.841768353670743,5.032030287595868
2023-06-12 00:00:00,001322.SZ,箭牌家居,可选消费,182.11457408,,纳入,11.137301119622878,-0.05464480874316502
2023-06-12 00:00:00,301095.SZ,广立微,信息技术,181.92,,纳入,0.9993337774816702,-2.9247311827957034
2023-06-12 00:00:00,688326.SH,经纬恒润-W,信息技术,176.4,,纳入,13.953488372093027,18.46923076923077
2023-06-12 00:00:00,301239.SZ,普瑞眼科,医疗保健,172.7950385352,,纳入,-5.133891900772136,-10.436200570729726
2023-06-12 00:00:00,301363.SZ,美好医疗,医疗保健,172.22051,,纳入,2.393617021276606,-0.7848409903713938
2023-06-12 00:00:00,688232.SH,新点软件,信息技术,171.567,,纳入,5.7137047580317235,6.344294003868445
2023-06-12 00:00:00,603888.SH,新华网,通讯服务,169.878309528,,纳入,5.751211631663988,9.21205098493627
2023-06-12 00:00:00,001301.SZ,尚太科技,材料,169.73672364,,纳入,-1.96549137284322,0.6471030850263126
2023-06-12 00:00:00,000686.SZ,东北证券,金融,167.3423834225,,纳入,-0.5563282336578657,-0.9459459459459474
2023-06-12 00:00:00,002219.SZ,新里程,医疗保健,164.6916512711,,纳入,1.4583333333333393,-3.8539553752535483
2023-06-12 00:00:00,603477.SH,巨星农牧,日常消费,163.5215639544,,纳入,13.368421052631586,0.7209372183839102
2023-06-12 00:00:00,001236.SZ,弘业期货,金融,163.26000003599998,,纳入,6.09037328094304,-0.48484848484847687
2023-06-12 00:00:00,688110.SH,东芯股份,信息技术,159.29836283160003,,纳入,1.2651110486365136,0.530133928571419
2023-06-12 00:00:00,000552.SZ,甘肃能化,能源,153.54788321520002,,纳入,-0.29940119760478723,-1.7804154302670572
2023-06-12 00:00:00,000756.SZ,新华制药,医疗保健,151.263891607,,纳入,-5.360911777121158,1.5097690941385356
2023-06-12 00:00:00,300820.SZ,英杰电气,工业,147.772108575,,纳入,-9.758666081614741,12.255311253363011
2023-06-12 00:00:00,300260.SZ,新莱应材,工业,140.6027059242,,纳入,5.186440677966098,13.96463001749877
2023-06-12 00:00:00,688048.SH,长光华芯,信息技术,139.15538700419998,,纳入,6.539483521687095,31.230674087816944
2023-06-12 00:00:00,688262.SH,国芯科技,信息技术,138.96,,纳入,-5.4076131351086465,5.680473372781059
2023-06-12 00:00:00,601022.SH,宁波远洋,工业,138.715133404,,纳入,1.9230769230769162,-1.0367577756833168
2023-06-12 00:00:00,603100.SH,川仪股份,信息技术,137.144,,纳入,-10.974358974358989,-0.7187221976312164
2023-06-12 00:00:00,603983.SH,丸美生物,日常消费,134.40371234399998,,纳入,-0.8880994671403464,3.6275695284159637
2023-06-12 00:00:00,600648.SH,外高桥,工业,132.6087776832,,纳入,-0.256191289496166,-3.204047217537931
2023-06-12 00:00:00,688206.SH,概伦电子,信息技术,129.013441943,,纳入,0.3712453594330034,-6.867233485938518
2023-06-12 00:00:00,002396.SZ,星网锐捷,信息技术,128.665740126,,纳入,0.9771986970684043,5.405405405405417
2023-06-12 00:00:00,600787.SH,中储股份,工业,124.0637321826,,纳入,-0.7005253940455258,0.21619898587044162
2023-06-12 00:00:00,002212.SZ,天融信,信息技术,123.22256887200001,,纳入,-1.9792648444863281,-0.8522727272727404
2023-06-12 00:00:00,688261.SH,东微半导,信息技术,122.9686074117,,纳入,4.124828845276118,-3.3170966640237665
2023-06-12 00:00:00,301171.SZ,易点天下,通讯服务,122.87908966199998,,纳入,7.028360049321836,3.958416633346662
2023-06-12 00:00:00,000029.SZ,深深房A,房地产,121.803864,,纳入,5.061082024432784,-5.519480519480524
2023-06-12 00:00:00,603281.SH,江瀚新材,材料,119.80266688060003,,纳入,-0.6193868070610065,-1.3845185651353065
2023-06-12 00:00:00,000062.SZ,深圳华强,信息技术,119.54743550459999,,纳入,-4.908485856905154,2.872062663185382
2023-06-12 00:00:00,600064.SH,南京高科,房地产,117.4900618276,,纳入,1.1922503725782407,-1.603498542274051
2023-06-12 00:00:00,600006.SH,东风股份,可选消费,116.6,,纳入,1.7452006980802626,2.086956521739136
2023-06-12 00:00:00,688091.SH,上海谊众,医疗保健,115.55789168,,纳入,-0.34125034125033205,-4.7808764940238895
2023-06-12 00:00:00,002701.SZ,奥瑞金,材料,114.7674154456,,纳入,-1.327433628318564,-1.103752759381904
2023-06-12 00:00:00,001269.SZ,欧晶科技,工业,114.4947858076,,纳入,-0.2796488042831613,4.511820989720294
2023-06-12 00:00:00,300693.SZ,盛弘股份,工业,114.3281826116,,纳入,-6.3813623702203115,4.420772303595211
2023-06-12 00:00:00,000821.SZ,京山轻机,工业,113.6123595072,,纳入,-0.05479452054794054,0.4350190320826508
2023-06-12 00:00:00,603719.SH,良品铺子,日常消费,112.681,,纳入,0.29184754161006854,1.1465424579004013
2023-06-12 00:00:00,002424.SZ,贵州百灵,医疗保健,112.33152,,纳入,-1.4851485148514865,6.511056511056501
2023-06-12 00:00:00,002242.SZ,九阳股份,可选消费,111.3708684,,纳入,-2.8762541806020003,1.3157894736842035
2023-06-12 00:00:00,600201.SH,生物股份,医疗保健,111.1406272192,,纳入,-5.52380952380952,-3.8000000000000145
2023-06-12 00:00:00,300811.SZ,铂科新材,信息技术,110.54883039199999,,纳入,-1.6119520345979965,4.8413326806112655
2023-06-12 00:00:00,603871.SH,嘉友国际,工业,110.51073993700001,,纳入,3.1746031746031855,0.1338688085676054
2023-06-12 00:00:00,301367.SZ,瑞迈特,医疗保健,109.8944,,纳入,-3.6311595016275566,-9.93882091212457
2023-06-12 00:00:00,600216.SH,浙江医药,医疗保健,107.4187464,,纳入,-1.7652250661959301,1.5205724508050356
2023-06-12 00:00:00,002583.SZ,海能达,信息技术,106.96709379989998,,纳入,-0.33840947546532885,0.5093378607810006
2023-06-12 00:00:00,002101.SZ,广东鸿图,可选消费,106.3575399526,,纳入,3.659793814432999,4.73684210526315
2023-06-12 00:00:00,000736.SZ,*ST中地,房地产,105.77546409690001,,纳入,7.415254237288149,5.946560401655887
2023-06-12 00:00:00,002048.SZ,宁波华翔,可选消费,105.5881873876,,纳入,-0.5368098159509116,4.8489580856930115
2023-06-12 00:00:00,002434.SZ,万里扬,可选消费,105.53303999999999,,纳入,0.0,6.777493606138085
2023-06-12 00:00:00,300416.SZ,苏试试验,工业,104.8117028166,,纳入,-1.151079136690658,-2.9039812646370122
2023-06-12 00:00:00,001338.SZ,永顺泰,日常消费,103.1558594704,,纳入,16.28959276018098,6.206527554842167
2023-06-12 00:00:00,603057.SH,紫燕食品,日常消费,101.97,,纳入,-1.6686531585220488,1.0638297872340274
2023-06-12 00:00:00,301316.SZ,慧博云通,信息技术,101.962549,,纳入,-3.3371255214258655,1.3655872024970872
2023-06-12 00:00:00,605020.SH,永和股份,材料,100.44304660210001,,纳入,-2.650918635170607,1.2507344688926336
2023-06-12 00:00:00,002053.SZ,云南能投,公用事业,99.8070738976,,纳入,0.8460700578919234,1.0018214936247771
2023-06-12 00:00:00,301327.SZ,华宝新能,工业,99.25344,,纳入,-0.9465686885041791,1.0003798910978912
2023-06-12 00:00:00,600313.SH,农发种业,日常消费,98.480078333,,纳入,2.824858757062132,-1.6393442622950838
2023-06-12 00:00:00,688337.SH,普源精电,信息技术,96.73514983199999,,纳入,-2.426657008330302,11.35531135531136
2023-06-12 00:00:00,688167.SH,炬光科技,信息技术,96.34539737280001,,纳入,1.465550057099363,4.884669809223929
2023-06-12 00:00:00,002840.SZ,华统股份,日常消费,95.981620653,,纳入,3.094140882159313,-3.2724984266834567
2023-06-12 00:00:00,300463.SZ,迈克生物,医疗保健,95.66774995799999,,纳入,-3.3415841584158446,1.2804097311139628
2023-06-12 00:00:00,688270.SH,臻镭科技,信息技术,95.5128818,,纳入,-0.9670259987317631,-2.3628167262552457
2023-06-12 00:00:00,688173.SH,希荻微,信息技术,95.48873525220002,,纳入,0.0,-3.275934481310361
2023-06-12 00:00:00,002416.SZ,爱施德,信息技术,95.30077088140001,,纳入,-1.5364916773367376,0.6527415143603221
2023-06-12 00:00:00,300869.SZ,康泰医学,医疗保健,94.5032122944,,纳入,-6.332138590203096,-1.045150501672254
2023-06-12 00:00:00,000990.SZ,诚志股份,材料,94.302432716,,纳入,-2.485308776253614,-1.7879948914431676
2023-06-12 00:00:00,600340.SH,华夏幸福,房地产,91.58105600279998,,纳入,1.7391304347826209,-2.521008403361358
2023-06-12 00:00:00,688239.SH,航宇科技,工业,90.44904487199999,,纳入,-3.2766225582860797,-3.47879157766251
2023-06-12 00:00:00,002191.SZ,劲嘉股份,材料,89.42996304,,纳入,3.2258064516129226,-1.4681892332789603
2023-06-12 00:00:00,300630.SZ,普利退(退市),医疗保健,87.9686684352,,纳入,-2.796528447444535,1.9617459538989523
2023-06-12 00:00:00,601101.SH,昊华能源,能源,87.26387431559998,,纳入,0.0,-0.3252032520325243
2023-06-12 00:00:00,688123.SH,聚辰股份,信息技术,87.1603850145,,纳入,-4.985453583708033,3.982189786439072
2023-06-12 00:00:00,688046.SH,药康生物,医疗保健,85.895,,纳入,-0.1905669366364937,-3.7122969837587005
2023-06-12 00:00:00,688238.SH,和元生物,医疗保健,84.43888869,,纳入,5.528846153846123,-6.922498118886377
2023-06-12 00:00:00,002124.SZ,天邦食品,日常消费,83.3154259578,,纳入,3.661327231121292,3.3707865168539186
2023-06-12 00:00:00,688190.SH,云路股份,材料,81.61200000000001,,纳入,0.16200294550809957,-0.8063375300608189
2023-06-12 00:00:00,002125.SZ,湘潭电化,材料,75.7895982452,,纳入,-1.2305168170631653,-1.0699588477366406
2023-06-12 00:00:00,002068.SZ,黑猫股份,材料,69.91327822599999,,纳入,-3.409090909090906,20.39473684210529
2023-06-12 00:00:00,002002.SZ,ST鸿达(退市),材料,68.99705336939999,,纳入,1.8433179723502224,1.7937219730941756
2023-06-12 00:00:00,605333.SH,沪光股份,可选消费,68.573844717,,纳入,1.0946555054732743,6.608811748998655
2023-06-12 00:00:00,002932.SZ,明德生物,医疗保健,65.91969130950001,,纳入,-7.262019039705525,-5.106970324361637
