,alpha101__alpha001,alpha101__alpha002,alpha101__alpha003,alpha101__alpha004,alpha101__alpha005,alpha101__alpha006,alpha101__alpha007,alpha101__alpha008,alpha101__alpha009,alpha101__alpha010,alpha101__alpha011,alpha101__alpha012,alpha101__alpha013,alpha101__alpha014,alpha101__alpha015,alpha101__alpha016,alpha101__alpha017,alpha101__alpha018,alpha101__alpha019,alpha101__alpha020,alpha101__alpha021,alpha101__alpha022,alpha101__alpha023,alpha101__alpha024,alpha101__alpha025,alpha101__alpha026,alpha101__alpha027,alpha101__alpha028,alpha101__alpha029,alpha101__alpha030,alpha101__alpha031,alpha101__alpha032,alpha101__alpha033,alpha101__alpha034,alpha101__alpha035,alpha101__alpha036,alpha101__alpha037,alpha101__alpha038,alpha101__alpha039,alpha101__alpha040,alpha101__alpha041,alpha101__alpha042,alpha101__alpha043,alpha101__alpha044,alpha101__alpha045,alpha101__alpha046,alpha101__alpha047,alpha101__alpha048,alpha101__alpha049,alpha101__alpha050,alpha101__alpha051,alpha101__alpha052,alpha101__alpha053,alpha101__alpha054,alpha101__alpha055,alpha101__alpha056,alpha101__alpha057,alpha101__alpha058,alpha101__alpha059,alpha101__alpha060,alpha101__alpha061,alpha101__alpha062,alpha101__alpha063,alpha101__alpha064,alpha101__alpha065,alpha101__alpha066,alpha101__alpha067,alpha101__alpha068,alpha101__alpha069,alpha101__alpha070,alpha101__alpha071,alpha101__alpha072,alpha101__alpha073,alpha101__alpha074,alpha101__alpha075,alpha101__alpha076,alpha101__alpha077,alpha101__alpha078,alpha101__alpha079,alpha101__alpha080,alpha101__alpha081,alpha101__alpha082,alpha101__alpha083,alpha101__alpha084,alpha101__alpha085,alpha101__alpha086,alpha101__alpha087,alpha101__alpha088,alpha101__alpha089,alpha101__alpha090,alpha101__alpha091,alpha101__alpha092,alpha101__alpha093,alpha101__alpha094,alpha101__alpha095,alpha101__alpha096,alpha101__alpha097,alpha101__alpha098,alpha101__alpha099,alpha101__alpha100,alpha101__alpha101
alpha101__alpha001,1.0,-0.14651351368219676,-0.010226660844033642,-0.2682257636861553,-0.27710255392789923,-0.03514255597369452,-0.12805257664769132,-0.21217199005248288,-0.22553912993317343,0.24087344428227822,0.07152976125058783,-0.13703313483203808,-0.11377308485573882,-0.05394667043292845,-0.05703722979424427,-0.1190133879170456,-0.1737992678412173,-0.16206917077413288,-0.289264199694862,-0.016431302428225058,0.3316162573895718,-0.08677683525077912,-0.39372719371585135,-0.11495583619904803,-0.2884227552714097,-0.06396071177868567,0.0,-0.036686942423157246,-0.20718675211505808,-0.44745965418364464,-0.3850053389624978,-0.16647927015286304,-0.3035472373570181,-0.32719418279054285,-0.28956080516675875,-0.03492752254105176,-0.2128349362094493,-0.47561980807107035,-0.3527458931769229,-0.06980239574670216,0.0163359569628662,-0.02549372751408354,-0.11804447252716915,-0.11830563910000727,-0.08905804929883035,-0.18921056185893384,-0.23800328740832385,-0.09898649515515738,0.0,-0.05112069489652974,-0.10448644594243583,0.291042204847115,0.021719312213802917,-0.0441151032869622,-0.3595036585382119,-0.08109054514194412,0.29639017078999774,0.019478480383880878,-0.05297360865548252,-0.3943394773638425,-0.10672375659720913,0.3682364070350479,0.0025614521313146632,-0.07513352015283553,-0.37801713995905434,-0.09294683301734619,0.3101542019423962,0.020598818508194915,-0.04384911436448415,-0.31982401333004246,-0.0957068601361844,0.29752219082168985,0.020210094236953788,-0.04913150835311117,-0.3653318903660241,-0.1070927863711745,0.3064025081555861,0.018531126970467836,-0.058728390928371794,-0.387611401636156,-0.1026873206773589,0.3682645730609792,0.01797946723506217,-0.0800205827797696,-0.33945234874848346,-0.10722490272574764,0.31371957534430195,0.01967715348341958,-0.04607454404567239,-0.3706083528965065,-0.0823169941157624,0.3051870628167867,0.017842958508311878,-0.054417562412905546,-0.3700498230121315,-0.10204682899707619,0.2693145543095147,0.01737804915312181,-0.06750768135905898,-0.3281470684368304,-0.0951678344858612
alpha101__alpha002,-0.14651351368219676,1.0,-0.011201286946694053,0.2561980433555186,0.20872423070364057,-0.006331100007508383,0.22693174427643167,0.2038534543517926,0.05648766989882372,-0.05570222818025877,0.047518065319644864,0.15180162560684662,0.29022610536132926,-0.006811347979751144,0.11264565298584037,0.2118641071849923,0.1826299540082374,0.009591772326006616,0.3271325541590488,-0.03272282554020533,-0.30828403496402884,0.06154715407607046,0.12110837761304256,0.08149689532593454,0.07389386511825306,0.27479567737215027,0.0,-0.06029880517075732,0.2618152936520969,0.06609059888016286,0.28596937846107434,0.09983333446366495,0.1151613511461559,0.06310787563131845,0.24064727312032871,0.05683951429905185,0.08561577803990132,0.25574320376685833,0.30754039312064363,0.16589599800061083,-0.01738393682956848,0.020977972795373136,0.13543050455276348,0.20432220715864877,0.12705963484865376,0.18000608387094855,0.26512160971696097,0.029567950186334485,0.0,0.2101822071891954,-0.24251331148472993,-0.18699516526753507,0.004420942751544228,0.12263861062752478,0.19482725644296933,-0.274828642032324,-0.17568799043999492,-0.011504488979768102,0.1372289735655322,0.06879969238867924,-0.1491333563829426,-0.19373478165256017,-0.08905013424156345,0.14940857933641163,0.05725516691629354,-0.20984949406843642,-0.19606812433815254,0.009486649910155806,0.11803414179669333,0.016551371652719245,-0.2716361076726421,-0.18285067704552715,-0.0023997931775378532,0.1292290611262543,0.17739085817016495,-0.13376792140391416,-0.1672903336358943,-0.031577817048324554,0.14620601808758135,0.050031862849757434,-0.16968920594148315,-0.18635137669357532,0.010027264877303661,0.13564836822082746,0.026081977479010168,-0.24068279612334303,-0.19121484385826162,0.0035195108203219553,0.1231367134458821,0.1870650904177663,-0.275118810363834,-0.1749636885148779,-0.013864246642748225,0.13811669064217175,0.15367195511951443,-0.15182093825198043,-0.18623292431181757,-0.054316461995383605,0.14333059045991686,0.0389626663927109,-0.20857838175054966
alpha101__alpha003,-0.010226660844033642,-0.011201286946694053,1.0,0.024142069097578704,0.0127477386317353,0.5079466372075573,0.19178179712393031,-0.01345867755020299,-0.0021839682788624055,-0.006695624635187931,0.053720345036310985,0.032442852296902684,0.2417443684982023,0.4274699658350775,0.17439342424210835,0.1999154597662927,-0.00028131454392237064,0.09553066365383801,0.012076762228407657,0.010995290896901176,0.01476066887815284,-0.033194590922746514,0.010461097318239928,0.06479722270592472,0.009281960294509374,0.12832831101116796,0.0,-0.11025973146683435,0.03624306900876286,0.04587618284452864,0.044157785457685485,0.05441934435665722,0.008150567327489226,-0.005944057345284204,0.09293825918660883,0.046269770668924466,0.03594592574221606,0.0024681433678493928,-0.03665635496005836,0.3901265084156716,0.012967239400419037,0.011190266179271147,0.12322253198656062,0.2007251242279191,0.026539763604291982,-0.03126984591794158,-0.0017523102040763723,-0.0020075175109015336,0.0,0.36537397154842255,-0.22963787141134354,0.011517685324414587,0.24501473839908963,0.6522274751628507,-0.05425219195862012,-0.15124120388369666,0.005369365457861681,0.24709443613397153,0.6210027369304876,0.0019462279088831322,-0.3599209611721677,-0.00018244230341939833,0.27496861489565183,0.4779380046527271,0.009872231788362116,-0.2719518855273474,0.0271582912362872,0.2505675382871998,0.6115429005140655,-0.009793946610008382,-0.1898639626124627,0.013260587236640075,0.2568837782991845,0.6823161901613933,-0.05294160914345295,-0.3484424321184479,0.006162864645859659,0.24699770178717503,0.5473667369035384,-0.0005068958333535844,-0.3223244229221283,-0.004090142307827588,0.2614966539706847,0.39718812930848174,0.013530888634223233,-0.23013142643260368,0.027707119227078324,0.2691509560646683,0.6533749991839825,-0.04438582291935321,-0.15070725564144974,0.014335578652531891,0.2625946817124761,0.6221511581772017,-0.050111958703287975,-0.3513569148640287,-0.002168782957328817,0.2384957650222258,0.468562095939038,-0.00021760279704718407,-0.2769216883881742
alpha101__alpha004,-0.2682257636861553,0.2561980433555186,0.024142069097578704,1.0,0.3658521526123488,0.036159525759183075,0.3250298511914639,0.35995087607379317,0.08936003719435337,-0.0964828568744594,0.06029812402494599,0.12073210427537284,0.21643595521296874,0.026141235777476315,0.11245430794125971,0.21126556271905053,0.301564879178112,0.09898485781694588,0.5141425416150498,0.007428827121447324,-0.45557906637928924,0.07765529074099964,0.2882898447953922,0.14364551181477975,0.16192615053436174,0.17651696109550763,0.0,-0.08075732919678624,0.42129524573640065,0.24727152557330553,0.49022404849529194,0.2086914646794774,0.16377190946133935,0.1296899555250558,0.41795492750848473,0.053390529577967735,0.14978664855137672,0.384416334019041,0.4957392795186737,0.12502997085806908,-0.012730062805792952,0.0031887539366499632,0.2101843557302719,0.15966569518919305,0.1004399310670209,0.2816828888379101,0.44084363875644533,0.03821636085549544,0.0,0.13671305225756272,-0.022974291258454765,-0.26470855563262863,0.0019286099364098214,0.10443032511749345,0.32127583160771184,-0.08852023655330081,-0.2505464711650447,-0.008692806909166252,0.10501479986356918,0.13549775534854505,0.02392425102330784,-0.29139131111780087,-0.026432930023922836,0.12420451726961783,0.11167137986920941,0.0006472169139073898,-0.2801709126603326,0.010328130229720974,0.1037956946707814,0.03988399483476435,-0.05595129443871632,-0.2613017392625305,-0.001505287971176903,0.10673624982934667,0.29861060820267893,0.05020864358303223,-0.2435580096334554,-0.015559074892403997,0.10870323403311186,0.10004058397343768,0.01002897222762117,-0.2826246437236694,0.01745625762628837,0.12229463419224552,0.04830969522328307,-0.026790142102166743,-0.274641377633356,0.006865131421685447,0.10649134986156943,0.3087764902628937,-0.09072265376520328,-0.25554526199665756,-0.00618074126726473,0.1076710928425141,0.27021153954376864,0.04189840671363321,-0.2534837217741005,-0.024351852813191435,0.11091759955499761,0.06413870538323543,-0.011157661885085905
alpha101__alpha005,-0.27710255392789923,0.20872423070364057,0.0127477386317353,0.3658521526123488,1.0,0.016581620882020812,0.2687407617917812,0.4044752831548918,0.2669432391542005,-0.2798575244852377,0.2027193113535376,0.07747319009691614,0.16407873792849534,0.044538416239249805,0.0721786661468912,0.14153215633168767,0.1708122588659614,0.1854537399797149,0.47644653758119404,0.072692556353376,-0.38015926147782847,0.08077194392281309,0.23883665711578655,0.10800040816571692,0.31817681418620686,0.14807308025728907,0.0,0.08003910851843969,0.4277463970941438,0.2608151113408527,0.531278983453422,0.3230723560671542,0.32188557450011274,0.25998803975272317,0.28524266156673794,0.1222042725301844,0.300714502682519,0.5083457114987272,0.6029106980014509,0.05169347517526148,0.09294290096918473,-0.07258218325453339,0.17514383959911242,0.11757444903333265,0.05991808622772991,0.3529750200293328,0.4945703107786016,0.07363575943322621,0.0,0.10210267455068964,0.050996809917730083,-0.47121289142499606,0.051855631413145094,0.0646962777927911,0.27257919145744164,-0.0013039251217426202,-0.4706658722445341,0.04282654853724574,0.07101042727851634,0.02520211887754963,0.11165035352307902,-0.4759212533198585,0.0391966760970723,0.086670754478233,0.017103280615226014,0.0807062964804808,-0.4838240932855429,0.05770768578803286,0.06191661745861706,-0.03705648789890676,0.024316390160396658,-0.4689595874137414,0.04868502574402854,0.06909846050475517,0.24801827988535063,0.13185936252072,-0.4690533858286303,0.03845627187766148,0.07513036561991662,-0.0070594121444393886,0.09415390942928606,-0.4641307828428236,0.06847827605140082,0.09102416789541223,-0.05273142858587308,0.05069354907683218,-0.4774799399509836,0.05507125165735292,0.06454214325989807,0.2525577980194559,-0.0038121003074513674,-0.46568370356659655,0.04483418437762026,0.07319891344512759,0.21842311485002433,0.12311946275434127,-0.465646631396022,0.032607941582669754,0.08107489869684112,-0.03468988093789908,0.0724643803762833
alpha101__alpha006,-0.03514255597369452,-0.006331100007508383,0.5079466372075573,0.036159525759183075,0.016581620882020812,1.0,0.33482701769803636,0.010012279382578726,0.006609798801325868,-0.022050715175308298,0.033330512455202146,0.04601108136357035,0.16469626131451098,0.8428472191924359,0.1096917123098809,0.32725207135060574,0.01196978136106028,0.16073165193631037,0.04739812453148463,0.031080237180768664,-0.11468117097416154,-0.04256506260917283,0.10304292597225848,0.09323079502880453,0.0324053360813231,0.26055859309465246,0.0,-0.1261175592611844,0.054798333378643885,0.09040762841024909,0.038326781797611176,0.061460023012855955,0.026808514681058285,0.014615100837187034,0.13265418004961063,0.12665167927531723,0.059127172911582315,0.019528479267847437,-0.0010380689159184225,0.6442447852272978,-0.0028285126932391796,0.0028456697008044417,0.18543112382106686,0.27617570249474205,0.038048667931554855,0.016223351332794036,0.0049562210533404035,0.007711086598760564,0.0,0.20409979000421533,-0.3714728099770772,-0.004740641713802502,0.45978420437087536,0.4042695813906786,-0.029187975480821457,-0.23732293221060616,-0.014010985663254845,0.4584939490725705,0.3750878987497044,0.016589416381241673,-0.5954498358604904,-0.03847246661589773,0.5063677441477005,0.30803326250115054,0.050495728591877724,-0.4448859343361594,0.009375698829871848,0.4731277416028326,0.3935997627188372,0.032509955218104174,-0.30130034607255557,-0.002907753009599965,0.4833208494540946,0.41636322987203517,-0.026932393401535786,-0.586688225674823,-0.013321546100442548,0.45571863020415676,0.3318379708465144,0.008674524716448516,-0.5270136879086504,-0.042956087435212474,0.49534926063468626,0.2596014589210406,0.054884130742356305,-0.37045591751277873,0.009658662632139792,0.5110528253246795,0.41107908989079495,-0.01712515291661407,-0.23422223210693224,-0.0017996056869713421,0.49316226857820133,0.3775805895342031,-0.022278623579775128,-0.5882629322003803,-0.01763891032251824,0.43922570923503046,0.2863226578947359,0.006819281840304571,-0.4510032173644988
alpha101__alpha007,-0.12805257664769132,0.22693174427643167,0.19178179712393031,0.3250298511914639,0.2687407617917812,0.33482701769803636,1.0,0.2200658948273549,0.05762532333130103,-0.07181245999614919,0.27004860515874357,0.1281437904017841,0.2787953712649139,0.3035746927538886,0.14568385363966868,0.32231903467173384,0.18390987710283488,0.19762819509586763,0.42180647423408313,-0.04089264428366867,0.2893686387834941,0.0852142034899524,0.0865794305612353,0.1931230239724356,0.10622864116033444,0.18946850788287303,0.0,-0.22149804355151048,0.33496937378595837,0.24302122876982674,0.3532540986647022,0.16763396050131457,0.14389535945248338,0.039705879099642856,0.49372433316970066,-0.01993247952344136,0.16250503767635072,0.25897818075241685,0.3498013614542451,0.37480005032756375,-0.05524857389567253,0.054209573457035344,0.5569440596447781,0.19380155673588442,0.12430394059437695,0.21648311649400676,0.3204931476538475,0.04050542561838326,0.0,0.19751226533254734,-0.3924932012558067,-0.23209497137554425,0.08912074245742993,0.26534510658281946,0.10451533719058169,-0.3539655779327952,-0.22396738597456897,0.07426133708565033,0.26655142756515304,0.03875926349793086,-0.3551421167443609,-0.22782927613622175,0.06266513167968504,0.2649872443942289,0.020585079349860154,-0.39109696185901144,-0.23083457547441708,0.09754330173639802,0.26688464733648304,-0.049666401586512636,-0.3753098482747901,-0.2274232638853457,0.08739739897747507,0.26647638911469346,0.08442277470737648,-0.3636111584733581,-0.2213286439948492,0.06049205647262114,0.2624921929157426,0.03193198087118967,-0.3808927914401566,-0.2220048098019731,0.11683771637596295,0.24401186734837463,-0.011368181336049079,-0.39119200284710537,-0.22682479605486047,0.09707769967733061,0.2684285880170367,0.11095194552823677,-0.35184429525557337,-0.22183064774586994,0.07936049558185476,0.2687809611727726,0.06510410666561339,-0.355219852922888,-0.2341545988164568,0.042847856721089136,0.25362705032636934,0.03617202835389874,-0.3926760461404284
alpha101__alpha008,-0.21217199005248288,0.2038534543517926,-0.01345867755020299,0.35995087607379317,0.4044752831548918,0.010012279382578726,0.2200658948273549,1.0,0.14917005356816285,-0.148278237360979,0.05895767723389571,0.15062838033898726,0.16953454997872183,-0.0036807875276475134,0.07477570111057007,0.14442253351449746,0.2286656685819193,0.14140298186699757,0.4107398309134234,0.011904930553523114,-0.386576143156577,0.15205092451248706,0.2793792418344081,0.10426479083800876,0.20624804060174912,0.12898599166773125,0.0,-0.0405902926157232,0.4399519013017135,0.20350597273850957,0.2861843521810421,0.3299218489938672,0.2014228873105537,0.17801375005213393,0.2934259548529713,0.06430619358599497,0.15803026145672416,0.36279003935065873,0.48771916951602584,0.0989758512476545,-0.027516466278089107,0.027178162998873587,0.2017523685422599,0.11864131583465044,0.10504942511091246,0.5197353258338151,0.5142766773970421,0.06114463432809984,0.0,0.08258503984644527,0.07461593033739364,-0.3334992964587022,-0.009351612032027166,0.06048036878843461,0.5003650346054559,-0.017401794303933415,-0.28658880791866065,-0.012450605002273825,0.06989840968469035,0.03067509887339878,0.10803486163603693,-0.4214150917671406,-0.05004973773906305,0.10537583628206623,0.07183670555845666,0.11665625557567876,-0.47003711587043406,-0.0014140976884310054,0.058682633371017694,0.14598101303606764,0.03054547433537632,-0.3364147513662797,-0.012315038145353422,0.05882875478985739,0.4816748581863601,0.1447306611999871,-0.28383687791577666,-0.01668043141455471,0.0823787123018059,-0.039893160427472533,0.096909407841672,-0.3976680297247456,0.01950542234914781,0.1095645417358909,0.0005897734034273511,0.06951524001824337,-0.4679831175534545,-0.007452010312847775,0.061584860407007745,0.47747817534264847,-0.014659995920112275,-0.3375489884188853,-0.015433023966055778,0.07133187064097556,0.45119608803376915,0.1360062056057284,-0.2614990816645014,-0.026394089683408183,0.09525469895981967,-0.09180876981698816,0.09031000994107398
alpha101__alpha009,-0.22553912993317343,0.05648766989882372,-0.0021839682788624055,0.08936003719435337,0.2669432391542005,0.006609798801325868,0.05762532333130103,0.14917005356816285,1.0,-0.8244761780371175,0.013647357481519247,0.09158724825954942,0.06352813098618183,0.0895514256381743,0.018215600829991928,0.07456666358478119,0.33916941476445256,0.39682135001472285,0.13911021024637538,0.009504466941006057,-0.0985304750013733,0.09476679956552446,0.2363167285655054,0.07412873947585515,0.765775584399119,0.013551811099402728,0.0,0.18211026703614344,0.06037028793496889,0.24527066604300837,0.22614503456344745,0.21571401194318218,0.5868388441061052,0.580418878618394,0.23017048949731506,0.2270003836684781,0.4798096888325479,0.5227678107940609,0.35063728386802806,0.029210966420982074,0.01786385003034546,-0.0033966755954799566,0.11520559513268683,0.0909010748875886,0.04152217450000222,0.3177512369940198,0.15214042257650578,0.2188193941569286,0.0,0.012847422388533357,0.09972045914849129,-0.33253479414216075,-0.00020988253289192584,0.014810857614463374,0.2539849150354822,0.10811405271239251,-0.3462875214868639,0.0016242446358768227,0.023309810241639063,0.32667212216366764,0.1205343901039719,-0.36264554891301176,0.006320810230929114,0.037334061168862065,0.33140655378864736,0.11104460445387161,-0.34022751619318187,0.0005483198118264395,0.012353324786119713,0.30220551480621494,0.09895592466286193,-0.3388967987350457,0.0004218644599228637,0.01876893760104182,0.2637538506435075,0.09684864949967938,-0.3576032351149221,0.002111767496640506,0.026509071984731243,0.3354586596344314,0.11897166242093861,-0.3623048623943593,-0.0016178781202057593,0.0524771558578245,0.33375470292037074,0.10795532151523543,-0.3419692753229083,-0.0009442689585281658,0.012657748469874311,0.2643643691773207,0.1109563871183415,-0.34663909643610863,0.0012952724535952274,0.024679999137511097,0.2752741979568769,0.09959000544511341,-0.32060384973890044,0.004191845521754834,0.03874672016401772,0.33964695822653146,0.12186393065439992
alpha101__alpha010,0.24087344428227822,-0.05570222818025877,-0.006695624635187931,-0.0964828568744594,-0.2798575244852377,-0.022050715175308298,-0.07181245999614919,-0.148278237360979,-0.8244761780371175,1.0,0.022183479321982256,-0.07345079004338664,-0.07045488324996249,-0.11837140195934501,-0.015190415310976306,-0.09586574200946656,-0.36559068056114996,-0.39924721040857775,-0.15609439360620256,0.024582968441373265,0.08878023845188183,-0.08291795060640718,-0.2851005398388736,-0.11704369550455714,-0.8411338832112246,-0.008375076813961551,0.0,-0.14920059419103446,-0.059307950673915984,-0.30048804390971673,-0.22805896636251277,-0.1779097001016151,-0.6814155095982344,-0.61653383275365,-0.2443911602989192,-0.20017294297464408,-0.5107772058939593,-0.6163269364856516,-0.388056828828007,-0.05915627721353446,0.04820543842936626,-0.04889799639486439,-0.12275757371881625,-0.09211410391393182,-0.0038605277535737285,-0.31843251711197607,-0.15698403972686437,-0.23226679943063086,0.0,-0.020783021528133837,-0.1051840728919132,0.3894661750577414,0.04315156991177652,-0.03437980305784013,-0.28464128868803845,-0.11727772516003863,0.4074051054582814,0.041159644874149894,-0.04104436619092842,-0.3868048405275845,-0.1269507243070299,0.4213143543285448,0.033662393034647575,-0.0560684336897457,-0.3914248371334894,-0.11874107498878336,0.39693978518102535,0.042339343416763826,-0.032930299237711624,-0.37176297770918665,-0.10551578047140561,0.39643860390465147,0.04239675865602855,-0.03708807539152391,-0.2960042991712506,-0.10444123356036736,0.41948273682590814,0.04029962185440287,-0.04445270676403836,-0.4029252913884727,-0.12612003011580755,0.4207700289754925,0.04373501060378605,-0.06760569759689593,-0.4074719323022249,-0.11304679171178016,0.39854234576049097,0.04325267174525193,-0.032691638536139496,-0.29629952115253333,-0.12018183286945136,0.4050313452267982,0.04122115391190458,-0.042137353193130445,-0.3087407112248864,-0.10776044280113893,0.3795587502240989,0.038195923413153206,-0.055175192559975716,-0.4286176253158136,-0.1282311519465104
alpha101__alpha011,0.07152976125058783,0.047518065319644864,0.053720345036310985,0.06029812402494599,0.2027193113535376,0.033330512455202146,0.27004860515874357,0.05895767723389571,0.013647357481519247,0.022183479321982256,1.0,0.00419176425601072,0.08067195486021207,0.0157466554117088,0.021036771477475884,0.06615726290812336,-0.012301895646725283,0.07097884560786577,0.04153539580284667,0.04602721065115746,0.11679897233321604,0.022923404618754167,-0.10015652425527947,0.011610347328447738,0.0040895811907774296,0.014794232782464632,0.0,0.05025551863027249,0.06753294342379874,-0.027771823521421348,0.08843618248059272,0.06344661063374793,0.02633537277530745,-0.09071463484816307,0.2030976637550804,0.01350155405299115,0.06884219085489936,-0.015877500929756403,0.05708301339330718,0.016408189186912187,0.06172922991990418,-0.04520760613690013,0.30628831438116083,0.05129880023587319,0.02096792842630906,0.025038362784084764,0.23009278877495823,-0.004901633060296064,0.0,0.02713441587610371,-0.16061633491533367,-0.09517985107840529,0.0562592169704226,0.043918348512014316,-0.035534003349710463,-0.15962041730149198,-0.10028268674276986,0.05793453635656548,0.04605983814297532,-0.08877526979140289,-0.17269417036132712,-0.08086849873919595,0.05968270574816616,0.052609957011586495,-0.09654828860693661,-0.16617112729977185,-0.09228610088602708,0.05529854618038334,0.044812990794419,-0.10968487934644082,-0.16909611790669168,-0.09250741292053076,0.05779829777897331,0.04574790235728712,-0.04412641902337532,-0.14289582010965737,-0.09902418923842778,0.05612575662079732,0.048153026132196956,-0.10157905275753408,-0.17389633974562593,-0.07830849243741027,0.05909077953524765,0.05239477617096269,-0.10933840908302661,-0.1691138236703027,-0.09032715644569117,0.05450063872402067,0.045901261175992754,-0.038881308094386016,-0.164951396872996,-0.09103143386342792,0.05769553264888148,0.04691817681236974,-0.054419895315430664,-0.14537248224352264,-0.10238142638445936,0.054937245158805256,0.0508380252841139,-0.11179384426558786,-0.17692375823458403
alpha101__alpha012,-0.13703313483203808,0.15180162560684662,0.032442852296902684,0.12073210427537284,0.07747319009691614,0.04601108136357035,0.1281437904017841,0.15062838033898726,0.09158724825954942,-0.07345079004338664,0.00419176425601072,1.0,0.15973108928810373,0.05430051858867391,0.07472480002690711,0.21649751832018485,0.11918471276253692,0.13543456929671535,0.17163046108555902,-0.06890729394564792,-0.13244126804585124,0.1418293494653466,0.21876667444601877,0.18371032393401804,0.06749989337333527,0.0944487266355301,0.0,0.002098286161678664,0.1647726401277931,0.04868476780091927,0.21838141124441854,0.12911654106764625,0.13236596577363197,0.09247500212197989,0.20107843972096265,0.0849106598873062,0.07585317148812779,0.18836302221277085,0.21807346684539727,0.20370837761341956,-0.14359298948036922,0.11860556427772817,0.11699189089859607,0.16743790589674082,0.7418402352111144,0.1551941282607062,0.18025565541773006,0.059547828358008884,0.0,0.07657212244719297,-0.06161944823126267,-0.10662484759334064,-0.07443040423130656,0.12834379791481382,0.12137876544676247,-0.12208036132324743,-0.10391899410171289,-0.07474588179484654,0.1369362333979152,0.08665262200103062,-0.018213252252837396,-0.12598042546805527,-0.08371495177134852,0.14904740841996833,0.0910580032741278,-0.04432178948446848,-0.1120250967501978,-0.07586792168259568,0.12376952264952183,0.05061535899936832,-0.08569207224482184,-0.10703473303580814,-0.0753207641893489,0.1322976081385371,0.11781677004397552,-0.01772602128934607,-0.10516574544197702,-0.07711380356567624,0.14122443513360977,0.07759749788219682,-0.02830056381051208,-0.12586891525306468,-0.07748267557410034,0.15701315182191888,0.06621716358966036,-0.057844482074848165,-0.11252134727546151,-0.07667271092656452,0.1283363842095936,0.12301601335693808,-0.12007916331170614,-0.1084981878428706,-0.07702858763405632,0.13835446804938484,0.1143443122145071,-0.025884450582192117,-0.09916234273567413,-0.07934667684988744,0.1467391798882907,0.06333049216496967,-0.039427803630487354
alpha101__alpha013,-0.11377308485573882,0.29022610536132926,0.2417443684982023,0.21643595521296874,0.16407873792849534,0.16469626131451098,0.2787953712649139,0.16953454997872183,0.06352813098618183,-0.07045488324996249,0.08067195486021207,0.15973108928810373,1.0,0.1462193056014559,0.385472325785973,0.4663606533352869,0.12022597988430891,0.06091629366270934,0.236024971101457,-0.029423668629513733,-0.23731398711940396,0.23212429340911345,0.10575970368282407,0.10263987651188917,0.07724515481283802,0.2556939729177522,0.0,-0.10630491479740932,0.20675215149563098,0.04702656272824635,0.24390076527844423,0.09809591916287719,0.10494029649611732,0.04958593694562854,0.24419487147517768,0.090508833888751,0.09471934917669426,0.21175818308908576,0.21139983834103532,0.2900610980343436,0.02988797652107824,0.06383288852554639,0.17428357032544758,0.4812752577707569,0.12086968876507674,0.12948822854926448,0.15691465917027683,0.01995606811483711,0.0,0.4153272630967245,-0.30263691792267855,-0.14498563761900127,0.06255436082680484,0.35326906346922904,0.12959726408575736,-0.4091467097716089,-0.14240377842036744,0.06251435916825646,0.4062053913823097,0.05899707025806734,-0.2161552672300633,-0.14551150868027693,0.08223650599578701,0.4931905929931123,0.03715253083862405,-0.26256095958198106,-0.14793514387933368,0.06315398073477357,0.3320321360679725,-0.003201287093714242,-0.3539382286233446,-0.14266206193020914,0.06375741332581042,0.37754860838447335,0.11709704892754062,-0.1920235735176492,-0.13873572713213014,0.061547281874548436,0.44161286623645174,0.04081336033450881,-0.2376953964854839,-0.14192020087982765,0.06601823433961304,0.5487988985528555,0.012614540592212599,-0.30325209322487373,-0.14625445207926924,0.06467697620809505,0.35413182776401136,0.1257325964682734,-0.4101323445665675,-0.13929620431628137,0.06484099361489017,0.40696525950675644,0.10138462262648228,-0.2117158090261914,-0.1459663130805849,0.061601115519773375,0.4851266812617015,0.033520856890991726,-0.2652038383926978
alpha101__alpha014,-0.05394667043292845,-0.006811347979751144,0.4274699658350775,0.026141235777476315,0.044538416239249805,0.8428472191924359,0.3035746927538886,-0.0036807875276475134,0.0895514256381743,-0.11837140195934501,0.0157466554117088,0.05430051858867391,0.1462193056014559,1.0,0.09515877491752375,0.28161645050496753,0.03126250997569671,0.1730521696576535,0.021369361889159035,0.04408663967509066,-0.031228207836335353,-0.024999146093540696,0.1496722522010573,0.08637042462005252,0.11872598605077155,0.20938715680519204,0.0,-0.08091948541915296,0.029590216425548835,0.1449269167290821,0.050066489677020085,0.059954563044115075,0.11912219466662519,0.06839565573243414,0.13986445887876545,0.13056777728428595,0.0976837591742962,0.094408286430501,0.020782476908861654,0.5402436772984577,-0.0024403431726594464,0.0022780035256112366,0.1847676256338798,0.2439002322199455,0.040987216189522696,0.034856019627870174,-0.009780686714632296,0.020544407609113694,0.0,0.17050545477153192,-0.31270470164770187,-0.04398659059799245,0.3831913024202398,0.341838513137357,-0.011330680756456844,-0.1904394362907486,-0.0539647546319573,0.3832048765551562,0.31867405902643664,0.058527177477110226,-0.4861691991277214,-0.07494941545822917,0.4233634580824929,0.2633865380104971,0.08866507107162676,-0.36966624538995846,-0.03048604328251698,0.3927328551301139,0.33171125453868383,0.06707317618682043,-0.24382878491618443,-0.04366723376490607,0.40281600529380573,0.3520854363105128,-0.0067506604848771926,-0.4932660171450098,-0.05617295092271582,0.3808976299813183,0.28279224214104626,0.05863383934329337,-0.4303530021164725,-0.0794274172572219,0.4093428679443019,0.22705173351614075,0.09411142055899947,-0.30846384817918093,-0.031075530478784245,0.4246535067902116,0.3467841050678068,0.0009618803341239741,-0.18685586297239165,-0.045088221398373735,0.4113405216641838,0.32067306933642714,0.0006931124497869012,-0.4950250055798567,-0.05133624601752194,0.36793380355749816,0.2457635391063161,0.06696534455867709,-0.3655549733850609
alpha101__alpha015,-0.05703722979424427,0.11264565298584037,0.17439342424210835,0.11245430794125971,0.0721786661468912,0.1096917123098809,0.14568385363966868,0.07477570111057007,0.018215600829991928,-0.015190415310976306,0.021036771477475884,0.07472480002690711,0.385472325785973,0.09515877491752375,1.0,0.29052821038707827,0.05034255638532612,0.028744660207001033,0.1220820855811364,-0.011409230419810434,-0.10493560342016829,0.15529878716697806,0.02030617064488765,0.05230332215625202,0.022983360738128882,0.17832405600183762,0.0,-0.04790220366911119,0.0967319965962274,0.017827284008908616,0.12491426509231192,0.0578792009950035,0.03759058758877957,0.011788503226867175,0.11195646257551371,0.054837314142493994,0.051912288801718144,0.089701819345962,0.10823449320139072,0.16991670611238519,-0.012793305223241175,-0.0038586836336387963,0.07067479403209613,0.3181760215948454,0.05478732440611959,0.07468640268640192,0.06931746546698499,0.0033892435086322835,0.0,0.30296512789979635,-0.16393072326253547,-0.0609705585269742,0.05983066670557613,0.21028717716285109,0.0631231476620953,-0.20728323677879598,-0.0625196133674721,0.06137681547405354,0.25246974979468456,0.03375393901060486,-0.12413540491353564,-0.060035130781427394,0.0786705140288104,0.326224686997284,0.015617768163200393,-0.14865197152340906,-0.0621928911500796,0.05920247841995238,0.1952669855775442,-0.004398025065085654,-0.18257806475470834,-0.05944755649777202,0.06115361076825773,0.2291552477966308,0.05693131007652023,-0.11257900550329862,-0.05959426271875013,0.06217952944771249,0.28330317038821434,0.02767038779589826,-0.13616921154252257,-0.057571712127446696,0.05936791757523282,0.3792840623139257,0.0008607917718339728,-0.16505954637786502,-0.06119090433638255,0.06050088227024323,0.21064778741457763,0.06081353554124157,-0.2088148575278583,-0.05762412085616574,0.06297069134914908,0.25318692553936617,0.04964988432435926,-0.12162947731539019,-0.06577618028157838,0.06511994596025991,0.3229445069193159,0.02187469573257236,-0.14956792262155097
alpha101__alpha016,-0.1190133879170456,0.2118641071849923,0.1999154597662927,0.21126556271905053,0.14153215633168767,0.32725207135060574,0.32231903467173384,0.14442253351449746,0.07456666358478119,-0.09586574200946656,0.06615726290812336,0.21649751832018485,0.4663606533352869,0.28161645050496753,0.29052821038707827,1.0,0.11905508490256607,0.14566830302935788,0.27573857586772316,-0.08566368057193821,-0.33828827592230903,0.45198042790309173,0.20249597610535036,0.26706552325206057,0.09572475108972334,0.40681085826343627,0.0,-0.12318232505990401,0.21987800515896033,0.03729937446588327,0.2833454936790067,0.07847176374337866,0.12457254803360332,0.06288557845704539,0.25466616706723616,0.13264512684875535,0.13017864458384068,0.22562092641775733,0.2504187211691718,0.5059302518854591,-0.12334786001271524,0.11210844754558688,0.1714654233176868,0.663265889368431,0.14908347037163536,0.18369852034570278,0.13624377615041242,0.02936781148016887,0.0,0.2657174091803275,-0.4232010709093228,-0.13798856270099202,0.06494463380190933,0.32325352009955055,0.09432653879720482,-0.5623820858593378,-0.13508915071779162,0.07478215669005688,0.34669437049134555,0.052569247961043584,-0.31220827583427346,-0.1229128901847241,0.15690466001501718,0.3995176871991189,0.022171155397513288,-0.3789405837685789,-0.1344634712376222,0.0623640894988019,0.31705937542585866,-0.03207525894512974,-0.4937974248531523,-0.13471527865643182,0.07048975601632226,0.33440429584631903,0.08149699395096362,-0.2798930404929411,-0.1295238547885905,0.08292810386068405,0.3619199656043725,0.04443637842177789,-0.3415469872011774,-0.11874068003390702,0.06557503549561368,0.43131985524272587,0.0007762343079606209,-0.4253719521920452,-0.13151984107940773,0.06792301610215135,0.3269673640649976,0.09386612982673326,-0.5629005707677938,-0.13024733072153993,0.0781427282931803,0.34730289582558344,0.06651037276142685,-0.30620438443664033,-0.1474237638513309,0.10023864607469704,0.38352704665769777,0.04710461485891687,-0.38107847611316015
alpha101__alpha017,-0.1737992678412173,0.1826299540082374,-0.00028131454392237064,0.301564879178112,0.1708122588659614,0.01196978136106028,0.18390987710283488,0.2286656685819193,0.33916941476445256,-0.36559068056114996,-0.012301895646725283,0.11918471276253692,0.12022597988430891,0.03126250997569671,0.05034255638532612,0.11905508490256607,1.0,0.16535652021623667,0.3737856238203189,0.01810515793337057,-0.2759980529858933,0.05377570435861068,0.1406657675496451,0.052201353943865964,0.4225148333060381,0.1307909059198483,0.0,0.012513378296256147,0.2483202558650065,0.19227274807530323,0.3006840268314403,0.13853451660858443,0.30115809890962886,0.23833225540357192,0.35634451469862594,0.1420453526439099,0.23129220594266123,0.43402859111150505,0.41718073291709457,0.05917693374617546,0.0264649911256544,-0.020992301614691743,0.14528319522088484,0.11196234217443524,0.09419078293593489,0.2653955157626974,0.26529728045396994,0.11980750396699313,0.0,0.07644829208617607,-0.00824424437985176,-0.19665382870445275,0.025632029243237656,0.044618559667835116,0.31309054882434645,-0.06866174519469935,-0.186459667067491,0.0180826994069682,0.04735311003661525,0.22083560712119646,0.03989516667723798,-0.22740394190958207,-0.004738569808654205,0.05769897662856397,0.19381491345912058,0.017680554347553206,-0.21670914247759923,0.03287488143788412,0.044578716168733684,0.17673906400827125,-0.03593600123267047,-0.1947719836248681,0.022709233554090335,0.04725894495324688,0.3014221885994795,0.044623177762729185,-0.18123032460516653,0.011642078500223193,0.04977674717299109,0.20470406814992803,0.02988944095827383,-0.2202618810997013,0.036444051990332765,0.059684424607683376,0.16822446886447187,-0.007319049123340732,-0.21244268738504526,0.029249610820075614,0.04542546153035639,0.3075045859319913,-0.06797134109453723,-0.19080980902264347,0.01895981081063002,0.04960847303144835,0.28731765224872596,0.03916615991861462,-0.18834996047395564,0.003386741258981042,0.05104350651350308,0.19534608220755284,0.01683490592834218
alpha101__alpha018,-0.16206917077413288,0.009591772326006616,0.09553066365383801,0.09898485781694588,0.1854537399797149,0.16073165193631037,0.19762819509586763,0.14140298186699757,0.39682135001472285,-0.39924721040857775,0.07097884560786577,0.13543456929671535,0.06091629366270934,0.1730521696576535,0.028744660207001033,0.14566830302935788,0.16535652021623667,1.0,0.1230511682155344,-0.14619339347134405,-0.07773908816690314,0.054493262565133975,0.17370808994450812,0.3013151547124781,0.3637321585394435,-0.009094794524739106,0.0,0.06864670802554754,0.09928200024271323,0.09880736024033376,0.16881355029901746,0.15654268507838254,0.36961917450608683,0.23680280538682705,0.18017897244163064,0.03900520651153784,0.396394978363116,0.30930481126656545,0.19638784893013575,0.19182791609106917,-0.27797879266122505,0.20995068399414837,0.13163878511268398,0.011952731278044615,0.08513069881963511,0.24269385109578054,0.1566614687922146,0.12181126593636421,0.0,0.050456287627390156,0.09317040753711235,-0.2011389950859574,-0.12026575198224844,0.14929114868413837,0.1273387411048661,0.08240634098117132,-0.21157854031571097,-0.1273607030919369,0.12948888171851144,0.14697968733248457,0.03801753032022012,-0.23562349835401986,-0.12640028988254762,0.13632245311343485,0.15449244763750664,0.08175914184163578,-0.2110291665781941,-0.11625674810725249,0.16638403074138342,0.12931118443846862,0.08763167574595977,-0.20453334904989964,-0.12036716959490555,0.14268723240603334,0.13048345303288264,0.05246370875831964,-0.21545378802432863,-0.12980996363803862,0.12208378641185517,0.1425675050312342,0.056534166873970094,-0.23648704634450993,-0.11037694778525935,0.13142506389213307,0.15022604650677368,0.0849018427685012,-0.21261300926300836,-0.11494873748695483,0.16037414719960355,0.13686123378146586,0.08289431325491807,-0.20857291716998813,-0.12233054002219937,0.13353294334487154,0.1332582405993426,0.06741357535316843,-0.1962417982006574,-0.13409067596657104,0.11814530087040459,0.1401849967426479,0.07057207173385702
alpha101__alpha019,-0.289264199694862,0.3271325541590488,0.012076762228407657,0.5141425416150498,0.47644653758119404,0.04739812453148463,0.42180647423408313,0.4107398309134234,0.13911021024637538,-0.15609439360620256,0.04153539580284667,0.17163046108555902,0.236024971101457,0.021369361889159035,0.1220820855811364,0.27573857586772316,0.3737856238203189,0.1230511682155344,1.0,-0.024544177758047073,0.0,0.09224417192276166,0.267990813216174,0.18324976565360782,0.20606429204182347,0.2757201797293439,0.0,-0.021131811230201997,0.6188144048769969,0.2282644805191552,0.5501137191686285,0.2606459216617664,0.23810980061535836,0.172908407107024,0.42000219644940767,0.13645896911733463,0.16824422023871494,0.5361363019343754,0.7925691859539821,0.17926874494513667,-0.04211138730484205,0.051167411536239014,0.23409195683760287,0.20967659860744642,0.13237855140133606,0.4136983910313192,0.509939327050417,0.07211284879690048,0.0,0.16064759900151326,-0.0849890883941532,-0.395180204979398,-0.004599706211817418,0.11988585004750135,0.47483188810040905,-0.14346991864808922,-0.3608284793900363,-0.018855714081649544,0.1286578045818495,0.17771430288013265,0.07969098883240323,-0.40190410223800077,-0.04057348278270424,0.13502682064476507,0.1757183083009089,-0.0164303848746293,-0.4154974337244831,0.0028247072188327203,0.11753475064560802,0.03124216249335858,-0.12562217648241394,-0.38818280489861057,-0.007202072112164812,0.12610642948794915,0.43936106421935833,0.08855758944571956,-0.3492259154160614,-0.027355032242691518,0.1302478450233582,0.1577197851110809,0.015050367842330322,-0.38547324179489584,0.010712990850743396,0.1419676559094953,0.09124278164776342,-0.09051564444295561,-0.4065151842183684,0.0018075697894697838,0.12310331296250886,0.453274234677289,-0.14438280696863784,-0.3785708704076608,-0.016238379691599154,0.12978581632275202,0.400105863478495,0.10709051803821322,-0.37340329965806984,-0.03698667280608563,0.12742012684564985,0.16122505032944567,-0.036002789667653134
alpha101__alpha020,-0.016431302428225058,-0.03272282554020533,0.010995290896901176,0.007428827121447324,0.072692556353376,0.031080237180768664,-0.04089264428366867,0.011904930553523114,0.009504466941006057,0.024582968441373265,0.04602721065115746,-0.06890729394564792,-0.029423668629513733,0.04408663967509066,-0.011409230419810434,-0.08566368057193821,0.01810515793337057,-0.14619339347134405,-0.024544177758047073,1.0,-0.05503073008836513,0.010690175836928018,0.02574036376059822,-0.3415459021521197,0.04200752773702053,-0.013275603551119923,0.0,0.02524498284173181,-0.05039241831124212,0.04738170150960873,0.014594378813869645,0.10960453264758482,0.005932643034738854,0.021620611767164174,0.0173693124102898,0.032772890223909557,0.020750556205204617,-0.0063105307267003015,0.026315653572302717,-0.2487124389589899,0.4803976737496139,-0.5620009163558229,-0.010458788456664874,0.005934365596682102,-0.03703373276335027,-0.04304811779625396,-0.013830713019264952,0.0032857853454983928,0.0,-0.023286875694431115,0.03070033616384247,-0.020849531312799124,0.42763941854491855,-0.12409088791381917,0.02502747908869418,0.03760205182740052,-0.02054251287419349,0.4332726649572224,-0.11183133019133526,-0.004019126611203136,0.03900626329772953,-0.0256306964138511,0.44277085362682644,-0.09497611313274476,0.004961552083336903,0.03598376812205144,-0.023825147916486933,0.4281912964285069,-0.1283341198596401,0.002284967895215445,0.03396408768455517,-0.022888440879381668,0.4289861660778575,-0.11876588096479859,0.026508157141570957,0.02305291978927797,-0.022612101908116067,0.43406002172661895,-0.10410291054024833,-0.008370972381261504,0.042489030145893884,-0.02615621741521128,0.4287412509633772,-0.0842858049993081,-0.001281817611383596,0.03605522006664919,-0.02474740861008952,0.4295129553174874,-0.1255068081194126,0.018250813271671898,0.03835440419181789,-0.02439168050339049,0.4318329777654235,-0.11224500045085245,0.0271396043898545,0.022516775718466796,-0.01592707878007077,0.438280850104719,-0.09356576871092516,-0.015050693613040048,0.0420752648163009
alpha101__alpha021,0.3316162573895718,-0.30828403496402884,0.01476066887815284,-0.45557906637928924,-0.38015926147782847,-0.11468117097416154,0.2893686387834941,-0.386576143156577,-0.0985304750013733,0.08878023845188183,0.11679897233321604,-0.13244126804585124,-0.23731398711940396,-0.031228207836335353,-0.10493560342016829,-0.33828827592230903,-0.2759980529858933,-0.07773908816690314,0.0,-0.05503073008836513,1.0,-0.24594037879832426,-0.2513478648443382,-0.051391767546190514,-0.13245615312499556,-0.17304913428152768,0.0,0.22039194111629268,-0.3924830749105957,-0.23796011688043175,-0.3826129833705383,0.0,-0.09816435218145474,-0.23588381572047712,-0.36830945937393034,0.0,0.0,-0.3640853158614095,0.0,-0.13005857132067358,-0.038873902831552176,0.048816179827561174,0.07665438251618795,-0.22230722147809448,-0.11679929389039377,-0.1344467143774039,-0.32260323813360203,0.0,0.0,-0.05904228692470303,-0.0021717471246148847,0.2315725466389303,-0.025694579440009878,-0.019220978971989173,-0.43914806408412677,0.13090034003107176,0.2900678022659321,-0.007221511061234023,-0.013704604015026028,-0.14021479310696416,-0.040706688708284124,0.3080137499452726,-0.009802739222352422,-0.009379299741686753,-0.18136015206387418,-0.0445976125754205,0.31089673931221895,-0.03450671411302886,-0.035129157452457926,-0.10429682598143446,0.04727054645914495,0.2337901334852852,-0.013721418940413201,-0.00884977478799803,-0.420558342349493,-0.0981724746640135,0.280626374931548,-0.0009951377315773919,-0.01510222300789373,-0.0770573881303964,-0.02609749423430119,0.2961850030330388,-0.05726423116959615,-0.028924633552844276,-0.08756774955513584,0.012505264730835198,0.3105102587091092,-0.0262408147997991,-0.033217936326454756,-0.42015367219537086,0.14267852964871267,0.23760321951949476,-0.0011773482219010001,-0.019163408505119835,-0.39903782232900503,-0.08982510109702832,0.3107504928225968,0.0010466758920255456,0.0076957058493373805,-0.053634530710377604,-0.026728708517159694
alpha101__alpha022,-0.08677683525077912,0.06154715407607046,-0.033194590922746514,0.07765529074099964,0.08077194392281309,-0.04256506260917283,0.0852142034899524,0.15205092451248706,0.09476679956552446,-0.08291795060640718,0.022923404618754167,0.1418293494653466,0.23212429340911345,-0.024999146093540696,0.15529878716697806,0.45198042790309173,0.05377570435861068,0.054493262565133975,0.09224417192276166,0.010690175836928018,-0.24594037879832426,1.0,0.12799344265469934,0.03575742950406818,0.1111356854705381,0.11984221021329568,0.0,-0.022623789939878555,0.04368633714906671,0.1034925481128104,0.0819153896951389,0.10757873444608572,0.11177489129952241,0.09235316224410435,0.15517592540922306,0.007629936008625681,0.07286808674673335,0.13358479018292138,0.13298792668015783,-0.013820591527916875,0.00041400588682726267,0.00028077234890342394,0.13285060534712925,0.4636021348059996,0.09329964997705648,0.0766484491087847,0.12590133503386597,0.023437256409552663,0.0,0.042799271009331875,-0.1841567569795912,-0.12697024123590356,-0.09871876785485617,-0.03273209714230296,0.1534329765196087,-0.3519014449872577,-0.11939824446427912,-0.06996565475998029,0.048174268827858864,0.09544054166375979,0.08607585449559825,-0.13942181616359278,0.06992515126816284,0.19028133869141947,0.09765161025765919,-0.08978576989254028,-0.15080384061119195,-0.10675137140354532,-0.033434184781440994,0.09240101679219208,-0.2795877860054159,-0.13267408153092833,-0.09206295483904027,-0.023455528122859063,0.15524334304614423,0.09107616441501983,-0.11930988046805226,-0.04783251468198789,0.12026401869407741,0.06952082167261316,0.0021940975012609536,-0.1387409296799643,-0.1001446505221709,0.25983420627596515,0.08328930696268902,-0.18044381716922686,-0.15611329596568577,-0.10827631848560614,-0.034074140442744566,0.15495010624004088,-0.35043438171562535,-0.13587631588180935,-0.07465531223759361,0.047439771708025075,0.15421077608650094,0.073268185254259,-0.09841134282051715,-0.01763274201306246,0.19158812920192603,0.05092971420055771,-0.08122749789652604
alpha101__alpha023,-0.39372719371585135,0.12110837761304256,0.010461097318239928,0.2882898447953922,0.23883665711578655,0.10304292597225848,0.0865794305612353,0.2793792418344081,0.2363167285655054,-0.2851005398388736,-0.10015652425527947,0.21876667444601877,0.10575970368282407,0.1496722522010573,0.02030617064488765,0.20249597610535036,0.1406657675496451,0.17370808994450812,0.267990813216174,0.02574036376059822,-0.2513478648443382,0.12799344265469934,1.0,0.17947983156252667,0.2918965841773647,0.03085817321831957,0.0,-0.0753973118765892,0.2226758454933619,0.37049435907211814,0.4325775624035029,0.22971961204151933,0.2706271875805389,0.361624641598655,0.36032238308210823,0.017321203421660197,0.21706950462750607,0.42720155879122124,0.388580459755788,0.18301645124412,-0.10330192422697977,0.11522447393844247,0.10840589223696703,0.10963954959174277,0.1624551667418754,0.2384122052075591,0.22080259052515394,0.058326874970482834,0.0,0.040026838445369424,0.10787270097282957,-0.24111144796953757,-0.08383973117072649,0.06159819140736126,0.2755766267095801,0.11946475749967041,-0.2410856093765145,-0.07510285446461774,0.05930286010704894,0.26103945944342305,0.12323058397447134,-0.30135642496198567,-0.05430160378087518,0.08786815894894372,0.2701426926829766,0.11284483603258316,-0.2557266836923971,-0.08340290098036461,0.06072980494829927,0.2007406673894715,0.1204184661597042,-0.24900928480592593,-0.0807157063791233,0.06109444047848614,0.2792456965939726,0.12495193032008711,-0.25237805233865857,-0.07449103834570418,0.0650736293834279,0.2453901768841786,0.11834776361728677,-0.30274361612006884,-0.0821788170442055,0.08463511657923532,0.2305914530898905,0.1092297279052461,-0.2592266849496578,-0.08128247839565647,0.06422211251090254,0.27570258022745414,0.11822736841660848,-0.2586277478019828,-0.0756175149652915,0.061041890373771585,0.2819656890677535,0.1194580992555236,-0.2128268906720651,-0.07212975935772746,0.07372912942507252,0.21552941038930737,0.11244201167217972
alpha101__alpha024,-0.11495583619904803,0.08149689532593454,0.06479722270592472,0.14364551181477975,0.10800040816571692,0.09323079502880453,0.1931230239724356,0.10426479083800876,0.07412873947585515,-0.11704369550455714,0.011610347328447738,0.18371032393401804,0.10263987651188917,0.08637042462005252,0.05230332215625202,0.26706552325206057,0.052201353943865964,0.3013151547124781,0.18324976565360782,-0.3415459021521197,-0.051391767546190514,0.03575742950406818,0.17947983156252667,1.0,0.06868591320422239,0.07470550996935044,0.0,-0.02783972836762112,0.2385781606935787,0.11552836915129472,0.2814710245232873,-0.12253502788220214,0.08548513224313113,0.06359104719422999,0.15427164766301033,0.03456351414531414,0.08542199136634351,0.16320001286808583,0.22156810252437548,0.3850280611209353,-0.6023971592446985,0.46837432911033006,0.04865764434060682,0.06743551988206088,0.11389908513453133,0.18668436562870036,0.24113865329444162,0.04185907431796146,0.0,0.0955387409936267,-0.019731472715125303,-0.06308123983420069,-0.34662341886695525,0.2552672924829169,-0.026781937348912845,-0.02881471850499785,-0.060300301142116264,-0.3476438721584526,0.24577343634454119,0.005677634471822647,-0.022157953118783245,-0.07970926174654132,-0.37603425623107584,0.2217809006638288,-0.01836759368219024,-0.01911044572559509,-0.06991342171031147,-0.350314058492548,0.25866714865872725,-0.0718752784797778,-0.018296961618885835,-0.06318904120999182,-0.34825194107528573,0.25038952085331945,-0.031032351558952745,-0.013304965325073616,-0.061450314303389805,-0.3535483692365431,0.23676938749288712,0.0034628428150888448,-0.02171090479496536,-0.07883221436895194,-0.3549275469606039,0.20794577986663282,-0.03718444465104194,-0.019248001847865286,-0.06923092889263899,-0.35185799745647367,0.25327297302865204,-0.011474670737015507,-0.027196399287230142,-0.06355294303679489,-0.3511874751425703,0.24439053902937047,-0.03622368902583327,-0.015070372482892521,-0.05830950998091927,-0.36113858604281934,0.22559058226625928,-0.0017436072524128774,-0.022394107134606087
alpha101__alpha025,-0.2884227552714097,0.07389386511825306,0.009281960294509374,0.16192615053436174,0.31817681418620686,0.0324053360813231,0.10622864116033444,0.20624804060174912,0.765775584399119,-0.8411338832112246,0.0040895811907774296,0.06749989337333527,0.07724515481283802,0.11872598605077155,0.022983360738128882,0.09572475108972334,0.4225148333060381,0.3637321585394435,0.20606429204182347,0.04200752773702053,-0.13245615312499556,0.1111356854705381,0.2918965841773647,0.06868591320422239,1.0,0.02287196366253431,0.0,0.1444094949806814,0.10164930758570037,0.4207587274513138,0.28367542386022987,0.2553038069277337,0.725000543033261,0.6439322621463391,0.3164920987504692,0.2448479228989027,0.5339410009076654,0.654683793837332,0.4592115227020063,0.035677218983615706,0.03595493115696967,-0.036344703585706885,0.16262315871675098,0.11908660575908914,-0.0018221900469149613,0.2784062255870995,0.20613676433044528,0.2176123976816515,0.0,0.021299011004824227,0.1084574236607118,-0.4049730506964246,0.024103949587344135,0.017821612984761818,0.32929540246998634,0.11156117701879356,-0.4186956334032387,0.026174730122928064,0.02964531164943073,0.3941611385154029,0.13279813854182562,-0.4442140439078275,0.037260585963745346,0.050504017984461635,0.39919628251599215,0.12273934029407044,-0.4131791642693302,0.0257508891978935,0.01737290099875019,0.37708535673432947,0.10640634373717378,-0.41216129890869574,0.025218179684184494,0.023051912755220238,0.33903382050713676,0.11161306191040371,-0.4295827635448154,0.027575366591390545,0.03481086127706218,0.4011833871533504,0.12973318675334508,-0.44398521760469434,0.02732891624475173,0.06182452211307268,0.4049502231114227,0.11704770111826197,-0.4162205655866348,0.025400835341996057,0.01841267133990409,0.33900583505201565,0.11418631146007995,-0.42030753893804806,0.02664473757051412,0.030396436600909505,0.3487204828955904,0.1133830748726496,-0.39042879494784505,0.029777382357362735,0.04746985278185887,0.41058902790409246,0.13219774260477682
alpha101__alpha026,-0.06396071177868567,0.27479567737215027,0.12832831101116796,0.17651696109550763,0.14807308025728907,0.26055859309465246,0.18946850788287303,0.12898599166773125,0.013551811099402728,-0.008375076813961551,0.014794232782464632,0.0944487266355301,0.2556939729177522,0.20938715680519204,0.17832405600183762,0.40681085826343627,0.1307909059198483,-0.009094794524739106,0.2757201797293439,-0.013275603551119923,-0.17304913428152768,0.11984221021329568,0.03085817321831957,0.07470550996935044,0.02287196366253431,1.0,0.0,-0.07249626118353698,0.22464433711324697,0.018811304893342394,0.2183370477345858,0.08428366441289199,0.03346359720779857,0.028227409943166606,0.1443703462945514,0.18779286964696193,0.05276578605020208,0.13983152534255053,0.23680137433384382,0.3405475914128414,-0.014034216013841758,0.013857551401480634,0.061335062701062835,0.40843665474218876,0.06988073467947414,0.15654414584461,0.1531209317099797,0.0034194481076425714,0.0,0.2762748897433741,-0.40278483328971215,-0.10232010951195922,0.16527063782585197,0.21324252931657678,0.09375054335112418,-0.3848100744223539,-0.09008583793285695,0.1787034266596845,0.2276009824885194,-0.006152993936894744,-0.3113604323845378,-0.06531345597474396,0.23481111204997432,0.24401898256814675,-0.03496635064306549,-0.36923904757438775,-0.09779006437213862,0.16678576285949606,0.20573296217150022,-0.06479081926946856,-0.4069750698175769,-0.0939718250520043,0.1779901406648267,0.22072652568335477,0.07462992423462964,-0.2857369227142594,-0.07886602055341853,0.1881507854529953,0.2317660112918272,-0.010685905921904526,-0.3389828566161744,-0.05704205076975755,0.1674277158975246,0.23661492549918334,-0.057426965821202575,-0.40361365470910315,-0.09025624306429415,0.17982584508371893,0.2133689560072642,0.08005630515918712,-0.3832062309372738,-0.0840686481153718,0.19112792873504678,0.22733965209979318,0.054071246628597344,-0.31046161378805576,-0.12057303976328888,0.19502988933999507,0.23655265998382832,-0.0075096855424990555,-0.3664699727831271
alpha101__alpha027,0.0,0.0,0.0,0.0,0.0,0.0,0.0,0.0,0.0,0.0,0.0,0.0,0.0,0.0,0.0,0.0,0.0,0.0,0.0,0.0,0.0,0.0,0.0,0.0,0.0,0.0,0.0,0.0,0.0,0.0,0.0,0.0,0.0,0.0,0.0,0.0,0.0,0.0,0.0,0.0,0.0,0.0,0.0,0.0,0.0,0.0,0.0,0.0,0.0,0.0,0.0,0.0,0.0,0.0,0.0,0.0,0.0,0.0,0.0,0.0,0.0,0.0,0.0,0.0,0.0,0.0,0.0,0.0,0.0,0.0,0.0,0.0,0.0,0.0,0.0,0.0,0.0,0.0,0.0,0.0,0.0,0.0,0.0,0.0,0.0,0.0,0.0,0.0,0.0,0.0,0.0,0.0,0.0,0.0,0.0,0.0,0.0,0.0,0.0,0.0,0.0
alpha101__alpha028,-0.036686942423157246,-0.06029880517075732,-0.11025973146683435,-0.08075732919678624,0.08003910851843969,-0.1261175592611844,-0.22149804355151048,-0.0405902926157232,0.18211026703614344,-0.14920059419103446,0.05025551863027249,0.002098286161678664,-0.10630491479740932,-0.08091948541915296,-0.04790220366911119,-0.12318232505990401,0.012513378296256147,0.06864670802554754,-0.021131811230201997,0.02524498284173181,0.22039194111629268,-0.022623789939878555,-0.0753973118765892,-0.02783972836762112,0.1444094949806814,-0.07249626118353698,0.0,1.0,-0.04650022624802344,0.02551172085175684,-0.021596744396514454,0.09937652547572709,0.13258384521297936,0.11362446342728359,-0.12138545397222554,0.1828988859342561,0.12880465662726057,0.07868108343317151,0.09783148652013678,-0.15924318924694789,0.025870689537421925,-0.02234062496531898,-0.007058515359992953,-0.08851673486761807,-0.002370461511125657,-0.016903784378015912,-0.0026950867903748573,0.06984972075204333,0.0,-0.09758876268914386,0.1838691561233309,-0.047050078052041304,-0.03308003912283452,-0.1346469575606352,0.0008823644233441833,0.1517675392612996,-0.04540074020044548,-0.03203307560625231,-0.12345472141471531,0.052383765923212346,0.19814401228121856,-0.08379037180453566,-0.03857931498297629,-0.12271072788392087,0.06065167206714941,0.19813709464942733,-0.05706458108238667,-0.03536766600787071,-0.1384244684223351,0.06961950664895628,0.17885692933018182,-0.05080561456214794,-0.03336491809103921,-0.13188453416135748,0.009462618540153032,0.17028510149680856,-0.05177919604704352,-0.02881936729341347,-0.11780202813489146,0.05851603046636702,0.20088564686724047,-0.08560552140581634,-0.042324304746330074,-0.10450941830930345,0.07180378044515948,0.19324739582286404,-0.0597368890242523,-0.036516315810320325,-0.1390096979726335,0.013252204272656883,0.15623819941158798,-0.05683580415394827,-0.03294377003998592,-0.12643895351911036,0.01923322044840077,0.1758118339342718,-0.031615229427209436,-0.024565528811510595,-0.10694997756322912,0.0632677651540646,0.20801347248640853
alpha101__alpha029,-0.20718675211505808,0.2618152936520969,0.03624306900876286,0.42129524573640065,0.4277463970941438,0.054798333378643885,0.33496937378595837,0.4399519013017135,0.06037028793496889,-0.059307950673915984,0.06753294342379874,0.1647726401277931,0.20675215149563098,0.029590216425548835,0.0967319965962274,0.21987800515896033,0.2483202558650065,0.09928200024271323,0.6188144048769969,-0.05039241831124212,-0.3924830749105957,0.04368633714906671,0.2226758454933619,0.2385781606935787,0.10164930758570037,0.22464433711324697,0.0,-0.04650022624802344,1.0,0.148063335286623,0.45692206917132183,0.264529960934885,0.1160101656534971,0.10835382140737426,0.29912567933199435,0.24619268410811074,0.12029866063625394,0.357276197362312,0.6406953075116556,0.1922087505754332,-0.10916331492640492,0.09352727681625438,0.25664083260350967,0.15142840584802972,0.12282545763637664,0.3053844467295829,0.555808869031591,0.013326450294186614,0.0,0.14399724049594442,0.005881684937128714,-0.2608359956914576,-0.05361945866732821,0.1426989143432074,0.2878205358997741,-0.10205626420098024,-0.23519032504175622,-0.07386823599357228,0.13765033384061998,-0.0920911016677445,0.10285868501917589,-0.31841770060053887,-0.11099713264581991,0.11916659934509598,-0.028088486158586598,0.06761601312064679,-0.294497105072929,-0.04810206906193032,0.1355268239163903,-0.07957897224706177,-0.049693680450447995,-0.25181477462109075,-0.05781848963061942,0.14232673355946823,0.2501739452379143,0.10175759440104118,-0.22521145172913637,-0.08495950844948981,0.13065786507153393,-0.14629111174889597,0.06365733205137049,-0.3079403852037922,-0.03498437097398058,0.13862656784043248,-0.10806598293662371,0.004611808310444227,-0.28713695499118147,-0.048367957612216364,0.14207741992866355,0.2722841699431464,-0.10378401297476718,-0.2423072556067804,-0.07293891611436235,0.14002296301417175,0.21946929737694598,0.12075640152346721,-0.24361270740785054,-0.098132358395554,0.11177934338445457,-0.1657827518534479,0.053832624387005285
alpha101__alpha030,-0.44745965418364464,0.06609059888016286,0.04587618284452864,0.24727152557330553,0.2608151113408527,0.09040762841024909,0.24302122876982674,0.20350597273850957,0.24527066604300837,-0.30048804390971673,-0.027771823521421348,0.04868476780091927,0.04702656272824635,0.1449269167290821,0.017827284008908616,0.03729937446588327,0.19227274807530323,0.09880736024033376,0.2282644805191552,0.04738170150960873,-0.23796011688043175,0.1034925481128104,0.37049435907211814,0.11552836915129472,0.4207587274513138,0.018811304893342394,0.0,0.02551172085175684,0.148063335286623,1.0,0.34109836431705715,0.19354849617737357,0.37939292582068473,0.34165606069375176,0.41810504095979834,0.09917430311903899,0.2489383357537196,0.471200413667541,0.329880145085463,0.06038384704026053,-0.005505363449968905,0.004797081754528113,0.28417933226665093,0.10590089505297645,0.0018804713411057592,0.14111472540580247,0.2973175053448074,0.11723837661550363,0.0,0.012556113812942627,0.08194726343478383,-0.31530066731641876,0.019017248207420935,0.048681473622503454,0.3643205703710151,0.0859809002043165,-0.3195825935536411,0.02643888657307335,0.05260350988454367,0.4285406416000187,0.09220445823412063,-0.4154693570510485,0.05542407673629835,0.05318617829521337,0.43460647182961737,0.08469153776109593,-0.34256459505823406,0.01895938268629684,0.045810606512022296,0.38258172309032906,0.11144251744452842,-0.3264540069415578,0.022568016363834292,0.04909762948474351,0.3782796217141693,0.03576013912192995,-0.3347674228283548,0.032037018816750265,0.05488587209547475,0.41793655160871496,0.09669967760477764,-0.4187591194872417,0.020176380376669596,0.0540690112498857,0.394077890017166,0.10000956738560124,-0.35050356968005214,0.021988943977947942,0.045202063118228594,0.3886379363424279,0.09375994339876402,-0.3398544652309548,0.028031578144513375,0.051607826395236894,0.3908581419297054,0.041538452079491174,-0.27703452734006834,0.03864710884885067,0.0573350891827694,0.3827996194738933,0.1070406389944627
alpha101__alpha031,-0.3850053389624978,0.28596937846107434,0.044157785457685485,0.49022404849529194,0.531278983453422,0.038326781797611176,0.3532540986647022,0.2861843521810421,0.22614503456344745,-0.22805896636251277,0.08843618248059272,0.21838141124441854,0.24390076527844423,0.050066489677020085,0.12491426509231192,0.2833454936790067,0.3006840268314403,0.16881355029901746,0.5501137191686285,0.014594378813869645,-0.3826129833705383,0.0819153896951389,0.4325775624035029,0.2814710245232873,0.28367542386022987,0.2183370477345858,0.0,-0.021596744396514454,0.45692206917132183,0.34109836431705715,1.0,0.3491023307696309,0.28431346114347567,0.25731863728565035,0.46011590138200975,0.10428512929388889,0.2705795193775843,0.5281446344034352,0.6453950997070453,0.23668752836835438,-0.015622283841699018,0.0035935317600360598,0.09579837691742626,0.19415368362123067,0.17688679468847474,0.38444780429385417,0.5186674652500358,0.08176603520843528,0.0,0.1856142155454632,-0.013303920525902185,-0.3635447216335112,-0.008653299802663798,0.19040398148321547,0.12092061086369216,-0.05135987484307987,-0.3789519218507164,-0.01756677149636193,0.19511256397517832,0.12414907357988429,0.011360835971615284,-0.27094299759201396,-0.006626027245203048,0.2065123735969023,-0.01771430870850748,-0.013465717069826539,-0.3009025246181261,-0.0004861122132072185,0.19134649820208255,-0.18346055934897265,0.006606399135524823,-0.3540050080275103,-0.010625847497544449,0.19474613475692537,0.0831316839194386,0.04438941155402903,-0.3706385481743863,-0.023641615450398334,0.19543994061389855,0.11887730534328504,-0.005314509065287548,-0.26036051199590043,0.0034760771178764627,0.19915701991889803,-0.07775150638711609,-0.016966004002360133,-0.288258357928584,-0.003837207839736409,0.19548744488102604,0.07270311504052936,-0.05584352917026378,-0.34406689829916587,-0.012904266727743963,0.1984514192913639,0.0433730235953709,0.022700587748612777,-0.4087029349808556,-0.03082784074390874,0.19337284532311635,0.09048631689056315,-0.01472745689330315
alpha101__alpha032,-0.16647927015286304,0.09983333446366495,0.05441934435665722,0.2086914646794774,0.3230723560671542,0.061460023012855955,0.16763396050131457,0.3299218489938672,0.21571401194318218,-0.1779097001016151,0.06344661063374793,0.12911654106764625,0.09809591916287719,0.059954563044115075,0.0578792009950035,0.07847176374337866,0.13853451660858443,0.15654268507838254,0.2606459216617664,0.10960453264758482,0.0,0.10757873444608572,0.22971961204151933,-0.12253502788220214,0.2553038069277337,0.08428366441289199,0.0,0.09937652547572709,0.264529960934885,0.19354849617737357,0.3491023307696309,1.0,0.19402999413560768,0.20166603808328282,0.2007056762156565,0.06217528470075974,0.3427761971193192,0.27433866496868625,0.35923763604125714,0.06651090195406173,0.10843346304004312,-0.11429964479323076,0.13829082531894704,0.10934735035730742,0.10366400899821902,0.22677251336412363,0.37066200549715994,0.06647310364980852,0.0,0.06911174604406807,0.06221807007769848,-0.20453260702044165,0.11259678659549549,0.07524472295751525,0.18974168087985516,0.02179414939392079,-0.20265181149634265,0.11142607654210365,0.08024036918553866,0.033313407469908116,0.06825105640076484,-0.23939956681419375,0.10206353448789418,0.09572145948565566,0.050460840117709335,0.07349569786005233,-0.21415628459792782,0.11300097061179594,0.07374690341845073,0.014208722031392534,0.04445480389109902,-0.20680012060448785,0.11117124681605345,0.07770920325462873,0.17999053265148304,0.0689618969645007,-0.20328400896889348,0.10903034022390284,0.08316536898474532,-0.006455346010951586,0.07143388424686091,-0.23641910917414077,0.11732048481085773,0.09821282440404196,0.007305738987622589,0.062050158862214606,-0.21483672463296904,0.11150701152125943,0.07764131982599523,0.18376077235324656,0.021482381488804877,-0.20853537542822834,0.10932946989418066,0.08257244019946146,0.16364819232708522,0.075229380206433,-0.18874925357361116,0.10397763034893837,0.08829165359676408,-0.04879435616830832,0.06912987366365711
alpha101__alpha033,-0.3035472373570181,0.1151613511461559,0.008150567327489226,0.16377190946133935,0.32188557450011274,0.026808514681058285,0.14389535945248338,0.2014228873105537,0.5868388441061052,-0.6814155095982344,0.02633537277530745,0.13236596577363197,0.10494029649611732,0.11912219466662519,0.03759058758877957,0.12457254803360332,0.30115809890962886,0.36961917450608683,0.23810980061535836,0.005932643034738854,-0.09816435218145474,0.11177489129952241,0.2706271875805389,0.08548513224313113,0.725000543033261,0.03346359720779857,0.0,0.13258384521297936,0.1160101656534971,0.37939292582068473,0.28431346114347567,0.19402999413560768,1.0,0.5254658179047157,0.3509516224162295,0.26756680049294945,0.5945858200644879,0.8434754603760493,0.4774766983102178,0.05771410244709158,-0.007711801800348269,0.01546157843717401,0.21425187020705372,0.14262255213149222,0.08026155822327197,0.2923622614114232,0.25743875875331795,0.2566077529201529,0.0,0.028632292659789026,0.07325830709595939,-0.5639245163573253,-0.012602679724566787,0.032480627294411944,0.36033322862217715,0.06259961424247269,-0.5835283911688135,-0.01101217652925459,0.039792411462022996,0.44075717972887163,0.1031323192273057,-0.6043736370623478,0.0007255984250362999,0.05610995314328969,0.43611838750485193,0.08858272414863465,-0.567571701496568,-0.010787903171839483,0.03199321208958715,0.4062783866887903,0.06747434023464562,-0.5726533511262141,-0.01146844902709667,0.03602740222914413,0.3698995191491172,0.08553965088960408,-0.5990126041894606,-0.010280294065557126,0.045469876352722725,0.44758610996273795,0.09763890184526222,-0.6028986382193223,-0.00816025269088296,0.06821789694709965,0.4383653250680832,0.08110961859902906,-0.5694223151647002,-0.009991603136823228,0.03176004396211629,0.374450455790228,0.06496066490677745,-0.5835449228239172,-0.011073272412846513,0.04128441347384336,0.37989882515715473,0.0839439429449968,-0.5478360334057444,-0.008559891531476523,0.05592036464052186,0.4554903510425607,0.09873973858363855
alpha101__alpha034,-0.32719418279054285,0.06310787563131845,-0.005944057345284204,0.1296899555250558,0.25998803975272317,0.014615100837187034,0.039705879099642856,0.17801375005213393,0.580418878618394,-0.61653383275365,-0.09071463484816307,0.09247500212197989,0.04958593694562854,0.06839565573243414,0.011788503226867175,0.06288557845704539,0.23833225540357192,0.23680280538682705,0.172908407107024,0.021620611767164174,-0.23588381572047712,0.09235316224410435,0.361624641598655,0.06359104719422999,0.6439322621463391,0.028227409943166606,0.0,0.11362446342728359,0.10835382140737426,0.34165606069375176,0.25731863728565035,0.20166603808328282,0.5254658179047157,1.0,0.2203266004055026,0.17653565762270604,0.40941755830797777,0.5069803921919438,0.36016848739769,0.020145748959019473,0.03664629063033404,-0.03719041263555205,0.07413268143069401,0.08234487435454392,0.027054080137331165,0.25327879715817425,0.16320730295466654,0.16028838733546438,0.0,0.01622922143036188,0.12346712012638451,-0.3412145790258122,0.021466629692036807,0.008483578694172964,0.28019597477152913,0.13021559242682026,-0.34987795789009934,0.023664310632480815,0.01438804710422166,0.33247673335447,0.1448026354757196,-0.37961944410328935,0.03591678475720676,0.022555928965249095,0.3347036078270588,0.13591109322048545,-0.34664898263530886,0.022978690028618423,0.004543559134726514,0.2994475931640225,0.12569965528763302,-0.3478489719692717,0.022622877631557986,0.011484717173906048,0.28875433596171657,0.12408719193939304,-0.3610049517580461,0.025382144869595388,0.016250614097877793,0.33418496498596195,0.14293424082969777,-0.3787569044738044,0.02278394849206028,0.03064500854878221,0.32929675447481793,0.13221096037092012,-0.34858650732716634,0.022669588303969732,0.005196679619791798,0.2895531290462382,0.13308130776760332,-0.3558235726290598,0.0249080552738165,0.016273213456705633,0.2973394372336329,0.1271283078897081,-0.32479394353538393,0.029273116794512204,0.024387511580959916,0.3301364460406343,0.14472171514524826
alpha101__alpha035,-0.28956080516675875,0.24064727312032871,0.09293825918660883,0.41795492750848473,0.28524266156673794,0.13265418004961063,0.49372433316970066,0.2934259548529713,0.23017048949731506,-0.2443911602989192,0.2030976637550804,0.20107843972096265,0.24419487147517768,0.13986445887876545,0.11195646257551371,0.25466616706723616,0.35634451469862594,0.18017897244163064,0.42000219644940767,0.0173693124102898,-0.36830945937393034,0.15517592540922306,0.36032238308210823,0.15427164766301033,0.3164920987504692,0.1443703462945514,0.0,-0.12138545397222554,0.29912567933199435,0.41810504095979834,0.46011590138200975,0.2007056762156565,0.3509516224162295,0.2203266004055026,1.0,0.09159911097895991,0.2223557182751708,0.4722203420631885,0.4316877684510514,0.2097833350396514,-0.021619295404268702,0.0179819386422843,0.4476148951651974,0.27708288521140545,0.17655043195804057,0.32168367126226494,0.4444476848236185,0.12870066379911269,0.0,0.13120334403205103,-0.18097958896890545,-0.3464953052642548,0.0286807936531196,0.16123844069476354,0.3916632701501114,-0.20498093381775664,-0.3359670105720954,0.02190141819494323,0.16669160155058083,0.3261988568203913,-0.14126005889781598,-0.3538060095156032,0.02047858186564491,0.18419002993583902,0.2731157366197869,-0.1658295155328438,-0.3429754476319312,0.033943372531772195,0.1627176678616833,0.18001367895388418,-0.19730237291452135,-0.34626825277802037,0.026438660743289877,0.16469646258327328,0.37527414785369667,-0.1360890686454173,-0.3361798116748854,0.01735148475336306,0.17073385955274709,0.30747678428151465,-0.15092713746057776,-0.34722194516454846,0.041143641313720024,0.185667359233926,0.23143332219271456,-0.17970635482488145,-0.33950139724911255,0.03163597588703043,0.16503588763930188,0.3815179693510004,-0.20405265875386117,-0.3453517740300205,0.023507608204751073,0.16784401360122228,0.35601615931669767,-0.1464556865619212,-0.3289659870005758,0.011688278591272513,0.17454805475503188,0.2808578796048488,-0.1628260220958772
alpha101__alpha036,-0.03492752254105176,0.05683951429905185,0.046269770668924466,0.053390529577967735,0.1222042725301844,0.12665167927531723,-0.01993247952344136,0.06430619358599497,0.2270003836684781,-0.20017294297464408,0.01350155405299115,0.0849106598873062,0.090508833888751,0.13056777728428595,0.054837314142493994,0.13264512684875535,0.1420453526439099,0.03900520651153784,0.13645896911733463,0.032772890223909557,0.0,0.007629936008625681,0.017321203421660197,0.03456351414531414,0.2448479228989027,0.18779286964696193,0.0,0.1828988859342561,0.24619268410811074,0.09917430311903899,0.10428512929388889,0.06217528470075974,0.26756680049294945,0.17653565762270604,0.09159911097895991,1.0,0.19568450036475235,0.23391301246735108,0.21368282209747022,0.12632507199917398,0.015868579109726326,-0.027339089136791807,0.0449927330378413,0.16187468985889747,0.05758941370076644,0.09642832057320339,0.10947633952215863,0.04584146519893783,0.0,0.07646587621642909,-0.13231028923247504,-0.1384307190285875,0.16468160447228117,0.06984693240117268,0.11113189290059342,-0.13707123603919535,-0.13071457471861342,0.15332806393478415,0.06607119706344144,0.07903001878224074,-0.08649219880159437,-0.14688159991924407,0.08757108044137676,0.04665701802138611,0.09016071973473917,-0.11585296936532921,-0.14223427137525527,0.16502384219273433,0.06694215590444431,0.08076218092104923,-0.13290137254109155,-0.13675345178326612,0.16053557820923717,0.06760797050788635,0.10700150980579633,-0.11630627752081368,-0.13449829562907004,0.14606607613529424,0.06085224823427578,0.08932882453568682,-0.10626716137932847,-0.14484244902791565,0.15584182789893725,0.05897820475113272,0.08670762692927624,-0.1224449901605584,-0.1404268868038251,0.16217248099797013,0.0653976321728253,0.10861131965480411,-0.13281273910335342,-0.13660732388350735,0.151385567649404,0.06423881502176992,0.1107998398863984,-0.11244773094004834,-0.1232370976963632,0.13656599092915686,0.054830068448328384,0.09799091889016028,-0.10349127095257699
alpha101__alpha037,-0.2128349362094493,0.08561577803990132,0.03594592574221606,0.14978664855137672,0.300714502682519,0.059127172911582315,0.16250503767635072,0.15803026145672416,0.4798096888325479,-0.5107772058939593,0.06884219085489936,0.07585317148812779,0.09471934917669426,0.0976837591742962,0.051912288801718144,0.13017864458384068,0.23129220594266123,0.396394978363116,0.16824422023871494,0.020750556205204617,0.0,0.07286808674673335,0.21706950462750607,0.08542199136634351,0.5339410009076654,0.05276578605020208,0.0,0.12880465662726057,0.12029866063625394,0.2489383357537196,0.2705795193775843,0.3427761971193192,0.5945858200644879,0.40941755830797777,0.2223557182751708,0.19568450036475235,1.0,0.5252346393828441,0.31486098233111626,0.0829145066427756,0.033497674221422795,-0.03734508885403914,0.13802438378691542,0.09649893663316132,0.035003052915755055,0.2059427453372406,0.19543758719599313,0.14388311051529845,0.0,0.06535270947171848,0.04911485718252225,-0.3377109682916012,0.06857709611190924,0.0748257168120279,0.18031525630967757,0.04716211673287336,-0.3524032721735996,0.06737849191884493,0.07699974812400076,0.2406323023569565,0.051799523316554776,-0.3624774574142437,0.05600413875991625,0.08283973621156157,0.22671656397930942,0.05398402640978777,-0.3380709885169531,0.0675922820003665,0.07755937640409212,0.19550120276217972,0.045751242767551166,-0.3424777772212725,0.06708077928472023,0.07543348197508384,0.18370966627588314,0.04019225933980779,-0.3616938148883175,0.06598563573452142,0.0784202906665194,0.24232334199101035,0.05533692667986333,-0.36176176095435997,0.0655564030751814,0.08486774759791291,0.22895824487796812,0.05315052544303371,-0.33986797885854114,0.0657597183407309,0.07488167077287337,0.1960862848198024,0.049026390828346776,-0.34929449425164766,0.06543341410172068,0.07725587259297671,0.18754719981353857,0.04299799182797233,-0.33031367903600645,0.06503446206013795,0.08240006778979354,0.2417395512841072,0.059560512706679676
alpha101__alpha038,-0.47561980807107035,0.25574320376685833,0.0024681433678493928,0.384416334019041,0.5083457114987272,0.019528479267847437,0.25897818075241685,0.36279003935065873,0.5227678107940609,-0.6163269364856516,-0.015877500929756403,0.18836302221277085,0.21175818308908576,0.094408286430501,0.089701819345962,0.22562092641775733,0.43402859111150505,0.30930481126656545,0.5361363019343754,-0.0063105307267003015,-0.3640853158614095,0.13358479018292138,0.42720155879122124,0.16320001286808583,0.654683793837332,0.13983152534255053,0.0,0.07868108343317151,0.357276197362312,0.471200413667541,0.5281446344034352,0.27433866496868625,0.8434754603760493,0.5069803921919438,0.4722203420631885,0.23391301246735108,0.5252346393828441,1.0,0.7145575229695398,0.12061006845834159,-0.01814148242860097,0.030609960856668436,0.23361394540216113,0.21251416584890598,0.11859084625296093,0.3985498963235576,0.4317628685757616,0.23320898965469963,0.0,0.10350690410177853,0.0728237752069327,-0.6168099865277542,-0.025958244823434666,0.07936146614542967,0.5368579493024918,0.022826369454486305,-0.6210855023390478,-0.03130159760541327,0.08780850280793112,0.49889092821355335,0.14007845975259778,-0.6676537347023154,-0.032862865577313834,0.11242277291480578,0.4724731705081236,0.10370430943663901,-0.6336222760830442,-0.01994808962170367,0.07784020721179923,0.3959469911160781,0.04762125894404781,-0.6215246304156865,-0.02741345216099703,0.08428259898377537,0.5321367527197602,0.13829988542112695,-0.6293133894824045,-0.03493711744184482,0.09576429862223071,0.4878757357256016,0.12413935467958274,-0.6604632825990642,-0.014377390664112416,0.12332501284377093,0.43262163052420977,0.07867451099644147,-0.631585029547161,-0.02169510430301756,0.07991240029881834,0.5407995120633801,0.02466468270651124,-0.6263554743130215,-0.029900341484363577,0.09004963351938937,0.5244715846971092,0.1289663153770097,-0.5944018852646346,-0.03875442129706242,0.1064225566203731,0.47269042604313266,0.10758707792661897
alpha101__alpha039,-0.3527458931769229,0.30754039312064363,-0.03665635496005836,0.4957392795186737,0.6029106980014509,-0.0010380689159184225,0.3498013614542451,0.48771916951602584,0.35063728386802806,-0.388056828828007,0.05708301339330718,0.21807346684539727,0.21139983834103532,0.020782476908861654,0.10823449320139072,0.2504187211691718,0.41718073291709457,0.19638784893013575,0.7925691859539821,0.026315653572302717,0.0,0.13298792668015783,0.388580459755788,0.22156810252437548,0.4592115227020063,0.23680137433384382,0.0,0.09783148652013678,0.6406953075116556,0.329880145085463,0.6453950997070453,0.35923763604125714,0.4774766983102178,0.36016848739769,0.4316877684510514,0.21368282209747022,0.31486098233111626,0.7145575229695398,1.0,0.1336182430554385,-0.00515513687450729,-0.0015231118499563821,0.24788567954389829,0.20118720820354108,0.15279616628242632,0.47444392136841973,0.6324161088059106,0.1580735468559376,0.0,0.12486835013008807,0.024325889817928183,-0.4974600027551243,-0.008609753597011705,0.0626648154161821,0.4464488818156148,-0.056889955416977514,-0.47618410541037187,-0.01878663802073647,0.08536854257433842,0.11643079425208645,0.21729176079643736,-0.5231100614308501,-0.02724351858171704,0.10637827717092688,0.14365157420822056,0.10493879559819946,-0.5202028637998432,-0.003719997856835286,0.054066842876901035,0.054883327571159185,-0.02480785382994895,-0.49394704829354474,-0.011221823387854487,0.0737230260360971,0.4116567478821923,0.20866527323976142,-0.47232035184686627,-0.023413737297172322,0.0954283323489978,0.10191242226002015,0.15229085640133405,-0.5091649808138533,0.00151819883212211,0.12638667797488745,0.07163355961930681,0.02585526671214364,-0.513941359128242,-0.00520065555878104,0.063383858979151,0.42133472222010504,-0.05555027289521134,-0.4892461959090635,-0.01794921287111413,0.08499979357047534,0.37368178330954954,0.22104521527224077,-0.4714362226416927,-0.027376011814054264,0.10400258984086672,0.10746782608456373,0.0952622107217889
alpha101__alpha040,-0.06980239574670216,0.16589599800061083,0.3901265084156716,0.12502997085806908,0.05169347517526148,0.6442447852272978,0.37480005032756375,0.0989758512476545,0.029210966420982074,-0.05915627721353446,0.016408189186912187,0.20370837761341956,0.2900610980343436,0.5402436772984577,0.16991670611238519,0.5059302518854591,0.05917693374617546,0.19182791609106917,0.17926874494513667,-0.2487124389589899,-0.13005857132067358,-0.013820591527916875,0.18301645124412,0.3850280611209353,0.035677218983615706,0.3405475914128414,0.0,-0.15924318924694789,0.1922087505754332,0.06038384704026053,0.23668752836835438,0.06651090195406173,0.05771410244709158,0.020145748959019473,0.2097833350396514,0.12632507199917398,0.0829145066427756,0.12061006845834159,0.1336182430554385,1.0,-0.3632722567845208,0.37129839087572747,0.16232072345317008,0.33908659943127123,0.13814720969766797,0.18299888442378098,0.12512160227408994,0.015661060502923915,0.0,0.3027773716392624,-0.4225659437686931,-0.06823839812404946,0.032255528647536155,0.5993340040450391,-0.026481929905673048,-0.30899937888260015,-0.07284740149401521,0.025149026335733238,0.5776149787430801,0.012631898616032347,-0.5953031353906078,-0.04053897332559896,0.01496088960182939,0.49374729156414254,-0.02024285609510918,-0.48369698297247954,-0.041371684358989545,0.03870073601486007,0.5851132851052241,-0.07788923777043547,-0.3639493001904493,-0.061249043520467034,0.04093842749855207,0.6163100332344005,-0.03760608308241168,-0.5447444090151469,-0.0670566818166859,0.013958805509732145,0.5289413255925893,0.007769903783909876,-0.5533263607924247,-0.03861998207383063,0.04973794262618572,0.4306581157213433,-0.025798841658545013,-0.4248641367978213,-0.035074815608993046,0.05648420721748461,0.6061043693362751,-0.02949808243230337,-0.3067139670225164,-0.055054677071263436,0.04005241237193919,0.5807488509166328,-0.049746033140320604,-0.5747636617303742,-0.09646023049328632,-0.006273732301550964,0.47276959162848714,0.007666735793600148,-0.4956953933247262
alpha101__alpha041,0.0163359569628662,-0.01738393682956848,0.012967239400419037,-0.012730062805792952,0.09294290096918473,-0.0028285126932391796,-0.05524857389567253,-0.027516466278089107,0.01786385003034546,0.04820543842936626,0.06172922991990418,-0.14359298948036922,0.02988797652107824,-0.0024403431726594464,-0.012793305223241175,-0.12334786001271524,0.0264649911256544,-0.27797879266122505,-0.04211138730484205,0.4803976737496139,-0.038873902831552176,0.00041400588682726267,-0.10330192422697977,-0.6023971592446985,0.03595493115696967,-0.014034216013841758,0.0,0.025870689537421925,-0.10916331492640492,-0.005505363449968905,-0.015622283841699018,0.10843346304004312,-0.007711801800348269,0.03664629063033404,-0.021619295404268702,0.015868579109726326,0.033497674221422795,-0.01814148242860097,-0.00515513687450729,-0.3632722567845208,1.0,-0.6251923132905398,0.0011642557471775164,0.00297396107205943,-0.08142500040882107,-0.17630090221456682,-0.1698773200824534,-0.010128106068894258,0.0,-0.02446223968021805,-0.012946074504609216,-0.004766125372827905,0.632712675530137,-0.15952570645666642,-0.006505152140073248,-0.00275548082895674,-0.006646383808018874,0.6335604042084558,-0.1502335301918523,-0.018182243163989746,-0.009538553026358835,-0.003987906755512547,0.6337380362146835,-0.13657688618216904,-0.016898019560060203,-0.011240047216985986,-0.004934612791905642,0.6326465246828893,-0.16315473760508684,-0.01267728260524322,-0.01021319373877783,-0.005535133560460888,0.633072599412969,-0.15568537747907374,-0.0061563188847782915,-0.021977399694412782,-0.007525023995938637,0.6342767285374523,-0.1442439110827682,-0.020397353013497294,-0.008971415390088453,-0.003776735511767769,0.6324856921688188,-0.12819424441371913,-0.018235301551697263,-0.009942593404699664,-0.005464745799185683,0.6329498838398847,-0.15956987145794801,-0.007602605196037521,-0.004104894012180399,-0.005884895298472196,0.6335727552462567,-0.1504804029087055,-0.005078208532799128,-0.020717658545215387,-0.0036407172885296753,0.6335860470343845,-0.1365924559001749,-0.02456674381826662,-0.006849979834478348
alpha101__alpha042,-0.02549372751408354,0.020977972795373136,0.011190266179271147,0.0031887539366499632,-0.07258218325453339,0.0028456697008044417,0.054209573457035344,0.027178162998873587,-0.0033966755954799566,-0.04889799639486439,-0.04520760613690013,0.11860556427772817,0.06383288852554639,0.0022780035256112366,-0.0038586836336387963,0.11210844754558688,-0.020992301614691743,0.20995068399414837,0.051167411536239014,-0.5620009163558229,0.048816179827561174,0.00028077234890342394,0.11522447393844247,0.46837432911033006,-0.036344703585706885,0.013857551401480634,0.0,-0.02234062496531898,0.09352727681625438,0.004797081754528113,0.0035935317600360598,-0.11429964479323076,0.01546157843717401,-0.03719041263555205,0.0179819386422843,-0.027339089136791807,-0.03734508885403914,0.030609960856668436,-0.0015231118499563821,0.37129839087572747,-0.6251923132905398,1.0,-0.001380984191414484,0.009462334765447743,0.07599063548382787,0.08114799312444565,0.005798630434353943,0.010430991255494114,0.0,0.015138979310104331,0.011694852662978615,-0.003443171717633613,-0.6268620625971023,0.1944825196175203,0.023671537688346175,0.0021682365378564382,-0.0017692052479796226,-0.6274452615001345,0.17731496062458882,0.03908458702797493,0.005174897234869678,-0.0061868676671655,-0.6275491603578257,0.15682753252987233,0.03757030504048494,0.009395364822922487,-0.003114744499536227,-0.6272228604938047,0.20242429823722458,0.03343215690537714,0.008105149679249595,-0.0028741308040306874,-0.626876830253718,0.1868979809957641,0.023575502672895706,0.021778847981048968,-0.0017642695184228742,-0.628030217481042,0.16699883022306247,0.04027965994213381,0.005847869955887001,-0.006131629011459119,-0.6272302604851628,0.14250221970024354,0.03796539053012607,0.007497459416985087,-0.002739910415222563,-0.6271660431599275,0.19578484590625905,0.02735648324830206,0.002800394511489902,-0.002908338075220894,-0.6277073042467993,0.17777627019582437,0.023282102524974646,0.020062090133281564,-0.0022262031374258293,-0.6280104339504103,0.15467074625689084,0.04337953658986802,0.004973243889234671
alpha101__alpha043,-0.11804447252716915,0.13543050455276348,0.12322253198656062,0.2101843557302719,0.17514383959911242,0.18543112382106686,0.5569440596447781,0.2017523685422599,0.11520559513268683,-0.12275757371881625,0.30628831438116083,0.11699189089859607,0.17428357032544758,0.1847676256338798,0.07067479403209613,0.1714654233176868,0.14528319522088484,0.13163878511268398,0.23409195683760287,-0.010458788456664874,0.07665438251618795,0.13285060534712925,0.10840589223696703,0.04865764434060682,0.16262315871675098,0.061335062701062835,0.0,-0.007058515359992953,0.25664083260350967,0.28417933226665093,0.09579837691742626,0.13829082531894704,0.21425187020705372,0.07413268143069401,0.4476148951651974,0.0449927330378413,0.13802438378691542,0.23361394540216113,0.24788567954389829,0.16232072345317008,0.0011642557471775164,-0.001380984191414484,1.0,0.19358444709026423,0.10424936203937614,0.0497922900847863,0.32478839115047536,0.07095066689210754,0.0,0.07216517864857132,-0.26413960125568464,-0.17853771762655807,0.059591626360515675,0.11344200105237977,0.23818683569586638,-0.2828967255843929,-0.18251152379902993,0.058535700007538535,0.1322233003323029,0.17067744066275403,-0.1924203666052333,-0.37250701110918355,0.06662406641010393,0.13377248663194394,0.24543130581912437,-0.23794307427325964,-0.24835202637434053,0.06167892161120643,0.10683516435726768,0.22709141178773137,-0.2725766425334986,-0.18542635617772588,0.06637441708486858,0.12334353283506368,0.24208776194494042,-0.2570235237344579,-0.18770165603693487,0.056009856154595195,0.1383507338759211,0.14416572174126208,-0.20906015657919064,-0.37937843693339846,0.07187991177276029,0.13484622080251943,0.22243912176410685,-0.24587466935458302,-0.26082586289954734,0.0708568056735453,0.11363425627040981,0.27315727789456257,-0.2776155930746855,-0.1918884838297254,0.06608429950033229,0.13339557676682984,0.2466534275052376,-0.23506306818994485,-0.15197482934769602,0.052322284904850996,0.12768972218599328,0.12626013547150072,-0.22593401951037279
alpha101__alpha044,-0.11830563910000727,0.20432220715864877,0.2007251242279191,0.15966569518919305,0.11757444903333265,0.27617570249474205,0.19380155673588442,0.11864131583465044,0.0909010748875886,-0.09211410391393182,0.05129880023587319,0.16743790589674082,0.4812752577707569,0.2439002322199455,0.3181760215948454,0.663265889368431,0.11196234217443524,0.011952731278044615,0.20967659860744642,0.005934365596682102,-0.22230722147809448,0.4636021348059996,0.10963954959174277,0.06743551988206088,0.11908660575908914,0.40843665474218876,0.0,-0.08851673486761807,0.15142840584802972,0.10590089505297645,0.19415368362123067,0.10934735035730742,0.14262255213149222,0.08234487435454392,0.27708288521140545,0.16187468985889747,0.09649893663316132,0.21251416584890598,0.20118720820354108,0.33908659943127123,0.00297396107205943,0.009462334765447743,0.19358444709026423,1.0,0.1282196879086423,0.13081823253521543,0.12908575486452592,0.0353125896541596,0.0,0.263550016110035,-0.4151274659707522,-0.1584102901724251,0.11047279630760652,0.2485782328597798,0.15068599744765926,-0.5551419988263943,-0.15263363777587852,0.1250857161245383,0.2896818338669687,0.10235273594011236,-0.27890112836138464,-0.15141615132157407,0.22900441695988033,0.36306606099030186,0.0849378053494097,-0.36243369252572555,-0.15864792061426547,0.10792763809189396,0.2324603213670526,0.04495693380489647,-0.4860017168555383,-0.15711928432659322,0.11827524710039568,0.2670148864776223,0.14219714563087257,-0.26399133516593176,-0.15035437279655672,0.13825642629235932,0.31808007586706327,0.09366409946705131,-0.31119074437387206,-0.14793906128899395,0.11184314556236821,0.41986648087666434,0.06474702512877072,-0.41187144063418113,-0.15690492105321888,0.11510276996538596,0.24890598826690705,0.14770036706008347,-0.5531840370027205,-0.15442662425728823,0.12923725659223104,0.2895570496677854,0.13270435550976545,-0.2916887437172387,-0.15647596266290364,0.16228902772433865,0.35653929272191903,0.09147295613489269,-0.3555040495229694
alpha101__alpha045,-0.08905804929883035,0.12705963484865376,0.026539763604291982,0.1004399310670209,0.05991808622772991,0.038048667931554855,0.12430394059437695,0.10504942511091246,0.04152217450000222,-0.0038605277535737285,0.02096792842630906,0.7418402352111144,0.12086968876507674,0.040987216189522696,0.05478732440611959,0.14908347037163536,0.09419078293593489,0.08513069881963511,0.13237855140133606,-0.03703373276335027,-0.11679929389039377,0.09329964997705648,0.1624551667418754,0.11389908513453133,-0.0018221900469149613,0.06988073467947414,0.0,-0.002370461511125657,0.12282545763637664,0.0018804713411057592,0.17688679468847474,0.10366400899821902,0.08026155822327197,0.027054080137331165,0.17655043195804057,0.05758941370076644,0.035003052915755055,0.11859084625296093,0.15279616628242632,0.13814720969766797,-0.08142500040882107,0.07599063548382787,0.10424936203937614,0.1282196879086423,1.0,0.10639720569217344,0.14170337250573597,0.0407888572925738,0.0,0.06048281807790512,-0.06020785687860276,-0.06366725420194447,-0.04380681170081187,0.08967019538644776,0.06724260889055374,-0.11824372475118136,-0.06683106110186185,-0.045319795599694845,0.0966284090173612,0.04975396614801494,-0.024920876166181407,-0.0802472579308186,-0.05007162333973879,0.10029023367844779,0.04825707342890212,-0.04613730859225318,-0.07013345228026818,-0.043201155789337406,0.0874406885737822,0.016294790637687937,-0.08253535483347574,-0.0641378684000437,-0.044402499027321476,0.09151554899011251,0.06362308922034912,-0.024727949651918824,-0.06699894322712185,-0.04736323937471684,0.09844660349379482,0.04288881390901572,-0.033095212880098694,-0.07998152394498897,-0.04243353949146771,0.10509157097073589,0.03024773496478557,-0.05663778526723505,-0.07078916462666648,-0.043362646110538645,0.09033579967161653,0.07067849275537273,-0.11660530474487114,-0.06499387172240009,-0.04567333336473753,0.09700018620617652,0.05966179240577131,-0.031357856391904776,-0.06498483947082206,-0.049562692468035886,0.09908759867145703,0.03139741771101195,-0.04270752595154054
alpha101__alpha046,-0.18921056185893384,0.18000608387094855,-0.03126984591794158,0.2816828888379101,0.3529750200293328,0.016223351332794036,0.21648311649400676,0.5197353258338151,0.3177512369940198,-0.31843251711197607,0.025038362784084764,0.1551941282607062,0.12948822854926448,0.034856019627870174,0.07468640268640192,0.18369852034570278,0.2653955157626974,0.24269385109578054,0.4136983910313192,-0.04304811779625396,-0.1344467143774039,0.0766484491087847,0.2384122052075591,0.18668436562870036,0.2784062255870995,0.15654414584461,0.0,-0.016903784378015912,0.3053844467295829,0.14111472540580247,0.38444780429385417,0.22677251336412363,0.2923622614114232,0.25327879715817425,0.32168367126226494,0.09642832057320339,0.2059427453372406,0.3985498963235576,0.47444392136841973,0.18299888442378098,-0.17630090221456682,0.08114799312444565,0.0497922900847863,0.13081823253521543,0.10639720569217344,1.0,0.3523861472255702,0.0809339657947611,0.0,0.10630627385611452,-0.004707287745448096,-0.4312035184595146,-0.07375765157742796,0.10591124006238464,0.37715053912196655,-0.028270432987522034,-0.3354791095628384,-0.08543461293892954,0.09870069726147875,0.05619956921383074,0.01531974242589812,-0.286641398425486,-0.11746562978729262,0.11175700588822719,-0.006706830272077551,0.00043682346745356677,-0.4291114862187758,-0.06118605460949348,0.10780765214010601,-0.0001698183524839123,-0.01977349711180821,-0.42691124249327556,-0.08168063329488993,0.0966664881950779,0.3469318410657294,0.06831252467802391,-0.33078778924562846,-0.09367417957633209,0.10564450745460842,0.05926601691629503,-0.0015741991231861172,-0.2582479848847755,-0.05069688077762045,0.12031865293118661,-0.041928542512251456,-0.018376494913532316,-0.4038437309433867,-0.07403753073597175,0.10558350225910582,0.2984858248333553,-0.028164610001557254,-0.41987655985415745,-0.08946064941506886,0.10084084722193727,0.31064514846114194,0.050399404364584975,-0.33605230167754035,-0.10049835526956155,0.1097247787240898,0.06073221081840045,-0.018225245312270304
alpha101__alpha047,-0.23800328740832385,0.26512160971696097,-0.0017523102040763723,0.44084363875644533,0.4945703107786016,0.0049562210533404035,0.3204931476538475,0.5142766773970421,0.15214042257650578,-0.15698403972686437,0.23009278877495823,0.18025565541773006,0.15691465917027683,-0.009780686714632296,0.06931746546698499,0.13624377615041242,0.26529728045396994,0.1566614687922146,0.509939327050417,-0.013830713019264952,-0.32260323813360203,0.12590133503386597,0.22080259052515394,0.24113865329444162,0.20613676433044528,0.1531209317099797,0.0,-0.0026950867903748573,0.555808869031591,0.2973175053448074,0.5186674652500358,0.37066200549715994,0.25743875875331795,0.16320730295466654,0.4444476848236185,0.10947633952215863,0.19543758719599313,0.4317628685757616,0.6324161088059106,0.12512160227408994,-0.1698773200824534,0.005798630434353943,0.32478839115047536,0.12908575486452592,0.14170337250573597,0.3523861472255702,1.0,0.06922354650987278,0.0,0.09367341952417144,0.03388109644098145,-0.36984830745593905,-0.08013264563189665,0.0799620885075405,0.34271040540295394,-0.10556200136057783,-0.3589144023197576,-0.08429273897241786,0.09178804865138637,0.04402066332124024,0.09442746453311765,-0.4526262808434248,-0.10969570424787395,0.10326165260987846,0.06811903900067877,0.1039943647480499,-0.39884836569100696,-0.07616679796337003,0.07474059576583406,0.035332662329857864,-0.030633078551793216,-0.37083780105526326,-0.08031816668184705,0.0863803251652921,0.3239438101426861,0.09052190836659185,-0.354330945868399,-0.09133202363097696,0.09787745215531633,-0.06376318523627063,0.10550648012971406,-0.44528183511265534,-0.06673131699203683,0.09996769494965113,-0.004760938242500822,0.03859166690090446,-0.39783172161256886,-0.0760492262822503,0.07988292222827169,0.33314161298008826,-0.10511230185706125,-0.3697398327632916,-0.08289386979182055,0.09215285758926929,0.2930795839197663,0.09263356261392908,-0.3415230647747659,-0.102484533331542,0.10212254315355589,-0.13962384434413566,0.10516772067528575
alpha101__alpha048,-0.09898649515515738,0.029567950186334485,-0.0020075175109015336,0.03821636085549544,0.07363575943322621,0.007711086598760564,0.04050542561838326,0.06114463432809984,0.2188193941569286,-0.23226679943063086,-0.004901633060296064,0.059547828358008884,0.01995606811483711,0.020544407609113694,0.0033892435086322835,0.02936781148016887,0.11980750396699313,0.12181126593636421,0.07211284879690048,0.0032857853454983928,0.0,0.023437256409552663,0.058326874970482834,0.04185907431796146,0.2176123976816515,0.0034194481076425714,0.0,0.06984972075204333,0.013326450294186614,0.11723837661550363,0.08176603520843528,0.06647310364980852,0.2566077529201529,0.16028838733546438,0.12870066379911269,0.04584146519893783,0.14388311051529845,0.23320898965469963,0.1580735468559376,0.015661060502923915,-0.010128106068894258,0.010430991255494114,0.07095066689210754,0.0353125896541596,0.0407888572925738,0.0809339657947611,0.06922354650987278,1.0,0.0,-0.005336516419295269,0.026553340766516564,-0.15106056179793867,-0.005578723433693003,0.0027003590826178837,0.13034543459388187,0.021400591677399557,-0.16067325989604575,-0.004862842488226688,0.006147520441841502,0.15987424006345155,0.03223269947599553,-0.17041954036207152,-0.0035864822417764532,0.005905750215513266,0.15361511474804898,0.030034470122702713,-0.15155450447582308,-0.0048784468358386915,0.0051062153861051555,0.14820656009410504,0.02321996216314582,-0.15377437376018097,-0.004831762647217007,0.004450211130988277,0.1319649323528472,0.0273413807730008,-0.16516291613040873,-0.0031523457446008,0.005416370966854382,0.16844230505164318,0.02945454376013242,-0.17110234709479158,-0.0049800547781260075,0.006424551426586119,0.15819637138012832,0.029142981832388306,-0.15335210718624026,-0.004699989377414538,0.00304042246289662,0.13423366493574976,0.021806641605233133,-0.15831531100352442,-0.0038991016963605845,0.006526537726600621,0.13441156829333106,0.026629277717930788,-0.15306948531564024,-0.002716347530692754,0.00520154130213424,0.17400968077306211,0.0334863726213193
alpha101__alpha049,0.0,0.0,0.0,0.0,0.0,0.0,0.0,0.0,0.0,0.0,0.0,0.0,0.0,0.0,0.0,0.0,0.0,0.0,0.0,0.0,0.0,0.0,0.0,0.0,0.0,0.0,0.0,0.0,0.0,0.0,0.0,0.0,0.0,0.0,0.0,0.0,0.0,0.0,0.0,0.0,0.0,0.0,0.0,0.0,0.0,0.0,0.0,0.0,0.0,0.0,0.0,0.0,0.0,0.0,0.0,0.0,0.0,0.0,0.0,0.0,0.0,0.0,0.0,0.0,0.0,0.0,0.0,0.0,0.0,0.0,0.0,0.0,0.0,0.0,0.0,0.0,0.0,0.0,0.0,0.0,0.0,0.0,0.0,0.0,0.0,0.0,0.0,0.0,0.0,0.0,0.0,0.0,0.0,0.0,0.0,0.0,0.0,0.0,0.0,0.0,0.0
alpha101__alpha050,-0.05112069489652974,0.2101822071891954,0.36537397154842255,0.13671305225756272,0.10210267455068964,0.20409979000421533,0.19751226533254734,0.08258503984644527,0.012847422388533357,-0.020783021528133837,0.02713441587610371,0.07657212244719297,0.4153272630967245,0.17050545477153192,0.30296512789979635,0.2657174091803275,0.07644829208617607,0.050456287627390156,0.16064759900151326,-0.023286875694431115,-0.05904228692470303,0.042799271009331875,0.040026838445369424,0.0955387409936267,0.021299011004824227,0.2762748897433741,0.0,-0.09758876268914386,0.14399724049594442,0.012556113812942627,0.1856142155454632,0.06911174604406807,0.028632292659789026,0.01622922143036188,0.13120334403205103,0.07646587621642909,0.06535270947171848,0.10350690410177853,0.12486835013008807,0.3027773716392624,-0.02446223968021805,0.015138979310104331,0.07216517864857132,0.263550016110035,0.06048281807790512,0.10630627385611452,0.09367341952417144,-0.005336516419295269,0.0,1.0,-0.272132294482951,-0.07030345118969497,0.10994403397413663,0.44414411783063207,0.024175922724200088,-0.22829061582630872,-0.06817687624071868,0.11220633669435573,0.5163456133598457,-0.0006020544241988121,-0.2618247567701743,-0.03262828227290263,0.11687298319218903,0.5038867140883013,-0.03566549513003541,-0.27981390555884006,-0.05930669888021423,0.10888967534706637,0.4149141216470805,-0.07118079330125765,-0.25646021309674755,-0.06414289347767069,0.11448051241211864,0.47935556686694364,0.011494629672387154,-0.23545232728936047,-0.06135906501684164,0.10939961839031362,0.5187838827927389,-0.0044470883771458285,-0.2812219295468427,-0.027136266392661507,0.11218685831787809,0.46642709826472784,-0.04677331513394739,-0.27547830445215327,-0.05335621942740993,0.11560812693072152,0.4452829964772077,0.017697165424962004,-0.22910311448685697,-0.05712640814061773,0.11621173050275967,0.51663487092182,-0.00232522557728585,-0.25472240030769355,-0.08868887071478261,0.10166979601611621,0.4993756074152934,-0.003486670763352195,-0.2815857863847232
alpha101__alpha051,-0.10448644594243583,-0.24251331148472993,-0.22963787141134354,-0.022974291258454765,0.050996809917730083,-0.3714728099770772,-0.3924932012558067,0.07461593033739364,0.09972045914849129,-0.1051840728919132,-0.16061633491533367,-0.06161944823126267,-0.30263691792267855,-0.31270470164770187,-0.16393072326253547,-0.4232010709093228,-0.00824424437985176,0.09317040753711235,-0.0849890883941532,0.03070033616384247,-0.0021717471246148847,-0.1841567569795912,0.10787270097282957,-0.019731472715125303,0.1084574236607118,-0.40278483328971215,0.0,0.1838691561233309,0.005881684937128714,0.08194726343478383,-0.013303920525902185,0.06221807007769848,0.07325830709595939,0.12346712012638451,-0.18097958896890545,-0.13231028923247504,0.04911485718252225,0.0728237752069327,0.024325889817928183,-0.4225659437686931,-0.012946074504609216,0.011694852662978615,-0.26413960125568464,-0.4151274659707522,-0.06020785687860276,-0.004707287745448096,0.03388109644098145,0.026553340766516564,0.0,-0.272132294482951,1.0,-0.025547587506867035,-0.18950097611952585,-0.27597474929164967,0.08417603515172736,0.7013723407765846,-0.02452874661833526,-0.20861035555248264,-0.3083125442908273,0.0680504497792944,0.6904223889527329,-0.10538888281290928,-0.2586258015619968,-0.3609495493098959,0.1107632719117352,0.8811277922214429,-0.03466820258025956,-0.18727260473027332,-0.26347006073653784,0.14714216128403387,0.86326793404922,-0.03403928990850406,-0.20207100099986353,-0.2913821817066218,0.09895811156539006,0.6575641167965358,-0.03513906692284125,-0.21449402301930043,-0.33041963625355913,0.03805929767673891,0.7699949226610383,-0.10970489517669882,-0.19225379961020103,-0.310297494663803,0.10762676909612519,0.9939742452583163,-0.040435520099465834,-0.19890207450871863,-0.2763291145005653,0.08909262304528202,0.7019435907750513,-0.044732521232984615,-0.21853711291512568,-0.30933793308808755,0.11225877905223768,0.7150747852907187,0.010097099212767639,-0.20864054356411427,-0.3518792862031785,-0.006485890654137113,0.863656915946828
alpha101__alpha052,0.291042204847115,-0.18699516526753507,0.011517685324414587,-0.26470855563262863,-0.47121289142499606,-0.004740641713802502,-0.23209497137554425,-0.3334992964587022,-0.33253479414216075,0.3894661750577414,-0.09517985107840529,-0.10662484759334064,-0.14498563761900127,-0.04398659059799245,-0.0609705585269742,-0.13798856270099202,-0.19665382870445275,-0.2011389950859574,-0.395180204979398,-0.020849531312799124,0.2315725466389303,-0.12697024123590356,-0.24111144796953757,-0.06308123983420069,-0.4049730506964246,-0.10232010951195922,0.0,-0.047050078052041304,-0.2608359956914576,-0.31530066731641876,-0.3635447216335112,-0.20453260702044165,-0.5639245163573253,-0.3412145790258122,-0.3464953052642548,-0.1384307190285875,-0.3377109682916012,-0.6168099865277542,-0.4974600027551243,-0.06823839812404946,-0.004766125372827905,-0.003443171717633613,-0.17853771762655807,-0.1584102901724251,-0.06366725420194447,-0.4312035184595146,-0.36984830745593905,-0.15106056179793867,0.0,-0.07030345118969497,-0.025547587506867035,1.0,0.04457654764258013,-0.029250068153667087,-0.4622313165268404,0.005245838442939396,0.7980697162255844,0.039350194012597345,-0.04887538624255687,-0.29825254252105515,-0.0752433961040506,0.6871977678796883,0.02879135070719139,-0.07679941557338005,-0.27674480303679316,-0.04334985623877237,0.7797776439053132,0.04738695220095878,-0.02317994340145175,-0.2544389568688201,-0.00824473812019867,0.9955062249495054,0.043515823011443695,-0.0392245825320908,-0.4438701579961243,-0.10697215299481073,0.805605037823158,0.0384274783541261,-0.057850623815048775,-0.28942954201046556,-0.05376633100573915,0.673542256395751,0.04543726658485169,-0.0831724112610404,-0.2561525398201578,-0.021327560412363937,0.7600123909352998,0.04768520000936124,-0.03178130743319574,-0.40974194209835163,0.00701817879417562,0.9830053174460258,0.04239524854812552,-0.050197402317147935,-0.4242432283372755,-0.08826976092582993,0.7437634002517777,0.03627837173515545,-0.06886906232650657,-0.2838500339543839,-0.035992172361086684
alpha101__alpha053,0.021719312213802917,0.004420942751544228,0.24501473839908963,0.0019286099364098214,0.051855631413145094,0.45978420437087536,0.08912074245742993,-0.009351612032027166,-0.00020988253289192584,0.04315156991177652,0.0562592169704226,-0.07443040423130656,0.06255436082680484,0.3831913024202398,0.05983066670557613,0.06494463380190933,0.025632029243237656,-0.12026575198224844,-0.004599706211817418,0.42763941854491855,-0.025694579440009878,-0.09871876785485617,-0.08383973117072649,-0.34662341886695525,0.024103949587344135,0.16527063782585197,0.0,-0.03308003912283452,-0.05361945866732821,0.019017248207420935,-0.008653299802663798,0.11259678659549549,-0.012602679724566787,0.021466629692036807,0.0286807936531196,0.16468160447228117,0.06857709611190924,-0.025958244823434666,-0.008609753597011705,0.032255528647536155,0.632712675530137,-0.6268620625971023,0.059591626360515675,0.11047279630760652,-0.04380681170081187,-0.07375765157742796,-0.08013264563189665,-0.005578723433693003,0.0,0.10994403397413663,-0.18950097611952585,0.04457654764258013,1.0,0.09599905826242491,-0.026983933469218003,-0.11839189780259,0.048352840578600564,0.9794804897846124,0.062485211854076746,-0.011501219699571224,-0.30641686683918296,0.004564764559205696,0.7825464973087043,0.035477365633791516,-0.0030703370197690916,-0.22618705143184184,0.02530913531054676,0.9882948377915809,0.11222153993170209,-0.007420373091542439,-0.1524530583087337,0.04365368917090967,0.994065942193662,0.0825099772402789,-0.02525912969114873,-0.3444474261918271,0.045560517869517224,0.9574350966662024,0.041901802305540935,-0.015811654272803805,-0.26845953240140913,0.003581526551534803,0.9554885668815879,0.018504260599323974,-0.00449332743453639,-0.1856419876912969,0.0244505945868464,0.9861367449625398,0.1014938729196576,-0.01574900056831075,-0.11646410093974104,0.04261217583799811,0.9773986220297383,0.06552909060243585,-0.022464594825602317,-0.3134120572569855,0.05081479278909452,0.9226953305162554,0.024493926565941408,-0.01894735104300406,-0.22465593226869643
alpha101__alpha054,-0.0441151032869622,0.12263861062752478,0.6522274751628507,0.10443032511749345,0.0646962777927911,0.4042695813906786,0.26534510658281946,0.06048036878843461,0.014810857614463374,-0.03437980305784013,0.043918348512014316,0.12834379791481382,0.35326906346922904,0.341838513137357,0.21028717716285109,0.32325352009955055,0.044618559667835116,0.14929114868413837,0.11988585004750135,-0.12409088791381917,-0.019220978971989173,-0.03273209714230296,0.06159819140736126,0.2552672924829169,0.017821612984761818,0.21324252931657678,0.0,-0.1346469575606352,0.1426989143432074,0.048681473622503454,0.19040398148321547,0.07524472295751525,0.032480627294411944,0.008483578694172964,0.16123844069476354,0.06984693240117268,0.0748257168120279,0.07936146614542967,0.0626648154161821,0.5993340040450391,-0.15952570645666642,0.1944825196175203,0.11344200105237977,0.2485782328597798,0.08967019538644776,0.10591124006238464,0.0799620885075405,0.0027003590826178837,0.0,0.44414411783063207,-0.27597474929164967,-0.029250068153667087,0.09599905826242491,1.0,-0.06572656305881974,-0.20586303556248714,-0.03393942820355918,0.08493618342295396,0.8643002882619432,-0.018957770653988543,-0.39249354662910546,-0.009629399361037624,0.0607191027924541,0.6939216103700288,-0.04362821717085597,-0.3132043443917306,-1.1822467878719873e-05,0.103762066335692,0.9474786579207659,-0.08855244557584499,-0.2420166984178476,-0.024649052502475396,0.09662789395524563,0.9440593948479941,-0.07308888696836456,-0.3946528525198756,-0.030433845144711907,0.07516068825169213,0.7794021390861895,-0.018210953701640963,-0.3587968928024276,-0.008403345318461876,0.11663695454259607,0.6000065139373366,-0.049245209898823555,-0.2798791767115666,0.004247080507737099,0.1081918913119534,0.9960229194743433,-0.062150938348319765,-0.207456608146558,-0.020707913235939155,0.09208515790878366,0.8672059726790354,-0.08031546213808796,-0.37180283930945435,-0.05267627366792108,0.05886883887406357,0.6899578064434478,-0.014685838317627445,-0.32113856700042626
alpha101__alpha055,-0.3595036585382119,0.19482725644296933,-0.05425219195862012,0.32127583160771184,0.27257919145744164,-0.029187975480821457,0.10451533719058169,0.5003650346054559,0.2539849150354822,-0.28464128868803845,-0.035534003349710463,0.12137876544676247,0.12959726408575736,-0.011330680756456844,0.0631231476620953,0.09432653879720482,0.31309054882434645,0.1273387411048661,0.47483188810040905,0.02502747908869418,-0.43914806408412677,0.1534329765196087,0.2755766267095801,-0.026781937348912845,0.32929540246998634,0.09375054335112418,0.0,0.0008823644233441833,0.2878205358997741,0.3643205703710151,0.12092061086369216,0.18974168087985516,0.36033322862217715,0.28019597477152913,0.3916632701501114,0.11113189290059342,0.18031525630967757,0.5368579493024918,0.4464488818156148,-0.026481929905673048,-0.006505152140073248,0.023671537688346175,0.23818683569586638,0.15068599744765926,0.06724260889055374,0.37715053912196655,0.34271040540295394,0.13034543459388187,0.0,0.024175922724200088,0.08417603515172736,-0.4622313165268404,-0.026983933469218003,-0.06572656305881974,1.0,0.002072254583689866,-0.3988851835395159,-0.025750308234835418,-0.03972650549205137,0.5542148809672381,0.1402252773153022,-0.5491543120857647,-0.04344904523758975,0.0014614072794179843,0.5993220351904216,0.11831066462645443,-0.5264899920078757,-0.02554666463136905,-0.07021180859390562,0.5965591999362041,0.04648582216777101,-0.4695818741789248,-0.02777177205559164,-0.05434700055228647,0.9866578921308752,0.14918218951674062,-0.4058118356500016,-0.026431690230449223,-0.023820293216059888,0.49680833319416706,0.12879114230493743,-0.53766384305771,-0.021969596930872946,0.020303641617038015,0.5198541076107258,0.0862542174776162,-0.5257868287426114,-0.02706170671863525,-0.06308534666629083,0.9501779438562705,0.006177365178009897,-0.4747234980518299,-0.02836358797088433,-0.04076263826892464,0.9578602398846955,0.14471594789151002,-0.3449808641721332,-0.0263009991578562,-0.004889505512796854,0.4376086929693804,0.10699698470130754
alpha101__alpha056,-0.08109054514194412,-0.274828642032324,-0.15124120388369666,-0.08852023655330081,-0.0013039251217426202,-0.23732293221060616,-0.3539655779327952,-0.017401794303933415,0.10811405271239251,-0.11727772516003863,-0.15962041730149198,-0.12208036132324743,-0.4091467097716089,-0.1904394362907486,-0.20728323677879598,-0.5623820858593378,-0.06866174519469935,0.08240634098117132,-0.14346991864808922,0.03760205182740052,0.13090034003107176,-0.3519014449872577,0.11946475749967041,-0.02881471850499785,0.11156117701879356,-0.3848100744223539,0.0,0.1517675392612996,-0.10205626420098024,0.0859809002043165,-0.05135987484307987,0.02179414939392079,0.06259961424247269,0.13021559242682026,-0.20498093381775664,-0.13707123603919535,0.04716211673287336,0.022826369454486305,-0.056889955416977514,-0.30899937888260015,-0.00275548082895674,0.0021682365378564382,-0.2828967255843929,-0.5551419988263943,-0.11824372475118136,-0.028270432987522034,-0.10556200136057783,0.021400591677399557,0.0,-0.22829061582630872,0.7013723407765846,0.005245838442939396,-0.11839189780259,-0.20586303556248714,0.002072254583689866,1.0,0.001655372859809027,-0.12278881768169259,-0.227044287617556,0.0527371255142197,0.4799143092471313,-0.0027503556897498127,-0.17303588138960246,-0.25982541325412223,0.07917204635850078,0.603629732404159,0.013307554321585192,-0.11740533005261032,-0.19736808697807398,0.09461141103820822,0.8237841026835045,0.0006938428881072037,-0.1220478738463463,-0.21599342162420676,0.01440954745095149,0.47095542746716756,-0.007468320551353146,-0.1268432148987021,-0.24039014850851995,0.06876593498347709,0.524832796380809,-0.00662806147210335,-0.11995020126699694,-0.2883923348576809,0.09184774767529894,0.6936968803097817,0.01061660607580633,-0.12179202234536993,-0.2054295882849147,0.0026325590141518767,0.9974051377626998,-0.005598426312395911,-0.126290922969945,-0.22709603384649046,0.028350622660880915,0.5091673948501861,0.021189423060453787,-0.136123219864264,-0.256800760644618,0.06330121531339873,0.5838124321868281
alpha101__alpha057,0.29639017078999774,-0.17568799043999492,0.005369365457861681,-0.2505464711650447,-0.4706658722445341,-0.014010985663254845,-0.22396738597456897,-0.28658880791866065,-0.3462875214868639,0.4074051054582814,-0.10028268674276986,-0.10391899410171289,-0.14240377842036744,-0.0539647546319573,-0.0625196133674721,-0.13508915071779162,-0.186459667067491,-0.21157854031571097,-0.3608284793900363,-0.02054251287419349,0.2900678022659321,-0.11939824446427912,-0.2410856093765145,-0.060300301142116264,-0.4186956334032387,-0.09008583793285695,0.0,-0.04540074020044548,-0.23519032504175622,-0.3195825935536411,-0.3789519218507164,-0.20265181149634265,-0.5835283911688135,-0.34987795789009934,-0.3359670105720954,-0.13071457471861342,-0.3524032721735996,-0.6210855023390478,-0.47618410541037187,-0.07284740149401521,-0.006646383808018874,-0.0017692052479796226,-0.18251152379902993,-0.15263363777587852,-0.06683106110186185,-0.3354791095628384,-0.3589144023197576,-0.16067325989604575,0.0,-0.06817687624071868,-0.02452874661833526,0.7980697162255844,0.048352840578600564,-0.03393942820355918,-0.3988851835395159,0.001655372859809027,1.0,0.04317163937997653,-0.04860065541999479,-0.31050558768169584,-0.06417864441191369,0.6849006354960806,0.01757476727461225,-0.07564082189973048,-0.28641747938786266,-0.03974065202488539,0.7141282237461649,0.04680167708152695,-0.031594003812667255,-0.25461110807418164,-0.008875126155097657,0.784176632838513,0.04736027013301195,-0.04143682307503355,-0.3834462248389232,-0.09079010167535895,0.9931496261184598,0.041675381266320845,-0.05634098885822425,-0.30172687346364896,-0.04950878256743682,0.6762552782492758,0.034434228497831926,-0.08128633097241245,-0.26981438856124695,-0.020479857385380596,0.7094378019718186,0.04484594825661857,-0.03688598465545164,-0.35477560055062773,0.006883116287513228,0.7723214662360016,0.04553641054165301,-0.05015798826343595,-0.367590239721783,-0.07701340465677652,0.9462566069774832,0.038971533690611584,-0.06666892366405196,-0.2955918177527521,-0.03654815202019161
alpha101__alpha058,0.019478480383880878,-0.011504488979768102,0.24709443613397153,-0.008692806909166252,0.04282654853724574,0.4584939490725705,0.07426133708565033,-0.012450605002273825,0.0016242446358768227,0.041159644874149894,0.05793453635656548,-0.07474588179484654,0.06251435916825646,0.3832048765551562,0.06137681547405354,0.07478215669005688,0.0180826994069682,-0.1273607030919369,-0.018855714081649544,0.4332726649572224,-0.007221511061234023,-0.06996565475998029,-0.07510285446461774,-0.3476438721584526,0.026174730122928064,0.1787034266596845,0.0,-0.03203307560625231,-0.07386823599357228,0.02643888657307335,-0.01756677149636193,0.11142607654210365,-0.01101217652925459,0.023664310632480815,0.02190141819494323,0.15332806393478415,0.06737849191884493,-0.03130159760541327,-0.01878663802073647,0.025149026335733238,0.6335604042084558,-0.6274452615001345,0.058535700007538535,0.1250857161245383,-0.045319795599694845,-0.08543461293892954,-0.08429273897241786,-0.004862842488226688,0.0,0.11220633669435573,-0.20861035555248264,0.039350194012597345,0.9794804897846124,0.08493618342295396,-0.025750308234835418,-0.12278881768169259,0.04317163937997653,1.0,0.06695997126184154,-0.0052879289697415535,-0.2956386637643077,0.00580247255543063,0.8289343844575182,0.051883767603620325,0.0016744956372706378,-0.24214913077382053,0.02481563168306975,0.9517718089643732,0.09488297526834935,0.0007911703271322979,-0.1635298315561229,0.038048585561993004,0.9892408963461432,0.07802841540193205,-0.02265157407894683,-0.3252910393323221,0.04093446033827667,0.9917768903361789,0.055639034252804295,-0.010335968961820608,-0.2700326067078466,0.003976887579497934,0.9142513610026264,0.03023204220311074,0.0024597778616732295,-0.20386413060777234,0.023300770726515097,0.9607797261890343,0.08937965465163641,-0.015349548845471543,-0.12098027011315911,0.03701540057797402,0.9911415854208466,0.06932462430203924,-0.019379407385871614,-0.3054143135872742,0.04875743336163654,0.9671865789267654,0.041436621711506416,-0.01604128931268811,-0.23985325219660822
alpha101__alpha059,-0.05297360865548252,0.1372289735655322,0.6210027369304876,0.10501479986356918,0.07101042727851634,0.3750878987497044,0.26655142756515304,0.06989840968469035,0.023309810241639063,-0.04104436619092842,0.04605983814297532,0.1369362333979152,0.4062053913823097,0.31867405902643664,0.25246974979468456,0.34669437049134555,0.04735311003661525,0.12948888171851144,0.1286578045818495,-0.11183133019133526,-0.013704604015026028,0.048174268827858864,0.05930286010704894,0.24577343634454119,0.02964531164943073,0.2276009824885194,0.0,-0.12345472141471531,0.13765033384061998,0.05260350988454367,0.19511256397517832,0.08024036918553866,0.039792411462022996,0.01438804710422166,0.16669160155058083,0.06607119706344144,0.07699974812400076,0.08780850280793112,0.08536854257433842,0.5776149787430801,-0.1502335301918523,0.17731496062458882,0.1322233003323029,0.2896818338669687,0.0966284090173612,0.09870069726147875,0.09178804865138637,0.006147520441841502,0.0,0.5163456133598457,-0.3083125442908273,-0.04887538624255687,0.062485211854076746,0.8643002882619432,-0.03972650549205137,-0.227044287617556,-0.04860065541999479,0.06695997126184154,1.0,-0.01090453929767797,-0.37286189908622297,-0.019693859753158276,0.07767581060684899,0.815510347235773,-0.04350131245246046,-0.3491212474598377,-0.029704111115619054,0.05838365523384547,0.7996433684805803,-0.08641635003970632,-0.26850403429432507,-0.04452360208756722,0.07105849198667849,0.9317302883396192,-0.048509407269190986,-0.3310356678939136,-0.04510197016926834,0.06307141356806965,0.9227596960277565,-0.012354505194748695,-0.3894904768933697,-0.01841563604441974,0.06452757985298982,0.7077745866143657,-0.04572156304852686,-0.3116424474579743,-0.02531278229522813,0.07307374412782085,0.8595423729888062,-0.04315030738021648,-0.22815582385258895,-0.039809637880378695,0.07393456338642372,0.9974465513064305,-0.05859638629312826,-0.356257789974455,-0.06474258206638137,0.05233353745563342,0.82221640747215,-0.011396028130078464,-0.3557203060401008
alpha101__alpha060,-0.3943394773638425,0.06879969238867924,0.0019462279088831322,0.13549775534854505,0.02520211887754963,0.016589416381241673,0.03875926349793086,0.03067509887339878,0.32667212216366764,-0.3868048405275845,-0.08877526979140289,0.08665262200103062,0.05899707025806734,0.058527177477110226,0.03375393901060486,0.052569247961043584,0.22083560712119646,0.14697968733248457,0.17771430288013265,-0.004019126611203136,-0.14021479310696416,0.09544054166375979,0.26103945944342305,0.005677634471822647,0.3941611385154029,-0.006152993936894744,0.0,0.052383765923212346,-0.0920911016677445,0.4285406416000187,0.12414907357988429,0.033313407469908116,0.44075717972887163,0.33247673335447,0.3261988568203913,0.07903001878224074,0.2406323023569565,0.49889092821355335,0.11643079425208645,0.012631898616032347,-0.018182243163989746,0.03908458702797493,0.17067744066275403,0.10235273594011236,0.04975396614801494,0.05619956921383074,0.04402066332124024,0.15987424006345155,0.0,-0.0006020544241988121,0.0680504497792944,-0.29825254252105515,-0.011501219699571224,-0.018957770653988543,0.5542148809672381,0.0527371255142197,-0.31050558768169584,-0.0052879289697415535,-0.01090453929767797,1.0,-0.002046398920323118,-0.4017943967890642,0.007396479388321948,0.0025897463984376496,0.8766957954225432,0.04848437771296768,-0.31471996877259434,-0.012227821954967313,-0.015810702474638484,0.741533964753958,0.08012165364731512,-0.3095307542035506,-0.005911748609319756,-0.014607375278126392,0.5915811949344294,-0.02875735029980553,-0.326903736068239,-1.629848557114505e-06,-0.007367608285134154,0.9264564646095678,0.017805673767215993,-0.4071923034216945,-0.01834544937055782,0.005885785031607196,0.8583234319586739,0.0786946833249494,-0.32282725435743254,-0.00968707068933012,-0.01517794399044798,0.6013499795812396,0.05867025722817036,-0.3236890557791256,0.0008541767160770539,-0.00921516516629352,0.6303175094312267,-0.025408904673015847,-0.2696884768909432,0.0032191646469430643,-0.0029417759430986233,0.8167932090669262,0.06057700369936371
alpha101__alpha061,-0.10672375659720913,-0.1491333563829426,-0.3599209611721677,0.02392425102330784,0.11165035352307902,-0.5954498358604904,-0.3551421167443609,0.10803486163603693,0.1205343901039719,-0.1269507243070299,-0.17269417036132712,-0.018213252252837396,-0.2161552672300633,-0.4861691991277214,-0.12413540491353564,-0.31220827583427346,0.03989516667723798,0.03801753032022012,0.07969098883240323,0.03900626329772953,-0.040706688708284124,0.08607585449559825,0.12323058397447134,-0.022157953118783245,0.13279813854182562,-0.3113604323845378,0.0,0.19814401228121856,0.10285868501917589,0.09220445823412063,0.011360835971615284,0.06825105640076484,0.1031323192273057,0.1448026354757196,-0.14126005889781598,-0.08649219880159437,0.051799523316554776,0.14007845975259778,0.21729176079643736,-0.5953031353906078,-0.009538553026358835,0.005174897234869678,-0.1924203666052333,-0.27890112836138464,-0.024920876166181407,0.01531974242589812,0.09442746453311765,0.03223269947599553,0.0,-0.2618247567701743,0.6904223889527329,-0.0752433961040506,-0.30641686683918296,-0.39249354662910546,0.1402252773153022,0.4799143092471313,-0.06417864441191369,-0.2956386637643077,-0.37286189908622297,-0.002046398920323118,1.0,-0.15185111891991637,-0.287289696128143,-0.29781969422922117,0.08208253871692611,0.8109863257920199,-0.11731974878282404,-0.313132196379732,-0.3801041699114481,0.10637496420033965,0.5841862258072966,-0.08373309018850598,-0.3133274986482161,-0.4062492969523709,0.147194741808022,0.8999240467679782,-0.07211807265263735,-0.28269473360598957,-0.33036961907749945,-0.006489886396314156,0.9193466118536668,-0.1526480592361186,-0.3254287104705426,-0.23747908177310156,0.06018725813526981,0.7012023237899818,-0.12522608051211964,-0.3298140968264801,-0.39785250484420104,0.14276854793939148,0.4822619228953543,-0.09205478022652036,-0.3117063807524378,-0.3761447240642986,0.15524235543823633,0.9668458862546699,-0.024716557360638196,-0.25950238811894183,-0.2805516797080615,-0.004623838879839403,0.8236823705917532
alpha101__alpha062,0.3682364070350479,-0.19373478165256017,-0.00018244230341939833,-0.29139131111780087,-0.4759212533198585,-0.03847246661589773,-0.22782927613622175,-0.4214150917671406,-0.36264554891301176,0.4213143543285448,-0.08086849873919595,-0.12598042546805527,-0.14551150868027693,-0.07494941545822917,-0.060035130781427394,-0.1229128901847241,-0.22740394190958207,-0.23562349835401986,-0.40190410223800077,-0.0256306964138511,0.3080137499452726,-0.13942181616359278,-0.30135642496198567,-0.07970926174654132,-0.4442140439078275,-0.06531345597474396,0.0,-0.08379037180453566,-0.31841770060053887,-0.4154693570510485,-0.27094299759201396,-0.23939956681419375,-0.6043736370623478,-0.37961944410328935,-0.3538060095156032,-0.14688159991924407,-0.3624774574142437,-0.6676537347023154,-0.5231100614308501,-0.04053897332559896,-0.003987906755512547,-0.0061868676671655,-0.37250701110918355,-0.15141615132157407,-0.0802472579308186,-0.286641398425486,-0.4526262808434248,-0.17041954036207152,0.0,-0.03262828227290263,-0.10538888281290928,0.6871977678796883,0.004564764559205696,-0.009629399361037624,-0.5491543120857647,-0.0027503556897498127,0.6849006354960806,0.00580247255543063,-0.019693859753158276,-0.4017943967890642,-0.15185111891991637,1.0,0.019523293375644804,-0.03819197937749976,-0.46682997249831415,-0.14609162119532643,0.7961148234996608,0.0010904471910142537,-0.007763838096171599,-0.462043498836182,-0.054877696530955984,0.7023652119198516,0.0021318303470262015,-0.014606903075903295,-0.5546025559087289,-0.13959481140468072,0.7020051575119943,0.008358917617689865,-0.024897580069732594,-0.3559498361044094,-0.1538346303923135,0.9967290038401894,-0.005940188570163771,-0.054152878478531896,-0.43011707856598064,-0.11263446877356884,0.8077114680495825,-0.0016310551593850628,-0.010966223502259642,-0.5646595873645023,-0.005900584139548992,0.717789364195321,0.0038583914133472424,-0.02089556763045403,-0.5538855352680787,-0.14692215731328345,0.6137993795471258,0.010410382553764197,-0.031213046612790403,-0.3253858566416444,-0.1405215967305599
alpha101__alpha063,0.0025614521313146632,-0.08905013424156345,0.27496861489565183,-0.026432930023922836,0.0391966760970723,0.5063677441477005,0.06266513167968504,-0.05004973773906305,0.006320810230929114,0.033662393034647575,0.05968270574816616,-0.08371495177134852,0.08223650599578701,0.4233634580824929,0.0786705140288104,0.15690466001501718,-0.004738569808654205,-0.12640028988254762,-0.04057348278270424,0.44277085362682644,-0.009802739222352422,0.06992515126816284,-0.05430160378087518,-0.37603425623107584,0.037260585963745346,0.23481111204997432,0.0,-0.03857931498297629,-0.11099713264581991,0.05542407673629835,-0.006626027245203048,0.10206353448789418,0.0007255984250362999,0.03591678475720676,0.02047858186564491,0.08757108044137676,0.05600413875991625,-0.032862865577313834,-0.02724351858171704,0.01496088960182939,0.6337380362146835,-0.6275491603578257,0.06662406641010393,0.22900441695988033,-0.05007162333973879,-0.11746562978729262,-0.10969570424787395,-0.0035864822417764532,0.0,0.11687298319218903,-0.2586258015619968,0.02879135070719139,0.7825464973087043,0.0607191027924541,-0.04344904523758975,-0.17303588138960246,0.01757476727461225,0.8289343844575182,0.07767581060684899,0.007396479388321948,-0.287289696128143,0.019523293375644804,1.0,0.08990097847843008,0.004633965825174853,-0.27730464704317603,0.03828675079396582,0.7784552676362942,0.0514002633337884,-0.0013468516796711143,-0.2257286384723802,0.027728887146149437,0.8179510167709584,0.07029293009059837,-0.038634589890373466,-0.29413472105676824,0.016144854512085728,0.8651184691664927,0.08084536921661885,0.009143391747021896,-0.28404016084224293,0.01594832250777087,0.7868213635602509,0.08206736830178973,0.00908992305167896,-0.25325897354587257,0.03554289048233641,0.8134968756975907,0.0625430800039531,-0.03728117792375346,-0.17256153640959015,0.02659726011438388,0.8570299824479031,0.07747492088133268,-0.03238184754416447,-0.2988634734783662,0.016480456125407977,0.8954433419970667,0.0802729085529,0.0038663513448201113,-0.271468132253571
alpha101__alpha064,-0.07513352015283553,0.14940857933641163,0.4779380046527271,0.12420451726961783,0.086670754478233,0.30803326250115054,0.2649872443942289,0.10537583628206623,0.037334061168862065,-0.0560684336897457,0.052609957011586495,0.14904740841996833,0.4931905929931123,0.2633865380104971,0.326224686997284,0.3995176871991189,0.05769897662856397,0.13632245311343485,0.13502682064476507,-0.09497611313274476,-0.009379299741686753,0.19028133869141947,0.08786815894894372,0.2217809006638288,0.050504017984461635,0.24401898256814675,0.0,-0.12271072788392087,0.11916659934509598,0.05318617829521337,0.2065123735969023,0.09572145948565566,0.05610995314328969,0.022555928965249095,0.18419002993583902,0.04665701802138611,0.08283973621156157,0.11242277291480578,0.10637827717092688,0.49374729156414254,-0.13657688618216904,0.15682753252987233,0.13377248663194394,0.36306606099030186,0.10029023367844779,0.11175700588822719,0.10326165260987846,0.005905750215513266,0.0,0.5038867140883013,-0.3609495493098959,-0.07679941557338005,0.035477365633791516,0.6939216103700288,0.0014614072794179843,-0.25982541325412223,-0.07564082189973048,0.051883767603620325,0.815510347235773,0.0025897463984376496,-0.29781969422922117,-0.03819197937749976,0.08990097847843008,1.0,-0.030653635116849168,-0.3382612720156124,-0.0654999428067109,0.033035840500394244,0.6481909200946782,-0.07006587889602182,-0.3161015898286928,-0.07351731511942924,0.045354307329010767,0.7499436466642017,-0.0079314809874664,-0.2573414691801521,-0.07132533148385393,0.056075520544690775,0.8959612375324405,0.006557667892973032,-0.32019787226726265,-0.03587389276829062,0.037572088487373326,0.8855941757567546,-0.03776740086786191,-0.36522984760572197,-0.06242496164261747,0.0419119991915511,0.6965376442507792,-0.003947380900466571,-0.26089975739019955,-0.06874515300238511,0.05837720347938513,0.8168561565486978,-0.019619550260052354,-0.2811234335194937,-0.08901075549792349,0.05276675566903074,0.9856729042602173,0.007256699874595715,-0.34584192164765104
alpha101__alpha065,-0.37801713995905434,0.05725516691629354,0.009872231788362116,0.11167137986920941,0.017103280615226014,0.050495728591877724,0.020585079349860154,0.07183670555845666,0.33140655378864736,-0.3914248371334894,-0.09654828860693661,0.0910580032741278,0.03715253083862405,0.08866507107162676,0.015617768163200393,0.022171155397513288,0.19381491345912058,0.15449244763750664,0.1757183083009089,0.004961552083336903,-0.18136015206387418,0.09765161025765919,0.2701426926829766,-0.01836759368219024,0.39919628251599215,-0.03496635064306549,0.0,0.06065167206714941,-0.028088486158586598,0.43460647182961737,-0.01771430870850748,0.050460840117709335,0.43611838750485193,0.3347036078270588,0.2731157366197869,0.09016071973473917,0.22671656397930942,0.4724731705081236,0.14365157420822056,-0.02024285609510918,-0.016898019560060203,0.03757030504048494,0.24543130581912437,0.0849378053494097,0.04825707342890212,-0.006706830272077551,0.06811903900067877,0.15361511474804898,0.0,-0.03566549513003541,0.1107632719117352,-0.27674480303679316,-0.0030703370197690916,-0.04362821717085597,0.5993220351904216,0.07917204635850078,-0.28641747938786266,0.0016744956372706378,-0.04350131245246046,0.8766957954225432,0.08208253871692611,-0.46682997249831415,0.004633965825174853,-0.030653635116849168,1.0,0.11866978816520114,-0.3237856362069956,-0.004942121951020389,-0.04339519417714194,0.8865263452384382,0.1090485208264871,-0.29249173335474127,0.001654423515878994,-0.04176519718715236,0.64940018609322,0.0243826880709104,-0.30585985643192987,0.00488239153074656,-0.04334444087542054,0.830355560110409,0.11024938367214128,-0.47648814836946773,-0.0077577581805457685,-0.018696582152779393,0.9496718404014394,0.12393400198381567,-0.33865882626701493,1.2582020437385278e-05,-0.04171459266923568,0.6693735974519301,0.08618062167890458,-0.3097689756088417,0.00547259111396761,-0.04178827788783909,0.7033196913797904,0.05427724410421996,-0.2254847087097051,0.0076083087172224145,-0.03487849737735729,0.7723631567114666,0.1284477829618867
alpha101__alpha066,-0.09294683301734619,-0.20984949406843642,-0.2719518855273474,0.0006472169139073898,0.0807062964804808,-0.4448859343361594,-0.39109696185901144,0.11665625557567876,0.11104460445387161,-0.11874107498878336,-0.16617112729977185,-0.04432178948446848,-0.26256095958198106,-0.36966624538995846,-0.14865197152340906,-0.3789405837685789,0.017680554347553206,0.08175914184163578,-0.0164303848746293,0.03598376812205144,-0.0445976125754205,-0.08978576989254028,0.11284483603258316,-0.01911044572559509,0.12273934029407044,-0.36923904757438775,0.0,0.19813709464942733,0.06761601312064679,0.08469153776109593,-0.013465717069826539,0.07349569786005233,0.08858272414863465,0.13591109322048545,-0.1658295155328438,-0.11585296936532921,0.05398402640978777,0.10370430943663901,0.10493879559819946,-0.48369698297247954,-0.011240047216985986,0.009395364822922487,-0.23794307427325964,-0.36243369252572555,-0.04613730859225318,0.00043682346745356677,0.1039943647480499,0.030034470122702713,0.0,-0.27981390555884006,0.8811277922214429,-0.04334985623877237,-0.22618705143184184,-0.3132043443917306,0.11831066462645443,0.603629732404159,-0.03974065202488539,-0.24214913077382053,-0.3491212474598377,0.04848437771296768,0.8109863257920199,-0.14609162119532643,-0.27730464704317603,-0.3382612720156124,0.11866978816520114,1.0,-0.06699211801415514,-0.223897760603129,-0.3008777138921551,0.15502571241115862,0.7480871343438918,-0.05344826881369062,-0.24365928978106152,-0.33051871656315535,0.13204452210133438,0.740966268131683,-0.04888583326877479,-0.2403173244941805,-0.3676722722549873,0.004010532438871823,0.8937487222849289,-0.149802821391195,-0.23086632269889057,-0.2805408114635751,0.11023804529536238,0.8878601040733526,-0.07466307516645468,-0.24032066923256057,-0.3155284005671507,0.12689543465796427,0.6057915015630491,-0.06406923226404843,-0.2546746925589782,-0.3511831737135652,0.14346167325255507,0.811538907777716,0.00018868660576032098,-0.2294042363353831,-0.3270681022156754,-0.02102031395698511,0.9856578634436912
alpha101__alpha067,0.3101542019423962,-0.19606812433815254,0.0271582912362872,-0.2801709126603326,-0.4838240932855429,0.009375698829871848,-0.23083457547441708,-0.47003711587043406,-0.34022751619318187,0.39693978518102535,-0.09228610088602708,-0.1120250967501978,-0.14793514387933368,-0.03048604328251698,-0.0621928911500796,-0.1344634712376222,-0.21670914247759923,-0.2110291665781941,-0.4154974337244831,-0.023825147916486933,0.31089673931221895,-0.15080384061119195,-0.2557266836923971,-0.06991342171031147,-0.4131791642693302,-0.09779006437213862,0.0,-0.05706458108238667,-0.294497105072929,-0.34256459505823406,-0.3009025246181261,-0.21415628459792782,-0.567571701496568,-0.34664898263530886,-0.3429754476319312,-0.14223427137525527,-0.3380709885169531,-0.6336222760830442,-0.5202028637998432,-0.041371684358989545,-0.004934612791905642,-0.003114744499536227,-0.24835202637434053,-0.15864792061426547,-0.07013345228026818,-0.4291114862187758,-0.39884836569100696,-0.15155450447582308,0.0,-0.05930669888021423,-0.03466820258025956,0.7797776439053132,0.02530913531054676,-1.1822467878719873e-05,-0.5264899920078757,0.013307554321585192,0.7141282237461649,0.02481563168306975,-0.029704111115619054,-0.31471996877259434,-0.11731974878282404,0.7961148234996608,0.03828675079396582,-0.0654999428067109,-0.3237856362069956,-0.06699211801415514,1.0,0.02256470608131811,0.004831976502570387,-0.335761322747398,-0.010275459823063375,0.7913275177287254,0.02555720304021827,-0.014306237332568274,-0.5174318213895419,-0.15215264300817824,0.7247495864320042,0.02541871391607589,-0.04355466820561494,-0.3029935287394477,-0.08567836380788384,0.774274802394377,0.02044202268955539,-0.07490873822652214,-0.28998525931475766,-0.03543267957002959,0.9959447197329913,0.025318421682356713,-0.0028273108524033193,-0.5109095917007699,0.010422104250635259,0.8017373515564813,0.02641215935805785,-0.03050025542920217,-0.5021896015082673,-0.12241298295197735,0.658802373995262,0.025190230172071153,-0.05871646199746127,-0.2947667409431937,-0.05741364475465583
alpha101__alpha068,0.020598818508194915,0.009486649910155806,0.2505675382871998,0.010328130229720974,0.05770768578803286,0.4731277416028326,0.09754330173639802,-0.0014140976884310054,0.0005483198118264395,0.042339343416763826,0.05529854618038334,-0.07586792168259568,0.06315398073477357,0.3927328551301139,0.05920247841995238,0.0623640894988019,0.03287488143788412,-0.11625674810725249,0.0028247072188327203,0.4281912964285069,-0.03450671411302886,-0.10675137140354532,-0.08340290098036461,-0.350314058492548,0.0257508891978935,0.16678576285949606,0.0,-0.03536766600787071,-0.04810206906193032,0.01895938268629684,-0.0004861122132072185,0.11300097061179594,-0.010787903171839483,0.022978690028618423,0.033943372531772195,0.16502384219273433,0.0675922820003665,-0.01994808962170367,-0.003719997856835286,0.03870073601486007,0.6326465246828893,-0.6272228604938047,0.06167892161120643,0.10792763809189396,-0.043201155789337406,-0.06118605460949348,-0.07616679796337003,-0.0048784468358386915,0.0,0.10888967534706637,-0.18727260473027332,0.04738695220095878,0.9882948377915809,0.103762066335692,-0.02554666463136905,-0.11740533005261032,0.04680167708152695,0.9517718089643732,0.05838365523384547,-0.012227821954967313,-0.313132196379732,0.0010904471910142537,0.7784552676362942,0.033035840500394244,-0.004942121951020389,-0.223897760603129,0.02256470608131811,1.0,0.12488473837418805,-0.009389837043245591,-0.15098868240069874,0.046064381965610024,0.9799682709756492,0.08485864628780482,-0.02378508126732427,-0.358184393156355,0.04508983577340614,0.9288313324302786,0.03777166259485329,-0.013805968687988817,-0.2671292334462374,0.0006974766646742288,0.983940680928277,0.016417747895738945,-0.007288945193108729,-0.18404647667765048,0.021467195828712593,0.9936225185132392,0.11049903677630715,-0.014776149169974611,-0.11547528296707397,0.04409768593117668,0.9614591988537631,0.061530351599096596,-0.021092516083090176,-0.3184208629967599,0.04422363928524393,0.8942965738865423,0.020634502069288987,-0.015270054955965022,-0.22348212843587115
alpha101__alpha069,-0.04384911436448415,0.11803414179669333,0.6115429005140655,0.1037956946707814,0.06191661745861706,0.3935997627188372,0.26688464733648304,0.058682633371017694,0.012353324786119713,-0.032930299237711624,0.044812990794419,0.12376952264952183,0.3320321360679725,0.33171125453868383,0.1952669855775442,0.31705937542585866,0.044578716168733684,0.16638403074138342,0.11753475064560802,-0.1283341198596401,-0.035129157452457926,-0.033434184781440994,0.06072980494829927,0.25866714865872725,0.01737290099875019,0.20573296217150022,0.0,-0.1384244684223351,0.1355268239163903,0.045810606512022296,0.19134649820208255,0.07374690341845073,0.03199321208958715,0.004543559134726514,0.1627176678616833,0.06694215590444431,0.07755937640409212,0.07784020721179923,0.054066842876901035,0.5851132851052241,-0.16315473760508684,0.20242429823722458,0.10683516435726768,0.2324603213670526,0.0874406885737822,0.10780765214010601,0.07474059576583406,0.0051062153861051555,0.0,0.4149141216470805,-0.26347006073653784,-0.02317994340145175,0.11222153993170209,0.9474786579207659,-0.07021180859390562,-0.19736808697807398,-0.031594003812667255,0.09488297526834935,0.7996433684805803,-0.015810702474638484,-0.3801041699114481,-0.007763838096171599,0.0514002633337884,0.6481909200946782,-0.04339519417714194,-0.3008777138921551,0.004831976502570387,0.12488473837418805,1.0,-0.08677326703063505,-0.23159972068113818,-0.018692494990037636,0.10960604515584137,0.8796595507023703,-0.07635130668087949,-0.3847657801697916,-0.028064796470424747,0.08247299475708321,0.719597135453341,-0.014240456506284093,-0.34632081632609424,-0.006884849591659106,0.14260065930212745,0.5604612802530465,-0.04918686640444703,-0.2686316836525209,0.00831220958580888,0.12479406973828491,0.9521514072065022,-0.06352335709224735,-0.198894577010759,-0.014812707183029501,0.101774454409057,0.8035709616739168,-0.08282158888646356,-0.35591448730576103,-0.05109359025482013,0.06351856920264161,0.6354694022346502,-0.010474663545659625,-0.3095798782335594
alpha101__alpha070,-0.31982401333004246,0.016551371652719245,-0.009793946610008382,0.03988399483476435,-0.03705648789890676,0.032509955218104174,-0.049666401586512636,0.14598101303606764,0.30220551480621494,-0.37176297770918665,-0.10968487934644082,0.05061535899936832,-0.003201287093714242,0.06707317618682043,-0.004398025065085654,-0.03207525894512974,0.17673906400827125,0.12931118443846862,0.03124216249335858,0.002284967895215445,-0.10429682598143446,0.09240101679219208,0.2007406673894715,-0.0718752784797778,0.37708535673432947,-0.06479081926946856,0.0,0.06961950664895628,-0.07957897224706177,0.38258172309032906,-0.18346055934897265,0.014208722031392534,0.4062783866887903,0.2994475931640225,0.18001367895388418,0.08076218092104923,0.19550120276217972,0.3959469911160781,0.054883327571159185,-0.07788923777043547,-0.01267728260524322,0.03343215690537714,0.22709141178773137,0.04495693380489647,0.016294790637687937,-0.0001698183524839123,0.035332662329857864,0.14820656009410504,0.0,-0.07118079330125765,0.14714216128403387,-0.2544389568688201,-0.007420373091542439,-0.08855244557584499,0.5965591999362041,0.09461141103820822,-0.25461110807418164,0.0007911703271322979,-0.08641635003970632,0.741533964753958,0.10637496420033965,-0.462043498836182,-0.0013468516796711143,-0.07006587889602182,0.8865263452384382,0.15502571241115862,-0.335761322747398,-0.009389837043245591,-0.08677326703063505,1.0,0.12927233393000018,-0.2728603596143396,-0.0028409046840526518,-0.0877307985467842,0.6543137350222121,0.052216174965192985,-0.2754610541606939,0.004789790682761283,-0.08223260512140942,0.704224531935331,0.14287651636415993,-0.4710272871181502,-0.00792045244772566,-0.05679626102280678,0.8965436462947938,0.1586425560033885,-0.3527939432186973,-0.005122067542864851,-0.08890178434476807,0.6694948642369734,0.10204530860015328,-0.2925437739369457,0.0017463058562337068,-0.0857065159534174,0.7135542214376318,0.08031146662703212,-0.18293890139751387,0.007918327222516187,-0.07127049470785218,0.664583650605613,0.16454773693158842
alpha101__alpha071,-0.0957068601361844,-0.2716361076726421,-0.1898639626124627,-0.05595129443871632,0.024316390160396658,-0.30130034607255557,-0.3753098482747901,0.03054547433537632,0.09895592466286193,-0.10551578047140561,-0.16909611790669168,-0.08569207224482184,-0.3539382286233446,-0.24382878491618443,-0.18257806475470834,-0.4937974248531523,-0.03593600123267047,0.08763167574595977,-0.12562217648241394,0.03396408768455517,0.04727054645914495,-0.2795877860054159,0.1204184661597042,-0.018296961618885835,0.10640634373717378,-0.4069750698175769,0.0,0.17885692933018182,-0.049693680450447995,0.11144251744452842,0.006606399135524823,0.04445480389109902,0.06747434023464562,0.12569965528763302,-0.19730237291452135,-0.13290137254109155,0.045751242767551166,0.04762125894404781,-0.02480785382994895,-0.3639493001904493,-0.01021319373877783,0.008105149679249595,-0.2725766425334986,-0.4860017168555383,-0.08253535483347574,-0.01977349711180821,-0.030633078551793216,0.02321996216314582,0.0,-0.25646021309674755,0.86326793404922,-0.00824473812019867,-0.1524530583087337,-0.2420166984178476,0.04648582216777101,0.8237841026835045,-0.008875126155097657,-0.1635298315561229,-0.26850403429432507,0.08012165364731512,0.5841862258072966,-0.054877696530955984,-0.2257286384723802,-0.3161015898286928,0.1090485208264871,0.7480871343438918,-0.010275459823063375,-0.15098868240069874,-0.23159972068113818,0.12927233393000018,1.0,-0.015328365055703834,-0.15974901474416855,-0.25467671669426906,0.06142316080713108,0.5642931695251605,-0.020351572873192746,-0.17443864760054692,-0.2861709791847577,0.0671967986840956,0.6426366221984035,-0.05956263832768748,-0.15474742699380983,-0.34447121303834605,0.1043951971956224,0.8573603451536365,-0.014665708619243264,-0.1584361299371834,-0.24196300654300693,0.051158770656948245,0.8255468141101332,-0.024570863594940952,-0.16978925809645212,-0.2690997368311882,0.07743724684407156,0.6116956453788124,0.020083309117821257,-0.177666291071491,-0.3099009693472084,0.039395990124575474,0.7287836286541509
alpha101__alpha072,0.29752219082168985,-0.18285067704552715,0.013260587236640075,-0.2613017392625305,-0.4689595874137414,-0.002907753009599965,-0.2274232638853457,-0.3364147513662797,-0.3388967987350457,0.39643860390465147,-0.09250741292053076,-0.10703473303580814,-0.14266206193020914,-0.04366723376490607,-0.05944755649777202,-0.13471527865643182,-0.1947719836248681,-0.20453334904989964,-0.38818280489861057,-0.022888440879381668,0.2337901334852852,-0.13267408153092833,-0.24900928480592593,-0.06318904120999182,-0.41216129890869574,-0.0939718250520043,0.0,-0.05080561456214794,-0.25181477462109075,-0.3264540069415578,-0.3540050080275103,-0.20680012060448785,-0.5726533511262141,-0.3478489719692717,-0.34626825277802037,-0.13675345178326612,-0.3424777772212725,-0.6215246304156865,-0.49394704829354474,-0.061249043520467034,-0.005535133560460888,-0.0028741308040306874,-0.18542635617772588,-0.15711928432659322,-0.0641378684000437,-0.42691124249327556,-0.37083780105526326,-0.15377437376018097,0.0,-0.06414289347767069,-0.03403928990850406,0.9955062249495054,0.04365368917090967,-0.024649052502475396,-0.4695818741789248,0.0006938428881072037,0.784176632838513,0.038048585561993004,-0.04452360208756722,-0.3095307542035506,-0.08373309018850598,0.7023652119198516,0.027728887146149437,-0.07351731511942924,-0.29249173335474127,-0.05344826881369062,0.7913275177287254,0.046064381965610024,-0.018692494990037636,-0.2728603596143396,-0.015328365055703834,1.0,0.04248991921094495,-0.03433461242774616,-0.4533369399657222,-0.11268755849505503,0.7936898262225316,0.036828748439572394,-0.05384011442215087,-0.29932939237738615,-0.06388381084082942,0.6891598581502358,0.045472737682105684,-0.08058677006844794,-0.2722071413549947,-0.030550733275400793,0.7730247882080971,0.04655222425734795,-0.026998702576771033,-0.4213923567722337,0.0017998471515489048,0.9942989890686991,0.040998552310818545,-0.045375128667541086,-0.43545463749834956,-0.09484917072332678,0.7253281297519889,0.03443599555016763,-0.06620549011448269,-0.2921198129797156,-0.04681238259346244
alpha101__alpha073,0.020210094236953788,-0.0023997931775378532,0.2568837782991845,-0.001505287971176903,0.04868502574402854,0.4833208494540946,0.08739739897747507,-0.012315038145353422,0.0004218644599228637,0.04239675865602855,0.05779829777897331,-0.0753207641893489,0.06375741332581042,0.40281600529380573,0.06115361076825773,0.07048975601632226,0.022709233554090335,-0.12036716959490555,-0.007202072112164812,0.4289861660778575,-0.013721418940413201,-0.09206295483904027,-0.0807157063791233,-0.34825194107528573,0.025218179684184494,0.1779901406648267,0.0,-0.03336491809103921,-0.05781848963061942,0.022568016363834292,-0.010625847497544449,0.11117124681605345,-0.01146844902709667,0.022622877631557986,0.026438660743289877,0.16053557820923717,0.06708077928472023,-0.02741345216099703,-0.011221823387854487,0.04093842749855207,0.633072599412969,-0.626876830253718,0.06637441708486858,0.11827524710039568,-0.044402499027321476,-0.08168063329488993,-0.08031816668184705,-0.004831762647217007,0.0,0.11448051241211864,-0.20207100099986353,0.043515823011443695,0.994065942193662,0.09662789395524563,-0.02777177205559164,-0.1220478738463463,0.04736027013301195,0.9892408963461432,0.07105849198667849,-0.005911748609319756,-0.3133274986482161,0.0021318303470262015,0.8179510167709584,0.045354307329010767,0.001654423515878994,-0.24365928978106152,0.02555720304021827,0.9799682709756492,0.10960604515584137,-0.0028409046840526518,-0.15974901474416855,0.04248991921094495,1.0,0.0867677669959112,-0.025666129949414668,-0.3474220049248291,0.044568732499936835,0.9743013174759264,0.054451839726148865,-0.011542247025941265,-0.2815147244869847,0.0005642703506939744,0.9486381043573707,0.025146889010926786,0.0016382133095345502,-0.19769877123716575,0.024191963082290904,0.9869997983409023,0.1019775647182905,-0.01683555863494326,-0.12006634107496499,0.041515699162584956,0.9926698079710236,0.07403752635382634,-0.022567334747509018,-0.32134913369680734,0.05018287047105367,0.944641202620246,0.03374439522365724,-0.01685130292418552,-0.24186521333805724
alpha101__alpha074,-0.04913150835311117,0.1292290611262543,0.6823161901613933,0.10673624982934667,0.06909846050475517,0.41636322987203517,0.26647638911469346,0.05882875478985739,0.01876893760104182,-0.03708807539152391,0.04574790235728712,0.1322976081385371,0.37754860838447335,0.3520854363105128,0.2291552477966308,0.33440429584631903,0.04725894495324688,0.14268723240603334,0.12610642948794915,-0.11876588096479859,-0.00884977478799803,-0.023455528122859063,0.06109444047848614,0.25038952085331945,0.023051912755220238,0.22072652568335477,0.0,-0.13188453416135748,0.14232673355946823,0.04909762948474351,0.19474613475692537,0.07770920325462873,0.03602740222914413,0.011484717173906048,0.16469646258327328,0.06760797050788635,0.07543348197508384,0.08428259898377537,0.0737230260360971,0.6163100332344005,-0.15568537747907374,0.1868979809957641,0.12334353283506368,0.2670148864776223,0.09151554899011251,0.0966664881950779,0.0863803251652921,0.004450211130988277,0.0,0.47935556686694364,-0.2913821817066218,-0.0392245825320908,0.0825099772402789,0.9440593948479941,-0.05434700055228647,-0.21599342162420676,-0.04143682307503355,0.07802841540193205,0.9317302883396192,-0.014607375278126392,-0.4062492969523709,-0.014606903075903295,0.07029293009059837,0.7499436466642017,-0.04176519718715236,-0.33051871656315535,-0.014306237332568274,0.08485864628780482,0.8796595507023703,-0.0877307985467842,-0.25467671669426906,-0.03433461242774616,0.0867677669959112,1.0,-0.06265746928091541,-0.36989302777454497,-0.03783865837064131,0.07095919297310392,0.8446014989398389,-0.015253106477960203,-0.37785002106499127,-0.013620601413791338,0.09074472050706055,0.6495836780247547,-0.04554156009977435,-0.29527168379899676,-0.009691939785551456,0.0942659305322287,0.9402591658947124,-0.05449482955318557,-0.2177171113240334,-0.03004305114724105,0.08553381910924748,0.9345522356053995,-0.07179272329818549,-0.38722946410144143,-0.05931776593355465,0.056974480876303565,0.7487870390057135,-0.012587282285041333,-0.33830546904756015
alpha101__alpha075,-0.3653318903660241,0.17739085817016495,-0.05294160914345295,0.29861060820267893,0.24801827988535063,-0.026932393401535786,0.08442277470737648,0.4816748581863601,0.2637538506435075,-0.2960042991712506,-0.04412641902337532,0.11781677004397552,0.11709704892754062,-0.0067506604848771926,0.05693131007652023,0.08149699395096362,0.3014221885994795,0.13048345303288264,0.43936106421935833,0.026508157141570957,-0.420558342349493,0.15524334304614423,0.2792456965939726,-0.031032351558952745,0.33903382050713676,0.07462992423462964,0.0,0.009462618540153032,0.2501739452379143,0.3782796217141693,0.0831316839194386,0.17999053265148304,0.3698995191491172,0.28875433596171657,0.37527414785369667,0.10700150980579633,0.18370966627588314,0.5321367527197602,0.4116567478821923,-0.03760608308241168,-0.0061563188847782915,0.023575502672895706,0.24208776194494042,0.14219714563087257,0.06362308922034912,0.3469318410657294,0.3239438101426861,0.1319649323528472,0.0,0.011494629672387154,0.09895811156539006,-0.4438701579961243,-0.02525912969114873,-0.07308888696836456,0.9866578921308752,0.01440954745095149,-0.3834462248389232,-0.02265157407894683,-0.048509407269190986,0.5915811949344294,0.147194741808022,-0.5546025559087289,-0.038634589890373466,-0.0079314809874664,0.64940018609322,0.13204452210133438,-0.5174318213895419,-0.02378508126732427,-0.07635130668087949,0.6543137350222121,0.06142316080713108,-0.4533369399657222,-0.025666129949414668,-0.06265746928091541,1.0,0.15050923445130085,-0.3927531698335322,-0.022695785778630215,-0.03283390713083223,0.5317100173728724,0.14091118771091063,-0.5452754688672717,-0.01929872189493743,0.011023401357736863,0.5698314058061362,0.10293099801396759,-0.5193957428418019,-0.02498495788501632,-0.0710024930661108,0.963497319837771,0.019186599251733532,-0.46100363048178444,-0.025420699287564106,-0.049685570374630846,0.9848498277188592,0.14721723222040778,-0.32420433709205676,-0.022576849551388768,-0.013104003516619875,0.4690018370404371,0.12294231171505399
alpha101__alpha076,-0.1070927863711745,-0.13376792140391416,-0.3484424321184479,0.05020864358303223,0.13185936252072,-0.586688225674823,-0.3636111584733581,0.1447306611999871,0.09684864949967938,-0.10444123356036736,-0.14289582010965737,-0.01772602128934607,-0.1920235735176492,-0.4932660171450098,-0.11257900550329862,-0.2798930404929411,0.044623177762729185,0.05246370875831964,0.08855758944571956,0.02305291978927797,-0.0981724746640135,0.09107616441501983,0.12495193032008711,-0.013304965325073616,0.11161306191040371,-0.2857369227142594,0.0,0.17028510149680856,0.10175759440104118,0.03576013912192995,0.04438941155402903,0.0689618969645007,0.08553965088960408,0.12408719193939304,-0.1360890686454173,-0.11630627752081368,0.04019225933980779,0.13829988542112695,0.20866527323976142,-0.5447444090151469,-0.021977399694412782,0.021778847981048968,-0.2570235237344579,-0.26399133516593176,-0.024727949651918824,0.06831252467802391,0.09052190836659185,0.0273413807730008,0.0,-0.23545232728936047,0.6575641167965358,-0.10697215299481073,-0.3444474261918271,-0.3946528525198756,0.14918218951674062,0.47095542746716756,-0.09079010167535895,-0.3252910393323221,-0.3310356678939136,-0.02875735029980553,0.8999240467679782,-0.13959481140468072,-0.29413472105676824,-0.2573414691801521,0.0243826880709104,0.740966268131683,-0.15215264300817824,-0.358184393156355,-0.3847657801697916,0.052216174965192985,0.5642931695251605,-0.11268755849505503,-0.3474220049248291,-0.36989302777454497,0.15050923445130085,1.0,-0.09573816750076072,-0.3090569337436138,-0.2909517510048645,-0.025595326343968043,0.8168768325687109,-0.13674575359653626,-0.37634965480718163,-0.210015883008275,-0.005068356437306496,0.6490822491831187,-0.15564850860571192,-0.36802682014161003,-0.39737348295650887,0.1333133670547911,0.4678028103113447,-0.11756611716437884,-0.3404188018367456,-0.3327364739586383,0.15063535896736044,0.9317192883355648,-0.059920197300697406,-0.28303735037428224,-0.24529649495455305,-0.021141088339821548,0.7259125594018239
alpha101__alpha077,0.3064025081555861,-0.1672903336358943,0.006162864645859659,-0.2435580096334554,-0.4690533858286303,-0.013321546100442548,-0.2213286439948492,-0.28383687791577666,-0.3576032351149221,0.41948273682590814,-0.09902418923842778,-0.10516574544197702,-0.13873572713213014,-0.05617295092271582,-0.05959426271875013,-0.1295238547885905,-0.18123032460516653,-0.21545378802432863,-0.3492259154160614,-0.022612101908116067,0.280626374931548,-0.11930988046805226,-0.25237805233865857,-0.061450314303389805,-0.4295827635448154,-0.07886602055341853,0.0,-0.05177919604704352,-0.22521145172913637,-0.3347674228283548,-0.3706385481743863,-0.20328400896889348,-0.5990126041894606,-0.3610049517580461,-0.3361798116748854,-0.13449829562907004,-0.3616938148883175,-0.6293133894824045,-0.47232035184686627,-0.0670566818166859,-0.007525023995938637,-0.0017642695184228742,-0.18770165603693487,-0.15035437279655672,-0.06699894322712185,-0.33078778924562846,-0.354330945868399,-0.16516291613040873,0.0,-0.06135906501684164,-0.03513906692284125,0.805605037823158,0.045560517869517224,-0.030433845144711907,-0.4058118356500016,-0.007468320551353146,0.9931496261184598,0.04093446033827667,-0.04510197016926834,-0.326903736068239,-0.07211807265263735,0.7020051575119943,0.016144854512085728,-0.07132533148385393,-0.30585985643192987,-0.04888583326877479,0.7247495864320042,0.04508983577340614,-0.028064796470424747,-0.2754610541606939,-0.020351572873192746,0.7936898262225316,0.044568732499936835,-0.03783865837064131,-0.3927531698335322,-0.09573816750076072,1.0,0.0392987871212807,-0.05283018306676252,-0.31837037150490044,-0.05803635447865525,0.6941269916469986,0.034413816650953534,-0.07762408272854629,-0.28937633706247995,-0.03187542229086153,0.7208700035229578,0.04331944466391091,-0.033059887532532146,-0.364923839364092,-0.002806324306497553,0.7840505478716768,0.0427721856452633,-0.04657521737184684,-0.37914111652290383,-0.08271666534449157,0.9221879679618008,0.03621896937215253,-0.0631374149798986,-0.3101515634965476,-0.04653332290580765
alpha101__alpha078,0.018531126970467836,-0.031577817048324554,0.24699770178717503,-0.015559074892403997,0.03845627187766148,0.45571863020415676,0.06049205647262114,-0.01668043141455471,0.002111767496640506,0.04029962185440287,0.05612575662079732,-0.07711380356567624,0.061547281874548436,0.3808976299813183,0.06217952944771249,0.08292810386068405,0.011642078500223193,-0.12980996363803862,-0.027355032242691518,0.43406002172661895,-0.0009951377315773919,-0.04783251468198789,-0.07449103834570418,-0.3535483692365431,0.027575366591390545,0.1881507854529953,0.0,-0.02881936729341347,-0.08495950844948981,0.032037018816750265,-0.023641615450398334,0.10903034022390284,-0.010280294065557126,0.025382144869595388,0.01735148475336306,0.14606607613529424,0.06598563573452142,-0.03493711744184482,-0.023413737297172322,0.013958805509732145,0.6342767285374523,-0.628030217481042,0.056009856154595195,0.13825642629235932,-0.04736323937471684,-0.09367417957633209,-0.09133202363097696,-0.0031523457446008,0.0,0.10939961839031362,-0.21449402301930043,0.0384274783541261,0.9574350966662024,0.07516068825169213,-0.026431690230449223,-0.1268432148987021,0.041675381266320845,0.9917768903361789,0.06307141356806965,-1.629848557114505e-06,-0.28269473360598957,0.008358917617689865,0.8651184691664927,0.056075520544690775,0.00488239153074656,-0.2403173244941805,0.02541871391607589,0.9288313324302786,0.08247299475708321,0.004789790682761283,-0.17443864760054692,0.036828748439572394,0.9743013174759264,0.07095919297310392,-0.022695785778630215,-0.3090569337436138,0.0392987871212807,1.0,0.055389069051697985,-0.004223330107188367,-0.26247823963710964,0.006189079327624204,0.8933101694803064,0.0403772213925023,0.006584820321966178,-0.20937390868215544,0.023503280906149063,0.943129360111122,0.07919698791775173,-0.016353058674714486,-0.12525166648245592,0.03542497216551219,0.9872285702424873,0.06519442576836226,-0.018446386159402525,-0.2938238042747335,0.047556290212789634,0.9882819162262281,0.045729356854935434,-0.0104078044898671,-0.23671744122450009
alpha101__alpha079,-0.058728390928371794,0.14620601808758135,0.5473667369035384,0.10870323403311186,0.07513036561991662,0.3318379708465144,0.2624921929157426,0.0823787123018059,0.026509071984731243,-0.04445270676403836,0.048153026132196956,0.14122443513360977,0.44161286623645174,0.28279224214104626,0.28330317038821434,0.3619199656043725,0.04977674717299109,0.12208378641185517,0.1302478450233582,-0.10410291054024833,-0.01510222300789373,0.12026401869407741,0.0650736293834279,0.23676938749288712,0.03481086127706218,0.2317660112918272,0.0,-0.11780202813489146,0.13065786507153393,0.05488587209547475,0.19543994061389855,0.08316536898474532,0.045469876352722725,0.016250614097877793,0.17073385955274709,0.06085224823427578,0.0784202906665194,0.09576429862223071,0.0954283323489978,0.5289413255925893,-0.1442439110827682,0.16699883022306247,0.1383507338759211,0.31808007586706327,0.09844660349379482,0.10564450745460842,0.09787745215531633,0.005416370966854382,0.0,0.5187838827927389,-0.33041963625355913,-0.057850623815048775,0.041901802305540935,0.7794021390861895,-0.023820293216059888,-0.24039014850851995,-0.05634098885822425,0.055639034252804295,0.9227596960277565,-0.007367608285134154,-0.33036961907749945,-0.024897580069732594,0.08084536921661885,0.8959612375324405,-0.04334444087542054,-0.3676722722549873,-0.04355466820561494,0.03777166259485329,0.719597135453341,-0.08223260512140942,-0.2861709791847577,-0.05384011442215087,0.054451839726148865,0.8446014989398389,-0.03283390713083223,-0.2909517510048645,-0.05283018306676252,0.055389069051697985,1.0,-0.0054000756956832825,-0.3547159645820666,-0.023166653630179553,0.04274444122793794,0.7800936095916987,-0.045523709715478713,-0.3335120126833128,-0.0406355563275185,0.04939244679785289,0.7747840324347148,-0.028377061651727317,-0.24134753460293418,-0.048973753832778556,0.06209078507634424,0.9199453364787523,-0.04345545020780681,-0.31505683038635984,-0.07066172290392585,0.04813497563079781,0.9068672270415526,-0.0071920304899469895,-0.3733271194561232
alpha101__alpha080,-0.387611401636156,0.050031862849757434,-0.0005068958333535844,0.10004058397343768,-0.0070594121444393886,0.008674524716448516,0.03193198087118967,-0.039893160427472533,0.3354586596344314,-0.4029252913884727,-0.10157905275753408,0.07759749788219682,0.04081336033450881,0.05863383934329337,0.02767038779589826,0.04443637842177789,0.20470406814992803,0.1425675050312342,0.1577197851110809,-0.008370972381261504,-0.0770573881303964,0.06952082167261316,0.2453901768841786,0.0034628428150888448,0.4011833871533504,-0.010685905921904526,0.0,0.05851603046636702,-0.14629111174889597,0.41793655160871496,0.11887730534328504,-0.006455346010951586,0.44758610996273795,0.33418496498596195,0.30747678428151465,0.08932882453568682,0.24232334199101035,0.4878757357256016,0.10191242226002015,0.007769903783909876,-0.020397353013497294,0.04027965994213381,0.14416572174126208,0.09366409946705131,0.04288881390901572,0.05926601691629503,-0.06376318523627063,0.16844230505164318,0.0,-0.0044470883771458285,0.03805929767673891,-0.28942954201046556,-0.015811654272803805,-0.018210953701640963,0.49680833319416706,0.06876593498347709,-0.30172687346364896,-0.010335968961820608,-0.012354505194748695,0.9264564646095678,-0.006489886396314156,-0.3559498361044094,0.009143391747021896,0.006557667892973032,0.830355560110409,0.004010532438871823,-0.3029935287394477,-0.013805968687988817,-0.014240456506284093,0.704224531935331,0.0671967986840956,-0.29932939237738615,-0.011542247025941265,-0.015253106477960203,0.5317100173728724,-0.025595326343968043,-0.31837037150490044,-0.004223330107188367,-0.0054000756956832825,1.0,-0.006383858510959765,-0.3602335653514426,-0.020125549891184098,0.011278105584711857,0.8308420843285128,0.047521660366072624,-0.30921164135430035,-0.01300122150917187,-0.014725085015890874,0.5361438294926648,0.07497917127274636,-0.31206667217584116,-0.00523601557882601,-0.011001072186136022,0.571616079174954,-0.03164608571125241,-0.26842938925544824,0.0017908915643853197,0.0022009708623480055,0.9139665641836857,0.015508606400725449
alpha101__alpha081,-0.1026873206773589,-0.16968920594148315,-0.3223244229221283,0.01002897222762117,0.09415390942928606,-0.5270136879086504,-0.3808927914401566,0.096909407841672,0.11897166242093861,-0.12612003011580755,-0.17389633974562593,-0.02830056381051208,-0.2376953964854839,-0.4303530021164725,-0.13616921154252257,-0.3415469872011774,0.02988944095827383,0.056534166873970094,0.015050367842330322,0.042489030145893884,-0.02609749423430119,0.0021940975012609536,0.11834776361728677,-0.02171090479496536,0.12973318675334508,-0.3389828566161744,0.0,0.20088564686724047,0.06365733205137049,0.09669967760477764,-0.005314509065287548,0.07143388424686091,0.09763890184526222,0.14293424082969777,-0.15092713746057776,-0.10626716137932847,0.05533692667986333,0.12413935467958274,0.15229085640133405,-0.5533263607924247,-0.008971415390088453,0.005847869955887001,-0.20906015657919064,-0.31119074437387206,-0.033095212880098694,-0.0015741991231861172,0.10550648012971406,0.02945454376013242,0.0,-0.2812219295468427,0.7699949226610383,-0.05376633100573915,-0.26845953240140913,-0.3587968928024276,0.12879114230493743,0.524832796380809,-0.04950878256743682,-0.2700326067078466,-0.3894904768933697,0.017805673767215993,0.9193466118536668,-0.1538346303923135,-0.28404016084224293,-0.32019787226726265,0.11024938367214128,0.8937487222849289,-0.08567836380788384,-0.2671292334462374,-0.34632081632609424,0.14287651636415993,0.6426366221984035,-0.06388381084082942,-0.2815147244869847,-0.37785002106499127,0.14091118771091063,0.8168768325687109,-0.05803635447865525,-0.26247823963710964,-0.3547159645820666,-0.006383858510959765,1.0,-0.15676976692536956,-0.2773686022609717,-0.2608401001999871,0.0946219033268176,0.7806210017155699,-0.09487079967288693,-0.28834264892336237,-0.363299537794978,0.13721636595584474,0.5271004648276341,-0.07351085987323067,-0.28471842243837275,-0.3926975567515279,0.14946050427516594,0.8899247824561717,-0.007372431963110545,-0.2439461202182352,-0.30399895284338985,-0.013822903201641363,0.907040977721342
alpha101__alpha082,0.3682645730609792,-0.18635137669357532,-0.004090142307827588,-0.2826246437236694,-0.4641307828428236,-0.042956087435212474,-0.2220048098019731,-0.3976680297247456,-0.3623048623943593,0.4207700289754925,-0.07830849243741027,-0.12586891525306468,-0.14192020087982765,-0.0794274172572219,-0.057571712127446696,-0.11874068003390702,-0.2202618810997013,-0.23648704634450993,-0.38547324179489584,-0.02615621741521128,0.2961850030330388,-0.1387409296799643,-0.30274361612006884,-0.07883221436895194,-0.44398521760469434,-0.05704205076975755,0.0,-0.08560552140581634,-0.3079403852037922,-0.4187591194872417,-0.26036051199590043,-0.23641910917414077,-0.6028986382193223,-0.3787569044738044,-0.34722194516454846,-0.14484244902791565,-0.36176176095435997,-0.6604632825990642,-0.5091649808138533,-0.03861998207383063,-0.003776735511767769,-0.006131629011459119,-0.37937843693339846,-0.14793906128899395,-0.07998152394498897,-0.2582479848847755,-0.44528183511265534,-0.17110234709479158,0.0,-0.027136266392661507,-0.10970489517669882,0.673542256395751,0.003581526551534803,-0.008403345318461876,-0.53766384305771,-0.00662806147210335,0.6762552782492758,0.003976887579497934,-0.01841563604441974,-0.4071923034216945,-0.1526480592361186,0.9967290038401894,0.01594832250777087,-0.03587389276829062,-0.47648814836946773,-0.149802821391195,0.774274802394377,0.0006974766646742288,-0.006884849591659106,-0.4710272871181502,-0.05956263832768748,0.6891598581502358,0.0005642703506939744,-0.013620601413791338,-0.5452754688672717,-0.13674575359653626,0.6941269916469986,0.006189079327624204,-0.023166653630179553,-0.3602335653514426,-0.15676976692536956,1.0,-0.006065870102491986,-0.05161118467402987,-0.4413523933547459,-0.11793126060785475,0.7878287912588571,-0.0027995899705977106,-0.009705768509640852,-0.5570987296575814,-0.009743750533065323,0.7050694861181989,0.0017675308699587728,-0.019622492056717268,-0.5469874971051616,-0.1456270567789719,0.6029966596592926,0.00804321048949021,-0.029066390951188344,-0.3280056065444877,-0.14547253676574842
alpha101__alpha083,0.01797946723506217,0.010027264877303661,0.2614966539706847,0.01745625762628837,0.06847827605140082,0.49534926063468626,0.11683771637596295,0.01950542234914781,-0.0016178781202057593,0.04373501060378605,0.05909077953524765,-0.07748267557410034,0.06601823433961304,0.4093428679443019,0.05936791757523282,0.06557503549561368,0.036444051990332765,-0.11037694778525935,0.010712990850743396,0.4287412509633772,-0.05726423116959615,-0.1001446505221709,-0.0821788170442055,-0.3549275469606039,0.02732891624475173,0.1674277158975246,0.0,-0.042324304746330074,-0.03498437097398058,0.020176380376669596,0.0034760771178764627,0.11732048481085773,-0.00816025269088296,0.02278394849206028,0.041143641313720024,0.15584182789893725,0.0655564030751814,-0.014377390664112416,0.00151819883212211,0.04973794262618572,0.6324856921688188,-0.6272302604851628,0.07187991177276029,0.11184314556236821,-0.04243353949146771,-0.05069688077762045,-0.06673131699203683,-0.0049800547781260075,0.0,0.11218685831787809,-0.19225379961020103,0.04543726658485169,0.9554885668815879,0.11663695454259607,-0.021969596930872946,-0.11995020126699694,0.034434228497831926,0.9142513610026264,0.06452757985298982,-0.01834544937055782,-0.3254287104705426,-0.005940188570163771,0.7868213635602509,0.037572088487373326,-0.0077577581805457685,-0.23086632269889057,0.02044202268955539,0.983940680928277,0.14260065930212745,-0.00792045244772566,-0.15474742699380983,0.045472737682105684,0.9486381043573707,0.09074472050706055,-0.01929872189493743,-0.37634965480718163,0.034413816650953534,0.8933101694803064,0.04274444122793794,-0.020125549891184098,-0.2773686022609717,-0.006065870102491986,1.0,0.02002203755789232,-0.011776055134883284,-0.1896241901966161,0.0186724829332852,0.9798608524234415,0.12438945959817574,-0.00911386787145862,-0.11810683481088302,0.04483674777433406,0.932227055533144,0.06610073792048812,-0.016184684257677003,-0.32751647360288483,0.02712342890257445,0.8615249360662013,0.024382703450689526,-0.02134609943170115,-0.23212827960877042
alpha101__alpha084,-0.0800205827797696,0.13564836822082746,0.39718812930848174,0.12229463419224552,0.09102416789541223,0.2596014589210406,0.24401186734837463,0.1095645417358909,0.0524771558578245,-0.06760569759689593,0.05239477617096269,0.15701315182191888,0.5487988985528555,0.22705173351614075,0.3792840623139257,0.43131985524272587,0.059684424607683376,0.13142506389213307,0.1419676559094953,-0.0842858049993081,-0.028924633552844276,0.25983420627596515,0.08463511657923532,0.20794577986663282,0.06182452211307268,0.23661492549918334,0.0,-0.10450941830930345,0.13862656784043248,0.0540690112498857,0.19915701991889803,0.09821282440404196,0.06821789694709965,0.03064500854878221,0.185667359233926,0.05897820475113272,0.08486774759791291,0.12332501284377093,0.12638667797488745,0.4306581157213433,-0.12819424441371913,0.14250221970024354,0.13484622080251943,0.41986648087666434,0.10509157097073589,0.12031865293118661,0.09996769494965113,0.006424551426586119,0.0,0.46642709826472784,-0.310297494663803,-0.0831724112610404,0.018504260599323974,0.6000065139373366,0.020303641617038015,-0.2883923348576809,-0.08128633097241245,0.03023204220311074,0.7077745866143657,0.005885785031607196,-0.23747908177310156,-0.054152878478531896,0.08206736830178973,0.8855941757567546,-0.018696582152779393,-0.2805408114635751,-0.07490873822652214,0.016417747895738945,0.5604612802530465,-0.05679626102280678,-0.34447121303834605,-0.08058677006844794,0.025146889010926786,0.6495836780247547,0.011023401357736863,-0.210015883008275,-0.07762408272854629,0.0403772213925023,0.7800936095916987,0.011278105584711857,-0.2608401001999871,-0.05161118467402987,0.02002203755789232,1.0,-0.027613432540536775,-0.3138694872107215,-0.07236870185884534,0.022428985969305065,0.6019512016127171,0.015869479776669564,-0.2894123428593216,-0.07771235964311984,0.034112702483054584,0.7081489019377933,0.0012154490652024745,-0.2288435558354001,-0.09157740725371022,0.04352860027492693,0.8740950048533911,0.015669730372386056,-0.2837450853396364
alpha101__alpha085,-0.33945234874848346,0.026081977479010168,0.013530888634223233,0.04830969522328307,-0.05273142858587308,0.054884130742356305,-0.011368181336049079,0.0005897734034273511,0.33375470292037074,-0.4074719323022249,-0.10933840908302661,0.06621716358966036,0.012614540592212599,0.09411142055899947,0.0008607917718339728,0.0007762343079606209,0.16822446886447187,0.15022604650677368,0.09124278164776342,-0.001281817611383596,-0.08756774955513584,0.08328930696268902,0.2305914530898905,-0.03718444465104194,0.4049502231114227,-0.057426965821202575,0.0,0.07180378044515948,-0.10806598293662371,0.394077890017166,-0.07775150638711609,0.007305738987622589,0.4383653250680832,0.32929675447481793,0.23143332219271456,0.08670762692927624,0.22895824487796812,0.43262163052420977,0.07163355961930681,-0.025798841658545013,-0.018235301551697263,0.03796539053012607,0.22243912176410685,0.06474702512877072,0.03024773496478557,-0.041928542512251456,-0.004760938242500822,0.15819637138012832,0.0,-0.04677331513394739,0.10762676909612519,-0.2561525398201578,-0.00449332743453639,-0.049245209898823555,0.5198541076107258,0.09184774767529894,-0.26981438856124695,0.0024597778616732295,-0.04572156304852686,0.8583234319586739,0.06018725813526981,-0.43011707856598064,0.00908992305167896,-0.03776740086786191,0.9496718404014394,0.11023804529536238,-0.28998525931475766,-0.007288945193108729,-0.04918686640444703,0.8965436462947938,0.1043951971956224,-0.2722071413549947,0.0016382133095345502,-0.04554156009977435,0.5698314058061362,-0.005068356437306496,-0.28937633706247995,0.006584820321966178,-0.045523709715478713,0.8308420843285128,0.0946219033268176,-0.4413523933547459,-0.011776055134883284,-0.027613432540536775,1.0,0.11945543475350741,-0.3050297489859477,-0.0010570471335377997,-0.04752658138657059,0.5846630517834983,0.09875227092659648,-0.2898831040210095,0.0064568153929893185,-0.04491636114370666,0.6246523832929122,0.030815037262743594,-0.21025251149305552,0.009673878374719213,-0.04059575258443272,0.7938572723906732,0.12266411653176257
alpha101__alpha086,-0.10722490272574764,-0.24068279612334303,-0.23013142643260368,-0.026790142102166743,0.05069354907683218,-0.37045591751277873,-0.39119200284710537,0.06951524001824337,0.10795532151523543,-0.11304679171178016,-0.1691138236703027,-0.057844482074848165,-0.30325209322487373,-0.30846384817918093,-0.16505954637786502,-0.4253719521920452,-0.007319049123340732,0.0849018427685012,-0.09051564444295561,0.03605522006664919,0.012505264730835198,-0.18044381716922686,0.1092297279052461,-0.019248001847865286,0.11704770111826197,-0.40361365470910315,0.0,0.19324739582286404,0.004611808310444227,0.10000956738560124,-0.016966004002360133,0.062050158862214606,0.08110961859902906,0.13221096037092012,-0.17970635482488145,-0.1224449901605584,0.05315052544303371,0.07867451099644147,0.02585526671214364,-0.4248641367978213,-0.009942593404699664,0.007497459416985087,-0.24587466935458302,-0.41187144063418113,-0.05663778526723505,-0.018376494913532316,0.03859166690090446,0.029142981832388306,0.0,-0.27547830445215327,0.9939742452583163,-0.021327560412363937,-0.1856419876912969,-0.2798791767115666,0.0862542174776162,0.6936968803097817,-0.020479857385380596,-0.20386413060777234,-0.3116424474579743,0.0786946833249494,0.7012023237899818,-0.11263446877356884,-0.25325897354587257,-0.36522984760572197,0.12393400198381567,0.8878601040733526,-0.03543267957002959,-0.18404647667765048,-0.2686316836525209,0.1586425560033885,0.8573603451536365,-0.030550733275400793,-0.19769877123716575,-0.29527168379899676,0.10293099801396759,0.6490822491831187,-0.03187542229086153,-0.20937390868215544,-0.3335120126833128,0.047521660366072624,0.7806210017155699,-0.11793126060785475,-0.1896241901966161,-0.3138694872107215,0.11945543475350741,1.0,-0.04231540475581858,-0.19525255935166386,-0.281408018620193,0.0957368353135218,0.696307485322195,-0.04205479421542364,-0.21354152168759957,-0.3131202573441752,0.11814520144449842,0.7070237407187498,0.016297606102317484,-0.20329883634772747,-0.354328678491259,0.0017272346854884505,0.8739139635266037
alpha101__alpha087,0.31371957534430195,-0.19121484385826162,0.027707119227078324,-0.274641377633356,-0.4774799399509836,0.009658662632139792,-0.22682479605486047,-0.4679831175534545,-0.3419692753229083,0.39854234576049097,-0.09032715644569117,-0.11252134727546151,-0.14625445207926924,-0.031075530478784245,-0.06119090433638255,-0.13151984107940773,-0.21244268738504526,-0.21261300926300836,-0.4065151842183684,-0.02474740861008952,0.3105102587091092,-0.15611329596568577,-0.2592266849496578,-0.06923092889263899,-0.4162205655866348,-0.09025624306429415,0.0,-0.0597368890242523,-0.28713695499118147,-0.35050356968005214,-0.288258357928584,-0.21483672463296904,-0.5694223151647002,-0.34858650732716634,-0.33950139724911255,-0.1404268868038251,-0.33986797885854114,-0.631585029547161,-0.513941359128242,-0.035074815608993046,-0.005464745799185683,-0.002739910415222563,-0.26082586289954734,-0.15690492105321888,-0.07078916462666648,-0.4038437309433867,-0.39783172161256886,-0.15335210718624026,0.0,-0.05335621942740993,-0.040435520099465834,0.7600123909352998,0.0244505945868464,0.004247080507737099,-0.5257868287426114,0.01061660607580633,0.7094378019718186,0.023300770726515097,-0.02531278229522813,-0.32282725435743254,-0.12522608051211964,0.8077114680495825,0.03554289048233641,-0.06242496164261747,-0.33865882626701493,-0.07466307516645468,0.9959447197329913,0.021467195828712593,0.00831220958580888,-0.3527939432186973,-0.014665708619243264,0.7730247882080971,0.024191963082290904,-0.009691939785551456,-0.5193957428418019,-0.15564850860571192,0.7208700035229578,0.023503280906149063,-0.0406355563275185,-0.30921164135430035,-0.09487079967288693,0.7878287912588571,0.0186724829332852,-0.07236870185884534,-0.3050297489859477,-0.04231540475581858,1.0,0.023970771201945632,0.0016611953806452905,-0.5160625035574156,0.007477110310716162,0.7851755963505551,0.024547907280823403,-0.02604645052354615,-0.5065412958349852,-0.12823589859681048,0.65066999930972,0.022959604421634843,-0.05617499179496947,-0.299394563419321,-0.06591562232589286
alpha101__alpha088,0.01967715348341958,0.0035195108203219553,0.2691509560646683,0.006865131421685447,0.05507125165735292,0.5110528253246795,0.09707769967733061,-0.007452010312847775,-0.0009442689585281658,0.04325267174525193,0.05450063872402067,-0.07667271092656452,0.06467697620809505,0.4246535067902116,0.06050088227024323,0.06792301610215135,0.029249610820075614,-0.11494873748695483,0.0018075697894697838,0.4295129553174874,-0.0262408147997991,-0.10827631848560614,-0.08128247839565647,-0.35185799745647367,0.025400835341996057,0.17982584508371893,0.0,-0.036516315810320325,-0.048367957612216364,0.021988943977947942,-0.003837207839736409,0.11150701152125943,-0.009991603136823228,0.022669588303969732,0.03163597588703043,0.16217248099797013,0.0657597183407309,-0.02169510430301756,-0.00520065555878104,0.05648420721748461,0.6329498838398847,-0.6271660431599275,0.0708568056735453,0.11510276996538596,-0.043362646110538645,-0.07403753073597175,-0.0760492262822503,-0.004699989377414538,0.0,0.11560812693072152,-0.19890207450871863,0.04768520000936124,0.9861367449625398,0.1081918913119534,-0.02706170671863525,-0.12179202234536993,0.04484594825661857,0.9607797261890343,0.07307374412782085,-0.00968707068933012,-0.3298140968264801,-0.0016310551593850628,0.8134968756975907,0.0419119991915511,1.2582020437385278e-05,-0.24032066923256057,0.025318421682356713,0.9936225185132392,0.12479406973828491,-0.005122067542864851,-0.1584361299371834,0.04655222425734795,0.9869997983409023,0.0942659305322287,-0.02498495788501632,-0.36802682014161003,0.04331944466391091,0.943129360111122,0.04939244679785289,-0.01300122150917187,-0.28834264892336237,-0.0027995899705977106,0.9798608524234415,0.022428985969305065,-0.0010570471335377997,-0.19525255935166386,0.023970771201945632,1.0,0.1148892365825326,-0.01614546211682218,-0.11980544607089494,0.0448022537642577,0.975869776813122,0.07564338980200186,-0.02194158612635403,-0.33580003938334024,0.042634223403212865,0.9123879725858282,0.0290770426962288,-0.014953397978600598,-0.2396538681458361
alpha101__alpha089,-0.04607454404567239,0.1231367134458821,0.6533749991839825,0.10649134986156943,0.06454214325989807,0.41107908989079495,0.2684285880170367,0.061584860407007745,0.012657748469874311,-0.032691638536139496,0.045901261175992754,0.1283363842095936,0.35413182776401136,0.3467841050678068,0.21064778741457763,0.3269673640649976,0.04542546153035639,0.16037414719960355,0.12310331296250886,-0.1255068081194126,-0.033217936326454756,-0.034074140442744566,0.06422211251090254,0.25327297302865204,0.01841267133990409,0.2133689560072642,0.0,-0.1390096979726335,0.14207741992866355,0.045202063118228594,0.19548744488102604,0.07764131982599523,0.03176004396211629,0.005196679619791798,0.16503588763930188,0.0653976321728253,0.07488167077287337,0.07991240029881834,0.063383858979151,0.6061043693362751,-0.15956987145794801,0.19578484590625905,0.11363425627040981,0.24890598826690705,0.09033579967161653,0.10558350225910582,0.07988292222827169,0.00304042246289662,0.0,0.4452829964772077,-0.2763291145005653,-0.03178130743319574,0.1014938729196576,0.9960229194743433,-0.06308534666629083,-0.2054295882849147,-0.03688598465545164,0.08937965465163641,0.8595423729888062,-0.01517794399044798,-0.39785250484420104,-0.010966223502259642,0.0625430800039531,0.6965376442507792,-0.04171459266923568,-0.3155284005671507,-0.0028273108524033193,0.11049903677630715,0.9521514072065022,-0.08890178434476807,-0.24196300654300693,-0.026998702576771033,0.1019775647182905,0.9402591658947124,-0.0710024930661108,-0.39737348295650887,-0.033059887532532146,0.07919698791775173,0.7747840324347148,-0.014725085015890874,-0.363299537794978,-0.009705768509640852,0.12438945959817574,0.6019512016127171,-0.04752658138657059,-0.281408018620193,0.0016611953806452905,0.1148892365825326,1.0,-0.060493786949226115,-0.20719800040851694,-0.02284429901652375,0.09710065173013514,0.8635073350287223,-0.07886353469949324,-0.3739811692851157,-0.05660471929514242,0.062324491729222366,0.6854363631175263,-0.011571137306555719,-0.32478795170984776
alpha101__alpha090,-0.3706083528965065,0.1870650904177663,-0.04438582291935321,0.3087764902628937,0.2525577980194559,-0.01712515291661407,0.11095194552823677,0.47747817534264847,0.2643643691773207,-0.29629952115253333,-0.038881308094386016,0.12301601335693808,0.1257325964682734,0.0009618803341239741,0.06081353554124157,0.09386612982673326,0.3075045859319913,0.13686123378146586,0.453274234677289,0.018250813271671898,-0.42015367219537086,0.15495010624004088,0.27570258022745414,-0.011474670737015507,0.33900583505201565,0.08005630515918712,0.0,0.013252204272656883,0.2722841699431464,0.3886379363424279,0.07270311504052936,0.18376077235324656,0.374450455790228,0.2895531290462382,0.3815179693510004,0.10861131965480411,0.1960862848198024,0.5407995120633801,0.42133472222010504,-0.02949808243230337,-0.007602605196037521,0.02735648324830206,0.27315727789456257,0.14770036706008347,0.07067849275537273,0.2984858248333553,0.33314161298008826,0.13423366493574976,0.0,0.017697165424962004,0.08909262304528202,-0.40974194209835163,-0.01574900056831075,-0.062150938348319765,0.9501779438562705,0.0026325590141518767,-0.35477560055062773,-0.015349548845471543,-0.04315030738021648,0.6013499795812396,0.14276854793939148,-0.5646595873645023,-0.03728117792375346,-0.003947380900466571,0.6693735974519301,0.12689543465796427,-0.5109095917007699,-0.014776149169974611,-0.06352335709224735,0.6694948642369734,0.051158770656948245,-0.4213923567722337,-0.01683555863494326,-0.05449482955318557,0.963497319837771,0.1333133670547911,-0.364923839364092,-0.016353058674714486,-0.028377061651727317,0.5361438294926648,0.13721636595584474,-0.5570987296575814,-0.00911386787145862,0.015869479776669564,0.5846630517834983,0.0957368353135218,-0.5160625035574156,-0.01614546211682218,-0.060493786949226115,1.0,0.008666340632917342,-0.4318658151692284,-0.018364216145186022,-0.04346410214805278,0.9594773323284346,0.1367841035646696,-0.29555776267264444,-0.017781292988242662,-0.009463175279607787,0.4714850533091408,0.1193778883523924
alpha101__alpha091,-0.0823169941157624,-0.275118810363834,-0.15070725564144974,-0.09072265376520328,-0.0038121003074513674,-0.23422223210693224,-0.35184429525557337,-0.014659995920112275,0.1109563871183415,-0.12018183286945136,-0.164951396872996,-0.12007916331170614,-0.4101323445665675,-0.18685586297239165,-0.2088148575278583,-0.5629005707677938,-0.06797134109453723,0.08289431325491807,-0.14438280696863784,0.03835440419181789,0.14267852964871267,-0.35043438171562535,0.11822736841660848,-0.027196399287230142,0.11418631146007995,-0.3832062309372738,0.0,0.15623819941158798,-0.10378401297476718,0.09375994339876402,-0.05584352917026378,0.021482381488804877,0.06496066490677745,0.13308130776760332,-0.20405265875386117,-0.13281273910335342,0.049026390828346776,0.02466468270651124,-0.05555027289521134,-0.3067139670225164,-0.004104894012180399,0.002800394511489902,-0.2776155930746855,-0.5531840370027205,-0.11660530474487114,-0.028164610001557254,-0.10511230185706125,0.021806641605233133,0.0,-0.22910311448685697,0.7019435907750513,0.00701817879417562,-0.11646410093974104,-0.207456608146558,0.006177365178009897,0.9974051377626998,0.006883116287513228,-0.12098027011315911,-0.22815582385258895,0.05867025722817036,0.4822619228953543,-0.005900584139548992,-0.17256153640959015,-0.26089975739019955,0.08618062167890458,0.6057915015630491,0.010422104250635259,-0.11547528296707397,-0.198894577010759,0.10204530860015328,0.8255468141101332,0.0017998471515489048,-0.12006634107496499,-0.2177171113240334,0.019186599251733532,0.4678028103113447,-0.002806324306497553,-0.12525166648245592,-0.24134753460293418,0.07497917127274636,0.5271004648276341,-0.009743750533065323,-0.11810683481088302,-0.2894123428593216,0.09875227092659648,0.696307485322195,0.007477110310716162,-0.11980544607089494,-0.20719800040851694,0.008666340632917342,1.0,-0.005187712014214123,-0.12435958437475873,-0.22860471037013483,0.03396964394528064,0.5061360059285976,0.02796925044950916,-0.1348913907857172,-0.25736436470600366,0.06934796130062694,0.5863482160108612
alpha101__alpha092,0.3051870628167867,-0.1749636885148779,0.014335578652531891,-0.25554526199665756,-0.46568370356659655,-0.0017996056869713421,-0.22183064774586994,-0.3375489884188853,-0.34663909643610863,0.4050313452267982,-0.09103143386342792,-0.1084981878428706,-0.13929620431628137,-0.045088221398373735,-0.05762412085616574,-0.13024733072153993,-0.19080980902264347,-0.20857291716998813,-0.3785708704076608,-0.02439168050339049,0.23760321951949476,-0.13587631588180935,-0.2586277478019828,-0.06355294303679489,-0.42030753893804806,-0.0840686481153718,0.0,-0.05683580415394827,-0.2423072556067804,-0.3398544652309548,-0.34406689829916587,-0.20853537542822834,-0.5835449228239172,-0.3558235726290598,-0.3453517740300205,-0.13660732388350735,-0.34929449425164766,-0.6263554743130215,-0.4892461959090635,-0.055054677071263436,-0.005884895298472196,-0.002908338075220894,-0.1918884838297254,-0.15442662425728823,-0.06499387172240009,-0.41987655985415745,-0.3697398327632916,-0.15831531100352442,0.0,-0.05712640814061773,-0.044732521232984615,0.9830053174460258,0.04261217583799811,-0.020707913235939155,-0.4747234980518299,-0.005598426312395911,0.7723214662360016,0.03701540057797402,-0.039809637880378695,-0.3236890557791256,-0.09205478022652036,0.717789364195321,0.02659726011438388,-0.06874515300238511,-0.3097689756088417,-0.06406923226404843,0.8017373515564813,0.04409768593117668,-0.014812707183029501,-0.2925437739369457,-0.024570863594940952,0.9942989890686991,0.041515699162584956,-0.03004305114724105,-0.46100363048178444,-0.11756611716437884,0.7840505478716768,0.03542497216551219,-0.048973753832778556,-0.31206667217584116,-0.07351085987323067,0.7050694861181989,0.04483674777433406,-0.07771235964311984,-0.2898831040210095,-0.04205479421542364,0.7851755963505551,0.0448022537642577,-0.02284429901652375,-0.4318658151692284,-0.005187712014214123,1.0,0.03988679536708153,-0.04088928967335273,-0.4455499460746578,-0.10069146016603102,0.71047473938239,0.03272161810105726,-0.061858279084012265,-0.30267266943168564,-0.058647885301217395
alpha101__alpha093,0.017842958508311878,-0.013864246642748225,0.2625946817124761,-0.00618074126726473,0.04483418437762026,0.49316226857820133,0.07936049558185476,-0.015433023966055778,0.0012952724535952274,0.04122115391190458,0.05769553264888148,-0.07702858763405632,0.06484099361489017,0.4113405216641838,0.06297069134914908,0.0781427282931803,0.01895981081063002,-0.12233054002219937,-0.016238379691599154,0.4318329777654235,-0.0011773482219010001,-0.07465531223759361,-0.0756175149652915,-0.3511874751425703,0.02664473757051412,0.19112792873504678,0.0,-0.03294377003998592,-0.07293891611436235,0.028031578144513375,-0.012904266727743963,0.10932946989418066,-0.011073272412846513,0.0249080552738165,0.023507608204751073,0.151385567649404,0.06543341410172068,-0.029900341484363577,-0.01794921287111413,0.04005241237193919,0.6335727552462567,-0.6277073042467993,0.06608429950033229,0.12923725659223104,-0.04567333336473753,-0.08946064941506886,-0.08289386979182055,-0.0038991016963605845,0.0,0.11621173050275967,-0.21853711291512568,0.04239524854812552,0.9773986220297383,0.09208515790878366,-0.02836358797088433,-0.126290922969945,0.04553641054165301,0.9911415854208466,0.07393456338642372,0.0008541767160770539,-0.3117063807524378,0.0038583914133472424,0.8570299824479031,0.05837720347938513,0.00547259111396761,-0.2546746925589782,0.02641215935805785,0.9614591988537631,0.101774454409057,0.0017463058562337068,-0.16978925809645212,0.040998552310818545,0.9926698079710236,0.08553381910924748,-0.025420699287564106,-0.3404188018367456,0.0427721856452633,0.9872285702424873,0.06209078507634424,-0.00523601557882601,-0.28471842243837275,0.0017675308699587728,0.932227055533144,0.034112702483054584,0.0064568153929893185,-0.21354152168759957,0.024547907280823403,0.975869776813122,0.09710065173013514,-0.018364216145186022,-0.12435958437475873,0.03988679536708153,1.0,0.07674817368580131,-0.02189434796053867,-0.320687243334262,0.04877272382404198,0.9660524963355919,0.04628597024596729,-0.012151290379868684,-0.25207252432844424
alpha101__alpha094,-0.054417562412905546,0.13811669064217175,0.6221511581772017,0.1076710928425141,0.07319891344512759,0.3775805895342031,0.2687809611727726,0.07133187064097556,0.024679999137511097,-0.042137353193130445,0.04691817681236974,0.13835446804938484,0.40696525950675644,0.32067306933642714,0.25318692553936617,0.34730289582558344,0.04960847303144835,0.13353294334487154,0.12978581632275202,-0.11224500045085245,-0.019163408505119835,0.047439771708025075,0.061041890373771585,0.24439053902937047,0.030396436600909505,0.22733965209979318,0.0,-0.12643895351911036,0.14002296301417175,0.051607826395236894,0.1984514192913639,0.08257244019946146,0.04128441347384336,0.016273213456705633,0.16784401360122228,0.06423881502176992,0.07725587259297671,0.09004963351938937,0.08499979357047534,0.5807488509166328,-0.1504804029087055,0.17777627019582437,0.13339557676682984,0.2895570496677854,0.09700018620617652,0.10084084722193727,0.09215285758926929,0.006526537726600621,0.0,0.51663487092182,-0.30933793308808755,-0.050197402317147935,0.06552909060243585,0.8672059726790354,-0.04076263826892464,-0.22709603384649046,-0.05015798826343595,0.06932462430203924,0.9974465513064305,-0.00921516516629352,-0.3761447240642986,-0.02089556763045403,0.07747492088133268,0.8168561565486978,-0.04178827788783909,-0.3511831737135652,-0.03050025542920217,0.061530351599096596,0.8035709616739168,-0.0857065159534174,-0.2690997368311882,-0.045375128667541086,0.07403752635382634,0.9345522356053995,-0.049685570374630846,-0.3327364739586383,-0.04657521737184684,0.06519442576836226,0.9199453364787523,-0.011001072186136022,-0.3926975567515279,-0.019622492056717268,0.06610073792048812,0.7081489019377933,-0.04491636114370666,-0.3131202573441752,-0.02604645052354615,0.07564338980200186,0.8635073350287223,-0.04346410214805278,-0.22860471037013483,-0.04088928967335273,0.07674817368580131,1.0,-0.05985726019582357,-0.35791552974206925,-0.0667807781516679,0.05411059300270302,0.819144882976587,-0.010429052649984333,-0.3582591474431662
alpha101__alpha095,-0.3700498230121315,0.15367195511951443,-0.050111958703287975,0.27021153954376864,0.21842311485002433,-0.022278623579775128,0.06510410666561339,0.45119608803376915,0.2752741979568769,-0.3087407112248864,-0.054419895315430664,0.1143443122145071,0.10138462262648228,0.0006931124497869012,0.04964988432435926,0.06651037276142685,0.28731765224872596,0.1332582405993426,0.400105863478495,0.0271396043898545,-0.39903782232900503,0.15421077608650094,0.2819656890677535,-0.03622368902583327,0.3487204828955904,0.054071246628597344,0.0,0.01923322044840077,0.21946929737694598,0.3908581419297054,0.0433730235953709,0.16364819232708522,0.37989882515715473,0.2973394372336329,0.35601615931669767,0.1107998398863984,0.18754719981353857,0.5244715846971092,0.37368178330954954,-0.049746033140320604,-0.005078208532799128,0.023282102524974646,0.2466534275052376,0.13270435550976545,0.05966179240577131,0.31064514846114194,0.2930795839197663,0.13441156829333106,0.0,-0.00232522557728585,0.11225877905223768,-0.4242432283372755,-0.022464594825602317,-0.08031546213808796,0.9578602398846955,0.028350622660880915,-0.367590239721783,-0.019379407385871614,-0.05859638629312826,0.6303175094312267,0.15524235543823633,-0.5538855352680787,-0.03238184754416447,-0.019619550260052354,0.7033196913797904,0.14346167325255507,-0.5021896015082673,-0.021092516083090176,-0.08282158888646356,0.7135542214376318,0.07743724684407156,-0.43545463749834956,-0.022567334747509018,-0.07179272329818549,0.9848498277188592,0.15063535896736044,-0.37914111652290383,-0.018446386159402525,-0.04345545020780681,0.571616079174954,0.14946050427516594,-0.5469874971051616,-0.016184684257677003,0.0012154490652024745,0.6246523832929122,0.11814520144449842,-0.5065412958349852,-0.02194158612635403,-0.07886353469949324,0.9594773323284346,0.03396964394528064,-0.4455499460746578,-0.02189434796053867,-0.05985726019582357,1.0,0.1500635050578151,-0.3035767462586146,-0.01760852777494485,-0.023482628139953388,0.506553033046662,0.13711969279326172
alpha101__alpha096,-0.10204682899707619,-0.15182093825198043,-0.3513569148640287,0.04189840671363321,0.12311946275434127,-0.5882629322003803,-0.355219852922888,0.1360062056057284,0.09959000544511341,-0.10776044280113893,-0.14537248224352264,-0.025884450582192117,-0.2117158090261914,-0.4950250055798567,-0.12162947731539019,-0.30620438443664033,0.03916615991861462,0.06741357535316843,0.10709051803821322,0.022516775718466796,-0.08982510109702832,0.073268185254259,0.1194580992555236,-0.015070372482892521,0.1133830748726496,-0.31046161378805576,0.0,0.1758118339342718,0.12075640152346721,0.041538452079491174,0.022700587748612777,0.075229380206433,0.0839439429449968,0.1271283078897081,-0.1464556865619212,-0.11244773094004834,0.04299799182797233,0.1289663153770097,0.22104521527224077,-0.5747636617303742,-0.020717658545215387,0.020062090133281564,-0.23506306818994485,-0.2916887437172387,-0.031357856391904776,0.050399404364584975,0.09263356261392908,0.026629277717930788,0.0,-0.25472240030769355,0.7150747852907187,-0.08826976092582993,-0.3134120572569855,-0.37180283930945435,0.14471594789151002,0.5091673948501861,-0.07701340465677652,-0.3054143135872742,-0.356257789974455,-0.025408904673015847,0.9668458862546699,-0.14692215731328345,-0.2988634734783662,-0.2811234335194937,0.05427724410421996,0.811538907777716,-0.12241298295197735,-0.3184208629967599,-0.35591448730576103,0.08031146662703212,0.6116956453788124,-0.09484917072332678,-0.32134913369680734,-0.38722946410144143,0.14721723222040778,0.9317192883355648,-0.08271666534449157,-0.2938238042747335,-0.31505683038635984,-0.03164608571125241,0.8899247824561717,-0.1456270567789719,-0.32751647360288483,-0.2288435558354001,0.030815037262743594,0.7070237407187498,-0.12823589859681048,-0.33580003938334024,-0.3739811692851157,0.1367841035646696,0.5061360059285976,-0.10069146016603102,-0.320687243334262,-0.35791552974206925,0.1500635050578151,1.0,-0.04381289196104749,-0.2719705949625539,-0.27000827920271814,-0.03041042753204748,0.7956625883459615
alpha101__alpha097,0.2693145543095147,-0.18623292431181757,-0.002168782957328817,-0.2534837217741005,-0.465646631396022,-0.01763891032251824,-0.2341545988164568,-0.2614990816645014,-0.32060384973890044,0.3795587502240989,-0.10238142638445936,-0.09916234273567413,-0.1459663130805849,-0.05133624601752194,-0.06577618028157838,-0.1474237638513309,-0.18834996047395564,-0.1962417982006574,-0.37340329965806984,-0.01592707878007077,0.3107504928225968,-0.09841134282051715,-0.2128268906720651,-0.05830950998091927,-0.39042879494784505,-0.12057303976328888,0.0,-0.031615229427209436,-0.24361270740785054,-0.27703452734006834,-0.4087029349808556,-0.18874925357361116,-0.5478360334057444,-0.32479394353538393,-0.3289659870005758,-0.1232370976963632,-0.33031367903600645,-0.5944018852646346,-0.4714362226416927,-0.09646023049328632,-0.0036407172885296753,-0.0022262031374258293,-0.15197482934769602,-0.15647596266290364,-0.06498483947082206,-0.33605230167754035,-0.3415230647747659,-0.15306948531564024,0.0,-0.08868887071478261,0.010097099212767639,0.7437634002517777,0.05081479278909452,-0.05267627366792108,-0.3449808641721332,0.021189423060453787,0.9462566069774832,0.04875743336163654,-0.06474258206638137,-0.2696884768909432,-0.024716557360638196,0.6137993795471258,0.016480456125407977,-0.08901075549792349,-0.2254847087097051,0.00018868660576032098,0.658802373995262,0.04422363928524393,-0.05109359025482013,-0.18293890139751387,0.020083309117821257,0.7253281297519889,0.05018287047105367,-0.05931776593355465,-0.32420433709205676,-0.059920197300697406,0.9221879679618008,0.047556290212789634,-0.07066172290392585,-0.26842938925544824,-0.007372431963110545,0.6029966596592926,0.02712342890257445,-0.09157740725371022,-0.21025251149305552,0.016297606102317484,0.65066999930972,0.042634223403212865,-0.05660471929514242,-0.29555776267264444,0.02796925044950916,0.71047473938239,0.04877272382404198,-0.0667807781516679,-0.3035767462586146,-0.04381289196104749,1.0,0.044975761030708036,-0.07812969624895316,-0.26969932722221,0.00627602644606214
alpha101__alpha098,0.01737804915312181,-0.054316461995383605,0.2384957650222258,-0.024351852813191435,0.032607941582669754,0.43922570923503046,0.042847856721089136,-0.026394089683408183,0.004191845521754834,0.038195923413153206,0.054937245158805256,-0.07934667684988744,0.061601115519773375,0.36793380355749816,0.06511994596025991,0.10023864607469704,0.003386741258981042,-0.13409067596657104,-0.03698667280608563,0.438280850104719,0.0010466758920255456,-0.01763274201306246,-0.07212975935772746,-0.36113858604281934,0.029777382357362735,0.19502988933999507,0.0,-0.024565528811510595,-0.098132358395554,0.03864710884885067,-0.03082784074390874,0.10397763034893837,-0.008559891531476523,0.029273116794512204,0.011688278591272513,0.13656599092915686,0.06503446206013795,-0.03875442129706242,-0.027376011814054264,-0.006273732301550964,0.6335860470343845,-0.6280104339504103,0.052322284904850996,0.16228902772433865,-0.049562692468035886,-0.10049835526956155,-0.102484533331542,-0.002716347530692754,0.0,0.10166979601611621,-0.20864054356411427,0.03627837173515545,0.9226953305162554,0.05886883887406357,-0.0263009991578562,-0.136123219864264,0.038971533690611584,0.9671865789267654,0.05233353745563342,0.0032191646469430643,-0.25950238811894183,0.010410382553764197,0.8954433419970667,0.05276675566903074,0.0076083087172224145,-0.2294042363353831,0.025190230172071153,0.8942965738865423,0.06351856920264161,0.007918327222516187,-0.177666291071491,0.03443599555016763,0.944641202620246,0.056974480876303565,-0.022576849551388768,-0.28303735037428224,0.03621896937215253,0.9882819162262281,0.04813497563079781,0.0017908915643853197,-0.2439461202182352,0.00804321048949021,0.8615249360662013,0.04352860027492693,0.009673878374719213,-0.20329883634772747,0.022959604421634843,0.9123879725858282,0.062324491729222366,-0.017781292988242662,-0.1348913907857172,0.03272161810105726,0.9660524963355919,0.05411059300270302,-0.01760852777494485,-0.2719705949625539,0.044975761030708036,1.0,0.04310071992797889,-0.003640687277356316,-0.22425209980325217
alpha101__alpha099,-0.06750768135905898,0.14333059045991686,0.468562095939038,0.11091759955499761,0.08107489869684112,0.2863226578947359,0.25362705032636934,0.09525469895981967,0.03874672016401772,-0.055175192559975716,0.0508380252841139,0.1467391798882907,0.4851266812617015,0.2457635391063161,0.3229445069193159,0.38352704665769777,0.05104350651350308,0.11814530087040459,0.12742012684564985,-0.09356576871092516,0.0076957058493373805,0.19158812920192603,0.07372912942507252,0.22559058226625928,0.04746985278185887,0.23655265998382832,0.0,-0.10694997756322912,0.11177934338445457,0.0573350891827694,0.19337284532311635,0.08829165359676408,0.05592036464052186,0.024387511580959916,0.17454805475503188,0.054830068448328384,0.08240006778979354,0.1064225566203731,0.10400258984086672,0.47276959162848714,-0.1365924559001749,0.15467074625689084,0.12768972218599328,0.35653929272191903,0.09908759867145703,0.1097247787240898,0.10212254315355589,0.00520154130213424,0.0,0.4993756074152934,-0.3518792862031785,-0.06886906232650657,0.024493926565941408,0.6899578064434478,-0.004889505512796854,-0.256800760644618,-0.06666892366405196,0.041436621711506416,0.82221640747215,-0.0029417759430986233,-0.2805516797080615,-0.031213046612790403,0.0802729085529,0.9856729042602173,-0.03487849737735729,-0.3270681022156754,-0.05871646199746127,0.020634502069288987,0.6354694022346502,-0.07127049470785218,-0.3099009693472084,-0.06620549011448269,0.03374439522365724,0.7487870390057135,-0.013104003516619875,-0.24529649495455305,-0.0631374149798986,0.045729356854935434,0.9068672270415526,0.0022009708623480055,-0.30399895284338985,-0.029066390951188344,0.024382703450689526,0.8740950048533911,-0.04059575258443272,-0.354328678491259,-0.05617499179496947,0.0290770426962288,0.6854363631175263,-0.009463175279607787,-0.25736436470600366,-0.061858279084012265,0.04628597024596729,0.819144882976587,-0.023482628139953388,-0.27000827920271814,-0.07812969624895316,0.04310071992797889,1.0,0.0038723663364093977,-0.33106186230520945
alpha101__alpha100,-0.3281470684368304,0.0389626663927109,-0.00021760279704718407,0.06413870538323543,-0.03468988093789908,0.006819281840304571,0.03617202835389874,-0.09180876981698816,0.33964695822653146,-0.4286176253158136,-0.11179384426558786,0.06333049216496967,0.033520856890991726,0.06696534455867709,0.02187469573257236,0.04710461485891687,0.19534608220755284,0.1401849967426479,0.16122505032944567,-0.015050693613040048,-0.053634530710377604,0.05092971420055771,0.21552941038930737,-0.0017436072524128774,0.41058902790409246,-0.0075096855424990555,0.0,0.0632677651540646,-0.1657827518534479,0.3827996194738933,0.09048631689056315,-0.04879435616830832,0.4554903510425607,0.3301364460406343,0.2808578796048488,0.09799091889016028,0.2417395512841072,0.47269042604313266,0.10746782608456373,0.007666735793600148,-0.02456674381826662,0.04337953658986802,0.12626013547150072,0.09147295613489269,0.03139741771101195,0.06073221081840045,-0.13962384434413566,0.17400968077306211,0.0,-0.003486670763352195,-0.006485890654137113,-0.2838500339543839,-0.01894735104300406,-0.014685838317627445,0.4376086929693804,0.06330121531339873,-0.2955918177527521,-0.01604128931268811,-0.011396028130078464,0.8167932090669262,-0.004623838879839403,-0.3253858566416444,0.0038663513448201113,0.007256699874595715,0.7723631567114666,-0.02102031395698511,-0.2947667409431937,-0.015270054955965022,-0.010474663545659625,0.664583650605613,0.039395990124575474,-0.2921198129797156,-0.01685130292418552,-0.012587282285041333,0.4690018370404371,-0.021141088339821548,-0.3101515634965476,-0.0104078044898671,-0.0071920304899469895,0.9139665641836857,-0.013822903201641363,-0.3280056065444877,-0.02134609943170115,0.015669730372386056,0.7938572723906732,0.0017272346854884505,-0.299394563419321,-0.014953397978600598,-0.011571137306555719,0.4714850533091408,0.06934796130062694,-0.30267266943168564,-0.012151290379868684,-0.010429052649984333,0.506553033046662,-0.03041042753204748,-0.26969932722221,-0.003640687277356316,0.0038723663364093977,1.0,-0.010419763643365842
alpha101__alpha101,-0.0951678344858612,-0.20857838175054966,-0.2769216883881742,-0.011157661885085905,0.0724643803762833,-0.4510032173644988,-0.3926760461404284,0.09031000994107398,0.12186393065439992,-0.1282311519465104,-0.17692375823458403,-0.039427803630487354,-0.2652038383926978,-0.3655549733850609,-0.14956792262155097,-0.38107847611316015,0.01683490592834218,0.07057207173385702,-0.036002789667653134,0.0420752648163009,-0.026728708517159694,-0.08122749789652604,0.11244201167217972,-0.022394107134606087,0.13219774260477682,-0.3664699727831271,0.0,0.20801347248640853,0.053832624387005285,0.1070406389944627,-0.01472745689330315,0.06912987366365711,0.09873973858363855,0.14472171514524826,-0.1628260220958772,-0.10349127095257699,0.059560512706679676,0.10758707792661897,0.0952622107217889,-0.4956953933247262,-0.006849979834478348,0.004973243889234671,-0.22593401951037279,-0.3555040495229694,-0.04270752595154054,-0.018225245312270304,0.10516772067528575,0.0334863726213193,0.0,-0.2815857863847232,0.863656915946828,-0.035992172361086684,-0.22465593226869643,-0.32113856700042626,0.10699698470130754,0.5838124321868281,-0.03654815202019161,-0.23985325219660822,-0.3557203060401008,0.06057700369936371,0.8236823705917532,-0.1405215967305599,-0.271468132253571,-0.34584192164765104,0.1284477829618867,0.9856578634436912,-0.05741364475465583,-0.22348212843587115,-0.3095798782335594,0.16454773693158842,0.7287836286541509,-0.04681238259346244,-0.24186521333805724,-0.33830546904756015,0.12294231171505399,0.7259125594018239,-0.04653332290580765,-0.23671744122450009,-0.3733271194561232,0.015508606400725449,0.907040977721342,-0.14547253676574842,-0.23212827960877042,-0.2837450853396364,0.12266411653176257,0.8739139635266037,-0.06591562232589286,-0.2396538681458361,-0.32478795170984776,0.1193778883523924,0.5863482160108612,-0.058647885301217395,-0.25207252432844424,-0.3582591474431662,0.13711969279326172,0.7956625883459615,0.00627602644606214,-0.22425209980325217,-0.33106186230520945,-0.010419763643365842,1.0
