,alpha101__alpha001,alpha101__alpha002,alpha101__alpha003,alpha101__alpha004,alpha101__alpha005,alpha101__alpha006,alpha101__alpha007,alpha101__alpha008,alpha101__alpha009,alpha101__alpha010,alpha101__alpha011,alpha101__alpha012,alpha101__alpha013,alpha101__alpha014,alpha101__alpha015,alpha101__alpha016,alpha101__alpha017,alpha101__alpha018,alpha101__alpha019,alpha101__alpha020,alpha101__alpha021,alpha101__alpha022,alpha101__alpha023,alpha101__alpha024,alpha101__alpha025,alpha101__alpha026,alpha101__alpha027,alpha101__alpha028,alpha101__alpha029,alpha101__alpha030,alpha101__alpha031,alpha101__alpha032,alpha101__alpha033,alpha101__alpha034,alpha101__alpha035,alpha101__alpha036,alpha101__alpha037,alpha101__alpha038,alpha101__alpha039,alpha101__alpha040,alpha101__alpha041,alpha101__alpha042,alpha101__alpha043,alpha101__alpha044,alpha101__alpha045,alpha101__alpha046,alpha101__alpha047,alpha101__alpha048,alpha101__alpha049,alpha101__alpha050,alpha101__alpha051,alpha101__alpha052,alpha101__alpha053,alpha101__alpha054,alpha101__alpha055,alpha101__alpha056,alpha101__alpha057,alpha101__alpha058,alpha101__alpha059,alpha101__alpha060,alpha101__alpha061,alpha101__alpha062,alpha101__alpha063,alpha101__alpha064,alpha101__alpha065,alpha101__alpha066,alpha101__alpha067,alpha101__alpha068,alpha101__alpha069,alpha101__alpha070,alpha101__alpha071,alpha101__alpha072,alpha101__alpha073,alpha101__alpha074,alpha101__alpha075,alpha101__alpha076,alpha101__alpha077,alpha101__alpha078,alpha101__alpha079,alpha101__alpha080,alpha101__alpha081,alpha101__alpha082,alpha101__alpha083,alpha101__alpha084,alpha101__alpha085,alpha101__alpha086,alpha101__alpha087,alpha101__alpha088,alpha101__alpha089,alpha101__alpha090,alpha101__alpha091,alpha101__alpha092,alpha101__alpha093,alpha101__alpha094,alpha101__alpha095,alpha101__alpha096,alpha101__alpha097,alpha101__alpha098,alpha101__alpha099,alpha101__alpha100,alpha101__alpha101
alpha101__alpha001,1.0,-0.1324140418718826,0.01909711806347843,-0.33854539056708244,-0.29961980895019086,-0.04213161880626007,0.023895128621052274,-0.2362751225461242,-0.25488638640120465,0.27164280932200124,0.12305797142942672,-0.17619436266766048,-0.08529839376046479,-0.08583116203629956,-0.05522380804182256,-0.09121173956103917,-0.1695345432937707,-0.13543586719846146,-0.28179626505769917,-0.019236617096528456,0.0,-0.05391360791683895,-0.43626360209715637,-0.08443686109292896,-0.27908362494403255,-0.04657815209967923,0.0,-0.0023645059463110055,-0.22956069933315834,-0.4018074036964221,-0.4034729260691107,-0.2017016307074729,-0.3062481937829879,-0.3485780426493792,-0.2704918189332919,-0.05099836623005587,-0.23025382506893746,-0.4828207475408301,-0.36498382394485124,-0.06010354251584158,-0.004031971250853715,0.0033555566529564866,-0.06676159535458508,-0.08121323829120385,-0.08703293272334316,-0.21655201527007265,-0.1691273916787102,0.03855925195541908,0.0,-0.043281253500119354,-0.18034797960600352,0.28974489230902223,0.00937889262368569,-0.01362224732977698,-0.3550854690073005,-0.15775889520775305,0.29351995324168617,0.0073990318534579574,-0.018754574432223406,-0.38480269777604337,-0.168686755767015,0.37142070042632475,-0.014521284526469573,-0.05494154134542381,-0.36473251025412673,-0.16305327176164527,0.3085085326182953,0.0071746436921372655,-0.018062464945825488,-0.29523004081330345,-0.17240943985514842,0.29624597967686916,0.006757585959189728,-0.017415535603937996,-0.3606130370484713,-0.16588837399920733,0.3040929209578423,0.004884098611053813,-0.023438987917013047,-0.3757068165189455,-0.1668744249180195,0.3714623659808992,0.0037691754881187625,-0.05564699466975902,-0.3173689970869685,-0.18500184922516014,0.31264918934061303,0.005252621072543284,-0.02067610697627981,-0.36631463705761513,-0.16030529684957895,0.3036819142095774,0.0040153936757956945,-0.022406639413056224,-0.36523096072743355,-0.16122645556232762,0.26282350775825986,0.002663794941918976,-0.027258522827971608,-0.3022051914700152,-0.16504227049680303
alpha101__alpha002,-0.1324140418718826,1.0,-0.06608577013428817,0.23932718218387505,0.17580064879759696,-0.04667809760004772,0.05117807040317047,0.17292708715953342,0.08016615750701452,-0.07430826955776851,0.05463434928769585,0.17763010408916063,0.3159800859755757,-0.03466640082155476,0.15042429623766715,0.18668835757096583,0.14104032599232005,-0.012112660292835916,0.25785029154431616,-0.04564161119522879,0.0,0.05946145355104347,0.10535643443390744,0.06638475838463472,0.06732517855881366,0.22889480433097456,0.0,-0.040736132025602695,0.2233980006463596,-0.00034877509728631465,0.2351032888243913,0.11426947339474686,0.11591408149312135,0.06108399558365166,0.14403857983123394,0.050537011199669954,0.11177360715078166,0.22244116323031587,0.28022712989857573,0.10669139362954658,-0.004812830494708388,0.008836457939402879,0.04813022699443195,0.18029345971370317,0.1191708326428071,0.14531189300266642,0.1703872100104774,-0.006906685102688938,0.0,0.22347154861251695,-0.16445588045130785,-0.14106298418838564,-0.01495512593702836,0.08786466400972495,0.140196088738922,-0.21897632662516697,-0.13025802348450982,-0.02611479596650394,0.1045280399453615,0.01921559833784636,-0.07596963012198775,-0.15147130600312447,-0.10009964775743828,0.13011586487936821,0.01593356520645747,-0.12931190924887095,-0.15016790356701223,-0.015069483855754361,0.08340086879968515,-0.014966878372288765,-0.20267924707668192,-0.13809859549477813,-0.021022423373550116,0.09583769957972083,0.1245331368065586,-0.047457498883228554,-0.12388233027900199,-0.04270074285855752,0.116014357749164,0.0030344329883486556,-0.09458598693786646,-0.14629039942962166,-0.017771484290926873,0.12021158034760343,-0.009666771820086385,-0.1647240376226743,-0.14631879474316514,-0.020203383965363225,0.08995459034720218,0.13019627622788646,-0.21884992924975588,-0.13233981891369972,-0.031103052640289834,0.10590172435526997,0.10278857781005714,-0.06553895514745368,-0.13764834512237514,-0.060406654702578964,0.11762603993398067,-0.0053577659508308745,-0.13248004401310504
alpha101__alpha003,0.01909711806347843,-0.06608577013428817,1.0,-0.006643661335007972,-0.03435032946360673,0.6423162916998002,0.24449382725366076,-0.04068852038618477,-0.030239225803546724,0.017131163537021103,0.09254846377926051,0.031920047333461925,0.23319061615374567,0.5148845719886657,0.20895253896550794,0.26486475610528515,-0.05700224171789217,0.18130212355280054,-0.03000932211315673,0.022074518330233314,0.0,-0.05400792776583121,-0.013847082048828839,0.08386839166611043,-0.024977900927008315,0.16729291197077967,0.0,-0.11072748983133796,0.0026557984818127343,-0.009170593234155465,-0.00014358618515539432,0.047391879542634845,-0.01724932992165583,-0.04187621104594614,0.04341042986354971,0.010780905704924616,0.04409998616335838,-0.05801661835354645,-0.11951805863451462,0.519495627536257,0.012271586902325634,0.02993358980198233,0.15626834624132538,0.22289456274452818,0.009711694867224993,-0.11904457650111112,-0.06462347879467077,-0.0012278626531231278,0.0,0.42096292402107593,-0.27549812382214733,0.06371374912952248,0.3256750311308831,0.6676196248593768,-0.11007260083659133,-0.1777564550078571,0.048230254224159164,0.32693900053404873,0.6322203022523897,-0.021694636719500598,-0.4435653944794671,0.044689813911232834,0.360506173757168,0.5197552207779186,-0.003894600106456694,-0.3305320108545417,0.08491063712868473,0.33424179299768775,0.6376074974212027,-0.019893830497888475,-0.225499436710516,0.06451665439216174,0.34113050970331993,0.695585037573512,-0.10448294970675197,-0.4355608034124032,0.048374776585066545,0.32727183779787966,0.5614541973038149,-0.02733591536528708,-0.39220892605107105,0.03885160411635469,0.3478974522880961,0.4423816281845045,0.005328895503042025,-0.2758494812440615,0.08409125217727341,0.3580773391778387,0.6764928218173092,-0.0904908426442788,-0.17923001956232532,0.06463461232986493,0.3489432033427098,0.6411394281669054,-0.09730579378792917,-0.42918970607011053,0.040865228105670955,0.31755060688619685,0.4853279912644175,-0.029260231239189017,-0.3319445989097673
alpha101__alpha004,-0.33854539056708244,0.23932718218387505,-0.006643661335007972,1.0,0.481240729343038,0.04097231247202395,0.17193986999213895,0.48160663993467745,0.10832739385004982,-0.131644617919865,0.008773586523464813,0.16081339176212298,0.257007020439749,0.014680356160732959,0.16091117726202406,0.25820924368606896,0.32995753665277855,0.16271200647163803,0.5988923436117717,-0.045684313806295826,0.0,0.07142201450606057,0.3723971145812695,0.20367815172646697,0.1657998654653465,0.1829813743102908,0.0,-0.11802871801788205,0.5872819043781561,0.14368609829010065,0.644456510315348,0.27756461917978714,0.1819289767038637,0.16195817471285953,0.42382298267062074,0.05195010380309966,0.18524478686940937,0.45347403182988905,0.6113455608779712,0.16680817050852348,-0.05446919365094458,0.05903527482535373,0.12244383087921705,0.15636590843977582,0.10647192746943812,0.3287206011019392,0.4144129637380056,-0.03877317716828968,0.0,0.14216759694123182,0.1220284307071799,-0.26897253514362807,-0.05356607085223698,0.09155368674859007,0.33434482415492855,0.01088598481811891,-0.24866971347959724,-0.06830345140587811,0.08733438862539422,0.019589695725199176,0.15080396147997369,-0.3091195660290108,-0.07755196024034071,0.15506762645452504,0.008678019246916805,0.14696827012292146,-0.2921133677878548,-0.04154480819917008,0.10749338055303953,-0.08104581554822168,0.07173329371929599,-0.26431322243933775,-0.056769274547609494,0.0938132292942619,0.300567460271104,0.218373645611845,-0.2381944623486005,-0.0748010932877483,0.09068472637007217,-0.03058710765105373,0.1361088907963636,-0.29863324746030123,-0.029823034609339064,0.1531551605481397,-0.08251766918763227,0.11097344137121387,-0.28578558305122365,-0.04444311855996798,0.10998636541531255,0.30527430394349914,0.007106882170019779,-0.25667403941219596,-0.06214613818214999,0.0954453655103024,0.2589754244865792,0.210081533433175,-0.2559000662134387,-0.08367746859137398,0.09481273301994975,-0.08315471039699646,0.11184787370836097
alpha101__alpha005,-0.29961980895019086,0.17580064879759696,-0.03435032946360673,0.481240729343038,1.0,-0.003659993255315547,0.1343060783941199,0.4427723783479807,0.3023912108704815,-0.3333164667202902,0.190239882773213,0.103997202308983,0.16066461381728134,0.04841538202660441,0.08509048913152605,0.10791410216287092,0.16094992017876542,0.16971406132300323,0.4914625754654184,0.005739975373616952,0.0,0.05913600011501804,0.26476081348638686,0.09926234333056025,0.30305892840646326,0.11165905252838124,0.0,-0.04688125181806281,0.4636106818081372,0.1906366301459377,0.5498995069970836,0.3170208466894063,0.37619763350444124,0.27824349208477306,0.2680102736713262,0.10223367843270147,0.3285349892990729,0.5717684478860529,0.6172170340553249,0.01941903770884425,0.06677573438350226,-0.04440225496123641,0.11836444852712266,0.08264714963613225,0.047822536072523,0.394803924763676,0.4681282531082834,-0.06430002501689601,0.0,0.07992861814622237,0.16326724882929422,-0.526575351343338,0.004072094209292426,-0.007475475408464994,0.29367791429767237,0.09287428115224806,-0.5239236404736446,-0.005510333029784785,-0.008411308920716227,0.0148390278354354,0.20202729658693244,-0.537322937383925,-0.007561234493133524,0.0425144155151553,0.009606969093358836,0.1877100202054869,-0.5390679893288784,0.011673412102121227,-0.00036952663128213774,-0.044654049842483466,0.1276063684265057,-0.5251328105052803,0.0007394634745606104,-0.0048823915079121635,0.26561497649413,0.2469145756288292,-0.5219537664822035,-0.008902495463525764,-0.0027390049406634813,-0.01727681157902516,0.18585312123080175,-0.5256983785379783,0.0224350927730013,0.047018017419574065,-0.06052263360845191,0.1563123056433338,-0.5330781936189154,0.008385084054527004,0.0027826599921245104,0.2632302971201527,0.09059361626486566,-0.5224000250178669,-0.002886446915099733,-0.002099455220444176,0.23186139446413606,0.2377207616359613,-0.5180749782550449,-0.013393928012531732,0.005097892866553504,-0.045860457872510085,0.16328692070765463
alpha101__alpha006,-0.04213161880626007,-0.04667809760004772,0.6423162916998002,0.04097231247202395,-0.003659993255315547,1.0,0.2393875615734159,0.02021236415075204,-0.015853503040080225,-0.010195787168967399,0.041819420600644884,0.052562473635767715,0.17574641502198754,0.7999180149893773,0.15296835013329507,0.33148487086062883,-0.027278758780001633,0.30607441130373103,-0.00044875845068172247,0.023206956430228753,0.0,-0.04877023694374739,0.09839126853600928,0.10153489700619045,0.0038246338634675796,0.23150775345241728,0.0,-0.1296645706058968,0.06096899866114463,0.014340542382001527,0.016103674557250286,0.04687047534894071,0.01159322671258235,-0.005831256754031174,0.07319034819813322,0.0528348472465227,0.045266378252397085,-0.0060136276228771254,-0.0916276559914432,0.6537059901393042,-0.030046211757714738,0.05500969483594685,0.17757683899435076,0.2818875743345588,0.0258322841141125,-0.030561375697457163,-0.05202303081049308,-0.0018125803005505942,0.0,0.25512342122565074,-0.3178913449511335,0.022839452522869712,0.43439218984904704,0.5011051814480465,-0.038924785324765246,-0.1943849382071777,0.014002433147688908,0.43163674664735213,0.4579730766457741,-0.008719731186745112,-0.5572176850760485,-0.014943545874316379,0.4897483209784102,0.4400671374084183,0.03583560543851453,-0.3901011466193946,0.03649654157011443,0.45022446992866055,0.5040681086693773,0.02519811163271904,-0.25021283627106916,0.023851183081193095,0.4586798669652888,0.5159800233913341,-0.033673317206228105,-0.5481708029649456,0.014915412994398174,0.4310182785795767,0.4082709318041494,-0.021758891451232346,-0.48451389849242466,-0.019855674343310748,0.4746608999953066,0.38202701850613346,0.03677091081081879,-0.314671779464478,0.03652505064837497,0.48912131539683734,0.5281770023034855,-0.01782655233105813,-0.1913476283168342,0.025274548367234934,0.4697565628619976,0.4757872026809326,-0.027877974839158676,-0.5399122954036485,0.013339122349711746,0.41495228360511305,0.3560542202855877,-0.02902938507353207,-0.4017752527998695
alpha101__alpha007,0.023895128621052274,0.05117807040317047,0.24449382725366076,0.17193986999213895,0.1343060783941199,0.2393875615734159,1.0,0.10449310687926051,0.03623302285594949,-0.041139281842565954,0.24859303130274515,0.0896132310342336,0.1947428639025785,0.21606733385614288,0.12919405116523616,0.2147005717295358,0.022694766658431856,0.19140523622536706,0.17072466124432636,-0.03213817342595913,0.0,0.015094965394754968,0.02367705991011277,0.1893263562451169,-0.004248553309161656,0.10389831863460502,0.0,-0.14410630296688784,0.1616355760124966,0.13080974681003543,0.1214231388430523,0.07604376857988468,0.0754553055036882,-0.03002650810816629,0.3115348004980358,-0.08616647834033657,0.1674319182550542,0.09005036309276594,0.15017238686281892,0.3032241582289547,-0.012027505531371293,0.021472551896080112,0.5343230969496614,0.13163621970415085,0.05876575266712037,0.060900332223181364,0.1624432169360307,-0.015467376709339127,0.0,0.15807416706799687,-0.28761200935264686,-0.02852563360611899,0.14033489023037224,0.30037764145606033,-0.0492371205322938,-0.25624490307477954,-0.02299719955220919,0.13580141023060086,0.29344126681204746,-0.06939579193784669,-0.270754470072856,-0.07961264001704989,0.10080349971742807,0.25567160994941707,-0.04405348650528143,-0.2873990591364119,-0.059489804451443064,0.1379385902141106,0.2929828035837864,-0.05898338700034753,-0.27113370963047884,-0.031111009981895466,0.14102153980452484,0.29558595470671384,-0.05233954263004638,-0.3104109687015545,-0.02515786176703632,0.12766581607454072,0.28161938214084703,-0.06919910387089197,-0.28220306901103065,-0.0786362725367908,0.1395408797519696,0.23888410972081986,-0.0500889412342101,-0.2766047309104911,-0.06109579074111136,0.13984454258695123,0.2928331133397751,-0.02563539636921681,-0.24757964812036304,-0.031774341367242845,0.13602183675514892,0.2906640357179906,-0.05491003013313263,-0.29227090443361026,-0.009051595954357916,0.11539042013810219,0.25952984672257007,-0.060984997513526665,-0.283267495240035
alpha101__alpha008,-0.2362751225461242,0.17292708715953342,-0.04068852038618477,0.48160663993467745,0.4427723783479807,0.02021236415075204,0.10449310687926051,1.0,0.16802196561942306,-0.1824960335543492,-0.019417314698303486,0.15152331990477694,0.1675801877572028,-0.015371687607832472,0.08545564369412517,0.11997237392318012,0.2519362264292111,0.12681012841461747,0.4269493583807411,0.023671594467846373,0.0,0.11225382172487135,0.3124218522435055,0.08511929353945205,0.1962813638638722,0.09247994700538936,0.0,-0.11290802737349832,0.4712149215626068,0.15879794934513372,0.3030088295132118,0.28529452796354293,0.22677913880539352,0.2004883728959496,0.32938810583011985,0.07705999030631229,0.1925143260013021,0.4050409423427605,0.48078890578452776,0.058868759791899435,-0.025991658073686343,0.02742428710930462,0.11098052103312445,0.08371574995024299,0.08917913894478265,0.5058396161910484,0.4170580069658238,-0.02625617146233884,0.0,0.07259815281395322,0.19552648109888737,-0.3504001609814817,-0.005968376853768721,0.03557808303390632,0.5565340392845902,0.07189970618962047,-0.297452554575501,-0.014525915551402473,0.031651656798962535,0.02169922453063792,0.1983443570714622,-0.4483928662910449,-0.0574617435680107,0.07555088218461715,0.05957005523758673,0.24212715690444217,-0.5009188217903415,0.004574781301860082,0.03531180055564914,0.13891098583298767,0.1432776761177989,-0.3538958110118744,-0.01095827455418041,0.028121767930264382,0.5332529389959998,0.24991033126770806,-0.293362041325165,-0.01934394405576249,0.03908144736366077,-0.062124209261346756,0.19347273906941673,-0.423647815644929,0.026969218438073955,0.07557865825264155,-0.024176415031204556,0.19150378924622824,-0.4988203483646955,-0.0040205363354889065,0.034984992011069777,0.5266259630525438,0.08152898440199875,-0.3547364756172044,-0.016075974166011003,0.034607439547159176,0.496874027187297,0.24317037664908805,-0.2724738876776653,-0.03030698777094802,0.04504844857618886,-0.12098883321197619,0.1924012469354435
alpha101__alpha009,-0.25488638640120465,0.08016615750701452,-0.030239225803546724,0.10832739385004982,0.3023912108704815,-0.015853503040080225,0.03623302285594949,0.16802196561942306,1.0,-0.795831243785673,-0.02123183500246507,0.18157959789276457,0.08408434598727847,0.17844082759481272,0.030099709128835642,0.05294047151392308,0.31952421239675566,0.21983454264478444,0.1588611618650187,-0.04194062220074112,0.0,0.07585195631515876,0.29982457834979015,0.05129460100233293,0.6837880596109945,0.006602968874753702,0.0,0.04104624226461027,0.059889998235291585,0.23150913659824252,0.24067275526648516,0.2022747119951132,0.6633317914204783,0.5530439850205003,0.26890853847866886,0.2339313283361662,0.4870208944080268,0.5946185429509815,0.39894941427370845,0.005127583810433643,0.01939627303379267,0.0026101572369997424,0.11824106704737254,0.0786661233268928,0.07032616217046594,0.36931064195335317,0.18612712833778386,-0.06285865279723248,0.0,0.020662001932859816,0.12377333825384405,-0.3915094154311367,-0.017067138612242964,-0.007811873726316697,0.2915358159351569,0.1373324555335234,-0.4077648258579618,-0.01432240770708573,0.002171680756142889,0.38585906291280797,0.15338449163270093,-0.4221163398537721,-0.01086808911696215,0.02106867825654645,0.3811391872028977,0.13225235470043528,-0.39408920689117133,-0.01784184269995652,-0.012180758778536326,0.3363390738853364,0.12921400758074583,-0.3978623085385434,-0.01707053636977019,-0.0040557447114961155,0.3020388534297282,0.12113131089636094,-0.42109965695731433,-0.012904203260898774,0.011728125866070768,0.3964061930889592,0.15092166000314,-0.4230291326287342,-0.020531220701314298,0.033655855521726424,0.38059621899052665,0.13308274466457523,-0.3972794260826025,-0.018448598454232638,-0.008986623156065191,0.30495641663267514,0.1412313117954311,-0.406399519909421,-0.0152892002199332,0.002329262649724133,0.31372037423223303,0.11980254413304324,-0.3764809180088075,-0.00969133609547676,0.021075183248783335,0.3961504717772909,0.15093418002388867
alpha101__alpha010,0.27164280932200124,-0.07430826955776851,0.017131163537021103,-0.131644617919865,-0.3333164667202902,-0.010195787168967399,-0.041139281842565954,-0.1824960335543492,-0.795831243785673,1.0,0.03632992818458497,-0.1346223878931998,-0.07091564310980171,-0.22023881474100512,-0.015936096692685604,-0.07121787162548505,-0.37952302946290845,-0.2506445188611628,-0.1728189534835903,0.032262395437455106,0.0,-0.06832314183469321,-0.3387510557087193,-0.0871753048011426,-0.7926207106711578,-0.004295588204903074,0.0,-0.029576389003410104,-0.06869181108330036,-0.28766903657463305,-0.2651091271061493,-0.18710778483084484,-0.7629788767937475,-0.619477564598732,-0.27628687946848957,-0.22360474334019942,-0.5492045471698431,-0.685959309936014,-0.44511615360107193,-0.027139453015665133,0.01321699572245436,-0.02122381927435084,-0.11714050430488986,-0.07874638416714909,-0.026059196329983797,-0.36887258703593,-0.18962400284458397,0.06986547267048167,0.0,-0.018842327829880948,-0.1433134231905063,0.4511894435499392,0.03034482531979319,-0.005528300559592047,-0.3132767166406399,-0.16290607677259505,0.46938163568195723,0.027931657068962886,-0.01298587709568703,-0.42724296362510933,-0.17448787002489874,0.48267110573379834,0.015181589355773323,-0.03345050322822578,-0.4258277558444599,-0.15470067609037189,0.45243513274307806,0.030025599230339272,-0.003368281959095071,-0.390994795924519,-0.1503191985047002,0.4580100029189542,0.029725017186656117,-0.00861317713843871,-0.32486138929925384,-0.1455343753303741,0.48350383308418654,0.025678412515449667,-0.020099714236934203,-0.4453861198662965,-0.17160584336404974,0.48276628726110316,0.03095582148139507,-0.04394381236343966,-0.4375111652220417,-0.15212569913203955,0.4551153707654818,0.030144930748342767,-0.00581776056672873,-0.32783850795759334,-0.166626596134686,0.4669403158838398,0.027286107629075424,-0.013808216791048386,-0.33777386409194354,-0.1431740879820496,0.4358870715588452,0.021342170995831664,-0.027486314499543574,-0.4670905674902302,-0.1720627995406333
alpha101__alpha011,0.12305797142942672,0.05463434928769585,0.09254846377926051,0.008773586523464813,0.190239882773213,0.041819420600644884,0.24859303130274515,-0.019417314698303486,-0.02123183500246507,0.03632992818458497,1.0,-0.018286228315421326,0.1175047455734587,0.04368995320190183,0.05250323854054616,0.07966130780412371,-0.06294961392307877,0.07961389764961031,0.03338113583520334,0.01972504994798038,0.0,0.0006411048715105945,-0.19854674401703842,0.03881887007976989,-0.04945928152311442,0.04711437672528667,0.0,0.040450301897052274,0.020130900809822005,-0.113854554711141,0.0015272836839195585,0.008883234875238451,0.017759910394742767,-0.14230935418380544,0.10702697453408035,0.015980577995716005,0.06457186747147649,-0.03630373311219475,0.028824715956031165,0.07820852330114605,0.03817498475761874,-0.018082464827826952,0.26712312650692815,0.04573614000579953,0.007272593628821694,-0.012651817782879209,0.20689737341360026,-0.010512433289364777,0.0,0.05468826058562983,-0.21513465760232509,-0.07425472800249037,0.07258519294577126,0.09601690079569065,-0.11611812508047861,-0.19359597408763396,-0.07885725009813219,0.06673114270882517,0.09395285994173554,-0.13359699407423795,-0.22369787819803755,-0.04571763392089075,0.049043838781682905,0.10250280172585972,-0.14633987361438658,-0.21454669796378437,-0.06534183321729037,0.07379342309898274,0.09871056275288059,-0.13905442725513587,-0.22516279470440878,-0.07129694932822075,0.07090153129103358,0.09768396385639742,-0.1247249909886081,-0.1817990160321546,-0.0767228427148283,0.06263509052236203,0.09572414098075276,-0.12920924217359825,-0.2249777804190935,-0.0434738821531546,0.07330962598902921,0.10325823414926998,-0.13061450836797892,-0.22618158445693484,-0.06217800944297337,0.07183451674960907,0.10098275409782398,-0.1207670583126118,-0.20234144129440826,-0.06824209036616707,0.06772647959533891,0.09922676141919314,-0.13415116684401598,-0.18481195416763538,-0.09031322847319422,0.056082319837743685,0.09750903274898054,-0.10926510327700281,-0.22867807858215308
alpha101__alpha012,-0.17619436266766048,0.17763010408916063,0.031920047333461925,0.16081339176212298,0.103997202308983,0.052562473635767715,0.0896132310342336,0.15152331990477694,0.18157959789276457,-0.1346223878931998,-0.018286228315421326,1.0,0.21247661006055232,0.07463835285189607,0.14881337261992153,0.2771128567189563,0.08845351597617443,0.08575838644801136,0.17661844461012405,-0.03190758478334514,0.0,0.14708137407416966,0.22499151629838463,0.19551745127801462,0.0784402240603951,0.10930286677522269,0.0,-0.03515838472837715,0.18835957473197376,0.006668336553684241,0.23355910002331903,0.11064366976563521,0.165869373910605,0.1385096180843534,0.15466020780545237,0.09357416425007326,0.1344323066921172,0.24763096319112704,0.2311716162289656,0.21691798824879918,-0.133437150649226,0.10691125522711993,0.06367520676043292,0.2056940065263133,0.6346323251010216,0.1500254579790577,0.13060919286728911,0.00667543058372385,0.0,0.10872667154667069,-0.060699345277760844,-0.11637919848286653,-0.06433285568217713,0.1622158510660618,0.10932250280802085,-0.1335398912165697,-0.11669767514406597,-0.06514804793117354,0.1745230677221131,0.08269961336832726,-0.004551010505571009,-0.13677369622200553,-0.07281666962596232,0.19978441235397384,0.07300446126346262,-0.035153272021250466,-0.12212018589128053,-0.06467711119478593,0.15878882471379083,0.018858806911235065,-0.09065425902870823,-0.11709594352163935,-0.06499360566629986,0.16773475305148378,0.1038604924333229,0.0010022579481363276,-0.11801720672867846,-0.06705052220208303,0.18273137931683633,0.06979887589805603,-0.016205871866177494,-0.13613040993682224,-0.0660975877069133,0.21294274619512676,0.04735222406682322,-0.057314238265422694,-0.12203861078925456,-0.06538714524309078,0.16353853167999555,0.11044225782368036,-0.13077420479001214,-0.11802541452506554,-0.06605356601180537,0.17509618204192298,0.0972027417889425,-0.009192178232030307,-0.11043731703481272,-0.06995648603663245,0.19300562760264206,0.05073484956961613,-0.029969501776344706
alpha101__alpha013,-0.08529839376046479,0.3159800859755757,0.23319061615374567,0.257007020439749,0.16066461381728134,0.17574641502198754,0.1947428639025785,0.1675801877572028,0.08408434598727847,-0.07091564310980171,0.1175047455734587,0.21247661006055232,1.0,0.153119156511217,0.5304170428059612,0.5930749908444642,0.0811583508127,0.051070191870735276,0.23734043735316956,-0.034431475750157044,0.0,0.298384877163877,0.13761295123515285,0.08071971502879995,0.047167183846338834,0.30293888316892964,0.0,-0.12519714627384881,0.22631201436705656,-0.0855198038406697,0.25694122090472055,0.1184327041076924,0.08432131000263256,0.025844674258592288,0.15665384866688736,0.07643587662891728,0.1239717363002908,0.19345368764017598,0.21880917958527019,0.337895941214316,0.11729153594225068,0.06450635857875364,0.13390105893578022,0.5602131404402978,0.11806113004661611,0.11506268379750872,0.02605970066206519,-0.0007762047613501331,0.0,0.4604514376521541,-0.3291772579007357,-0.11457707949681664,0.10243011535781961,0.31059184407237017,0.06670609484969699,-0.4731626387986279,-0.10681611533385858,0.10424113035073672,0.3587027922033948,-0.019086896794739766,-0.22234408383278328,-0.09929468118419625,0.13488154300880667,0.4942301320560889,-0.040267346114691766,-0.27893195609042903,-0.1142339843109936,0.10346175716502264,0.3049534214659571,-0.08582740714086616,-0.3993080557530901,-0.11069924561083118,0.10491954388811575,0.3357866431266186,0.05014825749721579,-0.17679491281989812,-0.09990099676572947,0.10701385281837819,0.39648568018720437,-0.03387557245202817,-0.2527168174595501,-0.0948797938898172,0.10685686528940888,0.553770687028503,-0.06267485142353654,-0.33290030093337536,-0.1104116921368579,0.10583469773901487,0.3258683828437187,0.0575418691313557,-0.47343022221852693,-0.10506703405266654,0.10765165889938741,0.3663577947253573,0.030308805645921526,-0.20393043280879034,-0.11828934724176067,0.11128425489275284,0.443457331807243,-0.03465151376906636,-0.2920827969139899
alpha101__alpha014,-0.08583116203629956,-0.03466640082155476,0.5148845719886657,0.014680356160732959,0.04841538202660441,0.7999180149893773,0.21606733385614288,-0.015371687607832472,0.17844082759481272,-0.22023881474100512,0.04368995320190183,0.07463835285189607,0.153119156511217,1.0,0.12712851888433707,0.2705175789871287,0.010037924595154468,0.2946603447971127,-0.03299840049281153,0.022740641728482232,0.0,-0.023938445765117004,0.19504225900617597,0.08808919722349515,0.18707394152099285,0.17751589952872893,0.0,-0.0703072408841359,-0.00010913092230508397,0.14138003865083007,0.04953054897196116,0.054000346707369765,0.19785530322676909,0.12686468410273505,0.11184415954678383,0.09235240302506961,0.14701501810081002,0.13426876151397663,-0.032622746333281036,0.5180666701533417,-0.019653321079270706,0.044495541521155715,0.19223625097267427,0.24629735801107572,0.028618006076867528,0.030705838509079788,-0.039942401597691045,-0.0420247294331187,0.0,0.20087437069374983,-0.2608117559763071,-0.06405476522694148,0.34734535678311734,0.39998894538430335,0.0050654544359432395,-0.12694757528665265,-0.07850347237221808,0.3471977582795345,0.368291669628164,0.10951308506843979,-0.424181039121646,-0.09929399988160906,0.39560780466706397,0.3569308660098002,0.15192148429922347,-0.31067115500406617,-0.05104846894665503,0.35804413422314024,0.400495785565348,0.12303906776480948,-0.1754850773917505,-0.06585781254543047,0.36703500693052504,0.41246450017252295,0.01664134972747617,-0.44468048399506593,-0.08432437043279913,0.3478450671321552,0.3313447950539163,0.11946705748240485,-0.3676122644498581,-0.10535898205565564,0.37353352799365896,0.3169236297255925,0.1545322814176897,-0.25225600966841427,-0.05254973190954865,0.38916711836157014,0.41967515082017215,0.030571652574220176,-0.12302521869970136,-0.06881472882909172,0.3765562857268751,0.3818789440900879,0.030856568357645553,-0.4383437212508576,-0.06810854726001717,0.3374850507651735,0.2933381350948861,0.14267710260564997,-0.3025032606884268
alpha101__alpha015,-0.05522380804182256,0.15042429623766715,0.20895253896550794,0.16091117726202406,0.08509048913152605,0.15296835013329507,0.12919405116523616,0.08545564369412517,0.030099709128835642,-0.015936096692685604,0.05250323854054616,0.14881337261992153,0.5304170428059612,0.12712851888433707,1.0,0.48698898615553166,0.049198640624017034,0.013153142150855468,0.15090181182165385,-0.03241128892471969,0.0,0.2774378746971494,0.03705078727558917,0.08500273090080913,0.01747862902421925,0.32778047173162145,0.0,-0.06546763580367232,0.14741329124397096,-0.06277615668381256,0.17368619750429237,0.05865236865660901,0.04020666161915714,-0.006560738695062762,0.0860241006062497,0.10782723150065099,0.07136467607869708,0.10693961722058984,0.12535432719469333,0.27831235447299685,0.02672233799409197,0.03109008107041667,0.06917793494824771,0.5110634654051476,0.08892623880701057,0.06199865311672006,0.01894081828670337,0.0017468334181509459,0.0,0.4132258663874771,-0.2477685012223291,-0.05653274591213335,0.08266002077330208,0.2712882927919692,0.035411501796376324,-0.341473075204531,-0.050169778963378,0.0860912931163617,0.3173590014703782,-0.009851747814765171,-0.18179309155898737,-0.04688569769542887,0.11848047247761095,0.4126627065708324,-0.02788995343834952,-0.21915311161236906,-0.056752888897983945,0.08167404478495888,0.2598728544462493,-0.059821938945068334,-0.290848591687687,-0.0530613954256301,0.08488408858094401,0.292933459342322,0.02482058604941293,-0.1503805555630991,-0.04454798845531371,0.09005198346280155,0.35245927494490503,-0.014437363246018645,-0.2006237283123543,-0.04373733943853058,0.08274852124853835,0.47436390500000314,-0.0451098580343662,-0.25094226823715254,-0.05385213878512224,0.08366977527300692,0.27679952550829473,0.0305156046736006,-0.3417573804268319,-0.04832108289634597,0.08781927762356767,0.3200214155574077,0.012372312382505638,-0.16723739574094515,-0.06163482487060187,0.09748116478385772,0.39894973963789565,-0.017839825522671236,-0.22674859051832463
alpha101__alpha016,-0.09121173956103917,0.18668835757096583,0.26486475610528515,0.25820924368606896,0.10791410216287092,0.33148487086062883,0.2147005717295358,0.11997237392318012,0.05294047151392308,-0.07121787162548505,0.07966130780412371,0.2771128567189563,0.5930749908444642,0.2705175789871287,0.48698898615553166,1.0,0.057162041107191135,0.15483513516183273,0.24098936008851563,-0.09498406017782346,0.0,0.41674550567349505,0.17743896302759637,0.34502711697743027,0.027890860840005083,0.40827229384130614,0.0,-0.1419786366238392,0.2455491395358095,-0.14081589639648157,0.29700536758173046,0.033250819848000296,0.07883732337236111,0.011514661141971479,0.09304920876676093,0.07058920407381943,0.12418592833136666,0.1793669521852676,0.19251574844511446,0.6074115214466326,-0.1280850573492636,0.13383176252241752,0.10943193976999316,0.7066438189979175,0.14285111483370194,0.08996209203900879,-0.026372106152088796,0.0005582277246477297,0.0,0.37947431228811335,-0.4050982461557489,-0.05892896702286369,0.06328732801870998,0.4536655066313379,-0.041341487691759125,-0.5243667293740105,-0.054341172397374585,0.07104472003016868,0.4804968077018978,-0.05701349690598582,-0.3092253773130234,-0.03511733211427151,0.14222664418849026,0.590653481570374,-0.09094606287858069,-0.3635354977131742,-0.0543113521753143,0.06237057523758251,0.45791353458530165,-0.15185661078701,-0.4711923278934342,-0.053764264476362046,0.06919740829153777,0.4696583944717546,-0.05616632794807435,-0.250913186941258,-0.04548680227639081,0.07905900715337157,0.5033477555643504,-0.054058129081262375,-0.3391944466722853,-0.03170050704914545,0.06507350880950638,0.6282593590956991,-0.10644521096184362,-0.410441551919287,-0.04958044274155923,0.0680488343628608,0.4710331452157524,-0.04045366501603154,-0.5276433057064018,-0.046633390245898944,0.07648292969696119,0.4890749098036324,-0.07272890024571284,-0.2786916466881834,-0.074780582790335,0.09192350391257768,0.5322430253809487,-0.044132814767396326,-0.37822472507025245
alpha101__alpha017,-0.1695345432937707,0.14104032599232005,-0.05700224171789217,0.32995753665277855,0.16094992017876542,-0.027278758780001633,0.022694766658431856,0.2519362264292111,0.31952421239675566,-0.37952302946290845,-0.06294961392307877,0.08845351597617443,0.0811583508127,0.010037924595154468,0.049198640624017034,0.057162041107191135,1.0,0.10366185415293393,0.36039639856395017,-0.005303875442520401,0.0,0.02486450155045744,0.10462413652531685,0.024416772551539224,0.41106207408171735,0.08928741846205236,0.0,-0.0010827038254843688,0.24966270481065878,0.09998831290639439,0.277841046458478,0.15351714087488297,0.32678050663932895,0.22055859967495225,0.28890868016047255,0.14303407352815117,0.2481531749936941,0.4408693561042381,0.441875645751996,-0.007544987384663829,0.034608326278958775,-0.03001738424218176,0.05801265687000667,0.05454791615389685,0.05681322338538754,0.284638671843889,0.2029258611412712,-0.0157570125746654,0.0,0.04404366492430324,0.09059440281843237,-0.19388529616920722,0.0052154723973402645,-0.023009717826305946,0.28681686169122184,-0.001641802237563243,-0.1790539704864946,-0.001612185863558268,-0.022287347655659973,0.15895958390074286,0.130292360687557,-0.22548236938796115,-0.018122470452164884,0.003867348147725016,0.14281762724372132,0.11967260235534428,-0.21313855455429692,0.010446532252636215,-0.01935416822739902,0.13861931920384699,0.052555121080621325,-0.19132035207047582,0.0023068738730119987,-0.022040845003154785,0.2735468920181417,0.15176161209520989,-0.17393024140790397,-0.006462609618204277,-0.018940148067941663,0.13646789514443583,0.12019729485684366,-0.21884765474577783,0.015055940500970297,0.007093254269003241,0.11395808587728161,0.08839365465827116,-0.20953716964961494,0.0077183599178163535,-0.017851235687953486,0.27624625015864407,-0.0008165706843592294,-0.18718973648556422,-0.0011995793593097207,-0.021508125077392855,0.2568252669636009,0.14925672965265127,-0.17995251722670266,-0.01254303242438188,-0.014408314794256527,0.12452414701110859,0.10783738777449346
alpha101__alpha018,-0.13543586719846146,-0.012112660292835916,0.18130212355280054,0.16271200647163803,0.16971406132300323,0.30607441130373103,0.19140523622536706,0.12681012841461747,0.21983454264478444,-0.2506445188611628,0.07961389764961031,0.08575838644801136,0.051070191870735276,0.2946603447971127,0.013153142150855468,0.15483513516183273,0.10366185415293393,1.0,0.09964578459755553,-0.018793531109717054,0.0,-0.019572590568729047,0.14478998470485968,0.17163101986760287,0.20310832125155234,-0.006800601061130065,0.0,-0.10853422678301272,0.10136098888098177,0.013074826034899433,0.1440350593927952,0.11901254626392059,0.2464753113264709,0.12582969460170365,0.15402983013470048,-0.10015309938936262,0.23644161992932516,0.2127671660353847,0.08250009574757683,0.31363539088004827,-0.1195973729860717,0.09655534704719122,0.10878241383262775,-0.008322454905572381,0.035061562652969586,0.18589705141620977,0.07496992681477938,-0.03237859724904332,0.0,0.043969435470158434,0.05675927198295662,-0.1402168462373459,0.05382782306433734,0.22067376997453864,0.08199303486638626,0.07376675887968881,-0.1435080647194516,0.03890615955169781,0.15993387900806003,0.056369336235889266,-0.06378399110452118,-0.16120153194994893,0.04682164222087286,0.23379626392946648,0.07063807097544762,0.025793599667850636,-0.14607104500082166,0.06795089009203174,0.27783204970011705,0.054510374145029426,0.066923669156164,-0.14147417241880292,0.05561802427805387,0.20668646003806335,0.08301525421414654,-0.024696574584140818,-0.1457228429607519,0.0337292434000816,0.1440084505282846,0.056914262688936394,-0.031850607661092184,-0.16052928554789775,0.08747221845487813,0.21467452248365942,0.06580153116415796,0.046158665111304224,-0.14533508685149293,0.07445287656599274,0.2712589031814223,0.08554934285322148,0.0726342964140783,-0.14233962419170076,0.05259630881191864,0.1877418168323648,0.08281577134291666,-0.012243491540109782,-0.13417822795629292,0.024455844005979287,0.13002347704874656,0.06032464560287793,0.0004004409922179493
alpha101__alpha019,-0.28179626505769917,0.25785029154431616,-0.03000932211315673,0.5988923436117717,0.4914625754654184,-0.00044875845068172247,0.17072466124432636,0.4269493583807411,0.1588611618650187,-0.1728189534835903,0.03338113583520334,0.17661844461012405,0.23734043735316956,-0.03299840049281153,0.15090181182165385,0.24098936008851563,0.36039639856395017,0.09964578459755553,1.0,-0.003516792161358369,0.0,0.06810441357705646,0.2434031416614522,0.15678788821498849,0.18725457083496927,0.2081542443273211,0.0,-0.06892451795334231,0.6343340929873541,0.08368107327542075,0.5559003117612352,0.2631406498062265,0.23083026576135524,0.17362675964971458,0.35249946005104665,0.12126147162595552,0.21232586430029063,0.5173496922632222,0.7439243584584718,0.1086499409232264,0.006301069127582496,0.0030320966525366278,0.12227891425346801,0.16394144646853265,0.09937594222198332,0.3676345300396034,0.3602973660342207,-0.027505177505632854,0.0,0.14721404957601072,0.030805343647176336,-0.3633631413291518,-0.015383678951687617,0.049405660404628654,0.41776443601956215,-0.06210600347353445,-0.32768200154935817,-0.034457668965188794,0.050290529086154924,0.09319624267183627,0.16758741760260332,-0.37917977303770806,-0.05125512630143108,0.09920773365016082,0.09797574072436761,0.10539190381093197,-0.3893846187075077,-0.006055786456234569,0.0612459179122464,-0.05216240832992238,-0.022517303805635012,-0.35525615485662426,-0.020906469043220775,0.05297548010630298,0.37798521374656896,0.21513029482876947,-0.3142585035710402,-0.04197939589574441,0.05259060868170299,0.07629678635052652,0.11782879300711158,-0.3619656912372541,0.005025782484373944,0.11297699814488671,0.013595580863667339,0.0210253916263014,-0.37928820458008133,-0.009746691010031484,0.06406279191777073,0.3921108282224168,-0.06436409522492657,-0.34370175374271966,-0.032540760758669594,0.05540311479855824,0.33659426813323295,0.22277941046126093,-0.34806583484815173,-0.049592282221125335,0.05538149554772488,0.07999632041907473,0.06946604693104187
alpha101__alpha020,-0.019236617096528456,-0.04564161119522879,0.022074518330233314,-0.045684313806295826,0.005739975373616952,0.023206956430228753,-0.03213817342595913,0.023671594467846373,-0.04194062220074112,0.032262395437455106,0.01972504994798038,-0.03190758478334514,-0.034431475750157044,0.022740641728482232,-0.03241128892471969,-0.09498406017782346,-0.005303875442520401,-0.018793531109717054,-0.003516792161358369,1.0,0.0,0.0015173706066889247,0.039244353356800994,-0.1774554696714259,-0.02550719964587656,-0.034796328956169645,0.0,0.019351580489068588,-0.011008373322130742,0.056909689663058954,-0.016355462015648848,0.10344750850098179,0.03552063270380442,-0.02296023645417932,0.03319551108836832,0.023442936370682267,0.07045455194534414,0.01339276010916501,-0.0038417238154028685,-0.15744801595449784,0.24742363435749307,-0.24753043793129842,-0.018646480435899483,-0.02999785204040476,-0.027281919103093178,0.020132335993830443,-0.0465156753257409,-0.013882883748857568,0.0,-0.016262773745110072,0.059844178197668775,-0.038827826730378046,0.2044291101183846,-0.117096799921792,0.05661653201907353,0.06326674879555859,-0.03858935347799642,0.20968665779829446,-0.109278188866821,0.020960717019185036,0.0729371744451256,-0.04551262332622121,0.21450974659243227,-0.10112184376114527,0.03026408184411941,0.0651859613916484,-0.04240955387924713,0.20361500390142856,-0.12139516777200068,0.029877104556706825,0.06181742660981712,-0.04006849139985286,0.2055281885045211,-0.11347374221944546,0.056989027453982224,0.052231915244328936,-0.04068533322709029,0.21091489604265867,-0.10593985983562325,0.01622307214706479,0.07419956916108549,-0.04540286495038989,0.2030875852482431,-0.0940958652947584,0.02346998979830237,0.06404257689018132,-0.04321724755946646,0.20424962897442128,-0.11879788199934929,0.05119255379562424,0.06540539813012582,-0.041728267735342904,0.20747793075161822,-0.1089980618929528,0.05643647114622405,0.054074650973972536,-0.030857022278768728,0.21463521178604553,-0.10054914250935194,0.010466796962949476,0.0740367561608885
alpha101__alpha021,0.0,0.0,0.0,0.0,0.0,0.0,0.0,0.0,0.0,0.0,0.0,0.0,0.0,0.0,0.0,0.0,0.0,0.0,0.0,0.0,0.0,0.0,0.0,0.0,0.0,0.0,0.0,0.0,0.0,0.0,0.0,0.0,0.0,0.0,0.0,0.0,0.0,0.0,0.0,0.0,0.0,0.0,0.0,0.0,0.0,0.0,0.0,0.0,0.0,0.0,0.0,0.0,0.0,0.0,0.0,0.0,0.0,0.0,0.0,0.0,0.0,0.0,0.0,0.0,0.0,0.0,0.0,0.0,0.0,0.0,0.0,0.0,0.0,0.0,0.0,0.0,0.0,0.0,0.0,0.0,0.0,0.0,0.0,0.0,0.0,0.0,0.0,0.0,0.0,0.0,0.0,0.0,0.0,0.0,0.0,0.0,0.0,0.0,0.0,0.0,0.0
alpha101__alpha022,-0.05391360791683895,0.05946145355104347,-0.05400792776583121,0.07142201450606057,0.05913600011501804,-0.04877023694374739,0.015094965394754968,0.11225382172487135,0.07585195631515876,-0.06832314183469321,0.0006411048715105945,0.14708137407416966,0.298384877163877,-0.023938445765117004,0.2774378746971494,0.41674550567349505,0.02486450155045744,-0.019572590568729047,0.06810441357705646,0.0015173706066889247,0.0,1.0,0.09240429322480892,0.017362310474506284,0.07408774067914453,0.12295930403584533,0.0,-0.018585218305637592,0.03263529795483177,0.02953836502081429,0.07798637525352396,0.06048841725499773,0.07860765937828952,0.06382536349788889,0.09915291813789219,0.01013667974070759,0.051229913267945376,0.10401818291434814,0.09794299896615963,-0.019526882390418752,5.2917132223430205e-05,-1.1854714670059032e-05,0.06816174334148542,0.5074394357479861,0.08730043866495797,0.0681153110046987,0.04697629801928991,0.005195280604234848,0.0,0.06674629835658195,-0.17458342698376345,-0.10525901048208641,-0.10336983852533836,-0.048386564406414784,0.10194954186415263,-0.3319101043835284,-0.09644960270575317,-0.07761584320014486,0.05343278076873753,0.05970941445521562,0.09971533084840715,-0.09053619123211656,0.05948112530138734,0.22465344316439154,0.05043527883661985,-0.07552186648029906,-0.12191552909292104,-0.10895517689957687,-0.05218244708972126,0.03570771117323603,-0.2670465374706039,-0.10768183183458313,-0.09746988460224655,-0.03403302464781261,0.10011444251766195,0.1093052358727075,-0.09417149818225128,-0.05533294032154864,0.14407984153123113,0.044813508044120626,0.014914463130065135,-0.08889610040810621,-0.10359525662302228,0.3123181334045842,0.0387606170195537,-0.16965666248191497,-0.12476780648973966,-0.11175098280071723,-0.05046099886669692,0.09798960188209306,-0.32952679311523336,-0.10764094240100938,-0.08108965650500106,0.05098921117763568,0.09554355380746855,0.08663852332378061,-0.08347919743921124,-0.024233245555954946,0.2346734992688886,0.034113557363576824,-0.07151077437963024
alpha101__alpha023,-0.43626360209715637,0.10535643443390744,-0.013847082048828839,0.3723971145812695,0.26476081348638686,0.09839126853600928,0.02367705991011277,0.3124218522435055,0.29982457834979015,-0.3387510557087193,-0.19854674401703842,0.22499151629838463,0.13761295123515285,0.19504225900617597,0.03705078727558917,0.17743896302759637,0.10462413652531685,0.14478998470485968,0.2434031416614522,0.039244353356800994,0.0,0.09240429322480892,1.0,0.14087626765413874,0.2978909843395781,0.01512653647108384,0.0,-0.13105370242838274,0.24805732994790672,0.3831697657649768,0.4339330563117634,0.25330505578694,0.30408298008411544,0.40849632233846433,0.38789512316445335,-0.010264021650038523,0.24296758342551497,0.4614554560948043,0.3698434287305982,0.1427751558079978,-0.06558777764807143,0.06126036137544359,0.07122978746361165,0.11010551519457205,0.12853330041077962,0.23751821782315502,0.10268948735197204,-0.06392099484488717,0.0,0.05082297854487216,0.203634326456892,-0.24445658359659211,-0.07024964616480728,0.0361817294793876,0.3124855414040835,0.2136721918272172,-0.24627455517617894,-0.0606640975580242,0.04570355750688393,0.30073907774229497,0.22636189854436875,-0.320324830846755,-0.03412452120727394,0.09291099209655142,0.3197261564443163,0.21057031014664346,-0.2689917344878663,-0.07119026263248075,0.04197932109048831,0.2255767773947663,0.21742608038059383,-0.2522296634776468,-0.06565213443807376,0.04075914367538775,0.3204865568065012,0.20364435582122292,-0.25798010786174297,-0.056798386820914634,0.049240984240910286,0.27630071768224773,0.22252665690979706,-0.3219234496104309,-0.06896024707973858,0.09172482365596228,0.26510374062463604,0.21195537068899442,-0.2745448389454451,-0.06706428216315709,0.04555378821809795,0.3236224111205056,0.21368923862032196,-0.26095046018592555,-0.05990555679335099,0.04637611277806848,0.32709293779138365,0.19819578625819467,-0.2066823624965085,-0.05259441649756228,0.050960381404191055,0.22964257311106692,0.21936769603405426
alpha101__alpha024,-0.08443686109292896,0.06638475838463472,0.08386839166611043,0.20367815172646697,0.09926234333056025,0.10153489700619045,0.1893263562451169,0.08511929353945205,0.05129460100233293,-0.0871753048011426,0.03881887007976989,0.19551745127801462,0.08071971502879995,0.08808919722349515,0.08500273090080913,0.34502711697743027,0.024416772551539224,0.17163101986760287,0.15678788821498849,-0.1774554696714259,0.0,0.017362310474506284,0.14087626765413874,1.0,0.02934623685490955,0.1135214379966421,0.0,-0.07456200190441176,0.19838994411919744,0.04417969962382564,0.2416515802098214,-0.22951811213489962,0.07449058468909145,0.03986081826644367,0.10947313713614468,0.00812469276627829,0.03423731340269996,0.13765634024230658,0.18935505834770522,0.39762853575252705,-0.4370094999259871,0.3183771893251362,0.05112812513617159,0.10044275756533168,0.10233469884358176,0.046476294673179076,0.17067182642332557,-0.01340406026397546,0.0,0.09090224134156161,-0.06672712442269618,-0.017310670612844963,-0.213756251192333,0.3353866965014646,-0.0881158298489384,-0.0747103627148143,-0.014637908864141382,-0.21520123945077052,0.3317350976996205,-0.044621987124593705,-0.06694077761570558,-0.032675416276451166,-0.2476131083607712,0.2878083753186412,-0.06865011543192853,-0.06564300862218216,-0.026130939393387745,-0.21859714172479103,0.3299027198049532,-0.11269314291700556,-0.0681276994913082,-0.0167275072977875,-0.21587808944592737,0.3306584439200465,-0.09207398153795253,-0.05063628449389994,-0.014409851016828042,-0.221857341390776,0.32216660724362667,-0.04470551762462588,-0.06879883810726864,-0.03184296911397519,-0.22396737919624926,0.27294901208038075,-0.07875170441077065,-0.06736239484320962,-0.024961549310384416,-0.21971272220881963,0.3259656760634916,-0.06971484693289487,-0.07411290250901374,-0.016125122109319892,-0.219856198427187,0.32429616911356857,-0.09666907579215121,-0.05585285578581777,-0.01760625250953943,-0.23143096604821206,0.3094473684050357,-0.047367527839240586,-0.069484547342703
alpha101__alpha025,-0.27908362494403255,0.06732517855881366,-0.024977900927008315,0.1657998654653465,0.30305892840646326,0.0038246338634675796,-0.004248553309161656,0.1962813638638722,0.6837880596109945,-0.7926207106711578,-0.04945928152311442,0.0784402240603951,0.047167183846338834,0.18707394152099285,0.01747862902421925,0.027890860840005083,0.41106207408171735,0.20310832125155234,0.18725457083496927,-0.02550719964587656,0.0,0.07408774067914453,0.2978909843395781,0.02934623685490955,1.0,0.0007779382856317746,0.0,0.027486413480398833,0.07518560733764748,0.37261021331717914,0.2593986423120436,0.1964867350174549,0.7315047883598221,0.5920699065542395,0.2872016750581181,0.2582425422629257,0.5192543872079206,0.634358559831781,0.43307589744801817,-0.01897616814627368,0.030862396187567396,-0.019877761593120612,0.09823743964336848,0.07542931065453298,-0.018765324562637017,0.2853907366136887,0.15894744686298534,-0.07202745549096198,0.0,0.0026677353060068965,0.15623136275168675,-0.37811144456902496,-0.007103403457787893,-0.029306698511212193,0.3265898748626539,0.16455721286021263,-0.39112411281490056,-0.005036982743223847,-0.020143988553797492,0.39984991332873,0.1769969248292099,-0.4135682105620223,0.009716452312187852,0.0008916617444914263,0.3988423130819465,0.16586597597078753,-0.38143249913670346,-0.006201820659043112,-0.03135043942910915,0.37241789340877246,0.15904881819475544,-0.38424554794906657,-0.00641802048225919,-0.025518844548761906,0.336842560131214,0.15188914505224174,-0.4023777889694878,-0.0026407926119454317,-0.012507781458766505,0.4076779185083631,0.1767803145902272,-0.41366520562859477,-0.004876636152802086,0.012020263588977625,0.40250760941704106,0.16533271907334396,-0.38486939434579426,-0.006078465712877494,-0.028514588266751302,0.33670445987503295,0.16892402132271275,-0.3907002356526927,-0.004179407557914613,-0.019547216030283948,0.3471267976127695,0.1502652853591601,-0.36203674984251955,0.0014318092265248657,-0.0038449529065181383,0.4129259146020026,0.17895588843887844
alpha101__alpha026,-0.04657815209967923,0.22889480433097456,0.16729291197077967,0.1829813743102908,0.11165905252838124,0.23150775345241728,0.10389831863460502,0.09247994700538936,0.006602968874753702,-0.004295588204903074,0.04711437672528667,0.10930286677522269,0.30293888316892964,0.17751589952872893,0.32778047173162145,0.40827229384130614,0.08928741846205236,-0.006800601061130065,0.2081542443273211,-0.034796328956169645,0.0,0.12295930403584533,0.01512653647108384,0.1135214379966421,0.0007779382856317746,1.0,0.0,-0.05977639210806203,0.21313044273621853,-0.07928057104923941,0.20527093612768654,0.046661024140312445,0.022024303458102603,0.000972537630393562,0.043656459097214786,0.15017454535470667,0.05456313800034369,0.10875339328724003,0.18900362535963533,0.32314236006466385,-0.03183520702742181,0.049192433081155604,0.01625439510063452,0.43841171492387854,0.0712706674480254,0.08622465052476665,0.07048883153013814,0.0023936993875748854,0.0,0.36742279028910035,-0.37849456078411114,-0.04509997251593406,0.12041659742429775,0.25136279413698814,0.009186706865226104,-0.360476715373035,-0.03380884681281148,0.13857613581148925,0.2790768375521398,-0.06315948811293917,-0.2893860878466222,-0.004360762093714465,0.20522258119005077,0.32495490876117344,-0.09284336643698023,-0.34615539917491595,-0.03894973903596997,0.11732909506971025,0.24238892412881433,-0.12367558737879164,-0.3836576626935824,-0.035860967046871355,0.13438191790624707,0.2663471269614659,-0.009843071364526217,-0.24025802142102753,-0.023168555818792343,0.15222039635636786,0.29109916120916524,-0.060575806156994476,-0.3219828818269552,0.0020806272607245073,0.1170166759407506,0.31852164116706194,-0.11025871133601954,-0.3806202961271444,-0.030809246027543088,0.13154680037984604,0.2558360131500036,-0.0038859359608764093,-0.3624665678696198,-0.025117609216030824,0.14966360998222264,0.28135707007062116,-0.029171801198628344,-0.2709946193021925,-0.0665738221130368,0.16195676746721047,0.30091721476843886,-0.05313591003573585,-0.35077310821638175
alpha101__alpha027,0.0,0.0,0.0,0.0,0.0,0.0,0.0,0.0,0.0,0.0,0.0,0.0,0.0,0.0,0.0,0.0,0.0,0.0,0.0,0.0,0.0,0.0,0.0,0.0,0.0,0.0,0.0,0.0,0.0,0.0,0.0,0.0,0.0,0.0,0.0,0.0,0.0,0.0,0.0,0.0,0.0,0.0,0.0,0.0,0.0,0.0,0.0,0.0,0.0,0.0,0.0,0.0,0.0,0.0,0.0,0.0,0.0,0.0,0.0,0.0,0.0,0.0,0.0,0.0,0.0,0.0,0.0,0.0,0.0,0.0,0.0,0.0,0.0,0.0,0.0,0.0,0.0,0.0,0.0,0.0,0.0,0.0,0.0,0.0,0.0,0.0,0.0,0.0,0.0,0.0,0.0,0.0,0.0,0.0,0.0,0.0,0.0,0.0,0.0,0.0,0.0
alpha101__alpha028,-0.0023645059463110055,-0.040736132025602695,-0.11072748983133796,-0.11802871801788205,-0.04688125181806281,-0.1296645706058968,-0.14410630296688784,-0.11290802737349832,0.04104624226461027,-0.029576389003410104,0.040450301897052274,-0.03515838472837715,-0.12519714627384881,-0.0703072408841359,-0.06546763580367232,-0.1419786366238392,-0.0010827038254843688,-0.10853422678301272,-0.06892451795334231,0.019351580489068588,0.0,-0.018585218305637592,-0.13105370242838274,-0.07456200190441176,0.027486413480398833,-0.05977639210806203,0.0,1.0,-0.09339923270699023,0.023358459073834662,-0.08758214626318202,-0.055918697335307084,0.02429517791329424,0.014745536423121425,-0.1711759417844266,0.16141107121996612,-0.004186988649027255,-0.013162902693662562,0.054021658603341245,-0.1720657211771197,0.023034958146332996,-0.02713243255478789,0.00700230150153485,-0.08794280501442936,-0.025693463809540313,-0.045601040965786814,0.00703172204126884,0.004429972348471408,0.0,-0.10311364357152521,0.1069511272625207,0.005783897015047083,-0.01002362962390191,-0.1291996476004021,-0.027922303383971444,0.07766920875535759,0.01495880786310162,-0.010398317671012,-0.11332224354877755,0.04872196232139725,0.12963863617398239,-0.01525905054340052,-0.03166330837752819,-0.15411521361023622,0.049102160584276654,0.1218017009777178,0.003242479488036436,-0.016314099994313082,-0.1453669265980587,0.06101441676418202,0.1017140344269916,0.004233627843265013,-0.014036862967789377,-0.12927320812520066,-0.020432199251498036,0.09101882109962259,0.00908617525177358,-0.0117106475818992,-0.10840239622805435,0.06823492580240083,0.13403586516372124,-0.016639409287722874,-0.028552492090254605,-0.1352955096916187,0.06952205680928268,0.11715451027767405,0.0018798756261091713,-0.020344656064546714,-0.14664998044858363,-0.01859026158911665,0.08306544254760691,0.001247131995970992,-0.016950365027642054,-0.1271110597313887,-0.011472482218391063,0.09663967056283324,0.02598092287961624,-0.01060814088963846,-0.0984456543533101,0.08987130152812457,0.13618634981607536
alpha101__alpha029,-0.22956069933315834,0.2233980006463596,0.0026557984818127343,0.5872819043781561,0.4636106818081372,0.06096899866114463,0.1616355760124966,0.4712149215626068,0.059889998235291585,-0.06869181108330036,0.020130900809822005,0.18835957473197376,0.22631201436705656,-0.00010913092230508397,0.14741329124397096,0.2455491395358095,0.24966270481065878,0.10136098888098177,0.6343340929873541,-0.011008373322130742,0.0,0.03263529795483177,0.24805732994790672,0.19838994411919744,0.07518560733764748,0.21313044273621853,0.0,-0.09339923270699023,1.0,0.01706790381942588,0.491262026577843,0.24763365836602866,0.1250024459811167,0.11131667471373947,0.25212936474156283,0.21607277272849176,0.14629363340532903,0.3821250016081299,0.6484200533874858,0.16750843266163265,-0.061691434979223136,0.050498373174014594,0.16060513849584326,0.13785913180909867,0.11523585973290248,0.2808163654965463,0.4061001112668805,-0.02110919481618423,0.0,0.13630042852298355,0.09937031552411114,-0.2583019002424549,-0.02089986903151534,0.10937966195515869,0.2785629004639804,-0.030321706858580825,-0.22826500912054054,-0.04410734647756667,0.09504189009001991,-0.17120154322372913,0.17504302466071364,-0.31771150409831284,-0.07809126812095621,0.11071746762746058,-0.09632521690826192,0.15810564717487288,-0.29231090148061595,-0.013158880431733409,0.11735128496297388,-0.14961111969333404,0.04100930205568618,-0.24900361652680977,-0.025572891122970787,0.10691380232851394,0.23131219610454407,0.20725338944370114,-0.2156916384022118,-0.05482859226803039,0.08704350297541873,-0.2260963658284475,0.13101197877975618,-0.3074147226109175,0.0016836010192693477,0.13061535222426657,-0.1835774838970834,0.09433952013205725,-0.28533396106368897,-0.014008417438460551,0.12072307800041505,0.251782200944635,-0.032241707881247084,-0.23782765894500457,-0.041180517738027826,0.10160181421806294,0.1929496818880902,0.23236109081572415,-0.24084957826481718,-0.06747798644782066,0.07036038500744271,-0.24611848515380888,0.11833501346616472
alpha101__alpha030,-0.4018074036964221,-0.00034877509728631465,-0.009170593234155465,0.14368609829010065,0.1906366301459377,0.014340542382001527,0.13080974681003543,0.15879794934513372,0.23150913659824252,-0.28766903657463305,-0.113854554711141,0.006668336553684241,-0.0855198038406697,0.14138003865083007,-0.06277615668381256,-0.14081589639648157,0.09998831290639439,0.013074826034899433,0.08368107327542075,0.056909689663058954,0.0,0.02953836502081429,0.3831697657649768,0.04417969962382564,0.37261021331717914,-0.07928057104923941,0.0,0.023358459073834662,0.01706790381942588,1.0,0.17854627588357191,0.14276383644700968,0.3271578096588627,0.3240589836233957,0.3537327770234062,0.07212461003908668,0.22485577235590914,0.3644626675830093,0.22971033056851486,-0.10004483293763489,0.0119154042739935,-0.005432233234081557,0.25375199541505594,-0.011598195834175928,-0.034373378666701135,0.09294330969753041,0.22647664929870143,-0.054561332695220226,0.0,-0.06690325622462007,0.18825699512086705,-0.2361294344908949,0.011457645442605477,-0.03901903754582306,0.3614536114803661,0.20469570125345857,-0.23791255795629865,0.027180346836361186,-0.022436375429190712,0.46196504354792606,0.18773692127237593,-0.37356746761654186,0.025588098664385366,-0.0791036807620438,0.4901192237818543,0.1809105127063181,-0.2841118931227216,-0.0007520652728041082,-0.06408795836893388,0.44969583900109744,0.23554362389378417,-0.2521078870450772,0.014575136477202716,-0.03906371374901122,0.3894649273340132,0.07771620609261075,-0.2606206220561139,0.03256039373159576,-0.022125335993773622,0.4396493873418254,0.2026482618444127,-0.3808927740062239,-0.014072432625854428,-0.07561069536345712,0.4447952735498385,0.21420637682642948,-0.2971675654357401,0.000985654447455706,-0.06441882165973778,0.40461799505680723,0.21806775503006579,-0.27074886991112135,0.019485801446967026,-0.038103197764127274,0.4169603913289782,0.09070231539384484,-0.17194817901490395,0.03864637873444598,-0.02295033986951454,0.3825707198626276,0.22334171570057734
alpha101__alpha031,-0.4034729260691107,0.2351032888243913,-0.00014358618515539432,0.644456510315348,0.5498995069970836,0.016103674557250286,0.1214231388430523,0.3030088295132118,0.24067275526648516,-0.2651091271061493,0.0015272836839195585,0.23355910002331903,0.25694122090472055,0.04953054897196116,0.17368619750429237,0.29700536758173046,0.277841046458478,0.1440350593927952,0.5559003117612352,-0.016355462015648848,0.0,0.07798637525352396,0.4339330563117634,0.2416515802098214,0.2593986423120436,0.20527093612768654,0.0,-0.08758214626318202,0.491262026577843,0.17854627588357191,1.0,0.3321818044993457,0.3072570855085574,0.28263109950429105,0.35754728140774406,0.07790099400427954,0.30560256415481357,0.5479641174945293,0.626378146266416,0.20919344298392661,0.007280088108511514,-0.0026587716791297822,-0.02583134969474041,0.18473466404497368,0.14259887089884252,0.37427261013836083,0.33726643983020316,-0.04920560094391923,0.0,0.18975208956962447,0.09617306346923771,-0.3532206256164783,-0.02934254681528524,0.11906721095432789,0.07776518378859731,0.03540727444921392,-0.36855551998074343,-0.03790386569616953,0.12739518274001116,0.0663036882648723,0.1173631843749016,-0.2676756156003446,-0.014729044690027922,0.19921465868149943,-0.08406194012063849,0.09068147044511324,-0.28983775409777657,-0.021231569991880393,0.1379715445694186,-0.26557715034485,0.10201388031339143,-0.34367341543130936,-0.030400631376831033,0.1297953301557069,0.03779485674836752,0.19868927979873566,-0.3597058810344864,-0.0410727536121267,0.1353177513449715,0.062148387125117985,0.0938991564726984,-0.2568400130145225,-0.0157236125520625,0.196220640417455,-0.15371391669648207,0.0790353270674585,-0.277453570905027,-0.023489040349125426,0.14557096433133382,0.02198861052686649,0.024765830625614948,-0.3339950535433754,-0.0316997306550452,0.14006254767147405,-0.0040075924336701735,0.1677547437665108,-0.4034384366694746,-0.04524673334965719,0.1400231240004953,0.027943013626223537,0.07684377168975008
alpha101__alpha032,-0.2017016307074729,0.11426947339474686,0.047391879542634845,0.27756461917978714,0.3170208466894063,0.04687047534894071,0.07604376857988468,0.28529452796354293,0.2022747119951132,-0.18710778483084484,0.008883234875238451,0.11064366976563521,0.1184327041076924,0.054000346707369765,0.05865236865660901,0.033250819848000296,0.15351714087488297,0.11901254626392059,0.2631406498062265,0.10344750850098179,0.0,0.06048841725499773,0.25330505578694,-0.22951811213489962,0.1964867350174549,0.046661024140312445,0.0,-0.055918697335307084,0.24763365836602866,0.14276383644700968,0.3321818044993457,1.0,0.22108749947803744,0.19270597013920732,0.19789207938356795,0.04017555498632641,0.4517560423147422,0.3035875630099987,0.30643132894339514,0.02016923878374273,0.0501153879986622,-0.015080407521117146,0.08280758090435666,0.06460762943685808,0.06138488199660859,0.23321135454383354,0.259076853630999,-0.05756499325972627,0.0,0.07300662635854807,0.11216973526650383,-0.2326681192808659,0.036612089127647976,0.02484570640664628,0.20795878474518598,0.06720830904245542,-0.23399610427286266,0.03221318549134443,0.020760990098812607,0.08556149909476769,0.11349497231120306,-0.26263219363795376,0.03186462355840896,0.05498848550710656,0.08461504922774848,0.12042733878824585,-0.24117906523837554,0.04113815310450263,0.031952701810955324,0.03692849315125615,0.0942083328456028,-0.23500975667016127,0.035420374072272186,0.026718366972362947,0.19747058728355102,0.1251403511528011,-0.2349164913254243,0.030428677031853063,0.022962359715566552,0.04869575622462679,0.11517477367085098,-0.2594044201274716,0.047234214818463155,0.05239597440096676,0.04021274439176121,0.11002295636360439,-0.24192991063208863,0.03968829952098481,0.034008328561255664,0.2027533822095576,0.06666388809428561,-0.23681527863281263,0.034193844438715745,0.029412300709981232,0.18203457701225864,0.12633361585762568,-0.22271899732153239,0.027696692814769473,0.024304721522946403,0.009322621906372024,0.1115299771810414
alpha101__alpha033,-0.3062481937829879,0.11591408149312135,-0.01724932992165583,0.1819289767038637,0.37619763350444124,0.01159322671258235,0.0754553055036882,0.22677913880539352,0.6633317914204783,-0.7629788767937475,0.017759910394742767,0.165869373910605,0.08432131000263256,0.19785530322676909,0.04020666161915714,0.07883732337236111,0.32678050663932895,0.2464753113264709,0.23083026576135524,0.03552063270380442,0.0,0.07860765937828952,0.30408298008411544,0.07449058468909145,0.7315047883598221,0.022024303458102603,0.0,0.02429517791329424,0.1250024459811167,0.3271578096588627,0.3072570855085574,0.22108749947803744,1.0,0.5691120361784876,0.30908721979077025,0.30140170012799683,0.6625705029969505,0.8411694952959293,0.4931964099710699,0.02384119838561227,0.007372722529369127,0.01182569962434683,0.14409216795709923,0.1034721135177173,0.06475499703875459,0.3475548901932336,0.27378685327587937,-0.07411543040461628,0.0,0.028924767707063974,0.13837134742711668,-0.5500865645674448,-0.014301887095626128,0.0077287825581012735,0.35065415695342156,0.1418341938001501,-0.5706964282808759,-0.012698039343844104,0.015416479251444737,0.41995398662206834,0.16271514464947895,-0.5884464857763331,-0.004335841641326543,0.032318603778083335,0.41411336120375974,0.1478449841087596,-0.5524044170623817,-0.013607275210910513,0.004843043188038414,0.3735642816043432,0.13878908892283479,-0.5574198292812655,-0.01364597574680557,0.01054298920607289,0.3588903452886184,0.14164025814605308,-0.5854739474265425,-0.011310530833457259,0.023015279275581915,0.42364167886890863,0.16038253711197548,-0.5873378722815878,-0.013086587989240154,0.04133458088048844,0.41194405133996587,0.14564776183046443,-0.5548090163338207,-0.013481332642395543,0.007266832933529491,0.3631145285603327,0.1448975204378983,-0.5667660497856921,-0.012721113610418833,0.016036812416756755,0.36703339259069623,0.14045479943027198,-0.5335348387808477,-0.009044604294836833,0.02920481606693482,0.42482806618083774,0.16073223081608087
alpha101__alpha034,-0.3485780426493792,0.06108399558365166,-0.04187621104594614,0.16195817471285953,0.27824349208477306,-0.005831256754031174,-0.03002650810816629,0.2004883728959496,0.5530439850205003,-0.619477564598732,-0.14230935418380544,0.1385096180843534,0.025844674258592288,0.12686468410273505,-0.006560738695062762,0.011514661141971479,0.22055859967495225,0.12582969460170365,0.17362675964971458,-0.02296023645417932,0.0,0.06382536349788889,0.40849632233846433,0.03986081826644367,0.5920699065542395,0.000972537630393562,0.0,0.014745536423121425,0.11131667471373947,0.3240589836233957,0.28263109950429105,0.19270597013920732,0.5691120361784876,1.0,0.242047899316357,0.18011969908444522,0.42276409089009076,0.5395318099678718,0.3760938655984912,-0.026517385798791558,0.03654162237556518,-0.02686329266625212,0.044383658660209074,0.054850471333130826,0.02688575858839019,0.2847790148143872,0.14549269377623547,-0.06080216661401487,0.0,0.004175746693440758,0.18607078408549463,-0.36502157651673733,-0.002723796281479918,-0.03875439148578183,0.30328999694350994,0.1914365192297423,-0.3786911104480263,0.001109542809131609,-0.03139561330767818,0.3583904692435853,0.20580373673034735,-0.4068167479260275,0.012927213963044337,-0.02101774014952556,0.3553562232333844,0.18980987988829254,-0.3730633092901213,-0.002536332085832119,-0.043786132295379906,0.3027974322821777,0.19359911067289667,-0.3713415316704887,-0.0016337266745046106,-0.03575569066706814,0.3118009739653246,0.175665378641052,-0.3909116980926944,0.003893944203853037,-0.026144639313226633,0.3605129879772779,0.2048175419248847,-0.40686440587947437,-0.0032077496041226397,-0.01383627764023785,0.34144693294899725,0.19586806257242761,-0.3763528820056868,-0.002464217431064183,-0.04127477972500957,0.3143359846892148,0.1966805618514288,-0.3799408902139943,0.0012978404643494228,-0.03157650969918682,0.32015592837744156,0.17388709278485834,-0.34837912406426547,0.008499538821703597,-0.021755082528469336,0.34683224611533203,0.20614650018842565
alpha101__alpha035,-0.2704918189332919,0.14403857983123394,0.04341042986354971,0.42382298267062074,0.2680102736713262,0.07319034819813322,0.3115348004980358,0.32938810583011985,0.26890853847866886,-0.27628687946848957,0.10702697453408035,0.15466020780545237,0.15665384866688736,0.11184415954678383,0.0860241006062497,0.09304920876676093,0.28890868016047255,0.15402983013470048,0.35249946005104665,0.03319551108836832,0.0,0.09915291813789219,0.38789512316445335,0.10947313713614468,0.2872016750581181,0.043656459097214786,0.0,-0.1711759417844266,0.25212936474156283,0.3537327770234062,0.35754728140774406,0.19789207938356795,0.30908721979077025,0.242047899316357,1.0,0.06201343606539709,0.24120439140182479,0.41442967244240847,0.3792462520476071,0.07082649104991105,0.007788680947855869,0.0005246316115913677,0.28742694511902817,0.15742319274050176,0.12116057219755938,0.33992807487335047,0.3246791687040289,-0.02733148961201052,0.0,0.0623222738400798,0.013588954556824705,-0.31735069580467307,0.004342508005349481,0.0664794545848905,0.43656911639514545,-0.010562552856274988,-0.29926163908877884,0.006393997810167516,0.07483523995518171,0.29686754405417903,0.0275116090970982,-0.3321732983035158,0.002438316289519912,0.0995656285563123,0.27472518147230857,0.017887373560647592,-0.3202721284608938,0.005592015797493227,0.06918717214047203,0.2008609693248112,0.0011554511036538698,-0.3182815317503403,0.004106177306119524,0.06985134998198463,0.42273023098688123,0.044417018989032477,-0.30077193379575967,0.005760421567345301,0.07912738778248514,0.26889180383407,0.02021084847824686,-0.3257991151252676,0.011977333145627652,0.10193742534232135,0.22507099354710858,0.008222477132338014,-0.31784363283001416,0.004926806801605207,0.07235238220074564,0.41366282822010636,-0.010271262248773148,-0.3179740322057287,0.0035555808580022305,0.07400487324725617,0.4052722975227029,0.03870397913717437,-0.28031704521365164,0.003806255495297326,0.0828038447651058,0.23297285125801706,0.012422499353401721
alpha101__alpha036,-0.05099836623005587,0.050537011199669954,0.010780905704924616,0.05195010380309966,0.10223367843270147,0.0528348472465227,-0.08616647834033657,0.07705999030631229,0.2339313283361662,-0.22360474334019942,0.015980577995716005,0.09357416425007326,0.07643587662891728,0.09235240302506961,0.10782723150065099,0.07058920407381943,0.14303407352815117,-0.10015309938936262,0.12126147162595552,0.023442936370682267,0.0,0.01013667974070759,-0.010264021650038523,0.00812469276627829,0.2582425422629257,0.15017454535470667,0.0,0.16141107121996612,0.21607277272849176,0.07212461003908668,0.07790099400427954,0.04017555498632641,0.30140170012799683,0.18011969908444522,0.06201343606539709,1.0,0.1911408560854922,0.24780426018988475,0.25042507027129124,0.01655416783802459,-0.0037252722575018766,0.015479424469096321,0.0367213675284908,0.14500118131704381,0.0548862092276465,0.08350057988169574,0.13532964692374705,-0.020760196282430626,0.0,0.08522512050105666,-0.07905140371945142,-0.1440997973504416,0.10203206128167348,0.02380511471970531,0.14877203264404018,-0.09375177106995454,-0.13952870353725627,0.09161066050641485,0.03127693350101723,0.1060247793386128,-0.013803773449727687,-0.1649724605479158,0.03398822410738741,-6.720983555733053e-05,0.11856025461274086,-0.057446354339551586,-0.15954535011724355,0.10237810975264812,0.002989921663158061,0.11426489281417497,-0.08140223070654162,-0.14257833491064642,0.09842457999294943,0.024418714935031408,0.14436377335497072,-0.057744942601509676,-0.14248731153382022,0.0871096276696883,0.03337437332560988,0.11671379279265619,-0.0371442063882055,-0.16296076136668478,0.09048248153420572,0.02507990979545697,0.11295685208759475,-0.06518793344880801,-0.15810383151440172,0.09893257923587595,0.004986133658257087,0.14901598253955625,-0.08912977430454579,-0.1429364571975844,0.09053378725682935,0.02641211015608841,0.14737459721307322,-0.05243593618710255,-0.13703058329118448,0.08100465145943708,0.03304229839359985,0.13008509766244136,-0.0368954530809492
alpha101__alpha037,-0.23025382506893746,0.11177360715078166,0.04409998616335838,0.18524478686940937,0.3285349892990729,0.045266378252397085,0.1674319182550542,0.1925143260013021,0.4870208944080268,-0.5492045471698431,0.06457186747147649,0.1344323066921172,0.1239717363002908,0.14701501810081002,0.07136467607869708,0.12418592833136666,0.2481531749936941,0.23644161992932516,0.21232586430029063,0.07045455194534414,0.0,0.051229913267945376,0.24296758342551497,0.03423731340269996,0.5192543872079206,0.05456313800034369,0.0,-0.004186988649027255,0.14629363340532903,0.22485577235590914,0.30560256415481357,0.4517560423147422,0.6625705029969505,0.42276409089009076,0.24120439140182479,0.1911408560854922,1.0,0.5830088857118776,0.3713054788026286,0.07152094108935633,0.07311293791125932,-0.010358351850186565,0.11604833289978808,0.09947920621197044,0.04219787842140827,0.22883125269670718,0.2103506472183449,-0.05915586705302199,0.0,0.07991461844377631,0.065665610746872,-0.38139311199612613,0.06692587567750703,0.07525249849564151,0.2164104267981114,0.06813563255992343,-0.3948462284245099,0.0659227288331261,0.07873037864567549,0.27416598512805607,0.07684358971438163,-0.4059848625509877,0.051201612022248946,0.08616385021323025,0.25010658659856844,0.07139688822703641,-0.3828572474000632,0.06478578145443109,0.07526345899235203,0.2041305084912714,0.06667570954069048,-0.3864514074414461,0.0651210657523392,0.07621383581841264,0.21865164452470737,0.06703583567686944,-0.40466522443248354,0.06310658417936574,0.08098212387949225,0.27318961386352153,0.07510275165862657,-0.4046065595847129,0.06243738370655163,0.08927110931565693,0.2440703797561092,0.07023061721427605,-0.3847467734238402,0.0631937553478097,0.07567589284816423,0.22912412722642211,0.07089095685480803,-0.39334951134062157,0.06301980388052697,0.07906390649202037,0.2200751022572985,0.06498465277951344,-0.3724356365263018,0.059804131593177295,0.08310920770663004,0.2696200456316458,0.07848243403806476
alpha101__alpha038,-0.4828207475408301,0.22244116323031587,-0.05801661835354645,0.45347403182988905,0.5717684478860529,-0.0060136276228771254,0.09005036309276594,0.4050409423427605,0.5946185429509815,-0.685959309936014,-0.03630373311219475,0.24763096319112704,0.19345368764017598,0.13426876151397663,0.10693961722058984,0.1793669521852676,0.4408693561042381,0.2127671660353847,0.5173496922632222,0.01339276010916501,0.0,0.10401818291434814,0.4614554560948043,0.13765634024230658,0.634358559831781,0.10875339328724003,0.0,-0.013162902693662562,0.3821250016081299,0.3644626675830093,0.5479641174945293,0.3035875630099987,0.8411694952959293,0.5395318099678718,0.41442967244240847,0.24780426018988475,0.5830088857118776,1.0,0.7304912500090148,0.06345552378733388,0.01487676910302124,-0.0010974394505922768,0.13654017585445533,0.1639856070494613,0.11055454449674379,0.4492412595004644,0.37566836285926775,-0.06634265664271545,0.0,0.0890624087269506,0.18772283985028704,-0.6007155507930215,-0.02645614819033843,0.015520402598762322,0.5064983417490678,0.13166900977953863,-0.6041106491853133,-0.03086385957090373,0.02479191307568734,0.43980062121778174,0.24761510907109766,-0.6512492448390601,-0.0290761415483115,0.06985522079878603,0.4171615519818354,0.21680734099826102,-0.6184191921300941,-0.0216261816283114,0.01789460589147813,0.33352259719700755,0.16041495962696925,-0.6043850627470295,-0.027966376760243807,0.01977574940283395,0.4996634676593079,0.2575981644193751,-0.6112223561112979,-0.03231966494900711,0.03482516733624354,0.4238612084854387,0.23245197443847634,-0.644422404694532,-0.016954918484323955,0.07986667799374533,0.3701945652692061,0.19063110543307876,-0.6169683684183364,-0.02377586092207159,0.021577710826880515,0.5070266560206678,0.13296521560693025,-0.6081165656681968,-0.02953454268638588,0.026296591960075243,0.4894942121794022,0.24828172413815291,-0.5772716652836847,-0.033798848672539586,0.04520968190295449,0.4006975209793566,0.21361765935890875
alpha101__alpha039,-0.36498382394485124,0.28022712989857573,-0.11951805863451462,0.6113455608779712,0.6172170340553249,-0.0916276559914432,0.15017238686281892,0.48078890578452776,0.39894941427370845,-0.44511615360107193,0.028824715956031165,0.2311716162289656,0.21880917958527019,-0.032622746333281036,0.12535432719469333,0.19251574844511446,0.441875645751996,0.08250009574757683,0.7439243584584718,-0.0038417238154028685,0.0,0.09794299896615963,0.3698434287305982,0.18935505834770522,0.43307589744801817,0.18900362535963533,0.0,0.054021658603341245,0.6484200533874858,0.22971033056851486,0.626378146266416,0.30643132894339514,0.4931964099710699,0.3760938655984912,0.3792462520476071,0.25042507027129124,0.3713054788026286,0.7304912500090148,1.0,0.01129765972544212,0.012762038480322056,-0.003834445984487762,0.16301938887153142,0.1486895386535978,0.1257620499674547,0.4440628824354394,0.5047954842709531,-0.04026582974684713,0.0,0.10341999887373145,0.13991847951636055,-0.502949366159293,-0.05276835713362262,-0.03992054013506958,0.4359020071473214,0.02631454995437583,-0.47145260497760266,-0.06540135305281833,-0.011190478841422092,0.1041039930102729,0.3294067528006404,-0.535894060144701,-0.09184382424358255,0.028503784497470853,0.12594127605825456,0.23121925168394547,-0.5311344026779683,-0.0514944641957564,-0.04632639844954269,0.03022138965253894,0.07723640875393036,-0.49902954568681834,-0.05853717476926678,-0.03127586328767596,0.39638152427811274,0.3334104178139965,-0.4666599615632801,-0.07129409228244603,0.0033749896796065938,0.08988153582306496,0.27197855149973704,-0.5211257204830726,-0.051728769156916446,0.06003907619335904,0.053577694978199975,0.1427997445541489,-0.5238609698154114,-0.05589696916847045,-0.0404576221118313,0.40842498934499627,0.030289384829982644,-0.49307754061618336,-0.06924856111205396,-0.01824980844962048,0.35671535099539203,0.3364508229935116,-0.47041693201941126,-0.07581301961586913,0.020902303464391907,0.09334892543635606,0.21355726843530987
alpha101__alpha040,-0.06010354251584158,0.10669139362954658,0.519495627536257,0.16680817050852348,0.01941903770884425,0.6537059901393042,0.3032241582289547,0.058868759791899435,0.005127583810433643,-0.027139453015665133,0.07820852330114605,0.21691798824879918,0.337895941214316,0.5180666701533417,0.27831235447299685,0.6074115214466326,-0.007544987384663829,0.31363539088004827,0.1086499409232264,-0.15744801595449784,0.0,-0.019526882390418752,0.1427751558079978,0.39762853575252705,-0.01897616814627368,0.32314236006466385,0.0,-0.1720657211771197,0.16750843266163265,-0.10004483293763489,0.20919344298392661,0.02016923878374273,0.02384119838561227,-0.026517385798791558,0.07082649104991105,0.01655416783802459,0.07152094108935633,0.06345552378733388,0.01129765972544212,1.0,-0.34228973757844705,0.32866800969405247,0.15056399777662455,0.36290343343640713,0.12151610944570143,0.047178841193809995,-0.0028198852502348422,-0.002261690542629423,0.0,0.39846341555258225,-0.41001094960702755,0.020265909914587175,0.0702705052810875,0.7620284196205902,-0.12933963855334218,-0.29860732813009283,0.013361488138417784,0.060595442226898444,0.7317939088331921,-0.04926110240251153,-0.5986539448617249,0.040706172440101544,0.0665423438774211,0.7117449557783799,-0.08275055114771326,-0.4754475423459785,0.04636989651273524,0.07951473730398113,0.7694314196278973,-0.13527529176841338,-0.35406152261119117,0.02621824943147274,0.08019648547923719,0.7838431406157161,-0.13559562207697917,-0.5269718235606973,0.019532730855989867,0.05229052456673422,0.6819060386952451,-0.05144335098448668,-0.5570640253383393,0.040906640861646706,0.09483581545651906,0.6387861805376642,-0.08075502674285255,-0.41689347719037373,0.051783920353052904,0.09804603403944696,0.7959510100980401,-0.11920949282020922,-0.3012242664831274,0.0323449145829401,0.08071541310251852,0.7539110106169054,-0.14240559314040965,-0.5504336140839153,-0.01144850723321146,0.03185881485589455,0.622021189988969,-0.05239595758089391,-0.49650272577101934
alpha101__alpha041,-0.004031971250853715,-0.004812830494708388,0.012271586902325634,-0.05446919365094458,0.06677573438350226,-0.030046211757714738,-0.012027505531371293,-0.025991658073686343,0.01939627303379267,0.01321699572245436,0.03817498475761874,-0.133437150649226,0.11729153594225068,-0.019653321079270706,0.02672233799409197,-0.1280850573492636,0.034608326278958775,-0.1195973729860717,0.006301069127582496,0.24742363435749307,0.0,5.2917132223430205e-05,-0.06558777764807143,-0.4370094999259871,0.030862396187567396,-0.03183520702742181,0.0,0.023034958146332996,-0.061691434979223136,0.0119154042739935,0.007280088108511514,0.0501153879986622,0.007372722529369127,0.03654162237556518,0.007788680947855869,-0.0037252722575018766,0.07311293791125932,0.01487676910302124,0.012762038480322056,-0.34228973757844705,1.0,-0.6699228884264412,-0.007171356728393455,-0.035434913123621854,-0.1045730989316042,-0.02499730166431936,-0.24171565194439723,0.003527430326627262,0.0,0.03959728348953942,0.02973674588599826,-0.021917711180561884,0.6263006169551947,-0.24483570946024458,0.01136278415067546,0.02918331778317218,-0.022386697600373255,0.6268593174649153,-0.2330508662221396,0.010916553477051838,0.03624540695106874,-0.02450469432426537,0.62981208930182,-0.190603905535882,0.0011234625174804608,0.030615686703832003,-0.02194134383180407,0.6264873484723917,-0.24278377509855212,-0.005893748385258121,0.029421804393569038,-0.022116802167570324,0.6267130629358327,-0.2374344424086912,0.009983574042640553,0.02661933141598301,-0.023119758669054604,0.627542026357828,-0.22174443556869147,0.009220616781046707,0.03496116093152202,-0.024690624698573662,0.626908630880216,-0.17689966600226434,-0.0035419238307913777,0.03019558734217149,-0.022168971307429498,0.6267466623344664,-0.23644715641979822,0.012490354861634462,0.030199774175427466,-0.022559519658756827,0.6272099001062887,-0.22863658228326866,0.008011740997007149,0.026926144089853447,-0.02032467674351631,0.6282832306221308,-0.20828168132183178,0.007214908987829847,0.033864046614010684
alpha101__alpha042,0.0033555566529564866,0.008836457939402879,0.02993358980198233,0.05903527482535373,-0.04440225496123641,0.05500969483594685,0.021472551896080112,0.02742428710930462,0.0026101572369997424,-0.02122381927435084,-0.018082464827826952,0.10691125522711993,0.06450635857875364,0.044495541521155715,0.03109008107041667,0.13383176252241752,-0.03001738424218176,0.09655534704719122,0.0030320966525366278,-0.24753043793129842,0.0,-1.1854714670059032e-05,0.06126036137544359,0.3183771893251362,-0.019877761593120612,0.049192433081155604,0.0,-0.02713243255478789,0.050498373174014594,-0.005432233234081557,-0.0026587716791297822,-0.015080407521117146,0.01182569962434683,-0.02686329266625212,0.0005246316115913677,0.015479424469096321,-0.010358351850186565,-0.0010974394505922768,-0.003834445984487762,0.32866800969405247,-0.6699228884264412,1.0,0.012801458357101175,0.05562058022969212,0.09712388065455083,0.023755551949182132,0.17730079517647576,-0.007289643549602092,0.0,0.027992059165757085,-0.045598970895486736,0.004939042484793906,-0.59243861162066,0.27593716756531245,-0.007391972224421518,-0.03920776273002335,0.004461587566983878,-0.5914900759665794,0.2624436252988252,-0.008146056224740576,-0.058548989616576695,0.007716924743766099,-0.6046786716243514,0.22405147825750332,0.001034300701259634,-0.049373103329198344,0.006606417616596746,-0.594572667493349,0.27607928945067517,0.007184656385293547,-0.04272931273617955,0.004855536538426114,-0.5933999136350486,0.2682761732878048,-0.006082433732495644,-0.04948436231803664,0.004801235010566386,-0.5926938848645058,0.2510891984520377,-0.006238117971364284,-0.05575074433124112,0.007740895612318657,-0.597136463471123,0.20897395241520816,0.005546720191484657,-0.04663746631660172,0.006736574919145617,-0.5955435173919397,0.2696437463908765,-0.009778090561288559,-0.04059594946503392,0.0051384765824036924,-0.5943741389637456,0.2593345623564387,-0.0041928205789002575,-0.0479736327746834,0.003949429413293958,-0.5944063852616256,0.23731512768779983,-0.003996912055969332,-0.05218350453329362
alpha101__alpha043,-0.06676159535458508,0.04813022699443195,0.15626834624132538,0.12244383087921705,0.11836444852712266,0.17757683899435076,0.5343230969496614,0.11098052103312445,0.11824106704737254,-0.11714050430488986,0.26712312650692815,0.06367520676043292,0.13390105893578022,0.19223625097267427,0.06917793494824771,0.10943193976999316,0.05801265687000667,0.10878241383262775,0.12227891425346801,-0.018646480435899483,0.0,0.06816174334148542,0.07122978746361165,0.05112812513617159,0.09823743964336848,0.01625439510063452,0.0,0.00700230150153485,0.16060513849584326,0.25375199541505594,-0.02583134969474041,0.08280758090435666,0.14409216795709923,0.044383658660209074,0.28742694511902817,0.0367213675284908,0.11604833289978808,0.13654017585445533,0.16301938887153142,0.15056399777662455,-0.007171356728393455,0.012801458357101175,1.0,0.12459257444678579,0.05107296836357222,-0.08407737129060083,0.24215016453837962,-0.014698707560998142,0.0,0.05823596018592044,-0.21751900041781616,-0.05859521661228105,0.07885648911784254,0.16480262823819064,0.12139757261916374,-0.21417348569148464,-0.056844447957596654,0.07620913325206659,0.16941723175413087,0.1153771187034832,-0.15360328985418162,-0.27983440403356186,0.06728577234276792,0.1445138028820157,0.2213416119942731,-0.18653952972504653,-0.14857590462312398,0.0782797251185687,0.1462886247585194,0.22157749808305588,-0.21273001155559748,-0.07001952776037763,0.08441791523014933,0.1688023988594895,0.13590511103877734,-0.2681366783419831,-0.06734406742112717,0.07341628060871792,0.17077317455512955,0.08739241634862721,-0.15974145297206735,-0.2909981633649241,0.08154317759990547,0.14121301337620448,0.20886653280831174,-0.1873044924010983,-0.16548377455609467,0.08544463060029338,0.15125087371456003,0.1885007295420678,-0.20458253441551189,-0.08083905194153379,0.08344472768158033,0.17245743908646347,0.15242081093102958,-0.2240483734656457,-0.013019296540345475,0.06825338219844077,0.15478154526064833,0.07288096430967168,-0.16771088840661716
alpha101__alpha044,-0.08121323829120385,0.18029345971370317,0.22289456274452818,0.15636590843977582,0.08264714963613225,0.2818875743345588,0.13163621970415085,0.08371574995024299,0.0786661233268928,-0.07874638416714909,0.04573614000579953,0.2056940065263133,0.5602131404402978,0.24629735801107572,0.5110634654051476,0.7066438189979175,0.05454791615389685,-0.008322454905572381,0.16394144646853265,-0.02999785204040476,0.0,0.5074394357479861,0.11010551519457205,0.10044275756533168,0.07542931065453298,0.43841171492387854,0.0,-0.08794280501442936,0.13785913180909867,-0.011598195834175928,0.18473466404497368,0.06460762943685808,0.1034721135177173,0.054850471333130826,0.15742319274050176,0.14500118131704381,0.09947920621197044,0.1639856070494613,0.1486895386535978,0.36290343343640713,-0.035434913123621854,0.05562058022969212,0.12459257444678579,1.0,0.1278262675238688,0.08290983601502402,0.023454429258222914,0.0039391806601960155,0.0,0.3507933581270933,-0.4340948585959953,-0.09929417266686577,0.0765918234879866,0.28861669256069533,0.062038667001233894,-0.5773166081748103,-0.09340853369992481,0.09308343910991239,0.3411145648540554,0.03918289045929211,-0.28419714388621725,-0.07965492384505284,0.213721182814516,0.44942777604145057,0.017783373725195097,-0.37528769677349083,-0.09614135138229928,0.0741634361512345,0.2742144784136339,-0.030595930250790552,-0.5144440956672762,-0.09636334338320811,0.08671643001230359,0.31247653617479076,0.05309966005098561,-0.2545117002020634,-0.08862102516862348,0.11119322595136238,0.3779844350216445,0.04044240938482027,-0.3225105927297082,-0.07641462716782399,0.07662564569917427,0.5165919695333664,-0.00032944359673578536,-0.43249486717654434,-0.09318004782624849,0.08305369895268973,0.2936561093383268,0.060621326209261604,-0.5766524397588401,-0.09204170705930759,0.10066754431342728,0.342334207657146,0.042931171248495055,-0.28740473049096016,-0.10272011065441532,0.13993454776107017,0.4260254925513261,0.042123241012308806,-0.3726580365498866
alpha101__alpha045,-0.08703293272334316,0.1191708326428071,0.009711694867224993,0.10647192746943812,0.047822536072523,0.0258322841141125,0.05876575266712037,0.08917913894478265,0.07032616217046594,-0.026059196329983797,0.007272593628821694,0.6346323251010216,0.11806113004661611,0.028618006076867528,0.08892623880701057,0.14285111483370194,0.05681322338538754,0.035061562652969586,0.09937594222198332,-0.027281919103093178,0.0,0.08730043866495797,0.12853330041077962,0.10233469884358176,-0.018765324562637017,0.0712706674480254,0.0,-0.025693463809540313,0.11523585973290248,-0.034373378666701135,0.14259887089884252,0.06138488199660859,0.06475499703875459,0.02688575858839019,0.12116057219755938,0.0548862092276465,0.04219787842140827,0.11055454449674379,0.1257620499674547,0.12151610944570143,-0.1045730989316042,0.09712388065455083,0.05107296836357222,0.1278262675238688,1.0,0.06538638985027517,0.11100119047077796,0.005919331528280666,0.0,0.061558298263761024,-0.05652388113955812,-0.03865964383452188,-0.0689680164823543,0.08943586378014917,0.05513191946728324,-0.11625320097815806,-0.04029968735680985,-0.06869105578693666,0.09424502962734603,0.036176372355183395,-0.015618530063574226,-0.05896580070689335,-0.07404679532011313,0.10734399980432975,0.030728878117581064,-0.03583212127485343,-0.045103058698163195,-0.06918696297646934,0.08869878048327254,-0.00041621117543016013,-0.07954742512281548,-0.03913745854602476,-0.06896229826395206,0.09158896488620397,0.05143389529663559,-0.013145741910494136,-0.04056601004493149,-0.06978618408959271,0.09767856642387761,0.025591948826313386,-0.023356925388025567,-0.05866323500156762,-0.06892509573055748,0.11491676926371851,0.013980129155425541,-0.05368740227212687,-0.04553060206631274,-0.0689226589231782,0.09081229249459678,0.05693420385868598,-0.1146406147910528,-0.03935215507087978,-0.06928803777459185,0.09541475104407647,0.04674975237991891,-0.020088515145784084,-0.0370831334874165,-0.07189920070978408,0.10363237210710176,0.01176658184026606,-0.03170673051874483
alpha101__alpha046,-0.21655201527007265,0.14531189300266642,-0.11904457650111112,0.3287206011019392,0.394803924763676,-0.030561375697457163,0.060900332223181364,0.5058396161910484,0.36931064195335317,-0.36887258703593,-0.012651817782879209,0.1500254579790577,0.11506268379750872,0.030705838509079788,0.06199865311672006,0.08996209203900879,0.284638671843889,0.18589705141620977,0.3676345300396034,0.020132335993830443,0.0,0.0681153110046987,0.23751821782315502,0.046476294673179076,0.2853907366136887,0.08622465052476665,0.0,-0.045601040965786814,0.2808163654965463,0.09294330969753041,0.37427261013836083,0.23321135454383354,0.3475548901932336,0.2847790148143872,0.33992807487335047,0.08350057988169574,0.22883125269670718,0.4492412595004644,0.4440628824354394,0.047178841193809995,-0.02499730166431936,0.023755551949182132,-0.08407737129060083,0.08290983601502402,0.06538638985027517,1.0,0.23221292249534672,-0.04117815375853933,0.0,0.05816642978574367,0.1433208535384588,-0.47330530188610687,-0.027182427770552537,-0.012922706278255714,0.4046875768396402,0.10136818497844534,-0.37793174006950364,-0.04171661010642298,-0.008656508161581634,0.07880129859007043,0.14284891174815814,-0.3156933530823461,-0.06344379472621915,0.050699453849349665,0.006247413083851549,0.14573794504493442,-0.46432105158286996,-0.013548396502034153,0.003685185302547426,0.008033501857359439,0.12247319900098869,-0.46759233490785,-0.037098479707774946,-0.018452890611195746,0.3722587275906924,0.23343305085865648,-0.37382507701975487,-0.04712344804134281,0.002272121235455366,0.09030302841792363,0.12183893169905584,-0.2876234843517672,-0.0005611765380635867,0.05860556192887112,-0.03098588499636518,0.12313368804314156,-0.43914689291396114,-0.02704052686919219,0.002520872967545454,0.3177698261222038,0.10319721331300313,-0.45967773808170315,-0.04471699910442419,-0.00804565574884962,0.3342494521827054,0.20999942477649916,-0.37827809542926605,-0.05111318734205269,0.013821746102189903,0.09240666240227453,0.1035040345557239
alpha101__alpha047,-0.1691273916787102,0.1703872100104774,-0.06462347879467077,0.4144129637380056,0.4681282531082834,-0.05202303081049308,0.1624432169360307,0.4170580069658238,0.18612712833778386,-0.18962400284458397,0.20689737341360026,0.13060919286728911,0.02605970066206519,-0.039942401597691045,0.01894081828670337,-0.026372106152088796,0.2029258611412712,0.07496992681477938,0.3602973660342207,-0.0465156753257409,0.0,0.04697629801928991,0.10268948735197204,0.17067182642332557,0.15894744686298534,0.07048883153013814,0.0,0.00703172204126884,0.4061001112668805,0.22647664929870143,0.33726643983020316,0.259076853630999,0.27378685327587937,0.14549269377623547,0.3246791687040289,0.13532964692374705,0.2103506472183449,0.37566836285926775,0.5047954842709531,-0.0028198852502348422,-0.24171565194439723,0.17730079517647576,0.24215016453837962,0.023454429258222914,0.11100119047077796,0.23221292249534672,1.0,-0.037653269402266626,0.0,-0.003427573969731022,0.12047444068707622,-0.35135167296717296,-0.18954120534854474,0.01853986044079673,0.30776307893488075,0.003817045005695825,-0.34060938880035857,-0.19062378979123848,0.029357187272300012,0.03791348790923562,0.14819316191619242,-0.44750292137225856,-0.23472833998759157,-0.003972336906363012,0.07459314552071895,0.17446843054206854,-0.3848929098586232,-0.19264776183457688,0.002501805318398139,0.06677310374564313,0.06725388023560155,-0.3553264306865963,-0.19082003617450774,0.01895604452281702,0.2947173577227088,0.13636057745875427,-0.3391619897498755,-0.19641832972298068,0.02899517212739865,-0.061303325688101006,0.16437705161196767,-0.4427293218491832,-0.1942805447482218,-0.00957622474219862,0.018117592145478065,0.1257536516681669,-0.3865882417673592,-0.1937543532138976,0.003985067207466497,0.29807532960224764,0.007680781911297775,-0.35725595899210105,-0.19397396008351897,0.019100669019466582,0.2712566107995545,0.14698271651288924,-0.31594929236604014,-0.2070255504573075,0.02609901277756314,-0.12423630315289011,0.16949182141223318
alpha101__alpha048,0.03855925195541908,-0.006906685102688938,-0.0012278626531231278,-0.03877317716828968,-0.06430002501689601,-0.0018125803005505942,-0.015467376709339127,-0.02625617146233884,-0.06285865279723248,0.06986547267048167,-0.010512433289364777,0.00667543058372385,-0.0007762047613501331,-0.0420247294331187,0.0017468334181509459,0.0005582277246477297,-0.0157570125746654,-0.03237859724904332,-0.027505177505632854,-0.013882883748857568,0.0,0.005195280604234848,-0.06392099484488717,-0.01340406026397546,-0.07202745549096198,0.0023936993875748854,0.0,0.004429972348471408,-0.02110919481618423,-0.054561332695220226,-0.04920560094391923,-0.05756499325972627,-0.07411543040461628,-0.06080216661401487,-0.02733148961201052,-0.020760196282430626,-0.05915586705302199,-0.06634265664271545,-0.04026582974684713,-0.002261690542629423,0.003527430326627262,-0.007289643549602092,-0.014698707560998142,0.0039391806601960155,0.005919331528280666,-0.04117815375853933,-0.037653269402266626,1.0,0.0,-0.0034958688543264716,-0.02410622175901424,0.049629470476294076,0.008656683713133086,-0.0010046990271414765,-0.025104804045726636,-0.03419255936396503,0.05581911076302276,0.007669583854789869,-0.0018212364456005636,-0.02866738336424272,-0.02428131763215327,0.05608114983141597,0.007537561062027551,-0.0012425191000584779,-0.03250635405737174,-0.020473838035434795,0.05291077869350996,0.00944326537363698,0.0007287564055759825,-0.022405820216808123,-0.030826837864134277,0.05082599047047609,0.008315255707332263,-0.0015655123008639076,-0.0257181738502002,-0.01904212384927435,0.057372359714028404,0.007671298887773377,-0.000401238726973614,-0.02792870997886417,-0.024513166118341624,0.05658883601704982,0.009954677227954564,0.0015813070571960629,-0.027563924232852487,-0.024842957917441837,0.053421590495062114,0.008905872047322015,-0.000653174283509269,-0.026712471067978083,-0.03430960858999887,0.05200795317159646,0.007978423163676841,-0.0028797755073269324,-0.026835759147413363,-0.01982880748332321,0.05054747956615889,0.007859307726678437,-2.9985467537675714e-05,-0.02481217961677675,-0.023038565922978274
alpha101__alpha049,0.0,0.0,0.0,0.0,0.0,0.0,0.0,0.0,0.0,0.0,0.0,0.0,0.0,0.0,0.0,0.0,0.0,0.0,0.0,0.0,0.0,0.0,0.0,0.0,0.0,0.0,0.0,0.0,0.0,0.0,0.0,0.0,0.0,0.0,0.0,0.0,0.0,0.0,0.0,0.0,0.0,0.0,0.0,0.0,0.0,0.0,0.0,0.0,0.0,0.0,0.0,0.0,0.0,0.0,0.0,0.0,0.0,0.0,0.0,0.0,0.0,0.0,0.0,0.0,0.0,0.0,0.0,0.0,0.0,0.0,0.0,0.0,0.0,0.0,0.0,0.0,0.0,0.0,0.0,0.0,0.0,0.0,0.0,0.0,0.0,0.0,0.0,0.0,0.0,0.0,0.0,0.0,0.0,0.0,0.0,0.0,0.0,0.0,0.0,0.0,0.0
alpha101__alpha050,-0.043281253500119354,0.22347154861251695,0.42096292402107593,0.14216759694123182,0.07992861814622237,0.25512342122565074,0.15807416706799687,0.07259815281395322,0.020662001932859816,-0.018842327829880948,0.05468826058562983,0.10872667154667069,0.4604514376521541,0.20087437069374983,0.4132258663874771,0.37947431228811335,0.04404366492430324,0.043969435470158434,0.14721404957601072,-0.016262773745110072,0.0,0.06674629835658195,0.05082297854487216,0.09090224134156161,0.0026677353060068965,0.36742279028910035,0.0,-0.10311364357152521,0.13630042852298355,-0.06690325622462007,0.18975208956962447,0.07300662635854807,0.028924767707063974,0.004175746693440758,0.0623222738400798,0.08522512050105666,0.07991461844377631,0.0890624087269506,0.10341999887373145,0.39846341555258225,0.03959728348953942,0.027992059165757085,0.05823596018592044,0.3507933581270933,0.061558298263761024,0.05816642978574367,-0.003427573969731022,-0.0034958688543264716,0.0,1.0,-0.34506342036168347,-0.03660411711962304,0.15540830249476875,0.44959248442153293,-0.028997924400391048,-0.28625135788765754,-0.0363828085317676,0.16366607159831434,0.5279043039416517,-0.04098798895047323,-0.3394483419184992,0.009000279263420915,0.18209557715421584,0.5379324331935605,-0.08038306617080156,-0.3591156412506712,-0.020868420463593412,0.15390869511115382,0.42320562395516825,-0.11771896910990312,-0.3238434276365265,-0.029922620677804625,0.16462052810614905,0.48910160004067926,-0.042357172149485055,-0.28361510002425244,-0.028736279299659395,0.16560145311070212,0.5365872392246224,-0.04037476057950056,-0.3643323497366844,0.01291448904095994,0.15584314563419166,0.4995912870029302,-0.0889090537324877,-0.3508357293951621,-0.014253349670639341,0.1648814359156781,0.4561072390675711,-0.037483412518786605,-0.28883378897510886,-0.02255305328114884,0.17112501430517715,0.5311711739854155,-0.056987634255440046,-0.3148975298174433,-0.06285998105170348,0.1617340761763037,0.519141839194425,-0.03677952476306821,-0.36694877189250846
alpha101__alpha051,-0.18034797960600352,-0.16445588045130785,-0.27549812382214733,0.1220284307071799,0.16326724882929422,-0.3178913449511335,-0.28761200935264686,0.19552648109888737,0.12377333825384405,-0.1433134231905063,-0.21513465760232509,-0.060699345277760844,-0.3291772579007357,-0.2608117559763071,-0.2477685012223291,-0.4050982461557489,0.09059440281843237,0.05675927198295662,0.030805343647176336,0.059844178197668775,0.0,-0.17458342698376345,0.203634326456892,-0.06672712442269618,0.15623136275168675,-0.37849456078411114,0.0,0.1069511272625207,0.09937031552411114,0.18825699512086705,0.09617306346923771,0.11216973526650383,0.13837134742711668,0.18607078408549463,0.013588954556824705,-0.07905140371945142,0.065665610746872,0.18772283985028704,0.13991847951636055,-0.41001094960702755,0.02973674588599826,-0.045598970895486736,-0.21751900041781616,-0.4340948585959953,-0.05652388113955812,0.1433208535384588,0.12047444068707622,-0.02410622175901424,0.0,-0.34506342036168347,1.0,-0.1572917513577232,-0.14104142734741282,-0.34244252987392754,0.24827803027574905,0.6907595903309796,-0.1544880372659697,-0.16270565525088776,-0.3849915046723436,0.12536391145073175,0.6925867813787425,-0.2326013628123301,-0.2188529937679179,-0.4656773884275384,0.16522725570563276,0.8842678023550874,-0.16534948978051212,-0.13635183909675713,-0.3248357261008978,0.1886711911300913,0.8650108276077797,-0.16495763728666288,-0.1552111132923612,-0.36393387968041435,0.25378608364112654,0.6485713106461183,-0.16325879740900384,-0.1733076635718385,-0.4169373973790443,0.08571014879628411,0.772444828006864,-0.2330823561035122,-0.1352953797971343,-0.4172458378661303,0.14189781479566743,0.9925870082388305,-0.16977767691496728,-0.1487674475634008,-0.34247157586296184,0.23521883705067917,0.6954304586148884,-0.17401428044833692,-0.17361447614917513,-0.39007546133249293,0.2556212426983061,0.7078384127624514,-0.11627966259273999,-0.17157203159519122,-0.4480914042877373,0.030052440254936228,0.8657609942704427
alpha101__alpha052,0.28974489230902223,-0.14106298418838564,0.06371374912952248,-0.26897253514362807,-0.526575351343338,0.022839452522869712,-0.02852563360611899,-0.3504001609814817,-0.3915094154311367,0.4511894435499392,-0.07425472800249037,-0.11637919848286653,-0.11457707949681664,-0.06405476522694148,-0.05653274591213335,-0.05892896702286369,-0.19388529616920722,-0.1402168462373459,-0.3633631413291518,-0.038827826730378046,0.0,-0.10525901048208641,-0.24445658359659211,-0.017310670612844963,-0.37811144456902496,-0.04509997251593406,0.0,0.005783897015047083,-0.2583019002424549,-0.2361294344908949,-0.3532206256164783,-0.2326681192808659,-0.5500865645674448,-0.36502157651673733,-0.31735069580467307,-0.1440997973504416,-0.38139311199612613,-0.6007155507930215,-0.502949366159293,0.020265909914587175,-0.021917711180561884,0.004939042484793906,-0.05859521661228105,-0.09929417266686577,-0.03865964383452188,-0.47330530188610687,-0.35135167296717296,0.049629470476294076,0.0,-0.03660411711962304,-0.1572917513577232,1.0,0.057206027456967595,0.057547512864772755,-0.4607743161081225,-0.1157590546181304,0.801911098072256,0.05238465066933244,0.034660529847357416,-0.26148578794826705,-0.1864581787059767,0.6967004662631942,0.039067318359740706,-0.014695108311369472,-0.24325045444425822,-0.16849065400952615,0.7835999364789172,0.06008271570125066,0.05907577945215382,-0.2153906198450308,-0.1360400133035556,0.9955234216135843,0.05770562855533181,0.04820555649119797,-0.44083030365165726,-0.23690224372376845,0.8080876552674081,0.0505072259571943,0.0223086962339352,-0.24964984592572184,-0.16763453465217024,0.68344851116288,0.05873591227957,-0.02455080288055582,-0.21708862586332853,-0.14688803869322414,0.7642164279674152,0.061458045594976994,0.05065441987723969,-0.40449182634041214,-0.11636210824292584,0.9831919013971367,0.05733220819747381,0.03683348584228457,-0.41839002907522493,-0.21983089604194364,0.7514463192098508,0.0474699038757521,0.010704677514602001,-0.2394146596064361,-0.14816073719420728
alpha101__alpha053,0.00937889262368569,-0.01495512593702836,0.3256750311308831,-0.05356607085223698,0.004072094209292426,0.43439218984904704,0.14033489023037224,-0.005968376853768721,-0.017067138612242964,0.03034482531979319,0.07258519294577126,-0.06433285568217713,0.10243011535781961,0.34734535678311734,0.08266002077330208,0.06328732801870998,0.0052154723973402645,0.05382782306433734,-0.015383678951687617,0.2044291101183846,0.0,-0.10336983852533836,-0.07024964616480728,-0.213756251192333,-0.007103403457787893,0.12041659742429775,0.0,-0.01002362962390191,-0.02089986903151534,0.011457645442605477,-0.02934254681528524,0.036612089127647976,-0.014301887095626128,-0.002723796281479918,0.004342508005349481,0.10203206128167348,0.06692587567750703,-0.02645614819033843,-0.05276835713362262,0.0702705052810875,0.6263006169551947,-0.59243861162066,0.07885648911784254,0.0765918234879866,-0.0689680164823543,-0.027182427770552537,-0.18954120534854474,0.008656683713133086,0.0,0.15540830249476875,-0.14104142734741282,0.057206027456967595,1.0,0.1205644646476976,-0.01967952009841479,-0.0842127484073923,0.06244910568291596,0.9787157142216012,0.07275429804287745,-0.0077650783373718855,-0.2518874425380034,0.0036993794239192582,0.7743509401719619,0.051285916640255044,0.0029145521972945955,-0.17378355810261423,0.034971170579498785,0.9873905068014875,0.14108547641194952,0.0029068057360926236,-0.10846251204178513,0.05549178070391329,0.9941310392641696,0.10631967987518907,-0.016531938392713524,-0.29330004409949917,0.05846468090047125,0.956318641092355,0.049201167824168945,-0.011452073794483382,-0.21278486462773172,0.0021099791831255886,0.9505295624813176,0.03136413080935284,0.0006858857546866066,-0.13601165742850163,0.033346387560001814,0.9850663333714256,0.13210417519845938,-0.004462857213505981,-0.07941828302984008,0.053205174034226116,0.977103662512691,0.08684593428228475,-0.013926194025824483,-0.2623695195864958,0.07189055978519383,0.9214552412406769,0.02870893317363999,-0.012499500018130565,-0.1699681362926842
alpha101__alpha054,-0.01362224732977698,0.08786466400972495,0.6676196248593768,0.09155368674859007,-0.007475475408464994,0.5011051814480465,0.30037764145606033,0.03557808303390632,-0.007811873726316697,-0.005528300559592047,0.09601690079569065,0.1622158510660618,0.31059184407237017,0.39998894538430335,0.2712882927919692,0.4536655066313379,-0.023009717826305946,0.22067376997453864,0.049405660404628654,-0.117096799921792,0.0,-0.048386564406414784,0.0361817294793876,0.3353866965014646,-0.029306698511212193,0.25136279413698814,0.0,-0.1291996476004021,0.10937966195515869,-0.03901903754582306,0.11906721095432789,0.02484570640664628,0.0077287825581012735,-0.03875439148578183,0.0664794545848905,0.02380511471970531,0.07525249849564151,0.015520402598762322,-0.03992054013506958,0.7620284196205902,-0.24483570946024458,0.27593716756531245,0.16480262823819064,0.28861669256069533,0.08943586378014917,-0.012922706278255714,0.01853986044079673,-0.0010046990271414765,0.0,0.44959248442153293,-0.34244252987392754,0.057547512864772755,0.1205644646476976,1.0,-0.14213769905114926,-0.2594784716168594,0.05052362756231773,0.10259624259777082,0.8752337174060576,-0.05747781546522529,-0.4797273555870863,0.04537369742707726,0.05927242369159148,0.699661628407855,-0.06481066190329998,-0.3853725703098936,0.06887787494405703,0.1308414727947761,0.9385311735230994,-0.0942078631876452,-0.3016461759918376,0.059659444524545885,0.11947297040138886,0.9565642137556906,-0.141257124101648,-0.4823069854277738,0.05256829632631717,0.08974809631483902,0.8021545161397535,-0.05479022543122071,-0.4367184364950038,0.04393070108213209,0.14189203928994348,0.6198127432033897,-0.06237935964315135,-0.34310120034121755,0.07034184093130384,0.13407836472480392,0.9744964244479926,-0.12060315892931615,-0.2609146359672665,0.06115720103683787,0.11199242236031356,0.8927599933624215,-0.13892925987354351,-0.4565165707384462,0.035809866777100303,0.06795120587635449,0.722684977536295,-0.05143854985237401,-0.3899822948904045
alpha101__alpha055,-0.3550854690073005,0.140196088738922,-0.11007260083659133,0.33434482415492855,0.29367791429767237,-0.038924785324765246,-0.0492371205322938,0.5565340392845902,0.2915358159351569,-0.3132767166406399,-0.11611812508047861,0.10932250280802085,0.06670609484969699,0.0050654544359432395,0.035411501796376324,-0.041341487691759125,0.28681686169122184,0.08199303486638626,0.41776443601956215,0.05661653201907353,0.0,0.10194954186415263,0.3124855414040835,-0.0881158298489384,0.3265898748626539,0.009186706865226104,0.0,-0.027922303383971444,0.2785629004639804,0.3614536114803661,0.07776518378859731,0.20795878474518598,0.35065415695342156,0.30328999694350994,0.43656911639514545,0.14877203264404018,0.2164104267981114,0.5064983417490678,0.4359020071473214,-0.12933963855334218,0.01136278415067546,-0.007391972224421518,0.12139757261916374,0.062038667001233894,0.05513191946728324,0.4046875768396402,0.30776307893488075,-0.025104804045726636,0.0,-0.028997924400391048,0.24827803027574905,-0.4607743161081225,-0.01967952009841479,-0.14213769905114926,1.0,0.14755403913594536,-0.3920901262997896,-0.016689709814658085,-0.12260387161998063,0.5306931291183816,0.2675902378125357,-0.5542356107363683,-0.042334328509548366,-0.09435017316868417,0.5977463216816494,0.27940436488106724,-0.5269619768707998,-0.019695304203838207,-0.14646919933472685,0.6065111769959909,0.21144612804028948,-0.4689701731354105,-0.0207729258102865,-0.13929707533907443,0.9911589323383339,0.2618547707952449,-0.39955967976492596,-0.016392879825511058,-0.1131260463010096,0.4574164798864819,0.26798802229833935,-0.5435482412245244,-0.016360493221793747,-0.07885985495717003,0.5088030295457197,0.2536305189720461,-0.5276656966809329,-0.022141712867060466,-0.14473625251352162,0.9648169454555527,0.15996583557520316,-0.47428482224313845,-0.022094937835013137,-0.1332077199442914,0.9683186674320032,0.27095933914848064,-0.3289539745696528,-0.016124774676875796,-0.10093252493914319,0.38530121543843043,0.2567798202974478
alpha101__alpha056,-0.15775889520775305,-0.21897632662516697,-0.1777564550078571,0.01088598481811891,0.09287428115224806,-0.1943849382071777,-0.25624490307477954,0.07189970618962047,0.1373324555335234,-0.16290607677259505,-0.19359597408763396,-0.1335398912165697,-0.4731626387986279,-0.12694757528665265,-0.341473075204531,-0.5243667293740105,-0.001641802237563243,0.07376675887968881,-0.06210600347353445,0.06326674879555859,0.0,-0.3319101043835284,0.2136721918272172,-0.0747103627148143,0.16455721286021263,-0.360476715373035,0.0,0.07766920875535759,-0.030321706858580825,0.20469570125345857,0.03540727444921392,0.06720830904245542,0.1418341938001501,0.1914365192297423,-0.010562552856274988,-0.09375177106995454,0.06813563255992343,0.13166900977953863,0.02631454995437583,-0.29860732813009283,0.02918331778317218,-0.03920776273002335,-0.21417348569148464,-0.5773166081748103,-0.11625320097815806,0.10136818497844534,0.003817045005695825,-0.03419255936396503,0.0,-0.28625135788765754,0.6907595903309796,-0.1157590546181304,-0.0842127484073923,-0.2594784716168594,0.14755403913594536,1.0,-0.12624739262490747,-0.09000180022170358,-0.28828436064861673,0.14225795299712582,0.46541482196599077,-0.12380638788235873,-0.13618142553037385,-0.33949574703781166,0.16582553345137604,0.5900767913266549,-0.10341874927973548,-0.08171801536530261,-0.24574807095198803,0.16648007660248573,0.8208875504558883,-0.12034571393889024,-0.08829618273115078,-0.2730452750179488,0.15624007861176004,0.45131642847243164,-0.13556142968825688,-0.09649996161274062,-0.30950126287139473,0.14548158135309838,0.511027925459118,-0.12598724668939137,-0.07969498445670475,-0.3819588780708014,0.1631704830972294,0.6822251358922653,-0.10612758992332244,-0.08568919188135868,-0.2566296970124939,0.1373533518793525,0.9966914999768786,-0.1266318790223696,-0.09355792559066888,-0.28981620975890915,0.1658940603412482,0.4887795325785608,-0.10226337317806881,-0.10729019737733249,-0.3377948522933293,0.1288130239750293,0.5726126042675864
alpha101__alpha057,0.29351995324168617,-0.13025802348450982,0.048230254224159164,-0.24866971347959724,-0.5239236404736446,0.014002433147688908,-0.02299719955220919,-0.297452554575501,-0.4077648258579618,0.46938163568195723,-0.07885725009813219,-0.11669767514406597,-0.10681611533385858,-0.07850347237221808,-0.050169778963378,-0.054341172397374585,-0.1790539704864946,-0.1435080647194516,-0.32768200154935817,-0.03858935347799642,0.0,-0.09644960270575317,-0.24627455517617894,-0.014637908864141382,-0.39112411281490056,-0.03380884681281148,0.0,0.01495880786310162,-0.22826500912054054,-0.23791255795629865,-0.36855551998074343,-0.23399610427286266,-0.5706964282808759,-0.3786911104480263,-0.29926163908877884,-0.13952870353725627,-0.3948462284245099,-0.6041106491853133,-0.47145260497760266,0.013361488138417784,-0.022386697600373255,0.004461587566983878,-0.056844447957596654,-0.09340853369992481,-0.04029968735680985,-0.37793174006950364,-0.34060938880035857,0.05581911076302276,0.0,-0.0363828085317676,-0.1544880372659697,0.801911098072256,0.06244910568291596,0.05052362756231773,-0.3920901262997896,-0.12624739262490747,1.0,0.05768173824532959,0.033229784869807856,-0.28168601666006254,-0.17077848457682782,0.6946020537425225,0.03039760150056057,-0.01743861379240973,-0.26059557230294167,-0.1603249122428163,0.7202820976277894,0.062298465099231155,0.045300648970111296,-0.22195131215102348,-0.13604410310614481,0.7891862788045033,0.061656471760454475,0.04262771636960276,-0.37579150198492567,-0.22055467270401177,0.9933250781986724,0.05480263865916447,0.021970647594915384,-0.26928342362979457,-0.15844232191575874,0.6867919181872432,0.052240052266672415,-0.02603282560891102,-0.239309820097042,-0.1435797366283303,0.7162582859502576,0.06062037357786896,0.03867232621261532,-0.34453855562278135,-0.11847750013269194,0.7781501151232777,0.05997133073244079,0.03230245106157636,-0.35759790536900565,-0.20824903743406034,0.94584567818604,0.05104872739745269,0.01135444790067369,-0.2574891524502181,-0.14505262271232877
alpha101__alpha058,0.0073990318534579574,-0.02611479596650394,0.32693900053404873,-0.06830345140587811,-0.005510333029784785,0.43163674664735213,0.13580141023060086,-0.014525915551402473,-0.01432240770708573,0.027931657068962886,0.06673114270882517,-0.06514804793117354,0.10424113035073672,0.3471977582795345,0.0860912931163617,0.07104472003016868,-0.001612185863558268,0.03890615955169781,-0.034457668965188794,0.20968665779829446,0.0,-0.07761584320014486,-0.0606640975580242,-0.21520123945077052,-0.005036982743223847,0.13857613581148925,0.0,-0.010398317671012,-0.04410734647756667,0.027180346836361186,-0.03790386569616953,0.03221318549134443,-0.012698039343844104,0.001109542809131609,0.006393997810167516,0.09161066050641485,0.0659227288331261,-0.03086385957090373,-0.06540135305281833,0.060595442226898444,0.6268593174649153,-0.5914900759665794,0.07620913325206659,0.09308343910991239,-0.06869105578693666,-0.04171661010642298,-0.19062378979123848,0.007669583854789869,0.0,0.16366607159831434,-0.16270565525088776,0.05238465066933244,0.9787157142216012,0.10259624259777082,-0.016689709814658085,-0.09000180022170358,0.05768173824532959,1.0,0.07814526597487702,0.0077079033328335215,-0.24740422884551277,0.005553068968044896,0.8194414516889135,0.06987569175299073,0.013681709218876773,-0.19372388385357162,0.0343278112856058,0.9486419254803078,0.11399909388707954,0.0145684734480833,-0.12107177163038364,0.05055101765574813,0.9886605522183146,0.09679953362096212,-0.012211319280525561,-0.2828253691799664,0.05376843387852398,0.9917883347893895,0.06569448045590696,0.0011899546398125703,-0.2200858539337667,0.00322142530115062,0.9062099366178215,0.04358350744883565,0.013198714326127665,-0.15621312506036736,0.032218434321825515,0.9576617732580106,0.11141148159590028,-0.0016090039761887086,-0.08441021517824289,0.04847179195307621,0.9904664161207106,0.08786224060371937,-0.008730519163667374,-0.2630612721702018,0.06833462022397492,0.966748822299861,0.04831075301958493,-0.00472277436275734,-0.18834264974540335
alpha101__alpha059,-0.018754574432223406,0.1045280399453615,0.6322203022523897,0.08733438862539422,-0.008411308920716227,0.4579730766457741,0.29344126681204746,0.031651656798962535,0.002171680756142889,-0.01298587709568703,0.09395285994173554,0.1745230677221131,0.3587027922033948,0.368291669628164,0.3173590014703782,0.4804968077018978,-0.022287347655659973,0.15993387900806003,0.050290529086154924,-0.109278188866821,0.0,0.05343278076873753,0.04570355750688393,0.3317350976996205,-0.020143988553797492,0.2790768375521398,0.0,-0.11332224354877755,0.09504189009001991,-0.022436375429190712,0.12739518274001116,0.020760990098812607,0.015416479251444737,-0.03139561330767818,0.07483523995518171,0.03127693350101723,0.07873037864567549,0.02479191307568734,-0.011190478841422092,0.7317939088331921,-0.2330508662221396,0.2624436252988252,0.16941723175413087,0.3411145648540554,0.09424502962734603,-0.008656508161581634,0.029357187272300012,-0.0018212364456005636,0.0,0.5279043039416517,-0.3849915046723436,0.034660529847357416,0.07275429804287745,0.8752337174060576,-0.12260387161998063,-0.28828436064861673,0.033229784869807856,0.07814526597487702,1.0,-0.03791721108048596,-0.4632167302964944,0.04105603893538991,0.07546338456967215,0.7794244760705203,-0.06119038394420632,-0.4314611569699447,0.042635327800968896,0.06558732455039883,0.7978045032507353,-0.09405947427311351,-0.3367251831077951,0.0373367589437343,0.08183220238850003,0.9307938858107381,-0.12324957773320758,-0.4186285562338929,0.035300046774604105,0.07368862946456206,0.9362435521860927,-0.037187490707859386,-0.47559416992067016,0.03995624303437785,0.06640445131549871,0.6886558385823989,-0.05567146606572387,-0.38426826355651367,0.04533269128856592,0.08105637852356398,0.8444483426745214,-0.10878417812273387,-0.2879598913187074,0.03984440694441532,0.08460708850363645,0.9834214848297682,-0.12356796766208182,-0.4474320611206635,0.02258638104496742,0.059680717043177886,0.8465059800834014,-0.03791276345153666,-0.4350562456387065
alpha101__alpha060,-0.38480269777604337,0.01921559833784636,-0.021694636719500598,0.019589695725199176,0.0148390278354354,-0.008719731186745112,-0.06939579193784669,0.02169922453063792,0.38585906291280797,-0.42724296362510933,-0.13359699407423795,0.08269961336832726,-0.019086896794739766,0.10951308506843979,-0.009851747814765171,-0.05701349690598582,0.15895958390074286,0.056369336235889266,0.09319624267183627,0.020960717019185036,0.0,0.05970941445521562,0.30073907774229497,-0.044621987124593705,0.39984991332873,-0.06315948811293917,0.0,0.04872196232139725,-0.17120154322372913,0.46196504354792606,0.0663036882648723,0.08556149909476769,0.41995398662206834,0.3583904692435853,0.29686754405417903,0.1060247793386128,0.27416598512805607,0.43980062121778174,0.1041039930102729,-0.04926110240251153,0.010916553477051838,-0.008146056224740576,0.1153771187034832,0.03918289045929211,0.036176372355183395,0.07880129859007043,0.03791348790923562,-0.02866738336424272,0.0,-0.04098798895047323,0.12536391145073175,-0.26148578794826705,-0.0077650783373718855,-0.05747781546522529,0.5306931291183816,0.14225795299712582,-0.28168601666006254,0.0077079033328335215,-0.03791721108048596,1.0,0.06732271083391682,-0.36523428136855735,0.03095033829517374,-0.049376457502999266,0.8906803841683658,0.1015018764961539,-0.2712922849251961,-0.01235057484247786,-0.06514716414880664,0.7627738014785935,0.15420443445542623,-0.27462519355002857,0.00024030643097137125,-0.051138967787565257,0.579327600593361,0.010506958351720252,-0.30178397098067183,0.01715183561453207,-0.03301409843640371,0.9432995514571922,0.0881684571839966,-0.37360212393947967,-0.019962761608725312,-0.0532865562934652,0.8720898230503292,0.14099889298819462,-0.28194280918081555,-0.007229048670746195,-0.06131066877636702,0.5939215804902157,0.14776228552334406,-0.291365485208312,0.010586630577878755,-0.04270535651825552,0.6288418134268415,0.009611868200004217,-0.229012958634355,0.02327295536293983,-0.03565851019972006,0.8325261140591387,0.1342928025024085
alpha101__alpha061,-0.168686755767015,-0.07596963012198775,-0.4435653944794671,0.15080396147997369,0.20202729658693244,-0.5572176850760485,-0.270754470072856,0.1983443570714622,0.15338449163270093,-0.17448787002489874,-0.22369787819803755,-0.004551010505571009,-0.22234408383278328,-0.424181039121646,-0.18179309155898737,-0.3092253773130234,0.130292360687557,-0.06378399110452118,0.16758741760260332,0.0729371744451256,0.0,0.09971533084840715,0.22636189854436875,-0.06694077761570558,0.1769969248292099,-0.2893860878466222,0.0,0.12963863617398239,0.17504302466071364,0.18773692127237593,0.1173631843749016,0.11349497231120306,0.16271514464947895,0.20580373673034735,0.0275116090970982,-0.013803773449727687,0.07684358971438163,0.24761510907109766,0.3294067528006404,-0.5986539448617249,0.03624540695106874,-0.058548989616576695,-0.15360328985418162,-0.28419714388621725,-0.015618530063574226,0.14284891174815814,0.14819316191619242,-0.02428131763215327,0.0,-0.3394483419184992,0.6925867813787425,-0.1864581787059767,-0.2518874425380034,-0.4797273555870863,0.2675902378125357,0.46541482196599077,-0.17077848457682782,-0.24740422884551277,-0.4632167302964944,0.06732271083391682,1.0,-0.25574792680693226,-0.25469590416746835,-0.41698607556309597,0.1367678103321777,0.8161924225101439,-0.23000948399235474,-0.25655451819679664,-0.47236515955709973,0.13981526299311797,0.5828305705923613,-0.19396137703607558,-0.2631950350638408,-0.49995667407337996,0.2646022534157993,0.8890580435035634,-0.17736650225588158,-0.23942653185619214,-0.419131961662448,0.057082441069423125,0.926647891812203,-0.2532575591802723,-0.2664738738891764,-0.3455231423247749,0.10152955646121459,0.7048737636145435,-0.23638615226857634,-0.2769938268102401,-0.49732075583684426,0.2541817207470542,0.4728510694143055,-0.20080406658726468,-0.26630974493499776,-0.4751466360492311,0.26214547919878717,0.9541897041621346,-0.13075465223690033,-0.21930086847131633,-0.3654154199710786,0.04847331262941444,0.8291361696848623
alpha101__alpha062,0.37142070042632475,-0.15147130600312447,0.044689813911232834,-0.3091195660290108,-0.537322937383925,-0.014943545874316379,-0.07961264001704989,-0.4483928662910449,-0.4221163398537721,0.48267110573379834,-0.04571763392089075,-0.13677369622200553,-0.09929468118419625,-0.09929399988160906,-0.04688569769542887,-0.03511733211427151,-0.22548236938796115,-0.16120153194994893,-0.37917977303770806,-0.04551262332622121,0.0,-0.09053619123211656,-0.320324830846755,-0.032675416276451166,-0.4135682105620223,-0.004360762093714465,0.0,-0.01525905054340052,-0.31771150409831284,-0.37356746761654186,-0.2676756156003446,-0.26263219363795376,-0.5884464857763331,-0.4068167479260275,-0.3321732983035158,-0.1649724605479158,-0.4059848625509877,-0.6512492448390601,-0.535894060144701,0.040706172440101544,-0.02450469432426537,0.007716924743766099,-0.27983440403356186,-0.07965492384505284,-0.05896580070689335,-0.3156933530823461,-0.44750292137225856,0.05608114983141597,0.0,0.009000279263420915,-0.2326013628123301,0.6967004662631942,0.0036993794239192582,0.04537369742707726,-0.5542356107363683,-0.12380638788235873,0.6946020537425225,0.005553068968044896,0.04105603893538991,-0.36523428136855735,-0.25574792680693226,1.0,0.029170187720602005,0.03264661616892756,-0.4398415899472393,-0.2707072477967295,0.7955783983581873,0.0035176227408130513,0.049991430625862594,-0.4357890627580723,-0.18170404078356742,0.7115981532813557,0.0037348826847787213,0.04483832136722142,-0.557382195839416,-0.2264358732959867,0.7110405593708745,0.008219127819796336,0.039168350170728866,-0.31148265810159687,-0.26769568063309107,0.996735327430163,-0.0005677872468106978,0.016929126813837545,-0.39580460934804274,-0.2434426951370895,0.8068864000828474,0.002987810021519521,0.04846908317842589,-0.571081705991553,-0.13065114089243396,0.7260351974407203,0.007127770030421755,0.043424914806714884,-0.553418789903808,-0.24507221755661696,0.6219195489207051,0.009971488247372606,0.040479264517708134,-0.2721287234019269,-0.26170862828350144
alpha101__alpha063,-0.014521284526469573,-0.10009964775743828,0.360506173757168,-0.07755196024034071,-0.007561234493133524,0.4897483209784102,0.10080349971742807,-0.0574617435680107,-0.01086808911696215,0.015181589355773323,0.049043838781682905,-0.07281666962596232,0.13488154300880667,0.39560780466706397,0.11848047247761095,0.14222664418849026,-0.018122470452164884,0.04682164222087286,-0.05125512630143108,0.21450974659243227,0.0,0.05948112530138734,-0.03412452120727394,-0.2476131083607712,0.009716452312187852,0.20522258119005077,0.0,-0.03166330837752819,-0.07809126812095621,0.025588098664385366,-0.014729044690027922,0.03186462355840896,-0.004335841641326543,0.012927213963044337,0.002438316289519912,0.03398822410738741,0.051201612022248946,-0.0290761415483115,-0.09184382424358255,0.0665423438774211,0.62981208930182,-0.6046786716243514,0.06728577234276792,0.213721182814516,-0.07404679532011313,-0.06344379472621915,-0.23472833998759157,0.007537561062027551,0.0,0.18209557715421584,-0.2188529937679179,0.039067318359740706,0.7743509401719619,0.05927242369159148,-0.042334328509548366,-0.13618142553037385,0.03039760150056057,0.8194414516889135,0.07546338456967215,0.03095033829517374,-0.25469590416746835,0.029170187720602005,1.0,0.1325024385653958,0.02170904604665902,-0.24002659886793576,0.0496455046251521,0.7734557466631078,0.05958304908400184,0.005963451879996673,-0.18490249534378755,0.038735040670580936,0.8111605804634494,0.07374156006663089,-0.0363971416478375,-0.26108296770163275,0.028804946629704124,0.8574304585381733,0.08220823483716844,0.03112022749824972,-0.25001121503182683,0.025095959674451006,0.7831148539481367,0.12216031086512233,0.02220465611044346,-0.2135999281780007,0.047965561191611696,0.8094683374268342,0.07574847285438954,-0.027607759547183253,-0.1326811954888541,0.0379615197915163,0.8514447859527573,0.08494169666059476,-0.03040447986478368,-0.2659121164801989,0.029925889633680494,0.8889820606415024,0.0829669579762373,0.022274934557771537,-0.23497734021459726
alpha101__alpha064,-0.05494154134542381,0.13011586487936821,0.5197552207779186,0.15506762645452504,0.0425144155151553,0.4400671374084183,0.25567160994941707,0.07555088218461715,0.02106867825654645,-0.03345050322822578,0.10250280172585972,0.19978441235397384,0.4942301320560889,0.3569308660098002,0.4126627065708324,0.590653481570374,0.003867348147725016,0.23379626392946648,0.09920773365016082,-0.10112184376114527,0.0,0.22465344316439154,0.09291099209655142,0.2878083753186412,0.0008916617444914263,0.32495490876117344,0.0,-0.15411521361023622,0.11071746762746058,-0.0791036807620438,0.19921465868149943,0.05498848550710656,0.032318603778083335,-0.02101774014952556,0.0995656285563123,-6.720983555733053e-05,0.08616385021323025,0.06985522079878603,0.028503784497470853,0.7117449557783799,-0.190603905535882,0.22405147825750332,0.1445138028820157,0.44942777604145057,0.10734399980432975,0.050699453849349665,-0.003972336906363012,-0.0012425191000584779,0.0,0.5379324331935605,-0.4656773884275384,-0.014695108311369472,0.051285916640255044,0.699661628407855,-0.09435017316868417,-0.33949574703781166,-0.01743861379240973,0.06987569175299073,0.7794244760705203,-0.049376457502999266,-0.41698607556309597,0.03264661616892756,0.1325024385653958,1.0,-0.09037126852418967,-0.44879815114560123,0.00022556874638592647,0.05199216012822868,0.6875582589617343,-0.13159923455981568,-0.4104493372331694,-0.009941283179726725,0.06572210144647492,0.742961056165863,-0.10205648132436705,-0.34566065014595887,-0.011154433766970558,0.07820687876387285,0.8439781062129955,-0.03796037034536485,-0.4424059488839829,0.03415448987047952,0.06149533727011278,0.9003010264726696,-0.09107989273980972,-0.4716831747855468,0.004061967109869731,0.06573719877965131,0.7242774131333534,-0.09428116992879743,-0.34242808748052195,-0.003951917106196262,0.08346350615314795,0.7951244724979705,-0.11068596578823137,-0.3792528015698671,-0.037341470999251176,0.07489383965689256,0.9153410230595004,-0.034278258331404424,-0.466787645603747
alpha101__alpha065,-0.36473251025412673,0.01593356520645747,-0.003894600106456694,0.008678019246916805,0.009606969093358836,0.03583560543851453,-0.04405348650528143,0.05957005523758673,0.3811391872028977,-0.4258277558444599,-0.14633987361438658,0.07300446126346262,-0.040267346114691766,0.15192148429922347,-0.02788995343834952,-0.09094606287858069,0.14281762724372132,0.07063807097544762,0.09797574072436761,0.03026408184411941,0.0,0.05043527883661985,0.3197261564443163,-0.06865011543192853,0.3988423130819465,-0.09284336643698023,0.0,0.049102160584276654,-0.09632521690826192,0.4901192237818543,-0.08406194012063849,0.08461504922774848,0.41411336120375974,0.3553562232333844,0.27472518147230857,0.11856025461274086,0.25010658659856844,0.4171615519818354,0.12594127605825456,-0.08275055114771326,0.0011234625174804608,0.001034300701259634,0.2213416119942731,0.017783373725195097,0.030728878117581064,0.006247413083851549,0.07459314552071895,-0.03250635405737174,0.0,-0.08038306617080156,0.16522725570563276,-0.24325045444425822,0.0029145521972945955,-0.06481066190329998,0.5977463216816494,0.16582553345137604,-0.26059557230294167,0.013681709218876773,-0.06119038394420632,0.8906803841683658,0.1367678103321777,-0.4398415899472393,0.02170904604665902,-0.09037126852418967,1.0,0.1684730826265109,-0.2866741290931379,-0.0025642605926392715,-0.07793933460733257,0.910076014352241,0.18497536306272494,-0.2602680505367802,0.009167657428253845,-0.06490471635685385,0.6553801944064047,0.03636304198631447,-0.2830250622105544,0.019349256160424325,-0.06522866601333718,0.8469298839158673,0.17089601107253358,-0.45293487056214754,-0.007608056200252773,-0.08654347769043107,0.9638838194174801,0.18876676469171091,-0.3046242596447889,0.0044176169269648695,-0.07536380169144592,0.6830011504238661,0.17535293958674533,-0.27920289147556465,0.015076271757428445,-0.06694344548876517,0.7157485222118348,0.06924237850400287,-0.18507776558395764,0.024267801515585375,-0.06787670316520443,0.7870402173816413,0.19729949157378232
alpha101__alpha066,-0.16305327176164527,-0.12931190924887095,-0.3305320108545417,0.14696827012292146,0.1877100202054869,-0.3901011466193946,-0.2873990591364119,0.24212715690444217,0.13225235470043528,-0.15470067609037189,-0.21454669796378437,-0.035153272021250466,-0.27893195609042903,-0.31067115500406617,-0.21915311161236906,-0.3635354977131742,0.11967260235534428,0.025793599667850636,0.10539190381093197,0.0651859613916484,0.0,-0.07552186648029906,0.21057031014664346,-0.06564300862218216,0.16586597597078753,-0.34615539917491595,0.0,0.1218017009777178,0.15810564717487288,0.1809105127063181,0.09068147044511324,0.12042733878824585,0.1478449841087596,0.18980987988829254,0.017887373560647592,-0.057446354339551586,0.07139688822703641,0.21680734099826102,0.23121925168394547,-0.4754475423459785,0.030615686703832003,-0.049373103329198344,-0.18653952972504653,-0.37528769677349083,-0.03583212127485343,0.14573794504493442,0.17446843054206854,-0.020473838035434795,0.0,-0.3591156412506712,0.8842678023550874,-0.16849065400952615,-0.17378355810261423,-0.3853725703098936,0.27940436488106724,0.5900767913266549,-0.1603249122428163,-0.19372388385357162,-0.4314611569699447,0.1015018764961539,0.8161924225101439,-0.2707072477967295,-0.24002659886793576,-0.44879815114560123,0.1684730826265109,1.0,-0.19625104677999258,-0.16936357368958413,-0.37187640431710417,0.19203310451842323,0.7465074071813247,-0.1775525834651418,-0.19313070210962122,-0.41021633480111525,0.2826012549354319,0.7322929136181353,-0.16743600076780782,-0.19717133863513955,-0.45740437977900344,0.04858669178925939,0.8991502971702601,-0.2701535383368986,-0.17066326830541637,-0.38549360779264197,0.14175938538113195,0.8920584096777953,-0.20268429454801265,-0.18719861263671364,-0.39233917165182086,0.2706486374186247,0.5977629041352207,-0.18637554321516847,-0.2079953011230724,-0.4396709072663132,0.28190555920682137,0.8056053604058562,-0.11669739070517816,-0.1909242718920228,-0.4206475105606686,0.014266817647571697,0.9820109510472662
alpha101__alpha067,0.3085085326182953,-0.15016790356701223,0.08491063712868473,-0.2921133677878548,-0.5390679893288784,0.03649654157011443,-0.059489804451443064,-0.5009188217903415,-0.39408920689117133,0.45243513274307806,-0.06534183321729037,-0.12212018589128053,-0.1142339843109936,-0.05104846894665503,-0.056752888897983945,-0.0543113521753143,-0.21313855455429692,-0.14607104500082166,-0.3893846187075077,-0.04240955387924713,0.0,-0.12191552909292104,-0.2689917344878663,-0.026130939393387745,-0.38143249913670346,-0.03894973903596997,0.0,0.003242479488036436,-0.29231090148061595,-0.2841118931227216,-0.28983775409777657,-0.24117906523837554,-0.5524044170623817,-0.3730633092901213,-0.3202721284608938,-0.15954535011724355,-0.3828572474000632,-0.6184191921300941,-0.5311344026779683,0.04636989651273524,-0.02194134383180407,0.006606417616596746,-0.14857590462312398,-0.09614135138229928,-0.045103058698163195,-0.46432105158286996,-0.3848929098586232,0.05291077869350996,0.0,-0.020868420463593412,-0.16534948978051212,0.7835999364789172,0.034971170579498785,0.06887787494405703,-0.5269619768707998,-0.10341874927973548,0.7202820976277894,0.0343278112856058,0.042635327800968896,-0.2712922849251961,-0.23000948399235474,0.7955783983581873,0.0496455046251521,0.00022556874638592647,-0.2866741290931379,-0.19625104677999258,1.0,0.03447070004980247,0.07315313077810709,-0.29930260263858677,-0.1365362046993394,0.7937725042985602,0.038032880238023564,0.058913623950643465,-0.5161205085955871,-0.26586464949938765,0.7294613851422667,0.034636887433123764,0.028123818948999638,-0.25566351339310467,-0.20397419192737992,0.774573698217634,0.03194609698004962,-0.012752148255711245,-0.2448968554223091,-0.16586482282838383,0.9959062143151053,0.03944043334072889,0.06825045915891675,-0.5092876474758744,-0.10982462110136708,0.8024965852274828,0.04020645510288658,0.04579749051941067,-0.4983332965235911,-0.24356662795167605,0.6659265459491452,0.033799682044983,0.013988890106403168,-0.2419380894858862,-0.17617511703431293
alpha101__alpha068,0.0071746436921372655,-0.015069483855754361,0.33424179299768775,-0.04154480819917008,0.011673412102121227,0.45022446992866055,0.1379385902141106,0.004574781301860082,-0.01784184269995652,0.030025599230339272,0.07379342309898274,-0.06467711119478593,0.10346175716502264,0.35804413422314024,0.08167404478495888,0.06237057523758251,0.010446532252636215,0.06795089009203174,-0.006055786456234569,0.20361500390142856,0.0,-0.10895517689957687,-0.07119026263248075,-0.21859714172479103,-0.006201820659043112,0.11732909506971025,0.0,-0.016314099994313082,-0.013158880431733409,-0.0007520652728041082,-0.021231569991880393,0.04113815310450263,-0.013607275210910513,-0.002536332085832119,0.005592015797493227,0.10237810975264812,0.06478578145443109,-0.0216261816283114,-0.0514944641957564,0.07951473730398113,0.6264873484723917,-0.594572667493349,0.0782797251185687,0.0741634361512345,-0.06918696297646934,-0.013548396502034153,-0.19264776183457688,0.00944326537363698,0.0,0.15390869511115382,-0.13635183909675713,0.06008271570125066,0.9873905068014875,0.1308414727947761,-0.019695304203838207,-0.08171801536530261,0.062298465099231155,0.9486419254803078,0.06558732455039883,-0.01235057484247786,-0.25655451819679664,0.0035176227408130513,0.7734557466631078,0.05199216012822868,-0.0025642605926392715,-0.16936357368958413,0.03447070004980247,1.0,0.16145534022341837,-0.0027928039998539856,-0.10536564259777496,0.058222573752859795,0.9790836997150154,0.11036829501753855,-0.017012715134932885,-0.3008145888481124,0.059246373158119904,0.9258444762224345,0.04200543338178415,-0.013466345342595715,-0.21019518306907578,0.002538530711975771,0.9824859373217808,0.03225615184302578,-0.006087709319810492,-0.13312525912477183,0.03275829574850662,0.9936885386372549,0.1484714857197619,-0.0040458857589208055,-0.07745233152795308,0.05526917299664316,0.9605163060203908,0.08365471861923943,-0.014842239145573586,-0.2612795692153631,0.06647431958217409,0.891813723506168,0.022162894393030964,-0.01273131025109647,-0.16736827661369244
alpha101__alpha069,-0.018062464945825488,0.08340086879968515,0.6376074974212027,0.10749338055303953,-0.00036952663128213774,0.5040681086693773,0.2929828035837864,0.03531180055564914,-0.012180758778536326,-0.003368281959095071,0.09871056275288059,0.15878882471379083,0.3049534214659571,0.400495785565348,0.2598728544462493,0.45791353458530165,-0.01935416822739902,0.27783204970011705,0.0612459179122464,-0.12139516777200068,0.0,-0.05218244708972126,0.04197932109048831,0.3299027198049532,-0.03135043942910915,0.24238892412881433,0.0,-0.1453669265980587,0.11735128496297388,-0.06408795836893388,0.1379715445694186,0.031952701810955324,0.004843043188038414,-0.043786132295379906,0.06918717214047203,0.002989921663158061,0.07526345899235203,0.01789460589147813,-0.04632639844954269,0.7694314196278973,-0.24278377509855212,0.27607928945067517,0.1462886247585194,0.2742144784136339,0.08869878048327254,0.003685185302547426,0.002501805318398139,0.0007287564055759825,0.0,0.42320562395516825,-0.3248357261008978,0.05907577945215382,0.14108547641194952,0.9385311735230994,-0.14646919933472685,-0.24574807095198803,0.045300648970111296,0.11399909388707954,0.7978045032507353,-0.06514716414880664,-0.47236515955709973,0.049991430625862594,0.05958304908400184,0.6875582589617343,-0.07793933460733257,-0.37187640431710417,0.07315313077810709,0.16145534022341837,1.0,-0.11052970064387067,-0.28658435688203876,0.062282938827249834,0.13697185860581237,0.8850764866543978,-0.1469826127200425,-0.4695270674687479,0.04859511087139768,0.0983737554977962,0.7303057422658089,-0.06055880047742908,-0.4277176493199824,0.048722238170900364,0.18530477954894878,0.6104550536547023,-0.07636498396616676,-0.33055304964406623,0.0747043781713833,0.1607728353034395,0.965295640174283,-0.12879671831360423,-0.2485983220042094,0.06491566615371051,0.1261984693330505,0.8230659429206615,-0.14721886307303894,-0.43487802160294087,0.026320646646451458,0.07388253059806475,0.6576089558474206,-0.055073040967700465,-0.38093615065418884
alpha101__alpha070,-0.29523004081330345,-0.014966878372288765,-0.019893830497888475,-0.08104581554822168,-0.044654049842483466,0.02519811163271904,-0.05898338700034753,0.13891098583298767,0.3363390738853364,-0.390994795924519,-0.13905442725513587,0.018858806911235065,-0.08582740714086616,0.12303906776480948,-0.059821938945068334,-0.15185661078701,0.13861931920384699,0.054510374145029426,-0.05216240832992238,0.029877104556706825,0.0,0.03570771117323603,0.2255767773947663,-0.11269314291700556,0.37241789340877246,-0.12367558737879164,0.0,0.06101441676418202,-0.14961111969333404,0.44969583900109744,-0.26557715034485,0.03692849315125615,0.3735642816043432,0.3027974322821777,0.2008609693248112,0.11426489281417497,0.2041305084912714,0.33352259719700755,0.03022138965253894,-0.13527529176841338,-0.005893748385258121,0.007184656385293547,0.22157749808305588,-0.030595930250790552,-0.00041621117543016013,0.008033501857359439,0.06677310374564313,-0.022405820216808123,0.0,-0.11771896910990312,0.1886711911300913,-0.2153906198450308,0.0029068057360926236,-0.0942078631876452,0.6065111769959909,0.16648007660248573,-0.22195131215102348,0.0145684734480833,-0.09405947427311351,0.7627738014785935,0.13981526299311797,-0.4357890627580723,0.005963451879996673,-0.13159923455981568,0.910076014352241,0.19203310451842323,-0.29930260263858677,-0.0027928039998539856,-0.11052970064387067,1.0,0.19170907573504464,-0.23486854937012352,0.008250071921714473,-0.09837448695397072,0.668921441743789,0.03479049348812633,-0.24530459936647026,0.018734841836137786,-0.0971969292064044,0.7185461993678091,0.18321478221409895,-0.4471428479141299,-0.004354305642992591,-0.12887259088506356,0.9186131675108378,0.21344983382951513,-0.31914337448296315,0.002232435800282735,-0.11248927480399373,0.6940110681997641,0.17878627742710357,-0.25557454220036935,0.013280975278252262,-0.1019694238998595,0.7305835961666209,0.07007940355223578,-0.13618076441963875,0.021823908069740692,-0.09962487426927791,0.6739815821957136,0.21646992819803512
alpha101__alpha071,-0.17240943985514842,-0.20267924707668192,-0.225499436710516,0.07173329371929599,0.1276063684265057,-0.25021283627106916,-0.27113370963047884,0.1432776761177989,0.12921400758074583,-0.1503191985047002,-0.22516279470440878,-0.09065425902870823,-0.3993080557530901,-0.1754850773917505,-0.290848591687687,-0.4711923278934342,0.052555121080621325,0.066923669156164,-0.022517303805635012,0.06181742660981712,0.0,-0.2670465374706039,0.21742608038059383,-0.0681276994913082,0.15904881819475544,-0.3836576626935824,0.0,0.1017140344269916,0.04100930205568618,0.23554362389378417,0.10201388031339143,0.0942083328456028,0.13878908892283479,0.19359911067289667,0.0011554511036538698,-0.08140223070654162,0.06667570954069048,0.16041495962696925,0.07723640875393036,-0.35406152261119117,0.029421804393569038,-0.04272931273617955,-0.21273001155559748,-0.5144440956672762,-0.07954742512281548,0.12247319900098869,0.06725388023560155,-0.030826837864134277,0.0,-0.3238434276365265,0.8650108276077797,-0.1360400133035556,-0.10846251204178513,-0.3016461759918376,0.21144612804028948,0.8208875504558883,-0.13604410310614481,-0.12107177163038364,-0.3367251831077951,0.15420443445542623,0.5828305705923613,-0.18170404078356742,-0.18490249534378755,-0.4104493372331694,0.18497536306272494,0.7465074071813247,-0.1365362046993394,-0.10536564259777496,-0.28658435688203876,0.19170907573504464,1.0,-0.1429512290583158,-0.11674194334833006,-0.31924769017033167,0.220127229066449,0.5500556738410958,-0.14671961885530815,-0.13467973285591062,-0.3638040971700344,0.1289566018582323,0.6432199865101789,-0.18355262477262627,-0.10386928775881418,-0.4508052531521852,0.15921396424547696,0.8588086897956599,-0.14047735589530916,-0.11277340166563286,-0.3007721229015734,0.20192600702662142,0.8255206544463266,-0.15183754578363182,-0.12816712949437398,-0.340943761010553,0.22815447001576566,0.5990021063605786,-0.10132774093360725,-0.14128544095567944,-0.3992709709267571,0.09110791840866099,0.7295538633935613
alpha101__alpha072,0.29624597967686916,-0.13809859549477813,0.06451665439216174,-0.26431322243933775,-0.5251328105052803,0.023851183081193095,-0.031111009981895466,-0.3538958110118744,-0.3978623085385434,0.4580100029189542,-0.07129694932822075,-0.11709594352163935,-0.11069924561083118,-0.06585781254543047,-0.0530613954256301,-0.053764264476362046,-0.19132035207047582,-0.14147417241880292,-0.35525615485662426,-0.04006849139985286,0.0,-0.10768183183458313,-0.2522296634776468,-0.0167275072977875,-0.38424554794906657,-0.035860967046871355,0.0,0.004233627843265013,-0.24900361652680977,-0.2521078870450772,-0.34367341543130936,-0.23500975667016127,-0.5574198292812655,-0.3713415316704887,-0.3182815317503403,-0.14257833491064642,-0.3864514074414461,-0.6043850627470295,-0.49902954568681834,0.02621824943147274,-0.022116802167570324,0.004855536538426114,-0.07001952776037763,-0.09636334338320811,-0.03913745854602476,-0.46759233490785,-0.3553264306865963,0.05082599047047609,0.0,-0.029922620677804625,-0.16495763728666288,0.9955234216135843,0.05549178070391329,0.059659444524545885,-0.4689701731354105,-0.12034571393889024,0.7891862788045033,0.05055101765574813,0.0373367589437343,-0.27462519355002857,-0.19396137703607558,0.7115981532813557,0.038735040670580936,-0.009941283179726725,-0.2602680505367802,-0.1775525834651418,0.7937725042985602,0.058222573752859795,0.062282938827249834,-0.23486854937012352,-0.1429512290583158,1.0,0.055997585627109665,0.05082399021372956,-0.45139922534043786,-0.23776545123187565,0.7974087852593473,0.048492022051758614,0.025080825889236772,-0.2601618207856825,-0.17752930944573383,0.6988420686936254,0.05830968925277707,-0.020103855624806367,-0.23414378263714336,-0.15588271141469512,0.7760368965785234,0.059907090850680536,0.05425966739967533,-0.417347960531807,-0.1220275891471603,0.9942568300835178,0.05537772636877347,0.039853850442765494,-0.4309245757245797,-0.22219046327241482,0.7334566321468023,0.045356384725763796,0.012866636285550898,-0.24704973726700383,-0.15926713581194357
alpha101__alpha073,0.006757585959189728,-0.021022423373550116,0.34113050970331993,-0.056769274547609494,0.0007394634745606104,0.4586798669652888,0.14102153980452484,-0.01095827455418041,-0.01707053636977019,0.029725017186656117,0.07090153129103358,-0.06499360566629986,0.10491954388811575,0.36703500693052504,0.08488408858094401,0.06919740829153777,0.0023068738730119987,0.05561802427805387,-0.020906469043220775,0.2055281885045211,0.0,-0.09746988460224655,-0.06565213443807376,-0.21587808944592737,-0.00641802048225919,0.13438191790624707,0.0,-0.014036862967789377,-0.025572891122970787,0.014575136477202716,-0.030400631376831033,0.035420374072272186,-0.01364597574680557,-0.0016337266745046106,0.004106177306119524,0.09842457999294943,0.0651210657523392,-0.027966376760243807,-0.05853717476926678,0.08019648547923719,0.6267130629358327,-0.5933999136350486,0.08441791523014933,0.08671643001230359,-0.06896229826395206,-0.037098479707774946,-0.19082003617450774,0.008315255707332263,0.0,0.16462052810614905,-0.1552111132923612,0.05770562855533181,0.9941310392641696,0.11947297040138886,-0.0207729258102865,-0.08829618273115078,0.061656471760454475,0.9886605522183146,0.08183220238850003,0.00024030643097137125,-0.2631950350638408,0.0037348826847787213,0.8111605804634494,0.06572210144647492,0.009167657428253845,-0.19313070210962122,0.038032880238023564,0.9790836997150154,0.13697185860581237,0.008250071921714473,-0.11674194334833006,0.055997585627109665,1.0,0.10993584407051703,-0.017117299084611137,-0.3009093045394035,0.057878248416723094,0.9735382163486506,0.062839226191905,-0.005975154864781314,-0.22959495150703751,0.001523725113416798,0.9437867779474488,0.04129150210003619,0.008176423679250007,-0.14958613134980345,0.03599894143630705,0.9861783466316,0.1318805660761696,-0.004412042441333418,-0.08336155222637177,0.05382283761059018,0.992776283751401,0.09580081115169835,-0.014190559986975937,-0.2745195427825928,0.07055680340736525,0.9436367752506098,0.03832717143037194,-0.00996136381860753,-0.1890072236537481
alpha101__alpha074,-0.017415535603937996,0.09583769957972083,0.695585037573512,0.0938132292942619,-0.0048823915079121635,0.5159800233913341,0.29558595470671384,0.028121767930264382,-0.0040557447114961155,-0.00861317713843871,0.09768396385639742,0.16773475305148378,0.3357866431266186,0.41246450017252295,0.292933459342322,0.4696583944717546,-0.022040845003154785,0.20668646003806335,0.05297548010630298,-0.11347374221944546,0.0,-0.03403302464781261,0.04075914367538775,0.3306584439200465,-0.025518844548761906,0.2663471269614659,0.0,-0.12927320812520066,0.10691380232851394,-0.03906371374901122,0.1297953301557069,0.026718366972362947,0.01054298920607289,-0.03575569066706814,0.06985134998198463,0.024418714935031408,0.07621383581841264,0.01977574940283395,-0.03127586328767596,0.7838431406157161,-0.2374344424086912,0.2682761732878048,0.1688023988594895,0.31247653617479076,0.09158896488620397,-0.018452890611195746,0.01895604452281702,-0.0015655123008639076,0.0,0.48910160004067926,-0.36393387968041435,0.04820555649119797,0.10631967987518907,0.9565642137556906,-0.13929707533907443,-0.2730452750179488,0.04262771636960276,0.09679953362096212,0.9307938858107381,-0.051138967787565257,-0.49995667407337996,0.04483832136722142,0.07374156006663089,0.742961056165863,-0.06490471635685385,-0.41021633480111525,0.058913623950643465,0.11036829501753855,0.8850764866543978,-0.09837448695397072,-0.31924769017033167,0.05082399021372956,0.10993584407051703,1.0,-0.1395981063445094,-0.4614775528846688,0.045151027948296465,0.08750543646165512,0.8557543786572899,-0.050477162861653914,-0.46412837966187165,0.04317255135491445,0.11412887102520533,0.6573281607883028,-0.06119789670831613,-0.36481191126644563,0.061154715111932545,0.11968721079166689,0.9319561934699008,-0.12087600525614861,-0.2746018526936174,0.05282532083453709,0.10682840916617053,0.9478125536437473,-0.13906652501870245,-0.47748077659768534,0.02775516012540542,0.06869331419095404,0.7706099355896712,-0.04867749709034797,-0.41522268609801577
alpha101__alpha075,-0.3606130370484713,0.1245331368065586,-0.10448294970675197,0.300567460271104,0.26561497649413,-0.033673317206228105,-0.05233954263004638,0.5332529389959998,0.3020388534297282,-0.32486138929925384,-0.1247249909886081,0.1038604924333229,0.05014825749721579,0.01664134972747617,0.02482058604941293,-0.05616632794807435,0.2735468920181417,0.08301525421414654,0.37798521374656896,0.056989027453982224,0.0,0.10011444251766195,0.3204865568065012,-0.09207398153795253,0.336842560131214,-0.009843071364526217,0.0,-0.020432199251498036,0.23131219610454407,0.3894649273340132,0.03779485674836752,0.19747058728355102,0.3588903452886184,0.3118009739653246,0.42273023098688123,0.14436377335497072,0.21865164452470737,0.4996634676593079,0.39638152427811274,-0.13559562207697917,0.009983574042640553,-0.006082433732495644,0.13590511103877734,0.05309966005098561,0.05143389529663559,0.3722587275906924,0.2947173577227088,-0.0257181738502002,0.0,-0.042357172149485055,0.25378608364112654,-0.44083030365165726,-0.016531938392713524,-0.141257124101648,0.9911589323383339,0.15624007861176004,-0.37579150198492567,-0.012211319280525561,-0.12324957773320758,0.579327600593361,0.2646022534157993,-0.557382195839416,-0.0363971416478375,-0.10205648132436705,0.6553801944064047,0.2826012549354319,-0.5161205085955871,-0.017012715134932885,-0.1469826127200425,0.668921441743789,0.220127229066449,-0.45139922534043786,-0.017117299084611137,-0.1395981063445094,1.0,0.24753823924171905,-0.3859575875990235,-0.011256358953083167,-0.11482596335073236,0.5030941454694096,0.27162352323145994,-0.5490392941460234,-0.0136082501548199,-0.08800529722282485,0.5671758148559383,0.26257801344446424,-0.5196721505204968,-0.01904500753385958,-0.14648485083036894,0.9760808326718083,0.16981957952759355,-0.4594976204070119,-0.017425417073804954,-0.13453242976790902,0.9899392996522538,0.2575277208472007,-0.30592989234008616,-0.010752543134152371,-0.10319169906367726,0.42579973353421136,0.2656237860936733
alpha101__alpha076,-0.16588837399920733,-0.047457498883228554,-0.4355608034124032,0.218373645611845,0.2469145756288292,-0.5481708029649456,-0.3104109687015545,0.24991033126770806,0.12113131089636094,-0.1455343753303741,-0.1817990160321546,0.0010022579481363276,-0.17679491281989812,-0.44468048399506593,-0.1503805555630991,-0.250913186941258,0.15176161209520989,-0.024696574584140818,0.21513029482876947,0.052231915244328936,0.0,0.1093052358727075,0.20364435582122292,-0.05063628449389994,0.15188914505224174,-0.24025802142102753,0.0,0.09101882109962259,0.20725338944370114,0.07771620609261075,0.19868927979873566,0.1251403511528011,0.14164025814605308,0.175665378641052,0.044417018989032477,-0.057744942601509676,0.06703583567686944,0.2575981644193751,0.3334104178139965,-0.5269718235606973,0.02661933141598301,-0.04948436231803664,-0.2681366783419831,-0.2545117002020634,-0.013145741910494136,0.23343305085865648,0.13636057745875427,-0.01904212384927435,0.0,-0.28361510002425244,0.6485713106461183,-0.23690224372376845,-0.29330004409949917,-0.4823069854277738,0.2618547707952449,0.45131642847243164,-0.22055467270401177,-0.2828253691799664,-0.4186285562338929,0.010506958351720252,0.8890580435035634,-0.2264358732959867,-0.26108296770163275,-0.34566065014595887,0.03636304198631447,0.7322929136181353,-0.26586464949938765,-0.3008145888481124,-0.4695270674687479,0.03479049348812633,0.5500556738410958,-0.23776545123187565,-0.3009093045394035,-0.4614775528846688,0.24753823924171905,1.0,-0.2198255197064599,-0.2720863054017696,-0.3767965733072179,0.010750149748063665,0.8019926393361732,-0.2176986173666125,-0.31080748499968425,-0.2921499213381266,-0.006805231158465186,0.6358341373545395,-0.26408017296363734,-0.31498845209575693,-0.4876560525103607,0.21813912364836985,0.44745811015091375,-0.23742045994931416,-0.2990903884218935,-0.42477948691523376,0.23165013167001156,0.9350790991465493,-0.20153115673001737,-0.25046360151167807,-0.3259459086271704,0.009829469127484123,0.7053613167060091
alpha101__alpha077,0.3040929209578423,-0.12388233027900199,0.048374776585066545,-0.2381944623486005,-0.5219537664822035,0.014915412994398174,-0.02515786176703632,-0.293362041325165,-0.42109965695731433,0.48350383308418654,-0.0767228427148283,-0.11801720672867846,-0.09990099676572947,-0.08432437043279913,-0.04454798845531371,-0.04548680227639081,-0.17393024140790397,-0.1457228429607519,-0.3142585035710402,-0.04068533322709029,0.0,-0.09417149818225128,-0.25798010786174297,-0.014409851016828042,-0.4023777889694878,-0.023168555818792343,0.0,0.00908617525177358,-0.2156916384022118,-0.2606206220561139,-0.3597058810344864,-0.2349164913254243,-0.5854739474265425,-0.3909116980926944,-0.30077193379575967,-0.14248731153382022,-0.40466522443248354,-0.6112223561112979,-0.4666599615632801,0.019532730855989867,-0.023119758669054604,0.004801235010566386,-0.06734406742112717,-0.08862102516862348,-0.04056601004493149,-0.37382507701975487,-0.3391619897498755,0.057372359714028404,0.0,-0.028736279299659395,-0.16325879740900384,0.8080876552674081,0.05846468090047125,0.05256829632631717,-0.39955967976492596,-0.13556142968825688,0.9933250781986724,0.05376843387852398,0.035300046774604105,-0.30178397098067183,-0.17736650225588158,0.7110405593708745,0.028804946629704124,-0.011154433766970558,-0.2830250622105544,-0.16743600076780782,0.7294613851422667,0.059246373158119904,0.04859511087139768,-0.24530459936647026,-0.14671961885530815,0.7974087852593473,0.057878248416723094,0.045151027948296465,-0.3859575875990235,-0.2198255197064599,1.0,0.050812855632910776,0.024353950018628043,-0.28983960144383797,-0.16632624306443985,0.7040536465584848,0.05088753963363786,-0.02043380084316752,-0.26215350025207884,-0.15396428288546776,0.726342587486166,0.05791910238304186,0.04230434184536655,-0.35554652016715965,-0.12874276008191615,0.7886841913632385,0.05635378980635921,0.03514129537137812,-0.3707390383015039,-0.20860232252276717,0.9220336846778319,0.046754398839947336,0.013934439855361662,-0.2754396829780539,-0.15520169624397864
alpha101__alpha078,0.004884098611053813,-0.04270074285855752,0.32727183779787966,-0.0748010932877483,-0.008902495463525764,0.4310182785795767,0.12766581607454072,-0.01934394405576249,-0.012904203260898774,0.025678412515449667,0.06263509052236203,-0.06705052220208303,0.10701385281837819,0.3478450671321552,0.09005198346280155,0.07905900715337157,-0.006462609618204277,0.0337292434000816,-0.04197939589574441,0.21091489604265867,0.0,-0.05533294032154864,-0.056798386820914634,-0.221857341390776,-0.0026407926119454317,0.15222039635636786,0.0,-0.0117106475818992,-0.05482859226803039,0.03256039373159576,-0.0410727536121267,0.030428677031853063,-0.011310530833457259,0.003893944203853037,0.005760421567345301,0.0871096276696883,0.06310658417936574,-0.03231966494900711,-0.07129409228244603,0.05229052456673422,0.627542026357828,-0.5926938848645058,0.07341628060871792,0.11119322595136238,-0.06978618408959271,-0.04712344804134281,-0.19641832972298068,0.007671298887773377,0.0,0.16560145311070212,-0.1733076635718385,0.0505072259571943,0.956318641092355,0.08974809631483902,-0.016392879825511058,-0.09649996161274062,0.05480263865916447,0.9917883347893895,0.07368862946456206,0.01715183561453207,-0.23942653185619214,0.008219127819796336,0.8574304585381733,0.07820687876387285,0.019349256160424325,-0.19717133863513955,0.034636887433123764,0.9258444762224345,0.0983737554977962,0.018734841836137786,-0.13467973285591062,0.048492022051758614,0.9735382163486506,0.08750543646165512,-0.011256358953083167,-0.2720863054017696,0.050812855632910776,1.0,0.06627872906498619,0.010899495555692836,-0.21828689052076114,0.005577551414922783,0.8859332392381342,0.058713540694886164,0.01904157934959995,-0.1663662621280787,0.032300792166135954,0.9401593315096942,0.09842419710722546,-0.0012061886485517515,-0.09085490856994494,0.0461246290620585,0.9866148220719692,0.08279019534395467,-0.006710720848684696,-0.25742844105308765,0.06562894763038954,0.9882919473709816,0.054998069105079206,0.003590074524055582,-0.19086839356635774
alpha101__alpha079,-0.023438987917013047,0.116014357749164,0.5614541973038149,0.09068472637007217,-0.0027390049406634813,0.4082709318041494,0.28161938214084703,0.03908144736366077,0.011728125866070768,-0.020099714236934203,0.09572414098075276,0.18273137931683633,0.39648568018720437,0.3313447950539163,0.35245927494490503,0.5033477555643504,-0.018940148067941663,0.1440084505282846,0.05259060868170299,-0.10593985983562325,0.0,0.14407984153123113,0.049240984240910286,0.32216660724362667,-0.012507781458766505,0.29109916120916524,0.0,-0.10840239622805435,0.08704350297541873,-0.022125335993773622,0.1353177513449715,0.022962359715566552,0.023015279275581915,-0.026144639313226633,0.07912738778248514,0.03337437332560988,0.08098212387949225,0.03482516733624354,0.0033749896796065938,0.6819060386952451,-0.22174443556869147,0.2510891984520377,0.17077317455512955,0.3779844350216445,0.09767856642387761,0.002272121235455366,0.02899517212739865,-0.000401238726973614,0.0,0.5365872392246224,-0.4169373973790443,0.0223086962339352,0.049201167824168945,0.8021545161397535,-0.1131260463010096,-0.30950126287139473,0.021970647594915384,0.06569448045590696,0.9362435521860927,-0.03301409843640371,-0.419131961662448,0.039168350170728866,0.08220823483716844,0.8439781062129955,-0.06522866601333718,-0.45740437977900344,0.028123818948999638,0.04200543338178415,0.7303057422658089,-0.0971969292064044,-0.3638040971700344,0.025080825889236772,0.062839226191905,0.8557543786572899,-0.11482596335073236,-0.3767965733072179,0.024353950018628043,0.06627872906498619,1.0,-0.027553294975769867,-0.44544337439250625,0.03871934920764862,0.04168600120584154,0.7468183905790708,-0.059175603394067015,-0.41609478523658744,0.030036966634454296,0.05403687795255822,0.7729803106027892,-0.10253277260303098,-0.3091681868609924,0.02803348969498987,0.07157145467300861,0.9196960686256822,-0.11632738142102683,-0.40496224706903927,0.011991021118931747,0.057035417716383464,0.9209088251167359,-0.028818148654606815,-0.46044970209633485
alpha101__alpha080,-0.3757068165189455,0.0030344329883486556,-0.02733591536528708,-0.03058710765105373,-0.01727681157902516,-0.021758891451232346,-0.06919910387089197,-0.062124209261346756,0.3964061930889592,-0.4453861198662965,-0.12920924217359825,0.06979887589805603,-0.03387557245202817,0.11946705748240485,-0.014437363246018645,-0.054058129081262375,0.13646789514443583,0.056914262688936394,0.07629678635052652,0.01622307214706479,0.0,0.044813508044120626,0.27630071768224773,-0.04470551762462588,0.4076779185083631,-0.060575806156994476,0.0,0.06823492580240083,-0.2260963658284475,0.4396493873418254,0.062148387125117985,0.04869575622462679,0.42364167886890863,0.3605129879772779,0.26889180383407,0.11671379279265619,0.27318961386352153,0.4238612084854387,0.08988153582306496,-0.05144335098448668,0.009220616781046707,-0.006238117971364284,0.08739241634862721,0.04044240938482027,0.025591948826313386,0.09030302841792363,-0.061303325688101006,-0.02792870997886417,0.0,-0.04037476057950056,0.08571014879628411,-0.24964984592572184,-0.011452073794483382,-0.05479022543122071,0.4574164798864819,0.14548158135309838,-0.26928342362979457,0.0011899546398125703,-0.037187490707859386,0.9432995514571922,0.057082441069423125,-0.31148265810159687,0.03112022749824972,-0.03796037034536485,0.8469298839158673,0.04858669178925939,-0.25566351339310467,-0.013466345342595715,-0.06055880047742908,0.7185461993678091,0.1289566018582323,-0.2601618207856825,-0.005975154864781314,-0.050477162861653914,0.5030941454694096,0.010750149748063665,-0.28983960144383797,0.010899495555692836,-0.027553294975769867,1.0,0.05789023172248394,-0.3179496048547706,-0.02091715079029301,-0.03665256553477823,0.8451427927455144,0.09963014882557307,-0.2636747290318811,-0.01101072773262041,-0.05823159137463678,0.5117646768524113,0.14970130440274595,-0.274738710387322,0.002867655523822213,-0.042115277369007845,0.5546075623248015,0.0014152189590744462,-0.22699470117261974,0.021096855314033065,-0.02253553223019129,0.9329952418878644,0.08092479046363225
alpha101__alpha081,-0.1668744249180195,-0.09458598693786646,-0.39220892605107105,0.1361088907963636,0.18585312123080175,-0.48451389849242466,-0.28220306901103065,0.19347273906941673,0.15092166000314,-0.17160584336404974,-0.2249777804190935,-0.016205871866177494,-0.2527168174595501,-0.3676122644498581,-0.2006237283123543,-0.3391944466722853,0.12019729485684366,-0.031850607661092184,0.11782879300711158,0.07419956916108549,0.0,0.014914463130065135,0.22252665690979706,-0.06879883810726864,0.1767803145902272,-0.3219828818269552,0.0,0.13403586516372124,0.13101197877975618,0.2026482618444127,0.0938991564726984,0.11517477367085098,0.16038253711197548,0.2048175419248847,0.02021084847824686,-0.0371442063882055,0.07510275165862657,0.23245197443847634,0.27197855149973704,-0.5570640253383393,0.03496116093152202,-0.05575074433124112,-0.15974145297206735,-0.3225105927297082,-0.023356925388025567,0.12183893169905584,0.16437705161196767,-0.024513166118341624,0.0,-0.3643323497366844,0.772444828006864,-0.16763453465217024,-0.21278486462773172,-0.4367184364950038,0.26798802229833935,0.511027925459118,-0.15844232191575874,-0.2200858539337667,-0.47559416992067016,0.0881684571839966,0.926647891812203,-0.26769568063309107,-0.25001121503182683,-0.4424059488839829,0.17089601107253358,0.8991502971702601,-0.20397419192737992,-0.21019518306907578,-0.4277176493199824,0.18321478221409895,0.6432199865101789,-0.17752930944573383,-0.22959495150703751,-0.46412837966187165,0.27162352323145994,0.8019926393361732,-0.16632624306443985,-0.21828689052076114,-0.44544337439250625,0.05789023172248394,1.0,-0.2674932141050457,-0.21746870722150716,-0.3756696055779254,0.14018214564693773,0.7853872676242311,-0.2123601937021017,-0.2336933897868047,-0.4516363755624865,0.2621768105108881,0.5190514707012739,-0.1862314386419564,-0.23730371125954988,-0.48677093563410667,0.26982771815684087,0.8792314468774863,-0.11327465299509419,-0.2038547619351359,-0.39273295954360865,0.040649632937240346,0.9145038035751719
alpha101__alpha082,0.3714623659808992,-0.14629039942962166,0.03885160411635469,-0.29863324746030123,-0.5256983785379783,-0.019855674343310748,-0.0786362725367908,-0.423647815644929,-0.4230291326287342,0.48276628726110316,-0.0434738821531546,-0.13613040993682224,-0.0948797938898172,-0.10535898205565564,-0.04373733943853058,-0.03170050704914545,-0.21884765474577783,-0.16052928554789775,-0.3619656912372541,-0.04540286495038989,0.0,-0.08889610040810621,-0.3219234496104309,-0.03184296911397519,-0.41366520562859477,0.0020806272607245073,0.0,-0.016639409287722874,-0.3074147226109175,-0.3808927740062239,-0.2568400130145225,-0.2594044201274716,-0.5873378722815878,-0.40686440587947437,-0.3257991151252676,-0.16296076136668478,-0.4046065595847129,-0.644422404694532,-0.5211257204830726,0.040906640861646706,-0.024690624698573662,0.007740895612318657,-0.2909981633649241,-0.07641462716782399,-0.05866323500156762,-0.2876234843517672,-0.4427293218491832,0.05658883601704982,0.0,0.01291448904095994,-0.2330823561035122,0.68344851116288,0.0021099791831255886,0.04393070108213209,-0.5435482412245244,-0.12598724668939137,0.6867919181872432,0.00322142530115062,0.03995624303437785,-0.37360212393947967,-0.2532575591802723,0.996735327430163,0.025095959674451006,0.03415448987047952,-0.45293487056214754,-0.2701535383368986,0.774573698217634,0.002538530711975771,0.048722238170900364,-0.4471428479141299,-0.18355262477262627,0.6988420686936254,0.001523725113416798,0.04317255135491445,-0.5490392941460234,-0.2176986173666125,0.7040536465584848,0.005577551414922783,0.03871934920764862,-0.3179496048547706,-0.2674932141050457,1.0,-0.0010055900900914592,0.019017740653419834,-0.41029351167786443,-0.24529460892666358,0.7878249770061786,0.0011922980874066904,0.04740632579829035,-0.5649559970287067,-0.13263627565113736,0.7138239810561492,0.00437002089678917,0.04221024646220557,-0.5476554660504381,-0.23814813877066024,0.6115988341085112,0.007177399427481708,0.04076346612669701,-0.2763051485181924,-0.2638661761226408
alpha101__alpha083,0.0037691754881187625,-0.017771484290926873,0.3478974522880961,-0.029823034609339064,0.0224350927730013,0.4746608999953066,0.1395408797519696,0.026969218438073955,-0.020531220701314298,0.03095582148139507,0.07330962598902921,-0.0660975877069133,0.10685686528940888,0.37353352799365896,0.08274852124853835,0.06507350880950638,0.015055940500970297,0.08747221845487813,0.005025782484373944,0.2030875852482431,0.0,-0.10359525662302228,-0.06896024707973858,-0.22396737919624926,-0.004876636152802086,0.1170166759407506,0.0,-0.028552492090254605,0.0016836010192693477,-0.014072432625854428,-0.0157236125520625,0.047234214818463155,-0.013086587989240154,-0.0032077496041226397,0.011977333145627652,0.09048248153420572,0.06243738370655163,-0.016954918484323955,-0.051728769156916446,0.09483581545651906,0.626908630880216,-0.597136463471123,0.08154317759990547,0.07662564569917427,-0.06892509573055748,-0.0005611765380635867,-0.1942805447482218,0.009954677227954564,0.0,0.15584314563419166,-0.1352953797971343,0.05873591227957,0.9505295624813176,0.14189203928994348,-0.016360493221793747,-0.07969498445670475,0.052240052266672415,0.9062099366178215,0.06640445131549871,-0.019962761608725312,-0.2664738738891764,-0.0005677872468106978,0.7831148539481367,0.06149533727011278,-0.007608056200252773,-0.17066326830541637,0.03194609698004962,0.9824859373217808,0.18530477954894878,-0.004354305642992591,-0.10386928775881418,0.05830968925277707,0.9437867779474488,0.11412887102520533,-0.0136082501548199,-0.31080748499968425,0.05088753963363786,0.8859332392381342,0.04168600120584154,-0.02091715079029301,-0.21746870722150716,-0.0010055900900914592,1.0,0.03989985383773672,-0.013229908762376303,-0.13365751317744806,0.030164392913159192,0.9781903963041724,0.16856965218708636,0.0006471156942747242,-0.07569177530136485,0.05670832771132991,0.9275701623393559,0.08585993214007388,-0.011659938535959324,-0.26260578800114154,0.05029940213039109,0.8553020953075617,0.020642289827808843,-0.019661888336520057,-0.173170100317184
alpha101__alpha084,-0.05564699466975902,0.12021158034760343,0.4423816281845045,0.1531551605481397,0.047018017419574065,0.38202701850613346,0.23888410972081986,0.07557865825264155,0.033655855521726424,-0.04394381236343966,0.10325823414926998,0.21294274619512676,0.553770687028503,0.3169236297255925,0.47436390500000314,0.6282593590956991,0.007093254269003241,0.21467452248365942,0.11297699814488671,-0.0940958652947584,0.0,0.3123181334045842,0.09172482365596228,0.27294901208038075,0.012020263588977625,0.31852164116706194,0.0,-0.1352955096916187,0.13061535222426657,-0.07561069536345712,0.196220640417455,0.05239597440096676,0.04133458088048844,-0.01383627764023785,0.10193742534232135,0.02507990979545697,0.08927110931565693,0.07986667799374533,0.06003907619335904,0.6387861805376642,-0.17689966600226434,0.20897395241520816,0.14121301337620448,0.5165919695333664,0.11491676926371851,0.05860556192887112,-0.00957622474219862,0.0015813070571960629,0.0,0.4995912870029302,-0.4172458378661303,-0.02455080288055582,0.03136413080935284,0.6198127432033897,-0.07885985495717003,-0.3819588780708014,-0.02603282560891102,0.04358350744883565,0.6886558385823989,-0.0532865562934652,-0.3455231423247749,0.016929126813837545,0.12216031086512233,0.9003010264726696,-0.08654347769043107,-0.38549360779264197,-0.012752148255711245,0.03225615184302578,0.6104550536547023,-0.12887259088506356,-0.4508052531521852,-0.020103855624806367,0.04129150210003619,0.6573281607883028,-0.08800529722282485,-0.2921499213381266,-0.02043380084316752,0.058713540694886164,0.7468183905790708,-0.03665256553477823,-0.3756696055779254,0.019017740653419834,0.03989985383773672,1.0,-0.08943350530511206,-0.42208369559972636,-0.00912890918022785,0.04211188796618274,0.6417896217116298,-0.07989125089661553,-0.38415638828223686,-0.015258213745264973,0.053700438325964224,0.7024657788568333,-0.09593756859472849,-0.32062426090647683,-0.04320076137323797,0.06370507660346364,0.825302129769461,-0.02467088018484091,-0.3978837444375082
alpha101__alpha085,-0.3173689970869685,-0.009666771820086385,0.005328895503042025,-0.08251766918763227,-0.06052263360845191,0.03677091081081879,-0.0500889412342101,-0.024176415031204556,0.38059621899052665,-0.4375111652220417,-0.13061450836797892,0.04735222406682322,-0.06267485142353654,0.1545322814176897,-0.0451098580343662,-0.10644521096184362,0.11395808587728161,0.06580153116415796,0.013595580863667339,0.02346998979830237,0.0,0.0387606170195537,0.26510374062463604,-0.07875170441077065,0.40250760941704106,-0.11025871133601954,0.0,0.06952205680928268,-0.1835774838970834,0.4447952735498385,-0.15371391669648207,0.04021274439176121,0.41194405133996587,0.34144693294899725,0.22507099354710858,0.11295685208759475,0.2440703797561092,0.3701945652692061,0.053577694978199975,-0.08075502674285255,-0.0035419238307913777,0.005546720191484657,0.20886653280831174,-0.00032944359673578536,0.013980129155425541,-0.03098588499636518,0.018117592145478065,-0.027563924232852487,0.0,-0.0889090537324877,0.14189781479566743,-0.21708862586332853,0.0006858857546866066,-0.06237935964315135,0.5088030295457197,0.1631704830972294,-0.239309820097042,0.013198714326127665,-0.05567146606572387,0.8720898230503292,0.10152955646121459,-0.39580460934804274,0.02220465611044346,-0.09107989273980972,0.9638838194174801,0.14175938538113195,-0.2448968554223091,-0.006087709319810492,-0.07636498396616676,0.9186131675108378,0.15921396424547696,-0.23414378263714336,0.008176423679250007,-0.06119789670831613,0.5671758148559383,-0.006805231158465186,-0.26215350025207884,0.01904157934959995,-0.059175603394067015,0.8451427927455144,0.14018214564693773,-0.41029351167786443,-0.013229908762376303,-0.08943350530511206,1.0,0.16415527026726415,-0.26267036487978823,0.0017847890840487987,-0.07329533545291464,0.5910880316659402,0.171390269956233,-0.2531330463728609,0.014631498921303441,-0.06179730605780088,0.6294903438531871,0.030092445320760743,-0.16597580454980895,0.024066607057425388,-0.06464716629575191,0.8096976391052212,0.17546121826104533
alpha101__alpha086,-0.18500184922516014,-0.1647240376226743,-0.2758494812440615,0.11097344137121387,0.1563123056433338,-0.314671779464478,-0.2766047309104911,0.19150378924622824,0.13308274466457523,-0.15212569913203955,-0.22618158445693484,-0.057314238265422694,-0.33290030093337536,-0.25225600966841427,-0.25094226823715254,-0.410441551919287,0.08839365465827116,0.046158665111304224,0.0210253916263014,0.06404257689018132,0.0,-0.16965666248191497,0.21195537068899442,-0.06736239484320962,0.16533271907334396,-0.3806202961271444,0.0,0.11715451027767405,0.09433952013205725,0.21420637682642948,0.0790353270674585,0.11002295636360439,0.14564776183046443,0.19586806257242761,0.008222477132338014,-0.06518793344880801,0.07023061721427605,0.19063110543307876,0.1427997445541489,-0.41689347719037373,0.03019558734217149,-0.04663746631660172,-0.1873044924010983,-0.43249486717654434,-0.05368740227212687,0.12313368804314156,0.1257536516681669,-0.024842957917441837,0.0,-0.3508357293951621,0.9925870082388305,-0.14688803869322414,-0.13601165742850163,-0.34310120034121755,0.2536305189720461,0.6822251358922653,-0.1435797366283303,-0.15621312506036736,-0.38426826355651367,0.14099889298819462,0.7048737636145435,-0.2434426951370895,-0.2135999281780007,-0.4716831747855468,0.18876676469171091,0.8920584096777953,-0.16586482282838383,-0.13312525912477183,-0.33055304964406623,0.21344983382951513,0.8588086897956599,-0.15588271141469512,-0.14958613134980345,-0.36481191126644563,0.26257801344446424,0.6358341373545395,-0.15396428288546776,-0.1663662621280787,-0.41609478523658744,0.09963014882557307,0.7853872676242311,-0.24529460892666358,-0.13365751317744806,-0.42208369559972636,0.16415527026726415,1.0,-0.17221746391488016,-0.144883070316782,-0.3481983833428917,0.24920570104628656,0.690063865185334,-0.16630475668369057,-0.16736463476205984,-0.39105204187763426,0.267750110991115,0.6959224844696035,-0.09998681874169195,-0.1643591018312507,-0.446696914794132,0.04230506161002798,0.8789686071653728
alpha101__alpha087,0.31264918934061303,-0.14631879474316514,0.08409125217727341,-0.28578558305122365,-0.5330781936189154,0.03652505064837497,-0.06109579074111136,-0.4988203483646955,-0.3972794260826025,0.4551153707654818,-0.06217800944297337,-0.12203861078925456,-0.1104116921368579,-0.05254973190954865,-0.05385213878512224,-0.04958044274155923,-0.20953716964961494,-0.14533508685149293,-0.37928820458008133,-0.04321724755946646,0.0,-0.12476780648973966,-0.2745448389454451,-0.024961549310384416,-0.38486939434579426,-0.030809246027543088,0.0,0.0018798756261091713,-0.28533396106368897,-0.2971675654357401,-0.277453570905027,-0.24192991063208863,-0.5548090163338207,-0.3763528820056868,-0.31784363283001416,-0.15810383151440172,-0.3847467734238402,-0.6169683684183364,-0.5238609698154114,0.051783920353052904,-0.022168971307429498,0.006736574919145617,-0.16548377455609467,-0.09318004782624849,-0.04553060206631274,-0.43914689291396114,-0.3865882417673592,0.053421590495062114,0.0,-0.014253349670639341,-0.16977767691496728,0.7642164279674152,0.033346387560001814,0.07034184093130384,-0.5276656966809329,-0.10612758992332244,0.7162582859502576,0.032218434321825515,0.04533269128856592,-0.28194280918081555,-0.23638615226857634,0.8068864000828474,0.047965561191611696,0.004061967109869731,-0.3046242596447889,-0.20268429454801265,0.9959062143151053,0.03275829574850662,0.0747043781713833,-0.31914337448296315,-0.14047735589530916,0.7760368965785234,0.03599894143630705,0.061154715111932545,-0.5196721505204968,-0.26408017296363734,0.726342587486166,0.032300792166135954,0.030036966634454296,-0.2636747290318811,-0.2123601937021017,0.7878249770061786,0.030164392913159192,-0.00912890918022785,-0.26267036487978823,-0.17221746391488016,1.0,0.03757805728626933,0.07081847090162065,-0.5165267486963548,-0.11279002887086018,0.7865823094170504,0.037823779929907646,0.04826294188484594,-0.5044384882972102,-0.24497738120281742,0.6578654950033437,0.03130597188879989,0.01598414629427757,-0.24750679314739124,-0.18476240692311435
alpha101__alpha088,0.005252621072543284,-0.020203383965363225,0.3580773391778387,-0.04444311855996798,0.008385084054527004,0.48912131539683734,0.13984454258695123,-0.0040205363354889065,-0.018448598454232638,0.030144930748342767,0.07183451674960907,-0.06538714524309078,0.10583469773901487,0.38916711836157014,0.08366977527300692,0.0680488343628608,0.0077183599178163535,0.07445287656599274,-0.009746691010031484,0.20424962897442128,0.0,-0.11175098280071723,-0.06706428216315709,-0.21971272220881963,-0.006078465712877494,0.13154680037984604,0.0,-0.020344656064546714,-0.014008417438460551,0.000985654447455706,-0.023489040349125426,0.03968829952098481,-0.013481332642395543,-0.002464217431064183,0.004926806801605207,0.09893257923587595,0.0631937553478097,-0.02377586092207159,-0.05589696916847045,0.09804603403944696,0.6267466623344664,-0.5955435173919397,0.08544463060029338,0.08305369895268973,-0.0689226589231782,-0.02704052686919219,-0.1937543532138976,0.008905872047322015,0.0,0.1648814359156781,-0.1487674475634008,0.061458045594976994,0.9850663333714256,0.13407836472480392,-0.022141712867060466,-0.08568919188135868,0.06062037357786896,0.9576617732580106,0.08105637852356398,-0.007229048670746195,-0.2769938268102401,0.002987810021519521,0.8094683374268342,0.06573719877965131,0.0044176169269648695,-0.18719861263671364,0.03944043334072889,0.9936885386372549,0.1607728353034395,0.002232435800282735,-0.11277340166563286,0.059907090850680536,0.9861783466316,0.11968721079166689,-0.01904500753385958,-0.31498845209575693,0.05791910238304186,0.9401593315096942,0.05403687795255822,-0.01101072773262041,-0.2336933897868047,0.0011922980874066904,0.9781903963041724,0.04211188796618274,0.0017847890840487987,-0.144883070316782,0.03757805728626933,1.0,0.15298920911135275,-0.005041891313333846,-0.0813064846604472,0.05729679312845018,0.9751416628959553,0.098383982984999,-0.0164885795193479,-0.2824447341097363,0.06412826745451874,0.9096458511423223,0.030150034830526723,-0.01169759732033759,-0.18530124235047674
alpha101__alpha089,-0.02067610697627981,0.08995459034720218,0.6764928218173092,0.10998636541531255,0.0027826599921245104,0.5281770023034855,0.2928331133397751,0.034984992011069777,-0.008986623156065191,-0.00581776056672873,0.10098275409782398,0.16353853167999555,0.3258683828437187,0.41967515082017215,0.27679952550829473,0.4710331452157524,-0.017851235687953486,0.2712589031814223,0.06406279191777073,-0.11879788199934929,0.0,-0.05046099886669692,0.04555378821809795,0.3259656760634916,-0.028514588266751302,0.2558360131500036,0.0,-0.14664998044858363,0.12072307800041505,-0.06441882165973778,0.14557096433133382,0.034008328561255664,0.007266832933529491,-0.04127477972500957,0.07235238220074564,0.004986133658257087,0.07567589284816423,0.021577710826880515,-0.0404576221118313,0.7959510100980401,-0.23644715641979822,0.2696437463908765,0.15125087371456003,0.2936561093383268,0.09081229249459678,0.002520872967545454,0.003985067207466497,-0.000653174283509269,0.0,0.4561072390675711,-0.34247157586296184,0.05065441987723969,0.13210417519845938,0.9744964244479926,-0.14473625251352162,-0.2566296970124939,0.03867232621261532,0.11141148159590028,0.8444483426745214,-0.06131066877636702,-0.49732075583684426,0.04846908317842589,0.07574847285438954,0.7242774131333534,-0.07536380169144592,-0.39233917165182086,0.06825045915891675,0.1484714857197619,0.965295640174283,-0.11248927480399373,-0.3007721229015734,0.05425966739967533,0.1318805660761696,0.9319561934699008,-0.14648485083036894,-0.4876560525103607,0.04230434184536655,0.09842419710722546,0.7729803106027892,-0.05823159137463678,-0.4516363755624865,0.04740632579829035,0.16856965218708636,0.6417896217116298,-0.07329533545291464,-0.3481983833428917,0.07081847090162065,0.15298920911135275,1.0,-0.12959687563929406,-0.25960143932341995,0.057315919790728385,0.12464183934708498,0.8693049570743828,-0.14715478019724337,-0.4600044991105524,0.01891736179955466,0.0761587254974716,0.6952459064845288,-0.05442393489930193,-0.40236518978945884
alpha101__alpha090,-0.36631463705761513,0.13019627622788646,-0.0904908426442788,0.30527430394349914,0.2632302971201527,-0.01782655233105813,-0.02563539636921681,0.5266259630525438,0.30495641663267514,-0.32783850795759334,-0.1207670583126118,0.11044225782368036,0.0575418691313557,0.030571652574220176,0.0305156046736006,-0.04045366501603154,0.27624625015864407,0.08554934285322148,0.3921108282224168,0.05119255379562424,0.0,0.09798960188209306,0.3236224111205056,-0.06971484693289487,0.33670445987503295,-0.0038859359608764093,0.0,-0.01859026158911665,0.251782200944635,0.40461799505680723,0.02198861052686649,0.2027533822095576,0.3631145285603327,0.3143359846892148,0.41366282822010636,0.14901598253955625,0.22912412722642211,0.5070266560206678,0.40842498934499627,-0.11920949282020922,0.012490354861634462,-0.009778090561288559,0.1885007295420678,0.060621326209261604,0.05693420385868598,0.3177698261222038,0.29807532960224764,-0.026712471067978083,0.0,-0.037483412518786605,0.23521883705067917,-0.40449182634041214,-0.004462857213505981,-0.12060315892931615,0.9648169454555527,0.1373533518793525,-0.34453855562278135,-0.0016090039761887086,-0.10878417812273387,0.5939215804902157,0.2541817207470542,-0.571081705991553,-0.027607759547183253,-0.09428116992879743,0.6830011504238661,0.2706486374186247,-0.5092876474758744,-0.0040458857589208055,-0.12879671831360423,0.6940110681997641,0.20192600702662142,-0.417347960531807,-0.004412042441333418,-0.12087600525614861,0.9760808326718083,0.21813912364836985,-0.35554652016715965,-0.0012061886485517515,-0.10253277260303098,0.5117646768524113,0.2621768105108881,-0.5649559970287067,0.0006471156942747242,-0.07989125089661553,0.5910880316659402,0.24920570104628656,-0.5165267486963548,-0.005041891313333846,-0.12959687563929406,1.0,0.15242011378238968,-0.4284080387477279,-0.005166234074571033,-0.11803395990688248,0.9724524200465215,0.23552209078228073,-0.275612397730551,-0.0014756522921964936,-0.0929798393477431,0.4316874473423288,0.2574957033843558
alpha101__alpha091,-0.16030529684957895,-0.21884992924975588,-0.17923001956232532,0.007106882170019779,0.09059361626486566,-0.1913476283168342,-0.24757964812036304,0.08152898440199875,0.1412313117954311,-0.166626596134686,-0.20234144129440826,-0.13077420479001214,-0.47343022221852693,-0.12302521869970136,-0.3417573804268319,-0.5276433057064018,-0.0008165706843592294,0.0726342964140783,-0.06436409522492657,0.06540539813012582,0.0,-0.32952679311523336,0.21368923862032196,-0.07411290250901374,0.16892402132271275,-0.3624665678696198,0.0,0.08306544254760691,-0.032241707881247084,0.21806775503006579,0.024765830625614948,0.06666388809428561,0.1448975204378983,0.1966805618514288,-0.010271262248773148,-0.08912977430454579,0.07089095685480803,0.13296521560693025,0.030289384829982644,-0.3012242664831274,0.030199774175427466,-0.04059594946503392,-0.20458253441551189,-0.5766524397588401,-0.1146406147910528,0.10319721331300313,0.007680781911297775,-0.03430960858999887,0.0,-0.28883378897510886,0.6954304586148884,-0.11636210824292584,-0.07941828302984008,-0.2609146359672665,0.15996583557520316,0.9966914999768786,-0.11847750013269194,-0.08441021517824289,-0.2879598913187074,0.14776228552334406,0.4728510694143055,-0.13065114089243396,-0.1326811954888541,-0.34242808748052195,0.17535293958674533,0.5977629041352207,-0.10982462110136708,-0.07745233152795308,-0.2485983220042094,0.17878627742710357,0.8255206544463266,-0.1220275891471603,-0.08336155222637177,-0.2746018526936174,0.16981957952759355,0.44745811015091375,-0.12874276008191615,-0.09085490856994494,-0.3091681868609924,0.14970130440274595,0.5190514707012739,-0.13263627565113736,-0.07569177530136485,-0.38415638828223686,0.171390269956233,0.690063865185334,-0.11279002887086018,-0.0813064846604472,-0.25960143932341995,0.15242011378238968,1.0,-0.1292741684977975,-0.0884918487455033,-0.2914214553062281,0.18041325253905538,0.48554365827490337,-0.09051169812907736,-0.10166283263680999,-0.33725038239334054,0.13186633724378732,0.5811476145976923
alpha101__alpha092,0.3036819142095774,-0.13233981891369972,0.06463461232986493,-0.25667403941219596,-0.5224000250178669,0.025274548367234934,-0.031774341367242845,-0.3547364756172044,-0.406399519909421,0.4669403158838398,-0.06824209036616707,-0.11802541452506554,-0.10506703405266654,-0.06881472882909172,-0.04832108289634597,-0.046633390245898944,-0.18718973648556422,-0.14233962419170076,-0.34370175374271966,-0.041728267735342904,0.0,-0.10764094240100938,-0.26095046018592555,-0.016125122109319892,-0.3907002356526927,-0.025117609216030824,0.0,0.001247131995970992,-0.23782765894500457,-0.27074886991112135,-0.3339950535433754,-0.23681527863281263,-0.5667660497856921,-0.3799408902139943,-0.3179740322057287,-0.1429364571975844,-0.39334951134062157,-0.6081165656681968,-0.49307754061618336,0.0323449145829401,-0.022559519658756827,0.0051384765824036924,-0.08083905194153379,-0.09204170705930759,-0.03935215507087978,-0.45967773808170315,-0.35725595899210105,0.05200795317159646,0.0,-0.02255305328114884,-0.17401428044833692,0.9831919013971367,0.053205174034226116,0.06115720103683787,-0.47428482224313845,-0.1266318790223696,0.7781501151232777,0.04847179195307621,0.03984440694441532,-0.291365485208312,-0.20080406658726468,0.7260351974407203,0.0379615197915163,-0.003951917106196262,-0.27920289147556465,-0.18637554321516847,0.8024965852274828,0.05526917299664316,0.06491566615371051,-0.25557454220036935,-0.15183754578363182,0.9942568300835178,0.05382283761059018,0.05282532083453709,-0.4594976204070119,-0.23742045994931416,0.7886841913632385,0.0461246290620585,0.02803348969498987,-0.274738710387322,-0.1862314386419564,0.7138239810561492,0.05670832771132991,-0.015258213745264973,-0.2531330463728609,-0.16630475668369057,0.7865823094170504,0.05729679312845018,0.057315919790728385,-0.4284080387477279,-0.1292741684977975,1.0,0.05316753241128186,0.042419637437167805,-0.4417710468265095,-0.22315417987273323,0.7185699209847877,0.04283157496138577,0.01595267624742774,-0.2584914945836162,-0.17080121490909844
alpha101__alpha093,0.0040153936757956945,-0.031103052640289834,0.3489432033427098,-0.06214613818214999,-0.002886446915099733,0.4697565628619976,0.13602183675514892,-0.016075974166011003,-0.0152892002199332,0.027286107629075424,0.06772647959533891,-0.06605356601180537,0.10765165889938741,0.3765562857268751,0.08781927762356767,0.07648292969696119,-0.0011995793593097207,0.05259630881191864,-0.032540760758669594,0.20747793075161822,0.0,-0.08108965650500106,-0.05990555679335099,-0.219856198427187,-0.004179407557914613,0.14966360998222264,0.0,-0.016950365027642054,-0.041180517738027826,0.019485801446967026,-0.0316997306550452,0.034193844438715745,-0.012721113610418833,0.0012978404643494228,0.0035555808580022305,0.09053378725682935,0.06301980388052697,-0.02953454268638588,-0.06924856111205396,0.08071541310251852,0.6272099001062887,-0.5943741389637456,0.08344472768158033,0.10066754431342728,-0.06928803777459185,-0.04471699910442419,-0.19397396008351897,0.007978423163676841,0.0,0.17112501430517715,-0.17361447614917513,0.05733220819747381,0.977103662512691,0.11199242236031356,-0.022094937835013137,-0.09355792559066888,0.05997133073244079,0.9904664161207106,0.08460708850363645,0.010586630577878755,-0.26630974493499776,0.007127770030421755,0.8514447859527573,0.08346350615314795,0.015076271757428445,-0.2079953011230724,0.04020645510288658,0.9605163060203908,0.1261984693330505,0.013280975278252262,-0.12816712949437398,0.05537772636877347,0.992776283751401,0.10682840916617053,-0.017425417073804954,-0.2990903884218935,0.05635378980635921,0.9866148220719692,0.07157145467300861,0.002867655523822213,-0.23730371125954988,0.00437002089678917,0.9275701623393559,0.053700438325964224,0.014631498921303441,-0.16736463476205984,0.037823779929907646,0.9751416628959553,0.12464183934708498,-0.005166234074571033,-0.0884918487455033,0.05316753241128186,1.0,0.0979321484018354,-0.014025281162668058,-0.279288913125539,0.06849894952484749,0.9651076479819242,0.052635891338631634,-0.0039746976727674166,-0.20312998587385606
alpha101__alpha094,-0.022406639413056224,0.10590172435526997,0.6411394281669054,0.0954453655103024,-0.002099455220444176,0.4757872026809326,0.2906640357179906,0.034607439547159176,0.002329262649724133,-0.013808216791048386,0.09922676141919314,0.17509618204192298,0.3663577947253573,0.3818789440900879,0.3200214155574077,0.4890749098036324,-0.021508125077392855,0.1877418168323648,0.05540311479855824,-0.1089980618929528,0.0,0.05098921117763568,0.04637611277806848,0.32429616911356857,-0.019547216030283948,0.28135707007062116,0.0,-0.1271110597313887,0.10160181421806294,-0.038103197764127274,0.14006254767147405,0.029412300709981232,0.016036812416756755,-0.03157650969918682,0.07400487324725617,0.02641211015608841,0.07906390649202037,0.026296591960075243,-0.01824980844962048,0.7539110106169054,-0.22863658228326866,0.2593345623564387,0.17245743908646347,0.342334207657146,0.09541475104407647,-0.00804565574884962,0.019100669019466582,-0.0028797755073269324,0.0,0.5311711739854155,-0.39007546133249293,0.03683348584228457,0.08684593428228475,0.8927599933624215,-0.1332077199442914,-0.28981620975890915,0.03230245106157636,0.08786224060371937,0.9834214848297682,-0.04270535651825552,-0.4751466360492311,0.043424914806714884,0.08494169666059476,0.7951244724979705,-0.06694344548876517,-0.4396709072663132,0.04579749051941067,0.08365471861923943,0.8230659429206615,-0.1019694238998595,-0.340943761010553,0.039853850442765494,0.09580081115169835,0.9478125536437473,-0.13453242976790902,-0.42477948691523376,0.03514129537137812,0.08279019534395467,0.9196960686256822,-0.042115277369007845,-0.48677093563410667,0.04221024646220557,0.08585993214007388,0.7024657788568333,-0.06179730605780088,-0.39105204187763426,0.04826294188484594,0.098383982984999,0.8693049570743828,-0.11803395990688248,-0.2914214553062281,0.042419637437167805,0.0979321484018354,1.0,-0.13530941656567155,-0.45285459660889926,0.017842303791833308,0.06790425066079193,0.8305079762072368,-0.04285748350453493,-0.4445976776619886
alpha101__alpha095,-0.36523096072743355,0.10278857781005714,-0.09730579378792917,0.2589754244865792,0.23186139446413606,-0.027877974839158676,-0.05491003013313263,0.496874027187297,0.31372037423223303,-0.33777386409194354,-0.13415116684401598,0.0972027417889425,0.030308805645921526,0.030856568357645553,0.012372312382505638,-0.07272890024571284,0.2568252669636009,0.08281577134291666,0.33659426813323295,0.05643647114622405,0.0,0.09554355380746855,0.32709293779138365,-0.09666907579215121,0.3471267976127695,-0.029171801198628344,0.0,-0.011472482218391063,0.1929496818880902,0.4169603913289782,-0.0040075924336701735,0.18203457701225864,0.36703339259069623,0.32015592837744156,0.4052722975227029,0.14737459721307322,0.2200751022572985,0.4894942121794022,0.35671535099539203,-0.14240559314040965,0.008011740997007149,-0.0041928205789002575,0.15242081093102958,0.042931171248495055,0.04674975237991891,0.3342494521827054,0.2712566107995545,-0.026835759147413363,0.0,-0.056987634255440046,0.2556212426983061,-0.41839002907522493,-0.013926194025824483,-0.13892925987354351,0.9683186674320032,0.1658940603412482,-0.35759790536900565,-0.008730519163667374,-0.12356796766208182,0.6288418134268415,0.26214547919878717,-0.553418789903808,-0.03040447986478368,-0.11068596578823137,0.7157485222118348,0.28190555920682137,-0.4983332965235911,-0.014842239145573586,-0.14721886307303894,0.7305835961666209,0.22815447001576566,-0.4309245757245797,-0.014190559986975937,-0.13906652501870245,0.9899392996522538,0.23165013167001156,-0.3707390383015039,-0.006710720848684696,-0.11632738142102683,0.5546075623248015,0.26982771815684087,-0.5476554660504381,-0.011659938535959324,-0.09593756859472849,0.6294903438531871,0.267750110991115,-0.5044384882972102,-0.0164885795193479,-0.14715478019724337,0.9724524200465215,0.18041325253905538,-0.4417710468265095,-0.014025281162668058,-0.13530941656567155,1.0,0.24407285855133767,-0.28183542251986127,-0.00545967620158126,-0.10577971723110043,0.4743818991033255,0.2710791758795635
alpha101__alpha096,-0.16122645556232762,-0.06553895514745368,-0.42918970607011053,0.210081533433175,0.2377207616359613,-0.5399122954036485,-0.29227090443361026,0.24317037664908805,0.11980254413304324,-0.1431740879820496,-0.18481195416763538,-0.009192178232030307,-0.20393043280879034,-0.4383437212508576,-0.16723739574094515,-0.2786916466881834,0.14925672965265127,-0.012243491540109782,0.22277941046126093,0.054074650973972536,0.0,0.08663852332378061,0.19819578625819467,-0.05585285578581777,0.1502652853591601,-0.2709946193021925,0.0,0.09663967056283324,0.23236109081572415,0.09070231539384484,0.1677547437665108,0.12633361585762568,0.14045479943027198,0.17388709278485834,0.03870397913717437,-0.05243593618710255,0.06498465277951344,0.24828172413815291,0.3364508229935116,-0.5504336140839153,0.026926144089853447,-0.0479736327746834,-0.2240483734656457,-0.28740473049096016,-0.020088515145784084,0.20999942477649916,0.14698271651288924,-0.01982880748332321,0.0,-0.3148975298174433,0.7078384127624514,-0.21983089604194364,-0.2623695195864958,-0.4565165707384462,0.27095933914848064,0.4887795325785608,-0.20824903743406034,-0.2630612721702018,-0.4474320611206635,0.009611868200004217,0.9541897041621346,-0.24507221755661696,-0.2659121164801989,-0.3792528015698671,0.06924237850400287,0.8056053604058562,-0.24356662795167605,-0.2612795692153631,-0.43487802160294087,0.07007940355223578,0.5990021063605786,-0.22219046327241482,-0.2745195427825928,-0.47748077659768534,0.2575277208472007,0.9350790991465493,-0.20860232252276717,-0.25742844105308765,-0.40496224706903927,0.0014152189590744462,0.8792314468774863,-0.23814813877066024,-0.26260578800114154,-0.32062426090647683,0.030092445320760743,0.6959224844696035,-0.24497738120281742,-0.2824447341097363,-0.4600044991105524,0.23552209078228073,0.48554365827490337,-0.22315417987273323,-0.279288913125539,-0.45285459660889926,0.24407285855133767,1.0,-0.18384906322422606,-0.23995493755928263,-0.3577833423164207,-0.0017683046616781388,0.7789303885054071
alpha101__alpha097,0.26282350775825986,-0.13764834512237514,0.040865228105670955,-0.2559000662134387,-0.5180749782550449,0.013339122349711746,-0.009051595954357916,-0.2724738876776653,-0.3764809180088075,0.4358870715588452,-0.09031322847319422,-0.11043731703481272,-0.11828934724176067,-0.06810854726001717,-0.06163482487060187,-0.074780582790335,-0.17995251722670266,-0.13417822795629292,-0.34806583484815173,-0.030857022278768728,0.0,-0.08347919743921124,-0.2066823624965085,-0.01760625250953943,-0.36203674984251955,-0.0665738221130368,0.0,0.02598092287961624,-0.24084957826481718,-0.17194817901490395,-0.4034384366694746,-0.22271899732153239,-0.5335348387808477,-0.34837912406426547,-0.28031704521365164,-0.13703058329118448,-0.3724356365263018,-0.5772716652836847,-0.47041693201941126,-0.01144850723321146,-0.02032467674351631,0.003949429413293958,-0.013019296540345475,-0.10272011065441532,-0.0370831334874165,-0.37827809542926605,-0.31594929236604014,0.05054747956615889,0.0,-0.06285998105170348,-0.11627966259273999,0.7514463192098508,0.07189055978519383,0.035809866777100303,-0.3289539745696528,-0.10226337317806881,0.94584567818604,0.06833462022397492,0.02258638104496742,-0.229012958634355,-0.13075465223690033,0.6219195489207051,0.029925889633680494,-0.037341470999251176,-0.18507776558395764,-0.11669739070517816,0.6659265459491452,0.06647431958217409,0.026320646646451458,-0.13618076441963875,-0.10132774093360725,0.7334566321468023,0.07055680340736525,0.02775516012540542,-0.30592989234008616,-0.20153115673001737,0.9220336846778319,0.06562894763038954,0.011991021118931747,-0.22699470117261974,-0.11327465299509419,0.6115988341085112,0.05029940213039109,-0.04320076137323797,-0.16597580454980895,-0.09998681874169195,0.6578654950033437,0.06412826745451874,0.01891736179955466,-0.275612397730551,-0.09051169812907736,0.7185699209847877,0.06849894952484749,0.017842303791833308,-0.28183542251986127,-0.18384906322422606,1.0,0.06188760003772827,0.0023426302386270006,-0.225698889666593,-0.09692242118763345
alpha101__alpha098,0.002663794941918976,-0.060406654702578964,0.31755060688619685,-0.08367746859137398,-0.013393928012531732,0.41495228360511305,0.11539042013810219,-0.03030698777094802,-0.00969133609547676,0.021342170995831664,0.056082319837743685,-0.06995648603663245,0.11128425489275284,0.3374850507651735,0.09748116478385772,0.09192350391257768,-0.01254303242438188,0.024455844005979287,-0.049592282221125335,0.21463521178604553,0.0,-0.024233245555954946,-0.05259441649756228,-0.23143096604821206,0.0014318092265248657,0.16195676746721047,0.0,-0.01060814088963846,-0.06747798644782066,0.03864637873444598,-0.04524673334965719,0.027696692814769473,-0.009044604294836833,0.008499538821703597,0.003806255495297326,0.08100465145943708,0.059804131593177295,-0.033798848672539586,-0.07581301961586913,0.03185881485589455,0.6282832306221308,-0.5944063852616256,0.06825338219844077,0.13993454776107017,-0.07189920070978408,-0.05111318734205269,-0.2070255504573075,0.007859307726678437,0.0,0.1617340761763037,-0.17157203159519122,0.0474699038757521,0.9214552412406769,0.06795120587635449,-0.016124774676875796,-0.10729019737733249,0.05104872739745269,0.966748822299861,0.059680717043177886,0.02327295536293983,-0.21930086847131633,0.009971488247372606,0.8889820606415024,0.07489383965689256,0.024267801515585375,-0.1909242718920228,0.033799682044983,0.891813723506168,0.07388253059806475,0.021823908069740692,-0.14128544095567944,0.045356384725763796,0.9436367752506098,0.06869331419095404,-0.010752543134152371,-0.25046360151167807,0.046754398839947336,0.9882919473709816,0.057035417716383464,0.021096855314033065,-0.2038547619351359,0.007177399427481708,0.8553020953075617,0.06370507660346364,0.024066607057425388,-0.1643591018312507,0.03130597188879989,0.9096458511423223,0.0761587254974716,-0.0014756522921964936,-0.10166283263680999,0.04283157496138577,0.9651076479819242,0.06790425066079193,-0.00545967620158126,-0.23995493755928263,0.06188760003772827,1.0,0.05174214935106966,0.014187580737038935,-0.18315066214138806
alpha101__alpha099,-0.027258522827971608,0.11762603993398067,0.4853279912644175,0.09481273301994975,0.005097892866553504,0.3560542202855877,0.25952984672257007,0.04504844857618886,0.021075183248783335,-0.027486314499543574,0.09750903274898054,0.19300562760264206,0.443457331807243,0.2933381350948861,0.39894973963789565,0.5322430253809487,-0.014408314794256527,0.13002347704874656,0.05538149554772488,-0.10054914250935194,0.0,0.2346734992688886,0.050960381404191055,0.3094473684050357,-0.0038449529065181383,0.30091721476843886,0.0,-0.0984456543533101,0.07036038500744271,-0.02295033986951454,0.1400231240004953,0.024304721522946403,0.02920481606693482,-0.021755082528469336,0.0828038447651058,0.03304229839359985,0.08310920770663004,0.04520968190295449,0.020902303464391907,0.622021189988969,-0.20828168132183178,0.23731512768779983,0.15478154526064833,0.4260254925513261,0.10363237210710176,0.013821746102189903,0.02609901277756314,-2.9985467537675714e-05,0.0,0.519141839194425,-0.4480914042877373,0.010704677514602001,0.02870893317363999,0.722684977536295,-0.10093252493914319,-0.3377948522933293,0.01135444790067369,0.04831075301958493,0.8465059800834014,-0.03565851019972006,-0.3654154199710786,0.040479264517708134,0.0829669579762373,0.9153410230595004,-0.06787670316520443,-0.4206475105606686,0.013988890106403168,0.022162894393030964,0.6576089558474206,-0.09962487426927791,-0.3992709709267571,0.012866636285550898,0.03832717143037194,0.7706099355896712,-0.10319169906367726,-0.3259459086271704,0.013934439855361662,0.054998069105079206,0.9209088251167359,-0.02253553223019129,-0.39273295954360865,0.04076346612669701,0.020642289827808843,0.825302129769461,-0.06464716629575191,-0.446696914794132,0.01598414629427757,0.030150034830526723,0.6952459064845288,-0.0929798393477431,-0.33725038239334054,0.01595267624742774,0.052635891338631634,0.8305079762072368,-0.10577971723110043,-0.3577833423164207,0.0023426302386270006,0.05174214935106966,1.0,-0.018171576963908028,-0.4228136778303095
alpha101__alpha100,-0.3022051914700152,-0.0053577659508308745,-0.029260231239189017,-0.08315471039699646,-0.045860457872510085,-0.02902938507353207,-0.060984997513526665,-0.12098883321197619,0.3961504717772909,-0.4670905674902302,-0.10926510327700281,0.05073484956961613,-0.03465151376906636,0.14267710260564997,-0.017839825522671236,-0.044132814767396326,0.12452414701110859,0.06032464560287793,0.07999632041907473,0.010466796962949476,0.0,0.034113557363576824,0.22964257311106692,-0.047367527839240586,0.4129259146020026,-0.05313591003573585,0.0,0.08987130152812457,-0.24611848515380888,0.3825707198626276,0.027943013626223537,0.009322621906372024,0.42482806618083774,0.34683224611533203,0.23297285125801706,0.13008509766244136,0.2696200456316458,0.4006975209793566,0.09334892543635606,-0.05239595758089391,0.007214908987829847,-0.003996912055969332,0.07288096430967168,0.042123241012308806,0.01176658184026606,0.09240666240227453,-0.12423630315289011,-0.02481217961677675,0.0,-0.03677952476306821,0.030052440254936228,-0.2394146596064361,-0.012499500018130565,-0.05143854985237401,0.38530121543843043,0.1288130239750293,-0.2574891524502181,-0.00472277436275734,-0.03791276345153666,0.8325261140591387,0.04847331262941444,-0.2721287234019269,0.022274934557771537,-0.034278258331404424,0.7870402173816413,0.014266817647571697,-0.2419380894858862,-0.01273131025109647,-0.055073040967700465,0.6739815821957136,0.09110791840866099,-0.24704973726700383,-0.00996136381860753,-0.04867749709034797,0.42579973353421136,0.009829469127484123,-0.2754396829780539,0.003590074524055582,-0.028818148654606815,0.9329952418878644,0.040649632937240346,-0.2763051485181924,-0.019661888336520057,-0.02467088018484091,0.8096976391052212,0.04230506161002798,-0.24750679314739124,-0.01169759732033759,-0.05442393489930193,0.4316874473423288,0.13186633724378732,-0.2584914945836162,-0.0039746976727674166,-0.04285748350453493,0.4743818991033255,-0.0017683046616781388,-0.225698889666593,0.014187580737038935,-0.018171576963908028,1.0,0.04435979733660525
alpha101__alpha101,-0.16504227049680303,-0.13248004401310504,-0.3319445989097673,0.11184787370836097,0.16328692070765463,-0.4017752527998695,-0.283267495240035,0.1924012469354435,0.15093418002388867,-0.1720627995406333,-0.22867807858215308,-0.029969501776344706,-0.2920827969139899,-0.3025032606884268,-0.22674859051832463,-0.37822472507025245,0.10783738777449346,0.0004004409922179493,0.06946604693104187,0.0740367561608885,0.0,-0.07151077437963024,0.21936769603405426,-0.069484547342703,0.17895588843887844,-0.35077310821638175,0.0,0.13618634981607536,0.11833501346616472,0.22334171570057734,0.07684377168975008,0.1115299771810414,0.16073223081608087,0.20614650018842565,0.012422499353401721,-0.0368954530809492,0.07848243403806476,0.21361765935890875,0.21355726843530987,-0.49650272577101934,0.033864046614010684,-0.05218350453329362,-0.16771088840661716,-0.3726580365498866,-0.03170673051874483,0.1035040345557239,0.16949182141223318,-0.023038565922978274,0.0,-0.36694877189250846,0.8657609942704427,-0.14816073719420728,-0.1699681362926842,-0.3899822948904045,0.2567798202974478,0.5726126042675864,-0.14505262271232877,-0.18834264974540335,-0.4350562456387065,0.1342928025024085,0.8291361696848623,-0.26170862828350144,-0.23497734021459726,-0.466787645603747,0.19729949157378232,0.9820109510472662,-0.17617511703431293,-0.16736827661369244,-0.38093615065418884,0.21646992819803512,0.7295538633935613,-0.15926713581194357,-0.1890072236537481,-0.41522268609801577,0.2656237860936733,0.7053613167060091,-0.15520169624397864,-0.19086839356635774,-0.46044970209633485,0.08092479046363225,0.9145038035751719,-0.2638661761226408,-0.173170100317184,-0.3978837444375082,0.17546121826104533,0.8789686071653728,-0.18476240692311435,-0.18530124235047674,-0.40236518978945884,0.2574957033843558,0.5811476145976923,-0.17080121490909844,-0.20312998587385606,-0.4445976776619886,0.2710791758795635,0.7789303885054071,-0.09692242118763345,-0.18315066214138806,-0.4228136778303095,0.04435979733660525,1.0
