,alpha101__alpha001,alpha101__alpha002,alpha101__alpha003,alpha101__alpha004,alpha101__alpha005,alpha101__alpha006,alpha101__alpha007,alpha101__alpha008,alpha101__alpha009,alpha101__alpha010,alpha101__alpha011,alpha101__alpha012,alpha101__alpha013,alpha101__alpha014,alpha101__alpha015,alpha101__alpha016,alpha101__alpha017,alpha101__alpha018,alpha101__alpha019,alpha101__alpha020,alpha101__alpha021,alpha101__alpha022,alpha101__alpha023,alpha101__alpha024,alpha101__alpha025,alpha101__alpha026,alpha101__alpha027,alpha101__alpha028,alpha101__alpha029,alpha101__alpha030,alpha101__alpha031,alpha101__alpha032,alpha101__alpha033,alpha101__alpha034,alpha101__alpha035,alpha101__alpha036,alpha101__alpha037,alpha101__alpha038,alpha101__alpha039,alpha101__alpha040,alpha101__alpha041,alpha101__alpha042,alpha101__alpha043,alpha101__alpha044,alpha101__alpha045,alpha101__alpha046,alpha101__alpha047,alpha101__alpha048,alpha101__alpha049,alpha101__alpha050,alpha101__alpha051,alpha101__alpha052,alpha101__alpha053,alpha101__alpha054,alpha101__alpha055,alpha101__alpha056,alpha101__alpha057,alpha101__alpha058,alpha101__alpha059,alpha101__alpha060,alpha101__alpha061,alpha101__alpha062,alpha101__alpha063,alpha101__alpha064,alpha101__alpha065,alpha101__alpha066,alpha101__alpha067,alpha101__alpha068,alpha101__alpha069,alpha101__alpha070,alpha101__alpha071,alpha101__alpha072,alpha101__alpha073,alpha101__alpha074,alpha101__alpha075,alpha101__alpha076,alpha101__alpha077,alpha101__alpha078,alpha101__alpha079,alpha101__alpha080,alpha101__alpha081,alpha101__alpha082,alpha101__alpha083,alpha101__alpha084,alpha101__alpha085,alpha101__alpha086,alpha101__alpha087,alpha101__alpha088,alpha101__alpha089,alpha101__alpha090,alpha101__alpha091,alpha101__alpha092,alpha101__alpha093,alpha101__alpha094,alpha101__alpha095,alpha101__alpha096,alpha101__alpha097,alpha101__alpha098,alpha101__alpha099,alpha101__alpha100,alpha101__alpha101
alpha101__alpha001,1.0,-0.13103685460525932,0.018698937202293264,-0.3352479553966187,-0.2965798565221757,-0.04147288199183566,0.024366505557334682,-0.23411033017653177,-0.2511041066592283,0.2682840244083815,0.12198317125919791,-0.17448548739243222,-0.08457152660329433,-0.08456974652493404,-0.054966712165402165,-0.09033439119952348,-0.168126662108175,-0.1341673176818532,-0.28140103609477884,-0.019446087109962592,0.0,-0.05361595178301446,-0.4232503320486272,-0.08511881555718637,-0.2755019156746804,-0.046065623814821856,0.0,-0.002449264925519457,-0.22782493424868427,-0.39790422514795115,-0.3998924014506223,-0.20152426769144893,-0.302797794611404,-0.345032147998758,-0.27104060242186934,-0.051116179260225436,-0.23004494084792176,-0.4779254314244242,-0.36446748987007954,-0.05922704767045358,-0.0034762901085833527,0.002734717651356489,-0.06633567379456266,-0.08060171791462786,-0.08621675883362352,-0.2136829604937085,-0.16794394338828814,0.03800749425409126,0.0,-0.04305821503274988,-0.1793851092692038,0.2864478638479249,0.009707182079739984,-0.0134575073616801,-0.3512103556138908,-0.15643469643942068,0.2893554308956662,0.007685931102229496,-0.01900652898121553,-0.37998161359071847,-0.16719559317448227,0.36762891471926107,-0.014193745317748682,-0.05448943050160026,-0.3602083767012167,-0.16184392248792975,0.3053312789559429,0.007589961746470319,-0.017797673274927633,-0.29141858594518816,-0.17139930103697584,0.29288261306515484,0.007103861667448003,-0.017296139410803994,-0.35669863784906214,-0.16453499596518056,0.3007155002633547,0.005180273767451993,-0.0236782454765002,-0.37077361056260105,-0.16541437521695299,0.36765910088139175,0.004265741026493308,-0.05510944541208317,-0.3132162972488522,-0.18344059016906736,0.30942195489320545,0.005725324180640621,-0.020370696295350772,-0.36238095491532635,-0.1591765405576717,0.3003192709357675,0.004377470958529822,-0.02230698293544379,-0.36132642470877274,-0.1599398975136071,0.26167577221895066,0.0029154531275867295,-0.02740317891326297,-0.2980233774606937,-0.16341961928908175
alpha101__alpha002,-0.13103685460525932,1.0,-0.0658327793723934,0.23913435167523722,0.17558880317607073,-0.04648631536286734,0.051299572353578314,0.1727373150898312,0.08011668611556935,-0.07408779403159241,0.05480338459073123,0.17765188831027576,0.3157537383653578,-0.034505768462368115,0.15012099213861652,0.18686023444163447,0.14081467040062046,-0.01181671146084562,0.25783518021003693,-0.045850430356565955,0.0,0.05936502159175406,0.10498441640781184,0.06769616974009778,0.06708502886738375,0.2289353646873243,0.0,-0.041155626218596766,0.22347471655919107,-0.0003468146943435919,0.23517248480130667,0.11357061154738522,0.11585154547937146,0.061028002496687876,0.14422160697389486,0.050567307281668084,0.11176569020375363,0.22231340688238085,0.2799474044141956,0.10725141631415437,-0.005518884755505042,0.00925537818900655,0.04858475429090169,0.18029012918125725,0.11892949401038548,0.1453717686606768,0.1703276080508616,-0.006865289270509225,0.0,0.2233696507194701,-0.16491310584061786,-0.14065917553756563,-0.015195634035292883,0.08856216323922299,0.13965972071297922,-0.21923830414898318,-0.1293451546625008,-0.026413037255124217,0.1051263969823408,0.018900152985737904,-0.07641990398252822,-0.15106861087688084,-0.10041690543788448,0.1304734410748765,0.015644444659367016,-0.12986266292912851,-0.14984634882387624,-0.015200593627225216,0.084096990570373,-0.01529367918253051,-0.20307080259516444,-0.13769218916045273,-0.021239926323336374,0.09649753424521952,0.12401106068930078,-0.04803479952962908,-0.12337601471482426,-0.04303226246415937,0.11655232488734035,0.002808283400363342,-0.09504235127160368,-0.14589901544940798,-0.017865927998952844,0.12042005854520468,-0.009942726363045336,-0.16514133514755033,-0.14596392749727274,-0.020328147574160793,0.09064107907069374,0.12976659531877158,-0.21912550556369248,-0.13193568187118515,-0.031315994707077556,0.10650165619132275,0.10229613331707847,-0.06613199217659702,-0.13715723358585136,-0.06079066706308634,0.11801460370290501,-0.005594819437451239,-0.13294371427402482
alpha101__alpha003,0.018698937202293264,-0.0658327793723934,1.0,-0.00660281416863531,-0.034475298360893566,0.6418637311176932,0.24421210304358665,-0.0407908361035827,-0.0302877938447035,0.017282550591776708,0.0923845811601603,0.03233180064367237,0.2336402005142193,0.5145847261185225,0.20847085171724564,0.2656512388705145,-0.056762221744641614,0.1809161847193922,-0.030005683366788063,0.021785892655212708,0.0,-0.053642108081714525,-0.013807877892232019,0.08455634913588268,-0.025041190978997905,0.16796842094708278,0.0,-0.11070366589874857,0.0030251477560179697,-0.009353869923028408,6.411050603137451e-05,0.0473232784989482,-0.01732692480440035,-0.04192666087109197,0.04333710642339143,0.011027270345970772,0.04363913029676734,-0.057887478205658344,-0.11972881369468086,0.5198561321593579,0.012051346488285264,0.03057247153772277,0.15635357702324187,0.22348320779766398,0.009990603678140614,-0.11962483864198031,-0.06479051524980627,-0.0012993025974179372,0.0,0.42098955523540127,-0.27589671815912753,0.06377600046492621,0.32542035883301074,0.667756378528717,-0.11010924309180407,-0.17834202753318418,0.048203727356603006,0.32663342726853833,0.6323731232241669,-0.021533691441768206,-0.44358761345751063,0.04463887913162031,0.36006921133217856,0.5198913653935751,-0.00371292485142109,-0.33079358862325703,0.08483808713929764,0.33392206851048883,0.6377561837102901,-0.01967519214436808,-0.22592334414176785,0.0645999075854035,0.34082595978827085,0.6956720889468416,-0.10446173210877074,-0.4355165075595306,0.048518690133310546,0.32693290684917115,0.5616123958153361,-0.027167172946563536,-0.39237045150109845,0.03879663832714751,0.3476023935138469,0.4425475352972853,0.0055204299506260044,-0.27625516897207636,0.08401020340558313,0.3577347024734257,0.6766141757933678,-0.09034795974898277,-0.17977626659233478,0.06474207529278574,0.34858804174895985,0.6412194515838525,-0.09723900713566656,-0.4291265330485503,0.04084879091804029,0.3171614097397013,0.48553493068241027,-0.029094746393385544,-0.33224921928492324
alpha101__alpha004,-0.3352479553966187,0.23913435167523722,-0.00660281416863531,1.0,0.48087143618685385,0.040860629954992206,0.17061162326403018,0.48149268432574976,0.10828926505170519,-0.1313385841490609,0.008388900253845179,0.16087001974549678,0.2565982615454718,0.014457827398773061,0.16093723791361586,0.2577772782612174,0.32967123087683187,0.16221151340630333,0.5981933703437349,-0.04532225356085352,0.0,0.07150384843253804,0.3722304599506007,0.20405643258514958,0.16556384522927065,0.18294112533051507,0.0,-0.11789742038775111,0.5870168519724228,0.14368008167751073,0.6442759403186566,0.2776183003725813,0.18149020815961847,0.16186182694610038,0.4239138590266919,0.052397347182924506,0.18530170133268242,0.45284714750527405,0.6110317878344373,0.16661780654069308,-0.0545069429355973,0.05918128109745654,0.12233302461381773,0.1561217812128074,0.10635228287102816,0.3289313605731815,0.4145349765350953,-0.03868384300675116,0.0,0.14173177463003536,0.12174174104809653,-0.2687419581813307,-0.05366075384252384,0.09154761834647478,0.3339115932341566,0.010783374347242877,-0.24759919502847624,-0.06839751963097723,0.08728746021937572,0.01883552796540006,0.15072707153293297,-0.30877386433591275,-0.07770082364928894,0.15497243845541958,0.007922079481219688,0.14666755995201367,-0.29203939081478886,-0.041604071851471795,0.1074230287547665,-0.08175710966859247,0.07154760490495891,-0.26409233306340546,-0.056857726544522626,0.09381975190013198,0.3001058021409602,0.21812906403015242,-0.23783962860943675,-0.07485408830617725,0.09064608951295869,-0.03130707783784402,0.13602414630164836,-0.298264441568213,-0.029907878428745212,0.15293884719560968,-0.08325322414677767,0.1106640877259013,-0.2856787072974496,-0.04449264018901703,0.10990875699122243,0.30476255757615794,0.007017478217944818,-0.25646379910025,-0.0622110547450176,0.09538473655399392,0.2584966956850222,0.20977302154119998,-0.25559335076652545,-0.08370784981799766,0.09478227581652164,-0.08388848891391953,0.1117313604223164
alpha101__alpha005,-0.2965798565221757,0.17558880317607073,-0.034475298360893566,0.48087143618685385,1.0,-0.0038364993186471505,0.1333899531056563,0.4424787715633836,0.30235301344896304,-0.33305664940893576,0.18996595343040168,0.1041396947606406,0.1604069435348438,0.04808298258830832,0.08520013769570747,0.10764971396477993,0.16093411442293196,0.16940091860998446,0.4911871724101353,0.005780093065657297,0.0,0.05926861413033786,0.26426507184541975,0.09987312018414721,0.30294771788551556,0.1113142803131846,0.0,-0.04681719226208732,0.4633878650149924,0.19064451163224816,0.549889621491822,0.3170692863166695,0.37584376365785493,0.2781447287169206,0.2680544063091437,0.10247967668355466,0.32903067772384204,0.5713249286426288,0.6172248237450019,0.019187203763988456,0.06699400513444954,-0.04460082894985765,0.11848099413363074,0.08242647946889792,0.04785914719746239,0.3947958060063379,0.4679373187439149,-0.06353849361099442,0.0,0.07982033922979341,0.1631931794315753,-0.5262830571773024,0.004149935850416556,-0.00743072525634493,0.29289053716657265,0.09271256016673186,-0.5220618631567109,-0.005446798375353355,-0.008492421248040224,0.014081846845870485,0.2021320470907835,-0.5371238792192649,-0.007498282844833584,0.04223227354929448,0.0089025595386311,0.18755092832546796,-0.5389726115704245,0.01177086698126397,-0.00042038635427138347,-0.045433345730520054,0.12740352395249213,-0.5248442492925917,0.0008181076548276834,-0.004815946405002915,0.2648023339139469,0.24683144701215418,-0.5216215335851658,-0.0088247960990277,-0.0028860578568821334,-0.017904504420805042,0.18599073345672643,-0.5254900626878443,0.02248816539446546,0.04690931622759436,-0.06120313358961535,0.1562479585597669,-0.5329603784797028,0.008473481751041836,0.002777689247030492,0.26245185879742733,0.09044389425415818,-0.5221252617766543,-0.0028187978263324582,-0.0021482760098029256,0.23103172590727358,0.23758102994317512,-0.5177945678178929,-0.013266922195885813,0.00487114473635186,-0.046395999194437744,0.16332710795207755
alpha101__alpha006,-0.04147288199183566,-0.04648631536286734,0.6418637311176932,0.040860629954992206,-0.0038364993186471505,1.0,0.2385582961359782,0.019885481374893994,-0.015911730728287776,-0.0101173803687271,0.04187631091246187,0.05294582219098781,0.17584167678108695,0.8000241994018213,0.1522685938588175,0.3320710077462683,-0.02712996945974156,0.30595752060510806,-0.0007081104503380868,0.023151758669472004,0.0,-0.04831804664272121,0.09819498819271044,0.10213307765032197,0.0038042919543656416,0.23164375250403,0.0,-0.12972386929189342,0.060951896065270614,0.014340528535158499,0.016232390850448756,0.04651783408808771,0.011615030137648048,-0.005918763940689855,0.07316558351201806,0.05248000119204284,0.04452632027649271,-0.005971474782119993,-0.09240696711489015,0.6538551618223111,-0.029894134829017746,0.05521807463202749,0.17771775287413494,0.2823157944712757,0.02605572783935046,-0.030865371968437798,-0.052199473814509095,-0.0020631709818379118,0.0,0.25554280926947465,-0.31818910759697006,0.022823741712524704,0.43449933635317517,0.5012390117464108,-0.03927032225492267,-0.19474165981447875,0.013845499650900388,0.43174703840075124,0.4581243800591313,-0.008796188892182356,-0.5571657612283568,-0.014790717765404053,0.48984852242818533,0.44018852199792907,0.035750769862412324,-0.3903260405112395,0.0364804432545428,0.45033522807338167,0.5042257221498097,0.02505474127249647,-0.2505503291662142,0.023840307403667115,0.4587857907114642,0.5160817035991677,-0.034002012728795175,-0.5480784832438534,0.014856083638068663,0.43113880000686994,0.40845251225395934,-0.02174561677297149,-0.48461996215255343,-0.01970343262596043,0.47479115682599987,0.3821894056054863,0.0367523721356238,-0.31500723733269137,0.036510442700075724,0.4892323830606366,0.5283190616578659,-0.0181042657412733,-0.1916892613242922,0.025268009790749845,0.46986322099142913,0.47589202737002817,-0.028200369446930787,-0.5398237598966971,0.013124702722255372,0.4150485285157277,0.35627211258918434,-0.02899080000426483,-0.4019890603700066
alpha101__alpha007,0.024366505557334682,0.051299572353578314,0.24421210304358665,0.17061162326403018,0.1333899531056563,0.2385582961359782,1.0,0.10305265806063597,0.036666397315007086,-0.041220789506578696,0.24852880679831424,0.08887874902499333,0.1935414606155975,0.21501150508412695,0.1268838415595656,0.2138524806707043,0.021613844489445345,0.19212707437658882,0.1701575720651,-0.03239950076118763,0.0,0.014120144255251271,0.023179823634821697,0.1884534492410914,-0.004373779333717129,0.10393568162484441,0.0,-0.14318877448652279,0.1603881341578985,0.13014929666522226,0.11987565629272087,0.07651077605799463,0.07531576346057321,-0.03023306844073734,0.3104753959456091,-0.08575920400408206,0.16884411427523366,0.08876166639181213,0.14996795088566373,0.3026419066867231,-0.011575826493287047,0.020537303141132803,0.5335819279673761,0.13125582125944385,0.05766406267947631,0.06003047876411925,0.16128144756799187,-0.014477682923728835,0.0,0.15662745497436836,-0.2873568051862327,-0.02746774900638162,0.1408245015931763,0.30006627077832654,-0.050798925388360394,-0.2557820424060881,-0.02153136263721546,0.13616550582770015,0.2928124299818892,-0.07002415076440727,-0.2708018764555259,-0.07842569243553787,0.1006560137804525,0.2547617488715698,-0.04470650901277589,-0.2871343909249431,-0.058393826303699145,0.13840620994639508,0.29290466619094524,-0.05921190508942759,-0.27107100037301796,-0.030063571596648037,0.14148353028048913,0.29528460307501814,-0.053777005228947655,-0.3107015259564743,-0.024158201265682078,0.12799669608042072,0.28071088800828836,-0.06985343605155914,-0.2819285910343561,-0.07754124526971477,0.1398917094182155,0.23762945240359024,-0.05040626160984712,-0.2763198002479809,-0.06008240208878652,0.14024845265444436,0.2925678710403287,-0.027183881162778693,-0.24712002361122712,-0.03072902093935224,0.13640975516065554,0.29009962800958294,-0.05619989042075013,-0.2924318819594846,-0.00782918539807247,0.11575006046032195,0.2585050275699959,-0.06150076425088222,-0.2828378973138327
alpha101__alpha008,-0.23411033017653177,0.1727373150898312,-0.0407908361035827,0.48149268432574976,0.4424787715633836,0.019885481374893994,0.10305265806063597,1.0,0.1683614522588313,-0.1825167146672486,-0.01954812332791617,0.15180514358149574,0.16732776097945437,-0.015598939156345509,0.08495039357846283,0.11981921346670896,0.2520008270924594,0.1265150893456032,0.42694934639871235,0.023491675940544837,0.0,0.11248693447297572,0.3124076179604471,0.0855877382259511,0.19633774247282754,0.09206689244816767,0.0,-0.1130212618484547,0.4711469526791561,0.15894241438613307,0.30293645422605486,0.28557053848215985,0.2267366607782613,0.20066178135550505,0.3291561680832181,0.07743774481186126,0.1927124461763123,0.40478678463013545,0.48109321373088915,0.05879465871718024,-0.02595133740193302,0.027554878943471674,0.11126344945264512,0.08338767630976847,0.0893306872890832,0.5058412604803675,0.4170482668865786,-0.025931583945626408,0.0,0.07208307766550663,0.19553659594238337,-0.35017475542739374,-0.006163150261766863,0.035491046119006386,0.5561954601777194,0.07193735535719124,-0.296138617966453,-0.014716465412361351,0.031429825353319805,0.021090169113287198,0.1983737025265881,-0.44804544338744284,-0.057786337094297466,0.07508047427946687,0.059081075990854146,0.2421691730530627,-0.5007730391255302,0.004364493023254899,0.03522546811023254,0.13836417347423566,0.14328548800150143,-0.3536972571626661,-0.011154062615439296,0.02802999673930549,0.5329160276957726,0.24971555252558011,-0.29292161554902335,-0.019551683857468406,0.038708195417116474,-0.0626769578624313,0.19356248679245172,-0.4233174752866285,0.026717957461914126,0.07508941821328163,-0.024661875926555273,0.19154672630784242,-0.4986723253421183,-0.004247249958454016,0.03482497223121738,0.5261909318557473,0.08155857546888377,-0.35455722434012227,-0.016288623094249076,0.03444354427026928,0.49651908160187347,0.24295178966237127,-0.2720133021565889,-0.0305298985807673,0.04448945367620955,-0.12141998537949585,0.19256518623312852
alpha101__alpha009,-0.2511041066592283,0.08011668611556935,-0.0302877938447035,0.10828926505170519,0.30235301344896304,-0.015911730728287776,0.036666397315007086,0.1683614522588313,1.0,-0.7959494569293601,-0.021365339133354186,0.18188599661097785,0.08399241558434277,0.17822962166739378,0.029720343701232686,0.05307890517078524,0.32000498066284944,0.21968014698027288,0.15869441912142215,-0.04179991734386849,0.0,0.07586292096214281,0.2999282843868006,0.05203403092762853,0.6839940728620448,0.006301398999509742,0.0,0.04089766983032565,0.060008983534952,0.23170151815594156,0.24082530690801202,0.20237585365104058,0.6635240627148531,0.5532136095692622,0.26912786320893334,0.2340461821933458,0.4873231190664158,0.5949170696195709,0.3992490248041937,0.005187029929369942,0.01900093647501799,0.002770719228663519,0.1185569547117949,0.07861824772363657,0.07029087946603187,0.369751266127804,0.18629412944334459,-0.06139236309946281,0.0,0.02088534750341214,0.12402004353224143,-0.39146726282853417,-0.017362971495436728,-0.007659913436601282,0.2916095367449506,0.13739875357315345,-0.4066537359418114,-0.014635242243604053,0.0023602932581032895,0.38589685256243533,0.15368394632090193,-0.42227100588015726,-0.011158126409162467,0.021092367927293597,0.3812220813772052,0.13236326876363744,-0.39426151126790826,-0.01807216364801726,-0.012003083674641167,0.33632715022798043,0.12943044162689832,-0.3978448655158867,-0.017360562316907,-0.0038841935336461106,0.3021228500954077,0.1214247259852701,-0.4211777223639519,-0.013206819347182555,0.011957397205997769,0.39646990291840045,0.15107551079574974,-0.42318450966202725,-0.02072677316325352,0.033733109606933036,0.38057119509124715,0.1333201595327411,-0.39745498947482166,-0.01867808721139701,-0.008838871932603545,0.305054270254577,0.14131859030846988,-0.40639155034153823,-0.015569798360220283,0.002473070905840756,0.31380679947966206,0.1200440188658355,-0.37661616322998304,-0.009964131400530561,0.021200979932177483,0.3960590046190592,0.15104592574228545
alpha101__alpha010,0.2682840244083815,-0.07408779403159241,0.017282550591776708,-0.1313385841490609,-0.33305664940893576,-0.0101173803687271,-0.041220789506578696,-0.1825167146672486,-0.7959494569293601,1.0,0.03652842822335643,-0.13485798602186636,-0.07074196033808909,-0.21992824484717868,-0.01559693541654862,-0.07127862878456281,-0.37973559785008626,-0.25045491578375184,-0.1722873370723752,0.0321280391072279,0.0,-0.06827250637658698,-0.3386948322122561,-0.08767266038196615,-0.7926668938299062,-0.004047140001940032,0.0,-0.02960347778144799,-0.06863584735445344,-0.287571987276051,-0.26499025234610823,-0.18683338223844767,-0.7629828261901554,-0.6195065776304565,-0.2761335977070505,-0.2238607198117262,-0.5494840409008694,-0.6859148863533424,-0.4445812682483478,-0.027067302047058546,0.01338206519139973,-0.021403376912027764,-0.11703987841415896,-0.07860532374200008,-0.025970983671915786,-0.3690748343264067,-0.18930873153377945,0.06887022974442868,0.0,-0.01916239825588164,-0.14345451929944542,0.45092862228410363,0.030512182949703256,-0.005509500350320917,-0.31311616727859487,-0.16286962527990673,0.46788649668295423,0.028095946473124474,-0.01304725675916099,-0.4271254856895952,-0.17463990922621636,0.4825469498548972,0.015298725223005597,-0.03341604703050749,-0.4257483562267286,-0.15469144135173013,0.45236233367729406,0.030128099486706656,-0.0033804055666687926,-0.3908026982248884,-0.15043968100599805,0.45775682462685807,0.02987642020024534,-0.00860314594100542,-0.32469639985126075,-0.14567814596642015,0.4833878379202205,0.025841877195690595,-0.020244886175887714,-0.4453159254098725,-0.17165617224944477,0.4826467816592699,0.031011968767794336,-0.04395530413064458,-0.43733313540665203,-0.15224896138388103,0.4550344101950371,0.030240366653597698,-0.00578345298861587,-0.3276802813358757,-0.1666007916365396,0.46669206326361234,0.027427238556748897,-0.013833371238818892,-0.3375907716977288,-0.1433133482078607,0.43584861078011705,0.021505837626153917,-0.02753241509329509,-0.4669397561565303,-0.1720575094896722
alpha101__alpha011,0.12198317125919791,0.05480338459073123,0.0923845811601603,0.008388900253845179,0.18996595343040168,0.04187631091246187,0.24852880679831424,-0.01954812332791617,-0.021365339133354186,0.03652842822335643,1.0,-0.018095350557276055,0.11728675226184292,0.043649963975242685,0.05228526215635464,0.07954957972004788,-0.06350050680140909,0.079307322610153,0.03269731123073245,0.019641266375524557,0.0,0.0007643670000322209,-0.19914056439667271,0.038938401817771744,-0.049701111750153244,0.046965409244137515,0.0,0.040508188157150425,0.019822042897687134,-0.11388419311411727,0.0008795195849333024,0.008525784480842003,0.01754477279143108,-0.14248419960453945,0.1070575594135267,0.01599321041903636,0.06469777555097214,-0.03661074668443951,0.028198082807671544,0.07815964351597854,0.03825748056389597,-0.017885132371329417,0.2672034520237418,0.04580979018355661,0.0075559414567761074,-0.013019489688054262,0.20694985242161315,-0.010547404299523198,0.0,0.05446176466802791,-0.21538372770564057,-0.07409070230719626,0.07264440651665574,0.09577327964366844,-0.11603334593514981,-0.19376276510472448,-0.07846222882321559,0.06679516791403733,0.09378118522111745,-0.13351865695023557,-0.2238299616779802,-0.04570472249775499,0.049052129795830436,0.10238263873283343,-0.14608721184530624,-0.21482241684078957,-0.06519066157460113,0.07380249533454376,0.09839536809082343,-0.1386880580717332,-0.22536952862720586,-0.07110841269534372,0.07097932359268633,0.09751022775201522,-0.12458987949171345,-0.1820448592079777,-0.07655135531752637,0.06270651697225767,0.09565700858467555,-0.12911383560067494,-0.2251014621983036,-0.043470103340185307,0.07331162446884805,0.10307160888851567,-0.1303842840101768,-0.22645299706764047,-0.06202590319284217,0.07184661343421771,0.1007681838755936,-0.12056630869808167,-0.20248939186864176,-0.06802268127170474,0.06781051930500484,0.09905088522083902,-0.1339396889892857,-0.18501803942179001,-0.0900617752165037,0.056149737722012996,0.09738466689155732,-0.10917167602345544,-0.22886496491202954
alpha101__alpha012,-0.17448548739243222,0.17765188831027576,0.03233180064367237,0.16087001974549678,0.1041396947606406,0.05294582219098781,0.08887874902499333,0.15180514358149574,0.18188599661097785,-0.13485798602186636,-0.018095350557276055,1.0,0.2130833284136468,0.0748840438467081,0.1487172557272112,0.2772733220263583,0.08856832110842273,0.08559177556125455,0.1771172421349673,-0.031899534141425726,0.0,0.1474192170911274,0.22477998548381684,0.19565298299253361,0.07868269050745146,0.1095727293528731,0.0,-0.03524018745242481,0.18859672886137457,0.006909924523624447,0.23365068034600606,0.11057261762344937,0.16583217792079144,0.13873356603266004,0.15512947210180345,0.09380479027223816,0.13457769670647052,0.2478373480688671,0.2316722023795694,0.21722682754490394,-0.13329394359805088,0.10696539387381963,0.0638952343486798,0.20593711969012515,0.6346619488930275,0.1502597505834191,0.13059047171762037,0.0069744180601537115,0.0,0.10946296288962906,-0.06094163874442863,-0.11656863060799966,-0.06408746165842087,0.16259490183533418,0.10955508394996048,-0.1337158267195585,-0.11651675157248788,-0.06496462307811508,0.174939130938883,0.08268053549679989,-0.00478255759630436,-0.1369875582223635,-0.07270575359220535,0.20013190115237223,0.07310206626334906,-0.03552017154650686,-0.12248754871277107,-0.06437823796316712,0.15917074564907338,0.01894417169833664,-0.09095060207671112,-0.11728815466906306,-0.06476533468678367,0.16818520638338127,0.1041313133359258,0.0008433782955535498,-0.11816870066068624,-0.06689368873768034,0.1832364788982657,0.06976690252456136,-0.016559376522503423,-0.13631209205023723,-0.06571043084166585,0.21335031482895092,0.04734714030767595,-0.057537838571462566,-0.1224074074413758,-0.06509796132565693,0.16387306017958422,0.11073786231045943,-0.1309467735004969,-0.11821721755395974,-0.06586843150342153,0.17554946765809878,0.0975134352050325,-0.009435224874589063,-0.11066385301652742,-0.06986841269870521,0.19334746626003327,0.05068774139953608,-0.03035251285955937
alpha101__alpha013,-0.08457152660329433,0.3157537383653578,0.2336402005142193,0.2565982615454718,0.1604069435348438,0.17584167678108695,0.1935414606155975,0.16732776097945437,0.08399241558434277,-0.07074196033808909,0.11728675226184292,0.2130833284136468,1.0,0.15327485138653504,0.530203111351407,0.5935181890019122,0.08114247802630853,0.051600754885768055,0.2369326051061684,-0.03517967715171342,0.0,0.2987577121037107,0.13755145974772276,0.08234179834327847,0.04691461205918374,0.3028806406932087,0.0,-0.12523767857826956,0.22655313347244926,-0.08547040474221564,0.2570486229961531,0.11894139722061843,0.08418224200725284,0.02563654339974985,0.15670848346537425,0.07674230311931352,0.12384608084941175,0.19319522152313412,0.21867044274383768,0.3389323658953973,0.11526820989920375,0.06708031303904449,0.13393362987818136,0.5601040650482763,0.11836917609857216,0.11498185903332546,0.026562883362221887,-0.0010289312347318,0.0,0.46036371299203027,-0.32927698597089455,-0.11439332397393798,0.10087744585845299,0.3117310935456947,0.0660011691066065,-0.47310986325081683,-0.10612925357169047,0.10278900053087717,0.35991572422426177,-0.01973288712792257,-0.22257428296779883,-0.09906254031806294,0.1333938391881023,0.4950145989968701,-0.04084349514876833,-0.27916688483809415,-0.11411800275284321,0.10187496396519431,0.3060150617462038,-0.08644441884731172,-0.3993202577055167,-0.11053060840172559,0.10341116630052392,0.3369035886644,0.04945030500656737,-0.17705521790923004,-0.09951497165210664,0.10559947394430606,0.39764357740717166,-0.034484710205070636,-0.2529740833459382,-0.09466474223469516,0.10521395301432877,0.5544525935733123,-0.06323639969060095,-0.33300554683092204,-0.11029885532984472,0.1042839545730425,0.32693412713207193,0.05688063200590753,-0.4734052127245054,-0.10490888744806676,0.1061745449863053,0.3674616929795074,0.02961265391780183,-0.20422468451397763,-0.11796939591163554,0.10990248496007583,0.44454214585984275,-0.03521372576976994,-0.29225377883856213
alpha101__alpha014,-0.08456974652493404,-0.034505768462368115,0.5145847261185225,0.014457827398773061,0.04808298258830832,0.8000241994018213,0.21501150508412695,-0.015598939156345509,0.17822962166739378,-0.21992824484717868,0.043649963975242685,0.0748840438467081,0.15327485138653504,1.0,0.12658726862142408,0.2711187508060986,0.010231913888717865,0.2944994155084907,-0.03342096604637706,0.022779629857366604,0.0,-0.023605031928085128,0.19488913543516057,0.08852128063105863,0.18673230400546317,0.17764841243276744,0.0,-0.07043887760227464,-0.00011168769369634448,0.14116384273582017,0.04961256565103168,0.05375290015809782,0.19761190419214894,0.12658555471069088,0.11161225715377114,0.0919006189571141,0.1462098994751666,0.1341369241288971,-0.03353128916517525,0.5183147652975443,-0.01951480248187447,0.044588982008040595,0.19232054672843232,0.24675091656308684,0.028797553633735724,0.030405134006205085,-0.04020222119357336,-0.0416684800032581,0.0,0.201357310540754,-0.26105285439005144,-0.06390321880089933,0.3475308998504601,0.40020766235667365,0.0047478396749236615,-0.12745055303561326,-0.0782075181716435,0.3473954893946704,0.36858612418814046,0.10933268211328032,-0.42421006832797525,-0.09906134591495276,0.395728799578183,0.3570441437157772,0.1517502419187081,-0.31092708694234006,-0.05081540506790319,0.35820367992085744,0.4007139819467873,0.12281843107827732,-0.1758687757640543,-0.06570465326673698,0.3672129069769213,0.4127120315988963,0.01632050842021066,-0.4446205050706517,-0.08419393699551067,0.3480387984091451,0.3316540341534736,0.1193320118385376,-0.3677767841063353,-0.1051319416348686,0.3737029345043435,0.3170837067374985,0.15437818641361986,-0.25250814069101113,-0.05231785073722149,0.38932473168451665,0.4198877144021172,0.030260956732618388,-0.12353733260312007,-0.06866857066820346,0.3767217848854416,0.38211430388946627,0.030525325033725407,-0.43834219108933226,-0.06812972642989606,0.33765590030215037,0.29358384981818625,0.1425604359572055,-0.3027650023456407
alpha101__alpha015,-0.054966712165402165,0.15012099213861652,0.20847085171724564,0.16093723791361586,0.08520013769570747,0.1522685938588175,0.1268838415595656,0.08495039357846283,0.029720343701232686,-0.01559693541654862,0.05228526215635464,0.1487172557272112,0.530203111351407,0.12658726862142408,1.0,0.4865545377245974,0.04881738418436655,0.013003461345644491,0.15071829646256127,-0.03295363297245707,0.0,0.27760879649706793,0.036047269070731726,0.0869035950255493,0.017204204686693175,0.32675457652164497,0.0,-0.06452457222299274,0.14769168564405497,-0.063215796984532,0.1736767599503774,0.057889669541923254,0.03953556887528916,-0.007052663558738915,0.08559237990212973,0.10743366508605898,0.07021114260092584,0.1064374144323532,0.12511021738025602,0.2781019126550371,0.02550854652301605,0.032796027531437705,0.06879529680299681,0.5102782643753323,0.08876036665584858,0.0615833304977515,0.019230453292447998,0.0015632033813540844,0.0,0.4138804661751747,-0.24688510582450926,-0.056669246385916625,0.08056451703685776,0.2713592236115425,0.035061509199788614,-0.34095193349040737,-0.04950815064876361,0.08387511977656792,0.31752255352966724,-0.010537572806588534,-0.18059120162143846,-0.04680467254715239,0.1167625791711285,0.4129066751250207,-0.02806371649723476,-0.2181824887566218,-0.056824332282791164,0.07990159287941813,0.2599636702654443,-0.05993175501209195,-0.28999025841757475,-0.053178152871558915,0.08280436909854239,0.2930625500888867,0.024477038807702165,-0.14967810221042602,-0.04402892100876832,0.08779625067481864,0.3527205374122375,-0.015120647964104497,-0.19947937032993265,-0.04365155869053921,0.0811574799102365,0.47454965580874225,-0.04530248109108644,-0.24995571857000776,-0.053923231554672144,0.08189094293940213,0.27697481267929736,0.030388188297069872,-0.34114664863974414,-0.04836278002036902,0.08575085593228562,0.32020602725758746,0.012049170241601645,-0.16640543169338887,-0.061101657764520624,0.09529154560592165,0.39923330538405755,-0.018365224088929353,-0.22574743321501348
alpha101__alpha016,-0.09033439119952348,0.18686023444163447,0.2656512388705145,0.2577772782612174,0.10764971396477993,0.3320710077462683,0.2138524806707043,0.11981921346670896,0.05307890517078524,-0.07127862878456281,0.07954957972004788,0.2772733220263583,0.5935181890019122,0.2711187508060986,0.4865545377245974,1.0,0.05723291062800928,0.15474697700715725,0.24041380347246263,-0.09506936788209831,0.0,0.4169319366236197,0.17727182464424712,0.3441395357539791,0.027832348198103145,0.40853759182858423,0.0,-0.14186211940486987,0.245507831800708,-0.14074331908562193,0.29687205136764133,0.03354131902700193,0.07864074588943772,0.011207033913746032,0.09316276445650602,0.07117795505105892,0.12402688603682321,0.1791604339559269,0.19214413104902003,0.6077714931729741,-0.1275836843780878,0.13474666799528662,0.10968481407974197,0.7070443053678653,0.14310546740651228,0.09009133513304161,-0.02661684918797737,0.0001862810217258622,0.0,0.38074541019739355,-0.40536709281037875,-0.0590021278493778,0.06338972373118798,0.45427228883504234,-0.04114513182776712,-0.5245480252978385,-0.05396918724598378,0.07115886512180691,0.4811329346666545,-0.057295596624526546,-0.3098244063951927,-0.03502284049720467,0.1423904663504446,0.5912359708841625,-0.09096605749082547,-0.3639884887779137,-0.05433109215679033,0.06251057347911652,0.45839965705621244,-0.15166140128009378,-0.4713994911065415,-0.053848614396727,0.06929379738224449,0.4702524461804537,-0.05596349434842225,-0.2514437716660569,-0.04522687972549154,0.07915472561972835,0.5039821860005115,-0.054372945082002334,-0.33977787568421985,-0.0315898119705147,0.06525554210697095,0.6288265906747129,-0.10646729300516414,-0.4107536563056111,-0.04960253154350818,0.06821909985520935,0.47159272255762497,-0.040338671776872816,-0.5278225116660124,-0.04669220961075411,0.07657418587423998,0.48971598672596245,-0.07251917877050898,-0.27923641402582866,-0.07462112464787769,0.091982942066017,0.5328730277310789,-0.04451048104490114,-0.3787059756124741
alpha101__alpha017,-0.168126662108175,0.14081467040062046,-0.056762221744641614,0.32967123087683187,0.16093411442293196,-0.02712996945974156,0.021613844489445345,0.2520008270924594,0.32000498066284944,-0.37973559785008626,-0.06350050680140909,0.08856832110842273,0.08114247802630853,0.010231913888717865,0.04881738418436655,0.05723291062800928,1.0,0.10358184225403926,0.36020931125929767,-0.0049716823072560095,0.0,0.02501074649442969,0.10487166809372908,0.024568704370752162,0.41122928571376466,0.08897096645343991,0.0,-0.0012072188999668054,0.2496203921473751,0.10042895274447114,0.27812220121703696,0.15388135708861975,0.3269559646969683,0.2208131202838902,0.289110137161017,0.1432333591544899,0.24870708092797889,0.44110740223040024,0.441913947406034,-0.007383108094229503,0.03474077394809956,-0.030134784899982826,0.05817995428899937,0.0545821560007265,0.05658443568806736,0.2851098620210111,0.20270188861706684,-0.015576558593577648,0.0,0.04343474358621884,0.09070599897994533,-0.1937742703258103,0.005406476521727225,-0.0228249459857349,0.2868126805328388,-0.0015892851769856663,-0.17838150045567502,-0.001426810684454057,-0.022143497058467538,0.15910660284273295,0.13045910470406594,-0.2255610068240516,-0.01788245789895354,0.004003586660004024,0.14295013647060367,0.11975994262751576,-0.21322288078913182,0.010656858072923063,-0.019039906843673165,0.13865730795208708,0.05273745330255464,-0.19124257904694175,0.0025175651991040738,-0.021891422983170896,0.27355506081722375,0.15170891968563913,-0.17382110951312754,-0.00626563921930333,-0.01874682539289852,0.13671539033638444,0.12033166188622346,-0.2189262544396919,0.015311142934930024,0.0072750930137158755,0.11407150729486824,0.08853720363568256,-0.20962789932572684,0.00793119085220644,-0.017654928952553123,0.27625274158698593,-0.000738378661016151,-0.18715545290873975,-0.0009892918930454902,-0.02137828956103399,0.2568432202050016,0.14926852996289536,-0.1798546560870965,-0.012354620997609582,-0.014317163037528117,0.12466294487911038,0.10799930998583218
alpha101__alpha018,-0.1341673176818532,-0.01181671146084562,0.1809161847193922,0.16221151340630333,0.16940091860998446,0.30595752060510806,0.19212707437658882,0.1265150893456032,0.21968014698027288,-0.25045491578375184,0.079307322610153,0.08559177556125455,0.051600754885768055,0.2944994155084907,0.013003461345644491,0.15474697700715725,0.10358184225403926,1.0,0.09923042374986486,-0.018719098128844078,0.0,-0.019326477739756636,0.1446481134559465,0.17126607026370771,0.2029028158749503,-0.006753994112766626,0.0,-0.10862826586710397,0.10098757189823447,0.012911692133172706,0.14365921714462943,0.11893247393276152,0.24615675971396214,0.12573517000819168,0.15398207499907263,-0.10003532181809996,0.23642903878042737,0.2125670018386876,0.08230484315760803,0.31319512192688714,-0.11879915233844494,0.09677995020536917,0.10882918780955701,-0.008061909512732843,0.03514457062823795,0.18548309223474232,0.07429727474270197,-0.03163489718659847,0.0,0.044582168051758624,0.05646394798266203,-0.1400730864022102,0.0540148322825744,0.22027798420139214,0.08202676557964579,0.07349219629800413,-0.14320717661854193,0.03909163681067673,0.15957655986544284,0.05661332364119826,-0.06401066417420315,-0.16098648361621212,0.04701499270910296,0.23349759516596283,0.07098779511605423,0.025380864030426723,-0.14598498608406324,0.06813109845796995,0.27736546223804903,0.05476798594285052,0.06662314748839983,-0.14130772893238464,0.05578692403241002,0.2062897069042126,0.08309131430836199,-0.024949144972112335,-0.14579832218357316,0.03389082166215044,0.14374368752785793,0.05715511440149669,-0.03213873957980261,-0.16032374821376402,0.0876499521941832,0.2145059403546908,0.0660620894747749,0.04583060761748409,-0.14525507950819974,0.07464311638908769,0.27083492918492746,0.0857394334311474,0.07233890499060307,-0.1421491066549612,0.05275388960423616,0.1873455407015452,0.08293771310433914,-0.01249636080211774,-0.13440001595662998,0.024611304118151836,0.1297822588600834,0.06042334863533168,3.980613659702667e-05
alpha101__alpha019,-0.28140103609477884,0.25783518021003693,-0.030005683366788063,0.5981933703437349,0.4911871724101353,-0.0007081104503380868,0.1701575720651,0.42694934639871235,0.15869441912142215,-0.1722873370723752,0.03269731123073245,0.1771172421349673,0.2369326051061684,-0.03342096604637706,0.15071829646256127,0.24041380347246263,0.36020931125929767,0.09923042374986486,1.0,-0.0032113979901317808,0.0,0.06855280981986185,0.2434584752558285,0.15660585055611767,0.18693391454240543,0.2079316545661095,0.0,-0.06869172549937215,0.6337359634920157,0.0838829367847303,0.5551872288115552,0.26371159719345466,0.2307069998221408,0.17351317899315952,0.35228174451903427,0.12145048472040834,0.2131108016123538,0.5170862787336304,0.7433191357327911,0.1080126272299484,0.006259846645776966,0.002556839217452551,0.12246401109430737,0.1636485612978931,0.09935620485347536,0.3675885741788812,0.3596915118879352,-0.027614117644719632,0.0,0.14709314737159862,0.031017768277088523,-0.3631588129936321,-0.01541317960303789,0.048950301804670394,0.41772064561267397,-0.062107909586825834,-0.32717491766499796,-0.03452507971019826,0.0498614235824805,0.09324404428941376,0.1680768459624031,-0.3791015636391354,-0.051356676595359814,0.09913656938847293,0.09796062360424541,0.10570327622027036,-0.38936374772025195,-0.006116029515870821,0.06059202309988241,-0.05206519584789409,-0.022435279434184222,-0.3551057058755211,-0.020952000386820765,0.05262017754861264,0.3779842341536295,0.21555135772314873,-0.3137655754506621,-0.04202466628360771,0.05228097335828089,0.07619450128003986,0.11815966974171743,-0.3618912333623827,0.00484887485935686,0.11298861035537092,0.013632927752141335,0.02121743184525655,-0.37925649897867736,-0.009805341601052486,0.0636178593356933,0.39206777572628987,-0.06434460283393857,-0.34360355309421686,-0.0325858349027551,0.055052800304718305,0.3366379329306805,0.22324853848024986,-0.34764976946922016,-0.04958358167705578,0.05525948643829239,0.07964176336729335,0.06979131802612255
alpha101__alpha020,-0.019446087109962592,-0.045850430356565955,0.021785892655212708,-0.04532225356085352,0.005780093065657297,0.023151758669472004,-0.03239950076118763,0.023491675940544837,-0.04179991734386849,0.0321280391072279,0.019641266375524557,-0.031899534141425726,-0.03517967715171342,0.022779629857366604,-0.03295363297245707,-0.09506936788209831,-0.0049716823072560095,-0.018719098128844078,-0.0032113979901317808,1.0,0.0,0.0015613028628787937,0.03968402841944614,-0.17727104587831002,-0.02513183684941849,-0.0351871801080452,0.0,0.019105659310029034,-0.01098948167216124,0.056932168702112575,-0.01595337575942366,0.10346999327228283,0.03554873614866035,-0.02270242745424189,0.033386796409058436,0.022974154227524576,0.069767832850949,0.013432849349606302,-0.0036594132574232713,-0.15751485359478123,0.24774366974529835,-0.24811412613526262,-0.01882855139415229,-0.030099395729823616,-0.027353935321687076,0.020157243024783517,-0.046237929617840824,-0.01345088156397216,0.0,-0.016983975692931048,0.059961771093986524,-0.03882339912117413,0.20447577306013764,-0.11718867715048446,0.05636267411808679,0.06345784584253775,-0.03857927754027385,0.20971192203146521,-0.10930508472498482,0.020994443811702217,0.0731448562135135,-0.04560160188304252,0.2146153750660436,-0.10111161796113272,0.030215526860864414,0.06529196895235595,-0.04231025683170757,0.2036727257818304,-0.12148324584713428,0.02968695345319556,0.061926721174263635,-0.040060533023312785,0.20554503195458937,-0.11354229047564329,0.056731757547372016,0.052485864452383325,-0.040775586395765034,0.21091622093648302,-0.10592353058944728,0.0162180305515326,0.07437437332978031,-0.04550331825657082,0.20318660570232164,-0.0940843324430487,0.023455386901139345,0.06413250749852699,-0.04313193944745457,0.20429116538148773,-0.11890359889418875,0.05100447860583878,0.06560506337542409,-0.041736016338170194,0.20748395785273904,-0.10902882588989918,0.05616561876983689,0.05430562379271658,-0.03089314565509593,0.21463623742065271,-0.1005003161510094,0.010606785278547179,0.07414090031422164
alpha101__alpha021,0.0,0.0,0.0,0.0,0.0,0.0,0.0,0.0,0.0,0.0,0.0,0.0,0.0,0.0,0.0,0.0,0.0,0.0,0.0,0.0,0.0,0.0,0.0,0.0,0.0,0.0,0.0,0.0,0.0,0.0,0.0,0.0,0.0,0.0,0.0,0.0,0.0,0.0,0.0,0.0,0.0,0.0,0.0,0.0,0.0,0.0,0.0,0.0,0.0,0.0,0.0,0.0,0.0,0.0,0.0,0.0,0.0,0.0,0.0,0.0,0.0,0.0,0.0,0.0,0.0,0.0,0.0,0.0,0.0,0.0,0.0,0.0,0.0,0.0,0.0,0.0,0.0,0.0,0.0,0.0,0.0,0.0,0.0,0.0,0.0,0.0,0.0,0.0,0.0,0.0,0.0,0.0,0.0,0.0,0.0,0.0,0.0,0.0,0.0,0.0,0.0
alpha101__alpha022,-0.05361595178301446,0.05936502159175406,-0.053642108081714525,0.07150384843253804,0.05926861413033786,-0.04831804664272121,0.014120144255251271,0.11248693447297572,0.07586292096214281,-0.06827250637658698,0.0007643670000322209,0.1474192170911274,0.2987577121037107,-0.023605031928085128,0.27760879649706793,0.4169319366236197,0.02501074649442969,-0.019326477739756636,0.06855280981986185,0.0015613028628787937,0.0,1.0,0.09218854881482239,0.017559563029458776,0.07403942766214879,0.12278320055255561,0.0,-0.01890039239019754,0.033062687389649376,0.029446751355906527,0.07830592132045841,0.06093281318250371,0.07854986756505483,0.0633919494793457,0.09927264964845661,0.010565831480504747,0.05136045580744435,0.10406870166805268,0.09854776039132379,-0.019035728472244336,-3.3147267364529665e-05,0.0001021203124935366,0.06832924307511387,0.50728693163086,0.08750603704091976,0.0679149154714819,0.04744707000999909,0.005415103750985806,0.0,0.06664968409195429,-0.17426573316344096,-0.10548810682570742,-0.10342356429321498,-0.047905212021868,0.10214082263230072,-0.3317304442953479,-0.09623396482441056,-0.07764051215638568,0.05395368111659801,0.05953947213346101,0.09941283025680002,-0.09085102349451224,0.0593140424837762,0.22519799546604938,0.05043221035899449,-0.07532508832462943,-0.12220797959002239,-0.10898818251723827,-0.05182079393957994,0.03551795726805342,-0.2668022840751729,-0.1079361666978477,-0.0975412966076207,-0.033584379590381123,0.10025730039270837,0.10909486553884118,-0.09417884873145516,-0.05540155543768956,0.14468176910297614,0.044522441101104364,0.014759950659965448,-0.08919916370623918,-0.10358780324691362,0.3129388721414883,0.03868716932803524,-0.16935083193722128,-0.1250662346485883,-0.11177977194450352,-0.050025476175248114,0.09813455662652515,-0.32934686022343396,-0.10789539064816411,-0.08116183995851736,0.05148309806516679,0.09563893176780784,0.08653461051812415,-0.08360756659082842,-0.02432923182935545,0.2353398171012306,0.033793595434542606,-0.0714785209166396
alpha101__alpha023,-0.4232503320486272,0.10498441640781184,-0.013807877892232019,0.3722304599506007,0.26426507184541975,0.09819498819271044,0.023179823634821697,0.3124076179604471,0.2999282843868006,-0.3386948322122561,-0.19914056439667271,0.22477998548381684,0.13755145974772276,0.19488913543516057,0.036047269070731726,0.17727182464424712,0.10487166809372908,0.1446481134559465,0.2434584752558285,0.03968402841944614,0.0,0.09218854881482239,1.0,0.14116501357427352,0.29806853355942126,0.014780706342265432,0.0,-0.13092253913161636,0.24803212780868336,0.38331862728492033,0.43376512225650904,0.25378513117700296,0.3040357078697121,0.4086954045619328,0.38756605052899956,-0.010494307929855347,0.24264382821870145,0.4614199228401555,0.3698985353413632,0.1425417679263395,-0.06578245902707222,0.0616678726344301,0.07110895125748913,0.11000221935184898,0.1283773463208957,0.2375306803619222,0.10272941093229851,-0.06234454651174879,0.0,0.05144057170910957,0.2038295217646236,-0.24424221552836645,-0.07040160293427651,0.036284187802378264,0.3126972257292608,0.2136314821725295,-0.24610650514543306,-0.060876334356678254,0.04572546251216127,0.30071305445425,0.22665957601480166,-0.3202099583644802,-0.03458874310336223,0.09287390763706134,0.31976604814394816,0.21075368322372143,-0.26888341588699405,-0.07126250149248513,0.04221789016845995,0.22559259575190252,0.21766191103081262,-0.25202349787787365,-0.06583763976557626,0.04075477548622867,0.3206861284301613,0.2036580929986763,-0.25783499444274016,-0.05705196526726701,0.049390915332095685,0.2763368016413479,0.22279069725521397,-0.32179142500872826,-0.06902512634831083,0.0917761359971623,0.2651471369728047,0.21220374804418868,-0.2744501914101351,-0.06716452948506431,0.045665840842978915,0.3237529192156393,0.21364898976529298,-0.26078832745938996,-0.060130298674380744,0.04630237400913109,0.3272942546808487,0.19832028518917424,-0.20648623453409096,-0.052857799159156796,0.05103091250243289,0.22976615007583884,0.219602627903701
alpha101__alpha024,-0.08511881555718637,0.06769616974009778,0.08455634913588268,0.20405643258514958,0.09987312018414721,0.10213307765032197,0.1884534492410914,0.0855877382259511,0.05203403092762853,-0.08767266038196615,0.038938401817771744,0.19565298299253361,0.08234179834327847,0.08852128063105863,0.0869035950255493,0.3441395357539791,0.024568704370752162,0.17126607026370771,0.15660585055611767,-0.17727104587831002,0.0,0.017559563029458776,0.14116501357427352,1.0,0.029674895925790465,0.11395909796870886,0.0,-0.07426622998158276,0.19860752035559215,0.044343539898198225,0.24220054204827074,-0.2286783398016599,0.0748487316799147,0.04017953853373042,0.10996513777837662,0.008954871598048196,0.03555007462857924,0.13834373483778456,0.18957141090389326,0.3973225469001459,-0.4339451607563897,0.3177947536137621,0.05125712358485187,0.10062957328439653,0.10240493257850557,0.04689700894484198,0.16997014250070183,-0.01339603354695728,0.0,0.09289185210219762,-0.06683453590435862,-0.017602842709469047,-0.21154567926696669,0.3351039818463059,-0.08706476211836851,-0.07477181996769347,-0.014730063182245087,-0.2131692628014739,0.3313352919462185,-0.04456495399404824,-0.06727821495670779,-0.03294271897409705,-0.24610522186891431,0.28742495384436784,-0.06843248477773249,-0.06585743292409177,-0.02639073611817778,-0.2164149319809415,0.3296348511940515,-0.11220357897504353,-0.06824164736476722,-0.01701983558770171,-0.21379073950781183,0.33036384555952364,-0.09103852147970042,-0.05100503673636374,-0.014546564446349807,-0.2199353375905609,0.32175117633602296,-0.04481754864165784,-0.06897569145107643,-0.032103657657259456,-0.22189893854776724,0.2724021705416726,-0.07861116245362232,-0.06750323657390789,-0.025214720250109655,-0.21761312693241291,0.325710603487871,-0.06876272879717421,-0.07417370412241048,-0.016416262716431283,-0.21788642103091682,0.3239546989854683,-0.0956597230855915,-0.056121995288214405,-0.017783636778420427,-0.22971065979824784,0.30894836661970965,-0.04772617777328476,-0.06965267623305604
alpha101__alpha025,-0.2755019156746804,0.06708502886738375,-0.025041190978997905,0.16556384522927065,0.30294771788551556,0.0038042919543656416,-0.004373779333717129,0.19633774247282754,0.6839940728620448,-0.7926668938299062,-0.049701111750153244,0.07868269050745146,0.04691461205918374,0.18673230400546317,0.017204204686693175,0.027832348198103145,0.41122928571376466,0.2029028158749503,0.18693391454240543,-0.02513183684941849,0.0,0.07403942766214879,0.29806853355942126,0.029674895925790465,1.0,0.00045069221935652707,0.0,0.02752518627148809,0.0751571946313885,0.37271720928433805,0.2594836349847285,0.19680039927098986,0.731640499386567,0.592294146548555,0.287169273338912,0.25845080974295814,0.5195507302266682,0.6344673562814646,0.43269399737143677,-0.01901130626330406,0.03087710058805198,-0.01985996355143687,0.0982480880450442,0.07523596239715759,-0.01880087213035906,0.28554021090428283,0.15876733929103748,-0.0718063859443916,0.0,0.0027706532260943083,0.1564315876616145,-0.37797149442651023,-0.0071614958413226135,-0.029369860818149372,0.32643771356091267,0.16467996265413126,-0.3900869721735397,-0.005119243744653937,-0.02011699732109578,0.39970936639460286,0.17721131490658354,-0.41356647528785345,0.00966373454848973,0.0009020616323497142,0.39877191818385993,0.16593420823686542,-0.38149600325250155,-0.006204833497273906,-0.031339855949280744,0.3722459921668235,0.15924762303408987,-0.38412159634603066,-0.006459968263323492,-0.025533224035744977,0.33667691420368207,0.15201506403085618,-0.40244902325067594,-0.002729335772633488,-0.012419319933986626,0.40762631861095217,0.1769132257419884,-0.41365261545871324,-0.004872034200452665,0.012016573355306667,0.40239107835289933,0.16556207491838276,-0.3849245914500662,-0.006086837493575238,-0.02858461002671517,0.33652258268420415,0.16905464084891045,-0.3905867604970289,-0.0042127730282108524,-0.019544463091480176,0.34693965496320894,0.15038456593479507,-0.36219524634605255,0.001330415427532686,-0.0038366454559856772,0.41277526324773006,0.17908248302132465
alpha101__alpha026,-0.046065623814821856,0.2289353646873243,0.16796842094708278,0.18294112533051507,0.1113142803131846,0.23164375250403,0.10393568162484441,0.09206689244816767,0.006301398999509742,-0.004047140001940032,0.046965409244137515,0.1095727293528731,0.3028806406932087,0.17764841243276744,0.32675457652164497,0.40853759182858423,0.08897096645343991,-0.006753994112766626,0.2079316545661095,-0.0351871801080452,0.0,0.12278320055255561,0.014780706342265432,0.11395909796870886,0.00045069221935652707,1.0,0.0,-0.059777304472626414,0.21314032783025663,-0.07963931832064731,0.20503424318554303,0.046796430930476016,0.02175230623097984,0.0007152486805233883,0.04365668075933905,0.14974556719668397,0.05441791979266775,0.10846407313446045,0.1885902642042097,0.32374182864480605,-0.03238081904736745,0.05018236374496302,0.016391994122813256,0.43836391122606977,0.07155192787205214,0.08615075937577595,0.0702874654317455,0.0019900489826564717,0.0,0.3679950832588312,-0.3787026475299242,-0.044791591694026286,0.11999732986865728,0.25228610406470225,0.008741010439567374,-0.36061650831925274,-0.03313791822458416,0.1380762576434345,0.27988456152156516,-0.06341098364941908,-0.289723933089809,-0.003933655756716664,0.20466395214343416,0.3255629889180829,-0.09298258978396226,-0.3464497834660584,-0.03861989153600483,0.11696013700747547,0.24327708414628774,-0.12372599392190418,-0.38378478648242514,-0.03555858290768779,0.13397719475117842,0.2672640059040451,-0.010252506962174262,-0.24060314205260733,-0.022613557410422192,0.1516990920891689,0.2918325215455648,-0.060738856956405844,-0.3222626651390215,0.0025129676147298864,0.11664259967608574,0.3190182499736742,-0.11033627077471037,-0.38084706989176076,-0.0304870117987273,0.1311615880405347,0.2567321434066157,-0.004226366033931373,-0.36259467272057944,-0.024807034440555258,0.1492314265577897,0.28223562390170864,-0.029547474266517066,-0.27135739963517796,-0.06609540376539459,0.16140129138402165,0.301539951599389,-0.05321049227688181,-0.3510209268475455
alpha101__alpha027,0.0,0.0,0.0,0.0,0.0,0.0,0.0,0.0,0.0,0.0,0.0,0.0,0.0,0.0,0.0,0.0,0.0,0.0,0.0,0.0,0.0,0.0,0.0,0.0,0.0,0.0,0.0,0.0,0.0,0.0,0.0,0.0,0.0,0.0,0.0,0.0,0.0,0.0,0.0,0.0,0.0,0.0,0.0,0.0,0.0,0.0,0.0,0.0,0.0,0.0,0.0,0.0,0.0,0.0,0.0,0.0,0.0,0.0,0.0,0.0,0.0,0.0,0.0,0.0,0.0,0.0,0.0,0.0,0.0,0.0,0.0,0.0,0.0,0.0,0.0,0.0,0.0,0.0,0.0,0.0,0.0,0.0,0.0,0.0,0.0,0.0,0.0,0.0,0.0,0.0,0.0,0.0,0.0,0.0,0.0,0.0,0.0,0.0,0.0,0.0,0.0
alpha101__alpha028,-0.002449264925519457,-0.041155626218596766,-0.11070366589874857,-0.11789742038775111,-0.04681719226208732,-0.12972386929189342,-0.14318877448652279,-0.1130212618484547,0.04089766983032565,-0.02960347778144799,0.040508188157150425,-0.03524018745242481,-0.12523767857826956,-0.07043887760227464,-0.06452457222299274,-0.14186211940486987,-0.0012072188999668054,-0.10862826586710397,-0.06869172549937215,0.019105659310029034,0.0,-0.01890039239019754,-0.13092253913161636,-0.07426622998158276,0.02752518627148809,-0.059777304472626414,0.0,1.0,-0.09363521549006326,0.023482455590550975,-0.08758758431361871,-0.05680017537192628,0.02423412683016017,0.014750722855190147,-0.17111878867421268,0.1611422411494647,-0.004464893106933635,-0.013157951314451721,0.0542750051328416,-0.17186736683169893,0.02289098028285639,-0.027548972235322315,0.006922040544859266,-0.08812237037927174,-0.025806199831017933,-0.04575026220599715,0.006712209054990963,0.004041189819459007,0.0,-0.10341715018419655,0.10701497661660363,0.005940122091531421,-0.010040065357830861,-0.12902063010878578,-0.028044343328046048,0.07774651367323213,0.01490066747052101,-0.010360367732803927,-0.11313153405736494,0.048948399830199545,0.12974949081696371,-0.015284708707981001,-0.03146196891698498,-0.15412026380094215,0.049232987893734585,0.12193166194732524,0.0034456275342804868,-0.01635435292672585,-0.145206426942034,0.06127687005819718,0.10169256924827783,0.004385008107880936,-0.01402252166943866,-0.12904574244944053,-0.02048877422877043,0.09112158313893558,0.009031549827242568,-0.011639124212404456,-0.1082722479169767,0.06847039644006739,0.1341682301266725,-0.016670789949654926,-0.02854492377566098,-0.1353739025202398,0.06968857489271502,0.11722387608131676,0.002060738630386281,-0.020371597981757545,-0.14645925530337464,-0.018674835811961176,0.08311399257848547,0.0013794790938806171,-0.016899378025191092,-0.12694355906646831,-0.011451593829158248,0.09676720637342517,0.026039378206702643,-0.010508745012985002,-0.09844800466734537,0.0900934520157348,0.1363394394690736
alpha101__alpha029,-0.22782493424868427,0.22347471655919107,0.0030251477560179697,0.5870168519724228,0.4633878650149924,0.060951896065270614,0.1603881341578985,0.4711469526791561,0.060008983534952,-0.06863584735445344,0.019822042897687134,0.18859672886137457,0.22655313347244926,-0.00011168769369634448,0.14769168564405497,0.245507831800708,0.2496203921473751,0.10098757189823447,0.6337359634920157,-0.01098948167216124,0.0,0.033062687389649376,0.24803212780868336,0.19860752035559215,0.0751571946313885,0.21314032783025663,0.0,-0.09363521549006326,1.0,0.017248717872344946,0.4911882587560376,0.2476580936415082,0.12492737260466136,0.11146258238873738,0.2522434057315224,0.21619572864802059,0.1464477015062225,0.38200330142766004,0.6480412865126463,0.16759502519129993,-0.06161421049769705,0.05043446896256831,0.16082116903304958,0.13792373608575836,0.11533749486660558,0.28085553003955227,0.40607663797287435,-0.021049051062573876,0.0,0.1365981230812401,0.09890215588244552,-0.2582341482783612,-0.020958876900294177,0.1096488150854236,0.27827968786769935,-0.030510126470797913,-0.22729454531803153,-0.04418421982256092,0.09527616594092053,-0.17165649069288771,0.17484186826045534,-0.317621035053195,-0.07802244269502251,0.11100168819349522,-0.09677069206056375,0.15775400019020203,-0.29236212242432275,-0.013179083942433886,0.11752383513083692,-0.14993682076762352,0.040696959719255084,-0.2489570414507475,-0.02561500766473516,0.10721361571706688,0.23102846191743684,0.20695097517631986,-0.21540679096238935,-0.05488124949960243,0.08717818409881467,-0.22654440926105798,0.13078361829036297,-0.3073126083351724,0.0016309109806182801,0.13080065824985534,-0.18393654267318996,0.09382477382021653,-0.2853677155849185,-0.014026979766142388,0.12091524222112626,0.251496042652133,-0.03241406443096402,-0.2378057041786963,-0.041196602706448135,0.1018895512988661,0.19266460501733937,0.23197772917560502,-0.24057232377496435,-0.06750558419512084,0.07057618763148969,-0.24654086555181112,0.11813611623444151
alpha101__alpha030,-0.39790422514795115,-0.0003468146943435919,-0.009353869923028408,0.14368008167751073,0.19064451163224816,0.014340528535158499,0.13014929666522226,0.15894241438613307,0.23170151815594156,-0.287571987276051,-0.11388419311411727,0.006909924523624447,-0.08547040474221564,0.14116384273582017,-0.063215796984532,-0.14074331908562193,0.10042895274447114,0.012911692133172706,0.0838829367847303,0.056932168702112575,0.0,0.029446751355906527,0.38331862728492033,0.044343539898198225,0.37271720928433805,-0.07963931832064731,0.0,0.023482455590550975,0.017248717872344946,1.0,0.17894014866835867,0.14327356114574882,0.3272932499017291,0.32419486771139217,0.3538911697269285,0.07260661923488256,0.22468285398125948,0.36462716957463165,0.22966805915494806,-0.09993854837440869,0.012085328317039871,-0.0054544158302376475,0.2537640872297725,-0.011637567239692954,-0.034427041833343615,0.0932232136709546,0.22669292312881323,-0.05422188982371126,0.0,-0.06678671582563221,0.18816588463248643,-0.23603303643051898,0.011575761458600205,-0.03889760067254271,0.36138853455203734,0.20440989848414395,-0.2373110634648097,0.027212269432676822,-0.02245242794452704,0.46163941208855686,0.18765256514632836,-0.3735191774794091,0.025418123167244767,-0.07943999512481133,0.48975597317047814,0.18088757410545295,-0.28409749973912424,-0.0005830948426780085,-0.06392849573983593,0.4492517072776777,0.23533071579539158,-0.25202865888405646,0.014641303304660055,-0.038966456465399056,0.3893588429070432,0.07753424023647329,-0.2606916704017902,0.03251872668948576,-0.02226132757182316,0.43926513886072627,0.20264786885911748,-0.3808261172223134,-0.013889920191705207,-0.075982024718958,0.4443519553486844,0.21413748873200483,-0.2971539407736737,0.0011011442562733809,-0.06429569100293998,0.4045136642044479,0.2177966574208713,-0.27069163036537,0.019493502923192612,-0.03812395548653896,0.4168217507310558,0.0905489333592267,-0.17219882807452844,0.03855836895404663,-0.023286808149133368,0.38221529148283884,0.22338689464962247
alpha101__alpha031,-0.3998924014506223,0.23517248480130667,6.411050603137451e-05,0.6442759403186566,0.549889621491822,0.016232390850448756,0.11987565629272087,0.30293645422605486,0.24082530690801202,-0.26499025234610823,0.0008795195849333024,0.23365068034600606,0.2570486229961531,0.04961256565103168,0.1736767599503774,0.29687205136764133,0.27812220121703696,0.14365921714462943,0.5551872288115552,-0.01595337575942366,0.0,0.07830592132045841,0.43376512225650904,0.24220054204827074,0.2594836349847285,0.20503424318554303,0.0,-0.08758758431361871,0.4911882587560376,0.17894014866835867,1.0,0.3325127203411682,0.30717254172410785,0.28271744079016736,0.3578268019126768,0.07803220810398112,0.3061485096923442,0.5479867223560003,0.6260994874215381,0.2092249693328478,0.007661413320303794,-0.002969680349707278,-0.025740569231419323,0.18482753490844311,0.14241735785373447,0.374688099596633,0.33713152957555004,-0.04862023518341806,0.0,0.1899553735588917,0.09611745792017294,-0.35316358679519777,-0.02917410872625822,0.11933760685286854,0.07736313907061378,0.035160202442889296,-0.3672894801183575,-0.03773685061737648,0.12766195256109897,0.06576236787188872,0.1173945933428789,-0.2677601482483429,-0.01435190309359883,0.19939161446276618,-0.08448732092600145,0.09062969569750506,-0.28980851300619664,-0.02098750672676888,0.13822035784651365,-0.2658950085862725,0.10192440213382842,-0.34363915883838353,-0.030200667960371557,0.130059278059476,0.03742401934628955,0.19855665339631487,-0.359534251124463,-0.040851767079823575,0.1355499584031408,0.06164671086809871,0.0939486870500781,-0.2569085565002046,-0.015463184052523947,0.196514075278705,-0.15419209003386705,0.0789584106397219,-0.27742562222968836,-0.023200152170018338,0.14584118518451955,0.021662868333397298,0.024544362034099182,-0.3339747542347962,-0.031468800365552475,0.14026445907745466,-0.004350361445038301,0.16764947416741002,-0.4033223341379279,-0.044951698886781626,0.14025241544142375,0.02743392259649256,0.07689827938161159
alpha101__alpha032,-0.20152426769144893,0.11357061154738522,0.0473232784989482,0.2776183003725813,0.3170692863166695,0.04651783408808771,0.07651077605799463,0.28557053848215985,0.20237585365104058,-0.18683338223844767,0.008525784480842003,0.11057261762344937,0.11894139722061843,0.05375290015809782,0.057889669541923254,0.03354131902700193,0.15388135708861975,0.11893247393276152,0.26371159719345466,0.10346999327228283,0.0,0.06093281318250371,0.25378513117700296,-0.2286783398016599,0.19680039927098986,0.046796430930476016,0.0,-0.05680017537192628,0.2476580936415082,0.14327356114574882,0.3325127203411682,1.0,0.2212201613203396,0.19279711251999815,0.19796063575711478,0.040204293725795086,0.45175294436245395,0.3038505055161315,0.30664982263726326,0.01964952951783567,0.05114258360448746,-0.017406490976178142,0.08296609538920424,0.06506645081739613,0.0610732389066804,0.2330726710567855,0.2583911562486992,-0.056795647040524574,0.0,0.07343124648691687,0.11223762237307233,-0.23246196141407746,0.037667250978474266,0.024002808824717375,0.20731468064001846,0.06715568601211852,-0.23377370242595644,0.03325469571700372,0.019975083979491656,0.08548603218736023,0.11373520100598745,-0.26284532620759227,0.033070381374968955,0.05461151442462212,0.08435542045854909,0.12057646241414567,-0.24137807994357527,0.04224722573070828,0.031152154334451232,0.0362698884018793,0.09419677659381571,-0.23486447189277107,0.03645177761392861,0.02594525864446854,0.19686761454845558,0.12535818110973948,-0.23470818949579383,0.03155422704030626,0.02224453013696178,0.04860570689959555,0.11533978562240862,-0.259625657374826,0.04835956951613539,0.05222361553275798,0.039782940850028654,0.11010789891277517,-0.24214744432638757,0.040787508284449436,0.03330417575121827,0.20231733347121938,0.06664179609051235,-0.23673590386657617,0.03523768077333387,0.028623275427931798,0.18148093408562316,0.126517606226703,-0.22251622882618327,0.028994010764052475,0.02373049425481555,0.00911472745341726,0.11166663941163416
alpha101__alpha033,-0.302797794611404,0.11585154547937146,-0.01732692480440035,0.18149020815961847,0.37584376365785493,0.011615030137648048,0.07531576346057321,0.2267366607782613,0.6635240627148531,-0.7629828261901554,0.01754477279143108,0.16583217792079144,0.08418224200725284,0.19761190419214894,0.03953556887528916,0.07864074588943772,0.3269559646969683,0.24615675971396214,0.2307069998221408,0.03554873614866035,0.0,0.07854986756505483,0.3040357078697121,0.0748487316799147,0.731640499386567,0.02175230623097984,0.0,0.02423412683016017,0.12492737260466136,0.3272932499017291,0.30717254172410785,0.2212201613203396,1.0,0.5691633542663477,0.30904061283644857,0.30148919406882313,0.6625878585723173,0.841171505457321,0.49305147390158655,0.023802263113618296,0.007350535030255309,0.012070074488295246,0.1441560269093542,0.10329500974053023,0.06455971315396733,0.34768363351286047,0.2736121285077081,-0.07347880793340293,0.0,0.02885709095000972,0.13847279437189097,-0.5499804893935845,-0.014421793879228302,0.00776676385631777,0.35059277538595623,0.1417948833046278,-0.5691012232990665,-0.012836439677775669,0.015413060279467481,0.4197951986628797,0.16277907595894398,-0.5885674584973093,-0.004474556013010387,0.03214759480903677,0.4140512499562262,0.14789219678692864,-0.5524796423656346,-0.013683616573626826,0.004905624976212325,0.37351732184957004,0.1388976677446277,-0.5573326698759452,-0.013762851222523829,0.010589093734088215,0.3588236816350297,0.1416094990992916,-0.585503249881264,-0.01146708629899768,0.022965719259389963,0.42351868791773606,0.16043651971091624,-0.5874524624826649,-0.013142858401962712,0.041234699677668595,0.4118123053086197,0.14576579902885317,-0.554887453420388,-0.013555405435294257,0.007273081184661229,0.36303985346586326,0.1448556309067473,-0.5666885390562038,-0.012849010435420808,0.016002832783270478,0.3669684300402334,0.14044020435093654,-0.5335996300320024,-0.009196316401219436,0.029062658063027987,0.42466538639755,0.1608182695480817
alpha101__alpha034,-0.345032147998758,0.061028002496687876,-0.04192666087109197,0.16186182694610038,0.2781447287169206,-0.005918763940689855,-0.03023306844073734,0.20066178135550505,0.5532136095692622,-0.6195065776304565,-0.14248419960453945,0.13873356603266004,0.02563654339974985,0.12658555471069088,-0.007052663558738915,0.011207033913746032,0.2208131202838902,0.12573517000819168,0.17351317899315952,-0.02270242745424189,0.0,0.0633919494793457,0.4086954045619328,0.04017953853373042,0.592294146548555,0.0007152486805233883,0.0,0.014750722855190147,0.11146258238873738,0.32419486771139217,0.28271744079016736,0.19279711251999815,0.5691633542663477,1.0,0.24188873031364022,0.18013325551484413,0.4229151448871545,0.5395925489518305,0.37586928646187046,-0.02654988339433941,0.03641868268679391,-0.026806645569955642,0.044440415190718056,0.05453557011820591,0.026878024912721246,0.28499429879967325,0.14551344628858287,-0.06018614792363525,0.0,0.004357527644890909,0.18625949644058448,-0.3648415258835478,-0.0027801967679143298,-0.03867786351975373,0.30318849199579484,0.19149623335629953,-0.37761951377341896,0.0010375644868449692,-0.031273528388432385,0.3582843055302503,0.205924290849792,-0.40684864054067027,0.012816792166760245,-0.021099365088806738,0.35528556877164397,0.18992868833116908,-0.3730962824209163,-0.002531045377559881,-0.04366828669223312,0.30267028353056274,0.19380533644370856,-0.37119608593462655,-0.0016840590339509017,-0.0356521509813472,0.31169082887432265,0.17570807031960303,-0.39095507872644436,0.003809766569081999,-0.026050322636835196,0.3604064199776073,0.204923502624108,-0.40689271423199536,-0.003178330164978634,-0.013912262380825446,0.3412982630771853,0.19607252730651395,-0.3763874461987966,-0.0024545569792502773,-0.041175406120143296,0.31424652029973027,0.1967557874446422,-0.3798323974701762,0.001247648305241541,-0.03147753895912002,0.32006793168970515,0.17395348627049162,-0.34849780865280316,0.008402716067534817,-0.021779141441393892,0.3466230283397604,0.20629023023648993
alpha101__alpha035,-0.27104060242186934,0.14422160697389486,0.04333710642339143,0.4239138590266919,0.2680544063091437,0.07316558351201806,0.3104753959456091,0.3291561680832181,0.26912786320893334,-0.2761335977070505,0.1070575594135267,0.15512947210180345,0.15670848346537425,0.11161225715377114,0.08559237990212973,0.09316276445650602,0.289110137161017,0.15398207499907263,0.35228174451903427,0.033386796409058436,0.0,0.09927264964845661,0.38756605052899956,0.10996513777837662,0.287169273338912,0.04365668075933905,0.0,-0.17111878867421268,0.2522434057315224,0.3538911697269285,0.3578268019126768,0.19796063575711478,0.30904061283644857,0.24188873031364022,1.0,0.062032484772032354,0.2411048635033153,0.4144436135523994,0.37882829570623583,0.07112637444432399,0.007995359084722046,0.0005881662271170385,0.2878834259931683,0.15754678406679512,0.12125779358184101,0.34013744669239226,0.32480554618121715,-0.0267623704905742,0.0,0.06240749453845965,0.01325571807034411,-0.31724698554058167,0.004456048016747947,0.06671767276900539,0.4363131499361228,-0.011030444279290728,-0.2983101228557714,0.006365345615335566,0.0749491064074934,0.29664541572349623,0.027198161728045362,-0.3321436162068257,0.0022629230622550228,0.09947884315088135,0.2744211961665399,0.0175934450148032,-0.32012449970678175,0.005767129267036914,0.06945859398759244,0.20035703223886797,0.0008387314015281633,-0.3181859999155086,0.0041552453577934955,0.07003211485012902,0.4224835012019679,0.04395508497006391,-0.3007055485873219,0.005665940359053816,0.07914962908062771,0.2686939509305799,0.019869674613758978,-0.3257660724601678,0.012156890763505193,0.1019465994574807,0.22473171025134572,0.007940918364594164,-0.31769760310445627,0.005060276188712187,0.07260642242962675,0.4134354303783968,-0.010695223807785707,-0.31788399878229,0.0035428691139947946,0.07408716463648057,0.4050397758450405,0.03826397702702332,-0.2802421387225626,0.0036701678665783323,0.08274888025314836,0.23278487606925508,0.012197683780953978
alpha101__alpha036,-0.051116179260225436,0.050567307281668084,0.011027270345970772,0.052397347182924506,0.10247967668355466,0.05248000119204284,-0.08575920400408206,0.07743774481186126,0.2340461821933458,-0.2238607198117262,0.01599321041903636,0.09380479027223816,0.07674230311931352,0.0919006189571141,0.10743366508605898,0.07117795505105892,0.1432333591544899,-0.10003532181809996,0.12145048472040834,0.022974154227524576,0.0,0.010565831480504747,-0.010494307929855347,0.008954871598048196,0.25845080974295814,0.14974556719668397,0.0,0.1611422411494647,0.21619572864802059,0.07260661923488256,0.07803220810398112,0.040204293725795086,0.30148919406882313,0.18013325551484413,0.062032484772032354,1.0,0.19110194660122273,0.24801530590478713,0.25047163145062507,0.017535636865892355,-0.005307726971366852,0.016887462953558568,0.03705793886738229,0.1448607266174648,0.054814276240816764,0.08347443671222882,0.13586970262999695,-0.02062966292800308,0.0,0.08471588306024846,-0.07877330161656586,-0.14399951113732057,0.10072014346059391,0.024578830370551554,0.14907821807528857,-0.0937355712465778,-0.13923584193926977,0.09012367091225053,0.03206725639121478,0.10600843377707354,-0.013515329367454735,-0.1649631943176575,0.03228853612648122,0.0004994252255099463,0.11851608965348356,-0.057097523816987454,-0.15967394746103208,0.10109089457722577,0.0038116699255106596,0.11441087280438235,-0.08130008818315657,-0.14251263790423854,0.09702031212100747,0.025281093434615095,0.144655838833521,-0.05742025315621495,-0.14219677707544434,0.08553087090499958,0.034033119889304436,0.11658340633328064,-0.036928966938783024,-0.16293515432273525,0.08921760215518074,0.025570308181978068,0.11291196883015514,-0.06488355475272312,-0.15825238802195218,0.09756275804697212,0.0057685567601998096,0.14930908828589054,-0.08912933216771289,-0.14291783742757003,0.08900682927205825,0.027242309919989556,0.1476512855279182,-0.052099794431668865,-0.13669818328914768,0.079297521930731,0.03351348242153629,0.1298771983792786,-0.03654089825288184
alpha101__alpha037,-0.23004494084792176,0.11176569020375363,0.04363913029676734,0.18530170133268242,0.32903067772384204,0.04452632027649271,0.16884411427523366,0.1927124461763123,0.4873231190664158,-0.5494840409008694,0.06469777555097214,0.13457769670647052,0.12384608084941175,0.1462098994751666,0.07021114260092584,0.12402688603682321,0.24870708092797889,0.23642903878042737,0.2131108016123538,0.069767832850949,0.0,0.05136045580744435,0.24264382821870145,0.03555007462857924,0.5195507302266682,0.05441791979266775,0.0,-0.004464893106933635,0.1464477015062225,0.22468285398125948,0.3061485096923442,0.45175294436245395,0.6625878585723173,0.4229151448871545,0.2411048635033153,0.19110194660122273,1.0,0.5831430892003191,0.37196877415665924,0.07115792979825243,0.0725480293041611,-0.009711811581698699,0.11622243491052167,0.09922806275150298,0.04184053418428272,0.22942608962910274,0.21020467504351908,-0.058851148246583516,0.0,0.07945078913839516,0.06600847225724878,-0.3812187166007398,0.06592191383950627,0.0745316764488345,0.2156787097773169,0.06803939602644983,-0.39482033283491996,0.0648828816009503,0.07802175307841965,0.2737159663231044,0.07739587107737787,-0.4061474666609081,0.050372257068972186,0.08566715446511594,0.2496225589281866,0.07181310591662766,-0.3830488627416968,0.0639343771559712,0.0746887227376847,0.20358320145980932,0.06675260043832165,-0.3863133650364089,0.0640799783862497,0.07556175015079102,0.21791355583310376,0.06740673356479647,-0.40465682542051273,0.06211623373872513,0.08037245216053857,0.27273638447241816,0.07560219468064586,-0.4047646673951956,0.06169480043609433,0.08899303182895348,0.24360453256509043,0.0706187765051336,-0.38495540444766546,0.06227924551562646,0.0750230202145705,0.2284343487496565,0.07077732008738744,-0.39325935237778803,0.06202887812850191,0.07836606682141811,0.21934826151518874,0.06546170178206293,-0.3723913466239802,0.05890411628588969,0.08247181577306296,0.2691377498033227,0.07896871661858341
alpha101__alpha038,-0.4779254314244242,0.22231340688238085,-0.057887478205658344,0.45284714750527405,0.5713249286426288,-0.005971474782119993,0.08876166639181213,0.40478678463013545,0.5949170696195709,-0.6859148863533424,-0.03661074668443951,0.2478373480688671,0.19319522152313412,0.1341369241288971,0.1064374144323532,0.1791604339559269,0.44110740223040024,0.2125670018386876,0.5170862787336304,0.013432849349606302,0.0,0.10406870166805268,0.4614199228401555,0.13834373483778456,0.6344673562814646,0.10846407313446045,0.0,-0.013157951314451721,0.38200330142766004,0.36462716957463165,0.5479867223560003,0.3038505055161315,0.841171505457321,0.5395925489518305,0.4144436135523994,0.24801530590478713,0.5831430892003191,1.0,0.7302786188932617,0.06347981350564978,0.014788152252464293,-0.0008158060621020421,0.13663184555225868,0.16379535266384762,0.11047850598295882,0.44944728013328183,0.37551014807153293,-0.06575181136647358,0.0,0.08890790004358246,0.18768177649209009,-0.6004914805452518,-0.026619702618662304,0.015759339298151178,0.5061550955778455,0.1314824675027421,-0.6022743017935344,-0.03103871540293968,0.024950230739765943,0.43951068170960256,0.2476533477886011,-0.6512250468672437,-0.029203694942376988,0.06983057545453762,0.4169056232942694,0.21672990573957285,-0.6183207542146919,-0.021727339004180782,0.018126667864089705,0.3332099052412928,0.16036670092404723,-0.6041806094935798,-0.0281295945344023,0.019977850018656342,0.499319449099011,0.2574369695444879,-0.6110738554566436,-0.03250319412196023,0.03494415148077683,0.42360592706849687,0.232483477390681,-0.644393606915396,-0.01704739918242525,0.07986995415088768,0.3698933552898736,0.19060757559911995,-0.6168619574839016,-0.023879829879505602,0.02175653860238642,0.5066852671722627,0.13278539939770434,-0.6079359152778963,-0.029700728496308868,0.026405444564304402,0.48916447220873566,0.2481396021340884,-0.5772055622722934,-0.03395897855908086,0.04526154883767684,0.4003589772796846,0.21365485026244502
alpha101__alpha039,-0.36446748987007954,0.2799474044141956,-0.11972881369468086,0.6110317878344373,0.6172248237450019,-0.09240696711489015,0.14996795088566373,0.48109321373088915,0.3992490248041937,-0.4445812682483478,0.028198082807671544,0.2316722023795694,0.21867044274383768,-0.03353128916517525,0.12511021738025602,0.19214413104902003,0.441913947406034,0.08230484315760803,0.7433191357327911,-0.0036594132574232713,0.0,0.09854776039132379,0.3698985353413632,0.18957141090389326,0.43269399737143677,0.1885902642042097,0.0,0.0542750051328416,0.6480412865126463,0.22966805915494806,0.6260994874215381,0.30664982263726326,0.49305147390158655,0.37586928646187046,0.37882829570623583,0.25047163145062507,0.37196877415665924,0.7302786188932617,1.0,0.01054714888315552,0.01260000322598059,-0.004243790559205513,0.16308625158493195,0.14834953293318115,0.12564784016222882,0.4446522883557051,0.504422806260041,-0.03995273959104055,0.0,0.10320608969324717,0.14054511609440098,-0.502507865709633,-0.05320158143934098,-0.04062732728816515,0.4351343926517741,0.02648599413441458,-0.47098266352663737,-0.06600996817828132,-0.01185336873474013,0.10324956228379782,0.33047913989053507,-0.5357366995950926,-0.09257366325730396,0.02807533062527179,0.1251713617037634,0.23210513706585006,-0.5311263114169326,-0.05186351713735545,-0.04730293094869208,0.029628216848246545,0.0776567515167663,-0.4986732495499006,-0.05902791516577676,-0.031824209519474,0.39563026083215136,0.3344037189851387,-0.46615694779905525,-0.0719210803011385,0.002749391757326202,0.08897687843684018,0.2729355545115318,-0.5209528276670304,-0.052154354352761646,0.059786252356374615,0.05283203363287699,0.14342580417737325,-0.5238586228269704,-0.05630917810697453,-0.04118994252521672,0.4076755672714397,0.030472889520761326,-0.4928102136193643,-0.06979662217111564,-0.018875928420588727,0.3560116636794097,0.33749996200477406,-0.4701600619597858,-0.07642823811459092,0.020436591862435013,0.09225700651869839,0.21446487248065702
alpha101__alpha040,-0.05922704767045358,0.10725141631415437,0.5198561321593579,0.16661780654069308,0.019187203763988456,0.6538551618223111,0.3026419066867231,0.05879465871718024,0.005187029929369942,-0.027067302047058546,0.07815964351597854,0.21722682754490394,0.3389323658953973,0.5183147652975443,0.2781019126550371,0.6077714931729741,-0.007383108094229503,0.31319512192688714,0.1080126272299484,-0.15751485359478123,0.0,-0.019035728472244336,0.1425417679263395,0.3973225469001459,-0.01901130626330406,0.32374182864480605,0.0,-0.17186736683169893,0.16759502519129993,-0.09993854837440869,0.2092249693328478,0.01964952951783567,0.023802263113618296,-0.02654988339433941,0.07112637444432399,0.017535636865892355,0.07115792979825243,0.06347981350564978,0.01054714888315552,1.0,-0.3417215730341863,0.32900747554182336,0.15075371554756276,0.3636103684846695,0.12180122085870644,0.04726646055605107,-0.0030308946647248274,-0.0023924011101396935,0.0,0.4001192643876102,-0.4106402784929181,0.020102106386004345,0.0707260563164976,0.7623428543732778,-0.12924135533187675,-0.29929192523143017,0.013271408264402472,0.061038406213514765,0.7320997763710525,-0.04962196376628252,-0.5989920600391077,0.04079791754600936,0.06688166265052191,0.7121351319413746,-0.0829997827847853,-0.47603481520676333,0.04634507646944681,0.07995899766487403,0.7697560607100397,-0.13524842768124581,-0.35473994598030745,0.026071458408717947,0.08062584862831759,0.784135809019907,-0.1354758914654283,-0.5273184020394569,0.019522195408530625,0.05272037611532379,0.6822828352344618,-0.051727654599436956,-0.5574946010185382,0.04101732357945788,0.09527819228098958,0.6391915796941173,-0.08101694245658321,-0.4175548224600271,0.05177951153764209,0.09847253470169039,0.7962580886381759,-0.11914281197963054,-0.30190340172816776,0.03222968355662205,0.08111092014801798,0.754242384824695,-0.14228044340312465,-0.5508036702449013,-0.011582465772745607,0.0322313847703024,0.6223871552388583,-0.05271321190720504,-0.4970329369113375
alpha101__alpha041,-0.0034762901085833527,-0.005518884755505042,0.012051346488285264,-0.0545069429355973,0.06699400513444954,-0.029894134829017746,-0.011575826493287047,-0.02595133740193302,0.01900093647501799,0.01338206519139973,0.03825748056389597,-0.13329394359805088,0.11526820989920375,-0.01951480248187447,0.02550854652301605,-0.1275836843780878,0.03474077394809956,-0.11879915233844494,0.006259846645776966,0.24774366974529835,0.0,-3.3147267364529665e-05,-0.06578245902707222,-0.4339451607563897,0.03087710058805198,-0.03238081904736745,0.0,0.02289098028285639,-0.06161421049769705,0.012085328317039871,0.007661413320303794,0.05114258360448746,0.007350535030255309,0.03641868268679391,0.007995359084722046,-0.005307726971366852,0.0725480293041611,0.014788152252464293,0.01260000322598059,-0.3417215730341863,1.0,-0.6707349130832863,-0.007063760142044572,-0.035628787854717715,-0.10465411197121974,-0.02504442561982658,-0.2414958740333058,0.0031135858177776857,0.0,0.03712890999388367,0.030037478604664134,-0.021743811282442956,0.626753863632461,-0.24443488719834552,0.010403276050223134,0.029525854270897874,-0.022231090982645547,0.6273855990630895,-0.2325648009570789,0.010975336064411536,0.036448580823477746,-0.024584232745964812,0.6302685642395961,-0.19037249426844985,0.0010123742446312895,0.03086519481835822,-0.021897173555786527,0.6269168640373655,-0.24232247677548716,-0.006455779988230797,0.029766554992832553,-0.02194721265182183,0.6271984861238515,-0.23705650937580958,0.00902032274240686,0.026888618317783858,-0.02303588057168156,0.6280972946339894,-0.22127336498774522,0.0092728935030302,0.03518823432412731,-0.024788820802204133,0.6273153262219698,-0.17665851070349714,-0.003642670768418549,0.030452537738534142,-0.022150645678199323,0.627179532025336,-0.23601904452140596,0.011746327544089798,0.030542036123587028,-0.022417610670272002,0.6277240220466853,-0.22831075138702037,0.0070657867443537905,0.02722575476651246,-0.020237403180505962,0.6289398741137832,-0.20781598523783387,0.00737042889591755,0.03411146295000163
alpha101__alpha042,0.002734717651356489,0.00925537818900655,0.03057247153772277,0.05918128109745654,-0.04460082894985765,0.05521807463202749,0.020537303141132803,0.027554878943471674,0.002770719228663519,-0.021403376912027764,-0.017885132371329417,0.10696539387381963,0.06708031303904449,0.044588982008040595,0.032796027531437705,0.13474666799528662,-0.030134784899982826,0.09677995020536917,0.002556839217452551,-0.24811412613526262,0.0,0.0001021203124935366,0.0616678726344301,0.3177947536137621,-0.01985996355143687,0.05018236374496302,0.0,-0.027548972235322315,0.05043446896256831,-0.0054544158302376475,-0.002969680349707278,-0.017406490976178142,0.012070074488295246,-0.026806645569955642,0.0005881662271170385,0.016887462953558568,-0.009711811581698699,-0.0008158060621020421,-0.004243790559205513,0.32900747554182336,-0.6707349130832863,1.0,0.012861387952925022,0.056270687159775186,0.09696959239874937,0.023890868919883033,0.17674144122684388,-0.0073393748403721955,0.0,0.029996276185666977,-0.046284473106120855,0.00470294545276083,-0.5920588715650117,0.2762539344669149,-0.006790831810832047,-0.03977790903009682,0.004314684459210293,-0.5910352558942383,0.262768674121415,-0.008186738739211245,-0.059313816321324715,0.007703661958137486,-0.6044154180664025,0.22444893975063007,0.001122900481087452,-0.050115440254388396,0.006507506569731281,-0.594267742741843,0.27637881181160756,0.007458592996843754,-0.04338354770525204,0.004606651992432219,-0.593010611670922,0.26861651021445304,-0.0054743495904444476,-0.05018460722506442,0.004652629575072851,-0.5922118366373009,0.25142493435918944,-0.006266150218494473,-0.05655428183551364,0.0077324663694687545,-0.596887139631706,0.20932916511064273,0.005602691076612762,-0.04732215774565357,0.006656199742052578,-0.5952237934553741,0.26995545518821973,-0.00926909764652782,-0.04120776852735771,0.004898676334171281,-0.5939853147797802,0.2597077723181871,-0.0036042650316072855,-0.04869242503951014,0.0038783487311872746,-0.5939305807075637,0.23764110474048344,-0.00407285627154248,-0.05295966198903717
alpha101__alpha043,-0.06633567379456266,0.04858475429090169,0.15635357702324187,0.12233302461381773,0.11848099413363074,0.17771775287413494,0.5335819279673761,0.11126344945264512,0.1185569547117949,-0.11703987841415896,0.2672034520237418,0.0638952343486798,0.13393362987818136,0.19232054672843232,0.06879529680299681,0.10968481407974197,0.05817995428899937,0.10882918780955701,0.12246401109430737,-0.01882855139415229,0.0,0.06832924307511387,0.07110895125748913,0.05125712358485187,0.0982480880450442,0.016391994122813256,0.0,0.006922040544859266,0.16082116903304958,0.2537640872297725,-0.025740569231419323,0.08296609538920424,0.1441560269093542,0.044440415190718056,0.2878834259931683,0.03705793886738229,0.11622243491052167,0.13663184555225868,0.16308625158493195,0.15075371554756276,-0.007063760142044572,0.012861387952925022,1.0,0.12475334281559726,0.051164158392051115,-0.08370362540621377,0.24212132618104276,-0.013968619818148766,0.0,0.05826819301772613,-0.21781959724564748,-0.05878607012915904,0.07917610952231582,0.16510204735878664,0.12184484337235643,-0.21457460098857062,-0.05681423319782326,0.07648111244678514,0.16964235093629176,0.11535447558483117,-0.15386866925272283,-0.2800166632356876,0.06718707601870755,0.14439057625915713,0.22132256500811945,-0.18681664864844558,-0.14890961089587337,0.07860659924563886,0.1465297831302153,0.22151975171073138,-0.2130706970100828,-0.07021128181179145,0.08470627644713119,0.1690728113889159,0.13634422928074283,-0.26835900975563076,-0.06744577067419948,0.07364728214712087,0.1708479055597964,0.08735071571123487,-0.1600646385766642,-0.2911790128446342,0.08184726961396954,0.1411107431763359,0.20878950591500234,-0.18763387076128005,-0.16581484764663373,0.08572765641363118,0.15153352817659166,0.18892111677833565,-0.2049836449840974,-0.08102010624766882,0.0836848377262243,0.1726335432558408,0.152850507570117,-0.22426046372513955,-0.013112815251640975,0.06845780374577431,0.15474149186769495,0.07285599330290789,-0.167930544252711
alpha101__alpha044,-0.08060171791462786,0.18029012918125725,0.22348320779766398,0.1561217812128074,0.08242647946889792,0.2823157944712757,0.13125582125944385,0.08338767630976847,0.07861824772363657,-0.07860532374200008,0.04580979018355661,0.20593711969012515,0.5601040650482763,0.24675091656308684,0.5102782643753323,0.7070443053678653,0.0545821560007265,-0.008061909512732843,0.1636485612978931,-0.030099395729823616,0.0,0.50728693163086,0.11000221935184898,0.10062957328439653,0.07523596239715759,0.43836391122606977,0.0,-0.08812237037927174,0.13792373608575836,-0.011637567239692954,0.18482753490844311,0.06506645081739613,0.10329500974053023,0.05453557011820591,0.15754678406679512,0.1448607266174648,0.09922806275150298,0.16379535266384762,0.14834953293318115,0.3636103684846695,-0.035628787854717715,0.056270687159775186,0.12475334281559726,1.0,0.12790024686616466,0.08270773504307194,0.02341822881140806,0.00394042170262037,0.0,0.351350339145625,-0.43424074830481607,-0.09919532088130337,0.07648885127948743,0.28940956750243313,0.06172028390174244,-0.5772677649648322,-0.09284287421190099,0.09294987158762659,0.34183791511443345,0.038886560700128185,-0.2847574329893933,-0.07946452903645645,0.21346360797183211,0.44997415139282326,0.017596723475726467,-0.37563121342969746,-0.09598749684935079,0.07409534385908476,0.2749428733326859,-0.030762984454315502,-0.5144595581352257,-0.09625927758620907,0.08659303823562953,0.3132238330964061,0.052791099095991,-0.2549153004424304,-0.0882844859665096,0.11100992240945023,0.37862637345358036,0.04018612408437207,-0.32306989798144015,-0.07622111746014923,0.07660459139644031,0.5170327700557265,-0.0004875574429685851,-0.43268819235127376,-0.09302826774364405,0.08297959404124881,0.29443515486347843,0.060346504155499074,-0.5766040285343548,-0.09191430362157782,0.10049960844984245,0.3430407779019154,0.042620022956520835,-0.28780036797502967,-0.10247465320434887,0.1396776019076315,0.42657054751674794,0.04187116924818723,-0.37310041369736185
alpha101__alpha045,-0.08621675883362352,0.11892949401038548,0.009990603678140614,0.10635228287102816,0.04785914719746239,0.02605572783935046,0.05766406267947631,0.0893306872890832,0.07029087946603187,-0.025970983671915786,0.0075559414567761074,0.6346619488930275,0.11836917609857216,0.028797553633735724,0.08876036665584858,0.14310546740651228,0.05658443568806736,0.03514457062823795,0.09935620485347536,-0.027353935321687076,0.0,0.08750603704091976,0.1283773463208957,0.10240493257850557,-0.01880087213035906,0.07155192787205214,0.0,-0.025806199831017933,0.11533749486660558,-0.034427041833343615,0.14241735785373447,0.0610732389066804,0.06455971315396733,0.026878024912721246,0.12125779358184101,0.054814276240816764,0.04184053418428272,0.11047850598295882,0.12564784016222882,0.12180122085870644,-0.10465411197121974,0.09696959239874937,0.051164158392051115,0.12790024686616466,1.0,0.06508577173590478,0.11089973357890258,0.006046477767907067,0.0,0.061557195757162994,-0.056783155821564804,-0.03854525066123305,-0.06871173889382776,0.08957393708711002,0.05501754281419284,-0.11633967047418906,-0.04011084700646721,-0.06841040341640645,0.09451140154103982,0.03590890703729105,-0.015896235902986347,-0.058898625711318674,-0.07388931012663538,0.10737705493932186,0.030576028458311078,-0.03620359348241487,-0.04524111509667182,-0.06893544959838357,0.08893436776135207,-0.0005595630268369273,-0.07986037502629545,-0.03903616896898703,-0.06871656119364138,0.09176659954405215,0.05133131808834337,-0.013308350905645578,-0.04045700345989528,-0.06951116100806168,0.09795630599778105,0.02534873744307468,-0.023707904465753108,-0.05858320012809927,-0.06864334411689059,0.11501065041762135,0.013777986194691071,-0.053957607071585,-0.04566699847372485,-0.06868097975619075,0.0909412153385355,0.05684327790750718,-0.11472231728504455,-0.03924407868257571,-0.06904882096527494,0.09563386486342505,0.04666502717381954,-0.0203137447426602,-0.03706421965913961,-0.07165783673296904,0.10366700323378554,0.011570783974151655,-0.03210494121973743
alpha101__alpha046,-0.2136829604937085,0.1453717686606768,-0.11962483864198031,0.3289313605731815,0.3947958060063379,-0.030865371968437798,0.06003047876411925,0.5058412604803675,0.369751266127804,-0.3690748343264067,-0.013019489688054262,0.1502597505834191,0.11498185903332546,0.030405134006205085,0.0615833304977515,0.09009133513304161,0.2851098620210111,0.18548309223474232,0.3675885741788812,0.020157243024783517,0.0,0.0679149154714819,0.2375306803619222,0.04689700894484198,0.28554021090428283,0.08615075937577595,0.0,-0.04575026220599715,0.28085553003955227,0.0932232136709546,0.374688099596633,0.2330726710567855,0.34768363351286047,0.28499429879967325,0.34013744669239226,0.08347443671222882,0.22942608962910274,0.44944728013328183,0.4446522883557051,0.04726646055605107,-0.02504442561982658,0.023890868919883033,-0.08370362540621377,0.08270773504307194,0.06508577173590478,1.0,0.23246077282744562,-0.040299911011559615,0.0,0.05831192197443471,0.14332109007696378,-0.4734267395785445,-0.0275989183033221,-0.013054702854450543,0.40436525087369307,0.10132469885048867,-0.37790167303869715,-0.04216923621692411,-0.008928737086149724,0.07840133636694019,0.14296086020669016,-0.31570996463654105,-0.06372588288795608,0.05035796567539192,0.006001601828797197,0.14570739585198136,-0.4642532963233885,-0.01384052020637871,0.0036778422047919275,0.007569715387915054,0.12250878760678094,-0.4677236148322674,-0.03749986095250106,-0.018614646952265713,0.3718875374347355,0.23335949404061915,-0.3738047271462623,-0.04757153729068219,0.0021690290126900936,0.0899864606784825,0.12201256837036188,-0.2876553729162047,-0.0008727681849956068,0.05832615435947395,-0.031288932739957614,0.12323280308945876,-0.4390424650815666,-0.027329619150590182,0.0023834137064559823,0.31739083375057164,0.10314606027583732,-0.459789242025739,-0.045104211716632606,-0.008310552923806253,0.3338196082361178,0.20984812074799158,-0.37819097349981995,-0.05155143972844605,0.013578231267417588,0.09201946554332628,0.1035865213677762
alpha101__alpha047,-0.16794394338828814,0.1703276080508616,-0.06479051524980627,0.4145349765350953,0.4679373187439149,-0.052199473814509095,0.16128144756799187,0.4170482668865786,0.18629412944334459,-0.18930873153377945,0.20694985242161315,0.13059047171762037,0.026562883362221887,-0.04020222119357336,0.019230453292447998,-0.02661684918797737,0.20270188861706684,0.07429727474270197,0.3596915118879352,-0.046237929617840824,0.0,0.04744707000999909,0.10272941093229851,0.16997014250070183,0.15876733929103748,0.0702874654317455,0.0,0.006712209054990963,0.40607663797287435,0.22669292312881323,0.33713152957555004,0.2583911562486992,0.2736121285077081,0.14551344628858287,0.32480554618121715,0.13586970262999695,0.21020467504351908,0.37551014807153293,0.504422806260041,-0.0030308946647248274,-0.2414958740333058,0.17674144122684388,0.24212132618104276,0.02341822881140806,0.11089973357890258,0.23246077282744562,1.0,-0.03711743987413303,0.0,-0.00335517493994567,0.12029333745300821,-0.35109322486325967,-0.18960284398356994,0.01835414335548722,0.3075683671021483,0.0035481821845312106,-0.33933371945639323,-0.19073966815840296,0.029108522234330855,0.03741164181209247,0.1482744083088034,-0.44728953653688747,-0.23471763675375115,-0.004257172202590229,0.07411192435526429,0.17437454069225658,-0.38475015717964484,-0.19264136144261687,0.002244790945649143,0.06642422373248807,0.06709925470508936,-0.3550796772686568,-0.19091434967400167,0.018806193645799784,0.2945406723430844,0.13634968590603036,-0.33888604164812025,-0.1965305423788142,0.028698824196468988,-0.06174859331154853,0.16436058904223078,-0.44249942724104824,-0.1942518972662341,-0.009893840159789452,0.017629576163535342,0.1255828190251217,-0.3864430659210321,-0.1937786854726375,0.003782219403566182,0.29789935066731954,0.007444915284804096,-0.35700913258518807,-0.19408091712246203,0.018881655035276668,0.27108549952882754,0.14690102129284333,-0.3156403212883506,-0.20714406021404547,0.025805878096922027,-0.12469967345800505,0.1695026482054873
alpha101__alpha048,0.03800749425409126,-0.006865289270509225,-0.0012993025974179372,-0.03868384300675116,-0.06353849361099442,-0.0020631709818379118,-0.014477682923728835,-0.025931583945626408,-0.06139236309946281,0.06887022974442868,-0.010547404299523198,0.0069744180601537115,-0.0010289312347318,-0.0416684800032581,0.0015632033813540844,0.0001862810217258622,-0.015576558593577648,-0.03163489718659847,-0.027614117644719632,-0.01345088156397216,0.0,0.005415103750985806,-0.06234454651174879,-0.01339603354695728,-0.0718063859443916,0.0019900489826564717,0.0,0.004041189819459007,-0.021049051062573876,-0.05422188982371126,-0.04862023518341806,-0.056795647040524574,-0.07347880793340293,-0.06018614792363525,-0.0267623704905742,-0.02062966292800308,-0.058851148246583516,-0.06575181136647358,-0.03995273959104055,-0.0023924011101396935,0.0031135858177776857,-0.0073393748403721955,-0.013968619818148766,0.00394042170262037,0.006046477767907067,-0.040299911011559615,-0.03711743987413303,1.0,0.0,-0.003632919621040932,-0.024214985701009738,0.04889884340612825,0.008379137640807468,-0.0011924210297130546,-0.024895477269848483,-0.033900887316471624,0.054966865090196375,0.007472848942805517,-0.0017350966223388439,-0.028016169968870592,-0.02416972050621321,0.05515542638344011,0.007343869343056203,-0.001039630794359788,-0.032273306130228545,-0.02074018771111439,0.05202838602976621,0.009123285253631735,0.0006491965143124807,-0.022294624495589156,-0.03088026646670662,0.05010129608619544,0.008038487863365508,-0.001597242130330183,-0.025514217671640995,-0.018744098480623566,0.05649312633791587,0.007496132853951037,-0.00017215780122983084,-0.027063569511984208,-0.02452645857301845,0.05568479500197136,0.00961669385976125,0.0016403510837427653,-0.027424905491372376,-0.024964466417702186,0.052508543888505,0.008563642260047882,-0.000829929534854563,-0.02660329459619496,-0.03397962966835812,0.051248650801939154,0.0077426776149842075,-0.0028212253454336345,-0.026654089431636715,-0.019867195913278863,0.04971118529261258,0.007617015259024885,0.00021259381854597017,-0.024295479368284308,-0.023154972020811588
alpha101__alpha049,0.0,0.0,0.0,0.0,0.0,0.0,0.0,0.0,0.0,0.0,0.0,0.0,0.0,0.0,0.0,0.0,0.0,0.0,0.0,0.0,0.0,0.0,0.0,0.0,0.0,0.0,0.0,0.0,0.0,0.0,0.0,0.0,0.0,0.0,0.0,0.0,0.0,0.0,0.0,0.0,0.0,0.0,0.0,0.0,0.0,0.0,0.0,0.0,0.0,0.0,0.0,0.0,0.0,0.0,0.0,0.0,0.0,0.0,0.0,0.0,0.0,0.0,0.0,0.0,0.0,0.0,0.0,0.0,0.0,0.0,0.0,0.0,0.0,0.0,0.0,0.0,0.0,0.0,0.0,0.0,0.0,0.0,0.0,0.0,0.0,0.0,0.0,0.0,0.0,0.0,0.0,0.0,0.0,0.0,0.0,0.0,0.0,0.0,0.0,0.0,0.0
alpha101__alpha050,-0.04305821503274988,0.2233696507194701,0.42098955523540127,0.14173177463003536,0.07982033922979341,0.25554280926947465,0.15662745497436836,0.07208307766550663,0.02088534750341214,-0.01916239825588164,0.05446176466802791,0.10946296288962906,0.46036371299203027,0.201357310540754,0.4138804661751747,0.38074541019739355,0.04343474358621884,0.044582168051758624,0.14709314737159862,-0.016983975692931048,0.0,0.06664968409195429,0.05144057170910957,0.09289185210219762,0.0027706532260943083,0.3679950832588312,0.0,-0.10341715018419655,0.1365981230812401,-0.06678671582563221,0.1899553735588917,0.07343124648691687,0.02885709095000972,0.004357527644890909,0.06240749453845965,0.08471588306024846,0.07945078913839516,0.08890790004358246,0.10320608969324717,0.4001192643876102,0.03712890999388367,0.029996276185666977,0.05826819301772613,0.351350339145625,0.061557195757162994,0.05831192197443471,-0.00335517493994567,-0.003632919621040932,0.0,1.0,-0.34559328866132455,-0.03642688335492897,0.15441254499487075,0.45023310795800875,-0.030074466450038414,-0.28642787884308735,-0.03583472845268161,0.16283808789216156,0.5282613502883848,-0.04160546928053255,-0.3399067072669356,0.009429774682449972,0.18112990539848967,0.5381651870232627,-0.08080573722346716,-0.35946506081908725,-0.020278270872157472,0.15279472790125326,0.42387713664585497,-0.11803832634860902,-0.3242305043052826,-0.029722053208995073,0.1636514919946844,0.489606624005673,-0.043352497897960605,-0.2843422843343415,-0.02833135765142977,0.16482672258005282,0.5368752362213728,-0.040839373577638165,-0.36463600739029844,0.013299160954353207,0.15467157496710904,0.49991823056712936,-0.08918286690851956,-0.35122032971205747,-0.013676780601173394,0.1637649303420984,0.4567105418725354,-0.038337651467137884,-0.28900071006318606,-0.022321685373506525,0.17016295010180238,0.53152258369244,-0.057925207297059925,-0.31552176600961324,-0.062460484508065774,0.1609806164927638,0.5194042721323691,-0.03717558049329927,-0.3672126948563368
alpha101__alpha051,-0.1793851092692038,-0.16491310584061786,-0.27589671815912753,0.12174174104809653,0.1631931794315753,-0.31818910759697006,-0.2873568051862327,0.19553659594238337,0.12402004353224143,-0.14345451929944542,-0.21538372770564057,-0.06094163874442863,-0.32927698597089455,-0.26105285439005144,-0.24688510582450926,-0.40536709281037875,0.09070599897994533,0.05646394798266203,0.031017768277088523,0.059961771093986524,0.0,-0.17426573316344096,0.2038295217646236,-0.06683453590435862,0.1564315876616145,-0.3787026475299242,0.0,0.10701497661660363,0.09890215588244552,0.18816588463248643,0.09611745792017294,0.11223762237307233,0.13847279437189097,0.18625949644058448,0.01325571807034411,-0.07877330161656586,0.06600847225724878,0.18768177649209009,0.14054511609440098,-0.4106402784929181,0.030037478604664134,-0.046284473106120855,-0.21781959724564748,-0.43424074830481607,-0.056783155821564804,0.14332109007696378,0.12029333745300821,-0.024214985701009738,0.0,-0.34559328866132455,1.0,-0.15715014196636345,-0.1410521904821687,-0.3432710334627872,0.24787188068895386,0.6908710863606242,-0.15410193132981226,-0.16263504210751764,-0.38575226626642894,0.12527391397232895,0.6928237804974248,-0.23260215245748797,-0.21851958012133682,-0.46612545712907816,0.16505548920566865,0.8842641847962303,-0.16523364974362262,-0.1364053278632575,-0.32557815616678315,0.18851255173015358,0.8650093586170764,-0.16484272216678944,-0.1551875122975506,-0.3647360904694804,0.25340147358418924,0.6488715221300383,-0.16337249851849728,-0.17318822200204956,-0.41763638534105324,0.08569168102291418,0.7725851942470375,-0.2330843730363456,-0.13539512418937186,-0.41761812889320726,0.14179854467074754,0.9925894118631279,-0.16967222257582715,-0.14879136480473645,-0.3432576913629549,0.23486867326285166,0.6955250369212781,-0.17394662094349767,-0.1735281425419988,-0.39082555458272294,0.2552585058607799,0.7080180590125572,-0.1163750187543313,-0.17135528810782016,-0.44865548826028884,0.03008446295815203,0.8657818769111849
alpha101__alpha052,0.2864478638479249,-0.14065917553756563,0.06377600046492621,-0.2687419581813307,-0.5262830571773024,0.022823741712524704,-0.02746774900638162,-0.35017475542739374,-0.39146726282853417,0.45092862228410363,-0.07409070230719626,-0.11656863060799966,-0.11439332397393798,-0.06390321880089933,-0.056669246385916625,-0.0590021278493778,-0.1937742703258103,-0.1400730864022102,-0.3631588129936321,-0.03882339912117413,0.0,-0.10548810682570742,-0.24424221552836645,-0.017602842709469047,-0.37797149442651023,-0.044791591694026286,0.0,0.005940122091531421,-0.2582341482783612,-0.23603303643051898,-0.35316358679519777,-0.23246196141407746,-0.5499804893935845,-0.3648415258835478,-0.31724698554058167,-0.14399951113732057,-0.3812187166007398,-0.6004914805452518,-0.502507865709633,0.020102106386004345,-0.021743811282442956,0.00470294545276083,-0.05878607012915904,-0.09919532088130337,-0.03854525066123305,-0.4734267395785445,-0.35109322486325967,0.04889884340612825,0.0,-0.03642688335492897,-0.15715014196636345,1.0,0.05747011231395833,0.05747319591765064,-0.46031322229338684,-0.11554876516463441,0.7995167263439074,0.052626957412946554,0.03461518798676286,-0.26083996832347545,-0.18652531014878243,0.6965581885218355,0.03926539583918865,-0.01469866213789773,-0.24264812147984707,-0.16841932375496868,0.7835219983759699,0.060331249995398205,0.058955833117457536,-0.21482151653389392,-0.13584203983160179,0.9955212044540006,0.05796430274053416,0.0481418751336366,-0.440345384730805,-0.2367545372362436,0.8080161117764443,0.05073993811350944,0.022289177499692683,-0.24914037664378624,-0.16772105230510215,0.6832926874002355,0.05897726187944486,-0.02458079994373642,-0.21644408832666942,-0.1468064968462562,0.7641470644194076,0.06170507144342856,0.05056235850491055,-0.4040107868929045,-0.11615847096638449,0.9831847487630354,0.05758526693897887,0.03680204155419216,-0.41787842415328447,-0.2196831509014728,0.7514533770181051,0.047668280714424055,0.010706183555176172,-0.23900494453047919,-0.14817115162378827
alpha101__alpha053,0.009707182079739984,-0.015195634035292883,0.32542035883301074,-0.05366075384252384,0.004149935850416556,0.43449933635317517,0.1408245015931763,-0.006163150261766863,-0.017362971495436728,0.030512182949703256,0.07264440651665574,-0.06408746165842087,0.10087744585845299,0.3475308998504601,0.08056451703685776,0.06338972373118798,0.005406476521727225,0.0540148322825744,-0.01541317960303789,0.20447577306013764,0.0,-0.10342356429321498,-0.07040160293427651,-0.21154567926696669,-0.0071614958413226135,0.11999732986865728,0.0,-0.010040065357830861,-0.020958876900294177,0.011575761458600205,-0.02917410872625822,0.037667250978474266,-0.014421793879228302,-0.0027801967679143298,0.004456048016747947,0.10072014346059391,0.06592191383950627,-0.026619702618662304,-0.05320158143934098,0.0707260563164976,0.626753863632461,-0.5920588715650117,0.07917610952231582,0.07648885127948743,-0.06871173889382776,-0.0275989183033221,-0.18960284398356994,0.008379137640807468,0.0,0.15441254499487075,-0.1410521904821687,0.05747011231395833,1.0,0.12088598232746113,-0.0204040817184192,-0.08410265383327467,0.062389712229528334,0.9787208413955717,0.07295800038251947,-0.007668474460303809,-0.2518785717008637,0.003765553439950423,0.7744007358118727,0.05145463335106241,0.002984381611828518,-0.17377615275469585,0.03513532235067075,0.9873943547400814,0.14147854930872703,0.00272084909343314,-0.10839849718307665,0.05575082728005767,0.9941332579081908,0.10658902318945772,-0.0172344749346629,-0.2932578428984465,0.05860138198939153,0.9563263293567744,0.049354518144801074,-0.011320596644782435,-0.212784130172889,0.002160288983393145,0.9505521352931289,0.03151702726873744,0.0007882714726154351,-0.1360252557415124,0.03347685865285239,0.9850655823019986,0.13245688247235307,-0.0049621461735580175,-0.07931522287460788,0.053442577725837326,0.9771140233074144,0.08704630769011173,-0.014597436150626248,-0.26231496250118647,0.07188911193709831,0.92147354691345,0.028828385172190427,-0.012289675714731805,-0.169960689562202
alpha101__alpha054,-0.0134575073616801,0.08856216323922299,0.667756378528717,0.09154761834647478,-0.00743072525634493,0.5012390117464108,0.30006627077832654,0.035491046119006386,-0.007659913436601282,-0.005509500350320917,0.09577327964366844,0.16259490183533418,0.3117310935456947,0.40020766235667365,0.2713592236115425,0.45427228883504234,-0.0228249459857349,0.22027798420139214,0.048950301804670394,-0.11718867715048446,0.0,-0.047905212021868,0.036284187802378264,0.3351039818463059,-0.029369860818149372,0.25228610406470225,0.0,-0.12902063010878578,0.1096488150854236,-0.03889760067254271,0.11933760685286854,0.024002808824717375,0.00776676385631777,-0.03867786351975373,0.06671767276900539,0.024578830370551554,0.0745316764488345,0.015759339298151178,-0.04062732728816515,0.7623428543732778,-0.24443488719834552,0.2762539344669149,0.16510204735878664,0.28940956750243313,0.08957393708711002,-0.013054702854450543,0.01835414335548722,-0.0011924210297130546,0.0,0.45023310795800875,-0.3432710334627872,0.05747319591765064,0.12088598232746113,1.0,-0.14207259919431672,-0.2602535216189914,0.05050687026852883,0.10298773902219252,0.8752539748018867,-0.057551271465987916,-0.4803030066689693,0.0453997092541671,0.059524398990839625,0.6997789436992461,-0.06481571813974137,-0.38613182640366117,0.06884380314425616,0.13108902927535915,0.9385474036974836,-0.0939507346089671,-0.30238832853626857,0.0595845248903778,0.11979490232213229,0.9565716647239327,-0.14112955903946653,-0.4828991609404656,0.05269615577738911,0.09013984767938077,0.8021888731834551,-0.05482885753806594,-0.4373699041389089,0.043946845131973625,0.14209213631314827,0.6199553992171033,-0.06242350613656696,-0.3438767409983303,0.0703128497796685,0.13434454172682803,0.9744909332280816,-0.12041604945834776,-0.26163549294837646,0.061096454530950875,0.11231931719782945,0.8927585722970572,-0.1387549061165582,-0.4572306197702363,0.035865309797557594,0.06831585703328785,0.722764542874032,-0.051557436839558574,-0.39068584720087474
alpha101__alpha055,-0.3512103556138908,0.13965972071297922,-0.11010924309180407,0.3339115932341566,0.29289053716657265,-0.03927032225492267,-0.050798925388360394,0.5561954601777194,0.2916095367449506,-0.31311616727859487,-0.11603334593514981,0.10955508394996048,0.0660011691066065,0.0047478396749236615,0.035061509199788614,-0.04114513182776712,0.2868126805328388,0.08202676557964579,0.41772064561267397,0.05636267411808679,0.0,0.10214082263230072,0.3126972257292608,-0.08706476211836851,0.32643771356091267,0.008741010439567374,0.0,-0.028044343328046048,0.27827968786769935,0.36138853455203734,0.07736313907061378,0.20731468064001846,0.35059277538595623,0.30318849199579484,0.4363131499361228,0.14907821807528857,0.2156787097773169,0.5061550955778455,0.4351343926517741,-0.12924135533187675,0.010403276050223134,-0.006790831810832047,0.12184484337235643,0.06172028390174244,0.05501754281419284,0.40436525087369307,0.3075683671021483,-0.024895477269848483,0.0,-0.030074466450038414,0.24787188068895386,-0.46031322229338684,-0.0204040817184192,-0.14207259919431672,1.0,0.14719439520658775,-0.39047531330321505,-0.017457065059129043,-0.12260677856522967,0.5307371426364115,0.2675689905590456,-0.5538875641461448,-0.04316702628217405,-0.09460255957134843,0.5978138123598441,0.2791646877539647,-0.526637834668186,-0.020431352980949835,-0.14640525101943547,0.6064610832986942,0.21107599874958008,-0.4685375846752122,-0.02155243464604599,-0.13926913146764963,0.9911603581184996,0.26150070792482777,-0.3991136165982806,-0.017220640719108872,-0.11320001375786322,0.45745979097396383,0.26793466408377087,-0.5431978311811015,-0.017116685242065534,-0.07915028645801801,0.5088601784980347,0.2533517675071618,-0.5273479660520992,-0.022925176017242022,-0.1447077499922993,0.9648420394051268,0.15960561482004118,-0.4738905142441325,-0.022912236579276622,-0.13325382048655035,0.9683245129257656,0.2705729530551035,-0.32852266510156486,-0.016957294956965407,-0.10107852938185309,0.38535542753314694,0.256724494235894
alpha101__alpha056,-0.15643469643942068,-0.21923830414898318,-0.17834202753318418,0.010783374347242877,0.09271256016673186,-0.19474165981447875,-0.2557820424060881,0.07193735535719124,0.13739875357315345,-0.16286962527990673,-0.19376276510472448,-0.1337158267195585,-0.47310986325081683,-0.12745055303561326,-0.34095193349040737,-0.5245480252978385,-0.0015892851769856663,0.07349219629800413,-0.062107909586825834,0.06345784584253775,0.0,-0.3317304442953479,0.2136314821725295,-0.07477181996769347,0.16467996265413126,-0.36061650831925274,0.0,0.07774651367323213,-0.030510126470797913,0.20440989848414395,0.035160202442889296,0.06715568601211852,0.1417948833046278,0.19149623335629953,-0.011030444279290728,-0.0937355712465778,0.06803939602644983,0.1314824675027421,0.02648599413441458,-0.29929192523143017,0.029525854270897874,-0.03977790903009682,-0.21457460098857062,-0.5772677649648322,-0.11633967047418906,0.10132469885048867,0.0035481821845312106,-0.033900887316471624,0.0,-0.28642787884308735,0.6908710863606242,-0.11554876516463441,-0.08410265383327467,-0.2602535216189914,0.14719439520658775,1.0,-0.12592316168775797,-0.08983037752440352,-0.28902129072411525,0.14200563302683208,0.4659310656964155,-0.1237945671857606,-0.13584425798946695,-0.3400227474733704,0.16557406669515154,0.5903023329838493,-0.10328906550112328,-0.0816260603555562,-0.24641259511221944,0.16623437061823643,0.8208946010738768,-0.12015327729346796,-0.08816428091928621,-0.2738023245240519,0.15587509793351387,0.45180824245756573,-0.13566301402640776,-0.09629025335676313,-0.310151420463158,0.1452753690844412,0.5114615327202077,-0.12598466864859537,-0.07964081372982101,-0.38234466715693344,0.16292741636703317,0.6823309221112067,-0.10600725789914317,-0.08558456620392416,-0.25735753539768363,0.13701588328977862,0.996693637971046,-0.1264742942300492,-0.09337149193300744,-0.29054378430548317,0.1655443061526785,0.48925753721394405,-0.10234781749303176,-0.10700255412764206,-0.3383450553566854,0.12861985354398653,0.5728728724806886
alpha101__alpha057,0.2893554308956662,-0.1293451546625008,0.048203727356603006,-0.24759919502847624,-0.5220618631567109,0.013845499650900388,-0.02153136263721546,-0.296138617966453,-0.4066537359418114,0.46788649668295423,-0.07846222882321559,-0.11651675157248788,-0.10612925357169047,-0.0782075181716435,-0.04950815064876361,-0.05396918724598378,-0.17838150045567502,-0.14320717661854193,-0.32717491766499796,-0.03857927754027385,0.0,-0.09623396482441056,-0.24610650514543306,-0.014730063182245087,-0.3900869721735397,-0.03313791822458416,0.0,0.01490066747052101,-0.22729454531803153,-0.2373110634648097,-0.3672894801183575,-0.23377370242595644,-0.5691012232990665,-0.37761951377341896,-0.2983101228557714,-0.13923584193926977,-0.39482033283491996,-0.6022743017935344,-0.47098266352663737,0.013271408264402472,-0.022231090982645547,0.004314684459210293,-0.05681423319782326,-0.09284287421190099,-0.04011084700646721,-0.37790167303869715,-0.33933371945639323,0.054966865090196375,0.0,-0.03583472845268161,-0.15410193132981226,0.7995167263439074,0.062389712229528334,0.05050687026852883,-0.39047531330321505,-0.12592316168775797,1.0,0.05763554395101902,0.033282826932897774,-0.2806130117537122,-0.1703861106803962,0.6925095964853126,0.030397236235425226,-0.017227795835749647,-0.25957161831570347,-0.1599091275322543,0.7180907230995128,0.06224925094091176,0.04524518491377492,-0.22094533891321416,-0.13567949311014516,0.7868494106489522,0.06160842954162698,0.04263091014975897,-0.3742240198075824,-0.21981081333303218,0.9933247331325201,0.05474912722465361,0.022104324228779303,-0.2683770717315608,-0.15811374115028934,0.6847093577241833,0.052217720048590516,-0.025832933740979308,-0.23833279092047158,-0.14325696657750428,0.7140899281916414,0.06057522133293297,0.038661497638109894,-0.3430431132497418,-0.11820636207423746,0.7758626714283158,0.05992927145220304,0.032362323723080615,-0.3560716060933395,-0.20755417630081216,0.9430204086592548,0.050972510031626034,0.011553964061555113,-0.2566650353907288,-0.14472104255609697
alpha101__alpha058,0.007685931102229496,-0.026413037255124217,0.32663342726853833,-0.06839751963097723,-0.005446798375353355,0.43174703840075124,0.13616550582770015,-0.014716465412361351,-0.014635242243604053,0.028095946473124474,0.06679516791403733,-0.06496462307811508,0.10278900053087717,0.3473954893946704,0.08387511977656792,0.07115886512180691,-0.001426810684454057,0.03909163681067673,-0.03452507971019826,0.20971192203146521,0.0,-0.07764051215638568,-0.060876334356678254,-0.2131692628014739,-0.005119243744653937,0.1380762576434345,0.0,-0.010360367732803927,-0.04418421982256092,0.027212269432676822,-0.03773685061737648,0.03325469571700372,-0.012836439677775669,0.0010375644868449692,0.006365345615335566,0.09012367091225053,0.0648828816009503,-0.03103871540293968,-0.06600996817828132,0.061038406213514765,0.6273855990630895,-0.5910352558942383,0.07648111244678514,0.09294987158762659,-0.06841040341640645,-0.04216923621692411,-0.19073966815840296,0.007472848942805517,0.0,0.16283808789216156,-0.16263504210751764,0.052626957412946554,0.9787208413955717,0.10298773902219252,-0.017457065059129043,-0.08983037752440352,0.05763554395101902,1.0,0.07840196605195318,0.00774779103440408,-0.2473746699273506,0.005666981374954742,0.819463320121877,0.07008513182467681,0.013689924982124518,-0.1936458159816362,0.03449488099062977,0.9486553779333446,0.1144663206251824,0.014344426828264992,-0.12093552858429676,0.05078815473367327,0.988658687608055,0.09713105477698157,-0.012956022081177661,-0.2827339350199235,0.053899292646663745,0.9917848623706464,0.06590841810437885,0.001281396411682693,-0.22005276262217743,0.0033193805596472316,0.9062507549168929,0.04376834324144483,0.013249737854819945,-0.15614708671749603,0.03235177070624724,0.9576605154500489,0.11183415836454341,-0.0021643487740907507,-0.08424676915574938,0.048688266855986234,0.9904667128221091,0.08812174126380885,-0.009443501598163512,-0.2629451337177164,0.06833742999472371,0.9667437508557254,0.04848406814850139,-0.004516097902012713,-0.1882943088344854
alpha101__alpha059,-0.01900652898121553,0.1051263969823408,0.6323731232241669,0.08728746021937572,-0.008492421248040224,0.4581243800591313,0.2928124299818892,0.031429825353319805,0.0023602932581032895,-0.01304725675916099,0.09378118522111745,0.174939130938883,0.35991572422426177,0.36858612418814046,0.31752255352966724,0.4811329346666545,-0.022143497058467538,0.15957655986544284,0.0498614235824805,-0.10930508472498482,0.0,0.05395368111659801,0.04572546251216127,0.3313352919462185,-0.02011699732109578,0.27988456152156516,0.0,-0.11313153405736494,0.09527616594092053,-0.02245242794452704,0.12766195256109897,0.019975083979491656,0.015413060279467481,-0.031273528388432385,0.0749491064074934,0.03206725639121478,0.07802175307841965,0.024950230739765943,-0.01185336873474013,0.7320997763710525,-0.2325648009570789,0.262768674121415,0.16964235093629176,0.34183791511443345,0.09451140154103982,-0.008928737086149724,0.029108522234330855,-0.0017350966223388439,0.0,0.5282613502883848,-0.38575226626642894,0.03461518798676286,0.07295800038251947,0.8752539748018867,-0.12260677856522967,-0.28902129072411525,0.033282826932897774,0.07840196605195318,1.0,-0.03785338300792157,-0.4637893311214012,0.0411652685225561,0.0757289554230321,0.7795368728797046,-0.06111426059374363,-0.43217748868456607,0.04266636977577236,0.06576762026187581,0.7978176726226442,-0.09383006783751754,-0.337435391157062,0.03729178157685455,0.08205316230918734,0.9307975249311643,-0.12319508284388983,-0.4192156751376356,0.035459663854111215,0.07395909306498007,0.9362489900068064,-0.03709107806485903,-0.4762274776195036,0.04005259360365619,0.06662090244326549,0.6888490501586485,-0.05562370935281387,-0.3849852214214792,0.04536826417336343,0.08126518995259636,0.8444633000320066,-0.10868055704962837,-0.28866779329245046,0.039808771439820416,0.08483696051841651,0.9834279135918302,-0.12346375259643382,-0.4480253731709343,0.02266855745991074,0.05994274754378256,0.8465504013826621,-0.03788325834376306,-0.4357332972541605
alpha101__alpha060,-0.37998161359071847,0.018900152985737904,-0.021533691441768206,0.01883552796540006,0.014081846845870485,-0.008796188892182356,-0.07002415076440727,0.021090169113287198,0.38589685256243533,-0.4271254856895952,-0.13351865695023557,0.08268053549679989,-0.01973288712792257,0.10933268211328032,-0.010537572806588534,-0.057295596624526546,0.15910660284273295,0.05661332364119826,0.09324404428941376,0.020994443811702217,0.0,0.05953947213346101,0.30071305445425,-0.04456495399404824,0.39970936639460286,-0.06341098364941908,0.0,0.048948399830199545,-0.17165649069288771,0.46163941208855686,0.06576236787188872,0.08548603218736023,0.4197951986628797,0.3582843055302503,0.29664541572349623,0.10600843377707354,0.2737159663231044,0.43951068170960256,0.10324956228379782,-0.04962196376628252,0.010975336064411536,-0.008186738739211245,0.11535447558483117,0.038886560700128185,0.03590890703729105,0.07840133636694019,0.03741164181209247,-0.028016169968870592,0.0,-0.04160546928053255,0.12527391397232895,-0.26083996832347545,-0.007668474460303809,-0.057551271465987916,0.5307371426364115,0.14200563302683208,-0.2806130117537122,0.00774779103440408,-0.03785338300792157,1.0,0.06739566483721547,-0.3649103066446896,0.030927093659910927,-0.04957610856505064,0.8907883786642996,0.10149729018624126,-0.27081368265343364,-0.012225483010728901,-0.06519816904314554,0.7630017927724545,0.1540740460795915,-0.2739918633652944,0.0002705594017130223,-0.05119285503787962,0.5794093186781641,0.010462997238915587,-0.3015109522488823,0.017115407109698746,-0.0329718653362522,0.9433937583264725,0.08821540737242516,-0.37327568920340054,-0.019789535336593906,-0.05345643570190484,0.8722070641139074,0.1409505765033636,-0.28149050978716345,-0.007138877363137736,-0.06137928564451756,0.5940214821716084,0.14749752401702912,-0.2907460799530881,0.010551478846589241,-0.04277959419457775,0.6289504288149665,0.009612434103512505,-0.22885500822251778,0.02320348915367207,-0.0356610354870373,0.8327769065788634,0.13432837094918315
alpha101__alpha061,-0.16719559317448227,-0.07641990398252822,-0.44358761345751063,0.15072707153293297,0.2021320470907835,-0.5571657612283568,-0.2708018764555259,0.1983737025265881,0.15368394632090193,-0.17463990922621636,-0.2238299616779802,-0.00478255759630436,-0.22257428296779883,-0.42421006832797525,-0.18059120162143846,-0.3098244063951927,0.13045910470406594,-0.06401066417420315,0.1680768459624031,0.0731448562135135,0.0,0.09941283025680002,0.22665957601480166,-0.06727821495670779,0.17721131490658354,-0.289723933089809,0.0,0.12974949081696371,0.17484186826045534,0.18765256514632836,0.1173945933428789,0.11373520100598745,0.16277907595894398,0.205924290849792,0.027198161728045362,-0.013515329367454735,0.07739587107737787,0.2476533477886011,0.33047913989053507,-0.5989920600391077,0.036448580823477746,-0.059313816321324715,-0.15386866925272283,-0.2847574329893933,-0.015896235902986347,0.14296086020669016,0.1482744083088034,-0.02416972050621321,0.0,-0.3399067072669356,0.6928237804974248,-0.18652531014878243,-0.2518785717008637,-0.4803030066689693,0.2675689905590456,0.4659310656964155,-0.1703861106803962,-0.2473746699273506,-0.4637893311214012,0.06739566483721547,1.0,-0.2558521771269512,-0.2545329062637119,-0.4174018141660036,0.1368003148433122,0.8163484813031342,-0.2300692995057443,-0.25655991785557647,-0.4729322264874845,0.13973590321766557,0.5832433600443067,-0.19406104096531782,-0.26315329179238756,-0.5004798381696801,0.2645802921331853,0.8891150318991556,-0.17751384558528072,-0.23937415937871837,-0.4197485340088532,0.057049616005816386,0.9266731212657048,-0.25335357589834634,-0.26651148483780307,-0.3460367077109171,0.10155282882773654,0.7051125552195814,-0.23644467715583511,-0.2769752128368045,-0.4978678941012454,0.25413730984581,0.47333344907274255,-0.20094007478408754,-0.26623277519923977,-0.4756671325793787,0.26213116848191004,0.9542121415742287,-0.130797010330569,-0.21918414199727698,-0.36602132535888715,0.048357810471521864,0.82927158393378
alpha101__alpha062,0.36762891471926107,-0.15106861087688084,0.04463887913162031,-0.30877386433591275,-0.5371238792192649,-0.014790717765404053,-0.07842569243553787,-0.44804544338744284,-0.42227100588015726,0.4825469498548972,-0.04570472249775499,-0.1369875582223635,-0.09906254031806294,-0.09906134591495276,-0.04680467254715239,-0.03502284049720467,-0.2255610068240516,-0.16098648361621212,-0.3791015636391354,-0.04560160188304252,0.0,-0.09085102349451224,-0.3202099583644802,-0.03294271897409705,-0.41356647528785345,-0.003933655756716664,0.0,-0.015284708707981001,-0.317621035053195,-0.3735191774794091,-0.2677601482483429,-0.26284532620759227,-0.5885674584973093,-0.40684864054067027,-0.3321436162068257,-0.1649631943176575,-0.4061474666609081,-0.6512250468672437,-0.5357366995950926,0.04079791754600936,-0.024584232745964812,0.007703661958137486,-0.2800166632356876,-0.07946452903645645,-0.058898625711318674,-0.31570996463654105,-0.44728953653688747,0.05515542638344011,0.0,0.009429774682449972,-0.23260215245748797,0.6965581885218355,0.003765553439950423,0.0453997092541671,-0.5538875641461448,-0.1237945671857606,0.6925095964853126,0.005666981374954742,0.0411652685225561,-0.3649103066446896,-0.2558521771269512,1.0,0.029308056531659125,0.03289680005466022,-0.439470629154925,-0.27070526947638174,0.7955471486327893,0.0035856492988862996,0.050011754930073316,-0.43537201548303456,-0.18167231359259867,0.7114779931593459,0.003824869070406311,0.04487100047703352,-0.557018397719477,-0.22643037555865245,0.7109829873811794,0.008361869600470044,0.03939369240102268,-0.31124071352365473,-0.2678372480132027,0.9967350731621714,-0.0004572659055132158,0.01708399615248467,-0.39540924856345744,-0.24344601125274082,0.8068613235440389,0.0030708320208623244,0.04849786534807512,-0.5707269407421756,-0.13062689783274975,0.7259431102674885,0.007259474956744437,0.04353934325445883,-0.5530292447174864,-0.2450560939240124,0.6219600074662305,0.010088187646399533,0.04079681185015259,-0.27189613825810993,-0.26179097411504504
alpha101__alpha063,-0.014193745317748682,-0.10041690543788448,0.36006921133217856,-0.07770082364928894,-0.007498282844833584,0.48984852242818533,0.1006560137804525,-0.057786337094297466,-0.011158126409162467,0.015298725223005597,0.049052129795830436,-0.07270575359220535,0.1333938391881023,0.395728799578183,0.1167625791711285,0.1423904663504446,-0.01788245789895354,0.04701499270910296,-0.051356676595359814,0.2146153750660436,0.0,0.0593140424837762,-0.03458874310336223,-0.24610522186891431,0.00966373454848973,0.20466395214343416,0.0,-0.03146196891698498,-0.07802244269502251,0.025418123167244767,-0.01435190309359883,0.033070381374968955,-0.004474556013010387,0.012816792166760245,0.0022629230622550228,0.03228853612648122,0.050372257068972186,-0.029203694942376988,-0.09257366325730396,0.06688166265052191,0.6302685642395961,-0.6044154180664025,0.06718707601870755,0.21346360797183211,-0.07388931012663538,-0.06372588288795608,-0.23471763675375115,0.007343869343056203,0.0,0.18112990539848967,-0.21851958012133682,0.03926539583918865,0.7744007358118727,0.059524398990839625,-0.04316702628217405,-0.13584425798946695,0.030397236235425226,0.819463320121877,0.0757289554230321,0.030927093659910927,-0.2545329062637119,0.029308056531659125,1.0,0.1326101183470646,0.021588854495166124,-0.23975441546311624,0.04974523339125055,0.7735069953093313,0.05989560743858561,0.00560031779105169,-0.18452490919664352,0.038937570192710436,0.8111876618078478,0.07396169246677843,-0.03723214957235431,-0.2608099770890791,0.028927689152824346,0.8574501476161578,0.08242715354658985,0.03112260097006546,-0.24982139446419832,0.025221519967672294,0.7831885658601005,0.12222749295521071,0.022148497813943735,-0.2133102643174407,0.04804951351508168,0.8094931595090226,0.0760501479745366,-0.028268675336988652,-0.13233775944571388,0.038155100404751396,0.8514575290581338,0.08510877835718894,-0.031226599554149467,-0.2656176697907646,0.02990836903348967,0.8890045598482771,0.0831487619461069,0.02239089523986122,-0.23471969246207966
alpha101__alpha064,-0.05448943050160026,0.1304734410748765,0.5198913653935751,0.15497243845541958,0.04223227354929448,0.44018852199792907,0.2547617488715698,0.07508047427946687,0.021092367927293597,-0.03341604703050749,0.10238263873283343,0.20013190115237223,0.4950145989968701,0.3570441437157772,0.4129066751250207,0.5912359708841625,0.004003586660004024,0.23349759516596283,0.09913656938847293,-0.10111161796113272,0.0,0.22519799546604938,0.09287390763706134,0.28742495384436784,0.0009020616323497142,0.3255629889180829,0.0,-0.15412026380094215,0.11100168819349522,-0.07943999512481133,0.19939161446276618,0.05461151442462212,0.03214759480903677,-0.021099365088806738,0.09947884315088135,0.0004994252255099463,0.08566715446511594,0.06983057545453762,0.02807533062527179,0.7121351319413746,-0.19037249426844985,0.22444893975063007,0.14439057625915713,0.44997415139282326,0.10737705493932186,0.05035796567539192,-0.004257172202590229,-0.001039630794359788,0.0,0.5381651870232627,-0.46612545712907816,-0.01469866213789773,0.05145463335106241,0.6997789436992461,-0.09460255957134843,-0.3400227474733704,-0.017227795835749647,0.07008513182467681,0.7795368728797046,-0.04957610856505064,-0.4174018141660036,0.03289680005466022,0.1326101183470646,1.0,-0.09053413111666855,-0.44922983603884037,0.0003254731162585509,0.05213014033359215,0.6876834076379567,-0.13167468117499934,-0.41095644965326805,-0.009937244169733458,0.06589168996628007,0.7430892144873661,-0.102262548301817,-0.34602099446527057,-0.010971980198061632,0.07844267328332949,0.8440750308349686,-0.03813080654285658,-0.44285869847196113,0.0343906091149367,0.06157191381164005,0.900350331063088,-0.091284621910178,-0.47211910518382566,0.00417536924451295,0.06586992784422721,0.7244002739164496,-0.09443797093646789,-0.34297530871900606,-0.003917256499354245,0.08364401186329762,0.7952172325121516,-0.11083316633876077,-0.37963428537379523,-0.03723170993993906,0.07513434901448977,0.9153974236434148,-0.03446835330972203,-0.46716275853030365
alpha101__alpha065,-0.3602083767012167,0.015644444659367016,-0.00371292485142109,0.007922079481219688,0.0089025595386311,0.035750769862412324,-0.04470650901277589,0.059081075990854146,0.3812220813772052,-0.4257483562267286,-0.14608721184530624,0.07310206626334906,-0.04084349514876833,0.1517502419187081,-0.02806371649723476,-0.09096605749082547,0.14295013647060367,0.07098779511605423,0.09796062360424541,0.030215526860864414,0.0,0.05043221035899449,0.31976604814394816,-0.06843248477773249,0.39877191818385993,-0.09298258978396226,0.0,0.049232987893734585,-0.09677069206056375,0.48975597317047814,-0.08448732092600145,0.08435542045854909,0.4140512499562262,0.35528556877164397,0.2744211961665399,0.11851608965348356,0.2496225589281866,0.4169056232942694,0.1251713617037634,-0.0829997827847853,0.0010123742446312895,0.001122900481087452,0.22132256500811945,0.017596723475726467,0.030576028458311078,0.006001601828797197,0.07411192435526429,-0.032273306130228545,0.0,-0.08080573722346716,0.16505548920566865,-0.24264812147984707,0.002984381611828518,-0.06481571813974137,0.5978138123598441,0.16557406669515154,-0.25957161831570347,0.013689924982124518,-0.06111426059374363,0.8907883786642996,0.1368003148433122,-0.439470629154925,0.021588854495166124,-0.09053413111666855,1.0,0.168373130766985,-0.2862877882075414,-0.0024812854174918603,-0.0779514405079181,0.9101986626035665,0.18476064428016178,-0.25967569294781684,0.009175796911903353,-0.0648846605780513,0.6554672906474184,0.03632439791013573,-0.28274925791449346,0.019270833581258646,-0.06521273645081566,0.8471249903160196,0.17085287040786648,-0.4525666977416363,-0.00749781789800067,-0.08664219650199277,0.9639207497069296,0.18862377264675886,-0.304233881151632,0.0044457767364449625,-0.07537918509675873,0.6830814058145013,0.17509754154214663,-0.27863951363901013,0.015024043089035082,-0.06696012737073202,0.7158549071989685,0.06918287676593152,-0.1849124329850201,0.024141831983582645,-0.0679528391735072,0.7873426658260253,0.19726310231588123
alpha101__alpha066,-0.16184392248792975,-0.12986266292912851,-0.33079358862325703,0.14666755995201367,0.18755092832546796,-0.3903260405112395,-0.2871343909249431,0.2421691730530627,0.13236326876363744,-0.15469144135173013,-0.21482241684078957,-0.03552017154650686,-0.27916688483809415,-0.31092708694234006,-0.2181824887566218,-0.3639884887779137,0.11975994262751576,0.025380864030426723,0.10570327622027036,0.06529196895235595,0.0,-0.07532508832462943,0.21075368322372143,-0.06585743292409177,0.16593420823686542,-0.3464497834660584,0.0,0.12193166194732524,0.15775400019020203,0.18088757410545295,0.09062969569750506,0.12057646241414567,0.14789219678692864,0.18992868833116908,0.0175934450148032,-0.057097523816987454,0.07181310591662766,0.21672990573957285,0.23210513706585006,-0.47603481520676333,0.03086519481835822,-0.050115440254388396,-0.18681664864844558,-0.37563121342969746,-0.03620359348241487,0.14570739585198136,0.17437454069225658,-0.02074018771111439,0.0,-0.35946506081908725,0.8842641847962303,-0.16841932375496868,-0.17377615275469585,-0.38613182640366117,0.2791646877539647,0.5903023329838493,-0.1599091275322543,-0.1936458159816362,-0.43217748868456607,0.10149729018624126,0.8163484813031342,-0.27070526947638174,-0.23975441546311624,-0.44922983603884037,0.168373130766985,1.0,-0.19621314111030544,-0.1693964421847669,-0.3726000430788938,0.1919048964349484,0.7466189328506625,-0.17751310270769005,-0.19309571358395616,-0.4109638784705125,0.2823672578559047,0.7324810440407253,-0.16751946042037566,-0.19704889460700933,-0.45805511159931206,0.04858104248210676,0.8992051269609164,-0.27014604676901455,-0.17074725412800795,-0.385965712934207,0.14170753356046337,0.892056588241396,-0.20266328027749844,-0.187206873050289,-0.3930702143118753,0.27042019881271756,0.5979671751503945,-0.18638202088129519,-0.20791134190520474,-0.4403683679537751,0.28168607360930703,0.8057279850520743,-0.11675079085622828,-0.19072285029010458,-0.42122360820019855,0.014255641480905584,0.9820223883431294
alpha101__alpha067,0.3053312789559429,-0.14984634882387624,0.08483808713929764,-0.29203939081478886,-0.5389726115704245,0.0364804432545428,-0.058393826303699145,-0.5007730391255302,-0.39426151126790826,0.45236233367729406,-0.06519066157460113,-0.12248754871277107,-0.11411800275284321,-0.05081540506790319,-0.056824332282791164,-0.05433109215679033,-0.21322288078913182,-0.14598498608406324,-0.38936374772025195,-0.04231025683170757,0.0,-0.12220797959002239,-0.26888341588699405,-0.02639073611817778,-0.38149600325250155,-0.03861989153600483,0.0,0.0034456275342804868,-0.29236212242432275,-0.28409749973912424,-0.28980851300619664,-0.24137807994357527,-0.5524796423656346,-0.3730962824209163,-0.32012449970678175,-0.15967394746103208,-0.3830488627416968,-0.6183207542146919,-0.5311263114169326,0.04634507646944681,-0.021897173555786527,0.006507506569731281,-0.14890961089587337,-0.09598749684935079,-0.04524111509667182,-0.4642532963233885,-0.38475015717964484,0.05202838602976621,0.0,-0.020278270872157472,-0.16523364974362262,0.7835219983759699,0.03513532235067075,0.06884380314425616,-0.526637834668186,-0.10328906550112328,0.7180907230995128,0.03449488099062977,0.04266636977577236,-0.27081368265343364,-0.2300692995057443,0.7955471486327893,0.04974523339125055,0.0003254731162585509,-0.2862877882075414,-0.19621314111030544,1.0,0.034622701096203155,0.07311815563907484,-0.29885405724740316,-0.13634903638122498,0.7937057641450771,0.038204869326074545,0.058910444068096035,-0.5157836015522302,-0.26571632331140566,0.7293745645402261,0.03480864661099716,0.028197218539237037,-0.25522426714390395,-0.20409888756747196,0.7745414253853277,0.03209072879371586,-0.012695117345519579,-0.24444804190346744,-0.1658007319310698,0.9959048156883216,0.03960169231854108,0.06822896261971717,-0.508963022424998,-0.10967168111146809,0.8024357773646925,0.04039084109386728,0.04585615819333927,-0.49797691382904286,-0.24345190844519662,0.6658652409447874,0.03393923238943338,0.014076431468747642,-0.24152573812890277,-0.1762387973873345
alpha101__alpha068,0.007589961746470319,-0.015200593627225216,0.33392206851048883,-0.041604071851471795,0.01177086698126397,0.45033522807338167,0.13840620994639508,0.004364493023254899,-0.01807216364801726,0.030128099486706656,0.07380249533454376,-0.06437823796316712,0.10187496396519431,0.35820367992085744,0.07990159287941813,0.06251057347911652,0.010656858072923063,0.06813109845796995,-0.006116029515870821,0.2036727257818304,0.0,-0.10898818251723827,-0.07126250149248513,-0.2164149319809415,-0.006204833497273906,0.11696013700747547,0.0,-0.01635435292672585,-0.013179083942433886,-0.0005830948426780085,-0.02098750672676888,0.04224722573070828,-0.013683616573626826,-0.002531045377559881,0.005767129267036914,0.10109089457722577,0.0639343771559712,-0.021727339004180782,-0.05186351713735545,0.07995899766487403,0.6269168640373655,-0.594267742741843,0.07860659924563886,0.07409534385908476,-0.06893544959838357,-0.01384052020637871,-0.19264136144261687,0.009123285253631735,0.0,0.15279472790125326,-0.1364053278632575,0.060331249995398205,0.9873943547400814,0.13108902927535915,-0.020431352980949835,-0.0816260603555562,0.06224925094091176,0.9486553779333446,0.06576762026187581,-0.012225483010728901,-0.25655991785557647,0.0035856492988862996,0.7735069953093313,0.05213014033359215,-0.0024812854174918603,-0.1693964421847669,0.034622701096203155,1.0,0.16175497705467345,-0.002972516876807101,-0.10533610753156085,0.05846409336159704,0.9790934866383882,0.11056739133385421,-0.01772234005395756,-0.3007993221828775,0.05939812886141084,0.9258612877653171,0.04215115810217051,-0.013338801194228155,-0.2102151659948793,0.0025872263155695893,0.9824939207905822,0.03239350786551004,-0.005985120007826677,-0.13317830578245465,0.03287726364797298,0.9936899655759903,0.14873753549059315,-0.004537022612799585,-0.07736865355683466,0.055481791279876486,0.9605349351564526,0.0837999128659074,-0.0155189172507464,-0.26127059363626604,0.06648257555059892,0.891840323502056,0.02228111769631649,-0.012562642243144862,-0.16737845994374068
alpha101__alpha069,-0.017797673274927633,0.084096990570373,0.6377561837102901,0.1074230287547665,-0.00042038635427138347,0.5042257221498097,0.29290466619094524,0.03522546811023254,-0.012003083674641167,-0.0033804055666687926,0.09839536809082343,0.15917074564907338,0.3060150617462038,0.4007139819467873,0.2599636702654443,0.45839965705621244,-0.019039906843673165,0.27736546223804903,0.06059202309988241,-0.12148324584713428,0.0,-0.05182079393957994,0.04221789016845995,0.3296348511940515,-0.031339855949280744,0.24327708414628774,0.0,-0.145206426942034,0.11752383513083692,-0.06392849573983593,0.13822035784651365,0.031152154334451232,0.004905624976212325,-0.04366828669223312,0.06945859398759244,0.0038116699255106596,0.0746887227376847,0.018126667864089705,-0.04730293094869208,0.7697560607100397,-0.24232247677548716,0.27637881181160756,0.1465297831302153,0.2749428733326859,0.08893436776135207,0.0036778422047919275,0.002244790945649143,0.0006491965143124807,0.0,0.42387713664585497,-0.32557815616678315,0.058955833117457536,0.14147854930872703,0.9385474036974836,-0.14640525101943547,-0.24641259511221944,0.04524518491377492,0.1144663206251824,0.7978176726226442,-0.06519816904314554,-0.4729322264874845,0.050011754930073316,0.05989560743858561,0.6876834076379567,-0.0779514405079181,-0.3726000430788938,0.07311815563907484,0.16175497705467345,1.0,-0.11030483029874553,-0.28725798524081847,0.06216521747628985,0.1373635466930529,0.8851016682873937,-0.14686526685051646,-0.47015493466939284,0.04867390295229161,0.0988306667343936,0.7303225363245017,-0.060566549367271114,-0.42833368950077094,0.048750759851381636,0.185547884300454,0.610600192265467,-0.07638605509808631,-0.33124389311772306,0.07467173785902087,0.16109398246487505,0.965317978072837,-0.12863483078972188,-0.2492102224786036,0.0648159945607427,0.12658350270138985,0.8230625058349027,-0.14706818551662987,-0.4356106237538586,0.02631598153018531,0.07429386061873215,0.6576339010838681,-0.05516497614398803,-0.38160446523108316
alpha101__alpha070,-0.29141858594518816,-0.01529367918253051,-0.01967519214436808,-0.08175710966859247,-0.045433345730520054,0.02505474127249647,-0.05921190508942759,0.13836417347423566,0.33632715022798043,-0.3908026982248884,-0.1386880580717332,0.01894417169833664,-0.08644441884731172,0.12281843107827732,-0.05993175501209195,-0.15166140128009378,0.13865730795208708,0.05476798594285052,-0.05206519584789409,0.02968695345319556,0.0,0.03551795726805342,0.22559259575190252,-0.11220357897504353,0.3722459921668235,-0.12372599392190418,0.0,0.06127687005819718,-0.14993682076762352,0.4492517072776777,-0.2658950085862725,0.0362698884018793,0.37351732184957004,0.30267028353056274,0.20035703223886797,0.11441087280438235,0.20358320145980932,0.3332099052412928,0.029628216848246545,-0.13524842768124581,-0.006455779988230797,0.007458592996843754,0.22151975171073138,-0.030762984454315502,-0.0005595630268369273,0.007569715387915054,0.06642422373248807,-0.022294624495589156,0.0,-0.11803832634860902,0.18851255173015358,-0.21482151653389392,0.00272084909343314,-0.0939507346089671,0.6064610832986942,0.16623437061823643,-0.22094533891321416,0.014344426828264992,-0.09383006783751754,0.7630017927724545,0.13973590321766557,-0.43537201548303456,0.00560031779105169,-0.13167468117499934,0.9101986626035665,0.1919048964349484,-0.29885405724740316,-0.002972516876807101,-0.11030483029874553,1.0,0.19154683261578065,-0.23431290390204296,0.00802526604424089,-0.09814892738403015,0.6688710971342905,0.03459908536523637,-0.2449389449593787,0.018437937621575164,-0.09705272934133308,0.7188343772059117,0.18310189936232496,-0.4467429338838168,-0.004523906353903406,-0.1289314559910035,0.9187679664353138,0.21334054585264675,-0.31869524614921296,0.002000989878354231,-0.11228345154771999,0.6939488254592497,0.17853631280064286,-0.2550419099490632,0.013011779663232734,-0.10180760382201402,0.7305453876825415,0.06987255809961555,-0.13591457723297806,0.021475584910645912,-0.09961799557023644,0.6743414002052347,0.21640637604482071
alpha101__alpha071,-0.17139930103697584,-0.20307080259516444,-0.22592334414176785,0.07154760490495891,0.12740352395249213,-0.2505503291662142,-0.27107100037301796,0.14328548800150143,0.12943044162689832,-0.15043968100599805,-0.22536952862720586,-0.09095060207671112,-0.3993202577055167,-0.1758687757640543,-0.28999025841757475,-0.4713994911065415,0.05273745330255464,0.06662314748839983,-0.022435279434184222,0.061926721174263635,0.0,-0.2668022840751729,0.21766191103081262,-0.06824164736476722,0.15924762303408987,-0.38378478648242514,0.0,0.10169256924827783,0.040696959719255084,0.23533071579539158,0.10192440213382842,0.09419677659381571,0.1388976677446277,0.19380533644370856,0.0008387314015281633,-0.08130008818315657,0.06675260043832165,0.16036670092404723,0.0776567515167663,-0.35473994598030745,0.029766554992832553,-0.04338354770525204,-0.2130706970100828,-0.5144595581352257,-0.07986037502629545,0.12250878760678094,0.06709925470508936,-0.03088026646670662,0.0,-0.3242305043052826,0.8650093586170764,-0.13584203983160179,-0.10839849718307665,-0.30238832853626857,0.21107599874958008,0.8208946010738768,-0.13567949311014516,-0.12093552858429676,-0.337435391157062,0.1540740460795915,0.5832433600443067,-0.18167231359259867,-0.18452490919664352,-0.41095644965326805,0.18476064428016178,0.7466189328506625,-0.13634903638122498,-0.10533610753156085,-0.28725798524081847,0.19154683261578065,1.0,-0.1427781532149992,-0.11664836892410967,-0.31999209323311634,0.2197668036070046,0.5504528251930377,-0.14680363762322998,-0.1344908276321075,-0.36446108817042,0.12884203203473807,0.6434884920913545,-0.1835265185900375,-0.10388303524774181,-0.45113411197873354,0.1590524016932182,0.8588105447579688,-0.140295170410926,-0.11272203322673534,-0.3014718438126367,0.20159254376120522,0.8255178863795544,-0.15170330445446187,-0.1280133230146807,-0.34165460712943607,0.22781500113853262,0.5993591488806213,-0.10140023784004797,-0.14101064819198506,-0.3998350143980314,0.09107442146456492,0.729706947982049
alpha101__alpha072,0.29288261306515484,-0.13769218916045273,0.0645999075854035,-0.26409233306340546,-0.5248442492925917,0.023840307403667115,-0.030063571596648037,-0.3536972571626661,-0.3978448655158867,0.45775682462685807,-0.07110841269534372,-0.11728815466906306,-0.11053060840172559,-0.06570465326673698,-0.053178152871558915,-0.053848614396727,-0.19124257904694175,-0.14130772893238464,-0.3551057058755211,-0.040060533023312785,0.0,-0.1079361666978477,-0.25202349787787365,-0.01701983558770171,-0.38412159634603066,-0.03555858290768779,0.0,0.004385008107880936,-0.2489570414507475,-0.25202865888405646,-0.34363915883838353,-0.23486447189277107,-0.5573326698759452,-0.37119608593462655,-0.3181859999155086,-0.14251263790423854,-0.3863133650364089,-0.6041806094935798,-0.4986732495499006,0.026071458408717947,-0.02194721265182183,0.004606651992432219,-0.07021128181179145,-0.09625927758620907,-0.03903616896898703,-0.4677236148322674,-0.3550796772686568,0.05010129608619544,0.0,-0.029722053208995073,-0.16484272216678944,0.9955212044540006,0.05575082728005767,0.0595845248903778,-0.4685375846752122,-0.12015327729346796,0.7868494106489522,0.05078815473367327,0.03729178157685455,-0.2739918633652944,-0.19406104096531782,0.7114779931593459,0.038937570192710436,-0.009937244169733458,-0.25967569294781684,-0.17751310270769005,0.7937057641450771,0.05846409336159704,0.06216521747628985,-0.23431290390204296,-0.1427781532149992,1.0,0.05625289576813981,0.05076457754006723,-0.4509431401620685,-0.2376460538465202,0.7973526029653946,0.04872442998132713,0.02505963369932626,-0.25964879935576124,-0.17764808069359417,0.6987098578413669,0.05854651830894307,-0.02013092520539173,-0.2334985986928811,-0.1558296872918835,0.7759803534681913,0.06014611872307103,0.054172160505858866,-0.4169003211202068,-0.1218399826754333,0.9942530553361292,0.05563184699931736,0.03982595767142923,-0.43043985150956343,-0.22207249177332603,0.7334801328322174,0.04555607428804895,0.012860614194853601,-0.2466138442749033,-0.1593122207565596
alpha101__alpha073,0.007103861667448003,-0.021239926323336374,0.34082595978827085,-0.056857726544522626,0.0008181076548276834,0.4587857907114642,0.14148353028048913,-0.011154062615439296,-0.017360562316907,0.02987642020024534,0.07097932359268633,-0.06476533468678367,0.10341116630052392,0.3672129069769213,0.08280436909854239,0.06929379738224449,0.0025175651991040738,0.05578692403241002,-0.020952000386820765,0.20554503195458937,0.0,-0.0975412966076207,-0.06583763976557626,-0.21379073950781183,-0.006459968263323492,0.13397719475117842,0.0,-0.01402252166943866,-0.02561500766473516,0.014641303304660055,-0.030200667960371557,0.03645177761392861,-0.013762851222523829,-0.0016840590339509017,0.0041552453577934955,0.09702031212100747,0.0640799783862497,-0.0281295945344023,-0.05902791516577676,0.08062584862831759,0.6271984861238515,-0.593010611670922,0.08470627644713119,0.08659303823562953,-0.06871656119364138,-0.03749986095250106,-0.19091434967400167,0.008038487863365508,0.0,0.1636514919946844,-0.1551875122975506,0.05796430274053416,0.9941332579081908,0.11979490232213229,-0.02155243464604599,-0.08816428091928621,0.06160842954162698,0.988658687608055,0.08205316230918734,0.0002705594017130223,-0.26315329179238756,0.003824869070406311,0.8111876618078478,0.06589168996628007,0.009175796911903353,-0.19309571358395616,0.038204869326074545,0.9790934866383882,0.1373635466930529,0.00802526604424089,-0.11664836892410967,0.05625289576813981,1.0,0.11021056650223998,-0.01787409028954133,-0.3008461588920431,0.0580240581924459,0.9735321526774916,0.063009342536336,-0.00589759165889128,-0.2295601145928146,0.0015983080089814804,0.9438197621261605,0.04144790319735054,0.008225799448248684,-0.1495719418444234,0.036136918994151106,0.9861785799633404,0.13223202236029308,-0.004963455272181908,-0.08323669611335584,0.05405721807775953,0.9927784090319218,0.09601624848908497,-0.014915758811810982,-0.2744373781210098,0.07056545064055439,0.9436311580778172,0.03845951038713663,-0.009791342801389406,-0.18895704097112398
alpha101__alpha074,-0.017296139410803994,0.09649753424521952,0.6956720889468416,0.09381975190013198,-0.004815946405002915,0.5160817035991677,0.29528460307501814,0.02802999673930549,-0.0038841935336461106,-0.00860314594100542,0.09751022775201522,0.16818520638338127,0.3369035886644,0.4127120315988963,0.2930625500888867,0.4702524461804537,-0.021891422983170896,0.2062897069042126,0.05262017754861264,-0.11354229047564329,0.0,-0.033584379590381123,0.04075477548622867,0.33036384555952364,-0.025533224035744977,0.2672640059040451,0.0,-0.12904574244944053,0.10721361571706688,-0.038966456465399056,0.130059278059476,0.02594525864446854,0.010589093734088215,-0.0356521509813472,0.07003211485012902,0.025281093434615095,0.07556175015079102,0.019977850018656342,-0.031824209519474,0.784135809019907,-0.23705650937580958,0.26861651021445304,0.1690728113889159,0.3132238330964061,0.09176659954405215,-0.018614646952265713,0.018806193645799784,-0.001597242130330183,0.0,0.489606624005673,-0.3647360904694804,0.0481418751336366,0.10658902318945772,0.9565716647239327,-0.13926913146764963,-0.2738023245240519,0.04263091014975897,0.09713105477698157,0.9307975249311643,-0.05119285503787962,-0.5004798381696801,0.04487100047703352,0.07396169246677843,0.7430892144873661,-0.0648846605780513,-0.4109638784705125,0.058910444068096035,0.11056739133385421,0.8851016682873937,-0.09814892738403015,-0.31999209323311634,0.05076457754006723,0.11021056650223998,1.0,-0.13951238912537361,-0.4620271679059606,0.04527838860886837,0.08784513634247104,0.8557683946638266,-0.050493450485847545,-0.4647586397432201,0.04319420087120882,0.11430098651672999,0.6575027876671162,-0.061230668215459354,-0.3655747118877754,0.061160141684971886,0.11990541738302207,0.9319560823490591,-0.12071485943963202,-0.27531349514332876,0.05278361432368502,0.10710543924159041,0.9477979584775267,-0.13892940185713348,-0.47809145107110623,0.02781273439976972,0.06901621027207637,0.7707001589865247,-0.04877077990084121,-0.4159223544480486
alpha101__alpha075,-0.35669863784906214,0.12401106068930078,-0.10446173210877074,0.3001058021409602,0.2648023339139469,-0.034002012728795175,-0.053777005228947655,0.5329160276957726,0.3021228500954077,-0.32469639985126075,-0.12458987949171345,0.1041313133359258,0.04945030500656737,0.01632050842021066,0.024477038807702165,-0.05596349434842225,0.27355506081722375,0.08309131430836199,0.3779842341536295,0.056731757547372016,0.0,0.10025730039270837,0.3206861284301613,-0.09103852147970042,0.33667691420368207,-0.010252506962174262,0.0,-0.02048877422877043,0.23102846191743684,0.3893588429070432,0.03742401934628955,0.19686761454845558,0.3588236816350297,0.31169082887432265,0.4224835012019679,0.144655838833521,0.21791355583310376,0.499319449099011,0.39563026083215136,-0.1354758914654283,0.00902032274240686,-0.0054743495904444476,0.13634422928074283,0.052791099095991,0.05133131808834337,0.3718875374347355,0.2945406723430844,-0.025514217671640995,0.0,-0.043352497897960605,0.25340147358418924,-0.440345384730805,-0.0172344749346629,-0.14112955903946653,0.9911603581184996,0.15587509793351387,-0.3742240198075824,-0.012956022081177661,-0.12319508284388983,0.5794093186781641,0.2645802921331853,-0.557018397719477,-0.03723214957235431,-0.102262548301817,0.6554672906474184,0.2823672578559047,-0.5157836015522302,-0.01772234005395756,-0.14686526685051646,0.6688710971342905,0.2197668036070046,-0.4509431401620685,-0.01787409028954133,-0.13951238912537361,1.0,0.24720251757525558,-0.38550795627800205,-0.012065012414235039,-0.11483955061873666,0.503163185080499,0.2715734740435946,-0.5486755307385657,-0.014333929150195176,-0.08825900636312423,0.5672551279053855,0.26230996582488203,-0.519344425991684,-0.019804109436977087,-0.14639507371678134,0.9761018917400505,0.16945231221108875,-0.45908152706734623,-0.018223775241850808,-0.13452118871898092,0.9899401961199374,0.2571575882634009,-0.30549154918297405,-0.011576877008675891,-0.1032974325619449,0.4258744007500763,0.26557041913916407
alpha101__alpha076,-0.16453499596518056,-0.04803479952962908,-0.4355165075595306,0.21812906403015242,0.24683144701215418,-0.5480784832438534,-0.3107015259564743,0.24971555252558011,0.1214247259852701,-0.14567814596642015,-0.1820448592079777,0.0008433782955535498,-0.17705521790923004,-0.4446205050706517,-0.14967810221042602,-0.2514437716660569,0.15170891968563913,-0.024949144972112335,0.21555135772314873,0.052485864452383325,0.0,0.10909486553884118,0.2036580929986763,-0.05100503673636374,0.15201506403085618,-0.24060314205260733,0.0,0.09112158313893558,0.20695097517631986,0.07753424023647329,0.19855665339631487,0.12535818110973948,0.1416094990992916,0.17570807031960303,0.04395508497006391,-0.05742025315621495,0.06740673356479647,0.2574369695444879,0.3344037189851387,-0.5273184020394569,0.026888618317783858,-0.05018460722506442,-0.26835900975563076,-0.2549153004424304,-0.013308350905645578,0.23335949404061915,0.13634968590603036,-0.018744098480623566,0.0,-0.2843422843343415,0.6488715221300383,-0.2367545372362436,-0.2932578428984465,-0.4828991609404656,0.26150070792482777,0.45180824245756573,-0.21981081333303218,-0.2827339350199235,-0.4192156751376356,0.010462997238915587,0.8891150318991556,-0.22643037555865245,-0.2608099770890791,-0.34602099446527057,0.03632439791013573,0.7324810440407253,-0.26571632331140566,-0.3007993221828775,-0.47015493466939284,0.03459908536523637,0.5504528251930377,-0.2376460538465202,-0.3008461588920431,-0.4620271679059606,0.24720251757525558,1.0,-0.21978071391617818,-0.2719682398963565,-0.37736283240391244,0.010650825820146021,0.8021482150319879,-0.21769027507665453,-0.3108137510729178,-0.29260416243128634,-0.006847397552819803,0.6361252886502138,-0.263931765618473,-0.31493766602379863,-0.488207922840031,0.21782490228763077,0.4479345150489204,-0.237343908427786,-0.2989874458943958,-0.42530155728697067,0.2313556779876672,0.9351173108076196,-0.2014918834345041,-0.25028394777429314,-0.32647714372197745,0.009672521689675735,0.7055634842592183
alpha101__alpha077,0.3007155002633547,-0.12337601471482426,0.048518690133310546,-0.23783962860943675,-0.5216215335851658,0.014856083638068663,-0.024158201265682078,-0.29292161554902335,-0.4211777223639519,0.4833878379202205,-0.07655135531752637,-0.11816870066068624,-0.09951497165210664,-0.08419393699551067,-0.04402892100876832,-0.04522687972549154,-0.17382110951312754,-0.14579832218357316,-0.3137655754506621,-0.040775586395765034,0.0,-0.09417884873145516,-0.25783499444274016,-0.014546564446349807,-0.40244902325067594,-0.022613557410422192,0.0,0.009031549827242568,-0.21540679096238935,-0.2606916704017902,-0.359534251124463,-0.23470818949579383,-0.585503249881264,-0.39095507872644436,-0.3007055485873219,-0.14219677707544434,-0.40465682542051273,-0.6110738554566436,-0.46615694779905525,0.019522195408530625,-0.02303588057168156,0.004652629575072851,-0.06744577067419948,-0.0882844859665096,-0.04045700345989528,-0.3738047271462623,-0.33888604164812025,0.05649312633791587,0.0,-0.02833135765142977,-0.16337249851849728,0.8080161117764443,0.05860138198939153,0.05269615577738911,-0.3991136165982806,-0.13566301402640776,0.9933247331325201,0.053899292646663745,0.035459663854111215,-0.3015109522488823,-0.17751384558528072,0.7109829873811794,0.028927689152824346,-0.010971980198061632,-0.28274925791449346,-0.16751946042037566,0.7293745645402261,0.05939812886141084,0.04867390295229161,-0.2449389449593787,-0.14680363762322998,0.7973526029653946,0.0580240581924459,0.04527838860886837,-0.38550795627800205,-0.21978071391617818,1.0,0.050931300079712284,0.02456330216202072,-0.28970478128892624,-0.16650143131260145,0.7039804563780674,0.05103872260637667,-0.02029248813048683,-0.261863839329659,-0.15410000470255664,0.7262683547987518,0.05807079485616625,0.04240612033905055,-0.3550713176004096,-0.12886217207054035,0.7886504764148048,0.05650660816400563,0.03530137728793494,-0.3702805084103278,-0.2085696382655627,0.9220551996265384,0.04683934226190089,0.014191877113145531,-0.27536921703538697,-0.15533867515074984
alpha101__alpha078,0.005180273767451993,-0.04303226246415937,0.32693290684917115,-0.07485408830617725,-0.0088247960990277,0.43113880000686994,0.12799669608042072,-0.019551683857468406,-0.013206819347182555,0.025841877195690595,0.06270651697225767,-0.06689368873768034,0.10559947394430606,0.3480387984091451,0.08779625067481864,0.07915472561972835,-0.00626563921930333,0.03389082166215044,-0.04202466628360771,0.21091622093648302,0.0,-0.05540155543768956,-0.05705196526726701,-0.2199353375905609,-0.002729335772633488,0.1516990920891689,0.0,-0.011639124212404456,-0.05488124949960243,0.03251872668948576,-0.040851767079823575,0.03155422704030626,-0.01146708629899768,0.003809766569081999,0.005665940359053816,0.08553087090499958,0.06211623373872513,-0.03250319412196023,-0.0719210803011385,0.05272037611532379,0.6280972946339894,-0.5922118366373009,0.07364728214712087,0.11100992240945023,-0.06951116100806168,-0.04757153729068219,-0.1965305423788142,0.007496132853951037,0.0,0.16482672258005282,-0.17318822200204956,0.05073993811350944,0.9563263293567744,0.09013984767938077,-0.017220640719108872,-0.09629025335676313,0.05474912722465361,0.9917848623706464,0.07395909306498007,0.017115407109698746,-0.23937415937871837,0.008361869600470044,0.8574501476161578,0.07844267328332949,0.019270833581258646,-0.19704889460700933,0.03480864661099716,0.9258612877653171,0.0988306667343936,0.018437937621575164,-0.1344908276321075,0.04872442998132713,0.9735321526774916,0.08784513634247104,-0.012065012414235039,-0.2719682398963565,0.050931300079712284,1.0,0.06650584280299521,0.010920443750976857,-0.21822297700475665,0.005703567075463178,0.8859774368510721,0.05890769193595407,0.019012634295358554,-0.16625319038550895,0.03244042055705758,0.9401565294439683,0.09884828415955682,-0.0018337023485521734,-0.09065225779617664,0.04634244071615386,0.9866092559670542,0.08306569999904283,-0.007492429379473355,-0.25728360457862104,0.06561345867368587,0.988289668381297,0.05518877450863283,0.0037404466034178818,-0.19076872033878778
alpha101__alpha079,-0.0236782454765002,0.11655232488734035,0.5616123958153361,0.09064608951295869,-0.0028860578568821334,0.40845251225395934,0.28071088800828836,0.038708195417116474,0.011957397205997769,-0.020244886175887714,0.09565700858467555,0.1832364788982657,0.39764357740717166,0.3316540341534736,0.3527205374122375,0.5039821860005115,-0.01874682539289852,0.14374368752785793,0.05228097335828089,-0.10592353058944728,0.0,0.14468176910297614,0.049390915332095685,0.32175117633602296,-0.012419319933986626,0.2918325215455648,0.0,-0.1082722479169767,0.08717818409881467,-0.02226132757182316,0.1355499584031408,0.02224453013696178,0.022965719259389963,-0.026050322636835196,0.07914962908062771,0.034033119889304436,0.08037245216053857,0.03494415148077683,0.002749391757326202,0.6822828352344618,-0.22127336498774522,0.25142493435918944,0.1708479055597964,0.37862637345358036,0.09795630599778105,0.0021690290126900936,0.028698824196468988,-0.00017215780122983084,0.0,0.5368752362213728,-0.41763638534105324,0.022289177499692683,0.049354518144801074,0.8021888731834551,-0.11320001375786322,-0.310151420463158,0.022104324228779303,0.06590841810437885,0.9362489900068064,-0.0329718653362522,-0.4197485340088532,0.03939369240102268,0.08242715354658985,0.8440750308349686,-0.06521273645081566,-0.45805511159931206,0.028197218539237037,0.04215115810217051,0.7303225363245017,-0.09705272934133308,-0.36446108817042,0.02505963369932626,0.063009342536336,0.8557683946638266,-0.11483955061873666,-0.37736283240391244,0.02456330216202072,0.06650584280299521,1.0,-0.02748827460542054,-0.44607979718260526,0.038933470823020004,0.04187025556294205,0.7469331737566536,-0.05918285263034774,-0.41676235757757757,0.030118132754795524,0.05420762310775889,0.7730018337294298,-0.10250340539151077,-0.3098140601971084,0.02802954395546816,0.07176954312888684,0.919706669604529,-0.11629195157591297,-0.4055491055166822,0.012133464198620537,0.05726151156551537,0.9209517321996208,-0.028795771879301327,-0.46106195743475437
alpha101__alpha080,-0.37077361056260105,0.002808283400363342,-0.027167172946563536,-0.03130707783784402,-0.017904504420805042,-0.02174561677297149,-0.06985343605155914,-0.0626769578624313,0.39646990291840045,-0.4453159254098725,-0.12911383560067494,0.06976690252456136,-0.034484710205070636,0.1193320118385376,-0.015120647964104497,-0.054372945082002334,0.13671539033638444,0.05715511440149669,0.07619450128003986,0.0162180305515326,0.0,0.044522441101104364,0.2763368016413479,-0.04481754864165784,0.40762631861095217,-0.060738856956405844,0.0,0.06847039644006739,-0.22654440926105798,0.43926513886072627,0.06164671086809871,0.04860570689959555,0.42351868791773606,0.3604064199776073,0.2686939509305799,0.11658340633328064,0.27273638447241816,0.42360592706849687,0.08897687843684018,-0.051727654599436956,0.0092728935030302,-0.006266150218494473,0.08735071571123487,0.04018612408437207,0.02534873744307468,0.0899864606784825,-0.06174859331154853,-0.027063569511984208,0.0,-0.040839373577638165,0.08569168102291418,-0.24914037664378624,-0.011320596644782435,-0.05482885753806594,0.45745979097396383,0.1452753690844412,-0.2683770717315608,0.001281396411682693,-0.03709107806485903,0.9433937583264725,0.057049616005816386,-0.31124071352365473,0.03112260097006546,-0.03813080654285658,0.8471249903160196,0.04858104248210676,-0.25522426714390395,-0.013338801194228155,-0.060566549367271114,0.7188343772059117,0.12884203203473807,-0.25964879935576124,-0.00589759165889128,-0.050493450485847545,0.503163185080499,0.010650825820146021,-0.28970478128892624,0.010920443750976857,-0.02748827460542054,1.0,0.057871607759830454,-0.31770526898122653,-0.02074010940463131,-0.03675140036201999,0.8453017699038462,0.09963756967907636,-0.26325211778429924,-0.010901844562639495,-0.05826460833204464,0.5118257317946683,0.14947320912823184,-0.27422652583878643,0.002880274856912033,-0.042133711427525575,0.5547076252171749,0.0013618551373134463,-0.22695733850465072,0.021077088270439578,-0.022537482458274628,0.9331139315401912,0.08094005824496694
alpha101__alpha081,-0.16541437521695299,-0.09504235127160368,-0.39237045150109845,0.13602414630164836,0.18599073345672643,-0.48461996215255343,-0.2819285910343561,0.19356248679245172,0.15107551079574974,-0.17165617224944477,-0.2251014621983036,-0.016559376522503423,-0.2529740833459382,-0.3677767841063353,-0.19947937032993265,-0.33977787568421985,0.12033166188622346,-0.03213873957980261,0.11815966974171743,0.07437437332978031,0.0,0.014759950659965448,0.22279069725521397,-0.06897569145107643,0.1769132257419884,-0.3222626651390215,0.0,0.1341682301266725,0.13078361829036297,0.20264786885911748,0.0939486870500781,0.11533978562240862,0.16043651971091624,0.204923502624108,0.019869674613758978,-0.036928966938783024,0.07560219468064586,0.232483477390681,0.2729355545115318,-0.5574946010185382,0.03518823432412731,-0.05655428183551364,-0.1600646385766642,-0.32306989798144015,-0.023707904465753108,0.12201256837036188,0.16436058904223078,-0.02452645857301845,0.0,-0.36463600739029844,0.7725851942470375,-0.16772105230510215,-0.212784130172889,-0.4373699041389089,0.26793466408377087,0.5114615327202077,-0.15811374115028934,-0.22005276262217743,-0.4762274776195036,0.08821540737242516,0.9266731212657048,-0.2678372480132027,-0.24982139446419832,-0.44285869847196113,0.17085287040786648,0.8992051269609164,-0.20409888756747196,-0.2102151659948793,-0.42833368950077094,0.18310189936232496,0.6434884920913545,-0.17764808069359417,-0.2295601145928146,-0.4647586397432201,0.2715734740435946,0.8021482150319879,-0.16650143131260145,-0.21822297700475665,-0.44607979718260526,0.057871607759830454,1.0,-0.26762605337454387,-0.21752148084188497,-0.37620074203606185,0.140135885133838,0.7855303382605399,-0.21248956034745062,-0.23368596522719406,-0.4522609360676049,0.2620998528532365,0.5194559414560752,-0.18638903051420544,-0.237223478746648,-0.48736948131567687,0.26977472532362795,0.87927667531078,-0.11335876591129422,-0.20372847129912433,-0.39337969549693946,0.04052361845235847,0.9145355332479759
alpha101__alpha082,0.36765910088139175,-0.14589901544940798,0.03879663832714751,-0.298264441568213,-0.5254900626878443,-0.01970343262596043,-0.07754124526971477,-0.4233174752866285,-0.42318450966202725,0.4826467816592699,-0.043470103340185307,-0.13631209205023723,-0.09466474223469516,-0.1051319416348686,-0.04365155869053921,-0.0315898119705147,-0.2189262544396919,-0.16032374821376402,-0.3618912333623827,-0.04550331825657082,0.0,-0.08919916370623918,-0.32179142500872826,-0.032103657657259456,-0.41365261545871324,0.0025129676147298864,0.0,-0.016670789949654926,-0.3073126083351724,-0.3808261172223134,-0.2569085565002046,-0.259625657374826,-0.5874524624826649,-0.40689271423199536,-0.3257660724601678,-0.16293515432273525,-0.4047646673951956,-0.644393606915396,-0.5209528276670304,0.04101732357945788,-0.024788820802204133,0.0077324663694687545,-0.2911790128446342,-0.07622111746014923,-0.05858320012809927,-0.2876553729162047,-0.44249942724104824,0.05568479500197136,0.0,0.013299160954353207,-0.2330843730363456,0.6832926874002355,0.002160288983393145,0.043946845131973625,-0.5431978311811015,-0.12598466864859537,0.6847093577241833,0.0033193805596472316,0.04005259360365619,-0.37327568920340054,-0.25335357589834634,0.9967350731621714,0.025221519967672294,0.0343906091149367,-0.4525666977416363,-0.27014604676901455,0.7745414253853277,0.0025872263155695893,0.048750759851381636,-0.4467429338838168,-0.1835265185900375,0.6987098578413669,0.0015983080089814804,0.04319420087120882,-0.5486755307385657,-0.21769027507665453,0.7039804563780674,0.005703567075463178,0.038933470823020004,-0.31770526898122653,-0.26762605337454387,1.0,-0.0009124584582619996,0.01915674075008074,-0.40990408121410615,-0.24529593953869458,0.787798453875015,0.0012576623874433117,0.04743782210878718,-0.5646108416887573,-0.13262332196746687,0.7137218007039766,0.004486886545928031,0.042310670932222315,-0.5472674914078706,-0.23812874885520147,0.6116369887386995,0.007277637955483973,0.04107036493843945,-0.2760832243606833,-0.26394462625363474
alpha101__alpha083,0.004265741026493308,-0.017865927998952844,0.3476023935138469,-0.029907878428745212,0.02248816539446546,0.47479115682599987,0.1398917094182155,0.026717957461914126,-0.02072677316325352,0.031011968767794336,0.07331162446884805,-0.06571043084166585,0.10521395301432877,0.3737029345043435,0.0811574799102365,0.06525554210697095,0.015311142934930024,0.0876499521941832,0.00484887485935686,0.20318660570232164,0.0,-0.10358780324691362,-0.06902512634831083,-0.22189893854776724,-0.004872034200452665,0.11664259967608574,0.0,-0.02854492377566098,0.0016309109806182801,-0.013889920191705207,-0.015463184052523947,0.04835956951613539,-0.013142858401962712,-0.003178330164978634,0.012156890763505193,0.08921760215518074,0.06169480043609433,-0.01704739918242525,-0.052154354352761646,0.09527819228098958,0.6273153262219698,-0.596887139631706,0.08184726961396954,0.07660459139644031,-0.06864334411689059,-0.0008727681849956068,-0.1942518972662341,0.00961669385976125,0.0,0.15467157496710904,-0.13539512418937186,0.05897726187944486,0.9505521352931289,0.14209213631314827,-0.017116685242065534,-0.07964081372982101,0.052217720048590516,0.9062507549168929,0.06662090244326549,-0.019789535336593906,-0.26651148483780307,-0.0004572659055132158,0.7831885658601005,0.06157191381164005,-0.00749781789800067,-0.17074725412800795,0.03209072879371586,0.9824939207905822,0.185547884300454,-0.004523906353903406,-0.10388303524774181,0.05854651830894307,0.9438197621261605,0.11430098651672999,-0.014333929150195176,-0.3108137510729178,0.05103872260637667,0.8859774368510721,0.04187025556294205,-0.02074010940463131,-0.21752148084188497,-0.0009124584582619996,1.0,0.0399641221854254,-0.013087429384595332,-0.13375472523439483,0.030289998163817822,0.9782072981242901,0.16877614017935777,0.0001264853953316759,-0.07564946955878869,0.056917926260518614,0.9276158402264352,0.0859892973203407,-0.012348994730687709,-0.26265077427580674,0.05031314768378408,0.8553533179104221,0.02078702260383414,-0.019456177489005428,-0.17321413087273552
alpha101__alpha084,-0.05510944541208317,0.12042005854520468,0.4425475352972853,0.15293884719560968,0.04690931622759436,0.3821894056054863,0.23762945240359024,0.07508941821328163,0.033733109606933036,-0.04395530413064458,0.10307160888851567,0.21335031482895092,0.5544525935733123,0.3170837067374985,0.47454965580874225,0.6288265906747129,0.0072750930137158755,0.2145059403546908,0.11298861035537092,-0.0940843324430487,0.0,0.3129388721414883,0.0917761359971623,0.2724021705416726,0.012016573355306667,0.3190182499736742,0.0,-0.1353739025202398,0.13080065824985534,-0.075982024718958,0.196514075278705,0.05222361553275798,0.041234699677668595,-0.013912262380825446,0.1019465994574807,0.025570308181978068,0.08899303182895348,0.07986995415088768,0.059786252356374615,0.6391915796941173,-0.17665851070349714,0.20932916511064273,0.1411107431763359,0.5170327700557265,0.11501065041762135,0.05832615435947395,-0.009893840159789452,0.0016403510837427653,0.0,0.49991823056712936,-0.41761812889320726,-0.02458079994373642,0.03151702726873744,0.6199553992171033,-0.07915028645801801,-0.38234466715693344,-0.025832933740979308,0.04376834324144483,0.6888490501586485,-0.05345643570190484,-0.3460367077109171,0.01708399615248467,0.12222749295521071,0.900350331063088,-0.08664219650199277,-0.385965712934207,-0.012695117345519579,0.03239350786551004,0.610600192265467,-0.1289314559910035,-0.45113411197873354,-0.02013092520539173,0.04144790319735054,0.6575027876671162,-0.08825900636312423,-0.29260416243128634,-0.02029248813048683,0.05890769193595407,0.7469331737566536,-0.03675140036201999,-0.37620074203606185,0.01915674075008074,0.0399641221854254,1.0,-0.08956903854213187,-0.42246809873419733,-0.009066354856271263,0.04224144324743468,0.6419453833060826,-0.08008779055880824,-0.3845681233463782,-0.015263185838369404,0.0538562847969347,0.7026457348274264,-0.09614779472162441,-0.3210917255350818,-0.043118146410361026,0.06390545908172356,0.8254134177446188,-0.024786253347980975,-0.39833392919980537
alpha101__alpha085,-0.3132162972488522,-0.009942726363045336,0.0055204299506260044,-0.08325322414677767,-0.06120313358961535,0.0367523721356238,-0.05040626160984712,-0.024661875926555273,0.38057119509124715,-0.43733313540665203,-0.1303842840101768,0.04734714030767595,-0.06323639969060095,0.15437818641361986,-0.04530248109108644,-0.10646729300516414,0.11407150729486824,0.0660620894747749,0.013632927752141335,0.023455386901139345,0.0,0.03868716932803524,0.2651471369728047,-0.07861116245362232,0.40239107835289933,-0.11033627077471037,0.0,0.06968857489271502,-0.18393654267318996,0.4443519553486844,-0.15419209003386705,0.039782940850028654,0.4118123053086197,0.3412982630771853,0.22473171025134572,0.11291196883015514,0.24360453256509043,0.3698933552898736,0.05283203363287699,-0.08101694245658321,-0.003642670768418549,0.005602691076612762,0.20878950591500234,-0.0004875574429685851,0.013777986194691071,-0.031288932739957614,0.017629576163535342,-0.027424905491372376,0.0,-0.08918286690851956,0.14179854467074754,-0.21644408832666942,0.0007882714726154351,-0.06242350613656696,0.5088601784980347,0.16292741636703317,-0.23833279092047158,0.013249737854819945,-0.05562370935281387,0.8722070641139074,0.10155282882773654,-0.39540924856345744,0.022148497813943735,-0.091284621910178,0.9639207497069296,0.14170753356046337,-0.24444804190346744,-0.005985120007826677,-0.07638605509808631,0.9187679664353138,0.1590524016932182,-0.2334985986928811,0.008225799448248684,-0.061230668215459354,0.5672551279053855,-0.006847397552819803,-0.261863839329659,0.019012634295358554,-0.05918285263034774,0.8453017699038462,0.140135885133838,-0.40990408121410615,-0.013087429384595332,-0.08956903854213187,1.0,0.1640923109079903,-0.262227797782105,0.0018465574747569382,-0.07334047537326671,0.5911570652458811,0.17114586499517945,-0.25250823549235263,0.014624093926708489,-0.061851486029507886,0.6295911494452393,0.03005790192643114,-0.1657971096699205,0.023982789595012204,-0.06474849859376972,0.8099147895445232,0.17544545496949554
alpha101__alpha086,-0.18344059016906736,-0.16514133514755033,-0.27625516897207636,0.1106640877259013,0.1562479585597669,-0.31500723733269137,-0.2763198002479809,0.19154672630784242,0.1333201595327411,-0.15224896138388103,-0.22645299706764047,-0.057537838571462566,-0.33300554683092204,-0.25250814069101113,-0.24995571857000776,-0.4107536563056111,0.08853720363568256,0.04583060761748409,0.02121743184525655,0.06413250749852699,0.0,-0.16935083193722128,0.21220374804418868,-0.06750323657390789,0.16556207491838276,-0.38084706989176076,0.0,0.11722387608131676,0.09382477382021653,0.21413748873200483,0.0789584106397219,0.11010789891277517,0.14576579902885317,0.19607252730651395,0.007940918364594164,-0.06488355475272312,0.0706187765051336,0.19060757559911995,0.14342580417737325,-0.4175548224600271,0.030452537738534142,-0.04732215774565357,-0.18763387076128005,-0.43268819235127376,-0.053957607071585,0.12323280308945876,0.1255828190251217,-0.024964466417702186,0.0,-0.35122032971205747,0.9925894118631279,-0.1468064968462562,-0.1360252557415124,-0.3438767409983303,0.2533517675071618,0.6823309221112067,-0.14325696657750428,-0.15614708671749603,-0.3849852214214792,0.1409505765033636,0.7051125552195814,-0.24344601125274082,-0.2133102643174407,-0.47211910518382566,0.18862377264675886,0.892056588241396,-0.1658007319310698,-0.13317830578245465,-0.33124389311772306,0.21334054585264675,0.8588105447579688,-0.1558296872918835,-0.1495719418444234,-0.3655747118877754,0.26230996582488203,0.6361252886502138,-0.15410000470255664,-0.16625319038550895,-0.41676235757757757,0.09963756967907636,0.7855303382605399,-0.24529593953869458,-0.13375472523439483,-0.42246809873419733,0.1640923109079903,1.0,-0.1721682053584572,-0.1449173301391956,-0.34894220064972464,0.24894538062859795,0.6901558574078787,-0.16629804586926936,-0.16729025986631466,-0.3917684651966407,0.26749131526182374,0.6960941650258854,-0.10010213124903722,-0.16415219808304088,-0.44723672363181133,0.04236202366769758,0.8789937206922208
alpha101__alpha087,0.30942195489320545,-0.14596392749727274,0.08401020340558313,-0.2856787072974496,-0.5329603784797028,0.036510442700075724,-0.06008240208878652,-0.4986723253421183,-0.39745498947482166,0.4550344101950371,-0.06202590319284217,-0.1224074074413758,-0.11029885532984472,-0.05231785073722149,-0.053923231554672144,-0.04960253154350818,-0.20962789932572684,-0.14525507950819974,-0.37925649897867736,-0.04313193944745457,0.0,-0.1250662346485883,-0.2744501914101351,-0.025214720250109655,-0.3849245914500662,-0.0304870117987273,0.0,0.002060738630386281,-0.2853677155849185,-0.2971539407736737,-0.27742562222968836,-0.24214744432638757,-0.554887453420388,-0.3763874461987966,-0.31769760310445627,-0.15825238802195218,-0.38495540444766546,-0.6168619574839016,-0.5238586228269704,0.05177951153764209,-0.022150645678199323,0.006656199742052578,-0.16581484764663373,-0.09302826774364405,-0.04566699847372485,-0.4390424650815666,-0.3864430659210321,0.052508543888505,0.0,-0.013676780601173394,-0.16967222257582715,0.7641470644194076,0.03347685865285239,0.0703128497796685,-0.5273479660520992,-0.10600725789914317,0.7140899281916414,0.03235177070624724,0.04536826417336343,-0.28149050978716345,-0.23644467715583511,0.8068613235440389,0.04804951351508168,0.00417536924451295,-0.304233881151632,-0.20266328027749844,0.9959048156883216,0.03287726364797298,0.07467173785902087,-0.31869524614921296,-0.140295170410926,0.7759803534681913,0.036136918994151106,0.061160141684971886,-0.519344425991684,-0.263931765618473,0.7262683547987518,0.03244042055705758,0.030118132754795524,-0.26325211778429924,-0.21248956034745062,0.787798453875015,0.030289998163817822,-0.009066354856271263,-0.262227797782105,-0.1721682053584572,1.0,0.037708248209367606,0.0708067748488512,-0.5162150885702311,-0.11264840627622204,0.7865332547769847,0.03797650430883037,0.04833673236749635,-0.5040915402989977,-0.2448602352330061,0.65780794977416,0.03141434989963452,0.016077428328581566,-0.24710354699852335,-0.18484530433280835
alpha101__alpha088,0.005725324180640621,-0.020328147574160793,0.3577347024734257,-0.04449264018901703,0.008473481751041836,0.4892323830606366,0.14024845265444436,-0.004247249958454016,-0.01867808721139701,0.030240366653597698,0.07184661343421771,-0.06509796132565693,0.1042839545730425,0.38932473168451665,0.08189094293940213,0.06821909985520935,0.00793119085220644,0.07464311638908769,-0.009805341601052486,0.20429116538148773,0.0,-0.11177977194450352,-0.06716452948506431,-0.21761312693241291,-0.006086837493575238,0.1311615880405347,0.0,-0.020371597981757545,-0.014026979766142388,0.0011011442562733809,-0.023200152170018338,0.040787508284449436,-0.013555405435294257,-0.0024545569792502773,0.005060276188712187,0.09756275804697212,0.06227924551562646,-0.023879829879505602,-0.05630917810697453,0.09847253470169039,0.627179532025336,-0.5952237934553741,0.08572765641363118,0.08297959404124881,-0.06868097975619075,-0.027329619150590182,-0.1937786854726375,0.008563642260047882,0.0,0.1637649303420984,-0.14879136480473645,0.06170507144342856,0.9850655823019986,0.13434454172682803,-0.022925176017242022,-0.08558456620392416,0.06057522133293297,0.9576605154500489,0.08126518995259636,-0.007138877363137736,-0.2769752128368045,0.0030708320208623244,0.8094931595090226,0.06586992784422721,0.0044457767364449625,-0.187206873050289,0.03960169231854108,0.9936899655759903,0.16109398246487505,0.002000989878354231,-0.11272203322673534,0.06014611872307103,0.9861785799633404,0.11990541738302207,-0.019804109436977087,-0.31493766602379863,0.05807079485616625,0.9401565294439683,0.05420762310775889,-0.010901844562639495,-0.23368596522719406,0.0012576623874433117,0.9782072981242901,0.04224144324743468,0.0018465574747569382,-0.1449173301391956,0.037708248209367606,1.0,0.15327394242870426,-0.005590099154207782,-0.08121110893571064,0.05750588965750664,0.9751455631384697,0.0985388678710184,-0.017214437732064127,-0.28239250939386884,0.06413019094714674,0.9096469409989547,0.030292761818628836,-0.01153444565809887,-0.18528672157121123
alpha101__alpha089,-0.020370696295350772,0.09064107907069374,0.6766141757933678,0.10990875699122243,0.002777689247030492,0.5283190616578659,0.2925678710403287,0.03482497223121738,-0.008838871932603545,-0.00578345298861587,0.1007681838755936,0.16387306017958422,0.32693412713207193,0.4198877144021172,0.27697481267929736,0.47159272255762497,-0.017654928952553123,0.27083492918492746,0.0636178593356933,-0.11890359889418875,0.0,-0.050025476175248114,0.045665840842978915,0.325710603487871,-0.02858461002671517,0.2567321434066157,0.0,-0.14645925530337464,0.12091524222112626,-0.06429569100293998,0.14584118518451955,0.03330417575121827,0.007273081184661229,-0.041175406120143296,0.07260642242962675,0.0057685567601998096,0.0750230202145705,0.02175653860238642,-0.04118994252521672,0.7962580886381759,-0.23601904452140596,0.26995545518821973,0.15153352817659166,0.29443515486347843,0.0909412153385355,0.0023834137064559823,0.003782219403566182,-0.000829929534854563,0.0,0.4567105418725354,-0.3432576913629549,0.05056235850491055,0.13245688247235307,0.9744909332280816,-0.1447077499922993,-0.25735753539768363,0.038661497638109894,0.11183415836454341,0.8444633000320066,-0.06137928564451756,-0.4978678941012454,0.04849786534807512,0.0760501479745366,0.7244002739164496,-0.07537918509675873,-0.3930702143118753,0.06822896261971717,0.14873753549059315,0.965317978072837,-0.11228345154771999,-0.3014718438126367,0.054172160505858866,0.13223202236029308,0.9319560823490591,-0.14639507371678134,-0.488207922840031,0.04240612033905055,0.09884828415955682,0.7730018337294298,-0.05826460833204464,-0.4522609360676049,0.04743782210878718,0.16877614017935777,0.6419453833060826,-0.07334047537326671,-0.34894220064972464,0.0708067748488512,0.15327394242870426,1.0,-0.1294576243597759,-0.26027946047322953,0.05724877304365705,0.12499506344856738,0.8692891144614867,-0.14702090607839513,-0.4606817871153548,0.01892532171278394,0.07655685273476226,0.6953081505440125,-0.054539854623237814,-0.40303916150254976
alpha101__alpha090,-0.36238095491532635,0.12976659531877158,-0.09034795974898277,0.30476255757615794,0.26245185879742733,-0.0181042657412733,-0.027183881162778693,0.5261909318557473,0.305054270254577,-0.3276802813358757,-0.12056630869808167,0.11073786231045943,0.05688063200590753,0.030260956732618388,0.030388188297069872,-0.040338671776872816,0.27625274158698593,0.0857394334311474,0.39206777572628987,0.05100447860583878,0.0,0.09813455662652515,0.3237529192156393,-0.06876272879717421,0.33652258268420415,-0.004226366033931373,0.0,-0.018674835811961176,0.251496042652133,0.4045136642044479,0.021662868333397298,0.20231733347121938,0.36303985346586326,0.31424652029973027,0.4134354303783968,0.14930908828589054,0.2284343487496565,0.5066852671722627,0.4076755672714397,-0.11914281197963054,0.011746327544089798,-0.00926909764652782,0.18892111677833565,0.060346504155499074,0.05684327790750718,0.31739083375057164,0.29789935066731954,-0.02660329459619496,0.0,-0.038337651467137884,0.23486867326285166,-0.4040107868929045,-0.0049621461735580175,-0.12041604945834776,0.9648420394051268,0.13701588328977862,-0.3430431132497418,-0.0021643487740907507,-0.10868055704962837,0.5940214821716084,0.25413730984581,-0.5707269407421756,-0.028268675336988652,-0.09443797093646789,0.6830814058145013,0.27042019881271756,-0.508963022424998,-0.004537022612799585,-0.12863483078972188,0.6939488254592497,0.20159254376120522,-0.4169003211202068,-0.004963455272181908,-0.12071485943963202,0.9761018917400505,0.21782490228763077,-0.3550713176004096,-0.0018337023485521734,-0.10250340539151077,0.5118257317946683,0.2620998528532365,-0.5646108416887573,0.0001264853953316759,-0.08008779055880824,0.5911570652458811,0.24894538062859795,-0.5162150885702311,-0.005590099154207782,-0.1294576243597759,1.0,0.15207683970647984,-0.42800133552319725,-0.005762692482764978,-0.11794125557398859,0.9724665788465202,0.23517973532287603,-0.27517863661073694,-0.0021257633073464848,-0.09304262944178159,0.43173955577599477,0.25743297349961497
alpha101__alpha091,-0.1591765405576717,-0.21912550556369248,-0.17977626659233478,0.007017478217944818,0.09044389425415818,-0.1916892613242922,-0.24712002361122712,0.08155857546888377,0.14131859030846988,-0.1666007916365396,-0.20248939186864176,-0.1309467735004969,-0.4734052127245054,-0.12353733260312007,-0.34114664863974414,-0.5278225116660124,-0.000738378661016151,0.07233890499060307,-0.06434460283393857,0.06560506337542409,0.0,-0.32934686022343396,0.21364898976529298,-0.07417370412241048,0.16905464084891045,-0.36259467272057944,0.0,0.08311399257848547,-0.03241406443096402,0.2177966574208713,0.024544362034099182,0.06664179609051235,0.1448556309067473,0.1967557874446422,-0.010695223807785707,-0.08912933216771289,0.07077732008738744,0.13278539939770434,0.030472889520761326,-0.30190340172816776,0.030542036123587028,-0.04120776852735771,-0.2049836449840974,-0.5766040285343548,-0.11472231728504455,0.10314606027583732,0.007444915284804096,-0.03397962966835812,0.0,-0.28900071006318606,0.6955250369212781,-0.11615847096638449,-0.07931522287460788,-0.26163549294837646,0.15960561482004118,0.996693637971046,-0.11820636207423746,-0.08424676915574938,-0.28866779329245046,0.14749752401702912,0.47333344907274255,-0.13062689783274975,-0.13233775944571388,-0.34297530871900606,0.17509754154214663,0.5979671751503945,-0.10967168111146809,-0.07736865355683466,-0.2492102224786036,0.17853631280064286,0.8255178863795544,-0.1218399826754333,-0.08323669611335584,-0.27531349514332876,0.16945231221108875,0.4479345150489204,-0.12886217207054035,-0.09065225779617664,-0.3098140601971084,0.14947320912823184,0.5194559414560752,-0.13262332196746687,-0.07564946955878869,-0.3845681233463782,0.17114586499517945,0.6901558574078787,-0.11264840627622204,-0.08121110893571064,-0.26027946047322953,0.15207683970647984,1.0,-0.12912143035973744,-0.08831226329357554,-0.2921270415633427,0.1800604645577086,0.4860164388300395,-0.09062330298864849,-0.10138106805833497,-0.3378089076486304,0.13165433585895434,0.5813891308826333
alpha101__alpha092,0.3003192709357675,-0.13193568187118515,0.06474207529278574,-0.25646379910025,-0.5221252617766543,0.025268009790749845,-0.03072902093935224,-0.35455722434012227,-0.40639155034153823,0.46669206326361234,-0.06802268127170474,-0.11821721755395974,-0.10490888744806676,-0.06866857066820346,-0.04836278002036902,-0.04669220961075411,-0.18715545290873975,-0.1421491066549612,-0.34360355309421686,-0.041736016338170194,0.0,-0.10789539064816411,-0.26078832745938996,-0.016416262716431283,-0.3905867604970289,-0.024807034440555258,0.0,0.0013794790938806171,-0.2378057041786963,-0.27069163036537,-0.3339747542347962,-0.23673590386657617,-0.5666885390562038,-0.3798323974701762,-0.31788399878229,-0.14291783742757003,-0.39325935237778803,-0.6079359152778963,-0.4928102136193643,0.03222968355662205,-0.022417610670272002,0.004898676334171281,-0.08102010624766882,-0.09191430362157782,-0.03924407868257571,-0.459789242025739,-0.35700913258518807,0.051248650801939154,0.0,-0.022321685373506525,-0.17394662094349767,0.9831847487630354,0.053442577725837326,0.061096454530950875,-0.4738905142441325,-0.1264742942300492,0.7758626714283158,0.048688266855986234,0.039808771439820416,-0.2907460799530881,-0.20094007478408754,0.7259431102674885,0.038155100404751396,-0.003917256499354245,-0.27863951363901013,-0.18638202088129519,0.8024357773646925,0.055481791279876486,0.0648159945607427,-0.2550419099490632,-0.15170330445446187,0.9942530553361292,0.05405721807775953,0.05278361432368502,-0.45908152706734623,-0.237343908427786,0.7886504764148048,0.04634244071615386,0.02802954395546816,-0.27422652583878643,-0.18638903051420544,0.7137218007039766,0.056917926260518614,-0.015263185838369404,-0.25250823549235263,-0.16629804586926936,0.7865332547769847,0.05750588965750664,0.05724877304365705,-0.42800133552319725,-0.12912143035973744,1.0,0.05340707749801097,0.042412170437178105,-0.4413253647642614,-0.2230738069424653,0.718610638749168,0.04302068519104714,0.015964930573226187,-0.2580486839776967,-0.17089165738840426
alpha101__alpha093,0.004377470958529822,-0.031315994707077556,0.34858804174895985,-0.0622110547450176,-0.0028187978263324582,0.46986322099142913,0.13640975516065554,-0.016288623094249076,-0.015569798360220283,0.027427238556748897,0.06781051930500484,-0.06586843150342153,0.1061745449863053,0.3767217848854416,0.08575085593228562,0.07657418587423998,-0.0009892918930454902,0.05275388960423616,-0.0325858349027551,0.20748395785273904,0.0,-0.08116183995851736,-0.060130298674380744,-0.21788642103091682,-0.0042127730282108524,0.1492314265577897,0.0,-0.016899378025191092,-0.041196602706448135,0.019493502923192612,-0.031468800365552475,0.03523768077333387,-0.012849010435420808,0.001247648305241541,0.0035428691139947946,0.08900682927205825,0.06202887812850191,-0.029700728496308868,-0.06979662217111564,0.08111092014801798,0.6277240220466853,-0.5939853147797802,0.0836848377262243,0.10049960844984245,-0.06904882096527494,-0.045104211716632606,-0.19408091712246203,0.0077426776149842075,0.0,0.17016295010180238,-0.1735281425419988,0.05758526693897887,0.9771140233074144,0.11231931719782945,-0.022912236579276622,-0.09337149193300744,0.05992927145220304,0.9904667128221091,0.08483696051841651,0.010551478846589241,-0.26623277519923977,0.007259474956744437,0.8514575290581338,0.08364401186329762,0.015024043089035082,-0.20791134190520474,0.04039084109386728,0.9605349351564526,0.12658350270138985,0.013011779663232734,-0.1280133230146807,0.05563184699931736,0.9927784090319218,0.10710543924159041,-0.018223775241850808,-0.2989874458943958,0.05650660816400563,0.9866092559670542,0.07176954312888684,0.002880274856912033,-0.237223478746648,0.004486886545928031,0.9276158402264352,0.0538562847969347,0.014624093926708489,-0.16729025986631466,0.03797650430883037,0.9751455631384697,0.12499506344856738,-0.005762692482764978,-0.08831226329357554,0.05340707749801097,1.0,0.09815594321546763,-0.014795677339705425,-0.2791623908793211,0.06851086722642431,0.9650938520904622,0.052788413908284745,-0.0038523776890824536,-0.20302806446867164
alpha101__alpha094,-0.02230698293544379,0.10650165619132275,0.6412194515838525,0.09538473655399392,-0.0021482760098029256,0.47589202737002817,0.29009962800958294,0.03444354427026928,0.002473070905840756,-0.013833371238818892,0.09905088522083902,0.17554946765809878,0.3674616929795074,0.38211430388946627,0.32020602725758746,0.48971598672596245,-0.02137828956103399,0.1873455407015452,0.055052800304718305,-0.10902882588989918,0.0,0.05148309806516679,0.04630237400913109,0.3239546989854683,-0.019544463091480176,0.28223562390170864,0.0,-0.12694355906646831,0.1018895512988661,-0.03812395548653896,0.14026445907745466,0.028623275427931798,0.016002832783270478,-0.03147753895912002,0.07408716463648057,0.027242309919989556,0.07836606682141811,0.026405444564304402,-0.018875928420588727,0.754242384824695,-0.22831075138702037,0.2597077723181871,0.1726335432558408,0.3430407779019154,0.09563386486342505,-0.008310552923806253,0.018881655035276668,-0.0028212253454336345,0.0,0.53152258369244,-0.39082555458272294,0.03680204155419216,0.08704630769011173,0.8927585722970572,-0.13325382048655035,-0.29054378430548317,0.032362323723080615,0.08812174126380885,0.9834279135918302,-0.04277959419457775,-0.4756671325793787,0.04353934325445883,0.08510877835718894,0.7952172325121516,-0.06696012737073202,-0.4403683679537751,0.04585615819333927,0.0837999128659074,0.8230625058349027,-0.10180760382201402,-0.34165460712943607,0.03982595767142923,0.09601624848908497,0.9477979584775267,-0.13452118871898092,-0.42530155728697067,0.03530137728793494,0.08306569999904283,0.919706669604529,-0.042133711427525575,-0.48736948131567687,0.042310670932222315,0.0859892973203407,0.7026457348274264,-0.061851486029507886,-0.3917684651966407,0.04833673236749635,0.0985388678710184,0.8692891144614867,-0.11794125557398859,-0.2921270415633427,0.042412170437178105,0.09815594321546763,1.0,-0.13524869557869956,-0.4533849658116857,0.017936173299118355,0.06817333455439985,0.8305597942763885,-0.042933555995021626,-0.44525541508677396
alpha101__alpha095,-0.36132642470877274,0.10229613331707847,-0.09723900713566656,0.2584966956850222,0.23103172590727358,-0.028200369446930787,-0.05619989042075013,0.49651908160187347,0.31380679947966206,-0.3375907716977288,-0.1339396889892857,0.0975134352050325,0.02961265391780183,0.030525325033725407,0.012049170241601645,-0.07251917877050898,0.2568432202050016,0.08293771310433914,0.3366379329306805,0.05616561876983689,0.0,0.09563893176780784,0.3272942546808487,-0.0956597230855915,0.34693965496320894,-0.029547474266517066,0.0,-0.011451593829158248,0.19266460501733937,0.4168217507310558,-0.004350361445038301,0.18148093408562316,0.3669684300402334,0.32006793168970515,0.4050397758450405,0.1476512855279182,0.21934826151518874,0.48916447220873566,0.3560116636794097,-0.14228044340312465,0.0070657867443537905,-0.0036042650316072855,0.152850507570117,0.042620022956520835,0.04666502717381954,0.3338196082361178,0.27108549952882754,-0.026654089431636715,0.0,-0.057925207297059925,0.2552585058607799,-0.41787842415328447,-0.014597436150626248,-0.1387549061165582,0.9683245129257656,0.1655443061526785,-0.3560716060933395,-0.009443501598163512,-0.12346375259643382,0.6289504288149665,0.26213116848191004,-0.5530292447174864,-0.031226599554149467,-0.11083316633876077,0.7158549071989685,0.28168607360930703,-0.49797691382904286,-0.0155189172507464,-0.14706818551662987,0.7305453876825415,0.22781500113853262,-0.43043985150956343,-0.014915758811810982,-0.13892940185713348,0.9899401961199374,0.2313556779876672,-0.3702805084103278,-0.007492429379473355,-0.11629195157591297,0.5547076252171749,0.26977472532362795,-0.5472674914078706,-0.012348994730687709,-0.09614779472162441,0.6295911494452393,0.26749131526182374,-0.5040915402989977,-0.017214437732064127,-0.14702090607839513,0.9724665788465202,0.1800604645577086,-0.4413253647642614,-0.014795677339705425,-0.13524869557869956,1.0,0.24374017625229658,-0.2813909023725481,-0.0062629704107238955,-0.10582956513990999,0.4745020747690049,0.27102726870604876
alpha101__alpha096,-0.1599398975136071,-0.06613199217659702,-0.4291265330485503,0.20977302154119998,0.23758102994317512,-0.5398237598966971,-0.2924318819594846,0.24295178966237127,0.1200440188658355,-0.1433133482078607,-0.18501803942179001,-0.009435224874589063,-0.20422468451397763,-0.43834219108933226,-0.16640543169338887,-0.27923641402582866,0.14926852996289536,-0.01249636080211774,0.22324853848024986,0.05430562379271658,0.0,0.08653461051812415,0.19832028518917424,-0.056121995288214405,0.15038456593479507,-0.27135739963517796,0.0,0.09676720637342517,0.23197772917560502,0.0905489333592267,0.16764947416741002,0.126517606226703,0.14044020435093654,0.17395348627049162,0.03826397702702332,-0.052099794431668865,0.06546170178206293,0.2481396021340884,0.33749996200477406,-0.5508036702449013,0.02722575476651246,-0.04869242503951014,-0.22426046372513955,-0.28780036797502967,-0.0203137447426602,0.20984812074799158,0.14690102129284333,-0.019867195913278863,0.0,-0.31552176600961324,0.7080180590125572,-0.2196831509014728,-0.26231496250118647,-0.4572306197702363,0.2705729530551035,0.48925753721394405,-0.20755417630081216,-0.2629451337177164,-0.4480253731709343,0.009612434103512505,0.9542121415742287,-0.2450560939240124,-0.2656176697907646,-0.37963428537379523,0.06918287676593152,0.8057279850520743,-0.24345190844519662,-0.26127059363626604,-0.4356106237538586,0.06987255809961555,0.5993591488806213,-0.22207249177332603,-0.2744373781210098,-0.47809145107110623,0.2571575882634009,0.9351173108076196,-0.2085696382655627,-0.25728360457862104,-0.4055491055166822,0.0013618551373134463,0.87927667531078,-0.23812874885520147,-0.26265077427580674,-0.3210917255350818,0.03005790192643114,0.6960941650258854,-0.2448602352330061,-0.28239250939386884,-0.4606817871153548,0.23517973532287603,0.4860164388300395,-0.2230738069424653,-0.2791623908793211,-0.4533849658116857,0.24374017625229658,1.0,-0.1838149704909776,-0.23974284982425598,-0.35835255695276036,-0.0018784191231661406,0.7790637586111084
alpha101__alpha097,0.26167577221895066,-0.13715723358585136,0.04084879091804029,-0.25559335076652545,-0.5177945678178929,0.013124702722255372,-0.00782918539807247,-0.2720133021565889,-0.37661616322998304,0.43584861078011705,-0.0900617752165037,-0.11066385301652742,-0.11796939591163554,-0.06812972642989606,-0.061101657764520624,-0.07462112464787769,-0.1798546560870965,-0.13440001595662998,-0.34764976946922016,-0.03089314565509593,0.0,-0.08360756659082842,-0.20648623453409096,-0.017783636778420427,-0.36219524634605255,-0.06609540376539459,0.0,0.026039378206702643,-0.24057232377496435,-0.17219882807452844,-0.4033223341379279,-0.22251622882618327,-0.5335996300320024,-0.34849780865280316,-0.2802421387225626,-0.13669818328914768,-0.3723913466239802,-0.5772055622722934,-0.4701600619597858,-0.011582465772745607,-0.020237403180505962,0.0038783487311872746,-0.013112815251640975,-0.10247465320434887,-0.03706421965913961,-0.37819097349981995,-0.3156403212883506,0.04971118529261258,0.0,-0.062460484508065774,-0.1163750187543313,0.7514533770181051,0.07188911193709831,0.035865309797557594,-0.32852266510156486,-0.10234781749303176,0.9430204086592548,0.06833742999472371,0.02266855745991074,-0.22885500822251778,-0.130797010330569,0.6219600074662305,0.02990836903348967,-0.03723170993993906,-0.1849124329850201,-0.11675079085622828,0.6658652409447874,0.06648257555059892,0.02631598153018531,-0.13591457723297806,-0.10140023784004797,0.7334801328322174,0.07056545064055439,0.02781273439976972,-0.30549154918297405,-0.2014918834345041,0.9220551996265384,0.06561345867368587,0.012133464198620537,-0.22695733850465072,-0.11335876591129422,0.6116369887386995,0.05031314768378408,-0.043118146410361026,-0.1657971096699205,-0.10010213124903722,0.65780794977416,0.06413019094714674,0.01892532171278394,-0.27517863661073694,-0.09062330298864849,0.718610638749168,0.06851086722642431,0.017936173299118355,-0.2813909023725481,-0.1838149704909776,1.0,0.061853448798234324,0.0025410824109816615,-0.2256828762222468,-0.0969689902150358
alpha101__alpha098,0.0029154531275867295,-0.06079066706308634,0.3171614097397013,-0.08370784981799766,-0.013266922195885813,0.4150485285157277,0.11575006046032195,-0.0305298985807673,-0.009964131400530561,0.021505837626153917,0.056149737722012996,-0.06986841269870521,0.10990248496007583,0.33765590030215037,0.09529154560592165,0.091982942066017,-0.012354620997609582,0.024611304118151836,-0.04958358167705578,0.21463623742065271,0.0,-0.02432923182935545,-0.052857799159156796,-0.22971065979824784,0.001330415427532686,0.16140129138402165,0.0,-0.010508745012985002,-0.06750558419512084,0.03855836895404663,-0.044951698886781626,0.028994010764052475,-0.009196316401219436,0.008402716067534817,0.0036701678665783323,0.079297521930731,0.05890411628588969,-0.03395897855908086,-0.07642823811459092,0.0322313847703024,0.6289398741137832,-0.5939305807075637,0.06845780374577431,0.1396776019076315,-0.07165783673296904,-0.05155143972844605,-0.20714406021404547,0.007617015259024885,0.0,0.1609806164927638,-0.17135528810782016,0.047668280714424055,0.92147354691345,0.06831585703328785,-0.016957294956965407,-0.10700255412764206,0.050972510031626034,0.9667437508557254,0.05994274754378256,0.02320348915367207,-0.21918414199727698,0.010088187646399533,0.8890045598482771,0.07513434901448977,0.024141831983582645,-0.19072285029010458,0.03393923238943338,0.891840323502056,0.07429386061873215,0.021475584910645912,-0.14101064819198506,0.04555607428804895,0.9436311580778172,0.06901621027207637,-0.011576877008675891,-0.25028394777429314,0.04683934226190089,0.988289668381297,0.05726151156551537,0.021077088270439578,-0.20372847129912433,0.007277637955483973,0.8553533179104221,0.06390545908172356,0.023982789595012204,-0.16415219808304088,0.03141434989963452,0.9096469409989547,0.07655685273476226,-0.0021257633073464848,-0.10138106805833497,0.04302068519104714,0.9650938520904622,0.06817333455439985,-0.0062629704107238955,-0.23974284982425598,0.061853448798234324,1.0,0.05192752101895586,0.01429481484643764,-0.18297576887161507
alpha101__alpha099,-0.02740317891326297,0.11801460370290501,0.48553493068241027,0.09478227581652164,0.00487114473635186,0.35627211258918434,0.2585050275699959,0.04448945367620955,0.021200979932177483,-0.02753241509329509,0.09738466689155732,0.19334746626003327,0.44454214585984275,0.29358384981818625,0.39923330538405755,0.5328730277310789,-0.014317163037528117,0.1297822588600834,0.05525948643829239,-0.1005003161510094,0.0,0.2353398171012306,0.05103091250243289,0.30894836661970965,-0.0038366454559856772,0.301539951599389,0.0,-0.09844800466734537,0.07057618763148969,-0.023286808149133368,0.14025241544142375,0.02373049425481555,0.029062658063027987,-0.021779141441393892,0.08274888025314836,0.03351348242153629,0.08247181577306296,0.04526154883767684,0.020436591862435013,0.6223871552388583,-0.20781598523783387,0.23764110474048344,0.15474149186769495,0.42657054751674794,0.10366700323378554,0.013578231267417588,0.025805878096922027,0.00021259381854597017,0.0,0.5194042721323691,-0.44865548826028884,0.010706183555176172,0.028828385172190427,0.722764542874032,-0.10107852938185309,-0.3383450553566854,0.011553964061555113,0.04848406814850139,0.8465504013826621,-0.0356610354870373,-0.36602132535888715,0.04079681185015259,0.0831487619461069,0.9153974236434148,-0.0679528391735072,-0.42122360820019855,0.014076431468747642,0.02228111769631649,0.6576339010838681,-0.09961799557023644,-0.3998350143980314,0.012860614194853601,0.03845951038713663,0.7707001589865247,-0.1032974325619449,-0.32647714372197745,0.014191877113145531,0.05518877450863283,0.9209517321996208,-0.022537482458274628,-0.39337969549693946,0.04107036493843945,0.02078702260383414,0.8254134177446188,-0.06474849859376972,-0.44723672363181133,0.016077428328581566,0.030292761818628836,0.6953081505440125,-0.09304262944178159,-0.3378089076486304,0.015964930573226187,0.052788413908284745,0.8305597942763885,-0.10582956513990999,-0.35835255695276036,0.0025410824109816615,0.05192752101895586,1.0,-0.018219036196082426,-0.4233488186118714
alpha101__alpha100,-0.2980233774606937,-0.005594819437451239,-0.029094746393385544,-0.08388848891391953,-0.046395999194437744,-0.02899080000426483,-0.06150076425088222,-0.12141998537949585,0.3960590046190592,-0.4669397561565303,-0.10917167602345544,0.05068774139953608,-0.03521372576976994,0.1425604359572055,-0.018365224088929353,-0.04451048104490114,0.12466294487911038,0.06042334863533168,0.07964176336729335,0.010606785278547179,0.0,0.033793595434542606,0.22976615007583884,-0.04772617777328476,0.41277526324773006,-0.05321049227688181,0.0,0.0900934520157348,-0.24654086555181112,0.38221529148283884,0.02743392259649256,0.00911472745341726,0.42466538639755,0.3466230283397604,0.23278487606925508,0.1298771983792786,0.2691377498033227,0.4003589772796846,0.09225700651869839,-0.05271321190720504,0.00737042889591755,-0.00407285627154248,0.07285599330290789,0.04187116924818723,0.011570783974151655,0.09201946554332628,-0.12469967345800505,-0.024295479368284308,0.0,-0.03717558049329927,0.03008446295815203,-0.23900494453047919,-0.012289675714731805,-0.051557436839558574,0.38535542753314694,0.12861985354398653,-0.2566650353907288,-0.004516097902012713,-0.03788325834376306,0.8327769065788634,0.048357810471521864,-0.27189613825810993,0.02239089523986122,-0.03446835330972203,0.7873426658260253,0.014255641480905584,-0.24152573812890277,-0.012562642243144862,-0.05516497614398803,0.6743414002052347,0.09107442146456492,-0.2466138442749033,-0.009791342801389406,-0.04877077990084121,0.4258744007500763,0.009672521689675735,-0.27536921703538697,0.0037404466034178818,-0.028795771879301327,0.9331139315401912,0.04052361845235847,-0.2760832243606833,-0.019456177489005428,-0.024786253347980975,0.8099147895445232,0.04236202366769758,-0.24710354699852335,-0.01153444565809887,-0.054539854623237814,0.43173955577599477,0.13165433585895434,-0.2580486839776967,-0.0038523776890824536,-0.042933555995021626,0.4745020747690049,-0.0018784191231661406,-0.2256828762222468,0.01429481484643764,-0.018219036196082426,1.0,0.04435112999146409
alpha101__alpha101,-0.16341961928908175,-0.13294371427402482,-0.33224921928492324,0.1117313604223164,0.16332710795207755,-0.4019890603700066,-0.2828378973138327,0.19256518623312852,0.15104592574228545,-0.1720575094896722,-0.22886496491202954,-0.03035251285955937,-0.29225377883856213,-0.3027650023456407,-0.22574743321501348,-0.3787059756124741,0.10799930998583218,3.980613659702667e-05,0.06979131802612255,0.07414090031422164,0.0,-0.0714785209166396,0.219602627903701,-0.06965267623305604,0.17908248302132465,-0.3510209268475455,0.0,0.1363394394690736,0.11813611623444151,0.22338689464962247,0.07689827938161159,0.11166663941163416,0.1608182695480817,0.20629023023648993,0.012197683780953978,-0.03654089825288184,0.07896871661858341,0.21365485026244502,0.21446487248065702,-0.4970329369113375,0.03411146295000163,-0.05295966198903717,-0.167930544252711,-0.37310041369736185,-0.03210494121973743,0.1035865213677762,0.1695026482054873,-0.023154972020811588,0.0,-0.3672126948563368,0.8657818769111849,-0.14817115162378827,-0.169960689562202,-0.39068584720087474,0.256724494235894,0.5728728724806886,-0.14472104255609697,-0.1882943088344854,-0.4357332972541605,0.13432837094918315,0.82927158393378,-0.26179097411504504,-0.23471969246207966,-0.46716275853030365,0.19726310231588123,0.9820223883431294,-0.1762387973873345,-0.16737845994374068,-0.38160446523108316,0.21640637604482071,0.729706947982049,-0.1593122207565596,-0.18895704097112398,-0.4159223544480486,0.26557041913916407,0.7055634842592183,-0.15533867515074984,-0.19076872033878778,-0.46106195743475437,0.08094005824496694,0.9145355332479759,-0.26394462625363474,-0.17321413087273552,-0.39833392919980537,0.17544545496949554,0.8789937206922208,-0.18484530433280835,-0.18528672157121123,-0.40303916150254976,0.25743297349961497,0.5813891308826333,-0.17089165738840426,-0.20302806446867164,-0.44525541508677396,0.27102726870604876,0.7790637586111084,-0.0969689902150358,-0.18297576887161507,-0.4233488186118714,0.04435112999146409,1.0
