datetime,alpha101__alpha001,alpha101__alpha002,alpha101__alpha003,alpha101__alpha004,alpha101__alpha005,alpha101__alpha006,alpha101__alpha007,alpha101__alpha008,alpha101__alpha009,alpha101__alpha010,alpha101__alpha011,alpha101__alpha012,alpha101__alpha013,alpha101__alpha014,alpha101__alpha015,alpha101__alpha016,alpha101__alpha017,alpha101__alpha018,alpha101__alpha019,alpha101__alpha020,alpha101__alpha021,alpha101__alpha022,alpha101__alpha023,alpha101__alpha024,alpha101__alpha025,alpha101__alpha026,alpha101__alpha027,alpha101__alpha028,alpha101__alpha029,alpha101__alpha030,alpha101__alpha031,alpha101__alpha032,alpha101__alpha033,alpha101__alpha034,alpha101__alpha035,alpha101__alpha036,alpha101__alpha037,alpha101__alpha038,alpha101__alpha039,alpha101__alpha040,alpha101__alpha041,alpha101__alpha042,alpha101__alpha043,alpha101__alpha044,alpha101__alpha045,alpha101__alpha046,alpha101__alpha047,alpha101__alpha048,alpha101__alpha049,alpha101__alpha050,alpha101__alpha051,alpha101__alpha052,alpha101__alpha053,alpha101__alpha054,alpha101__alpha055,alpha101__alpha056,alpha101__alpha057,alpha101__alpha058,alpha101__alpha059,alpha101__alpha060,alpha101__alpha061,alpha101__alpha062,alpha101__alpha063,alpha101__alpha064,alpha101__alpha065,alpha101__alpha066,alpha101__alpha067,alpha101__alpha068,alpha101__alpha069,alpha101__alpha070,alpha101__alpha071,alpha101__alpha072,alpha101__alpha073,alpha101__alpha074,alpha101__alpha075,alpha101__alpha076,alpha101__alpha077,alpha101__alpha078,alpha101__alpha079,alpha101__alpha080,alpha101__alpha081,alpha101__alpha082,alpha101__alpha083,alpha101__alpha084,alpha101__alpha085,alpha101__alpha086,alpha101__alpha087,alpha101__alpha088,alpha101__alpha089,alpha101__alpha090,alpha101__alpha091,alpha101__alpha092,alpha101__alpha093,alpha101__alpha094,alpha101__alpha095,alpha101__alpha096,alpha101__alpha097,alpha101__alpha098,alpha101__alpha099,alpha101__alpha100,alpha101__alpha101
2024-11-01,,,,,,,,,,,,,,,,,,,,,,,,,,,,,,,,,0.3145745634228418,,,,,,,,-0.12653845900727465,0.13477180968753655,,,,,,,,,,,,,,,,,,,,,,,,,,,,,,,,,,,,,,,,,,,,,,,,,,,,,,,,,,,
2024-11-04,,,,,,,,,-0.05615015335793825,0.05656847920375337,,0.07705356621168953,,,,,,,,-0.047787671305136774,,,,,,,,,,,,,-0.14704593279015726,,,,,,,,-0.10737844044119838,0.104503408651674,,,,-0.05615015335793825,,,,,,,,,,,,,,,,,,,,,,,,,,,,,,,,,,,,,,,,,,,,,,,,,,,,,,,
2024-11-05,,,,,,,,,-0.08893185844450169,0.08968238536545028,,-0.07459568182522024,,,,,,,,-0.0055246075475514165,,,,,,,,,,,,,-0.1382662797379823,,,,,,,,-0.12413591652043242,0.11998451037248882,,,,-0.08893185844450169,,,,,,,,,,,,,,,,,,,,,,,,,,,,,,,,,,,,,,,,,,,,,,,,,,,,,,,
2024-11-06,,,,,,,,,-0.03671115090106551,0.037205013281192315,-0.03887806802959249,0.07145818778768422,,,,,,,,-0.006186604555358927,,,,,,,,,,,,,-0.00501132581455002,,,,,,,,-0.1371735653317329,0.13588191770630334,,,,-0.03671115090106551,,,,,,,,,,,,,,,,,,,,,,,,,,,,,,,,,,,,,,,,,,,,,,,,,,,,,,,
2024-11-07,,,,,,,,,0.136455339283484,-0.13242294391469459,0.09596507651382079,0.14472544082466965,-0.031055786468682265,,-0.04403371735325875,-0.07495263132278479,,,,-0.026941359666151528,,,,,,,,,,,,,0.10963631318769411,,,,,,,,-0.14103413540062443,0.14011552145965683,,0.03242792842602506,,0.136455339283484,,,,,,,,,,,,,,,,,,,,,,,,,,,,,,,,,,,,,,,,,,,,,,,,,,,,,,,
2024-11-08,,,,,,,,,-0.1189129853276591,0.18715247764562157,0.05454609128719601,-0.009143740842940973,0.004649019902171665,,0.010024621459376883,-0.014496481387800474,,,,0.04324065680982566,,,,,,,,,,,,,-0.1684793867587558,-0.0721790191239855,,,,,,,-0.1594876720640203,0.15403626412228047,,-0.017440478793911075,,-0.1942589128863153,,,,,,,,,,,,,,,,,,,,,,,,,,,,,,,,,,,,,,,,,,,,,,,,,,,,,,,
2024-11-11,,,,,,,,,0.05166777405223698,-0.05545448978841687,0.06152142995551199,-0.06320519546841953,0.03484225032552651,,0.011876689544092687,0.09294075043368379,,,,-0.11896622980316345,,,,,,,,,,,,,-0.040183484125306104,-0.044280365951040485,,,,,,,-0.1313775232643038,0.1283716366274625,,0.03465258221478192,,0.053864126859329564,,,,,,,,,,,,,,,,,,,,,,,,,,,,,,,,,,,,,,,,,,,,,,,,,,,,,,,
2024-11-12,,-0.010748080043893398,,,,,,,0.026876119958711975,-0.02700436981679678,-0.021412939481099152,0.04144279825292727,0.0050375198198667195,,-0.0024609546886473176,0.13079602358416517,,,,-0.008750103457356637,,,,,,,,,,,,,0.03808107617655862,-0.015198209580525658,,,,,,,-0.2092040686018467,0.20925020043859577,,0.10188846791311314,,0.0210428483598515,,,,,,,,,,,,,,,,,,,,,,,,,,,,,,,,,,,,,,,,,,,,,,,,,,,,,,,
2024-11-13,,-0.08051242098884888,,-0.009304724082256896,,,,,-0.12002132129209286,0.12891560117989886,0.054396874749987445,0.009137845899317674,-0.04798304096504287,,-0.012763078755435532,0.09546064824857817,,,,-0.0688294050838092,,,,,,,,,,,,,-0.10007826360389177,-0.0707093878859665,,,,,,,-0.18034823067947883,0.17969102089424777,,0.052447126610116156,,-0.12994520611863072,,,,-0.02796963043033969,,,,,,,,,,,,,,0.05843654114285942,,,,,,,,,,,,,,,,,,,,0.06873690012147203,,,,,,,,,,,,,,,,-0.1510369038807274,
2024-11-14,,-0.07110373489648016,-0.04277410427709655,-0.008388613356266932,-0.144575249740155,-0.06827002035712597,,,-0.12352127963995192,0.13941851547033585,0.03885150938129851,0.03018651309973859,-0.10056969835003007,-0.08389686976574652,-0.03036758332205276,0.028059883437973363,-0.07168591114724591,-0.06538680208020539,,-0.06429572364309323,,,,,,,,,,,,,0.015279685270031509,-0.1570127103480248,,,,-0.024134752653881382,,0.03285845745422536,-0.18891562918286672,0.19095876713960905,,-0.021077218734262586,,-0.12705297478618133,,,,-0.07354520615746037,,,,,,,,,,,,,,0.0664007040054023,,,,,,,,,,,,,,,,-0.09863457200735608,,,,0.0514352722107282,,,,,,,,,,,,,,,,-0.09565030838493974,
2024-11-15,,-0.035237072321479955,-0.0043473782497918416,0.06829049569671217,-0.09978896948008453,-0.005870448451799423,,,-0.092257722788447,0.032301559127493426,-0.03852719787033068,0.04553786135855175,-0.05474657213723285,-0.014402725635937355,-0.02558645644228327,0.028883955916472373,-0.0025887693716850715,-0.058463800107007385,,-0.008079690441217768,,,,,,-0.0098351696522033,,,,,,,-0.0023008942804578756,-0.024639357936410956,,,,-0.008635657480537866,,0.06652926264615938,-0.21106892120849624,0.2133043083139843,,0.006436898984222473,,-0.07237538575946101,,,,-0.05451315210085245,,,,,,,,,,-0.013537445714506765,,,,0.05667379913591492,,,,,,,,,,,,,,,,0.01416584123941668,,,,0.03272659726190998,,,,,,,,,,,,,,,,0.05242216596665607,
2024-11-18,,0.02920304078108068,-0.055840968103479216,0.22562273018842133,-0.051523180174806706,-0.007530966087221033,,,0.09928558771550332,-0.1205139150881606,-0.08773139966085866,-0.04616111770433473,-0.03250078124473212,0.08664015928846679,-0.0692805881710845,-0.06533450987648856,0.12070612891340039,0.04643107730294821,,-0.07472786153691706,,,,,,-0.020753211798669752,,,-0.08291758676804692,,,,0.25917057203523663,0.056017583849119645,,,,0.25014448195386596,,0.01380992456491924,-0.20400270655431318,0.2129818114833936,,0.04089100472873116,,0.13871453651377566,,,,-0.08665294133165184,,,,,,,,,,0.1223607916983886,,,-0.14774404477346725,-0.0626679125085581,,,,,,,,,,,,,,,,0.11393683702567878,,,,-0.0661711647729007,,,,,,,,,,,,,,,,0.10037111034939547,
2024-11-19,,-0.05860693897249627,-0.060107510435580956,0.1681847261252952,-0.019761002945841846,0.012302248579645004,,,0.046602560669447256,-0.04674360425859519,-0.06922541956337917,-0.03665214393596748,-0.04411150773977626,-0.004544663863223947,-0.06314418248463406,-0.0988412919044597,0.017762167098058716,0.0068975109996774146,,-0.12165558292794006,,,,,,-0.025203816502238394,,,-0.0349538924155551,,,,-0.1124156453594503,-0.010352600516715943,,,,-0.02914958175421256,,0.043279645405548316,-0.20664419857352037,0.2047782990672345,,0.023750125681889615,,0.04949499386205776,,,,-0.08231402232555732,,,,,,,,,,0.11163752172912987,,,-0.14570110090904365,-0.06843805435399031,,,,,,,,,,,,,,,,0.1033906469121052,,,,-0.06360631504762707,0.11151064643533337,,,,,,,,,,,,,,,0.08628466307411514,
2024-11-20,,-0.05770913184252869,-0.0473113738369784,0.06715635683390343,-0.01445263009835678,0.020272539173975566,,,-0.11065915619054645,0.10918490737638381,-0.01816858010207808,-0.03660977840911248,-0.013603303544270291,-0.09486376419368027,-0.030677801082781227,-0.013196569161852217,-0.13811239838072015,0.014830019341263947,,-0.0983542869940587,,,,,,0.006834688098748022,,,-0.003234469517174297,,,,-0.17770623913701822,-0.0473037590454469,,,,-0.11987055657807161,,0.08982455460596152,-0.20716070707432865,0.20649392613610099,,0.062180054946273,,-0.10857279248407732,,,,-0.046671414224115075,,,,,,,,,,0.05023877267092687,,,-0.14006518285150024,-0.00778004112775987,0.05126584474301718,,,,-0.003155739543072102,,,,,,,,,,,0.046485199970753635,,,,-0.02096548896883386,0.01160560548781714,,,,-0.008108412013121876,,,,,,,,,,,0.03467312272164858,
2024-11-21,,-0.0353627360248722,-0.06508645856744082,-0.04354377037632483,-0.07864050650268176,-0.03234646950912131,,,-0.10318586381822996,0.09406961580811807,-0.006349341381079866,0.04597743901313856,-0.0024363998579649674,-0.12867902366217768,-0.012305325390519215,-0.04570562845168822,-0.029641897491913972,0.00015327469389220288,,-0.0014332584457012344,,,,,,0.022695529297064487,,,-0.03510363616113747,,,,-0.07591758598807156,-0.06806270335791108,,,,-0.07794236049410799,,0.05694469567403137,-0.17234079407104325,0.17403629908109308,,0.018649887587921025,,-0.09282478886909447,,,,-0.033593041691150564,,,,,,,,,,-0.0108657220779993,,,-0.15057021197898304,-0.013562945569745025,-0.053175317210975695,,,,-0.015941183542742272,,,,,,,,,,,-0.025093215967445712,,,,-0.01570054449185873,-0.057854894776241624,,,,-0.018367302983207424,,,,,,,,,,,-0.08187352346225403,
2024-11-22,,-0.027683210415719896,-0.04511371915957279,0.021580065934676155,-0.04173243240459391,-0.05557361405855353,,0.03910921564430683,-0.09757069964075905,0.09607979217870817,-0.029508355182719638,-0.04097666054506785,0.04237233833367788,-0.005426484190281049,-0.018922458964314565,0.012656099316610034,-0.09545595256405973,-0.052989150382010505,,-0.07811117326730252,,,,,,0.01642044637721803,,,0.05174033095615887,,,,0.006963554563444954,-0.05164098041255221,,,,-0.03574602448522274,,0.03174235720524963,-0.16724935350092585,0.1686724351700572,,0.029690041533731906,,-0.10388622598896718,,,,-0.03183975433353199,,,,,,,,,,-0.03442555496770138,,,-0.15718566823818675,-0.002860462316525185,-0.05830538759052163,,,,-0.016965634804279286,,,,,,,,,,,-0.06228210776708648,,0.08234542441383869,,-0.009721060406916228,-0.04411454244532646,,,,-0.00937321232094109,,,,,,,,,,,-0.06324018269149531,
2024-11-25,,0.001521453314061911,-0.0022540110662944406,0.07922513515468914,-0.0827781075846986,-0.01983046174061391,,0.021617590327487994,0.014422227988234832,0.0011914998314956158,-0.06509105653317179,0.03172578205883258,0.009155490027633752,0.04887800030554714,-0.03327061185939072,-0.006727265449135538,0.042233388233765635,0.01211180406256095,,0.03355201791333431,,,,,,0.008450050531414602,,,-0.006965482968428692,,,,-0.0020634703969851192,0.006360038175269413,,,,-0.018318419968013606,,-0.0018169583445752499,-0.09790552663581692,0.09971954690276377,,-0.001860672626591439,,0.005472149205153239,,,,-0.033291493974367495,,,,,,,,,,-0.10215361023541941,,0.059140979152692244,-0.09142007660804323,-0.04058977302077234,-0.10384188484003495,,,,-0.037775079846510407,-0.08920775141017442,,,,,,,,,,-0.09258466912335162,,0.059699020278912704,,-0.020806889107346252,-0.09981263889288708,,,,-0.03665703904060298,,,,,,,,,,,-0.04457275998250272,
2024-11-26,,-0.08631736296822448,-0.0495059582797319,-0.03980359876022798,0.014516584723341094,-0.017276684995121284,,-0.023319932765077316,0.027752321117817568,-0.00493207174696667,-0.07927055063380872,-0.0616656614649014,-0.09438400012145329,0.009625793874633349,-0.10082404410851457,-0.10262960573733095,-0.03644906590776461,0.029133305614351457,,0.010105726202714108,,,,,,-0.07792917420897211,,,0.03306155532868338,,,,0.039590578849340044,-0.023088660660731748,,,,0.005965962437237494,,-0.08130689651135915,-0.07659403770336165,0.08041510423248885,,-0.0675171538363447,,0.013829818957336752,,,,-0.09649619015251899,,,,,,,,,,-0.04462742223381517,,0.025500644534702552,-0.08498908409862406,-0.08399990910758498,-0.052280485859715106,,,,-0.11270640374833549,-0.04069681635745194,,,,,,,,,,0.0014563183928558042,,0.027075827456384538,-0.07660384629128557,-0.0989018088954754,-0.033130694136897045,,,,-0.11003474524858622,,,,,,,,,,,0.02072064664390631,
2024-11-27,,-0.07295858529333903,-0.06585153519120843,0.033107424190572485,-0.04452534193823865,-0.03370866113734885,,-0.07132026328082894,0.06488787534968456,-0.04531359887882234,-0.03174352796614258,0.05900119165819038,-0.10961582155832317,0.019794581575616782,-0.06908954271666072,-0.06835896761596669,0.00823510513094145,0.057019752603031035,,-0.10197680510819788,,,,,,-0.09589270273693959,,,-0.104136497804671,,,,-0.013758880394253416,0.02625112909651154,,,,-0.0326383077795568,,-0.02142742902079692,-0.12555560362959586,0.12506019161766005,,-0.06965297529213517,,0.04964468788764189,,,,-0.11180494712362879,,,,-0.07555030495069152,,,,,,0.05252213524575686,,0.046275344753095686,-0.11011712220426734,-0.051443261308592544,0.04382728662842107,,,,-0.06987331109887047,0.03370407825820766,,,,-0.07092435669210587,,,,,,0.07765470581041477,,0.04542478467012208,-0.11242975065878406,-0.08585769725702223,0.04034000442105151,,0.07317115698347416,,-0.07607913638538612,,,,,-0.074979597059052,,,,,,0.10500590099579021,
2024-11-28,,-0.08386539884604359,-0.06795699087501918,-0.10046157370733184,0.029472266269015543,-0.060044896309319355,,-0.004291883531094046,-0.024769886704346336,0.03057612339888153,-0.026326559093619143,-0.04654576458801189,-0.08235790927386101,-0.02730796746588415,-0.0380108098485352,-0.10728870404426663,-0.016717249138054408,-0.010528977066565443,,0.011457941342557688,,0.0334174493308646,,,0.006458699284806014,-0.11035138851192522,,,-0.09915022625951922,0.019378839736807593,-0.008692812686683976,,-0.011250185561564848,-0.06460026169910733,,,,-0.022864612320541003,,-0.0934828726320303,-0.08515170148719992,0.08824798295523027,,-0.036747351774462075,,-0.027653049835927795,-0.04569935739856855,,,-0.1200391108566634,,,,-0.10007954894845378,,,,,,0.03967938047080908,,-0.042403897466597784,-0.074345545704561,-0.10742992805872591,0.011011573165787124,,0.005616985004397369,,-0.104558071189324,0.03812534091511537,,,,-0.10417774940318704,,,,,,0.051598233495845316,,-0.042626639643414635,-0.0796881596642055,-0.10745892720109858,0.020688573964657637,,0.0022713784536702135,,-0.09735225248337506,,,,,-0.08083438922061482,,,,,,0.031430655200877566,
2024-11-29,,-0.1373353850880549,-0.04462107604142701,-0.08271678632705097,-0.0995431147599045,-0.05158951900114753,,0.03811074410020632,0.030345440579086322,-0.026459776335526267,-0.03675418617024044,0.00421805016751185,-0.1124208076799664,-0.037386433305181384,-0.04860841529937864,-0.1233674564820173,-0.024121000972708112,-0.044215312746603966,,0.0033394569363190208,,0.00860737235062017,,,0.05591768547751648,-0.11753417964510564,,,-0.07392608938498256,0.06749888804583234,-0.07678233858238627,,-0.033584931434413344,0.03593369402659531,,,,-0.053161874967904546,,-0.06309838135181563,-0.11046113825050928,0.10893752181343325,,-0.07681717442471142,,,0.028562058360492457,,,-0.12213525137703829,,,,-0.08152191382262529,,,,,,0.08237029913785407,,0.000704804078488245,-0.10043123785117881,-0.09763741026410616,0.05126016966169955,,0.05754799665681289,,-0.08104943430404864,0.10252363764404875,,,,-0.06271022601536536,,,,,,0.05321706545866725,,0.0014253030244925269,-0.09750967449843644,-0.07740394712847402,0.07466395498232242,,0.050816585537965656,-0.09961092647511426,-0.08397234934290089,,,,,-0.077169634574874,,,,,,0.020766769781538623,
2024-12-02,,-0.08257538758879372,-0.04114777969876855,-0.20234892223828135,-0.027823247514814076,-0.05503488933524448,,-0.008420912109733508,-0.056790830122562634,0.07912445734454959,-0.05271255772321254,-0.026030942874494437,-0.08948148796353002,-0.05372135877226223,-0.048117275705592114,-0.10689231926706891,-0.13358793713024109,-0.11517191500320637,,-0.09542546317029627,,0.07101182296853405,-0.06401747256810739,,-0.05507847296928182,-0.05695640177175592,,,-0.10133658847737337,0.049280536276104764,-0.1125911625690197,,-0.12700672083631134,-0.033084339017101706,,,,-0.13764870391606177,,-0.06567616525956352,-0.10824180680495231,0.10743674626099879,,-0.05304975543722319,,-0.08155277148574282,0.011779312273701385,,,-0.10600627991080681,,,,-0.05425704573428068,,,,,,0.0729186501894874,,-0.052858167590790546,-0.105986922015802,-0.06089318380478118,0.0744133607766108,,-0.019295527668768832,-0.10724849220145947,-0.07908784445912462,0.1156963063230198,,,,-0.0650990636213375,,,,,,0.033442052184812214,,-0.05346810666344835,-0.11163014038261279,-0.05183325741057557,0.08303242097141608,,-0.030942333285173585,-0.10543320517086638,-0.06529890451683534,,,-0.0242709917572117,,-0.07302800665748219,,,,,,0.007213242536583297,
2024-12-03,-0.01662559540429928,-0.09297774713381358,-0.035330729530118864,-0.16323961827034747,-0.04880203960560371,-0.016717843968711694,,-0.005736715567140395,0.018641906636077243,0.0021196942563892485,-0.06292842830291047,-0.027413523275374045,-0.097184141336535,0.016521359587878617,-0.08114426991315879,-0.07596439263859424,-0.015119698032597514,-0.10792180807260879,,0.009564413885818569,,0.008340475528278973,-0.02467315971878604,,0.010060250737194746,-0.03169959314429745,,,-0.026683509828846732,0.044068593985539584,-0.08691323150178014,,-0.01054853867424968,0.02680224063706296,,,,-0.024979156807534406,,-0.04005487470347149,-0.10656427110296202,0.10816468448857579,,-0.03789880126603651,,-0.042147732458535314,0.03519644854160099,,,-0.07211095360683348,,,,-0.07000170468841665,,,,,,0.04669197775916046,,-0.04547818682303047,-0.08924943146386008,-0.06505364809017117,0.0786147646915992,,0.004155945266320892,-0.10684839757652857,-0.07426419884912926,0.10296658697640915,,0.006969403638021101,,-0.07298524970086154,,,,,,0.03219866054474042,,-0.04564959013584635,-0.11708338609360341,-0.05727921461582633,0.09638096051274132,,0.0018678774231220031,-0.10206403755625561,-0.08254426223957037,0.0828567274544433,,0.0001548506171909908,,-0.06613487586367335,,,,,,0.027757072775112555,
2024-12-04,-0.019896533181612587,-0.021521209937823797,-0.04100935762116014,-0.06811244890880079,0.024148871047578412,-0.0002595248704492728,,-0.018499732682632594,0.007505144169463377,-0.001424656498935111,-0.027350150076676648,-0.008437848523880666,-0.08555124639645556,0.05534262654786801,-0.06952835997976844,-0.09788233892872349,0.009670449245618646,-0.12524251874164927,,-0.07333544858531092,,0.034154714476874064,0.023059094614008863,,0.05730333948646435,-0.008548364320453172,,0.08145317325621991,-0.01891854365316307,0.026733712334866426,-0.06645068493464434,,0.025687781165267126,0.016038325025514857,,,,0.026030414259512025,,-0.04873611640201447,-0.08463265133718119,0.08644558081906284,,-0.018041644132128887,,-0.03846712561627249,0.06541542584252011,,,-0.049288691664917686,,-0.021745639121553414,,-0.09057463705024119,,,,,-0.06434484177972088,0.06022194880830397,,-0.04814373135610619,-0.06972973224123365,-0.06668691521332115,0.12025580818331641,,-0.006805777326161992,-0.10073288514097381,-0.10131673955187726,0.11300329481342727,,-0.028929146659711115,,-0.08035886145136713,,,,,-0.05977848212056695,0.04956369736608793,,-0.05066190589780571,-0.10973332932475252,-0.0741537741905435,0.11594787203424975,,-0.009659059077962839,-0.08906974102501095,-0.1064893247729031,0.08638946367227009,,-0.033994640622363445,-0.08407735634577192,-0.07029817650690692,,,,,-0.05211867248943731,0.05083976306032876,
2024-12-05,-0.01534612642284455,-0.031282274594153024,-0.00016251414160696234,-0.049390113896959846,0.012313991950950582,0.0489210101760098,,-0.019340856952871407,-0.08786726704279181,0.06273473824003667,-0.043277691184481874,-0.03801437729014683,-0.01454787037111226,0.08299231975232689,-0.00863415421982866,-0.03089831138115889,-0.02532864150056177,-0.10491741030030662,,0.05393120966484328,,0.033520002971414005,0.05894749475621967,,-0.014935854945623928,-0.018276408727644092,,0.09003071383909246,-0.005794134516728476,0.03352697437782619,-0.09029195979291145,,-0.09040964332871847,-0.05278250563983452,,,,-0.03166629641204263,,-0.017437159744096466,-0.051920588599414425,0.05124241227103501,,0.04190586513932169,-0.04920269471846595,-0.07414381911873832,0.027701812703322136,,,-0.039653662850690316,,0.005845210781510666,,-0.04795707980657512,,,,,-0.01592493088813612,0.0333848974198973,-0.0012639495700160685,-0.014187319143386227,-0.03329418298277835,-0.0434247870783545,0.08162764957608198,,0.012570667917919862,-0.060043837649532424,-0.07679642298734991,0.09529184937876166,,-0.0008011456917193433,-0.04937820115577941,-0.031212864540746798,,,,,-0.011973070503753425,0.021983062975264173,-0.018592032070391527,-0.016190521358361354,-0.06910896822024078,-0.039169586351087554,0.07378780852219873,,0.007521542881271873,-0.057164635273569776,-0.06372369636417137,0.10765231720702122,,-0.006319079577899879,-0.047603911634324876,-0.022653895572947082,,,,,-0.02819305972593453,0.016006511684372456,-0.02121064288348209
2024-12-06,-0.0013784378287508155,-5.335258544736412e-05,-0.05896594203933785,-0.11697936473678758,-0.004651313921633339,-0.06095612615932734,,-0.028768690093879154,0.03713396210800818,-0.03711385815409119,-0.018190300802374264,0.010577742283546292,-0.08660119973902604,-0.015874742320297636,-0.034898375064157446,-0.13797425807880814,0.04101086202615111,-0.05183015552680925,,0.005503112680991139,,0.05029783493541334,-0.01830207573491355,,0.0432326842498339,-0.001158899329449241,,0.05750607683793059,-0.0685356249852617,0.06161343726269572,-0.1540640755960014,,0.0525368360720039,0.02763615506004497,,,,0.0534102187464532,,-0.09396726044662429,-0.06800850708034047,0.06864511383348214,,-0.008187993523918554,0.02215271755544408,0.05161227020700587,0.061859318063756746,,,-0.04947627666044861,,-0.08454441046303239,-0.09398032327236752,-0.08577467528610139,,,,,-0.0617855384181473,0.10661295205809057,0.024500279261336584,-0.10892932402517531,-0.08594492503049403,-0.10254643890837974,0.1508548832105761,,-0.08309538157949073,-0.102958871538669,-0.11638295518935521,0.17167047822494455,,-0.09186093516775284,-0.0899835976909161,-0.08093032971753138,,,-0.10257125898013565,,-0.09274085431392506,0.10217970637948162,0.0336527284666933,-0.11074257960304751,-0.1029226829394074,-0.09835626671772249,0.1533198490984441,,-0.08786110221647056,-0.0973724174870275,-0.10225345531925996,0.15810050594236058,,-0.09303705355905655,-0.09031764805728938,-0.07586438816962347,0.1712372346198896,,,,-0.09052698430148838,0.09160452768132146,0.04015989388396405
2024-12-09,-0.11769841787994129,0.0350945039230855,-0.10450937763943421,-0.025220831806396202,0.056985168579232054,-0.04912278352976793,,0.046811322270585105,0.14672063863778245,-0.1150910930812409,-0.11270151199939331,-0.08024672025340895,-0.07893844335041741,0.027015390217043394,-0.06591335330822021,-0.17712497605657998,0.12625292529873733,-0.03592816489924011,,0.14981850403111321,,0.016217910513633416,0.037329638776715024,,0.1822389388188167,-0.03424553595072505,,0.09917011651497828,0.02136228721053858,0.16054417173154778,-0.08520332628503412,,0.12291176516763853,0.11287453903226054,,,,0.15536547170892487,,-0.1289843401301012,-0.02986970888359569,0.031116182691891228,,-0.011363060408863396,0.01585741922112595,0.09472916572606452,0.13402757896043177,,,-0.04865896596533158,,-0.07021129432641728,-0.07592783134266406,-0.16885164336419334,,,-0.057555900130864396,,-0.18328103690223346,0.21607660500044176,0.07456807295014702,-0.13912971170868135,-0.0688797233118478,-0.16523906674217273,0.26285906831687395,,-0.10071725976329816,-0.0828162422950266,-0.17032514916600294,0.27457515164625224,,-0.07300036362535615,-0.07193833298111234,-0.170881575059375,0.24439770260128288,,-0.06037701171235252,,-0.18082734550784862,0.20087728456176612,0.09287623694123233,-0.14316987963167827,-0.0796312999110213,-0.15761955912976416,0.2584295731698167,,-0.10490017167969484,-0.07800754035161928,-0.16434722544731936,0.24949897510981758,,-0.07925497827386559,-0.07119685881363653,-0.19908827897042933,0.25015934365597936,,,-0.06871549522164508,-0.17725227907722993,0.21098856903425947,0.08502083787830382
2024-12-10,-0.02627446992732051,0.036142075327873786,-0.034143098248709945,-0.06658333106942463,-0.024893288654873696,0.03785252929511745,,0.07927101806712226,-0.106931284766779,0.11035786712922123,-0.059224462327533464,-0.04534971605488462,-0.07226406860732783,0.03391184040361301,-0.05179294935626173,-0.05465522910522966,-0.020957826317932245,-0.07109065229117736,,0.05652059802875675,,0.032014674845264296,0.05995620336185477,,-0.09251460573088705,0.012665510939906782,,0.06333907262909891,0.015397555090887137,0.013603402983232087,-0.10457337689891262,,-0.030955243303673507,-0.07999008559816134,,,,-0.014184338404953015,,-0.0004112316207540862,-0.06956956117523533,0.06910831536069344,,-0.003169483798753976,-0.050927864054257296,-0.06332117855513805,0.0422222738419347,,,-0.04891386943026944,,0.00024024364378490506,-0.059642203811581515,-0.037629180862860274,0.14663880381601097,,0.010805988075941282,,-0.05213638983058443,0.014356561944334486,-0.002744956399207369,-0.034916573561905785,-0.056241929416790945,-0.0708079289318663,0.06444547299659445,,-0.05779264744749262,-0.05410378575424417,-0.027715872441356103,0.08856312537846356,,-0.0058090617710398855,-0.061586412432779056,-0.06656733012092818,0.1403020685101183,,0.011397265097588795,-0.0668564338472656,-0.07356228589331702,0.010234778714775052,-0.0023738083096827727,-0.032495408985658024,-0.044174178643725026,-0.06854680840496037,0.03269925436908834,,-0.06091744267032235,-0.05407752546628104,-0.03600112661901951,0.14083474905449983,,-0.011158994127881808,-0.06536361479734072,-0.06435385928696909,0.13913983765149743,,,-0.06853361365287046,-0.08213964785701534,-0.013585091201110962,0.02144936284912973
2024-12-11,,0.011193535495947244,-0.004967478389457561,-0.053429240706124634,-0.06042978052702468,0.04056168770131095,,0.07142985578598365,-0.14205688366212438,0.17686207874117524,-0.02855139156016143,-0.061778279719730406,-0.06780683236389226,-0.03145429405809772,-0.0459512922714876,-0.044495585374117776,-0.0475986171651195,-0.0621170741690573,,-0.06454461732509746,,0.006374119198512113,-0.1065948244665015,,-0.059545949792350956,-0.0026040826095236023,,0.06940537336668232,-0.03954953696371413,-0.014808553405413294,-0.15182401333386994,,-0.23905116698311812,-0.13679901103784942,,,,-0.17944242077690895,,0.007913163019375054,-0.04969572032606023,0.044750589535479716,,-0.032890883059121565,-0.06640136657596124,-0.13552789316273206,-0.011149699637004431,,,-0.03227031811188447,,0.078943199080437,-0.011698250579019609,-0.03999909262236705,0.08488531527029948,,0.09629957888896518,-0.017749186257041027,-0.04385691170889758,-0.024699792086644495,-0.10123590393592655,0.08276286172223309,-0.024697350344271427,-0.03805186399672839,-0.026497001595182475,,0.014953444618304862,-0.0039070881392692085,-0.016484169655499686,0.04958305660657525,,0.075954709651923,-0.011238907204530628,-0.03908651878369618,0.07789038525466936,,0.09812625566781057,-0.020841764774542564,-0.04275938158438462,-0.02499189330632055,-0.09130630005353828,0.0923847823826761,0.007223374789674641,-0.04388875246509622,-0.02531364801449768,,0.012330524195851811,-0.006344899382189456,-0.03296533165032524,0.06857206799335061,,0.07339175720502257,-0.01583990657766116,-0.05533457102253625,0.06919386015222273,,,-0.02325467124270207,-0.04848769194775474,-0.031585517818005,-0.08101607640585738
2024-12-12,,-0.04374499370376913,-0.04956472467858305,-0.19542643798481155,0.0011580745180893596,-0.012030643922814764,,0.022590253498243906,-0.01430008294910058,0.038130675706067194,-0.04000459411690751,-0.08527524661371072,-0.10074458001616374,0.009233569043271578,-0.04409450057083888,-0.08369987175807357,-0.014901638575161413,-0.13592501100025142,,-0.020448223448047642,,0.003601571423358631,-0.15375593561825981,,0.036684171512106914,0.023030330763417352,,0.08187809692654771,-0.13263708032689336,0.039528098351901936,-0.13105808718267078,,-0.02001059036920655,-0.11402943502108487,,,,-0.04296743277756695,,-0.03025028485695545,-0.06658036004033539,0.06635403590344433,,-0.005951939413619868,-0.02884289485002387,-0.0282229249109498,0.01219138246149002,,,-0.04656487845198471,,-0.030749486978940414,-0.055199053702907154,-0.07463911705310801,0.10197395585842607,,-0.04282434215813149,-0.03732494470303486,-0.05476315082967716,0.0521202255348836,-0.04062762280260236,-0.0023619288717769684,0.0035163752306543563,-0.07035525695367575,0.04017989293520033,0.008485562999228384,-0.04188542048535476,-0.06228839653567212,-0.07830351022323351,0.09071588547238701,,-0.0362630903662788,-0.04826476135256427,-0.07308540168022601,0.09655106051947662,,-0.04335338933866766,-0.024231017133019533,-0.06103213616293491,0.03594213118061804,-0.03195813635785105,0.0017273295110272972,-0.05915319272489764,-0.062258627922869646,0.05505596097848182,0.01734887977298513,-0.04681848286235111,-0.05552596181563386,-0.07217027948209355,0.07740057748244597,,-0.038897366878281554,-0.0400015919404935,-0.0651297694538594,0.09029927011520929,,,-0.016706915038537662,-0.04569447087758913,0.04478003584396168,0.002602117092122485
2024-12-13,0.12645712353839775,-0.026539888265141517,-0.0635487058396387,-0.1658390648010077,-0.13502684706305831,-0.02110279839877838,,-0.0907747589684771,-0.16941976089743208,0.19573835384659544,0.012775183155296965,-0.08584938864714023,-0.11819265145121423,-0.0803202036287309,-0.07535631783406284,-0.0489010580154956,-0.09086621419090284,-0.15456128801735405,,-0.05836727166035389,,-0.002162841008615524,-0.1354270541370438,,-0.165051097799599,-0.030950169385107872,,0.041317981050752094,-0.08463992423979745,-0.0956668965012243,-0.1869451832552403,,-0.15181846392965234,-0.10973859080005685,,,,-0.17296247889659472,,-0.020411305883508164,-0.08987609694650041,0.08563479251973712,,-0.03769094306435182,-0.05233320310002507,-0.13762192408010912,-0.06813383035362196,,,-0.050169432531672865,,0.12006904040184757,-0.06772439257956211,-0.058766448845120355,-0.07284038796636126,,0.13945476784818714,-0.06116426016914874,-0.045756389748317514,-0.1336545443704129,-0.01203593620218244,0.12859367372960187,-0.02909200738596707,-0.04648162879935264,-0.10477081397807647,-0.01730708212850138,0.13851493841874143,-0.06960594213155417,-0.05427080594988779,-0.042958495361037435,,0.11948074917084739,-0.06396388033798657,-0.04649897725974964,-0.07764696435215575,,0.13878116548417924,-0.05458436660051107,-0.02671837812145044,-0.13068462052433813,-0.003110883071217791,0.1258259576765688,-0.07731728334732078,-0.023698846041799674,-0.0787094669538338,-0.004066126280423178,0.1373508489710413,-0.06557334842583035,-0.07360334488775816,-0.07837504860613265,,0.12019354015456916,-0.05907133245655337,-0.05386038918014187,-0.08315808457479194,,,-0.04466804642514877,-0.011333734459636933,-0.14228979026949026,-0.015424570407956223
2024-12-16,-0.03411591396723192,0.03590876326872424,0.015058484154495897,0.05964062027638858,0.06704722677636006,0.04800838212647923,,0.042327451773850056,0.06563221141439689,-0.07546191731997887,0.009491910776404832,-0.05659492152130675,0.012680948474304442,0.06322659600394971,0.01790853209281713,-0.012125435857078726,0.09347926294100904,-0.0238725917604619,,-0.06824067329956615,,0.05767466322111158,-0.014057331296715448,,0.11572371365180983,0.0014804236718819175,,-0.02357395136901818,0.040428763207629,0.07273246777222518,0.019773614172512416,,0.10485797261848205,0.08512928073016902,,,,0.08368974707554468,,0.021111708633233733,-0.008643187846967836,0.009260403482135084,,0.0434233715230453,-0.027358567583545594,,0.030692769870704694,,,-0.013356990939488837,,-0.030043572325689636,0.004994861260409877,0.036198482426667414,0.00477601748528558,,-0.034121981895572896,0.017390802363228035,0.03723594386596075,0.02957217398961092,0.014919015931370912,-0.0753917221321237,0.02468498481699289,0.0229180430395333,0.04419195388783226,0.009729003466064408,-0.04934437904253128,0.0033107794504424934,0.0010938398222509963,0.045181052662787234,,-0.0313894292952261,0.012152936993830712,0.03363089028014593,0.008613346413137756,,-0.03790211134792473,0.025201865409934163,0.04004258730168161,0.023111370381304657,0.016388561786683114,-0.08187742807105579,0.0031585698860618883,0.024882798998920607,0.02976608452073127,0.014519581698301623,-0.05902412890580357,0.008693014556700364,0.013852459620324088,0.03429356048927103,,-0.03665000721204355,0.01725547556497323,0.04028696799619508,0.013748508538091182,,-0.004534567284334454,0.03475976223492794,0.06030656014128814,0.004464996283792286,0.011450324342205755
2024-12-17,0.0056352323191592715,-0.0380622924146228,-0.09688543111022423,0.04706085772540045,0.10022108705797972,0.03235622363060664,,0.04992471111092045,-0.02448914915785543,0.08473686678985676,0.02341103517343084,-0.05490604612278102,-0.13045239035896564,0.0008196962086991274,-0.06796343957139214,-0.114609598206942,-0.09029682809658328,-0.10491408372848171,,0.02606470425217824,,-0.06009584847734622,-0.02393843470999251,,0.10068393659519312,-0.06776265698061415,,0.025417820439704912,0.0405919638950267,0.026409086102621198,-0.07705711095496681,,0.0390138037304818,0.05166547951310826,-0.0891088120963155,,,0.0371812778724983,,-0.08064966845795213,-0.061463807221999726,0.06190067327103576,,-0.05562106611933765,-0.035463077234219875,,0.041548932192681375,,,-0.10040026653370399,,-0.015731133368410633,-0.061450910803945116,-0.13338116892995786,0.02911873903006854,,0.011918117510297444,-0.040743066107969295,-0.12554482885983734,-0.04812231988044422,0.0896302858603445,-0.0492425817438856,-0.008024758035779185,-0.1309767170815989,-0.014583105373084269,0.11696628566550801,-0.03292623603776897,-0.06598127020684269,-0.15321032150931826,-0.0004450428353891462,,-0.021689814512364264,-0.04792646677689,-0.13035488341884455,0.031049278077120518,,0.009237684140885135,-0.03035862020570011,-0.12145124063947371,-0.08700465658922563,0.09968799973067369,-0.05173694329608768,-0.06525036033788645,-0.16741579937014256,-0.010054679444020517,0.11257251543607036,-0.04233004217028238,-0.05077784668672288,-0.1511473303035948,0.048008077619302196,,-0.025090948003183244,-0.03093155496049605,-0.12589341279414717,0.035328337099152424,,0.036994454105845974,-0.016840028304686193,-0.1273178325854044,-0.08813099319989372,0.10836645267766756
2024-12-18,0.11616550698172722,-0.05357729810158804,-0.06864237906966615,0.1157451714366269,-0.15382449935940032,0.08051659167629745,,0.003901853229620105,-0.17267070878659713,0.1183549473296167,-0.07372816629050762,0.06583473305030318,-0.0893117642240245,0.029955547261513314,-0.04969210578753169,-0.041035796416552535,0.0017304734847189333,-0.0936431620362684,,-0.0524206713023063,,0.005086735998484288,,,-0.14714554847908012,-0.029126858002584823,,-0.018106557468011673,-0.0573660464603852,-0.0443746553126675,-0.05241375552504992,,-0.18877976400874155,-0.19913281023823692,0.028972692333376363,,,-0.17971788391440358,,-0.008112292179068599,-0.11902976529439956,0.11199734500264762,,0.014504675822115095,0.06108629649187528,,-0.035281496763830994,,,-0.07921778251330142,,0.1723767138921213,-0.06661876704330633,-0.08078052341324819,-0.0625552740360139,,0.14226402447934106,-0.05555096672161442,-0.05336803563187101,-0.12539222021991253,0.019489961152081438,0.2132799609287092,-0.04490203462903327,-0.09362451858570252,-0.07586332404047719,0.02113444035122503,0.18890911475720074,-0.0662390386819581,-0.08634503200028083,-0.049936897152470024,,0.17712792325602722,-0.05620447361283025,-0.07711790077913222,-0.059729245440483025,,0.1532227627744113,-0.051912191106011675,-0.0661798096073666,-0.1156182812475078,0.023761897236408872,0.21238193956401297,-0.06582757134622592,-0.08527693789547791,-0.09590020105558517,0.015051876936673654,0.19522750675953213,-0.057649358707630424,-0.0850565602566723,-0.06273181139131186,,0.18448911408213295,-0.04553941641909618,-0.06295002610038838,-0.05828912107175922,,0.13671843400372738,-0.04548296147591874,-0.09639632035522203,-0.07900945033080817,0.019284632904674543
2024-12-19,0.04833027117795035,-0.11083317515777125,-0.05454536429435249,-0.11727583287638825,0.015347781721384566,0.08715518939798483,,-0.06075879154851237,-0.04825618297479207,0.05881616756794547,-0.07614115985945612,-0.0894618196909558,-0.1238828453342646,0.022182336484707216,-0.0883606471255115,-0.10491565192974586,-0.15381959181478316,-0.007409362162842965,,0.0638727472919385,,0.013410874510628322,,,-0.026853889362409584,-0.04153294525638718,,-0.046163723258022524,-0.07991603421842787,-0.0904137032710057,-0.13815980978280676,,-0.1450072696908196,-0.0780120543394046,-0.14707205703805248,,,-0.1807266166790232,,-0.024801582525033044,-0.10649843938137704,0.10467011699515723,,-0.03929657049223123,-0.05309566120652343,,-0.07816622769815108,,,-0.1312312338614114,-0.009422452334023114,-0.0060204644246143945,-0.05929511624764378,-0.09956843772061726,-0.09734037502010962,,-0.016240761970624757,-0.04550538687035965,-0.08952831361288477,-0.09535751398055885,-0.007794726373420493,0.0272063152573208,0.014908293242516421,-0.08896841886956444,-0.08372071212207445,-0.01726577111486908,0.009212889592281495,-0.05923829999535273,-0.09334203499270043,-0.023169830228669596,-0.021401995254224686,-0.002518059844675838,-0.04691859778169016,-0.09199327079122743,-0.09265139693480723,,-0.0172892323866657,-0.03574937595616552,-0.10933645081416699,-0.06948219767114171,-0.0036225126265840755,0.030661572061732437,-0.05138617748654365,-0.09417987567883594,-0.06837278445227313,-0.010364648575535651,0.009458123512123797,-0.04611242708355433,-0.08691239684937478,-0.08797565982879577,-0.027682084761815457,0.002526680799840284,-0.03582269072707637,-0.0975929957961998,-0.07938122100843607,,-0.013608401364323905,-0.020963087993165454,-0.10212219599087775,-0.07999039884973344,-0.010898891367313646
2024-12-20,0.08222983650440223,-0.061177909536780754,0.02543652259223643,-0.15031453946129344,-0.1094155217467598,0.15315918648380034,,-0.1897219350408656,-0.009911275522703055,0.03808590960159384,0.14020632161307742,-0.08571494892182971,-0.05728395076976771,0.16581897720137984,-0.04630327053978109,-0.011846445444947555,0.02884248386735901,0.07954135841494563,,0.0035709654249885905,,0.0033388717271495244,,,0.008472521195168175,0.02171243112428549,,0.04633914830226095,-0.12382425939495757,-0.007583650790403812,-0.13255667436346305,,-0.030749296527019826,-0.0594046277389508,-0.09590649877452072,,,-0.09798324498581099,,0.10816236640067359,-0.022844438918793664,0.021805684414083336,,-0.032792696693253444,-0.07972982343378845,,-0.08814564281782555,,,-0.022617845747015766,-0.17400975907264943,0.05486523513512327,0.03628526124968747,0.054583169609125244,-0.13852285323318722,,0.07360311417062286,0.042557927791104594,0.034459234588669084,-0.011721792553974953,-0.180932654127554,0.05239805946026365,0.06235286813351332,0.05039393377759525,0.0006621405861497322,-0.16419743322545988,0.036348479298133785,0.040389374998887555,0.07500113710792077,0.012017022643332646,-0.12856536874908162,0.053189698260068724,0.04005194571357103,0.040883330964723005,-0.133605466055036,,0.07663876411255313,0.04518450230639528,0.03083846141511044,0.006043433215230066,-0.17876797589411528,0.05084867859304599,0.04331202759111448,0.04953921872744394,0.012920691102334594,-0.17472231158492704,0.039177743182345896,0.04162604971417544,0.07042755588309506,-0.11653674980026989,-0.07130176064258631,0.04947546831114783,0.04583564540978107,0.027049223187291693,-0.1113691218738719,,0.05420573368459696,0.04476663600845081,0.038107077880231335,0.012366264974124963,-0.16061428720389107
2024-12-23,,-0.13515917796885626,-0.07018561871699272,-0.17825028660954148,-0.14669705747848902,0.0781373711517726,,-0.1185135510118083,-0.15074775676587032,0.15600238759974278,0.0027967198432220426,-0.12487652011742215,-0.1741829241274467,0.0011665019742131074,-0.10515449452265235,-0.14579414512693026,-0.1219591927842861,0.008194843071233526,,0.035256526378655915,,-0.06742549814074819,,,-0.08422112385514098,-0.06197306187052226,,0.04773399791677599,-0.16153962190022686,-0.078427741112289,-0.24773100879594367,,-0.10137446973051545,-0.077021940335031,-0.12033780379313187,,,-0.16039574971898377,,0.050021635021283185,-0.102627887169702,0.10300827865350824,,-0.1405587804440611,-0.16292612970352044,,-0.12552739596739118,,,-0.1166514712127046,-0.002210938224577514,0.10706962797864648,-0.026481937151189162,-0.04361969960690054,-0.038114640849168185,,0.1126129804321442,-0.02514633794790819,-0.07129346519524024,0.00857405942345855,-0.04590598083065116,0.12358229190364405,-0.03191218943841493,-0.07330552921132236,0.015015332747700881,-0.03623469600539262,0.09594390176991455,-0.015105439813598312,-0.02328704355290849,0.04241399590988162,0.05757466715000509,0.10410180427488101,-0.021010673632918746,-0.05505275516534877,-0.02237730328673068,,0.11669024167551593,-0.029021610326913444,-0.06987671410511914,0.009209881123130564,-0.02072408332901239,0.12262467266876616,-0.009900942363892457,-0.08361978981087408,0.01858881838640777,-0.006244617048749771,0.09604204555940143,-0.015465930356688157,-0.033856156298394925,-0.03193019618431407,0.11371643989378544,0.10206166333762577,-0.015634567227315835,-0.06871552723441673,-0.008431658004842113,,0.10699740380770548,-0.03229386371187953,-0.07808959604180941,0.015215174751447591,-0.02138577417110584
2024-12-24,0.12279836855041376,-0.08720940250449648,-0.05238412374554348,-0.09836897749992833,-0.059296466742421804,0.07759313403123949,,-0.07194412962876068,-0.008688464587878624,0.017321150068316218,-0.01897551049302425,-0.09207385690101998,-0.14337582183622483,0.056310083209471895,-0.061821684946902954,-0.09102372533848033,-0.038365065579794466,0.06147367099916394,,0.0012876161295641035,,-0.05781193777242294,,,0.0366744493303375,-0.06016433304793976,,-0.007983474729979305,-0.1021495168077686,0.017105627957519565,-0.1537078041996002,,0.0038611574437795223,0.006502386635386929,0.053270125127687695,,,-0.033814209227036374,,0.07289467992062854,-0.12053370629796308,0.12040884038589564,,-0.07735746154342972,-0.09068656666895254,,-0.06871068989844305,,,-0.0903717830726837,-0.004902914333856733,0.00958345848369313,-0.03542984516325545,-0.012317689555857993,0.006510519379040359,,0.009713835672169352,-0.044260817982139704,-0.0308075657256032,0.011399300350246087,-0.06322176142146799,0.03297158676175575,-0.06310171663799397,-0.042788747342020365,0.025372116177507863,-0.04825415719373519,0.04356002786364714,-0.025510633548585262,0.005196662579990334,0.05559321776668484,0.03781312751233247,0.007420909544748428,-0.030190722454255265,-0.026215607572330674,0.01602287927075094,,0.01796800981740019,-0.048279494505795786,-0.047081036733228894,0.007430691872809177,-0.06089519622543393,0.03159211862055924,-0.022121805211945414,-0.051633875524232015,0.02697322763661797,-0.00786328424924094,0.04492998688147462,-0.020787039130192114,-0.006221832035315218,0.00608417923843927,0.059651035503926024,0.00651826913083088,-0.032519951021512644,-0.026374138463760362,0.022233794330486768,,0.0025886609990191534,-0.05893079708620167,-0.04578585229938387,0.010874173305405636,-0.04747582630085319
2024-12-25,,-0.06878914907287635,-0.11995610176970412,0.17091658007815813,0.10464883465756564,0.09931642171697731,,-0.025307314472378,0.0730873201226902,-0.04536881180350971,0.005513150546387366,-0.07226906564612143,-0.14423767075190663,0.22556723799975617,-0.07446140705212502,-0.1509311184743611,-0.024791675949900477,0.043443523211163994,,0.07149694775699135,,-0.0443707138301049,,,0.13120289105766292,-0.0744282832698046,,-0.03074746448033944,0.043592987203132365,0.16880043955365762,-0.021161243056635,,0.1846049384014869,0.17245451415759036,0.18899603291867081,,,0.16328949388827407,,0.002380769285277434,-0.21417243542373116,0.21530035998848868,0.06949719589079059,0.021809463940588743,-0.023901126746884358,,0.07138950479489525,,,-0.18373312567700226,0.04025426514596849,-0.09186927067638422,-0.100774431698618,-0.15195573457732214,0.13631713107645518,,-0.07393022861917954,-0.11759486214582035,-0.15465410024895504,0.022994574017145896,-0.00241060430217082,-0.06979909017049765,-0.13756083932386756,-0.14525063734583052,0.06362498726990751,0.03358015651068277,-0.055114586624371305,-0.09294311569592102,-0.13724434131584282,0.056420447084882086,0.07703064864561708,-0.09261465893724623,-0.102603615566711,-0.14924535789907223,0.128333797466149,,-0.06720352859186367,-0.12606065884675402,-0.1393502912474385,0.024041015450076537,0.0037410816527385124,-0.07158320418915914,-0.09137364431835789,-0.12212383353597257,0.040345812399072666,0.04441180560531653,-0.05448263876554461,-0.0841640722926008,-0.14983626520763985,0.10825731606313353,0.07058584117090407,-0.09129203770120242,-0.10568844255002385,-0.15160691995894915,0.12748613523645452,,-0.08619157566812398,-0.13158819200410773,-0.1391981153101764,0.014059734377129825,0.05215274514516471
2024-12-26,,-0.021810827717189785,-0.06594059509751643,0.16517885672659402,0.03434411000921535,0.0493133459040433,,0.028368022128901,-0.13225342574629317,0.14901917322007663,-0.10723440268963527,0.01973340420590121,-0.05936569721020197,-0.12130933633741942,-0.08641875757327451,-0.10960150833692073,-0.07882260107206089,-0.1285803792606627,,0.053542913491504335,,0.006114935533525367,,,-0.11946292443997407,0.003341748374026529,,-0.03228514561605393,0.09560083979959559,0.0701432382852296,0.03454534840909797,,-0.14034241888359336,-0.14018066549315752,0.05386543890269728,,,-0.07435350069344121,,-0.03670205926275346,-0.15699528909204188,0.15531195223176356,0.05931762262029497,0.04289861581821321,0.03608081660690813,,0.13122577926917894,,,-0.09109551914921238,0.021364169569663558,0.0484805583977448,-0.06994142103379104,-0.11613060438923851,0.025604398463743776,0.034722844051143835,-0.00048294541966633714,-0.08224148326273717,-0.09977553756932607,-0.10821749969139807,-0.0064640474311856,0.005307102957593874,-0.11980224308121427,-0.08778218860998233,-0.07709207441172684,0.023545248441954266,0.022591533267508474,-0.06616614391239141,-0.11967508269523797,-0.08006602892003555,0.010722736545182222,0.047276124869551954,-0.07192409953270307,-0.1081867188814614,0.008680349298222373,-0.004505119917169116,0.007463325952876727,-0.08550564979638398,-0.0977884092916629,-0.12028305657976732,0.021144627566445622,0.0007773830281754136,-0.07491302622945568,-0.07344811227303086,-0.09199332172939945,0.018718541250105258,0.01558058628410045,-0.0709097259304548,-0.11911664752111088,-0.003162925871318909,0.030797936070982815,0.04177603497279443,-0.0800661228027983,-0.0993674725002786,-0.00971243788774706,-0.006093956494958565,-0.023801141398226887,-0.0942006728611138,-0.08157662761974167,-0.12549838958568724,0.023882306846894703
2024-12-27,0.08502390190684998,-0.13738058270314416,-0.05928462326443344,-0.1916701650331861,-0.035963062541587446,0.10375088741972695,,-0.05704216751283545,0.06879097389366053,-0.05947955084982856,0.006220083240770957,-0.04888628380452252,-0.1191229919096985,0.08852109878194163,-0.08075954426636078,-0.14774776623638447,0.01964842660331959,0.0412730841704906,,0.007097736127899723,,0.03476238567057369,,,0.06298659265853546,-0.10863790685843791,,0.06666247961249254,-0.17206124348591742,0.015997071272933507,-0.17605034374493855,,0.040664240782533854,-0.027321679940087953,-0.0888790820218437,,,-0.02940759551830939,,-0.020974292296437685,-0.04170209958136076,0.04523945563028784,0.05159934472597321,-0.02741341022336237,0.048310991433005,,-0.021777021259631487,,,-0.1251579305722138,0.027962370980063784,-0.019062473576395757,0.028739613875353367,-0.08743080401024315,-0.05358593768056926,0.053247453553641695,-0.024762454710246733,0.011912203148309423,-0.10174979054630863,-0.0244422053079187,-0.049298078907738206,-0.038661603614701,0.02693620253337471,-0.08260651384865875,0.013869476548091189,0.00861541181524042,-0.009015519141016254,0.03323046991468408,-0.08372657006058705,0.10673882232873529,0.03739234965205286,-0.021126872178592236,0.023722757918563177,-0.08210990360117786,-0.04219938160771784,-0.10938798999201567,-0.033311226520685557,0.010754764456061187,-0.08770826377441354,-0.015577230025626134,-0.01647816732620616,-0.049443437530940174,0.04349170975909856,-0.09004678612579348,0.052352078809469335,0.03500326125895421,-0.012378470219997295,0.03670211758428808,-0.08271296122945734,-0.06996434380126149,0.05266268767251701,-0.027061815228129213,0.019302172858846525,-0.08686662740504157,-0.03337506208090961,-0.07524984934911695,0.002722774184939113,0.01680639859735698,-0.08831710394003676,-0.005545945505030919,0.02745173747230402
2024-12-30,0.16391258079113252,-0.09757339885939222,-0.0627918014742138,0.030320235091436578,0.007987327343833062,0.010517668880544782,,0.09314308712449826,0.03755044673803256,-0.03156348163622724,-0.0749412580165961,-0.03279036120369637,-0.13245428710894028,-0.006175412641396484,-0.07294791592620954,-0.11409680549483603,0.04049749207187953,-0.15028369617438878,,-0.03387066560274937,,-0.03637209681670043,,,0.04612618166392233,0.005724996715628166,,0.09888921959442468,-0.011398643891021295,-0.062023373436172466,-0.06683496877535033,,0.09648329009285661,-0.019287567637670623,0.09675858919056159,,,0.07005056880586377,,-0.050027368712360167,-0.22510161036885742,0.22376766248674151,0.014042024378118238,-0.048305179494872584,0.06863211199613486,,0.11749124549052677,,,-0.09567078981683393,0.011064818305471739,0.0206035149770524,-0.10344997974380904,-0.06903857066922295,0.0014773596719786742,-0.029899572801560945,0.036006560551994575,-0.1202315383968574,-0.08830996294464212,-0.07584349158358847,-0.005715393268392895,0.0020658476945383405,-0.16790451499756676,-0.08822409859760122,-0.05835712511672285,0.00933557762419813,-0.019822485486660775,-0.0948579214227277,-0.08044415261979782,-0.007781708119744493,0.08585647511553464,0.017641275960143855,-0.10830832287007376,-0.07536012124393364,0.0031935576686538676,-0.016353117748304356,0.037415632892177746,-0.13378136646953678,-0.09196539915359483,-0.06709324121823793,-0.0006789517890702494,0.0020505364650200953,-0.09099051152564802,-0.1278008947069325,-0.04152231465304087,0.0135934895981231,-0.027274883437212776,-0.10334632586445656,-0.06862255208414059,-0.023737166107278593,-0.03152972365407779,0.018849557762876883,-0.11514800308415787,-0.08147064586113964,-0.0002526370703602055,-0.00935899007053524,0.02555889895667499,-0.14794934658013062,-0.08979026926285617,-0.04149500407313731,0.017239326341693714
2024-12-31,,-0.02629531199340617,-0.04252187040201823,-0.02699254634878792,-0.09068034943328612,0.008465682078724035,,-0.05057747149903717,-0.1480651716772729,0.14286543442590743,-0.18706470116438215,-0.22102744994821777,-0.10056570354018393,0.053764442128461536,-0.06422036351245228,-0.10971234091738934,-0.06881128523583803,-0.16662924913708313,,0.04092382226954555,,-0.030009935616727032,,,-0.09096498276661305,0.07792986991921608,,-0.009028536125817865,-0.06184595843066013,-0.021812652765066786,-0.10538855344630556,,-0.051996708183357554,-0.014115692514178772,-0.18031051129789205,,,-0.11023233896698363,,-0.03769953272879,-0.23672498188473556,0.2353893414641141,-0.19069899217997927,-0.026825447145036613,-0.22100741552424824,,-0.06249552504914276,,,-0.049498079508265784,0.11921066660893735,0.14977668089466958,-0.1260685266707201,-0.05662673459034148,-0.0924382703505364,0.09925692008008019,0.14692124797801706,-0.13975949955120548,-0.0661978702224876,-0.16130619807355506,0.07086733229553666,0.12678465663907892,-0.15738756374673926,-0.11951842030565718,-0.132897355034009,0.07807906027553792,0.10941388401265399,-0.12186868257277866,-0.06047761859378182,-0.09375884555927474,0.1125177957696529,0.15156784280081895,-0.13086170491694316,-0.058039124199957784,-0.10461113418452869,0.03964490905544272,0.15224100281287817,-0.1526439966095605,-0.061774038587942025,-0.13490395253829077,0.07386821111709597,0.1319276588628389,-0.11355722991671612,-0.11550387496676509,-0.12478867935750494,0.12112536673392138,0.1105743369951535,-0.12603415618988453,-0.05653661520258271,-0.11906921957597598,0.09651236239152246,0.15174351936694203,-0.1383590429423657,-0.061876080625256555,-0.11242168535558583,0.05074611565717252,0.12067351071331614,-0.1592345382015807,-0.10595314189923706,-0.10014516808136079,0.08224327936923158
2025-01-02,,0.0039544954065173585,0.03339219568822961,0.08413435317623864,-0.12272011382340653,-0.0397370423982811,,-0.08028301866078705,-0.11741739459486585,0.12115390073154625,-0.15732066620313379,-0.009119837701361452,0.027525508412057118,-0.06981168878182976,0.022243910963964792,-0.03334338582500893,-0.049201496692910525,-0.056380998399470805,,0.003144038996805932,,-0.038522489392014254,,,-0.08158882855423892,0.09909219093098422,,0.022391215219506155,0.07662560657470686,0.025254378424790915,-0.10775006077358408,,-0.04105686234514896,-0.1029030172142058,-0.13565165641374474,,,-0.059889642909645026,,0.00016639029262169728,-0.21712241559242593,0.21704851044967896,-0.040497709900433845,-0.009580382665421596,-0.06538187469029517,,-0.039855125532310666,,,0.0561530622260416,0.0853014569467679,0.09427359097590803,-0.12635403356983246,0.04533108758366718,0.01647074720314383,0.10099557019682587,0.09866119053664857,-0.14746674049031458,0.03974951186934647,0.003799663643336828,0.09109844951649353,0.018469008306097677,-0.15165856589430415,0.007853162978347674,0.03420859114490137,0.10567051085242625,0.08278914552411969,-0.12005220493422909,0.043726825990745836,0.06398540841543976,0.06574435521391908,0.0971729528045007,-0.13823510523609817,0.045970012697461225,0.017449164634328978,0.04915894915894917,0.09657904804489069,-0.1586150902883998,0.01917831903000155,0.02287180101451246,0.10548433087390705,0.009496627042131089,-0.11689058841132882,0.020189679990003505,0.04339174847196406,0.10679572781181937,0.08169329640053401,-0.13245805817189912,0.053273728497689035,0.02189245023773446,0.09982125249702158,0.10052664809806335,-0.14868175661778565,0.04417599386184912,0.024883312185083148,0.06708010924962442,0.09233183568469779,-0.16243513927788003,0.02266439931907941,0.019048176453319535,0.10426179151418487
2025-01-03,,0.021844072988294418,-0.02981789301385061,0.29293311998831945,-0.02673855088441745,-0.21830934210800174,,0.1117162297748299,-0.04974849068434853,0.11222452401715713,-0.14096018795466247,0.15907059798429318,-0.014901607377979947,-0.16184491480006108,-0.003168075130154734,-0.05679460520854588,-0.014522606809119357,-0.014192319739429674,,-0.09341760357690297,,-0.0008941034709692299,,,0.12116478106406245,0.07631081224539624,,0.17560591273088716,0.10621737424210553,0.00649049946546463,0.0005308748450811151,,0.26654843665964206,-0.03280166416769614,-0.12056988941405206,,,0.2590826941316634,,-0.17254831980707563,-0.2749774000413044,0.2784141795223402,-0.11269777340897633,-0.04880167137255365,0.15526871493432623,,0.12204871347542023,,,0.03483756092937663,0.1423199729605661,-0.10975495709269585,-0.22899417629846716,-0.049033279493189044,-0.0395590982521412,0.09344706613628834,-0.13108794157438838,-0.23582042131737602,-0.08153794671982793,-0.056242553345185846,0.19427231235019915,-0.1679626368618165,-0.2690017915693081,-0.07298898404692565,-0.04326089065287792,0.18261133355251422,-0.05865916469476646,-0.23141798052826182,-0.04989065203013713,-0.009391969369308107,0.12020288736917496,-0.11163787570424134,-0.23691015730403117,-0.05294897173681391,-0.03933616529494141,0.17927455702133066,-0.13141681781011508,-0.23995919117651354,-0.06910375654866739,-0.062116308481700785,0.18435916020865187,-0.17094160398634883,-0.23443012995731496,-0.0641604805272978,-0.04312810947504379,0.14945656021794798,-0.05724026868701648,-0.24337283407344087,-0.04706963537036902,-0.04442003006387452,0.08836890766118385,-0.11197789427716842,-0.2439366242892258,-0.07758966223646092,-0.03409024221464436,0.20260098407988192,-0.13483393519426015,-0.24605868155147326,-0.06176038305812399,-0.04160278688006187,0.1703207253713613
2025-01-06,-0.14887659670447023,0.04929846559693401,-0.09855127272291113,0.4160635907602448,0.14493100137867843,-0.33691682146388807,,0.14337528827258275,0.1293029990684763,-0.07237046064620267,-0.13990979669550144,-0.0546728730127834,0.010012751391733632,-0.3047201015781983,-0.053742320888979095,-0.1185459079368453,0.048053716595038945,0.011074991759444217,,-0.06181181066560788,,-0.00335445051683207,,,0.23787312458785262,-0.06344879617779867,,0.19739308303758443,-0.08845814915344852,0.08718069174287925,0.11475577295131893,,0.2595076927642691,0.11300060943139828,-0.050161963298507826,,,0.2773573460624678,,-0.29756241658125904,-0.2707981649020856,0.2734115798295555,-0.17476677805682694,-0.035466824590281616,-0.0995738936803533,,0.20297924315278765,,,0.022715884635412926,0.24429858729788814,-0.1223535247858137,-0.27439413858772904,-0.12153966261496721,0.01693267487347915,0.1813935543618139,-0.13729876347406006,-0.2709482948831091,-0.1293295269982018,-0.005868948838797761,0.2981599521757268,-0.1968826207586351,-0.3140686015198184,-0.10324295986163473,0.01866072443450458,0.2693064503249578,-0.19218875944054806,-0.28504629829141875,-0.12581601783078786,0.03003431760317273,0.2103739636148097,-0.12229966833303758,-0.28341620467028245,-0.1454435210428735,0.030241116025061805,0.30235151965183354,-0.13951282557110212,-0.2719568875812703,-0.11019327833080846,0.022131862015656666,0.2865110485278059,-0.18019425500735203,-0.3028218587007771,-0.09759552404470315,0.026962788618784594,0.2504038043381378,-0.1963821096940665,-0.2979999680135612,-0.13696077739938975,0.0014943916092945108,0.18594548422958088,-0.12347286686092328,-0.28696192479577687,-0.12851250694640423,0.029875294853058496,0.30102432564936926,-0.14439069445651792,-0.26589495723658685,-0.08693806733716272,0.038327043664267015,0.2584392522506039
2025-01-07,,-0.014539325270240051,-0.021121442843241727,0.17390674007124807,-0.11398609269262631,-0.1710165114748935,,-0.005497418548356662,-0.3459629729170087,0.336755902107293,-0.023125363657343547,0.05529709160485517,0.005100759305461897,-0.2126216623819207,-0.06916099465847289,-0.06436307644328092,-0.35332071475600163,-0.1489559839815432,,0.11463551011806443,,0.019497814511562666,,,-0.2509348566589404,0.05691692621638297,,0.12841782796256296,0.07702526653316503,-0.08755784515475064,0.05026683796604237,,-0.38798675808357247,-0.286613831367268,-0.11315911289685761,,,-0.35533592482318727,,-0.14759597063197147,-0.18935085198932647,0.18228640174646812,-0.07174236266261708,0.08024902818051359,0.029767743044635878,-0.1023923091491872,-0.027497433029589576,,,0.026693531501160116,0.07332426608490052,0.24658692920194464,-0.20671829804498548,-0.10082441272715564,-0.11268624256641722,-0.05423842467387291,0.26349356243107586,-0.19700517157833677,-0.08007014983069373,-0.09572888970315213,0.14251213513129685,0.20540911547399457,-0.20561267780211792,-0.06887675622084231,-0.11959473964369634,0.12490600410790582,0.16724574113790827,-0.21497456045247892,-0.0800593079651387,-0.14063217181722168,0.04289891486774155,0.24715803668922448,-0.20952646571846925,-0.09092988411277272,-0.11699730494108515,0.15711030590729969,0.26711994501537173,-0.19153570491426677,-0.07334304642855717,-0.09735601027927314,0.11880335016761503,0.2131428710254881,-0.231460386594959,-0.03613427709595694,-0.13090856580452556,0.0788788698637714,0.15874177104195097,-0.22044962669214527,-0.10486545619704109,-0.12250776174582761,-0.05721908991981784,0.24359888745020333,-0.2089903615713521,-0.07901249420742941,-0.11529194205870982,0.15240938612139532,0.25812277193453687,-0.18376413059722566,-0.07150888801936454,-0.09970936119417424,0.10893841803726456
2025-01-08,0.16713196586992565,0.0016902145426446508,0.017147395859723944,0.15483158351543672,-0.08576245528893231,-0.10454171702561865,,0.020055074687090408,-0.03177976341246784,0.021137934624053948,-0.036937072438041466,-0.02914461269128866,0.036670113756838305,-0.17364640669310677,-0.031768844020528056,-0.015123079551662299,0.012412108356684564,-0.011298348775315745,,-0.12466373736861364,,0.04376302519827822,,,-0.013215690968942196,0.10121155023619005,,-0.056480671414838264,-0.0696600894658835,-0.14266660114989976,-0.0652797678538083,,-0.02417021288312886,-0.19635710605758191,-0.0671726002628648,,,-0.11014873393672772,,-0.08082036051563106,-0.1786535239526642,0.17330857991302417,-0.051421011005898985,0.11941221424047153,-0.05476075366676686,,0.032739809280662606,,,0.04169869692341561,-0.012730069751788605,0.1695660230061988,-0.19088137306894376,-0.06439651894692552,-0.10613874067155853,-0.222973595235734,0.15065228128137378,-0.17546917135466555,-0.04813605192552657,-0.11317648787383881,0.06724563463387655,0.13957580526000507,-0.1814453937899427,-0.04187744762663855,-0.1459175573091687,0.02182397561318568,0.07491550017355901,-0.19781415434735133,-0.0804555089094144,-0.13667304161333368,-0.10445286347327294,0.17429382197525625,-0.18956946136461084,-0.0590032033027237,-0.11233505944264835,0.10908863310526469,0.16062878363049313,-0.1683368710914946,-0.05276302340397942,-0.12072718498240084,0.05375761469200794,0.14357293075429292,-0.2114156274073059,-0.07637010650539855,-0.14706608082515119,-0.014892870309840626,0.070253090119924,-0.19947772849357293,-0.0740008467025564,-0.10649061098632315,-0.2288539847309752,0.17992871650539244,-0.1838016126751733,-0.0473007268215981,-0.12301382826236762,0.08762580570656282,0.13032440441709395,-0.16332725170919898,-0.03860321959543304,-0.14115091037234445,0.0008226504106093429
2025-01-09,0.22588225485811278,-0.04465514078162926,0.03304327426045351,-0.06667761741909382,-0.052208256831711056,-0.032296262711748826,,-0.06460787228086849,-0.28889923588008953,0.27881380279973356,0.027906272265904527,0.17118884200169104,0.055364371743491785,-0.10918547284579262,-0.026025217172645054,-0.04137862890017593,-0.2490411671184473,-0.085018766080663,,0.09740736418779254,,0.026890064383555342,,,-0.3169332798864075,0.054931342579924866,,-0.19645458778620312,0.026061321726670823,-0.2994272035802425,-0.2106168823774327,,-0.28687199343066216,-0.1728821669695338,-0.07580394738170176,,,-0.30480695299274674,,-0.019680332051297555,-0.1245524396232742,0.11867628997174937,0.0014027456335867104,0.01043858412198647,0.23347120590804138,-0.2153494705498884,-0.059811821357278624,,,0.009919167678411746,-0.18973102855296722,0.194781402857955,-0.1439970165565159,-0.0353406446637574,-0.14272220366451555,-0.19693307799812562,0.1825177409698657,-0.13307940319021722,-0.03433738324200478,-0.1742475426932838,-0.038959313548677245,0.19487063825157144,-0.14172674857810563,-0.04213754839630047,-0.2001730939579223,-0.11183712084425904,0.14245301707533903,-0.14666431138036826,-0.035501660275241036,-0.22392095016263622,-0.2744601788193909,0.19338629165501517,-0.14070666176311875,-0.03074745059740094,-0.15665630095524757,0.006266560164165204,0.1990834761208874,-0.12871048049178668,-0.01859374500749452,-0.19930841730637652,-0.09376767366047595,0.2007128341046154,-0.1504688293557036,-0.025058329327156778,-0.19357472736690504,-0.2023404238208336,0.14232062961378897,-0.14563763374199798,-0.03891564022782233,-0.14774714067935896,-0.2043816798727372,0.19310813053972087,-0.13673988863132716,-0.034137681700312075,-0.16893742882221605,-0.0021606260713914706,0.17039818598887313,-0.13137622276509667,-0.04769832837988676,-0.20010011535491512,-0.13681215043983497
2025-01-10,0.24432673002668992,-0.12828017220638724,-0.028234770528343917,-0.06198917309777708,0.046106633751360565,-0.029127437718509817,,-0.20333851699577452,0.07203767901553344,-0.18669391835785476,0.08411762509517107,-0.052378067840832515,-0.0011208120890884177,0.14246598985607525,-0.014145620070811429,0.0096039978725085,0.02918416077100207,0.06364767268949868,,0.027592050417534354,,0.10935710026627914,,,0.1678707507070691,-0.0025934657916131757,,-0.2661454765322631,-0.12493472165079768,-0.2676037459291101,-0.025777776178311475,,0.1715108997961309,-0.1087809465656115,-0.05040908306354973,,,0.03629964695343406,,-0.031368437886537384,-0.14159363432218725,0.14488466914723497,-0.1803276133851511,0.010217343533009954,-0.05306129717130259,-0.026087656957393623,-0.137537133078877,,,-0.03412929211736809,-0.24180334067201384,0.10433479315816863,-0.19637882461894077,-0.12029223067983855,-0.15288393278955434,-0.15128216454202287,0.0816578806150083,-0.17901684028837217,-0.10315118755997724,-0.10868164101951819,-0.04841301466611997,0.17457412946240566,-0.16037502660592629,-0.06374063607454429,-0.08629921078505413,-0.16350684088197914,0.10944959627350283,-0.20455990850163555,-0.12759871336662826,-0.1300394546996262,-0.1688697550120133,0.09916143366621426,-0.19235750434529014,-0.12036244015048264,-0.15362558472450275,0.03284078635542524,0.09717343827521198,-0.1760216065146008,-0.12207489905432008,-0.07159305446589233,-0.09326657010884963,0.18030686982150715,-0.2074253953309056,-0.05183157380379584,-0.07530928137464564,-0.2550457275504537,0.1077525796209252,-0.19974106445125803,-0.1125598425081461,-0.16102156474514479,-0.1530837346246068,0.10215195042223821,-0.18333074813097275,-0.10463499872557364,-0.1644466276581955,-0.0178773324538319,0.048049344906803154,-0.17090331509036644,-0.07844015781992353,0.06356630282993937,-0.17533022132913684
2025-01-13,-0.04848593094266372,-0.11388244168504118,-0.08033818421332643,0.16008942098555148,-0.04734961044910728,-0.0028271603572271277,,-0.30876926173992664,0.1514372689290383,-0.12991777574372482,-0.10261424395184375,-0.07228635801582323,-0.09756414766189511,0.08057602578515577,-0.044234568952290304,-0.13517830221135088,-0.10853698504420828,0.09277535485853133,,-0.12046406615911877,,0.06757299584491773,,,0.0647466792685294,-0.01771649064125962,,-0.24804639447160007,-0.09302504910029522,-0.16665640316409513,0.007820898333790084,,-0.0679389326035175,0.1880792148036296,0.01724230534193518,,,-0.07557614678037863,,-0.021164642058818912,-0.13710439639472516,0.13407738894381835,-0.1330778618949988,-0.015890538400989945,-0.0626278124101896,,-0.17083928949910238,,,-0.09196101041064854,-0.09811198299603269,-0.05499627662859364,-0.19829489285316032,-0.15609182061929525,-0.11017196166735821,0.050433263027886525,0.06328298358794195,-0.17521043458436122,-0.13897668428536936,-0.0024679724784735582,-0.019232547893033657,0.06914167826575496,-0.13775288065972202,-0.09565978165832646,-0.011576289019771414,-0.19155829809747338,-0.003653676669351337,-0.21109309964818943,-0.14938396013378227,-0.0754522925383886,-0.06026479973802481,-0.05667484058977076,-0.18936577193027332,-0.135085301495905,-0.11461631902772038,0.027699693254136886,0.05516903343107756,-0.17031445670494544,-0.10356600241348556,0.12660984821681062,-0.10813265080180011,0.06784577168239282,-0.21488917279616576,-0.0687497168676313,0.005442813116031399,-0.11486276901819521,-0.001291018478238873,-0.20420773287358435,-0.14651451512271088,-0.11899443081281971,0.0519096732611686,-0.06431849231561207,-0.18253675169710987,-0.14970521978210743,-0.108961199605265,-0.015603807591552117,0.03175133250371532,-0.16088366058002324,-0.10610373969923703,0.18541706604306907,-0.1839014566159109
2025-01-14,,-0.11280746273279024,-0.09066602823837527,-0.08849063423427778,-0.1460146961278765,0.02728652158505769,,-0.1413965489837561,-0.16967105234918603,0.1793360157707754,0.025749830455127076,-0.13254435025746572,-0.10088015395596779,-0.07695199100792746,-0.027186631089764574,-0.1825010161802267,-0.2368142459033504,0.055678086872434654,,-0.037889121900501185,,-0.0074701858112313155,,,-0.03932049789578203,0.018494134798057945,,-0.12943138018937198,-0.10418683205485095,0.04929387306261706,-0.0009314115982218599,,-0.36747507903270477,-0.22308749867541497,-0.01613574025749595,,,-0.3047128706883656,,0.0027555206198456757,-0.12150523317305723,0.11327311358417748,-0.048338610883882034,-0.023390244853609195,0.12960778807942494,-0.09947395000439281,-0.14898044595749382,,,-0.0548628783611273,-0.09421845087065805,0.030726897081159197,-0.1419820754077306,-0.10380198947239516,-0.13893751134460658,-0.027910061817040796,0.10802221593054101,-0.13056738091480166,-0.08002758816782672,0.03663654728270244,-0.14851966844803388,0.21489901108985035,-0.10951781976192729,-0.06233174585357912,-0.06761415839524483,-0.14636641866229694,0.09803078662057851,-0.15375184623560853,-0.10655530590895343,-0.08244209884234208,-0.0012566831795797408,0.026277477361712907,-0.14166905966748589,-0.11521999937916402,-0.1392128931646551,-0.03908095372245383,0.09746176020216211,-0.12870601563694914,-0.09199525772883078,0.06033105812419732,-0.20021183327848383,0.20918618633194394,-0.1499078730990807,-0.0738578989414753,-0.06304920416886176,-0.1102842565888379,0.11160605116801835,-0.14607277853866946,-0.08984571751840556,-0.14720974717523977,-0.03948010005264086,0.021373902344293573,-0.14038956192008667,-0.09055492886671884,-0.13797984604643676,-0.11943709290748188,0.10998663066373576,-0.12506270465285152,-0.0770321677470404,0.07105561871182994,-0.14412258133469127
2025-01-15,,-0.11033658059065701,-0.05600949783020322,-0.28270158267334466,-0.07482607066922158,0.07990270141838335,,-0.121218083344077,0.030204795837960815,-0.03810583543651527,-0.1088320615409031,-0.06366186535295303,-0.11050676320117431,-0.008202275653659856,-0.0934095326936677,-0.22589290252783792,-0.012329904709732614,0.10683003213068937,,-0.052934306881127824,,-0.09868841977422771,,,0.09541695456009616,-0.00693061741827563,,-0.07900890613068656,-0.2180909352707109,0.07742678627363837,-0.0740906302710838,,0.09136441046883409,-0.05612565348700951,-0.02663150206148273,,,-0.03271628177158612,,-0.0038843822679375745,-0.10041439256907787,0.09993256223485858,-0.06602060918383222,-0.026335306280581436,0.035450063166725145,-0.03862886388424383,-0.10198465315975741,,,-0.10439043430129157,-0.005375873423592564,-0.13597186847616338,-0.1403115424147219,-0.14464766119039602,-0.13123605623556883,-0.018527880972943826,-0.08517032745715511,-0.14150811716893907,-0.11477694390052004,0.10993110605100401,-0.14645291019641382,-0.06251845920531346,-0.13587469342294367,-0.11921192111142347,-0.01483047897081064,-0.07933836450936266,-0.03897304535961787,-0.14314878454096186,-0.12068692403551957,0.014528727855899823,-0.02941275116842447,-0.13852158147668114,-0.1484776534368818,-0.1206463711020204,-0.12511920668781568,-0.11301165164271253,-0.10209865298720391,-0.14334829260700718,-0.10809664762422377,0.12761076373057736,-0.07562057651309106,-0.07248139188622996,-0.1295330730822992,-0.1283921331357676,0.03469868054616004,-0.014520526558401931,-0.0309840309528686,-0.1419639439686923,-0.1324871482034902,-0.13492239440956805,-0.02719265635952008,-0.14162823413837894,-0.15213342175457117,-0.13062831070443817,-0.11925451395358769,-0.15677568254055288,-0.041558284659995406,-0.14947882452717443,-0.11941285112823376,0.0737751976250515,-0.040463369830835365
2025-01-16,-0.09344110345898293,-0.06921039007078673,-0.04827828770851561,-0.1899181438731008,-0.029656316301055044,0.04697766684639757,,-0.05994488611501541,0.11715603880731647,-0.11996234246017574,-0.021225057974043376,0.06782485222234014,-0.04523719469045484,0.03964688922140147,-0.06764107789569945,-0.13500522288387873,-0.026888452686652284,0.09184307003564386,,0.09857329166505109,,0.05415497842923276,,,0.024189991570490135,0.04577838565385987,,0.05590726721738642,-0.11941827667557368,0.06545869019554611,-0.08247326620235251,,0.1930224278940264,0.1593448978321526,0.06008746584788605,,,0.10678942842547905,,-0.04496535520426328,-0.08011090076902981,0.0819561588503115,0.10286704259274906,0.08271184387420268,0.027132380851988835,0.10136444210636342,0.00873033893676789,,,-0.08838564464294646,-0.02455784924083826,-0.14674890626314951,-0.11291795674224012,-0.10694253961072868,-0.06831999357654969,0.05948574033047397,-0.12315432043226722,-0.11574484932635369,-0.10158009892427944,0.24824198032467015,-0.06529253789607196,-0.11269783099418339,-0.09408507996710672,-0.09983532785097515,0.1749816137292257,0.004037895745573923,-0.02787219266201986,-0.10280252664699577,-0.12257606710895688,0.11964626605659434,-0.03386411008122661,-0.1474182632939125,-0.11899896663396191,-0.11752825794643762,-0.05571256887746942,-0.16976109168115325,-0.14927965119307215,-0.12096245389171151,-0.10258551171899667,0.19416149522836115,-0.036436336361624584,-0.12150744953781607,-0.06809726516625733,-0.0769810041642418,0.22392381409442355,-0.026962752474562413,-0.026927683825987647,-0.10890658158323747,-0.09769354077404613,-0.04818080349756838,0.0525910657901007,-0.14018885659797337,-0.12179320015118608,-0.11048097119350951,-0.03431860182898608,-0.10342245810834554,-0.031413709127609574,-0.1226534398424949,-0.09447299443080584,0.1652363698374529,0.057177787917777216
2025-01-17,-0.15822402243925404,-0.10366943227294256,-0.030960718910635125,-0.12668175249233612,0.04520423461176743,0.026270572599895937,,-0.12551897378460722,0.15988938236462658,-0.20226029787684738,-0.13239082171798586,-0.12477485285412018,-0.04765056847950955,0.11181408658844949,-0.08566718279407785,-0.12582835830399106,0.03615980996837133,0.004224016629450239,,0.0370321143582538,,-0.025473435768240443,,,0.18607053973614832,-0.04313707737756399,,0.09797075474170065,-0.15483557337531756,0.16650968507346062,0.11007763911732121,,0.15120366763399182,0.25444526434775344,0.03137984477043089,,,0.14276933457307672,,-0.0657560530861429,-0.08996850816252831,0.0907640401980475,0.14373202168607924,0.07239290049796945,-0.10856042734852599,0.17019554971768738,0.08870165631392733,,,-0.11946426048087634,0.034262344415743454,-0.18238393461179742,-0.12451683446624978,-0.11997657910852515,-0.012557342676059003,0.16800717343355984,-0.2330496380475857,-0.1335693368165189,-0.111121414532307,0.23266101133830266,0.035020109185599196,-0.22270192015432538,-0.08522970766265812,-0.08482390269474455,0.26622855939746426,0.04967619674297125,-0.1391655002207091,-0.10896211016436323,-0.09545713024728647,0.17037643873336453,0.09562942305796707,-0.1800166539095832,-0.12722127697281405,-0.11318777751451725,0.004040650517955958,-0.05235258453340453,-0.24701219967341054,-0.13438815656768416,-0.1058939898481903,0.20541699583753056,0.1165507442781354,-0.22517108922102294,-0.053877051522865455,-0.07548284058300356,0.2533048000562141,0.04963996691661982,-0.14323699869822992,-0.1084003053015694,-0.10868814151541521,0.0256333158165683,0.1610935989403918,-0.17550406628409934,-0.13375932505447052,-0.10873451361560614,0.014112914333759604,-0.02101274197332244,-0.1504901947777283,-0.1313318412704916,-0.10064428379018096,0.20408313871823147,0.08342142729848873
2025-01-20,-0.09181543436431501,-0.11383872559435475,-0.0050798056651296586,-0.06257100406696178,-0.027076794563341763,0.04052046414400848,,-0.19813082879691118,-0.095332615441611,0.07152846881247356,-0.0533808789014832,-0.04483094269043004,-0.08067837907513341,0.04140677761345664,-0.09453994516858255,-0.08888611347824406,-0.054954058901863376,-0.013957288516837377,,0.025767615849697417,,0.035002442788891884,,,-0.11226001855032572,-0.08367745468090994,,0.0885361914963483,-0.04444889616661106,0.11640765516618355,0.04713111794796741,,0.015394583668847947,-0.017403231615142237,0.06213469871614729,,,0.028451866424615703,,-0.07290109010529998,-0.05322654482646002,0.05058032274620899,0.20299460140287995,-0.04532444164417083,-0.04013071356398337,-0.08741815481980182,-0.05679921608577873,,,-0.12031983244420395,0.0922272138871862,0.036232761601167986,-0.09131930749461284,-0.1217847410867636,-0.0720168458900689,0.20849469468899579,-0.049524576610525645,-0.10531206627073676,-0.11367281373178076,0.13102038130316818,0.051311156552514815,-0.032580421868063696,-0.045553955050553596,-0.08479881147451829,0.16234204727610074,0.026027925036246145,0.03901262580643112,-0.06604256706070877,-0.11055711989391806,0.06586520389286658,0.15596489819418793,0.04204690450699787,-0.09845282899272098,-0.10419571794609414,-0.06425584915858674,-0.0420092812267998,-0.056945429375427896,-0.10732346137039392,-0.12108355321628124,0.12843704642377418,0.01745464384474167,-0.03803595153068445,-0.013794386513317271,-0.08636745339025576,0.15151409978251937,0.1043815699199745,0.032294839279788344,-0.06731301745012068,-0.11230504220706779,-0.02262255398146489,0.200198572087889,0.051187033160668756,-0.10193678234663135,-0.10104132646446493,-0.048016080820582716,0.02807188615429819,-0.0222833066130181,-0.10647236382318016,-0.11118212640414392,0.08881984803182381,0.028532035244584676
2025-01-21,0.01788696883652458,-0.0854967958404137,0.025444590404525097,-0.016832321774569555,-0.09368452850503861,0.030367325271278698,,-0.07512819321056771,-0.05057330194352694,0.05661267126114278,-0.032451543292859125,-0.008207767853640463,-0.05105128566043752,0.002187787034002625,-0.06714079908332916,-0.11565349928490544,0.09326531257466555,0.03245998250872059,,0.05773087423276438,,-0.03063630425209615,,,-0.01573298011144474,-0.09903148480731278,,0.07788377615891742,0.13120230920573742,0.06562800418764846,-0.011007081518166515,,0.0011582827878030557,-0.0708781924730845,0.013742514709146048,,,0.0036162279286434352,,-0.03897835103481235,-0.08796983896904494,0.08408125346322602,0.1825676833250225,-0.10354561898357667,0.020227597920131235,-0.07640407949298571,0.08297670452791632,,,-0.11220775288572905,0.09980180653011612,0.12717165102065056,-0.0890987350985806,-0.0603146795425754,-0.07924010713583965,0.06816521061932113,0.07014056749749117,-0.10434554898631555,-0.09290478685631239,0.06075127688990081,-0.018369494877253485,0.05287936677953865,-0.07512212317162702,-0.04924973007011732,0.096535093778223,0.04758220417041205,0.10187890387075274,-0.055048296808035836,-0.06520945041887724,0.07445044976790667,0.1288799630782166,0.1344277923051795,-0.09162528877988867,-0.05975050293737381,-0.061387210675461046,-0.0037672230392972847,0.06510938005870966,-0.10151505953115339,-0.08500759885794121,0.01193790485915344,-0.011079264169121252,0.04412561711453584,-0.01276322975976544,-0.0897896184778226,0.06425026324511264,0.10961719108524323,0.09629388389063015,-0.057941068648778946,-0.04646132565872051,-0.02114228879764438,0.06296396535775811,0.13581200519906098,-0.09349098819211195,-0.06961871396000519,-0.035942421390825194,-0.025272301416488285,0.07728345313750141,-0.12058944295499602,-0.07969694057508213,-0.02382226538119748,0.03750990323958434
2025-01-22,0.019573594207635246,-0.02782632551970426,0.04875276579347644,0.021261609621561064,0.09538763047396026,0.0079028804112474,,0.012035174162604514,0.10869322770959372,-0.0841736610712612,-0.0011759655329980053,-0.1319082555787838,-0.0297416497698273,-0.0013804717349776268,-0.038649127680508016,-0.14821071269423158,0.06219755939302347,0.04412343627813397,,0.030231787985745703,,-0.015606302347304275,,,0.16480278650332053,-0.10030197839334547,,0.08964659463443048,0.10703228004767472,-0.02862408655205877,-0.04993354309336554,,0.09857161274101406,0.03240852578832534,-0.04108547550816944,,,0.09414178157858112,,-0.070781663931486,-0.08159041289910526,0.08053037411754252,0.1595597583133245,-0.1135796774852815,-0.10704176170817059,0.05736253772941349,0.1527562620572036,,,-0.10756240151798153,0.12769874018122745,0.012357245291322637,-0.08421948423065734,-0.051711339482544263,-0.036641560376189625,0.08467717919141556,-0.02106258642659008,-0.10136712433750007,-0.07637102652783997,0.07569660484427893,0.04236127641396074,-0.11828712454658726,-0.09574621496871603,-0.06747776930524284,0.1394904774405613,0.14719684284806908,-0.0826484383726686,-0.04867039320083237,-0.04713602157202106,0.15523726385916267,0.08330504795719265,0.01567146735598169,-0.08591960880610329,-0.05783964321684555,-0.00020452716260545398,0.004107783407000646,-0.014334549407642165,-0.11441952963893551,-0.0659282142983305,0.02990476115366423,0.08926079120276935,-0.12273380043170254,-0.01699089229119923,-0.10396417497349464,0.1402679660385523,0.14677575434741597,-0.0881253246515907,-0.052153878008248916,-0.04632084852234,0.05826823883207731,0.08260429130869312,0.019640386273901356,-0.08587707296685605,-0.051258822695451935,0.004045706554500531,0.018860412027780115,-0.037485254046527916,-0.13426639191694117,-0.09597078185626813,-0.03287031455536513,0.1400014918648555
2025-01-23,0.08572693574357271,-0.003350312419538854,0.04987901213976296,-0.0003695820430083369,0.18276115031360476,-0.011311500519965642,,0.10726182358465444,0.025239547996082343,-0.016146032210563516,0.12176701135448624,0.023365129082304658,-0.027247053752425025,-0.037625039730127985,-0.02694337623686024,-0.16183827283021482,-0.022945272570318483,0.023959192759197438,,0.09891826156141713,,-0.053417087792383876,,,0.04227923018654925,-0.10682200002844715,,0.07421918498008298,0.1582091318892227,0.044056670536305895,-0.04954006114961064,,0.13893547652197816,0.017226455834049765,0.044811464390341574,,,0.13367435599248775,,-0.10687657096748693,-0.0574562892860928,0.06050881860844843,0.2381276046138538,-0.11330195056402557,0.04188294514607676,0.017719028599108674,0.1561319899166342,,,-0.08929067358619393,0.011412303269631646,-0.023321996104082064,-0.06677996691157512,-0.0814225322946428,0.018075546953487235,0.00922740314441394,-0.050905621926097974,-0.09120442944144132,-0.08741397264482201,0.0459393869537701,0.09023558869643945,-0.17388080613340953,-0.081165088260214,-0.1165641240596237,0.12012726063565733,0.10782720937925455,-0.12573104437538957,-0.03348136915660588,-0.08621656801647921,0.1108461106555677,0.01810864656573995,-0.0249570216038289,-0.06692855054569942,-0.07785788924140807,0.02776412290208252,0.004879132356131332,-0.04575657329319949,-0.1040870938500173,-0.11263550178903232,-0.008798465158534332,0.1171257251141836,-0.17246481286202817,-0.017170974380535713,-0.10721714617590755,0.10127647212644819,0.026932755113492655,-0.13034103351474918,-0.036341930266664775,-0.07706986915272925,0.12572535951111416,0.005887044924265699,-0.024733047697965613,-0.07578205770995365,-0.06479252032857062,0.030126762568731376,0.08843148052352584,-0.06368413354076359,-0.11533964238771671,-0.1363765683285643,0.0161724288891636,0.09849918511883812
2025-01-24,0.09407565034907281,-0.09777676258513326,0.01378055554259959,0.02271480980693843,-0.01641539303207934,-0.06371031481206206,,0.07061010228644587,-0.15007327793260242,0.1786228214630639,-0.003780637015716567,-0.04015263982337952,-0.11196459622314289,-0.06254444181968737,-0.07318456544182306,-0.19064807394561517,-0.09279264095242028,-0.021572273792103185,,0.03150683547990912,,-0.06724388853592797,,,-0.1658258459516903,-0.10986413624723175,,0.05987179876903588,0.0026627341294093213,0.0830414999324183,-0.10772306916142776,,-0.22537062719757806,-0.16596059568317906,-0.07400082059417491,,,-0.13887016020007992,,-0.1550758329965967,-0.081692113804356,0.07524283834662492,0.09943990498151012,-0.13994406901925172,-0.08254502365265477,-0.16667218190870822,0.019244289826919253,,,-0.10493341843008816,0.014540383610516976,0.08477070798290925,-0.07971369382967955,-0.1085704505666673,0.0024043421317823345,-0.03898599505215005,0.11970620465129257,-0.10883706052214885,-0.1419378603273304,-0.048987821574030484,0.09383811658131903,-0.01352347562583218,-0.09280628689553932,-0.12692967894571927,0.004097794178614266,0.027096509904043383,0.010496710970130621,-0.0520937084238335,-0.12065176227673495,0.054561908434849996,-0.009688702954607843,0.08502439045405971,-0.08536029416818233,-0.10320243236209624,0.002136920249227246,0.05281276533507924,0.12881404587941642,-0.1165045295044951,-0.157944364097969,-0.03211355989051248,0.09797114254169205,-0.004487585841982958,-0.05265949859149282,-0.11018220314871874,-0.019689318050140316,0.025815670503687986,0.005199073187761947,-0.0589297699013926,-0.11401849982848539,0.08013050376620791,-0.03602111326951058,0.08486388745481815,-0.09486397771331977,-0.12465032047046724,-0.006132918931825998,0.07617944315911156,0.08949487014441375,-0.12323938982087321,-0.15056542266746398,-0.01655106334606016,0.030711768809919597
2025-01-27,-0.20529269449798818,-0.023862577162703482,-0.06652226168293256,0.16059610111528932,0.1618595801627164,-0.07876102424764002,,0.26049221418205143,0.3909582299329038,-0.3720822968182394,-0.02708727243731385,-0.14897608940423218,-0.0807953826782466,-0.1392578387652716,-0.09329572427970391,-0.21698067023931553,0.3933301895275226,0.16470682196743863,,-0.06382451579887892,,-0.004099063210173989,0.07712800564593383,,0.4169332830579442,-0.12846761789673408,,0.21022438452263892,0.07846954423484209,0.2846594963081966,0.08286939902581134,,0.48378717556348644,0.0845789888664037,0.14483933355837486,,,0.4438819343663065,,-0.16831404765387822,-0.05963580665181711,0.06767516598334339,0.07195166859221423,-0.0714366291986767,-0.061838267795088414,0.3773072303312451,0.2414622963582315,,,-0.11676206872513337,0.1217829928373639,-0.25279264108927646,-0.09612485463352344,-0.1463965516280415,0.25228762475994093,0.1160266494169213,-0.1991417900899951,-0.12585780203873662,-0.17801541920443179,0.3101613017815081,0.23212205359688115,-0.28024069023325054,-0.08509910919412475,-0.11413524324522092,0.3109844170091989,0.16783954822779992,-0.29249591730929997,-0.06888486705026209,-0.15794641684261915,0.3341475548832537,0.11572858742843009,-0.25510472315644606,-0.10299734649329817,-0.1609004333227028,0.25492864051115754,0.22001155000021264,-0.19990820957456049,-0.12744890650357443,-0.15140698301375888,0.3317629881864372,0.17348841452759098,-0.27103792180574726,-0.069702956176674,-0.08898723080456365,0.3028741223510698,0.1340313830098145,-0.29249511299426895,-0.07735684121897536,-0.15370271156784882,0.3298482360585376,0.12868416704375946,-0.2601287057733012,-0.10623807976684244,-0.16888492143295245,0.27219217369275467,0.20631780430896807,-0.2290243706384249,-0.12962312036960733,-0.1253149095430137,0.33481124667675066,0.18160982430657138
2025-02-05,0.029710786508598198,-0.1530609318783254,-0.10421497053268822,-0.03499385482795395,-0.03136837439590527,-0.07103049027749773,,0.1517269456771907,-0.40182057148898775,0.40156311613039486,-0.18979881945482455,-0.2100866181107573,-0.18595224200400012,-0.10417364629566338,-0.10597745786732311,-0.27613728958000017,-0.24989927597293377,-0.14376552376905075,,0.15569178796066532,,0.07204422179221402,0.04846992290810816,,-0.3886533716146473,-0.11214122711516285,,0.18855963221714492,-0.04567580907791405,0.08198215238872189,-0.13298348015963277,,-0.35722321087332304,-0.3418865949235648,-0.06777985955533959,,,-0.23274357710559235,,-0.19604426745587086,-0.04426217719826345,0.03932280831116549,-0.1791796654540764,-0.1385239119100998,-0.14019157316819766,-0.20550227318702954,0.04234951517891174,,,-0.12285631199173835,0.08254173950855895,0.2141179004921643,-0.0943314598274757,-0.19465698760320221,0.03555848081773136,0.11420659480555491,0.2663732962510024,-0.11044654874445496,-0.19022339695226403,-0.03311626425885438,0.09171654902122306,0.16656906505912059,-0.04933735493579392,-0.16919620878660965,-0.07530839824289333,0.09965864155673192,0.13210651396811685,-0.07649609948492558,-0.18574826420626941,-0.08430628383065195,0.07119426675003607,0.21130538327474696,-0.09517567052122546,-0.2074643537968286,0.042029880483338215,0.1199360790923074,0.2706382799059204,-0.10655055632692993,-0.18150681305299785,-0.08011083542029977,0.10216746345655263,0.18534660929293192,-0.08300793211103795,-0.1674707791453105,-0.09972802411746377,0.08348031136602503,0.1323050616934059,-0.0837466456288363,-0.19969287692019808,0.07847936926646558,0.12504398791043894,0.20806046965898048,-0.09400665115306284,-0.18883321461410238,0.0444230758659991,0.06683493021084148,0.2351095805816407,-0.10196852495446967,-0.16170988380568826,-0.1321594994202434,0.11042444488283519
2025-02-06,,-0.09785207890430045,-0.11062936731496732,-0.2557477779552498,-0.13853931509387354,-0.10862399328016308,,-0.053608396439879864,-0.276894936845242,0.30015276961435683,0.06888800861953082,-0.17129036581318235,-0.16313406927521962,-0.07441217426144466,-0.08089124067245168,-0.32791812811626164,-0.0021168601342587204,-0.17359613865365242,,0.041457326128858975,,-0.020153274534689927,-0.3077371646013767,,-0.2413750900434555,-0.07035303774278351,,0.10693520355028843,-0.23302804434079208,0.09898611172777325,-0.22244587594723167,,-0.3451834259951415,-0.052593529986488315,-0.24328901084890064,,,-0.28554469677134003,,-0.2455832774111872,-0.039675624466731514,0.033390456335866465,-0.20552046204919633,-0.0858867391252325,-0.10688003645042647,-0.19279148537880972,0.0024025138243764644,,,-0.11501481157770331,0.022389266417932666,-0.038546017684003654,-0.09713895482120376,-0.21164300785347623,0.030339345064543808,0.04154515953504264,0.030632662138757046,-0.1044084913003707,-0.18125947681073482,0.0005252813889697114,0.02586981271341672,0.04921173255973268,-0.03931591372218601,-0.18004610732042375,-0.009120940498775876,0.027193383967614754,-0.026489361212100188,-0.09216457873816677,-0.2063641930968042,0.1269467295082936,0.07036188861462073,-0.03889520869360576,-0.09392505593375379,-0.20034952135126619,0.03666526410926577,0.0036906798696584114,0.036351634099898354,-0.09787778813230105,-0.16279627942370725,-0.012214986945537657,0.02358296053938399,0.061681095360907136,-0.1024751937938733,-0.17782618882761966,-0.005753054332142885,0.02282738448150249,-0.020404613543444368,-0.09308039810823864,-0.21164133837444113,0.05753584634302626,0.05251594972571829,-0.03889833416571788,-0.08857465778851338,-0.19355952925056538,0.04117910558758295,0.0009202307251600559,0.005220328883325225,-0.09179144035184164,-0.16118559593236434,0.011631157800778995,0.034640600379503415
2025-02-07,,-0.07207952994911612,-0.12035460633557069,-0.42732148161234285,-0.1139969041734232,-0.16100031655996477,,-0.17803866065839943,0.0006718643663195863,0.05424020028503699,0.049909864014962085,-0.03668848284687986,-0.12414312777324159,-0.23176674398262948,-0.08587235011330294,-0.3605055958863023,0.026306629873593734,-0.2298057012210475,,0.056777589552331385,,-0.03872112247921228,-0.32348189997665466,,-0.11477405793133834,-0.07772301485267473,,0.19730276251548218,-0.21417235479286242,-0.08934804079754673,-0.3276676187311584,,-0.07510652547052228,-0.053769026187499416,,,,-0.0853577612537243,,-0.2862430486256663,-0.048960597949066695,0.048604896005644174,-0.1268005425504083,-0.021931160701788105,0.024244601760253667,-0.0371533925715787,0.007624022088675177,,,-0.10742446113873928,0.027542608212540943,-0.08109528431868354,-0.12890629943661333,-0.22420520747798245,0.14706845225281956,0.0003578733210373274,-0.045864174618023154,-0.1322161591045481,-0.1945730589295308,0.15254194776716587,0.019814235932782667,-0.026941990390823643,-0.06396841692156198,-0.20968542226090336,0.1448521115073667,0.01145971984270935,-0.07223124909918203,-0.13368911240696232,-0.22902512986890403,0.2615899757788236,-0.03727181796676152,-0.08001233631821457,-0.12472981354263525,-0.21964383996859868,0.151049079070844,-0.015387603937732083,-0.046367344418338126,-0.12452618066410528,-0.18838799638597414,0.17257662422186013,0.035738244061845524,-0.019976690311758867,-0.14693389403743115,-0.20141024451582035,0.25422018002869273,0.02780356231487702,-0.06718841353862494,-0.13241633563633626,-0.22184988436876393,0.1469981586028383,0.008549840214090542,-0.0773327777646757,-0.11908446051417287,-0.20808700451664883,0.15201712471895115,-0.004629115750961055,-0.0695902177085844,-0.1160009979268201,-0.18310815525697705,0.17920255332083168,0.021210861722252932
2025-02-10,,-0.03376944592838634,-0.10360435054542007,-0.3232742278145842,-0.16764184148187636,-0.10657824147675062,,-0.13358307546441778,-0.04946803656231711,0.032276722570831654,-0.00965272835955386,-0.0033322225676715857,-0.08774887633913753,0.02081748621134738,-0.13844441990245232,-0.3159506663897492,-0.008788450138017875,-0.15335522210492275,,0.04944403840322534,,-0.037423359878863444,-0.037926156533441294,,-0.0979511652237558,-0.06724405458187159,,0.21256325302537937,-0.03598426845093247,0.1243758981338371,-0.26587273864000677,,-0.04632756440054179,0.03587828093946028,,,,-0.014253621432034123,,-0.23816983348376988,-0.03633966563857764,0.03511440365469805,0.02013830286181374,-0.024630220345234544,-0.03307109811819503,-0.026930227729811865,0.009656789855561754,,,-0.07417037978798845,0.025376528370955904,-0.08173803681620212,-0.11954739093527957,-0.21438292176734197,0.24647431620782978,0.11533427107556023,-0.024672308528892743,-0.11449021402558127,-0.18440308634575447,0.19341770536625702,0.08410771424964936,-0.01610086034403969,-0.06172544379968147,-0.2157261327717265,0.25750343112344914,0.06948016411407651,-0.020385364524569197,-0.1316128981754542,-0.20916704102071704,0.24667868214488886,0.049372481617340314,-0.08266164030727804,-0.11296021336661273,-0.20620634612764466,0.24633933002780603,0.026284894988248774,-0.024657671548182918,-0.1050912321497952,-0.19315276100846354,0.1860896944895747,0.06728448536835574,-0.018245247773089602,-0.1385335258782078,-0.17744589239518,0.27224664423488837,0.02411066169717108,-0.01459472680003007,-0.12429874611924258,-0.21020498289212303,0.22860542456436234,0.12494347207402992,-0.0811775813800161,-0.10536199652511548,-0.20434836537020293,0.24950718465253005,0.04800301805104707,-0.024004514974667407,-0.10453627034706309,-0.20031426741070776,0.24752142331563778,0.08006246793662251
2025-02-11,,0.023943960875565162,-0.10376609392606304,-0.2765052788967803,0.009386692935388073,-0.12522993853554523,,-0.2518153521304576,0.11986755608831796,-0.07131523847749402,-0.1421544406475159,-0.11732817755290514,-0.08684709774136232,0.032908801369375504,-0.15192445076343652,-0.2753527456887137,0.013651679833471838,-0.13736908815298376,,0.08806126335463398,,-0.05830247204742701,-0.012973295278619427,,0.11317184003980309,-0.09310312440565603,,0.2939636103562378,-0.20788837419024533,0.15289360416627273,-0.1459006049284535,,0.032297493084817455,0.14100368934986468,0.0007020768747268451,,,0.030896852557882545,,-0.22073507107393356,-0.033831963792132595,0.035263202863282606,-0.06633898941233873,-0.001962673025603288,-0.060043565362684195,,-0.14505081979240494,,,-0.0497852394479106,0.08320178120031228,-0.13227788681943325,-0.12196713540369934,-0.20326238549793588,0.24741999301217293,0.10185154028905102,-0.10559314381372914,-0.11699386678429645,-0.19129274699445378,0.21316018057040653,0.056402655776709866,-0.041744820157962256,-0.08568933049409794,-0.1764134458590018,0.25300201565371894,0.033604524797205174,-0.06548003973890872,-0.13635136085881233,-0.21193960141520965,0.2235342022307809,0.15936057601781803,-0.13177262649932237,-0.11850272912705162,-0.19713026557747687,0.24622636355405583,0.0585628789537074,-0.1112729546307466,-0.11598019963163211,-0.19119271466892235,0.27109221303964964,0.06506140130865457,-0.05041905408791922,-0.14099400171762752,-0.15166900358528895,0.232206469497925,0.08969739269108179,-0.05946909981085163,-0.1271948604834517,-0.20537207172353814,0.21714178580403493,0.10965536509044504,-0.12944535420694542,-0.11085455972046411,-0.20315839709173372,0.24631706514982163,0.02897611047689722,-0.10026473571581024,-0.10864347370006922,-0.16659191035930904,0.2817120401031942,0.04906476656316516
2025-02-12,0.08725261065393776,-0.07552165173409547,-0.08558421345127093,-0.2565363999067731,-0.10244062075183626,-0.1357703548923897,,-0.17742574629657465,-0.16560417884752318,0.2294564998399512,-0.15947505274708232,0.013494152325081615,-0.15204085289834604,-0.08352507338559945,-0.15312308300545124,-0.18813437309319236,-0.15287004820518613,-0.16860049932564453,,0.04967420614749058,,-0.005575870847738274,-0.09514860324978633,,-0.22019816418660124,-0.1574570304676441,,0.2658871829400802,0.04659717009916244,-0.01984787656330804,-0.2071422440377235,,-0.2473303651730122,-0.16536041632876106,-0.08355345573452809,,,-0.21889633065743933,,-0.20459746647927218,-0.0679206033258707,0.06452730414513604,-0.09297606724602393,-0.08569476185265378,0.03437066330463079,-0.09599580039036953,-0.1197540082420615,,,-0.04999378468736315,0.1134142133780513,0.0266605944550768,-0.15078128143388964,-0.15744558612414253,0.15465913984487215,0.03592960978340641,0.02035177419532045,-0.14567377951998745,-0.15882584253247678,0.15144678407101891,0.08221778547987804,0.11795886922025305,-0.1329032181743301,-0.11322878465473923,0.12116073107574858,0.07652850033749051,0.08529267231444243,-0.15854076072937873,-0.16864401401668658,0.12378751998917967,0.056156772993945864,0.031064295626619207,-0.14838277592191815,-0.16412063751648867,0.15197688791228753,0.009246144901132979,0.014548209080024199,-0.1389101114923545,-0.1424670767537876,0.15472254280612247,0.07403139255099345,0.10732273694906687,-0.15756104967020243,-0.1023244650032233,0.10813314756471525,0.12442668068422591,0.09242946006917978,-0.15503538377225462,-0.15733059536624908,0.1194188022520958,0.03844087859601723,0.0346122982618938,-0.14746837850134223,-0.16140720790622656,0.17505175031804354,0.02972029040561441,0.0304595437434755,-0.13291116793687835,-0.11080479207441189,0.14077946780290698,0.09682237257096235
2025-02-13,0.10327140924455443,0.007708472860536045,-0.0941215797633808,-0.24731162566750267,-0.05604718516805505,-0.14885234339277253,-0.08505304281366413,0.040200736241174456,0.19224705983589058,-0.18157940727955846,-0.017912623249510356,-0.056445043471225614,-0.07742022044383817,-0.0724807315091835,-0.12357406730606066,-0.1616201232026002,0.15271793862064414,-0.07179991107147295,,0.015907089468821654,,0.09228364143543784,-0.06494068412440286,,0.2274209925416554,-0.20893384653355557,,0.19243759953825415,-0.2767477106396269,-0.04301714095175055,-0.16856065958337804,,0.22211171021079693,-0.0233300750870515,0.019834277272788185,,,0.11533412941448737,,-0.1995206904209103,-0.09813193160833139,0.10087757110494196,-0.18856457695156462,-0.06918157542983364,0.013819774017158467,0.1534327734843403,0.0787217140476106,,,-0.08143073864391552,0.10475254689420449,-0.04573353555756784,-0.18453523896312427,-0.1789949811562588,0.2178705717029687,0.06052657530714657,-0.13768726358171893,-0.1705338977015365,-0.16265935066074588,0.22281832791029843,0.10110174109415748,-0.054057020951100154,-0.186104139042764,-0.1350685673484921,0.17702150235338449,0.18282849813358454,-0.036535715521481264,-0.19454240459723257,-0.1748813012586753,0.21533115359247726,0.051411002755497884,-0.040175083328554136,-0.18530820018208374,-0.17602755037964796,0.2392872410487569,0.09216058622958585,-0.14207715727293913,-0.1631082959551158,-0.13322867236365668,0.20782666888301807,0.13799834155588128,-0.06116511625006791,-0.19429329356720537,-0.17668228310005596,0.17866311497203224,0.11087315132966587,-0.04121490165821404,-0.19420035851640624,-0.17963791489964026,0.18392335623649708,0.06194004325236913,-0.03712301598197757,-0.17805088874015745,-0.15497431423486535,0.23692823768601914,0.05036519268377833,-0.1166878310422183,-0.16720265264095535,-0.13924387607196678,0.1885523141856533,0.18884752675252534
2025-02-14,0.14535785096052456,0.013490029649522554,-0.08914766560753491,-0.1512251460070079,-0.015121688057985192,-0.11983011365449237,,0.041210386450742216,-0.004011536080094637,-0.006681273937446833,-0.05785330475322511,-0.05433278688258161,-0.1330490743001594,-0.08592507239271549,-0.14046546251133407,-0.23101902544614245,-0.06933096639144108,-0.08688154362847657,,0.014715372720555142,,0.03804736743672325,0.02305637508438887,,0.02626981906556911,-0.1866319828735372,,0.013491812210594369,-0.15298915400338453,-0.08865560159839107,-0.09418526085311636,,-0.031108179631037763,-0.014312745911061062,-0.03381644050672352,,,-0.03604864571693388,,-0.16340880514865228,-0.14616314038296963,0.1457042287235703,-0.1599835875237885,-0.10074532072255128,0.03880074257736766,-0.006514594737195421,0.07872743616571537,,,-0.08242783579573496,0.06785782025359736,-0.02040447289096886,-0.2190549647220489,-0.15919686963196716,0.1827747227346854,0.11379109288850454,-0.11994486552146257,-0.20785621268883875,-0.14268690236600945,0.1607561060524148,0.10445592919304308,-0.040996338117717294,-0.22900423494812314,-0.1965289704358471,0.11459531489959257,0.11500832957877655,-0.01654133920941672,-0.2155847369083002,-0.15816623279441017,0.10676315464384159,0.09660415751728277,-0.009360473948142524,-0.21954928508912053,-0.15839369484294494,0.18060610113855077,0.06820007479688522,-0.12288541895013405,-0.21546351814017134,-0.16177021940144087,0.13041511671526626,0.15165847619555045,-0.03944369051774734,-0.20129405602264544,-0.1834827092055312,0.13312444517656985,0.05757174000749769,-0.026732268638659847,-0.22254053251896508,-0.15729802602925083,0.15341551735131037,0.10983804637225517,0.0055443431350495976,-0.2148701548469793,-0.1328874238535906,0.1636320697575326,0.11795882375844859,-0.09066070297566252,-0.21995333379719473,-0.20359573069265235,0.1017112789324986,0.10005692376183721
2025-02-17,-0.013918498190909786,0.02542560765896939,-0.03690470914514163,-0.10091875632854576,-0.06450187396258011,-0.09704495985479125,-0.07530254867845755,0.03328677611627142,-0.09305019742679956,0.08994033904321648,-0.07550536941283462,-0.019559910496401836,-0.0706279187714071,-0.05389529088492171,-0.08614272620512617,-0.16682110364522046,-0.021488829052237222,-0.07325201793906594,,0.03148786483275596,,0.015892061462148332,0.0685942608356579,,-0.07820641946745653,-0.12048489625672752,,-0.02677906734170438,0.05301521402102306,-0.008243725074661765,-0.01764653631365699,,-0.16543928720160275,-0.025208079263597936,-0.01256249248213503,,,-0.10740987001424832,,-0.11082129714710798,-0.12778559064697434,0.12335859169201023,-0.0887968051890154,-0.08817228490199464,0.023388635076216868,0.01506473749428101,-0.016700972270378787,,,-0.05590160830045453,0.05949926956427741,0.09906108165768585,-0.17278779314346648,-0.0969374491937579,0.11412640533919402,0.039493507763585754,-0.04918082021551436,-0.17510401666392122,-0.11558253052693852,0.03773008905461204,0.12984718784181687,0.04997282010665933,-0.20282055808893729,-0.12723360589302474,0.048995667129924626,0.034815822488204806,0.07524445580829318,-0.17226405093644195,-0.08796370083237855,0.04381932182746644,0.07444818057728801,0.1112090383532695,-0.1730573328072937,-0.07342566925224579,0.09952763339422603,0.08216901654144858,-0.03785388080075023,-0.18215010814781252,-0.147471142559059,0.03643010760712014,0.08442419063948699,0.055568130801470966,-0.15733855949580955,-0.1276490899179687,0.020490441046185113,0.051652732926137215,0.07749211097121494,-0.17418516658393107,-0.08867504210993003,0.08450929509411306,0.03642276563062035,0.12017300228662851,-0.18246219679093906,-0.104690678729495,0.08949487917512508,0.15540395760125655,-0.013965669105229506,-0.18581785614752652,-0.14107168070545104,0.024280086777362438,0.024907717759927072
2025-02-18,-0.020626044592262333,0.011773136019733075,-0.06836932144761844,-0.12096076853684312,0.06046602164363685,-0.09674271608203965,-0.0926307548349191,-0.13151485319559272,0.06935655344640801,-0.06779929410984965,-0.09139960661477967,-0.09397502168941661,-0.13049307343010658,-0.052935292818767146,-0.13061687144195372,-0.24115235777675595,0.03912697090529766,-0.14119136693387252,,0.025202488660712192,,-0.013251337099091716,-0.09998730257456781,,0.19386244708306724,-0.10074140407013699,,0.08766886536839055,-0.07645493468693736,-0.0952651132290645,-0.1916439341745057,,0.14978175955521325,0.10114765660722744,-0.13855422748966018,,,0.010589966558187405,,-0.16209808152656519,-0.07960279674194524,0.08278723073339077,-0.19137078637052238,-0.0795168809905133,-0.029176400591281924,,0.0027961741539615685,,,-0.11117980078293542,0.15425524416819467,-0.07363916785772544,-0.18613255619365743,-0.14867235037014817,0.09299163224627469,0.14177527585578437,-0.16412948169071587,-0.18512606820836536,-0.21461951775369464,-0.014272018623527411,0.12468565236335413,-0.017849293739136494,-0.17821953239501973,-0.176442404010688,0.021372684682550862,0.12242817241844199,-0.027401988538926694,-0.18791322772932179,-0.1553295964738852,0.05662518168413625,0.14116850332529693,-0.07255847764082984,-0.1900772883045692,-0.17696041239068372,0.07971800042545414,0.17616060973861655,-0.15863898413808072,-0.18224834756978875,-0.2140674618663062,-0.0375645252886639,0.10158342096365994,-0.02307646433216078,-0.17717376526037223,-0.17385892911555895,0.027876486359594818,0.14349189845997248,-0.020728388033687383,-0.1827742464579014,-0.14329857670118068,0.05714763153737621,0.13890136378767973,-0.07765153787858733,-0.18981131495977027,-0.20518659975048237,0.06436248331641528,0.14385241413340824,-0.15678310367471857,-0.17846650984130605,-0.20298016798027338,-0.0820310661909473,0.11066393830052411
2025-02-19,0.14380829712537727,-0.012382441813699368,-0.03818192109579189,-0.11992504845642088,-0.12159920822778578,0.0015076357337259635,,-0.15069470270481322,-0.2932975683865767,0.3023474222320152,-0.06523799702902552,-0.02281387821380379,-0.09666940022391667,0.005151187861149581,-0.07435026230142595,-0.20216103268252025,-0.2850592216202238,-0.028331416755462243,,0.004974278658671676,,-0.013729461029497542,-0.028740924095987865,,-0.24510022102252213,-0.06491516648985889,,0.03540599956718269,-0.10348395228180222,-0.13641938646865093,-0.24157872843074432,,-0.34307552434758787,-0.2190219817629617,-0.09984422656281344,,,-0.3366972874680357,,-0.0818174677653388,-0.0767490940852587,0.07116002722012894,-0.10864942018220018,-0.08479886850314053,-0.07862272333004432,-0.2562786839747109,-0.05916992463671673,,,-0.06560579791549175,0.010477377591166254,0.16873416605338176,-0.14340631329932071,-0.10359415580480003,-0.08762139240034174,0.004705710552746966,0.1125057550921821,-0.1362241885061916,-0.13774768250372219,-0.1449061786027568,-0.04305620210876898,0.16370336663193946,-0.09596459266632476,-0.10176507357647833,-0.09755979449144621,-0.015124226324763769,0.2063477777605486,-0.13319540275103378,-0.07076559351955143,-0.07082817020344223,-0.0010999008589294241,0.1662521012656324,-0.14089162964656451,-0.11769591391693184,-0.09717337308659757,0.004480351983165342,0.128565527870933,-0.13084394477810277,-0.1327221544935655,-0.18481615519468939,-0.04892957876289629,0.15809645515710927,-0.11997357230940713,-0.09305738478923174,-0.08169299741885978,-0.002520536573420134,0.2084473946931173,-0.13317589586267486,-0.09674274211778938,-0.1087280376947319,-0.005841994345883757,0.15976156064120192,-0.13433113569695793,-0.13135342170901412,-0.0990405185679913,-0.018801870521059885,0.09094817029879686,-0.12403642639554706,-0.12817112521288943,-0.18372039286029496,-0.019453211446899283
2025-02-20,0.11453367589338485,-0.011002994647562813,-0.02310190809732612,-0.22542169085870703,-0.1882763655139308,-0.04082745086737478,,-0.09660218742483154,0.020903980348189598,-0.02414159842039479,-0.10150235496880652,0.005435424233216682,-0.08169550625317303,-0.005050444327747194,-0.07528273727276702,-0.17697960536422228,0.0010806150025993615,-0.01876536661016857,,0.06096158601557741,,0.041213771478393633,-0.06182695990494879,,-0.006583419580551934,-0.07297215595551158,,0.06914820412321306,-0.22097636983736726,-0.05872861074838226,-0.20719617492123854,,-0.0036772303296418334,-0.07037806535042554,-0.09148005336427943,,,-0.10096552716848584,,-0.07393261322497913,-0.09232396868621481,0.09214539532089472,-0.14943432282366478,-0.04104266804377457,0.03806306149353889,-0.05663800740281949,-0.04944624728468496,,,-0.06389047832881645,0.011871970731914809,0.08427477761171394,-0.1524744427119828,-0.0935838230937385,-0.048799762151855317,0.02858502549382249,0.0644826337038164,-0.13870606072468203,-0.10816693315408143,-0.04454165784286051,-0.031380151562452434,0.09378611784910902,-0.07368269743794428,-0.07722939736808637,0.002721345445384993,0.026851822848292593,0.09966560406629114,-0.1467298010671247,-0.07576472428744821,0.0684188156209834,0.0014061560694741812,0.07835506453181579,-0.14595226882785511,-0.10406013533641541,-0.04361830512834736,-0.023941656960490373,0.06912837881274247,-0.12973886658535633,-0.1043534978416595,-0.05412649208096097,-0.006719373787118608,0.08878975287257895,-0.13291429137906566,-0.07048936044430544,0.0274832763677843,0.012003619222675229,0.09404906935281676,-0.14456386239469374,-0.09235003016902181,-0.05629795115686387,0.026146984390137164,0.07792767210919554,-0.1366027704855179,-0.10293694621935039,-0.04457069892278586,-0.02344598141509742,0.04253045885827037,-0.1198609553923127,-0.09756209558333638,-0.05661441944158751,0.025321774544742482
2025-02-21,0.07088110518245254,-0.018683945287341297,0.03941459893692387,-0.1522721635665105,-0.11149900459505391,0.04223621279752523,-0.04482699001238527,-0.15983616593689076,-0.02244000181855791,0.03747717889123467,-0.011622609196084908,-0.03263422710972324,-0.04835140424750742,0.04347656761617254,-0.014335630820157166,-0.015106624171730866,-0.15925266828433732,0.03712368450237721,,-0.044645848517108205,,0.018080882648055293,0.00036269255638660857,,-0.007419972900235128,0.014337395822915436,,0.07384508525964473,-0.0871884976665263,-0.09302031396724222,-0.05503497357746114,,-0.06316031388095295,-0.007569253012952507,-0.11289301524248602,,,-0.11503259619483214,,0.022151759001633183,-0.1675734732476347,0.1660615349421641,-0.1046116667014821,0.004590605584458542,-0.029282021998385362,,-0.0751702738205765,,,-0.029464994350347638,-0.04581880015022453,0.09372992402349017,-0.12410265339462448,0.016668273567304735,-0.16879585440162823,-0.00043724719952156803,0.09839898385347771,-0.11817932878601888,0.0227201545152177,-0.07596582401569422,-0.037896095756328504,0.10860358038073319,-0.05985147389211963,0.04187565984407355,-0.04338165648423024,-0.0437014784919327,0.11283224871203347,-0.12020105221509497,0.01953890849418978,-0.058894607769145624,0.0008105677996938006,0.09014512960489711,-0.12039822232832978,0.015896227209938444,-0.16960883234215224,-0.021317281628127266,0.10121855060708536,-0.1117051735362394,0.031594073910310945,-0.060750689543461626,-0.007588029063590249,0.10195919949770729,-0.11878330562167703,0.02077570054932012,-0.023812813170067827,-0.05353908833114834,0.10424957170431662,-0.11624249749348624,0.006864479000008691,-0.1646746384774409,-0.011222634331642386,0.08847866469318716,-0.11237889602327364,0.023204569814943378,-0.16291086285055634,-0.026262641194035097,0.07443735475944882,-0.10431671542563158,0.03870549224009215,-0.03712737055894512,-0.03077498165229548
2025-02-24,0.027013761068247457,-0.02958829128312594,0.03831318902706239,-0.11934539609459872,-0.15096481502020329,0.026462058577035492,-0.0520087980849121,-0.1566746378980137,0.006520413877652046,-0.00041867893514423594,-0.09383011413597585,-0.0052930363260165975,-0.041084006361130354,0.06916995196913871,-0.02635851460680535,-0.02692388994374292,-0.08183387074651952,-0.003084946299366461,,-0.03064375144579618,,0.07973142638758762,-0.03754662123110596,,-0.0027137736936500606,0.006797702180325491,,0.031134225476120322,-0.09722040034625114,-0.03996221780933795,-0.07298811101908477,,-0.02348110418256041,0.015066691032389789,-0.10467013678961924,,,-0.08779868063085022,,-0.0036467772286361178,-0.14767669367711814,0.14595436450674923,-0.09945741488148738,0.07882093536033422,0.017044715100272022,,-0.10381165187284769,,,-0.021684856329513846,-0.016344440106686075,0.08573353728048641,-0.11700422341818129,-0.009703906299274609,-0.11542746867781248,0.07191955024011543,0.07053284188327118,-0.11324265979113271,0.003965051684537476,-0.006821932203834681,-0.0010828033148811943,0.11014389033321575,-0.03710749296196836,0.009541491001793214,0.0216659521849631,-0.04161547418161066,0.10121240820308909,-0.11220200101574081,-0.017438531313303703,0.02138244736743374,0.0020636709682104034,0.08586459381247281,-0.11139346166270056,-0.0011701049490183278,-0.10664514861856353,0.011258105223606452,0.06488839714946278,-0.1032369522515614,0.017794587273536628,0.018400376247952082,-0.009904856714590762,0.1050152348374721,-0.11248742115332938,0.02097361593860766,0.027544067353066574,-0.018010255382351688,0.09691744708165585,-0.10845856851465166,-0.01666850264003728,-0.10774588758733332,0.065034042626334,0.08967980029604229,-0.1021141057325487,0.007260512646159679,-0.08756105080206515,0.010391509802946373,0.03817193047909812,-0.09211895592885856,0.0013028692342284152,0.03716031348335047,-0.030805097235201098
2025-02-25,0.07037235500353133,-0.02993928035980801,0.036613906026100644,-0.10551544904150753,-0.11559603589612384,0.04077347610085815,,-0.15978644714390122,-0.09467920734961627,0.08012026741592466,-0.05939259991771346,0.0009032091094584382,-0.05384998940573774,0.013497281966769695,-0.007443918185779692,-0.03028553854263223,-0.05499452701634395,-0.031144280761314667,,0.0019130482474294748,,0.024221432899644357,-0.06317002512248854,,-0.03792273263395662,0.05166999565000872,,0.02399187534061107,-0.07494162021338366,-0.0603143639684571,-0.09043466113085573,,-0.11627985862829475,-0.022241082977199372,-0.1411861777068862,,,-0.13673952392771044,,0.018779790871213675,-0.13385710757432362,0.13205314186396833,-0.13833571023620425,0.023320509571198147,0.04224422232902837,,-0.0678028384372059,,,0.013382724330582798,-0.03584410848462121,0.1264760839532811,-0.07722440135930869,0.02679119575780562,-0.14823747394226414,-0.014029572166617975,0.10403548364666582,-0.06999173716719223,0.041422093942715614,-0.06850006103449403,-0.030014978929680487,0.14766729485273838,-0.013966475497887541,0.031312234842172416,-0.07035098300000159,-0.03952918051436643,0.1513864705059242,-0.07961436957113188,0.013677997849355895,-0.06560610160896947,-0.00687314333511896,0.13218521407356135,-0.06972487932252786,0.029742984708346347,-0.1409430527279282,-0.02337046249316145,0.09969287162651633,-0.058352726014443634,0.026753791299192347,-0.0642585668969054,-0.035901172245816584,0.1459420583112444,-0.08305905139448316,0.03148886875381668,-0.060326496879689426,-0.03455832020703398,0.14665497594955446,-0.07246535502952775,0.01390581438875089,-0.13853125262804905,-0.023044273106363602,0.13578092182901955,-0.05789089399744853,0.04470537441430517,-0.1339210388192056,-0.02937065150210421,0.09167145720504927,-0.04674090870648286,0.030073956362208557,-0.06394354585912419,-0.02709332565797384
2025-02-26,0.016318367830516975,-0.0239737861371914,0.06068841924046999,-0.09790116178515673,0.07117335835481446,0.07114620309233805,,-0.09182174058690971,0.050522800113316745,-0.04574664665679552,0.001550491204587501,0.025386227967390384,-0.022622653755407625,0.03527220450726008,-0.01687457191855322,0.002600296097659962,-0.0514545600626372,0.01972762065476652,,-0.0544626526178726,,-0.005266871139928166,-0.05234286115503316,,0.01590706409062319,0.07210693450220737,,0.014122798744796015,-0.019809645274476474,-0.0173604328701011,-0.048311919793478,,0.02899649240853885,0.06705956335582443,-0.11499251895972634,,,-0.010668267298084665,,0.08836266680320527,-0.16208562440060834,0.16401268972282884,-0.0429508520150649,0.04963496733617596,0.01984866568668723,,0.07680159201243097,,,0.03961633653725334,-0.04203792339895709,0.011979974129894445,-0.08488217356140504,0.07987297263769955,-0.09650006441037341,-0.028455607277511768,-0.05864430071252918,-0.0810294817321066,0.06960300399171787,-0.0038168137558372353,-0.08366653947878136,-0.03326310195441943,-0.046396403773091836,0.07369221800452594,0.008959082214991861,-0.05063569112357188,-0.01993828490499391,-0.08642497695505864,0.05284480567343663,0.02117929343749154,-0.05574273554873195,0.011864722166728583,-0.07704080592625821,0.08679085186305914,-0.08326890952759157,-0.07178196605604513,-0.061793941636151775,-0.07104218407729082,0.06852656678366315,-0.007308075985364892,-0.052672570247682744,-0.04234381474970408,-0.09308804586182645,0.07130578687575087,0.026229347150575646,-0.033221029027524565,-0.029866058312597542,-0.08004134245104556,0.06492692377269105,-0.07721540615001517,-0.03826553281922141,0.009218408940041693,-0.06846377618306657,0.07598488967558777,-0.07836515752301226,-0.07653954743509898,-0.04696639062285547,-0.0677778026497556,0.06495727257482867,-0.018805755254069287,-0.04239810256756911
2025-02-27,0.02022756238033699,0.0002518150462835372,0.07471434868727798,-0.06137471598971866,-0.06166841519419546,0.06972524514758525,0.019195820580269272,-0.09107588775734213,-0.007653746014849943,0.028735209500919325,-0.008344422419069235,0.022158322510309667,-0.013389299970840995,0.05147896400931702,-0.005204570434849993,0.006480986535638195,-0.07596917698728577,-0.014602793193406962,,0.031550485438079624,,-0.01887840572868638,0.014525364980583117,,-0.006038765304900945,0.02095049386543179,,0.009255266969250754,-0.055366697057430914,0.008119197464572531,-0.09216092287346464,,0.005585212234955392,-0.029458858819247348,-0.03337160094941748,,,-0.039875904202194605,,0.06502859257817399,-0.17312366843449672,0.17305961662166575,0.03235121096817644,-0.0009299609721818616,0.037281666546733684,,0.024494656487799554,,,0.03461714927475567,-0.039659966237239754,0.08831885533704122,-0.08034785577097736,0.08078143433204214,-0.05108541226919017,-0.002366492898367482,0.01087691205240839,-0.07520140970390796,0.05665121162148651,-0.013361709738255817,-0.03444837469979746,0.029069365369362797,-0.05405915943883286,0.04982780353899465,0.023695843724673753,-0.032934842463650985,0.06263917620692121,-0.08315931537439182,0.06472730701043526,0.02262013886994162,-0.024976299401886816,0.08470173425860725,-0.07506670230538863,0.06934607970138545,-0.04315148441231236,-0.08074683766142376,0.010148775438179528,-0.07158363202091503,0.04811144958733921,-0.016983423234395827,-0.02320596646082878,0.022375542454502396,-0.08315897625083864,0.02987095732326787,0.03119451987448051,-0.036103257490171244,0.0561149332799147,-0.07339694497674903,0.07418294442591633,-0.0364596746953191,-0.007930134740910009,0.08364110213057169,-0.06261858579171482,0.06558592025689204,-0.03828442177671571,-0.03918576705681574,0.03437093493972934,-0.06851002140194169,0.0406910440141063,-0.010875397110765885,-0.01946485882398077
2025-02-28,-0.014612969643780052,-0.013398882607207075,-0.0070548806967414964,0.15263666090493594,0.037521825365330844,0.013431589963632896,-0.04464209281150187,0.11460674135566479,0.13143456737409281,-0.1128606291886117,0.025534127631678876,-0.07725444017828649,-0.0492660005240464,0.10400069103318507,-0.018635705449831105,-0.1056002561646346,0.033393715271395195,0.03246198999082024,,0.11602492639756601,,0.022013934974965756,0.1555103206504949,,0.20629176682555178,-0.047307379440938,,-0.010063567655391048,0.04466923122445647,0.12809063278110597,-0.01547840733390765,,0.2770835469598077,0.10499329997348494,0.05616368614799405,,,0.19721239299803076,,-0.05180147195678708,-0.13159877893438462,0.13698508826284023,0.08082627417712189,-0.028651142853989998,0.0281091360942104,,0.21430438693060597,,,-0.06532260955580332,0.09858431976275712,-0.10204071915129741,-0.11844074191960129,-0.08514295257309183,0.17288571426010135,0.0822299571359952,-0.1566923712160675,-0.1043092231887111,-0.09180932928010672,0.10624688829313216,0.10664966621657423,-0.18531355671668678,-0.04926111247669412,-0.07249694210883356,0.16389232260896408,0.11126760451026456,-0.09578403132354327,-0.115447685139557,-0.07059741982356955,0.15128150640746593,0.10777674446015358,-0.10626651731430091,-0.10432205516013296,-0.08684434772530639,0.17921217011549692,0.08228117351273283,-0.16070002767806796,-0.08950705922645123,-0.06553119659331695,0.06568049133827623,0.11055924182733821,-0.19234002742174616,-0.11014739768145664,-0.06749274237012808,0.12755134920509664,0.10903799576284604,-0.10347853263860275,-0.10288302285094926,-0.070345775665485,0.17722817982640418,0.07662732833254635,-0.11244644544755059,-0.09023429598699204,-0.081834105637829,0.1916512237690577,0.09123335986675929,-0.12830143363497407,-0.08032749696021646,-0.08880500756403924,0.03481353444410897,0.1157772927439543
2025-03-03,-0.11967768390941724,0.0002472042892164114,0.018733457599147525,0.230359896670252,0.1608940931202589,0.027168402372192597,,0.1547227331716677,0.07714289339948506,-0.06860878437882957,-0.10268212446945744,0.03876285522494824,-0.03443275653353547,0.06373284087008597,-0.024637887111193666,-0.1294682883010955,-0.06053553918574226,-0.03360862401160724,,0.061750852424704725,,-0.023779081400248734,,,0.051665079722812264,-0.012589054028957344,,-0.049761209928707306,0.08532773241947907,0.10712427921191373,0.04180824892379413,,0.12917934199142775,-0.0034270333325486227,0.06320904909384381,,,0.14135621270768617,,-0.04834445528008181,-0.124303875707505,0.12692957957566825,-0.0012193427469162884,-0.00904520509974647,0.05045562293072464,,0.21286629639836704,,,-0.0540313520623035,0.13477731498714748,-0.06716861074548754,-0.08296912597991435,-0.056591042566170695,0.20804047996859665,0.13215329781126506,-0.07745219586155691,-0.07039216738121451,-0.04867801702660914,0.07016112347126298,0.12122882387644483,-0.18302597521087774,-0.03470962765895791,-0.06681497397848316,0.1263786509495257,0.12785147380984804,-0.07626357499825111,-0.0825896350497365,-0.04134043155622128,0.07832405943759227,0.12712852518568582,-0.0696858169070794,-0.07351350203836894,-0.05962913165950708,0.2180205789832362,0.10753759361009765,-0.07670737574468663,-0.061019478221152286,-0.07182431775614609,0.029415346816190974,0.12885143129374657,-0.18858088252086663,-0.08343120095115727,-0.06668148127632012,0.06512478342378203,0.14351783737302637,-0.07904916975440851,-0.06860063958293994,-0.04688672735379512,0.21630792393989262,0.12684214977566788,-0.07608671290295982,-0.05987756612079244,-0.04090638842800575,0.2226899051565712,0.11407997943530607,-0.07781130288959523,-0.050244147342425174,-0.08058949359456855,-0.02456954004477942,0.13077523629656854
2025-03-04,-0.020107818839072318,-0.0023350131267125193,0.03153577595228699,0.14012630450636385,0.12059904028410219,0.030659493510915625,,0.0769391582714749,-0.13702937964600426,0.13760702634683825,-0.07296741989079633,0.020106060309827863,-0.07519817509459589,-0.030704588649615498,-0.07717370071243776,-0.1700076443450298,-0.09889304333502641,-0.062399816188784006,,0.029361216046144018,,-0.0684501771509344,,,-0.12085280727000453,0.005107354936196806,,-0.029670620644227833,0.1257429425227339,0.046895059261980364,-0.040447188613502015,,-0.1987446534004418,-0.09724048480329858,0.02647537138728892,,,-0.12842647400002594,,-0.04315679899899497,-0.11159746306190454,0.10762263422000559,0.10027985629069107,-0.05565908680314942,0.010489813145370527,-0.07504178254980581,0.1674631502560172,,,-0.041547475688315266,0.035816914639833365,0.004720060754771574,-0.05345072287078054,-0.04963073397819554,0.07569021687494078,0.0641981263043713,-0.0014586864855663298,-0.04039297379805271,-0.05294330413927955,-0.05484218607698544,0.03985148693376975,-0.07868268937506281,-0.036584548492178466,-0.05704798471305107,-0.014003586318116934,0.059513361282447795,-0.02453334549172295,-0.054678603712507434,-0.0468829678134173,0.005188791286863342,0.05483971886995443,0.003872285892255084,-0.044683717684450786,-0.03952970019970866,0.0785114678696306,0.021892376745127628,0.004007918358388578,-0.029737325727663223,-0.061315010504324,-0.08143416820162964,0.045408926526900054,-0.08475006517238157,-0.0630407436641709,-0.06494803975558752,-0.053120473392060566,0.0460678513437143,-0.025330920552802873,-0.04795376616551983,-0.044815478550072965,0.08170841278307536,0.06142062279667627,-0.0023757570078128815,-0.035543216850086705,-0.05329162994921444,0.08292565456472789,0.019994368803333263,-0.010740142440855627,-0.028215871668328847,-0.06185200279422361,-0.11475560218231938,0.06752787398364925
2025-03-05,0.07288457713995455,-0.0017075310058500353,0.019690573382947444,-0.03560783871933913,-0.0847548158024017,0.03365380943086508,,0.001261474114814848,-0.15333090405102737,0.1295775743194049,-0.035485145627813096,0.015897976742616643,-0.0327557693750259,-0.006741013888390242,-0.04210145151952578,-0.05661198765561688,-0.04150969406192863,-0.05009737483644509,,0.017086103327504532,,-0.007830426582154666,,,-0.1250734324666129,-0.004490155301924784,,-0.01690471583846405,-0.05025991147191501,-0.03748998510515888,-0.07075663603613926,,-0.130322404333339,-0.08306677572523223,-0.05802934817219683,,,-0.12216467686815151,,0.006488499167782532,-0.11133671647528103,0.10487187858362557,0.03184848800821054,-0.024362967767852614,0.03918706061982414,,0.01823350995757491,,,-0.011266864225154686,-0.06063724991825486,0.15994451385728387,-0.028025933927520473,0.013139525910028427,-0.06166600184157178,-0.06648449308607403,0.15810226422029924,-0.01661518153557746,0.008391062808224973,-0.08740796294094007,-0.05490763822688097,0.09537962168393922,-0.02967406187497339,0.0019269238419558378,-0.07762461644060062,-0.06448042518941668,0.11940715618711886,-0.032661329462790864,0.014293511347677703,-0.04618232349441776,-0.048283039345198786,0.15524749188162928,-0.0204449574089821,0.003802588082427891,-0.06025940639091675,-0.06821617967017532,0.16619234522189988,-0.012069151146823612,0.010418908319980647,-0.08806964294662434,-0.05166161713419812,0.09609102775740948,-0.037659976947181956,-0.028644921016123228,-0.07402948896952485,-0.05545429259372718,0.11661918787175823,-0.024527863715822988,0.016420379423713084,-0.059756385715599804,-0.06305549642808099,0.1492170308947612,-0.01268933560094646,0.003036028762031557,-0.05776359536294938,-0.06750263428161501,0.1315901796969669,-0.012601727951076702,-0.000704835186356452,-0.09579138996385748,-0.06329329639903988
2025-03-06,,0.01802213708299874,0.0927832736694383,-0.07104748929017342,-0.044751285671780446,0.12839741901426882,,-0.037029915381806396,0.1164517447309376,-0.11730680566236701,-0.0013654073499328244,0.13973982448778585,-0.049079836768806666,0.1062332131564761,0.0016856025133263571,0.05984395179229836,0.020957589513472905,0.09057941562329884,,-0.09534398333441012,,0.00963304506194967,-0.08518194463264647,,0.13945839226086834,0.03616557488122596,,0.013619463804742887,-0.0821520907061628,0.03290524173594746,-0.037561958055685025,,0.08713143648954476,0.09382357728641376,-0.12595204928851242,,,0.04497830682627139,,0.1523222763133528,-0.16328020369232682,0.16100148877647366,0.034133758386361034,0.06505482708522016,0.1372139163965731,,-0.038083845604805266,,,0.004159893622318028,-0.05765636562502009,0.023316730457688298,0.009190035257765338,0.14089106813975089,-0.05408478061466944,-0.0539420940741952,0.08705461529686681,0.015447793448260094,0.13282831786410904,0.10231792013016343,-0.1042028652264535,-0.056246823054394365,-0.023206659339002195,0.0878143806656525,0.10208323503230635,-0.07907686228210198,0.030226753823471363,0.002326404230650124,0.15382742087840115,0.11031871649160462,-0.07665517337093541,0.017479475518517366,0.012665398056540314,0.12966380374657546,-0.033323145100556825,-0.14946380149079377,0.07839103864944871,0.0178424435072005,0.11232138393267803,0.10982006238648256,-0.10306655910824856,-0.060756367897125345,-0.00637232743552481,0.09297955069170971,0.13128563006961225,-0.04134365441217519,0.023347773665760872,0.006869812001539477,0.14464161270482181,-0.0013599637702827107,-0.04194732934515239,0.010462486065645071,0.01378708900642522,0.12273276540521245,0.00014576495646368695,-0.14392476825444217,0.08025622202189882,0.013261626855201741,0.09178415381103741,0.12211329750360018,-0.055030707997318316
2025-03-07,0.009185206502506668,0.0014670429452845492,0.04238521621040942,0.022425261045733592,-0.12551352911392422,0.08582981995525664,,0.03233938899311368,-0.12208431568902961,0.11492884842832547,-0.05431117158876403,0.07780917161991595,0.007720056290522498,0.051593659009591,0.0315681400986271,0.07869322926088196,-0.0664213548151991,0.05407049321993817,,-0.0829187143811774,,0.07540064365457207,0.02268338016349273,,-0.13463131975657583,0.02702497768017574,,0.010030334428689074,-0.022155464297841973,-0.00478645271354492,-0.02077644858822891,,-0.07414395397604492,0.016849157304778383,-0.07680609628862488,,,-0.05733363775940348,,0.13396553046381204,-0.18162625433704999,0.18023063311388085,0.07234229593098737,0.07293750660981346,0.08988738848623076,,0.052678006743248455,,,0.012699601382948152,-0.04404305268815568,0.05019858857527629,-0.047785466852900714,0.09970947555233928,-0.03603513006732651,-0.08603553254165013,0.0884417726839574,-0.041147981075617145,0.07386590954297391,0.044131726345187305,-0.06448741222210777,0.0035039841291792826,-0.07078544198273903,0.08898581414445775,0.030275320324638987,-0.01133276148371292,0.005732126924019952,-0.05375144172811563,0.10871643149199313,0.002036300568006905,-0.04325874860288448,0.04543185270452637,-0.04596400201396579,0.09340124408865881,-0.015677947832966773,-0.0905463310816415,0.08268205566530738,-0.042410279463379934,0.07122795724184412,-0.0014144551792862126,-0.03337532615262196,-0.001733854407896238,-0.061655601306482205,0.08360350609069259,0.020710477172320333,-0.032520509679866805,-0.0011629672936618843,-0.0498507025576595,0.09693351605903311,-0.0030381439163281853,-0.06888705234204628,0.04424626578794883,-0.04279020189618513,0.07529167054259232,-0.005551480491547745,-0.08364371798009838,0.09480182741652632,-0.04353340317617911,0.08832231169837426,-0.056562243732155855,0.0012255746958040935
2025-03-10,0.09454158571774586,-0.03520929185558613,0.04663402562346021,-0.10920477110683241,-0.08998886908416445,0.058982961463147354,,-0.01737232342126429,0.0019418335394749684,0.03171228080716661,-0.002423589279748787,0.013935227412672158,-0.015691761629177705,0.06045504399814931,0.019197444559226513,0.014360017133561873,-0.04640819314006678,-0.02627472157758053,,-0.026736919113356336,,0.06262457230762482,-0.08107123647139526,,-0.003364921090186768,-0.01636266055931166,,0.038949944250949387,-0.023339464717288826,-0.020052968101090137,-0.10832536530830814,,-0.08332859573712459,-0.04161701339511186,-0.12911274263553454,,,-0.11466644623591192,,0.07110874310939688,-0.1377109916905336,0.1370194061248977,0.08784735897437086,0.023545235511650567,0.012206845572718282,-0.06896241332046765,0.02181009663137667,,,0.001619738928791864,-0.06432832595300352,0.0855593874061108,-0.026078554822360992,0.06331376496865758,-0.08095444733990344,-0.1387193089403265,0.08014866515503448,-0.025987129720383816,0.04669483793933361,-0.052216253335642955,-0.07316933880728002,-0.002670256212268408,-0.07177526512296478,0.0505982285182841,-0.009204126255204597,-0.07280653937926222,0.016799451116246793,-0.03142645264521149,0.07313909482036418,0.02575786236659506,-0.08814250851008287,0.08373290226520835,-0.0276209562836243,0.05381403689071015,-0.06703839567901142,-0.11263972803550437,0.06725569900348538,-0.02849700992296199,0.0555446444253286,-0.06788212457908174,-0.04609530218829272,-0.002261095694087525,-0.03558304052567377,0.059980129834189676,-0.004297235446528784,-0.05637605289398084,0.009605459277612966,-0.03170230171685457,0.061052901198779104,-0.04948025917729848,-0.13084613735968506,0.08250266922339518,-0.031174176523221235,0.049684516352032,-0.06613309824791778,-0.0984052740820958,0.1032759201996647,-0.036228875504923486,0.06196263428829892,-0.046110995971146096,-0.06018549849514401
2025-03-11,0.043534067055121466,-0.02530867024833857,0.02100327204148637,-0.04115986992968145,-0.08258740362193538,0.05307309941006654,,-0.0393683817398608,0.019005091178016832,-0.015643589329897435,0.008141162807418358,0.017498505226185665,-0.06012381095773027,0.03191071755809663,-0.010658290872873377,-0.013720742860603043,-0.01729706163206401,0.0003469320627032653,,0.02774823058907567,,0.043279719034020246,0.003378388103762878,,0.01723520839022422,0.006687351457034641,,0.007830803400720301,0.03464702203097529,-0.0068976829439837545,-0.0691005875184646,,-0.004538747829101846,-0.012238725884180745,-0.036196838886187785,,,-0.02489118616808152,,0.04856743536101478,-0.12071688363312492,0.11931530634795322,0.05934451580794965,-0.006039600642034313,0.050431348395716086,-0.039162821753994576,-0.010275056168211257,,,0.001263601252456068,-0.0654693219325801,0.04271510031336807,-0.04356887815718165,0.026611994513305377,-0.035898701586995194,-0.07094561206622671,0.029234873352735405,-0.04194011717198075,0.03098914549042973,-0.011947938677775482,-0.04376945576251854,0.00971566148186085,-0.07580462829406551,0.01800128550366746,0.008970109456916987,-0.057111168368457726,-0.018165379138882016,-0.044962145765086545,0.033361738928649326,0.017942638892368457,-0.08395727567992976,0.04138337594364025,-0.044754719734567426,0.025427347871992384,-0.03573862490718249,-0.05971645565416345,0.02244789408643114,-0.04471217834045911,0.027110759076146535,0.0010474515095704958,-0.0653849879779346,0.013372289252714714,-0.04491060846371525,0.026335675725727738,0.029127137214976243,-0.06251721173789315,-0.019503601370154885,-0.04640493870764252,0.029119185634784175,-0.020482675916804156,-0.06793679245838244,0.03771412205331642,-0.04595517071490089,0.03809849921357765,-0.030857553132534996,-0.061653222639103694,0.04530558084122265,-0.048411179061023844,0.01916640976201892,-0.010508677223898755,-0.05166431644341547
2025-03-12,0.12373541038582885,-0.04712216762255398,0.08926346041606215,0.02028193681284137,-0.10700614099804483,0.0901668399220434,,-0.03816286544945152,0.03534915094451904,-0.016154728830475456,0.07020650127106362,0.04318953543709576,-0.005594086288766004,0.1178609750019745,0.03963711066924928,0.07986125095382893,0.0053708327636761855,0.01319277854200091,,-0.046141053745898976,,0.04486626352364346,-0.03227285972777726,,0.03555589525743107,0.07394969657931884,,0.0037449117031154804,0.04251310943160456,-0.03251820274506873,-0.1351245071265941,,-0.048706196911160904,-0.01366471204502671,-0.11325555883557908,,,-0.06989008070907685,,0.13506753364591148,-0.13077541879751334,0.13033855546292133,0.07651999514734724,0.0615941597347948,0.047975830258203005,-0.10640676894409629,0.04685337291757858,,,0.030500980863242794,-0.15413000725645232,0.09849488035684485,-0.009995479684706115,0.11662444035566161,-0.07994085823797369,-0.10892946132532712,0.1119554962171031,-0.004014661697466027,0.11354561188222728,-0.10821345018268642,-0.0448075661040291,0.0818954463235998,-0.02958372972812542,0.08196535112806674,0.019233262456370713,-0.06994185414280574,0.046405113670226435,-0.01056715552352817,0.12349586018819189,0.021090899097906506,-0.14597186084641495,0.0957302289479322,-0.010386858800675344,0.12529070411999205,-0.071648066978276,-0.07925260882401518,0.10980144017363337,-0.004004371578074651,0.10055349187878566,-0.09212496025901379,-0.03092224862624025,0.07953089609811125,-0.011543597795342328,0.08325353124094806,0.019601721982413157,-0.14397685614877492,0.04404920064428416,-0.015634280811130188,0.12023782011778979,-0.04197952809974579,-0.09712528832130295,0.09666692370670885,-0.01147941476724568,0.11594250153997339,-0.05708348146196583,-0.08988325970911344,0.12433812849234173,-0.01160760026232306,0.09547592609637655,-0.025427048630472376,-0.06748219889068087
2025-03-13,-0.03289751398016535,0.006279663749299777,0.010575828905703393,0.051172769445053494,0.07499819088240554,0.03670742678017019,,0.04270334452681267,0.06023190982901454,-0.05028192574578518,0.024341228395303945,0.03382734437340945,0.021103053392883195,0.07659620177762742,0.05258086227131899,0.021565232136649383,0.027107039270567512,0.04685495504600528,,-0.043268353666899365,,0.05734251817255504,0.012653912612708436,,0.058866296088296084,0.05310277318282962,,-0.06402589159272457,0.026589968253884953,0.07426848435135558,0.011184166338977218,,0.06770107951358441,0.0652434585683382,0.040054765742448914,,,0.07405316014914072,,0.04273309944327688,-0.10440917500545221,0.10694210508790242,0.04862137274560084,0.08015864633180533,0.05042174779902827,,0.09096249068121327,,,0.014056189215710016,-0.04341482668523002,-0.06344213583886398,-0.04233243217927391,0.02726121548545352,0.07045769580416801,-0.052416026769598535,-0.045680493354522796,-0.03406938965984704,0.018428788437447306,0.02662450952436946,-0.0637103142114609,-0.048360781396032636,-0.03438053248657044,0.03412531288335706,0.05745077886873996,-0.059993334367006934,-0.1027692198479583,-0.04619840701233653,0.023042507838430457,0.04363921653703567,-0.04670948210328695,-0.062110712570227315,-0.03840511052028249,0.02339706388787796,0.07458298218362766,-0.06046120242550527,-0.044996427542582235,-0.032062702015453325,0.026874776997082118,0.059090545176578184,-0.05668699472501334,-0.04174652092785748,-0.040648271108754346,0.036109039102492704,0.03362311574258458,-0.04259359052685128,-0.10070514147628887,-0.043461685675024855,0.03165566535678876,0.08631325163194516,-0.04925114933635638,-0.06500188194436539,-0.03587337420406696,0.0219367639429471,0.0775339261199335,-0.06192307918273345,-0.044462449335057226,-0.031229871986822002,0.026706804497215006,0.0717482109285385,-0.06901721544494581
2025-03-14,-0.021229358214847692,0.0020928116879257138,0.013821576179565065,-0.027316299422214155,0.04403671514412786,0.026608617772575827,,0.08848085025537152,0.09540045159908629,-0.10815304373740957,0.0021244004919258007,0.07071514718910325,-0.0602771695820179,0.06847595568378906,0.02736560664535285,-0.012842459100211074,0.02537950268212416,0.00815847023721652,,0.006056081581630906,,0.029480735442586888,0.0414482783369195,,0.05439508513098469,0.03705754243645647,,-0.0431905637333726,0.02675388271605093,0.027478736646283988,-0.04132996427856424,,0.06023366997952141,0.07602068385934369,0.018158298289066482,,,0.038360852259141716,,0.05395298017653364,-0.13599038251822024,0.1382090482824197,-0.001993805366131509,0.05043713922500058,0.056164995700912795,0.10047756043667112,0.0367490230343689,,,0.028299748940945214,-0.0577896063477701,-0.06105570100964902,-0.04499551146801015,0.034207848112475694,0.0831544395676555,-0.0027754462306945615,-0.009685544052233817,-0.0381487337956949,0.03719828479995588,0.061572460056063934,-0.04514925346601486,-0.038004736367825614,-0.056403958958262376,0.048934458072169285,0.05898163751808971,-0.05189362266452988,-0.06378300285575322,-0.05098581246372279,0.04261634888569288,0.07241747155016706,-0.04646096057730917,-0.06353820622063674,-0.04393704277140783,0.02989961042964522,0.08751286327874026,-0.06156288290193729,-0.009655332035905694,-0.03545522027550736,0.04080011261499524,0.05733264437842522,-0.07283908391411884,-0.03338742057743222,-0.05921334622500141,0.04220307518472974,0.05255939410280525,-0.04997294986374088,-0.05560549022899607,-0.05460339406324334,0.03327480076116342,0.0926804186555633,0.00015328771776422772,-0.06523029895962679,-0.04449175641521988,0.03558654975030704,0.1043209433215447,-0.06653477704295421,-0.013328459227015314,-0.042259443031585596,0.03998655312777192,0.037609594245583224,-0.04395686897953466
2025-03-17,-0.037769708328775936,0.014123032462772113,-0.021999717209342535,0.030154398040175855,-0.01904366176714673,0.004776588947697108,,0.07603194379001724,-0.035546717240594085,0.041002125799983136,-0.00045401538361558694,0.07148332451607832,-0.014651759644924035,0.032776434300576876,0.0034566178151943156,-0.01761007414055699,-0.0324059855363078,-0.025662010613269746,,-0.016834737414240963,,-0.007390962542238802,0.05517899753665723,,-0.025151772183083725,0.01850572111932499,,-0.02187577390572357,-0.04510406203545189,-0.0030905520193067115,-0.026180452884377134,,-0.011382266860269892,0.04076870745407548,0.014165541295560245,,,-0.00942829876534349,,0.0449526113362772,-0.11537145156378342,0.11459413682253557,-0.07867320673092817,0.004345886425199298,0.04841796692543594,0.005093924297113471,0.07178819244677699,,,0.028109467625482474,-0.030605353641674042,-0.010307513371653443,-0.03617214423576109,0.018258107226305772,0.08567441073917235,0.01537186489603998,0.04607861599722383,-0.02639081625733552,0.013747286452898326,0.02157625063892438,-0.06499928277867895,0.024606534734319865,-0.07992754146904428,0.021132405482422303,0.020135437501450443,-0.02742541205318388,0.004944908148526161,-0.041298359997008295,0.032114616953200475,0.026476191128783536,-0.00031080493796851853,-0.012296779255068817,-0.03569679360374333,0.01629073393873376,0.09503624666543802,-0.041865966615030996,0.04443848865680341,-0.02835585399662289,0.023374947065917147,0.0012032562353538755,-0.02491080630479883,0.021704700507016547,-0.05061388521084464,0.00019666652259394294,0.0027231720278125433,-0.017232239366652524,0.012747650078394112,-0.043562484521885526,0.029705516362440263,0.07761113003374462,0.019779253509099166,-0.013598805882613973,-0.033058899481900515,0.01893338635495249,0.09460082641737833,-0.06246131731648613,0.048518716158981144,-0.03504462965425407,0.0021886581502494535,-0.012688667556809658,-0.024922791237914948
2025-03-18,0.11046636346936532,0.009776991647768924,0.024832532093137193,-0.04657002400705209,-0.11468886539890893,0.0161993759049494,,0.055743837375188454,-0.046061823285728505,0.05105635213415621,0.0028577038113594996,0.04477423818219661,-0.015475081871626419,0.05605471780502985,0.01893801967686928,0.015258858951276377,-0.03708662582924427,-0.11322043750467993,,-0.1505837607524404,,-0.04816788798209677,-0.08114809868435247,,-0.00787494392139975,-0.010338912870597624,,0.0715280007534864,-0.12618449194901638,0.02339988375778463,-0.0712053513566731,,-0.08494603009697037,-0.06868283144000224,-0.1069298316659032,,,-0.1246996508880743,,0.045590479243963415,-0.08864649724050247,0.0877299284197395,-0.015247366917993117,0.01719173531788738,0.01050936112386629,-0.05441778648779499,-0.011572538955674913,,,0.020444903110655662,-0.07084924735532759,0.10935502380037442,0.03180174852029064,0.06555004170086928,0.045244518816248025,-0.07434248534387052,0.14149191625073032,0.051073508042284436,0.07392785886670747,0.01822052499223548,-0.10407649981515148,0.06736146940955531,-0.03083404452111557,0.009698837117090936,0.012103159891613282,-0.1057249840540271,0.07387561230876606,0.014318601282025839,0.06323460549470376,0.05945783498195117,-0.0024918631085915303,0.10076921493613543,0.04073031683211455,0.07024287102347496,0.04720558097092568,-0.17126507299513974,0.1354566420312967,0.04791971232540476,0.06017729344752957,-0.0027994795519710814,-0.11648822325176575,0.06642952621508759,-0.010248287864388996,0.033430365049919746,0.012055637382345817,-0.06230607954802192,0.07809936173400488,0.017162547045225927,0.06593907873761638,0.05107458759127603,-0.06577199783204181,0.09985105292774749,0.041080013133004384,0.07721781551546837,0.04471886895846083,-0.1417765977787949,0.1674182564292102,0.0406189422837555,0.030490608460600047,-0.005722612471042262,-0.08556906097919749
2025-03-19,0.14919965825373677,-0.008194837102031331,0.03123492930362221,-0.12910417758029766,-0.12650649429937036,-0.0076864443436336196,,-0.016918006573354415,-0.17422938518900694,0.18275624303941362,0.05345088361388681,0.010903156029475931,-0.05832538654703858,-0.05161449920965285,-0.022042033274133503,-0.015792886850028574,-0.15779769637954882,-0.14538135182168385,,-0.062970717005476,,-0.050408933129987024,-0.1346128918989214,,-0.18097936306402546,-0.0402493720673071,,0.11793766322118156,-0.151529270065617,-0.07441806018624299,-0.19573096553116426,,-0.13839029247261106,-0.14732306950611793,-0.14420017003678548,,,-0.1876142653750854,,0.040505908369136756,-0.1289881754825061,0.12642458259969863,0.049988991311013066,-0.041915455114123645,0.001354871781477581,-0.15722427821021168,-0.05628121222063038,,,-0.05296542856178517,-0.06811502396144144,0.09678078340403334,-0.011968002943613347,0.07156296599918685,-0.046139174033834364,-0.08944281189304178,0.12627566248803482,0.003588129951582551,0.07086234940383435,-0.07437288791531821,-0.17036577253075308,0.059877144571715196,-0.08335674054304554,0.019678179152062106,-0.07234498365773467,-0.12079497729165463,0.11151355155471684,-0.038946223139673664,0.047744683172733726,-0.009342520402991114,-0.11898610940175369,0.09448185913222323,-0.010224460214191572,0.06620131827793589,-0.05010581196208805,-0.18190830494061397,0.11563478259348373,-0.004311117486411742,0.050716568507095786,-0.08244204528407338,-0.14109885029325273,0.057608776713097457,-0.06580345627629422,0.0149280675951173,-0.037106026671805646,-0.06459541509725346,0.10888703269497714,-0.02915961377486413,0.05395994407806936,-0.036816357016030914,-0.08665914885749365,0.09209668132363007,-0.014214175926277276,0.06318010726068955,-0.05219305206147637,-0.19266836753008698,0.15819274950382875,-0.009045127281088635,0.054393255251901175,-0.10029667287399449,-0.11094102216999302
2025-03-20,0.11621660562835583,-0.02980315042687494,0.07277732718827604,-0.19088461899967923,-0.2440510271297978,0.12567651038901856,,-0.08990624925053765,-0.10965330499217256,0.08952032810057121,-0.02815071473471942,0.03190996615219481,-0.07953226655390011,0.07091226021598786,-0.049386552316930614,0.004502026402801394,-0.03564485425931264,-0.13617019880517728,,-0.02886929970311797,,-0.08089863635103145,-0.04193311477624907,,-0.14530882892535335,-0.05947384779743223,,0.09731938288842447,-0.006229001518690722,0.011319930937307744,-0.2247825145126615,,-0.1164360381935044,-0.12835825588262995,-0.17118844500179492,,,-0.19361234080428089,,0.10252442125052136,-0.10587605132353456,0.10367359083624106,0.024446890110424394,-0.023455151715789976,0.032266126731522474,-0.22822130148880937,-0.06948830184190784,,,-0.0623006249477174,-0.07951737530387705,0.13404638212661923,0.039138893545027496,0.12142566835846855,-0.11861231023290267,-0.15349019664662972,0.1597607343067582,0.0540611372512084,0.10254633310576486,-0.04379949478865142,-0.13764072519059048,0.09475643376317539,-0.02377487187576149,0.02803749461198376,-0.021359524034799224,-0.06471104319792664,0.17124262239361998,0.02238344636383658,0.10626943875023652,0.004117529141196798,-0.049862611636894504,0.12371326151115271,0.04008104245387821,0.10636328962149434,-0.10930830451788667,-0.20914505036290612,0.14636889267530892,0.05856994149038397,0.10789865586164764,-0.07475756297753088,-0.11294013357835,0.08821495519075327,-0.005662279711402294,0.020660554146256345,0.01781783778623548,-0.08156251852444658,0.17022363231232723,0.024249734460037718,0.09942450342200868,-0.08720460355890455,-0.14865918111497906,0.10935147569841089,0.03972934866413569,0.08544658227933738,-0.08560967658586878,-0.16957491953892562,0.2122588748744515,0.051349387756737926,0.09465626541409809,-0.0896217758584266,-0.04339847711191296
2025-03-21,0.07996008848230737,0.019893229157955432,0.0015019168780734825,-0.1485988039117514,-0.15303125204269977,0.0447333456502088,,-0.13185614241121363,-0.08629630895376994,0.07626632498815714,-0.029565886448902453,-0.052363646781994275,-0.04214825759684097,0.0025079658705899513,-0.03373289156665087,-0.021820764635638305,-0.10795711878011487,-0.08315191673654948,,-0.006037650250117712,,-0.07181528736550027,0.03155363724525817,,-0.13755238661730762,-0.0411046412432406,,-0.05693368783050279,-0.1604573444277422,-0.03001665289975045,-0.18594364508618064,,-0.15320876556383875,-0.09054730786331025,-0.10070879852227532,,,-0.17244140359133672,,0.027904831294401536,-0.044002248140067424,0.039702302174654786,-0.05714475370238377,-0.06638108159080663,-0.06652106532254624,-0.13225444111556356,-0.1175942080559992,,,-0.007587439244189467,-0.06282156742368478,0.10344207030848218,0.06122828239941464,0.05439453184549223,-0.06026309449292323,-0.027251146568783587,0.10703277145154112,0.07569316580198239,0.024757044313097294,-0.02772979828714805,-0.08045678238936255,0.11896969373511647,-0.007424251859174883,-0.006975962591863894,0.03265942612795261,-0.07734800451186835,0.14539266878862955,0.046304429066294193,0.054623158552698836,0.047615214866126555,-0.0575888189236276,0.10185208015830287,0.05798224665522431,0.028977793213831943,-0.04378105117430689,-0.11941460951216401,0.10760347688592128,0.07114203289935249,0.023536880046866146,-0.02223547043988485,-0.053842971389430616,0.11592311841240309,0.03608968479302686,-0.0199224094205382,0.051645242079352754,-0.05742712575640345,0.14240980289932578,0.046232474217040936,0.04198800754984063,-0.05200303851022757,-0.01997556728521807,0.10070401020566537,0.059653097597757845,0.0251604997292358,-0.026300864615312412,-0.10440930513328589,0.1319072545738617,0.06999965674220686,0.006432035806415455,-0.0007542649540034175,-0.07041645315407045
2025-03-24,0.03082984693130614,-0.012341766076213703,0.05511564975629667,-0.09946844990355476,-0.10095810328852635,0.0693741259774201,,-0.16265659682329459,-0.01261887894004834,-0.0354005257102121,-0.013122520943231474,-0.011181577521754358,-0.01262975673952023,0.06614690153601721,-0.04566954683668443,-0.011798672614629267,-0.07335195791652763,0.0827743542858709,,-0.046268279737339685,,-0.10374313699583798,,,-0.1059768612959023,-0.03064032894020706,,-0.09901502815657592,-0.09107718872815432,-0.00638393842161008,-0.16909766632944923,,-0.017032346450752266,-0.10498170537039865,0.03243601568081655,,,-0.04676291500075999,,0.08674891752588317,-0.12655448181364837,0.12330589508576921,0.02737232451268355,-0.0232228584002995,-0.0009555897499473301,,-0.14296440387087755,,,-0.011753596567646908,-0.10050640560916892,0.02244190594786923,0.00022660092288541214,0.0901085134089503,0.06714513459437421,-0.059608144157090474,0.01591428307375155,0.009757413149116692,0.07770622649030852,0.11948984134702373,-0.10037707620018099,-0.04534060846067766,-0.052183788626117465,0.052994006305212546,0.145387348965763,-0.10167218917772493,0.019174302319965912,-0.0065984632296073225,0.11130405445632975,0.14995889968039247,-0.07692713194324151,0.02093162519421529,-0.0001733205063642944,0.08532079832174873,0.08200136009602939,-0.12548055689978363,0.011346245855009273,0.008522086343662793,0.05885762629521203,0.13887790772803874,-0.12081868419613588,-0.049252719640844635,-0.010263827187275101,0.03632977131726245,0.15786649573161196,-0.096463817341896,0.012753088209163266,-0.008707398516559392,0.0913643967199035,0.0721031235511017,-0.05650735709529044,0.01696033801515914,-0.003375680112953963,0.07861397485951659,0.10122832212329044,-0.11235942291879956,0.030292554016938658,0.009932419358738422,0.04071901590797852,0.16051666568300577,-0.09948014371655056
2025-03-25,-0.03952872333298482,0.06920499698374269,0.01974309578321053,0.04806639976602773,-0.020175157923958496,-0.012938478700853935,,-0.022765922552275223,0.08658248478694516,-0.0814352465232363,0.0015787199954782338,0.013877903765309554,0.03863387201753945,0.05270127407580307,-0.033961211459312086,-0.0323283876622654,0.07894932941308032,0.08133522497897949,,-0.005523961032396227,,-0.011529892994118903,,,0.031901562289370945,-0.022249177114135894,,-0.00786210295452447,-0.06143184392513013,0.02843295270927305,-0.017565043650250817,,0.07014154588792154,0.02078851393993883,0.07633144580824693,,,0.0629171150121742,,0.010676067232759748,-0.11601158433994935,0.1135288261929254,-0.015161597867463392,0.01789733055933436,0.07399108735164157,,-0.033920640739039006,,,-0.007779506861738159,-0.018517458703682137,-0.034736782361626514,-0.07351404120864097,0.022085317290466967,0.11947154453535402,-0.004253949540664552,-0.04407374861245706,-0.07574950611678279,0.007379012886806112,0.14602293828283058,-0.03906149605926944,-0.037376419994715235,-0.08696372191774704,-0.008637775306810085,0.10859949980034808,-0.034694145399463396,-0.03485322873274065,-0.066789223750583,0.021289378407972938,0.09931953576071254,-0.013384992947717802,-0.038855331486033026,-0.07878094225110914,0.016449851142883123,0.12587994052289153,-0.04135169891774001,-0.048318343154055476,-0.07553296104427226,0.0015164781023659325,0.14720672516356942,-0.03699149796039681,-0.03590616468471767,-0.05887004216977441,-0.0064551987491711866,0.0949293971727323,-0.019545240666705998,-0.03914537785077409,-0.07352769585818102,0.02630148519437344,0.10959485459545672,-0.005038091470275627,-0.04449798636694586,-0.08034292502522959,0.013330822575446453,0.1269574105764342,-0.03742967333752424,-0.043893345988563856,-0.07164257469837092,0.0010681742612350645,0.12436373354067569,-0.032461603703639846
2025-03-26,0.07199945320572547,0.023268108155914978,0.04947052647018574,-0.07374453550188147,-0.06279810551755957,0.07824246579849811,,-0.048578636598812834,-0.008748840325518866,0.0031723225043052026,0.023452245102403853,-0.03600110292203699,0.06052657844310824,0.08644747771135354,0.03712565154019096,0.028721853484359596,-0.0457188441722849,0.03438424303220618,,-0.04737702413680378,,0.020345560894952933,,,0.02873507476318387,0.03912483011348123,,0.07092371781314252,-0.06623992408395159,-0.11879069326860126,-0.11050737754478461,,-0.035167235102714675,-0.0035278456163717,-0.048569906793094704,,,-0.07109619817679143,,0.05189856790392247,-0.004904504570946373,0.002929298230759562,0.003570056587642529,0.004457826674928698,-0.028919744390929744,,-0.05346017762929902,,,0.04196158592327403,-0.08694275242058544,-0.0165830650698197,0.04610015608784495,0.036669263119787236,-0.0037859886899746114,-0.059915711798585666,0.022162784258508074,0.05082973822607706,0.04229905114217116,-0.012309676967266328,-0.0974264376543318,0.005374415677135457,0.055985611098746224,0.061988246470888665,-0.014561829487757881,-0.09182707642689235,-0.010557568090025515,0.047916399869409064,0.040781553390840754,0.019076632657856727,-0.09778692170139426,-0.017265629946790678,0.046733135491189765,0.04237025793029173,-0.004760919183041702,-0.07703771231167834,0.02156683499564334,0.05559992703142372,0.05008359152985069,-0.022173225206913016,-0.09744585428015252,0.003319978609589585,0.050363749143345765,0.06492184226700028,0.006486912924935856,-0.08922582671335093,-0.011913452471410098,0.043995326290193204,0.04080942773366531,-0.010522453525114075,-0.06077471440572931,-0.018412578575379767,0.050034319162219294,0.0435477178728423,-0.006173161821407603,-0.08651441000543772,0.029949517636691594,0.060240117336962926,0.0557932228219629,-0.006435524531598578,-0.09345071949284631
2025-03-27,0.022449545275672445,0.007558012991176206,0.02353168570023588,-0.09002651361971277,0.01022226236305731,0.0178540401927079,,-0.005376066100642348,-0.007917102833421263,0.024029860845576897,-0.010418126148625787,-0.014942102104872155,0.0011420464745194438,0.04373616908659101,0.029158500199084284,-0.04898843350524451,-0.024176585139074783,0.029925388943078224,,0.06610430477207392,,0.023482900181883898,,,0.01654073554806625,-0.045584450765478214,,-0.011964650280953408,-0.07245945111936004,-0.009570925723433026,-0.08560570109031532,,-0.01740253662015552,-0.054875750656641936,-0.06474032371557327,,,-0.04860282296245469,,-0.022492209308647128,-0.01542700791653121,0.014083119980225755,0.027159244804323687,0.010297752958464077,0.015193830471244316,-0.0447645182402643,-0.02290802978536434,,,0.013617546300225169,-0.058249993711911786,-0.05015101142969799,-0.028004069680001138,-0.02419872184425231,0.025912113530759864,-0.057894564024631064,-0.031986283590042734,-0.022694517023136823,-0.0075969319990267905,-0.029859828711240193,-0.05779661970285547,-0.035891954827315824,0.008326591417933044,0.009876121429997744,-0.009306283066750944,-0.04699752456892408,-0.04013851118906925,-0.026746562694925643,-0.016101227832252,0.012060332843558265,-0.029240614651872304,-0.05452260365206093,-0.026242135107532004,-0.022981847020400216,0.025369044237201537,-0.058784283697165644,-0.03192526267280071,-0.017390919605658188,-0.0015701808030893925,-0.032117371152110843,-0.054676913957708066,-0.031070713703592764,-0.014457714026407486,-0.004838991085834294,-0.010995969660602012,-0.0576933013260825,-0.03846490871537283,-0.027044145146820957,-0.016343877817110757,0.010508688921061651,-0.05744031261200021,-0.05796768698622506,-0.022558300345629143,-0.010026079081415996,0.0226905058183123,-0.05669495857070397,-0.01548552295793504,-0.008683591785290398,-0.0035943835528683328,-0.02963894645585682,-0.04749224285972321
2025-03-28,0.07389424321732531,0.046778082873565774,0.05294659606590015,-0.10141614716437435,-0.13223327427365322,0.0740216398943714,,-0.06011389302905975,-0.017846298560598526,0.026465330573810907,-0.035283662543980576,-0.03434345406964365,0.0008834546063763957,0.08743410889720478,0.03677499358187712,-0.005913103751735544,0.048080134842927946,0.05711921026006435,,-0.1251965958911331,,0.03177729320882442,,,-0.04218497820309317,0.001172508973814587,,0.00560244326115438,-0.10527871864376606,-0.035015950336328476,-0.14978722981672235,,0.0049005714656698155,-0.038812869749569844,0.012079423732972485,,,-0.04080986256044177,,0.06702422217103896,-0.08350533861469436,0.08107102660474919,0.0005927519117294087,0.06302140510486196,0.010823737155483439,,-0.10915627874628021,,,0.002534502682109105,-0.10207086423476405,0.05657028503242258,-0.007510234109957196,0.050663219060373285,0.005218903221973944,-0.08435677696853619,0.051415023823634685,0.0037080084888767902,0.05435102589159643,0.0021356503623729184,-0.10614790777648742,0.06260365993002354,0.004310659828913607,0.07422764451497922,0.00992966231114506,-0.11897885418441437,0.05169554826102985,-0.011701489731292189,0.05720143813211461,0.027282541943322188,-0.10810726248084877,0.053843534407086724,-0.005251803821039019,0.06258442967978262,0.002685145836474883,-0.11167131779302258,0.04352244509891767,0.010144984584372085,0.06514425672389673,0.005132891446490624,-0.10829589911005184,0.06727159436001025,-0.003353807988785881,0.07908471375923652,0.024638788722673013,-0.1000767419528986,0.04937862285490931,-0.012033943792061508,0.05450197498070647,-0.013106554204063354,-0.08476600428099461,0.05186429091822007,-0.0024892175467250517,0.06137701956781435,-0.0002016140877231806,-0.1119318265642309,0.060171583220506974,0.011481316833421785,0.05782331856070323,0.01890962693230424,-0.10876352498585078
2025-03-31,0.04862861462786847,0.019365274724338154,0.09444117528257948,-0.15068215840548302,-0.10240061405157824,0.14811492626118974,,-0.04836223099904575,0.06203483257492922,-0.06427929042094818,-0.05147021242114,-0.06035028186624681,-0.06270814348188776,0.14022098627650556,0.010563423155776035,-0.05838120402695681,-0.11398743511453366,0.1876404660359171,,0.06025416771032512,,-0.04845687888896677,,0.10542120599385488,0.05950039194877262,-0.008601597613285376,,-0.06234295517062099,-0.22461331728953096,0.049227748543431156,-0.1905718497308902,,0.0830757732704129,0.032062172933238875,0.06201081492403886,,,0.04205985923955649,,0.15631784329188836,-0.137138146825117,0.1400826380407112,0.04206083730953657,-0.08317467985867812,-0.03948707530977864,,-0.08641788793930283,,,0.027573683268552186,-0.10039472861916639,-0.03828458778214768,0.016342288346246105,0.1502182678852561,0.10651645776871664,0.054146584226495174,-0.04980972961606397,0.0330471550844377,0.15538403096316203,0.18374031321125459,-0.16296501920473833,-0.03768814972899266,-0.01847786541683793,0.12714711406383558,0.18860730700403797,-0.13008665117723295,-0.08535365143485203,0.005279214459029942,0.1468377200311954,0.20538476939691178,-0.05826301084620275,-0.03725470825458236,0.0179740972431491,0.15737800478024944,0.11924317850680853,-0.17864694855865484,-0.05389816230757387,0.03300473091935057,0.13070266863900099,0.19209295363048612,-0.14634019756717076,-0.03475748199184937,0.006991120079855872,0.09719836862925986,0.20243712531113098,-0.09393742779204896,-0.08491230014200794,0.010021522475221735,0.1503319923357769,0.11987780269876651,0.05931279789102885,-0.03424401636357135,0.02252620430433204,0.15931554017363914,0.1366093394182334,-0.18350871992296508,-0.030668848561667406,0.021365229656866835,0.12551811239622584,0.1765456004447571,-0.11336022880125067
2025-04-01,-0.005209977225276736,0.03825338375792299,0.08416000370221592,-0.02461009731814038,-0.05225955308185677,0.07720369381265994,,-0.01467077113392536,0.03277985970912403,-0.04579536852009148,-0.08419285086624499,0.012276768391339109,0.03181817507291342,0.05711165653777928,0.011200942330843589,-0.006039019944973372,0.02908881781432512,0.05125511758660526,,-0.03319508170351266,,-0.06296780921341326,,-0.0450884160146069,0.05769269246788717,0.07041875113053785,,0.04908390175366957,-0.08073927380055948,-0.025918706823798664,-0.021078671268760375,,0.017650747638613934,0.06004261606375819,-0.0007678637671476952,,,0.008210518662784341,,0.06687986931655907,-0.07386212042068813,0.07242374538394146,-0.003422698335995051,0.015035349945764536,-0.000390484201105421,,-0.03804205619914738,,,0.02532208878249896,-0.037748391261655925,-0.006990216124410252,-0.00955133320703588,0.06327312532961588,0.019099427241377094,0.0020177752212904784,-0.024627595857064123,-0.001458120451778422,0.05922871519826246,0.0365041335066664,-0.059984281529455605,0.020193470967116763,-0.0016232662963662557,0.07401713904067109,0.04402169042540016,-0.0638654611476643,-0.0038274041022932194,-0.01637812710728663,0.05066378361552944,0.05076673423321256,-0.02402208962080335,-0.007739202292372366,-0.007611842774722316,0.07601777856210429,0.02105008262195997,-0.04377298916295872,-0.026265190058098367,-0.0026909275566318106,0.0539448747610246,0.044763345110587646,-0.04501174468151938,0.019058293022734325,-0.01961646813266083,0.0559011088445894,0.04829190922778747,-0.045424678456828356,-0.007219221352660166,-0.014475496520876086,0.06623735209053089,0.009171068100976116,-2.6267252608320513e-05,-0.0031163151673678983,-0.00689826871059135,0.06997028033803135,0.02233863622691699,-0.0580160633345734,-0.02364601539932545,-0.00459318968797658,0.05107470298012909,0.03915137591525646,-0.056739202631175115
2025-04-02,-0.03680008951314007,-0.01998586620348086,0.10309799573000529,-0.08039651632241032,-0.1358046233107107,0.16406611635873913,,-0.05115803445750162,0.03569514503336786,-0.024382514549054726,-0.00854601648551817,0.005626710436969236,-0.007922999918213769,0.0961297526381634,0.013462050837483426,0.012477607203777455,0.0728631355122956,0.09374016948057466,,0.002309058327514866,,-0.08457368090936276,,0.09112769239258187,0.04321340236402325,0.016300838411095257,,0.06769441218575521,-0.11995308272791941,0.03225123538519162,-0.1303996529789299,,0.017659343416708127,-0.027826102544073725,-0.06439764305027568,,,-0.030066265255333794,,0.14882154463084563,-0.05905424882589688,0.056690623762490636,0.04107565280880687,-0.004598562282153273,0.020422886765275126,,-0.06346955715383035,,,0.0563034958461717,-0.09173545460702678,0.04181535481824448,0.0723019870253907,0.14187110550614307,0.02302973850706225,-0.09521987045022423,0.03547325925489702,0.07537077954648744,0.11525822074343603,0.05529882966661386,-0.16132930359388234,0.03405191568566988,0.02101103676350039,0.08613839482306113,0.08185479003530789,-0.13915038460191925,0.03238548560587116,0.06785102285827918,0.13035241637082567,0.11236404270015828,-0.0906153990623232,0.03773785563433436,0.07169877599445337,0.12762246204416347,0.0365262713902364,-0.19799487415571299,0.03407823895880963,0.06905085501085144,0.09785760960175259,0.025328465452937647,-0.13074396725165946,0.03513494467865086,0.06602731610638647,0.07271894248112738,0.09465614182043813,-0.08925353951883289,0.03442855087686918,0.07049251155848292,0.14763303795853558,0.034737993076512826,-0.0895359877393312,0.030537345548865006,0.06675330491087135,0.12465085074781038,0.047973963171489296,-0.18064522947363737,0.051998964388285204,0.056522474893473326,0.08248857781285433,-0.002910811690377408,-0.1250347072598459
2025-04-03,0.2392437842035576,-0.06757499130344917,0.10049369937962549,-0.18532632382326095,-0.23439408177603366,0.1934027476298952,,-0.13127824318421544,-0.33582889396658244,0.34265985527457726,-0.012883625548225868,-0.17637886675854864,-0.10675452343604536,0.04065333457520054,-0.060780760253959,-0.08169534117278009,-0.26583207741938053,0.058519176773002,,0.047584845278327445,,-0.2122705697730213,,-0.0018132339623740102,-0.32885283179669933,-0.05591305101773316,,-0.031922889873730896,-0.09866396397107514,-0.12536359636279668,-0.2694561532219472,,-0.31734152060252974,-0.22459158984887737,-0.1618676924919187,,,-0.34481640239891587,,0.15617659367266926,-0.04163051599289661,0.032973694439893675,0.03503660896888423,-0.1452984415637048,-0.14256894227471864,,-0.1371354422802821,,,0.007439425141715055,-0.1522406836814857,0.2305965443722783,0.10610895543826689,0.13934725493000358,-0.1734020485057574,-0.06186394754140413,0.2454685006327196,0.10626694504457547,0.08891397341971045,-0.24204629981148917,-0.23955734332884865,0.2440577845296154,0.03129026603167912,0.023050022827689795,-0.21717963841326118,-0.16554757307665502,0.2234818006144224,0.10708545686888371,0.1682881703742721,-0.18909586439006543,-0.12523652797177742,0.22559890218627793,0.10272490072701182,0.12991097776475027,-0.18256192956912898,-0.23450531479967293,0.2566716832306646,0.09634728789308036,0.05905149661822314,-0.2718973709784702,-0.21837591806706366,0.23960567224572152,0.10730242155294534,-0.02245303791202401,-0.22091924399909008,-0.154411861228547,0.23195883927600944,0.10672884371703587,0.14754999924061438,-0.18251911595922723,-0.060890455937076385,0.22097627198456005,0.0945612111076078,0.10581893740995722,-0.18553666559370546,-0.23109991011940345,0.2386485387114011,0.07788241052757978,0.028245810559133926,-0.2755964134625269,-0.16546988126408801
2025-04-07,0.07738526206689303,-0.01140493884386485,0.11871036968016543,0.24816255424791037,0.08226189572969439,0.14777495693371817,0.14586538125765405,-0.023698027542350553,0.025282287248569634,-0.00120544131882564,0.3047660037474891,0.17075088870112884,0.09603335159193399,0.1521393411044064,0.016747117496761284,0.1864262156071241,-0.0473681256677848,0.1518184068499706,,0.037313495751506255,,0.11395474339817492,,-0.004601675974560418,0.15847869941708398,0.005107316996927457,,0.053141008442528725,-0.05075184526847084,-0.04094183094602298,0.028324563104197634,,0.3084199221407136,-0.07141406464113946,0.1190235899172778,,,0.2991255184977111,,0.1379032852147388,-0.15750025822753005,0.16818127039958056,0.1814415191495052,0.20550739307029003,0.11261581020500387,,0.18456409643792263,,,0.052498144424132136,-0.18972224227387827,0.18901659621945077,-0.10285295475508274,0.14004349537531163,-0.09096285944364647,-0.20666973358604462,,-0.0984720821776954,0.16296214407459556,-0.06117846994411863,-0.19236319875456315,0.1701651306361807,-0.06019382614742551,0.17479669610488716,-0.07547554279709555,-0.2066875701572896,0.16750376905402345,-0.09728919952973032,0.13117230069873886,-0.0557450842507933,-0.2021037156667652,0.18786959227590852,-0.09968201180717584,0.1526203891018071,-0.08635483800627884,-0.18467138974350053,,-0.0952218836663006,0.15858747414136942,-0.043379936085184714,-0.20192081411468918,0.16897991267407156,-0.08511710067387476,0.158883936505282,-0.061609941457597184,-0.1909835089320485,0.16884610670598915,-0.09172638712907674,0.1490224029320643,-0.0902031742550201,-0.2078950187829132,0.19434176975775042,-0.09557712155008821,0.1733969476860891,-0.08484012411178699,-0.18855255942267818,0.16420419893397104,-0.09175488455061143,0.1531542143774312,-0.049054962153916915,-0.2034508913949881
2025-04-08,-0.010250142290453056,0.0792240409607287,0.06154671992562066,0.2602159658124812,0.12800814919310527,0.0026348367575670523,0.005659036045137536,0.048462340890679266,0.186416155647449,-0.1814809750137662,0.04577553343424013,0.014926487667565597,0.12717465072387377,-0.041270784777014624,0.0688051248424695,0.04321614079874295,0.15038273402727262,0.03250050935549497,,-0.17348186118823591,,0.036283288458474144,,0.011572539853649989,0.13427250438217397,0.015719032622816084,,0.22475810275050329,-0.031356870231219705,0.10783654099415728,0.1102220446641453,,0.16634425415785672,0.18837255532890626,-0.03508903619656296,,,0.17499941152360426,,0.006193954920960156,-0.27675704697117265,0.28284833244193874,0.05610873147490536,0.009491027290733433,-0.04363747651922186,,0.190931456801854,,,0.11165367384561548,0.02894979101029796,-0.19311274525948846,-0.26281620947710105,0.03281158088746537,0.0003361535338513246,0.02655341026280989,-0.2244545034651734,-0.2638379409312413,0.04469154464729473,0.08513492183170167,0.024520159658303224,-0.1667247082404156,-0.22141005831370067,0.03479959394822994,0.05467611514426325,0.04509622238958889,-0.20839303699736977,-0.2579179635877245,0.03383573331453299,0.06169108239973325,0.030369128801654335,-0.18775670569099542,-0.26206699196440636,0.04648464128087866,0.00498784397325808,0.06538828172063502,-0.2312967501385706,-0.2586136562406982,0.05071004362497247,0.07245399134059029,0.02496824077136987,-0.16462847745257148,-0.25321083789198423,0.03859178081344337,0.06603076467128449,0.021977771616782767,-0.2054542968150739,-0.2546310363883902,0.043070892304719596,0.008168232133409373,0.019752020743652763,-0.18861977536080934,-0.25805207446838097,0.04599635438803485,0.009061168431732824,0.04195081812033501,-0.2166848141713813,-0.2548411760586219,0.03350533344981492,0.08303241337807644,0.03767442545292851
2025-04-09,-0.12686471455051826,0.11939291825330664,0.06378332249231652,0.27246433085461996,0.019102462660771685,0.02636813455743621,0.011838462334817071,0.011360310059321293,0.0618677296216214,-0.05180752123080042,-0.08681744772353207,0.050347490922780035,0.13302512238548053,0.05080562009381583,0.06446478275550022,0.026354155695147097,-0.009736381526329815,-0.03818222562181459,,-0.050247093113770985,,-0.012674904794297113,,0.06555551398112958,0.06224544343910388,-0.05666210303592399,,0.07434424955591395,-0.04148922767055106,0.12572314616770666,0.05504351209003634,,-0.12300695102873202,-0.03377854977633141,0.1567430408198892,,,0.04051674238395981,,0.026284534322908837,-0.28617266536946784,0.2766845067785551,0.09889553408613594,-0.01113345037182546,0.007312799654835251,,0.10302803388004542,,,0.0813236468337835,0.05498416672543775,-0.011965451322798753,-0.23703820694262984,0.06540346964623953,0.09788578443770904,0.1711120959394302,-0.046772701103455314,-0.24064347710422063,0.06143961427580026,0.10985268146442156,0.025545328515707184,-0.02674167499716199,-0.22410730687054592,0.03762833336847065,0.11301357737222131,0.04076978477215077,-0.05479688611524656,-0.23127244683646148,0.06800561007437232,0.06811184140637368,0.046841280622878026,-0.01642710800669995,-0.2392809094201867,0.06037388626750782,0.10037583931924468,0.03685516180079601,-0.05101162525852869,-0.23764753481529463,0.03968977288380601,0.10912831649299738,0.04298194829853446,-0.02064999603261117,-0.22567022893986302,0.05094885012640889,0.11792739934472972,0.048489611110303164,-0.055397727857074065,-0.2354836096335509,0.06937180745054954,0.10284185628462342,0.16679902751822168,-0.029194431636374113,-0.23882898703226177,0.06243947783528783,0.09649487922724281,0.04466887501281475,-0.028045174619642455,-0.23702681688798846,0.04076081454658724,0.10139328243332814,0.03137400831141941
2025-04-10,,0.08360825397657477,0.06371282427304613,0.15114570818197504,0.03190612273194315,0.03628437396648453,-0.056610545747025,0.009153714493770641,-0.10458253003317955,0.1044562266979678,0.19502942790537553,0.06377198768771289,0.13036019211559227,0.06775885291595947,0.017113839291096278,0.08601453506912209,0.006552282787572295,-0.037151828962698245,,-0.07057637508522457,,0.030802495977949644,,0.03371230509169718,-0.10399675806449744,-0.01970901824647081,,0.04498978332134162,0.1275017423972614,0.04566474766237846,0.1835027584214389,,-0.05989054081506941,-0.09248626144620908,,,,0.06472759366690718,,0.03574079010784823,-0.2570826936877841,0.25666839861390595,0.08458939444405218,0.059603337757604354,-0.008427092250445195,,0.1173173504888464,,,0.08048474168509705,0.004559550235512727,-0.0664644768849958,-0.2124258632316377,0.0577412890115263,0.07322841388496845,0.01613852362795492,-0.06271040862819734,-0.21171537093652537,0.046223670171257385,0.06401263065530122,0.008216159726359881,-0.07502021415088818,-0.17046432627143718,0.05674216795210927,0.06953711337716162,0.014023152468899758,-0.02879069320209208,-0.20724065914182516,0.0698274611639109,0.016488833582932606,0.10610444832187668,-0.07400049270679934,-0.2125535741688335,0.06078538430053914,0.06694445734822345,0.013295737987375223,-0.060939906350194084,-0.20677517205960877,0.04517700457124796,0.051614094405974,-0.004115052398719095,-0.07455086408072788,-0.19793990026679512,0.05362928020396686,0.02366339684323974,-0.0016605521554983117,-0.027536564994305856,-0.20862369545896428,0.06302019013151752,0.0829123734530607,0.013507639418810067,-0.0818474610721223,-0.20974602467274073,0.046214583712767314,0.06867790452239768,0.02734847958487074,-0.062235170976610035,-0.20152126917815366,0.05599292865142786,0.05174092629154431,0.00498009833532759
2025-04-11,,0.09117842210949421,0.003346161575947122,0.022230070677823358,-0.10468683133354842,0.006764843327296497,,-0.08877010285521532,-0.08787747612270262,0.09253363319614166,-0.07656117996141988,0.11674248472867772,0.08503186801621028,0.05021198549498813,0.0036577381783331124,0.16776153743506617,0.042984909800039356,-0.030721624259175705,,0.08455009304620613,,0.08139478436390518,,0.016485128022217514,-0.06214880541015978,-0.0542693496008321,,-0.1231135921253211,-0.06678973554466305,-0.1351176107952434,-0.08482410908898633,,-0.1055222161132259,-0.21718718056703254,-0.09214448616176223,,,-0.07460380548604349,,-0.005591848293380298,-0.26777893882732756,0.26507951571830574,-0.01018022377351143,0.13375120285314876,0.1071237263467016,,0.012866595986405771,,,0.05587140441025003,0.077444620250069,0.028539527552999055,-0.22347389978068086,0.04521188573308605,0.028697758790675314,-0.03141602301324644,0.023992513794811404,-0.21716090434551885,0.030657096853459288,0.02555520082869335,5.7376998223655774e-05,0.024127757123257793,-0.16141378363587922,0.03576108781239894,-0.006584310722657741,0.0025853778740922016,0.054830878049478046,-0.22029366847407375,0.04939379340643271,0.0020081513347588644,0.01915095272900461,0.02600176215371954,-0.2204689667215012,0.027455478112941748,0.03003952062728248,0.009083395576323674,0.026403976872556616,-0.20858032828830633,0.03622787463309118,0.02239143618905445,0.0152235873908026,0.02829079795776188,-0.21202836797366315,0.03126761753413659,-0.012058005572299543,0.07734315802378192,0.06057793450402612,-0.2205392312280595,0.05133970064371588,0.03477791122136166,-0.035681322697902085,0.027873514965342825,-0.2178613529397412,0.030276606564322302,0.026318988799639217,0.006985779867253746,0.023612360106756082,-0.19101659010458902,0.033025331146358784,-0.0512926999671761,-0.0016224903698192278
2025-04-14,,0.08454467245919159,0.052961429070405665,-0.08516490290802786,-0.006265908568130128,0.07547300953111374,,0.03744277482608051,0.014627776602258787,0.011150505223199166,-0.07317783293077226,0.020436835709355835,0.0823223559914461,0.08872872601379243,0.05827058258321992,0.1582931080528839,0.01422073652689483,-0.08064443746762855,,-0.13284899856049265,,0.139000972224393,,0.02634832201544554,-0.03293895766363981,0.009846841403459351,,-0.12372765295815792,0.15781386949971668,-0.18658908705574015,-0.08562491880928554,,-0.004340943912475382,0.08227148616533085,-0.13837190247345196,,,-0.0034456203404520415,,0.06404199612653766,-0.24952520730546263,0.24846262585164605,-0.031442278504283536,0.12108204613793049,-0.005535008502636456,,0.11536175042159612,,,0.11310987896702653,-0.0648803969379464,-0.08047430475876738,-0.16892334693484917,0.073654310011117,-0.03154800764385559,-0.1507246240810375,-0.05284584789341097,-0.16340166156405325,0.09446577649866161,-0.03206568134020201,-0.04730850639519913,-0.041097078464770384,-0.11117653508513094,0.10339059629101002,-0.04707502311940782,-0.005462438463829205,-0.02193697124375053,-0.16574149528985754,0.08917092554065144,-0.04813973033886067,-0.09416201429214426,-0.07556206959311536,-0.16530925698161522,0.08461761866247314,-0.03843798301947387,-0.05361301196446723,-0.03911766865810323,-0.1491539281288967,0.09516696294216787,-0.0870015369129675,-0.06435592716236127,-0.04094958312171315,-0.15477423972778095,0.11055947054053056,-0.04079368153877492,-0.06739365749632059,-0.01751821433326972,-0.1628926712004421,0.07661373792208842,-0.02951583254645412,-0.15409498332551166,-0.0628350169167909,-0.15660209162422464,0.09576558845397865,-0.04066566610290886,-0.039745709601835974,-0.07564149345145607,-0.14789277632212783,0.10490700286655953,-0.09645816392808557,-0.00046885148172106126
2025-04-15,0.10325372544112575,0.07037520554315528,0.02255139118151997,-0.14450139242797297,-0.04811605223737206,0.073791972785317,,-0.08067673839773029,-0.0006840194944906745,0.046873486763891616,-0.054161638737269,0.07042692055226463,0.03588110590097481,-0.021575330116491206,0.038555392019759285,0.1978041333080719,-0.08767028670784187,-0.1431123000459173,,-0.005000448311809122,,0.10754332972014043,,-0.014487814347278,-0.019489318003258174,0.09780460860242048,,-0.0330401719993882,0.03875976732117827,-0.1657763909583071,-0.05679398824124908,,-0.0011164842333436747,-0.01977937380081985,-0.027261125031270834,,,-0.03774762037040132,,0.07638352796017756,-0.23382671340160202,0.23158986591784694,-0.04035346613547878,0.15423205647427127,0.07992348496610135,0.004355801827083789,-0.06288942318024161,,,0.08689126783038557,-0.0891297533432169,0.03334979944320489,-0.16242513133659778,0.041732768332189786,-0.09541269365078155,-0.2033808026832094,0.05328109130056625,-0.1561187914857721,0.057974530924416165,-0.08087030570792754,-0.03300627661004543,0.037210171128660145,-0.09872299980351032,0.09217413555960721,-0.04473185032577468,-0.07689599734746112,0.052012006202717516,-0.15489060055747564,0.04557467358884825,-0.06011729323002231,-0.15794470897365911,0.04035312413432579,-0.1565998606713851,0.05377109470116746,-0.08947476197984552,-0.026006683104694967,0.06444059470910692,-0.1557826452615217,0.0816510409380995,-0.04565135133165274,0.006865846654083587,0.03681114381590789,-0.1379385965342801,0.08404409071948518,-0.036480145075974926,-0.08909227609422152,0.05386536114022314,-0.15005348664404436,0.04236265468667075,-0.08312160358949222,-0.20458066052764345,0.05385148987579203,-0.14278286145204833,0.06000196317284068,-0.10080516342432046,-0.04387399099641862,0.021791821407005404,-0.14807475369328546,0.09706535916935875,0.03563406598854078,-0.05788902165403046
2025-04-16,0.04841034435683889,0.07888383137569613,0.037151121460003246,-0.004544918350348302,0.12212480318853562,0.09891364790271298,,-0.06119713138110056,0.1358434594098778,-0.13146961018277914,0.08990952668370372,0.04521321529599182,0.08738378929841147,-0.022493607553933048,0.055237709147436566,0.1716530345055533,-0.040971357667065715,-0.10489278382252758,,-0.03243379536521821,,0.055325711641974855,,0.024066232124553322,0.1830647032677094,0.19686968296367544,,-0.011224175773945164,0.0808261684059025,-0.060421055755434744,0.11403971909947905,,0.3168740922049578,0.07368272248047442,-0.021657046522677772,,,0.21870413505649947,,0.12453194279622368,-0.2731515145008461,0.2771309873338146,-0.04958050410713608,0.19309142946055582,0.0386621399812244,,-0.04102434459327047,,,0.12732254378417987,-0.1922621793218236,-0.1434280917372606,-0.17868581297622302,0.0856073909531106,-0.05488928297718313,-0.19049892687841766,-0.19458642399538276,-0.18410825527422622,0.1069326521245672,0.014944320122450967,0.00563124629312229,-0.17900804005503085,-0.08816200882989739,0.11454704557189922,-0.010753502053349887,-0.11441108233731272,-0.17513430891762652,-0.16578333704700196,0.07354031987999114,-0.06752095147554174,-0.2079020735107237,-0.1399332168261481,-0.16483758827725176,0.09029322276743894,-0.07064568624066034,-0.04889771754089857,-0.20512868136346254,-0.17388023134039468,0.12967736627728627,0.11463004947194462,-0.07775635771101282,-0.17612991683087284,-0.1420526414033359,0.11958555689812629,-0.0206112657134632,-0.18753039072285232,-0.17758568971060562,-0.15542301957577798,0.08941792704031042,-0.039869468768274165,-0.19366907378766465,-0.13932939068373576,-0.1627393541253569,0.10898737908900273,-0.06971142120199048,-0.01720999331742269,-0.19444161631296328,-0.1624799268053766,0.08379859215787609,0.17532110482802798,-0.08700622381536895
2025-04-17,-0.06300193347282357,0.030443950593346487,0.058075993855943676,0.005199698627847354,0.0636096981019411,0.15221156498672012,,-0.044554108756063596,0.030726984721789773,-0.033339115830322265,0.06578503940609975,0.0009619549521352288,0.02459427219748274,0.08244172999260266,0.03259730742367087,0.06122180510546514,-0.09234811041047312,-0.14790471377070152,,0.04226262166131414,,-0.11854498790521932,,0.020143705093545797,0.03688907637183294,0.1679887740057895,,0.031188141650773143,-0.11652113117089984,-0.010728353483666566,0.1686980139561957,,0.01574103180444815,-0.04081886392830627,0.025739554321791678,,,0.06072281568886256,,0.20361969219218057,-0.236230961966124,0.2369563136122258,-0.11672541876647867,0.17451661901028886,-0.0070539306799169135,,0.01792725269654428,,,0.12202570112327993,-0.18687345234258385,0.002837605537172784,-0.11993306569161304,0.10818666632638338,-0.10581525227183078,-0.009289006603272388,-0.06820967290461148,-0.1353268860327459,0.13270622861464645,0.08768774108947415,-0.09711584676560316,-0.035029242897945914,-0.0569782321444953,0.09620636509089771,-0.05865384979440389,-0.17395339473837027,-0.04369594326102568,-0.10525995516767622,0.11525440845179834,-0.08724711514348503,-0.1481668662694125,0.005190438742676671,-0.11862194978559774,0.12510325471153302,-0.10657365750839096,-0.05661413973238181,-0.07629827937395939,-0.12924344100272314,0.050221165611468506,0.12477839230195381,-0.10635828697858403,-0.03498804293910983,-0.08147893008388965,0.03280052640958504,-0.06173858124000007,-0.18217018946492727,-0.0444623884447783,-0.08998202715264356,0.11962682626068369,-0.0906267960219803,-0.011977582085709048,0.007048598461430286,-0.11190591036087369,0.13824610101998952,-0.1053839339344422,-0.11401211934870813,-0.06966171086573772,-0.12012657182570106,0.04103911652569676,0.07961012153026076,-0.15882785112310574
2025-04-18,-0.065350880470009,0.007532271556962769,0.03288819606145884,0.02162409223812819,-0.00041376845262448993,0.1332772775028158,,-0.06098055535427874,-0.061460220097525664,0.05288056288044541,0.0289120610022496,0.08228547010017662,0.03708389769935181,0.11645802314810959,-0.0069670795090418045,-0.02912526213809009,0.009669660568762463,-0.16430303847748332,,-0.030592674152342077,,-0.1818174530646273,,-0.015996918689722292,-0.08068615356279157,0.14056953317150753,,0.10868424557067308,-0.03269187277973619,0.025613431819610337,0.14768900855518002,,-0.05142280506806156,-0.014208358237401325,-0.03909630247954483,,,-0.024754255617527518,,0.17911213171237136,-0.24431406000272626,0.24301449559228205,-0.06924293960956746,0.07444232385671161,0.055620396064625696,-0.1130652874579695,0.08415059292171875,,,0.057543567434444054,-0.12430805244082674,0.12729670634212026,-0.14400650009526397,0.08905957149826406,-0.11778301429945913,-0.031950142448921665,0.06419337754158433,-0.15905135602155693,0.02293060152895168,0.06360069566101202,-0.07033970415639682,0.0998142576250178,-0.134340624558155,0.00205509863018984,-0.07210786435291897,-0.15200484110389892,0.09126828463443841,-0.11957549004884048,0.09530600494684008,-0.09221072393796306,-0.01767323896375235,0.12822015494310637,-0.14043996012141569,0.10064734355267188,-0.11649859749052631,-0.07896137177616075,0.06111537792804342,-0.1549423190607439,0.003599274445804809,0.019427583517612864,-0.12132285129914598,0.09853935953963386,-0.106367388717314,-0.014341109697387888,-0.06784691658799777,-0.12479352807589149,0.09171399222827514,-0.11930986621958677,0.10060339307011548,-0.10669398129388788,-0.03513653288361453,0.12772814962757448,-0.13734724961121,0.03926691967701939,-0.11874382099581834,-0.09168796681876558,0.06054804947220017,-0.15902736619403102,-0.07375479281592505,-0.030101427160435727,-0.12874789817807744
2025-04-21,,-0.009033814641955294,0.055780237263242376,-0.00569778915671695,-0.11218015999199012,0.054033845264030315,,-0.04823135126807656,-0.11188473843038359,0.13201126382444497,0.03711958977030354,-0.06958175324306884,0.0887190685780588,0.20188681922136562,-0.060612836044369595,0.03034054340617617,-0.08822863214840539,-0.07908910079767449,,-0.025564815798811556,,-0.09223239254818852,,-0.005115444044457136,-0.056217806998171416,0.11281104745910882,,0.06986476029496018,-0.042330744007341645,-0.11490981640273332,0.02014722170215865,,-0.19553860750485755,-0.050827637677617596,-0.09860038898191993,,,-0.20231224704864487,,0.12596258945630576,-0.25608074276145704,0.2495253726729774,0.024413757123277147,0.09200504576079313,-0.019568918068245438,-0.14517486279104894,0.033812315893236,,,0.025169146936297578,-0.11547817509787552,0.21602094385729848,-0.14278240486709812,0.11531230436709757,-0.17616375853803673,-0.15558349256758322,0.15243626292025939,-0.15632238686096894,0.03585307876216717,-0.11503650199816234,-0.16757491549358908,0.17732345335297156,-0.14828164416290812,0.04144915353323489,-0.1610418318809277,-0.17414774054922158,0.2210251790121205,-0.12698204425509219,0.11250003398416605,-0.17329119117862316,-0.13020246727036797,0.2165185236433171,-0.14097186263212352,0.06816929708261771,-0.18184483439908,-0.13368170588261277,0.15036606283214585,-0.16264143338281395,-0.019391671631857975,-0.1509902238815559,-0.1732604669013967,0.17409514071772572,-0.10568998888299201,0.035581644261228715,-0.15193118447477036,-0.11008004271225777,0.21775138678311182,-0.1190821119944298,0.12558505960008737,-0.16912808678378327,-0.15664529476876882,0.21605079843484906,-0.1398545817013791,0.0565277399703764,-0.18785036234559357,-0.18242474914954862,0.13763155374846503,-0.1610567337313874,-0.02663981046220614,-0.19801957661783207,-0.1652872629018901
2025-04-22,-0.07551977036107378,0.02693304669033488,0.06417533926379924,-0.05342612934318549,0.0649055742571944,0.16824897984112508,,-0.15477470137687127,0.2627189351897001,-0.28013015434197364,-0.0014075287117565713,0.008198963675841607,0.05260551088427797,0.06603311864439237,-0.09038051386919861,0.05124237019053652,0.07976726241515648,0.023555745054778986,,-0.08264360760596222,,-0.15753509907642532,,0.028610495643641713,0.266130439010421,0.09617069994440525,,-0.06952028321877388,0.08495331789314897,-0.013644494831681887,0.17254875514408133,,0.30300329304264795,0.10501919206008369,-0.07427801121179343,,,0.2000814728612417,,0.18937606163763368,-0.2566762570611562,0.2607933639205838,0.06918166654641238,0.14843269849172783,0.005160887223819596,0.16494805364528645,0.14131050971706835,,,0.014754765307007126,-0.057272324717219554,-0.15102873070541176,-0.129496452667434,0.06098092548548446,-0.1330219637518651,-0.07698106450287735,-0.17605404124450233,-0.1647910110706513,-0.04853706922318853,-0.024803218654612852,-0.1225836956341768,-0.19688962246780609,-0.15710320695505475,0.07008196190946701,-0.010902788521607662,-0.02046642113794738,-0.17029084162953684,-0.10163790629432988,0.15214562823498076,-0.05605893743308566,-0.10965970275352906,-0.1480539127918066,-0.13131979763894966,0.03907314029454791,-0.14018465882739195,-0.163089511329805,-0.17668876285581012,-0.16871758280223687,-0.05264325259500137,-0.060127125436820486,-0.07995081357199992,-0.19976998460756426,-0.08353938495607363,0.08326352947658165,0.053205882679336,-0.04020525352791667,-0.1675303514744136,-0.09835462583045675,0.09435368927342551,-0.11129363147421291,-0.07848628713644411,-0.14907252832343218,-0.14433291787701483,-0.01779821658835243,-0.14055044301739633,-0.15489866826759469,-0.17471412522668636,-0.1695659458907571,-0.059131382465077396,-0.009445506351796777,-0.00505297796218479
2025-04-23,0.1246027461972572,-0.04156648114315634,0.046483915400988264,-0.06303041729189002,-0.10587789355208979,0.06943208051945457,,-0.10030645863565653,-0.21521384258971835,0.22692788929065086,0.06815479511495738,-0.10371660234718565,-0.045771338724139875,0.062415909737647664,-0.06644252342184967,-0.08291911081622112,-0.1769285716168782,-0.05436765012666798,,-0.002905249433453749,,-0.13864165983215684,,-0.0404272586159293,-0.23224558096586348,0.021482444592447632,,-0.07510294601681321,0.02603460225140649,-0.05245929604196434,-0.056479073168987086,,-0.23939227950806558,-0.18925937360866174,-0.08308269845275026,,,-0.21240973992896003,,0.0708907114980555,-0.25030042040484063,0.2435628941255649,0.07425106866612147,-0.023317443708146063,0.01952920367957326,-0.24147692117260763,0.0010563330498642523,,,-0.06559088500291331,-0.12250721968196683,0.19706018824131327,-0.15152171226352262,0.03054683057052127,-0.14670326322574315,-0.031213457386900203,0.21817973504408067,-0.1708761717830431,-0.03946699506971597,-0.15929415497577434,-0.0991759297808253,0.1500002490912722,-0.16546630397672935,0.0212546183019413,-0.1171601967394036,-0.10089974505740117,0.2128722018676296,-0.12939786261405578,0.07127155032086423,-0.12765274553440875,-0.08424118797331215,0.1960931525198018,-0.15422587387236575,-0.007068064434590664,-0.1505882594322458,-0.13360540798046913,0.22284271525975402,-0.17206824007332,-0.03965358512078298,-0.14964457181104268,-0.06426399347538507,0.14209762529090472,-0.1134038244600098,0.001891493762663924,-0.11064202258360968,-0.10656409456548976,0.21200002294976483,-0.12802881576476333,0.05267009502083744,-0.12975652466873247,-0.03332831442353592,0.19579038780103744,-0.1565894333417515,-0.01851468895105821,-0.15284517416428603,-0.12181981343736685,0.21024659916771624,-0.1672164910278374,-0.054444118273905516,-0.14995026438142822,-0.09035518005438502
2025-04-24,0.037955289157345244,-0.005734699461748266,0.007233014671576641,0.013543741678632284,0.03411548924664836,0.03697180850142637,,-0.11641924632822132,0.19478641958719672,-0.21604263338744112,0.06060760524387528,-0.07684625258562477,-0.020453477805862572,0.08441188066761335,-0.05692367452877848,-0.06980523449387867,0.09888248878462327,0.12083294947224908,,-0.08471773812761706,,-0.10044806314001685,,-0.012451801775506375,0.2072927164406725,0.03852907264833816,,-0.05803221852003188,0.07700052032043882,0.09511725269359289,0.06882861916494515,,0.25557156058896335,0.02592107027129119,-0.022298736478434292,,,0.14932577893756616,,0.032259297923133,-0.22419524782321854,0.22429640624525524,0.21741586578113758,-0.023259426030305074,0.0038249943099979713,0.08718216234467138,0.03700459492452322,,,-0.08502818778371297,-0.023090958005502826,-0.09245926785302781,-0.11454851946492663,-0.05146491057717991,-0.12595268342380067,-0.015048436631845359,-0.04095227614643615,-0.15378461805976984,-0.09590413958813952,0.01763287516808958,-0.005220802649518225,-0.0814331174818407,-0.17134192035202223,-0.037397090421543974,0.05905433285351715,-0.0451747632075501,-0.06444579240215004,-0.0827740167693421,0.018680008389291937,0.027384795515792544,0.028931611003463118,-0.09315907782369412,-0.12338390757346586,-0.06422385147503526,-0.11570498276493246,-0.06944314286231017,-0.04018239657301302,-0.15751363081785308,-0.1134533238532821,0.045258829598535506,-0.031217793278300227,-0.08342943156844779,-0.07567980427554488,-0.054927003555756485,0.038627823070500625,-0.005056819706279073,-0.061543150821638214,-0.0931680671031884,-0.007315599993063456,-0.08769952199499255,-0.010608751348200251,-0.09758077154678217,-0.13298634427355221,-0.07290349833742689,-0.0984712590392914,-0.0257290205147084,-0.050292769734467814,-0.1567062642026543,-0.13401531205675182,0.08048196330907681,-0.039724876540519975
2025-04-25,-0.025611764470172202,0.03042619695053349,-0.0012522745988993362,0.027522405928423088,-0.020481230543362764,-0.017499092602416267,,-0.055305471329987435,0.014256557239311282,-0.004156301706079036,0.0037481005474372833,-0.027178221005375976,-0.0675402178866012,-0.06211499053368001,-0.03876734768969728,-0.0924632289129336,-0.065249642551478,0.04083007648350245,,0.04859405992542069,,-0.027980514617523333,,-0.014952159965886381,-0.023426568343161754,-0.028688313704908975,,0.01334104012862297,0.02660142141377457,-0.06057814519009626,-0.020180939806555227,,0.011534074030704557,0.007251570196598211,-0.011768494762906853,,,0.024080267948373903,,0.0019459260229417131,-0.22729881932261228,0.22422069462126132,0.0183539473187567,-0.03776859033462334,0.006861471401232846,-0.04999623752490166,0.0012750484558560272,,,-0.08720423360605623,0.060067473314020466,0.038490261151714396,-0.12182296292907628,-0.05870975333928309,-0.10182184447967499,0.09861690161503137,0.06567566825388933,-0.15947311559572128,-0.09450754375763099,0.0738215665188861,0.031153909109960735,0.012851446793703473,-0.17462137039949016,-0.05060290352574938,0.06363773721849483,0.03003786530120678,0.04853419907423827,-0.09779316164034593,-0.015675346180990795,0.036495048281807496,0.021238408672344035,0.0402194401274213,-0.1283275027978019,-0.06330901988597575,-0.08383405488376082,0.0271137684659504,0.06365333087981366,-0.16298771156466202,-0.11150580676217231,0.10537156192658086,0.015843647863180477,0.007939030904349588,-0.0928367883801751,-0.030751702891617046,0.09029935628411234,0.07617308831121179,0.048703997526351926,-0.10548217898472766,-0.025955775605417966,-0.06411061615146357,0.10199288510454609,0.04078694328224806,-0.13908668938316654,-0.0732709058068742,-0.060929885645563835,0.0027115027171138923,0.06132025881922527,-0.15972063174714032,-0.11830465841627337,0.08871127757008826,0.043529176071903666
2025-04-28,-0.026768453233069065,-0.011486439220005253,-0.011543715672036334,-0.01716628219352244,0.0027977722914204447,0.008749895616860353,,-0.053043193435076054,-0.026658135705046777,0.021847531786472203,-0.13124658235283249,-0.08898160466190967,-0.08056987580028639,0.09439727400444856,-0.05708869411507388,-0.0974703228691134,-0.042747023661509995,-0.006321726037806135,,-0.00924411876086672,,-0.03990136142358256,,-0.021939838016233084,0.008520686836024964,-0.013920990684613466,,0.09360252753954891,-0.04148403500810778,0.13327553101583245,0.06452771527889664,,-0.007648805458569779,0.072687558141881,-0.09201153901155355,,,-0.019982891965429964,,-0.01476248283019216,-0.2275570707596931,0.2260985292479425,0.007174767274511599,-0.07288825281745016,-0.03144744709331099,-0.09417319415066992,0.008073861086541737,,,-0.07721539473585988,0.08248828861007934,0.07460778354378844,-0.1245969828518254,-0.06836223309404907,-0.09826055519327034,0.09804461405970841,0.06990017413049034,-0.15430040387995747,-0.11122481845895198,0.04965727567044633,0.078849423590143,0.04833812832728173,-0.16033570176678333,-0.0499021146813205,0.032258818586067065,0.10691810730961368,0.020589623900582596,-0.1092894706383074,-0.029804551918259627,0.035825551940568974,0.13410894929584838,0.0783693689710006,-0.12976893861037428,-0.08051052022484184,-0.0843725214205718,0.05830295887378461,0.07040513828694851,-0.15527764856350776,-0.11965235436486897,0.02721756349433349,0.09886514083284316,0.0442592820883236,-0.11193279017775368,-0.06724731758042,0.009676579333215493,0.08747924730649052,0.01898509145160746,-0.11766926371434787,-0.037059390425278116,-0.05598389380459216,0.1081312270984531,0.08195189219824621,-0.13574142903056066,-0.09107864873625668,-0.07109623007736096,0.04221448409448785,0.06319532545838051,-0.15208109331356898,-0.10054638975829767,0.04991719606318601,0.12347123644191088
2025-04-29,-0.07898805939830786,-0.08629775116750879,0.0031314219768356346,0.016655616827137256,-0.03753544529955826,0.008367143397920837,,0.019454990830344722,-0.1271873488620521,0.14964919425505738,-0.08019991658215907,-0.06364496012466078,-0.09925799991613048,-0.06528241615023896,-0.08453922479792315,-0.11871705214954714,-0.16677373384948727,0.04053598496072801,,-0.059377484665241904,,-0.07013545370447785,,-0.05962526087204546,-0.15418407072713647,-0.04818849099309282,,0.10506950477346359,-0.14225253516261668,-0.016404474364344234,-0.06296550150228247,,-0.2124829290740735,-0.07798231522595754,-0.06479711381743963,,,-0.19491855119523416,,-0.03889016360707607,-0.21172377427521039,0.2062920924931795,0.06386124226305966,-0.040967336978823224,-0.02643091062048512,-0.15821118550290644,-0.046820745590540024,,,-0.0968465476050177,0.05414777489120578,0.15721156758310692,-0.12763145881906385,-0.07237160487250875,-0.1564869359607572,0.05340879042885218,0.160173884047618,-0.15306526572269966,-0.11351548562258071,-0.09991367364503148,0.006005419999998647,0.0729267131807117,-0.13142415180132638,-0.06077111928093262,-0.10496407637217775,0.0010008773116260447,0.053889732202081146,-0.12002940836840698,-0.03330852529456535,-0.056491947838710435,0.03896052579220511,0.15789730654954712,-0.13132077414632837,-0.08235377410832141,-0.1490270576291941,-0.024520681392756125,0.15821538215834716,-0.1521988532244777,-0.10210083616273945,-0.08371767103271298,0.03074023940191481,0.07142474380808729,-0.12454064515157572,-0.055355220177210375,-0.1053084519676762,0.05945193077564715,0.049275447874411675,-0.12547063504488726,-0.027537839618571716,-0.11677010730875653,0.05860724115953186,0.15851572328200478,-0.13663002138364125,-0.09195986636663099,-0.15099810831706859,-0.014141346990776989,0.14742550802507629,-0.14412379975748457,-0.10308122547109451,-0.11913950779180689,0.009136146705279341
2025-04-30,0.14058152963489848,-0.10122030421382441,-0.030515159337680422,-0.10635155726222552,-0.10634575829377979,-0.014122204109544841,,-0.015522211567151459,-0.11353600224857743,0.11422775000881168,-0.07455847724487376,-0.04113248961364012,-0.09067960098517698,-0.059566660995675313,-0.05991015305694774,-0.11772973491734756,-0.08713130327146501,0.013374390852321824,,-0.023226472885559207,,-0.013801730912610027,-0.0874534239985468,-0.06824450608398519,-0.09258040429347954,-0.09411791424468817,,0.060428549924850715,0.0215158872508182,-0.10220599612352951,-0.11763078280718738,,-0.12389084197857854,-0.06390741385952899,-0.1063659537915298,,,-0.14054608844867064,,-0.06407341742994928,-0.19253807809496176,0.18879004460106963,-0.048101683583091616,-0.05111974315563095,0.009236696955710635,-0.11637098072217415,-0.021410290851883642,,,-0.06879050464907804,0.053506898033861036,0.1513217994247224,-0.13134740547469778,-0.06279554618311788,-0.12587605115542483,0.03194124530006094,0.15497703415924777,-0.14821453175802246,-0.07941552657426068,-0.13133542022546177,0.051644006604811256,0.0782492425637252,-0.13706955834665902,-0.06105811531768687,-0.1341404627456051,0.0598238182819378,0.10246637725515595,-0.12592149655419188,-0.03431460475855574,-0.08844102445847697,0.05024536988128924,0.15260512630713183,-0.1311192476016956,-0.06760088816685704,-0.12413842341757528,0.021999260818742077,0.15365014557167928,-0.14624820508093522,-0.08968521003531368,-0.14239879864574573,0.029708197197567978,0.07699021177416979,-0.12551586100181042,-0.05654819772307079,-0.13050310751593658,0.05652122206957795,0.09742469547797968,-0.12479899972858291,-0.048392639347498406,-0.11391338028068683,0.03515877047569384,0.15225206483929865,-0.1345155297606034,-0.05832641141996824,-0.11742343714439056,0.03495940261283489,0.14727502371991755,-0.14381719694492895,-0.07188466800814602,-0.14851025247290567,0.06362523670310369
2025-05-06,,-0.06439336142265425,-0.0024571963990183267,-0.1162626896190948,-0.026063818753318913,-0.004672488118115917,,-0.0011581082453897874,-0.08094997656666564,0.05101065898443833,0.027627952745369434,0.019516658891840986,-0.02693156139173365,-0.06955352467909504,-0.022663742422442092,-0.061379296179615545,-0.10293476743833929,0.00024114114737049856,,-0.07037869462044094,,-0.008377473610722979,-0.05140904817083871,-0.034094034677802094,0.00562746374534845,-0.0455432676698925,,0.013683385501463885,-0.05732381835883047,-0.06969199949156711,-0.09753641678870531,,-0.15320686017010363,-0.015660603305030617,-0.10942531293218655,,,-0.13808637305709992,,-0.03922016028642876,-0.1900704969864879,0.1848635201788675,-0.0628968477073784,0.011236529529327008,0.016802418286613885,-0.037615307014462834,0.018405068347650898,,,-0.033058499302906844,0.05456588102824348,0.08427463433646248,-0.1189926698512785,-0.010873638216902097,-0.049070861672138553,0.04872391935733273,0.08365070249313458,-0.12718329622243724,-0.02394571030374931,-0.08811823754254414,0.02352756968935941,0.03789880304776334,-0.11766719202855695,-0.030096625752512027,-0.07929677094067317,0.0667190531274411,0.057110311829738886,-0.11141502059056392,-0.008347694138414847,-0.03912843506688715,0.03833598187052091,0.07998080438284429,-0.11730774176703367,-0.008493722417419207,-0.046375235661891265,0.027619452262098252,0.0779560672773684,-0.1238612295992487,-0.009628838479470969,-0.09500603089360808,0.05246679163973903,0.041695956113491695,-0.10809913817776913,-0.03151221896652663,-0.06129675319727951,0.059748520924154634,0.04938388815575249,-0.10973043557783728,-0.012545569440949214,-0.06645831648748167,0.05347344128829452,0.07263336329774195,-0.11728229724401525,-0.022599413593218494,-0.04748279939956414,0.019881825665078713,0.08597369381325798,-0.11765053641649628,-0.012821522582425682,-0.08096135856521039,0.06318388756785406
2025-05-07,,-0.05420664065694492,0.004854675092912789,-0.24692236333799536,-0.16063478677808576,-0.037755184571831545,0.03735320045358231,-0.10884986622008627,0.015463291948102415,0.009102603653613768,-0.04529653947264641,0.004523125134942945,-0.02647490204112971,-0.01929823790876948,-0.03555593315719859,-0.09415250488639497,-0.11970582158660617,-0.0664264331995845,,-0.008111659898687803,,-0.026007949970172705,-0.10888515376198261,-0.0883567235308431,0.03943702313889692,-0.037566813195148416,,0.03476041290055901,-0.0846185099646991,-0.04529100414939646,-0.17289350383495602,,0.001861592352945961,-0.10013814698735633,,,,-0.10231555036435738,,-0.07573304361439821,-0.16780132672681497,0.16410942417591035,-0.0016561200640769964,-0.001926717413845918,0.05474648709445018,-0.11841504890717901,-0.06192013160017062,,,-0.04064611342602271,0.005613126513956511,0.11486121618681931,-0.09514232606522981,-0.003962014484877931,-0.023132915053753443,-0.013582058823550748,0.12866944383059273,-0.10303520748821421,-0.018995658865683693,0.02971816921361718,-0.02372604076580168,0.05883681454520792,-0.09085703539542529,-0.047371032459839126,0.06841333390027562,-0.0023948770921547163,0.0881718766353572,-0.08791640973528027,-0.016714059500769582,0.11417147390204456,-0.00849126623742246,0.10954098048518492,-0.09335073126253064,-0.013175631432472103,-0.012235035496602487,-0.06109796338924329,0.1254662130782364,-0.09994473947963324,-0.025169049639861413,0.04875470881672657,0.006390229193974438,0.055053576609620854,-0.0918277623770949,-0.05170984298314374,0.10300493140698225,0.012961988371286589,0.08254312936389713,-0.08896948378686655,-0.013808964248409295,-0.010601367927734263,0.002285773727714092,0.10401385513313713,-0.09299436526925191,-0.01609475235694865,0.0011737656669850282,-0.04593254526833839,0.13236028691846743,-0.09440599189643231,-0.041101111243616595,0.06283719966021385,0.00038442788274760495
2025-05-08,,-0.04407225196170508,-0.005564801518931478,-0.18817334028254024,-0.05284836631140566,-0.014975454533573386,,-0.04324204664458301,0.05952272486418127,-0.02373639142840661,-0.05575297231214346,0.006772748055383351,-0.02347859750665611,0.022973223900208218,-0.02191839848513442,-0.04274330420010158,-0.037301470115464204,-0.0447861267092955,,-0.06310421519556578,,0.06599921444381848,-0.09101653864829587,-0.09718513861886537,0.06274118803021674,0.010093685496537433,,0.05169637126124112,-0.03797555256021928,0.09679906989578814,-0.162789400688274,,-0.00957053819397605,0.029151601381165626,-0.1443115673796264,,,-0.03198767338639462,,-0.06267253136277157,-0.1266488022396251,0.12620844927630825,0.0821765975868551,0.0212673254829639,-0.024969074523711526,,0.0040028981933452204,,,-0.024705412536224113,0.012912588926410352,-0.020409133203740375,-0.08401409391299337,-0.02631435349192683,0.09292414974104471,-0.06234283369065452,-0.02251578415585898,-0.08106590776565537,-0.004214099955550957,0.09061571872974399,0.026568371808378993,-0.08103198567082728,-0.0412080554863035,-0.03856184243694376,0.13296232362598331,0.03256923252589584,-0.06069770265618608,-0.0811714576097333,-0.03724968977537388,0.17569737435174634,0.009996525979041927,-0.030085947586775335,-0.07746053798813558,-0.013871785991772537,0.10402586013879732,-0.018174229541600258,-0.029102848692415913,-0.06994679892247296,-0.014123335707012425,0.09258196152730214,0.02101507923578242,-0.08733729551287993,-0.08607265414141307,-0.037831605396107505,0.13720078925975326,0.016781633127864636,-0.06900235823993162,-0.07632468747644582,-0.03851491190055211,0.08936990239384952,-0.04999993038448539,-0.04208364780303318,-0.06991627517421783,-0.012113771497068939,0.120059288718438,0.006467049357463945,-0.014123172740184096,-0.057139210199670123,-0.0235165483016261,0.08770290775824902,0.03824772445308338
2025-05-09,,-0.091501298693111,-0.023921760728834972,-0.14996262628367657,-0.07693054132122992,-0.05306904756726031,,-0.09593821674386141,0.08321183290936476,-0.043040978973104306,-0.05903999630081862,-0.04076089643907656,-0.042704426561763716,0.032062621521529125,-0.05918265330940824,-0.1337162405974766,-0.060217988196001396,-0.08936071180379901,,0.03100724450211234,,0.025838174551373244,0.029973648325420734,-0.1755064410411614,0.09897894389158153,-0.07768008974920985,,0.1404709678335278,-0.1597840739666015,0.10157895990003782,-0.1494667458397615,,0.09994151081886486,0.04157612238396361,-0.04683634481934379,,,0.008233832615119414,,-0.1453641249942211,-0.1118492460154328,0.11211450631466927,0.028680797266837258,-0.02493692823675576,0.028479095386808147,,-0.04610477100470927,,,-0.069248444769948,0.061510483524413226,0.0026124820518229814,-0.09571152192706939,-0.08780902886417133,0.08162388614155422,0.041901681779983414,0.022535606622179075,-0.09677573426251349,-0.11316413205611432,0.1352551116721006,0.04021590535076372,-0.03797878721315507,-0.1019661845013777,-0.11952619196206474,0.17081359897953113,0.03058183520671997,-0.003907448204550575,-0.0942073382964556,-0.11066037009115003,0.20403047010308611,0.054688397441341734,-0.011711137453601759,-0.09327385350305585,-0.08821467452818753,0.10026946137123598,0.005069589005785648,0.017469129024306407,-0.09239361150545293,-0.11977908392995941,0.1508249352440236,0.04115532948565509,-0.04396765306283226,-0.10506851038154552,-0.11314848731179267,0.18255828895780443,0.06694361269459757,-0.0037594575336170164,-0.09324692562524864,-0.10545156367542076,0.08581976732183913,0.050461288252880945,-0.028814298968881425,-0.09034068295980294,-0.10539284838028531,0.1270082030625192,0.006869070899581778,0.03799475638761355,-0.08685776853625879,-0.11979558829590942,0.14923900156571884,0.04373403244732212
2025-05-12,-0.04110377249842048,0.005281885746629532,-0.01968690552787511,-0.008101453036667745,0.01055811091060758,0.015007502317546852,,0.05413986525889589,0.08226940599220385,-0.0807635856731193,-0.09677146036632259,0.0968173826866322,-0.0389127551096821,0.05457221347215928,0.0014766303303350482,-0.03820689656728976,0.040623530650240214,-0.023942248008457335,,-0.03384995714684354,,0.07098259028592117,0.0466296793986678,-0.06942047261167295,0.024133037617600953,0.01088670764026855,,0.09225503011129545,-0.02093994282708109,0.04777748242700932,-0.016741959652636907,,0.06447908814269289,0.12492843154521097,0.012028186905344037,,,0.06849153619042342,,-0.04150510405247549,-0.1311189075024026,0.13132006337109126,-0.024958034269136103,0.03736497877544387,0.08713065465191733,,0.07125950182982523,,,-0.058094477705211076,0.03269830382556828,-0.12408963303331126,-0.11037700347328028,-0.08243758836930444,0.130003767617417,0.028030249120445296,-0.08185971070483133,-0.10587651162687564,-0.08216096836230752,0.0619090307791822,0.06198255630492305,-0.13263785869243422,-0.0762878916039871,-0.05124479208345721,0.09598133341231006,0.03990582537879258,-0.14964365212382913,-0.10790901741314912,-0.06966281730745313,0.12103433287100424,0.03171772450014372,-0.1284686198309097,-0.101201653605945,-0.07857314101943497,0.13296537995397795,0.07065687356350636,-0.08600011312560472,-0.09749397202187593,-0.08022590440813916,0.05499029941024156,0.044805987569493215,-0.13457438141755762,-0.11260688643096363,-0.04550692808163948,0.09415692188541727,0.035463937996230245,-0.14555000283390337,-0.10129497172504506,-0.07863300058306247,0.11234116976633766,0.032894667825160734,-0.13816869018374942,-0.09604002978998119,-0.07826119910217039,0.13304660579321723,0.060017941198560736,-0.07076307645593143,-0.085290110767525,-0.08791765227891932,0.05546330677303702,0.036107616204142164
2025-05-13,-0.04273563299020914,0.022497535149396692,-0.011951075234930848,0.00782283447384129,-0.05151156298964266,0.015303715045166907,,0.032797412602887814,-0.004474712470157312,0.03323479100363992,-0.06917308539928568,0.003196022406535092,0.0025403929727754048,-0.019680909508889656,-0.03292425593726345,-0.014167287664592687,-0.025923048351239278,-0.07009830100890566,,0.12236389505686625,,0.05182896509309677,0.12682327100074123,-0.05690636731277799,-0.0276096417271902,-0.02107676792923453,,0.028790443503522906,-0.00682266948569469,-0.011046225171281123,-0.03478482541917234,,-0.048657945856026015,0.04839488444510469,0.04999098394678176,,,-0.04250071353239029,,-0.014771980838024472,-0.13097072113348612,0.1279509006854501,0.006988317141060869,0.021181503197192773,-0.005118670919953296,0.0017945116374283253,-0.011114156795067427,,,-0.06804686564314075,0.039253686668784725,-0.014905649805955233,-0.12243901047278735,-0.06813843065196393,0.10202686667422313,0.030527521451510796,0.015292059817188342,-0.1222095297315911,-0.05828423248546585,0.02539156091515145,0.028993451018710235,-0.028179222893336,-0.08829349328795677,-0.023454297443282455,0.05675392177007656,0.02662902716190321,-0.035048556474948,-0.12406724095276644,-0.06953416608833017,0.06589336747422626,0.015492105662676219,-0.02565860568045277,-0.11797156262497223,-0.06216424327379667,0.09609480066890978,0.05660324908875329,0.009310416926346281,-0.1111328666107164,-0.06537694857987439,0.03559698062542186,0.011146511689632236,-0.022684984066843564,-0.12687918898804734,-0.032040072242745285,0.054016884043834486,0.0363398860068505,-0.03514890318007156,-0.1187880933981221,-0.06162718516427875,0.07370632245034414,0.03103907662201978,-0.03021650271694909,-0.1154182287443416,-0.047515724406111015,0.09485366347293324,0.03935803749640502,0.032553248157846056,-0.10615693674278971,-0.047157742868673004,0.02861363683773435,0.018041627651159846
2025-05-14,-0.013271671737580853,0.03169678667703475,-0.0013354790898814479,-0.0032245797418722967,-0.014496205713426077,0.05409551654890341,,0.07342223808240414,0.0024398657322377434,0.01574009569163661,-0.07438522332058865,0.0886307324436045,-0.0017582128114779153,0.07636607915908716,-0.0012358165547392277,0.02542440077646752,0.007681220380757564,-0.04176204755061032,,-0.029881231621167022,,0.03124672834598461,0.05647937257142369,-0.018806174219657457,-0.004694251484640153,0.011659529513897461,,0.020205117348486713,0.02913582774214116,0.033180291075679366,0.02248525397693569,,-0.008944229649283958,-0.03407412761565407,-0.044688464483966815,,,0.01992766353349514,,0.04041389566668747,-0.1778918163809164,0.1756854512517726,-0.0056583709757343035,0.03745721903768,0.10578926371592995,0.036220730555050186,0.03919572379788728,,,-0.01086151204065448,-0.02527207914288717,-0.08282085737394955,-0.13691153968100803,-0.031301598752700686,0.09586320064254622,0.002783621153968551,-0.0576699410898461,-0.12944784755141134,-0.025170469731270864,0.03590241482372848,-0.0016672883771819281,-0.05322718046914383,-0.08355600344610124,0.0036345507927299904,0.052106759581335094,-0.002947120006878215,-0.07300061271910929,-0.141108502866545,-0.0320954766403967,0.0687240891998691,0.01565333105895082,-0.08424204669686922,-0.13271235666280612,-0.010544115210774615,0.09361408998349262,0.02349442974561485,-0.056733744757691135,-0.11977084703719793,-0.005096023583437906,0.04360922848517157,-0.02575650990577228,-0.04869128316619502,-0.13789634385474173,-0.008736809403726356,0.03226503172417029,-0.02931567704716373,-0.06963332063806288,-0.13896451485060413,-0.02665565216850915,0.06619441515216457,0.001969216129718986,-0.08343780778557341,-0.1239919687128716,-0.01598682872419753,0.09316123234066087,0.013466342435738781,-0.026574432955573567,-0.10970936936606994,-0.008483930960710435,0.06249464852217579,-0.012326300837522591
2025-05-15,0.00954976902781306,0.0003086724519630452,0.012443627130899245,0.028861336357967147,-0.05587464798213259,0.04208060264109231,,0.07520630530075084,-0.0746966435939916,0.09263314260413454,-0.023582108235040564,-0.01898771846377039,-0.010984379704250202,0.04894545575606574,-0.007479990652115853,-0.03439098322049101,0.026416431634757685,-0.07044594675378128,,0.009226821359343924,,-0.013996951001397518,-0.035613482594547684,-0.09179925997882374,-0.07137312342442922,-0.02862638557066764,,0.08213481116559014,0.05664397395671366,-0.039257734465286624,-0.13586345521337356,,-0.04815542821936377,-0.09717871650764914,-0.002663110117641986,,,-0.026522893598200183,,0.0019741683397770274,-0.1467489777991483,0.14529498383348644,-0.004269575413267444,0.010666622823969234,0.06590346935840992,-0.05014549139960361,0.056925789548277116,,,-0.019398114785919966,-0.023872752158111972,-0.003323890029247014,-0.12124472960599192,-0.04123220814999723,0.10380410707521656,-0.01033372698953938,0.0053167101162959075,-0.11488743267574675,-0.03734970035978649,0.01428118929387064,-0.0325084228994087,0.00965588391357047,-0.07878208580675404,-0.03587273734942591,0.029716321343773163,-0.027700375891992767,0.003927209948314188,-0.11997721538768417,-0.06588762689691273,0.06711955389630664,0.004451153970894457,-0.006947266600288299,-0.11452739216317757,-0.043955123985679925,0.10488713845201694,0.004652694332019218,0.013379099882400254,-0.11054179619540598,-0.050874645942680013,-0.018783928523755006,-0.04124819665060479,0.013375925253434527,-0.1074124255213537,-0.03272705493290301,0.03534384343717923,-0.03147474498985714,0.006250842150983715,-0.11738193133898632,-0.041495791347770754,0.08053853384749268,-0.008231876072914658,-0.004417897014024646,-0.11042997973148025,-0.03202055461971316,0.10767494601268895,-0.019074430440667173,0.042639489263178815,-0.10712270384612142,-0.05464498386963176,-0.05196859693719715,-0.03863495094357733
2025-05-16,0.06919550063746023,-0.041240371516036066,0.01111837230814022,-0.036152107566345903,-0.08768250606389451,0.03211793962670164,,-0.0063989357939943795,-0.049081318733312916,0.06550382839473684,0.014484750718765076,-0.04356720031331456,-0.04764967329166851,0.003003835709514443,-0.03508695174129831,-0.017753660095341645,0.03562416854468062,-0.012054104745955944,,-0.005901923103416081,,-0.005153900229301153,-0.11778791687005817,-0.03872365382554292,-0.07175940955375698,0.00847381567453523,,0.0338202996447726,-0.01787629562192367,-0.17417213479728913,-0.14398310900418065,,-0.06504370323180668,-0.06111413553871632,-0.05235428410107071,,,-0.0937723950634043,,0.019663803395535074,-0.13736367310013878,0.13394254232550695,-0.06506715643857218,-0.004978866091682456,-0.0017778711899269037,-0.0406861808560206,0.005467878469292565,,,-0.04355225227750042,-0.045957939823247605,0.03465874549612103,-0.09348479816671353,-0.02189298340276181,-0.03095889982546155,-0.06830356544060329,0.04173922226126989,-0.09112355812369208,-0.02169082518843259,-0.11460244346397018,-0.06936541989242295,0.07639424271977513,-0.05965561690576211,-0.00796103384075799,-0.08253111050646782,-0.054510082855185486,0.06942058620878032,-0.09198268155984195,-0.02139935632154479,-0.048583608233032226,-0.0521323275398716,0.04222241377746101,-0.09017046810259756,-0.006459815843980067,-0.035314638673027664,-0.04505486467633108,0.05154177528883204,-0.08994806231041344,-0.02118059084300538,-0.13182404799229244,-0.07192446006687236,0.07814421630634079,-0.07963354937063682,-0.0027949200173787996,-0.07744037545757713,-0.05442036176350709,0.07473715869543401,-0.0876839362342906,-0.026979781495400194,-0.05800794972312339,-0.07239041118753686,0.04626527791409109,-0.08761559682901349,-0.025435411144564206,-0.03955293617088119,-0.02686152540881505,0.02271916871676618,-0.08405910234603305,-0.032331716159268505,-0.10195026093783961,-0.07120632264477443
2025-05-19,0.09948538143549865,0.0091241735389872,-0.011759843381426965,-0.0949675236175145,-0.046412772032905565,0.032548481573739026,,0.008165433313844108,-0.027421106871367815,0.0442520593270142,-0.0038905987417585703,0.002051552502221825,-0.037569941436452994,0.026812034680627164,-0.039946151380617495,-0.047010837326541835,-0.041364103700823746,-0.004022476566523172,,-0.03129604237924157,,-0.005252411829927783,-0.15660087680919213,-0.08310427736837511,-0.03217032203306959,0.006615491296373081,,0.03290156515365029,-0.057222972155121926,-0.1497511915733064,-0.15975447796544034,,-0.06153216180831937,0.006493442049267559,-0.070469766229929,,,-0.0863834428135008,,0.004102962345686382,-0.12696040146013007,0.12393846533620127,-0.02297993784020297,0.024920716488550508,-0.005725608444186659,0.004229005474392874,-0.003386005230995819,,,-0.018450554840393138,-0.06018672043956714,-0.04916655785524261,-0.07820422888547231,-0.01831827568336319,-0.0014610654638183313,-0.08831776272066855,-0.03932075494926206,-0.07990211835073767,-0.024519208176055636,-0.08077897757965956,-0.0706633153966592,0.020184861398269086,-0.05166070684980191,-0.015327748199651487,-0.05586468338298434,-0.05234051892799142,-0.03712828292017419,-0.07431570864608322,-0.03298137964623819,7.180289365525622e-05,-0.08269747478875757,-0.04813668251602535,-0.07736692531607275,-0.03009014784373621,-0.00643419016894612,-0.03979463874627691,-0.04088870569242533,-0.07762450991035685,-0.047498284657389214,-0.07573550068176456,-0.07187438553362963,0.022366183768844465,-0.06855334798347562,-0.012822430037114464,-0.04112070767169802,-0.05977975202033513,-0.03706257753314141,-0.07244787246802699,-0.02743996464268361,-0.023644847679552095,-0.09091609737309869,-0.044589825756837134,-0.07466699394770131,-0.030512024407350947,-0.012478402079737461,-0.052540911486744085,-0.05068885114566478,-0.07153820552515319,-0.03473610813126541,-0.056635241017069606,-0.06284017389788353
2025-05-20,,-0.021511985288656207,0.01369166714938537,-0.14023713231540852,-0.044290882945137396,0.03276437007379008,,-0.04025129728392361,-0.05902740072992157,0.08229981190167067,0.05863931838126934,0.0038096311060488775,-0.008350471189547433,0.04398778157401216,-0.012335257298118697,-0.033052353905139546,-0.11144123628239849,-0.028086975189701647,,-0.025085374748527553,,-0.032172944385974206,-0.09520162873492695,-0.05015130233897746,-0.028658996006689016,-0.01163255767326555,,0.025138989849692824,-0.089646412782761,-0.05672048394035654,-0.13434472294152885,,-0.06623829679630064,-0.044136179038497474,-0.08684852310868758,,,-0.12838815262583073,,0.014639259654351684,-0.1060173964357699,0.10562174954841994,0.023888811398170486,0.013053696097475387,0.029371136466986844,,-0.04408416159776794,,,-0.014921795255628329,-0.11158780605734822,0.004936077211484498,-0.060375978148161334,-0.029428764100728463,-0.02040878754021795,-0.06535272593939301,0.028763704717784642,-0.059027588033024936,-0.027952719213807056,-0.03324306280467099,-0.11107207102848889,0.06143322592551324,-0.03972669518471354,-0.0003319337741866775,-0.019781858074704697,-0.09393978799933185,0.04784291134011998,-0.054686145018657005,-0.023530189743130262,0.019244710155743156,-0.11831215251849195,0.005620841505601997,-0.060649194715138285,-0.030857627727420168,-0.023789496273734015,-0.10729168561922613,0.024071840073886124,-0.05206093560411882,-0.01077457580872401,-0.018990740637191188,-0.09771038385497692,0.060264880713429204,-0.051808724757467846,0.017482139208228272,0.0006917950422459222,-0.11330488396887226,0.05236630904686189,-0.05753078378170107,-0.04113662683662515,-0.030071228890218956,-0.06522255441596785,0.007884702068211692,-0.057586133653975476,-0.03248393273977533,-0.02266006233839556,-0.10495682288668257,0.023057067146228738,-0.0482845834779616,-0.0036757267994046256,0.017120076165736756,-0.10208582677656783
2025-05-21,0.04243889520745331,-0.058720632308005276,-0.02764237638764726,-0.12126761002481873,-0.044205157306909486,-0.03037064106389314,,0.03717517011066018,0.013545131206602104,0.02192516498494104,0.004598028654973197,-0.02271920249158217,-0.026512145928131902,-0.02919898435055495,-0.02813040723653083,-0.1057232903903397,-0.038584397588485156,-0.07797639723605952,,0.005603192358017608,,-0.034779039788410626,-0.11209258124354896,-0.08099241691813361,0.025057429933313783,-0.055051038093800624,,0.07203020065989789,-0.05991673564621064,0.03872485606394817,-0.11111599276733694,,0.0028220229044795216,-0.045545898384656336,-0.044818530968759866,,,-0.03243754915950585,,-0.03673803068927105,-0.10648736800807285,0.10290777527714967,0.03379464594717485,-0.03519519436977542,0.0061238881958384506,,0.02256465850466208,,,-0.051289645556623804,-0.05968703977966226,-0.014100938703757346,-0.08962416244825967,-0.08156754925090033,0.04294906102451282,0.042845238086970897,0.002469528856738309,-0.08701744954918855,-0.0548485969289841,0.022475745863664187,-0.0371723563294897,0.009917937779229967,-0.0892069951542242,-0.047164471708819884,0.036074104572693486,-0.05163805743724289,0.014647511924435778,-0.08652830510478382,-0.09875868154718952,0.07648499840694936,-0.007433336889253409,-0.0146302314987861,-0.09151673430040354,-0.08246390574561695,0.04399157079876805,-0.07895815205427226,0.005901715853605383,-0.08437044612692006,-0.04761449376929877,0.04617187548474725,-0.04484900321595453,0.016534971899991903,-0.0771894280390911,-0.06049648305727578,0.033820080833058014,-0.05193788240989779,0.018802530911567868,-0.0900528099064748,-0.09500843324308955,0.04419859629647742,0.04137483184423408,-0.007413805568245709,-0.0920091372585248,-0.06589003766951886,0.052652426923981435,-0.054325593281662,8.55209099458169e-06,-0.07996920732629434,-0.03230151279828303,0.056484747308962954,-0.04158465608846629
2025-05-22,0.07481791521851501,-0.05411493192836842,0.012095611826099074,-0.13360495060777877,-0.08038460730705514,-0.008591834189576866,,-0.031178195797726932,-0.044443434609416174,0.05510289711530047,0.00805479948429492,-0.022711422616173173,-0.03786509434574212,-0.014416386701961574,-0.04832763737834418,-0.10244451018649431,-0.04397436734179887,-0.07437889630909884,,-0.05413533733014226,,-0.033098697465833674,-0.015583535384307342,-0.0570995944040332,-0.031510464040317904,-0.05744865898574642,,0.08800810603521454,-0.11162903977367167,-0.008572026605820116,-0.158958518627699,,-0.03833338954922804,-0.03634417687388723,-0.07168002511665446,,,-0.10226028568191518,,-0.0082546124165405,-0.14408205578639244,0.14295676685977357,0.026920448537586954,-0.05588504234535464,0.014259781304372216,,-0.0761823876473829,,,-0.059151910900580876,-0.030415944733294953,0.07928052072924928,-0.10162964681319954,-0.04443972792560676,-0.04028189283440017,-0.0011589165150145987,0.07245213496775026,-0.10137469825637674,-0.03253005325975944,-0.019661889830259974,-0.06167999721956188,0.08895830823404514,-0.0976921121818715,-0.03896941487124374,-0.021106853885723146,-0.07053616552618738,0.09312888564980797,-0.09892627434082343,-0.03507746601572901,0.03553824859234894,-0.012659446291282147,0.08300832589173138,-0.1011736659646702,-0.036096778435196895,-0.031195149469013018,-0.08082721967805669,0.06540445940417015,-0.09695965899893019,-0.02438444905918025,-0.010350445216279319,-0.06003820489718067,0.09332837031569977,-0.10046412150729613,-0.043260787994884094,-0.008257498771543689,-0.023398844317107714,0.09187184021922025,-0.098322302357092,-0.03733274521554955,-0.03219812841240332,0.0006775143593849718,0.09051642995328676,-0.09795873885970542,-0.03999849782946867,-0.017965707465645683,-0.08539986716810473,0.08192255841835165,-0.09398960244032259,-0.03796132695239747,-0.017824279424229456,-0.06089004752699659
2025-05-23,0.06779995645799866,-0.03272804476240968,0.014994113616840778,-0.11787514447547448,-0.13188315346745655,-0.006313787821998819,,-0.029392315035363693,-0.028877581761519673,0.024888001524936785,-0.03684411805292778,-0.07708580817392512,-0.08537071244297134,-0.0011074882189021948,-0.08744596760924354,-0.12128839890649194,0.003021399982197653,-0.012078005232134304,,-0.005268473501987197,,-0.058061038951912225,-0.0102599965791124,-0.03931791248604483,-0.008986185570461538,-0.09453957201198078,,0.06196226927012833,-0.16401920289827318,-0.009322793035123364,-0.14515345819829015,,0.02893294843748654,-0.0690093719118709,-0.04480013383249959,,,-0.030131990629224968,,-0.004647693217156128,-0.1695961234587172,0.16700598590281135,0.012173644359334549,-0.06514839425230388,-0.03820907498407441,,-0.039291957282647456,,,-0.06942753748988187,-0.007799394305134934,0.09494656153567413,-0.14918096795644734,-0.04030962958245189,-0.028234798270298463,-0.020779036787751618,0.07528895389130237,-0.15375836725067835,-0.012648525087248792,-0.010448056216319442,-0.04593811098176451,0.09350278235076064,-0.14726418672064845,-0.036127807488938055,-0.0012966304075524055,-0.029944330750856882,0.07107725028090886,-0.14514219306613174,-0.015050707423737082,0.035942767104523536,-0.010703118543832324,0.10259498393790917,-0.14961679766891478,-0.03678623936414823,-0.019121900576535216,-0.07068485006286539,0.07021439000477686,-0.152242120664475,-0.01912510324800067,-0.005853290946992837,-0.04000812542471037,0.09541181245091493,-0.14011333096027512,-0.05215941903111672,0.009217561175567504,-0.00655132179567692,0.07324425055441072,-0.14261654931147058,-0.011130348455623202,-0.02186310009895931,-0.019299923124946612,0.10559142939066239,-0.15354516618874173,-0.02519977278015688,-0.009701314841320533,-0.06517946229537412,0.0720495063041438,-0.14528957786406396,-0.02815472725528234,-0.0020022511627081877,-0.014030974864296364
2025-05-26,0.06598129732084594,-0.04756884276303724,0.05833391105218595,-0.1725611424878598,-0.15382633247818317,0.06886673510168755,,-0.14051608913831373,-0.04294207151076705,0.032959239416145834,-0.03184612638751943,-0.10838511291822729,-0.10379544214415752,0.08160653694184669,-0.0847537881665011,-0.08728705653727356,-0.12682945710374713,0.07259249370763833,,0.0644828981942099,,-0.07863024812828141,,-0.03779879249871077,-0.03830411869223305,-0.058691438807728855,,-0.019143343857034874,-0.19061869864930342,-0.05359432766680573,-0.22556340730703525,,-0.08021420097462578,-0.04787892366016103,-0.010547033602833076,,,-0.16061022416631035,,0.046249088227209266,-0.14922054372925683,0.14633770766458054,0.0657814864433524,-0.0741592753653449,-0.13207755528640885,,-0.0931722986709531,,,-0.05618597744450207,-0.06760157671738135,0.05650338789144424,-0.10603104567975699,0.003259855663418375,-0.1083715988891737,-0.04652542814971908,0.04674922127868546,-0.1123593065822492,0.01570991532486521,-0.03169983762227023,-0.09608454291959269,0.08609176360979762,-0.09946619120644373,-0.014312991157686287,1.9139792948174374e-05,-0.06787428001903564,0.08274486519061901,-0.09873633906657182,0.029515558262456693,0.05639996067287334,-0.05858164357888668,0.05540261262261879,-0.110015466393278,0.012424191013995167,-0.09724712044835068,-0.13068536300560704,0.03196094285733774,-0.10584582653861176,0.001863938601271184,-0.016072584879061977,-0.06440464092522308,0.08072907855358766,-0.09732042546579339,-0.04119164521865575,0.026512073018440652,-0.06359856626435755,0.07950461108166691,-0.09883878759779641,0.029084625693670617,-0.08344850923557315,-0.044860275883770694,0.054797830924897,-0.111223001285767,0.005761749105382794,-0.07256646803177683,-0.11784210589478343,0.0505063710966645,-0.09746559728517266,-0.02085617348531182,-0.010963375106773775,-0.05646833963463983
2025-05-27,0.007017385275815141,-0.031448579431772705,0.04828582656553649,-0.12258681657928282,-0.09925860735690459,0.06343086010913337,,-0.1278702028644655,0.0037078886780039957,-0.00014242807190006788,-0.07859869137784006,0.025268744669803948,-0.08124682265089428,0.04553947517016594,-0.057034957942575085,-0.057465866981656524,-0.07783823522234487,0.062090173753024856,,-0.018848197346200017,,-0.008593794484315596,,-0.032715891095102964,-0.030217339013204118,-0.05743367781367902,,-0.023220996597985464,-0.031401538162820174,-0.003348014415215249,-0.12575842482774785,,-0.021067874402831067,-0.11606046367889801,-0.046815923236927674,,,-0.07873648646260564,,0.032174514177612315,-0.1389393158886187,0.13657825233362816,0.007300000715876235,-0.04512235997869686,0.08935832287217638,,-0.04480120307956747,,,-0.015748945556364743,-0.056891024206580716,0.012984015251786012,-0.12207210069199062,0.01838525157343696,-0.05493336113416302,-0.016529387466074467,0.004761288313540301,-0.12651296548494667,0.01683839917032387,-0.03181348885394288,-0.026470685988937533,0.04979052975914121,-0.08145371035853166,-0.01655872789572599,-0.0018803019493257192,-0.04350305693674573,0.02059691414095682,-0.10675962902022608,0.03206507132697723,0.027567862924620053,-0.04329889651635455,0.013210771822829584,-0.12348284875673791,0.015083281202310759,-0.04537279023882472,-0.07733015040770529,0.0019142934131073828,-0.11725715259469022,0.0017946820408484446,-0.023589077017748778,-0.02888439373316451,0.05450919209504193,-0.0954268251688167,-0.01385811094421455,0.021399341977144673,-0.05239504378630676,0.023768388637232348,-0.10857164765177553,0.037292660318420094,-0.05197352452800583,-0.0163363382062824,0.005258886385044549,-0.11982511154324936,0.006950377626781841,-0.03191034580424743,-0.04935224449250495,0.009420057818816963,-0.1037220035512375,-0.026581366437506266,0.009633419436290014,-0.026396865972944165
2025-05-28,-0.10209629038964266,-0.04602880896771731,0.04627449674812829,-0.04624428724841382,-0.054148566529627455,0.07741068368619879,,-0.043838356491541434,0.11405363007261209,-0.11345647525779834,-0.08036348220615597,-0.006563055888661518,-0.0655683611429095,0.08759531218686495,-0.06230988157885009,-0.057315831593769365,-0.024599489142436856,0.10518480801782376,,-0.016554852101996927,,0.0019617750858930737,,-0.014723145345365535,0.10758939470715459,-0.0680618568985086,,-0.013988273984154854,-0.1147742381757216,0.10791671192901714,-0.04603865374401469,,0.11853041541018626,0.0984203158494069,0.027185110177884136,,,0.07443460209814799,,0.028991185381167146,-0.15151218806713498,0.15272564012586934,-0.004391452080342552,-0.0592580116579902,0.04239806550309335,,-0.0028475181595819864,,,-0.03412499923605573,-0.010385281137516677,-0.07392760448322158,-0.13484884976077285,0.00864096544028699,0.06601717049558485,0.018077099326168137,-0.048794565433493454,-0.13303604456075843,-0.007004095333700806,0.10722386181226161,4.574934508616178e-05,-0.05648496435486694,-0.08124853856713973,0.0017950606017284561,0.15192716615467383,-0.02501049458230177,-0.06041550195390969,-0.12075061193044415,0.02351116734510648,0.16055981908209094,0.002041382296902321,-0.08344355638142474,-0.1315279989051509,0.0018813104191584232,0.08050051793083983,-0.0213135434327887,-0.04985767420277908,-0.12080459891196031,-0.021859142824085555,0.13771332245490908,0.005041180426609549,-0.05274452992664377,-0.10646869133150272,-0.00524299116057516,0.16133251342951535,-0.003827620078110172,-0.05399143208808369,-0.12174065095384826,0.02540541973126127,0.07638943041372177,0.019645365018991917,-0.08659762585576754,-0.12396882984204986,-0.015483953620194989,0.09882770781847433,-0.020685972976785653,-0.03783272498648829,-0.11405703903766493,-0.01887444540712986,0.15924529681366836,-0.0046064310144532244
2025-05-29,,-0.018428503309944735,0.06551526972942522,-0.010789103142739507,-0.05208251687025555,0.1007431161697958,,0.04318732568870032,0.0013938455815318807,-0.004635457063211664,-0.06371299244236177,0.025209105347943447,-0.047424638915103685,0.1087810393325356,-0.03303580140150909,-0.007486872651940542,-0.10867203793800767,0.12410562920110947,,-0.040674624260247684,,0.011332154457732129,-0.003610382508110262,0.013582540880555674,0.005247797666811828,0.010228399953329173,,-0.04918177340918409,-0.06998497786532613,0.056850834808827355,-0.06412983539927448,,-0.06282398903692266,-0.04546418845749691,-0.021110381618024802,,,-0.05795420690891961,,0.07760605057683757,-0.15627228377775348,0.1539801710828282,0.004436239824950129,-0.01852914676488683,0.05795348825029709,,-0.024217076821433245,,,0.00019985179567913615,-0.02614324541458449,0.027341292123795782,-0.08700290601847623,0.06735230767365642,0.00988631290194258,-0.0035048761148324488,0.019637823159666046,-0.09067767902994905,0.03728419563861672,0.06320164373875944,-0.06588902443298321,-0.02676846668697255,-0.058698148101002226,0.05083779556965316,0.06272375181720322,-0.037346914177176255,0.029109518192847447,-0.07467058912518615,0.09010874170222738,0.08048497646468214,-0.0313145484342127,0.02626148081110493,-0.08383715889336489,0.05781917269017826,0.025248531620045388,-0.07209454029096223,0.015341314381289068,-0.0912006940708163,0.03312130021375457,0.07586193610028509,-0.05859009497528281,-0.03217933037985399,-0.06052520864371737,0.04176026747125977,0.07102197485845886,-0.023555606046541912,0.01802570279011932,-0.07390481108670094,0.07779823838181275,0.012737555794661723,0.001526090885420655,0.02281187039934718,-0.08077780134768185,0.03752056409601747,0.04146979101600773,-0.06655514336508211,0.04340982687536288,-0.08737195104896175,0.03343763530262283,0.043938299359393015,-0.029343755574562366
2025-05-30,0.007298766692741634,-0.02496610109401673,-0.03471897618039625,-0.0376935044125329,-0.032366829182449486,-0.00027407761885850157,,0.04134740911599734,-0.06160135944047014,0.06547834006777953,0.022061444253770532,0.02248658762277145,-0.08566230781364223,-0.007033089507455881,-0.06725827388274916,-0.11756173726612194,-0.01665417236153015,0.04513753330957019,,-0.011191903510437544,,-0.008950270466742058,-0.03801131905102944,-0.06064954536366289,-0.03642589577548587,-0.0007405881380405962,,0.07963738100184756,-0.07699812666797301,0.0855512504606004,-0.025265724258634232,,0.013750310823443464,-0.014553921539616292,-0.011891874076148022,,,-0.012663242059854574,,-0.03665912937206296,-0.19656736461942823,0.19592724386188362,-0.004088284539147208,-0.07238083486268869,0.07539286273826167,,0.08424095922989955,,,-0.06608404866709987,0.031094591037910443,0.0027262828908810764,-0.14744069591524878,-0.03869161456886097,0.06907237574909225,-0.055092754924036584,-0.012406872640197122,-0.15980450226554388,-0.08101380651131826,0.045940151462838086,-0.022544505797064775,-0.012934604758818698,-0.11458401342456727,-0.06563672046165099,0.029580445555057257,0.02141678365692085,0.007641232806614362,-0.13510614023601297,-0.03176922971472439,0.06103168104579006,0.029206145282045338,0.004587392529972916,-0.14815831376471197,-0.0571066926732277,0.07466687569915552,-0.01829679217390428,-0.01650072502464204,-0.15712369150919972,-0.08634670297862972,0.023965406459311236,0.0038310947296848635,-0.013580154032452817,-0.12460900631716298,-0.06025088775034893,0.025787900804693818,0.03430730890551789,0.009050078636767827,-0.13534043540568755,-0.03868033347107194,0.040953193671055,-0.05081159084138253,0.002873657631562348,-0.14877642436844346,-0.06251046523484373,0.07569297746938926,-0.027022730238052094,0.009526534324566318,-0.1494900537053418,-0.09626116497187272,-0.009893927675483657,0.02323668598187157
2025-06-03,0.007083923067076028,-0.03714732473904175,-0.030137912220089765,-0.019669639819198764,0.09602415843864023,-0.002044130907298329,,0.006280574781015436,-0.048884667999244256,0.05703390633738715,0.04007629320153002,0.011377210173722677,-0.07048828605960424,-0.04672228212527845,-0.06245316839467672,-0.1044720743582466,-0.10772473053634248,0.05671970774793876,,0.0437961466530015,,-0.032899554122965,,-0.03155433349893367,-0.06067447568348326,0.011643677048737805,,0.04538882099594915,-0.01062141159128332,-0.026333491804089917,-0.03606067775097541,,-0.039616783220148485,-0.04566125330522138,-0.08240116051614582,,,-0.0075377787697917375,,-0.020008511444761987,-0.19785704533188853,0.19666543335708295,-0.08723212687962427,-0.08525719803807044,0.03766285196980698,,0.12463855118612148,,,-0.015962799097983243,0.06941853779642865,-0.10138800578369433,-0.14852276712136922,-0.03802917732914916,0.0559438039077724,0.031140907737101785,-0.13193028205668392,-0.15974219982627555,-0.06111044278216613,0.00981690968897359,0.04644988077493874,-0.07470705147056213,-0.10009879318774818,-0.032240264562927334,0.006383819433156622,0.07963400739118259,-0.08192048059726995,-0.13949341709938576,-0.026060309931476667,0.019955891104698486,0.019776988394308127,-0.09938090455412464,-0.1513362698133031,-0.03871512300750226,0.055761329276749386,0.03606251290666569,-0.13430514271523156,-0.15180419013400445,-0.0647175969901121,-0.02205923080338879,0.06583972765809319,-0.07418823953238969,-0.13477748253839558,-0.03502079163993497,0.012953507667340998,0.07503599914757528,-0.0811616978953132,-0.14100836992577018,-0.03713149207480708,0.024229842791834835,0.03291817966447816,-0.09400056799851629,-0.1502177150918894,-0.04058321284360024,0.05296193108429813,0.051777753841147765,-0.12131018724739828,-0.14303664676575767,-0.05585031420537428,-0.05250550100464272,0.0761196595797138
2025-06-04,-0.009062373124838858,-0.017401844916904788,-0.04715877993086267,-0.031843698843638864,0.10267631610501962,-0.01554445806194676,,-0.040281154639633276,0.021520246171369106,-0.014720791364825458,0.07058448721673166,0.027804362645469375,-0.08007563556492643,0.03971063394749948,-0.04919009392063781,-0.13091038907002528,-0.03874401453948408,0.05596697762132082,,-0.03233331016489702,,-0.03792271721357028,-0.008298758369025985,-0.040288162017525074,-0.05052719452755741,-0.011681785746103587,,0.07162756096122207,-0.004733850051173108,0.015554677623503061,-0.010405889256765666,,-0.04762592943548857,0.046502637479648626,0.017901562206455685,,,-0.02418510302585727,,-0.04914020870827735,-0.17864345482237187,0.17699518524030264,-0.025754861882008116,-0.08826146901573012,0.04007846723492606,,0.12366899398875858,,,-0.03683296085145699,0.018159818287866045,-0.10709085587978517,-0.1366084813754739,-0.05233447753590398,0.046141002024519887,0.03578283889425346,-0.13456609921704574,-0.14008668792720916,-0.09381811103379606,-0.018014906631247826,0.06982205598529242,-0.09640355064084204,-0.0992398307775748,-0.057907757684511306,0.02367723598411632,0.07972314282039139,-0.048572767519846016,-0.13303347221709722,-0.04494588700080358,0.03386650182459816,0.06890241908780952,-0.10247612502944181,-0.13484785998842536,-0.06353967915866265,0.041423271972254365,0.035133423163046004,-0.12966140231042383,-0.1362594191886407,-0.08549298870343167,-0.04720910483069262,0.08205950473358418,-0.10180670155310463,-0.12895205527665204,-0.06916794555040248,0.020033775337214815,0.025332555036475017,-0.05326435384661088,-0.12980820421539963,-0.04751410515266465,0.02208969264166113,0.03788507497218762,-0.0963427159381117,-0.12883823610621237,-0.0667105435796559,0.03320745455470088,0.06640954412832377,-0.12537408275535533,-0.13089812102142134,-0.07886004595961568,-0.03895851320936758,0.0799338433506652
2025-06-05,0.09765868506518696,0.0013186368821287882,-0.03967805813033071,-0.13998224729549566,-0.1301737750224007,-0.050582461378329543,,-0.09633299384661209,-0.06528765315279847,0.07997704068337329,0.03684548763026293,0.02076281931832199,-0.05349593839023412,-0.045159284438057785,-0.03368713881571407,-0.09238002689985016,-0.12195159895937986,-0.05627208996975425,,0.02065307875052429,,-0.03866237816921499,-0.06857953579005581,-0.041331805602840145,-0.06903809447735144,-0.038853349053244855,,0.07831945269446243,-0.04771113328775467,-0.01820335493732075,-0.17424277343683633,,-0.1021434563322177,-0.029452392314299424,-0.07447394620228712,,,-0.13567352922540835,,-0.048422931594535965,-0.172162114742196,0.17162542734431482,0.00876036495421128,-0.014474171281742375,0.060540543164256944,,-0.010388833023877869,,,-0.022646926604594275,-0.0097846567128613,0.04040716311083738,-0.1193144053295034,-0.034302970574983875,-0.0006674557897983375,-0.013717688563661533,0.013303051260014296,-0.12242306478113836,-0.04406213690366048,-0.04401288423798696,0.004402897859746843,0.06523697389044712,-0.09747392131519053,-0.07031829372807559,0.024312491717731134,-0.024167170609614146,0.05364157559865832,-0.12275804768976427,-0.025765177196490338,0.04432604947322406,-0.00036216353260801795,0.04451566342386144,-0.1196878392457515,-0.042956989827819925,0.0005484710412613187,-0.02560770759579494,0.01628793460683501,-0.11625112880065562,-0.04950384316410794,-0.027098833757000746,0.028330218301710907,0.06241483732117685,-0.12835588395227585,-0.07477242596983544,0.03915077050508508,-0.0033871360253369133,0.05401410840453285,-0.12082223568086269,-0.036737892546904564,-0.010045004010300977,-0.007306314344258321,0.04706727508626616,-0.11730280302258886,-0.032186246971030084,0.00319524474447091,-0.018245606078699867,0.020554431064740742,-0.1048880814710909,-0.05421246663088916,0.015296666204033596,-0.006475008760386657
2025-06-06,0.050141632480904974,0.006740523793932756,-0.07019093344522437,-0.1759397924412974,0.015619540658812759,-0.07723392521936366,,-0.05908488028163957,0.07216212341743922,-0.06415330817838939,-0.011785053001673994,-0.1319624797263201,-0.05595286556482094,0.019316182987495597,-0.05486152909517052,-0.18586585147134765,0.00026408141309605253,-0.10632637857025237,,-0.02386815828353478,,0.005660683308918965,-0.09558838570150309,-0.14041150600802835,0.08716453865093032,-0.10330861667994085,,0.06537788830049934,-0.07774772410065847,0.08422537492615231,-0.17290674421291496,,0.0431041848688451,0.043144878804235606,-0.011007935262343456,,,-0.0046658387801404785,,-0.14992983886984737,-0.09626439020595459,0.09701171759263243,0.04330315799252511,-0.043851960193413836,-0.05484185251364566,-0.006260639265396834,-0.010257836327712974,,,-0.043612710321749834,0.02160964000669445,-0.05833126995770837,-0.1224201386300235,-0.14001440314474115,0.04240231304331634,0.007771635644099731,-0.09532870546683486,-0.12146022925039039,-0.1305342025053851,0.06899151994295344,0.0735943222102597,-0.04100624358146736,-0.07508386468780176,-0.15942607555562996,0.09574434667831243,0.046631879792392576,-0.051426774293795996,-0.11607105113859778,-0.14170353296294047,0.13015697330598935,0.019661874765190806,-0.056207587252268806,-0.11864130789030128,-0.1271143093699294,0.05213569441662628,0.017213718408128215,-0.09531051378635355,-0.10624971790262984,-0.13628947991561088,0.07397867143755875,0.03560897597478209,-0.0476073813058684,-0.12180790917121682,-0.13273199006840786,0.10607007766221589,0.030898835402773855,-0.05377816992918754,-0.1147799169155587,-0.1362985846867295,0.03860536846236184,0.006374178037623636,-0.05717344981455825,-0.1118038025636608,-0.13053889824909817,0.06802894727539717,0.034829984676380855,-0.0897290048104278,-0.09168615800220041,-0.13075210179274727,0.0953138587502226,0.06225269653473
2025-06-09,0.0755516955594378,0.024156546352170426,-0.06438597944742686,-0.16708617320525765,-0.041629263459914,-0.1132457361595854,,-0.09725557264744127,-0.06374274743324033,0.09338711871621612,-0.005781618529822737,-0.033146502402193835,-0.04300892153508246,-0.10684499309657715,-0.059321838907381706,-0.1642228414078534,-0.08239906725746805,-0.1401844789198012,,0.0316953597356998,,0.040989967254107494,-0.0640559495280595,-0.10542475391879955,-0.052202276822471125,-0.05846503238361684,,0.07971514441621484,-0.1475921662807464,0.018425406463610718,-0.18557293669069735,,-0.10791760537788431,-0.08636786642547764,-0.06062920892900005,,,-0.11475357274961265,,-0.13349451288645733,-0.10592107033696911,0.10431946881854659,-0.008345594677952374,-0.05991034930341764,-0.007558529725668176,-0.0839100956333566,0.005448625876026643,,,-0.03253871571329986,-0.012344448141954689,-0.002343311048816842,-0.10777024143544692,-0.08168177470584169,0.029635193816278115,0.009077801678360198,-0.042165596131984756,-0.10215839758484159,-0.09390085215505632,0.07645830815079481,0.025261851141747067,-0.0011432613903645085,-0.09543493743337464,-0.10856904092872716,0.09361456164847669,0.005190124297044023,-0.001864526348685437,-0.10794192374241209,-0.09564090562815664,0.11663319728707441,-0.016140551182746887,-0.0018985333226855076,-0.10832244150044609,-0.0963615189286623,0.04557246945478616,0.016481074602352246,-0.037489555853720394,-0.0954606082084597,-0.08419677830600344,0.08616529089343249,0.035731879113468874,-0.003532141938722546,-0.11451089763923569,-0.11985262748521928,0.10974749443007219,0.0018340138313141143,-0.0044280181764629716,-0.10873370730364104,-0.09062856540817471,0.03129222797865979,0.01315076837821167,-0.0017865340386413245,-0.10024168464572451,-0.0983294677400014,0.05606718626081007,-0.02455068721882595,-0.03946158145488032,-0.09228656347441455,-0.06793558638868988,0.08503561393205698,0.02081626145310933
2025-06-10,0.03790636512879522,-0.0017319903065240161,-0.053970560965353326,-0.0628266369249348,0.008551019691247098,-0.04494025792008974,0.0025063328398676854,-0.014237940804980349,0.12995106970232181,-0.1312503806823613,0.000504278666373012,0.010578330284484757,0.027659493182130967,0.06029875048004018,0.02785664595303923,-0.03845175091533796,0.030871169634654815,-0.059551635875735094,,-0.015936560814092032,,0.07565447238074859,0.041701983764244284,-0.08061443864968466,0.15866885286811028,-0.01360006269516479,,0.053316950012709766,-0.023769026869035325,0.10773102093612354,0.00919730162841429,,0.18670063283237076,0.06414413776131146,0.03801620111746303,,,0.09480593287213519,,-0.05771589101999439,-0.11299343594674956,0.11412309651222073,0.04272366373528796,0.04879676507649962,0.013441079954136893,0.06657072413219138,0.04912029166415929,,,-0.013275037476415492,-0.009880033583913138,-0.0528456304676472,-0.10304870591421503,-0.06510638561562873,0.034032936630127436,0.009571306561331889,-0.11505658720720913,-0.10275997807097506,-0.055322123598996596,0.12428443172862964,0.05519843160985226,-0.07258593980457828,-0.07861390559486438,-0.06674729189388416,0.13488124143398694,0.00427147012430891,-0.0711776052191059,-0.10043167628933977,-0.06529469023913735,0.10685621752939507,0.0363948114803516,-0.048451205094943536,-0.0995020251470565,-0.0666160468741564,0.03547194319147552,0.007943467414439248,-0.11622339971244947,-0.09955596881285601,-0.045541503231897124,0.12913919231435772,0.02792208092566394,-0.07163280829427923,-0.10484990174561157,-0.0680586579319177,0.13464965405446708,-0.0017885879934797422,-0.0778014290648481,-0.09650634813452305,-0.06833484006848854,0.036295046996074345,0.008097670429308784,-0.04756581164009361,-0.0975395380000068,-0.055807576316819436,0.04680848729303887,0.04418912816012482,-0.13369448917856674,-0.08463685457337769,-0.046475963131647036,0.16758777960731244,0.012238724018049315
2025-06-11,-0.096908674009328,-0.02286301359539126,-0.05404856526205968,-0.05029141846927666,0.03910639347948259,7.983617642581532e-05,,-0.04474798586646433,-0.036028520514888744,0.06517771648089844,-0.004439971678323102,0.034396740743753644,-0.05363141857327194,0.0014971816579144879,-0.0125780416139914,-0.06665363019680824,-0.08849691039691676,-0.08115070602917997,,0.06656127477725253,,0.06598960848662987,0.0626555460313372,-0.10678992463052576,-0.06155428400287922,0.005069750906315666,,0.002641266902486122,-0.11233336335540568,0.05765420158621687,-0.03186162812950396,,-0.03623906873988418,-0.031414804024898886,0.016647980666093968,,,-0.0172236593435316,,-0.051468765430907025,-0.11041210629402795,0.1099057811382623,-0.012874468544307778,0.030592981280648086,0.05197798559370586,-0.09713548947454521,-0.006746812950233525,,,-0.04573933686181361,0.032626952621898325,0.04358074416458945,-0.10071980202338816,-0.08190404604775027,0.04717438529273776,0.07833577164613253,-0.028634413132088483,-0.10226616972309335,-0.0688130327824245,0.11861099630104507,-0.017573070785190364,-0.041911320421637664,-0.05204928291717985,-0.07815962321690058,0.13512160930966463,-0.007638924204019997,-0.03076833635078786,-0.09517572253871708,-0.09574941014836023,0.11493322220394343,0.008623421576968007,0.04203597296435568,-0.096645191616883,-0.0767364433566038,0.06133489835402374,0.0093862483524124,-0.027567602978097745,-0.08758095049041924,-0.07183247035853982,0.15160355929812191,-0.006132715668884793,-0.04358222448084694,-0.0983295534394244,-0.050041731129452975,0.12666735862371048,0.036125703066726085,-0.035519565600018746,-0.08763333594167219,-0.0954300739101855,0.07452032048651153,0.07926361840209077,0.04021589029879719,-0.09211954766359746,-0.06381920005917217,0.0735671754222301,-0.025678668393643387,-0.053503621792696326,-0.07540621503492631,-0.06739070132337927,0.11919552807333762,-0.004946842486346782
2025-06-12,-0.04399110336200939,-0.03951116781893927,-0.024336651993483338,-0.024090625449185162,0.08935704394387324,0.005966796023792038,,-0.003421057711719193,-0.03934258728495496,0.060638507809661145,-0.002322523604019561,-0.021859728160151116,-0.03171415637157249,0.003040101839780353,-0.031028403580405036,-0.059902854812361135,-0.008344037159838712,-0.02695696754736731,,-0.046592785416147815,,0.047306070872289094,-0.0586814943142457,-0.06310174343866959,-0.041956949785965564,0.03149296079784139,,0.03067517623926397,-0.0056265135984707995,0.021301257401710842,0.013252130273406871,,-0.06805043888407053,0.014137192488704299,-0.06436825639301803,,,-0.0417479252834155,,-0.008349863665924693,-0.109697919660917,0.10876835265625943,-0.07577312047313686,-0.012143588718573435,-0.0025456505972662018,-0.07788310528436872,0.02198900860065571,,,-0.04952548706717699,0.0006339657180317485,0.06378409328961629,-0.09802794484675627,-0.03689787997426645,-0.030784688703270162,0.005004303098380565,0.004359271447551075,-0.09434952808560718,-0.03996900223046352,0.04570171575283649,-0.020092391275435693,0.008525280227517132,-0.061451009319603615,-0.025478980669437518,0.01784110055115031,0.015265000554649551,0.027394506751951497,-0.09339140765719071,-0.06657914715641558,0.02275204804329006,0.043537905234656414,0.06024369995117182,-0.09476266494246832,-0.026420387180763887,-0.023758445879535135,-0.02783661965058877,0.006114623627184607,-0.08391564010331745,-0.03796509747369764,0.02687939198846763,-0.029804798838809512,0.00615909956464459,-0.09994762109373895,-0.04005200381722159,0.009982451761572564,0.0013381825065420319,0.023690806911148964,-0.09133480608890446,-0.0571581976999609,-0.008504896436532294,0.007632901133959121,0.0536974115526415,-0.08522226308102931,-0.03543756180658867,-0.006317105717369649,-0.035048453289381144,-0.028550171707656086,-0.07440696792423313,-0.019980740886078506,-0.005635856200420245,0.022775318080526595
2025-06-13,-0.007203846160081614,-0.049654163992003286,-0.02923177239728576,0.004517844711498811,-0.0020065449197771224,-0.024162006297534757,,0.04024469702796148,0.009014038899221628,0.010555744161614715,-0.04706378591288178,-0.07777347612515503,-0.06163057536779488,-0.05101865569416619,-0.09942475720761339,-0.1008173134500015,0.046262424070761615,-0.053016469936859524,,-0.04542033505934435,,-0.008746818226765136,-0.010536941376828549,-0.08353367426545735,0.050023820056953404,0.01850872967263758,,0.05284129754604075,-0.12914537092335518,-0.0684764207111641,-0.0472419396530802,,0.06998759224127181,-0.04185557465930078,-0.05509783650309953,,,0.028281627980998977,,-0.045063325158689174,-0.14819004841865804,0.14840627768322914,-0.08210756726119962,-0.07406371564151222,-0.08547154295023349,,0.11507394252724339,,,-0.0841582494286542,0.10378582901793681,0.0755740688193132,-0.13435123717801742,-0.05297488077397391,-0.05639335416360867,0.05761507784237884,0.04890562286842145,-0.12493259215429299,-0.061676884434048986,-0.039569473247280176,0.018583530028101588,0.03236579337563069,-0.11051449259849282,-0.07504137887640289,-0.048446788803649346,0.07939929213250253,0.061421490033058614,-0.12816001269913313,-0.0819866777185074,0.01171852890835225,0.06448921839529055,0.06995359512114264,-0.1250850801897889,-0.06702998167944105,-0.041623684644797036,0.010565806632560744,0.05171019443515732,-0.1178664446867885,-0.04231109631397424,-0.08478979694183303,0.08492970164645926,0.03414558471588874,-0.11793085644956904,-0.09278633287893585,-0.028554720059299796,0.10465313273159517,0.059473512415616867,-0.12604116673117483,-0.06714062924674889,-0.029074389242920134,0.061157466081573665,0.05993425117587732,-0.11153597662023002,-0.058499006249267856,-0.04216794214354976,0.015889396740195735,0.017248720604868484,-0.11224767184257281,-0.07098748138192845,-0.12364056122783511,0.08072601717788093
2025-06-16,0.11234867297265114,-0.0765026379769732,0.005817095072959418,-0.004312848794665715,-0.03914642537545268,0.019821068485031183,,-0.057634919871464525,-0.14070206244882472,0.12803944628897054,-0.012611770341894639,0.043537555005164055,-0.04281987701822854,-0.03117008302923372,-0.06204665077562298,-0.047048735972078086,-0.06056415552104118,-0.08869053456965552,,-0.018023763717431553,,-0.03913797733108955,,-0.08683711219837612,-0.12841071157286593,0.0006120691065101321,,0.02038960798223295,0.03919030939384009,-0.11472549142311193,-0.09696890386049022,,-0.17215189439207096,-0.14998520052271377,-0.07708826291369773,,,-0.16466915429745488,,-0.009426002056720218,-0.13013428373305205,0.12739597547569842,0.014899277718610491,-0.053719724583636,0.039714215224188824,-0.13189369775589851,0.03219539739208472,,,-0.05451339094631797,-0.001101674376162761,0.08917580168084832,-0.11552298173744642,-0.04562640188299615,-0.1064662799173521,-0.02681436703242688,0.12767655054498753,-0.11025298500054007,-0.010136817821159999,-0.12488873198239912,-0.0020441702685950183,0.08449033868930167,-0.09674679468264608,-0.030473689406664423,-0.08526719004442711,0.023534679684399474,0.1060254022389079,-0.11559199504707107,-0.04330528289762919,-0.044878748444990804,-0.01707187296657845,0.08444041680243414,-0.1056763566802701,-0.02568641410606582,-0.10922830308587475,-0.013681517320305078,0.13654247768263075,-0.10711949491208175,-0.03043070837874333,-0.15498020082312722,-0.019003656244608917,0.07817370598323184,-0.10647676012190324,-0.03140907187632125,-0.05190263905773055,-0.0027463745505479907,0.10676333500572013,-0.10737040930292585,-0.05247726011594664,-0.09629051459210375,-0.02454905177017484,0.08284304539389094,-0.10021812302908066,-0.005775231178100874,-0.1152601839683755,0.014895692002464156,0.09828493530109692,-0.10790584116717215,-0.04244764631073178,-0.11696517715577022,0.006760224560356353
2025-06-17,0.07998098101132707,-0.07073450859995416,0.04732148405210272,-0.033772007576175815,-0.13396751370957433,0.07307702543869345,,-0.120968803376962,-0.00809381527932462,0.0018013023747988385,-0.02227235985634336,-0.03663736141324153,-0.04303660015590853,0.04138053500767288,-0.005353051468834432,-0.013220806481285471,0.08891227575526962,0.01964275118049752,,-0.026442787243248778,,-0.06845367194911967,,-0.08468593153209816,-0.017325978864266994,-0.003060547594078395,,0.05359087841100778,-0.0037257710559000456,-0.06399043445479251,-0.09631021627108317,,-0.013498580204711846,-0.052452909559556206,-0.03247200650881763,,,-0.022516200810784374,,0.03663507374016072,-0.1623974634739926,0.15919944055208343,0.05560556718695875,-0.016735172164856652,-0.06845231869194619,-0.09119605497774648,-0.00148199708834465,,,-0.04435431047524935,-0.03090835050691174,0.044489018204812124,-0.13078521085352804,-0.009963912791906084,-0.08634971984203647,-0.023493576694670743,0.07757472398734097,-0.13571678656275238,-0.007346028722194953,-0.06590342231688542,-0.03436248073749923,0.046540285900336154,-0.10713131416621559,-0.004049746889439004,0.01127700948400324,-0.026994100035598875,0.08461987580290872,-0.12783711189553115,-0.017937020299251136,0.01296320662664547,-0.047153528244487056,0.0447362901874118,-0.1265717584387819,0.008061579164869563,-0.08843557983281347,-0.008408237403287095,0.08249706691527259,-0.13468051445533474,-0.018986335562721047,-0.03892675915157929,-0.014154751536911057,0.03410001696197455,-0.1181227619498271,0.013262874129114961,0.021715865338873756,-0.028955260196648083,0.08500932897437052,-0.12034382344811365,-0.005924139364221779,-0.0645579936917199,-0.023097761753131496,0.04415831134331181,-0.12403337246328679,-0.004041978868443265,-0.0805369188279378,-0.022407906633910218,0.06155074401729761,-0.13085779367397296,-0.02706836233246551,-0.006544521920481953,-0.036692930666760326
2025-06-18,0.0999850108499053,-0.07959336178331235,0.00044839539864606037,-0.04700371759344677,-0.1174459983817783,0.03978971146826945,,-0.09469159256941904,-0.12368740193470334,0.12666555946482125,-0.04328041098781165,-0.08663632668140166,-0.06368636946708303,-0.004512032565293371,-0.04124883820851313,-0.07977439338507131,-0.05123861952712157,0.02123549285037279,,0.028186530997703598,,-0.04800627275053206,,-0.13647110277509703,-0.10082807234746535,-0.04489316920875476,,0.05939300451329929,-0.02915331507752109,-0.11165822248129459,-0.17937652583371838,,-0.12431789849845416,-0.0685766979021365,-0.09113444949878295,,,-0.13005673635151724,,-0.017140459257590064,-0.15212159921179488,0.14968441949584674,0.005722574620186098,-0.0256709544202458,-0.013552611878778846,-0.11707333183065259,-0.09458798807714286,,,-0.057694929276628275,-0.045728767105388334,0.1329306638234491,-0.10792182807406249,-0.03487123150116652,-0.10450084488929588,-0.04060822062577766,0.16924116833888886,-0.11297953603729265,-0.0510960374171979,-0.08382853905530577,-0.02658355128399104,0.1429062429363438,-0.07958456579754021,-0.0306620742005089,-0.05279249659826229,-0.04228344490650702,0.14596924603548936,-0.10347628502494217,-0.034121134870904526,-0.037100710506598245,-0.026335195675215306,0.13312327042427774,-0.10612894552700089,-0.04838691884846266,-0.10286357820218854,-0.03549358929926414,0.17082824908250802,-0.10837173433079315,-0.060355543142219706,-0.06354693639556835,-0.039424185337928117,0.14127197748088768,-0.08850391193027318,-0.03808057643772124,-0.04900326320139898,-0.04170658694337158,0.1439576604224843,-0.10349212250684556,-0.026430466808947038,-0.09537471674021093,-0.041989920467748236,0.1338137287818202,-0.10355880577104637,-0.05276643210917145,-0.0961529225859994,-0.015920184224996126,0.1579546860802244,-0.09797908169322522,-0.051017798952585035,-0.06124207648284467,-0.05995537354754127
2025-06-19,0.04343824501041895,-0.08464538417513048,-0.026602154532202292,-0.0190953163733299,0.04852232355514314,-0.025424853507112283,,0.02571737966243975,0.0909932105309206,-0.0798245168978612,0.028937158983672176,-0.009353368318739189,-0.07003480460812393,0.08619683308531717,-0.07937549809583264,-0.07554244214306428,-0.05467096041617531,0.0751652923909342,,0.005271699330888051,,0.027025829640544344,,-0.15966167252176128,0.15178431060865752,-0.0999424737162523,,0.058631348900689946,-0.04876173595503368,-0.008098941417105678,-0.06610973168618303,,0.2112643557217802,-0.013069160289389526,-0.10773965574629854,,,0.15211892432124444,,-0.0549011688548903,-0.14653272755459149,0.15067155784397523,-0.03273068182466187,-0.02153168451884546,-0.023610745952675115,,0.01128615379113726,,,-0.043007628113807754,0.016037139656770366,-0.06473411098462138,-0.125100443017853,-0.07198124198524332,0.015259561240545384,0.012605732935487418,-0.053708084505263355,-0.1299987221205515,-0.08312373014590364,0.05833945767967437,0.00445057617892481,-0.07214986172438544,-0.0928798680953059,-0.047083312813951624,0.06649837002171648,0.013618491137371114,-0.08098999092180699,-0.12141803730328635,-0.06071405169158526,0.083258136297322,0.01272483759201375,-0.06889108076700004,-0.12591905187435445,-0.07503322628320454,0.02194548521329455,0.02574503516425067,-0.05697115392989966,-0.1230197105945282,-0.08091272376599985,0.055859742142272115,-0.005019033941117904,-0.06876852167677525,-0.10816172181160139,-0.014154490635144122,0.06514791991648235,0.010973721656426228,-0.08214939124465859,-0.1229316959906198,-0.060723349698770204,0.01793399330751904,0.008358487434249436,-0.07215657333961072,-0.12690294197163712,-0.08025826722439516,0.03383997100473227,0.011635238603120853,-0.05759235161115474,-0.11622301394042493,-0.07222022146330818,0.0726435872956784,0.005276306656887632
2025-06-20,-0.017443965202043905,-0.11968718309884523,-0.048196404633335695,0.13560817678368464,0.048865547738503226,0.0009829074059246289,,0.007722003132150541,0.1658723735055679,-0.07765934420122562,-0.05621373720569081,-0.10599832015088763,-0.11454550280322455,0.07128331840048213,-0.07822980508720141,-0.16838128063646454,-0.027275099736836374,0.1047913606577638,,-0.01916329523254046,,0.04260700962828217,,-0.2121907196930347,0.17176652741849222,-0.1299335803289699,,0.0007383464369168855,-0.11735691077765167,0.043855566948300284,-0.027576336260945092,,0.15922516011576276,0.19648427994877254,0.09644954297361766,,,0.13365076546158144,,-0.0835174491545219,-0.12286425860217108,0.12493547278567063,0.016648689269810175,-0.02504633451818993,-0.018154793451775054,,0.03968065853132632,,,-0.09152595386717434,0.017183123562350994,-0.0217769606458267,-0.10337166708943703,-0.13995515458840935,0.08228994512509111,0.06715967858311012,-0.015284011840360712,-0.10146946543519367,-0.1444311271963329,0.07330238114871565,0.008663548566841584,-0.05639841158690914,-0.05398665812118595,-0.09145109032185622,0.08275176860601108,0.021992732258233297,-0.05591667475867793,-0.09736755035201478,-0.11307918273345226,0.07845807811793548,0.006798341808782598,-0.02789787216138053,-0.10333550250194155,-0.14077381075079254,0.09283075310915087,0.009285909226325852,-0.027294060256320377,-0.09200694381279159,-0.1376478788134544,0.09122739565986639,0.01130693545896399,-0.05363544549409847,-0.08308956861700635,-0.07878092802814947,0.07763189894509581,0.018737148091255245,-0.05882592502760661,-0.09831834154653869,-0.12549483088504568,0.08854517480793844,0.06126715154148436,-0.031434622043509185,-0.09841888972592719,-0.1412586359155273,0.10143574538566959,0.0019010152090383396,-0.0002722854767752487,-0.08335194119170364,-0.11435493644631883,0.06603673994920005,0.025667218089951975
2025-06-23,0.06782423416514495,-0.1073034010382934,-0.032433499663974,0.09440878493952927,-0.010595185890250207,0.025370314690105252,,0.06206605970283708,-0.13716075096762706,0.15081586895479426,-0.004162317427642245,-0.053020617191686846,-0.07765799141976801,-0.022926959918013405,-0.08832394934106398,-0.14281370224785211,-0.13091945790446294,0.033384840536644436,,-0.00527564755586788,,-0.012603527769448397,,-0.163588481273624,-0.12707682983628157,-0.08659295567343113,,-0.06367978470077744,0.001307039706524799,0.06304916992310373,-0.024800528880905316,,-0.2561425442737019,-0.15222682448585662,0.0033428167191530424,,,-0.18702448073158146,,-0.05405592997584769,-0.10107878971842713,0.09613562980224608,0.0030607039638670063,-0.05513423679129742,-0.008898517084126773,,0.03345820115720494,,,-0.06832296671563784,-0.002060550806374595,0.08761497811371302,-0.05536290956544451,-0.08870087189879818,0.023175416688947032,0.026044820377721906,0.09703390056091551,-0.05183598357807647,-0.0967564955978111,-0.00965669791570788,-0.001242744732699574,0.08106122497513872,-0.035720957224651684,-0.06932180550744119,-0.02058987379617426,0.0031597460485998097,0.053351208771377175,-0.04570111141205426,-0.07020091438047009,-0.022949671375442758,0.04284345550467645,0.08750453431512845,-0.05152973814638394,-0.09477904905959393,0.028621121326110163,-0.01210229057461972,0.09060568124706708,-0.04749518078410829,-0.08220306134326234,-0.02987116992911511,-0.0024351665702274567,0.08250161204793946,-0.032564973991143456,-0.08533535015248198,-0.043747554486721275,-0.004572343255782047,0.050657917995755024,-0.04633230531381909,-0.07419760054471501,0.033969292333083226,0.028254976874561848,0.0879824362458448,-0.04671804523066642,-0.09195184875844573,0.03696013970266954,-0.0012044191495054796,0.11323977185103684,-0.045012566923641806,-0.08371931086288413,-0.04772726817283359,0.003500783345345801
2025-06-24,,-0.09829582525476226,-0.06593229753947513,-0.09071237537803066,-0.05204019278573088,-0.02783414740161931,,0.01205036061849106,0.03742162653001706,-0.02391433739872281,-0.08666900059106038,0.024901063001753904,-0.07960740661052625,-0.06579441262935276,-0.0745570219178141,-0.14870930642138688,0.0460702991914829,0.05399924095423598,,0.06699097745986056,,-0.010677788187909959,,-0.15294111787369324,-0.052663356367579975,-0.07112227855742044,,-0.02457965974419934,-0.09439940628383739,0.04301855978330901,-0.130357698627572,,-0.07581739400211941,0.06682350312008926,-0.04045381221127361,,,-0.07373845475231988,,-0.0880181309929918,-0.08979979100953006,0.08870578813491843,0.0008293853429321323,-0.06483806190921552,0.018289590998048697,,0.04487503306063579,,,-0.07629354144941425,0.06174969635512636,-0.031322400538940906,-0.038858572669656845,-0.08260011243605822,0.05639047813268473,0.03153223717516471,-0.01813612613930914,-0.04088351190644847,-0.08489043666934151,0.0067727114293728834,0.034817864974268364,-0.0721689818333714,-0.053883915895506375,-0.08047205346436169,0.04451046323912925,0.036221965089671446,-0.061992653168775315,-0.03382947157613656,-0.06434740044832324,0.13306245474477607,0.06848088494801546,-0.03288652694012703,-0.03619194126059468,-0.09323465371550826,0.06756807245637968,-0.008393151661910877,-0.029572335539082818,-0.040036873645735625,-0.06975194961840366,0.004301931623435471,0.055901740784539085,-0.07068368097228184,-0.025650130885927477,-0.10296677304881792,0.05448321579855432,0.06748876190916472,-0.06435429864999231,-0.03180109117569783,-0.0724366083309857,0.06701838312940196,0.03487506306844494,-0.0351909212110831,-0.036299302741831546,-0.0803585855168117,0.0758067851377871,0.022759251916147163,0.019648110867222977,-0.03777998826792422,-0.07988746778128764,0.004285925855153098,0.04926252423125699
2025-06-25,,-0.05657946086030698,-0.07582399808965079,-0.06690105640582143,0.11625620805114809,-0.034590100742606884,,0.05814171671931415,0.1001096844611569,-0.10030348786514319,0.05053683916103944,-0.013002903213979686,-0.03900486707324409,-0.012895891462790823,-0.0596730144592858,-0.08571006924373702,-0.05128443536454748,0.025724036378085985,,0.07860424124334663,,0.03590045223333941,-0.06692871231791069,-0.11884623509875321,0.05606911978469502,-0.05278431221029234,,0.050393203329633346,0.07273459641910651,0.058495560759053405,-0.0912841407651969,,0.03087611539596364,0.055675021344437345,-0.05943918504723153,,,0.047501924882884045,,-0.07012046279942051,-0.1293477899180061,0.12779328353032396,0.08034657602504179,-0.005324453896532258,-0.012641802592693024,,0.1390942251747171,,,-0.07702747238787921,0.09288208042550763,-0.11642789411516545,-0.0677403828091707,-0.10156115089919304,0.16328668899389837,0.029025784045683366,-0.11465997538113983,-0.07217074718644285,-0.08806566625219935,0.09414874750014916,0.0992193559414743,-0.1519425161846111,-0.09211712724165377,-0.09246780166896401,0.13938304848856342,0.09707396608286079,-0.1491059344834996,-0.0630358662943855,-0.08492138637957226,0.13358197266409746,0.03641662301924812,-0.11860923778664766,-0.06728672680294102,-0.09087713109911749,0.17096144103539074,0.07532353147467463,-0.12186915450194902,-0.06884296636812046,-0.09395249129886914,0.08393491470237771,0.08339169233210303,-0.15114376020652442,-0.06587044956985247,-0.051060406354514816,0.14110192200860766,0.09156154019125394,-0.15009823986383622,-0.05757174191705501,-0.09497974823617102,0.16493722813918144,0.03652903848073882,-0.12374809084823346,-0.06856007972214483,-0.07511400042845216,0.17976601316394775,0.08645342809265841,-0.0803197670450015,-0.05798795039111549,-0.0947281650589137,0.08556087709283015,0.09974317106204302
2025-06-26,,-0.011708456542784384,-0.07814372261977709,-0.020902144581106504,0.08798104496781178,-0.02051695140794844,,0.08711284840200353,0.029843601491027598,-0.037013197978213355,-0.012979100551310229,-0.011786417867481459,0.005093847128877145,0.06664719168905006,-0.05408924554077215,-0.0005823197428277573,0.005519714811792661,-0.02951667945210367,,0.06764061927630839,,0.016837658079728413,0.01763821976087352,-0.12482666949085981,0.06796888607956925,-0.042862153052713216,,0.013262836109016787,0.034310960017227776,0.09286983845245558,0.03722005668710309,,0.07886343929754494,0.08707510873776857,0.015847373748051386,,,0.08944329269566363,,-0.06033059539454057,-0.10326349109716633,0.10478769256899662,-0.05212815121563689,0.05825349236169311,0.04078810718173685,,0.11459001697563255,,,-0.07407381442197114,0.009552557898901368,-0.059080388032548066,-0.0644330927524623,-0.08977381810706789,0.15352916775135117,0.03538615651816424,-0.045262171416163115,-0.06894817450860881,-0.10403520499675638,0.05186289107227852,0.08389249009214311,-0.08622845766961801,-0.08660617787748126,-0.05810647236163882,0.09668597618492746,0.07958954884448534,-0.09003818273435424,-0.05846029049194904,-0.08815163023508667,0.06859937918960515,0.016788105264225722,-0.06188349797133805,-0.06607497136955574,-0.08255288002176234,0.15800668888318,0.08478567693449786,-0.04534080627348092,-0.06410131051079519,-0.0956926707219207,0.06250074097786323,0.09592885144197022,-0.08373271453213516,-0.07304141631482165,-0.0624998812172891,0.05339913511703662,0.013875211468162658,-0.09109154413702658,-0.06286896741773393,-0.08733203174973996,0.1446486691398821,0.03614491450178141,-0.06663352970299799,-0.06810619514554003,-0.09181370128388941,0.15660570811976918,0.070237534887177,-0.03803082167405359,-0.05952254407720456,-0.061756318448850614,0.05120838010552013,0.07433118558604376
2025-06-27,-0.08135879162170885,-0.012530577097992403,-0.06779479105329268,-0.008060596547642738,0.07425313469454502,-0.01462099117444672,,0.06471098064021692,-0.000427331612040697,0.029548284304668583,-0.04313403350202643,-0.007236503476055901,-0.05001199094143557,-0.020111828914989395,-0.048892015139464166,-0.018313004484766485,0.08803169694015224,-0.013899514095527699,,0.043397034228533526,,0.049321249978626046,0.03816002986761738,-0.12983831467294896,-0.01168173244420109,-0.0238961785636706,,0.0018338278111072602,0.04361679544215696,0.03953473128958768,0.03650745352846349,,-0.05991221596945247,-0.04375269206705806,0.014248639599942112,,,0.008492180031573603,,-0.0681569493322455,-0.08915934953523036,0.08720672257834705,-0.05529583892834168,0.04055816288484553,-0.013774828075753665,0.057885954798179665,0.028794931893470814,,,-0.05889399910283823,0.022058003815344996,-0.04600679101927859,-0.04661682964242169,-0.09580672509190068,0.1326488383506303,0.049792317980912396,-0.01995438881100283,-0.04810827271571753,-0.10338287979595542,-0.002004457438393145,0.08102059706524303,-0.0260318448865768,-0.05124352084754551,-0.06721376744303907,-0.004095856594344264,0.0234372553376471,-0.04924692068536045,-0.047191146091345344,-0.10605669584582555,0.004924287412341411,0.03611118452420044,-0.047889688598267546,-0.04475662590816936,-0.09988380185591132,0.1252798275245554,0.07866950536288,-0.016849312521374536,-0.04196759376361038,-0.0859247152283112,-0.005885440110652422,0.06663404375298342,-0.023627680696236875,-0.061689491457268056,-0.04898375330482591,-0.03148977179045399,0.025772892034438236,-0.04316453943529184,-0.04780721955655464,-0.08803133719982945,0.11535951692136297,0.04668851573682983,-0.04861424626635777,-0.04454399949535427,-0.09736646403954376,0.11385986875471818,0.0788978258094717,-0.02040752066170037,-0.035667445465855874,-0.08180328072118402,-0.02017515307005656,0.0162178972433594
2025-06-30,,-0.02576175594913915,-0.04350700944167972,-0.001976905549368327,0.032422754386618464,0.012242072635805484,,0.06313908719661208,-0.044031125072751094,0.05699738301392693,-0.030618492679830175,-0.022127238158850905,-0.019052171402531015,-0.036915074337291055,0.004733704534177433,-0.012965874449696843,0.03816221369986346,0.05772948997515938,,0.008792033063143728,,0.018189139415803305,-0.04357805419010709,-0.05550047923977483,-0.01189935690645456,-0.0016354596932594836,,0.006893385766404678,0.036022776347243844,-0.08287575371413926,0.03191757008670424,,-0.04044369769432829,-0.014611988166633873,-0.010974491129901315,,,-0.02457757010982784,,0.02355697429697281,-0.0836294172184413,0.08231892606730083,-0.10180187473662543,0.0025933820295929227,-0.016798012419015695,0.07672645624560609,0.05112323123531099,,,0.011032486945980802,0.018478361558664003,-0.013462200420834016,-0.01985130044947955,-0.015724252827408143,0.022143439790864142,0.018536813519201927,0.005413828036166766,-0.020454217679282845,-0.003239939200873976,-0.07712618044259133,-0.022862256069750723,0.045647594742639505,-0.05658876303405906,0.04628370418495956,-0.10174369951568468,-0.030253055836116517,0.006302433923658682,-0.029309766318517037,-0.018976266621076678,-0.07974291976638846,0.008536046894679714,-0.006982245864057565,-0.020269815697870185,-0.0181205131904954,0.007229101634945418,0.013498059512429734,0.012144487166450888,-0.018265190236396094,0.006532814276099942,-0.08483056543220778,-0.05727358732699627,0.05350414109856241,-0.05155404434872885,0.028162808089095763,-0.10179127941054987,0.008791194349600519,0.020024484550426724,-0.028590180352859994,-0.014565119744715478,-0.00047466261889543494,0.018065833388059456,0.002550197992050049,-0.019096601355167296,0.0006815879326693644,-0.008599911731429087,0.0016713524816936312,0.0035372226452152883,-0.020618213715818953,0.023001540546012122,-0.10268026803585369,-0.04135598424145944
2025-07-01,0.008437939159342408,-0.048530845940596784,0.02759215779355171,-0.03268955506432428,-0.005053634195253072,0.03607983310043302,,0.009516771935200603,0.01305152709328269,-0.033627461208658393,-0.06328863121007974,-0.029044032370200597,-0.04930102589451522,0.03896261676986918,0.024128131367931977,0.004941837501128974,0.01253100115324063,0.07747189407129147,,-0.020838636260274785,,0.007775490327602859,0.028942168128927703,-0.007437124608514997,0.05517323461534206,-0.027708344627819542,,-0.010102078350717032,-0.04037761421519054,-0.016480175089627305,0.049403899088348004,,0.035356142703658125,-0.027035742269770235,0.023761233893760808,,,0.012248496034623052,,0.05758826298821875,-0.08747650557937996,0.085539276753538,-0.09963727195315586,-0.007835147456415115,-0.008726114831132574,0.05751504385745528,0.006607625151516945,,,0.02136537755205993,0.032016275815379164,-0.05974838965880331,-0.014732719435142845,0.03388952472537126,-0.0170272536834848,0.050941135062678555,-0.07120358979515994,-0.01923864633014234,0.04779237297549123,-0.04527678892742153,-0.01113065156836142,0.009009516735638282,-0.06095584819162292,0.04410413771393983,-0.055502012606504315,0.04733700711837532,-0.021044860625011562,-0.025703837398903903,0.03916066441316012,-0.04056544973316759,0.04149421931986911,-0.04907702219316502,-0.020691672071351672,0.03639227971795153,-0.022331658628058478,0.016986880362129746,-0.06880646469255217,-0.019609586749199742,0.0533206252076151,-0.04593009706955457,-0.0012985251063920538,0.013522070916451332,-0.04509860868337068,0.0455058569174333,-0.04483149297362433,0.019437952359598557,-0.01391431661500649,-0.030680306376009412,0.030563893242779056,-0.035762513918083653,0.04753164028504356,-0.04054833592983835,-0.02452275890455463,0.04742849909641598,-0.029027329717992722,0.0023256920682364194,-0.07710308583406582,-0.024083487925121078,0.04190918010241345,-0.027356340310818315,0.04546166243074787
2025-07-02,-0.019605739449245204,-0.04686308674483277,0.03755549771931371,-0.05537404251969891,-0.02471413146781491,0.009378572167817765,,0.012045265036711453,0.06285561748550567,-0.061588848904790924,-0.02287677559214911,-0.050805823234782624,-0.049772961310077295,0.03842328831527846,0.008942201555030331,-0.05892356500579594,-0.017466857218552383,0.01159824125308358,,0.03477616002230433,,0.029299673366358733,0.015319024901708413,-0.0597445807384714,0.07691653912433756,0.00477906009284083,,0.03461054411803355,-0.08162288160185091,0.049092554408273696,-0.0016011899497368528,,0.09080875629774499,0.03323344936184158,-0.0061629533243691215,,,0.055975287981464304,,-0.02332805819583575,-0.05488162374486933,0.0568999761090894,-0.06970981376750933,-0.010241036343405188,0.0012885594470911828,0.040550711087963306,0.02571127773010619,,,-0.0010106232984731952,0.03658721501706121,-0.054897484763847176,-0.007898337659476123,-0.008325900225985882,0.039820555784998546,0.052935223186711663,-0.0852665462212341,-0.008826279273425016,-0.005728465861008589,0.06611382984355654,0.02197769270367172,-0.04443130895407627,-0.04577630982099333,-0.019800046840790377,0.05888171953242972,0.048343765901504195,-0.030486418001465905,-0.016605165591736092,-0.021063147895094197,0.059621448681922914,0.05322896795078174,-0.05053267553391387,-0.014637635712425644,-0.005675257163472708,0.04459857716962717,0.02535039013116414,-0.08635156779233431,-0.012350641170286404,-0.004625408810968631,0.06727574131239414,0.056646708148943674,-0.04396281641998827,-0.03019717126425386,-0.02943402607841288,0.0693393800143677,0.026869400790745093,-0.030833548541324845,-0.024810676600356175,-0.015743349701719964,0.03596834135211523,0.05150472139599128,-0.05210675434273137,-0.015239479705999077,-0.007945539772168931,0.04626921998083467,0.030576924723793128,-0.07247111055369833,-0.02212140005497811,-0.0018568691746229246,0.06357955094017112,0.05846464264028329
2025-07-03,-0.023486526089973363,-0.013154435863516323,0.017235154795366317,-0.05887042975191476,-0.048585765930224234,-0.016574501233369458,,-0.013077520732350521,0.0492007140804261,-0.036715198573890544,-0.038632924628524905,-0.021296585834155893,-0.05770755262593243,-0.0036687471552555887,0.0006590587471096952,-0.011957697854867683,0.03175540816176545,0.005396646099842011,,-0.000697665228507,,0.040860667353066774,-0.03482881801640623,-0.0035487529058569746,0.02218184514862314,0.012252695605531327,,0.04887047993798358,-0.006022856492055636,0.008017480143439093,0.02631875003305697,,0.019541777218019092,0.04250798986437922,-0.029211609846019625,,,0.008698264481318952,,-0.004867395674648796,-0.04775997508913644,0.04782811990802336,-0.07860009173339616,-0.02371445224285448,-0.04231226689437366,0.018628429024554,0.015386189447099017,,,0.017323513763668977,0.049368700823241046,-0.014999252972677148,-0.018805004226273864,0.007940029393409898,-0.008969201773002644,0.03931220448460831,-0.05093199161769323,-0.011722517689515629,0.012641232644364115,0.04408989268701231,0.04247357144836312,-0.012394198384444352,-0.03539471381705704,-0.017103158921958496,0.028874134478060365,0.03213539931461515,0.01086413504038862,-0.030169667212755914,0.006702868052835189,0.024297328332104,0.048327256064321616,-0.013280379236281076,-0.019258892712729632,0.006229620946555547,-0.005624259146648239,0.04606251331391509,-0.045521235922194384,-0.01683136759074895,0.016032253971747023,0.030160384466250398,0.05257578460897818,-0.011239885717875717,-0.039287038257297735,-0.015306621326470935,0.024193158335640577,0.04538551059409096,0.012910270447582861,-0.03663275945968372,0.004828673137069403,-0.01582675899227558,0.0357919443683618,-0.01264436607346299,-0.0199620030520676,0.011142700888008035,-0.0021700678127161907,0.055223523908312484,-0.061252092397704926,-0.020431041759828666,0.00386847524162463,0.02799885733176108,0.04190295731848593
2025-07-04,-0.00498205099211078,-0.030451960711911967,-0.002742468157991413,-0.03587899034380918,0.014716511300247414,0.005320488000593402,,-0.06616685703144842,-0.048678802488208994,0.0738610712352242,0.024212832385679128,0.031319748475627934,-0.0501757660927406,-0.0129969998817959,-0.019851601655287585,-0.04421854332021723,-0.042098591571675816,-0.04960245681772093,,0.05555197285124458,,0.030361877515785406,-0.020766870369341585,-0.03704579283874311,-0.010972752964185565,-0.006838582849674591,,0.06201306127701245,0.01936886455542142,-0.029792221107236387,-0.06045754697702064,,0.01575738742416307,0.02660135609215022,-0.047684216638824065,,,0.006004919085565323,,-0.028230443510173227,-0.0677659348223168,0.06538591381780379,0.00471422149776714,-0.003660987437595309,0.04030090943061836,-0.08073125822597464,0.04009545374282298,,,-0.03544232168874915,0.033684508183023376,-0.008305589982928924,-0.02984202867642613,-0.023399088963872026,0.012239739891911326,0.011741956521971839,-0.020298190717980464,-0.03263168606499446,-0.015692592213529567,0.01352987662518367,0.03455837318714771,0.0012372434792021012,-0.05042398801816978,-0.047833751060937624,0.005635924494404219,0.04496896373602622,0.036815247116844356,-0.046066112538336854,-0.03684716972105075,0.015498889502899444,0.0068159648642284985,-0.008270018745883515,-0.03372519079883253,-0.025722391446637165,0.012845703239005943,0.01839301981538751,-0.015112663922744733,-0.03576709467351592,-0.024137373574578916,0.00014269492084352734,0.02717298965573332,0.0033454644678978756,-0.052968810090418664,-0.032837415242476096,0.028690637006952364,0.030569228974264003,0.03562230870446629,-0.04284488945675554,-0.03428846143365724,0.0055280755255237455,0.012073857038286395,-0.007913062455768281,-0.0387377986766327,-0.01699388358270114,0.01179663880781754,0.03149593276620069,-0.03251287683441833,-0.03696258227320665,-0.01720452138851262,-0.021749772982659194,0.05004287861871494
2025-07-07,-0.00352224099412839,-0.0065215242360403556,0.04199603607088759,0.004028108411440042,0.06954655661452648,0.07070822720106466,,-0.023596439246635122,0.01659126618635266,-0.024908025854708766,0.08084489165314794,0.07145671686711638,0.06441686504332149,0.07919815159251499,0.05045594341820797,0.030763134770321374,0.049951066292641746,-0.025187705836989583,,0.06637781244572995,,0.023804615165769538,-0.012438687845664242,-0.01507976365210105,0.03358959069303669,0.007627738864390372,,0.07208149653974427,-0.008092661467287501,0.015617952519841013,-0.0353543561495598,,0.022442462335981295,0.030183863485156528,0.061704939903576096,,,0.04146684904286428,,0.011674281514883048,-0.029565384399223526,0.03008965877713313,0.061690533623679655,0.08340798498005596,0.04596894253433985,0.00892759327484424,0.06278753549133034,,,-0.025921611815835518,0.004822564603643527,-0.09437283904239027,0.021247751535867204,-0.004623151225737354,0.03913489842876803,-0.015478789490235529,-0.08463298777522829,0.020704035091397874,0.012897179244985223,0.025929637209219907,0.01075404206617897,-0.08467684848292481,0.0013538633686619966,0.02606209796636756,0.06014297365842281,0.022479244709198955,-0.06996232481448052,0.005680767809985809,-0.016396289436219787,0.06949021285419531,-0.003395500694614728,-0.09491807665796743,0.015725368023109376,0.008489093020630513,0.03844130237021991,0.028411432847311992,-0.0787045239647436,0.016477251581025,0.024548822651162358,0.016544945316418043,0.022945984669653977,-0.0851038551568949,-0.007607584098664692,0.04923277727871797,0.06624046675819777,0.00033608107580376676,-0.0720676515672061,0.006882870891610936,-0.016988823267586193,0.03858605427221756,-0.010911914309617297,-0.09624937236133473,0.010480129909690777,0.010122999809835295,0.03725044248997433,0.010734615419525105,-0.09119375225157557,0.010941648091314938,0.045372065103393214,0.044536350693351746,0.019582324835620814
2025-07-08,,5.726118108787234e-05,0.057933424182443856,-0.026458477625689186,-0.009608018563933184,0.07739751926463105,,-0.05080289032111929,-0.018409822009214906,0.03794616969842317,0.0776590723058799,0.03615314582926459,0.08502262140214795,0.06712516149816777,0.06278699456316304,0.09029126073128722,-0.003302970688631103,-0.05568102371761899,,0.010474537317353049,,0.041239364854360035,-0.018798974145637266,0.00990380524679095,-0.025266523399624832,0.019299924992397195,,0.019148375621712295,-0.0050409866616584545,-0.04920090507818162,-0.035341793710031565,,-0.05808898917155593,-0.02215529375864429,-0.020020130711457914,,,-0.037505509627646275,,0.05037812636136426,-0.04837878421576421,0.04598615501894218,0.02694205884573268,0.11826338890380278,0.0535021257603379,-0.06271003021554442,-0.010035792041226838,,,0.025228145448700185,-0.0782184379508359,0.02737939978118677,0.00990335110535443,0.05686419687099612,-0.039226882850679025,-0.058419046452065526,0.01608087647029092,0.0155505617658329,0.0729905557618449,-0.008406614882610998,-0.0559255263838978,0.02921034825828189,0.01612318227552759,0.07870515587323258,0.023454132710702916,-0.07285041729466844,0.02767217023761997,-0.0005700595855676695,0.03572663807645677,0.006595546582442022,-0.0969328931928362,0.02710340758940725,0.005421982366127154,0.057573712468860797,-0.035811295557482796,-0.05249446331828232,0.018950204693877776,0.01194710634351559,0.08576559483764629,0.006669742454648638,-0.06352125805350758,0.029342428698328944,-0.0040614663095254605,0.08414962224674732,0.03459754307412626,-0.08151169677587103,0.02386509929535433,0.0016528427089998392,0.04121118871165702,-0.0271376286923811,-0.061936165495088166,0.026445344910510482,0.005551054436492503,0.0634688832948277,-0.03132319045787128,-0.046811449291844,-0.005453895484340929,0.009003020815875604,0.10300440806684816,0.018772561610806655,-0.0778628376943582
2025-07-09,0.004399707319387889,-0.020286453555558585,0.0620298529108846,-0.024753566351999094,0.010554592011288057,0.09714621383451007,,0.014893748784295316,-0.01783908083174253,0.01015825196508791,0.07250372193265804,0.006441736528953063,0.07246404712710072,0.06656827104262264,0.03226310750136313,0.026486578679917425,0.009301223180336687,-0.01630844586849025,,0.021001200368190174,,-0.0018163323540171413,-0.02691971636356645,0.009781475767980245,-0.01086114469554357,0.024992282133450654,,0.0007318307789972596,0.02523398718377295,-0.014741294879892867,0.007639471104364539,,0.029552029058750172,-0.0033990423391875445,-0.014151070249588641,,,0.02962360065508564,,0.05971818199830325,-0.06903345778246042,0.06722798614533064,0.03704723617316777,0.0584967189095646,0.03531485175066981,-0.011467679796347318,0.0394973848492015,,,0.011772641361465065,-0.05243458065964659,-0.0069607892141048955,-0.009995308830883145,0.05752724695776594,-0.0015037030690497463,-0.08633040266631554,-0.023754394541132325,-0.0008496174872177663,0.07655059388675714,0.029018786660526968,-0.0516733275337909,-0.019496070646745613,0.007619169663622492,0.07477874451954696,0.04323678394468882,-0.05497844758395858,-0.033416809213250555,-0.012069323140416956,0.04551375624528863,0.02591526471336247,-0.044990544392747925,-0.0077851265323643825,-0.009628383205278692,0.060622578526418884,0.0034795257381117447,-0.04115711169130343,-0.0187412784863449,-0.0020915492636583086,0.08513107291834175,0.03681180423269939,-0.05412662687700885,-0.018806814800899397,-0.004342239137512115,0.06036153913455027,0.025987737228466763,-0.053154889115823896,-0.03491924131530485,-0.012865544614787458,0.05027293603377677,0.016189466554139487,-0.09162331528833895,-0.00906513504478853,-0.008223912299120785,0.07233438009991425,0.010198385968077643,-0.03475670459326056,-0.0428029882954368,-0.008415560493638468,0.07839949519808952,0.03050579772311063,-0.06359128623339715
2025-07-10,-0.038630105022365885,0.021319166953788812,0.038701833931847764,0.07406700401203498,0.090226961519607,0.10094134679886893,,0.06964225491797593,0.05281234817242308,-0.04201733647483962,0.01889010442279707,-0.011555078952844074,0.06458208373303216,0.062375404211805305,0.029777058550017277,-0.004429819430975692,0.0827857929915925,0.018820702489046683,,0.028880211146060732,,0.008035853625227242,0.03807358665985295,-0.04373951273574308,0.012660567114599668,0.019176764687129817,,-0.026144254421219603,0.11501875128834452,0.009326220383382417,0.024434800471076313,,0.0664866729559893,0.012438154245995339,0.0837850668005712,,,0.09792656113654238,,0.05163960685151071,-0.06817528172634844,0.06677635425461205,0.0501896669624846,0.024363204713285055,0.012079571140446633,0.0553807248332954,0.09476636299491639,,,0.028729886206486505,-0.016639631378865694,-0.060722668237498674,-0.022568425325039537,0.019991901012911255,0.06454592097146111,-0.01895694105909719,-0.06426384149222875,-0.0218090356570898,0.0426156479287079,0.06490073250242456,-0.01857107849369231,-0.07039068876230455,-0.012161465036782317,0.04232923581586436,0.060879019210994485,-0.021093106687804983,-0.10117234828039372,-0.018305480338415482,0.020649076299970644,0.059794626805876105,-0.05554072691344043,-0.06278471480461771,-0.024626919150122214,0.03888734406140128,0.06450062992813181,-0.007501300615624728,-0.05929122122704815,-0.02720364772173196,0.036665316583898384,0.05107711976557451,-0.02796390612697178,-0.0684223077650563,0.002019882109238736,0.0542472496551968,0.04888762094854698,-0.018231958936528174,-0.09619207590897333,-0.018717451898443864,0.024215937114921943,0.07702016776059403,-0.019318722037276408,-0.0640909364664677,-0.025532779498284218,0.03939597001272663,0.06439324970205251,-0.007448192144281626,-0.09319960682091923,-0.039473125922152054,0.025208145578354865,0.038711294154518974,-0.024635453677224004
2025-07-11,-0.00030407029811612394,-0.009611054694868814,0.05918147551287378,0.051539960230790736,0.05464424180336185,0.14370255569161872,,0.0248841107975241,-0.08327720470635747,0.05102304410227182,0.022349011776271112,0.009466092659288626,-0.027578005581116935,0.10970777998526605,-0.023591260076344305,-0.04817042221069241,0.06287405421217192,0.06251408485315084,,0.06220952217285716,,-0.0363834781103773,0.0398421131276744,-0.03152985183538978,-0.05366580631008659,0.0363634656854196,,-0.003591739706847292,0.05448426835968647,-0.002457371715319406,0.011902754536938703,,-0.07484082858719805,-0.04658287532494474,0.028944115932897408,,,0.0027547102523638764,,0.06450278634998573,-0.1218731342179595,0.1171231479612427,-0.014327594164423335,-0.041439548731424886,0.07477676578099447,-0.004286293895786728,0.09191660673466193,,,0.019147886030555613,-0.044011461636951396,0.011824117179622567,-0.03126940522519829,0.05217518242371432,0.021170330714302795,-0.011277709000367168,0.024304276820358697,-0.03348938609285506,0.044144528937186615,-0.008983685372106445,-0.02708226520545067,0.0008391238387432134,-0.039945891520062816,0.05019977878361426,0.0017781595298570045,-0.019074808152938317,0.03673546280298729,-0.026825000751265565,0.040255153666688144,-0.008889517451035398,-0.007912121443586455,0.010206604415493387,-0.03146884157642701,0.04484931353685447,0.021851833367300885,-0.0256343110430295,0.028680937998395856,-0.04632914573411536,0.03153677784327434,-0.027281714045895456,-0.018902344096756167,0.0006428973577933544,-0.010496035862611493,0.015892754048563107,-0.007200139273244737,-0.04089304047551121,0.04351187422448212,-0.024062051924331827,0.053869585181037453,0.03389249014932665,-0.006896193986873824,0.013302936129318049,-0.03325646047136812,0.04238877427226012,0.016829766005964385,-0.02765496192889325,0.012412188975504303,-0.06000510549711975,0.03448512194437317,-0.025994437592682124,-0.017607962686234074
2025-07-14,0.05342184992115818,-0.02587833646015572,0.07947129637608331,-0.07874050603819467,-0.02103469615817808,0.11329550008327577,,-0.04308018653067139,-0.05213127986338514,0.05934220058182452,-0.0022180798438314387,0.0010890827802239088,-0.02570419958366379,0.0652771543000654,-0.0030162811183127923,-0.09328771125897668,0.04856006516830269,0.05799593702021829,,0.010732510015982308,,-0.03450681130320413,-0.07367339618272359,-0.0461540593794481,-0.05764780183431894,0.04267490874053451,,0.03379032200953787,-0.017744436416009618,-0.08722103263089186,-0.03545464831618617,,-0.07223312570381377,-0.02119670158272681,-0.03829069068879726,,,-0.0534368937180217,,0.022116798891948022,-0.07949165452070707,0.07678391935980608,0.00016979865850722867,-0.0582272791743238,0.020391116048782756,-0.012088456462565395,-0.007984865139186847,,,0.026669971065009485,-0.07105862973747155,0.028223888548612797,0.01717592853794381,0.036551415438481616,-0.00936897561887213,-0.046864666662384806,0.040459778159218814,0.005098789827656758,0.024238543704594398,-0.05155838229716899,-0.07481885413219122,-0.009915991354119144,0.0015413438444837428,0.015330705986386112,-0.04280795734915258,-0.0969182553416945,0.025273607648182116,0.026143642075344236,0.044705996510674424,-0.028870844807089627,-0.07308804986288545,0.03232654109435263,0.014835108594824552,0.03444539021270669,-0.014998854099411393,-0.06578774086812614,0.04154098299004159,-0.00814480303354888,0.0269376004888089,-0.017991527840907646,-0.07713466463257407,-0.0037236144710115346,0.04266423831305237,-0.017470116611366333,-0.04642894260950273,-0.07434356384478463,0.031358604980127845,0.02723485789861332,0.037948390457516044,-0.005985416711331086,-0.050681650574064395,0.03703988880985165,0.006730238899326527,0.029222921721726573,-0.020074344864783083,-0.05220718619570465,0.005991134762025099,-0.019230878558308493,-0.00039905032159682797,0.0008799897176390608,-0.09345983091442124
2025-07-15,0.0514346645987989,-0.014981632759663707,0.01869677144956028,-0.03558825612315398,0.03998631610996965,0.07058188487821346,-0.03100985730785012,-0.020177546376487342,-0.0008254149869095091,0.000571187748449467,0.007278938438296856,-0.0389642017972132,-0.020620628548726885,0.08185895359222614,0.010550128729465782,-0.057741153381751786,0.015907845311515404,0.02378968686402658,,-0.03206507958871053,,-0.047900831963808295,-0.1097358835529645,-0.03135002576028993,0.05052688941297148,0.0364969917949979,,0.02546871246733755,-0.0022634561100107033,-0.11044053360246286,-0.026552612622556503,,0.02095575268217219,-0.03318832047138308,-0.06121848112430602,,,-0.004751826131299172,,0.007494029617625345,-0.09405166810735434,0.09063927508097422,-0.014986021485912776,0.006360630981400784,-0.017878722836761833,,0.022572793459705764,,,0.012546717712954493,-0.06296017993324303,0.015399443229984882,-0.016682875434023525,0.020324504423354633,-0.0459966077280133,-0.036457173822409136,0.008711281075851503,-0.03349795474149609,0.002480065435635918,-0.06312948975796648,-0.03587268937177969,-0.013206893123949353,-0.03906997876435222,-0.011121426560498237,-0.07527076995489898,-0.04247960830135809,0.01853416200079883,-0.004369059122100777,0.020991274205896367,-0.048374599791347256,-0.04587416786343613,0.015781002267014222,-0.021154698121705316,0.012474092059076607,-0.04962434974567702,-0.05250171150469891,0.0017186735806486596,-0.04411169584009304,-0.0036596237189818826,-0.04258514018722851,-0.05037892548660238,-0.008881574474131569,0.009792535591380718,0.0045342346213397226,-0.07143855019427028,-0.05817142124791609,0.021288167907661405,-0.0026112373598695445,0.017115428287144258,-0.04028165757795485,-0.034673211800392095,0.012506666210354317,-0.029285403747765695,0.008746685933314681,-0.0489542309582887,-0.04331232002171297,0.0005984350492753486,-0.054700671374006915,-0.016698424883819757,-0.01351480739743306,-0.04030742198721007
2025-07-16,0.061910283062286325,-0.07712386333723338,-0.036358408455182845,-0.07508287186281007,0.028915505327795094,0.03509661527064362,,-0.01654053803183885,0.03955699843180218,-0.0469740934832797,-0.040347942885491726,-0.025705468535647542,-0.028330083249530374,0.07615311173886408,-0.024445692130264048,-0.06800234676508787,0.04790611847840493,8.020460282849957e-05,,-0.019682168936232158,,0.009234366145558866,-0.07873494470251176,-0.0420481329456006,0.039684969310147096,0.009056446415277674,,0.06741275302943363,-0.08434267929534266,-0.024297309616520428,-0.050559097732193865,,0.0016956620884754409,0.041336065647200736,-0.056176814216878375,,,0.01719293797599041,,-0.02409557460987635,-0.10807917992899493,0.10653848641492498,-0.02886406787805512,0.013582764834291189,-0.007811676535672003,,0.0024128190311295318,,,-0.0046515911606141635,-0.021370058199215534,-0.010296560688807401,-0.04333404487406708,-0.03666543292612298,0.01936307265920102,-0.010460390835270107,-0.046718742573833134,-0.05218879952050515,-0.04611597705312705,0.030707116505238313,-0.026685577983232445,-0.004692721196159417,-0.0502315761874247,-0.01832718001182074,0.007553061287418413,-0.028228513160497813,-0.03266384273921578,-0.029734981298126763,-0.039775319009560106,0.023413037584052714,-0.014001558277023388,-0.008160209869559731,-0.04282247979587019,-0.034185655132915535,0.01894750822312655,-0.015255987438086071,-0.044936812820403106,-0.05683186241260884,-0.04296505192428565,0.05389850869208583,-0.02001088853159535,-0.002979742763078702,-0.02274586583398682,-0.013841841418390332,0.018431967372021567,-0.017789651029971924,-0.033421295299506146,-0.027584329774858765,-0.03835995256696629,0.015435971292188651,-0.009918868500882782,-0.009020053451374663,-0.0460511285200069,-0.039649475508323755,0.01737904297118521,-0.027253154493708638,-0.0517270557264039,-0.06363547544937845,-0.03087476037021513,0.06583694384809656,-0.02635752506549112
2025-07-17,0.12007622509831993,-0.04533061547238004,-0.012720797666467585,-0.10762281621110967,-0.10398345728716929,0.029963598072955046,,-0.022222504528093934,-0.1410905948475822,0.14871645876014206,0.0021961520813465574,0.004349361704728297,-0.05734502254600448,0.03379542738324431,-0.02645687961614127,-0.06695617991697969,-0.10022357643512515,-0.03532864275320621,,0.0019405592681517563,,0.008977641057455013,-0.0671312446728543,-0.0200263883986751,-0.15637771458550742,-0.03887232239549822,,0.08270446237741177,-0.09500530694100308,-0.0393613288202657,-0.08603953178245703,,-0.170719925307726,-0.13256845879704404,-0.05960485328236559,,,-0.16579283890613336,,-0.015403988005002641,-0.11883090789328131,0.11415363869631895,-0.003819280590787119,-0.014724866222067702,0.06555963465952222,,-0.04494177437725753,,,-0.01440158660482236,-0.07208262776834816,0.11395482033802992,-0.032342963392022264,-0.008701480073516501,-0.04467835590940954,-0.04874778626166134,0.09542800886049253,-0.044162218078274224,-0.01607779816657495,-0.02697614696065405,-0.07166654590057882,0.10111070151921299,-0.05021994359109524,0.007908979915300395,-0.031375779174181224,-0.08480835334689539,0.07455720855782648,-0.024324969049989122,-0.015989989225226084,-0.023355218565154857,-0.06179978810029389,0.10804110371342912,-0.03525622320706422,-0.014949715237108138,-0.04701930364315383,-0.07368935611648496,0.0958929475503484,-0.04994662157559649,-0.002588663524137224,-0.020652793225346022,-0.08476157183917611,0.1021767076123955,-0.028601081461400536,0.015330867201668182,-0.02625706854095334,-0.07948606319725958,0.07559816401892665,-0.024590864421248023,-0.015244905699813474,-0.04556794016541398,-0.04794514059306346,0.10465485045187889,-0.04035105847042926,-0.012884194253330428,-0.04788663915811022,-0.07388137138854318,0.08744265891047645,-0.05323142642576023,-0.004370896808968285,-0.006963938658872382,-0.09613330487170398
2025-07-18,0.07376172743420092,-0.066925993270326,0.015226863988398275,-0.20025355437832457,-0.09259239244680344,0.0553751762546527,,-0.07335563841004282,-0.0011802739831221344,-0.004392368098517955,-0.0056970094952302555,-0.013728454435987495,-0.046371312110053166,0.041754903149193834,-0.035304380784953786,-0.04891352035256455,-0.026464111455028843,-0.02239848712999864,,0.06345550925512522,,0.008303916112550103,-0.11466328011251678,-0.03974955365151565,0.011340765223117144,-0.051499457306060044,,0.08797712886133245,-0.1286653707046587,-0.00168393130409566,-0.07355710027722125,,0.00651974822230249,-0.0794599035434733,-0.10579814774004871,,,-0.05648487076462831,,-0.0001133569134328265,-0.12309620262810701,0.12042514683990724,-0.040129537305112664,0.021589304427444517,-0.0006726314441787391,,-0.09582283244164874,,,0.008001794987621259,-0.06358600338379702,0.06445936401220037,-0.0363465222556725,-0.01055708228799802,-0.05106340198263051,-0.00701766399015891,0.029187879978677233,-0.04528560463667411,0.010438687331023986,-5.561293397950267e-05,-0.07826620370823696,0.06662956586997477,-0.04094435196451736,0.03537231479157303,-0.012711917435718333,-0.07835134636194359,0.04879410816909013,-0.029233775076098954,-0.010837101603025973,-0.010553813216783925,-0.04531950806886336,0.06483346135244365,-0.03810276476006389,0.0005410604834314776,-0.05058617895438948,-0.07045291337842767,0.032889897912309625,-0.047559183935225756,0.010073635341299235,0.024906988896527125,-0.07635616073509338,0.07087904659024209,-0.03534358573617379,0.04904431147819799,-0.0025333524075203066,-0.07086936927574913,0.04873782794607238,-0.029954472613361205,-0.013989227429932907,-0.054026837488665935,-0.006163859433899329,0.06108229409394601,-0.042306096990182694,0.011926086595887892,-0.0496987413930392,-0.08398036293295703,0.012397297966203879,-0.05189617956749339,0.021566474504765114,0.037206511636240926,-0.08060751870079189
2025-07-21,,-0.06704838958764008,0.05289845011152964,-0.2549659507130263,-0.11906707155528248,0.06811597537838478,,-0.18504784954275566,0.00021763883381290143,0.004997339145464062,-0.0794693570665176,0.045053223780781845,-0.0749816783728779,0.05768309525759284,-0.06079697348763428,-0.07867927588507986,-0.09115809943866557,-0.08756910380933129,,0.007835017505177795,,0.06591713653520993,-0.05526453773090738,-0.09796917039972977,-0.03690823741013433,-0.03208096127858259,,,-0.22648716427085058,0.025915991192561855,-0.11627021444793252,,-0.030912608565456162,-0.015883439892818627,-0.053535002268077,,,-0.05579831198935322,,-0.0251323563486979,-0.09877883283845579,0.09389792307158464,-0.10123666968190115,0.05229273426335084,0.11515218658562033,,-0.0840225896808849,,,-0.010237600152459975,-0.07570366490490245,-0.017221286730571213,-0.027590033488146117,-0.022463435087853624,0.02803648732280479,-0.032862040810428046,-0.026669708415796415,-0.025073986713484982,-0.004950932961927899,0.16323789043847678,-0.07396617488110636,0.0379347881762388,0.020233351854373513,0.0043068206767356045,0.13543088658962907,-0.10350558763533999,0.005818995608011882,-0.024288865178123578,-0.03965899595877391,0.11893335503631373,-0.043342764673136955,-0.02373553308967205,-0.02228016691619499,-0.006628738167384697,0.03093901678194525,-0.0762890737830913,-0.025920106183674768,-0.02101588655406439,0.00016088739319024107,0.17696171515455483,-0.09160142050217238,0.03535354782522786,-0.03278745781588201,-0.00010025319046213245,0.16633005985088836,-0.07544110317043697,0.010379681131305718,-0.02007351427897406,-0.03145664601270495,0.02123277511359712,-0.03633430025045877,-0.03252228806401336,-0.017243110012638976,-0.00467224665827083,0.04032519447766635,-0.08857490777981201,-0.0498501516688788,-0.013921676784187875,0.004600368042200995,0.1829619186606825,-0.09758258896644269
2025-07-22,-0.16819290793168518,0.03387890817706602,0.017222752085793453,-0.1628989613741808,0.17063580820623084,0.1344412758410832,,-0.03375840049920501,0.132352995216473,-0.145100574878136,-0.014196252152546596,0.04270011881886823,-0.005846312634258198,0.18988094587719162,-0.024561278361899985,0.018488768895715504,-0.11274577373097701,0.00877762706849914,,0.04394880809794251,,0.1389883870122865,0.11255772273614738,-0.09238274841896513,0.12477710571060723,0.07096839347304178,,-0.049168428267608866,-0.10930077754400057,0.19629275223608827,0.07134787193700046,,0.13492566636685283,0.12351132135851604,0.018306820053280545,,,0.13770105377041128,,0.04503767234658946,-0.11756153475560582,0.11908421517335453,-0.0039448068405020876,0.16188511840959613,0.05722236470746107,,0.0753496955632601,,,0.03106611505058171,-0.027181800998259686,-0.1928580513683961,-0.02841401044285476,0.010131712537836067,0.11817875937164393,-0.04806398948588751,-0.21111997938251337,-0.012714155441745258,0.013449278499854016,0.26173028912687535,-0.06755667591422014,-0.14792277479695456,0.07565606076300856,0.028023498313676763,0.2372249823406876,-0.054695382389836525,-0.13883356752797768,-0.02712302888831809,-0.018306454718918563,0.1839875994866679,-0.017913771373436853,-0.20254241568722822,-0.015618256062924737,0.003053185297013327,0.13180725654436348,-0.07595944487798298,-0.21686524280311384,0.0038528285127517777,0.025538810401035724,0.2486771977057746,-0.061866409302953555,-0.1565151352801323,-0.029475261556498617,0.02069804517256885,0.232737882530348,-0.027029907846092015,-0.14350683580672022,-0.01866735246837901,-0.0007495069806062719,0.1246027508912841,-0.053010895470336515,-0.20954336731337933,-0.0004961694737446726,0.014542863752205707,0.14610303923689127,-0.08162010676823242,-0.21545693335140018,0.020271032274998803,0.020155614330710253,0.23296136031118192,-0.0447988646349844
2025-07-23,-0.12970966612279694,0.037325490547125785,-0.0028104088029277953,0.0565802789610907,-0.05941759742638731,0.13577477472707838,,0.04219473733007204,-0.034878930478315535,0.0630047660531503,-0.1441395797105265,-0.035040160015812484,-0.010155619545223319,0.08761606617280594,-0.0264173223200589,0.036347179204780304,0.1112923562515794,-0.0439301645761777,,0.09133029993738633,,0.09046181217349739,0.14334312786307546,-0.10606274649425294,-0.016799333971280764,0.10456454206724117,,-0.14600279224011672,-0.0919061534300905,0.12133370606756218,0.10502397370041003,,-0.12451838370653902,0.08339128941342788,0.1765620074624359,,,-0.03316306665662113,,0.05004172354987344,-0.14106287468939124,0.13390844774241945,-0.08254648339309979,0.09535445503507389,0.0458640163809885,-0.0455669077101197,0.04263077986324447,,,0.014930332996694036,0.03870159639955015,0.04227961296751898,-0.03874205977509678,-0.01665842461269054,0.12878207941890088,-0.0029705686205874072,0.0340441845447158,-0.021720706671048612,-0.016561136218066333,0.20204019692369188,-0.012666333589769159,0.08448027281783554,0.051851940185794594,-0.003941665985991265,0.19029489445590828,0.03315308547258321,0.11408568458823182,-0.04558464432379656,-0.02282605048544703,0.13280631035307017,0.0013137602740878776,0.043010328834770316,-0.026332969818442683,-0.013463727273411408,0.14066026147129745,-0.028159157886173115,0.03514299269222237,-0.007095567732995753,-0.01990550016854361,0.17115914851313385,0.014619104283515134,0.07253598607699646,-0.04627717652522212,-0.019919574244129726,0.1645058974119554,0.046560536061756856,0.11163749931042385,-0.032233554144852634,-0.015714259602699152,0.13905468350313044,-0.008551425243754273,0.04729432675731189,-0.010841709568245294,-0.006800463439668589,0.13785627644167714,-0.026420561287898492,0.035113929699769925,0.007832464965784427,-0.038457558281500104,0.09775416000420756,0.04130244827170768
2025-07-24,-0.09109068231197824,0.070019836514759,0.025979471332245176,0.013287438698363435,0.17383611441439162,0.19680103531351423,,0.03329818244539965,0.04936549029552413,-0.05006328678854657,-0.02460195443206622,-0.01629274753922756,0.024801932454240744,0.10389857620739168,-0.03616537888221534,0.057650979532530476,0.1048479951979935,0.04521258384052709,,0.007256935034062129,,0.07098162009424988,0.057306153077998565,-0.09327743139761427,-0.07597857629865912,0.12441321761370544,,-0.08676452810703822,0.11900770578130936,0.048392489238712415,0.08377939756653069,,0.030847314194465292,0.059404591014643696,-0.08671617264566596,,,0.09061890135442068,,0.12082082220312747,-0.15194491485788414,0.1494290685857822,0.08164229236647014,0.08270354984244802,-0.04504788510226882,-0.036063716364467764,0.16919115277759242,,,0.03270428696813087,-0.007376879512838708,-0.13518286214170253,-0.028639932103685345,0.024576790650847415,0.10684320966387928,-0.03760873922710248,-0.1987642869784439,-0.014539625628507172,0.02457325014343855,0.08584172095289144,-0.015870809222474275,-0.19739128301444933,0.05341457906121753,0.029931011279844842,0.1064368128614366,0.015250535341222473,-0.1030136913760985,-0.031230650886683375,0.03136965957145112,0.09089556073388692,-0.013606096194925872,-0.1359346488839452,-0.013647935551029874,0.03195373979518218,0.10068537714297308,-0.029266072772387984,-0.19145637731526002,0.0019648805682451584,0.019197695595113876,0.021817368215048042,0.004081616266512146,-0.21049172801527913,-0.028738692960834228,0.04715889811733304,0.09074033651942254,-0.011900795402713786,-0.11038145585957113,-0.014892364800557032,0.034552947859823734,0.1126712340297402,-0.046394659562089144,-0.13017063646019097,0.0008481588105852698,0.031538221175632965,0.09631984149670211,-0.007134967238402308,-0.20911620108503434,0.006538204429681614,-0.015236342909835022,-0.011619532298159997,0.02091232690883522
2025-07-25,0.047197470511844676,0.04190439199194266,0.01368174447021447,0.07663461846443129,-0.0504509051367952,0.13881080589428793,,-0.017628693152935342,-0.12680426782169765,0.16548191583925279,-0.05820925270239473,-0.023515535907311882,-0.07685204229086288,0.014033107333714597,-0.08994148127379442,-0.08812057280015692,0.07504134000087993,-0.009506040772831096,,0.11518310827219042,,-0.09542719898149031,-0.08129103065542935,-0.13653920213604318,-0.12582764280495282,0.04939539340730499,,-0.05933937270738222,0.029233909129983617,-0.17412297722424042,-0.05832027427610522,,-0.17483965891802913,-0.039195036619970716,0.053879743025796255,,,-0.09174334672602398,,0.051678724784352405,-0.15052454304554044,0.14502123997077687,0.007125511672164349,-0.09789573201110076,0.06931268845992429,-0.16441205684019986,0.14343897896643099,,,-0.03431136654797005,-0.06981477854881445,0.16871245475705493,-0.031063133380318502,-0.02132608399042364,0.02573873997367021,0.049877446858266825,0.1535476634612378,-0.023438736074215625,-0.019433203490441843,-0.06331972932230433,-0.07363489615809309,0.08213644150743496,-0.005595102344151785,0.006763644213672062,-0.007944576969635776,-0.06703891384046566,0.18167634723458606,-0.03280002376154377,-0.012243699762957388,-0.016176837667508954,-0.0847288363536274,0.17080792873471265,-0.019822419910121528,-0.014548216670151298,0.017405243777310217,-0.0674731895397827,0.17120718276071223,-0.019264410054410225,-0.034048098994111854,-0.08748532536974786,-0.0570499615283723,0.07371605332079305,-0.0359123991575834,-0.007497260073094079,-0.022061385925621343,-0.0746510698146891,0.1761289948522863,-0.019252732087941208,-0.010300603176213069,0.028485795158526506,0.038816531116843765,0.17542676549076106,-0.009942907678104615,-0.0171452260380849,0.005050353972299537,-0.03827386739620591,0.10325810990116788,-0.02683844441990612,-0.02808640709476485,-0.1000349955130651,-0.0852031622856663
2025-07-28,0.2048247126077337,-0.024380305297436268,0.017063092438641077,-0.12529073685653205,-0.04446015198615485,0.08668912802382442,,-0.12193139463773002,-0.20768497031240948,0.2320984028840984,0.06019769147238941,-0.08796096752896689,-0.07881055763990698,0.0142599168906053,-0.12598052498788523,-0.12744585986673607,-0.0242151636786401,-0.04343276382358197,,-0.012677808888824473,,-0.1928995582607768,-0.23116758309367944,-0.16882557746154175,-0.19937394053607457,0.0018612859558158295,,0.027212369183936266,0.07004743698498796,-0.20522024035191325,-0.19280953918771107,,-0.2178202372661539,-0.22953502036787485,-0.22754128889869266,,,-0.2001520759167179,,0.0028080962171826707,-0.09748009889131183,0.09304433268455395,0.09102776629899267,-0.14703537213111775,-0.034376761474931315,-0.19973687177673985,-0.011553247579445291,,,-0.05971577224971679,-0.1348246891975337,0.16983129741648792,0.00998848292736708,-0.02295905115930264,-0.10188880869034342,-0.06996948771801367,0.1540110889336416,0.005935528880815285,-0.04336877493224808,-0.18009607078819767,-0.13058942973431345,0.08975167011277206,-0.025536935963422377,-0.04145685683663335,-0.1380625001428556,-0.13916899379054945,0.1861196460135518,0.009434229962523405,-0.02147412309132462,-0.1047714434205372,-0.05347819660935296,0.1754965883945508,0.01710693149756902,-0.02308945818719966,-0.10933674722854769,-0.11186010915537056,0.15788756361856682,-0.003919410378607872,-0.04959322412045921,-0.18642078492823946,-0.17242480255066514,0.0824718770017206,0.011046134603923135,-0.06838813385251914,-0.1331196265917167,-0.13294959548883512,0.1797686917509454,0.020656560286676503,-0.016252602182798077,-0.10307437447587375,-0.07154559788728321,0.1878983968351882,0.016461023267364393,-0.0451341027007696,-0.11304428140191905,-0.10210861639118236,0.10749149946380926,-0.011849559893605465,-0.05396514199422987,-0.18255192528362413,-0.1629113304224364
2025-07-29,0.2180484522531658,-0.06502250568171786,-0.019895061779143946,-0.145004742505665,-0.02447881109628856,0.09100591360655165,,-0.14498281459386722,-0.043619513616723275,0.04413258048928902,-0.0007736164432248055,-0.053895490139070315,-0.07030655894534657,0.0849683043883562,-0.1217680258662524,-0.08484371395106334,-0.026277982755946595,0.02939480969231709,,-0.021031082701316976,,-0.09308795022625851,-0.20189883024954508,-0.1436730014442688,-0.027974694939474465,-0.029895118333891697,,0.100913601744868,-0.018621715049821703,-0.21557165770060058,-0.229958427465535,,-0.07403468771942658,-0.09102951408479627,-0.2031751112749169,,,-0.12267474110235063,,0.019348683870425095,-0.11940929797838806,0.11517540809955165,0.02919680565602881,-0.03849805695606548,-0.02729222480808919,-0.0729005708023224,-0.0950350928658012,,,-0.04025225665820227,-0.04441628274385573,0.15861069411051346,-0.010738206287221464,-0.020936655937927092,-0.16013907021400353,-0.04448799175424181,0.08098871995801522,-0.03060580856186019,-0.03542735335747247,-0.19186124033405744,-0.1082879035404525,0.06969786968377069,-0.05973366105878049,-0.0320363515804021,-0.16038752469751247,-0.10257978336108788,0.06695208257589974,-0.006812131230251707,-0.014943646112744567,-0.10976529164038497,-0.08342640671477797,0.17134913260308304,-0.013406377602168132,-0.037997157980117637,-0.16287455650563643,-0.0753883819381376,0.08450018818488811,-0.04071021852549662,-0.021740136677860348,-0.1525304254758915,-0.1049362681400685,0.07133976045458976,-0.0018923132058696233,-0.02309980038474146,-0.13396055032732895,-0.044446443365173754,0.06045246740797603,-0.0025380291118900543,-0.018823711554445524,-0.15664071101854007,-0.04458176586903438,0.17357031400170378,-0.02388631004323234,-0.038803105870312146,-0.16589125797565007,-0.10802024652916264,0.045007890333827315,-0.04337143167365328,-0.039592563381754084,-0.1008303534861739,-0.10564626076324574
2025-07-30,0.15880702902455227,-0.060872968978032224,-0.04994468913177016,-0.02484474239344431,-0.06691869932042038,0.06471490052244448,,-0.03230914960383416,0.23939803206253701,-0.20905494895236487,-0.025460284583761702,-0.031312716553508285,-0.04610906358963459,0.18584359159970024,-0.09470840486604558,-0.12260623878286533,0.08574625854329496,0.12611578889703515,,0.01960781640092882,,-0.058050182852356184,0.004273693301105318,-0.17701235585803643,0.22712347656899948,-0.10619243017032994,,0.11073151380101913,-0.044620450994810754,-0.08911336243409873,-0.0593298316873765,,0.2610868733033087,0.15116795054377888,-0.018827845135289605,,,0.16896040981654684,,-0.014694160820236949,-0.09453960069608497,0.09708532040557537,0.027667417081159898,-0.04659047760340588,0.032865979400638866,0.1127979130936758,-0.05761384193906507,,,-0.07838341558027964,-0.037590607727376636,0.000805137981644745,-0.02418612214892725,-0.08552978342663324,-0.0125604502304886,0.010884025228731723,-0.02374647603875978,-0.05656816528808158,-0.07013205790192968,0.06389600555318371,-0.02177573766062853,-0.02958626774220699,-0.08321626147637148,-0.04341815029437549,0.05531787748758724,0.004770111716143804,-0.1216492784851804,-0.008607519940420739,-0.0686533928416391,0.05193170333419795,0.013273138959661613,-0.0030409063265800598,-0.0371044830526071,-0.08029064650203913,-0.011345196663623349,-0.018483942481745883,-0.025744073314263975,-0.05824343079313433,-0.0768556785501515,0.12596309909716183,-0.04502411092465915,-0.024030215163765585,0.00028782149074964405,-0.018456531062669763,0.0721436459965012,-0.04101014293728019,-0.12068113791450856,-0.015104907122807784,-0.07826696747214383,0.006372917034189251,0.009867890940747645,-0.012825600907821737,-0.04857242092691761,-0.07162437542808756,-0.009411328935301768,-0.02088727810587546,-0.0802394621088919,-0.06260306319456299,-0.059054636515014726,0.1949543022201923,-0.0019584345307832457
2025-07-31,-0.03492028465059197,-0.11870526787984204,0.023161276479764334,-0.13479601585838719,0.008395498864780577,0.05661448226060661,,-0.04780039258770392,-0.16665499678375503,0.15758360069841956,-0.06028386136361366,-0.1033301063271698,-0.08383548228639882,0.08675766627174174,-0.04703473821970636,-0.126549532702916,-0.25427698630094653,-0.02625726660247091,,0.06501616461246743,,-0.09516952988073375,0.0006167832383939004,-0.1634474310101379,-0.1380935291338044,-0.13167484792253953,,0.10366266808540965,-0.1469107515231577,-0.018029354105622786,-0.028325463356169155,,-0.1948164573904814,-0.05630489361641904,-0.20913437460309903,,,-0.18680229621931013,,-0.011323535137685492,-0.10788343707247705,0.10672243056718979,-0.06911182491663757,-0.08076603562084478,-0.09967338530578487,,-0.16753904730190466,,,-0.06910803478404105,-0.0027920734563862694,0.1541880963443955,-0.03241130422853478,-0.03516694731182997,-0.14826104509453675,0.07046924556612631,0.18649718027450668,-0.052849970224997524,-0.04313991954761733,-0.00488384725888343,-0.05353698988160098,0.201833849927496,-0.06026225371587719,-0.024221473353002242,-0.059448305042059155,-0.0483009235517454,0.11969180009153187,-0.012866253380510265,-0.020684571146769914,-0.08218275968847259,0.015892807078615134,0.15123944696612468,-0.04018422211655557,-0.02907945840393084,-0.14080364525762176,-0.04640944468375081,0.18219510590159313,-0.05826360746141807,-0.034896327541468,0.03466107440717572,-0.027822475886654475,0.20112399371083678,-0.0005071319651482714,-0.025393150436515154,-0.062142326317055685,-0.0064425698864588295,0.12308650118759717,-0.021699537139421625,-0.01666629799608779,-0.1360388882886267,0.06486004967224965,0.14501254782198644,-0.04279550331172236,-0.039653940229782685,-0.12638424487383543,-0.05244042218509952,0.15133298439404344,-0.05762043645554719,-0.03857916470243155,0.03351810004985655,-0.040182396059619645
2025-08-01,-0.07373651496795128,-0.08590374398063089,0.03483016605946229,-0.06123794211794373,-0.00293124610715093,0.03485157922531237,,0.005748609394818287,0.1309986213769088,-0.09574915560427039,-0.023980146024417757,-0.09411627321237666,-0.05095173233028795,0.07210559775831836,-0.048654865307144926,-0.10871686681526518,0.10893912115815924,0.02139053495478322,,0.07188985599805675,,0.05738828304862587,,-0.1511694822271231,0.1356262467039904,-0.12403289805521236,,0.07840868960506213,-0.11987039853612282,0.09974284767925021,0.055813104536109694,,0.12155922797896448,0.18072633712506112,-0.062242844054474236,,,0.061668929688871804,,-0.037786326304847365,-0.08793628593725195,0.08917694886378709,0.06415661048092118,-0.024717318202388455,-0.08433686561595548,,-0.06170349052225828,,,-0.01702859625079952,0.01834993242304269,0.018546717557681624,-0.03546311341916504,-0.03717787039232386,-0.06470451003256646,0.03233444977113077,0.054216172712260605,-0.04648329855231507,-0.03831582310044904,0.10958746266906172,0.004341618467882856,0.012041348976560564,-0.028908171608790695,-0.021469577080791842,0.032045124889504104,0.006111351553245515,-0.018815297948958372,-0.019852871699568873,-0.019175645763254767,0.054137982611772315,0.06462992836759181,0.009705377087617973,-0.034701588346513365,-0.043741073837975424,-0.049087790833384055,-0.017535865574888187,0.044188463699630365,-0.044809071390924285,-0.038050717032413924,0.10388278593512659,-0.010228819437051038,0.014595237723391611,-0.0055607987246779405,-0.02773264077843494,0.019144546217154505,0.02030809525642375,-0.018684387252427628,-0.02418284725481886,-0.021451005792378956,-0.03894037381336537,0.03421540142981906,-0.00121784625789432,-0.03212897736790308,-0.03322805874953541,-0.03175428473951776,-0.004817334988529812,0.0569232491982003,-0.036264699675930934,-0.0404194367104035,0.07169501040443416,0.014933803458393624
2025-08-04,0.07379988328345877,-0.049935008261053196,0.06155485376445346,-0.06766768475028402,-0.06307438645565829,0.08556523352998302,,-0.03537770746884347,-0.18712125068183466,0.2024394718551055,-0.04451813953243925,-0.051129302030630645,-0.09657745598705919,-0.03573925391518316,-0.09987978337631523,-0.13838830406343602,-0.21445067343259713,0.0049471983699355005,,0.012585125900832708,,0.0615835471379952,,-0.13817149241063484,-0.14830156373004189,-0.09858436550014327,,0.04328107624235982,-0.1380540368776793,-0.05418085581644164,-0.08014577000850726,,-0.2424693136022442,-0.1756587235181063,-0.09779397749057987,,,-0.2021236350467776,,-0.015360397269969437,-0.07608726336297784,0.07246824837480528,0.010388940853365669,-0.056651112360007215,-0.021897754493743534,,0.011354700088178554,,,-0.04115737379586061,0.011303054515272682,0.1024460254212851,-0.025117134607579604,-0.034558977914401705,-0.0922662631427506,0.016490414516369022,0.1328411457327685,-0.029295839906479527,-0.04301094831360165,-0.020092904133385305,-0.05024348144616034,0.13522542725618375,-0.00768335070283438,-0.031732450952580545,-0.0680475951355741,-0.018712182947896824,0.10959869629981157,-0.01745734822121289,-0.025082206829218887,-0.054085941913838,-0.008042620754419128,0.09340037091452182,-0.021158072668966285,-0.03196842279507087,-0.08164061015220017,-0.048933180738471346,0.13067917142728439,-0.025301382699049413,-0.03989371173706626,-0.06586345811481074,-0.031036548138714648,0.1328975558644764,-0.013669307948645267,-0.04640905258260295,-0.03911047084008585,0.012306532872046588,0.10739998730149228,-0.014029347148116829,-0.026757992503195268,-0.07206948351001369,0.018551784215021447,0.08712546507795563,-0.016192573090553528,-0.03714866944723939,-0.07614781928731172,-0.055655503584453835,0.14665684080832894,-0.015918038027144685,-0.04829939671451794,-0.11707483645986941,-0.013754059139284867
2025-08-05,,-0.055863886607736696,0.04494811824975288,-0.13179931952783414,-0.11627110914927506,0.07981637026751973,,-0.12183839357492791,-0.09243899284272739,0.09710761922919549,-0.040079631385899955,-0.03644611241407057,-0.10770655317067819,0.07040547377189046,-0.10942140657463974,-0.2050455353370276,0.012438175108648355,-0.021786365443404114,,0.026650680771158473,,-0.023382751479804415,-0.1680277316418478,-0.17188202973161526,-0.10145206863295825,-0.10938591502091234,,0.10879171262847581,-0.1258988237992501,0.06004324721285713,-0.09161596167737328,,-0.09347703902986211,-0.14003626692560162,-0.10199380228269629,,,-0.10680047991343083,,-0.07847793603575198,-0.02352399221969412,0.02113400902268112,0.04781758532256382,-0.08694259572021988,0.02352230825853152,,0.03938733347846629,,,-0.08898041721377152,-0.0392726816048423,0.05983076472494833,0.014494077523435095,-0.0726854494360279,-0.04770271012206906,-0.013230553673510906,0.11695483908190438,0.013166141693959441,-0.07178731456626532,-0.011922511322057157,-0.04878634125233359,0.05053088144821737,0.03643821922086761,-0.08654938017725487,0.023128601245718212,-0.016311726157159145,0.09416914244958394,0.01948007958689749,-0.0775977708703305,0.08629824510442866,-0.017511107071648747,0.051683864350867637,0.018904429124171018,-0.07487715587783438,-0.043457890062971995,-0.07974049674232754,0.10968593490540784,0.017654441086708866,-0.08157263356768459,-0.04405151374294379,-0.021184402942338067,0.04644414603469331,0.01675250262379309,-0.10869657429611256,0.049399725577889825,-0.03777745257546649,0.08835822095056249,0.02446371216921486,-0.0739170923927626,-0.02379725309617183,-0.010144047340321165,0.04764254349146591,0.02437809741611625,-0.06670115914909847,-0.03621158865166398,-0.056528225597622606,0.13339543471715642,0.027921472537457144,-0.08165371970425829,-0.01365978038850124,-0.0012087969534778048
2025-08-06,,-0.008676734471261213,0.04217488794373023,-0.15026058969711314,-0.0568325830266414,0.05334230919121319,,-0.15902085445789108,-0.12439684199858755,0.13787070371950577,0.010641005071402355,-0.12301161456290106,-0.08237794282174367,-0.01283376645927539,-0.07401700230432673,-0.17518735593701637,-0.07765651211281306,-0.055849034556726435,,0.08174236618785995,,-0.0001628496479703229,-0.13660929751762957,-0.16076593897259142,-0.15253642507588364,-0.12337224782948836,,0.08298006163370655,-0.0800639191912315,-0.044348948036734524,-0.183754908796278,,-0.13228675317956728,-0.13991431237225851,-0.1423025225706468,,,-0.13158254741822029,,-0.10333750465928623,-0.01816971641399525,0.01890918966375277,0.10716597768531645,-0.04157734524870574,-0.05629762445330739,-0.1714115661747652,-0.022267199124319462,,,-0.13023508044028279,0.00045754855858656075,0.06950060505691226,0.019419311321478217,-0.07597410073010707,-0.04116202937229337,0.050262545229136944,0.1064681130499846,0.021894975081542943,-0.08431393974771373,-0.05044289167543037,0.0029823531044319332,0.019379404520737744,0.03377887107191011,-0.10157717299438272,0.014786360122721911,-0.028288983721412878,0.11373869702980266,0.021208309599256174,-0.07482796670528269,0.05542385531655644,0.005138681678553907,0.06555305467270628,0.024280551695968513,-0.07332165351336904,-0.03265604943420971,-0.06077489918380662,0.09729716662831002,0.02505869575625758,-0.08124366308042795,-0.03525170850668908,0.022093060739729733,0.00893806932938391,0.016208064082451224,-0.09634435703707886,0.0456635903796449,0.0100661400517504,0.10616436207923818,0.025171352381712205,-0.08001241342693302,-0.025592043676510294,0.05005996125027669,0.06418410266906945,0.026575773462962353,-0.07824626566471697,-0.019837936045042984,-0.04221956733795597,0.12178357908210564,0.037316484440360904,-0.08827829185015268,-0.018663899891495427,-0.0013463313428433766
2025-08-07,0.08075277723680024,0.011328472122951674,0.013962538297306181,-0.17472236922716736,-0.023789868531903065,0.01682955043891773,,-0.15226111376684773,-0.011245890681653372,-0.0037047540153855554,0.014421496935805316,-0.02176857919910437,-0.077992564718948,0.04709379493099133,-0.055057498317033375,-0.16729390750199036,0.005735253997765734,-0.024907250045956147,,0.0665342521364668,,0.018874927023862523,-0.11238881617825165,-0.17887815343967844,0.03432373830267657,-0.051075974204432925,,0.09160163894771853,0.013059231567786926,-0.02879302883534725,-0.1721238637107001,,-0.00611460812170524,-0.014116776131282892,-0.11284704090967945,,,-0.0385707220865568,,-0.11285719202279004,-0.011630684126654392,0.012414139246329527,0.10552473465130108,-0.029006540326656668,0.008512321819293664,,-0.0008372759773114733,,,-0.091645278937759,0.006690746855485653,0.06168800016707415,0.01669947526243306,-0.08478563735083282,0.0027211139522263774,-0.034611174913759646,0.03212128812209265,0.013955155401382487,-0.08853168343925234,0.015166862829960694,0.059562397650992006,0.0010586883690063805,0.009543739192251124,-0.12085656253175339,0.06980965026334494,0.016209680422485863,0.0640162108642927,0.017357553639107546,-0.0853821875898736,0.10455238497983058,0.03359218117886597,0.062376801332077896,0.017424406710186385,-0.08391360144113227,0.009798104300034102,-0.017196528975745917,0.024487277455933196,0.016665804809808893,-0.09421690405296965,0.028011967865088007,0.028420710597201707,-0.008821132936200992,0.015880163746415207,-0.10773109237365217,0.09261185340723645,0.014275508421475956,0.06050641940000145,0.020498084185624932,-0.08827035484539704,0.0037602939330817135,-0.03866397192737542,0.058582097037484196,0.01821406339420988,-0.08253848129633172,0.02693440984451531,0.01030781174000768,0.051835100784263316,0.016725864092449375,-0.10161352895918645,0.07835382256886655,0.045973303838668336
2025-08-08,-0.034158920868850036,0.039609592044889945,0.02048966560646736,-0.11054167209941172,0.11111768740417469,0.015069247717717966,,-0.13289690037912139,0.23708050916144077,-0.1886886690092875,0.07370952639126441,-0.0862383456044162,-0.06855108845384372,0.11664176023930285,-0.041424966401526105,-0.17419458578143443,0.04990787465417191,-0.018324794661054907,,0.026392070127153378,,0.04167321183578909,0.0013935177378775242,-0.2034740343604637,0.20430631362482987,-0.05759861641096751,,0.1462714322789826,-0.2243276037932929,0.06611191103078845,-0.09269026478498255,,0.1956527926859982,0.16258683706775406,-0.023928122981449303,,,0.1696462469811951,,-0.16764959945061633,0.020961357426862483,-0.015969066223131278,0.16697285538155157,-0.027550676049030665,-0.027848693483821373,,0.04698798398271956,,,-0.08308994363915236,0.07760112860623024,-0.12129570913733377,0.05409093117499117,-0.09751655803394639,0.14168570896858307,0.010578407899583487,-0.15727179831520974,0.055378645989063016,-0.11427631089298339,0.24213461330363795,0.05906765717833723,-0.21328525869729553,0.034659057750343204,-0.1197404389291055,0.27495249725510984,0.06718158896644351,-0.14377846001397704,0.05517471403692632,-0.11242202813330665,0.28363141596030833,-0.006569912137221196,-0.1261387229456964,0.05408881199142329,-0.10735642455689079,0.16827213197529706,0.035579704776490854,-0.1769356007096246,0.04900029653483662,-0.1198333713157571,0.2662555622466206,0.08716605134551936,-0.2215538926661186,0.04711594910120869,-0.10114298380747619,0.2866491914873616,0.0910687189147093,-0.1509136123720657,0.05367195502964152,-0.10702350986966773,0.15911396966377586,0.01512894835950832,-0.1327547630771281,0.05916358264090558,-0.10764756132790788,0.1872349289323401,0.02408944860948166,-0.09234229548756281,0.051427096456744176,-0.08930277388596189,0.27146131096281634,0.08373606666955774
2025-08-11,,0.006825374621190437,0.019707810520906085,-0.09242812560634459,0.018857484673470596,0.006010528099509295,,-0.044917760614609815,-0.14433458480563405,0.19181976767810882,0.012037919999561832,-0.007548532146368715,-0.08787317623827698,0.021114575072225656,-0.04918104571816603,-0.19669118848499081,-0.13090006551742128,-0.12639872998469956,,0.13768162001478187,,0.04557972197442653,0.018979916234277826,-0.20674332960705405,-0.2246699858351976,-0.05543415143946949,,0.09102648073786364,-0.00019318434880476328,0.11936103937236643,-0.10011738943549661,,-0.1734417675849909,-0.2026508206143132,-0.039529818962976346,,,-0.10181316588717662,,-0.17090786403148253,0.03776847417923529,-0.03787482071324142,0.16480995052036318,-0.04378924054205621,0.009369769606451904,-0.056854787623719795,-0.062451570370888436,,,-0.09606886662333891,-0.06503636962394592,0.06632493202583536,0.06988395519569357,-0.1070997543604349,0.07002958014468305,0.011984913743624408,0.052957085669215205,0.06591533543050808,-0.11623654324720763,0.15166909768644207,0.057657341786010397,-0.004050871679617516,0.03525881257894378,-0.11967498225301872,0.16655302904195932,0.037128852909054356,0.04104224414846264,0.0660772017708888,-0.11449524671206165,0.1540013562878919,-0.033853505397890955,0.061268022042456564,0.07234849702795632,-0.10858949181791412,0.08620766051551237,-0.00865997543869591,0.039097741605667126,0.061921353375835424,-0.09010532799262988,0.16367371690991647,0.030597029866353643,-0.011838780799388842,0.05860797520266584,-0.11128887926182876,0.16735090773666722,-0.050544973844103724,0.029426617715030978,0.06433602048265515,-0.12082867078315829,0.0922139056612136,0.014064175003418257,0.05744297653341226,0.06789107679836791,-0.11194191441526369,0.1050054226541942,0.01617480457369872,0.10201026778761059,0.06161449011117655,-0.09157699832879458,0.1755420376023869,0.050925395804573274
2025-08-12,-0.03311783678047564,-0.009357473430230277,0.0030358417523043595,-0.12992671380860846,-0.09348990664806461,0.0085795645539764,,0.013670135265880677,-0.0131994631613377,0.03377775654429893,-0.04998279491057117,-0.040168502449130776,-0.048745648362006795,0.022950288348847433,-0.016566122372925932,-0.18533797008362224,0.16466505177611063,-0.104975759750796,,0.09736531197322566,,0.04358676740113251,-0.028163499519510703,-0.23071726820719593,-0.01416007190751913,-0.007487893650866059,,0.0687437396521319,-0.13538691335291292,0.1281919953459866,-0.1157184984175898,,-0.05780824762027125,-0.0028859332193722546,-0.054228979167129515,,,-0.03345615706149856,,-0.15175774553583196,0.02699522998928987,-0.026985066296172183,0.06495796743613652,-0.06058578836708851,0.037704095274097606,,-0.06331553811167887,,,-0.0811531870118836,-0.03363422570452213,0.1594075705225886,0.06551274742503148,-0.12302375185788325,0.10986966633984424,-0.04020193917982841,0.08336197096593372,0.06173849717623699,-0.10442944449373175,0.1520160835975011,0.04776358418431451,0.04596327688036572,0.041549045361692565,-0.11016107518598724,0.1598086151263115,-0.03488160328062666,0.03950353485971239,0.054363914282332344,-0.13652579465717773,0.18587233743418347,-0.0030679746512674464,0.15615972619065555,0.06471588282969436,-0.12651964110220906,0.12489185595101293,0.0349927015389322,0.07655349891020874,0.05711623946712891,-0.10070038094822757,0.1555135406166981,0.06016439817173973,0.043559395714420586,0.0446910019687009,-0.10351299545909753,0.13696810056900133,-0.017769458927463812,0.031095362482843315,0.06065214204297504,-0.13799184274035878,0.12487951622443125,-0.03910131231940479,0.15642348242683443,0.06240736167709481,-0.09972585078476848,0.13252038602275254,0.012848967739241568,0.1364861015424417,0.06226044877077393,-0.0888767546849962,0.12043197272203662,-0.013392965516275826
2025-08-13,0.1174345249089352,-0.005454223437199471,0.05461511036958376,-0.16046184854476322,-0.0985552249474851,0.03694515637937762,,-0.06281247413110787,-0.14307122832086233,0.1587799958890616,-0.0842935845770941,-0.10510595121332254,-0.010057743073237117,-0.06957689093951437,0.025559527948028272,-0.15835924294445028,-0.05898491483228352,-0.11890037183023996,,0.050082440250671656,,-0.022010830029052766,-0.08280928387308598,-0.18769261193082176,-0.13771776740888203,0.006034700231994937,,0.04410949301078357,-0.07134532979495523,-0.09167166895854945,-0.20394098025768764,,-0.1532828155144836,-0.0842794597110038,-0.16888375140891917,,,-0.15322907773643651,,-0.09212080149833467,0.006385354385219904,-0.008315965521812563,0.0028043064058849904,-0.07057291510069531,-0.022509831339822182,-0.16112805417609874,-0.059295119247764684,,,-0.012928172535298224,-0.010523594898017508,0.19588752937360926,0.046583734339083374,-0.07863572056107809,0.0114160425866111,-0.041028466659512236,0.1201334062982784,0.041642154487247555,-0.0607759739953671,0.04132730087557262,0.0127651465984218,0.11086458733776296,0.019609235738604357,-0.06671111329219251,0.02292009136444137,-0.03621497545160521,0.1034507761612671,0.0398938132068576,-0.0938274233021104,0.04922477290806555,-0.05561904534336583,0.2014352404904087,0.04429567207609945,-0.0543673777367534,0.017900215356567235,-0.023693113531874366,0.11935909636397969,0.041156639947049885,-0.05270884998823611,0.015263342724559053,-0.03627942679215788,0.10789437418322567,0.02628850583048447,-0.058953312778430286,0.042254567049191546,0.0017283678429443315,0.09592055610363198,0.03874114271742455,-0.09184920297645975,0.023065610753088956,-0.03792448603131897,0.20558898190957967,0.04106122070476048,-0.059633429288120605,0.02748852094635247,-0.01890083386591193,0.14928097590466183,0.042767029055171706,-0.045336234104981936,-0.020531798473388128,-0.02182524345063585
2025-08-14,0.1623293263616489,-0.03921327899560313,0.03144812493576936,-0.17420225106774365,-0.040240102081234005,-0.01951612864867378,-0.013989141618733117,0.06165817976498131,0.0467503891538712,-0.05893546808358364,-0.018578821152550495,-0.06275245221671809,-0.01711737767888825,0.042985874129025395,0.026334513300295626,-0.15206139336283375,0.034877313890208615,-0.09190908784750489,,0.0729541907727704,,-0.004266488969560329,-0.08664574154286694,-0.18110141382927555,0.16276380762884893,0.0002790552995999363,,0.09618747658510478,-0.16648209845894096,-0.055492874942544936,-0.17303511193207427,,0.0926642185962999,0.01802167169176366,-0.17184645089777728,,,-0.04207326550815301,,-0.10789727558532837,-0.028555259325317883,0.031465364693984955,-0.021392010313484987,-0.02340382171374226,-0.037640085262670035,-0.043846212039640155,0.03829832846895703,,,-0.03000724773591185,0.04155340597856383,0.13868120064411074,0.03517513039661627,-0.06235656141481046,0.011307620367574657,0.0412889124321017,0.07954361454347139,0.03602271112323695,-0.06184338667770828,-0.044256522450427764,0.028231024812817633,0.05158230608440965,-0.013819002499965543,-0.07927055856937847,0.017168530590336552,0.09292716992659164,0.06818168873717116,0.024644560035716488,-0.10155966239844534,0.07973240577390084,0.06939945633143027,0.13887269027146185,0.030841099623799315,-0.06885656599643346,0.022776331022885527,0.037718419902219205,0.07656889331215294,0.03245810640477056,-0.05038037688892241,-0.0812248554488142,0.06890392481602807,0.05868010855938115,0.01380965116577255,-0.07265867859071609,0.008428542120606857,0.06003135368376966,0.06331783237014553,0.023447816995078943,-0.08345196100034082,0.025153551941134788,0.04614197075262554,0.13926702725639048,0.027747877835077,-0.06971120678829085,0.03526595884179413,0.0030958475652480876,0.10440118527562248,0.02925766236730612,-0.057689660898590095,-0.05855511255273737,0.09996890429398278
2025-08-15,0.08860520890478925,-0.027720936973538057,0.02255056926701646,-0.1357092191041444,-0.04807716931711513,0.013420253384303587,,-0.05030087259760813,-0.12934830999369937,0.15059343085540292,0.005164930767752189,0.03813329851338966,-0.004385448812446494,-0.0019884275509515895,0.010877552931900972,-0.10242628723142283,-0.11438955050724484,-0.09681347251132612,,0.0014619344892044673,,-0.006254085528693631,-0.02034877325652346,-0.1541944419173687,-0.15825300510354717,-0.021349080172790715,,0.0740301756076578,-0.0836835143552276,-0.06774060861688908,-0.1902506909590423,,-0.19283808667994018,-0.0565190574425841,-0.12237057215219507,,,-0.17204305388491498,,-0.07800849963607305,-0.017394766985431583,0.014860201719616327,0.016830147456727763,0.012352921196613612,0.010353601699755549,-0.14477847517496695,-0.03329525655217621,,,-0.0013214754146861146,0.018275412289684916,0.06554951434450648,0.035623082750885646,-0.022597159877112537,0.02281423690964822,0.010900629110131916,0.05467174524804827,0.042725382922961214,-0.004797847536453488,-0.03942186967386655,0.005518959039044031,0.03636860341635789,-0.0004624716768334475,-0.02854090659801695,0.009516612713663103,0.008587622144917113,0.008215202853577472,0.02512172750610599,-0.038347712571420084,0.03765783339543932,0.0008027854466017991,0.062166987680049905,0.033501540256606885,-0.028767035068894962,0.031021169806309475,-0.03128802464330582,0.052354773670762626,0.037201502205019624,-0.002330919131844373,-0.025799654798506936,0.025973191416513674,0.04037653788462659,0.009276292100181735,-0.029400766903555565,0.018285738911226056,0.02594414648095509,0.004575919328020419,0.02095534734488997,-0.04355728617231317,0.033349178392735906,0.020399787205667527,0.05670247070464253,0.032205556462203265,-0.01398515132427638,0.02483369667841808,-0.010678728036805855,0.07289542019031241,0.036701508483000966,-0.004217377856076601,-0.033357384486503994,0.006984741300694984
2025-08-18,,-0.03581208224384718,0.03315658949066553,-0.11814257386216091,-0.03304088950035202,0.0011936798093445705,0.0005514865385020027,-0.05253892095174121,-0.05238368401770254,0.06197807943835347,-0.00089298419423605,-0.05511950358451033,-0.0024716006388650082,-0.01282528779231069,-0.007065244101859186,-0.060507589931417465,-0.08309473534441343,-0.0762556268373592,,0.045915031822269345,,-0.030092446537363794,-0.029911193909589417,-0.08699743859509369,-0.05368760537617618,-0.029008475096342544,,0.06459456452597834,0.01799633586980626,-0.001421612449212273,-0.13469691974782141,,-0.061503501984443404,-0.05600477618451803,-0.09860346152015322,,,-0.08535509961622822,,-0.03455653960760895,-0.041802573480331076,0.0410487146975365,-0.015702193408507658,0.03295936691946281,0.0035288917008216617,-0.09506251484044058,-0.03072916097028847,,,0.0029535129478696024,-0.012581483548357477,0.06839065531599267,0.0045897396695551585,0.0032594238505757097,0.00860750166418641,0.020701630645622072,0.06310199840983646,0.00854030145459284,0.008988071119084175,-0.004077147132902315,0.01148937026503965,0.05285873596384334,-0.02409388245846417,-0.029575446996310074,0.0287402401077448,0.01602992193974154,0.050349260267972096,-0.010639380047252664,-0.002621484838811279,0.04982602730238479,-0.002911342192502763,0.06314638744322494,0.0013237989165583671,0.010786439154073678,0.009205111101472662,-0.017734438861867218,0.05963696218900454,0.006657700491668135,0.0026677735441973795,-0.006264656597365673,-0.0033225424449082643,0.05363551983419926,-0.022120328151886404,-0.01357650508360913,0.030234304301907083,-0.00877541433428043,0.04577081101065666,-0.012863463093835696,-0.013158469977160876,0.020554826869805302,0.027490355177036747,0.05682582743598577,-0.003339268525728806,-0.00021139836035192762,0.017326974087517363,-0.0009115353659131537,0.08084364274298061,0.005373813559514267,-0.010619462067168463,0.006557154717406072,0.014632551761883784
2025-08-19,-0.04159052087181701,-0.02369897211876814,0.024382363841237,-0.12814854528008585,-0.09843567904133697,0.01402509970798523,0.010690346761912547,-0.052242208434158714,0.0365816149476434,-0.009775494429478776,-0.07326134004534315,-0.034745910961140054,-0.028300435868148018,0.019536462348983537,-0.04469763657515039,-0.0478232066916658,-0.04294744148300264,-0.1233957982789662,,0.05610243024912041,,0.014718921556695175,-0.05295474682826029,-0.08092133807239484,0.0004650453529463408,-0.03047397210722844,,0.0728985713210891,-0.07894847434237089,0.02075506556987394,-0.14314255373040013,,-0.011235443565983782,-0.008067861706277218,-0.07651279532371406,,,-0.0483300554446559,,-0.03140446802702337,-0.014660848546126256,0.015468095698574068,-0.057159536635295695,0.049129466657849286,-0.022417258153297117,-0.04531621734042293,-0.0497896260014191,,,0.015240334736549113,0.012163765982047615,0.007557286838022437,0.022138478005286323,-0.005915921940347403,0.00891905873262695,-0.00278692722512654,0.08912631399598052,0.02591170605264393,-0.016679980014613346,0.02221995081443618,0.004997602275672179,0.05654447407470017,0.011839373666552338,-0.03038797473285782,0.06596917939144743,0.002036498873094494,0.021905268475585722,0.0036547048314285627,-0.01441803669291456,0.07583725203122693,0.019143662780697616,0.006444061245360684,0.018488451982716293,-0.025898793126224798,0.018136749768117726,-0.012447668220646534,0.08644526226503015,0.02404634822768471,-0.02300461275703008,0.03913857032676655,0.006477242534747342,0.0546619830200592,-0.008020257993663954,-0.014246210783919145,0.0701361979185715,0.02676965834170096,0.027740805729405307,0.0048862757021823165,-0.017515095695772535,0.019843287757235543,0.007356031800337453,0.0043643930263131915,0.016445887576483735,-0.030764457183621776,0.027613784819732458,-0.018792372190783536,0.10971256879254232,0.026849238898889915,-0.018809611238234537,0.043544276920634076,0.0031369563020069344
2025-08-20,,-0.09840892607745697,-0.01732661909885068,-0.10735077699847581,-0.03390582533286653,0.012787975349823972,,-0.011462794908284672,0.05044333531733993,-0.040370221659375045,-0.09790561240694735,-0.025621930673332082,-0.05277221045285874,0.05024211310273176,-0.08726629565081348,-0.09837660407789788,-0.0246776402456088,-0.11908629688385922,,0.06590170913876642,,0.04531354725545279,0.03903057107965791,-0.12087858089348066,-0.0003696254671356196,-0.06394337163515573,,0.056934336066468104,-0.082382073718906,0.058665777326398195,-0.09892194740468198,,0.0073151524207583155,0.057527991736780915,-0.02863834673276826,,,0.004764105178201016,,-0.06390898354773801,-0.005121958299589911,0.00573221235083705,-0.033619369800714394,0.029063436711888293,-0.030045233202465348,0.0069226511510685085,-0.020503871092505854,,,-0.002260033809121393,0.03969121067906498,-0.10980142420391098,-0.001583451127160559,-0.07028255228044009,0.08739518049733032,0.04756134397743041,-0.039857505135317335,0.0033565891262313696,-0.06680115379542344,0.10828064895304712,0.025722985354567646,-0.0712287003910371,0.016655242536392594,-0.055266721971465906,0.12611718347792558,0.051931274431716135,-0.07907031157998583,-0.007353938690590191,-0.0657425491445636,0.1337057932844992,0.03628455204966202,-0.11694857498962931,-0.003100575115650164,-0.07483371841696895,0.09546035386707688,-0.009161239437191234,-0.04871241540714347,0.009027705227409272,-0.06208381823846594,0.10590212058975955,0.014165448317333093,-0.07354802107318706,-0.010118297523424741,-0.062432903929254505,0.12392839657145265,0.046486394026264664,-0.07975799783558823,-0.009227909522155032,-0.0742756533445751,0.09205152847552185,0.05195920685671337,-0.12308473484464413,-0.003564553722431789,-0.07732894911855327,0.10546336349743027,-0.001383489689865737,-0.014667185974371718,0.02060434808445276,-0.05405414035503568,0.10890172826743441,0.051870922830308586
2025-08-21,-0.15270715375236904,-0.07172988624536847,-0.04733334914948024,-0.08680481368009203,0.05771057968716342,-0.012653535946363351,-0.0756713167508584,-0.001643806734922678,0.14012173421128254,-0.15265078805601412,-0.123834614296959,-0.06365921881497676,-0.0690814990323619,0.06701546054442664,-0.05419565871310436,-0.1392064158226905,0.0322034094916207,-0.06487940112569163,,0.13586602761586314,,0.08237196199231127,0.06633084021170538,-0.15399276228902448,0.18481826188844527,-0.05394024920719601,,0.071045494441591,-0.16751118412935337,0.18969240750888297,-0.04303533651082765,,0.15409975470401469,0.14255581117396185,0.06201398512383929,,,0.1436981891363057,,-0.09994205343017641,0.005075931891746428,-4.4512583764611286e-05,0.002513682865953203,0.011376540778078292,-0.010181170524064219,0.12002247357560393,0.024983409290000275,,,-0.019975701201586944,0.06131627360555641,-0.13512401228318113,-0.024877831068116685,-0.11650958993572899,0.20660079575342016,0.13903895477604256,-0.08942702740763205,-0.00560835308561971,-0.10536136200381095,0.23960722387641734,0.043058045454759254,-0.15302506302656582,0.04329658541492436,-0.10237996800811702,0.24141084832478965,0.05587014720292189,-0.1205757274213431,-0.030293216720238308,-0.12148565912961624,0.25117967302813793,0.09975758920649028,-0.1398962907525964,-0.020112227479561443,-0.12089338760851846,0.2171197751396053,0.018774249678183714,-0.10168930429176005,0.004254768024939851,-0.10102431440812668,0.242612520195485,0.08178393901454116,-0.1532785294391616,-0.021170769579783952,-0.11268300052303178,0.23986432968877178,0.06715994439702953,-0.12311604294152285,-0.02548755889196375,-0.11886166148954187,0.21667057638164258,0.14335425339422084,-0.14105702157573982,-0.011649932622836211,-0.11914417443183323,0.22189921123570597,0.021096399128012675,-0.06862257550270982,0.021328269186956607,-0.10714934609934217,0.2296824857836612,0.05715087973224292
2025-08-22,-0.005036517462540368,-0.09028255380290004,-0.0420517004834798,-0.12870134110866915,0.06942586870456155,-0.006134825081983211,,-0.0036622523605556595,-0.1588756541152868,0.17914700312888326,-0.00541187788515046,-0.05461981605756304,-0.09328107795990341,-0.00039483879592239484,-0.08903359966689055,-0.15522754869904715,-0.1608048363338971,-0.09808941673423335,,0.10224383423078562,,-0.0357192484227866,0.012556717361447478,-0.14068331257641503,-0.1540354559057662,-0.06059796714530643,,-0.010837166808315165,-0.1230675786312229,0.013809612242670492,-0.10796750151230157,,-0.17193621469367965,-0.11870984057500938,-0.09943480393148028,,,-0.1269445869964618,,-0.08068651722257217,-0.037006526955932054,0.03541238518363567,-0.025486580043954734,-0.07224540048423893,-0.004667300203618282,-0.0776555519741091,-0.006352395455990379,,,-0.03882495019838551,0.054817916806202995,-0.04462918584473041,-0.032439641608209197,-0.09990543529321172,0.09742337748098245,0.0866806164884197,0.005112542037611361,-0.01609201585412057,-0.09189869516657868,0.08463008607366934,0.005252510504060418,-0.04432270321910512,-0.022700652765135453,-0.10947631983429504,0.09610367517567579,0.02841692582191958,-0.00018168454556193777,-0.03691976964542222,-0.0920071657937803,0.11288194981470016,0.08692314027656621,-0.047309377709260546,-0.028541491262234202,-0.10642885184881595,0.10175126965261126,-0.02917073108224776,-0.0025438780636404734,-0.013170932098353634,-0.09966644312504169,0.0661607148701253,0.0008756547005980903,-0.04793342735070073,-0.02997846909756695,-0.11632922572483796,0.08936803199386649,0.05533725779945076,-0.0028706120604066673,-0.033874738542367853,-0.09484268174250841,0.10247975894993684,0.09040116126979048,-0.046748403350733984,-0.022459527162758595,-0.10164722840200427,0.10514067123567815,0.009377521072226202,0.03140916033485142,-0.013324520630409906,-0.11146640156124965,0.0390593085037403,0.019326397956074767
2025-08-25,0.01042015307520745,-0.03334604904912606,-0.0009702741751222607,-0.13086337795204053,-0.0328908421460284,0.005690122399317389,-0.02638968299044652,0.012349954922117243,0.0008516785481250036,0.007628935097113181,0.06396536311381079,-0.03891590114589894,-0.025558983482931136,0.01761763504306923,-0.061953257457606485,-0.0471904005438548,0.03245496546981728,-0.06260760979014623,,0.01523694534223574,,0.01618861913851604,-0.011428006832136043,-0.06875946280661409,-0.015809927634061985,0.007599425172398845,,-0.013001841812445233,-0.04080358247709442,0.007127063256051033,-0.11208328310324356,,0.031964215465402394,-0.012975739754673577,-0.03314490479125925,0.07134055358022265,,0.0015259511864767524,,-0.01266253503067016,-0.1129101390277147,0.11332965142093436,0.044453435705811895,0.025555936491326984,-0.02211808515333508,-0.02382412593382944,0.07743173526851836,,,0.00999505550268332,-0.01654909333467227,-0.02109486328791728,-0.055227160844039995,-0.029859971397949044,0.06969864014128765,-0.07474866027785922,-0.01049438533217993,-0.037339661661370274,-0.029042519241333335,0.039144086331544904,-0.0749148933111545,-0.06790188326682509,-0.07099031424766133,-0.045709539392645736,0.07297357635128505,-0.05558211570720318,-0.030604779592972507,-0.06051070242818515,-0.02543207719526452,0.10609276535558321,-0.019758103504442924,-0.02308701764913243,-0.052024822726279916,-0.0281517538312365,0.07283099425056594,-0.06765714271985086,-0.016896225414101705,-0.04288009104015886,-0.026780418114352132,0.027932987949216333,-0.05594578875998791,-0.06806248222514324,-0.05547464565503686,-0.038080263239294705,0.0663331722198042,-0.02123713230654347,-0.03694868450734067,-0.05707701569111212,-0.030273399625175272,0.076147721282008,-0.06670496497438501,-0.02606766704539715,-0.04951000695681547,-0.037041002323702964,0.07672859474111647,-0.07551732201864106,0.007808313442681402,-0.04143234158184926,-0.039571125048336944,0.013295686788365613,-0.05442819441324365
2025-08-26,0.027494136257150262,-0.01735659181420113,-0.0087156044575961,-0.1932179700643814,-0.017918501595511387,0.010836088408461618,-0.03170118634522617,0.009954469536452652,0.04626124666064735,-0.04463011318710093,0.0242115939328297,-0.04588810276893233,-0.0612737889950055,-0.00035372889956548925,-0.039302289922824474,-0.16006252666851434,0.09865135017646978,-0.10971263875738874,,0.12610839544347568,,-0.040144516298721,-0.06058132104005902,-0.153842295402737,0.07069774347054154,-0.06015664259501124,,0.057345340393823135,-0.07778109789121425,-0.0527918582566424,-0.22090402440087545,,0.031744958031123906,0.03387601201610653,-0.013263599260190882,0.028766608554137263,-0.0494349032104617,0.01364022628248844,,-0.07801189765557351,-0.056729271651028736,0.056818356833968825,0.02489212166355737,-0.048361110400400274,-0.004241568427947229,-0.02948444338119101,0.01208057615918611,,,-0.019998019179574757,0.051131425208909495,-0.009820390833979148,-0.02801836676112034,-0.0736075873171255,0.13394747767736034,0.0077142406032080744,-0.04712023039760411,-0.021500009572784196,-0.09287586257690748,0.11692273145608799,-0.041144536889217743,-0.05163441937425179,-0.056597033326052315,-0.11267700087793006,0.16111271247802844,0.04459852836164216,-0.021991014296794252,-0.03553884694780045,-0.07750691153768308,0.19690908090912512,-0.012424482078207334,-0.008828905885345158,-0.025553702408073697,-0.08425201094689001,0.14103723402317223,-0.04815078934266503,-0.05088377073326541,-0.027580396978392072,-0.09727060561794756,0.09614198144876376,-0.00796101493694797,-0.05540101357157897,-0.04098394701953979,-0.1097894868580446,0.17794275843384721,0.040102042567157055,-0.02846068033276234,-0.03064528483330217,-0.07311283038805003,0.13868020078665644,0.009041541637958738,-0.008153281435788577,-0.03155419793020072,-0.09397324345725237,0.14731050806177484,-0.01847150833335286,-0.03076870104233672,-0.02723027156829433,-0.10410773975103779,0.08094105474482323,0.029285266153072222
2025-08-27,0.0028704586145007187,-0.07193361907455148,-0.04504847453867682,-0.1217818711352089,-0.04089959298280067,0.026589121385638195,-0.11551767311877599,0.04819678012380327,-0.1000545242817202,0.08176094413486848,-0.08235255822566989,-0.13129362546664183,-0.08220227259700243,0.03606915067853032,-0.03996337575708107,-0.08249645889360796,-0.08819652657541138,-0.1430911399036659,,0.0410639507975925,,-0.023948778031843945,0.04352714053205036,-0.13565763795093322,-0.02982240349182965,-0.05416149592496544,,0.0835764000763791,-0.04224420995713927,-0.015358742961919906,-0.18680811351411497,,-0.05058737153171088,0.02429530703850759,-0.12825109116650873,-0.01615042733527599,-0.12485409045456651,-0.11200937655609546,,-0.07691927111544317,-0.13353227496886877,0.13251098767500596,-0.19723672092500294,-0.042380596094863165,-0.14564785017720858,,0.022711675974529538,,,-0.0776706107887508,0.10808637923979109,0.04902090778657674,-0.08654146596246354,-0.09501214516765914,0.019013304977576164,0.12993756589572705,0.01628217494084047,-0.08792836139042404,-0.11426170976283188,-0.12497248458164446,0.0883091615913381,0.031262372616112685,-0.10525562948046491,-0.09491517811088546,-0.02657523813266985,0.14101203342034518,0.014675656535650648,-0.08372118397090207,-0.07532721162256667,0.04335756581070115,0.13031593433984257,0.04675207307487876,-0.08946487764067118,-0.10950626253764148,0.029423432864010748,0.09138234082926412,0.01790725649884093,-0.08977413330363672,-0.11815526950963007,-0.14688951505390646,0.12513769754788243,0.0359257175206679,-0.08251978387209971,-0.10635420844997326,-0.03299408203992205,0.10177890816864556,0.009657118018649604,-0.08171006383359475,-0.08717851984524569,0.017736029903716335,0.13111195275059212,0.04545722282577705,-0.08791554127020478,-0.11277938255236841,0.03438574002582754,0.10505961213207841,0.0205443019567975,-0.08791486012108611,-0.10797818753491063,-0.11220401866366875,0.12614044012718587
2025-08-28,-0.03617442702476323,-0.04155130043524144,-0.030390069699276965,-0.07522004793571674,0.03966115405134082,0.01696943364930922,-0.11181993161170223,0.04357430784587118,-0.020148013711715627,0.009288496699670827,-0.07892439153160323,-0.004886951128178842,-0.06357867575763208,0.03849837799679215,-0.004685534273964545,-0.04605093008629072,-0.03021204306530634,-0.050985412222062966,,-0.04840632116465823,,-0.017240904920534098,-0.03518394778446977,-0.15614302500648464,0.013918231806122911,-0.02810743484281279,,0.08632352368584392,-0.026689479974423502,0.013906698445999729,-0.06975774377045815,,0.03286227549209758,0.03045056447007832,-0.12825171816898026,0.013676800608126054,0.0038849217890436,-0.004821118424196584,,-0.04237334310792336,-0.14014086152909735,0.14025526661425036,-0.0952916130004719,-0.05608706154228992,0.0010322195317306847,0.002524733961059399,0.0008898007104346413,,,-0.04546244749865168,0.07706103865569755,0.009429078834343433,-0.07046285005824596,-0.042101721602180835,0.006468214348483926,0.06933892192300375,0.004303881991430439,-0.07411760957045227,-0.047426563903875604,-0.09138864493870338,0.07948127682193262,-0.0423067529345371,-0.08926732313422049,-0.04935815117927609,-0.04750341187989721,0.07316168260264723,-0.038056788371390815,-0.0596101548106968,-0.026391364058461885,0.0027976192183985418,0.06638794075632415,0.01159478597307773,-0.07359012433067595,-0.049874044234333205,0.004404110009354343,0.061965877118063624,0.0029380555067434733,-0.07417246924237937,-0.03630637684908304,-0.08587526281647657,0.0827951923677161,-0.036153608551279255,-0.053717365306398965,-0.030818400190143758,-0.05357985889306307,0.07203276316859024,-0.03869023589114316,-0.06774117952162179,-0.03545186526995868,0.007327702576176444,0.06797844063254042,0.011570387934024016,-0.07431097377626439,-0.0429421034319111,0.0029447848247260433,0.10016314285416031,-0.0019485009990300847,-0.0705538035150871,-0.05258855552584325,-0.073572794921193,0.060296807892688695
2025-08-29,0.0440689953874637,-0.04143226674164076,-0.021835007476116886,-0.04105608893011535,-0.11874926239667749,0.029808135930958934,,-0.03320430244877265,-0.079084837575951,0.07626390210685223,-0.0023675242720810705,-0.027327240602480513,-0.06986063954382518,0.02364117689058148,-0.01955913605524273,-0.059422394496747674,-0.004792441451078451,-0.02950429679690047,,-0.07736991907320248,,-0.017942397498428502,-0.045726038560983756,-0.1245876323226246,-0.07681220066113562,-0.06101235176787918,,0.025671643929292418,-0.027545868906259294,-0.07265700745771332,-0.14896232381041377,,-0.025281344141647375,-0.06250953645386845,-0.022854902924574996,0.018089397821045898,-0.05368218443772319,-0.061669293982766896,,-0.052051441653391275,-0.1642353057947742,0.1623003168634667,-0.06062061898243622,-0.050596547233795974,0.042117203316856054,,-0.01413500043367052,,,-0.06492736858275383,-0.005469809392948348,0.061211659782849814,-0.08566013668415794,-0.06295790855499896,-0.002846506334472851,0.037379790084227316,0.05688107392626282,-0.09423020803680612,-0.049635730311700536,-0.09005606794386489,-0.006219560596110889,0.06668766756717286,-0.1086752274097482,-0.026574962554039645,-0.05271367987159162,-0.007807854280627792,0.047019331983572894,-0.07719766973625763,-0.05182674234197358,-0.023339894448551828,0.01593033186027286,0.06570565215881827,-0.09031333220123698,-0.053187790478133205,-0.0023475083911523513,0.036111261301312744,0.0555298557826512,-0.09382914712527549,-0.06896221457587928,-0.07829087656612373,-0.031695150668607584,0.07359286202925105,-0.06971235577694007,-0.021034349930151477,-0.044277288624353185,-0.012303518604358285,0.0478900197821494,-0.08260385310049774,-0.06185040644373097,-0.022148738642064354,0.03572694895095866,0.06440329493735068,-0.09515166339672512,-0.04376255104442093,0.004144060665806471,0.022281088590579697,0.06623603213785133,-0.09403537289829583,-0.0427302601301532,-0.059585893560053345,-0.01984149996875283
2025-09-01,0.1222009334085876,-0.01491489133402311,0.059572093692711645,-0.12418358604116028,-0.13139156804295532,0.0979070146235449,,-0.14345476233987525,-0.06475521592659254,0.06109875388086446,0.10997461364276305,-0.011011008985257685,-0.05330243963305921,0.0847656184018713,0.017617377098617923,0.061941979426429185,-0.028179676052597538,-0.0381003929992458,,-0.04082959258993519,,-0.0611434863610594,-0.15865501715436564,-0.11909346577404395,-0.058835166437827636,-0.029371172914432503,,0.03862926573565805,-0.10965189645513723,-0.10694902529748761,-0.14218122994679827,,-0.1185580594775848,-0.04796754102009231,-0.07409474431198705,0.010443442487297701,-0.08432447766843786,-0.1439922942751776,,0.07069212563110049,-0.17092916389541865,0.16820571555666186,-0.02976923630901589,0.006807040862594297,0.0369505393681794,,-0.10992354814505335,,,0.0017095144471432728,-0.12954417860249315,0.04163182245145512,-0.05522588183968876,0.05643102113750009,-0.09463184348841124,-0.08905258268642166,0.07316692110172038,-0.06278888133942666,0.037463037545353385,-0.12059032109744378,-0.1351328655442601,0.08636412791135743,-0.05609023051673416,0.052044765163260544,-0.10545126990192201,-0.14169865701358758,0.05974180079347757,-0.045999319793170124,0.047014557255925654,-0.056288656616860736,-0.11233986490200339,0.042243327772806503,-0.056085644698336094,0.06710368052181445,-0.0930538953592956,-0.10964212801575808,0.07262450944889744,-0.0636429688192084,0.04566165305042704,-0.08934607426612735,-0.1336774187652222,0.09445977633259578,-0.04650686181691527,0.038343329836197704,-0.08460678674356541,-0.1335627182942359,0.06728784661305548,-0.04815381943968452,0.06052189595506914,-0.11508164113932684,-0.09294858558446328,0.039635906436654406,-0.05481584477184022,0.044530516682236974,-0.08843098472331458,-0.12517246865073034,0.07708043422192588,-0.0649656165217829,0.03610945604734126,-0.041495669237342665,-0.13752724580860073
2025-09-02,0.09482114346901761,-0.09517476333221649,0.05441325625544717,-0.11305369717166658,-0.07682781779537379,0.09279601736061881,,-0.07757506534018753,-0.025448670457540613,0.04874865782653013,0.06626553732820166,-0.0620242543998265,-0.04694127233876905,0.08213412768602878,-0.00035808816022232494,-0.007866591188587188,-0.0828895563779444,-0.00689737735466966,,0.0363067013195963,,0.02031014963223646,,-0.1499405744933505,-0.008346530182421574,-0.031698023669397585,,0.06212329630057569,-0.1616582571717194,-0.11374245764125684,-0.17270655382512792,,-0.01003288720551912,-0.060559699816641215,-0.07490352850016124,0.00957359191486947,-0.09954309909988149,-0.0853427109360296,,-0.01717296444119768,-0.12407026098457673,0.12441609662116693,-0.05121760398943207,0.025072786307430376,-0.04529812916209574,,-0.07890243745108409,,,0.010403205791309005,-0.10573731510482559,0.01347004156256981,-0.03264194421651205,-0.003058134806833285,-0.003276805750811263,-0.10506134307661598,0.05503882328179842,-0.03603617261143586,-0.020402954313368846,-0.035878903842685016,-0.0988175890258224,0.06456092007891852,-0.018756034187248232,0.00517223442720428,-0.028093706513836317,-0.11629850840168351,0.03613346445533122,-0.03151788611039848,-0.004813094838766772,0.008679851860020895,-0.0742560025592654,0.01048789326832934,-0.03332675974141695,-0.013190768225264143,0.0032799873565671376,-0.09774018000544955,0.04899153052548022,-0.03668426230664188,-0.014429778452672975,-0.00523294590927489,-0.10159277414065138,0.07270103298285124,-0.027462133172208646,-0.0008942385994880223,-0.012946184063975262,-0.11967944343850419,0.040631809863780025,-0.03522153484215433,0.004569834311208634,-0.04017554166854344,-0.11315513897090042,0.008210799128346729,-0.03277693459112845,-0.007745895520831921,0.0041342670836687035,-0.08569869123549814,0.05301025768335654,-0.0339126223963362,-0.02008147167288829,0.0027868646184114466,-0.10738150398821844
2025-09-03,0.07469328626688519,-0.16480728580410162,0.031011665070286076,-0.0985563248830384,-0.08929936827760962,0.09753609311969556,,-0.08580564381748433,-0.035754736273354515,0.052051459853999664,-0.05959522338293804,-0.037544654764510826,-0.16127055757241845,0.10116319208124401,-0.06881375365905258,-0.07447757753569959,-0.030168748032054483,0.046978199130425155,,0.04239852953460117,,0.04679944131009099,,-0.15439807561891938,0.012468370002917192,-0.05516257415552633,,0.06333223664669783,-0.13575069573891427,-0.14386979725172988,-0.1714438364885273,,0.038147430370755006,-0.08599531455149054,-0.06242573232974651,-0.013470878113547266,-0.09916456546058817,-0.0286628782258552,,-0.010334538259980592,-0.16078512058357744,0.15915487634985773,-0.014320485905236434,-0.05014667089073505,0.15557649761821826,,-0.0968813714403498,,,-0.043245233116713654,-0.03913761480215537,0.0984384998657412,-0.06125216807767151,-0.06743978790002911,0.0521224890023992,-0.010759234220548943,0.057232997599735574,-0.06252551791077565,-0.06604085297242362,0.03563529603086972,-0.056133742240778856,0.1484887254784848,-0.045403255875110994,-0.06045411959600304,0.024464478116672187,-0.07116521141723202,0.11102684712019506,-0.06433537837970496,-0.03534194520377392,0.04779713503212111,-0.06380973988860873,0.09950675471053315,-0.05841306832684134,-0.06067716356265474,0.05764438238590705,-0.044715257734792534,0.055451049150102946,-0.05748429089415422,-0.0877169968559787,0.044905464549913836,-0.06134627423563226,0.15221126056960393,-0.05673394540959931,-0.05717409534651119,0.03737152836442791,-0.04669490230888312,0.11685664418805013,-0.061025831335924006,-0.05360325979837774,0.003192121873219108,-0.016575850305262402,0.09736112096567467,-0.05651870536142679,-0.053818846246034766,0.06104342552681757,-0.0521077126190718,0.06383671133776188,-0.05944069634379037,-0.09895176386171801,0.02884604998223776,-0.062118831219274
2025-09-04,0.027339139311102774,-0.15904552492147347,0.022197129242696536,0.1702624983625592,0.19952415550477565,0.12807819817835467,,0.07875422954338078,0.20244763279264708,-0.1535122491750472,0.004930461716434773,0.012940116229588445,-0.20243674433503955,0.2613810309482081,-0.1328457215974942,-0.23357796429063632,0.015451796975521117,0.231707593688236,,0.09196071242535159,,0.07113705088126979,,-0.1289697513319777,0.2863236029080326,-0.09962545518623667,,0.09631280897350783,-0.16250772519393644,0.1256106086509266,-0.024187398443982752,,0.33652585720045186,0.3091993851138692,0.06194721392668869,0.09929685270191496,0.20324441744953964,0.2785517968317052,,-0.07253370007773526,-0.1217757552972295,0.12942208272383846,0.015040427257077972,-0.081414510377182,0.06481318918831827,,0.19585908420791712,,,-0.10517382762592309,-0.01644413083276681,-0.2905507250652212,-0.023699208922882704,-0.12934306940935908,0.2181887893819844,0.07581497297826557,-0.33903725867586315,-0.017609399320696256,-0.16843808332817997,0.09992624027119082,0.009797308809331235,-0.25426187717385046,-0.024137256910037316,-0.12929155121167069,0.12347751178200096,0.010087643827488297,-0.29240157537950157,-0.023394838456726304,-0.12541865976513797,0.1275508336671639,0.04233801147208601,-0.2834007525116044,-0.020733448388708577,-0.1330439271901779,0.2175529918329485,-0.010059966794061568,-0.3436175399949301,-0.024272217938634565,-0.17078461801728048,0.07968234683823833,0.015048355394360027,-0.25264387243667397,-0.020850674262381987,-0.1313942305467847,0.1061230803236113,-0.015187199769931456,-0.28672797093390023,-0.021072736887768638,-0.11468708302824224,0.15932026484258702,0.06620212784725606,-0.285440475926835,-0.015549377989368666,-0.1506682413394611,0.22235016682039863,-0.018861476025337626,-0.30942807227234975,-0.030000643193660123,-0.17168638182991922,0.05282884577925294,0.04997783779090755
2025-09-05,0.05949763831150708,-0.07197566822700978,-0.022486568711508947,0.11461149009485856,-0.01945337360020557,0.14964881465941476,,0.002336941261486045,-0.23379548252224613,0.24018577260540544,-0.14797841254107785,0.07361023133506875,-0.15639797496984656,0.0055192360689576905,-0.09484115517607553,-0.21151026361910635,-0.18525973523552675,0.015101497143659968,,0.18158038395575973,,0.01606849347270408,,-0.15609518058747995,-0.2200504420215235,-0.11276919892258606,,-0.029583884846830718,-0.09876997765604104,0.12504840233938272,-0.11569110237660447,,-0.2930130723854738,-0.28809651256240876,0.12442175625466223,-0.10960310387755513,-0.17169272613846945,-0.18460017642480758,,-0.044227082184523085,-0.10955527621504536,0.10109658843267727,0.08322847177735848,-0.056301439144556965,-0.07321041994886707,,0.12129976096264068,,,-0.0823604222553678,-0.023574627736175434,-0.006941742507907529,0.001707025387642822,-0.10274723783217896,0.09349795383079823,0.002746534295747054,-0.03201883952641947,-0.002860142434984246,-0.14017722586587653,-0.04507719747510913,-0.05472783566934114,0.005371372832582812,-0.016903103929812337,-0.12663339494927678,0.0007249373241725285,-0.06367809437877604,0.011890778439823111,0.008978755778359946,-0.08348596255816991,0.022915378939440942,-0.013805597339755444,-0.01331204566613355,0.007496101213731822,-0.11814374064097324,0.09643855584648213,-0.06818483995537862,-0.03382225017298084,-0.014493846525539566,-0.14512338703833896,-0.0773263262663116,-0.025784858804859624,0.003416088367235431,0.015194833058737872,-0.17031295220254822,0.002625893949129074,-0.02098781253785926,0.0117992963075325,0.01253172312803333,-0.0890948292310197,0.04701245817224213,-0.0007345349599495004,-0.015243915329219128,0.0038530050916013685,-0.130318341551734,0.08873337915916775,-0.06583535346856358,-0.025534376919536618,-0.02404448239328358,-0.14710789372845381,-0.11347864158587147,-0.0438638620211543
2025-09-08,,-0.08441288916779141,-0.09207379745611635,-0.029650165126969684,0.08654055504814025,0.09941376261589847,,0.04291435056059955,0.10339934711342239,-0.09055880407790359,-0.03250970352176366,-0.01237523850364101,-0.13545380755899603,0.09677327883030166,-0.12037986720555476,-0.2511711621731367,0.13461523961128902,0.01026272770244556,,0.11353404364550096,,-0.026182483932015013,,-0.12002030669013942,0.022457288601541402,-0.1267526487908385,,0.022953998551048103,0.012089102944080516,0.24295299912504043,-0.054708614535913844,,0.06237370710054286,-0.02309435905942218,0.039335407548632066,0.14245864889789842,0.022317255175408418,0.08550352210937641,,-0.09535587107113329,-0.08393649310476499,0.08321230843123553,0.10927855705645227,-0.04855231010492059,0.027215460970378386,,0.19466087381961295,,,-0.11693989765409857,0.06793876747305641,-0.16883084943051785,-0.004661525295273084,-0.1776791019173159,0.18582617386269348,0.042378807716894944,-0.18875486164044744,-0.024148145391925117,-0.19342676062196473,0.04802660882538435,0.06522516931644126,-0.13870016309049257,-0.024526074765321062,-0.21520656054627735,0.13447922517933017,0.04895658752897569,-0.14825034510121166,0.001151487419134519,-0.14259054805441448,0.20968187183492387,0.0607761808000048,-0.1720050669130197,-0.004434670752038255,-0.18600393072886945,0.18494672909947013,0.004466611031338467,-0.1902089088866331,-0.03389324408393047,-0.19509942301804956,0.03365664917001328,0.04927454672244899,-0.13686075709365542,0.0006508389919776519,-0.1990976845148804,0.13102841364219184,0.0764173924055756,-0.14844537696321047,0.010031007620646225,-0.1636908491255659,0.1418842639758709,0.036803030931871546,-0.17742566291492762,-0.014477433142719697,-0.18271631342166372,0.1869315882960035,0.02430664904177687,-0.1722416620486833,-0.03721499040072799,-0.217099570660238,0.04348622566168358,0.0776378049794007
2025-09-09,,-0.05584412889167792,-0.11302393788177702,0.08101949621397546,0.21360028492234626,0.050918082255728345,,0.0476780802760078,0.1640388311083033,-0.14504350572144714,-0.19901270795058038,-0.13421298383019745,-0.1157302537029853,-0.05991179044361135,-0.1251011000027035,-0.22383463068444123,0.16941588357006013,-0.06222542323540265,,0.13639811466248045,,-0.07846038636890305,,-0.14010272848897498,0.22213488759853495,-0.09239131345469229,,0.04226337399785054,0.09074655636821885,0.08293916470813245,-0.05190272449075831,,0.1851192265604875,0.23378626454641782,0.13041954613185486,0.20344132341327317,0.06182202776174399,0.18090472288631096,,-0.1701356110076692,-0.08007601752058696,0.08207122595226879,0.09818487257414933,-0.049431279425731674,0.04540652155553457,,0.18100879685378052,,,-0.14737845251724443,0.11339304079389338,-0.21043593145340372,-0.04556790064869465,-0.22665621077140372,0.19829497214872896,0.08960879897764598,-0.21110336343264002,-0.07787307418889251,-0.23745061378948884,-0.03039221185780596,0.1203985601217532,-0.1655008597964367,-0.11003249390739235,-0.23799176767059346,0.05988379722751935,0.11278201982261092,-0.1680736551495438,-0.02813753299007985,-0.20973139293115164,0.12752159648014158,0.0980675957692862,-0.21312618708777537,-0.0601685376113294,-0.223628159886765,0.18748305847624527,0.10423029796974861,-0.20940524040191083,-0.08919615480776322,-0.2516211717040426,-0.021816363797588514,0.15676289911933225,-0.16995141071681535,-0.029012711647654205,-0.2235376697804485,0.09427013764108332,0.11351502428051154,-0.16510511146668658,-0.034960495940928114,-0.21449687797739436,0.14163548999921274,0.08467266825232907,-0.21432703298385067,-0.073271910086701,-0.23092192902088202,0.17307148870973957,0.09360986594920441,-0.20581413429847414,-0.0988149909229597,-0.22799851169702437,-0.023679917951522456,0.14448749260735844
2025-09-10,,-0.04185915548851148,-0.1139162787837274,0.0800867556752917,0.23312039330108542,-0.0696432457077473,,0.10509268277243945,-0.007569431855035965,0.017048903700132487,-0.05926935605209907,-0.036153721434677724,-0.06478439427011431,0.04006840718581811,-0.05627279983593509,-0.1982022081164076,0.07094841846995209,-0.15813793364387208,,0.1324176265501292,,-0.08507873014659893,,-0.11199846611220461,0.015062743050473974,-0.036324528160937515,,0.0021054268401806625,0.13336117691205213,0.09936272146719785,0.0784556846354372,,0.010755335327826052,0.010840249968434646,0.10568330943809107,0.10506542161823103,-0.009149461154387067,0.1013897900612094,,-0.21941950035393737,-0.05589357948160812,0.05704767424172486,0.11429648706010027,-0.06625908616160443,0.02061516701042041,,0.22485598235582543,,,-0.13595191755011685,0.10502536122568666,-0.16319742143082086,-0.043143781549824546,-0.2050596457282214,0.16365934301942636,0.016069991480039982,-0.1837886392271122,-0.07098363652149277,-0.22968778604187678,-0.019781921239292993,0.13848846277246046,-0.15188781199169843,-0.13463672851093347,-0.20846841951421358,0.04983372218120885,0.1266090122835431,-0.11101586954372307,-0.02363426224753179,-0.19886992601298698,0.07105535337638921,0.10067435315219712,-0.1614846178869775,-0.05910343847114063,-0.21623120009065624,0.14872419799763859,0.08910293351132884,-0.1800694906506806,-0.08700463545940398,-0.21296776518414573,-0.03304561758746747,0.1282673027826688,-0.15761754761738372,-0.01275612372621589,-0.19020871236725476,0.03830706948338855,0.09427927777962734,-0.10399932840269872,-0.04450976613672016,-0.19887958603268846,0.1056399194721096,0.014360440697535061,-0.159608666430926,-0.07341947988865065,-0.2300824004874073,0.14304810286183914,0.12526865510981816,-0.18733849245318746,-0.10014098504265277,-0.19005369498238237,0.03740041075320203,0.1444707747452747
2025-09-11,0.08730531413295227,-0.07298092874215796,-0.12819483312338154,-0.0450383966559516,0.07799802027498441,-0.0773088030235699,,-0.015292801049266442,-0.15682081091230332,0.21052607244772337,0.04385725818807937,-0.13574031718507024,-0.18500727398716954,-0.09064235035832587,-0.08496305566413855,-0.23459716612368625,-0.13914922315168143,-0.17820959033437486,,0.07193060671241071,,-0.0762720780457791,,-0.1630686422800209,-0.21238144042827314,-0.09123099832240435,,0.002517617526170671,-0.18579602404244247,0.008170091676014412,-0.12769173097147837,,-0.2453282057042013,-0.16008115724867159,-0.09034289898851168,-0.03455256829778927,-0.1255569295283999,-0.155213312708763,,-0.18751504335651667,-0.07276921562848927,0.06688230244586345,0.0745629017620624,-0.11861245102058061,-0.014619466149743254,,-0.0004690737364223199,,,-0.15154834791062888,0.10203731919811446,-0.11633831613341322,-0.04530808247808477,-0.178769494288854,0.04983812121912386,0.03574797255797812,-0.1285293392409241,-0.07049914989789727,-0.19336076866241494,-0.06933090932764012,0.07460366535226481,-0.14023780288526597,-0.12040544306399946,-0.2024957491950411,-0.013097549857337897,0.02947968394226047,-0.09837243853414052,-0.032249971567036795,-0.16283716593695835,0.031937015046394804,0.021526989681855395,-0.11467217806884267,-0.057779051894151286,-0.20106070642816593,0.04811506846501557,0.03127329451898809,-0.12759858720034548,-0.0919443927652627,-0.1755389803268715,-0.012769612844408269,0.09781437391307657,-0.13782230204024853,-0.009697353936495914,-0.21187164511565817,-0.008858873511537147,0.10469407059634975,-0.09855349141678478,-0.046847661997477225,-0.18102307371128193,0.0077541364325872195,0.030960676687917712,-0.10537526478754057,-0.07508412217151006,-0.19427994518236355,0.044202159801779696,0.0429333430301734,-0.14141339325946578,-0.09466098901818969,-0.17536071607853165,-0.003966422018867978,0.023575635890598013
2025-09-12,0.13158923718164878,-0.12194357721690248,-0.09819076955776344,-0.2390678663021038,-0.013490410700442183,-0.06311424305123656,,0.010433140483851236,-0.012813332964145932,0.025131179489064955,-0.030030451005921825,-0.08276392776108964,-0.13981732688558188,-0.05880777748929756,-0.09587655711766586,-0.20576603601205284,0.10310027655517916,-0.12068472778633067,,0.17132572241964245,,-0.049994940372306666,,-0.19505357272284785,0.010489982287659077,-0.09680404481365625,,0.043417945978149235,0.03199747371961455,0.009688361258032465,-0.1659014754461107,,-0.016243268709888476,-0.09354437585594974,-0.03764100864312,0.12252343676655329,-0.026148791961920933,-0.055089701269574236,,-0.15789725718793896,-0.10884208880232243,0.10898952820490221,0.06349481621538332,-0.07392342754815849,0.010415434848249652,,-0.017723912520848387,,,-0.11212328917098845,0.033173089191599656,0.03441229402365095,-0.07086557836814569,-0.16604217235510335,0.009596835522069387,0.01948024289252869,0.011056883626872625,-0.09292489589636833,-0.13312286810937632,-0.012300428663290503,0.07966158501847305,0.007515203913508693,-0.13204934838496682,-0.1725417035318996,-0.02653051114974745,0.10222635579170344,0.0065559710693381115,-0.06829905032657003,-0.15503594413314575,0.01520114068454673,0.051839452945905515,0.04301783191632104,-0.0830850007789489,-0.15847448220919422,0.007249628626562363,0.02309946151114334,0.01654306192755133,-0.09681139959982524,-0.13571604326089193,-0.014548845974813361,0.019813341669251878,0.010811498830809868,-0.06685391714201934,-0.1395024951208598,-0.011585751828168265,0.03594277612925791,-0.0006241911207237622,-0.07759942953269815,-0.1722103468241834,-0.023402572070727167,0.013556907504472786,0.049291184794291114,-0.09980997094375785,-0.13786269856348227,0.021116662168600777,0.052268779629776,-0.01820539026774967,-0.10015455478248643,-0.1417600250819412,0.006313378622724583,0.10089985786199591
2025-09-15,0.1255842768398336,-0.13816344743661982,-0.08959673544384945,-0.2253802789537437,-0.005215311167388429,-0.0864002318662673,,-0.04028008025897281,-0.08699561671776256,0.08458177296898817,0.03475915968132008,-0.03822282763796547,-0.10477668544132454,-0.06456633032698539,-0.10561891844568672,-0.1989723364349387,-0.07283425035563015,-0.14178710267748115,,0.06181646430361202,,-0.00655421761954131,,-0.21101245610969696,-0.024514684289140616,-0.15817779353593026,,-0.02957106640305441,-0.18791996852403436,-0.09457684423379491,-0.18441859143679762,,-0.028633823791463158,-0.06082881000163845,-0.10346197673842802,0.03182508708197367,-0.03360080422290594,-0.11185883158319704,,-0.1775421308330047,-0.08224080052677546,0.08159115495750784,-0.03676396541921987,-0.0318388314544523,0.08555289144198859,,-0.0672525799265595,,,-0.11519675780913718,-0.047355342258415103,0.011305492424347006,-0.08293274822662025,-0.20514098884304505,-0.10963307601146849,-0.04414915030355646,-0.0035448437148012106,-0.09203575409288632,-0.16291524723419762,-0.09580097962918499,-0.028670496144094566,0.05297587088108369,-0.1193829375452481,-0.13986115707095215,-0.10066670133010444,-0.04436028540606758,0.02775401825267753,-0.08292938285851395,-0.22720166744422207,-0.08792671840442919,-0.07625018751687719,0.014241351735584495,-0.0954116363000556,-0.17848894826683528,-0.09757635878828935,0.005556436512627319,-0.00016710498855476637,-0.09299080115778965,-0.15439014620354538,-0.0747586760459028,0.02001609871487921,0.059956940223242425,-0.09000294968984945,-0.11937039927087131,-0.0796633675172404,-0.04876574341919924,0.029457719067635484,-0.09473090401806665,-0.2182607974453863,-0.1357362993743533,-0.04416145456995785,0.021427834810803875,-0.09762690505909183,-0.1689854542010158,-0.09655196843336049,-0.015353386585853541,-0.021952184596179303,-0.09028938311046367,-0.12336399451271711,-0.012078553166091079,-0.04079134917278742
2025-09-16,0.0840323806108539,-0.11689023975114553,-0.044774830968162156,-0.1864340476774321,-0.06023951655005249,-0.08312500154162114,,-0.06688202268436257,-0.014061736515177016,0.03621677339022985,-0.033957284715640995,-0.03232115379284252,-0.04485199421449941,-0.032133297825130074,-0.049528422776921904,-0.15629147456929746,0.010477048189912743,-0.16179935536134885,,0.07948971746282103,,0.056861277907623534,,-0.1852106500485515,-0.06406273555589571,-0.14121372825520095,,-0.010596951558010223,-0.13286816832315096,-0.04523254042059704,-0.11271478580681385,,-0.06589472446174416,0.038197885965708694,-0.03249056478125981,0.12283947172927025,-0.026470946367699782,-0.07767945349507954,,-0.14284915671268436,-0.062495991178166364,0.0617610750867807,0.041263767148619866,0.022728038243383687,-0.01730763647759232,-0.02119307668239693,-0.046743417946121316,,,-0.10096027750697308,-0.07545298002988882,-0.05946017439888041,-0.086488706091256,-0.14329536901677672,-0.00794034222646297,-0.04956252635331655,-0.062152780371872385,-0.08765901679696914,-0.1224747489347132,0.06383392295485223,0.005218823943873596,-0.008396964323703175,-0.10069533279662618,-0.12011926365967236,0.02816368657748174,-0.04119924641961189,-0.030990988902252162,-0.07954989927968174,-0.18920381193273983,0.007438008515249728,-0.05190288728890232,-0.05490293735793729,-0.08879754362858656,-0.13144411565427297,-0.006340727063763651,-0.04440337200388548,-0.0630508904361526,-0.0867812143344317,-0.1098878579101586,0.10244936849393468,-0.05163259524127797,-0.007090688303371596,-0.08326907862045017,-0.10138648998091267,0.050259617635413395,-0.07724684653633068,-0.030497825489249397,-0.09513332203793251,-0.1715189312490841,-0.0234316615182468,-0.05264738537907064,-0.05518372997188672,-0.09383862989962209,-0.12736000762897515,-0.0023729598235387945,0.005052262609512108,-0.07441140850337893,-0.08435266288207244,-0.09432833279106662,0.10973557414521412,-0.04164338761123651
2025-09-17,0.06048976878387387,-0.07204631326854861,-0.06843310855398435,-0.17433971091150705,-0.027382437218722737,-0.12541646208364796,,-0.05259933103613389,-0.07708620890559681,0.10514301867242064,-0.0150682133720368,-0.05472869793826501,-0.040789575124684424,-0.08954603894904818,-0.038249515500921136,-0.14844507481339464,-0.0647889452282075,-0.11703468209033181,,0.10615490722013884,,0.0936075505299017,,-0.15110160345302384,-0.07732785939845209,-0.08693234222364161,,0.057788477723719756,-0.1673971746250829,-0.025371254397034665,-0.11964852067014094,,-0.10901130715817703,-0.06138893065856793,-0.06632580953075994,0.050348338617690135,-0.061322208947369984,-0.12554739860822875,,-0.1586598449060767,-0.06899589423235128,0.0685828700817091,-0.05384064943341933,-0.005748368918227585,-0.00399278696078477,-0.030580467091809484,-0.05791090612106754,,,-0.07609476371473813,-0.05713706773882229,0.027760302616783236,-0.09433570494407462,-0.11712647884357316,0.002849515775283148,-0.07552873311265332,0.03367574244175411,-0.10244174358559369,-0.1112455520200645,0.05410096106057247,-0.025227263883448172,0.06015962425824921,-0.08772972024834041,-0.10986314241123908,0.023135500954262325,-0.07223169867005806,0.020977668473397625,-0.09232784309579961,-0.16405657845308275,0.009370938998616395,-0.04454908169544116,0.02806139851406314,-0.0996546239256409,-0.11888219589293182,0.009452325985438272,0.02712575505652465,0.03727793617405113,-0.10055670720139001,-0.09621940616551633,0.057501950876742376,-0.04186109554062969,0.0618790943610647,-0.0916605604964849,-0.08993711054448536,0.019659246533725347,-0.049496323895783956,0.024109857904361993,-0.10044747084104305,-0.15472509401824258,-0.013243850534458458,-0.06675651680624613,0.027076574682427967,-0.10180883327887413,-0.11286116452681651,0.01951507093586265,-0.04257877242748016,0.016050094208788977,-0.09474147995750877,-0.07726949651626808,0.059412949758069426,-0.06223456024251852
2025-09-18,0.025631396667473338,-0.001974883981019222,-0.05545461645954109,-0.1487834138324428,-0.032131686644671656,-0.041967538155754096,,-0.11541934046279555,-0.04268330333436602,0.060964101769986775,-0.021547133217902723,-0.028696632213039933,0.02097869883875709,-0.039423587485169276,-0.010046958948575857,-0.08455524929192976,-0.05245417617311741,-0.14644817715567027,,0.012354986160240663,,0.04740187638275664,,-0.1341277638280147,0.01302685783151239,-0.01490081057537006,,-0.025006814657516634,-0.08321612749310005,0.0007951169219433717,-0.11971538287565821,,-0.04602416548087692,-0.0531032414911276,-0.14581443954949583,0.07553912061936745,-0.026924687976248637,-0.0813563739386696,,-0.1041767362622381,-0.10479152331439688,0.106666275598693,-0.10919244238842431,0.06346992779930241,-0.0935047843808078,-0.06552462823760484,0.014745300777576562,,,-0.07018029934745798,0.030791550685080722,0.02957373578968954,-0.10199630846354804,-0.10233252984836881,-0.02709978651643309,-0.004338935653467066,0.03449958332340005,-0.1069708858666813,-0.0846529638710464,-0.0707861342688287,0.038185851057343435,0.040350530915952094,-0.08139813618129131,-0.0632961294031458,-0.0551771775844516,0.019525474137452693,0.04561281566342381,-0.10193693139055317,-0.12875006900571573,-0.027958282606920765,0.002443830543550451,0.02842747601762879,-0.10499643374593197,-0.0977660954376334,-0.016586992069938376,-0.007106179136140029,0.03518267062992039,-0.10457407665020801,-0.05927452962861695,-0.057861414740549795,0.01849317655335832,0.04181977740443861,-0.11720828914640065,-0.021495759731956388,-0.05967004069899698,0.03735364945325602,0.04559380672778982,-0.10771134653296978,-0.13071547880162235,-0.04086511527161424,-0.003970753209632144,0.02576266296581964,-0.10801016170963694,-0.08728480074196066,-0.01465392043891734,0.018047076501517698,0.04194431768704524,-0.09669112414167597,-0.04969414983134493,-0.07592877177301112,0.03269424593198303
2025-09-19,0.10474879008757962,-0.04543980085140693,-0.036107241630867336,-0.17335900756525605,-0.02252239404410903,-0.07535263223203896,,-0.09001663241943562,-0.031358316270437434,0.02982597091197398,0.02759852848954341,0.019170079099297795,-0.003290503457431,-0.07601603769009588,-0.027369334651150046,-0.1258446473183649,-0.12605838997115332,-0.08781596643588109,,0.08811220018801534,,-0.026368027545900355,,-0.18754948361958335,-0.0007818777214403649,-0.005992790365806288,,-0.042746010617487215,-0.12406150944556386,-0.11260810682161912,-0.18489176498440768,,0.0070794130991238095,-0.02079388164376335,-0.13652948253307579,0.029163686746365353,0.053951023574006496,-0.056406038133636004,,-0.09974029991427055,-0.10096946414858246,0.10202331088006408,-0.08664915131880589,-0.017105283810916746,0.06476635225475132,-0.020978197689093824,-0.0739774909720532,,,-0.04036447542761433,-0.01884209996455782,0.009777979463825264,-0.11569363040740523,-0.11119307086772146,-0.07173906251599747,0.03067629968206899,0.02121970337803171,-0.11307915998955809,-0.08991346749666679,-0.05626277722187828,0.01288794291717283,0.04044336895421551,-0.08181402111765902,-0.023978100258139522,-0.041619703592047363,0.008659504133980478,0.021451598581001027,-0.11565885445606366,-0.11522539011312834,0.011931033238925588,-0.017699313170860292,0.004647033119062739,-0.11835109024581343,-0.10437952150252447,-0.06379187697027966,-0.009221463057582422,0.02008108300347034,-0.11190256385502703,-0.07329398802763873,-0.06417593107399827,0.023428344965921128,0.0397637808745146,-0.1254569740577913,-0.025834113763079217,-0.00323008169082971,-0.011480930650079244,0.023017247768984433,-0.11673167908534104,-0.11985963535937959,-0.07848718721079506,0.032995975289950685,0.0025439056731372937,-0.11322450100767138,-0.09473081977584999,-0.05490699579144472,-0.016823608872990923,0.031870548964017587,-0.11180445232259548,-0.033995823413461315,-0.048888542555436794,0.024548396501764533
2025-09-22,0.1302759556562862,0.0006441098650549095,0.0019496570136813254,-0.10645862406336327,-0.15137061952303624,0.008807374644760111,,-0.022499375653516375,-0.07239658556812405,0.030249711985604943,-0.014257158604902852,0.04181080361605236,0.02134584422531956,0.014521011905119842,0.03289599876533693,-0.012346784201908927,-0.009263714576828026,-0.07957598897635697,,-0.03796712141657501,,0.044093252500524364,,-0.134987592364215,-0.05382922835527141,0.0034778943067063526,,-0.07889606951543301,-0.10111161605517992,-0.06838317224914672,-0.17089381257572606,,-0.06808247708214829,-0.049810829541568895,-0.07925324872494562,0.031594419970221777,0.011646741737790412,-0.09635089536890527,,0.014166454359574792,-0.1384216787160082,0.13553007801922198,-0.05878406184836581,0.011644703001620835,0.07863075990308256,-0.03631573707801477,-0.050713121056382884,,,0.02104166998235302,-0.10632601846297013,0.0694964843050915,-0.08648822538523034,-0.013986126050079565,-0.029970955352167244,-0.09012649643466783,0.10916164833226773,-0.07776629198886165,0.01520066557572132,-0.07860221978063826,-0.058497970219430304,0.12702553748329207,-0.08169260741011479,0.047684755897251,-0.06786926054061615,-0.08287217728941151,0.05953741976327403,-0.08431384847366745,-0.028995942511882953,-0.00492335105194292,-0.08259168883216524,0.07089919282601696,-0.08215323650139819,-0.005519035842513324,-0.027158422965764685,-0.0737448579518133,0.10876436029685684,-0.07887382245050185,0.0407767386399549,-0.07526157149332804,-0.06655041802381148,0.12924384923275475,-0.09610267299562499,0.018470064071305907,-0.035512016188321956,-0.10060994211458678,0.06286052650431823,-0.0864921837122897,-0.024430872437840766,-0.04627005054064817,-0.08770322768861417,0.0722421309486746,-0.07930008222623562,0.006141838645177651,-0.028702625495486113,-0.07697000391977864,0.11377036306291796,-0.08320088474853468,0.04049168889942968,-0.04971010821414033,-0.08170586496969319
2025-09-23,0.03862710619989143,0.008176979348047881,0.019068282394167527,-0.024449423365357822,-0.1009706433581182,0.021350581347949673,,-0.039576233378724575,-0.056672510053764155,0.050030529387496414,-0.04145645679011044,-0.00010708828732420619,0.0762673794672368,-0.023982046808244537,0.05749990697747288,0.03856620633631194,-0.045161344671047515,-0.03612445297438085,,0.0002888535563294082,,-0.012733283378776617,,-0.13514430893723672,-0.06483623017199541,0.052075456691575296,,-0.06351917707296595,0.0013557420596759667,-0.10428501437965722,-0.11492299357254632,,-0.021162963504113102,-0.041007217089361295,-0.030456062117053703,0.06889377647358441,0.014883917320596511,-0.03444195219388344,,0.04872164745122911,-0.14437560664806684,0.14188172183333578,-0.04158859127125757,0.05707779470633387,-0.05880512262491719,-0.00281251041461627,-0.054771596846243074,,,0.08329851912889848,-0.05497192826435562,0.023595166244343675,-0.09987306836404279,0.019727852810024007,0.03598046275594299,-0.08546106782045614,0.07365367146713592,-0.10027846650464446,0.05452090813083648,-0.04346905379468307,-0.056004394125862805,0.051041698700629905,-0.0718493338721578,0.04710603817490824,-0.0055308009872119986,-0.06774991202781443,0.038186906374056376,-0.09784167747197299,0.012535567745480874,0.027079290546260192,-0.06742598265798551,0.024873082951824,-0.09649572013574376,0.029939507116716634,0.03112298794273942,-0.05468398782711338,0.0767111847407857,-0.09733766294423943,0.05126482981351748,-0.02149987678634599,-0.0688154125827039,0.053611954403368536,-0.09983314826933105,0.030405592338882136,0.014234752000769518,-0.05505163680360644,0.04122503862743879,-0.09767376669196141,0.0241999523834858,0.01041107112379686,-0.08234892321605666,0.026652856507985163,-0.09483489131428854,0.04150040373192975,0.022276966414708346,-0.04247004666273642,0.06628624735301415,-0.09223278581653226,0.03043441890208195,-0.0035893101975629843,-0.08023020702064654
2025-09-24,0.03481937541027216,0.0104513470124415,0.05786035496799966,-0.057505771876008395,0.020325705608988234,0.04049962292551601,,0.003759582293783608,0.032273629373879745,-0.0218762888600622,0.06421820734396272,-0.02132849685502228,0.03428268695897631,0.04322323904104056,0.035333108773688914,0.04030245477215024,-0.0009189456066899655,-0.010289014021683036,,-0.05148762938830502,,-0.010352090955664433,,-0.10579123354366174,0.01519391897100687,0.08108501777752036,,-0.056069119268933244,0.048776509991774054,0.009865474620481967,-0.04813131685648521,,-0.009957035325247127,0.015729387610269697,-0.09173360946985945,0.09385308776954698,0.11492766475584311,-0.01787683130311079,,0.07108479941570423,-0.13473809011562596,0.13555913021294677,-0.026397472193306796,0.03922801752941833,-0.057651874810273084,0.05491427431202492,0.0022021347935526348,,,0.09384726908225212,-0.04888192144720858,-0.04774622713471922,-0.066199374226782,0.06297563910431565,0.04198310385878447,-0.06460435887550935,-0.029201406318064938,-0.06929897691856239,0.05847958597568496,-0.010963648388244577,-0.07077909865325403,-0.02923206319040683,-0.05717140468439054,0.02475033238838196,0.015821462765611877,-0.052969373738398405,-0.044305126969340344,-0.06831423619522957,0.059983530090294904,0.024843583370885908,-0.04960210511610843,-0.04449699534942655,-0.06745224391359218,0.06209554810156785,0.03399534630409549,-0.06614420356352473,-0.030706749074257744,-0.062470599792108936,0.0340595947714796,0.0012360704702619708,-0.07147626779789362,-0.025317286851686507,-0.07248311071460131,0.05115985983464336,0.01548755330807326,-0.05097320948665806,-0.03629416459492768,-0.07011889842303749,0.06349442380624022,0.012218980417904741,-0.05991159922370253,-0.03863665823782753,-0.06561162924142469,0.05404072925021185,0.03390374354040806,-0.06319040690398182,-0.029679264294030023,-0.05969964007901738,0.02009253333563336,0.01985121583257146,-0.0612224931099101
2025-09-25,0.03846606679228575,0.02631999422582133,0.043106231506996294,0.030398728055498606,-0.09246359127342117,0.01535110042619305,,-0.08222907215091345,0.004848525135052283,0.006299241845456979,0.061261951773140845,0.028739004275180693,0.015435178540228963,-0.002724561899632732,0.01069547607048966,0.06015298228351267,-0.013361069021982112,-0.035014365971252105,,-0.05107310563067334,,-0.07257035068184585,,-0.08033478613621604,-0.003967795000103785,0.07755556754970606,,0.04146913837909693,-0.043445537359278585,-0.016732033520772453,-0.04005787416893313,,0.07099148837549081,-0.0940002449651555,0.007268553066570198,0.10823943131828402,0.10981101861376331,0.06757136152787933,,0.0946306056686275,-0.1616007498905422,0.1625240162164925,-0.07299858031367097,0.03440647541715481,0.04108278221590492,,0.004994291003928024,,,0.08196149561845334,-0.04588061652067025,-0.05242514101889744,-0.06125906071211488,0.08226753512396681,0.07880724283346843,0.01836188080338321,-0.018004342078476128,-0.06310096779244942,0.08461178079317248,0.05184079558838896,-0.07154636380233258,0.015257576656371223,-0.0819755494777036,0.08158945332371656,0.03301152792885953,-0.06607761643190391,-0.027682540607389346,-0.06704064527810766,0.07335409796914047,0.03510388202585191,-0.04854332597639381,-0.04483697306817639,-0.06512084056728268,0.08746407025006685,0.07555814359177213,-0.04287924402397011,-0.018244592904946667,-0.06272760991410876,0.07968333895088515,0.06976533650415681,-0.06941176971467297,0.024229102274678532,-0.08264384521646348,0.05549322781991046,0.040773874859664765,-0.05659783376455478,-0.01906412613203356,-0.07211121578354927,0.07749019855419234,0.0321288766725146,0.021538011615739282,-0.03820953511150554,-0.0666477372245755,0.06839815550974332,0.0690536884524664,-0.06408012592664912,-0.028062522739938457,-0.06111980184779081,0.11257135777463999,0.07610191219491608,-0.06826848619140789
2025-09-26,0.03565410429060857,-0.025326405777060603,0.018350353951491233,-0.05388112952413581,0.003872800697535709,0.00174055848453027,,-0.03628782405135603,-0.06772710743292548,0.07752479271165015,0.13294008770649973,0.05779121369113344,0.01232785215220673,0.015941165390849367,-0.0025767231614196155,-0.016079234905887835,-0.1446266062651737,-0.0216649550841463,,0.011922598215717036,,-0.005962389353089081,,-0.15863792499276255,-0.06067923190256856,0.07321728952562702,,0.012161329521550152,-0.03211313166225168,-0.053043743474102054,-0.09488044899929364,,-0.0820249069985136,-0.1134220327207448,-0.011566854595882359,0.036040493967333255,-0.0068153364333224005,-0.1066172208961037,,0.0208460651313973,-0.1123264684215528,0.11320302492425013,-0.00016732016396689504,0.015477455614861252,0.07515106906372229,,-0.009037169662108874,,,0.03062992847202774,-0.09320850820255669,0.04654241662774492,-0.05433705921321256,0.005574183342197055,-0.01258456569895461,-0.043920936546325805,0.020109287658599706,-0.054345885205451236,0.008408176764691537,-0.0515639236830614,-0.06559159903436906,0.05737094052661029,-0.05803530579209913,0.014302021708750324,-0.06231556466149742,-0.09206941722410486,0.06252413120524261,-0.059418104993314874,0.023011356697694538,-0.04680494547210973,-0.04167606162668325,0.052588944946896726,-0.05318334261542157,-0.009029987737745614,-0.017490214577413427,-0.07910837825070355,0.01275817897751624,-0.04889491481384929,0.04697922736628885,-0.04471150592586664,-0.07934583871022781,0.05758903207122646,-0.0628069514939245,0.0020749212878476454,-0.06100832352265772,-0.09694197692483754,0.06522272109664132,-0.06052991763170481,0.015610930389675554,-0.03822107650686131,-0.042279633439865884,0.058227178074019115,-0.05381588501953515,-0.0022104056499069164,-0.019728334888344756,-0.07386315528136304,0.04093454654847558,-0.04595660461797557,0.026093255472874985,-0.044729949074523184,-0.08729605534459613
2025-09-29,0.07990797978104786,-0.08125699003842916,0.0015537828847511975,-0.1124384400500306,-0.07050376962537472,0.02610856811579717,,-0.051900121136619265,0.03422604831543156,-0.028994129667163387,0.0865698393966194,-0.07859795062019632,0.014789096986100559,0.04674554593742007,-0.0007657940827228117,0.024474580160606746,-0.030018277425901754,-0.02187492367574168,,0.03802515455741287,,0.018206877966065915,,-0.13490229367108,0.04064536506821743,0.035783478429544414,,0.011213863130338108,-0.17163499153205317,-0.04298078010225856,-0.13339998842503376,,-0.0016620333334127376,0.07217429880521144,0.026000323560385313,0.039790495017087646,0.0908650176351507,-0.06465154455797237,,0.05946490238235499,-0.13059621829011916,0.12934739675565504,-0.019972141048680357,0.0442248990031808,-0.02025934175355405,,-0.10212324069898428,,,0.015464871814380953,-0.06886784781372969,0.06494287167450882,-0.04436661450877251,0.017934220166765796,-0.057165815755339654,-0.08943820028692066,0.023743812779154005,-0.03843246270775847,0.06035681990581624,-0.03247074799970662,-0.11759905919953624,0.07320891696102293,-0.050269546904598485,0.0030643060328385354,-0.038192693917201335,-0.1303083647814754,0.07877036182586898,-0.05278047539249269,0.03689421995047194,-0.009893678855053562,-0.08291786389485171,0.06808606717203035,-0.04195620173028428,0.0144751904598835,-0.05174348369037664,-0.13128576409954587,0.022665517115895734,-0.037268251509412896,0.04126984705822883,-0.011783160437054564,-0.11740296771237041,0.07092320299262915,-0.06221903824728636,0.02244984186655603,-0.023241934964398327,-0.06367651791548593,0.07814052272160928,-0.05079346882121667,0.025068630854007123,-0.07035253178368965,-0.08614769368476222,0.06862523907268644,-0.04036845185151842,0.046084316710287135,-0.052823609052103704,-0.13970535333383136,0.03680786195018404,-0.033607126374203836,0.01712737297202731,-0.004687081441733747,-0.12414899401848829
2025-09-30,0.08129918494446171,-0.031105855289614466,0.03065744045045687,-0.07239583819516661,-0.14321546874636681,0.048033272461419606,,-0.10133551307098797,-0.03512339907428971,0.03407994734013326,0.03455464739781917,0.044545995551658536,0.015116799208942258,0.0013321999342301573,0.00011119294156985796,0.05356043021774274,-0.0626779700965128,-0.03247297686273911,,-0.039312733254498244,,0.00266653585799926,,-0.11300561138299615,-0.046634638878542765,0.04006562036911189,,-0.01963803566473395,-0.04548331888644028,-0.07328509909612213,-0.18545609233534546,,-0.11147791767341471,-0.05391338212668602,-0.0747209913040062,0.025923776678485742,-0.012022330874165625,-0.12771992383698075,,0.09811361782755045,-0.17352018701410155,0.17105201304556175,-0.029258205235079295,0.039792434429193724,0.07024379932200288,,-0.0435666004487971,,,-0.02463921203111916,-0.09702588983236196,0.10225346542369025,-0.07669478231749469,0.04972973756165276,-0.05668098887189459,-0.09935525687182473,0.08496623581735213,-0.06784183820347062,0.08006943351773237,-0.02100818156525487,-0.0951338662756032,0.12773638118293912,-0.08084548625051353,0.025865544004160888,-0.021070951095403214,-0.06560256729119053,0.1100227447526167,-0.08882472497448744,0.04347931435574368,-0.009805253126866023,-0.11364159730346207,0.10294124455929457,-0.07421982000520466,0.07698543271774103,-0.0596594983833664,-0.11845192298627946,0.09051773887988139,-0.061339034798258606,0.056775493231550365,-0.023204477813638075,-0.09489883748104314,0.1281179031914831,-0.10519751638016454,0.05452970002553848,0.012508182634109211,-0.08885210854325416,0.1094482699748333,-0.08939181692212855,0.05413824291995702,-0.07462838900300903,-0.09682528580563432,0.09986690296366357,-0.07321987967081837,0.06338330077500992,-0.05459323044062649,-0.11845012329839678,0.09549211295957032,-0.05875152018393001,0.05153783536253,-0.0070100768159259315,-0.05789282053356687
2025-10-09,0.021416470501076548,-0.01931977300195979,0.04889610716522368,-0.03649520816429814,-0.0739832130825092,0.03539852760287276,,-0.10612187048846838,0.05928567984942518,-0.06308645974453357,0.019056075423274855,0.05700769757996173,0.023316742174369503,0.12262739005941974,0.03693871508988771,0.11507517253761797,-0.05230619878172611,-0.020850104149624495,,-0.09185824725887333,,0.033627294066362105,,-0.02319501166784244,0.07770168546664973,0.10782930664930344,,-0.04575677284079871,-0.10581752104826274,0.0885170914934614,0.008182934608847945,,0.03974312805627704,-0.01294409262153115,0.014017906184861432,0.03446382825644368,0.09193005815195522,0.0015186701620168292,,0.1391989292269927,-0.21394706230389504,0.21353289347688295,-0.01946563144851177,0.06228106784422943,0.08470644580118479,,0.07689943609076108,,,0.03054284140734039,-0.13967762738783168,0.004311748493154293,-0.1080813598029423,0.12701398674316344,0.009223284746198641,-0.0779002842815233,-0.031317356189274496,-0.08391680979080049,0.11879024366679787,0.06571997163810793,-0.09569317645970947,0.03976014086495878,-0.08637295505502128,0.10561054868578283,0.08399255257973541,-0.10196287976854689,0.021274975984907494,-0.1293654077656302,0.10436873849879086,0.05514684211414561,-0.09767556409317611,0.0059236901218525,-0.10479842586970772,0.12314516090301993,0.012489798529526001,-0.09923381912386975,-0.030200574535798917,-0.07518121114677517,0.11853471568072578,0.08116012712624496,-0.04396867986695789,0.038731289970158955,-0.13855172810633173,0.11190649192058542,0.07373776733578868,-0.13497504711509398,0.01870250395023221,-0.1259578809606701,0.1208197400146518,-0.004143864010040728,-0.07701329427928161,0.01083686332004397,-0.09840381540842905,0.10069558655436073,0.012851856041860624,-0.11382075645049498,-0.019616475921942066,-0.06983451782017863,0.1316114178134549,0.12574793601789366,-0.08818078566996385
2025-10-10,0.03544012110365433,-0.07024955855944436,0.025403992136261242,-0.086727588827957,-0.11895061602501751,0.02356810150839771,,-0.11377508069072881,-0.12668220687479542,0.13554991896399535,0.012114036225249114,-0.021093058524917642,-0.042004316221252905,-0.012543853986931714,-0.01825908573205323,-0.04332498793214046,-0.10667503583428224,-0.07535238827040665,,-0.02865593769033368,,0.0443909310952486,,-0.1488156807522589,-0.11532154014060535,0.06551272047431661,,0.023156037464144668,-0.11423099878908541,-0.00480125367792111,-0.12933541378835703,,-0.13236141520080327,-0.14756418563109533,-0.06465605605264244,-0.012233039908703915,-0.07004300705493867,-0.14754712420559185,,0.015181011218555435,-0.1929932085585717,0.189341652360439,-0.030902878340849354,-0.012325238954505617,0.0012734623299167501,,-0.0542910379331193,,,-0.03070641182157291,-0.09575999819388098,0.10897554861151784,-0.0993468870056189,0.04017759801046949,-0.06850097951089082,-0.05879351303056527,0.07825809509164382,-0.08405429736023054,0.022529638282719287,-0.047833822765764165,-0.062034978375895486,0.1265166408139412,-0.08024997802088166,0.01609222534786519,-0.0327595431754518,-0.08828820271991342,0.12936159832370803,-0.10558758785924416,0.0436533640927155,-0.0166826947480749,-0.08892515959777206,0.11617787467667463,-0.09577221182709214,0.02518935692434099,-0.06417009409132407,-0.12954168175893616,0.08716889710222528,-0.07749226293697292,0.0350861976111815,-0.023760787793736183,-0.07014240383071148,0.12398231221708438,-0.10362210821059013,0.014215639968024473,-0.02463827649935618,-0.09186295072678335,0.12955624235970062,-0.10343671493015176,0.03554013876909304,-0.08138687644877247,-0.06404289925291458,0.12161925384620036,-0.0909912722816941,0.021959612484455805,-0.056646165919884355,-0.06891033826890892,0.06342464698817564,-0.073806136246144,0.035509760184661135,-0.037299540825160224,-0.07937009066161513
2025-10-13,-0.0028929703896322357,-0.03241113011536317,0.03710050550708543,-0.025855806130162574,-0.024647785717606806,0.02988950136364496,,-0.02264161208964458,-0.07218377868363628,0.045699981853366094,0.03087648764225412,0.020852260320561936,-0.011134209724564388,0.014988699198241551,-0.013266415948416434,-0.026822946143498692,-0.04509486426431212,0.037200552859635416,,0.10374014530773915,,-0.016720975341235848,,-0.13639651012707515,-0.03722282610517798,0.08166346133841003,,0.05841117064015505,-0.040713890424599386,0.0313748248200058,-0.06834496384239708,,-0.06863474238419882,-0.03133968996276133,-0.010094445073814937,0.058434105159501405,0.052879359490621065,-0.11524089984509751,,0.05939988035142768,-0.19103945173404274,0.18900865262882144,-0.07681711902736706,-0.021824311094214698,0.04995772929705645,-0.046786973845412055,0.03159873040469657,,,-0.0017648211990144238,-0.06225645123135108,-0.0052333381639040775,-0.09639531944831202,0.04824045779561361,-0.03748705052680195,-0.025011405828033732,-0.044373374101078306,-0.08745225333200163,0.06454282855066985,-0.014512666013424432,-0.07200482404219799,0.0028823464616981238,-0.1013142842068129,0.06754948631429296,-0.0449140814843051,-0.08625941077899348,0.019743419689492486,-0.10413401955029708,0.06656451887484774,-0.024159908080692974,-0.021343595492162522,-0.0003489031020456537,-0.09490898958928648,0.05530414363442382,-0.03859455903379123,-0.03849321657942819,-0.03891738956679629,-0.08753164332856632,0.06322672625330719,-0.04039840880830962,-0.07231471405315676,0.0014806098669258685,-0.10502819282376319,0.05710311426178255,-0.04717468335520643,-0.06564093826763984,0.01826664690832222,-0.10050911129737057,0.05402253568037227,-0.05733412256478481,-0.02479489260953768,-0.0018069998362526959,-0.09882583444558557,0.06885791794032674,-0.035800817483709634,-0.07337361892524367,-0.05509499200399947,-0.08729031097994625,0.05529212011068701,-0.06689686489849239,-0.07907590092838229
2025-10-14,-0.09538506159995389,-0.012982276403158287,0.032931034195620025,0.06536468634276504,0.03393322518619895,0.06673543985229825,,0.06427583929273034,0.007356009093126856,0.022238723853914056,0.003709420897530685,0.022028437293495733,-0.00320061642702367,0.03330976776125149,-0.009130362118711863,0.0018215423695798563,0.0205862855844456,0.03556458197226802,,0.022789034452675494,,-0.021218334841105458,,-0.16589029526752364,0.01646385719135215,0.0520571420391896,,0.017390733987169695,0.047436812722617565,0.029872241720192736,0.02355297774711768,,0.09011051954739668,0.03584398166891602,-0.006915571265941007,0.051370628975229794,0.06150006614106624,0.07976726361092121,,0.04987879262266543,-0.20172957134379307,0.20243547819253382,0.009880499915202042,0.018899486319390816,0.05720988079407209,0.07014296959953617,0.15750139349531211,,,0.0026973918061672124,-0.012416862340368446,-0.10178487029217459,-0.10295967654562632,0.008488177080770785,0.10049679429761744,-0.028395021105144247,-0.09260229504725528,-0.10450581202498989,0.007442130256139677,0.036585377312496635,-0.04050371127443227,-0.0864787277517106,-0.12675372287578016,0.003208844354449852,0.03257305369267482,-0.03499394537586649,-0.07258932027469069,-0.09882623818561834,0.012108684616302655,0.0419210947672678,-0.02491205944041564,-0.09821999515262608,-0.10510592600014994,0.01705068170675428,0.09885788358242689,-0.014258852876114645,-0.08865603539221174,-0.10739896100432937,-0.0033398840696311546,0.014085101278465578,-0.04628132231047071,-0.08535575781835918,-0.10103238244961009,-0.013329108089354322,0.019924605829680055,-0.017646131862206545,-0.0709300102623866,-0.09910753808240833,0.01460979066800624,0.07796676845093985,-0.031171189519853617,-0.10013381451254438,-0.10596836680563408,0.02167733429124619,0.09296166690741023,-0.02055581852307523,-0.09858370303066478,-0.11239575835279927,-0.0072217468056715375,-0.009456733170718098,-0.035365455139964704
2025-10-15,0.09210574689111041,0.01229906554580367,0.011569165059902986,-0.03924941164789973,0.025060989579885982,0.011439120998048386,,0.020554024542479704,0.011886746453903863,0.009210939053236987,0.06018569820920293,-0.030395961869343922,-0.01057743201895289,-0.005676331281532064,-0.00041723598869847965,-0.0007310164227007561,0.04898182895876055,0.020596697081714178,,-0.06162200859260397,,-0.05688077385543168,,-0.1281711236620336,-0.010012397260577276,0.002148944272149072,,0.05021996261660334,-0.001560533358239241,-0.07894858522954862,-0.12485108669248647,,-0.05664620731746508,-0.016466644003155933,-0.0587684078020454,-0.003811702732742229,-0.005954755881796273,-0.06565209622001283,,0.04191804571121352,-0.22831792197272874,0.2254057955959952,0.006744158133017116,0.025639109459025845,-0.04069196613192867,-0.03809374743229859,0.11144456663399836,,,-0.01008350142792586,-0.07473478135136599,-0.038706394807870324,-0.12906111150770608,0.03999187658784833,0.011490848366039988,-0.07598919236294042,-0.060259075201392336,-0.12789679037255844,0.02655184929621844,-0.061379232631940846,-0.0918734831767796,-0.03651028498136102,-0.16539027881688662,0.008957157370040164,-0.03304134613826259,-0.0764534270813348,-0.016476256342981145,-0.12913157897027547,0.0379932267572954,0.015152032092396866,-0.08403004268591611,-0.04039969229500221,-0.1304807917016446,0.03955252427243876,0.005499912888202278,-0.0823158222155538,-0.05225664038616809,-0.1339366435837528,0.025640972710673948,-0.06824517775815105,-0.09071599957444497,-0.03884323972351733,-0.13203763447155736,-0.013903484482943339,-0.004497375148187003,-0.07277646892386105,-0.014337607416277471,-0.1355944701085885,0.03709632579710455,-0.006597196801365028,-0.07699674323236634,-0.039266002739157486,-0.1362137503924459,0.03582555848718384,-0.003141608667497606,-0.08446139314497864,-0.06755494576101004,-0.14144685287493428,0.010424564390145387,-0.05542228076782712,-0.07765780313489483
2025-10-16,0.07750174648759219,0.006173623928959729,-0.029559453319077562,0.00047293888336929606,-0.022354611890225792,-0.008825784873230401,,0.0036361278633340105,-0.023307236811910742,0.027742087720013797,0.07922370305000867,-0.009112264471153242,0.030214234722764372,0.027085913912736216,-0.011444972734384813,0.008540758961756668,0.007068023918913773,0.018826593144898485,,-0.06814101128405925,,-0.008397093535024824,,-0.11755076583197974,-0.022076835976597983,-0.0011727711746326909,,0.04816447652622076,0.004276147931270518,-0.011522058988115338,-0.06122807215615711,,0.05636189392431099,-0.064810993694994,-0.01964844980649228,0.004990725499765444,-0.049592211898108536,0.03830697891067295,,0.026022725297011648,-0.24724706052347106,0.2441857766843867,0.014541565434371509,0.04663675814363346,0.03480899519883077,0.003344460666392655,0.06379979742528395,,,0.005628770708371434,-0.02205107165215189,-0.02596478019359393,-0.162567672649535,0.017914502665025204,0.05353643302030186,-0.030958987028989846,-0.0302010677944667,-0.16500974633323057,0.0026593867563338546,0.011992031885095948,-0.05845047017398998,-0.0163702266090041,-0.2000676763087694,-0.01668704172679644,0.04467558535996239,-0.017922218668694916,-0.01736405764091879,-0.16811935811090536,0.007108656330358367,0.04873339680066366,-0.01461660031059732,-0.02379098811625805,-0.16595492128575245,0.01775380739664418,0.050751562165858834,-0.04265778265517163,-0.027060904368013106,-0.17183196307276444,-0.001271400154967797,0.01802282916534934,-0.04653711766897435,-0.017236831789413484,-0.17822909990943508,-0.005004460722575172,0.04373502414140962,-0.021800154707319816,-0.012880211255056603,-0.17158654126544873,0.013943518976372565,0.053014547112756834,-0.030362644242036125,-0.02591316892685859,-0.17446872410742315,0.008411533493017263,0.0483840721111999,-0.040999470924919436,-0.042341464870308765,-0.17721273672820634,-0.020887910615212713,0.03771819572701376,-0.03724859633184272
2025-10-17,,0.0229946758676128,-0.0850101557556288,0.16456599503934752,0.09287264414250758,-0.04927276059612047,,0.09472153921128874,0.0659410759125417,-0.07344191590960224,-0.0799106000420725,0.004691367022986281,-0.013646610711782341,-0.006801509208383861,-0.07516130838389275,-0.1009420353079001,0.11601326596551696,0.05185168701551451,,0.05788193211592282,,-0.07583345886359696,,-0.14290737787319213,0.12689746991625253,-0.05195890751376677,,0.08570819541022145,0.08878202347982407,-0.01661640797588205,0.033609851497366845,,0.19599066776125035,0.024299890623874106,0.05063367613842757,0.053895252039097,0.01589376305425914,0.19106107988062165,,-0.04089437317527714,-0.23776519190429002,0.2433678607683526,0.013777567662645259,-0.01907586652794098,-0.01455320457610249,0.11527574486151031,0.17275046566991317,,,-0.06374565466451713,0.10499655653452244,-0.1438165859705731,-0.18099378167090252,-0.05612068078571834,0.1580168685451492,0.09186915976529615,-0.12867068791442704,-0.19599524400753332,-0.05822966832102728,0.025920358169394267,0.0344971145204533,-0.13032184984185863,-0.23421093008157165,-0.07657491168222628,0.03268676437994883,0.07631924212786301,-0.12453441969577829,-0.18545301326609615,-0.07059926096117763,0.03634214440667082,0.0812751071064641,-0.14702736211474915,-0.1888853820304591,-0.057329828762077414,0.14884894220582842,0.06474394827432199,-0.12261471139870866,-0.20728378927602978,-0.07169236025216487,0.022343926668185084,0.05090647695877611,-0.12851836444833897,-0.20004063455721874,-0.08486169781510274,0.024300253605392532,0.10013468800052877,-0.12122874132371222,-0.19181361146135165,-0.06630857806026683,0.1377568352206913,0.09295564228954223,-0.1438874151022166,-0.2005860027317874,-0.0576778852005004,0.13303667818016027,0.06623489951990609,-0.12968042704602173,-0.21138198503833858,-0.07125292348839943,0.015642606708731153,0.0540338863242262
2025-10-20,,-0.0638526766174326,-0.06417141738253586,0.09776890353513447,0.1046160290032021,-0.050471992394286465,,0.06729380916066828,-0.06953519394461538,0.08248960897168205,0.017274452744695322,-0.039525759476187104,-0.06737605460233198,-0.029936139182437507,-0.09726626278506834,-0.12459969473880185,-0.08208743762355411,0.02667440795949532,,0.03567834140848323,,-0.03706147170463106,,-0.15284088827067727,-0.08319727163206123,-0.05672683532110785,,0.001824370311808924,0.11626224942717978,-0.007366894538621039,-0.03468871246167427,,-0.07699420661533662,-0.06260151534711117,0.03307356075347168,0.018598191782049262,-0.05071855425035027,-0.03125685854590824,,-0.06851938175069619,-0.20623522438135805,0.20472399419423223,-0.0056855591473725965,-0.016127329614969477,-0.05804123828616384,0.01546670893331959,0.13026137211316338,,,-0.07786109428745182,0.020551476708138394,-0.07311283698295927,-0.15585361942089454,-0.06208457611393466,0.09005001795291931,0.0017131824111492513,-0.055691759189950035,-0.17078180919978642,-0.08414675830240044,-0.03720920394755075,0.02396021370319045,-0.051317503674142895,-0.2098157903312836,-0.0906875672721406,-0.01678719935102906,0.04197059649252474,-0.0727055197053449,-0.15958974287151614,-0.0694383837749698,-0.027793104956256247,0.03328723332726239,-0.07062073890717699,-0.165415549117184,-0.06799495171388426,0.07569028138517106,0.02569775579896717,-0.048161829875613266,-0.1774461766103794,-0.08053450586454206,-0.0492455924180236,0.019605439352380367,-0.04765917622134377,-0.16645856355084107,-0.05601576011118123,-0.04326325800605436,0.01439224793089338,-0.07093683986360429,-0.168516484260991,-0.06971734863538333,0.06596956151256568,0.0015306938436059575,-0.06874515830853677,-0.17849808053434346,-0.08549655735433352,0.06670731536517727,0.037161219352826985,-0.0727673415709769,-0.18884199951274439,-0.08821805251463884,-0.048703994089958305,0.03780144863749008
2025-10-21,-0.023013498616230355,-0.08441382179865664,-0.06767416115134409,0.00013620422554683827,0.013789820059997333,-0.06421090221891718,,0.015332274593469187,0.00843877014910865,0.0058616470932001934,-0.10389046971143816,0.07423168839824029,-0.07206158892325204,-0.08204469148787664,-0.03991373341049392,-0.10171332798286889,0.04953670183396318,-0.013637171691325164,,0.04132533679493894,,0.00898314952264593,,-0.12082682259990597,-0.023740133372507907,-0.06266674352988293,,-0.02524931231920729,-0.07925909034774675,-0.01767922078995103,-0.034230777270852344,0.06200018760904607,-0.056686005863948535,0.011995294117406055,0.06895950388733692,-0.06993602239588814,0.007176605803803636,-0.02833437056294719,,-0.07161824788684248,-0.19038023295407977,0.18767807032116646,-0.07108480991056841,-0.0070044659823939,0.08837174079465868,-0.010937147243724275,0.06779002793084571,,,-0.07425464568714234,0.017610340947499192,-0.04013565402658139,-0.151637121063321,-0.06244626567356612,0.0687490787505867,0.009876002731427812,-0.03174638774493353,-0.1616928533240376,-0.06724362853865726,0.021397228324778837,0.036053128606747684,-0.03525826910589794,-0.1805473208709527,-0.0514639580908622,0.01995879303031153,0.001992359749772666,-0.047384052087481525,-0.15662894154520687,-0.06428141939081579,0.038414446260632645,0.004521776003942051,-0.04150662063365966,-0.16294503282951842,-0.07705106964950904,0.07362399445912132,0.046730796979462266,-0.029090003354779567,-0.17097122046208366,-0.066683810423542,0.025218038319146215,0.04793536056955997,-0.032600246533631555,-0.16012152066440224,-0.055349091622014214,0.0016410784034256202,0.0146556044930207,-0.04786843614445945,-0.16659715700842295,-0.07335618774345404,0.06007664721265393,0.011417263553009104,-0.03728251348394505,-0.17048882417471586,-0.07125346265867148,0.07236826856836602,0.03045943152404052,-0.04614200026670459,-0.16912484406486902,-0.03244405087026734,0.017117255358524184,0.002759846393197371
2025-10-22,-0.12047261865478709,-0.04716810502212019,-0.061109539351675006,0.06325302693161826,0.11875172206134478,-0.05549384359947682,,0.13179827615960943,0.17411690614216802,-0.16562902863443935,-0.10477508354536604,-0.02854759377413934,-0.01642312022573753,-0.06032809663643821,-0.000355888244988263,-0.06297562620681324,0.13144321517143287,0.05469411907125359,,0.012492344280132848,,0.09026599420743166,,-0.11483146535830714,0.1750200679543859,-0.05397010641108467,,-0.02545398246807747,0.102089157407958,0.09999669076106707,0.03226259146140626,0.15791176540209265,0.16847951128862107,0.13749331731178197,0.17506794079851115,0.05458243122695302,0.14198933216417164,0.18598238782310195,,-0.09179182547916931,-0.1654308033508669,0.16751367534704323,-0.003707508914403909,0.0756152345878223,0.03653618010500845,0.1664964742954426,0.13736445646481393,,,-0.040177120432723076,0.07606401777676812,-0.16070747586937909,-0.1584905755599064,-0.09100249020012557,0.19731273912501376,0.07544209507187993,-0.15345812559362473,-0.16265498042610194,-0.07297404757441373,0.1419391848746325,0.1350995125571697,-0.1381541578951488,-0.16458994158171644,-0.052264589643480484,0.11254323246660106,0.09642439031077356,-0.15567876648585266,-0.16289303125541482,-0.08271446871480086,0.1031551412828139,0.06260977474187064,-0.15931031047211502,-0.16366542226282774,-0.08937420897062663,0.19518719923177916,0.11014290916693742,-0.16054412690954836,-0.16416419096186596,-0.03592576165028087,0.13301351451138796,0.0910369924363049,-0.12748672394168892,-0.16171779596702976,-0.048132899772455155,0.11162902710336202,0.07255593917828142,-0.15591206924663592,-0.1726640373259654,-0.0922128754926311,0.1843694434199848,0.07606664199121736,-0.16237865937895868,-0.17115048896906526,-0.0815780991581941,0.1941021307336378,0.13167040814690553,-0.15404625055567642,-0.1616466569796192,-0.042422557411466354,0.1296239167303739,0.0971932465037212
2025-10-23,-0.14122282254608032,-0.03511940250116628,-0.0776030828556041,0.1919236746876198,0.1294085427449508,-0.07902301874781119,,0.1513411782564608,0.14248505280625967,-0.1321643163970032,-0.11983685355250141,0.03008615897609342,-0.01486016300458681,-0.012670024987989758,-0.014725442178831252,-0.0982601759820229,0.11754709034428582,0.03471601410814027,,0.010566495814162294,,0.1037006490253755,,-0.182206571245918,0.10016045068115871,-0.037454175841687025,,0.030257884881274507,0.032099496742622746,0.15217151064262852,0.15325430379027996,0.21433131394627142,0.08453062510028635,0.13657984289559477,0.18331710895244052,-0.014567942992357063,0.10458715697004371,0.15576838000135937,,-0.12057893860612251,-0.16253547637501092,0.16197407006431555,-0.029062082042622527,0.057101141394697436,0.07223034789965066,0.19067019490950507,0.1980800410330738,,,-0.06764185052117255,0.08999012982028047,-0.17681537388291246,-0.16932180709805908,-0.11856291270642313,0.20852182552683798,0.02743513758733256,-0.16254473871961667,-0.17601683413985497,-0.07993170050834922,0.15307343857100605,0.10564756278991849,-0.11086471750061254,-0.15932304993712687,-0.09250022579508818,0.13210894879383628,0.09680620698524106,-0.16879242613568612,-0.1738630545705665,-0.104511752151507,0.10800328891267531,0.0878270786291678,-0.17963045116789897,-0.1792389321304051,-0.116624043416121,0.20596891036273648,0.15374653540893052,-0.16099908381484612,-0.1761721554011666,-0.09389051353811731,0.13979045958499503,0.11816654487989668,-0.1035809268581628,-0.1704515656603427,-0.07557306511151528,0.10792925160486358,0.08749800735955067,-0.16278876504521858,-0.17998496923202104,-0.11076731608015312,0.192297500540437,0.032383446037468816,-0.18215400186112424,-0.18299476709916482,-0.0842145898202392,0.19683900302995008,0.10909428039408732,-0.16175570345991064,-0.16755883066141813,-0.0966724177729282,0.1328618697583053,0.09341235133555331
2025-10-24,-0.08594149950039844,0.0016252936301082758,-0.01060670175260732,0.038639424730798594,0.07607195772352984,-0.010738048878268012,,0.041602196301658304,0.013532151842006186,-0.008946123659899736,-0.034668879415978626,0.021434731748615855,-0.00930324432317831,0.00531679887151346,-0.0047535644994645245,-0.05067475625952598,0.08523491274012289,-0.024646608171800855,,0.058222391362497114,,0.08041521444930941,-0.03331142541570519,-0.16795059895677542,0.017354001278868728,0.00680833787848843,,0.07631160736545048,0.03104286403354715,0.1149932822857759,0.016084176769948867,0.12559908935072414,0.024269345978870486,0.010334083709789088,0.050215524583179474,0.017386148124258656,0.029110751314173303,0.08432181320522941,,-0.05328054531507999,-0.15821540831703673,0.1591765848483344,-0.002871439483593876,0.02597246397007425,0.04717894257020431,-0.021470338892946608,0.13286651969664104,,,-0.06727227083141463,0.06885401468907301,-0.10342214466976607,-0.15843578413029794,-0.06608003295408701,0.1413235791303963,-0.04187022315058485,-0.07323454978519764,-0.15739201846654813,-0.05623082770600887,0.09450292530080923,0.031092371053759185,-0.08549039426544407,-0.12005470872840013,-0.06021090602359783,0.09503620814738105,0.052204242218910395,-0.07962903262295383,-0.15649877714233493,-0.06726551132008998,0.09735199318062636,0.032606275789271666,-0.10243666862159971,-0.16214082078095268,-0.04344353423696798,0.1399783081869572,-0.0027458375009856767,-0.0718054673447566,-0.15260746464853087,-0.06972854621674678,0.08537415211049573,0.039917373649896525,-0.08865384404829116,-0.14427230868688196,-0.057671352619915205,0.08127565220374072,0.0728076222332326,-0.07990540732931851,-0.159142251033807,-0.060820534613160095,0.1334357687559246,-0.04039258770392333,-0.09794091698937447,-0.16127257773890147,-0.05257936524692133,0.13508967953379095,0.021067848234960378,-0.0511128912313031,-0.14745089694999639,-0.05665549408378403,0.0660594858768067,0.06560822648591721
2025-10-27,-0.12451569421150084,0.021475420013771333,-0.024356693846952143,-0.01033019963867948,0.08016082474518034,0.01483747002069825,,0.06604216890671438,0.016890110999476782,0.006419058255271692,0.016198304877786014,0.011506966920875598,-0.02313968005800939,0.03898768557818866,-0.003466855414821848,-0.05214585745137943,0.002178397280698779,-0.06387809034635616,,0.09893711626092595,,0.030749845960437987,0.006513790150502042,-0.10081228342779644,0.008804803937644955,0.019007970073981865,,0.09407061356353308,0.009112929009967415,0.1163089144107329,-0.05882136867797689,0.04436720683626444,-0.005086739813925337,0.0006242623072222365,0.006547723974931465,-0.006624160024105595,-0.00338650502329986,0.04841507170842687,,-0.01220148935096028,-0.1657108132982309,0.16655753266782938,0.08778941176624584,-0.009010581362526042,0.032266929786486716,-0.03354057589826015,0.1359372799002226,,,-0.038947802329790664,0.056653798095471414,-0.06882803299286556,-0.13885227826856678,-0.013829538340621728,0.14813076195012878,-0.012491113602785287,-0.02193081909039654,-0.12742166367773602,-0.041061449049440334,0.1201539837652639,0.035637419731350935,-0.10731758212829506,-0.11148388016799332,-0.04522553770138255,0.13916181193753466,0.0884080598715365,-0.041044126509312724,-0.13660540888459788,-0.038577187323073116,0.1329069926016692,-0.0029149313237559283,-0.07288703211559956,-0.13613976748937748,-0.01910803473102128,0.15212845970523659,-0.03296147053214606,-0.0226877442150059,-0.12405426602366212,-0.03677723583300859,0.08811265294122476,0.09168915200664278,-0.11185378157258326,-0.1318937689268203,-0.04965778640732004,0.13510376125483708,0.06570634140819041,-0.042584592411182606,-0.13421448840547637,-0.021846391484973,0.15542100037404846,-0.003632126799168186,-0.07389964449927891,-0.1303893629229832,-0.032249722074800556,0.1570239906729413,-0.0029714962127411456,-0.0036533217597094847,-0.12685555661348757,-0.03215386563456127,0.06332691271031893,0.1022468693839689
2025-10-28,0.005589024243215596,-0.00641865425897968,-0.03193885528837676,-0.0008289593306906952,0.04354207371486551,-0.020442164455491,,0.06633645301513753,-0.04983375095265698,0.06775375000843344,-0.03978327590928254,-0.001565367702715309,-0.03859263314838663,0.009639253638066548,-0.01736003983542259,-0.0833840938457372,0.03729865162590584,-0.06960252001389322,,0.05644551675535416,,0.05176992691606079,0.024162528104551686,-0.1107062398880088,-0.05605276972518257,0.01210872896771904,,0.12512759805475746,0.052659145244235914,0.08065694768993983,-0.07683624880859947,0.031414238705003095,-0.06412205540997935,-0.044993034903273235,-0.05160382909448793,0.002500860398469437,-0.053412505361646406,-0.02934924062913336,,-0.05786444930956926,-0.14968378678432212,0.15019921325333663,0.04377090811798014,-0.003397234825809065,0.04860567636317014,-0.014958904761561413,0.08780985908211873,,,-0.030252673528838054,0.01735162200359396,-0.0026398668640402476,-0.13923326344312584,-0.036417248829212795,0.10556336892277056,-0.03152786843055417,0.02283207448496827,-0.13322425013781852,-0.05732580521988026,0.01762865279479664,0.09927899859862178,-0.05857560592660862,-0.11046026726543097,-0.05757133281571006,0.07913426606353272,0.08443746235722513,-0.0023206381429849237,-0.1327837662174989,-0.05057706874533999,0.09085759985947872,0.012526229937200518,-0.0019540932824577786,-0.13354865107702713,-0.044106669650689385,0.1109001086546416,0.034870429394321965,0.01934354839504991,-0.1352951619950332,-0.05309088148750915,-0.014626584954022623,0.10446199084703382,-0.060932606307698346,-0.12335678997682474,-0.051303426120030464,0.050564505636250326,0.03199838241519534,-0.0034168892956546754,-0.12961375249955048,-0.048649366126093684,0.10986222179728256,-0.02663000858926469,-0.00010778046443202043,-0.1322972426910257,-0.04489157232803179,0.11045803821344419,0.07540170780491673,0.03483951725626821,-0.1350333038121762,-0.05857633323157554,-0.03474042309141072,0.08317661651741644
2025-10-29,-0.029727730657835984,0.00029395672101593874,-0.022764184546508297,0.030115821487330063,0.07571274984113095,-0.012998151256191004,,0.08314251794257976,0.0770494062841013,-0.05075699771335188,0.01361302491026967,-0.02253869255559841,-0.06895659002852206,-0.03199672670402768,-0.030984219780666938,-0.06647112112766737,0.08826734814502836,-0.0031756775931461698,,-0.05031605369365251,,0.0029566621359799193,-0.02171866657233986,-0.009700461383039767,0.07971443511676653,0.022190742044669177,,0.1448920762090609,0.0844064202655739,0.06281487615693784,-0.08795447533060648,-0.024803582149057816,0.05330113886071105,0.04587661688247401,-0.02137513017820859,0.04975193499118106,0.015552748870890077,0.08393936051617341,,-0.015977945654469465,-0.2082530498333072,0.2095366576404747,0.11924281602045575,-0.04341637494895723,0.014374276690556551,,0.1693827755601899,,,-0.02239544694888659,0.029926432824781846,-0.06474483663747771,-0.1484326060759545,-0.013445685715005543,0.1320757224039295,-0.027173805413571596,-0.026719576675132712,-0.1507562023970515,-0.02942206481938646,0.02396137341421195,0.1047859143657463,-0.13705483065629462,-0.1310617337526427,-0.039862145457165356,0.09725513842856097,0.05305479916860456,-0.09365387424385045,-0.14243734452080095,-0.020094218179966736,0.14950760361570067,0.0029307836235342717,-0.0695355512433295,-0.14581994367657117,-0.02270487262771012,0.13101598888534433,0.06779886025201867,-0.03500754918658317,-0.1495497234053065,-0.029501658390257167,0.004488997424144391,0.08941039048489387,-0.1338892694250253,-0.13357782687891182,-0.03720707807957584,0.08679297446565791,0.05324908593968346,-0.09843236719399948,-0.1378283905549137,-0.03325821152465017,0.1384641385833032,-0.018771453001894364,-0.07806854741762481,-0.14767713790340337,-0.019663773931485922,0.13859783369962156,0.08200348985999896,-0.006597256255904061,-0.15113587544584473,-0.03367979407625683,-0.02129749017476959,0.048453893413456954
2025-10-30,-0.0310429485344189,0.032567386093624584,-0.022221714410421128,-0.0035185679969038245,0.0027229293691513907,0.045215963105173354,,0.0978139191911604,-0.06779539532138637,0.06518273595185217,-0.018701253264551028,0.005448997268160816,-0.050529199642379376,0.04134793129114305,-0.05229326863759031,-0.03346393007164617,0.00486644782137619,-0.04757832156803014,,0.05638950566186007,,-0.03529338328145601,0.07045986255722915,-0.03864436855299205,-0.03206822962946743,0.0006083732543307973,,0.05738140227472837,0.09944126175257166,0.01841013432095673,-0.13065538974808494,-0.04465569518358869,-0.006211590953108476,-0.013542462558172548,-0.04855466126699708,0.01987854966452053,-0.04302079574728343,0.0007094859159776489,,0.025116731552324703,-0.20032743821663052,0.201659448563618,0.023581673988970514,-0.05729983522669667,0.039403571080237114,0.014268311401544165,0.10218791686748287,,,0.0029977318466380934,0.01534761039640913,-0.014174447749065096,-0.12753266147014816,-0.01391271144598477,0.10954713546832817,0.04868627573521365,0.006565314892481993,-0.13209366821135649,-0.017763331006973516,-0.044764727165324786,0.08448022872272376,-0.08159051009407471,-0.1265249339756487,0.011317864157391645,0.04044541406731974,0.06350380241062278,-0.06730387263850672,-0.11752261984106806,-0.017242852431865754,0.11257129536203522,0.0047554849141460374,-0.016870392102271134,-0.127158003021323,-0.011645057041622862,0.11325759414250429,0.09302984788797493,0.003933838563767143,-0.12951824065685144,-0.011753070811317167,-0.05643622526130001,0.048520975029423055,-0.08320253898670399,-0.11173198153649713,-0.00958124669035102,0.03902988405459477,0.027813590866395017,-0.0725910186903762,-0.1149006978097862,-0.027248274584939083,0.11815901195827311,0.053926520602465694,-0.01777531628953294,-0.12370945434592479,-0.008223246780314742,0.1134301150391315,0.07758130433449235,0.011180162949037181,-0.1359484693304959,0.004898319098694261,-0.0262994231082899,0.049020857729845824
2025-10-31,0.07827739769730999,0.03200005661880706,-0.032296982925318685,-0.025645556868971867,-0.046301261458323854,0.018951717296621564,,0.12939413963317192,-0.03208579253118587,0.04868969503068987,-0.004757601618949657,-0.037017499670182516,-0.025122199974692425,0.05847989884837315,-0.029067390642006072,-0.04250829440535091,0.025900034167307594,0.026938767324415885,,-0.10704076045212539,,0.012967325340914836,-0.017393037608929584,-0.020618086961682443,-0.020751188970843853,-0.02259959140385226,,0.023232226660083493,-0.028072565648324093,0.04210605910393593,-0.1420593552220561,-0.09345700592853143,-0.11174736074136016,-0.006951111439332397,-0.02243399728606067,-0.0047926862197070225,-0.07969707276046593,-0.09082752813592565,,0.010883982244458182,-0.22237081229380598,0.2224256059133936,0.025156281411076818,-0.014469166473769928,0.004869785946973279,0.0010805770740488756,0.0821382425882094,,,-0.015205721058796855,-0.009569454307715648,-0.004098281385498326,-0.1468743834410297,-0.0033933573429371744,0.1009204438975285,-0.012198628732787846,0.013295408901747244,-0.14885505469563132,0.0028997829712424624,-0.08910704978036298,0.022829095661158986,-0.025917232670082162,-0.1402617473192116,-0.005903874517504828,-0.015752099129761693,0.0073486598237005344,-0.03640942146048382,-0.13618948151623692,-0.020836268985579266,0.06907518877552989,0.02984904536721659,-0.005259113803826724,-0.14244343690051653,0.00027217412250381387,0.10038991767216493,0.04989345562752427,0.01361680430738528,-0.14781208640447183,0.019176095622222722,-0.07119108038451792,0.027367100560584005,-0.02275974849882147,-0.13221664630660113,-0.018342781381808105,-0.027576735164208582,-0.0018183561241340363,-0.03379218802171865,-0.1362406614321935,-0.014828204815146429,0.09599013798811473,-0.004507507038778241,-0.0020216629763809544,-0.13825827305574723,0.004881717776833409,0.09667809280708896,0.019868332093241195,0.03150263703666136,-0.15206387379154443,0.004780312779240887,-0.04362559784294984,-0.009902427037863388
2025-11-03,0.04168335687304902,0.045359243059577,-0.04154649217451045,-0.10424400401242562,0.014655381955135037,0.005053774820178995,,0.0744861516761764,-0.04271291123180966,0.054716281732208924,0.018600293008020227,0.025561253068535166,0.030465744046341718,-0.015135714826669661,0.011454601445718717,-0.016181206096723272,-0.0876476667560142,0.0016122729038014086,,-0.02270721409583279,,0.0024102259399909976,-0.07361989432520974,-0.04895752320189848,-0.06680261643613206,-0.04534358608845622,,-0.00034791146636799984,0.047491621458820174,-0.035566828318165156,-0.14536575309572428,-0.08861023589715533,-0.0851495363459466,-0.06444590089825249,-0.08575209827829577,0.02386634839263409,-0.0803326276165009,-0.07744177307773721,,0.004981760685268182,-0.18488295718256542,0.18678343805514858,0.010440458110621017,0.030600101198586308,0.02410712122769038,0.00027311946209553826,0.010109426316786782,,,0.00837221697397607,0.023551223237306258,-0.0799858555423727,-0.1244453809823236,-0.01986273138945627,0.0909383240443547,-0.011981576991864917,-0.06032835870642232,-0.13528735195024924,0.006857460572601227,-0.06429784009661338,0.013411036618705238,-0.02988247556519478,-0.1189851065398678,-0.018894375728464318,-0.04531137987322143,-0.006054243471824934,-0.09999781885925978,-0.11789560591773497,-0.030433327828034096,0.006614600025765779,-0.019859153657549197,-0.0783655208555298,-0.12273514315928331,-0.007655290501192319,0.08906310843756994,0.012086625502620876,-0.060194253175661246,-0.13573141575437986,0.002156744645567039,-0.030954888261620624,-0.020632289921272366,-0.019531977813053113,-0.11794677414195695,0.016716610744847194,-0.04149570042888981,0.024172766104882806,-0.09981619065323412,-0.11490836982738654,-0.03029377052735204,0.07181704595157808,-0.005529597053838422,-0.07685167281586593,-0.12747295482460144,0.006179293903532048,0.08393597372209173,0.012430894637486978,-0.049420003725316644,-0.13585844613488532,-0.00357626656751585,-0.01967830819489926,-0.017753151640871063
2025-11-04,0.14766179004088395,0.013066628782725824,-0.010341341232125495,-0.10552401306514535,-0.010804135604657731,-0.0012470180928369577,,0.02590046684883265,-0.11665372000756002,0.1227453495098104,0.10492231028914265,-0.017855739877531203,0.002540327457591663,-0.013757181673271654,0.01818308353594913,-0.06412547513892407,-0.08899421562668765,-0.032126987598709765,,0.034776477015089284,,0.03951489601356299,-0.11768260523321354,-0.13578929749647584,-0.11269854366819872,-0.006135111033796106,,0.01866010660220921,-0.06648191818768602,-0.08233649740483469,-0.12032470430313186,-0.024823594455922294,-0.10512734452559741,-0.07230290708476095,-0.10129955677955864,-0.030732674739445937,-0.09236626453082732,-0.1143848222282356,,-0.022231760745209758,-0.16683628170017062,0.16585607740868244,-0.0663219646990151,0.04327675947450135,0.04432921346418825,-0.026011846251286264,0.001299997984838294,,,0.02329686035475953,-0.03950525854955573,0.052078702312008965,-0.1230275556922623,-0.019945126500845036,0.01691254330831565,-0.02831707640002533,0.02953915398913755,-0.13675652337123084,-0.007073583855477003,-0.08497459947301148,-0.05771663841286847,0.0954662491362598,-0.11164885726258941,0.004940870809331241,-0.10386697520156694,-0.013885015068014667,0.03559594810531616,-0.11365599245072462,-0.037498883170493734,-0.06670944856723439,-0.03150881019733479,0.05219447601048377,-0.12720733986891503,-0.009489818766005586,0.007043629881121458,-0.024380076825644942,0.03385046720962512,-0.1344699173372996,-0.004569716874652419,-0.08664313489802584,-0.04690269475154916,0.10111298273764438,-0.1119290413868535,0.024592441501896937,-0.0996507895458121,-0.04452202428925172,0.03775313307272251,-0.11392436501347171,-0.024115657142221646,-0.015856272167743102,-0.02362908445922049,0.05207936656889209,-0.1292820444714114,-0.012268881451438651,0.0013295840004245,-0.041456698235299336,0.0218929746304273,-0.13429271794644698,0.01834715035598806,-0.08493129276844735,-0.03207258667323733
2025-11-05,0.1062262180223086,-0.014070648637037964,0.03524800968542091,-0.09935616087663322,-0.04520670894314865,0.041414993784795885,,-0.005703853592793825,-0.06305667119802612,0.08402960075947145,0.019742727283155934,-0.025287080374687437,-0.004139785650345409,0.04128268919527069,0.05674594797135819,-0.041053221595061966,-0.0689218499237913,-0.03566773100610641,,0.08248232815707207,,0.10004336043270129,-0.09761860453454664,-0.13748859360334909,-0.08173939384276149,0.0008497600469181338,,0.016781819223395784,-0.08946649892785404,-0.07044537520650125,-0.10447589665465531,-0.026502021744347754,-0.12271153977345489,-0.08104121513009785,-0.029284634368530692,-0.015091409006434818,-0.09177153638413899,-0.1254935992326308,,-0.013128055576996053,-0.12323418516985812,0.12175429712472219,-0.014672670984291706,0.05905118470257269,-0.010600089076307486,-0.0575570204096761,-0.026827577314399838,,,0.04927730128950511,-0.06241988985436314,0.012396559691507722,-0.09306327775110478,0.005329139812531864,-0.008168717376948978,-0.03894158925574551,0.00517746360437287,-0.09701002623918564,0.03340823902386511,-0.05540472790486396,-0.0567493074992203,0.052810910738101055,-0.05277946237812105,0.043883867452511015,-0.06361485630706164,-0.06939883239150767,0.015702304135742456,-0.08351018446528267,-0.0025326841446094163,-0.03537028914910296,-0.035891506220585415,0.010005429644358374,-0.09191530101889363,0.009395758303321327,-0.012786028056034208,-0.05684490175044156,0.006329916341056472,-0.09483609556856856,0.04646143456746875,-0.054653416866875304,-0.057080140233261974,0.055958892852646235,-0.07806582339297873,0.029880887932627463,-0.05739845614633907,-0.06849937739369202,0.0154547091275881,-0.08210291148348137,-0.0031505343002003155,-0.022590901872380772,-0.03436197188399342,0.008007733832830202,-0.08718441599501943,0.026863952758917595,-0.015412317731999121,-0.04499356304791354,-0.0009693046708247301,-0.0908075832386959,0.062318233995945896,-0.060027467381735256,-0.08497422787621603
2025-11-06,0.028443129552044033,-0.02055119597775339,0.051303337597802076,-0.15084858336805446,-0.05650685095576036,0.07230075868792667,,-0.02630790398024459,0.20324942309582833,-0.17303621008516598,0.018108222848510276,-0.04471912712880738,-0.024586337181273704,0.15190587791607804,0.013057608385371748,-0.022516596640108053,0.025982322342582905,0.0616702892196386,,-0.05341910373116411,,0.09741434318771361,-0.03951468366862256,-0.07474145774122896,0.1767224613546279,0.01157462949332442,,0.004858590348649645,-0.10962186484391617,0.017252297442646208,-0.10575162219170149,-0.08152989538303745,0.18792868795586173,0.07281262502558769,0.00015700766016081216,0.1130211508325528,0.07181174583535214,0.08904245331606793,,0.0236169051525047,-0.1357235056341672,0.13982689835751033,-0.04842490913635963,0.04080081901968023,-0.006503568044347756,0.1024199947267376,-0.07531489763570778,,,0.038722883639938456,-0.05615441628836106,-0.12267127263961047,-0.061800339198316186,0.0240178159355096,0.07134385331106644,-0.008348825896362056,-0.0931811254511455,-0.0668286341812676,0.06687423286655936,0.11513134077394371,-0.06385477191197457,-0.030738820536098065,-0.019953691379897696,0.06721990386944833,0.08532360931682267,-0.08516528485136787,-0.10434460565948489,-0.0576150591062263,0.019357654884228512,0.10498557133465618,-0.03422525550311023,-0.127980635383901,-0.05738642997101316,0.039866530625300683,0.07276521809639003,-0.07513198683235378,-0.10466042216075871,-0.061547216064132715,0.08880137293112529,0.14349336006613164,-0.10152249639518564,-0.024860471324648074,-0.061059621238381157,0.056481795227573954,0.1296956355231827,-0.056828915670910786,-0.09773039770241744,-0.05450793890736998,0.020208543525832404,0.04047514719814511,-0.0006944859081116964,-0.13884842971927594,-0.05492145746767303,0.0531520014204703,0.08145491286907532,-0.06605927295730862,-0.07763840664314918,-0.05588879959302003,0.08068392358591175,0.16968353545840764,-0.0886779987233423
2025-11-07,-0.030572575483952234,-0.07814761855831351,0.06017736397318612,-0.04662523305150444,-0.04734842698413649,0.07542780367131556,,-0.059602350361443505,-0.08014667860201229,0.1115928272631361,0.011856268405414757,-0.03047444174086719,-0.0847483904215432,0.10149945955001057,-0.03873423074668007,-0.1201541906249509,-0.10350093572873466,-0.03172101107900093,,0.05514096269286527,,-0.005967032152558698,0.07661985353579319,-0.06830679520389722,-0.08444403643400948,-0.026730339740211474,,0.023477976599706636,-0.11004333362945014,0.10738976563281952,-0.019205638164360224,-0.07604594289025177,-0.07983803719211044,-0.01933614493431933,0.06312186578566423,-0.014702204447298505,-0.13330153206411566,-0.0634775030599147,,-0.019913698940011475,-0.13294152511951782,0.1315208356884758,-0.055721838972220245,-0.013077805164420158,0.04773252517638247,-0.020291459743341775,-0.0006130399869713379,,,0.04892436261049429,0.00810846827065442,0.03857965941021806,-0.059346996422287336,0.0031431967717585807,0.062024659576260036,0.06302208613261426,0.0932075798787563,-0.062430751109179214,0.03014249770440911,0.0961617144510691,-0.04548022273112712,0.08855139350072147,-0.025006163140439745,0.00906791322487107,0.09133797130892098,-0.008588125480498964,0.07319697101677565,-0.06001867152482651,-0.015126918039877956,0.05702602649907142,0.03705224732672654,0.0315866825255361,-0.05733781789672804,0.005349626359129098,0.06824727592770344,-0.02845349468333383,0.08202218961264833,-0.057422182032634425,0.019443669670387496,0.11315129602052065,-0.04004469584157314,0.0903804741373302,-0.06724758914195277,-0.021318295670633668,0.08640692945569677,0.006550927165782126,0.0810831370210415,-0.05340593800889121,-0.002884517408155044,0.03672357812088895,0.06763066209804329,0.023033529026284142,-0.05125503179217864,0.02053620794188485,0.07679931711594842,-0.04922372426554631,0.10159535528423327,-0.055448534135873286,0.01976190458925025,0.11999144715808015,-0.01645194095065664
2025-11-10,-0.0494156271061449,-0.037840922031531936,0.05186531382536702,-0.052761266295764574,0.10081422177752448,0.07517263349059036,,-0.02441420287527735,0.00936627118792642,0.021485805407610754,0.02355232645644302,-0.08246842687211339,-0.0947266617507324,0.07148909808621653,-0.06140236320283905,-0.1427665272324637,-0.03572065857717244,0.003393494428766612,,0.0038720642650989633,,-0.0052183291680347665,-0.0660189089404089,-0.15792832908374882,-0.0022485133763941057,-0.058451606068107495,,0.028296837625137412,-0.09911624138943383,0.10132064300060815,-0.0796146148679518,-0.02389604615853074,-0.028878790349458422,-0.012645875673578775,0.005752258341700198,0.0026417930717922465,-0.06324605423388666,-0.025256976862815157,,-0.04951091692794572,-0.14706051618661836,0.14657687031425115,0.016390163623519725,-0.03092881956789647,-0.0027288455310389387,-0.02837121456039739,0.12918400520699355,,,0.022534919101596954,0.02473673684124753,-0.09221808839696956,-0.10575515123442211,-0.04821169447741708,0.069487310164899,0.03042675651368282,-0.017230848848729358,-0.10381005423230676,-0.03592618350538359,0.07181354807380405,-0.02418816636060009,-0.06934095702966818,-0.04899781772415328,-0.0568250921902203,0.07633258197243008,0.011849596389556535,-0.06335977405278753,-0.10041660300211208,-0.057089667841035266,0.08574156170018006,0.03005813164294084,-0.10240945729214479,-0.09950445929143865,-0.03811311852459977,0.07241656225486302,-0.030445364861062706,-0.02339517059911766,-0.09907966126520937,-0.033768330788215624,0.06396945698543857,0.0002246092591578679,-0.0717785768606975,-0.10034096385896958,-0.0710547057322113,0.0662821082756104,0.01653065473802801,-0.06078285325489471,-0.09693843880946117,-0.05069246621976686,0.05390683083233565,0.03594828894597816,-0.11251122748635448,-0.0920935175210501,-0.04474037233839195,0.07350800539812283,-0.024084271985383057,-0.0018878811099612746,-0.09372460603686933,-0.06656950549521182,0.028436485486646894,0.010129112325215014
2025-11-11,0.027519634036848265,-0.05515257181179886,0.010546246426473362,-0.03259681987547943,-0.007670946701208429,0.030403522696905275,,0.02263228245066618,-0.014303293029874783,0.04030307790520451,0.0660588439530033,-0.028345630020872353,-0.08392879941288049,0.017433315536754868,-0.04221501248531213,-0.12848803733662206,0.08925969765545096,-0.01626276247884333,,0.04429013140560164,,-0.03902429990977579,-0.0916460521978361,-0.11034105795731856,0.0022437259531988512,-0.012645124984419448,,0.05097514394499485,-0.029140705600786482,0.02831296256718997,-0.11369912828169626,-0.02460700228490618,-0.04062327319685509,-0.07733020531013438,0.03890727716879537,0.06452057414229327,-0.0830719510365702,-0.03061514119934095,,-0.07464201486463352,-0.1397015254704655,0.13652427589120433,0.018308251312682593,-0.052895266118416905,0.015420704055859645,0.027320097740555674,0.13436635928793675,,,0.0061713037434923505,0.03658380919566287,-0.029474456606230794,-0.07868835289950236,-0.044748129832472644,0.0794597597582279,-0.005783712780968406,0.056080334912612814,-0.0821828293135479,-0.0415659391494885,0.025499498331143223,0.01756124810699366,-0.022967234278966162,-0.04344677512114144,-0.07113071656068626,0.04324050011521737,0.01618040345741141,-0.017349113245561116,-0.07539426825620628,-0.049406875311299066,0.07456688548380697,0.030620646991691286,-0.030967369687199025,-0.07379349473258764,-0.05461121488660878,0.0806176426611492,-0.005896631314337494,0.050026158385759675,-0.07984002122044453,-0.05652973898526741,0.0010555848482340703,0.012559156432784241,-0.027918703363230664,-0.06466924800807516,-0.07378525308981666,0.05015212610329613,0.036144203096189514,-0.013766880710066376,-0.07245035496416773,-0.043855689094561154,0.06937812856674025,-0.0003360544110428988,-0.031019585022593447,-0.07246463082304491,-0.04608077082018416,0.08116944660028437,0.02213828513101165,0.07747617174897933,-0.08054053040644187,-0.07445633110090731,-0.01067682383692109,0.01753629183562553
2025-11-12,0.004037582708885293,0.007577999197324873,-0.08253981527358088,0.033691048028823015,0.04233121334883848,-0.06400019061458188,,0.05441829586647056,0.04256351647766987,-0.012040102612965599,-0.019532941514358113,-0.05945094081098003,-0.058949832509300804,-0.0232150935414949,-0.04573596280915195,-0.18142377861114353,0.1408540474233135,-0.02258117602669126,-0.05782869623998447,0.07197133211635248,,-0.02991699164986545,0.023099429845544067,-0.1611696596927707,0.07385951490951866,-0.0037965251374293867,,0.09456837735747288,0.004113770126118375,0.06559066167393332,-0.06365670230123652,0.01459428043693514,0.039288959883708,0.04206630688599482,0.0335279266264017,0.07841013638310634,-0.06515967396347494,0.060844363898017444,0.06394819331721983,-0.15872343064468852,-0.13046819418291122,0.12882948894888938,-0.0035259793891366086,-0.08569183220081607,0.06258513500919072,0.037002301165278584,0.16257889981015733,,,-0.02545870116945004,0.07684672681145313,-0.013143474272000721,-0.12927219125099992,-0.12736924041898035,0.126252882367936,0.012469950802828053,0.02196714851698757,-0.12947787787835321,-0.13015111379255084,0.048465291499960504,0.11591077028816828,-0.06526764206040826,-0.09881162636374786,-0.1404302489597638,0.08044007248705806,0.10769912104679831,-0.06152081250986184,-0.1246359758737762,-0.12262051509074602,0.09392585862108961,0.0489674045740852,-0.011826808781812826,-0.12499088537188563,-0.13141785250486132,0.12845717126413153,0.11784070687301089,0.014904395634531277,-0.12431889596528525,-0.1495113320017401,0.03294121341080845,0.10077153872061444,-0.06308853698500294,-0.10990655987630231,-0.1251521966104512,0.06790057769237207,0.07973273405777075,-0.06026412115494085,-0.11914691139130519,-0.12086080548327263,0.12716078209965712,0.013994330610343934,-0.009631111095760496,-0.11557418604964752,-0.13232597968039964,0.12402004366460256,0.11003919337771512,0.05418235139821739,-0.12073771121155873,-0.15027364155372527,0.0508353161819377,0.11659506040391986
2025-11-13,0.0789698272239213,-0.029539677598783495,-0.005534877892285287,-0.009357752087402716,0.02157882620449267,0.006899341911744256,,-0.00294876413361747,-0.07912680683436735,0.11864957965276623,-0.036734262869297485,-0.10365413164553976,-0.03891537441951986,-0.006765250662816229,-0.05587994855244953,-0.14102703933717445,-0.004104473007170425,-0.017213092923187262,-0.008092252876765566,-0.0503659425136737,,-0.0864960870702406,-0.08985684342684505,-0.06784422271336646,-0.09379197031042354,-0.003750467100716391,,0.02539381356960708,0.07662970452462047,-0.06621325608079648,-0.10094747551574719,-0.061849565228145005,-0.1419726577741824,-0.056795158438676496,-0.06624531274833527,0.0641526856418762,-0.13970259663548035,-0.08533686379885819,0.04127124374587219,-0.06090844514420649,-0.14337075957950265,0.13673216023731205,0.021194705508798733,-0.06930697097165728,-0.07818487879987296,-0.07251246028310622,0.06856320232489753,0.07756598895089555,,-0.01922188049627249,-0.005716657374601323,-0.017587182800847322,-0.0767409505773389,-0.040388773752586045,0.06644748342231252,-0.014921076924637594,0.011849220160777572,-0.07882039698174402,-0.06474020897291785,-0.06784094188426137,0.034730594305062396,-0.05043299628762139,-0.09923298182723621,-0.05803315779819269,-0.024841286003798025,0.02839692406362292,-0.029986519964245884,-0.07144835386900264,-0.030852210513367093,-0.004423436868889434,-0.03582340845242054,-0.011393574448407986,-0.0724261249549007,-0.04105933670485436,0.06013010621787372,0.05510260346840809,0.00695703085266242,-0.0810156673751132,-0.07377952890937196,-0.05698793409511188,0.054540154365756044,-0.05252005910286737,-0.061460475247076866,-0.04863491236625156,-0.026594485165706144,-0.009758998727942175,-0.030842402640298517,-0.06687357772064022,-0.028148464455551095,0.060060251968169664,-0.017081879428688173,-0.0013199092432791201,-0.07200420032648844,-0.06741971563390814,0.051604826908398294,0.05017829369827381,0.052499294479037395,-0.08393475797556002,-0.061878582068471646,-0.032455626100715604,0.021459287137696625
2025-11-14,0.0610238085209813,-0.0514035907882642,-0.06949982603155454,-0.022510718149249802,0.08754999113587125,-0.04101623319828934,,0.06529709839782193,-0.00723779543292012,0.02957087601235799,-0.014381705803070965,-0.015518678896655707,-0.024858516054541917,-0.05425967468158464,-0.08192207944666068,-0.18696977256359207,0.19249142752263002,0.037175975221432275,0.014192455778469013,0.04140667638121621,,-0.016864552304142348,-0.12556799359763274,-0.08631379036380483,-0.018049508587950368,-0.0320248823900832,,0.061490107287107645,0.040432697530748234,-0.09368545886878803,-0.02714560832128069,-0.00668884265877233,-0.0445873242385178,-0.09259329404765758,0.02804797535717078,0.03709207440183156,-0.08209508106145687,0.01660250015220876,0.10213300041348454,-0.12318532001240846,-0.09826402181305174,0.09584451637960645,0.006349075575968785,-0.06778097024045435,0.10146790204726877,,0.14756150826375242,-0.008573201892793212,,-0.05305347993464906,-0.015470596418510646,-0.008498266788090411,-0.09989267136110526,-0.11282474146724943,0.07755633227637684,-0.07322582445687222,0.05525841027355542,-0.10193670293602035,-0.12064379352535456,-0.04603381826974453,0.09794213271715889,-0.030934963646657675,-0.08388757301775984,-0.08562793093082509,-0.06694137347974884,0.02410663822023537,-0.05526303242674436,-0.09042084891496001,-0.11344496206143587,-0.054219568598744536,-0.028102284015936195,-0.0039298204768613435,-0.0953641160826372,-0.11704280507885179,0.061356181711876005,0.0956997825294543,0.05541651451083781,-0.09736011096707178,-0.10908887367688587,-0.048988055772370045,0.06499318327012782,-0.021961545106156673,-0.08026759475089718,-0.07951853675495414,-0.07309394559378093,-0.013411830957980337,-0.0515096356664054,-0.08359960926691419,-0.10266701293301386,0.061452900553005195,-0.06692824878050964,0.0014221165421046701,-0.09143709164636965,-0.11413711253658365,0.04003834971449535,0.09246167795313519,0.06633921434482332,-0.0917431744984563,-0.09239127543569506,-0.049816878111453355,0.012331922830702044
2025-11-17,0.11869493525188929,-0.0759163632826703,-0.03368638379309205,-0.05944816830169331,0.035298080253135904,-0.04392822708202367,,-0.017822411047998633,-0.1646731531138524,0.15451460811346773,0.06845416288062936,-0.059618686064659025,-0.056221311353614495,-0.06988789643100307,-0.048783391079320795,-0.09577426331202149,-0.06176021728997188,-0.05166113427426435,-0.026367232908407517,-0.0018195701287630445,,0.008715559430874799,-0.10145304273648546,-0.08849839848182797,-0.12611893250719153,-0.07388323932311279,,0.09719612819634105,0.005215226590618534,-0.07438814977345856,-0.053588126068070265,-0.035177525031617966,-0.12896741125113612,-0.19154192758191435,-0.08889108818989262,0.08919837149906196,-0.08860042203966226,-0.07999096591064646,0.004881673458181091,-0.08225038139236117,-0.07913836347248979,0.07251540869796434,-0.005267533183269239,-0.024548169016721296,-0.02764223688667743,,0.028585883097591615,-0.02853710814417376,,-0.02334224116778076,-0.05538488989726742,-0.033980600671206,-0.05513699117919279,-0.07040355684635462,-0.017302050863706588,-0.053047755876052934,0.05274730636614084,-0.06185980822397905,-0.048446178255701806,-0.0854628789477993,-0.0018309655653371668,0.04485923487256333,-0.07856564017730316,-0.03926515823009498,-0.109469419358327,-0.046029359629634975,-0.04654465157794952,-0.04902420329696228,-0.053874039119940764,-0.1038237500393064,-0.0819119357442358,-0.027991356630293857,-0.054124349605498605,-0.06981361720398016,-0.035361420964211895,0.039132975102042125,0.053108132098715635,-0.06323665326162807,-0.04202341617453693,-0.08698563942651298,-0.034606688083645865,0.053166574516030025,-0.05164339520809699,-0.014772214691273076,-0.11742638623050346,-0.05589459722375723,-0.03530720183573484,-0.048410852526653024,-0.06292787332201355,-0.041342807842032626,-0.04860963922100081,-0.0286121830223631,-0.05327575706645374,-0.05089880545978663,-0.04728574469338173,0.012485629000195893,0.058446860995474234,-0.05988263435336372,-0.036160996459602524,-0.06995679185214053,-0.05393861109302182
2025-11-18,0.14700387442764284,-0.15339650169143698,-0.02315130531820037,-0.12249660957905477,-0.06594085887166126,-0.03098949473493404,,-0.13651206776424774,-0.08584418169879404,0.08044396813917648,-0.03289706848846552,-0.12968753634466373,-0.1657060731905321,-0.010205030499526058,-0.0995440701070985,-0.19369018409756178,0.05005412862849879,-0.08642713994837509,-0.07604013412114463,-0.007576585112450542,,-0.043100168458717135,-0.11765686505948411,-0.14948139805592633,-0.06044763598464256,-0.07253990774687577,,0.17059114824188365,-0.06686375378132065,-0.13572781819660676,-0.1280745484397222,-0.017336486434805964,-0.09399856103043046,-0.07199042265506607,-0.1685956897907396,0.03423145609043928,-0.09764183804170182,-0.1169891089468421,-0.08494444712226104,-0.12259862571357241,-0.09925158644863002,0.09337893468538959,-0.09306961817231654,-0.11092685609683176,-0.04336205094586871,-0.04399347986889433,-0.034336972204253746,-0.020703014974559505,,-0.07882194593302762,-0.0330301671687075,0.021853139315471237,-0.08301605171192016,-0.12441025521440154,-0.10995669182738382,0.026235342973878868,0.13032841209577242,-0.08984093471857185,-0.10674548641069483,-0.15650516650896687,-0.015458034525716546,0.12187106947312068,-0.09387374326300438,-0.09561278599948157,-0.15289572919160196,-0.01350490917174783,0.05886236429234648,-0.07919965815485762,-0.11726305674314658,-0.12467814272303303,0.003292877475594182,0.018392973610189173,-0.08377003179968674,-0.11175204011268192,-0.12456397929260028,-0.000608096258774229,0.1320669752643367,-0.0894552271315244,-0.10392406381044053,-0.1437890559148075,-0.011802025553145995,0.1257433666337829,-0.08197463788542991,-0.11376227459828489,-0.14514802498757853,-0.030213783367550998,0.07003436751861444,-0.07637845866551325,-0.1214961297560579,-0.13127050553660866,0.02756954438857382,0.01283881476903394,-0.08327791607709026,-0.1074007227750183,-0.12357244667378173,-0.01611555857771009,0.12396474919772643,-0.09047022563464692,-0.09345347480985791,-0.12077632882219055,-0.008201343540611784
2025-11-19,0.13229254343941227,-0.1402189947801135,-0.015672481506972088,-0.08522589183007535,0.02323672232588865,-0.010923820059503769,,-0.1111668493412026,0.08890653955793244,-0.05624617205169559,-0.020442171001895895,-0.04910543636605463,-0.14136917721281478,0.009354197934284098,-0.08269425945735687,-0.18589131832569475,0.05912431566058428,-0.0072433683203453085,0.006434578963809425,-0.06333845670125901,,-0.029308040581245143,,-0.17305125559156576,0.12419183777892923,-0.08737119948870581,,0.20571580604394382,-0.13952195871918757,-0.1786581036005126,-0.0671425526332128,0.010443946080025239,0.10420799538738945,-0.02115753572059096,-0.1684939984397848,0.08297425463267492,0.025276241230455864,0.029770457038382988,-0.032482448932520294,-0.10595309914644517,-0.1019312334004614,0.10183060856973053,-0.05046467409935649,-0.08565136862788876,0.07721488106584133,,-0.04992725906044071,-0.031969991877205305,,-0.05928176211760589,-0.04429812883798242,-0.08568840671099809,-0.09499355131440565,-0.10625217416478451,-0.12704868828126617,-0.012951504966392196,0.0024012188043109274,-0.10097333909616542,-0.09838225909359845,-0.13098228334669926,-0.04767400887069169,0.08092693081646268,-0.0915993543778918,-0.10282621291374058,-0.1653922997074032,-0.059126895064709625,0.005014996256016516,-0.08429930194881309,-0.11033251164506291,-0.13379926625901528,-0.022225548872576564,-0.08300137557183553,-0.09405407543234699,-0.09487630141007442,-0.1295804277835661,-0.020301128591283798,-0.010155161463522081,-0.10320731702267412,-0.08958985223927295,-0.08891062608473697,-0.04287027976445253,0.08742833856612381,-0.08778260905911894,-0.11691731411649095,-0.1305281267706192,-0.0459599594713983,0.024336211875687075,-0.08405069727303753,-0.09820992275570739,-0.16373413013536567,-0.014639806849046583,-0.07706273358030623,-0.09422445653702123,-0.09041707328916956,-0.13435012677584202,-0.03336591069711081,0.004281916774199647,-0.10186177810549221,-0.1061315504591392,-0.05618622487678288,-0.06570319850900408
2025-11-20,0.030766591908606034,-0.10879436863024727,-0.0337216287325633,-0.025046598937947803,-0.06166537598140707,-0.019611546990014318,,-0.10738176224162897,0.07336147047622382,-0.06320208417458553,-0.040349297579972104,-0.02944599277106052,-0.07373086816328321,0.06828360780125624,-0.05522221696745162,-0.0897801898297262,-0.05129400706668125,-0.02887884180655091,0.018510403907831548,-0.019764635317130807,,0.01998230055317752,,-0.0953729875968309,0.0921412162907372,-0.036860425427926696,,0.13977490105194887,-0.18545222122329613,-0.10533686235135466,-0.017221076328918013,0.015278340198370854,0.08510353697371542,0.03513110396171956,-0.053916517230638034,-0.00026672119858412146,0.017075899964519973,0.03246694369607953,-0.04396349868491046,-0.0650289944268795,-0.09588875502873069,0.09431067394203745,-0.029766503208255555,-0.019249728838884924,0.02334578459627269,,-0.03353966847697913,-0.07022069967131289,,-0.028768551415493678,-0.07142437359249282,-0.002706638540049806,-0.08930848525628926,-0.05876318170727724,-0.1641630364976402,-0.04129779203140143,0.038280911274815,-0.09717657560308483,-0.03508632100811421,-0.061271573224547383,-0.040142375889225625,0.14353535673772308,-0.06352721342684066,-0.050071930893075,-0.08777159574507447,-0.08055953706708584,0.061657292364702534,-0.08691141895834088,-0.06504802153799215,-0.09350683159542594,-0.07277923913973157,0.0033069016649893016,-0.09186101704021525,-0.05353746837420404,-0.16034455862184596,-0.045534831228078415,0.03733232978366108,-0.09587395475830927,-0.0533744064294131,-0.0257703976465012,-0.06232093436870262,0.14922291985047387,-0.09081944017325073,-0.049205496227854924,-0.051365435328386694,-0.07196691682884582,0.07296029827597186,-0.08655689330792546,-0.05325803448661436,-0.1862658125813897,-0.04323641764626375,0.010240447843438649,-0.0927760347709513,-0.02649952695871586,-0.1520914612288659,-0.051993864945809216,0.03194738922419714,-0.08766027234116779,-0.05411875167979176,0.010019313588220818,-0.06839383001246392
2025-11-21,-0.04613506889348212,-0.07183289102173476,-0.028603454432343897,0.06934570347149091,-0.007994684332663503,-0.10367492806142187,-0.1472952295819889,-0.06544078476411927,-0.02425079845509805,0.03699499075519571,-0.04855161377150531,-0.11831778829900239,-0.0674557674193795,-0.05833628337601229,-0.009516056484205252,-0.12032632374200382,0.024669737191329543,-0.01188573212841896,0.17865003980186328,-6.600148464516049e-05,,-0.011362787923036344,,-0.2150462296798037,0.09627145207725489,-0.023727986877751985,,0.051348572482530705,-0.17198172300917206,-0.017959105558454657,0.018563306407972237,0.09298267850292084,0.04498864221322304,0.05134304582560407,-0.22823935100905773,-0.07430749236697047,-0.04930620933948651,0.03213327224160513,-0.06905263211286075,-0.1417616919572625,-0.141712604737571,0.13856254699367185,-0.2085418486342984,-0.06822573796062077,-0.2141165300752644,,-0.020634029485681604,-0.11848392718758767,,-0.055943258595295205,0.12635458092077825,0.12056590847215644,-0.17358244730318048,-0.1355344068056997,-0.0429632439747365,0.1613663552341783,0.12563174793682794,-0.16916536139547386,-0.1316297111927444,-0.004284127387668067,0.09544132352400346,0.15892299771291563,-0.10551770701908793,-0.09158703613546552,-0.017771301472978316,0.11627159884478026,0.14161136094320453,-0.17158468183091966,-0.12386492429539904,-0.037238667025901076,0.14030853105901783,0.1266885285172082,-0.16981704370453543,-0.11650875989251186,-0.03450044674097046,0.10740740908414649,0.1238800920827557,-0.16032859459237775,-0.1246172592198002,0.014804876973238942,0.11515026394462641,0.15877789119677477,-0.17236164602749887,-0.0826196444108501,-0.02744366381858553,0.12307270409162395,0.1497261769585198,-0.1666020147360671,-0.1262127786050781,-0.07417634885611275,0.15857023854178964,0.13593255525774767,-0.16304050939804512,-0.12410444285170391,-0.02719274805774086,0.08942727304326183,0.12686554532391195,-0.14454396680410178,-0.12266128435495034,-0.005440348327388223,0.12202696308991443
2025-11-24,-0.031816143165532225,-0.06264071866377026,0.006569895333439999,0.09528222520218614,0.013016175560052246,-0.05863731463221503,,0.05021046130219482,0.016166210412215172,-0.004605534968117682,-0.08954624257655326,0.0184995753114273,-0.02477433988819645,-0.05482732734202979,0.0290848751901994,-0.06757127168557472,-0.006750154794381188,0.09315712581933262,0.23074754848168544,0.03626528362564898,,0.039034464728705615,,-0.2460135828982101,-0.0477733775190594,-0.011831136542631675,,0.004408036575988507,-0.07247450480178304,-0.015983127447258223,0.009360632956627089,0.15690124098745123,0.007930697020514898,0.03573887229055543,0.0037815853155343643,-0.08667730935616606,0.057056765353721145,-0.006960677788926273,0.017401527875457755,-0.11026786571072147,-0.16594161722676762,0.16411851446125528,-0.02565731113605241,-0.007229679994858892,-0.0377529150168513,,0.06165764706935943,-0.033163795850903996,,-0.051079395364720274,0.12446717317737226,0.019923896856884553,-0.19572983321431883,-0.11924034084900599,0.06417204582092467,0.09983290133392406,8.94405385031267e-05,-0.18156094113978763,-0.11339088786057172,0.014054118785699071,0.12313093985114366,0.01368189339220053,-0.11492109456654263,-0.06651463195392349,0.006884116775220775,0.11385854926125077,0.020776337750115708,-0.19374958495233402,-0.12177457531486134,0.031117769293515934,0.1253148457190254,0.02010007492893507,-0.18742157136940926,-0.11752621453427553,0.0675027330888374,0.12162573178587098,-0.003820572102246689,-0.17043665499282168,-0.10220274143267671,-0.007545998041425206,0.12271214577758087,0.01336765732577347,-0.19155530714162158,-0.03840904061461452,-0.004733297302263493,0.1187845742281081,0.021093641209991024,-0.18852243243415823,-0.11166769956445577,0.03806750200591776,0.09785713356902812,0.017740644760916784,-0.17572955887069633,-0.10991002781028143,0.06671562404216218,0.13084709263196678,0.00600523506846981,-0.15893008630378186,-0.08763084476058534,-0.024427278076680166,0.1137713263025547
2025-11-25,,-0.04907581303320675,0.03258811292301058,-0.022235633615367456,-0.0037231924068419566,0.0029237926818361927,,0.04299759396226055,-0.17367605625300292,0.1797109451158529,-0.0689115393458947,-0.021177581603911814,0.0064367987317425,-0.07399275534030904,0.06615589228263986,-0.054467031993191514,-0.13838448543581885,0.05395389477161174,0.20882943990238909,0.038975899974197335,,0.03956303689275814,,-0.2465696360004355,-0.18511530405807022,-0.06775260650063566,,-0.038158852082320956,-0.03324757520531178,-0.08449985185199042,-0.06991720271618518,0.11914165774281073,-0.16884780393846818,-0.12602336921915655,-0.015368984247983514,-0.11507496463319578,-0.05086404164338266,-0.15135870875765697,-0.05768446395903113,-0.044661747243758834,-0.14106434510882984,0.1355882599125168,-0.013014399879935738,-0.006091062194363163,-0.017337070224608217,,0.07662874688499069,0.08342618838090676,,-0.03575472569318367,0.04638920357089758,0.08694016308288782,-0.15135998847670276,-0.07888345662274295,0.007514948969624639,0.035692504765828276,0.039001606587286346,-0.13891858114655764,-0.0636670945982382,-0.09003289340282095,0.03788544939261423,0.05613288789364121,-0.08202211246772265,-0.0011098797654793724,-0.09367536584043765,0.03162940643756563,0.08364292275104297,-0.15066482117798394,-0.07532547211940425,-0.06437330299729338,0.0247745947065917,0.08767161812669516,-0.14178733258570733,-0.07445312405130924,-0.0005539821417653163,0.06790534169399222,0.034595023702733936,-0.13269820939379873,-0.04643478675232774,-0.10194860147729778,0.03055526543741554,0.05910225793725198,-0.14748317668756336,-0.012208121187968237,-0.09279704260520448,0.03388569354926764,0.08327566247737099,-0.14168299657496675,-0.07235736927099101,-0.022394507718308324,0.03404556011980703,0.0864478999495413,-0.1313713072561834,-0.05695890700385963,-0.013199637130113129,0.05934127006274683,0.04058070672169252,-0.1258684015595331,-0.030403410264911807,-0.11306387481583172,0.023706250776262053
2025-11-26,0.06351073229065034,-0.0233921016565307,0.04479315847352842,-0.043359288879578836,-0.05278045012187803,0.03242284189369059,,-0.050816180058886336,0.042479945256083694,-0.03899887219263788,-0.09672010909747687,-0.09559397306325118,-0.013500639293398339,0.005602005892079507,-0.00727603507707884,-0.06587354292399916,0.08563260644669105,0.13207709837605514,0.19910444402458755,0.05985220846960929,,-0.056852639905054944,,-0.2369957201304393,0.08566744810439557,-0.07148172966482694,,-0.015042740216222136,-0.057655673033504315,-0.06043089460899139,-0.08172775889117773,0.09639297663597725,0.09248535711837877,-0.08069299820700071,0.03252704272621513,0.0007505191947038894,0.07708432423516991,0.033345850745759,0.0005835509054532724,0.0013827194825728006,-0.17635490883385058,0.17502472144354272,0.010210042189234268,-0.02597400045237628,0.04387644261299095,,0.07132121030485258,-0.0797742815916496,,-0.023706123298247787,0.02213283190786198,0.08443332827404808,-0.1749258330210532,-0.06288090766044684,-0.0029431449696408303,0.054001028809434505,0.014760116177398334,-0.17181762251731958,-0.059898206745141264,-0.04940722128982098,-0.01800993865745598,0.07886007713991709,-0.11233845641664425,-0.03696208818768718,-0.04428841691374827,0.0047641023875004485,0.07721575681417643,-0.166975285201074,-0.06084739374320997,-0.01284690384795024,0.057646152417830096,0.085965129383322,-0.16407026095613328,-0.04946425668767732,-0.0076218547672556,0.00038194871209964624,0.01762796334773047,-0.1708020706996574,-0.05216480517767838,-0.05299622791146155,-0.02684452645511719,0.07800757771132003,-0.1621843837358933,-0.04435368914532289,-0.02742562084191083,0.008616634444994378,0.07525320635448031,-0.15777727859620436,-0.05381955849821205,-0.018698668173990924,0.05474155741328186,0.08167753546418274,-0.15749215243006506,-0.05050255045357139,-0.007810600954117933,-0.0026813709071530226,0.008672869333643115,-0.16081477370216973,-0.07710802349005294,-0.05125284697892207,-0.004538210360997272
2025-11-27,0.054184904877714095,-0.0321699320745496,0.02260096843316231,-0.11942516377880424,0.014145694212907654,0.06617960724257076,,-0.1454159878508794,-0.054564715671069346,0.05744987611403682,-0.03489629572227436,-0.07376719947894121,-0.03398143112708232,0.12024981607651215,-0.07262914072489969,-0.10711951029116948,-0.16683043186061902,0.11839931404862107,0.14330042026002754,0.007964022049743044,,0.009261774446099935,,-0.25548329632610406,-0.036331080348962715,-0.09143884287004932,,-0.04047189329541801,-0.08913083916286378,-0.07664139106528765,-0.1198499802602591,0.0660466810879573,-0.07406933448502936,-0.1082280201220532,-0.05411732070855046,-0.014925104291631752,-0.011512841713799689,-0.096017448136084,-0.0803701843769837,0.010608693722187078,-0.12481721599118815,0.12390538382127322,0.06350721534697698,-0.04322291016186515,0.033629596160058985,,-0.019518899048286777,-0.002920257500218478,,-0.06552038303737003,0.03982165910382766,0.04293043514933985,-0.12073528553341532,-0.06646081978673957,-0.0689193809119745,0.05088480246568309,-0.009845655819520844,-0.12999177108966847,-0.07890418150278462,-0.04950586433594644,-0.05595616417577534,0.07368376614395993,-0.052019062280765686,-0.08493050727631998,-0.026613423812702968,-0.022086073374153088,0.08689280256756661,-0.1113154162729978,-0.06769868663363904,-0.022362710678022854,0.07339246183522752,0.04011671868762257,-0.11428828939858786,-0.06542136116776572,-0.06472484293142967,-0.05780344793731681,-0.0036176846203705448,-0.12565553532628784,-0.09965512532815651,-0.04169242500239308,-0.03796037266117437,0.06304098854727037,-0.09821726082625978,-0.07319886519044812,-0.0035558018771581525,0.03426630400626847,0.08870632284465634,-0.10074714689812804,-0.052406049083211975,-0.070387002183014,0.04983735614281295,0.040181831702035264,-0.11183936238181377,-0.06257501137637624,-0.05846145340968378,-0.06005384188294965,-0.017172167217461263,-0.10834972493427204,-0.11987211573319922,-0.011906580169097594,-0.015886968469540384
2025-11-28,0.10813211089041053,-0.06963733549638919,0.015377722634433984,-0.17013970410480211,-0.06956643748358245,0.08310797728553083,,-0.15635322667211465,-0.10223272719924323,0.1673500678856129,-0.016796563803311484,-0.08824297576461461,-0.10297201776691993,0.0892256021495058,-0.11821793211317642,-0.18955480110667347,-0.1853423595616018,0.05508299894182796,-0.07465319211829377,0.03195929802940937,,-0.059328732876321476,,-0.24431897187317317,-0.20094573210388395,-0.11759541101197189,,-0.023605978868776377,-0.13961973794644458,-0.054964986873009505,-0.18624693662624742,0.001162038629689835,-0.18577686681809744,-0.13153356786481307,-0.02548734462556364,-0.042688738643692804,-0.09891133909145673,-0.20862798058485943,-0.19608423137746658,0.008097248687403183,-0.08638428993838833,0.08186528369537212,0.09880295417283873,-0.1279714375901415,-0.03992361860294429,,-0.08699598560325464,0.07239638572326698,,-0.09290338962723264,0.054516461351377096,0.025049600348224357,-0.07345792468938254,-0.05527671407988286,-0.10917474168248671,0.05068994625609246,0.03845730028258852,-0.08306077722838093,-0.07965624407898751,-0.025728699095806752,-0.06974325573970229,0.056078069427801865,-0.04208204950009439,-0.07541176992819966,-0.008898651618189635,0.0063868720311079305,0.05100121461359203,-0.06468828671429232,-0.03894969332244258,0.013893722951317694,0.06734979762849065,0.021677638952429683,-0.06868852321161711,-0.053749467451771886,-0.09768464510376645,-0.09497180706735185,0.03997173064029637,-0.07305734283058449,-0.10146096467142594,0.011952711334259779,-0.05440527922868738,0.04342949107033945,-0.05408647529170935,-0.07336061341339145,0.0088292076901447,0.052933266700943914,0.047755130782971465,-0.05489418975711174,-0.037960129486025,-0.10697747870725181,0.048008753464294084,0.013674479064412505,-0.0647044415719905,-0.05846648502005017,-0.08253936089924656,-0.077126787823291,0.03555489217754321,-0.08203556343611701,-0.10467452896840307,0.03235146148741911,0.01645464299081189
2025-12-01,0.08209579883334182,-0.033826912752986646,0.005705209311852295,-0.25311231378364885,-0.059145834806088024,0.04780248151462869,,-0.10570640401367075,0.030711471635153458,0.016916117644068744,0.041707897089131224,-0.10180596982777267,-0.07794813073228188,0.060084660291522804,-0.1080285779472421,-0.2211054073154269,-0.039727789966778775,0.05449281180661497,-0.16190912822763742,0.04400070778366509,,-0.05385391757177275,,-0.28573137229519124,-0.03972485132849794,-0.112162987101569,,0.043044083091871015,-0.24221578867976137,0.0008086385864555239,-0.21274225023496382,0.023389056421406193,-0.018331271444002137,-0.010341477315706267,-0.05054591074050158,0.009475515895410359,0.0009427579589178856,-0.09233421631148207,-0.19148416768224888,-0.04048421978905755,-0.07565260323027113,0.07641416991575141,0.06749979275882503,-0.0953241506681895,-0.04572526865287894,,-0.08463196296054555,0.07709719628655855,,-0.057187762183354085,0.09565818305433484,0.004189290115677753,-0.06279384947970022,-0.040014730745000095,-0.04967991742428865,0.03665254221541063,0.0024326914369998533,-0.06818297440623952,-0.08236175205235004,0.05234688185885561,-0.026193522238386252,0.024482536176996108,-0.05586757856612756,-0.05705659751665756,0.05317451214714454,0.07137292824776566,0.022006748200715624,-0.046914234290800196,-0.03241430017234196,0.11166169157920265,0.07200099745854979,-0.004305272346319416,-0.06005238055477946,-0.04581102507989827,-0.032812456047143515,-0.05215286110849655,0.005271743370978938,-0.07872653807164197,-0.08142451264380365,0.09543527536031028,0.0415200396500434,0.013426348630689778,-0.03527790256257139,-0.08881412924060325,0.09386722264813951,0.0950185351107343,0.022528258166872032,-0.04559499691004806,-0.02871192716532916,-0.054067442653594235,0.031201461861622037,-0.01047639406248093,-0.05008889657724152,-0.06704907329682926,-0.011661892390381652,-0.03656268186686546,0.010882231764678943,-0.08087597934215611,-0.06992357143698222,0.12746988516501925,0.0848167577097604
2025-12-02,0.08315421243098847,-0.04234483622136928,0.00783686394623102,-0.19118450665248682,-0.11637386845037712,0.029527830101635857,,-0.11269283820213694,0.010238857973308247,0.009798258522664745,-0.024446187333107966,-0.09542988744719437,-0.0872282792412008,0.04577064977644116,-0.10550898930225588,-0.1863848740326458,-0.10649006412294844,-0.032204769781491165,-0.3176805986426772,0.019160771794566565,,-0.06766630050239941,,-0.322713562423113,0.005661950338236139,-0.10176879569750427,,0.020496140340198928,-0.21670532052269506,-0.015739207518810572,-0.15489769807332646,0.08871330302772833,-0.057954433789510526,0.006207222766732187,-0.07530009834940608,0.03600942242651579,-0.03123035241662204,-0.12833496841275352,-0.14636101379867855,-0.06272941774419537,-0.060440531163218104,0.05699888378753784,0.1145160324317403,-0.07972963976920043,0.024106278660171683,,-0.07618087299539357,-0.039507382121717075,,-0.04013778073150682,0.031464052617011615,0.10804930445310605,-0.04701809113515377,-0.0770958741206265,-0.11837935799900018,0.05749148148767214,0.09920852173616125,-0.06326087352128566,-0.09561252974556103,0.05931852023027808,0.01955429712172638,0.03605306194506638,-0.016730237475202674,-0.09555002457034856,0.032410604666193985,0.05804090222046666,0.0945840073155674,-0.03185634512552565,-0.04842782872044715,0.028860117907903056,0.002302742922144762,0.10409269405486896,-0.03570944140380777,-0.091602893922103,-0.09818641837993565,-0.059711149773958694,0.09340428027769392,-0.06340628957377273,-0.08753637575695294,0.08888630459082504,0.05202730913531128,0.020968001115298913,-0.012242796016158327,-0.09219903439384824,0.0866672699219413,0.03487402092546026,0.08528917155124328,-0.027988323455699574,-0.05584626615923914,-0.11589439941393932,0.04875494828760589,0.10165650027579731,-0.04560821899715961,-0.08181376093199316,-0.08016527720240255,0.004615850133834434,0.09976734402077186,-0.05708675614688071,-0.11474504722358704,0.10223634464457684,0.07455791972398815
2025-12-03,-0.04909768099494089,-0.025697615142375146,-0.0018075408707418957,-0.02843573103361537,0.04318855217048579,0.04783521251928947,,-0.01741732326109568,0.13688850448159434,-0.13913288696893425,0.027980796345142354,-0.032431833975964997,-0.06829506785085215,0.16289516195239348,-0.0915614202193127,-0.18865382149555118,0.006175235707368467,0.026367186726059238,-0.14710892402158587,0.12924492305314567,,-0.06885822783877159,,-0.2701312203594739,0.1613059991410466,-0.0972979276824832,,0.13926164051291992,-0.05523257799918586,0.09725138882756612,0.010584432055988267,0.18081426109947382,0.14975964159738822,0.10933822701349724,-0.02180090007524116,0.12308806066452478,0.11167873469272789,0.09001256833620448,0.025044170076373298,-0.0745386661023611,-0.06296504321792308,0.06509884310309569,0.15977476695204001,-0.09441818394945099,-0.041626281146292556,-0.06944552102981394,0.07171175478461593,-0.06733495411050328,,-0.06143061038290563,0.09448722225047528,0.03682151716285509,-0.026134365708238766,-0.1128323352802887,0.013730848033501289,0.09057773931424633,-0.009530214735686632,-0.05668866023975437,-0.11031845814426236,0.14185971425976143,0.12496558928286358,-0.13270424687319476,-0.029877791247004508,-0.12897104264578307,0.16315055302030027,0.12209770700930125,-0.05749394172852132,-0.02033169266632646,-0.06496794445855875,0.12713030198928266,0.14384400249961554,0.03016981064560628,-0.03439297119056811,-0.10029283940333099,0.026159983871429197,0.06774172006975665,-0.025126005016186784,-0.057575192940666486,-0.1353653980579614,0.14820558481922053,0.13379522179562545,-0.13736960523799338,-0.010661674038025627,-0.12269375600159846,0.16888429046684528,0.11114706537225974,-0.06751391593399284,-0.009032276314672853,-0.09030073658385622,0.04359774759037175,0.09178204517936588,0.02056317660410926,-0.03949161035215325,-0.09099249098394192,0.03700217249353031,0.108094799098145,0.0013723078563777384,-0.05044031275002166,-0.12551552951112907,0.1731164868237347,0.13435185318663534
2025-12-04,-0.05832747597402784,-0.02748350304616263,-0.017411422407881134,0.021107272122191215,0.13215733800592583,0.076435597039937,,-0.007736723608055005,0.01101156641138342,0.031069355593158262,-0.018973668369427852,-0.06671777404550197,-0.06377226726127316,0.09968400854362716,-0.09065686906369469,-0.1965232313074636,-0.08249208211879391,-0.13706100025647613,0.024916194466615027,0.050167250393166066,,-0.0916050500745613,,-0.27873202084805154,0.05725651426927928,-0.06676942964693967,,0.15620089443496538,-0.0009207383241050047,0.047425747488996285,-0.0180981984375274,0.1479050925262077,0.015774718041089465,0.027575548629881052,0.011010900060956728,0.10738839545418749,0.026101022126714123,0.006126751660276426,0.006779741968061499,-0.10134886240724142,-0.08231207799223564,0.08212106666899129,0.12811409289626755,-0.06334082710720507,-0.02770732580128811,-0.11339293690077516,0.11676837342790802,-0.08073313105622278,,-0.0808683061786648,0.118261953963418,0.07302890056665619,-0.04885416031077755,-0.10652834070791035,0.028674485315587667,0.07892879901619827,0.02672823810990197,-0.07769479428348,-0.14510542920495495,0.03648458042080346,0.13976198734067458,-0.060128130499942235,-0.07344835511185993,-0.1467589321173812,0.06622348920699168,0.1156947591054939,-0.011126661616804878,-0.028468473814250588,-0.11768533535726172,0.030891274044262014,0.08181129606046293,0.06897469515592325,-0.05841464857151726,-0.09416191996794673,0.03262794485228266,0.11739011766911842,0.016963223711540718,-0.07783494284356941,-0.14283536300503538,0.0487462803584856,0.143540135231911,-0.06274791087146586,-0.03390300156955198,-0.11755911148865868,0.041886451139007276,0.1357324418044523,-0.017622106037934585,-0.03711846651278199,-0.10720937655055016,0.04490686350251653,0.0837559847638743,0.0638038565796293,-0.06693501943664305,-0.12866402289995474,0.04289626359357421,0.11650358968730497,0.02422598940688205,-0.06655103631768419,-0.12850106355544666,-0.004254420858839356,0.1340388236440145
2025-12-05,0.1024214914027481,-0.09320318806181507,-0.049690365257555234,-0.04240784217014638,0.017406024397361407,-0.07278318686427963,,-0.004540732594243729,-0.1902668420983225,0.2027504808569031,0.05707548540199269,-0.11723260164575944,-0.12651015259571055,-0.041804862582809084,-0.16461404327567686,-0.2702078841790539,-0.145536368922567,-0.0882571311435449,-0.174829466243392,0.09660846432345926,,-0.03764760322785915,,-0.31955152008065363,-0.16879132356040497,-0.09186435050546414,,0.0027405724100353994,-0.09647083852444668,0.015650156196033615,-0.16895065907976808,0.0764779044370732,-0.20845546893025943,-0.0964366221028412,-0.04992792196033544,-0.035470438520757756,-0.10905308016675007,-0.18508309274117665,-0.11442165889303686,-0.22019807105180583,-0.0535596043008006,0.04701636659507042,0.14381715483528204,-0.14846478280746842,-0.06993917268358979,-0.14129375811641273,0.09456613432154999,0.08263705589263137,,-0.12439834157215732,0.05101154886902247,0.04934357602485449,-0.034423081463647975,-0.10922041000909892,-0.011945283549596187,0.01811996760210955,0.04008544164089403,-0.054523278316871544,-0.1710859422513284,-0.021884001566782083,0.10091287544640452,-0.06439721147643922,-0.058266436679201214,-0.16782973050338126,-0.008350994324444748,0.10025377659753813,0.026342711976914224,-0.014343823360341177,-0.13717876350778888,0.03425115024123747,0.04499593942578702,0.04253269073284472,-0.04299196920782679,-0.14559542388328514,0.007187995454317799,0.10463972994103689,0.03439952983645519,-0.04936655368203296,-0.1641334978750937,-0.07383385174868784,0.09602849423581533,-0.06719381597880567,0.007111889682837428,-0.1668003851912192,-0.021604188434630547,0.06191954380484215,0.018366908595828013,-0.02593604182522937,-0.13182210230314692,0.005226895874746968,0.02155605771522276,0.03269039535538882,-0.04516210461017391,-0.15975442370837986,0.025115614468994907,0.07786390207016383,0.04708674678479552,-0.048821587163607634,-0.1527987952830848,-0.09855853865918923,0.1143040247556442
2025-12-08,0.1472114882276956,-0.10250940549494447,0.0009513008416994082,-0.18376223759015783,-0.06882782552088205,-0.02651355475767021,,-0.06672535986878196,-0.1836273198579682,0.2015481211081254,0.031731204704458636,-0.08650030021464586,-0.039840155372502406,-0.03092549855086223,-0.08386677302655593,-0.1813044942804363,-0.07689170530766226,-0.06423514119151656,-0.19931516842902572,-0.007704673378194497,,-0.01813375977811431,,-0.25863421877311304,-0.18150865196687563,-0.10243431330219115,,0.05308267894817687,-0.16204564344328884,-0.1235247541136472,-0.259994819948747,0.02881828793614871,-0.17126270872416058,-0.19093390544080419,-0.15592221652066765,-0.058049233106979244,-0.10200802704181011,-0.2125699560518225,-0.20138759092224343,-0.13356029796244828,-0.05533223470496276,0.05210511087106407,0.02735929159025689,-0.07294441106424689,-0.07428750026251986,-0.19098389540504504,-0.02736512849432258,-0.0004262682288834609,,-0.07302890465262396,-0.011911059462463866,0.19497212156810864,-0.03223769105174207,-0.05473502274940461,-0.11243212077382198,0.0044578161734558,0.19522933466200904,-0.03997623319121942,-0.06477675885547352,-0.1617940814491184,0.01258961101514295,0.1405073991964879,-0.05267771870214417,-0.07414565764281324,-0.11750841033183976,0.01073263352855847,0.16960825647095623,-0.022425053996448095,-0.06160766053179882,-0.0536915739503455,-0.006416775806364402,0.19413348952325749,-0.03303531140423528,-0.06278355534516739,-0.10205876754629895,0.001285939982993837,0.1996728739222887,-0.04523478997550681,-0.0471145172893665,-0.16316779919382113,0.03777391691834939,0.13795135001342534,-0.016645807707493195,-0.0969633573972399,-0.10788993635912052,-0.005903052247533796,0.16655417371263134,-0.028487882616487693,-0.0760813839150019,-0.10173632337813192,0.001054206587066418,0.19417577688757534,-0.033465716914697456,-0.05755838635704668,-0.10571357716656127,0.013064609159072269,0.18235176787160287,-0.04292669188846667,-0.05249623443787178,-0.15861419930667367,0.009624499143362381
2025-12-09,0.20911162558294522,-0.07286522088497577,0.029132593232034786,-0.21214029149171656,-0.15770010722475541,-0.007984355142546548,,-0.12817483862817983,-0.12160210232832656,0.08575905307374836,0.009467062562532533,-0.024883884527352563,-0.0424548759968503,0.014737757270072298,-0.0716221836684441,-0.17281810568972772,-0.00939045654455059,-0.056876279637867365,-0.151609859945,0.09498049609456787,,-0.03753862235315924,,-0.29293810381735447,-0.0632709447377662,-0.08533793417149582,,-0.0144457008250445,-0.1284785819403156,-0.12013621788440897,-0.26607375615060425,0.03586275469211922,-0.15540936290927146,-0.14353515998093727,-0.1712423646064772,-0.03160265550434101,-0.08051477234078887,-0.22508594862638362,-0.1950391191234029,-0.10753552692065368,-0.037789201451419736,0.03512345633299581,0.023054086156585992,-0.045574780011009425,0.057271938439619224,-0.14807695351888012,-0.14519685389361003,-0.014193287063933585,,-0.06906853163350427,-0.07057070199137902,0.195641232588471,-0.020213012598631872,-0.04694806250318227,-0.1811328606774047,-0.02633627466705092,0.22587267290470456,-0.031101788956765204,-0.038296087221541,-0.18590637058299522,-0.01385655507146421,0.20308926964663762,-0.04551865429833291,-0.06566010450772372,-0.16094436320330463,-0.03948124787705855,0.18294140484688867,-0.017365966385881625,-0.05350596009821682,-0.1094268870160386,-0.04864464100305642,0.19555502720064527,-0.018047644910121837,-0.04335711154036169,-0.18200264017975784,-0.05526670218558121,0.2334370737241822,-0.03179840091959049,-0.0494493130547784,-0.182092926082756,-0.031159107432211404,0.19928938054878328,-0.022416042276199487,-0.06842493057068308,-0.1193083330597824,-0.06214620486145904,0.17999480073405882,-0.013488611663178858,-0.054082367824955895,-0.1729135680283709,-0.024910234613080715,0.19319641068650711,-0.023152862758105453,-0.03276975598901485,-0.18395913802907224,-0.04029380244738269,0.2185211420137827,-0.03068103279387047,-0.06325207111463987,-0.15946831457429847,-0.032564697690397534
2025-12-10,0.16466524581913938,-0.06241521078251854,0.021240984338298605,-0.21304867088503665,-0.12257343395603323,0.0055707822970048745,,-0.14974913471599907,-0.011131690663723465,0.007168358583400645,-0.11675894679583042,-0.07799683362182894,-0.05452766676897043,0.020517050609697662,-0.06592055291546293,-0.1467158638536079,-0.09156845186350941,-0.001669660043731476,-0.08341464852699211,0.026710970409174275,,-0.010163267281415993,,-0.24604245218475843,0.012516208113529484,-0.07469689123601049,,-0.07670223235967387,-0.1451708290590157,-0.10649629960423734,-0.2183213182703167,0.042598430529611916,-0.018740999278878845,0.018156152301220287,-0.20634959117566062,-0.0018330586816444267,0.022544006810403246,-0.11295085239547507,-0.14746550213809043,-0.07723936724823975,-0.06482922482862162,0.062118910920152565,0.004878776045247743,-0.04520362635791169,-0.027223905199457072,-0.0738744083473433,-0.12232915339295723,0.017700535496906377,,-0.08558507958883246,-0.04264253933710732,0.09852467714101983,-0.015620989607921245,-0.01912104643818378,-0.14240974117559857,0.046001739070742835,0.13451295279208098,-0.033175466237015915,-0.02545629175819512,-0.11015405271296216,-0.00051611373898377,0.07101230212097052,-0.06551767949447183,-0.0415126290954683,-0.045834372568320216,-0.03640963311771713,0.02150290555891532,-0.013671766340285423,-0.04968687738133151,-0.02345798511640737,-0.02182232810595049,0.09516915065988422,-0.021909566776835747,-0.01316620376376896,-0.14155093328292997,-0.027045712765293075,0.12897698901382612,-0.03274534784872558,-0.03342056900171695,-0.06126172058061349,-0.011811737801526518,0.06464528769340253,-0.030228161217448674,-0.06518704195718497,-0.018656378847186374,-0.030118661702069907,0.017291425471946734,-0.017904231206043328,-0.03544472100453964,-0.12395096384716749,0.05028836596197883,0.08798125593594244,-0.026850669016182542,-0.0182657439041775,-0.13052121248175783,-0.03148807363354104,0.13996756048224515,-0.03502806836583432,-0.027437024950984653,-0.007779060530497765,-0.02841764121162222
2025-12-11,0.15714812325696406,-0.07187627191337692,-0.0332108205146224,-0.19615505535421532,-0.077314969805098,-0.06619568121629672,,-0.15707290766875673,-0.042242936622150326,0.0020645340599305855,-0.05739421567307326,-0.08972713875915225,-0.10446303844222976,-0.03862242749875185,-0.07500898199474113,-0.14943785522794892,-0.08732971561608847,-0.004039664083852599,-0.07433084829764568,0.019252993469762898,,-0.03365272776733908,,-0.23446235031639845,0.022169478961517566,-0.09802993572499834,,-0.08344516352966741,-0.11693540475017268,-0.06553244839282066,-0.17001133529002854,0.02491594257012507,-0.002614370545824712,0.004815189293097746,-0.2048345152157189,-0.0210843796392661,-0.00031385340749184756,-0.08300262862368163,-0.18691510988840723,-0.12256127784737236,-0.0657730252740043,0.06515528104159352,-0.0844911232657036,-0.04521171391199227,-0.06531254535593427,-0.07568060248747449,-0.1335526968222415,-0.036896704298189864,,-0.10512234550142355,0.006605533481103969,0.11487705139424285,-0.06327079622293656,-0.04902440370824775,-0.1505101210319731,0.05932712390637076,0.16453955858583114,-0.07585159755506288,-0.07300188326304358,-0.09298326942418034,0.022627427589266627,0.13631883569191394,-0.10839122533421519,-0.11894748414492534,-0.0648729660599756,-0.002801886805073624,0.06257486158096963,-0.06261625955561274,-0.06817734533116467,-0.0592265138873879,0.07397879159546249,0.10959755320081825,-0.06713477106575019,-0.05594120482048347,-0.14617296908988214,-0.003086044095152483,0.15592536355591818,-0.07902465677885027,-0.0765672945568304,-0.03630709171010147,0.008612366470311439,0.13374173146753007,-0.07683779735336696,-0.10988273641427133,-0.06211157187546936,0.015364077551116694,0.06251697781514196,-0.07140595597244039,-0.062066435906687055,-0.15440287071742845,0.06563541622386858,0.10307947754529645,-0.07510972309419864,-0.0756270373217207,-0.13110536862503688,-0.002707887168278305,0.1678974974334461,-0.07618780623368201,-0.09581721169657642,-0.01263019400256024,0.007033843202680128
2025-12-12,-0.019885918764414375,-0.02658577804719257,-0.058912317175439266,-0.038200075568950186,-0.004790307655820264,-0.10197203840753265,,0.01750644952746517,0.07531546063030055,-0.04591211560892858,0.02228676535363789,-0.07941800507854736,-0.08218067991288362,-0.06436214289957418,-0.036749163324809216,-0.12934930410785198,-0.019089572787241747,0.015650292743524814,-0.08009192147171197,-0.05621403095613932,,0.003151857078045222,,-0.14491678561341864,0.05093386234715375,-0.07452947966409097,,-0.046271175671916645,-0.1021897731700121,0.025343393699716634,-0.03659054916734727,0.05308404815638738,0.033267494424902656,0.05691254453028067,-0.08539068137174827,-0.02634667314661004,0.04416627003806512,-0.010341480153120997,-0.07580303860278677,-0.10360437812971844,-0.07530813258599012,0.07512483515818902,-0.08120268980200435,-0.045259975113486776,-0.03934208603346194,0.04503719181862894,-0.016958414168186074,0.007795413422219812,,-0.057893682387846916,0.08124326975194117,0.04016070318717455,-0.08427866667170486,-0.042847761978809004,-0.059115106380601155,0.0891000097375969,0.03863384615554963,-0.0909098830664388,-0.04125734071740459,0.004175203928165777,0.043990045205759526,0.03166805222238088,-0.10439601892429784,-0.059310164522579006,-0.01909399719110754,0.05155715691655513,0.0048666991058268485,-0.09093265475336544,-0.04839321163004456,-0.004040134490082171,0.08757088787191136,0.03540501021310792,-0.0892990310681212,-0.052625977009214155,-0.05060129381959411,0.04247568962082179,0.030374839004552744,-0.09095591926626191,-0.046080363326707154,0.020640356816706666,0.03465406701970619,0.033511075429515605,-0.09662469208993502,-0.042119790820080064,-0.015731145047706546,0.08894244782718856,0.0073651816001597805,-0.09595045658588713,-0.047565342019475265,-0.06810356012150912,0.0926228740089415,0.034982214455569385,-0.09580549690419754,-0.050465017919051565,-0.033857907100898595,0.028794888861696656,0.05553162191689089,-0.08633294888478432,-0.04762420879216162,0.01988637173003416,0.05216578594114794
2025-12-15,-0.013666863630287402,-0.0562693037185678,-0.0424810119806487,-0.048774982261500455,0.012513331678598564,-0.07457608165615348,,-0.0017986566759204676,0.008176765740355169,0.0321071314176262,-0.007051864138831199,-0.0345969616857307,-0.07484205540199747,-0.062033544249673764,-0.04262461117758879,-0.1417316779513112,-0.052805412997159296,0.03360755068748543,-0.07977377306748204,0.08253595931519886,,0.03475962303862951,,-0.1663896832960507,0.013307949772270391,-0.06428258863347275,,-0.009964518786543034,-0.14352783843068942,-0.004880238365626316,-0.042539422663104655,0.06758001266562987,0.0017925437045969315,-0.015059599852821483,-0.08514007371670348,-0.045126211198506946,0.0447021370681102,-0.04023610378491628,-0.11409628460804025,-0.1346290490094896,-0.024228024858462656,0.024366792170104797,-0.08695158512548906,-0.04279073675436785,-0.012442353988827426,0.001586759269921054,0.02814198796205932,0.031001762090410872,,-0.059156701902305334,0.10980146500787595,0.02801447938639138,-0.04635187265180026,-0.09422446436628798,-0.04865736185073819,0.09641710500936758,0.05358147236680422,-0.040155525583921076,-0.06105467646718062,0.02325980284679565,0.051091259327769055,-0.0009440357975862752,-0.05355246851584487,-0.06194115440182861,-0.0028420435267821555,0.106653930448258,-0.018651588846722324,-0.06326302948242161,-0.09279791278396092,0.012896326045959812,0.10885666711382154,0.020996837688371576,-0.05134707382893745,-0.08189789820745143,-0.031251998158048515,0.04334311224227573,0.04332633527947651,-0.03759059782752254,-0.04860970958849695,0.009339250831095686,0.06899068748508037,0.006126405016254827,-0.0782944011580554,-0.06485939387062395,-0.0005134713889509844,0.11088912366252333,-0.01932198659066948,-0.06864487308075533,-0.10086727816061616,-0.05211776090917761,0.09998784744433703,0.009358170653958523,-0.05266493544919669,-0.08105065049552904,-0.017205543001660904,0.03897461157397366,0.09144782072388674,-0.03155067862732011,-0.039124084405297924,-0.02038360359818784,0.10845872498991085
2025-12-16,0.032300660553371684,-0.12166911339095797,-0.08465782177531167,0.12283867443215245,0.07319159205908993,-0.10232292641846043,,0.04229441895801215,0.1542537709291832,-0.11157489049936886,-0.040453829532707576,-0.04240948987620309,-0.09673968559521665,-0.024566086504720787,-0.045367709513350236,-0.1321823107584303,0.05555211718137698,0.107125479227616,0.1303888875637698,-0.0027608257387026058,,0.0926762674330445,,-0.23718721079321267,0.25374445985222005,-0.05636121366251077,,0.023338868680267577,-0.09840266600922831,0.0017668146646157078,0.006689395349163825,0.18006962690494094,0.22611255000427655,0.14859277229384332,-0.0024409118512593916,0.012509680617677172,0.16261246738417007,0.1719221256411729,0.05496544375733432,-0.19750270509891915,-0.06758461555575461,0.06954425141434771,-0.04509142851031589,-0.05174954656788882,0.0035080596561783734,,0.19269836382237496,-0.043352368866315036,,-0.11006519944433758,0.18327336856885712,-0.0629195309646045,-0.1096637881848437,-0.15697759256978716,0.03365082836075591,0.12359300914092473,-0.029690090281056705,-0.10051533451584095,-0.1312972413229733,0.01103251741153231,0.16886388706023558,-0.06498775820059888,-0.08964598148161627,-0.14083538208336857,0.03167080036208541,0.200697453074681,-0.049351529831725166,-0.12252053512709608,-0.16317880123251594,0.03762045795530275,0.15833665955337703,-0.07003158481025941,-0.1118661523200985,-0.16013264951792902,0.044703390643655895,0.13350339377748033,-0.04614746960763205,-0.09914796753263204,-0.13018770258675694,-0.026508138400438197,0.20437590064512753,-0.06343886602504421,-0.13099580026681526,-0.12873166615290205,0.031565299301609034,0.18034958968913883,-0.05305673344745513,-0.12445607068427905,-0.15722098393880746,0.032478481397118106,0.12610123461048864,-0.07862868716358207,-0.10915160005648404,-0.15016951595442427,0.04400194075401451,0.1604741299305887,0.015992170071752933,-0.08789242632211422,-0.1217158320799717,-0.03845149755709278,0.20549411547371735
2025-12-17,-0.05679469432784689,-0.17053011182170577,-0.07366699371428831,0.1199772726681721,-0.035964430142284995,-0.11653014223633988,,-0.04847954391030778,-0.06734233662358859,0.0902825579085099,-0.09393679510995613,-0.06062423510119274,-0.11427021223666538,-0.06757491250986528,-0.07985143559411673,-0.21322388696866676,-0.11180668496202752,0.03273303448622516,0.12753312050629723,0.11959163510896187,,0.030337536990009076,,-0.24043141471321097,-0.06682489016838833,-0.10695617371252171,,-0.05978604203932247,-0.017096410630276625,0.043133070908759306,-0.025277887325613847,0.1261307171000662,-0.07329061745609475,-0.08884528213200046,-0.04149110533426946,-0.09187489047735009,-0.017809258653509356,-0.05581407858125469,0.0125708607194328,-0.2361103854266013,-0.07123064271683956,0.06703677891313638,-0.0009845977682459322,-0.07638620875336637,-0.03483025828379813,-0.13124540390708994,0.13193089721535656,0.013787257662233229,,-0.13626380868756044,0.1756336738849026,-0.03625452793201098,-0.11480368197325334,-0.19646728784022183,0.02883177202685588,0.13065949162541973,0.027045542843651914,-0.1025521514691819,-0.17737623946528103,-0.04073422537400389,0.21695157775915166,-0.03118078862615584,-0.07035511506319617,-0.17921277483260842,0.02871998934421104,0.18487902164587752,0.044464729062709554,-0.12691031033651906,-0.18000211008992728,0.02736958800363447,0.15765030812773573,-0.04625708107925127,-0.11386608128258899,-0.19078864131917558,0.03162817566989806,0.16557124640873278,0.005294090236649494,-0.09587047017610652,-0.18367223603122762,-0.06292415851588273,0.21945929046332957,-0.044073209445709305,-0.12959951610014142,-0.15058607456032982,0.024460735310714386,0.1743946724077107,0.045445902888861724,-0.1255800958873796,-0.1919643638655459,0.026066154980881488,0.132771428984929,-0.0586823675462422,-0.11223158076715982,-0.19437157798082497,0.034033725551905265,0.20455423000766748,0.09585340100484793,-0.0789348635656685,-0.16512207187533787,-0.07811621222714209,0.19315489475718095
2025-12-18,-0.09452043505073701,-0.15259318082861204,-0.08960651251198411,0.06309827291390781,0.27297652179962345,-0.09404414516615277,,-0.010115928393473812,0.10990637542830949,-0.1085193831567106,-0.04607063567605371,-0.1535390009962582,-0.14243602064470867,-0.039222101929779256,-0.14706512276536818,-0.2581821500372412,0.03685091249623123,0.09396379203589157,0.10704181961545885,0.07396675806794407,,0.039978425514549186,,-0.27929176101718217,0.0768612897739822,-0.15022607568613758,,-0.0076717419714504645,0.13740115365343283,0.1352454255898892,-0.006611883855793956,0.17754674238143656,0.0692830518834458,0.07274888251322896,0.07669447989978236,-0.0053139016289077854,0.06687145619705537,0.10289665616984861,0.0834128223242186,-0.26707411194407926,-0.05459769153507459,0.057525174251841275,0.16372847887723913,-0.05952676209007194,-0.10746904830150401,-0.04282509209865412,0.2539640861014756,0.05274025221031994,,-0.17315974756079902,0.18989909863444435,-0.215306732961527,-0.14456860046631098,-0.2495986412904638,0.1264342653013743,0.1535666671536104,-0.24991509341806395,-0.11923889183453289,-0.22426633820018588,0.031992301318636264,0.22749687418439044,-0.23738655476374598,-0.040321704571118964,-0.18579590400597432,0.1266921028834768,0.1881405644519587,-0.1650654547321598,-0.1558015895135142,-0.24507171953980464,0.1571751698330748,0.1909374666646211,-0.22577370736811606,-0.13972250882134138,-0.24504719359474122,0.1313578046002609,0.21111424995478628,-0.26553013050251334,-0.10398794666412084,-0.2134116390609181,0.016602403842381864,0.20319461508647216,-0.24579653993420664,-0.15679216875203655,-0.1636720854736674,0.1105928426594825,0.18215795197015217,-0.1636618570489755,-0.15225035971690484,-0.23627193138877828,0.12523822541435042,0.15393608846450388,-0.23074876087977877,-0.128445555049348,-0.23928391878274557,0.14300262335741637,0.21178881786597817,-0.13840282578221444,-0.08312840713766972,-0.19137428403031267,-0.01851344126557638,0.195728776575652
2025-12-19,,-0.09894784014747825,-0.04060919637022835,0.043595095036975035,0.2667769796341553,-0.022265911258467497,,0.07177579519197141,0.08149937458345026,-0.10970287938179162,-0.10966518937012903,0.002748445318857585,-0.1128883863347715,-0.06804349145857364,-0.14672922836229899,-0.1945378441070491,0.05173563863470404,0.059618823059403206,0.08496162332552204,0.1879963550514447,,0.1302831429049222,,-0.22288608925059036,-0.087585461767027,-0.09287558427892936,,0.11239588384592575,0.05587804210166342,0.14228864522660742,-0.02684228541333787,0.1737039802713476,0.12196582373453942,0.0792797624719806,0.13296046021434416,-0.0333714100740726,0.1182097057943942,0.19394581355208607,0.14483480051772035,-0.20230406028643105,-0.03181925238403156,0.03497798606949083,0.06738268633354627,-0.05003566067073089,0.03185905662780459,,0.2758383395318161,-0.007728731221771703,,-0.1453635235204454,0.24955087892889127,-0.3036358134187067,-0.11569149148963663,-0.22587039507198367,0.20259141782768278,0.17558528061091,-0.3723049509546075,-0.07711022816667304,-0.18786843416583437,0.10903308386799097,0.2631935129110838,-0.3355209968931113,0.0015775164791156778,-0.1372025221181458,0.18368150869453403,0.24133594952468743,-0.2543537165382593,-0.12881367026497192,-0.20935767058833812,0.20049131606136744,0.19543442261902388,-0.30213001200791306,-0.10281999848724599,-0.21696282755817484,0.21612158268622564,0.2719142943421051,-0.3784565516461514,-0.06284292917924685,-0.1708193035444184,0.0578903649110667,0.2403855285947647,-0.3463301366558602,-0.12292950880746796,-0.12119441577609835,0.17936984121948568,0.2483585570478074,-0.2615026234233137,-0.11788349878862615,-0.2028147149317623,0.20088452161389642,0.17523953271285958,-0.29725821756825643,-0.08511504350047477,-0.19710735564362833,0.22234518339317277,0.24141714745498877,-0.28313574401622044,-0.052769963920447895,-0.1582506331803638,0.033775644025962746,0.25146876056502815
2025-12-22,-0.04929625850403952,-0.0259490680982123,-0.04656815841278841,0.02551381380291852,0.15377137114316045,-0.0030754014251886193,,0.10562525079441717,-0.09750492389901158,0.10652872272431245,0.04146815422684428,-0.01953609115355662,-0.07194966789644693,0.009384706384584607,-0.10490567745583218,-0.1564478417916958,0.06876133263484285,-0.0005278877251406282,0.034313665855475545,0.13787248457761528,,0.08571553599406058,,-0.18804228952756225,-0.08245865988421716,-0.037803953769601294,,0.11133016181157021,0.060965228915746905,0.05508275655875362,-0.02092422345567259,0.11903664180749988,-0.04215824719157462,0.07621111454610549,0.12449354037460937,-0.12075413006453062,-0.030554542511088863,0.06271586627029288,0.06094895750918671,-0.15693577073654585,-0.04618264699712423,0.043132004066490606,0.10889028166474035,-0.04971817236329471,0.039743730302964436,,0.1484143452352885,-0.016404993877750875,,-0.12578742228595588,0.1473847954809702,-0.06143711118175619,-0.10945843073695398,-0.19999143448753073,0.12984542357196538,0.08954152026366308,-0.1117511747502757,-0.07788898898630842,-0.1681989243427074,-0.04784331253742631,0.18244784825833169,-0.11749824472555156,-0.003108436732433942,-0.10136959020861325,0.05201982440750411,0.19404920974043202,-0.06792199167121177,-0.11757581909893312,-0.17578885824438667,0.08326374492460432,0.11710981947055893,-0.050094675353840594,-0.09527231844105652,-0.18343350531288127,0.1332880073970499,0.18034725980571104,-0.10152460474849845,-0.07055416010284973,-0.1463881890720455,-0.07129087287364652,0.1834393912726166,-0.1262338510704609,-0.10364483127178727,-0.1261095442830175,0.03466075586759229,0.14165486288137857,-0.08526146220996263,-0.10306371990313527,-0.1740290140011103,0.1238895012532407,0.08544100958738071,-0.03770856153175458,-0.0780678337952392,-0.16745100867730486,0.12171247106063086,0.18093957425263432,-0.06591358788900549,-0.060984754829065034,-0.1361036379235966,-0.06215585880656795,0.19584985612991748
2025-12-23,-0.012963424797488897,-0.013566944696488023,-0.031805584758376325,0.030192401974023664,0.14240441088504224,0.017772677091306168,,0.14361879435555955,0.07172856168044438,-0.06192707821227169,-0.019239101359243626,0.0191427948723724,-0.06377331961770774,0.016278596930566845,-0.05539415812592342,-0.1275286322475349,0.20373536764154826,0.031165049147461755,0.13242119611768183,0.051213319333242094,,-0.01877729701571614,,-0.14227721096233617,0.13831417607868401,-0.030999236365550464,,0.13281779325058746,0.15844597170346328,-0.02004813617031997,-0.0027887780042859254,0.1004100581376105,0.08954434457362678,0.03608668532756522,0.07719468987294144,0.001724765909660672,0.0335198415835354,0.1120327574213856,0.17605979530614657,-0.13159534937677486,-0.03439010266731427,0.03412188220368105,0.14340375849890327,-0.07066070835374758,0.07454332725223005,,0.07996860625816211,-0.035184606361228866,,-0.08178626857447627,0.13193070930257716,-0.0565106877407117,-0.09073095780652077,-0.16107709168935713,0.10767826826728708,0.06046862090205155,-0.1662559799364659,-0.07266762158872463,-0.15277672329885855,-0.058040707949322264,0.1658573278182949,-0.1389322839373854,-0.008293421791181154,-0.13909817074826658,0.025552043052730247,0.14948847539009377,-0.15069067681507017,-0.09343049426828341,-0.1532549992263979,0.06569540695637179,0.0952669008781549,-0.04571010373608316,-0.0792408536710454,-0.15599632342054243,0.09831655426917611,0.17502602234001688,-0.16079199711362918,-0.06653241620814536,-0.14692634077661973,-0.04876520546378721,0.17376581345211217,-0.133947412184868,-0.07244113403816685,-0.11108308908579487,0.011774757920554922,0.11810795346391828,-0.1573313468522162,-0.0769120572590062,-0.139707634440805,0.0951215072468523,0.051682636784903764,-0.025316151986827583,-0.07310519481698251,-0.14644310736819952,0.09358179351619346,0.18814948430947373,-0.15856662561151064,-0.053917856762159704,-0.17191030335356336,-0.036990538773607515,0.13623767358936728
2025-12-24,0.0656699766405078,0.010890825520570269,-0.02598533247381921,0.02072906024561863,0.04819224517984734,0.015603109774380695,,0.10491987655478287,-0.2147689179715819,0.22195943090676706,-0.012599337413003089,0.03747056478833867,-0.03842897787386817,-0.04921762067985322,-0.03526228649651271,-0.16187061501100186,0.005003072154386532,-0.029327495270717437,0.0007904506707292669,-0.025601918054732876,,-0.041975647925468235,,-0.16095407179854707,-0.24089433759931608,-0.0602461328464952,,0.0322037661715688,0.001409011155881809,-0.06802091906014894,-0.07948668780344081,0.043203835166664734,-0.24903918888524842,-0.20016957322842616,0.051324058816711954,-0.0627942086490517,-0.20323825497501619,-0.11789743783944143,0.006734238419353603,-0.1470561732996277,-0.031014748300824794,0.02413895683353851,0.013932843652764301,-0.07804444282369592,0.03266128440986253,,0.014681236851756985,0.037544112275058585,,-0.07963172928334801,0.07442556854206502,0.06683083909441105,-0.09169818139704594,-0.15187631175842772,0.007202825175509991,-0.046595082302927415,-0.029581272595492925,-0.08577463181345533,-0.16255373170746035,-0.09473288911213701,0.141742970788066,0.010967562642110278,-0.017274865850917066,-0.11406769739784711,-0.03756775564109173,0.09673662133873472,-0.029412214785600365,-0.0818214508241754,-0.13103588398576224,-0.0062696369853751524,0.04481254765255895,0.08070507495471149,-0.09038900583724856,-0.15081732794507957,0.00838793411306074,0.13401848489431087,-0.014318341994887834,-0.07734589624736095,-0.17541218112690965,-0.08019230592111454,0.11001176976855465,0.014125453830445871,-0.0549942275117578,-0.11097128303488198,-0.054038808982529773,0.06903818074923623,-0.027859172859539674,-0.07305778998303758,-0.12900893543451938,0.00481996645976155,-0.0503388523291573,0.0807930576297129,-0.08426416458840885,-0.1497688088339172,0.014270860700684828,0.15876128319693725,-0.07511145266116125,-0.06625290250944825,-0.14720995201103007,-0.05268176438601542,0.08592838264432819
2025-12-25,0.11707097361084676,0.029274112050720166,-0.02635582781236475,-0.11745193928749603,-0.04520131861754116,-0.04238046931660102,,0.06867806104213263,-0.08386105944697156,0.10798573879568997,0.03761396841972484,-0.08518731923737861,0.022287869920014025,-0.04172818882854936,-0.008674865791033765,-0.14826966812926454,0.06982727113630242,-0.014877357141877958,-0.15743493381900153,0.0875491935772213,,-0.019281617639132508,-0.09104030063034799,-0.17725693072826493,-0.10827242857678464,-0.0503902236968262,,0.036870542824391096,-0.029357045180206775,-0.083612398562766,-0.1260372935824146,0.0032981266599126026,-0.15067230443987212,-0.11389210905857386,0.004259043870889031,0.0005145739798446576,-0.11933924194959283,-0.10482050611353207,-0.07363852517674256,-0.14547411134111066,-0.03833209983176533,0.03349790746511865,0.048976802312485516,-0.059224496033364084,-0.005859056804897933,-0.040461544368468896,0.01915501699638182,0.0008253309066185257,,-0.04479099037122308,0.019511046904217066,0.09148220506832482,-0.09082301270749635,-0.12977771200123062,-0.008480544397325901,-0.08410808767496898,0.057861661440602945,-0.08739176050499246,-0.15733701092867292,-0.03662078987710886,0.06211424758524329,0.047604524405291476,-0.04948049674133075,-0.0946897327037485,-0.024103102386939298,0.04578752672955156,0.022269461855512217,-0.068442282362225,-0.11248771014606682,0.04018061973507196,-0.05194375625671223,0.09404684306418458,-0.09208611568941834,-0.129565944790408,-0.0013086345189946876,0.07941370571035913,0.07190358388124757,-0.08008656876422528,-0.1308694232080399,-0.006000208243189566,0.058101801797472784,0.05179658879580091,-0.034748416383457194,-0.08721238264168568,-0.01672338190429934,0.014115838428674334,0.023019633271567752,-0.06921285951724622,-0.110910506676064,-0.0035016909270344037,-0.08916223542738305,0.09591148745321636,-0.08316504383695783,-0.13857009235649947,0.007102545513518374,0.06956784023179116,-0.0014985811114237462,-0.07781557315360299,-0.12519196188072057,0.017032580928827527,0.04220878896166129
2025-12-26,0.0998786718771233,0.01313514473144084,-0.03691661783392984,-0.17021501618910598,-0.028629385034979964,-0.08666332875679897,,0.058403958510199847,0.01253476201997209,-0.01509650891823924,0.056408548657567906,-0.04229587597032762,-0.005668885565612644,-0.0861099509464,-0.025130388586251242,-0.12237312112883118,0.045596445273595396,0.021502663422528677,-0.15150776483004003,0.07395297028284625,,0.021553686987777432,-0.10640001301245816,-0.16861216874360846,0.05733116095879382,-0.01973689248574802,,0.050579129165925864,-0.047400716760089424,-0.0621268332476788,-0.1367867654701658,0.006438887673930341,0.029911623832450454,-0.007597123836800427,-0.044855852743688286,0.09912196807079714,-0.013679204607284846,-0.026431460137275483,-0.02596122140576288,-0.13627415511089705,-0.06677648108242241,0.06273082171291144,0.030645589772025094,-0.00839260491494883,0.002992886015377773,0.05221485746509414,0.01595156184165111,0.014931010313938708,,-0.00491166361137078,-0.031244179680799674,0.004161657763548358,-0.08396517977130356,-0.10088436426337688,0.00921394966989903,-0.018158236789116128,0.022881513398698167,-0.07708394890305895,-0.10461110950937101,0.02085163592353744,0.0485447123087856,-0.008455154756513593,-0.0677716563592408,-0.07734887037852989,0.003752949741270295,0.022642683808145117,-0.046631610654867046,-0.0637449324946622,-0.09012131447370918,0.04020414932008307,-0.060966632365517616,0.003729364883787686,-0.0820250186469247,-0.10883660789926337,0.015690834102789007,0.06450747907151787,0.03741116336814988,-0.0807686192108927,-0.11318288855679479,0.03877699117785025,0.03772220139960053,0.000549847572509021,-0.03332326310042524,-0.04629198886165905,0.034182320350205256,-0.029219878942656975,-0.04146753102249381,-0.066517537986602,-0.09327882532941596,0.014080977691505533,-0.025452883136750225,0.0012992453966436824,-0.07526468088264425,-0.08078718183480216,0.010209645108795606,0.06241448120414406,-0.02339382763834486,-0.07230921092774036,-0.10248220333236698,0.06457363457443309,0.013042469338689555
2025-12-29,0.07827188787966372,-0.014674434893364265,-0.026846338578507854,-0.11277994135826094,-0.048180307356414015,-0.07707234101576271,,-0.03811692983767235,-0.047749633688334,0.04273562392638957,-0.0741512983386646,-0.08797895404655665,0.0026678758477287744,-0.036781430042312116,-0.031707116677848944,-0.11424759669445976,-0.003649147876234688,-0.019957159600958327,-0.1278697162253199,0.041715925658408065,,0.024223966583530973,-0.019977922499474846,-0.18120258368138875,-0.006865235024365183,0.002486215078926943,,0.019557093493037508,-0.030668090187102242,-0.06423812266402473,-0.08338976926236033,0.024731561661008525,-0.048421682395648806,-0.02745306742948953,-0.021841161063947203,0.08733030011270489,-0.053536021515985605,-0.0667030808728546,-0.07523999314956871,-0.11351855287199578,-0.04936939585023658,0.0450888515102981,-0.08261798022448037,0.02241386766655744,-0.015699498912086916,0.00030747263807963436,-0.06723126277038524,-0.02401379669478253,,-0.020766192172229442,-0.011277170611328902,0.0328759178051715,-0.0778504172122622,-0.1062757795016163,-0.026257061058283637,0.03264823520076087,0.09159268674805864,-0.0797754329922997,-0.11966671258321708,-0.011142863491994755,0.062039105951372256,0.06255610383979456,-0.06526924320343021,-0.047389810106247925,-0.021085682086064556,0.008888818993770907,0.029110458359870587,-0.06200146911940179,-0.09435433869594723,-0.03188735817767319,0.009799740374554337,0.029941663646249044,-0.07508380116672722,-0.0868619212464611,-0.03084151961948195,0.07603034963176074,0.10707511672624474,-0.07855439383283395,-0.11050545979819146,0.009455569160527987,0.04549369101258274,0.07289056027331864,-0.04495580623823338,-0.028889989927455482,-0.025610429918963586,-0.012107231440496294,0.03148696385019179,-0.06365216490336423,-0.09922361302817453,-0.023364236356532255,0.028983472242842,0.027446658800664853,-0.07613343866888186,-0.09451254692314953,-0.031094170862696092,0.06735661143521651,0.05320257008452556,-0.06824531204823577,-0.07616451846619503,0.03978782184800325,0.011334447076637394
2025-12-30,-0.013958122462625837,-0.023664421723012204,-0.016806709601256693,-0.12754387671160147,0.10521070294942525,-0.048779289311799943,,-0.0297278085242804,0.05441101536085498,-0.06164331274789052,0.013634270673240802,-0.02948212221313321,0.019986087068411575,-0.01937870160329054,-0.013534252168688995,-0.09390897524791407,-0.10565037456885155,0.0022771430730918695,-0.07897635624364181,-0.02827871136562419,,0.022336287317305564,0.04218214446006563,-0.15583886074480108,0.08958393679796656,-0.007938289633524347,,-0.0013776891432314997,-0.09368221893458806,0.008370078139755625,-0.05209682066306337,0.07273231710650199,0.04812147890706735,0.04157657325278223,-0.030178835641331263,0.024850034820867655,0.00505326289784466,0.0019070068307287275,-0.07740131440544923,-0.08741080733192705,-0.07561314294295671,0.0763729043233184,-0.053605737659548715,-0.0039549373699162395,0.013587911563527571,0.05298909653565093,-0.006001844549751159,-0.06242417145558961,,-0.015275364951674012,0.021019696998202924,-0.11015752659143141,-0.10627038005410647,-0.06992493545989145,-0.003046043131197326,0.06361423586772776,-0.06049183285893165,-0.1134080759903521,-0.08661950195520529,0.012162111020182944,0.0627182010184409,-0.021643451263570642,-0.08893727251969843,-0.004597181472752634,-0.00036536113405455053,0.005723125963258904,-0.12049127534243545,-0.09249779487015512,-0.08102272483546297,0.022772301181788458,0.03898098070966039,-0.11388588036531426,-0.10743870902779137,-0.07947165120987736,-0.0003871204998979308,0.07633503269900827,-0.0638308287056599,-0.10971186918038692,-0.05878299576202694,0.03927215925421317,0.038220242663832074,-0.014847610300025483,-0.08345089529381393,-0.013048843413080685,-0.003831110512141687,0.0217120824389937,-0.11733210607529597,-0.09140629632159308,-0.0660709393160116,0.004564913297644012,0.055953779578616435,-0.1148591355146118,-0.10391409067135478,-0.06223562470896582,0.011736216150541708,0.061934775000334806,-0.08860641811432629,-0.09867249945944416,-0.03689712992737657,0.041435321273697076,0.012346782929928395
2025-12-31,0.09205981005448673,-0.05891230318792641,-0.0061941709799743705,-0.10348357714651316,-0.05434564064294057,-0.06485640259366389,,-0.016874124094214783,-0.10497662700183893,0.13281862302988415,-0.05436548772125303,-0.08891973775858394,-0.0746926161897975,-0.08213438719696688,-0.065169402965107,-0.16638565515239945,-0.16059398584826473,-0.10213549041149901,-0.07974511221134378,0.05888871873243107,,-0.011048439656911994,-0.03770019073271062,-0.21520680481950022,-0.09342985123520738,-0.05345791489116021,,-0.09701065139968719,-0.17102007970843738,-0.041219176545791,-0.09858715642399736,0.04116550577299523,-0.0905281253976461,-0.04358306059637777,-0.0394259182786966,-0.00938325722030921,-0.11098430686879905,-0.11632194124356486,-0.1646894893699434,-0.10714584039162156,-0.08588456595348606,0.08179819715444847,-0.07875992473845739,-0.09163014422681921,-0.005950539131159548,-0.04847480893681859,0.023036327639560112,-0.003687669363537257,,-0.041460675018401075,0.0094434441865493,0.0025170314441421066,-0.12202498894744333,-0.08803285379536381,-0.033901262132388754,0.07226468256201864,0.03370333565763941,-0.11998253401671853,-0.07892842118108745,0.016711832839182005,-0.016269008791733434,0.0860916953689321,-0.09937688894036764,-0.06263607650746317,-0.009081471553469975,-0.007490258439317076,0.011915687211726365,-0.10753503324339773,-0.08954839769600044,0.006273883357943352,0.03861098134316991,0.0006752813378735476,-0.1175155324549093,-0.08246925099157813,-0.02065870091867908,0.019512181022166772,0.03403732128522646,-0.1096105793573567,-0.07480463264901754,-0.0020305711075690796,-0.02192524832124242,0.08667348885037263,-0.10524024284052189,-0.06580773928541163,0.000990247772149993,0.005878932294801383,0.018998723414242923,-0.10961520918653393,-0.09437501717073384,-0.03161926837346577,0.06558666021653156,-0.0011911148458759052,-0.10754060677197906,-0.0636013860861536,-0.012155577714192125,-0.007487891683914052,0.012283389735192253,-0.10352484229366508,-0.07875753834647804,-0.04076880997097044,-0.008859667855953875
2026-01-05,,-0.09497315402506841,-0.02849920998652936,-0.22192278558112408,-0.12636177039163513,-0.1338954747884436,-0.09268734190625055,-0.0992628135634763,-0.136032266715997,0.15276856170302217,0.045591634934513695,-0.10400393947497152,-0.12114653869769902,-0.16006633561028663,-0.10650409673915145,-0.2342173655727361,-0.13273047092910487,-0.14808598173529428,-0.2201787827535036,0.13171448169264965,,-0.08421318932930831,-0.16549661113618805,-0.25644957814511055,-0.14175562658291763,-0.11895336429427388,,-0.05628451769707043,-0.17890093444108954,-0.05996675288567782,-0.23991924574935655,-0.012516859746237645,-0.16399180328288518,-0.10017000989868285,-0.17039565403405352,-0.05408154879318335,-0.12150742026110846,-0.18859997131084547,-0.20448135526398542,-0.15295029213647848,-0.09968253356777788,0.0922326914414289,-0.09593333952120221,-0.12076918210903034,0.00930485684087633,-0.10499278844252241,-0.006437730139542931,0.026896380992819595,,-0.09479085600025562,0.04828352785665715,0.020360451329347093,-0.14151462960724515,-0.1144227950774569,0.00279950707291057,0.03304249763437949,0.03518876794921582,-0.13852456115085066,-0.1045615289784155,-0.009875011377609155,-0.027663314345436858,0.06680053858233649,-0.12626235233398522,-0.11569185646458092,0.01662865030120911,0.022717987022408327,0.051186509598829075,-0.13816219438690758,-0.1536607689607607,0.06615963996195401,0.07433785359733584,0.01827422909678307,-0.13730524989859502,-0.10560530883558357,0.009115602306038098,-0.023034748371156172,0.03366119139903631,-0.13156184842442947,-0.11166430543475768,-0.03386438611499229,-0.0077171212381792606,0.07356232572826589,-0.14762588638832053,-0.1471431876102853,0.03513032426243647,0.03928636911221243,0.052247980022462476,-0.13812761420674805,-0.13634721137967737,0.008651264439447933,0.036464271779181184,0.01575879723320939,-0.1327875394468945,-0.09943530510384416,0.011274880046000064,-0.02310629480353571,0.02582410320066124,-0.11960032039801226,-0.1146819571449089,-0.04036734432761685,0.02167337186245018
2026-01-06,,-0.1179092150929904,-0.026335884402539683,-0.28603027901955114,-0.0937258757952547,-0.08209204179816465,-0.11317746126182453,-0.15350725791963568,0.10001443376743852,-0.07287147450908417,-0.016850380048795563,0.04168551614064502,-0.07599729201140923,-0.0595984264247537,-0.10388426726841296,-0.18945894684249653,0.009186746244635198,-0.09953448320243694,-0.2031479920579734,0.11028182929018537,,-0.04871563593976273,-0.09046153593737023,-0.23126265406963128,0.00801680722391195,-0.09689993974819261,,0.02576314241124892,-0.1315351756576955,0.030875136715443757,-0.2404806706140249,0.024799099217343752,0.05513175055100173,0.01740187581625443,-0.07601090857707175,0.013983279674785541,0.030424925177074354,-0.000643540330518928,-0.0702342055423403,-0.1023392528708352,-0.1270597165446941,0.12478397836498588,-0.01530934974298959,-0.029275004376590825,0.06469027180232058,0.021342659549186693,0.02196194428900501,-0.05172557174857833,,-0.07350360038350717,0.0477618242317576,-0.12247285371378284,-0.15145946223351292,-0.07573702644964397,0.11615051147186944,0.006003446601239266,-0.10778950210898793,-0.14896314985511605,-0.0799743128414116,0.14468353021992972,0.03551456743022973,-0.060957664586206106,-0.136702112781165,-0.11327819593159444,0.18368444506951587,0.017298395128771887,-0.027732853636036052,-0.15433342116208384,-0.10152946441750071,0.22001883817933726,0.009484398486139559,-0.12547614049442038,-0.14754521512610616,-0.07325698811602718,0.12496901333145022,-0.015750790717700837,-0.11353280014962581,-0.1402633467644004,-0.08593760871915586,0.14483755705177212,0.04795124270343929,-0.0627997170784708,-0.17032475042790984,-0.10749805386293966,0.20601002801909676,0.05651515719429238,-0.02530616630095279,-0.15199532105012223,-0.09602378409493863,0.12835406137463784,0.009975497338166892,-0.1315520384140109,-0.1418859448905291,-0.0818422067231377,0.1359523778402476,-0.005345626810050326,-0.09245554515502642,-0.12634632150767963,-0.10448856234337751,0.14998719624135493,0.03513493351873796
2026-01-07,0.056577007368220654,-0.11143363054846735,-0.03176022909320971,-0.2588850899073584,-0.1479954843948436,-0.08019086272667765,-0.052268712213784756,-0.14864566235337076,-0.04486621927576047,0.05640203231516765,-0.013164706206094638,-0.03317751688029568,-0.03440009318580433,-0.02162973886341301,-0.09634259576587569,-0.16854949148698672,-0.08304018899578344,-0.13429767192007813,-0.19646173762820496,0.06921321077111964,,-0.024739990152612547,-0.004923922093021795,-0.17774994808599445,-0.046183493465058664,-0.0836135627416173,,0.055804946493870945,-0.15448868983578903,0.0675706852474492,-0.230560794392342,-0.025321545539126116,-0.07685055870262898,0.02286425953226736,-0.08599745897693144,-0.0076500691208763434,-0.07569476247269882,-0.12086837428652131,-0.18884540643504683,-0.1258162281336691,-0.10321392870776966,0.09975743534429128,-0.030346978004490644,9.06819649408761e-05,0.05013571885111561,-0.0971726802646075,-0.05342482189679471,0.010860158244054174,,-0.08842778543936015,-0.047829921530179835,0.12992907122218403,-0.13632317033354635,-0.08296949101069905,0.06076852212776267,-0.029929438500566983,0.12333348400968086,-0.12762684083415457,-0.08265283170247908,0.10596571185185122,-0.012593414819192907,0.09872616628225557,-0.10932691124406649,-0.12399307733418136,0.1424036659763433,-0.012819469037893704,0.15559193108518285,-0.14445859314893036,-0.10994800220471655,0.1461470764577428,-0.03565033362473692,0.1294600016901013,-0.13588275635984268,-0.08894124966526196,0.07151487183498415,-0.05001565720576011,0.12298125858689796,-0.12081095450306381,-0.10560979470611974,0.10143167380929835,-0.020151218950934965,0.08529405611925772,-0.16519981580505758,-0.10901106809319959,0.15451572352173806,-0.040770172434152034,0.15151132692937416,-0.14318998124186275,-0.10155837047000187,0.07462234033238994,-0.027023148725970583,0.1283460559933949,-0.12853259114034823,-0.0917576828372748,0.09210122215050104,-0.05105516773563078,0.12322487427985675,-0.1023050972268111,-0.10833837790216587,0.10746759182252447,0.004383502236830093
2026-01-08,0.08442208347559048,-0.06318840097213436,-0.04029521539322733,-0.2403530142080783,-0.12403365172696665,-0.09435788907675784,0.01892543931524939,-0.1490093113741527,-0.06176120344033589,0.1012010539521234,-0.05311521658281855,-0.047047187210073255,-0.05367172066613276,-0.02334048186897773,-0.051635175622437295,-0.1557146287652553,-0.08670208964552376,-0.1401921896783626,-0.20902612999209624,0.05983782976262269,,0.005447737104460434,-0.1422890690720903,-0.17678882658977968,-0.12745291312618864,-0.07265582386394397,,0.06181029737373351,-0.17935611145496938,0.05613053700394137,-0.23506508367452264,-0.01630013517139198,-0.1216742640663941,-0.0635222076479517,-0.1754661318627224,0.013751870006135689,-0.09308817499547783,-0.14502561889363041,-0.15520090913781692,-0.1223043063111444,-0.08699867742543607,0.08260565172847972,-0.012396763909574091,-0.011531508789052028,-0.029746933053335298,-0.15253838155010618,0.010446651348140257,-0.022062997624498017,,-0.10749493341225644,-0.08983987043417824,0.030648449978841613,-0.12862090708679244,-0.11082665993237308,0.09441260695013455,-0.09037051638060593,0.007295493135408781,-0.112123876936284,-0.10442037562941714,0.10256963918276046,-0.049391151880736575,-0.03332182144005044,-0.0770330417791932,-0.1023478559449881,0.13316492201258048,-0.08027737031873856,0.05683162381640389,-0.14034995693532326,-0.1143176723107483,0.14717138836427293,-0.07216936099006854,0.03428975082556482,-0.1232241974347598,-0.1075272690198138,0.10743608735476197,-0.09471761855498073,0.005091026999116167,-0.09989656265467316,-0.08731588664591881,0.11506189086862806,-0.03711633652133011,-0.04608693798355122,-0.1615058865263951,-0.08258334328837569,0.12712500312158903,-0.07967559727715037,0.04683797521023468,-0.13969973399327576,-0.12485627497544478,0.10177428125173284,-0.083413350672178,0.03363351008994013,-0.11760881021141369,-0.12204143167248066,0.1174442620334945,-0.09362920687934594,0.006940784141900307,-0.07727848589072901,-0.07975094809667892,0.1059733975156131,-0.06940147776544439
2026-01-09,,-0.06974014851935262,-0.035209770694574725,-0.2011511536969995,-0.08234969068712161,-0.08545328082293277,-0.012304754529692577,-0.09176336912646647,-0.04325524370693265,0.06280184368622625,-0.0005152551585149621,-0.06949561417764427,-0.0700478762125687,-0.047091097450399404,-0.044255354826032406,-0.1410052119557824,-0.07358334055685631,-0.12120410317471196,-0.2378759262071586,0.06759552710465595,,0.04583669753292091,-0.0970774668109235,-0.1718357703536894,-0.026091088515231085,-0.03633944340406577,,0.07460292194773738,-0.11565180487879717,0.031583685260712056,-0.22365773500506161,0.00023416659098552813,-0.08768752025592665,-0.08174498169711954,-0.09444269468831525,0.058827627208839606,-0.06871265937934673,-0.11962999749074475,-0.09012679717189746,-0.09594242264605678,-0.10199277211707998,0.0952022078273519,0.017746037395395563,0.03079289769579283,0.006331661970882981,-0.10017093949062231,0.019655234719128934,-0.004974113228256305,,-0.08985671167104961,-0.08124573511326057,0.022943647767239693,-0.11956563610706673,-0.07989717722769538,0.1259796432245419,-0.02952166364389992,0.007336772954108224,-0.10111720866063839,-0.04540174445517611,0.12479333127665009,-0.03425454747370878,-0.03621281604777808,-0.08452509049944316,-0.0678562517992515,0.13529235657913183,-0.06454819136030883,0.025298339179600476,-0.13277038256647025,-0.08297510096365371,0.17018290300466796,-0.059111703528283904,0.025585787500463752,-0.1174832137634326,-0.08349053547348305,0.13179015975034014,-0.09456860940746373,0.004137810350868913,-0.0885455741620716,-0.050840413024710054,0.11593284773424842,-0.05245777679537717,-0.04070222541861539,-0.14493297876625397,-0.07716336126620305,0.14750955283197653,-0.06494814891583355,0.017587493373639906,-0.13095685610150312,-0.08604289418819437,0.13036822974383835,-0.025068861514182344,0.0262937454213153,-0.11069616698247645,-0.06494128540955421,0.1372861483580069,-0.0815117093005484,0.008936039814038869,-0.07496716445240638,-0.044772874584281704,0.11352093202697065,-0.046108245331061004
2026-01-12,,0.010993538287294082,0.006540652149930119,0.026331952612261653,0.11488645432832084,0.043291607018011116,0.07019153855080514,0.05795394986605996,0.158917907196096,-0.18182897042785212,-0.041058267074761394,0.1339185994507374,-0.049100713064734215,0.1247361260980738,-0.03196576843021381,0.10166124489581801,0.11690553902579152,0.08518521927531207,-0.10078461391494478,-0.032059525763740916,,0.05967868284414353,0.14195988265148166,0.008382090422907974,0.22145177818300388,0.05944184818445099,,-0.02007860273518998,0.061968861647778775,0.19734391026097473,0.09466331294758248,0.1197148137648661,0.18424770787042336,0.1599826947646783,,0.05668878666024537,0.14940255006954767,0.16615104074008324,0.12367235505433127,0.09399436773077909,-0.19509396551845204,0.1943138505084679,0.04759492209728253,0.023932118606794187,0.13319539929969837,0.11127435607499174,0.15723071332550723,-0.06700550360626067,,-0.012597652752854585,-0.006634817223562577,-0.07956062388545043,-0.11809244229597704,0.05751298164970994,0.06681333278275742,-0.06689253682754086,-0.08254958720528188,-0.10222325655954516,0.07678308520083878,0.06389691928973873,0.04752017925607715,-0.1479354177715136,-0.1198373031807507,0.006606980974483548,0.07837619004173273,0.022608066069302622,-0.16343284391788618,-0.12663569125057922,0.060126556868958715,0.07978440266546302,-0.0022674079724719957,-0.08517116294010724,-0.11722567397220342,0.0752591105573317,0.07242038366054168,-0.0035981938685509876,-0.09503880074276767,-0.10234950583647409,0.05009291074130626,0.06288920751555538,0.03795806430773059,-0.1416356939908669,-0.1347204092582537,0.01603064716914498,0.0640225455310133,0.005664118571471236,-0.1690195141502911,-0.12911950193433175,0.06189218718294823,0.0688085981350033,-0.05779229967357885,-0.09146729277002799,-0.1127179424238938,0.06271897768235404,0.08000688628126747,-0.02029895623033212,-0.06053742662339336,-0.10266889949240858,0.026363117147758467,0.06997682494764498,0.06334882883431228
2026-01-13,,0.007870459359292243,-0.018425463398769156,-0.023217821728034393,0.015875663459255767,0.026573605730108883,0.003406691364447683,0.07530497952541902,-0.03437968981450127,0.05497221091556688,-0.03907784668709505,0.04037189209692969,-0.08530931334535159,0.02834709026701441,-0.07754747970884691,0.0015125804859415638,-0.014216428405286868,-0.03959152917094884,-0.12272076281239201,-0.012756695441024167,,0.02189524718516811,0.06605655405477383,-0.12268105925495282,-0.020224117447009762,0.03970250957107074,,-0.07212863388118186,0.01926473614729453,0.12499795129168657,-0.028792947435080127,0.07714598955613985,0.011256130400014518,0.054777033377392294,0.07427107942580015,0.00787093946378999,-0.03844899102026276,0.03539926906512076,0.018923730320454104,0.01457724545255551,-0.15755480776206937,0.15679174468185703,0.04099247545913246,0.021667219976624952,0.12701904242790352,-0.013966818529413085,0.0973036637678555,0.13202272614946564,,-0.05449431489776096,-0.0013555207188350104,-0.007728537802532132,-0.12071800784750783,0.003273242968458769,0.10883620242283835,-0.07681104459243009,-0.010830390055139612,-0.10185563876708636,-0.020555758442638752,0.06068093377199098,-0.009238102941702533,-0.07686353488858165,-0.0945204386901746,-0.05480391993265008,0.07664279187167704,-0.009680127950917383,-0.06095389495882501,-0.12957398765309275,0.002632501690750732,0.09334849558186949,-0.05301611750851492,-0.016972589085115477,-0.11392123069169015,-0.005128521418226859,0.11061665229773907,-0.04290001860324727,-0.014299097583435654,-0.09528410256338028,-0.0397851959702354,0.061250193505455935,0.0023005192841503014,-0.07405155878246257,-0.12116353780159984,-0.06321554623484717,0.06397704521178536,0.00807055529365804,-0.06271604016827328,-0.12385224907097643,0.012282592924378765,0.10826891388939401,-0.06539753196814205,-0.030882198704959774,-0.11033494788738488,-0.03313568570316936,0.1144429597404145,-0.05398603519887628,0.009575645537107349,-0.08662181356066427,-0.04853267256213819,0.034857278556403935,0.0024261023842969674
2026-01-14,-0.12287865267251062,0.03676030934396597,0.03573311377885166,0.14391498331299574,-0.020248083549307384,0.17029521827961625,0.13782158585735188,0.31663931510837445,0.024347246815578063,-0.090153856089964,-0.14993238179535032,0.07603843384693515,0.05607774209689061,0.09373757786788386,0.051000498976140306,0.2641189118587483,0.17023308499871356,0.17526459592405683,-0.01962844135416073,0.03534719169206888,,0.14055058866220346,0.14547810441922462,-0.02431072453624814,0.12873894496050325,0.14135969900231568,,-0.21845573697932105,0.1528009317189564,0.08713067353910865,0.1612112771770184,0.2126061568932458,0.1498328565513876,0.10403404585736156,0.14784038313105222,-0.03708028731185615,0.15007786782118662,0.15447189392758046,0.07371859618894956,0.22790836675706055,-0.24580725569899267,0.24382601191791806,0.0849244567876799,0.13681333038885293,0.07096719841986993,0.14536969387766416,0.14193965268584324,-0.011240698778084209,,0.019558450148302056,-0.012113843473496312,-0.04405064132056004,-0.08011079903874237,0.1587748081683607,0.03140825079276349,-0.11891303944894172,-0.05781029057897963,-0.07586508963989697,0.11051846726283436,-0.07526121884907448,0.02312519324848715,-0.09097944229790009,-0.04321467735465404,0.12557830962727667,-0.06739439677159194,0.03910571053571126,-0.09416133184351508,-0.07326223578782406,0.1830867771921138,-0.022853496633808475,-0.046916868665211685,-0.048486861487649704,-0.07689166844192866,0.1281083045592223,0.034133495081870205,0.026753519311489976,-0.059476775848248294,-0.07079844018328031,0.10927701187903875,-0.10508255557617138,0.022264154444054694,-0.07902892350767844,-0.06062623411431221,0.12176223180952642,-0.08108196916465125,-0.019286802046245437,-0.09048876808485974,-0.06969328733185437,0.17515750400298713,0.020339803319962275,-0.11418764138917377,-0.04942385829178768,-0.07075833852564092,0.10404072852001377,0.031564435356764065,0.037401493996015556,-0.04210992647622328,-0.07389307008932039,0.1082199835234332,-0.13187877434823847,0.020262906955449737
2026-01-15,0.015831843555149723,-0.017508482814146173,0.0065784029761986355,0.10245045220468216,-0.0818148779012556,0.1337575878638568,,0.17859943015157528,-0.24704742791032439,0.24260326906866408,-0.049569215517052796,0.17043364681464854,-0.0051101194217979574,-0.0602542876857105,0.02470137654370679,0.15682296788445915,-0.05064475778366028,0.022172242469581632,-0.0651542554223216,-0.05880556760261841,,0.04192504901698704,-0.09721830466253839,-0.1739070709364506,-0.24176803120666251,0.15048095060226574,,-0.1728250921554872,-0.027137185891718853,-0.15581129279821224,0.00501363475833556,0.13483158005019447,-0.23344110351625394,-0.1180764662619874,-0.06697207214455536,-0.12772922616812954,-0.1541101927564585,-0.14556421857340904,-0.10515098406146324,0.1798897177141656,-0.236214633206591,0.23045997533835344,-0.06683031814406078,0.029918230394574006,0.20844410804798602,0.02054737346665254,0.12349643933820864,-0.0052673489425463385,,0.02386035113506896,-0.10228192975637589,0.10402387962283795,-0.06275023185188389,0.10724421363348728,-0.03211448659165319,-0.11845570888358219,0.1300973584321525,-0.05279304574474554,0.08099998902847462,-0.16365219428661368,-0.1376976614060182,0.10777197538362734,-0.04757698412404777,0.1010706599115992,-0.17029296581445538,-0.10996569710402511,0.07163296876275417,-0.058704333927331764,0.15307445924519394,-0.14351063203522219,-0.14739964153284377,0.10747812174266339,-0.05492852768581121,0.08503378902927039,-0.03671000147143214,-0.07613702059607673,0.13394560333940134,-0.04947155303984329,0.08061735042349023,-0.19351772198204037,-0.12415463492871992,0.11843969552578541,-0.05387867480847476,0.08947567906966548,-0.18543537696276274,-0.12447235410194347,0.07266822972327686,-0.054018114887587364,0.12643607600201953,-0.049577764427443334,-0.1165782126947011,0.11521967944495538,-0.04286194822547827,0.0802142788721414,-0.05284956251947042,-0.07076227170884362,0.13252684388021607,-0.0568115000136148,0.07388047433845431,-0.2251441392217572,-0.13918996264208106
2026-01-16,0.1276954749155815,-0.011065540763783346,-0.006739785636930139,-0.03863871974472468,-0.06502243354126272,0.06880155651167481,,-0.006038086012338374,-0.11428068274666847,0.10322455169352533,0.01376601740806765,0.03447685075610186,-0.024545013133912393,0.039612654197078496,0.01240543106460382,0.08472339525008815,-0.0021334290654433205,-0.06740831405971849,-0.08109772428215244,-0.10811509848988195,,0.026141188739172393,-0.22901349264423196,-0.14401874226161773,-0.08465246719463078,0.15020393568690482,,0.04443944643035498,0.05928610943443229,-0.12814586702078462,-0.05588188567740591,0.0026627410056971053,-0.07546164927257362,-0.15730061092579603,-0.1583814096357478,0.09271180689853972,-0.09847042854768905,-0.07682839467499286,-0.04204620787765223,0.11648329805005199,-0.1938117995290094,0.19253581659056995,0.03684431019428254,0.038493708305239946,0.0733888898824754,-0.02972602642612886,0.0666463098734285,0.009824932202532236,,0.006225427615858669,-0.18066333849223346,-0.0013396449425946543,-0.056305917415346705,0.08842591223473159,-0.07206849199648581,-0.15203737824778396,0.01961358023561037,-0.04620739139790257,0.08078830285659154,-0.13236426707714083,-0.16459471717857532,0.04623797317506974,-0.07500442863892885,0.06932026317868092,-0.12044405880630026,-0.16692365879023507,0.029112410442608448,-0.06326676924893126,0.10093002356532915,-0.08466124699120864,-0.15816025379532916,0.00846849085973439,-0.04355329413125651,0.08006617606800503,-0.08596953547044134,-0.14585094170167293,0.025717346666408927,-0.04866790289081376,0.08257441199689322,-0.14293307069600597,-0.16539514587761447,0.04817498194788181,-0.07248829341347905,0.07120570250938874,-0.10911686786502711,-0.18318018082323226,0.03357280803230277,-0.055255044476347825,0.08922666338160153,-0.08600706054113591,-0.14988826880068212,0.015450826672095337,-0.03698266928465484,0.08189783721730089,-0.09746193630580911,-0.13607495803801956,0.014966097632948226,-0.06792938515069438,0.06206275009485576,-0.09862064072807769,-0.1725805429797257
2026-01-19,0.13611865636771267,-0.05445629607754348,0.03129005766563536,-0.08626498651548957,-0.17624840748976314,0.04378328504868445,,-0.13962376130949483,-0.12430278866791136,0.13973635287985656,0.05041752696661267,-0.022808738627439984,-0.03820276955100331,0.029209800170661562,0.027655786587818715,0.03254838660699873,-0.13207689311709514,-0.04559564149610753,-0.1555096778286339,-0.03544605261883022,,-0.04304198187384089,-0.1550342195262733,-0.14724463892023107,-0.0903482305728906,0.11054982080057643,,0.05486244107851955,-0.07634591542416755,-0.10912448699409177,-0.1705186337362671,-0.07243318686122209,-0.1521739728245842,-0.15596665094226547,-0.10251971725586081,0.07597111396777793,-0.09287681380703489,-0.1874942921860483,-0.15513459343964764,0.06333301560512206,-0.15972173083749522,0.1537243686103916,0.12813465394364734,0.08191262819767281,0.015506576783654177,-0.12301263817279295,-0.05534716352233527,0.013840874915307586,,0.007233906250625651,-0.19151657421621657,0.0703576032113464,-0.0645935973906091,0.03560368024965165,-0.08808007700912952,-0.13745099170488626,0.15026522603063416,-0.052942797408056096,0.05226069745384477,-0.08905323303872935,-0.1761781913827951,0.12612572299963118,-0.05478962221103776,0.042335022100194075,-0.07318576748935836,-0.19492909833305136,0.11246747018278179,-0.07563118268535741,0.030743223093483086,-0.05598324694941368,-0.184276547617961,0.07413258125038391,-0.056650739688868204,0.044424873479634565,-0.09479098071651894,-0.17805889464221808,0.15202031281899847,-0.05681422993013391,0.046978781891669937,-0.05847845108711693,-0.18104424101716152,0.12724050299982667,-0.08804446903505155,0.024230044383169252,-0.04470669998818943,-0.1896325746541671,0.11801026744712441,-0.0674226004905546,0.027018790890126387,-0.09879786367255591,-0.13544770622729024,0.07428602649597783,-0.05170112350037698,0.05309811654422746,-0.0977135301170502,-0.1887245261984638,0.14691763271759806,-0.061007675608807,0.04360988736673486,-0.026391649373202954,-0.19911369676673227
2026-01-20,0.05059517673796424,-0.04405068543547398,-0.013915893299649257,-0.02694994269521623,-0.011010235016701318,0.05910437274061257,,-0.03714145856766897,0.056650061281139946,-0.08520335068124821,-0.06872204769834965,-0.03234258530810047,-0.035285996122803025,0.09917396254480923,0.041125858411137896,-0.049327192100183694,-0.014017044021462326,-0.03375599108288042,-0.11209718532916543,0.04998033014514818,,-0.012263821266186796,-0.06598023187098762,-0.2167194144615297,0.08316627919430766,0.06430234087102629,,0.01838054725454205,-0.0050189913921368295,0.007744848030861287,-0.10855585463189232,0.04120592577731737,0.09663075699522347,0.014804001499648708,-0.02967225137991345,0.1147371647435802,-0.012834704054070206,0.05264202409382092,-0.014479389866838579,-0.0010375109492099107,-0.15801080746197405,0.15887758674109362,-0.001067563000009904,0.10819443126996868,0.018720846282404117,0.03461998926110477,0.04164348552210429,0.009679874792349191,,0.002142580018450505,-0.042524451999452276,-0.057794894503315146,-0.09086165160735073,-0.03862846116072486,0.05788967486907669,-0.00010292963355191079,0.0011205184118280235,-0.08746476839104672,-0.03528128384872584,0.03638635088443894,-0.03790407169266765,0.00310422568092716,-0.08001251397785868,-0.04132809404349015,0.04742332983634202,-0.04303532023857386,-0.045470889967493475,-0.0928428664008755,-0.05453734689379819,0.06320090297117337,-0.0211104383220415,-0.05931417138018302,-0.0836600324732689,-0.02925800055203613,0.053475947007745474,-0.04172941292599557,-0.00854541098137976,-0.08341907314773438,-0.0396992721051386,0.05247398323555415,-0.051573868405817416,0.0074561672674301705,-0.09902262444990037,-0.03800712454639278,0.06427547854378292,-0.0453818294862205,-0.03979281142257761,-0.08620411244168957,-0.04777316672781876,0.04330375133232288,0.003286380891885582,-0.06000991699763457,-0.0816830438565349,-0.027033906462085967,0.054289242590236333,-0.033939267722936976,0.004215203148135892,-0.07969103545421796,-0.0442618901221649,0.057806231790947904,-0.04812631464304081
2026-01-21,0.06361126729129953,-0.013043371450754716,-0.043851601769390694,-0.005262014977977476,0.020047584474975302,-0.010650802071088688,,0.014381693805895213,0.005029305923175143,0.008982364407769323,-0.08421661305817865,-0.03568479228289995,-0.02595040157034003,-0.009595165147988222,-0.0011131044664226375,-0.08314083288232016,-0.03221207469975253,-0.08388723182728262,-0.05964999654602244,0.06435512028772328,,0.016712233657108864,-0.020822467136514446,-0.15084645662067916,0.031231683193431867,-0.0020368217341296974,,-0.010558509353868865,-0.02738685276269113,0.01590937942548939,-0.0764281760658193,0.015380411371016839,0.00816383218151408,0.029082992326927893,-0.034653334674849046,0.08160546649918363,-0.06874318324641235,-0.0007000170659990154,-0.045466411200066795,-0.04833110394490642,-0.12684708030063058,0.12716057567157954,-0.012198193358878276,0.03058357313514721,0.026202008337195798,-0.0008339760227006959,0.08478156708220505,-0.0476839477694042,,-0.004632315208212586,0.007580352984095073,-0.053893538325331156,-0.09838754565539023,-0.05094387037184388,0.04799239460252081,-0.02506098312380414,-0.016667433057148708,-0.0845601995341072,-0.04868959430013968,0.012633198253367861,-0.012523348153151561,-0.00835149464545391,-0.099002314423458,-0.0501612444895794,0.007575265016283838,-0.014820747927214797,-0.02361522161931775,-0.1041853762573514,-0.06561684380114198,0.026241601803595995,0.012605747952144053,-0.05474967141910161,-0.09654399303816784,-0.05649947844167777,0.04505913056873076,-0.013850008415465334,-0.022530779380274576,-0.08201771118428776,-0.04778038194655727,-0.012777210176609826,-0.007436178512749722,-0.008621520536437468,-0.10991261750643111,-0.06607198798743165,0.00913637885823171,0.008960347855243272,-0.020274538537066275,-0.10488216428223406,-0.06035284586917965,0.03845621062297847,-0.02368666602246351,-0.05772383651685984,-0.09043123703492251,-0.04996212510837505,0.04431595567158315,-0.0167799891190802,-0.00046398644310459035,-0.08088257983710717,-0.04487107109889919,-0.02215412161940667,-0.011805800073760123
2026-01-22,0.04682198847159246,-0.024640815974776374,-0.03203310212433191,-0.0701315203492243,-0.01365665040518289,-0.02390399058626894,,0.0034341520745665394,-0.05535380419976856,0.07878557207707067,-0.08214484456724164,-0.01365015666305003,-0.06880033372853112,-0.008599187692564176,-0.04713644458490791,-0.12721727800925697,-0.02151715125555553,-0.13049732974948366,-0.1034461926532228,0.034719857301207455,,0.022862522037285865,-0.03583675499912132,-0.14006700257906363,-0.0734614591777756,-0.017786726202152565,,0.02854413079940588,-0.0679549073546887,0.02360647338512908,-0.1343995901721748,0.0027910912472797465,-0.07845255375415103,-0.062347681850471424,0.013690456432223894,0.06098710060985919,-0.09847682632422378,-0.06179611857451712,-0.04029172299501466,-0.06852123354518913,-0.10399041877293116,0.10220660048087044,0.052527115992372204,-0.01615778698240461,0.0814825789405739,-0.04898373142038694,0.09412523087758917,-0.029959615494272635,,-0.04063130757269827,-0.0010452690882031997,-0.010434253489963817,-0.08183600966076106,-0.08624408237243955,0.060929005671491565,-0.012163067891713663,0.03753221718743377,-0.06197574350192769,-0.07088217413099822,0.02730844197116193,-0.01143784079857027,-0.001357895414180977,-0.07709229358770474,-0.0897475356638074,0.05703173928625284,0.004680344726510882,0.012683750377349215,-0.09090692864672636,-0.09725648171177116,0.09472415870489098,-0.03310928242592489,-0.015596218548792153,-0.07510242713471596,-0.08159080806447393,0.0650443127161619,-0.036939776105439824,0.026787491371004144,-0.05874360735279294,-0.06292572639048334,0.014891863425597665,-0.008197218168786668,-0.002323876036259937,-0.09304223067031649,-0.06443427741095216,0.05481017426181142,0.0017920001623096668,0.007951732445465619,-0.08701079555631354,-0.09592953780040227,0.06002678175311723,-0.012297254787429641,-0.021994703181489574,-0.06853541684833121,-0.0818305357196184,0.06752789042269108,-0.027377700867775964,0.0586621738339184,-0.059527619867323196,-0.07613363792232292,0.010315485418624785,0.016863953247184458
2026-01-23,,-0.052003523337618984,0.04990759698059565,-0.2056618077624755,-0.08418611878738169,0.06792921038403,,-0.18493518303790443,0.09735323798562766,-0.07090216876854138,0.007688155139832078,0.025711315990609166,-0.0914673344823303,0.10386692705460626,-0.014190180186778863,-0.05568216375108878,-0.06409880467072467,-0.12212616183058131,-0.15509517096001843,-0.03910698055571052,,-0.018623390804048682,-0.1376720310620811,-0.04338853641750629,0.09247767449883605,-0.02013149289360049,,0.16381371560435287,-0.1872669161960719,0.0902902971853135,-0.1238758519077233,-0.05960902624821484,0.038143959464811465,-0.015070526371290674,-0.1413838882814311,0.12414746268441126,-0.03233927959993605,-0.04891922931302514,-0.11058341565528021,0.05694904098239333,-0.16732744608658537,0.16597637327284884,0.055826327173514934,0.024462518177200323,0.046044585646431824,,-0.0027720174030133092,0.010970527918931014,,-0.012499402933864607,-0.13000454010643367,-0.014830964828139575,-0.07209369774924301,0.03302573613002634,-0.013723954160076959,-0.047299561930111325,-0.010403072669546301,-0.056175436258243346,0.036723538721117104,0.10272563694490325,-0.115629775767755,-0.026474428396288743,-0.06995475588257774,0.01217452970288379,0.15595466263787075,-0.09662935966343196,-0.0026697445787535134,-0.08010483940027018,0.020977167375922635,0.20067116150886036,-0.07095579879338836,-0.022722957305812207,-0.06974842447885388,0.026348103013607026,0.005265316173162589,-0.15855596609584371,-0.029172900450774836,-0.05650414375685208,0.03159931015005952,0.11674420536947794,-0.06437231449671099,-0.033756541380898064,-0.08280834511701592,-0.013886512245096048,0.1756386075336218,-0.11684577326778256,-0.009810627165351613,-0.073414845790151,0.01592862267256005,0.017857162398494802,-0.03643227748905169,-0.033327221448640136,-0.06255755124889997,0.02188488365677065,0.026761496632268022,-0.16150215624390526,0.05248382743781171,-0.05650234182100324,0.04488567876372891,0.1595550707113539,-0.06753323978138727
2026-01-26,-0.009850497874992896,-0.049352383731442344,-0.08761161587914396,-0.16294176749558953,-0.04782040498021189,-0.020769345569025297,-0.022101721037453267,-0.10781038679745959,-0.019727592823395278,0.026101492347007826,-0.08647565549272705,-0.08204449929235391,-0.08525054651282808,0.01813211435985957,-0.02875153408558456,-0.11731603785123859,-0.11685648480270185,-0.15625884637127818,-0.11082962653012784,0.02730134571428351,,-0.0035350789166229244,0.020747922611039193,-0.13533029613314715,-0.014969024656575606,-0.0028848096303166096,,0.09538351247895485,-0.09406395228597246,0.04657838867843363,-0.1392871801166646,-0.05141162141711998,0.005288125427410538,0.07135979127179681,-0.10475756108033343,0.09816069621039468,-0.15971813491016626,-0.04206852138380246,-0.05752236572733012,-0.055177743716363484,-0.1737277523243314,0.17350829505571685,-0.04716197744393669,0.024540731701250415,-0.03197871704655985,,-0.033909369695906154,0.04757565258682722,,-0.025426998573017823,0.011976135511746318,0.03703304733242714,-0.13350409546232142,-0.09108247402631778,-0.012734355641987041,0.044379892310598655,0.012160897951473055,-0.10953318257517003,-0.07866306562153504,0.023659947829884474,0.03482712711074095,0.015007123714702265,-0.10319421043304942,-0.1185648874987448,0.04869485151319908,-0.003575818513074969,0.03449085202454292,-0.1388050364119461,-0.10648561632338954,0.07664895620266877,0.02676892400121987,0.035060456812737804,-0.1223830177615889,-0.08706197129636266,-0.003823298573635007,-0.04429815489515243,0.007528992312988417,-0.10265632582910934,-0.06299967863269107,0.03776292719516258,0.05389436429326319,0.009894460276644772,-0.14709774461692487,-0.11686471473429838,0.06791340353433378,0.02455698338655411,0.029674521363490036,-0.1344989026188887,-0.11030135030299935,0.00914104437820464,0.04697501691344567,0.03237957936011798,-0.11257687979349296,-0.0887779901731768,0.01053407722368324,-0.005523519420122709,0.04227434564112978,-0.09373145489857816,-0.08702187503747132,0.055789362808492685,0.0303140595315881
2026-01-27,0.04822398280615095,-0.06541368091104625,-0.03646134684887809,-0.1513695055457788,0.005455203436512034,0.002897025029535483,,-0.0726034687937165,-0.052349815698690724,0.05612085522115345,-0.06730389255130281,0.01270980885261661,-0.07628266778296129,0.03922432955135246,-0.04106467205635841,-0.06838247296275012,-0.15159390962713953,-0.1264772723215257,-0.16441179814738013,-0.018760862650762856,,-0.014215308540633916,-0.026636483951318166,-0.08811102791144881,-0.035095390421504946,-0.01777468267297276,,0.09121762134578336,-0.12860149972344756,0.05720695835690356,-0.15268958027434743,-0.07184101382248316,-0.0366920278500711,-0.007851645077622182,-0.17461997267506502,0.055618085000917215,-0.1294987799084669,-0.09725423957552605,-0.14951057520475342,-0.023880795656331336,-0.17324993324722204,0.1721622896920344,-0.015556643133395739,0.013218778628184073,0.06595783349316689,,-0.04927229107392988,0.018178319682031128,,-0.02732241200261265,0.02044443989496592,0.03324489850944693,-0.1142871319852424,-0.05316001789667643,-0.0837919007855248,0.016863718731195437,1.632343013936569e-05,-0.09570925545030244,-0.02508915441974121,-0.013712996857910534,-0.017468557561888563,0.038731826762596004,-0.08603942784601905,-0.07183561917352073,0.008881784361379133,-0.007132997275567268,0.02059381769071495,-0.1224044133357004,-0.06402299922421954,0.03743423798350528,0.027455279964203626,0.02634945774361732,-0.10469768600189933,-0.048350810192456524,-0.06509984148926817,-0.04536548179928905,-0.006470726162003464,-0.08978883920433198,-0.04033039818741153,-0.02190833973976524,-0.02790739645995902,0.03084791734657833,-0.12538140767594957,-0.07852408180730555,0.014953437587545882,0.023198124153731528,0.016898794239045764,-0.11247273705642513,-0.06525190615902944,-0.057282141582283085,0.022251519525826585,0.0168715724919434,-0.09534386816491201,-0.03549946315903763,-0.04799203067371797,-0.04432393001816494,0.018051555723026993,-0.08082336146230273,-0.05334413125724708,-0.03070413162792174,0.013281677873724564
2026-01-28,0.040955005038037146,-0.029137685734312805,0.008340705403168561,-0.055665431754678245,-0.051335967983434004,0.06881788027905113,,-0.05420709882648001,-0.0609573380859666,0.056274908432606706,-0.016750820698944815,0.030209739109810937,-0.01019026344558373,0.105232211957744,-0.018554933307464463,-0.03945005958679489,-0.045012476463753795,-0.03044525319399437,-0.07791525490552235,-0.09632963512253459,,0.024338141303717004,-0.030934764318073526,-0.09009532297271419,-0.04280966068326086,0.016538754431362778,,0.02606697906527113,-0.04785757471518301,-0.04981706773603227,-0.11511889685547068,-0.04444140636807773,0.009352961281382946,-0.07702662714847881,-0.0893145373373195,0.0866783750307359,-0.13476225538507156,-0.02360391874607009,-0.09618763276375833,0.0253369307956735,-0.22480633020122717,0.22338518323268097,0.03933853787179972,0.04215508086166918,0.08430724093536038,,0.019965171632679156,-0.05142619710415412,,-0.0005707070367530645,-0.04850054540218995,0.06447049078026294,-0.13570382188303354,-0.013609356339741934,-0.05218834177979721,-0.07664989618625148,0.03555937554463835,-0.12384360236566287,0.009164102496495996,-0.04484682040883114,-0.09283778447430457,0.02306955424801175,-0.1022915399156392,-0.012837140024178944,-0.03409270398028384,-0.06036958641742591,0.034337561865929796,-0.1423854381649987,-0.026414037066702697,0.02114684475937166,-0.04574127329734428,0.06420765365269464,-0.12635669844346667,0.0021910118742627083,-0.04241292592182102,-0.07005801260427717,0.03441460711717543,-0.11762172689449538,-0.0025978283890620638,-0.04185884631896096,-0.08594639466221923,0.01640594539324409,-0.14890959818105493,-0.0287679328917689,-0.026172604722100014,-0.046800003622053055,0.03394771067625364,-0.1336409745623225,-0.0190492640775723,-0.03930118185437335,-0.07268591443983072,0.06359898915356034,-0.12036245040454348,0.002410554547987173,-0.03200692532442761,-0.11015534766703505,0.04855253999082931,-0.1056486714002373,-0.008070155192387457,-0.04930019691102894,-0.058882373324471785
2026-01-29,0.029508392789459065,-0.006455176219536095,0.06859076773581017,0.05847470655534715,0.09466047311525452,0.11400979209114652,,0.003549145596248287,0.16189999091385399,-0.16169638740740683,0.011889950895488942,0.00022371384059409593,0.03165190556457522,0.1011843751379738,0.01922083719128221,-0.024336271487125045,-0.02434442679885561,0.09170687232484367,0.06306121959947483,0.07385853104334335,,-0.013645064836676345,0.10539231954728931,-0.1717608108032733,0.1977462718414179,0.06566269792295577,,0.07987070857667301,-0.04033028254844976,0.03332180950875853,-0.0681369883491205,0.12220249566596743,0.21208219820295623,0.11215249886063737,-0.014908181805057649,0.1418186323197633,0.09577258788495371,0.19447899684505993,0.032672836464249455,0.05833946747722911,-0.25073925281552123,0.2545623366694102,0.05876320558174565,0.0867298177188866,0.07705934703004336,,0.18769753884824172,-0.01414138739713239,,-0.01197886528638756,0.03880289705439999,-0.11830802777275137,-0.11388541934138297,0.027413366809146696,0.13686271176638273,-0.0045618935829975,-0.17427763793971582,-0.11098110305900473,0.0005690568231753562,0.14498257627320682,-0.02171799318883061,-0.20647290583439537,-0.1005554821604243,-0.02204223777447937,0.20937184293559216,0.04065513814906495,-0.1515813242004028,-0.12071064044759701,0.0048112169400201035,0.21229959280174207,0.01011249388496563,-0.12714877988757323,-0.11357431159472604,0.03361548178173007,0.15967201693500266,-0.060277575895486116,-0.178723675997929,-0.10932092391345752,-0.019647461665240278,0.13169758173915083,0.028235805225813152,-0.2118341831577059,-0.12770188009951125,-0.021376479264934446,0.2058725867371986,0.04649964019046939,-0.15521539284237137,-0.11447164494258316,0.02914854238859278,0.16264600791981332,-0.0014608174824149273,-0.13441527083005556,-0.11203039929932154,-0.0059360948780163535,0.17555945250329894,-0.04811397414692541,-0.15337481675133594,-0.099637296490401,-0.030284297444963935,0.13197458480838395,0.045983102164600026
2026-01-30,-0.10651106799263084,-0.0038246079563150127,0.032387082922160484,0.12898777589512178,-0.06438746873155028,0.056815067322131464,,0.07250057121888707,0.0019955406579250244,0.0010410694052785214,-0.08787589717242171,0.0289554163559187,0.01989993854064961,0.07776022125443256,-0.02230336580750297,-0.10311445636710834,0.04893298103838477,0.049479204510274814,0.04275840129632367,0.002335944901514114,,0.045663170089860254,,-0.202052731547804,0.009371254777488866,0.05969052629824042,,-0.021122409298202815,0.050867071705439824,0.058359046944354974,-0.018381272438268103,0.09259032820352284,-0.04411401044628265,-0.019022134045782103,0.036462891332552066,0.0669162341788418,-0.06242941007078352,-0.011732556175857629,-0.02064581538245427,-0.0578984598120691,-0.18870562473736674,0.18390614612870737,0.0028667350761748117,0.04674019273286839,0.07918107982262386,,0.10537040396122736,0.0032614970171716737,,-0.0022403145165946618,0.03212899160314433,0.043835303970222866,-0.11443764434794436,-0.03900234828191293,0.11222534774474531,-0.013076956725743565,0.024086213750577873,-0.11096154675523356,-0.07581829343552872,0.06722689656879899,0.02643794237794936,0.018430271271926757,-0.0827671917692082,-0.06700336080871439,0.09289741944728679,0.06772630210898704,0.005748725184125935,-0.11095054192773439,-0.03674218260396529,0.08458064753987632,0.017410768392114532,0.04571241614838683,-0.10960461120907582,-0.06444048756051889,0.11774066163396439,-0.013029508578795748,0.033515668095269034,-0.10407641552223915,-0.07184122660393184,0.04256583296778494,0.053730848568658125,0.014863829995165778,-0.10426015104247244,-0.028537507844931906,0.07579996734674027,0.034470595553710036,-0.0030069977923659116,-0.11054246755298185,-0.02988080959318877,0.11747422102421178,-0.013970377418026947,0.042957248180896086,-0.10747996429893884,-0.08362953357958064,0.11978575106395113,0.026467298477594235,0.02441484735736914,-0.09331337085610272,-0.07841640691732811,0.042660763962758086,0.06300130454298576
2026-02-02,-0.09255239897509167,-0.07749556779334955,0.013838428930307232,0.02273963243746058,-0.00979892313908729,0.009454788078184876,,0.0384089960936659,0.05448540379323352,-0.01806001380690069,-0.16727084851485943,-0.13233003611074826,-0.07228229621136197,0.05502711586128427,-0.05538308999355936,-0.17507349356625934,0.05551856611584933,0.058207168142417505,0.11984571116954178,0.02312046881218408,,0.0076380888346594044,,-0.26370969826963614,0.10252989208871856,0.043756978415220235,,-0.016419684466517332,-0.036718445318178895,0.04432033244489204,-0.09947609059937187,0.12130833319291263,0.06849955052812153,0.04260865107438472,-0.13370632231820848,0.06146868528643144,-0.009132607712996895,0.016672345669804942,-0.08424890425838914,-0.10359731000922366,-0.16341110307262638,0.16139081080643622,-0.06804923984070796,0.009329991509705406,0.0033125080355036153,,0.044678399981001204,0.054963066185715476,,0.005873406826606072,0.02521887660527796,0.0583824050528714,-0.0931354366652588,-0.09335494132239977,0.08206559379762028,0.05436726608483777,0.03433671328989482,-0.0749262798483471,-0.0942882982645801,-0.025349984271031006,0.06679010899450384,0.0053824541983598494,-0.057303423663571676,-0.06424696244493752,0.03942270059496244,0.05329137826031971,0.01543043191207396,-0.10101751248332529,-0.0755519489322863,0.05015316317698798,0.012724832385982949,0.05640893949133841,-0.08538266473390299,-0.10365548672453447,0.09042378657999912,0.04591227793046903,0.036682647112668845,-0.06194392678880097,-0.10494013664575227,-0.018361543263275666,0.07729336435300858,0.0009492346533537619,-0.10253912331653706,-0.07917462953523265,-0.00167629393804798,0.03319764712226539,0.010326665884063443,-0.09610312154297533,-0.09010051679925295,0.08046361696067993,0.054459988977345185,0.05293531683763132,-0.073951314378586,-0.100393439469001,0.09091018582438466,0.06060423322456545,0.03594728650548561,-0.04954393343693898,-0.08247105979927746,-0.05108260788172082,0.04998995668685241
2026-02-03,-0.03661031721206229,-0.0907708503663368,0.01799833212932764,-0.03194186803333708,-0.08313900386470523,0.0552259866448675,,0.0878984584756538,-0.026358133712784084,0.029043305438796768,-0.16964759116712883,0.010899620714479873,-0.10955717111148974,-0.002951784044836396,-0.06866023749958831,-0.1458314608490879,-0.07982281985468492,0.08225805139180414,0.06684874682472633,0.037123829879975236,,-0.03203704459043757,,-0.21574722653139838,-0.09926517108511351,0.009490273313253379,,-0.04549040653144618,-0.13410443904566335,-0.002043117690178678,-0.2172510243901802,0.09038610641316493,-0.07562381195106922,0.01599212587976158,-0.06323478901969042,-0.06572956363179659,-0.02076842859233761,-0.0874201576517371,-0.16842614142283932,-0.011247326795483596,-0.19141262249667002,0.1844666418311788,0.03627611690873454,-0.04200608244338798,-0.09733769465195632,,0.025259565490143854,-0.03812297084018989,,0.020016348837404045,-0.08758466636181164,0.03823931413504717,-0.07990277334539632,-0.03495833656438863,0.05566741704936139,0.0310259381827563,0.024430250785728726,-0.0614189551829918,-0.04461279912971577,0.012339844950824857,-0.02693991352852542,-0.033664551390007756,-0.09078694483159848,-0.03315988711017539,0.04040052431173419,-0.07828588929733377,-0.05697627179333113,-0.0849822840010902,-0.02021977148365584,0.09992777197083455,-0.0393323582634572,0.034746708837532746,-0.07117735095199405,-0.03838315048014299,0.0702684088288053,-0.03738376082374464,0.017530435634930362,-0.05537792566397037,-0.02980974002948192,0.007665727784551643,-0.05069131978893466,-0.03831936851080118,-0.08460771242769613,-0.06354816202798212,0.04544488181621253,-0.07910091400993643,-0.06671159860438748,-0.08234401754176385,-0.03600242765331894,0.06943655021738246,0.031135573834364435,0.037074296987245285,-0.060714876306115155,-0.053010797123428266,0.08248952062187241,-0.031821949735220345,0.0346699157864,-0.05644654462233815,-0.04008059173737584,-0.01964498417409051,-0.07776767737450398
2026-02-04,-0.021322465426270785,-0.08841830090418389,-0.0022595205115860536,-0.05400392484727788,0.07486093386571827,0.04621634977730557,,0.1391489152709735,0.12980699054749165,-0.12519575273850486,-0.1375329760358845,-0.07541930371637241,-0.09620094684311657,0.0704001359144907,-0.08570471029554455,-0.19823822176072733,-0.01430769829362828,0.05253845785685851,0.005240589069809723,0.06551058657140592,,-0.026704623502940276,,-0.18947550170735003,0.06889551043169803,-0.04087107393705733,,-0.01805256497241675,-0.1293447053924558,0.1270131270676616,-0.08403300840870447,0.1174424999591569,0.10091117875232108,0.07175744367861865,-0.05158230815248369,0.07126037290309335,0.078959244757539,0.07015860598776348,-0.03549572509160324,-0.051386890041265815,-0.1753242988136099,0.17260749214568902,-0.011930710069261958,-0.06225195257388049,0.0012716498500671843,,0.1753323048542898,0.027589004964329696,,-0.006019156435800421,0.019091486064351935,-0.17946372042970968,-0.10117595776056065,-0.0919652374441191,0.12342171504763508,0.07592631073754705,-0.18467497366474908,-0.07948188647048929,-0.09315892343327498,0.07273565480704233,0.011550706667553548,-0.22177907711603476,-0.10320732595058443,-0.0962839925848064,0.11510944023873727,-0.006166144977531118,-0.24377779757298457,-0.11134135438532135,-0.0902691861500175,0.17726494704093937,0.10270563408066818,-0.18167763141709167,-0.08786737447358307,-0.10125902200618597,0.13287882115602836,0.02115689598102575,-0.18772694719203473,-0.0757257415738568,-0.09312076236799188,0.04378081845637471,0.0014718018903578723,-0.2196195507565279,-0.11154419899239186,-0.113253532521048,0.11577185522692088,0.029005900478685582,-0.24767365052852217,-0.10385255345613724,-0.08483084195309609,0.12171129115705177,0.07909592340724875,-0.1829008846670547,-0.07935886113381083,-0.09476825562604435,0.14211294057982493,-0.0016215374855731272,-0.1738047208149583,-0.07568083690409165,-0.11234538377420374,0.05837176138438249,0.0020466933965364383
2026-02-05,-0.20554323923638637,-0.032565705084081964,-0.0035287155612519004,0.16249113570545115,0.1940900670121951,0.030562751444452658,,0.1888324538759121,0.3455758873923202,-0.35538358318276453,-0.09206855442335468,-0.033998915737392436,-0.0685965413596132,0.07326403666396637,-0.051154925793827334,-0.14543956321065946,0.1786783946411486,0.14473600747677787,0.189737285784118,0.0685464210356441,,0.01631537743992311,,-0.16415614368032408,0.38140959645251477,-0.06086577568616874,,0.08954493311063308,0.057408570551761406,0.259542067830737,0.0706738594244265,0.22434801923589007,0.36364000167795946,0.251762794732726,0.22750066111586306,0.24107017238553893,0.2494539106067306,0.368944500808988,0.227023475495897,-0.0618215240747859,-0.18552509383455562,0.1911892293830289,0.08008867550846681,0.001667403449119682,0.12132877209807899,,0.2870428863074958,0.024452834006900213,,0.012483702783189539,0.19576144857106098,-0.26864730610510024,-0.11627562009875461,-0.11538946895193072,0.3324175943931176,0.25925296351901117,-0.2841233187010937,-0.10373198138679765,-0.10250579179773461,0.2354309647661822,0.12971930201971435,-0.32935200728747,-0.12418045929234327,-0.09553820462469738,0.29996940614268525,0.15206486792859933,-0.3065983808274825,-0.1297686981780038,-0.10768919299709019,0.3023465133324517,0.18985734101527904,-0.2729275723924441,-0.10903277577482967,-0.10510074185029696,0.3378396263044359,0.12494346328388162,-0.2872881572615614,-0.10051386308083199,-0.09994292418429147,0.25056973266050014,0.13126254654759725,-0.3241954969899191,-0.1404693557684085,-0.08417123896605581,0.3103851308531486,0.20562326459686303,-0.3125312190633274,-0.12341874761528521,-0.11625173659923793,0.3287945655490124,0.2668965497449763,-0.2714158252388497,-0.10679609543581986,-0.09941951596664832,0.3353192580521346,0.11804673359412579,-0.2612062339140227,-0.08934234763355255,-0.09974456957365924,0.23764363572191952,0.1447125958355756
2026-02-06,-0.21479702129895448,-0.0441220456546089,-0.02198811164450025,0.28061372527214606,0.03540223770069141,0.0333462106726806,,0.15540905632471544,-0.15030977942082238,0.14377002041514345,-0.19294896191656735,0.07154541492114079,-0.03546827376335165,0.05214984528411204,-0.027550232552396834,-0.152037695889647,0.010975300956577134,-0.043596716812089036,0.12935956199583296,0.036712246130439156,,-0.021086415433181037,,-0.1785781764916506,-0.11375222362939841,-0.012651761172349268,,0.09521142706660789,0.2241494943275773,0.2002094260503434,0.06898672378898288,0.15248187860710638,-0.2853717325473309,-0.11198259167686431,0.09749156941877558,0.0694743580541356,-0.17191601143594115,-0.11613691204692145,0.0732371058854381,-0.07601571713579319,-0.19042976803947628,0.18070865762236257,-0.03573558898971896,0.0451998830416472,0.149013005035281,,0.15029410200698565,0.0154126076551567,,-0.030525816405475158,0.17758719353493815,0.0415191431629049,-0.11107039121513469,-0.12184432890081624,0.20804221818759397,0.16915885930836086,0.10819836330254139,-0.10742567826157177,-0.12056615711736535,0.041127566320996976,0.12448708656151115,-0.015808815539936384,-0.11033238899332326,-0.10944771690867311,0.1172985885386076,0.19296857470252987,0.003008048088517636,-0.11858474816899955,-0.11519354665005928,0.07171816247289418,0.25314888104288713,0.0309178385431287,-0.10761316178758464,-0.12105891579853527,0.20352567306727495,0.11069641329244302,0.099978607467606,-0.09881689246930843,-0.12130737481723025,0.019031282834331163,0.1469672026029779,-0.01515124938680563,-0.1281410530923841,-0.10235488935883862,0.06044856303797893,0.18065019675218286,0.0017709021017180521,-0.10998658879735013,-0.11155611944931623,0.18783082444476443,0.1746146158506799,0.02649247729304645,-0.10800665774457628,-0.1190680622208,0.20443850377775397,0.1105404631431705,0.11249816198126353,-0.08623075800409341,-0.11276057195578428,0.008204274178794201,0.18487370734200123
2026-02-09,-0.10484532600360742,-0.017858879742436634,0.0028491995959493634,-0.06033274352913376,0.08600168624223523,-0.0019823457832413467,,0.08772547032380965,-0.12660544609023092,0.10806643038945703,-0.04078902031769238,-0.08105776325887815,-0.01982736578519486,-0.03536118336696886,0.0027418373797903277,-0.08799980193779075,0.09009941700061151,-0.012127203303324242,-0.0508899401044907,0.012861414439859357,,-0.007596540072071377,,-0.19990457226091177,-0.15905870901028935,0.03927834175974491,,0.10019587953293926,0.0006839532861468762,0.042934876443725394,-0.04575730151321851,0.08520642042150278,-0.04543832837072564,0.0070365379711459,-0.15178826853618302,0.026772921963571693,0.003942239485668714,0.004507060928909172,-0.04543967498695001,-0.05290618863809408,-0.1811245554821628,0.17697376642539533,-0.033160752590520065,0.017352525089099118,-0.08753914774860806,,0.09428898817975637,-0.040200691435769056,,0.010251742815432226,0.16067289616740119,-0.17656478558240027,-0.09990896682151183,-0.06641471596795324,0.1562345543651561,-0.011477584986934967,-0.08651963131697285,-0.09983276232149939,-0.06468303524722167,-0.04490888704650273,0.015756829661833567,-0.10206210982243917,-0.11474364537319638,-0.07054386410686679,0.010617762113203748,0.07463543426024605,-0.1642990794344393,-0.10191407405466532,-0.05658968017100573,0.07125291699237207,0.058279577741139746,-0.17907989180580494,-0.10709484093937474,-0.07270566954351071,0.15981440214551082,0.016239704797719478,-0.08894039081548752,-0.09283271576470785,-0.06720772871326966,-0.053041582063198436,0.08024905626235786,-0.0965044437790739,-0.10831668325730404,-0.0642223291581101,-0.03612847554734361,0.15324242787801448,-0.1572208450715747,-0.11057887429033601,-0.05806717548547221,0.1289993509036221,-0.014941639740270974,-0.18804090946206803,-0.10649525269061957,-0.07332737989159775,0.16093351291502508,0.03654293690783185,-0.08342651192433943,-0.0830630364737287,-0.055419898620260484,-0.08953322044007783,0.06719166931492847
2026-02-10,-0.11981932069681446,0.019412156961938022,-0.03654985496347757,-0.015216237612123791,0.12652739542959376,-0.012007705595112224,,0.22667068888047742,0.10045472617678082,-0.10584155947119321,-0.08272817332944785,0.028136385764861657,0.05469329658760838,-0.05665008991919494,0.047777603378116325,-0.07860184508449819,0.10933968180098776,0.011159957614852504,0.015169665510795629,0.05476271847004798,,0.0012215301075486908,,-0.2677120718213212,0.14225065251970068,0.05209282019771428,,0.12424378251500669,0.08381127594688455,-0.016573740091043315,-0.09804690612311143,0.17653018834603884,0.12037431289289516,0.07018360129067139,-0.008855406730297935,0.08999975975718158,0.0949010451223975,0.14484758480538115,0.14242477881311108,-0.060309276228318845,-0.1916453458426242,0.1919171426931828,-0.03916569949758732,0.07405548874799174,0.06283128428604917,,0.17830066273276268,-0.03484244794132202,,0.025156968087982273,0.09874610852188297,-0.2710887596525932,-0.10714608090185904,-0.0686674893955157,0.2483907337102496,0.03896112069485622,-0.14827002483861226,-0.08965385504607386,-0.049118061974484095,0.08345688162959466,0.13129102558985786,-0.23321502785876339,-0.10751571296837817,-0.06801460268679131,0.07573209037975112,0.17833478879754378,-0.2572114906099877,-0.11045568635284456,-0.06023785761110806,0.13454738896472804,0.06590359735781258,-0.27972777706274815,-0.10961974240658656,-0.06907920003796458,0.2482044825508559,0.0760429130207057,-0.15136393897323666,-0.0801937031473748,-0.046189892347753204,0.058139256772630384,0.11871624942209905,-0.22767125842969477,-0.1147285026284031,-0.03667045044307522,0.09426887276482727,0.10552945001229672,-0.24781637055764977,-0.1236721640102569,-0.06729477240359903,0.2217211416187173,0.05705766584401546,-0.28640085497134427,-0.10420639223353574,-0.061035878081254796,0.24672421758722404,0.11154229288031854,-0.1252447784583234,-0.06951314894809267,-0.03855405586412354,0.005702554662353358,0.17596165227709976
2026-02-11,0.08294862953924224,-0.028085752619838606,-0.04491276229988368,-0.03791547954090618,0.1017163229925224,-0.05714654319942504,,0.13527425677780083,-0.10867098596815779,0.1107247365026731,0.030826511646452105,-0.0014852350294637846,0.06475359174980025,-0.06856976116154653,0.04824048713426559,-0.05900903644711717,-0.01698079961252907,-0.049866742300516145,-0.18274191251616914,0.038586553531972066,,0.03265849697352727,,-0.32935286908615785,-0.0650418361119054,0.04543437204763068,,0.044336059853213566,0.06901465883356639,-0.08876447379476694,-0.07198028367346035,0.11819713288688394,-0.1325232826099397,-0.00041517740068708445,-0.002999995046022962,0.024781599465117345,-0.11083534642715184,-0.06518593339924192,0.0010130414197171414,-0.07933982662539654,-0.17890430312253716,0.17444633806533735,0.009933173318725147,0.06637583531183773,0.084978213429751,0.18808030222295724,0.14975963618712804,-0.01850924591586015,,0.031200506868765326,0.018227590176278865,-0.12016593852977125,-0.10606064124592499,-0.08982895667470592,0.12730344039118568,-0.05741420812904474,0.024851345155886606,-0.08267843369877086,-0.06445238787409142,-0.05333630576591881,0.060770936625055186,-0.014650714735345571,-0.10874402093319886,-0.03148372276201309,-0.012207625278774548,0.08378426289909767,-0.07570180985521206,-0.11770171709418141,-0.08022065852100624,0.003414320454428999,0.009825184172747838,-0.11969282025921733,-0.10143864706241842,-0.08312279565878529,0.12743142510753705,0.08219811336369166,0.03727327671352895,-0.07371727781950291,-0.0472789251129818,-0.10131487363065893,0.1103710366305577,-0.00045891334435553424,-0.12129615586710095,-0.026320538960744065,-0.01468936627350719,0.013425386033947202,-0.06676350923192313,-0.11675022484494063,-0.08544378804561747,0.08596960480766531,-0.05452550276498825,-0.10631562434173236,-0.09194475500748132,-0.07542791437422777,0.11324883193746256,0.07828561616006297,0.029575771406380954,-0.0715789476031991,-0.023309505668382312,-0.009476742076650934,0.07268362766496678
2026-02-12,0.084569635306753,-0.037329599054681625,-0.018161588301986983,-0.14035745524821616,-0.019165545043500435,-0.03148432030017495,,-0.08297057664723448,-0.11861664599056422,0.15061154120621953,0.012987343517402019,-0.13326241266848293,-0.029321777732019886,-0.055123824482466076,0.03274595452259827,-0.06464744990926898,-0.0004132133913600622,-0.07031197290356014,-0.11744267261475608,0.03695203975967939,,-0.06810859941033982,,-0.3017707785589312,-0.11450266246762253,0.007148597715730765,,0.011461765782985297,-0.08341594670249405,-0.13189454078926394,-0.15984267219334816,0.030945908769871886,-0.1303621392405518,-0.17405701189006764,-0.19631257763336132,-0.01418433847293537,-0.15348266962834733,-0.12953335515279898,-0.09890400358996201,-0.07009479147984428,-0.20150527728434173,0.19528721328516777,-0.11030671900196509,-0.005348302123518996,-0.09411803565433234,0.015468685033100631,-0.0681264569696196,-0.0257036397050184,,0.026485017868762645,-0.021332859805570863,-0.024921577804155413,-0.11875800366114814,-0.0691991589619343,0.003559376679599526,-0.02680289866911413,0.04757350114279509,-0.09174725994196775,-0.02789342065526129,-0.1719387268038969,0.03646674696043584,0.07462026739544667,-0.1151797020122395,-0.019327583513947956,-0.12412384221844115,-0.03762872730009697,0.010574517795953964,-0.13083444213560316,-0.07987547434703932,-0.07274389513675852,-0.0750019303171914,-0.014672356622174131,-0.11255442178924624,-0.0681313679663143,-0.003521013947477117,0.011945357436318818,0.05132583020475436,-0.09082501469499937,-0.008984283819823923,-0.13368448436507321,0.007834656348230216,0.08369488454873139,-0.14015317934511742,-0.010916696131461975,-0.14359061021798036,-0.02561921054988329,0.020176713720456547,-0.12913107877616767,-0.07622524123879734,-0.039234225500967106,-0.033938999067952245,0.005501385499336359,-0.10303445048987693,-0.04375995573035297,-0.017300877149962837,0.053431441251108554,0.057196817701311846,-0.08125393942881462,-0.014822668233278593,-0.1287885855125797,-0.05620466338620484
2026-02-13,0.11157293865121236,-0.0959077953213199,0.027159541980290178,-0.0997212712869227,-0.11707616241072782,0.0034438704288717163,,0.032006093569230086,0.08661530008450737,-0.10425758329144924,0.006317971729551089,-0.04172606090344872,-0.041286123676010936,-0.01779365005029248,-0.024508696812643376,-0.09303889182086562,0.15633501173927042,0.045023514853714364,0.02422008456362521,-0.09107700268663989,,-0.04504760053279246,,-0.30848877066899877,0.0918848640951686,0.009103571023191396,,-0.026126545466919393,0.06928918549823394,-0.1878809879454649,-0.19626591716715416,0.07261238366865819,0.06462621801476595,-0.03159966234949888,0.013479526281554367,0.13262832774206748,-0.0065711601650585835,0.012384073551823162,0.05071775934751498,-0.01716037523927203,-0.19086925943930702,0.1883791918762498,-0.06146153578574867,-0.014326235176327307,0.06019722866974829,0.108055748858452,-0.009234963650691127,0.009871028143523228,,0.021878317461163956,-0.08829944074444893,-0.031479663157695834,-0.09606353498197046,-0.05549032219906764,0.07144909589021183,0.0036270270688742922,-0.0343744299922914,-0.07466459026104823,0.0248965669107056,-0.05048162509402539,-0.001774590457605773,0.13134210827147272,-0.09227356898504292,0.032843973480150584,-0.0632452565922137,-0.03824073060208394,0.020452794811842725,-0.11520266325159036,-0.07420556668467854,0.02052706167515104,-0.049411846555421406,-0.0116282030863112,-0.09087237184325897,-0.019991170508469235,0.055935409577772294,0.04588176595052866,-0.04031860348383222,-0.062468917481878286,0.02824202937488453,-0.041210446940470116,-0.0679258391827704,0.13594287522131232,-0.12712001604714024,0.04907242611056251,-0.010046565907219607,-0.0919193618530905,0.030563640382570943,-0.10843834413514285,-0.07307272546623103,0.015603239664544445,0.0016773313294848346,0.0044139797196845534,-0.08792097051412552,0.01015625460193359,0.061221351048833694,0.008123965876528262,0.0009001644993689048,-0.058479905751178,0.03268262057764881,-0.027054870393619375,-0.05827177968489112
2026-02-24,0.19365648043434858,-0.1679633759080372,0.04539919394615981,-0.20969153380253866,-0.11184868481661633,0.0218493672719862,,-0.11000278420209984,-0.19593166269455908,0.17954835648340628,0.0155331646024321,-0.17382450593927123,-0.07564679678467794,0.024889096657537937,-0.006666319891141948,-0.20324945506832132,-0.2731187755571382,-0.06514411516244252,-0.275087752355035,0.045013891222605136,,-0.03607944208033797,,-0.30384810383162175,-0.20519881528814457,-0.09783276688202802,,-0.11859853239827742,-0.2472483819845087,-0.10133145883980287,-0.2877178289067407,-0.02692497720038647,-0.23826679666628237,-0.2014783917317055,-0.11783626890947804,-0.13690330632756723,-0.1761693698149239,-0.263172918288465,-0.26757756290428863,-0.08329849698952747,-0.13027202673671423,0.1201280903559322,-0.13359428295221926,-0.005942780341261431,-0.10214551431880164,-0.16279211078732464,-0.1319040707563583,-0.08742415701963714,,0.006344866548045946,-0.08429688616767525,0.0770693956645176,-0.05269807023381715,-0.07325592998621597,-0.06169129733717885,0.04653503566274401,0.04073001627307582,-0.03624236861306501,-0.043710370493250446,-0.06849223174835903,-0.09839954297336269,0.21810989892431262,-0.05640599321680252,-0.03256073757539212,-0.07759045629554151,-0.12193910057551959,0.10438928092914196,-0.06533173714928442,-0.12522025546783486,-0.03643776500261192,-0.06387897330096964,0.0884906706351851,-0.05452516247709222,-0.060091470069255595,-0.05437956638199788,-0.0010259879666603133,0.0387293047385804,-0.028909532171479596,-0.03191447633836854,-0.07340337784305606,-0.10628727042738599,0.22182320661814667,-0.0810429839561566,-0.03970359345155777,-0.057531500774210695,-0.09809206477670838,0.1151639889733279,-0.06740772350891129,-0.09539877473128765,-0.09476411219115675,0.040473119025229154,0.09860470703829095,-0.04565431392785499,-0.050920207865466374,-0.047674128095016644,-0.07510886493753481,0.0459801483517837,-0.023297258195592894,-0.027543236427849963,-0.030664214527720297,-0.13104510487760107
2026-02-25,,-0.2109655544359993,0.043701226632124425,-0.33679692562645674,-0.2521320680549367,-0.0023938061555366353,,-0.1585936389207647,-0.028260787475512427,0.04777828969818191,-0.08281059365111838,-0.08329161635147997,-0.09125097296777003,0.06761040149978445,0.026829182517352744,-0.23717651265984518,-0.10049672073843012,-0.08815830428840171,-0.3390776813059088,0.06356352787043187,,-0.018962685187562407,-0.1982120705005843,-0.2646088736846705,-0.06086392422027943,-0.07364015725371871,,-0.04625302614913505,-0.29753167112425416,0.07786706251037773,-0.29711559884687194,-0.04197713185349784,-0.06705262412590804,-0.10059311843757845,-0.1840258965375066,-0.03473913548040565,-0.04431405791048349,-0.19193690816905418,-0.23982315987072966,-0.09630367596774618,-0.16749471048925904,0.16246631570488806,-0.10477123008961496,0.029490334408244164,-0.007268731128428021,-0.04161243022588321,-0.17151240164238934,-0.00527682486746809,,0.00010451496130237396,-0.08663093136107206,0.03631906611758522,-0.06815200300003973,-0.04370777915062051,0.003716389657941406,0.06061353196891795,-0.013806469951918823,-0.0485937783803543,-0.027057088022501664,0.04962438183517436,-0.12218395701505724,0.16291161787742697,-0.07372744425281673,-0.06163505316561935,0.07067445685981032,-0.10701454888170685,0.08660561404892222,-0.08007921602572513,-0.09098858220551796,0.14255456184362403,0.023361180325221578,0.03969893062814213,-0.0632768504530071,-0.039896824885819304,0.014197116422199493,-0.12362227740472054,-0.015573195136806637,-0.0438331123716544,-0.01967083201445042,0.09781886504493252,-0.1374032623488966,0.16460312171203317,-0.09557503087659251,-0.05967152909933205,0.09878550134684835,-0.09955122094607562,0.08692370904740906,-0.0793494875589318,-0.086810512791334,-0.020507002473924972,0.05793345540841876,0.043564741656229894,-0.05803381378394991,-0.034703614523342974,0.019594727185061386,-0.12350550299569779,-0.006120146635502041,-0.03581838819569548,-0.031681719315842925,0.12437660643939767,-0.10280975393718532
2026-02-26,0.13041709991006104,-0.17305470967549785,0.005563379731815147,-0.24903712684766233,-0.1168157726365811,-0.020936763469894655,,-0.12041405314704008,-0.13686145427948726,0.16283206858593371,-0.0017857535486045545,-0.13094648946075563,-0.08084013362966981,-0.08082136057569368,0.041614213952300104,-0.1945400843810219,-0.19549473676654863,-0.10757814662807534,-0.23260462670547602,0.0725031804190865,,0.003963196125610686,-0.20936767299926992,-0.21825249998546936,-0.1418446257196024,-0.03475122299683668,,0.0495270743669959,-0.17082975569856748,-0.020733597267526528,-0.26863925038499786,-0.03945396704458227,-0.141739275496693,-0.0667412525652484,-0.19363942860063615,-0.024220309250745527,-0.16858428082648694,-0.1799425343633256,-0.2109967047280291,-0.10874209541510635,-0.12569019355454325,0.12272555044893117,-0.14960637964688614,0.03526252178414621,-0.06185945102349185,-0.08307434162318653,-0.09578131445926732,-0.009304947196525127,,-0.008888461572658017,0.023096959203144966,0.04150011146004744,-0.05692421268002765,-0.0669925457948269,-0.004177194236489668,0.021918189183486914,0.04274537592181604,-0.054657471796145926,-0.05581595037241251,-0.02307322731102493,-0.0700979086721895,0.1495846376943615,-0.053108487097816834,-0.09321475779451503,-0.02439565081579139,-0.04433229233997733,0.10569243396544212,-0.06351465954825235,-0.11246843807063381,0.03547618914295819,0.03941074917123297,0.045763695748561026,-0.05616891756455009,-0.0693696401888651,-0.0045306221098167345,-0.06855511083404674,0.04591750874825308,-0.05410320935456536,-0.05636717818134286,-0.02202027482786635,-0.03774152219699957,0.15638342616222908,-0.0803062856543759,-0.05512813355530864,0.0009972822305521158,0.009329933592701681,0.10638085755545704,-0.06357217296711398,-0.11335816388801,-0.018291764844259092,0.023425589560498533,0.04558760537333675,-0.05912982775107038,-0.05917480205785413,0.006791660246002715,-0.07249333500403617,0.03841283276651637,-0.04043560489322611,-0.06176046845137501,-0.01695761487628389,-0.04271781405478782
2026-02-27,0.18768968367607328,-0.1734126094929301,0.07906242161324968,-0.3041750230423808,-0.25404406748946656,-0.006682831365609037,,-0.17786113205827314,-0.037094535469278475,0.06344784915830085,-0.0727928247184329,-0.12441285677624188,-0.09653146475629339,0.05101744930418424,0.028509219272481567,-0.21133814438904683,-0.13022379230512843,-0.14608466121153382,-0.31282689582294476,0.015367759706816472,,-0.018903655380158837,-0.20147829161301262,-0.22169732128517006,-0.0357782248724409,-0.05441298585552425,,0.03736967558896003,-0.3325143552640324,-0.0221401526904758,-0.3328314345477578,-0.03697757271285686,-0.17043217364649826,-0.013585176538552806,-0.16093095147257502,-0.0305389391763163,-0.12360518718427095,-0.257434821742517,-0.3161385746965676,-0.09700470512868624,-0.1645983674070239,0.1570557043917928,-0.13557143128645607,0.03378734984788804,-0.08491053074513104,-0.10408237794627284,-0.11877615061314037,-0.0024486262880869148,,-0.012317319533242646,-0.0028377165261274334,0.05212338179562205,-0.07493085852252106,-0.05350546091193411,-0.0020406944369274335,0.06452377398891752,0.033356108493747205,-0.06703379859989557,-0.03370752478693006,0.02733588680027177,-0.10412043032489482,0.14523644454369622,-0.08543261103171138,-0.054550474321080365,0.044475050001968025,-0.06836269082130375,0.12178257954606862,-0.08546403201332863,-0.08341307748270467,0.11050103742206764,0.014596644695147171,0.05318682831793948,-0.07865527760592833,-0.040166063162622306,0.012327023834898329,-0.11414409738125045,0.03845675892887548,-0.05566313982777185,-0.044362688354257954,0.039216241599746404,-0.09567838574661292,0.14406479468437297,-0.10736082530936453,-0.028835021029394534,0.06703845820048882,-0.017482593988464155,0.12334470071171791,-0.08753211869989522,-0.08058173198355065,-0.020243290879287317,0.05935818753952718,0.047456078161143896,-0.08132241285721156,-0.04752056777033814,0.029350934060367467,-0.10530270581590868,0.03136529339832524,-0.050118417178837145,-0.01408175979875887,0.052060348927732585,-0.050529792741797336
2026-03-02,0.14805448452807912,-0.10227941488233497,0.0032704834456602568,-0.16690087430165754,-0.1437109523048482,-0.0964013688530747,-0.08664535546079385,-0.1164353598050173,-0.15533991025167984,0.1535862058578685,-0.08073081017460519,-0.13224207266647556,-0.10729132132082957,-0.10278292413119398,-0.01431435359999898,-0.16518482771497905,-0.17362572143198887,-0.10054482227993045,-0.1816666796912021,0.08286281539585415,,-0.09844723634912399,-0.052757050293006424,-0.15155561533065837,-0.09214909110543035,-0.0745137171435819,,0.0028009562452437427,-0.13042639755299681,-0.10302625474714236,-0.2680774721771429,-0.02918617850084519,-0.1364244983097436,-0.06684719552207811,-0.21012471990339754,-0.043857293543404945,-0.16154585207708055,-0.17818680421969899,-0.20763520807631136,-0.10554702142299657,-0.20531174685434364,0.20206254007908978,-0.19092837422777315,-0.05159325133528611,-0.17236853405331523,-0.11410162472673625,-0.10057012504556544,0.0027117380672130775,,-0.04990926717800556,0.16374526515266288,0.14189824905902873,-0.12681670955709337,-0.0593251664430495,-0.033073742372868364,0.15612464848588,0.1423785980141668,-0.11810178151301279,-0.04528872560443426,-0.09580722500975938,0.0974987018519591,0.12071037821929759,-0.1539199779425364,-0.05257218713667313,-0.060272309142963644,0.14585202597061683,0.13866261528369794,-0.13815172208554843,-0.058718331980232484,0.013297426498716989,0.16310046798499414,0.1352918912794185,-0.13381304770477281,-0.0566112585024517,-0.022244434733932544,0.06304173584550184,0.1443347648479074,-0.11396100477710054,-0.036584708924352775,-0.09129128652749015,0.12502513352029282,0.1196491222033853,-0.15277167494050517,-0.07074673354733932,-0.044627244037256146,0.1589887454903151,0.1348017458590949,-0.1466195636628435,-0.05131733653679293,-0.044709155512469116,0.16050934526712374,0.12809384911324262,-0.1316174045490594,-0.06807912946485806,-0.008788621162326236,0.08765195258265866,0.1316483069045765,-0.1088640857994312,-0.0388953428027002,-0.09773353717811477,0.15354643574518934
2026-03-03,0.05499149447145273,-0.060807386347189255,0.017081498860616284,0.03580885036127615,-0.034780066665629085,-0.10599049189205277,0.017711722320667995,-0.030424270955058612,0.14890167800343598,-0.16195166522176035,0.007764153791325025,0.06485671369113492,-0.07707798639613915,-0.028786343056196293,-0.02975308509007242,-0.14137558610145212,-0.0003240218555407022,0.12095049689526283,-0.03309203736669976,0.10223677374714603,,-0.012711356643079295,,-0.15708897437057143,0.22709879611344247,-0.08356729288374898,,-0.05483964723865831,-0.07781235279428327,0.10991341328184771,-0.16623261944027914,0.09572839629443944,0.2787526533456034,0.10321746421437333,-0.042642850288459655,0.013020011444436612,0.09489351186985655,0.17099709594353918,-0.056007526255171886,-0.1503934367485169,-0.18238441804018987,0.19411461779878122,0.026787083768477375,-0.032531700167927786,0.12994685861087968,,0.09808095138842125,0.009355753246088106,,-0.06261204217744695,0.16231594334952182,0.017967775162451308,-0.1577911229904881,-0.08446484706351978,0.18102310572661393,0.16242007636701122,0.015627464696968504,-0.13931644496526804,-0.07403670114048883,0.11494584472082225,0.1812136506784257,-0.08610824802424047,-0.153754410084107,-0.07406192914941447,0.19888319834155327,0.17431722116061146,-0.011258840622659288,-0.16887996572768074,-0.06657000881082177,0.21105094043053252,0.16967090887855527,0.009273364839483314,-0.15544733296741678,-0.09362201613934501,0.19927729808181358,0.1065392197162624,0.013019301095394814,-0.12912962544145026,-0.05611569260656954,0.11364084990278181,0.1914797959452291,-0.09297347756109525,-0.1758620770743514,-0.06082530546691762,0.19476521004425662,0.16819196037891543,-0.022468006336972435,-0.17505769970102514,-0.06931713331507257,0.1831724771448099,0.16617398737333203,0.000523404874105256,-0.1520615758121,-0.08297401094477366,0.21318178947785166,0.16509020545445008,0.038619085840927804,-0.11647958012383293,-0.07776432595876849,0.13164512406341528,0.176847469213398
2026-03-04,-0.08051877345390308,-0.10831126127855047,0.07202634050754163,0.017764556674650194,-0.083456732790748,-0.05704796078527406,,-0.08444554497900285,-0.12850967420568335,0.13381200647569078,-0.07051953069616676,0.0233678405990637,-0.027482739929167492,-0.05167251678100095,0.016329853818526634,-0.07853428675836195,-0.178221154193897,-0.0030220728799245722,-0.07118476730666326,0.03894851889331483,,-0.013651235710626413,,-0.09894164497708134,-0.10047994291189621,-0.10002216152965399,,-0.0957857175823819,-0.035560030548327744,-0.005374936473724303,-0.15951020551234954,0.04584547638167206,-0.17863307411343043,-0.10056066127706041,-0.051071988761942425,-0.06670032623847627,-0.08248201419117167,-0.18516745841921112,-0.1507562875194546,-0.09989509446361643,-0.17607082729223814,0.1699226519984679,-0.07000203828639744,-0.01074992851311355,0.05906828719031759,,-0.08634781714178559,0.008594606981817158,,-0.06093849141665484,0.113327614395268,0.09289948533108919,-0.10867196327247244,-0.042275387657585796,0.12283035068339064,0.07959124793175305,0.12159926788281805,-0.09597403724695917,-0.016808870367070156,0.01275355878490245,0.12544195980621456,0.052441666534991625,-0.12253552068205713,-0.036475563978275775,0.07040928203038051,0.1129588608755638,0.07277136422617851,-0.12493669563843827,-0.02786428717876868,0.07620566472270408,0.11196927275392836,0.08654274345203025,-0.11124939713717384,-0.04029609121854847,0.12541976210478908,0.10303573802579123,0.11839185684656214,-0.08979484938599819,-0.030622461056200614,0.021226677403704822,0.12019038947319496,0.04653424558986888,-0.13394651890820125,-0.023825434127235787,0.05278046941604845,0.11714872620215257,0.06398292447901054,-0.12530651667564655,-0.03380124694883218,0.11078180105986643,0.08181036519873597,0.08055180599074865,-0.11108377255663408,-0.028307962152302295,0.13074179682180373,0.10438507728129175,0.12876149727065483,-0.07799368329178552,-0.025562433782648455,0.004723755951684276,0.12477283884513092
2026-03-05,0.0404484240554459,-0.10051634841069639,0.03569836627120194,-0.1586919929189341,-0.1504779157351901,-0.06445444575240926,,-0.11203987375611875,0.0021888154733018055,-0.012013359949976703,-0.019473356468227346,-0.09509600465172399,-0.02875160790547844,-0.02156031791243536,-0.010589139912414664,-0.06078807117472885,-0.006607056201997944,0.10288894620095694,-0.13744818949176982,-0.0024783605653443327,,-0.03905468710585774,,-0.08045744191857533,0.0045384630070411346,-0.14530030778900446,,-0.08946217839074269,-0.13216957288440517,-0.02444202405351614,-0.23493389038413723,-0.043673246090094237,0.028868839134482228,0.04960722895464033,-0.000929502662508862,0.030757892617467742,0.013889707446322714,-0.05749930404109621,-0.19381347119208323,-0.09561514272507514,-0.13924398728335444,0.13568842549146,-0.06926226153066505,-0.01163042194476087,-0.0881171656651052,,-0.10087197296146827,-0.04793452353447956,,-0.06807335797968367,0.04779010786242246,0.04492375721218027,-0.10481282376023117,-0.03045610658020552,0.05830015099514916,0.051043747260357,0.044582728694078526,-0.0911102620754506,-0.01549165179938207,0.0380575781522295,0.07557189327946226,0.022501245656190327,-0.1267875234451759,-0.011840270118329945,0.07437107672959799,0.061431047200513754,0.04566955770259151,-0.11963313321628095,-0.018320018447678377,0.14367382162602177,0.033658326596500254,0.03696124871307433,-0.10740788886860239,-0.02184388886957919,0.07010049763597347,0.0658661102755367,0.02800338536396626,-0.08686259473022667,-0.007822678826832527,0.04588324077983614,0.08387822581977744,0.01197927749426543,-0.13957445880053865,0.0040297910933462374,0.0901334501449099,0.05183484723117769,0.03905617014340539,-0.12552137927706725,-0.024937716414339953,0.04124396211257949,0.0463152763682672,0.029968311749116065,-0.10930284922434294,-0.03351727653253733,0.08060772343484673,0.06361448410886922,0.06727873430932711,-0.07917503864223528,-7.648083703301874e-05,0.05722345056104952,0.07184007857301991
2026-03-06,,-0.0765428603953473,-0.03851677168382707,-0.19278679119092343,-0.11487295937505755,-0.10468472457334507,,-0.027964275073478824,0.03793380795068752,-0.03393443959583117,-0.07315061669892656,-0.08678505843448447,-0.11971702536135574,-0.03909428548949785,-0.05175458865795891,-0.14389899098543665,-0.074890042262492,0.08354706285720684,-0.16281756630156644,0.05144744817404277,,0.11667351039389326,,-0.15109357168958168,-0.005475740916940309,-0.20556814637914,,-0.10101006151093357,-0.25253573078998265,0.05905797270676628,-0.2523090161780833,-0.039675767320821474,-0.023426209358161865,-0.09636668860776917,0.011423654636088187,-0.01695629456149507,0.023613898370880754,-0.08879838653861724,-0.1944080723049645,-0.18375915430197753,-0.0951004864419384,0.09049730722592947,-0.004854221316650122,-0.055918031365317915,-0.07284002257786495,,-0.01488908639807528,-0.032847136541201,,-0.1276417347819931,0.06221475580665456,-0.01184584225567681,-0.135724404448857,-0.09628981475265745,0.049087742229856984,0.011648330698252104,-0.07605630387691767,-0.11904320845263698,-0.07567965522261105,0.048398734951472525,0.11685870718697142,-0.10785021238909348,-0.10360782391681503,-0.04658464929747607,0.08389149391204341,0.07803816110473963,-0.07785297639322979,-0.15241604342589102,-0.10466779322505658,0.19475046500975032,0.081556951627824,-0.025142966675881596,-0.13667759559461015,-0.10050692529135884,0.06715259635037531,0.08516250637557546,-0.09836985252595953,-0.11164831182535834,-0.055096929473257485,0.047112789592012295,0.10008940399749844,-0.1113419811626506,-0.16766918630925426,-0.05253842728241072,0.13459217563049494,0.07161767769390545,-0.08953799834007345,-0.15284253360710018,-0.09499578661168498,0.044728325027014695,0.010956554385056648,-0.040305899214697814,-0.1336939307046981,-0.08574455367543345,0.08618630395738527,0.09568635031464463,-0.004373602544657994,-0.08416904237015586,-0.039543915445460404,0.059019203117096825,0.09010133142229718
2026-03-09,,-0.041175069817099175,0.052470407379778115,0.02544561826346077,-0.1030023275142541,0.00023772505526888828,,0.07445602205072549,0.050007920985919455,-0.043924370469848824,0.0719606390119355,-0.014938451625030272,-0.09006416922952645,0.06498550868628948,-0.02631412035353148,-0.16152545583249953,0.04556960303889322,0.10424332127868252,0.0033893239612518486,0.008926930215183194,,0.14438859541045623,,-0.1699954951686307,0.12020371814579285,-0.1774346688241293,,0.0521908963139319,0.00590146729979599,0.14451730454378187,-0.1601253900040016,0.12789523068650502,0.028182863500259135,0.058963461090388934,0.08160403142238971,0.10828182689678435,0.054542261394312036,0.0039290971840750385,-0.08276924192860995,-0.10099097553957902,-0.1209040007942854,0.11498807076812632,0.07228771279332294,-0.06430968402275333,-0.020598796546255526,,0.08086206953085624,0.057179239926566094,,-0.06073082608132359,0.09612297128864972,0.01120359773175581,-0.12314939366142798,-0.04493269004819909,0.143246859902117,0.16216468461147351,-0.029277563764308973,-0.099046895137399,-0.018289908623699884,0.06349141151490693,0.10328799533550022,-0.08324835583474548,-0.06756600978711817,-0.023580202597841896,0.139987306998388,0.1029296101106019,-0.08318246426014003,-0.13725119766485483,-0.035282185285435246,0.201767967762927,0.040115069274469346,0.0046976842827571854,-0.1210094998564525,-0.04444748227555683,0.1519529739485174,0.10237124968623734,-0.03714975440539117,-0.08007277414090673,-0.014934405675542951,0.04335576450952866,0.0899993675282148,-0.08334780976692725,-0.14604375837525588,-0.00691209143122151,0.15684882168663775,0.10152496648700363,-0.09705403738116357,-0.1356879219583901,-0.0377820969719431,0.1383482010726786,0.16563457752854338,-0.0075862992813191706,-0.1138187989549555,-0.02218708405530723,0.1584748367265534,0.10429747264274918,0.01650311719723669,-0.06258134283120907,-0.039770630077834726,0.08280854428113738,0.09646155886143032
2026-03-10,,-0.048558359474529154,0.030402791763905156,-0.08539622782671383,-0.03868214346745342,0.023831857408617266,,0.06885851309952358,0.045489883262662796,-0.02181739618098888,0.03434228907703087,-0.12100883018144039,-0.16899773514477598,0.07745880657667581,-0.05708545954379522,-0.24155600043401187,0.06915548218095818,0.10949786474169484,-0.11752507011919117,0.06994235027513547,,-0.003805694842532307,,-0.1052585031505212,0.007669743635761902,-0.1899513031866586,,0.18586538757982168,-0.19339374608873142,0.2022847565510395,-0.24871849605973556,0.08164933999242507,-0.0458070813880537,0.03867766136805056,0.09453422157722925,0.10770364847113094,-0.0006343155803735223,-0.03870555410730053,-0.23021428723609524,-0.056755504209852495,-0.06910621192599876,0.06554157224538301,0.12200237460888251,-0.19336727369037462,-0.13934620373463816,,0.11393791251742902,-0.025634990968208406,,-0.07626329900898032,0.08995729334062087,-0.011155940103924985,-0.08333892681503732,-0.01592106152258904,0.17219081419592813,0.25650429612642756,-0.08727198344263852,-0.04870454393941034,-0.01661821650608097,0.177141808873442,0.05821171330136569,-0.14372027985939984,-0.0767981596730474,-0.009699450328561059,0.27409432994716615,0.11236108229353316,-0.06950463679329791,-0.09761812892610962,-0.009302733441272191,0.3194694124514286,0.25558688052584116,-0.025368337447267006,-0.07539567400175123,-0.020695667626549983,0.1928701404611815,0.029659910445113267,-0.0869980103852889,-0.03950546404340921,-0.03011073954185111,0.19700767415860324,0.07879437603571848,-0.1506251902023717,-0.10348146707198232,-0.05591831705681589,0.3008750240576418,0.09663441169094383,-0.07722410712969104,-0.08944992145936136,-0.007852982532091447,0.1725237815989345,0.255924813127464,-0.033285718330496115,-0.05951130853779764,-0.013363406648754173,0.21956541344304942,0.03220687389503074,-0.019233081624232085,-0.05814788655523712,-0.029631330812617165,0.159762559904063,0.11763903470124557
2026-03-11,0.08268669522159251,-0.01690746544177227,0.012648151130135881,-0.06408231786866243,-0.17141080200369832,0.03193749864075366,,-0.006544665563802865,-0.2173606093413163,0.2541394806005024,-0.05364756619901994,-0.027759655724517943,-0.09979996897641444,-0.001452191793500506,-0.07237922382870114,-0.1658284702720714,-0.032552659224042275,-0.039128802933486174,-0.07861067189332391,0.04760742937615876,,-0.12784914879833756,,-0.060547282070032814,-0.23393220047939617,-0.11745781841465015,,0.02416601434642449,-0.11258137715050354,-0.08692883056179573,-0.19206244302674585,-0.01745278342169167,-0.2247724103787796,-0.09530290700636358,0.016010112986508885,-0.026320630848285523,-0.17307844147121404,-0.20179648063415556,-0.22911833618012753,0.018608967158335127,-0.09995596734073567,0.0886213861974705,0.06318850376938222,-0.14491018369089131,0.015186903036986256,,0.0050408857936944645,0.02711907469038396,,-0.043697550793411526,0.11941470960973058,0.20598810402181522,-0.08160763659466344,-0.007066287632996903,-0.01836418071916562,0.11258590580102108,0.17931368718274734,-0.06565381099252243,0.017829638474406422,0.01341661648584561,-0.03542960613065961,0.14414199465984748,-0.10474666852327871,-0.0077676328045950364,0.10243324540573483,-0.016719275241057627,0.18507552469447258,-0.08817866752880583,0.005822415319378679,0.1240610599446117,0.132117011137905,0.20202482099421137,-0.06923270444729336,0.011787990090024415,0.004780038000501955,-0.035987991157529806,0.19333199010367308,-0.08566787514632523,0.00984818642175058,-0.039220244560250056,-0.004887662964377123,0.13646997259515814,-0.08830921056378992,-0.05937610104999674,0.11933512258866655,0.12027583258561383,0.1738714575706394,-0.07805133392787168,-0.0016411693478088555,-0.016111375636563584,0.10208786961105118,0.19890783566540637,-0.0663464155486105,0.02353288553445006,0.017966757983055734,-0.033092419368504954,0.19541034974032784,-0.09596912626017154,-0.02697794480531875,-0.031114563152763303,-0.007712440979856091
2026-03-12,0.08971150890237187,-0.031989235077638664,0.08682059104134095,-0.1018824714519316,-0.14067891546270148,0.10566922576343828,,-0.06020034341404427,-0.03432126099078881,0.03698248622846644,-0.033973489924997685,-0.021887020960640866,-0.07645488128242045,0.08709786924058487,-0.020339267734306464,-0.07995287654427752,0.06361058455236013,-0.005670113504810657,-0.06079916028239876,0.07010199476098754,,-0.09031983879719237,,-0.06719608667773735,-0.030082028326664022,-0.0705559724299777,,0.024694050427543187,-0.09053764006372486,-0.045507314955798725,-0.17214334497472206,0.0029574882612509344,-0.009253687960982386,-0.07536400693935405,-0.07294800717409683,0.11940659413748354,-0.027110748839893145,-0.05939026923240915,-0.043348295982334056,0.050090671845243774,-0.13813817742628043,0.13399335413675723,0.0975706221364451,-0.05708740177779058,0.03083500497080795,,-0.03656710058396739,-0.0015363119407325362,,0.017073126578347392,0.06525708685220219,0.07568703501634406,-0.06489497567231252,0.04321658252860438,0.02176185822419855,-0.011220336541993683,0.03637737004004136,-0.074244656529156,0.03563989417127189,0.014134101767914846,-0.042978561589595565,-0.0015508435202470758,-0.0835727437729498,-0.03427225704732051,0.07794406156401784,0.046236546238449354,0.033767565308565214,-0.07129081179798248,0.026147750921367285,0.12027541334083926,0.011485256207553194,0.07105281744664589,-0.05923494164539835,0.057665131062094366,0.028019186544117784,-0.05176405213503893,0.04296129834055131,-0.08292459186237544,-0.00891004436012211,-0.002939691225538543,-0.04994650586417827,-0.0034948154656090666,-0.06288133251901783,-0.01211416447302376,0.10153951908259272,0.06846709107666966,0.02542245567400206,-0.05487459583743525,0.0496799998451347,0.020221861502447668,-0.020420840483377778,0.0711761389774055,-0.07633866981549034,0.04296017783212729,0.03682438765620201,-0.042988445682598145,0.02622231990862342,-0.08604655398804827,-0.03325739167821789,-0.013303672907702943,0.05244813899794023
2026-03-13,0.10885693641625843,-0.019994098947474934,-0.012163528592392779,-0.09458181500412137,-0.04238280926909683,0.0489972575224502,,-0.04991642297283434,0.0524398026141509,-0.04155708986023512,-0.04002762525624486,-0.08211994590981266,-0.10200276034586961,0.07702129704418145,-0.079929344464142,-0.1459223515544423,0.05852956859561557,-0.005594661921067183,-0.0880563811907371,0.0010707217006238642,,-0.08354827566823349,,-0.0570480710049098,0.04908046948682065,-0.13710227234886513,,0.14171169310544915,-0.06973341367655451,-0.07622076351999933,-0.13397583403147992,-0.0382722982653398,0.07898129379560204,-0.03317875522354073,-0.05096067945687855,0.1264183815873097,-0.022913172535068395,0.031510138831972595,-0.019753349953358177,-0.06549195539061006,-0.11360642691885268,0.11580202087949124,0.09841246035448044,-0.08172943694776437,-0.020520414588206172,,0.024092185454756915,-0.030284883789311462,,-0.07529260048576736,0.08536620389718654,-0.0025724740752713915,-0.0943559378126269,-0.06722039107150139,-0.0029621105301915925,0.0941453199041386,-0.008662056913132229,-0.10975690698668056,-0.08873190776800019,0.038403768963892596,0.03813639680094557,-0.040669508443732696,-0.11510525125087342,-0.10306104161139726,0.09128133149295412,0.11168559917096542,-0.037658819075201244,-0.08874082880097788,-0.07166884463307117,0.07689169133871442,0.08376406783297245,-0.0041359000322165745,-0.10447213937658066,-0.08029108672678549,0.008860292768467486,0.022705512631412652,-0.01014255932506475,-0.11293996440358887,-0.09587413396099856,0.043670931513454934,0.09379178691408804,-0.04398456009546513,-0.08667677136935212,-0.08797072486270242,0.1001865434087901,0.08776251750795046,-0.04408733246074683,-0.0846502665258491,-0.06430900152304558,0.009156837373896245,0.08586043895204878,-0.012998279697009563,-0.10981889238890818,-0.08559934147951621,0.02803318389049132,0.024513878863722187,-0.013973777801214289,-0.11517833303596685,-0.09231808515197955,0.05541853660846797,0.11753238941984745
2026-03-16,0.07365280106353245,-0.027427521770735704,0.0013436158658167335,-0.048917332524508216,0.015845900951693127,0.05587496380988113,,0.05823100015463631,0.09799837169918776,-0.08821333850242662,-0.022958743788281576,-0.014228639603826258,-0.048838377820342595,0.1337334659703276,-0.03404515630377789,-0.09229584954040464,-0.025239420585187196,-0.08403568923916158,-0.0927723838919135,0.07694296391222889,,0.013873409964433104,,-0.08230236722447602,0.09300066747909323,-0.09202846495344053,,0.02955571426069157,-0.07260812263994358,0.07319344170195924,-0.13915349675152616,0.07773429753407664,0.08970094392552859,0.07898399559000503,0.02894647516961707,0.059411626380529506,0.043755964193956894,0.05001193369323444,-0.02249742967741326,-0.059389708111594657,-0.12135237355887302,0.12000041566512679,0.12365754033973997,0.010067998897276421,0.0037570848280754775,,0.10746008140312706,-0.02139035611162847,,-0.0762259268901329,0.030277563192079773,-0.05685278472759375,-0.05829950711132459,-0.010354440273114296,0.0915703144489097,0.006208567213101569,-0.08024479549106972,-0.07012823378901102,-0.04899296699801126,0.12342647841746332,0.09383356888645145,-0.11815565413149515,-0.10385728129333366,-0.0536087973368788,0.1698777780215762,0.055297983342956075,-0.09532273669598455,-0.04723146800350683,0.014927149846292946,0.17782608716149234,0.03807477529032872,-0.06589228469854846,-0.0678890851682136,-0.029806436962894648,0.11339891910095873,0.0116257859543524,-0.08481414201163619,-0.08099005277619487,-0.030925605039015203,0.11141447641423625,0.10397451084546287,-0.12181060370394091,-0.0326342553464663,-0.0731412698491592,0.15994922556647875,0.034855785444081064,-0.10211450628135166,-0.05995919034857401,-0.008750662058869884,0.10429471635583046,0.0011055869608677486,-0.07966520616585561,-0.07442863348361001,-0.038986837216660665,0.12844244141028285,0.07800681864162856,-0.07671356970490824,-0.08976328853018922,-0.024626732095866966,0.10521069243053195,0.06725876546258597
2026-03-17,0.00515543098246267,0.020219332588316756,-0.0401975893188685,0.11981625691367767,0.0628105779087485,-0.12190859506050405,,0.14271789679836663,0.10383196412266343,-0.07244336927045347,-0.12798965569029194,-0.025920317172357467,-0.09184415579281778,-0.09497104805202523,-0.08222276343983695,-0.20684405812217158,0.12487348897376802,-0.11625395913353352,0.07055768427572098,0.04001800605208907,,0.12558693918867925,,-0.14952029873936096,0.20211083972691118,-0.10003353626788226,,0.009220643143347614,-0.017096974681593494,0.11031021354908878,-0.06826844713595934,0.17594916501103353,0.22660964752030519,0.12855790438630213,0.06650697094295586,0.09438441810872716,0.10298568402458431,0.1736322303726497,0.04213432558981781,-0.2026648259113437,-0.16517467820269646,0.16494728845824672,-0.0513929755977563,-0.06322665003519094,0.020827083919251983,0.12705912196065425,0.23753623792630485,0.03716210165023591,,-0.09846645946084581,0.1914788492884919,-0.07694368256398396,-0.1587981304796995,-0.09122150163128066,0.21511945280566178,0.14344101874057893,-0.0492364399375632,-0.17095160793131012,-0.08795104456744587,0.04141258179121506,0.2239245401192637,-0.1195689469463692,-0.1879411097985859,-0.15731019975718077,0.11037804706743103,0.18184653271560022,-0.11693436590779901,-0.14133176148525897,-0.09674721555335274,0.15675413597840482,0.14187237048163473,-0.08072608165834672,-0.16630878536123866,-0.09591083140898841,0.226226533982019,0.18332027110789598,-0.03527552600084887,-0.18084355781903216,-0.07928202323898326,-0.019485221936629674,0.19906033924671465,-0.1212905951140062,-0.09138965343161284,-0.1528225853711093,0.0459848224675104,0.18965454586450142,-0.12226228715863555,-0.15480163802267213,-0.11201220978175647,0.21782803142086865,0.14451375329903574,-0.08149680211485398,-0.17194065920568474,-0.09175486175037748,0.23803123521219965,0.22221161413189275,-0.05098811552553779,-0.18760942677625062,-0.08922168608186822,-0.07875048857940023,0.19565056798210223
2026-03-18,-0.02655378654028322,-0.07533272769831972,0.01227781088154467,-0.09873998068806804,-0.013673250769285062,0.007516306779745189,,0.09775301893452965,-0.013708968948940312,0.03826601009081643,-0.019262525272119274,-0.07256423516635238,-0.08198422705054902,0.04159970223353155,0.0005198709200825378,-0.07999915779923726,-0.08430874306721628,-0.029292583345405753,-0.08398725784325958,-0.05955784665308107,,0.2345410280317264,,-0.0815807659844088,-0.001461473577369959,-0.06361204429860015,,-0.08213449689482746,-0.06293628267930412,0.11379197685792845,-0.25021660028874315,-0.00030998559791336106,-0.03437202745102896,0.040151895694834495,0.008453499132498418,-0.005246134715149872,-0.03252587562811281,-0.10829458761541459,-0.14791620000412264,-0.06471357346265709,-0.12166435927739502,0.11626164033094473,0.13134566589912486,-0.014346617901676694,-0.06407626508483093,-0.004313208660603921,-0.051333940716227426,-0.020285684999072552,,-0.0568840046183138,-0.05709244219710722,-0.02460510178256545,-0.07486741705570184,0.014468463629982678,0.06440311595749508,-0.02930965752730664,-0.029360276527934586,-0.09292169649282592,0.03239868221206885,-0.025333752158562442,-0.013373520963375409,-0.04270865834623288,-0.07366169128369203,0.008316138783078375,0.015001483188792143,-0.04787334089097773,-0.073668302851399,-0.060756596985383375,0.02799550442185206,0.12390503124985423,-0.01627804792390039,-0.03179141685557545,-0.08326141473160513,0.019204067224994632,0.08371084835242525,-0.020117728593487226,-0.02691322523454265,-0.09935020158104921,0.030361084409912368,-0.03214150623207308,-0.035691961188211226,-0.03798045619427478,-0.02623677248049987,0.014812727733715045,0.014369021847958649,-0.04820480494594563,-0.0828102487446378,-0.06994437672624619,-0.001877309838899615,0.0841642715922006,-0.023749290907227487,-0.039466527733695016,-0.09315360419281668,0.031084059081818646,0.10087693251455151,-0.040103288899940456,-0.04384028677387963,-0.1019299125677589,0.050923531719192616,-0.044294634156634115,-0.0406075635663237
2026-03-19,0.08735476596989786,-0.026257501869282687,-0.0077014313611669044,-0.008592844398399769,-0.034617815871303415,-0.02916634394909047,,0.09012612170473326,-0.019205804644774525,0.007635447774235069,-0.09559445543248131,-0.07824720294279096,-0.070380832352584,-0.028846853548662503,-0.03100308594412844,-0.17480351066035957,0.0462814366214703,-0.03658420149722085,0.17052727160377548,0.09699298391062847,,0.011822573710678458,,-0.273027355879728,0.0645252066043001,-0.04071527675020489,,-0.014281282324638213,-0.11354912597980063,-0.05225806662584206,-0.14587810368332677,0.190596770437469,0.048810549058147024,-0.004913937272651036,-0.09180599468366132,0.10055237196156368,0.01569905278906593,-0.0001360273579836301,-0.07797017665141096,-0.10840757338597681,-0.12682108767157343,0.12275761924892208,-0.05552268463154262,-0.08791379786416757,-0.059697624944971495,0.0841851135866228,0.053804886283208155,0.0012761709173471423,,-0.06231497043280984,0.05724962089240263,0.07334576480174576,-0.08257621376420114,-0.02629233562225171,0.05733437283629508,0.04094350541002478,0.0823125719008335,-0.09537004117090143,-0.013643472968505916,-0.11648312506577649,0.03415478674263191,0.07375964219760742,-0.1018951477085851,-0.05321877009479791,-0.07844914270972951,0.03934687235376288,0.024816680804678814,-0.07182121545115448,-0.06651897100493018,0.017701700578116552,0.038318146181800614,0.07566437925357984,-0.08918554484760507,-0.017658726201824595,0.0609206631261292,0.015797461162016406,0.08526761940708798,-0.10004357665082991,-0.02350733036427037,-0.12019119504655754,0.03140004239827146,0.07239468955259655,-0.06459163068203129,-0.04063995088345705,-0.06774629097794876,0.06138422107436688,0.027065099753272728,-0.07787978085365828,-0.05718817049608121,0.03661913917529476,0.04781368338526274,0.07755987916069,-0.09584182272084052,-0.02118863833220202,0.04880025584993573,0.01628765625564568,0.05883783497620385,-0.10184621775107297,-0.024960026073791792,-0.12306058992460861,0.042198732991435284
2026-03-20,0.0898718066791192,-0.055211005647793895,-0.019510783129914232,-0.027824663285271934,-0.07061332382347227,-0.05841603068832245,,0.023741800608877553,-0.07998432532137474,0.022240768129978924,-0.062360625407225076,-0.07515637996499189,-0.09626260079081682,-0.04662930457484254,-0.03476769630445766,-0.1453579287550743,-0.028986332661129908,0.03160531633200114,0.2117951584572588,0.027620678031584363,,-0.05081694117078921,,-0.2574289816428648,-0.016351386265122964,-0.06644675693681085,,0.023415892119472835,-0.0739107363276488,-0.07637116599021329,-0.1593505074341747,0.14719341726345792,-0.00539979492723081,-0.0775528900627948,-0.14554302618739845,0.09420435926523602,-0.04226495522369512,-0.03947529289648691,-0.12104635348600508,-0.09788902240508317,-0.18791498430565326,0.18423893336347794,-0.10875695931413747,-0.07892947504076285,-0.059712754189310005,,-0.011065047221547504,-0.05772441712567841,,-0.054659678863329834,0.05232183583436937,0.19906916124765248,-0.13825725041794668,-0.02543547884330675,0.04646369009521682,0.09457324053342166,0.17254967903500495,-0.14654464180207488,-0.03133769578455145,-0.03743735318082454,0.06910413518573379,0.19093208517562962,-0.15773800435890342,-0.03903868422936247,-0.010572501211594091,0.07105998782603329,0.14242308680458707,-0.13280026261359984,-0.0663902201818515,0.02615833510105441,0.06989803110460828,0.19745758207974606,-0.1426611964551159,-0.042953065372516634,0.04316350538157325,0.06333233881440953,0.17588325586978737,-0.15184652396056206,-0.029930853870171133,-0.023736296836615055,0.06466537368979736,0.19007968362983058,-0.14004351828409464,-0.0440426025219745,0.004685019719252788,0.052589304572590805,0.14133586467935721,-0.1368832334416737,-0.0546170550301708,0.021726642422312353,0.09544693586316572,0.19510524008576932,-0.1466503191755659,-0.04093671275831807,0.05012157388330394,0.0638491999643293,0.15606168873881293,-0.15571892281295374,-0.02539040647812345,-0.012690702619176037,0.07163052143590702
2026-03-23,,-0.02900818446082062,0.00957686163467879,0.04341124681159421,-0.09054375389789028,-0.06794398712183182,-0.04969375853410673,-0.0665833754756076,0.04301218753831632,-0.060678936979688576,-0.0583764639343753,-0.08991565354429243,-0.03844637758063443,-0.07340813819534273,-0.011682075569846715,-0.07557291483060735,-0.023138899309097648,0.10722240005640372,0.22684981681651092,0.11161338117015634,,-0.1114164413197643,,-0.19183078832024125,0.023998509443690887,-0.05417052390580252,,0.026844326390280022,-0.11096603524729716,-0.0036942310677466816,-0.11870396193512923,0.12589587992860488,0.08714261827880954,-0.011153286688742691,-0.04093960020574671,0.05804096950125662,0.015817699701383848,0.08730958283249321,-0.09584123428602839,-0.08288358725738607,-0.23018516808725822,0.2295112500163602,-0.09209706616215188,-0.06680918989868682,-0.15774804285875935,,-0.03220471768600307,-0.09135154724890168,,-0.02916446916615903,0.0384347230306677,0.01062201534354285,-0.1370861935316451,0.01835042404506325,0.11964344545557626,0.045679100932141066,-0.024098276752325072,-0.14444643944839666,0.004148581867204857,0.08882713153779706,0.05523583342565359,-0.023063807219274993,-0.18006278980562904,0.013044175811903813,0.09958413291815972,0.03751979241901573,-0.03597892589478698,-0.1349231953776976,0.01697535335931296,0.10411723824476195,0.061904388901922174,0.005574104209902987,-0.14128091572146592,0.00496122589800208,0.126112608432221,0.06453164701977354,-0.02876069859669175,-0.14914801817774379,0.01639816516434946,0.09856337714315562,0.05415868106596811,-0.021742356470471694,-0.1533133953498721,0.027775561998184886,0.09189311792976672,0.03448679310187362,-0.03301572848597232,-0.14216149226874467,0.002180130380924789,0.09954771869233395,0.04496208949646907,0.00090043228280251,-0.14602983622562327,0.0002748330034359416,0.12890703258971636,0.05375535806460807,-0.020283159068598955,-0.15240752892525875,0.01040444901980304,0.11405586646517081,0.04081435015803247
2026-03-24,,-0.05265497069552864,-0.030542470561968585,0.03316021855948389,-0.07480361063643934,-0.06865458549296792,,-0.09272225690948147,-0.0056944570529689565,0.011079015130261393,-0.050949947597527384,-0.02585437496419022,-0.040112098576860516,-0.05112755376817907,0.018926862436491238,-0.07149347947529079,0.009460348505777686,0.10309359856129287,0.1653321604303819,-0.09256032163495681,,-0.09868649855072793,,-0.21454519482382517,-0.07076769232630659,-0.07959083021117813,,0.029178288912297488,-0.09306093949616977,-0.012908323498001969,-0.13604881607712344,0.13064161001781754,-0.1042629888651712,0.0632188145648213,-0.0069041225514326265,-0.022689439970229344,0.07104779107136004,-0.10920352721376825,-0.1020403975163246,-0.07691092120021603,-0.2037487204689194,0.1970678623686925,-0.08715046538830297,-0.027912248437896827,-0.13235707439466943,,0.0018353534092094385,0.07114249116212387,,-0.051172051058527665,0.050746961100916706,0.0072782417366783056,-0.15274919042390503,-0.007870763263708589,0.055220947139929207,0.05010572012942544,-0.010399609043024553,-0.16118478489406665,0.002422651834538543,0.044339542290841055,0.05287602502960285,0.006415963259278787,-0.20141887446230533,0.01162613762770288,0.051849461053021635,0.034849748879397555,0.035026837335577016,-0.15599261644135232,-0.0007114462640687942,0.07157310262961972,0.03897473508163461,-0.0019877676611855096,-0.15790230679635292,-0.018258807084721173,0.057776432983394306,0.058138539144194055,-0.021896566982378116,-0.16985184612978957,0.00347178984549862,0.061546742671051674,0.04003330855270349,0.004314184223413172,-0.17271222074669496,0.010437310406104365,0.06423077465008305,0.04569617927620319,0.035760996686522786,-0.15985242976205466,-0.01010368093341843,0.028233003256863398,0.04754515835698064,-0.00902430347678084,-0.1662949029530246,-0.0009391063107419188,0.06205084796395773,0.05302412706701651,0.01209404968143383,-0.17362599493224856,0.014659243819338382,0.05380420336533748,0.03809695833166804
2026-03-25,,-0.07747753178049784,-0.0038185226009074267,-0.034273190494958826,-0.0013106986751532683,-0.025294685105269398,,-0.03168333952426886,0.0011178713689175602,0.006127691181761645,-0.041381861569797763,-0.0546779075825809,0.026929254989428157,-0.03522046349363026,0.052402363244728155,-0.03947082122767169,-0.04653649707867203,0.08466917610138469,0.16276037643600613,-0.060080936099111214,,-0.06781348535753122,,-0.18473295883291893,-0.06352710478099127,-0.07042714269917279,,0.05234476175390205,-0.04139720535429183,0.008312878063603363,-0.07719601971206963,0.1514064924667293,-0.000289742445881573,-0.022498570653327127,0.05130467478454362,-0.06001405442919548,0.13747962631898053,-0.02202124929368905,-0.053697017645979075,-0.03210071515930325,-0.17737620203798812,0.17509091461488988,-0.06893929120475092,-0.006428900793486396,-0.07823928853361276,,0.04304304550310779,0.0510146690950695,,-0.023588839885814176,0.044460198435002055,-0.05075825496051106,-0.1276201828665591,-0.017287929873014654,0.021636281872790927,0.06185176278197296,-0.07983320147941157,-0.13148098600153532,0.008809506580026443,0.03482331502184487,0.038513240353197635,-0.06898362955031641,-0.15736384041549384,0.03168068483199945,0.03916540777675173,0.044843844995410304,-0.053965349605361056,-0.1325295900337424,-0.012836608843635189,0.04259913599249021,0.04961315684511978,-0.05716457725371303,-0.1309520084153749,-0.001850702511657998,0.02422259851481199,0.04321714949266705,-0.08659436740828379,-0.13590703169432516,0.022182021147023803,0.02836183154682887,0.028702865487903143,-0.06835650669350547,-0.146928692815498,0.04082819065185176,0.04863851351438282,0.042170610607146046,-0.055604165223412286,-0.13493981383840126,-0.01666456253854355,0.0036359492404355732,0.06393506178980564,-0.06538882201590883,-0.1369994805917038,0.0011943108673154778,0.025720486747226077,0.03335977072758785,-0.06111192641216064,-0.1377713533911273,0.0323615706887341,0.03355491272215728,0.04815124427224352
2026-03-26,,-0.04799176138319746,0.050819452024810495,0.06546401717881888,0.020548606353771266,-0.00909371878015683,,-0.04440603893241526,0.04384601302502355,-0.03293577222877888,-0.05010209998776155,-0.01590830888844573,0.03362972386772422,-0.0006861290161729399,0.03625023313744978,-0.004800362360365198,0.0614117964602507,0.08511851878494171,0.15023624817568904,0.04002349280652481,,0.02339698101020917,,-0.11058993571537064,0.10021526748855547,-0.058888349135603375,,0.030642873788993573,-0.13643674636868747,0.0027359978452662285,0.032732909462356,0.18884815459205043,0.12231786366542788,0.004826348136635304,0.07992951293751058,-0.049302473607286554,0.11851174126625935,0.1057415751675654,-0.007766347502904955,-0.004760871064869983,-0.18761799582403652,0.18796409678252887,-0.09078158125934387,0.03324602504779268,0.0793238408221054,,0.10863637213716919,-0.002501819759927727,,0.027436437529670312,0.04565446129392067,-0.048369326668732636,-0.15006019724375916,-0.006441613498433649,0.027252852201239384,0.036442122405821925,-0.057304276875352764,-0.14844334471145715,0.02659611315978267,0.021104218602505654,0.012839732956804255,-0.01162725416940776,-0.14174701166113665,0.04871565024273622,0.021869799355830177,0.040102011440791646,-0.026860717681515038,-0.15860663377684944,-0.027223054352813428,0.017574081463801204,0.044175066592458734,-0.05218307577470715,-0.15367724903990956,0.0022142029824116444,0.02741977704621816,0.0374025092637995,-0.05773980502782767,-0.14847207749082025,0.024329216188922552,0.009595869791682027,0.036215530257780106,-0.014355226651132659,-0.16737288779290602,0.038643583626131184,0.01637448536996483,0.03682833655485032,-0.03174791403101701,-0.15832861061316533,-0.00042834578014726987,0.012308871346254652,0.03934474525705621,-0.05606069861333995,-0.15391162387927967,0.015362494873942117,0.021454852740443644,0.02526247574022952,-0.045601643848296,-0.14827488278880047,0.04283778111570892,0.02127373846079756,0.03783115856456775
2026-03-27,-0.014143326415084837,0.011841359564606902,0.07835738590102952,0.06390975400294678,-0.056226984213396274,0.01088595870705714,,-0.10826606856939291,-0.02232659616083061,0.020278931043666962,-0.0045780565330721884,-0.00992167382916503,-0.02731336715382755,0.009863664598220632,-0.017750773071611714,-0.04553017813853387,0.047302482284096774,0.0711960943856794,0.1557722019297546,0.04789603364874312,,-0.023232380677958138,,-0.1450598521688426,-0.08939207546553543,-0.04611774443773012,,0.018383098128867247,-0.012344972152684834,-0.017895743972371026,0.0021582726148572018,0.13632139735263207,-0.1002467430644821,-0.029151014328145746,-0.00624323163805514,-0.043737377490067335,0.08126204827774279,-0.05091907460407092,0.014148137707870472,0.01357037040101625,-0.19728790434899823,0.19143635441820395,0.018865336961002375,0.009945619022268329,0.011871982226880507,,0.133363151831738,-0.0072807804493415125,,0.011470802599585158,0.020050700470163888,-0.0254142334883602,-0.1484136614580419,0.0323246652002084,0.0003331504310636765,0.05433685562771696,-0.04798466494005657,-0.14113531594158513,0.040432977770012334,0.00774430953242406,0.007650262067214458,0.00310104635528137,-0.12513157084139467,0.05689028608242208,0.018983927196250305,0.021612327678413965,0.03625300563481709,-0.15405897518569803,0.02704324524579876,0.01835695901713517,0.031543618728182024,-0.03301645606143401,-0.14885048704682202,0.03919122884037213,0.0007096971507294455,-0.017615691577522442,-0.04772208208376555,-0.1431937550163156,0.05102962198779757,0.01489815101700949,0.02092118613594252,-0.002357539118523419,-0.1569765512502721,0.03167104551992663,0.03624059539906562,0.01564008759677215,0.030393181342207646,-0.15459468108656554,0.039370569930113106,0.0018868054171791366,0.05169893767507098,-0.03420192113069315,-0.14709756347346786,0.03451012862639495,0.005859789541327569,0.008427055503480756,-0.03804617650873739,-0.1415382440793161,0.04507540383283321,0.0014079969239964541,0.026293133770270167
2026-03-30,-0.025126568596165594,0.055425002080296736,0.023149676898374213,0.019386254156827733,-0.01846012225450276,-0.021973947161350614,,-0.06363731859940736,-0.06745528630252097,0.06646080798509758,-0.12303501201438352,-0.03192086962134407,-0.10058133424637072,-0.03060575461044529,-0.07140083940605776,-0.12395586705858963,0.006051775750171566,0.004252041644141864,0.0447673380847653,0.03908602929484807,,-0.06812098361534788,,-0.15013493281873289,-0.08620146075462531,-0.04336027016122597,,0.06688869032282764,-0.010413514283046911,-0.00596634834050913,0.019165918140259076,0.1282214839428034,-0.1267458054930256,-0.0517907576726355,-0.0750777026302025,-0.10119098839311028,0.04573607817742642,-0.08117528235747541,0.013254543041777086,-0.029601878995426083,-0.1686594997752212,0.1600008489440736,-0.08394613948268106,-0.06596518243226109,-0.005775116110535278,,0.05525245488611273,0.019015628854453497,,0.00541826185814016,0.056277321146684635,-0.002499385650738278,-0.14065970595621827,0.004045206166304615,-0.07032169564955336,0.07140893213442918,-0.02785792739558917,-0.13072639544634898,-0.005707335439819935,-0.045863970580492436,0.034667905084932914,0.009455305095642056,-0.11568250059826554,-0.024705468635984437,-0.021269005121094087,0.041016058214580084,0.0717711463063601,-0.14675521380191814,0.00723679522208215,-0.02601341957130143,0.07472009965493748,0.000652292199067619,-0.13758799779679315,-0.007888619738264923,-0.06560633334595474,0.028086153234391818,-0.025242576459082747,-0.13008589919528266,-0.016558078093245214,-0.05032301375260246,0.04112875858015173,-0.002698729345027121,-0.14275686646658295,-0.037685094649402916,-0.014406640286524603,0.05058363701424273,0.07542963251217807,-0.14291138728412625,0.011637725263930379,-0.07416329011212967,0.07043396961676865,0.006496715693781437,-0.13425279513306557,-0.00881083476043476,-0.06051879743698115,0.038207248496749724,-0.023799926283204126,-0.13041616768219014,-0.04086104601210873,-0.03947084508581111,0.04431201254959899
2026-03-31,-0.058326922206303394,0.07125805453603933,0.026777438355806555,0.1082120669846039,0.015387965258930889,-0.034565916414341244,,-0.16511341761098652,0.13259868139850806,-0.11285935221372236,-0.07821351348732693,0.08373070477904486,-0.0621990967139989,-0.036972774866103966,-0.04249020605070295,-0.15918706162239743,0.14098454022889673,0.06411557819577368,0.1073781552255039,0.06266413831665033,,-0.02268931791569661,,-0.1582742347554578,0.17379867768461404,0.010670360911181237,,0.11722125065360564,0.013462241420877614,0.03265154401750137,0.0868262201855242,0.2352305165854953,0.19373974799952956,0.06931123151775408,0.13420776369722154,-0.09291273381848375,0.18572591350321258,0.1742199526792009,0.09739481696941796,-0.0680955304404163,-0.1622448686907697,0.16175281046398074,0.006378301401346635,-0.06486946019755095,0.10442675199265979,,0.11124120777310997,-0.012937470816478613,,-0.013558922406589097,0.13599838472430645,-0.03971555679983646,-0.19139395342989987,-0.06965385489400114,0.03560406595629488,0.0889647113094861,-0.07524068117503192,-0.17646179130920384,-0.06385226847672185,0.06764614088354466,0.1193737097677735,-0.048383058059750315,-0.13797370394759093,-0.04794800637780974,0.09330021951043248,0.11390071630463088,0.011817204971512733,-0.19762355392916553,-0.03339866922051915,0.06718431576313537,0.12149317199784006,-0.030128143147509646,-0.1847959702232777,-0.05874173716686081,0.04001488143383625,0.11807062204584864,-0.0740764420533982,-0.17081193436782038,-0.07890700815399569,0.06811993615748553,0.11791962577286016,-0.047820972870183394,-0.193267143058464,-0.06420413620600415,0.11289843460794663,0.12551859552095948,0.006033272211551089,-0.1895780686008813,-0.04461248117000152,0.031541284952375015,0.08665582276606688,-0.020891306550649788,-0.17479519732002946,-0.060571681070156584,0.043094658362158526,0.12374744712386718,-0.08384873214826118,-0.1677362639836685,-0.0878669836613275,0.07582975712565346,0.11774744611656453
2026-04-01,-0.037183250605914465,0.02155580722047616,0.01221657945534387,-0.014621823830711792,0.05234540506593554,-0.006266687775606107,,-0.06899609636377517,-0.07429898804329163,0.07749165110121005,-0.02772610407036506,0.047211000341805726,-0.016269301358582143,-0.010594171582023163,-0.008650171138016726,-0.09619712979082849,-0.0844976438729338,0.010816460853967107,-0.21586608085808515,0.05241414161753322,,0.0008412615290357029,,-0.22431191709483406,-0.1519317656434024,-0.041085636970069166,,0.060151856719825494,0.08539911194921156,-0.033887210805228864,0.0173293937612335,0.20634544346814326,-0.04120560651410417,-0.07804247052166477,-0.03562963236323131,-0.0838867056075739,0.09792214274780202,-0.00871650574889416,-0.006897850991044116,-0.05392962497237908,-0.1701016907741762,0.16495620627976781,-0.03363850395692707,-0.012740950143867712,0.013962719361418328,,0.11529013622019162,0.018899056765593343,,-0.06802469252233168,0.0818801021351327,-0.029864437911366195,-0.2114939717899571,-0.06230122887038799,-0.005651536294910014,0.03089653800323413,-0.06213757842237052,-0.200241712764265,-0.07100565211626118,-0.008162419577742205,0.10453780207025713,-0.03764940102698472,-0.12925672113727354,-0.05106499431523801,0.024915218916239917,0.11760516026503665,0.008760113234826436,-0.21171002736789324,-0.03250253940061935,-0.00934821629570987,0.03831425390927918,-0.022660567624108355,-0.20175031839815863,-0.05631496425255624,-0.0070022482082937884,0.11238855582203819,-0.06145442743215554,-0.19486789955881026,-0.0794553123682096,-0.02003856774167128,0.10277234547979061,-0.04040295752679445,-0.19992533936345167,-0.046676551561968316,0.012911385701366898,0.07843519701427738,0.006645216402300132,-0.2020853702980503,-0.028690138444760503,-0.004047923636062826,0.025235383044664272,-0.016348243096346207,-0.19348336236978467,-0.06561747033287034,0.003833249063898169,0.11379571468992321,-0.07403622821885202,-0.17978279818765222,-0.08567518805046717,-0.022090865745195597,0.11512836782347521
2026-04-02,-0.08779787639094225,0.04248484678547286,0.03394568377892205,0.12343164518540864,0.17255784644778593,0.03374414587127384,,0.07004108958178952,0.18477037777481706,-0.1776854491043052,0.028279286005608723,-0.05653880200951924,0.06931561694460128,0.0926323581519223,0.048340879675500534,0.01004863193005392,0.11058889575510064,0.0724338108508878,0.02749569081467819,0.015457305679727034,,0.04249563758995239,,-0.16160967065950052,0.28834233963572614,0.013697588881497328,,0.025291411740493416,0.08911857723074296,-0.0031876438401671893,0.13603607837914938,0.267466285788519,0.23659289784230955,0.10988651612926997,0.10410503913144789,-0.056069608528305906,0.2481796065636048,0.20425727227267207,0.1599268151703502,-0.03426200107072507,-0.1782457061674191,0.1771614924049385,-0.007193058121714121,0.04593615968000711,0.0893603520480751,,0.19764264302400017,-0.03709169964998978,,-0.01954752106246326,0.02606627716498662,-0.14195822495727686,-0.21870645406785744,-0.023962833776402744,0.05482867795389596,-0.023835788612076615,-0.15442002178161574,-0.2112123983069222,-0.04719377857438969,0.026927168071935948,0.09576393108347181,-0.1745213316630712,-0.1224489112165086,0.016187846870809697,0.05028115243262855,0.06953399356608286,-0.15463263834580998,-0.2143816221431476,0.015947259179041853,0.05556922202911057,-0.005767122893038485,-0.13877337451215502,-0.20985639752197918,-0.030811482464211008,0.05873114552662027,0.1210283942569207,-0.14955412413240493,-0.19911289231135765,-0.04744583687931427,0.031230842443216042,0.09837110968672014,-0.1763212290803442,-0.19556048762353653,0.04769148141761351,0.03300164986580865,0.022627581225418688,-0.15247811498814218,-0.19978403759546232,0.020142508835679678,0.057940925146567596,-0.03339357123800794,-0.13517785815957536,-0.19903807148370387,-0.03288593131226174,0.05651356551602875,0.12141054984826416,-0.15888867606253107,-0.18389289922910224,-0.04217175995500407,0.013969412931851175,0.058921746948984006
2026-04-03,,-0.01456827869570005,0.0235158204705387,0.0772902972143332,0.04353444995368203,0.035079762576435664,,0.09809062397318107,-0.21892082183604816,0.19309208760106852,-0.12435700973534652,-0.02024487625920408,0.0059362185199553635,0.005410814032910615,0.024727902986300395,-0.11128700741947771,-0.06831415460174434,-0.06057285035508389,0.2342314717234294,0.21745809317562975,,-0.004854809515838209,,-0.22905324712951766,-0.01698954315509067,0.015847865290027824,,-0.04249597391974734,0.12577542228440447,-0.07068596910115593,0.009520596968710066,0.2166977164342304,-0.018179658361836874,-0.0682800597702434,-0.10101008340379238,-0.037245189432492457,0.0222983504088055,0.03328219498167268,0.03273541082845524,-0.056334790128101525,-0.20876371378989608,0.2017620581253093,-0.10081059756943463,-0.017736233174212964,-0.03400119653538402,-0.08279284656951767,0.07478973174289563,-0.06803671099188516,,0.0016512132385382169,0.03509061098876237,0.03958107545945968,-0.2254981272967077,-0.030863024437749267,-0.0193327878015705,0.028764583320185194,-0.019470350102120473,-0.21654898707567008,-0.059604951279043424,-0.1402914637735967,0.10642223201627339,0.012080086433675398,-0.140572286844595,-2.049677933257445e-05,-0.13409470151295017,0.05432169994430198,-0.01303975870853124,-0.20927252467055335,0.009995785963407966,-0.1336929474023602,0.03188109508304835,0.045745971628790454,-0.2161954037543063,-0.0383491916611729,-0.028889616958615725,0.12987532791725961,-0.012563788139070576,-0.20713368589196984,-0.05557244104819742,-0.16313311143510117,0.055467413457615265,0.01421079744643006,-0.180984593329189,-7.730922177734973e-05,-0.15293298378453823,0.030258112818280246,-0.011453066895047897,-0.199401600770814,0.0025569084193064902,-0.02693067439047397,0.019589213659670587,0.05184792775780759,-0.20110081879407554,-0.05017498467456559,-0.03712311101749975,0.13373232514694877,-0.04516640299316389,-0.197235427232654,-0.03089165192994,-0.17473825206076793,0.03228199538196309
2026-04-07,,0.0334559863287065,-0.017699477647063307,-0.0010773486641637707,0.24623290473296347,-0.02576638271185895,,0.1209256847280367,0.14431741968882636,-0.14103165582699728,-0.05290950420857569,-0.0659754715171369,-0.028448512326842798,-0.005898808495583896,-0.028582007259206652,-0.1414424420206346,0.1348570052331846,0.06314444040218609,0.11838132978417289,0.044363890849496435,,0.0428122687596855,,-0.22033290310584444,-0.002573604364195736,-0.0069034236673981685,,-0.030312924923535114,0.06500971954503068,0.035625543606997,0.06417139480704034,0.24056098524312128,0.18790774476855987,0.22126751713147857,-0.12649543026435506,-0.007812641625492207,0.267287670197854,0.16942543936997917,0.12561519186685977,-0.055391551440108704,-0.19385432220403354,0.19606664363823384,-0.03575482890716341,-0.06415642271051704,-0.07657334322164029,0.1606785564995975,0.1770136996921624,-0.004961719411961001,,0.02128360772706662,0.019371062482328616,-0.19176902819588362,-0.2008067734083336,-0.0282621181227749,0.012227209027532819,0.04135473779701195,-0.25935579584119894,-0.19681101040352106,-0.05748619839452909,-0.06095755159219644,0.05674287985993745,-0.22718094374489406,-0.1477684059260897,-0.00424536825777806,-0.06490958819042295,0.024929184259494693,-0.25947806750540325,-0.18249189398434737,0.0011850649073152076,-0.03324164950584287,0.03142866146005316,-0.19087020098458865,-0.1900364977802483,-0.03939245590584977,0.007472836650795968,0.12208503136302232,-0.25949958980433957,-0.18827030339069611,-0.039459131123901425,-0.06536270293626914,0.03494994735251359,-0.21727868949728188,-0.15118670998515035,-0.007972171642348636,-0.08359679691592621,0.017307281939301474,-0.26171324076286256,-0.17641154719285496,-0.006466049655302877,0.007581224985916062,0.033121139364599435,-0.19311256480781133,-0.1823921747282543,-0.043417926366771935,-0.0013230541646684975,0.08615368266571617,-0.2670478481674195,-0.1832622700482683,-0.02732623384595048,-0.04867448881032906,0.016743010417870244
2026-04-08,,-0.013696838325454734,-0.043946598288598634,-0.07044045599485307,-0.04735337297119712,-0.022144453407888297,-0.062127164026805966,0.06661395037400084,-0.1053633024455599,0.12065511655655267,-0.002633193692363733,-0.07221748859984373,-0.09039565341254163,-0.0834414943993798,-0.05219866774563234,-0.18675001000360517,-0.10280744756654181,-0.08891855395746702,-0.1744460045088918,0.14443911854924205,,0.016142595416262333,,-0.2672154883138568,-0.14302252099824656,-0.02087248790608313,,-0.09864939776889549,-0.09267477896056853,-0.026435774906702122,-0.19004012410773247,0.12025842187174145,-0.2072231386833625,-0.1557217017527607,0.07006234267251506,-0.1059165600163045,0.028750131669665068,-0.17784992353390514,-0.09292291809829917,-0.0926479828100776,-0.20085870546614867,0.18780332478085093,-0.15102959584934528,-0.056963617841467,0.11939918657329901,-0.07848972324645177,0.017344990008621414,-0.00045222609515552004,,-0.01340658113695029,-0.05073041947823951,0.043409948836097,-0.18907135447980167,-0.046382804321288176,0.00882872200392831,0.06708023450262725,0.011754805015984573,-0.1850498478046507,-0.04607568312806362,-0.04429732181953256,0.005260231335601124,0.07020526262619121,-0.13378272807399452,-0.06068267219386785,-0.018966619307960668,-0.01257626507016113,-0.007853348274116038,-0.17580984430530786,-0.05368517215076141,0.045512862135988784,-0.04527671255958665,0.043332855030491245,-0.18144264290199813,-0.04349351040806802,0.005360193210952153,0.05102626047864974,0.02087185050030531,-0.17743913264406336,-0.04412181880110998,-0.024687468482068483,0.014086691772957143,0.07637941982300742,-0.150676148154033,-0.06415319430648145,0.008326370350298913,-0.04879736351658222,-0.00996122109394746,-0.16851723135598126,-0.06235279341298136,-0.001356568728633378,0.06319008718729682,0.045432714250148894,-0.17322241486027104,-0.03487502821499775,-0.004540961572230849,0.00881794983643606,-0.02943450884128698,-0.16792906587959489,-0.039303479363945085,0.015243285780659092,-0.017929912584936092
2026-04-09,,-0.010303795124173254,-0.013303543816680589,-0.13295294620019105,-0.19321637085611604,-0.009546256711034687,,0.0034117655450162415,-0.20669985306362018,0.1923599879824946,-0.023681813421465893,0.04577299280149731,-0.06200044079482424,-0.022448865934274448,-0.06808123354051408,-0.17116145567017443,0.030524001914050126,-0.06251437990337898,-0.06343336619263745,0.0523462427231839,,-0.04654233243038851,,-0.21184683795460435,-0.14811657981667517,-0.018508728749382492,,-0.08991742210750531,-0.06426734011218145,-0.05450239822447622,-0.14284678236694712,0.05270795170323494,-0.1584348676791821,-0.13438939182089785,-0.12595165772604308,-0.052778164094642026,-0.07563496092209832,-0.16912250155252354,-0.1272805944615415,-0.06934169315074555,-0.21197414433181214,0.19986500815515887,-0.11945036737983628,-0.04708491252434613,0.15127500568465202,-0.1300172997514862,-0.06534444406403887,-0.03385295151380709,,0.00020877591904536135,-0.08335256406410924,0.17317230976262307,-0.16618666417005082,-0.02048556413674968,-0.10689110727603476,-0.06144971648982812,0.16896183340943693,-0.16700911026884563,-0.034551272675873296,-0.22730965724931182,-0.04037973427543937,0.22335722242408665,-0.15503242906565984,-0.0651015883189683,-0.18025494776574238,-0.07963613814498559,0.15086548845696446,-0.14888526807157887,-0.040133397009214304,-0.08346264111890457,-0.024757080041349314,0.182967712500609,-0.16134898031210684,-0.015513232131878427,-0.12049585250086985,-0.030285127913310686,0.18404782315385831,-0.16346795544121798,-0.030103096021728396,-0.20208287728455274,-0.05667926550718166,0.22706800373169195,-0.1363399517123665,-0.08172952155628081,-0.16784951313379157,-0.086240084368622,0.14995626006973956,-0.14946739957877117,-0.04348876320671497,-0.1258593230140192,-0.06181901508026378,0.18884860898280875,-0.15635486897706,-0.020510566379896164,-0.12611265713463196,-0.029636963400479274,0.13393546427835,-0.16092861640729472,-0.036807043340639604,-0.16496364543292968,-0.08851273625273927
2026-04-10,,-0.023251571099520408,-0.06556988398298003,-0.17939148750717293,-0.0829050206574309,-0.06423548079077547,,-0.034013270786290455,0.044164740143562815,-0.029162321955681296,0.002304026162282657,-0.04694543731880004,-0.07921938971254419,-0.055969025355202935,-0.04838456564226017,-0.20479698126762771,0.032495428611705464,-0.10624386655911054,-0.14186738585866318,-0.07549416662386356,,0.010788133239041299,,-0.2466763413240375,0.007032916596085782,-0.04755123741536847,,-0.011297788961666102,-0.12039410146398552,-0.0450050928205286,-0.19245999208962575,0.05012521807992676,0.010913541156850396,0.10892569939016238,-0.11129418780822377,0.01000494129111244,0.09727386009670042,-0.05870975844973649,-0.06340451073734778,-0.12249846058689336,-0.21442024384041228,0.20816152429800086,-0.04459088230552196,-0.04267454474949868,-0.005529292238808186,0.04970376014433483,-0.022425724570526828,-0.01208295639155063,,-0.040596134628184975,-0.05640881709943447,-0.022464063059331386,-0.19450076963003923,-0.040142793732880225,-0.016609155897269183,-0.0705734880133206,0.004543703011389465,-0.1956476824438612,-0.04955037153523725,-0.02268448508150766,-0.05691952474301302,0.05946909233539379,-0.16912882149344513,-0.10731908833348691,-0.01845221052541869,-0.09997205750656764,-0.0016755698335863933,-0.17869542641500097,-0.09688193414382013,0.06286909612979294,-0.08467810340848361,-0.025396291150754115,-0.19055816127429762,-0.05195333598365936,-0.01912010481190845,-0.05374966288813517,0.0035820954021787356,-0.1932206494121977,-0.05339026311992986,0.020143378450401175,-0.09553852209725651,0.06520299393363585,-0.16684215954357187,-0.10529251617760912,0.012896614902129063,-0.047500733735849204,0.0046925871472395875,-0.17827699545458728,-0.09153277390671566,-0.02541725197575721,-0.07015058772993898,-0.03084444609571023,-0.18650530848953772,-0.043114648795896826,-0.01585353227751133,-0.07006749884322261,-0.022805469232465025,-0.18607755428147224,-0.0482561311637216,0.049941009144293426,-0.10099497547795626
2026-04-13,0.15206722703037373,-0.07016078022341644,-0.01986879914120588,-0.13539737019705222,-0.06266369156838342,-0.025561107681280833,,-0.04880314008608976,-0.05277783985855143,0.09605390924510326,-0.12914252994491177,-0.050343119321848234,-0.05122465852191833,0.049611888998118865,0.00744194235753745,-0.20237573100355685,-0.07166419670889047,-0.1337868725394591,-0.19369740500511026,0.012661063946455556,,-0.03156309070317139,,-0.2597287895062631,-0.045483152344082484,-0.05293889992748213,,-0.02755928486895502,-0.17338911389759046,-0.032961196268693226,-0.19775296531181225,0.07043626801101649,-0.125996870613515,-0.035617039436559556,-0.08161063856722706,-0.03302026987546934,0.002655491558014239,-0.13236796068720655,-0.17813510309905542,-0.09815980016868624,-0.20039359767731946,0.19110951023220107,0.005208265688650732,-0.048640996617062074,0.026370108892999868,-0.028949436641814392,-0.009577319202937924,-0.021367828712839414,,-0.026642323312939694,-0.058564025742260835,-0.011183384928011304,-0.16157706149343912,-0.034697826928487545,0.006877733148724415,-0.05649631621030297,0.06105105011984333,-0.16192535089076412,-0.025797627370687262,0.032218886136839674,-0.07281764389526756,0.0526991112602352,-0.14812630730114887,-0.06870659357127024,0.03488175663715095,-0.033573710759855865,0.03436735571786993,-0.15453780435262687,-0.07372820873513265,0.08412138843326185,-0.03361052921569141,-0.020112561162909638,-0.1587397417675494,-0.023552997055265826,0.014361614139946355,-0.07624455503771864,0.05657706878358382,-0.15824077755082455,-0.02372534658235235,0.04158401392103863,-0.07030652415403235,0.0514030939639221,-0.15511275620703494,-0.06878768019849683,0.05887122248050571,-0.04986131165467004,0.03648057568245935,-0.15216622237626568,-0.08017143648343081,0.006563246844278755,-0.05607683071931416,-0.02748226935832723,-0.1570298571452177,-0.029709214844175838,0.0281737621639194,-0.09414299159677607,0.049861465205488294,-0.1538487629962262,-0.008643137516017826,0.0691196531994169,-0.03751991614579997
2026-04-14,,,,,,,,,,,,,,,,,,,,,,,,,,,,,,,,,,,,,,,,,,,,,,,,,,,,,,,,,,,,,,,,,,,,,,,,,,,,,,,,,,,,,,,,,,,,,,,,,,,,,
2026-04-15,,,,,,,,,,,,,,,,,,,,,,,,,,,,,,,,,,,,,,,,,,,,,,,,,,,,,,,,,,,,,,,,,,,,,,,,,,,,,,,,,,,,,,,,,,,,,,,,,,,,,
2026-04-16,,,,,,,,,,,,,,,,,,,,,,,,,,,,,,,,,,,,,,,,,,,,,,,,,,,,,,,,,,,,,,,,,,,,,,,,,,,,,,,,,,,,,,,,,,,,,,,,,,,,,
2026-04-17,,,,,,,,,,,,,,,,,,,,,,,,,,,,,,,,,,,,,,,,,,,,,,,,,,,,,,,,,,,,,,,,,,,,,,,,,,,,,,,,,,,,,,,,,,,,,,,,,,,,,
2026-04-20,,,,,,,,,,,,,,,,,,,,,,,,,,,,,,,,,,,,,,,,,,,,,,,,,,,,,,,,,,,,,,,,,,,,,,,,,,,,,,,,,,,,,,,,,,,,,,,,,,,,,
2026-04-21,,,,,,,,,,,,,,,,,,,,,,,,,,,,,,,,,,,,,,,,,,,,,,,,,,,,,,,,,,,,,,,,,,,,,,,,,,,,,,,,,,,,,,,,,,,,,,,,,,,,,
2026-04-22,,,,,,,,,,,,,,,,,,,,,,,,,,,,,,,,,,,,,,,,,,,,,,,,,,,,,,,,,,,,,,,,,,,,,,,,,,,,,,,,,,,,,,,,,,,,,,,,,,,,,
2026-04-23,,,,,,,,,,,,,,,,,,,,,,,,,,,,,,,,,,,,,,,,,,,,,,,,,,,,,,,,,,,,,,,,,,,,,,,,,,,,,,,,,,,,,,,,,,,,,,,,,,,,,
2026-04-24,,,,,,,,,,,,,,,,,,,,,,,,,,,,,,,,,,,,,,,,,,,,,,,,,,,,,,,,,,,,,,,,,,,,,,,,,,,,,,,,,,,,,,,,,,,,,,,,,,,,,
2026-04-27,,,,,,,,,,,,,,,,,,,,,,,,,,,,,,,,,,,,,,,,,,,,,,,,,,,,,,,,,,,,,,,,,,,,,,,,,,,,,,,,,,,,,,,,,,,,,,,,,,,,,
2026-04-28,,,,,,,,,,,,,,,,,,,,,,,,,,,,,,,,,,,,,,,,,,,,,,,,,,,,,,,,,,,,,,,,,,,,,,,,,,,,,,,,,,,,,,,,,,,,,,,,,,,,,
2026-04-29,,,,,,,,,,,,,,,,,,,,,,,,,,,,,,,,,,,,,,,,,,,,,,,,,,,,,,,,,,,,,,,,,,,,,,,,,,,,,,,,,,,,,,,,,,,,,,,,,,,,,
2026-04-30,,,,,,,,,,,,,,,,,,,,,,,,,,,,,,,,,,,,,,,,,,,,,,,,,,,,,,,,,,,,,,,,,,,,,,,,,,,,,,,,,,,,,,,,,,,,,,,,,,,,,
