factor,ic_mean,ic_std,ic_ir,rank_ic_mean,rank_ic_std,rank_ic_ir,ic_win_rate,expr_key,expression,complexity,depth,non_null_ratio,operation,parents,mutation_op,first_generation,generation,fitness,monotonicity_score,top_bottom_spread
ga_g000_0037,-0.10914813734825048,0.041122117558104535,-2.6542440863855528,-0.13916267742658353,0.062360614761976345,-2.2315796269448636,0.0,ts_min[20](open),ts_min[20](open),2,2,0.9397753761390123,random_init,,,0,0,1.0588244442772117,0.5,-0.04179265955073401
ga_g000_0055,-0.10143441822152544,0.04165610959496861,-2.435043003482425,-0.13256457999934135,0.06253410142110868,-2.1198766271005143,0.0,ts_min[10](open),ts_min[10](open),2,2,0.9702033213994936,random_init,,,0,0,1.0572021973891321,1.0,-0.03891322115334282
ga_g000_0017,0.14805559767205762,0.07316174506995408,2.023675043979518,0.15111908586663125,0.09980707994317685,1.5141118841736263,0.990990990990991,volume,volume,1,1,0.9979032132142179,random_init,,,0,0,1.0377612817409014,1.0,0.05272341290185362
ga_g000_0075,0.15243622104299717,0.07872329069116181,1.9363547903633433,0.15301256519616907,0.1027992397959074,1.4884600849184562,0.9819819819819819,ts_mean[3](log_abs(volume)),ts_mean[3](log_abs(volume)),3,3,0.9916998472022396,random_init,,,0,0,1.0237114068225466,1.0,0.05279408318051962
ga_g000_0004,0.13093498942290674,0.06799130282260857,1.9257608545098808,0.12360802731883971,0.07997682847919141,1.5455480002060895,0.9234234234234234,ts_std[10](rank(returns)),ts_std[10](rank(returns)),3,3,0.9671495968146686,random_init,,,0,0,1.009645294235402,1.0,0.04408663586121478
ga_g000_0048,-0.09064448065231119,0.04310696505974409,-2.1027803865728543,-0.12305313049882356,0.06466333543941745,-1.9029814911745626,0.0045045045045045045,ts_min[3](vwap),ts_min[3](vwap),2,2,0.9916998472022396,random_init,,,0,0,0.9115123068320461,0.5,-0.035411421573072185
ga_g000_0013,-0.08879432278607886,0.043136789714139256,-2.0584360443719834,-0.1216946911884688,0.06479582589477255,-1.8781254734849613,0.0045045045045045045,low,low,1,1,0.9979032132142179,random_init,,,0,0,0.9032153590624384,0.5,-0.03484343667061848
ga_g000_0070,-0.08879432278607886,0.043136789714139256,-2.0584360443719834,-0.1216946911884688,0.06479582589477255,-1.8781254734849613,0.0045045045045045045,scale(low),scale(low),2,2,0.9979032132142179,random_init,,,0,0,0.9012153590624384,0.5,-0.03484343667061848
ga_g000_0028,-0.08675599444631588,0.043055959494635324,-2.0149590315627615,-0.11944953630409957,0.0644399034747746,-1.8536579023719182,0.013513513513513514,open,open,1,1,0.9979032132142179,random_init,,,0,0,0.8919004752320924,0.5,-0.03412999309410818
ga_g000_0026,-0.08480327191759525,0.04327340854874769,-1.9597086238784258,-0.11784377028777354,0.06500491460686904,-1.8128440134174262,0.013513513513513514,vwap,vwap,1,1,0.9979032132142179,random_init,,,0,0,0.875002887694809,0.5,-0.03344351589410963
ga_g000_0005,-0.0844521279470593,0.04337277110623364,-1.947123178738322,-0.1176817686714828,0.0651779226646217,-1.805546477401925,0.018018018018018018,close,close,1,1,0.9979032132142179,random_init,,,0,0,0.8718729854357823,0.5,-0.03333910643683144
ga_g000_0058,-0.08480327191759525,0.04327340854874769,-1.9597086238784258,-0.11784377028777354,0.06500491460686904,-1.8128440134174262,0.013513513513513514,"min(vwap,amount)","min(vwap,amount)",3,2,0.9979032132142179,random_init,,,0,0,0.871002887694809,0.5,-0.03344351589410963
ga_g000_0061,0.07187963015752583,0.0490958661206123,1.46406685200219,0.09659633798761041,0.0743793784916759,1.2986978373101208,0.8108108108108109,"zscore_cs(correlation[30](low,max(open,-0.5)))","zscore_cs(correlation[30](low,max(open,-0.5)))",6,4,0.9095303420662272,random_init,,,0,0,0.8596800809618835,1.0,0.029079619315570265
ga_g000_0046,-0.08158328803054316,0.04341945849066348,-1.8789568287242935,-0.11477891947661212,0.06511225908100818,-1.7627850898831834,0.02702702702702703,high,high,1,1,0.9979032132142179,random_init,,,0,0,0.8535685091043747,0.5,-0.032277947602253984
ga_g000_0029,0.08877092048527307,0.0552506974568571,1.6066932106077119,0.07646635105922445,0.0690778542223452,1.1069589801254889,0.7297297297297297,"covariance[60](log_abs(scale(amount)),rank(low))","covariance[60](log_abs(scale(amount)),rank(low))",6,4,0.8194778108653705,random_init,,,0,0,0.7450154940808014,1.0,0.027140065879083367
ga_g000_0062,0.12291015765177904,0.0827158979617741,1.4859314917741702,0.1072374075072108,0.10366776269864234,1.0344335086978318,0.7027027027027027,"ts_rank[60](mul(add(high,returns),close))","ts_rank[60](mul(add(high,returns),close))",6,4,0.8164910050077513,random_init,,,0,0,0.7405472576868672,1.0,0.041880573046118905
ga_g000_0011,0.09514651031214444,0.06998287786639398,1.3595684146312326,0.09043892063443353,0.09177586355130897,0.9854325215242676,0.7837837837837838,"rank(covariance[30](high,scale(volume)))","rank(covariance[30](high,scale(volume)))",5,4,0.9095303420662272,random_init,,,0,0,0.6679402467627756,0.5,0.030829201377810034
ga_g000_0034,0.07785152441952929,0.08069482838748097,0.9647647312130254,0.08011062481964144,0.10221746336504509,0.7837273806487021,0.7477477477477478,"covariance[30](amount,close)","covariance[30](amount,close)",3,2,0.9095303420662272,random_init,,,0,0,0.6196251099558103,1.0,0.02876939423025801
ga_g000_0024,0.09876324045927785,0.07848760593448731,1.2583291244953296,0.0709708021485389,0.11032383941610764,0.643295252632197,0.9144144144144144,amount,amount,1,1,0.9979032132142179,random_init,,,0,0,0.5404786557186009,0.5,0.029066415481541735
ga_g000_0050,0.09876324045927785,0.07848760593448732,1.2583291244953294,0.0709708021485389,0.11032383941610764,0.643295252632197,0.9144144144144144,zscore_cs(amount),zscore_cs(amount),2,2,0.9979032132142179,random_init,,,0,0,0.5384786557186009,0.5,0.029066415481541735
ga_g000_0063,0.09876324045927785,0.07848760593448731,1.2583291244953296,0.0709708021485389,0.11032383941610764,0.643295252632197,0.9144144144144144,scale(amount),scale(amount),2,2,0.9979032132142179,random_init,,,0,0,0.5375299626993796,0.5,0.029066415481541735
ga_g000_0015,0.08459862300560081,0.0827460515607632,1.0223886386104744,0.07107720517319949,0.11026823994971878,0.6445845622058535,0.8288288288288288,rank(amount),rank(amount),2,2,0.9979032132142179,random_init,,,0,0,0.5214914595238355,0.5,0.029066415481541735
ga_g000_0059,0.07455356124386858,0.08128989253558137,0.9171319941311986,0.05652366679177159,0.1170697628810374,0.4828203747983086,0.8108108108108109,ts_rank[10](zscore_cs(demean(open))),ts_rank[10](zscore_cs(demean(open))),4,4,0.9702033213994936,random_init,,,0,0,0.4975225609485289,1.0,0.02377563417531524
ga_g000_0012,0.04557748135144743,0.062222240416697494,0.7324950218156496,0.04259314962908957,0.07768586816174816,0.5482741023168749,0.7612612612612613,log_abs(delta[10](low)),log_abs(delta[10](low)),3,3,0.9685102776011867,random_init,,,0,0,0.39467213011928226,0.0,0.016872305894704162
ga_g000_0060,0.04146416776981038,0.06405781571609731,0.6472928760727429,0.041204542587055304,0.08392719335267662,0.49095580277427686,0.5495495495495496,"max(ts_std[20](open),mul(ts_min[60](-1),low))","max(ts_std[20](open),mul(ts_min[60](-1),low))",7,4,0.8358372090429503,random_init,,,0,0,0.3638698629507463,0.5,0.01375971546215396
ga_g000_0057,0.06496006250321605,0.079879403123375,0.8132266887733776,0.03590629118324176,0.10499865440183594,0.34196906034458596,0.7072072072072072,delta[30](amount),delta[30](amount),2,2,0.9140027436678154,random_init,,,0,0,0.35210250964350065,0.5,0.021181516227337258
ga_g000_0003,0.02933092945856667,0.07280075734634206,0.4028931913307964,0.020491798197250794,0.09347914501785923,0.21921251198153158,0.6531531531531531,ts_rank[3](log_abs(low)),ts_rank[3](log_abs(low)),3,3,0.9916998472022396,random_init,,,0,0,0.27830217946978136,0.5,0.014456289390180663
ga_g000_0006,0.06537193320564724,0.09543971753341189,0.6849552250902419,0.0244814264444767,0.1366410274842406,0.17916600083602452,0.8063063063063063,returns,returns,1,1,0.9947937230233881,random_init,,,0,0,0.24937345116100548,0.0,0.013106082271903102
ga_g000_0030,0.06537193320564724,0.09543971753341189,0.6849552250902419,0.0244814264444767,0.1366410274842406,0.17916600083602452,0.8063063063063063,zscore_cs(returns),zscore_cs(returns),2,2,0.9947937230233881,random_init,,,0,0,0.24737345116100548,0.0,0.013106082271903102
ga_g000_0043,0.03783167916793851,0.10220397897336242,0.37015857452867507,0.024491226020420996,0.1367510033296726,0.17909357462905592,0.7027027027027027,rank(returns),rank(returns),2,2,0.9947937230233881,random_init,,,0,0,0.2269516538970642,0.0,0.013069380747171885
ga_g000_0023,0.022936515772667584,0.05627951027706526,0.4075464704605747,0.009500767558410976,0.07223327354629576,0.13152896292761454,0.6441441441441441,"delta[10](covariance[3](vwap,open))","delta[10](covariance[3](vwap,open))",4,3,0.9623024503407278,random_init,,,0,0,0.18055631717809775,0.0,0.007028079907928253
ga_g000_0016,-0.016028191405340852,0.05178649345149598,-0.3095052461961554,-0.015856334573511325,0.06482432262077575,-0.24460470904218098,0.4099099099099099,"ts_std[20](correlation[3](demean(low),open))","ts_std[20](correlation[3](demean(low),open))",5,4,0.9331414996486767,random_init,,,0,0,0.17405192636984884,0.0,-0.00490860493861435
ga_g000_0002,0.01753609727914443,0.0633421890696963,0.2768470357071054,0.004818161183188103,0.07176026757717092,0.0671424640105565,0.6081081081081081,ts_rank[5](volume),ts_rank[5](volume),2,2,0.9855277099296239,random_init,,,0,0,0.14414258899183002,0.0,0.003547519567819915
ga_g000_0053,0.00014606178971382676,0.027864551006148066,0.005241849749583243,-0.0020658510729114786,0.05097958730237721,-0.04052310311298159,0.38738738738738737,"safe_div(ts_mean[3](low),correlation[20](ts_mean[20](low),amount))","safe_div(ts_mean[3](low),correlation[20](ts_mean[20](low),amount))",7,4,0.8824081819297127,random_init,,,0,0,0.08102322792780163,0.0,0.0004304474400582403
ga_g001_0051,-0.11608873050068719,0.042161885760469815,-2.7534046071897897,-0.14600277293575734,0.0638871941250683,-2.285321415899657,0.0,ts_min[10](ts_min[20](open)),ts_min[10](ts_min[20](open)),3,3,0.912548376663209,crossover,ts_min[10](open)|ts_min[20](open),,1,1,1.085804915482199,0.5,-0.04515542181825037
ga_g001_0000,-0.10914813734825048,0.041122117558104535,-2.6542440863855528,-0.13916267742658353,0.062360614761976345,-2.2315796269448636,0.0,ts_min[20](open),ts_min[20](open),2,2,0.9397753761390123,random_init,,,0,1,1.0592627368977863,0.5,-0.04179265955073401
ga_g001_0001,-0.10143441822152544,0.04165610959496861,-2.435043003482425,-0.13256457999934135,0.06253410142110868,-2.1198766271005143,0.0,ts_min[10](open),ts_min[10](open),2,2,0.9702033213994936,random_init,,,0,1,1.0576373024598313,1.0,-0.03891322115334282
ga_g001_0002,0.14805559767205762,0.07316174506995408,2.023675043979518,0.15111908586663125,0.09980707994317685,1.5141118841736263,0.990990990990991,volume,volume,1,1,0.9979032132142179,random_init,,,0,1,1.0390729079443515,1.0,0.05272341290185362
ga_g001_0003,0.15243622104299717,0.07872329069116181,1.9363547903633433,0.15301256519616907,0.1027992397959074,1.4884600849184562,0.9819819819819819,ts_mean[3](log_abs(volume)),ts_mean[3](log_abs(volume)),3,3,0.9916998472022396,random_init,,,0,1,1.0246468480101323,1.0,0.05279408318051962
ga_g001_0004,0.13093498942290674,0.06799130282260857,1.9257608545098808,0.12360802731883971,0.07997682847919141,1.5455480002060895,0.9234234234234234,ts_std[10](rank(returns)),ts_std[10](rank(returns)),3,3,0.9671495968146686,random_init,,,0,1,1.0098783354366994,1.0,0.04408663586121478
ga_g001_0005,-0.09064448065231119,0.04310696505974409,-2.1027803865728543,-0.12305313049882356,0.06466333543941745,-1.9029814911745626,0.0045045045045045045,ts_min[3](vwap),ts_min[3](vwap),2,2,0.9916998472022396,random_init,,,0,1,0.9127329230272263,0.5,-0.035411421573072185
ga_g001_0029,-0.09064448065231119,0.04310696505974409,-2.1027803865728543,-0.12305313049882356,0.06466333543941745,-1.9029814911745626,0.0045045045045045045,"ts_min[3](min(vwap,amount))","ts_min[3](min(vwap,amount))",4,3,0.9916998472022396,crossover,"ts_min[3](vwap)|min(vwap,amount)",,1,1,0.9087329230272263,0.5,-0.035411421573072185
ga_g001_0006,-0.08879432278607886,0.043136789714139256,-2.0584360443719834,-0.1216946911884688,0.06479582589477255,-1.8781254734849613,0.0045045045045045045,low,low,1,1,0.9979032132142179,random_init,,,0,1,0.9035149859613232,0.5,-0.03484343667061848
ga_g001_0007,-0.08879432278607886,0.043136789714139256,-2.0584360443719834,-0.1216946911884688,0.06479582589477255,-1.8781254734849613,0.0045045045045045045,scale(low),scale(low),2,2,0.9979032132142179,random_init,,,0,1,0.9015149859613232,0.5,-0.03484343667061848
ga_g001_0016,-0.08675599444631588,0.043055959494635324,-2.0149590315627615,-0.11944953630409957,0.0644399034747746,-1.8536579023719182,0.013513513513513514,open,open,1,1,0.9979032132142179,random_init,,,0,1,0.8931924477324495,0.5,-0.03412999309410818
ga_g001_0018,-0.08675599444631586,0.043055959494635324,-2.014959031562761,-0.11944953630409957,0.0644399034747746,-1.8536579023719182,0.013513513513513514,zscore_cs(open),zscore_cs(open),2,2,0.9979032132142179,crossover+mutate,"covariance[60](log_abs(scale(amount)),rank(low))|zscore_cs(returns)",zscore_cs,1,1,0.8911924477324495,0.5,-0.03412999309410818
ga_g001_0052,-0.08480327191759525,0.04327340854874769,-1.9597086238784258,-0.11784377028777354,0.06500491460686904,-1.8128440134174262,0.013513513513513514,vwap,vwap,1,1,0.9979032132142179,random_init,,,0,1,0.8752923322904204,0.5,-0.03344351589410963
ga_g001_0031,-0.0844521279470593,0.04337277110623364,-1.947123178738322,-0.1176817686714828,0.0651779226646217,-1.805546477401925,0.018018018018018018,close,close,1,1,0.9979032132142179,random_init,,,0,1,0.8724684844527911,0.5,-0.03333910643683144
ga_g001_0010,-0.08480327191759525,0.04327340854874769,-1.9597086238784258,-0.11784377028777354,0.06500491460686904,-1.8128440134174262,0.013513513513513514,"min(vwap,amount)","min(vwap,amount)",3,2,0.9979032132142179,random_init,,,0,1,0.8712923322904204,0.5,-0.03344351589410963
ga_g001_0058,0.10622157155879695,0.08153633926088871,1.302751294964615,0.1316674076557013,0.10911739555602201,1.2066582691492291,0.8108108108108109,delay[20](volume),delay[20](volume),2,2,0.942913864444965,random_inject,,,1,1,0.8622193541549262,1.0,0.03983618011380072
ga_g001_0074,-0.08158328803054314,0.04341945849066348,-1.878956828724293,-0.11477891947661212,0.06511225908100818,-1.7627850898831834,0.02702702702702703,demean(high),demean(high),2,2,0.9979032132142179,random_inject,,,1,1,0.8521812327199139,0.5,-0.032277947602253984
ga_g001_0057,0.09884691455096586,0.058758336723758714,1.682261957408292,0.09919209777553305,0.08501491999837368,1.1667610553233547,0.7117117117117117,"covariance[60](log_abs(amount),rank(low))","covariance[60](log_abs(amount),rank(low))",5,3,0.8194778108653705,crossover,"covariance[60](log_abs(scale(amount)),rank(low))|amount",,1,1,0.7883931853588845,1.0,0.03465712736654107
ga_g001_0049,0.06351715953128544,0.04851919422579,1.3091140639248988,0.048992382169074554,0.03975671868184588,1.232304470626394,0.7342342342342343,"covariance[60](log_abs(scale(amount)),rank(volume))","covariance[60](log_abs(scale(amount)),rank(volume))",6,4,0.8194778108653705,crossover+mutate,"scale(low)|covariance[60](log_abs(scale(amount)),rank(low))",covariance,1,1,0.7710096544199421,1.0,0.02209601738657839
ga_g001_0020,0.12291015765177904,0.0827158979617741,1.4859314917741702,0.1072374075072108,0.10366776269864234,1.0344335086978318,0.7027027027027027,"ts_rank[60](mul(add(high,returns),close))","ts_rank[60](mul(add(high,returns),close))",6,4,0.8164910050077513,random_init,,,0,1,0.7416942429078747,1.0,0.041880573046118905
ga_g001_0046,0.09514651031214444,0.06998287786639398,1.3595684146312326,0.09043892063443353,0.09177586355130897,0.9854325215242676,0.7837837837837838,"rank(covariance[30](high,scale(volume)))","rank(covariance[30](high,scale(volume)))",5,4,0.9095303420662272,random_init,,,0,1,0.6668405318453168,0.5,0.030829201377810034
ga_g001_0015,0.07595833585557348,0.08566856077183173,0.8866535771259154,0.0856765855704928,0.10045054763451598,0.8529230311637777,0.7207207207207207,"covariance[30](amount,ts_rank[3](log_abs(low)))","covariance[30](amount,ts_rank[3](log_abs(low)))",5,4,0.9034942728722632,crossover,"covariance[30](amount,close)|ts_rank[3](log_abs(low))",,1,1,0.6475002163698667,1.0,0.02876438063603315
ga_g001_0064,0.0755948862850964,0.06790570880670327,1.113233152462641,0.09173284114377442,0.10378196244504599,0.8838996583086223,0.8108108108108109,"covariance[20](zscore_cs(low),low)","covariance[20](zscore_cs(low),low)",4,3,0.9397753761390123,random_inject,,,1,1,0.6312406492075507,0.5,0.030633401282502054
ga_g001_0039,0.08275177619187463,0.0782559472444392,1.05745031663079,0.08186559235900714,0.10269614166253142,0.7971632724822778,0.7657657657657657,"rank(covariance[30](amount,close))","rank(covariance[30](amount,close))",4,3,0.9095303420662272,crossover,"rank(covariance[30](high,scale(volume)))|covariance[30](amount,close)",,1,1,0.6276206449745644,1.0,0.028743290080544187
ga_g001_0053,0.07785152441952929,0.08069482838748097,0.9647647312130254,0.08011062481964144,0.10221746336504509,0.7837273806487021,0.7477477477477478,"covariance[30](amount,close)","covariance[30](amount,close)",3,2,0.9095303420662272,random_init,,,0,1,0.6185895105281304,1.0,0.02876939423025801
ga_g001_0054,0.07785152441952929,0.08069482838748099,0.9647647312130252,0.08011062481964144,0.10221746336504509,0.7837273806487021,0.7477477477477478,"scale(covariance[30](amount,close))","scale(covariance[30](amount,close))",4,3,0.9095303420662272,crossover,"scale(amount)|covariance[30](amount,close)",,1,1,0.6165895105281304,1.0,0.02876939423025801
ga_g001_0032,0.07265738844326973,0.08148511621875025,0.8916645372170531,0.07833666446133015,0.10260894008884254,0.7634487247748922,0.7252252252252253,"ts_min[3](covariance[30](amount,close))","ts_min[3](covariance[30](amount,close))",4,3,0.9034942728722632,crossover,"ts_min[3](vwap)|covariance[30](amount,close)",,1,1,0.6025122877824116,1.0,0.026422721184388098
ga_g001_0043,0.06830879607500807,0.06279258222268944,1.087848176600793,0.053942199378572316,0.08407967821071394,0.641560487938436,0.8063063063063063,ts_rank[10](high),ts_rank[10](high),2,2,0.9702033213994936,crossover+mutate,log_abs(delta[10](low))|ts_rank[10](zscore_cs(demean(open))),ts_rank,1,1,0.5611793675129707,1.0,0.02325148958678465
ga_g001_0008,0.09876324045927785,0.07848760593448731,1.2583291244953296,0.0709708021485389,0.11032383941610764,0.643295252632197,0.9144144144144144,amount,amount,1,1,0.9979032132142179,random_init,,,0,1,0.540809856868948,0.5,0.029066415481541735
ga_g001_0038,0.08459862300560081,0.0827460515607632,1.0223886386104744,0.07107720517319949,0.11026823994971878,0.6445845622058535,0.8288288288288288,rank(amount),rank(amount),2,2,0.9979032132142179,random_init,,,0,1,0.5224796993326439,0.5,0.029066415481541735
ga_g001_0042,0.05861707043562003,0.07738793088613759,0.7574446010433398,0.06285250175524841,0.10392612373370841,0.6047805835258168,0.5765765765765766,"max(ts_std[20](zscore_cs(amount)),mul(ts_min[60](-1),low))","max(ts_std[20](zscore_cs(amount)),mul(ts_min[60](-1),low))",8,4,0.8358372090429503,crossover,"max(ts_std[20](open),mul(ts_min[60](-1),low))|zscore_cs(amount)",,1,1,0.43698416382252125,0.5,0.023599832255003617
ga_g001_0056,0.04557748135144743,0.062222240416697494,0.7324950218156496,0.04259314962908957,0.07768586816174816,0.5482741023168749,0.7612612612612613,log_abs(delta[10](low)),log_abs(delta[10](low)),3,3,0.9685102776011867,random_init,,,0,1,0.3949533823869537,0.0,0.016872305894704162
ga_g001_0070,0.058543351303034584,0.06486210378565195,0.902581752459051,0.037155765698881175,0.09227977638514025,0.4026425632395046,0.7927927927927928,ts_std[5](open),ts_std[5](open),2,2,0.9855277099296239,random_inject,,,1,1,0.38406862748871573,0.5,0.016871900702565584
ga_g001_0060,0.027648739286743378,0.04788805754473721,0.5773618873748182,0.020412496674388166,0.06682047520108036,0.30548266250668826,0.7117117117117117,"zscore_cs(correlation[5](volume,vwap))","zscore_cs(correlation[5](volume,vwap))",4,3,0.9855277099296239,random_inject,,,1,1,0.37180939451361505,1.0,0.011273726746285101
ga_g001_0036,0.04146416776981038,0.06405781571609731,0.6472928760727429,0.041204542587055304,0.08392719335267662,0.49095580277427686,0.5495495495495496,"max(ts_std[20](open),mul(ts_min[60](-1),low))","max(ts_std[20](open),mul(ts_min[60](-1),low))",7,4,0.8358372090429503,random_init,,,0,1,0.3636674307327011,0.5,0.01375971546215396
ga_g001_0024,0.06496006250321605,0.079879403123375,0.8132266887733776,0.03590629118324176,0.10499865440183594,0.34196906034458596,0.7072072072072072,delta[30](amount),delta[30](amount),2,2,0.9140027436678154,random_init,,,0,1,0.35321675923722323,0.5,0.021181516227337258
ga_g001_0026,0.0027208298027855135,0.03648552086633883,0.07457286447281403,-0.01971108530730041,0.042171196858169564,-0.46740635257739677,0.32432432432432434,"covariance[60](log_abs(scale(amount)),rank(ts_min[20](open)))","covariance[60](log_abs(scale(amount)),rank(ts_min[20](open)))",7,4,0.7629827907339871,crossover,"covariance[60](log_abs(scale(amount)),rank(low))|ts_min[20](open)",,1,1,0.306260207874981,0.5,-0.0020762794961443065
ga_g001_0048,0.02933092945856667,0.07280075734634206,0.4028931913307964,0.020491798197250794,0.09347914501785923,0.21921251198153158,0.6531531531531531,ts_rank[3](low),ts_rank[3](low),2,2,0.9916998472022396,mutate,"min(vwap,amount)",ts_rank,1,1,0.2803730874361862,0.5,0.014456289390180663
ga_g001_0040,0.02933092945856667,0.07280075734634206,0.4028931913307964,0.020491798197250794,0.09347914501785923,0.21921251198153158,0.6531531531531531,ts_rank[3](log_abs(low)),ts_rank[3](log_abs(low)),3,3,0.9916998472022396,random_init,,,0,1,0.2783730874361862,0.5,0.014456289390180663
ga_g001_0009,0.029148138002059544,0.07245285888959527,0.40230487034991824,0.020491798197250794,0.09347914501785923,0.21921251198153158,0.6666666666666666,rank(ts_rank[3](log_abs(low))),rank(ts_rank[3](log_abs(low))),4,4,0.9916998472022396,crossover,rank(returns)|ts_rank[3](log_abs(low)),,1,1,0.2781553416430489,0.5,0.014456289390180663
ga_g001_0035,0.06537193320564724,0.09543971753341189,0.6849552250902419,0.0244814264444767,0.1366410274842406,0.17916600083602452,0.8063063063063063,returns,returns,1,1,0.9947937230233881,random_init,,,0,1,0.2516634301999829,0.0,0.013106082271903102
ga_g001_0023,-0.01787299372791986,0.06012194108966845,-0.2972790532704742,-0.021034864324540676,0.07506871649689842,-0.2802081253834913,0.3738738738738739,"ts_std[30](correlation[3](demean(low),open))","ts_std[30](correlation[3](demean(low),open))",5,4,0.9026577887821909,crossover+mutate,"zscore_cs(correlation[30](low,max(open,-0.5)))|ts_std[20](correlation[3](demean(low),open))",ts_std,1,1,0.2339439800879895,0.5,-0.005187412552470669
ga_g001_0075,0.04039528079391297,0.07763787512120203,0.520303791556004,0.01987057531432339,0.09909218229279568,0.20052616517830033,0.6801801801801802,demean(delta[20](volume)),demean(delta[20](volume)),3,3,0.9414661893130792,random_inject,,,1,1,0.22390688747691948,0.0,0.01310857500172248
ga_g001_0022,0.022936515772667584,0.05627951027706526,0.4075464704605747,0.009500767558410976,0.07223327354629576,0.13152896292761454,0.6441441441441441,"delta[10](covariance[3](vwap,open))","delta[10](covariance[3](vwap,open))",4,3,0.9623024503407278,random_init,,,0,1,0.18040378806773313,0.0,0.007028079907928253
ga_g001_0012,-0.016028191405340852,0.05178649345149598,-0.3095052461961554,-0.015856334573511325,0.06482432262077575,-0.24460470904218098,0.4099099099099099,"ts_std[20](correlation[3](demean(low),open))","ts_std[20](correlation[3](demean(low),open))",5,4,0.9331414996486767,random_init,,,0,1,0.17301075700006718,0.0,-0.00490860493861435
ga_g001_0025,0.022249640073682117,0.06450638901149079,0.34492149405105743,0.007741891373755001,0.07389273534088292,0.10477202309591069,0.6396396396396397,ts_rank[5](amount),ts_rank[5](amount),2,2,0.9855277099296239,mutate,ts_rank[5](volume),ts_rank,1,1,0.1682203237537476,0.0,0.005923242843152626
ga_g001_0047,-0.010291617254424122,0.026652670009806347,-0.3861383212502731,-0.004378641389546896,0.030255122030401187,-0.14472397054446237,0.3333333333333333,"ts_std[20](correlation[3](demean(low),zscore_cs(amount)))","ts_std[20](correlation[3](demean(low),zscore_cs(amount)))",6,4,0.9337103088299261,crossover,"ts_std[20](correlation[3](demean(low),open))|zscore_cs(amount)",,1,1,0.16357323001734964,0.5,-0.0028085858169269867
ga_g001_0014,0.01753609727914443,0.0633421890696963,0.2768470357071054,0.004818161183188103,0.07176026757717092,0.0671424640105565,0.6081081081081081,ts_rank[5](volume),ts_rank[5](volume),2,2,0.9855277099296239,random_init,,,0,1,0.14410937400001106,0.0,0.003547519567819915
ga_g001_0037,0.0189081082199024,0.06477551213561328,0.291902103071244,0.004944769118836053,0.08176324466993082,0.06047667431493869,0.5765765765765766,"delta[10](covariance[10](vwap,open))","delta[10](covariance[10](vwap,open))",4,3,0.9397753761390123,crossover+mutate,"returns|delta[10](covariance[3](vwap,open))",delta,1,1,0.13355135217107084,0.0,0.004951552243746632
ga_g001_0021,0.00014606178971382676,0.027864551006148066,0.005241849749583243,-0.0020658510729114786,0.05097958730237721,-0.04052310311298159,0.38738738738738737,"safe_div(ts_mean[3](low),correlation[20](ts_mean[20](low),amount))","safe_div(ts_mean[3](low),correlation[20](ts_mean[20](low),amount))",7,4,0.8824081819297127,random_init,,,0,1,0.08098038111069646,0.0,0.0004304474400582403
ga_g002_0045,-0.1284650861222206,0.04603037340637561,-2.7908764716739634,-0.14603321678196077,0.0638550665503711,-2.286948000700378,0.0045045045045045045,rank(ts_min[10](ts_min[20](open))),rank(ts_min[10](ts_min[20](open))),4,4,0.912548376663209,crossover,rank(amount)|ts_min[10](ts_min[20](open)),,2,2,1.0862637502807793,0.5,-0.04515542181825037
ga_g002_0000,-0.11608873050068719,0.042161885760469815,-2.7534046071897897,-0.14600277293575734,0.0638871941250683,-2.285321415899657,0.0,ts_min[10](ts_min[20](open)),ts_min[10](ts_min[20](open)),3,3,0.912548376663209,crossover,ts_min[10](open)|ts_min[20](open),,1,2,1.085696652895925,0.5,-0.04515542181825037
ga_g002_0001,-0.10914813734825048,0.041122117558104535,-2.6542440863855528,-0.13916267742658353,0.062360614761976345,-2.2315796269448636,0.0,ts_min[20](open),ts_min[20](open),2,2,0.9397753761390123,random_init,,,0,2,1.0592045514637674,0.5,-0.04179265955073401
ga_g002_0002,-0.10143441822152544,0.04165610959496861,-2.435043003482425,-0.13256457999934135,0.06253410142110868,-2.1198766271005143,0.0,ts_min[10](open),ts_min[10](open),2,2,0.9702033213994936,random_init,,,0,2,1.0575738006898494,1.0,-0.03891322115334282
ga_g002_0039,-0.10016506776377891,0.04169956576731853,-2.4020650076476797,-0.1267815584690316,0.05687509205770076,-2.229122694701039,0.02702702702702703,delay[20](high),delay[20](high),2,2,0.942913864444965,mutate,delay[20](volume),delay,2,2,1.0510597546047942,0.5,-0.03999298203793654
ga_g002_0003,0.14805559767205762,0.07316174506995408,2.023675043979518,0.15111908586663125,0.09980707994317685,1.5141118841736263,0.990990990990991,volume,volume,1,1,0.9979032132142179,random_init,,,0,2,1.0391145780311202,1.0,0.05272341290185362
ga_g002_0009,0.1480555976720576,0.07316174506995408,2.0236750439795177,0.15111908586663125,0.09980707994317685,1.5141118841736263,0.990990990990991,demean(volume),demean(volume),2,2,0.9979032132142179,mutate,demean(high),demean,2,2,1.0371145780311202,1.0,0.05272341290185362
ga_g002_0004,0.15243622104299717,0.07872329069116181,1.9363547903633433,0.15301256519616907,0.1027992397959074,1.4884600849184562,0.9819819819819819,ts_mean[3](log_abs(volume)),ts_mean[3](log_abs(volume)),3,3,0.9916998472022396,random_init,,,0,2,1.0241602225959556,1.0,0.05279408318051962
ga_g002_0005,0.13093498942290674,0.06799130282260857,1.9257608545098808,0.12360802731883971,0.07997682847919141,1.5455480002060895,0.9234234234234234,ts_std[10](rank(returns)),ts_std[10](rank(returns)),3,3,0.9671495968146686,random_init,,,0,2,1.0097457682753463,1.0,0.04408663586121478
ga_g002_0037,0.10311151482685094,0.052667424000298425,1.9577854201919327,0.08023105337640536,0.05336470085452417,1.5034480113571838,0.9414414414414415,ts_std[10](rank(demean(high))),ts_std[10](rank(demean(high))),4,4,0.9702033213994936,crossover,ts_std[10](rank(returns))|demean(high),,2,2,0.9507224074093683,1.0,0.02993347825845269
ga_g002_0050,-0.09179566544431692,0.04286999368549929,-2.141256798816993,-0.12381983073270059,0.06411398414454177,-1.9312453029522385,0.0045045045045045045,ts_mean[3](ts_min[3](vwap)),ts_mean[3](ts_min[3](vwap)),3,3,0.9855277099296239,crossover,ts_mean[3](log_abs(volume))|ts_min[3](vwap),,2,2,0.9220065596306847,0.5,-0.035604301403500724
ga_g002_0006,-0.09064448065231119,0.04310696505974409,-2.1027803865728543,-0.12305313049882356,0.06466333543941745,-1.9029814911745626,0.0045045045045045045,ts_min[3](vwap),ts_min[3](vwap),2,2,0.9916998472022396,random_init,,,0,2,0.9131247208105522,0.5,-0.035411421573072185
ga_g002_0007,-0.09064448065231119,0.04310696505974409,-2.1027803865728543,-0.12305313049882356,0.06466333543941745,-1.9029814911745626,0.0045045045045045045,"ts_min[3](min(vwap,amount))","ts_min[3](min(vwap,amount))",4,3,0.9916998472022396,crossover,"ts_min[3](vwap)|min(vwap,amount)",,1,2,0.9091247208105522,0.5,-0.035411421573072185
ga_g002_0019,-0.09064448065231119,0.04310696505974409,-2.1027803865728543,-0.12305313049882356,0.06466333543941745,-1.9029814911745626,0.0045045045045045045,"ts_min[3](min(vwap,vwap))","ts_min[3](min(vwap,vwap))",4,3,0.9916998472022396,mutate,"ts_min[3](min(vwap,amount))",ts_min,2,2,0.9091247208105522,0.5,-0.035411421573072185
ga_g002_0012,-0.08675599444631588,0.043055959494635324,-2.0149590315627615,-0.11944953630409957,0.0644399034747746,-1.8536579023719182,0.013513513513513514,open,open,1,1,0.9979032132142179,random_init,,,0,2,0.8929863925469704,0.5,-0.03412999309410818
ga_g002_0023,-0.08675599444631586,0.043055959494635324,-2.014959031562761,-0.11944953630409957,0.0644399034747746,-1.8536579023719182,0.013513513513513514,zscore_cs(open),zscore_cs(open),2,2,0.9979032132142179,crossover+mutate,"covariance[60](log_abs(scale(amount)),rank(low))|zscore_cs(returns)",zscore_cs,1,2,0.8909863925469704,0.5,-0.03412999309410818
ga_g002_0041,-0.09598782177800988,0.0445005468230354,-2.1570031972803188,-0.1194947887780222,0.06443343585282929,-1.8545462801480446,0.018018018018018018,rank(zscore_cs(open)),rank(zscore_cs(open)),3,3,0.9979032132142179,crossover,rank(amount)|zscore_cs(open),,2,2,0.890711864184847,0.5,-0.03412999309410818
ga_g002_0025,-0.0844521279470593,0.04337277110623364,-1.947123178738322,-0.1176817686714828,0.0651779226646217,-1.805546477401925,0.018018018018018018,close,close,1,1,0.9979032132142179,random_init,,,0,2,0.8723629338683278,0.5,-0.03333910643683144
ga_g002_0052,0.10622157155879695,0.08153633926088871,1.302751294964615,0.1316674076557013,0.10911739555602201,1.2066582691492291,0.8108108108108109,delay[20](volume),delay[20](volume),2,2,0.942913864444965,random_inject,,,1,2,0.8622969860416818,1.0,0.03983618011380072
ga_g002_0061,0.11956746741940921,0.08360908196560829,1.4300775060368685,0.13561591999994507,0.11322104171676385,1.197797846969159,0.8198198198198198,delay[20](ts_mean[3](log_abs(volume))),delay[20](ts_mean[3](log_abs(volume))),4,4,0.9367818784086727,crossover,delay[20](volume)|ts_mean[3](log_abs(volume)),,2,2,0.8593750329746385,1.0,0.04106004186923501
ga_g002_0011,-0.08158328803054314,0.04341945849066348,-1.878956828724293,-0.11477891947661212,0.06511225908100818,-1.7627850898831834,0.02702702702702703,demean(high),demean(high),2,2,0.9979032132142179,random_inject,,,1,2,0.8520974884780596,0.5,-0.032277947602253984
ga_g002_0066,0.02198082444942243,0.024218526587753957,0.9076037045348986,0.04365997859029267,0.027315514783435673,1.5983582567064927,0.8018018018018018,"safe_div(zscore_cs(log_abs(close)),zscore_cs(low))","safe_div(zscore_cs(log_abs(close)),zscore_cs(low))",6,4,0.9979032132142179,random_inject,,,2,2,0.8305346817401789,0.0,0.009283049743593869
ga_g002_0036,0.09514651031214444,0.06998287786639398,1.3595684146312326,0.09043892063443353,0.09177586355130897,0.9854325215242676,0.7837837837837838,"rank(covariance[30](high,scale(volume)))","rank(covariance[30](high,scale(volume)))",5,4,0.9095303420662272,random_init,,,0,2,0.6657304121066926,0.5,0.030829201377810034
ga_g002_0028,0.07952283431652725,0.06466285530638648,1.2298070343434573,0.07523915838025541,0.08830606615422394,0.85202706514921,0.7882882882882883,"covariance[20](log_abs(amount),rank(low))","covariance[20](log_abs(amount),rank(low))",5,3,0.9397753761390123,crossover+mutate,"covariance[60](log_abs(amount),rank(low))|covariance[60](log_abs(amount),rank(low))",covariance,2,2,0.6521101841293899,1.0,0.02761888274256584
ga_g002_0056,0.07595833585557348,0.08566856077183173,0.8866535771259154,0.0856765855704928,0.10045054763451598,0.8529230311637777,0.7207207207207207,"covariance[30](amount,ts_rank[3](log_abs(low)))","covariance[30](amount,ts_rank[3](log_abs(low)))",5,4,0.9034942728722632,crossover,"covariance[30](amount,close)|ts_rank[3](log_abs(low))",,1,2,0.6465847445238406,1.0,0.02876438063603315
ga_g002_0030,0.07376509868476018,0.061595355988098524,1.1975756532523831,0.06845551472724093,0.0786247826534189,0.8706607817155501,0.7522522522522522,"covariance[30](amount,rank(amount))","covariance[30](amount,rank(amount))",4,3,0.9095303420662272,crossover,"covariance[30](amount,close)|rank(amount)",,2,2,0.6453803504069188,1.0,0.025221081034267998
ga_g002_0040,0.0755948862850964,0.06790570880670327,1.113233152462641,0.09173284114377442,0.10378196244504599,0.8838996583086223,0.8108108108108109,"covariance[20](zscore_cs(low),low)","covariance[20](zscore_cs(low),low)",4,3,0.9397753761390123,random_inject,,,1,2,0.6306178452000847,0.5,0.030633401282502054
ga_g002_0038,0.08275177619187463,0.0782559472444392,1.05745031663079,0.08186559235900714,0.10269614166253142,0.7971632724822778,0.7657657657657657,"rank(covariance[30](amount,close))","rank(covariance[30](amount,close))",4,3,0.9095303420662272,crossover,"rank(covariance[30](high,scale(volume)))|covariance[30](amount,close)",,1,2,0.6267328798745515,1.0,0.028743290080544187
ga_g002_0027,0.07785152441952929,0.08069482838748097,0.9647647312130254,0.08011062481964144,0.10221746336504509,0.7837273806487021,0.7477477477477478,"covariance[30](amount,close)","covariance[30](amount,close)",3,2,0.9095303420662272,random_init,,,0,2,0.6178919155918609,1.0,0.02876939423025801
ga_g002_0058,0.07265738844326973,0.08148511621875025,0.8916645372170531,0.07833666446133015,0.10260894008884254,0.7634487247748922,0.7252252252252253,"ts_min[3](covariance[30](amount,close))","ts_min[3](covariance[30](amount,close))",4,3,0.9034942728722632,crossover,"ts_min[3](vwap)|covariance[30](amount,close)",,1,2,0.6019807992897722,1.0,0.026422721184388098
ga_g002_0034,0.09047877588941962,0.07690352168386673,1.1765231800613467,0.07911757389783519,0.10426158664944905,0.758837232775349,0.6441441441441441,"max(ts_std[5](zscore_cs(amount)),mul(ts_min[60](-1),low))","max(ts_std[5](zscore_cs(amount)),mul(ts_min[60](-1),low))",8,4,0.8358372090429503,mutate,"max(ts_std[20](zscore_cs(amount)),mul(ts_min[60](-1),low))",max,2,2,0.579347643758948,1.0,0.0312711490496413
ga_g002_0048,0.09828102789964523,0.08606839289992446,1.1418945397751405,0.07437553523397757,0.11260427822510481,0.6605036363298294,0.7612612612612613,delta[30](low),delta[30](low),2,2,0.9140027436678154,crossover,delta[30](amount)|low,,2,2,0.5779842492070918,1.0,0.03279073860705925
ga_g002_0008,0.06830879607500807,0.06279258222268944,1.087848176600793,0.053942199378572316,0.08407967821071394,0.641560487938436,0.8063063063063063,ts_rank[10](high),ts_rank[10](high),2,2,0.9702033213994936,crossover+mutate,log_abs(delta[10](low))|ts_rank[10](zscore_cs(demean(open))),ts_rank,1,2,0.5623655017441398,1.0,0.02325148958678465
ga_g002_0026,0.06069601519455276,0.07691382656210874,0.7891430956895648,0.07172551468329867,0.10669377587360486,0.6722558471289698,0.6486486486486487,"ts_min[20](covariance[30](amount,close))","ts_min[20](covariance[30](amount,close))",4,3,0.8523683652870258,crossover,"ts_min[20](open)|covariance[30](amount,close)",,2,2,0.5484573917876913,1.0,0.023871482733085245
ga_g002_0021,0.08514588813060359,0.07856846463615165,1.0837158206528765,0.05962403579338585,0.10203839107055501,0.5843294388301211,0.6441441441441441,"ts_rank[60](mul(add(high,volume),close))","ts_rank[60](mul(add(high,volume),close))",6,4,0.8194778108653705,mutate,"ts_rank[60](mul(add(high,returns),close))",ts_rank,2,2,0.5027178918967847,1.0,0.029233095061749023
ga_g002_0043,0.04789935480121527,0.06111623546778592,0.7837419048243375,0.05450409077581746,0.07963740996390464,0.6844031065365038,0.6756756756756757,"rank(covariance[30](ts_min[3](vwap),close))","rank(covariance[30](ts_min[3](vwap),close))",5,4,0.9034942728722632,crossover,"rank(covariance[30](amount,close))|ts_min[3](vwap)",,2,2,0.48432566101845953,0.5,0.016902498721742126
ga_g002_0062,0.043035720956324415,0.051805570269420974,0.8307160935110274,0.03494610077600656,0.06838353072499045,0.5110309515392668,0.7387387387387387,"correlation[5](correlation[20](low,returns),high)","correlation[5](correlation[20](low,returns),high)",5,3,0.9246338987965784,random_inject,,,2,2,0.47385947473094325,1.0,0.014520479607884273
ga_g002_0060,0.0517783406338154,0.06282390812428967,0.8241821016829783,0.045349886342494525,0.0776786409245004,0.5838141064616753,0.7297297297297297,"covariance[20](ts_mean[3](log_abs(volume)),low)","covariance[20](ts_mean[3](log_abs(volume)),low)",5,4,0.9337103088299261,crossover,"covariance[20](zscore_cs(low),low)|ts_mean[3](log_abs(volume))",,2,2,0.4497271206682657,0.5,0.015541461173415247
ga_g002_0015,0.05861707043562003,0.07738793088613759,0.7574446010433398,0.06285250175524841,0.10392612373370841,0.6047805835258168,0.5765765765765766,"max(ts_std[20](zscore_cs(amount)),mul(ts_min[60](-1),low))","max(ts_std[20](zscore_cs(amount)),mul(ts_min[60](-1),low))",8,4,0.8358372090429503,crossover,"max(ts_std[20](open),mul(ts_min[60](-1),low))|zscore_cs(amount)",,1,2,0.43638207641167237,0.5,0.023599832255003617
ga_g002_0024,0.04557748135144743,0.062222240416697494,0.7324950218156496,0.04259314962908957,0.07768586816174816,0.5482741023168749,0.7612612612612613,log_abs(delta[10](low)),log_abs(delta[10](low)),3,3,0.9685102776011867,random_init,,,0,2,0.3946863224720561,0.0,0.016872305894704162
ga_g002_0017,0.058543351303034584,0.06486210378565195,0.902581752459051,0.037155765698881175,0.09227977638514025,0.4026425632395046,0.7927927927927928,ts_std[5](open),ts_std[5](open),2,2,0.9855277099296239,random_inject,,,1,2,0.3844942921403163,0.5,0.016871900702565584
ga_g002_0047,0.04146416776981038,0.06405781571609731,0.6472928760727429,0.041204542587055304,0.08392719335267662,0.49095580277427686,0.5495495495495496,"max(ts_std[20](open),mul(ts_min[60](-1),low))","max(ts_std[20](open),mul(ts_min[60](-1),low))",7,4,0.8358372090429503,random_init,,,0,2,0.36329587684717324,0.5,0.01375971546215396
ga_g002_0055,0.028554608379620032,0.05293042574720568,0.5394743755887415,0.02305352408448704,0.06353083901351403,0.36287139352249365,0.6441441441441441,"zscore_cs(correlation[5](volume,ts_std[5](open)))","zscore_cs(correlation[5](volume,ts_std[5](open)))",5,4,0.9732592766085589,crossover,"zscore_cs(correlation[5](volume,vwap))|ts_std[5](open)",,2,2,0.3345312816291106,0.5,0.008869887082164088
ga_g002_0042,0.03913775546426439,0.06799924423344995,0.5755616243306992,0.03290785172900191,0.08306552240456429,0.39616739624806946,0.5990990990990991,"covariance[30](min(vwap,amount),ts_rank[3](log_abs(low)))","covariance[30](min(vwap,amount),ts_rank[3](log_abs(low)))",7,4,0.9034942728722632,crossover,"covariance[30](amount,ts_rank[3](log_abs(low)))|min(vwap,amount)",,2,2,0.3329560384437493,0.5,0.01256138509995472
ga_g002_0016,0.0027208298027855135,0.03648552086633883,0.07457286447281403,-0.01971108530730041,0.042171196858169564,-0.46740635257739677,0.32432432432432434,"covariance[60](log_abs(scale(amount)),rank(ts_min[20](open)))","covariance[60](log_abs(scale(amount)),rank(ts_min[20](open)))",7,4,0.7629827907339871,crossover,"covariance[60](log_abs(scale(amount)),rank(low))|ts_min[20](open)",,1,2,0.30629881273159243,0.5,-0.0020762794961443065
ga_g002_0029,0.026128972180584385,0.03913829963322784,0.667606217578274,0.02090772778742588,0.04821273059180805,0.43365574881955277,0.5225225225225225,ts_min[60](log_abs(delta[10](low))),ts_min[60](log_abs(delta[10](low))),4,4,0.7688024893766522,crossover+mutate,"ts_min[3](covariance[30](amount,close))|log_abs(delta[10](low))",ts_min,2,2,0.2836319621133076,0.0,0.007095459602463133
ga_g002_0031,0.02933092945856667,0.07280075734634206,0.4028931913307964,0.020491798197250794,0.09347914501785923,0.21921251198153158,0.6531531531531531,ts_rank[3](low),ts_rank[3](low),2,2,0.9916998472022396,mutate,"min(vwap,amount)",ts_rank,1,2,0.280779395271385,0.5,0.014456289390180663
ga_g002_0059,0.02933092945856667,0.07280075734634206,0.4028931913307964,0.020491798197250794,0.09347914501785923,0.21921251198153158,0.6531531531531531,ts_rank[3](log_abs(low)),ts_rank[3](log_abs(low)),3,3,0.9916998472022396,random_init,,,0,2,0.278779395271385,0.5,0.014456289390180663
ga_g002_0020,0.029148138002059544,0.07245285888959527,0.40230487034991824,0.020491798197250794,0.09347914501785923,0.21921251198153158,0.6666666666666666,rank(ts_rank[3](log_abs(low))),rank(ts_rank[3](log_abs(low))),4,4,0.9916998472022396,crossover,rank(returns)|ts_rank[3](log_abs(low)),,1,2,0.2786596301269414,0.5,0.014456289390180663
ga_g002_0054,-0.0011369256999084684,0.0224333485286158,-0.0506801603183856,-0.016784246007929566,0.031549161681022786,-0.5320029158817713,0.2882882882882883,"covariance[60](log_abs(zscore_cs(open)),rank(ts_min[20](open)))","covariance[60](log_abs(zscore_cs(open)),rank(ts_min[20](open)))",7,4,0.7629827907339871,crossover,"covariance[60](log_abs(scale(amount)),rank(ts_min[20](open)))|zscore_cs(open)",,2,2,0.2677427679204319,0.0,-0.0029107508650335484
ga_g002_0065,0.06537193320564724,0.09543971753341189,0.6849552250902419,0.0244814264444767,0.1366410274842406,0.17916600083602452,0.8063063063063063,returns,returns,1,1,0.9947937230233881,random_init,,,0,2,0.2519455968771029,0.0,0.013106082271903102
ga_g002_0049,0.02882787814877981,0.0636840246350942,0.4526704823377902,0.02557064958751716,0.07878425981707939,0.32456546075176534,0.527027027027027,"ts_min[3](covariance[30](ts_rank[3](low),close))","ts_min[3](covariance[30](ts_rank[3](low),close))",5,4,0.89746712617526,crossover,"ts_min[3](covariance[30](amount,close))|ts_rank[3](low)",,2,2,0.23786528373008003,0.0,0.01013105440305953
ga_g002_0010,0.02708089375401464,0.07198854138147727,0.37618339300013354,0.0182194938164365,0.09645150797389329,0.1888979674777921,0.6396396396396397,ts_rank[3](log_abs(open)),ts_rank[3](log_abs(open)),3,3,0.9916998472022396,crossover,ts_rank[3](log_abs(low))|open,,2,2,0.21189146612074622,0.0,0.012247274247908793
ga_g002_0032,0.011283279268386395,0.0588003471784762,0.19189137156177585,0.00027282634985667043,0.0683896375252756,0.003989293696078425,0.5855855855855856,ts_rank[3](amount),ts_rank[3](amount),2,2,0.9916998472022396,mutate,ts_rank[3](low),ts_rank,2,2,0.1616923738821265,0.5,-0.0019060006568825116
ga_g002_0018,0.025310983925704585,0.047711844600941085,0.5304968637746892,0.009964430767435025,0.06235100903219936,0.15981186065953135,0.4954954954954955,"covariance[30](ts_min[3](covariance[30](amount,close)),close)","covariance[30](ts_min[3](covariance[30](amount,close)),close)",6,4,0.8164910050077513,crossover,"covariance[30](amount,close)|ts_min[3](covariance[30](amount,close))",,2,2,0.15429595638464488,0.0,0.006877592987824671
ga_g002_0070,0.010096532075901764,0.07892631554983794,0.12792351962161871,0.0028144151366012444,0.10600457800821982,0.026549939535469958,0.5765765765765766,ts_rank[3](returns),ts_rank[3](returns),2,2,0.9886104326295715,random_inject,,,2,2,0.12319257372926568,0.0,0.0032637888890967165
ga_g003_0064,0.08119638900423477,0.033336608617699666,2.4356523465054734,0.1232078528125704,0.056372838551258526,2.1855889463600513,0.9414414414414415,"safe_div(zscore_cs(log_abs(close)),log_abs(delta[10](low)))","safe_div(zscore_cs(log_abs(close)),log_abs(delta[10](low)))",7,4,0.9685102776011867,crossover,"safe_div(zscore_cs(log_abs(close)),zscore_cs(low))|log_abs(delta[10](low))",,3,3,1.2055316542119672,0.5,0.035735621625443
ga_g003_0057,-0.11643252531870704,0.0460135627168453,-2.5303957886330277,-0.13040510145368892,0.05718894180638009,-2.280250295506267,0.018018018018018018,delay[20](rank(zscore_cs(open))),delay[20](rank(zscore_cs(open))),4,4,0.942913864444965,crossover,delay[20](volume)|rank(zscore_cs(open)),,3,3,1.116277921176142,1.0,-0.04094813007339658
ga_g003_0046,-0.10654573075202863,0.042283062536348004,-2.519820570244603,-0.13326312568999382,0.05857738264006903,-2.274992833135516,0.018018018018018018,delay[20](ts_mean[3](ts_min[3](vwap))),delay[20](ts_mean[3](ts_min[3](vwap))),4,4,0.9306632761178216,crossover,delay[20](ts_mean[3](log_abs(volume)))|ts_min[3](vwap),,3,3,1.1157060347252943,1.0,-0.04240697220668549
ga_g003_0000,-0.1284650861222206,0.04603037340637561,-2.7908764716739634,-0.14603321678196077,0.0638550665503711,-2.286948000700378,0.0045045045045045045,rank(ts_min[10](ts_min[20](open))),rank(ts_min[10](ts_min[20](open))),4,4,0.912548376663209,crossover,rank(amount)|ts_min[10](ts_min[20](open)),,2,3,1.0819602026706727,0.5,-0.04515542181825037
ga_g003_0001,-0.11608873050068719,0.042161885760469815,-2.7534046071897897,-0.14600277293575734,0.0638871941250683,-2.285321415899657,0.0,ts_min[10](ts_min[20](open)),ts_min[10](ts_min[20](open)),3,3,0.912548376663209,crossover,ts_min[10](open)|ts_min[20](open),,1,3,1.0810884609723923,0.5,-0.04515542181825037
ga_g003_0032,-0.11584613082208584,0.04244042112231829,-2.729617844464918,-0.1460342724870397,0.06412921255242734,-2.2771879877310637,0.0,ts_min[30](vwap),ts_min[30](vwap),2,2,0.9095303420662272,crossover+mutate,"close|covariance[30](amount,ts_rank[3](log_abs(low)))",ts_min,3,3,1.0798623543299826,0.5,-0.04537726097213436
ga_g003_0002,-0.10914813734825048,0.041122117558104535,-2.6542440863855528,-0.13916267742658353,0.062360614761976345,-2.2315796269448636,0.0,ts_min[20](open),ts_min[20](open),2,2,0.9397753761390123,random_init,,,0,3,1.0547057908492314,0.5,-0.04179265955073401
ga_g003_0003,-0.10143441822152544,0.04165610959496861,-2.435043003482425,-0.13256457999934135,0.06253410142110868,-2.1198766271005143,0.0,ts_min[10](open),ts_min[10](open),2,2,0.9702033213994936,random_init,,,0,3,1.0532930305506145,1.0,-0.03891322115334282
ga_g003_0004,-0.10016506776377891,0.04169956576731853,-2.4020650076476797,-0.1267815584690316,0.05687509205770076,-2.229122694701039,0.02702702702702703,delay[20](high),delay[20](high),2,2,0.942913864444965,mutate,delay[20](volume),delay,2,3,1.046703325998826,0.5,-0.03999298203793654
ga_g003_0005,0.14805559767205762,0.07316174506995408,2.023675043979518,0.15111908586663125,0.09980707994317685,1.5141118841736263,0.990990990990991,volume,volume,1,1,0.9979032132142179,random_init,,,0,3,1.0380237832168722,1.0,0.05272341290185362
ga_g003_0006,0.1480555976720576,0.07316174506995408,2.0236750439795177,0.15111908586663125,0.09980707994317685,1.5141118841736263,0.990990990990991,demean(volume),demean(volume),2,2,0.9979032132142179,mutate,demean(high),demean,2,3,1.0360237832168722,1.0,0.05272341290185362
ga_g003_0007,0.15243622104299717,0.07872329069116181,1.9363547903633433,0.15301256519616907,0.1027992397959074,1.4884600849184562,0.9819819819819819,ts_mean[3](log_abs(volume)),ts_mean[3](log_abs(volume)),3,3,0.9916998472022396,random_init,,,0,3,1.0224841747205182,1.0,0.05279408318051962
ga_g003_0060,0.15243622104299717,0.07872329069116181,1.9363547903633433,0.15301256519616907,0.1027992397959074,1.4884600849184562,0.9819819819819819,"max(ts_std[5](zscore_cs(amount)),ts_mean[3](log_abs(volume)))","max(ts_std[5](zscore_cs(amount)),ts_mean[3](log_abs(volume)))",7,4,0.9916998472022396,crossover,"max(ts_std[5](zscore_cs(amount)),mul(ts_min[60](-1),low))|ts_mean[3](log_abs(volume))",,3,3,1.0144841747205182,1.0,0.05279408318051962
ga_g003_0026,0.14112444008394068,0.07948210592170009,1.775549835367549,0.15008169947183064,0.10526753844974529,1.4257168133885796,0.9684684684684685,ts_min[3](demean(volume)),ts_min[3](demean(volume)),3,3,0.9916998472022396,crossover,"ts_min[3](min(vwap,vwap))|demean(volume)",,3,3,0.992567513350221,1.0,0.04991631688110841
ga_g003_0008,0.10311151482685094,0.052667424000298425,1.9577854201919327,0.08023105337640536,0.05336470085452417,1.5034480113571838,0.9414414414414415,ts_std[10](rank(demean(high))),ts_std[10](rank(demean(high))),4,4,0.9702033213994936,crossover,ts_std[10](rank(returns))|demean(high),,2,3,0.9484843272879917,1.0,0.02993347825845269
ga_g003_0045,0.09810513947831095,0.05217175233485153,1.88042638185981,0.07793907034126486,0.05202217018458283,1.498189523134556,0.9414414414414415,ts_std[10](rank(zscore_cs(open))),ts_std[10](rank(zscore_cs(open))),4,4,0.9702033213994936,crossover,ts_std[10](rank(returns))|zscore_cs(open),,3,3,0.9443234794270182,1.0,0.02884153873566607
ga_g003_0063,-0.09179566544431692,0.04286999368549929,-2.141256798816993,-0.12381983073270059,0.06411398414454177,-1.9312453029522385,0.0045045045045045045,ts_mean[3](ts_min[3](vwap)),ts_mean[3](ts_min[3](vwap)),3,3,0.9855277099296239,crossover,ts_mean[3](log_abs(volume))|ts_min[3](vwap),,2,3,0.9179687669829323,0.5,-0.035604301403500724
ga_g003_0040,-0.09179566544431692,0.04286999368549929,-2.141256798816993,-0.12381983073270059,0.06411398414454177,-1.9312453029522385,0.0045045045045045045,zscore_cs(ts_mean[3](ts_min[3](vwap))),zscore_cs(ts_mean[3](ts_min[3](vwap))),4,4,0.9855277099296239,crossover,zscore_cs(open)|ts_mean[3](ts_min[3](vwap)),,3,3,0.9159687669829324,0.5,-0.035604301403500724
ga_g003_0016,-0.09064448065231119,0.04310696505974409,-2.1027803865728543,-0.12305313049882356,0.06466333543941745,-1.9029814911745626,0.0045045045045045045,"ts_min[3](min(vwap,vwap))","ts_min[3](min(vwap,vwap))",4,3,0.9916998472022396,mutate,"ts_min[3](min(vwap,amount))",ts_min,2,3,0.9039190504459454,0.5,-0.035411421573072185
ga_g003_0038,-0.08879432278607886,0.043136789714139256,-2.0584360443719834,-0.1216946911884688,0.06479582589477255,-1.8781254734849613,0.0045045045045045045,low,low,1,1,0.9979032132142179,random_init,,,0,3,0.898640151383239,0.5,-0.03484343667061848
ga_g003_0071,-0.08675599444631588,0.043055959494635324,-2.0149590315627615,-0.11944953630409957,0.0644399034747746,-1.8536579023719182,0.013513513513513514,open,open,1,1,0.9979032132142179,random_init,,,0,3,0.8889054023558671,0.5,-0.03412999309410818
ga_g003_0053,-0.09598782177800988,0.0445005468230354,-2.1570031972803188,-0.1194947887780222,0.06443343585282929,-1.8545462801480446,0.018018018018018018,rank(zscore_cs(open)),rank(zscore_cs(open)),3,3,0.9979032132142179,crossover,rank(amount)|zscore_cs(open),,2,3,0.8870466945937973,0.5,-0.03412999309410818
ga_g003_0075,-0.09941286173519481,0.04509816341303247,-2.204366080825067,-0.1194947887780222,0.06443343585282929,-1.8545462801480446,0.0045045045045045045,log_abs(open),log_abs(open),2,2,0.9979032132142179,random_inject,,,3,3,0.8854971198394547,0.5,-0.03412999309410818
ga_g003_0011,-0.08675599444631589,0.043055959494635324,-2.014959031562762,-0.11944953630409957,0.0644399034747746,-1.8536579023719182,0.013513513513513514,demean(zscore_cs(open)),demean(zscore_cs(open)),3,3,0.9979032132142179,crossover,demean(high)|zscore_cs(open),,3,3,0.8849054023558671,0.5,-0.03412999309410818
ga_g003_0066,-0.08480327191759525,0.04327340854874769,-1.9597086238784258,-0.11784377028777354,0.06500491460686904,-1.8128440134174262,0.013513513513513514,vwap,vwap,1,1,0.9979032132142179,random_init,,,0,3,0.8710057568894065,0.5,-0.03344351589410963
ga_g003_0074,-0.08480327191759525,0.04327340854874769,-1.9597086238784258,-0.11784377028777354,0.06500491460686904,-1.8128440134174262,0.013513513513513514,scale(vwap),scale(vwap),2,2,0.9979032132142179,random_inject,,,3,3,0.8690057568894065,0.5,-0.03344351589410963
ga_g003_0062,-0.0844521279470593,0.04337277110623364,-1.947123178738322,-0.1176817686714828,0.0651779226646217,-1.805546477401925,0.018018018018018018,close,close,1,1,0.9979032132142179,random_init,,,0,3,0.8683381213161723,0.5,-0.03333910643683144
ga_g003_0034,0.10622157155879695,0.08153633926088871,1.302751294964615,0.1316674076557013,0.10911739555602201,1.2066582691492291,0.8108108108108109,delay[20](volume),delay[20](volume),2,2,0.942913864444965,random_inject,,,1,3,0.8603692153652286,1.0,0.03983618011380072
ga_g003_0048,0.10483396303696743,0.06878660035871349,1.5240462893975202,0.11874396899153782,0.09655531822038668,1.2298024715790976,0.8198198198198198,delay[20](ts_mean[3](log_abs(returns))),delay[20](ts_mean[3](log_abs(returns))),4,4,0.8683931698285765,crossover+mutate,open|delay[20](ts_mean[3](log_abs(volume))),delay,3,3,0.8596578766737044,1.0,0.0361237947401898
ga_g003_0022,-0.08158328803054314,0.04341945849066348,-1.878956828724293,-0.11477891947661212,0.06511225908100818,-1.7627850898831834,0.02702702702702703,demean(high),demean(high),2,2,0.9979032132142179,random_inject,,,1,3,0.8481701922111682,0.5,-0.032277947602253984
ga_g003_0036,0.02198082444942243,0.024218526587753957,0.9076037045348986,0.04365997859029267,0.027315514783435673,1.5983582567064927,0.8018018018018018,"safe_div(zscore_cs(log_abs(close)),zscore_cs(low))","safe_div(zscore_cs(log_abs(close)),zscore_cs(low))",6,4,0.9979032132142179,random_inject,,,2,3,0.8305746055791721,0.0,0.009283049743593869
ga_g003_0039,0.10477551945591071,0.07773056867160347,1.3479319815421253,0.108936689532828,0.09354037171499834,1.1645954312084585,0.8018018018018018,"covariance[30](volume,ts_rank[3](log_abs(low)))","covariance[30](volume,ts_rank[3](log_abs(low)))",5,4,0.9034942728722632,crossover,"covariance[30](amount,ts_rank[3](log_abs(low)))|volume",,3,3,0.7630318607326515,0.5,0.03574554102845166
ga_g003_0078,0.08703716751010845,0.06176260527377564,1.4092211156621073,0.07449841805319608,0.06901411277022557,1.0794664317605571,0.7072072072072072,sign(delta[60](low)),sign(delta[60](low)),3,3,0.831534334883617,random_inject,,,3,3,0.7353219351683598,1.0,0.05313521209610651
ga_g003_0056,0.09514651031214444,0.06998287786639398,1.3595684146312326,0.09043892063443353,0.09177586355130897,0.9854325215242676,0.7837837837837838,"rank(covariance[30](high,scale(volume)))","rank(covariance[30](high,scale(volume)))",5,4,0.9095303420662272,random_init,,,0,3,0.6638966447799614,0.5,0.030829201377810034
ga_g003_0024,0.07952283431652725,0.06466285530638648,1.2298070343434573,0.07523915838025541,0.08830606615422394,0.85202706514921,0.7882882882882883,"covariance[20](log_abs(amount),rank(low))","covariance[20](log_abs(amount),rank(low))",5,3,0.9397753761390123,crossover+mutate,"covariance[60](log_abs(amount),rank(low))|covariance[60](log_abs(amount),rank(low))",covariance,2,3,0.6499902470447398,1.0,0.02761888274256584
ga_g003_0061,0.07376509868476018,0.061595355988098524,1.1975756532523831,0.06845551472724093,0.0786247826534189,0.8706607817155501,0.7522522522522522,"covariance[30](amount,rank(amount))","covariance[30](amount,rank(amount))",4,3,0.9095303420662272,crossover,"covariance[30](amount,close)|rank(amount)",,2,3,0.6439956969898036,1.0,0.025221081034267998
ga_g003_0044,0.0755948862850964,0.06790570880670327,1.113233152462641,0.09173284114377442,0.10378196244504599,0.8838996583086223,0.8108108108108109,"covariance[20](zscore_cs(low),low)","covariance[20](zscore_cs(low),low)",4,3,0.9397753761390123,random_inject,,,1,3,0.6290482782600452,0.5,0.030633401282502054
ga_g003_0037,0.08275177619187463,0.0782559472444392,1.05745031663079,0.08186559235900714,0.10269614166253142,0.7971632724822778,0.7657657657657657,"rank(covariance[30](amount,close))","rank(covariance[30](amount,close))",4,3,0.9095303420662272,crossover,"rank(covariance[30](high,scale(volume)))|covariance[30](amount,close)",,1,3,0.6243559755243812,1.0,0.028743290080544187
ga_g003_0050,0.07785152441952929,0.08069482838748097,0.9647647312130254,0.08011062481964144,0.10221746336504509,0.7837273806487021,0.7477477477477478,"zscore_cs(covariance[30](amount,close))","zscore_cs(covariance[30](amount,close))",4,3,0.9095303420662272,crossover,"zscore_cs(open)|covariance[30](amount,close)",,3,3,0.6137464979678611,1.0,0.02876939423025801
ga_g003_0033,0.07265738844326973,0.08148511621875025,0.8916645372170531,0.07833666446133015,0.10260894008884254,0.7634487247748922,0.7252252252252253,"ts_min[3](covariance[30](amount,close))","ts_min[3](covariance[30](amount,close))",4,3,0.9034942728722632,crossover,"ts_min[3](vwap)|covariance[30](amount,close)",,1,3,0.5999360820041655,1.0,0.026422721184388098
ga_g003_0010,0.09828102789964523,0.08606839289992446,1.1418945397751405,0.07437553523397757,0.11260427822510481,0.6605036363298294,0.7612612612612613,delta[30](low),delta[30](low),2,2,0.9140027436678154,crossover,delta[30](amount)|low,,2,3,0.5779057512079753,1.0,0.03279073860705925
ga_g003_0029,0.07916546965878152,0.08136747756966546,0.9729374932509292,0.0760689500527395,0.11189508015396038,0.679823902427824,0.7522522522522522,"rank(covariance[30](amount,zscore_cs(open)))","rank(covariance[30](amount,zscore_cs(open)))",5,4,0.9095303420662272,crossover,"rank(covariance[30](amount,close))|zscore_cs(open)",,3,3,0.5695825200164064,1.0,0.028971108926033856
ga_g003_0035,0.061356797224980636,0.0626743506506516,0.9789777889680095,0.06202700066177852,0.068715070454088,0.9026695345269548,0.7432432432432432,"covariance[20](log_abs(demean(volume)),rank(low))","covariance[20](log_abs(demean(volume)),rank(low))",6,4,0.9397753761390123,crossover,"covariance[20](log_abs(amount),rank(low))|demean(volume)",,3,3,0.5500334186463041,0.0,0.01936348042501186
ga_g003_0021,0.06686539371368266,0.0743719563506108,0.8990672962596273,0.07174099605382647,0.10788852114674505,0.6649548560986172,0.6756756756756757,"rank(ts_min[20](covariance[30](amount,close)))","rank(ts_min[20](covariance[30](amount,close)))",5,4,0.8523683652870258,crossover,"rank(covariance[30](high,scale(volume)))|ts_min[20](covariance[30](amount,close))",,3,3,0.5470674055732884,1.0,0.023829742482034802
ga_g003_0031,0.06069601519455276,0.07691382656210874,0.7891430956895648,0.07172551468329867,0.10669377587360486,0.6722558471289698,0.6486486486486487,"ts_min[20](covariance[30](amount,close))","ts_min[20](covariance[30](amount,close))",4,3,0.8523683652870258,crossover,"ts_min[20](open)|covariance[30](amount,close)",,2,3,0.5464520270257354,1.0,0.023871482733085245
ga_g003_0073,0.08749554368576612,0.0770707904334119,1.1352620518581686,0.07291375041166982,0.1045458641102336,0.69743314125549,0.8243243243243243,ts_std[10](amount),ts_std[10](amount),2,2,0.9702033213994936,random_inject,,,3,3,0.544285872044663,0.5,0.027483187128904726
ga_g003_0068,0.07674019186469959,0.08510675646921745,0.9016932973171878,0.07860394532944376,0.1211955066689275,0.6485714486442796,0.8243243243243243,"safe_div(open,low)","safe_div(open,low)",3,2,0.9979032132142179,random_inject,,,3,3,0.5405662608510337,0.5,0.021355992287469525
ga_g003_0023,0.04789935480121527,0.06111623546778592,0.7837419048243375,0.05450409077581746,0.07963740996390464,0.6844031065365038,0.6756756756756757,"rank(covariance[30](ts_min[3](vwap),close))","rank(covariance[30](ts_min[3](vwap),close))",5,4,0.9034942728722632,crossover,"rank(covariance[30](amount,close))|ts_min[3](vwap)",,2,3,0.4821359247383624,0.5,0.016902498721742126
ga_g003_0015,0.0517783406338154,0.06282390812428967,0.8241821016829783,0.045349886342494525,0.0776786409245004,0.5838141064616753,0.7297297297297297,"covariance[20](ts_mean[3](log_abs(volume)),low)","covariance[20](ts_mean[3](log_abs(volume)),low)",5,4,0.9337103088299261,crossover,"covariance[20](zscore_cs(low),low)|ts_mean[3](log_abs(volume))",,2,3,0.4480012362274088,0.5,0.015541461173415247
ga_g003_0055,0.04557748135144743,0.062222240416697494,0.7324950218156496,0.04259314962908957,0.07768586816174816,0.5482741023168749,0.7612612612612613,log_abs(delta[10](low)),log_abs(delta[10](low)),3,3,0.9685102776011867,random_init,,,0,3,0.39340219808901145,0.0,0.016872305894704162
ga_g003_0058,0.05743343710796288,0.07637436268601117,0.7519989049739392,0.046756356361354764,0.10174511064117991,0.4595440121564994,0.6306306306306306,ts_min[20](delta[30](low)),ts_min[20](delta[30](low)),3,3,0.8510812951004336,crossover,"ts_min[20](covariance[30](amount,close))|delta[30](low)",,3,3,0.39169777419063023,0.5,0.02140116582881639
ga_g003_0028,0.04232490329443896,0.06271821376058269,0.6748422947121532,0.03254262825268349,0.07266365684343051,0.44785288363347286,0.6666666666666666,"covariance[20](ts_mean[3](log_abs(volume)),ts_min[3](min(vwap,amount)))","covariance[20](ts_mean[3](log_abs(volume)),ts_min[3](min(vwap,amount)))",8,4,0.9337103088299261,crossover,"covariance[20](ts_mean[3](log_abs(volume)),low)|ts_min[3](min(vwap,amount))",,3,3,0.36276789642910706,0.5,0.0123895815318536
ga_g003_0018,0.03611254939928558,0.06665955591889058,0.5417460242793438,0.02748563061367567,0.07737685564325386,0.35521772479872044,0.6036036036036037,"covariance[30](open,ts_rank[3](log_abs(low)))","covariance[30](open,ts_rank[3](log_abs(low)))",5,4,0.9034942728722632,crossover,"covariance[30](amount,ts_rank[3](log_abs(low)))|open",,3,3,0.320119175814484,0.5,0.012873649792011402
ga_g003_0079,0.06537193320564724,0.09543971753341189,0.6849552250902419,0.0244814264444767,0.1366410274842406,0.17916600083602452,0.8063063063063063,returns,returns,1,1,0.9947937230233881,random_init,,,0,3,0.253872189354426,0.0,0.013106082271903102
ga_g003_0065,0.022598705949234237,0.050942761861898195,0.4436097518720627,0.010537216563690348,0.0664297978189567,0.15862183703174543,0.5405405405405406,"covariance[20](ts_mean[3](log_abs(volume)),correlation[5](correlation[20](low,returns),high))","covariance[20](ts_mean[3](log_abs(volume)),correlation[5](correlation[20](low,returns),high))",9,4,0.8673492376841658,crossover,"covariance[20](ts_mean[3](log_abs(volume)),low)|correlation[5](correlation[20](low,returns),high)",,3,3,0.20897902619737324,0.5,0.007621502141821793
ga_g003_0013,0.007535436606711933,0.04787865617635509,0.15738613420886516,0.013238655967366352,0.05730570662129765,0.23101810880465104,0.49099099099099097,"rank(covariance[30](ts_min[3](vwap),delay[20](volume)))","rank(covariance[30](ts_min[3](vwap),delay[20](volume)))",6,4,0.8493704063082052,crossover,"rank(covariance[30](ts_min[3](vwap),close))|delay[20](volume)",,3,3,0.1892871180757376,0.0,0.005146357155513273
ga_g003_0042,0.012250112918598458,0.03635389634747969,0.3369683623870409,0.0028982769827120484,0.04283753287243856,0.06765742068625956,0.4594594594594595,"covariance[20](zscore_cs(low),ts_min[20](covariance[30](amount,close)))","covariance[20](zscore_cs(low),ts_min[20](covariance[30](amount,close)))",7,4,0.7956123621195392,crossover,"covariance[20](zscore_cs(low),low)|ts_min[20](covariance[30](amount,close))",,3,3,0.15546053741380345,0.5,0.003586211707114789
ga_g004_0000,0.08119638900423477,0.033336608617699666,2.4356523465054734,0.1232078528125704,0.056372838551258526,2.1855889463600513,0.9414414414414415,"safe_div(zscore_cs(log_abs(close)),log_abs(delta[10](low)))","safe_div(zscore_cs(log_abs(close)),log_abs(delta[10](low)))",7,4,0.9685102776011867,crossover,"safe_div(zscore_cs(log_abs(close)),zscore_cs(low))|log_abs(delta[10](low))",,3,4,1.2023921032407832,0.5,0.035735621625443
ga_g004_0001,-0.11643252531870704,0.0460135627168453,-2.5303957886330277,-0.13040510145368892,0.05718894180638009,-2.280250295506267,0.018018018018018018,delay[20](rank(zscore_cs(open))),delay[20](rank(zscore_cs(open))),4,4,0.942913864444965,crossover,delay[20](volume)|rank(zscore_cs(open)),,3,4,1.112727751795359,1.0,-0.04094813007339658
ga_g004_0002,-0.10654573075202863,0.042283062536348004,-2.519820570244603,-0.13326312568999382,0.05857738264006903,-2.274992833135516,0.018018018018018018,delay[20](ts_mean[3](ts_min[3](vwap))),delay[20](ts_mean[3](ts_min[3](vwap))),4,4,0.9306632761178216,crossover,delay[20](ts_mean[3](log_abs(volume)))|ts_min[3](vwap),,3,4,1.11221475110717,1.0,-0.04240697220668549
ga_g004_0003,-0.1284650861222206,0.04603037340637561,-2.7908764716739634,-0.14603321678196077,0.0638550665503711,-2.286948000700378,0.0045045045045045045,rank(ts_min[10](ts_min[20](open))),rank(ts_min[10](ts_min[20](open))),4,4,0.912548376663209,crossover,rank(amount)|ts_min[10](ts_min[20](open)),,2,4,1.0784433793364092,0.5,-0.04515542181825037
ga_g004_0004,-0.11608873050068719,0.042161885760469815,-2.7534046071897897,-0.14600277293575734,0.0638871941250683,-2.285321415899657,0.0,ts_min[10](ts_min[20](open)),ts_min[10](ts_min[20](open)),3,3,0.912548376663209,crossover,ts_min[10](open)|ts_min[20](open),,1,4,1.0775342966684194,0.5,-0.04515542181825037
ga_g004_0005,-0.11584613082208584,0.04244042112231829,-2.729617844464918,-0.1460342724870397,0.06412921255242734,-2.2771879877310637,0.0,ts_min[30](vwap),ts_min[30](vwap),2,2,0.9095303420662272,crossover+mutate,"close|covariance[30](amount,ts_rank[3](log_abs(low)))",ts_min,3,4,1.07630929166204,0.5,-0.04537726097213436
ga_g004_0006,-0.10914813734825048,0.041122117558104535,-2.6542440863855528,-0.13916267742658353,0.062360614761976345,-2.2315796269448636,0.0,ts_min[20](open),ts_min[20](open),2,2,0.9397753761390123,random_init,,,0,4,1.0511052026258791,0.5,-0.04179265955073401
ga_g004_0007,-0.10143441822152544,0.04165610959496861,-2.435043003482425,-0.13256457999934135,0.06253410142110868,-2.1198766271005143,0.0,ts_min[10](open),ts_min[10](open),2,2,0.9702033213994936,random_init,,,0,4,1.049683858392941,1.0,-0.03891322115334282
ga_g004_0028,-0.10016506776377891,0.04169956576731853,-2.4020650076476797,-0.1267815584690316,0.05687509205770076,-2.229122694701039,0.02702702702702703,delay[20](high),delay[20](high),2,2,0.942913864444965,mutate,delay[20](volume),delay,2,4,1.0431938259058524,0.5,-0.03999298203793654
ga_g004_0040,-0.11311037934953813,0.045841237648525025,-2.4674372933990263,-0.1268364830623376,0.05685727673883309,-2.2307871628278186,0.02702702702702703,rank(delay[20](high)),rank(delay[20](high)),3,3,0.942913864444965,crossover,rank(zscore_cs(open))|delay[20](high),,4,4,1.0431285663326084,0.5,-0.03999298203793654
ga_g004_0027,0.14805559767205762,0.07316174506995408,2.023675043979518,0.15111908586663125,0.09980707994317685,1.5141118841736263,0.990990990990991,volume,volume,1,1,0.9979032132142179,random_init,,,0,4,1.0378737375636153,1.0,0.05272341290185362
ga_g004_0012,0.15243622104299717,0.07872329069116181,1.9363547903633433,0.15301256519616907,0.1027992397959074,1.4884600849184562,0.9819819819819819,"max(ts_std[5](zscore_cs(amount)),ts_mean[3](log_abs(volume)))","max(ts_std[5](zscore_cs(amount)),ts_mean[3](log_abs(volume)))",7,4,0.9916998472022396,crossover,"max(ts_std[5](zscore_cs(amount)),mul(ts_min[60](-1),low))|ts_mean[3](log_abs(volume))",,3,4,1.013759374432123,1.0,0.05279408318051962
ga_g004_0019,-0.10452538476507592,0.04397826170428135,-2.3767511655627853,-0.12490426453045773,0.06159130228137979,-2.027952972317954,0.013513513513513514,delay[5](rank(zscore_cs(open))),delay[5](rank(zscore_cs(open))),4,4,0.9841536453976647,crossover+mutate,delay[20](ts_mean[3](ts_min[3](vwap)))|delay[20](rank(zscore_cs(open))),delay,4,4,1.005091688281552,1.0,-0.03629305479899937
ga_g004_0033,0.14112444008394068,0.07948210592170009,1.775549835367549,0.15008169947183064,0.10526753844974529,1.4257168133885796,0.9684684684684685,ts_min[3](demean(volume)),ts_min[3](demean(volume)),3,3,0.9916998472022396,crossover,"ts_min[3](min(vwap,vwap))|demean(volume)",,3,4,0.9936250546841929,1.0,0.04991631688110841
ga_g004_0054,0.14112444008394065,0.07948210592170009,1.7755498353675485,0.15008169947183064,0.10526753844974529,1.4257168133885796,0.9684684684684685,demean(ts_min[3](demean(volume))),demean(ts_min[3](demean(volume))),4,4,0.9916998472022396,crossover,demean(high)|ts_min[3](demean(volume)),,4,4,0.9916250546841929,1.0,0.04991631688110841
ga_g004_0036,0.09810513947831095,0.05217175233485153,1.88042638185981,0.07793907034126486,0.05202217018458283,1.498189523134556,0.9414414414414415,ts_std[10](rank(zscore_cs(open))),ts_std[10](rank(zscore_cs(open))),4,4,0.9702033213994936,crossover,ts_std[10](rank(returns))|zscore_cs(open),,3,4,0.9448435275058603,1.0,0.02884153873566607
ga_g004_0041,-0.09179566544431692,0.04286999368549929,-2.141256798816993,-0.12381983073270059,0.06411398414454177,-1.9312453029522385,0.0045045045045045045,ts_mean[3](ts_min[3](vwap)),ts_mean[3](ts_min[3](vwap)),3,3,0.9855277099296239,crossover,ts_mean[3](log_abs(volume))|ts_min[3](vwap),,2,4,0.9143334378823175,0.5,-0.035604301403500724
ga_g004_0039,-0.09179566544431692,0.04286999368549929,-2.141256798816993,-0.12381983073270059,0.06411398414454177,-1.9312453029522385,0.0045045045045045045,zscore_cs(ts_mean[3](ts_min[3](vwap))),zscore_cs(ts_mean[3](ts_min[3](vwap))),4,4,0.9855277099296239,crossover,zscore_cs(open)|ts_mean[3](ts_min[3](vwap)),,3,4,0.9123334378823175,0.5,-0.035604301403500724
ga_g004_0042,-0.09064448065231119,0.04310696505974409,-2.1027803865728543,-0.12305313049882356,0.06466333543941745,-1.9029814911745626,0.0045045045045045045,"ts_min[3](min(vwap,vwap))","ts_min[3](min(vwap,vwap))",4,3,0.9916998472022396,mutate,"ts_min[3](min(vwap,amount))",ts_min,2,4,0.9002785666586941,0.5,-0.035411421573072185
ga_g004_0074,-0.08879432278607886,0.043136789714139256,-2.0584360443719834,-0.1216946911884688,0.06479582589477255,-1.8781254734849613,0.0045045045045045045,low,low,1,1,0.9979032132142179,random_init,,,0,4,0.8949754700355923,0.5,-0.03484343667061848
ga_g004_0068,-0.08675599444631588,0.043055959494635324,-2.0149590315627615,-0.11944953630409957,0.0644399034747746,-1.8536579023719182,0.013513513513513514,open,open,1,1,0.9979032132142179,random_init,,,0,4,0.8852573112079521,0.5,-0.03412999309410818
ga_g004_0037,-0.09598782177800988,0.0445005468230354,-2.1570031972803188,-0.1194947887780222,0.06443343585282929,-1.8545462801480446,0.018018018018018018,rank(zscore_cs(open)),rank(zscore_cs(open)),3,3,0.9979032132142179,crossover,rank(amount)|zscore_cs(open),,2,4,0.8831810607024478,0.5,-0.03412999309410818
ga_g004_0043,-0.08675599444631589,0.043055959494635324,-2.014959031562762,-0.11944953630409957,0.0644399034747746,-1.8536579023719182,0.013513513513513514,demean(zscore_cs(open)),demean(zscore_cs(open)),3,3,0.9979032132142179,crossover,demean(high)|zscore_cs(open),,3,4,0.8812573112079521,0.5,-0.03412999309410818
ga_g004_0073,-0.08480327191759525,0.04327340854874769,-1.9597086238784258,-0.11784377028777354,0.06500491460686904,-1.8128440134174262,0.013513513513513514,vwap,vwap,1,1,0.9979032132142179,random_init,,,0,4,0.8668146301233234,0.5,-0.03344351589410963
ga_g004_0045,-0.0844521279470593,0.04337277110623364,-1.947123178738322,-0.1176817686714828,0.0651779226646217,-1.805546477401925,0.018018018018018018,close,close,1,1,0.9979032132142179,random_init,,,0,4,0.8646337003995762,0.5,-0.03333910643683144
ga_g004_0058,0.10483396303696743,0.06878660035871349,1.5240462893975202,0.11874396899153782,0.09655531822038668,1.2298024715790976,0.8198198198198198,delay[20](ts_mean[3](log_abs(returns))),delay[20](ts_mean[3](log_abs(returns))),4,4,0.8683931698285765,crossover+mutate,open|delay[20](ts_mean[3](log_abs(volume))),delay,3,4,0.8607446518889268,1.0,0.0361237947401898
ga_g004_0014,-0.08158328803054316,0.04341945849066348,-1.8789568287242935,-0.11477891947661212,0.06511225908100818,-1.7627850898831834,0.02702702702702703,high,high,1,1,0.9979032132142179,random_init,,,0,4,0.8464235477145559,0.5,-0.032277947602253984
ga_g004_0026,0.10477551945591071,0.07773056867160347,1.3479319815421253,0.108936689532828,0.09354037171499834,1.1645954312084585,0.8018018018018018,"covariance[30](volume,ts_rank[3](log_abs(low)))","covariance[30](volume,ts_rank[3](log_abs(low)))",5,4,0.9034942728722632,crossover,"covariance[30](amount,ts_rank[3](log_abs(low)))|volume",,3,4,0.7643090928811095,0.5,0.03574554102845166
ga_g004_0051,0.09654939493751451,0.07456898631240842,1.294766091267738,0.10709180619983642,0.10455468689903352,1.024265954746275,0.7927927927927928,"covariance[30](amount,rank(demean(high)))","covariance[30](amount,rank(demean(high)))",5,4,0.9095303420662272,crossover,"covariance[30](amount,rank(amount))|demean(high)",,4,4,0.7520058400703,1.0,0.03452046188687044
ga_g004_0056,0.09538450939533535,0.07106295455980752,1.3422536395536229,0.09147687668092605,0.09318068721815319,0.981714982062343,0.7882882882882883,"rank(covariance[30](close,scale(volume)))","rank(covariance[30](close,scale(volume)))",5,4,0.9095303420662272,crossover,"rank(covariance[30](high,scale(volume)))|close",,4,4,0.6658732587478503,0.5,0.030953871348071288
ga_g004_0018,0.09514651031214444,0.06998287786639398,1.3595684146312326,0.09043892063443353,0.09177586355130897,0.9854325215242676,0.7837837837837838,"rank(covariance[30](high,scale(volume)))","rank(covariance[30](high,scale(volume)))",5,4,0.9095303420662272,random_init,,,0,4,0.6651625717965046,0.5,0.030829201377810034
ga_g004_0024,0.07952283431652725,0.06466285530638648,1.2298070343434573,0.07523915838025541,0.08830606615422394,0.85202706514921,0.7882882882882883,"covariance[20](log_abs(amount),rank(low))","covariance[20](log_abs(amount),rank(low))",5,3,0.9397753761390123,crossover+mutate,"covariance[60](log_abs(amount),rank(low))|covariance[60](log_abs(amount),rank(low))",covariance,2,4,0.6518088577629191,1.0,0.02761888274256584
ga_g004_0009,0.08275177619187463,0.07825594724443918,1.0574503166307903,0.08186559235900714,0.10269614166253142,0.7971632724822778,0.7657657657657657,"demean(rank(covariance[30](amount,close)))","demean(rank(covariance[30](amount,close)))",5,4,0.9095303420662272,crossover,"demean(high)|rank(covariance[30](amount,close))",,4,4,0.6224689114997783,1.0,0.028743290080544187
ga_g004_0067,0.09828102789964521,0.08606839289992446,1.1418945397751405,0.07437553523397757,0.11260427822510481,0.6605036363298294,0.7612612612612613,scale(delta[30](demean(low))),scale(delta[30](demean(low))),4,4,0.9140027436678154,random_inject,,,4,4,0.5746956950858476,1.0,0.03279073860705925
ga_g004_0016,0.08286448038982805,0.08646905564233241,0.9583136970130193,0.07939200089792688,0.11605594475486627,0.6840838792499506,0.7522522522522522,"rank(covariance[30](amount,scale(vwap)))","rank(covariance[30](amount,scale(vwap)))",5,4,0.9095303420662272,crossover,"rank(covariance[30](amount,close))|scale(vwap)",,4,4,0.5731125612050434,1.0,0.02892422306255761
ga_g004_0034,0.0296682297876928,0.0375224342252968,0.7906797733205467,0.05659141262516606,0.0608658426789586,0.9297729257386883,0.7342342342342343,"safe_div(close,log_abs(delta[10](low)))","safe_div(close,log_abs(delta[10](low)))",5,4,0.9685102776011867,mutate,"safe_div(zscore_cs(log_abs(close)),log_abs(delta[10](low)))",safe_div,4,4,0.5475450034606177,0.0,0.015097927769745681
ga_g004_0079,0.09876324045927785,0.07848760593448731,1.2583291244953296,0.0709708021485389,0.11032383941610764,0.643295252632197,0.9144144144144144,amount,amount,1,1,0.9979032132142179,random_init,,,0,4,0.539588477744933,0.5,0.029066415481541735
ga_g004_0008,0.08747938155631342,0.08333092469458898,1.0497829212495684,0.07107720517319949,0.11026823994971878,0.6445845622058535,0.8288288288288288,log_abs(amount),log_abs(amount),2,2,0.9979032132142179,crossover+mutate,"rank(covariance[30](high,scale(volume)))|log_abs(open)",log_abs,4,4,0.519871034929176,0.5,0.029066415481541735
ga_g004_0031,0.056915933531478335,0.05924342413414722,0.9607130979229247,0.044214876311689806,0.08164082517271815,0.5415780183278336,0.7882882882882883,ts_std[10](ts_mean[3](ts_min[3](vwap))),ts_std[10](ts_mean[3](ts_min[3](vwap))),4,4,0.9580040374298747,crossover,ts_std[10](rank(demean(high)))|ts_mean[3](ts_min[3](vwap)),,4,4,0.4388055523181924,0.5,0.016487628589255274
ga_g004_0069,0.041937128710200645,0.047715139723459324,0.8789061281860211,0.02493897325625529,0.06386878227707309,0.3904720329262894,0.8063063063063063,"covariance[5](high,rank(amount))","covariance[5](high,rank(amount))",4,3,0.9855277099296239,random_inject,,,4,4,0.42553256622166996,1.0,0.014686277802376219
ga_g004_0021,0.03280379103183566,0.08024410450464693,0.40880001383697906,0.0513426594903171,0.10609603244141022,0.4839262911991571,0.4954954954954955,"delay[20](zscore_cs(covariance[30](amount,close)))","delay[20](zscore_cs(covariance[30](amount,close)))",5,4,0.8549781956480519,crossover,"delay[20](high)|zscore_cs(covariance[30](amount,close))",,4,4,0.4180139227679478,1.0,0.013560486111631631
ga_g004_0044,0.0636966279483078,0.06370238555777079,0.9999096170510323,0.0418454978854675,0.08924059548348882,0.46890652912787545,0.8243243243243243,ts_std[10](vwap),ts_std[10](vwap),2,2,0.9702033213994936,crossover,ts_std[10](rank(zscore_cs(open)))|vwap,,4,4,0.41689180983599,0.5,0.017982482574099845
ga_g004_0062,0.0233886335011235,0.052869594202252825,0.44238345033726184,0.016440617112145242,0.06427884630346863,0.25577025814257764,0.6801801801801802,"correlation[3](ts_std[5](low),high)","correlation[3](ts_std[5](low),high)",4,3,0.9793087295479642,random_inject,,,4,4,0.34511449326078697,1.0,0.007479628623332249
ga_g004_0066,0.023749049929630773,0.04798382304230907,0.49493867774333816,0.018533044948832598,0.05919832610805618,0.31306704373707744,0.7162162162162162,"correlation[3](low,amount)","correlation[3](low,amount)",3,2,0.991648542844715,random_inject,,,4,4,0.3277809816220312,0.5,0.00833715763899169
ga_g004_0061,0.06537193320564724,0.09543971753341189,0.6849552250902419,0.0244814264444767,0.1366410274842406,0.17916600083602452,0.8063063063063063,returns,returns,1,1,0.9947937230233881,random_init,,,0,4,0.25380091296587126,0.0,0.013106082271903102
ga_g004_0035,0.027019470397075983,0.05199289896953378,0.5196761660262212,0.024696992919549004,0.07749921527132554,0.31867410312587785,0.5180180180180181,"covariance[20](zscore_cs(low),zscore_cs(covariance[30](amount,close)))","covariance[20](zscore_cs(low),zscore_cs(covariance[30](amount,close)))",7,4,0.8523683652870258,crossover,"covariance[20](zscore_cs(low),low)|zscore_cs(covariance[30](amount,close))",,4,4,0.23248525234647427,0.0,0.011204547873119253
ga_g005_0000,0.08119638900423477,0.033336608617699666,2.4356523465054734,0.1232078528125704,0.056372838551258526,2.1855889463600513,0.9414414414414415,"safe_div(zscore_cs(log_abs(close)),log_abs(delta[10](low)))","safe_div(zscore_cs(log_abs(close)),log_abs(delta[10](low)))",7,4,0.9685102776011867,crossover,"safe_div(zscore_cs(log_abs(close)),zscore_cs(low))|log_abs(delta[10](low))",,3,5,1.200907763793963,0.5,0.035735621625443
ga_g005_0059,-0.10578669323591246,0.041692474836103915,-2.5373090384240196,-0.1328672835022961,0.05774970767983909,-2.300743827811291,0.018018018018018018,delay[20](ts_mean[3](low)),delay[20](ts_mean[3](low)),3,3,0.9367818784086727,mutate,delay[20](ts_mean[3](log_abs(returns))),delay,5,5,1.1211520181593067,1.0,-0.042167992538487784
ga_g005_0001,-0.11643252531870704,0.0460135627168453,-2.5303957886330277,-0.13040510145368892,0.05718894180638009,-2.280250295506267,0.018018018018018018,delay[20](rank(zscore_cs(open))),delay[20](rank(zscore_cs(open))),4,4,0.942913864444965,crossover,delay[20](volume)|rank(zscore_cs(open)),,3,5,1.1100759673018583,1.0,-0.04094813007339658
ga_g005_0002,-0.10654573075202863,0.042283062536348004,-2.519820570244603,-0.13326312568999382,0.05857738264006903,-2.274992833135516,0.018018018018018018,delay[20](ts_mean[3](ts_min[3](vwap))),delay[20](ts_mean[3](ts_min[3](vwap))),4,4,0.9306632761178216,crossover,delay[20](ts_mean[3](log_abs(volume)))|ts_min[3](vwap),,3,5,1.1092422057723148,1.0,-0.04240697220668549
ga_g005_0003,-0.1284650861222206,0.04603037340637561,-2.7908764716739634,-0.14603321678196077,0.0638550665503711,-2.286948000700378,0.0045045045045045045,rank(ts_min[10](ts_min[20](open))),rank(ts_min[10](ts_min[20](open))),4,4,0.912548376663209,crossover,rank(amount)|ts_min[10](ts_min[20](open)),,2,5,1.0756897141393629,0.5,-0.04515542181825037
ga_g005_0004,-0.11608873050068719,0.042161885760469815,-2.7534046071897897,-0.14600277293575734,0.0638871941250683,-2.285321415899657,0.0,ts_min[10](ts_min[20](open)),ts_min[10](ts_min[20](open)),3,3,0.912548376663209,crossover,ts_min[10](open)|ts_min[20](open),,1,5,1.074494166567918,0.5,-0.04515542181825037
ga_g005_0005,-0.11584613082208584,0.04244042112231829,-2.729617844464918,-0.1460342724870397,0.06412921255242734,-2.2771879877310637,0.0,ts_min[30](vwap),ts_min[30](vwap),2,2,0.9095303420662272,crossover+mutate,"close|covariance[30](amount,ts_rank[3](log_abs(low)))",ts_min,3,5,1.0732694462992838,0.5,-0.04537726097213436
ga_g005_0036,-0.11608873050068719,0.042161885760469815,-2.7534046071897897,-0.14600277293575734,0.0638871941250683,-2.285321415899657,0.0,demean(ts_min[10](ts_min[20](open))),demean(ts_min[10](ts_min[20](open))),4,4,0.912548376663209,crossover,"demean(rank(covariance[30](amount,close)))|ts_min[10](ts_min[20](open))",,5,5,1.072494166567918,0.5,-0.04515542181825037
ga_g005_0060,-0.1298850304498724,0.046611369622350796,-2.7865525407687386,-0.14829952803590138,0.06558740602689482,-2.2610976255882047,0.0,rank(ts_min[10](ts_min[20](low))),rank(ts_min[10](ts_min[20](low))),4,4,0.912548376663209,crossover,rank(ts_min[10](ts_min[20](open)))|low,,5,5,1.0667397411185477,0.5,-0.04638876585500283
ga_g005_0047,-0.10297732899085699,0.0412966941175064,-2.4935973978411767,-0.1335040227499716,0.06182358484995458,-2.1594351585076303,0.0,ts_min[3](demean(ts_min[10](open))),ts_min[3](demean(ts_min[10](open))),4,4,0.9640981028540836,crossover,ts_min[3](demean(volume))|ts_min[10](open),,5,5,1.0595047404370148,1.0,-0.03935155528641611
ga_g005_0006,-0.10914813734825048,0.041122117558104535,-2.6542440863855528,-0.13916267742658353,0.062360614761976345,-2.2315796269448636,0.0,ts_min[20](open),ts_min[20](open),2,2,0.9397753761390123,random_init,,,0,5,1.048145731144054,0.5,-0.04179265955073401
ga_g005_0007,-0.10143441822152544,0.04165610959496861,-2.435043003482425,-0.13256457999934135,0.06253410142110868,-2.1198766271005143,0.0,ts_min[10](open),ts_min[10](open),2,2,0.9702033213994936,random_init,,,0,5,1.0467134405842462,1.0,-0.03891322115334282
ga_g005_0008,-0.11311037934953813,0.045841237648525025,-2.4674372933990263,-0.1268364830623376,0.05685727673883309,-2.2307871628278186,0.02702702702702703,rank(delay[20](high)),rank(delay[20](high)),3,3,0.942913864444965,crossover,rank(zscore_cs(open))|delay[20](high),,4,5,1.0405078684567348,0.5,-0.03999298203793654
ga_g005_0021,0.14805559767205762,0.07316174506995408,2.023675043979518,0.15111908586663125,0.09980707994317685,1.5141118841736263,0.990990990990991,volume,volume,1,1,0.9979032132142179,random_init,,,0,5,1.0363202733740273,1.0,0.05272341290185362
ga_g005_0044,0.15089394458687552,0.07370942958037874,2.0471457376064555,0.1512199079411235,0.09982477008649973,1.5148535559870469,0.990990990990991,rank(volume),rank(volume),2,2,0.9979032132142179,random_inject,,,2,5,1.0331632613333994,1.0,0.05272341290185362
ga_g005_0046,-0.10185064160696418,0.04046280669224708,-2.517142282828328,-0.12991083261053318,0.058610805809549,-2.216499684932976,0.013513513513513514,zscore_cs(ts_mean[30](ts_min[3](vwap))),zscore_cs(ts_mean[30](ts_min[3](vwap))),4,4,0.9034942728722632,crossover+mutate,ts_min[20](open)|zscore_cs(ts_mean[3](ts_min[3](vwap))),zscore_cs,5,5,1.0315149005739832,0.5,-0.04035652248591742
ga_g005_0014,0.15243622104299717,0.07872329069116181,1.9363547903633433,0.15301256519616907,0.1027992397959074,1.4884600849184562,0.9819819819819819,"max(ts_std[5](zscore_cs(amount)),ts_mean[3](log_abs(volume)))","max(ts_std[5](zscore_cs(amount)),ts_mean[3](log_abs(volume)))",7,4,0.9916998472022396,crossover,"max(ts_std[5](zscore_cs(amount)),mul(ts_min[60](-1),low))|ts_mean[3](log_abs(volume))",,3,5,1.011619546875181,1.0,0.05279408318051962
ga_g005_0042,0.14112444008394068,0.07948210592170009,1.775549835367549,0.15008169947183064,0.10526753844974529,1.4257168133885796,0.9684684684684685,ts_min[3](demean(volume)),ts_min[3](demean(volume)),3,3,0.9916998472022396,crossover,"ts_min[3](min(vwap,vwap))|demean(volume)",,3,5,0.991905061709908,1.0,0.04991631688110841
ga_g005_0033,0.14112444008394065,0.07948210592170009,1.7755498353675485,0.15008169947183064,0.10526753844974529,1.4257168133885796,0.9684684684684685,demean(ts_min[3](demean(volume))),demean(ts_min[3](demean(volume))),4,4,0.9916998472022396,crossover,demean(high)|ts_min[3](demean(volume)),,4,5,0.989905061709908,1.0,0.04991631688110841
ga_g005_0012,-0.0973369908356496,0.04155009909926705,-2.3426416048515906,-0.12827891907624503,0.06216461820400403,-2.063535863041504,0.0045045045045045045,ts_min[10](high),ts_min[10](high),2,2,0.9702033213994936,crossover,ts_min[10](open)|high,,5,5,0.9707725891275429,0.5,-0.03741688363919861
ga_g005_0041,-0.09179566544431692,0.04286999368549929,-2.141256798816993,-0.12381983073270059,0.06411398414454177,-1.9312453029522385,0.0045045045045045045,ts_mean[3](ts_min[3](vwap)),ts_mean[3](ts_min[3](vwap)),3,3,0.9855277099296239,crossover,ts_mean[3](log_abs(volume))|ts_min[3](vwap),,2,5,0.9113377626283861,0.5,-0.035604301403500724
ga_g005_0025,-0.09179566544431692,0.04286999368549929,-2.141256798816993,-0.12381983073270059,0.06411398414454177,-1.9312453029522385,0.0045045045045045045,zscore_cs(ts_mean[3](ts_min[3](vwap))),zscore_cs(ts_mean[3](ts_min[3](vwap))),4,4,0.9855277099296239,crossover,zscore_cs(open)|ts_mean[3](ts_min[3](vwap)),,3,5,0.9093377626283861,0.5,-0.035604301403500724
ga_g005_0057,-0.08675599444631588,0.043055959494635324,-2.0149590315627615,-0.11944953630409957,0.0644399034747746,-1.8536579023719182,0.013513513513513514,open,open,1,1,0.9979032132142179,random_init,,,0,5,0.8822006776036875,0.5,-0.03412999309410818
ga_g005_0055,-0.09598782177800988,0.0445005468230354,-2.1570031972803188,-0.1194947887780222,0.06443343585282929,-1.8545462801480446,0.018018018018018018,rank(zscore_cs(open)),rank(zscore_cs(open)),3,3,0.9979032132142179,crossover,rank(amount)|zscore_cs(open),,2,5,0.8804188560116764,0.5,-0.03412999309410818
ga_g005_0023,-0.08675599444631589,0.043055959494635324,-2.014959031562762,-0.11944953630409957,0.0644399034747746,-1.8536579023719182,0.013513513513513514,demean(zscore_cs(open)),demean(zscore_cs(open)),3,3,0.9979032132142179,crossover,demean(high)|zscore_cs(open),,3,5,0.8782006776036875,0.5,-0.03412999309410818
ga_g005_0062,-0.08480327191759525,0.04327340854874769,-1.9597086238784258,-0.11784377028777354,0.06500491460686904,-1.8128440134174262,0.013513513513513514,vwap,vwap,1,1,0.9979032132142179,random_init,,,0,5,0.8637954074072637,0.5,-0.03344351589410963
ga_g005_0024,-0.0844521279470593,0.04337277110623364,-1.947123178738322,-0.1176817686714828,0.0651779226646217,-1.805546477401925,0.018018018018018018,close,close,1,1,0.9979032132142179,random_init,,,0,5,0.8616214780780177,0.5,-0.03333910643683144
ga_g005_0052,0.10483396303696743,0.06878660035871349,1.5240462893975202,0.11874396899153782,0.09655531822038668,1.2298024715790976,0.8198198198198198,delay[20](ts_mean[3](log_abs(returns))),delay[20](ts_mean[3](log_abs(returns))),4,4,0.8683931698285765,crossover+mutate,open|delay[20](ts_mean[3](log_abs(volume))),delay,3,5,0.8606923562239815,1.0,0.0361237947401898
ga_g005_0079,-0.08445212794705931,0.04337277110623364,-1.9471231787383225,-0.1176817686714828,0.0651779226646217,-1.805546477401925,0.018018018018018018,scale(close),scale(close),2,2,0.9979032132142179,random_inject,,,5,5,0.8596214780780177,0.5,-0.03333910643683144
ga_g005_0049,-0.08158328803054316,0.04341945849066348,-1.8789568287242935,-0.11477891947661212,0.06511225908100818,-1.7627850898831834,0.02702702702702703,high,high,1,1,0.9979032132142179,random_init,,,0,5,0.8434151837756654,0.5,-0.032277947602253984
ga_g005_0015,0.10477551945591071,0.07773056867160347,1.3479319815421253,0.108936689532828,0.09354037171499834,1.1645954312084585,0.8018018018018018,"covariance[30](volume,ts_rank[3](log_abs(low)))","covariance[30](volume,ts_rank[3](log_abs(low)))",5,4,0.9034942728722632,crossover,"covariance[30](amount,ts_rank[3](log_abs(low)))|volume",,3,5,0.7636588389797646,0.5,0.03574554102845166
ga_g005_0029,0.09654939493751451,0.07456898631240842,1.294766091267738,0.10709180619983642,0.10455468689903352,1.024265954746275,0.7927927927927928,"covariance[30](amount,rank(demean(high)))","covariance[30](amount,rank(demean(high)))",5,4,0.9095303420662272,crossover,"covariance[30](amount,rank(amount))|demean(high)",,4,5,0.7520514789866063,1.0,0.03452046188687044
ga_g005_0054,0.09538450939533535,0.07106295455980752,1.3422536395536229,0.09147687668092605,0.09318068721815319,0.981714982062343,0.7882882882882883,"rank(covariance[30](close,scale(volume)))","rank(covariance[30](close,scale(volume)))",5,4,0.9095303420662272,crossover,"rank(covariance[30](high,scale(volume)))|close",,4,5,0.6655637569944203,0.5,0.030953871348071288
ga_g005_0016,0.09514651031214444,0.06998287786639398,1.3595684146312326,0.09043892063443353,0.09177586355130897,0.9854325215242676,0.7837837837837838,"rank(covariance[30](high,scale(volume)))","rank(covariance[30](high,scale(volume)))",5,4,0.9095303420662272,random_init,,,0,5,0.6648740783256311,0.5,0.030829201377810034
ga_g005_0010,0.07952283431652725,0.06466285530638648,1.2298070343434573,0.07523915838025541,0.08830606615422394,0.85202706514921,0.7882882882882883,"covariance[20](log_abs(amount),rank(low))","covariance[20](log_abs(amount),rank(low))",5,3,0.9397753761390123,crossover+mutate,"covariance[60](log_abs(amount),rank(low))|covariance[60](log_abs(amount),rank(low))",covariance,2,5,0.6511259846793503,1.0,0.02761888274256584
ga_g005_0056,0.08275177619187463,0.07825594724443918,1.0574503166307903,0.08186559235900714,0.10269614166253142,0.7971632724822778,0.7657657657657657,"demean(rank(covariance[30](amount,close)))","demean(rank(covariance[30](amount,close)))",5,4,0.9095303420662272,crossover,"demean(high)|rank(covariance[30](amount,close))",,4,5,0.6215975282466719,1.0,0.028743290080544187
ga_g005_0028,0.10263805448192326,0.08618450610115365,1.1909107463174216,0.07579518628826265,0.11378601165315107,0.6661204236537072,0.7747747747747747,scale(delta[30](demean(close))),scale(delta[30](demean(close))),4,4,0.9140027436678154,crossover+mutate,rank(ts_min[10](ts_min[20](open)))|scale(delta[30](demean(low))),scale,5,5,0.5801700115780773,1.0,0.03428749913447719
ga_g005_0018,0.09828102789964521,0.08606839289992446,1.1418945397751405,0.07437553523397757,0.11260427822510481,0.6605036363298294,0.7612612612612613,scale(delta[30](demean(low))),scale(delta[30](demean(low))),4,4,0.9140027436678154,random_inject,,,4,5,0.5737371806805195,1.0,0.03279073860705925
ga_g005_0009,0.06860942828259091,0.0649792387245592,1.055866914252716,0.05643800408938759,0.0904596469555158,0.6239025464817632,0.8468468468468469,"rank(covariance[3](amount,scale(vwap)))","rank(covariance[3](amount,scale(vwap)))",5,4,0.9916998472022396,crossover+mutate,"ts_min[3](min(vwap,vwap))|rank(covariance[30](amount,scale(vwap)))",rank,5,5,0.5533800108360153,1.0,0.02500304804790092
ga_g005_0017,0.09876324045927785,0.07848760593448731,1.2583291244953296,0.0709708021485389,0.11032383941610764,0.643295252632197,0.9144144144144144,amount,amount,1,1,0.9979032132142179,random_init,,,0,5,0.5384169197077392,0.5,0.029066415481541735
ga_g005_0050,0.08459862300560081,0.0827460515607632,1.0223886386104744,0.07107720517319949,0.11026823994971878,0.6445845622058535,0.8288288288288288,rank(log_abs(amount)),rank(log_abs(amount)),3,3,0.9979032132142179,crossover,"rank(covariance[30](close,scale(volume)))|log_abs(amount)",,5,5,0.5168826485733619,0.5,0.029066415481541735
ga_g005_0039,0.05026224378800011,0.047921620657868085,1.048842737328161,0.035839044536932305,0.058270896326259626,0.6150419299588075,0.7837837837837838,"covariance[20](high,rank(amount))","covariance[20](high,rank(amount))",4,3,0.9397753761390123,crossover+mutate,"amount|covariance[5](high,rank(amount))",covariance,5,5,0.516004826911774,1.0,0.01543602926586414
ga_g005_0026,0.07270372930572122,0.08626233315452664,0.8428212714288968,0.06532209263197726,0.11347087227846764,0.5756727812197567,0.8018018018018018,rank(ts_min[3](amount)),rank(ts_min[3](amount)),3,3,0.9916998472022396,crossover+mutate,rank(ts_min[10](ts_min[20](open)))|amount,rank,5,5,0.47774419936850193,0.5,0.025014079111662438
ga_g005_0031,0.056915933531478335,0.05924342413414722,0.9607130979229247,0.044214876311689806,0.08164082517271815,0.5415780183278336,0.7882882882882883,ts_std[10](ts_mean[3](ts_min[3](vwap))),ts_std[10](ts_mean[3](ts_min[3](vwap))),4,4,0.9580040374298747,crossover,ts_std[10](rank(demean(high)))|ts_mean[3](ts_min[3](vwap)),,4,5,0.43754263437411134,0.5,0.016487628589255274
ga_g005_0070,0.05644665862764532,0.06399322272588286,0.8820724480377633,0.03466970749600474,0.08722157610576867,0.39749003679964173,0.7792792792792793,"covariance[5](vwap,low)","covariance[5](vwap,low)",3,2,0.9855277099296239,random_inject,,,5,5,0.37123474719192684,0.5,0.015996651017875563
ga_g006_0000,0.08119638900423477,0.033336608617699666,2.4356523465054734,0.1232078528125704,0.056372838551258526,2.1855889463600513,0.9414414414414415,"safe_div(zscore_cs(log_abs(close)),log_abs(delta[10](low)))","safe_div(zscore_cs(log_abs(close)),log_abs(delta[10](low)))",7,4,0.9685102776011867,crossover,"safe_div(zscore_cs(log_abs(close)),zscore_cs(low))|log_abs(delta[10](low))",,3,6,1.1996533596442593,0.5,0.035735621625443
ga_g006_0039,-0.11909019863731579,0.04618906934720483,-2.578319942800983,-0.13292226412712238,0.05773262697927025,-2.302376854856268,0.018018018018018018,rank(delay[20](ts_mean[3](low))),rank(delay[20](ts_mean[3](low))),4,4,0.9367818784086727,crossover,rank(volume)|delay[20](ts_mean[3](low)),,6,6,1.1203180170808436,1.0,-0.042167992538487784
ga_g006_0001,-0.10578669323591246,0.041692474836103915,-2.5373090384240196,-0.1328672835022961,0.05774970767983909,-2.300743827811291,0.018018018018018018,delay[20](ts_mean[3](low)),delay[20](ts_mean[3](low)),3,3,0.9367818784086727,mutate,delay[20](ts_mean[3](log_abs(returns))),delay,5,6,1.1197404623650422,1.0,-0.042167992538487784
ga_g006_0002,-0.11643252531870704,0.0460135627168453,-2.5303957886330277,-0.13040510145368892,0.05718894180638009,-2.280250295506267,0.018018018018018018,delay[20](rank(zscore_cs(open))),delay[20](rank(zscore_cs(open))),4,4,0.942913864444965,crossover,delay[20](volume)|rank(zscore_cs(open)),,3,6,1.1089896668137853,1.0,-0.04094813007339658
ga_g006_0003,-0.10654573075202863,0.042283062536348004,-2.519820570244603,-0.13326312568999382,0.05857738264006903,-2.274992833135516,0.018018018018018018,delay[20](ts_mean[3](ts_min[3](vwap))),delay[20](ts_mean[3](ts_min[3](vwap))),4,4,0.9306632761178216,crossover,delay[20](ts_mean[3](log_abs(volume)))|ts_min[3](vwap),,3,6,1.1078345838928934,1.0,-0.04240697220668549
ga_g006_0004,-0.1284650861222206,0.04603037340637561,-2.7908764716739634,-0.14603321678196077,0.0638550665503711,-2.286948000700378,0.0045045045045045045,rank(ts_min[10](ts_min[20](open))),rank(ts_min[10](ts_min[20](open))),4,4,0.912548376663209,crossover,rank(amount)|ts_min[10](ts_min[20](open)),,2,6,1.0744661980709336,0.5,-0.04515542181825037
ga_g006_0005,-0.11608873050068719,0.042161885760469815,-2.7534046071897897,-0.14600277293575734,0.0638871941250683,-2.285321415899657,0.0,ts_min[10](ts_min[20](open)),ts_min[10](ts_min[20](open)),3,3,0.912548376663209,crossover,ts_min[10](open)|ts_min[20](open),,1,6,1.073441133009858,0.5,-0.04515542181825037
ga_g006_0054,-0.11608873050068719,0.042161885760469815,-2.7534046071897897,-0.14600277293575734,0.0638871941250683,-2.285321415899657,0.0,ts_min[20](ts_min[10](open)),ts_min[20](ts_min[10](open)),3,3,0.912548376663209,crossover,ts_min[20](open)|ts_min[10](open),,6,6,1.073441133009858,0.5,-0.04515542181825037
ga_g006_0006,-0.11584613082208584,0.04244042112231829,-2.729617844464918,-0.1460342724870397,0.06412921255242734,-2.2771879877310637,0.0,ts_min[30](vwap),ts_min[30](vwap),2,2,0.9095303420662272,crossover+mutate,"close|covariance[30](amount,ts_rank[3](log_abs(low)))",ts_min,3,6,1.0717384813422894,0.5,-0.04537726097213436
ga_g006_0040,-0.12853793723404144,0.046168989705126284,-2.7840751563980937,-0.14607276446060788,0.06409446730193973,-2.279022989183767,0.0045045045045045045,rank(zscore_cs(ts_min[30](vwap))),rank(zscore_cs(ts_min[30](vwap))),4,4,0.9095303420662272,crossover,rank(zscore_cs(open))|ts_min[30](vwap),,6,6,1.071338829187626,0.5,-0.04537726097213436
ga_g006_0007,-0.11608873050068719,0.042161885760469815,-2.7534046071897897,-0.14600277293575734,0.0638871941250683,-2.285321415899657,0.0,demean(ts_min[10](ts_min[20](open))),demean(ts_min[10](ts_min[20](open))),4,4,0.912548376663209,crossover,"demean(rank(covariance[30](amount,close)))|ts_min[10](ts_min[20](open))",,5,6,1.0709583881670022,0.5,-0.04515542181825037
ga_g006_0045,-0.10143441822152544,0.04165610959496861,-2.435043003482425,-0.13256457999934135,0.06253410142110868,-2.1198766271005143,0.0,ts_min[10](open),ts_min[10](open),2,2,0.9702033213994936,random_init,,,0,6,1.0453765334463694,1.0,-0.03891322115334282
ga_g006_0037,0.14805559767205762,0.07316174506995408,2.023675043979518,0.15111908586663125,0.09980707994317685,1.5141118841736263,0.990990990990991,volume,volume,1,1,0.9979032132142179,random_init,,,0,6,1.0381922428349533,1.0,0.05272341290185362
ga_g006_0012,-0.11311037934953813,0.045841237648525025,-2.4674372933990263,-0.1268364830623376,0.05685727673883309,-2.2307871628278186,0.02702702702702703,rank(rank(delay[20](high))),rank(rank(delay[20](high))),4,4,0.942913864444965,crossover,"rank(covariance[30](high,scale(volume)))|rank(delay[20](high))",,6,6,1.0374876921618499,0.5,-0.03999298203793654
ga_g006_0010,0.15089394458687552,0.07370942958037874,2.0471457376064555,0.1512199079411235,0.09982477008649973,1.5148535559870469,0.990990990990991,rank(volume),rank(volume),2,2,0.9979032132142179,random_inject,,,2,6,1.0358537753537564,1.0,0.05272341290185362
ga_g006_0020,0.15089394458687552,0.07370942958037874,2.0471457376064555,0.1512199079411235,0.09982477008649973,1.5148535559870469,0.990990990990991,zscore_cs(rank(volume)),zscore_cs(rank(volume)),3,3,0.9979032132142179,crossover,zscore_cs(ts_mean[30](ts_min[3](vwap)))|rank(volume),,6,6,1.0338537753537564,1.0,0.05272341290185362
ga_g006_0057,-0.10185064160696418,0.04046280669224708,-2.517142282828328,-0.12991083261053318,0.058610805809549,-2.216499684932976,0.013513513513513514,zscore_cs(ts_mean[30](ts_min[3](vwap))),zscore_cs(ts_mean[30](ts_min[3](vwap))),4,4,0.9034942728722632,crossover+mutate,ts_min[20](open)|zscore_cs(ts_mean[3](ts_min[3](vwap))),zscore_cs,5,6,1.030059459385468,0.5,-0.04035652248591742
ga_g006_0061,-0.0973369908356496,0.04155009909926705,-2.3426416048515906,-0.12827891907624503,0.06216461820400403,-2.063535863041504,0.0045045045045045045,ts_min[10](high),ts_min[10](high),2,2,0.9702033213994936,crossover,ts_min[10](open)|high,,5,6,0.9694929345471669,0.5,-0.03741688363919861
ga_g006_0022,-0.09179566544431692,0.04286999368549929,-2.141256798816993,-0.12381983073270059,0.06411398414454177,-1.9312453029522385,0.0045045045045045045,ts_mean[3](ts_min[3](vwap)),ts_mean[3](ts_min[3](vwap)),3,3,0.9855277099296239,crossover,ts_mean[3](log_abs(volume))|ts_min[3](vwap),,2,6,0.9102012004251779,0.5,-0.035604301403500724
ga_g006_0052,-0.09179566544431692,0.04286999368549929,-2.141256798816993,-0.12381983073270059,0.06411398414454177,-1.9312453029522385,0.0045045045045045045,zscore_cs(ts_mean[3](ts_min[3](vwap))),zscore_cs(ts_mean[3](ts_min[3](vwap))),4,4,0.9855277099296239,crossover,zscore_cs(open)|ts_mean[3](ts_min[3](vwap)),,3,6,0.9082012004251779,0.5,-0.035604301403500724
ga_g006_0071,-0.08879432278607886,0.043136789714139256,-2.0584360443719834,-0.1216946911884688,0.06479582589477255,-1.8781254734849613,0.0045045045045045045,low,low,1,1,0.9979032132142179,random_init,,,0,6,0.890924556674217,0.5,-0.03484343667061848
ga_g006_0008,-0.09598782177800988,0.0445005468230354,-2.1570031972803188,-0.1194947887780222,0.06443343585282929,-1.8545462801480446,0.018018018018018018,rank(zscore_cs(open)),rank(zscore_cs(open)),3,3,0.9979032132142179,crossover,rank(amount)|zscore_cs(open),,2,6,0.8797444547625531,0.5,-0.03412999309410818
ga_g006_0027,-0.08746642832519924,0.04308742908172112,-2.0299755680318583,-0.11924993213002337,0.06395452136447598,-1.8646051848378251,0.009009009009009009,demean(ts_min[3](demean(high))),demean(ts_min[3](demean(high))),4,4,0.9916998472022396,crossover,demean(ts_min[3](demean(volume)))|high,,6,6,0.877968826978056,0.5,-0.034293534300257195
ga_g006_0075,-0.08480327191759525,0.04327340854874769,-1.9597086238784258,-0.11784377028777354,0.06500491460686904,-1.8128440134174262,0.013513513513513514,vwap,vwap,1,1,0.9979032132142179,random_init,,,0,6,0.8633084261540043,0.5,-0.03344351589410963
ga_g006_0042,0.10622157155879695,0.08153633926088871,1.302751294964615,0.1316674076557013,0.10911739555602201,1.2066582691492291,0.8108108108108109,delay[20](volume),delay[20](volume),2,2,0.942913864444965,random_inject,,,1,6,0.8615885736571584,1.0,0.03983618011380072
ga_g006_0070,-0.08480327191759525,0.04327340854874769,-1.9597086238784258,-0.11784377028777354,0.06500491460686904,-1.8128440134174262,0.013513513513513514,demean(vwap),demean(vwap),2,2,0.9979032132142179,random_inject,,,6,6,0.8613084261540043,0.5,-0.03344351589410963
ga_g006_0049,-0.0844521279470593,0.04337277110623364,-1.947123178738322,-0.1176817686714828,0.0651779226646217,-1.805546477401925,0.018018018018018018,close,close,1,1,0.9979032132142179,random_init,,,0,6,0.8606319509127858,0.5,-0.03333910643683144
ga_g006_0016,0.09971860480698229,0.06981933124628925,1.4282377534557398,0.115872205625301,0.09390120689305621,1.2339799397601725,0.8063063063063063,"covariance[30](volume,rank(demean(high)))","covariance[30](volume,rank(demean(high)))",5,4,0.9095303420662272,crossover+mutate,"zscore_cs(ts_mean[3](ts_min[3](vwap)))|covariance[30](amount,rank(demean(high)))",covariance,6,6,0.8469284643685162,1.0,0.038236476974744554
ga_g006_0013,-0.08158328803054316,0.04341945849066348,-1.8789568287242935,-0.11477891947661212,0.06511225908100818,-1.7627850898831834,0.02702702702702703,high,high,1,1,0.9979032132142179,random_init,,,0,6,0.8424798404303692,0.5,-0.032277947602253984
ga_g006_0048,0.10477551945591071,0.07773056867160347,1.3479319815421253,0.108936689532828,0.09354037171499834,1.1645954312084585,0.8018018018018018,"covariance[30](volume,ts_rank[3](log_abs(low)))","covariance[30](volume,ts_rank[3](log_abs(low)))",5,4,0.9034942728722632,crossover,"covariance[30](amount,ts_rank[3](log_abs(low)))|volume",,3,6,0.7656526538044353,0.5,0.03574554102845166
ga_g006_0017,0.09654939493751451,0.07456898631240842,1.294766091267738,0.10709180619983642,0.10455468689903352,1.024265954746275,0.7927927927927928,"covariance[30](amount,rank(demean(high)))","covariance[30](amount,rank(demean(high)))",5,4,0.9095303420662272,crossover,"covariance[30](amount,rank(amount))|demean(high)",,4,6,0.754686571697815,1.0,0.03452046188687044
ga_g006_0047,0.09538450939533535,0.07106295455980752,1.3422536395536229,0.09147687668092605,0.09318068721815319,0.981714982062343,0.7882882882882883,"rank(covariance[30](close,scale(volume)))","rank(covariance[30](close,scale(volume)))",5,4,0.9095303420662272,crossover,"rank(covariance[30](high,scale(volume)))|close",,4,6,0.6690869516037362,0.5,0.030953871348071288
ga_g006_0015,0.07952283431652725,0.06466285530638648,1.2298070343434573,0.07523915838025541,0.08830606615422394,0.85202706514921,0.7882882882882883,"covariance[20](log_abs(amount),rank(low))","covariance[20](log_abs(amount),rank(low))",5,3,0.9397753761390123,crossover+mutate,"covariance[60](log_abs(amount),rank(low))|covariance[60](log_abs(amount),rank(low))",covariance,2,6,0.6535070544257776,1.0,0.02761888274256584
ga_g006_0062,0.033028486675099666,0.0372578896892547,0.8864830228059104,0.05949402389952868,0.06053146643076456,0.9828611036142252,0.7747747747747747,"safe_div(ts_mean[3](ts_min[3](vwap)),log_abs(delta[10](low)))","safe_div(ts_mean[3](ts_min[3](vwap)),log_abs(delta[10](low)))",7,4,0.9674462698386145,crossover,"safe_div(zscore_cs(log_abs(close)),log_abs(delta[10](low)))|ts_mean[3](ts_min[3](vwap))",,6,6,0.5741916276990868,0.0,0.01613452697668019
ga_g006_0060,0.09876324045927785,0.07848760593448731,1.2583291244953296,0.0709708021485389,0.11032383941610764,0.643295252632197,0.9144144144144144,amount,amount,1,1,0.9979032132142179,random_init,,,0,6,0.5408247789807614,0.5,0.029066415481541735
ga_g006_0069,0.09876204586329188,0.07848766103785487,1.2583130208920177,0.07096842621218556,0.1103233839843357,0.6432763721448396,0.9144144144144144,"add(amount,open)","add(amount,open)",3,2,0.9979032132142179,random_inject,,,6,6,0.5368146191638693,0.5,0.029061888572953054
ga_g006_0072,0.09887573275351168,0.07852983740214843,1.2590849035784024,0.07106260609143265,0.11034062358236682,0.6440294044412935,0.9144144144144144,"min(ts_max[30](abs(volume)),amount)","min(ts_max[30](abs(volume)),amount)",5,4,0.9979032132142179,random_inject,,,6,6,0.5332249808223759,0.5,0.029085615586154898
ga_g006_0073,0.007163570296939093,0.023573930977230914,0.3038767825297397,0.0205237829680198,0.029672286879722225,0.6916818730963932,0.6351351351351351,log_abs(scale(demean(vwap))),log_abs(scale(demean(vwap))),4,4,0.9979032132142179,random_inject,,,6,6,0.40802944209971737,0.0,0.0038111507675077233
ga_g006_0014,0.08307404078988327,0.08259635066018717,1.005783428999925,0.04047360871994158,0.12162136286094298,0.33278371305719945,0.8468468468468469,ts_mean[3](returns),ts_mean[3](returns),2,2,0.9886104326295715,crossover+mutate,ts_mean[3](ts_min[3](vwap))|rank(zscore_cs(open)),ts_mean,6,6,0.3350331217427935,0.0,0.02055823320948652
ga_g006_0030,0.02230488552555058,0.0557045912513734,0.40041377244646154,0.018196003339750973,0.07091770000740134,0.2565791521418763,0.6261261261261262,"rank(covariance[3](amount,scale(open)))","rank(covariance[3](amount,scale(open)))",5,4,0.9916998472022396,crossover,"rank(covariance[3](amount,scale(vwap)))|open",,6,6,0.2830077928738003,0.5,0.007758206314463459
ga_g006_0011,0.06537193320564724,0.09543971753341189,0.6849552250902419,0.0244814264444767,0.1366410274842406,0.17916600083602452,0.8063063063063063,returns,returns,1,1,0.9947937230233881,random_init,,,0,6,0.25290850939324194,0.0,0.013106082271903102
ga_g007_0000,0.08119638900423477,0.033336608617699666,2.4356523465054734,0.1232078528125704,0.056372838551258526,2.1855889463600513,0.9414414414414415,"safe_div(zscore_cs(log_abs(close)),log_abs(delta[10](low)))","safe_div(zscore_cs(log_abs(close)),log_abs(delta[10](low)))",7,4,0.9685102776011867,crossover,"safe_div(zscore_cs(log_abs(close)),zscore_cs(low))|log_abs(delta[10](low))",,3,7,1.2028435828421005,0.5,0.035735621625443
ga_g007_0001,-0.11909019863731579,0.04618906934720483,-2.578319942800983,-0.13292226412712238,0.05773262697927025,-2.302376854856268,0.018018018018018018,rank(delay[20](ts_mean[3](low))),rank(delay[20](ts_mean[3](low))),4,4,0.9367818784086727,crossover,rank(volume)|delay[20](ts_mean[3](low)),,6,7,1.1251173116157651,1.0,-0.042167992538487784
ga_g007_0002,-0.10578669323591246,0.041692474836103915,-2.5373090384240196,-0.1328672835022961,0.05774970767983909,-2.300743827811291,0.018018018018018018,delay[20](ts_mean[3](low)),delay[20](ts_mean[3](low)),3,3,0.9367818784086727,mutate,delay[20](ts_mean[3](log_abs(returns))),delay,5,7,1.1249801549554284,1.0,-0.042167992538487784
ga_g007_0003,-0.11643252531870704,0.0460135627168453,-2.5303957886330277,-0.13040510145368892,0.05718894180638009,-2.280250295506267,0.018018018018018018,delay[20](rank(zscore_cs(open))),delay[20](rank(zscore_cs(open))),4,4,0.942913864444965,crossover,delay[20](volume)|rank(zscore_cs(open)),,3,7,1.1137988889380102,1.0,-0.04094813007339658
ga_g007_0004,-0.10654573075202863,0.042283062536348004,-2.519820570244603,-0.13326312568999382,0.05857738264006903,-2.274992833135516,0.018018018018018018,delay[20](ts_mean[3](ts_min[3](vwap))),delay[20](ts_mean[3](ts_min[3](vwap))),4,4,0.9306632761178216,crossover,delay[20](ts_mean[3](log_abs(volume)))|ts_min[3](vwap),,3,7,1.113076065764587,1.0,-0.04240697220668549
ga_g007_0005,-0.1284650861222206,0.04603037340637561,-2.7908764716739634,-0.14603321678196077,0.0638550665503711,-2.286948000700378,0.0045045045045045045,rank(ts_min[10](ts_min[20](open))),rank(ts_min[10](ts_min[20](open))),4,4,0.912548376663209,crossover,rank(amount)|ts_min[10](ts_min[20](open)),,2,7,1.0792656717957687,0.5,-0.04515542181825037
ga_g007_0006,-0.11608873050068719,0.042161885760469815,-2.7534046071897897,-0.14600277293575734,0.0638871941250683,-2.285321415899657,0.0,ts_min[10](ts_min[20](open)),ts_min[10](ts_min[20](open)),3,3,0.912548376663209,crossover,ts_min[10](open)|ts_min[20](open),,1,7,1.0787472033044885,0.5,-0.04515542181825037
ga_g007_0007,-0.11608873050068719,0.042161885760469815,-2.7534046071897897,-0.14600277293575734,0.0638871941250683,-2.285321415899657,0.0,ts_min[20](ts_min[10](open)),ts_min[20](ts_min[10](open)),3,3,0.912548376663209,crossover,ts_min[20](open)|ts_min[10](open),,6,7,1.0787472033044885,0.5,-0.04515542181825037
ga_g007_0017,-0.11584613082208584,0.04244042112231829,-2.729617844464918,-0.1460342724870397,0.06412921255242734,-2.2771879877310637,0.0,ts_min[30](vwap),ts_min[30](vwap),2,2,0.9095303420662272,crossover+mutate,"close|covariance[30](amount,ts_rank[3](log_abs(low)))",ts_min,3,7,1.077019894871468,0.5,-0.04537726097213436
ga_g007_0019,-0.12853793723404144,0.046168989705126284,-2.7840751563980937,-0.14607276446060788,0.06409446730193973,-2.279022989183767,0.0045045045045045045,rank(zscore_cs(ts_min[30](vwap))),rank(zscore_cs(ts_min[30](vwap))),4,4,0.9095303420662272,crossover,rank(zscore_cs(open))|ts_min[30](vwap),,6,7,1.0761462130048522,0.5,-0.04537726097213436
ga_g007_0009,-0.1298850304498724,0.046611369622350796,-2.7865525407687386,-0.14829952803590138,0.06558740602689482,-2.2610976255882047,0.0,rank(ts_min[10](ts_min[20](low))),rank(ts_min[10](ts_min[20](low))),4,4,0.912548376663209,crossover,rank(ts_min[10](ts_min[20](open)))|low,,5,7,1.0703048530406716,0.5,-0.04638876585500283
ga_g007_0071,0.16553946053295165,0.08159471837606046,2.0288011752182262,0.17883660501387658,0.11090610116378152,1.6125046605847058,0.8243243243243243,"covariance[30](returns,log_abs(close))","covariance[30](returns,log_abs(close))",4,3,0.9065123074692455,random_inject,,,7,7,1.0702672041290908,1.0,0.05678344120064242
ga_g007_0052,-0.10143441822152544,0.04165610959496861,-2.435043003482425,-0.13256457999934135,0.06253410142110868,-2.1198766271005143,0.0,ts_min[10](open),ts_min[10](open),2,2,0.9702033213994936,random_init,,,0,7,1.0507127352668968,1.0,-0.03891322115334282
ga_g007_0013,-0.10834734447295322,0.04101346320620347,-2.6417506838721483,-0.13846974933151696,0.06215688750602204,-2.2277458683577325,0.0,ts_min[10](ts_min[10](open)),ts_min[10](ts_min[10](open)),3,3,0.9428112557299159,crossover+mutate,low|ts_min[20](ts_min[10](open)),ts_min,7,7,1.0476567996643642,0.5,-0.0414099871121026
ga_g007_0047,-0.10185064160696418,0.04046280669224708,-2.517142282828328,-0.12991083261053318,0.058610805809549,-2.216499684932976,0.013513513513513514,zscore_cs(ts_mean[30](ts_min[3](vwap))),zscore_cs(ts_mean[30](ts_min[3](vwap))),4,4,0.9034942728722632,crossover+mutate,ts_min[20](open)|zscore_cs(ts_mean[3](ts_min[3](vwap))),zscore_cs,5,7,1.0353798696735663,0.5,-0.04035652248591742
ga_g007_0065,0.15089394458687552,0.07370942958037874,2.0471457376064555,0.1512199079411235,0.09982477008649973,1.5148535559870469,0.990990990990991,rank(volume),rank(volume),2,2,0.9979032132142179,random_inject,,,2,7,1.03514300009921,1.0,0.05272341290185362
ga_g007_0054,-0.0973369908356496,0.04155009909926705,-2.3426416048515906,-0.12827891907624503,0.06216461820400403,-2.063535863041504,0.0045045045045045045,ts_min[10](high),ts_min[10](high),2,2,0.9702033213994936,crossover,ts_min[10](open)|high,,5,7,0.974842200345641,0.5,-0.03741688363919861
ga_g007_0044,-0.09179566544431692,0.04286999368549929,-2.141256798816993,-0.12381983073270059,0.06411398414454177,-1.9312453029522385,0.0045045045045045045,ts_mean[3](ts_min[3](vwap)),ts_mean[3](ts_min[3](vwap)),3,3,0.9855277099296239,crossover,ts_mean[3](log_abs(volume))|ts_min[3](vwap),,2,7,0.9156141497377664,0.5,-0.035604301403500724
ga_g007_0011,-0.09179566544431692,0.04286999368549929,-2.141256798816993,-0.12381983073270059,0.06411398414454177,-1.9312453029522385,0.0045045045045045045,zscore_cs(ts_mean[3](ts_min[3](vwap))),zscore_cs(ts_mean[3](ts_min[3](vwap))),4,4,0.9855277099296239,crossover,zscore_cs(open)|ts_mean[3](ts_min[3](vwap)),,3,7,0.9136141497377664,0.5,-0.035604301403500724
ga_g007_0070,-0.08675599444631588,0.043055959494635324,-2.0149590315627615,-0.11944953630409957,0.0644399034747746,-1.8536579023719182,0.013513513513513514,open,open,1,1,0.9979032132142179,random_init,,,0,7,0.8861175964561915,0.5,-0.03412999309410818
ga_g007_0040,-0.09598782177800988,0.0445005468230354,-2.1570031972803188,-0.1194947887780222,0.06443343585282929,-1.8545462801480446,0.018018018018018018,rank(rank(zscore_cs(open))),rank(rank(zscore_cs(open))),4,4,0.9979032132142179,crossover,"rank(covariance[3](amount,scale(open)))|rank(zscore_cs(open))",,7,7,0.8827113834614347,0.5,-0.03412999309410818
ga_g007_0068,-0.08480327191759525,0.04327340854874769,-1.9597086238784258,-0.11784377028777354,0.06500491460686904,-1.8128440134174262,0.013513513513513514,vwap,vwap,1,1,0.9979032132142179,random_init,,,0,7,0.868231920223135,0.5,-0.03344351589410963
ga_g007_0045,-0.0844521279470593,0.04337277110623364,-1.947123178738322,-0.1176817686714828,0.0651779226646217,-1.805546477401925,0.018018018018018018,close,close,1,1,0.9979032132142179,random_init,,,0,7,0.8660525694678803,0.5,-0.03333910643683144
ga_g007_0058,0.10622157155879695,0.08153633926088871,1.302751294964615,0.1316674076557013,0.10911739555602201,1.2066582691492291,0.8108108108108109,delay[20](volume),delay[20](volume),2,2,0.942913864444965,random_inject,,,1,7,0.859100912995826,1.0,0.03983618011380072
ga_g007_0049,0.11369151186431332,0.07940401513175321,1.4318106165748379,0.13176011653696149,0.10917793316215252,1.2068383483800669,0.8333333333333334,delay[20](zscore_cs(rank(volume))),delay[20](zscore_cs(rank(volume))),4,4,0.942913864444965,crossover,delay[20](volume)|zscore_cs(rank(volume)),,7,7,0.8584727240460865,1.0,0.03983618011380072
ga_g007_0062,-0.08158328803054316,0.04341945849066348,-1.8789568287242935,-0.11477891947661212,0.06511225908100818,-1.7627850898831834,0.02702702702702703,high,high,1,1,0.9979032132142179,random_init,,,0,7,0.847878214604044,0.5,-0.032277947602253984
ga_g007_0038,0.09971860480698229,0.06981933124628925,1.4282377534557398,0.115872205625301,0.09390120689305621,1.2339799397601725,0.8063063063063063,"covariance[30](volume,rank(demean(high)))","covariance[30](volume,rank(demean(high)))",5,4,0.9095303420662272,crossover+mutate,"zscore_cs(ts_mean[3](ts_min[3](vwap)))|covariance[30](amount,rank(demean(high)))",covariance,6,7,0.8444669776560565,1.0,0.038236476974744554
ga_g007_0048,0.09917126679973141,0.06965621692838746,1.4237245600301256,0.1128377484915012,0.09480305861993689,1.1902332069671395,0.8063063063063063,"covariance[30](volume,rank(demean(close)))","covariance[30](volume,rank(demean(close)))",5,4,0.9095303420662272,crossover,"covariance[30](volume,rank(demean(high)))|close",,7,7,0.824290330625083,1.0,0.03805687971552406
ga_g007_0026,0.09561558239287658,0.06887644048597656,1.3882189863215157,0.10990019585225091,0.09409117861703088,1.1680180593715992,0.8018018018018018,"covariance[30](volume,rank(vwap))","covariance[30](volume,rank(vwap))",4,3,0.9095303420662272,crossover,"covariance[30](volume,rank(demean(high)))|vwap",,7,7,0.8136578298605307,1.0,0.03651248798076856
ga_g007_0033,0.09363803205468185,0.06245351281262149,1.499323702345181,0.10960509738323376,0.09165159411846026,1.1958886087847909,0.6891891891891891,"covariance[60](volume,rank(demean(high)))","covariance[60](volume,rank(demean(high)))",5,4,0.8194778108653705,mutate,"covariance[30](volume,rank(demean(high)))",covariance,7,7,0.8011962964215967,1.0,0.037340051561302434
ga_g007_0060,0.0957751482472207,0.07281444024526709,1.3153317930428785,0.10655412235974368,0.09537371334107003,1.1172273640923565,0.6621621621621622,"covariance[60](volume,ts_rank[3](log_abs(low)))","covariance[60](volume,ts_rank[3](log_abs(low)))",5,4,0.8135041991501321,mutate,"covariance[30](volume,ts_rank[3](log_abs(low)))",covariance,7,7,0.7640381643371464,1.0,0.03482837634550533
ga_g007_0025,0.10477551945591071,0.07773056867160347,1.3479319815421253,0.108936689532828,0.09354037171499834,1.1645954312084585,0.8018018018018018,"covariance[30](volume,ts_rank[3](log_abs(low)))","covariance[30](volume,ts_rank[3](log_abs(low)))",5,4,0.9034942728722632,crossover,"covariance[30](amount,ts_rank[3](log_abs(low)))|volume",,3,7,0.7633449717886593,0.5,0.03574554102845166
ga_g007_0046,0.09654939493751451,0.07456898631240842,1.294766091267738,0.10709180619983642,0.10455468689903352,1.024265954746275,0.7927927927927928,"covariance[30](amount,rank(demean(high)))","covariance[30](amount,rank(demean(high)))",5,4,0.9095303420662272,crossover,"covariance[30](amount,rank(amount))|demean(high)",,4,7,0.7511550789013504,1.0,0.03452046188687044
ga_g007_0022,0.09538450939533535,0.07106295455980752,1.3422536395536229,0.09147687668092605,0.09318068721815319,0.981714982062343,0.7882882882882883,"rank(covariance[30](close,scale(volume)))","rank(covariance[30](close,scale(volume)))",5,4,0.9095303420662272,crossover,"rank(covariance[30](high,scale(volume)))|close",,4,7,0.6667218487465312,0.5,0.030953871348071288
ga_g007_0029,0.07952283431652725,0.06466285530638648,1.2298070343434573,0.07523915838025541,0.08830606615422394,0.85202706514921,0.7882882882882883,"covariance[20](log_abs(amount),rank(low))","covariance[20](log_abs(amount),rank(low))",5,3,0.9397753761390123,crossover+mutate,"covariance[60](log_abs(amount),rank(low))|covariance[60](log_abs(amount),rank(low))",covariance,2,7,0.6515174378040276,1.0,0.02761888274256584
ga_g007_0020,0.03585556744340976,0.03739358960379382,0.9588693629929549,0.06434078897294922,0.059361908167948535,1.083873328177293,0.7882882882882883,"safe_div(ts_mean[3](ts_min[3](vwap)),log_abs(delta[10](close)))","safe_div(ts_mean[3](ts_min[3](vwap)),log_abs(delta[10](close)))",7,4,0.9611068357479843,crossover,"safe_div(ts_mean[3](ts_min[3](vwap)),log_abs(delta[10](low)))|close",,7,7,0.6256260324798205,0.0,0.017123352089333216
ga_g007_0067,0.09226792289115691,0.07111112027321814,1.2975174984819757,0.06740254331981747,0.09752785534025857,0.6911106891939861,0.9054054054054054,abs(ts_std[3](amount)),abs(ts_std[3](amount)),3,3,0.9916998472022396,random_inject,,,7,7,0.6039465778033988,1.0,0.02940319668811603
ga_g007_0037,0.033028486675099666,0.0372578896892547,0.8864830228059104,0.05949402389952868,0.06053146643076456,0.9828611036142252,0.7747747747747747,"safe_div(ts_mean[3](ts_min[3](vwap)),log_abs(delta[10](low)))","safe_div(ts_mean[3](ts_min[3](vwap)),log_abs(delta[10](low)))",7,4,0.9674462698386145,crossover,"safe_div(zscore_cs(log_abs(close)),log_abs(delta[10](low)))|ts_mean[3](ts_min[3](vwap))",,6,7,0.5766978335660948,0.0,0.01613452697668019
ga_g007_0008,0.09876204586329188,0.07848766103785487,1.2583130208920177,0.07096842621218556,0.1103233839843357,0.6432763721448396,0.9144144144144144,"add(amount,open)","add(amount,open)",3,2,0.9979032132142179,random_inject,,,6,7,0.5371158816863926,0.5,0.029061888572953054
ga_g007_0042,0.09887573275351168,0.07852983740214843,1.2590849035784024,0.07106260609143265,0.11034062358236682,0.6440294044412935,0.9144144144144144,"min(ts_max[30](abs(volume)),amount)","min(ts_max[30](abs(volume)),amount)",5,4,0.9979032132142179,random_inject,,,6,7,0.5335206475799639,0.5,0.029085615586154898
ga_g007_0030,0.0584233528081186,0.06394297178297012,0.9136790358511057,0.052614772663871566,0.08839607845858413,0.5952161405952296,0.7342342342342343,"covariance[20](log_abs(volume),rank(low))","covariance[20](log_abs(volume),rank(low))",5,3,0.9397753761390123,crossover,"covariance[20](log_abs(amount),rank(low))|volume",,7,7,0.5162154954535507,1.0,0.020438664290444913
ga_g007_0055,0.07033844732504112,0.09288872390588417,0.7572334333746341,0.06632764924322003,0.1119087856393315,0.5926938520893795,0.6936936936936937,zscore_cs(ts_mean[30](ts_min[3](amount))),zscore_cs(ts_mean[30](ts_min[3](amount))),4,4,0.9034942728722632,crossover+mutate,demean(ts_min[3](demean(high)))|zscore_cs(ts_mean[30](ts_min[3](vwap))),zscore_cs,7,7,0.4642782394078287,0.5,0.021916387803185278
ga_g007_0053,0.053164409329318145,0.08896779082738608,0.5975691745843943,0.05163596694824426,0.11028981496559918,0.46818436466096336,0.6711711711711712,delay[20](ts_mean[3](amount)),delay[20](ts_mean[3](amount)),3,3,0.9367818784086727,crossover+mutate,delay[20](rank(zscore_cs(open)))|ts_mean[3](returns),delay,7,7,0.3995402118646558,0.5,0.015450608771021251
ga_g007_0066,0.08307404078988327,0.08259635066018717,1.005783428999925,0.04047360871994158,0.12162136286094298,0.33278371305719945,0.8468468468468469,ts_mean[3](returns),ts_mean[3](returns),2,2,0.9886104326295715,crossover+mutate,ts_mean[3](ts_min[3](vwap))|rank(zscore_cs(open)),ts_mean,6,7,0.3350946895495169,0.0,0.02055823320948652
ga_g007_0073,-0.01497230012061653,0.07468074812111998,-0.20048406714316658,-0.02972572555835838,0.09327155565955209,-0.3187008659623886,0.38288288288288286,"covariance[30](returns,delay[10](high))","covariance[30](returns,delay[10](high))",4,3,0.8793990698296918,random_inject,,,7,7,0.267903738532363,0.5,-9.005400986569767e-06
ga_g007_0057,0.06537193320564724,0.09543971753341189,0.6849552250902419,0.0244814264444767,0.1366410274842406,0.17916600083602452,0.8063063063063063,returns,returns,1,1,0.9947937230233881,random_init,,,0,7,0.25216016318753415,0.0,0.013106082271903102
ga_g007_0059,0.03783167916793851,0.10220397897336242,0.37015857452867507,0.024491226020420996,0.1367510033296726,0.17909357462905592,0.7027027027027027,rank(returns),rank(returns),2,2,0.9947937230233881,random_init,,,0,7,0.22934554879512514,0.0,0.013069380747171885
ga_g007_0077,0.005736914938710475,0.0457324656669611,0.12544512645542846,0.004933032248565615,0.08063026063935932,0.06118090415991506,0.536036036036036,"safe_div(amount,returns)","safe_div(amount,returns)",3,2,0.9707721305807431,random_inject,,,7,7,0.12950547002614093,0.0,0.001321395286775301
ga_g007_0010,0.0009641876964394426,0.06236983987995136,0.015459197879861457,-0.007276958982957506,0.0758892932821683,-0.09588913887892764,0.4144144144144144,"covariance[30](ts_min[10](open),ts_rank[3](log_abs(low)))","covariance[30](ts_min[10](open),ts_rank[3](log_abs(low)))",6,4,0.8824081819297127,crossover,"covariance[30](volume,ts_rank[3](log_abs(low)))|ts_min[10](open)",,7,7,0.10714692484459691,0.0,0.0034096343790723377
ga_g008_0000,0.08119638900423477,0.033336608617699666,2.4356523465054734,0.1232078528125704,0.056372838551258526,2.1855889463600513,0.9414414414414415,"safe_div(zscore_cs(log_abs(close)),log_abs(delta[10](low)))","safe_div(zscore_cs(log_abs(close)),log_abs(delta[10](low)))",7,4,0.9685102776011867,crossover,"safe_div(zscore_cs(log_abs(close)),zscore_cs(low))|log_abs(delta[10](low))",,3,8,1.1994593603288748,0.5,0.035735621625443
ga_g008_0001,-0.11909019863731579,0.04618906934720483,-2.578319942800983,-0.13292226412712238,0.05773262697927025,-2.302376854856268,0.018018018018018018,rank(delay[20](ts_mean[3](low))),rank(delay[20](ts_mean[3](low))),4,4,0.9367818784086727,crossover,rank(volume)|delay[20](ts_mean[3](low)),,6,8,1.1209397560729129,1.0,-0.042167992538487784
ga_g008_0002,-0.10578669323591246,0.041692474836103915,-2.5373090384240196,-0.1328672835022961,0.05774970767983909,-2.300743827811291,0.018018018018018018,delay[20](ts_mean[3](low)),delay[20](ts_mean[3](low)),3,3,0.9367818784086727,mutate,delay[20](ts_mean[3](log_abs(returns))),delay,5,8,1.120139480927146,1.0,-0.042167992538487784
ga_g008_0042,-0.10266505018006462,0.041446763031388875,-2.4770342162140215,-0.12961687398079058,0.05693572878404226,-2.2765472006589844,0.02702702702702703,delay[20](vwap),delay[20](vwap),2,2,0.942913864444965,crossover,delay[20](volume)|vwap,,8,8,1.1110976777995643,1.0,-0.040675690997041256
ga_g008_0003,-0.11643252531870704,0.0460135627168453,-2.5303957886330277,-0.13040510145368892,0.05718894180638009,-2.280250295506267,0.018018018018018018,delay[20](rank(zscore_cs(open))),delay[20](rank(zscore_cs(open))),4,4,0.942913864444965,crossover,delay[20](volume)|rank(zscore_cs(open)),,3,8,1.1096401655157273,1.0,-0.04094813007339658
ga_g008_0004,-0.10654573075202863,0.042283062536348004,-2.519820570244603,-0.13326312568999382,0.05857738264006903,-2.274992833135516,0.018018018018018018,delay[20](ts_mean[3](ts_min[3](vwap))),delay[20](ts_mean[3](ts_min[3](vwap))),4,4,0.9306632761178216,crossover,delay[20](ts_mean[3](log_abs(volume)))|ts_min[3](vwap),,3,8,1.1082256398051908,1.0,-0.04240697220668549
ga_g008_0005,-0.1284650861222206,0.04603037340637561,-2.7908764716739634,-0.14603321678196077,0.0638550665503711,-2.286948000700378,0.0045045045045045045,rank(ts_min[10](ts_min[20](open))),rank(ts_min[10](ts_min[20](open))),4,4,0.912548376663209,crossover,rank(amount)|ts_min[10](ts_min[20](open)),,2,8,1.0749096826325817,0.5,-0.04515542181825037
ga_g008_0006,-0.11608873050068719,0.042161885760469815,-2.7534046071897897,-0.14600277293575734,0.0638871941250683,-2.285321415899657,0.0,ts_min[10](ts_min[20](open)),ts_min[10](ts_min[20](open)),3,3,0.912548376663209,crossover,ts_min[10](open)|ts_min[20](open),,1,8,1.073736833703979,0.5,-0.04515542181825037
ga_g008_0007,-0.11608873050068719,0.042161885760469815,-2.7534046071897897,-0.14600277293575734,0.0638871941250683,-2.285321415899657,0.0,ts_min[20](ts_min[10](open)),ts_min[20](ts_min[10](open)),3,3,0.912548376663209,crossover,ts_min[20](open)|ts_min[10](open),,6,8,1.073736833703979,0.5,-0.04515542181825037
ga_g008_0024,-0.11584613082208584,0.04244042112231829,-2.729617844464918,-0.1460342724870397,0.06412921255242734,-2.2771879877310637,0.0,ts_min[30](vwap),ts_min[30](vwap),2,2,0.9095303420662272,crossover+mutate,"close|covariance[30](amount,ts_rank[3](log_abs(low)))",ts_min,3,8,1.072061939788232,0.5,-0.04537726097213436
ga_g008_0030,-0.12853793723404144,0.046168989705126284,-2.7840751563980937,-0.14607276446060788,0.06409446730193973,-2.279022989183767,0.0045045045045045045,rank(zscore_cs(ts_min[30](vwap))),rank(zscore_cs(ts_min[30](vwap))),4,4,0.9095303420662272,crossover,rank(zscore_cs(open))|ts_min[30](vwap),,6,8,1.0717864695361699,0.5,-0.04537726097213436
ga_g008_0054,0.16553946053295165,0.08159471837606046,2.0288011752182262,0.17883660501387658,0.11090610116378152,1.6125046605847058,0.8243243243243243,"covariance[30](returns,log_abs(close))","covariance[30](returns,log_abs(close))",4,3,0.9065123074692455,random_inject,,,7,8,1.0712665220037028,1.0,0.05678344120064242
ga_g008_0063,-0.10914813734825048,0.041122117558104535,-2.6542440863855528,-0.13916267742658353,0.062360614761976345,-2.2315796269448636,0.0,ts_min[20](open),ts_min[20](open),2,2,0.9397753761390123,random_init,,,0,8,1.0469558193087494,0.5,-0.04179265955073401
ga_g008_0059,-0.10143441822152544,0.04165610959496861,-2.435043003482425,-0.13256457999934135,0.06253410142110868,-2.1198766271005143,0.0,ts_min[10](open),ts_min[10](open),2,2,0.9702033213994936,random_init,,,0,8,1.0456641718807824,1.0,-0.03891322115334282
ga_g008_0067,0.15089394458687552,0.07370942958037874,2.0471457376064555,0.1512199079411235,0.09982477008649973,1.5148535559870469,0.990990990990991,rank(volume),rank(volume),2,2,0.9979032132142179,random_inject,,,2,8,1.034985004690387,1.0,0.05272341290185362
ga_g008_0021,-0.10185064160696418,0.04046280669224708,-2.517142282828328,-0.12991083261053318,0.058610805809549,-2.216499684932976,0.013513513513513514,zscore_cs(ts_mean[30](ts_min[3](vwap))),zscore_cs(ts_mean[30](ts_min[3](vwap))),4,4,0.9034942728722632,crossover+mutate,ts_min[20](open)|zscore_cs(ts_mean[3](ts_min[3](vwap))),zscore_cs,5,8,1.0304240100072126,0.5,-0.04035652248591742
ga_g008_0052,-0.0934866624692307,0.042648876685320254,-2.1920076150893983,-0.12519305012651,0.06343487088347889,-1.9735682974191335,0.0045045045045045045,ts_mean[3](ts_min[3](open)),ts_mean[3](ts_min[3](open)),3,3,0.9855277099296239,crossover,ts_mean[3](ts_min[3](vwap))|open,,8,8,0.9787441582465881,1.0,-0.0362255076383987
ga_g008_0051,-0.10789991193571058,0.04349985999725833,-2.480465728912948,-0.12833026655401547,0.06217118704663785,-2.0641437400535434,0.009009009009009009,rank(ts_min[10](high)),rank(ts_min[10](high)),3,3,0.9702033213994936,crossover,rank(volume)|ts_min[10](high),,8,8,0.9710422160996742,0.5,-0.03741688363919861
ga_g008_0039,-0.0973369908356496,0.04155009909926705,-2.3426416048515906,-0.12827891907624503,0.06216461820400403,-2.063535863041504,0.0045045045045045045,ts_min[10](high),ts_min[10](high),2,2,0.9702033213994936,crossover,ts_min[10](open)|high,,5,8,0.9697692200856045,0.5,-0.03741688363919861
ga_g008_0012,-0.09179566544431692,0.04286999368549929,-2.141256798816993,-0.12381983073270059,0.06411398414454177,-1.9312453029522385,0.0045045045045045045,ts_mean[3](ts_min[3](vwap)),ts_mean[3](ts_min[3](vwap)),3,3,0.9855277099296239,crossover,ts_mean[3](log_abs(volume))|ts_min[3](vwap),,2,8,0.910455592916018,0.5,-0.035604301403500724
ga_g008_0065,-0.09179566544431692,0.04286999368549929,-2.141256798816993,-0.12381983073270059,0.06411398414454177,-1.9312453029522385,0.0045045045045045045,zscore_cs(ts_mean[3](ts_min[3](vwap))),zscore_cs(ts_mean[3](ts_min[3](vwap))),4,4,0.9855277099296239,crossover,zscore_cs(open)|ts_mean[3](ts_min[3](vwap)),,3,8,0.908455592916018,0.5,-0.035604301403500724
ga_g008_0010,-0.12384895021304561,0.051187374654022955,-2.4195214357084045,-0.1573952381290072,0.09325316339827229,-1.6878273336078942,0.0,"safe_div(ts_mean[3](ts_min[3](vwap)),delay[20](volume))","safe_div(ts_mean[3](ts_min[3](vwap)),delay[20](volume))",6,4,0.9401969641204091,crossover,"safe_div(ts_mean[3](ts_min[3](vwap)),log_abs(delta[10](low)))|delay[20](volume)",,8,8,0.8965958183700288,1.0,-0.04668736410117752
ga_g008_0070,-0.08879432278607886,0.043136789714139256,-2.0584360443719834,-0.1216946911884688,0.06479582589477255,-1.8781254734849613,0.0045045045045045045,"safe_div(low,1)","safe_div(low,1)",3,2,0.9979032132142179,random_inject,,,8,8,0.8870913085937675,0.5,-0.03484343667061848
ga_g008_0014,-0.08675599444631588,0.043055959494635324,-2.0149590315627615,-0.11944953630409957,0.0644399034747746,-1.8536579023719182,0.013513513513513514,open,open,1,1,0.9979032132142179,random_init,,,0,8,0.8808838225337148,0.5,-0.03412999309410818
ga_g008_0020,-0.08480327191759525,0.04327340854874769,-1.9597086238784258,-0.11784377028777354,0.06500491460686904,-1.8128440134174262,0.013513513513513514,vwap,vwap,1,1,0.9979032132142179,random_init,,,0,8,0.8629459273733469,0.5,-0.03344351589410963
ga_g008_0078,-0.0844521279470593,0.04337277110623364,-1.947123178738322,-0.1176817686714828,0.0651779226646217,-1.805546477401925,0.018018018018018018,close,close,1,1,0.9979032132142179,random_init,,,0,8,0.8607713126297869,0.5,-0.03333910643683144
ga_g008_0053,0.10622157155879695,0.08153633926088871,1.302751294964615,0.1316674076557013,0.10911739555602201,1.2066582691492291,0.8108108108108109,delay[20](volume),delay[20](volume),2,2,0.942913864444965,random_inject,,,1,8,0.8603123203876633,1.0,0.03983618011380072
ga_g008_0028,-0.08158328803054316,0.04341945849066348,-1.8789568287242935,-0.11477891947661212,0.06511225908100818,-1.7627850898831834,0.02702702702702703,high,high,1,1,0.9979032132142179,random_init,,,0,8,0.8425926481169533,0.5,-0.032277947602253984
ga_g008_0046,0.09561558239287658,0.06887644048597656,1.3882189863215157,0.10990019585225091,0.09409117861703088,1.1680180593715992,0.8018018018018018,"covariance[30](volume,rank(vwap))","covariance[30](volume,rank(vwap))",4,3,0.9095303420662272,crossover,"covariance[30](volume,rank(demean(high)))|vwap",,7,8,0.8148814999266961,1.0,0.03651248798076856
ga_g008_0061,0.09363803205468185,0.06245351281262149,1.499323702345181,0.10960509738323376,0.09165159411846026,1.1958886087847909,0.6891891891891891,"covariance[60](volume,rank(demean(high)))","covariance[60](volume,rank(demean(high)))",5,4,0.8194778108653705,mutate,"covariance[30](volume,rank(demean(high)))",covariance,7,8,0.8016961500518176,1.0,0.037340051561302434
ga_g008_0008,0.0957751482472207,0.07281444024526709,1.3153317930428785,0.10655412235974368,0.09537371334107003,1.1172273640923565,0.6621621621621622,"covariance[60](volume,ts_rank[3](log_abs(low)))","covariance[60](volume,ts_rank[3](log_abs(low)))",5,4,0.8135041991501321,mutate,"covariance[30](volume,ts_rank[3](log_abs(low)))",covariance,7,8,0.7649328457118684,1.0,0.03482837634550533
ga_g008_0025,0.10477551945591071,0.07773056867160347,1.3479319815421253,0.108936689532828,0.09354037171499834,1.1645954312084585,0.8018018018018018,"covariance[30](volume,ts_rank[3](log_abs(low)))","covariance[30](volume,ts_rank[3](log_abs(low)))",5,4,0.9034942728722632,crossover,"covariance[30](amount,ts_rank[3](log_abs(low)))|volume",,3,8,0.7644055061766807,0.5,0.03574554102845166
ga_g008_0057,0.08446517881622305,0.06657375593699723,1.268745883830823,0.09240338137079572,0.0938533504561482,0.9845506944791496,0.7927927927927928,"covariance[30](volume,rank(demean(low)))","covariance[30](volume,rank(demean(low)))",5,4,0.9095303420662272,crossover+mutate,"covariance[60](volume,rank(demean(high)))|covariance[30](volume,rank(demean(close)))",covariance,8,8,0.7215555392071423,1.0,0.030802234371223716
ga_g008_0013,0.09538450939533535,0.07106295455980752,1.3422536395536229,0.09147687668092605,0.09318068721815319,0.981714982062343,0.7882882882882883,"rank(covariance[30](close,scale(volume)))","rank(covariance[30](close,scale(volume)))",5,4,0.9095303420662272,crossover,"rank(covariance[30](high,scale(volume)))|close",,4,8,0.6678834695084427,0.5,0.030953871348071288
ga_g008_0015,0.07952283431652725,0.06466285530638648,1.2298070343434573,0.07523915838025541,0.08830606615422394,0.85202706514921,0.7882882882882883,"covariance[20](log_abs(amount),rank(low))","covariance[20](log_abs(amount),rank(low))",5,3,0.9397753761390123,crossover+mutate,"covariance[60](log_abs(amount),rank(low))|covariance[60](log_abs(amount),rank(low))",covariance,2,8,0.6525229406475688,1.0,0.02761888274256584
ga_g008_0031,0.03585556744340976,0.03739358960379382,0.9588693629929549,0.06434078897294922,0.059361908167948535,1.083873328177293,0.7882882882882883,"safe_div(ts_mean[3](ts_min[3](vwap)),log_abs(delta[10](close)))","safe_div(ts_mean[3](ts_min[3](vwap)),log_abs(delta[10](close)))",7,4,0.9611068357479843,crossover,"safe_div(ts_mean[3](ts_min[3](vwap)),log_abs(delta[10](low)))|close",,7,8,0.6227552000023336,0.0,0.017123352089333216
ga_g008_0011,0.05347472697999509,0.05134484360900364,1.0414819331656893,0.06864931973418097,0.08463363010428065,0.8111352384341219,0.7117117117117117,"delay[20](covariance[20](log_abs(amount),rank(low)))","delay[20](covariance[20](log_abs(amount),rank(low)))",6,4,0.8851317741269893,crossover,"delay[20](rank(zscore_cs(open)))|covariance[20](log_abs(amount),rank(low))",,8,8,0.6154645970515957,1.0,0.021818980598192456
ga_g008_0029,0.033028486675099666,0.0372578896892547,0.8864830228059104,0.05949402389952868,0.06053146643076456,0.9828611036142252,0.7747747747747747,"safe_div(ts_mean[3](ts_min[3](vwap)),log_abs(delta[10](low)))","safe_div(ts_mean[3](ts_min[3](vwap)),log_abs(delta[10](low)))",7,4,0.9674462698386145,crossover,"safe_div(zscore_cs(log_abs(close)),log_abs(delta[10](low)))|ts_mean[3](ts_min[3](vwap))",,6,8,0.5736486064490677,0.0,0.01613452697668019
ga_g008_0071,0.09876443487416282,0.0784875667351018,1.258344970834631,0.07097419980374355,0.11032503279111638,0.6433190909457726,0.9144144144144144,"sub(amount,low)","sub(amount,low)",3,2,0.9979032132142179,random_inject,,,8,8,0.5369948964049444,0.5,0.02907512172594498
ga_g008_0045,0.09876204586329188,0.07848766103785487,1.2583130208920177,0.07096842621218556,0.1103233839843357,0.6432763721448396,0.9144144144144144,"add(amount,open)","add(amount,open)",3,2,0.9979032132142179,random_inject,,,6,8,0.5369715943272385,0.5,0.029061888572953054
ga_g008_0016,0.09887573275351168,0.07852983740214843,1.2590849035784024,0.07106260609143265,0.11034062358236682,0.6440294044412935,0.9144144144144144,"min(ts_max[30](abs(volume)),amount)","min(ts_max[30](abs(volume)),amount)",5,4,0.9979032132142179,random_inject,,,6,8,0.5333802888064274,0.5,0.029085615586154898
ga_g008_0035,0.08747938155631342,0.08333092469458898,1.0497829212495684,0.07107720517319949,0.11026823994971878,0.6445845622058535,0.8288288288288288,log_abs(amount),log_abs(amount),2,2,0.9979032132142179,crossover+mutate,"rank(covariance[30](high,scale(volume)))|log_abs(open)",log_abs,4,8,0.5211749788768937,0.5,0.029066415481541735
ga_g008_0041,0.0630850778676456,0.07498591707119862,0.8412923430375165,0.06277968171751652,0.09939870125750122,0.6315945874874174,0.6216216216216216,"covariance[30](ts_min[10](ts_min[20](open)),rank(demean(close)))","covariance[30](ts_min[10](ts_min[20](open)),rank(demean(close)))",7,4,0.8254514225806093,crossover,"covariance[30](volume,rank(demean(close)))|ts_min[10](ts_min[20](open))",,8,8,0.47337777694375216,0.5,0.02024436838604267
ga_g008_0037,0.01720907881861859,0.053854174169919375,0.31954958151100643,0.0034856608104205573,0.07567948032912074,0.046058202240050375,0.6081081081081081,abs(ts_std[3](ts_min[10](open))),abs(ts_std[3](ts_min[10](open))),4,4,0.9640981028540836,crossover,abs(ts_std[3](amount))|ts_min[10](open),,8,8,0.17621710181991715,0.5,-0.003052818342010294
