market,code,close,open,high,low,pre_close,server_time,neg_price,vol,cur_vol,amount,in_vol,out_vol,s_amount,open_amount,handicap,unknown,rise_speed,short_turnover,min2_amount,opening_rush,active_flag,decimal,extra_meta,vol_rise_speed,depth,active,turnover,ts_code,market_cap_yi,name,drop_reason
MARKET.SZ,000001,10.68,10.7,10.73,10.65,10.7,15:33:11.598,-10.68,95413200,751000,1020057088.0,51166600,44246700,0,707.91,"{'bid': [{'price': 10.68, 'vol': 2841}], 'ask': [{'price': 10.69, 'vol': 532}]}",0001001001010110,0.00%,0.02%,8020608.0,-0.08%,0,0,000000000000000000000000000000000000000000000000,0.74%,29.06%,4438,0.49,000001.SZ,,平安银行,
MARKET.SZ,000002,3.46,3.48,3.5,3.43,3.47,15:33:15.930,-3.46,86651800,1021800,300537440.0,48526800,38125000,0,263.99,"{'bid': [{'price': 3.46, 'vol': 37369}], 'ask': [{'price': 3.47, 'vol': 3876}]}",0000011110010110,-0.28%,0.04%,3535392.0,0.00%,0,0,000000000000000000000000000000000000000000000000,1.44%,32.19%,4190,0.89,000002.SZ,,万 科Ａ,
MARKET.SZ,000006,10.88,10.62,11.08,10.45,10.46,15:33:11.478,-10.88,48189300,1229600,519744640.0,21943900,26245500,0,356.51,"{'bid': [{'price': 10.88, 'vol': 965}], 'ask': [{'price': 10.89, 'vol': 187}]}",0001000100010110,-0.17%,0.25%,13377600.0,-0.18%,0,0,000000000000000000000000000000000000000000000000,2.19%,-28.71%,3734,3.57,000006.SZ,,深振业Ａ,
MARKET.SZ,000007,12.46,11.62,12.78,11.62,11.62,15:33:10.530,-12.46,30977900,109500,389559808.0,21550400,9427600,0,110.85,"{'bid': [{'price': 12.45, 'vol': 116}], 'ask': [{'price': 12.46, 'vol': 230}]}",0001011010010110,-0.07%,0.13%,1364416.0,0.00%,0,0,000000000000000000000000000000000000000000000000,0.46%,23.41%,3434,8.94,000007.SZ,,全新好,
MARKET.SZ,000008,2.62,2.61,2.62,2.59,2.61,15:33:16.434,-2.62,28896900,957400,75248336.0,15236600,13660300,0,90.91,"{'bid': [{'price': 2.61, 'vol': 13385}], 'ask': [{'price': 2.62, 'vol': 1734}]}",0000100000010110,0.00%,0.12%,2508400.0,0.00%,0,0,000000000000000000000000000000000000000000000000,3.54%,38.61%,2140,1.06,000008.SZ,,神州高铁,
MARKET.SZ,000009,7.76,7.78,7.82,7.69,7.75,15:33:13.350,-7.76,17025800,513400,131777456.0,8653900,8371900,0,17.77,"{'bid': [{'price': 7.75, 'vol': 165}], 'ask': [{'price': 7.76, 'vol': 592}]}",0000100100010110,0.39%,0.05%,3983952.0,0.00%,0,0,000000000000000000000000000000000000000000000000,2.50%,8.75%,2989,0.66,000009.SZ,,中国宝安,
MARKET.SZ,000011,7.56,7.47,7.62,7.37,7.46,15:33:13.470,-7.56,3920500,43600,29355056.0,1852600,2067900,0,8.96,"{'bid': [{'price': 7.56, 'vol': 74}], 'ask': [{'price': 7.57, 'vol': 201}]}",0000000000010110,0.13%,0.04%,329624.0,-0.12%,0,0,000000000000000000000000000000000000000000000000,1.00%,-61.22%,1287,0.74,000011.SZ,,深物业A,
MARKET.SZ,000012,4.4,4.0,4.4,3.86,4.0,15:33:15.366,-4.4,125772500,1126600,518235456.0,65994100,59778500,0,1186.08,"{'bid': [{'price': 4.4, 'vol': 105348}], 'ask': [{'price': 0.0, 'vol': 0}]}",0000111001010110,0.00%,0.24%,4956832.0,-0.73%,0,0,000000000000000000000000000000000000000000000000,1.22%,0.00%,3769,6.42,000012.SZ,,南 玻Ａ,
MARKET.SZ,000014,11.37,11.21,11.46,11.04,11.19,15:33:11.184,-11.37,5300800,36100,59726688.0,2406600,2894300,0,26.46,"{'bid': [{'price': 11.37, 'vol': 318}], 'ask': [{'price': 11.38, 'vol': 15}]}",0001010000010110,-0.25%,0.07%,410432.0,0.00%,0,0,000000000000000000000000000000000000000000000000,1.00%,21.81%,2321,2.19,000014.SZ,,沙河股份,
MARKET.SZ,000017,5.71,5.61,5.72,5.56,5.6,15:33:14.580,-5.71,6396200,63500,36136412.0,2882700,3513600,0,11.67,"{'bid': [{'price': 5.7, 'vol': 531}], 'ask': [{'price': 5.71, 'vol': 396}]}",0001010101010110,0.35%,0.07%,362588.0,0.72%,0,0,000000000000000000000000000000000000000000000000,1.21%,-2.06%,1792,1.45,000017.SZ,,深中华A,
MARKET.SZ,000019,6.73,6.81,6.84,6.65,6.75,15:33:13.968,-6.73,10275300,132100,69166728.0,5410200,4865100,0,143.08,"{'bid': [{'price': 6.73, 'vol': 1071}], 'ask': [{'price': 6.74, 'vol': 760}]}",0000000100010110,0.15%,0.10%,889032.0,0.74%,0,0,000000000000000000000000000000000000000000000000,1.25%,30.81%,1959,2.47,000019.SZ,,深粮控股,
MARKET.SZ,000020,13.21,13.0,13.37,12.67,12.8,15:33:10.080,-13.21,7684000,180800,100542104.0,3610400,4073600,0,170.04,"{'bid': [{'price': 13.21, 'vol': 82}], 'ask': [{'price': 13.23, 'vol': 7}]}",0000000000010110,-0.59%,0.55%,2388328.0,3.42%,0,0,000000000000000000000000000000000000000000000000,2.17%,12.70%,2661,4.24,000020.SZ,,深华发Ａ,
MARKET.SZ,000025,14.88,14.75,14.96,14.64,14.62,15:33:09.078,-14.88,3029800,68900,44918604.0,1432100,1597800,0,73.46,"{'bid': [{'price': 14.87, 'vol': 387}], 'ask': [{'price': 14.88, 'vol': 115}]}",0001100000010110,0.07%,0.08%,1025312.0,0.68%,0,0,000000000000000000000000000000000000000000000000,2.49%,25.91%,1634,0.77,000025.SZ,,特 力Ａ,
MARKET.SZ,000027,7.31,7.27,7.37,7.18,7.25,15:33:13.620,-7.31,39681200,424100,289700000.0,18327500,21353800,0,143.74,"{'bid': [{'price': 7.3, 'vol': 2048}], 'ask': [{'price': 7.31, 'vol': 296}]}",0000111100010110,0.14%,0.10%,3100256.0,0.00%,0,0,000000000000000000000000000000000000000000000000,1.41%,11.10%,3492,0.83,000027.SZ,,深圳能源,
MARKET.SZ,000030,4.71,4.71,4.75,4.64,4.69,15:33:15.180,-4.71,10543700,167900,49446120.0,5072800,5470900,0,17.29,"{'bid': [{'price': 4.71, 'vol': 543}], 'ask': [{'price': 4.72, 'vol': 2071}]}",0000011110010110,-0.20%,0.07%,790804.0,0.00%,0,0,000000000000000000000000000000000000000000000000,1.55%,-30.53%,1682,0.63,000030.SZ,,富奥股份,
MARKET.SZ,000031,2.64,2.63,2.69,2.6,2.64,15:33:16.422,-2.64,34756200,165800,91716536.0,20546200,14210000,0,14.94,"{'bid': [{'price': 2.63, 'vol': 4441}], 'ask': [{'price': 2.64, 'vol': 7481}]}",0000000000010110,0.00%,0.03%,437712.0,-0.37%,0,0,000000000000000000000000000000000000000000000000,0.51%,-9.60%,3019,0.81,000031.SZ,,大悦城,
MARKET.SZ,000035,5.99,6.05,6.08,5.97,6.03,15:33:14.412,-5.99,32314500,645900,194647440.0,17205100,15109500,0,34.12,"{'bid': [{'price': 5.99, 'vol': 1453}], 'ask': [{'price': 6.0, 'vol': 590}]}",0001011111010110,-0.32%,0.10%,3868928.0,0.17%,0,0,000000000000000000000000000000000000000000000000,2.12%,27.67%,3054,1.4,000035.SZ,,中国天楹,
MARKET.SZ,000036,5.44,5.39,5.47,5.35,5.4,15:33:14.742,-5.44,25903200,258000,140206976.0,14375000,11528200,0,82.47,"{'bid': [{'price': 5.44, 'vol': 73}], 'ask': [{'price': 5.45, 'vol': 508}]}",0000001010010110,0.00%,0.07%,1403520.0,0.00%,0,0,000000000000000000000000000000000000000000000000,1.27%,-17.41%,2554,1.85,000036.SZ,,华联控股,
MARKET.SZ,000037,9.89,9.7,9.9,9.49,9.61,15:33:12.072,-9.89,15813200,257000,154193712.0,7069400,8743800,0,29.68,"{'bid': [{'price': 9.88, 'vol': 865}], 'ask': [{'price': 9.89, 'vol': 1813}]}",0000000000010110,0.10%,0.29%,2541696.0,0.41%,0,0,000000000000000000000000000000000000000000000000,1.78%,-23.54%,3052,4.67,000037.SZ,,深南电A,
MARKET.SZ,000039,10.33,10.32,10.38,9.76,10.19,15:33:11.808,-10.33,80677600,575400,821365952.0,31114500,49563200,0,922.81,"{'bid': [{'price': 10.33, 'vol': 236}], 'ask': [{'price': 10.34, 'vol': 97}]}",0000110110010110,0.00%,0.06%,5942784.0,2.08%,0,0,000000000000000000000000000000000000000000000000,0.68%,-49.31%,4684,3.51,000039.SZ,,中集集团,
MARKET.SZ,000042,10.03,10.02,10.09,9.9,10.02,15:33:11.988,-10.03,4595200,16800,45916064.0,2665000,1930200,0,48.0,"{'bid': [{'price': 10.03, 'vol': 102}], 'ask': [{'price': 10.04, 'vol': 1}]}",0000011110010110,0.00%,0.03%,168516.0,0.00%,0,0,000000000000000000000000000000000000000000000000,0.82%,-2.09%,1532,0.69,000042.SZ,,中洲控股,
MARKET.SZ,000045,12.2,11.98,12.3,11.73,11.81,15:33:10.686,-12.2,10213600,111800,123151392.0,4305400,5908300,0,251.58,"{'bid': [{'price': 12.2, 'vol': 327}], 'ask': [{'price': 12.21, 'vol': 180}]}",0001011010010110,-0.15%,0.11%,1363952.0,1.44%,0,0,000000000000000000000000000000000000000000000000,1.15%,-35.58%,2696,2.23,000045.SZ,,深纺织Ａ,
MARKET.SZ,000048,13.61,13.77,13.87,13.51,13.68,15:33:09.840,-13.61,6426500,67000,87867568.0,3372700,3053900,0,54.94,"{'bid': [{'price': 13.61, 'vol': 231}], 'ask': [{'price': 13.62, 'vol': 95}]}",0000110110010110,-0.06%,0.09%,911920.0,0.00%,0,0,000000000000000000000000000000000000000000000000,1.61%,40.19%,2366,1.21,000048.SZ,,京基智农,
MARKET.SZ,000050,7.95,7.68,7.98,7.37,7.6,15:33:13.236,-7.95,93995100,814000,716938048.0,44512600,49482600,0,1429.86,"{'bid': [{'price': 7.94, 'vol': 557}], 'ask': [{'price': 7.95, 'vol': 400}]}",0000111111010110,0.00%,0.13%,6470976.0,1.05%,0,0,000000000000000000000000000000000000000000000000,0.89%,8.42%,4406,3.86,000050.SZ,,深天马Ａ,
MARKET.SZ,000055,3.59,3.57,3.64,3.48,3.51,15:33:15.852,-3.59,12143800,43900,43328980.0,5750200,6393700,0,31.92,"{'bid': [{'price': 3.59, 'vol': 85}], 'ask': [{'price': 3.6, 'vol': 1241}]}",0000110010010110,0.28%,0.04%,157612.0,2.00%,0,0,000000000000000000000000000000000000000000000000,0.95%,-69.41%,1871,1.8,000055.SZ,,方大集团,
MARKET.SZ,000058,7.58,7.59,7.66,7.46,7.53,15:33:14.058,-7.58,6069900,85800,45892368.0,2903000,3166900,0,49.26,"{'bid': [{'price': 7.58, 'vol': 185}], 'ask': [{'price': 7.59, 'vol': 143}]}",0000000000010110,-0.12%,0.05%,650372.0,1.20%,0,0,000000000000000000000000000000000000000000000000,1.15%,36.45%,1933,0.62,000058.SZ,,深 赛 格,
MARKET.SZ,000059,4.71,4.74,4.76,4.62,4.75,15:33:15.180,-4.71,19643900,249000,92150000.0,9758300,9885600,0,22.47,"{'bid': [{'price': 4.7, 'vol': 2599}], 'ask': [{'price': 4.71, 'vol': 67}]}",0000101000010110,0.00%,0.08%,1172824.0,0.21%,0,0,000000000000000000000000000000000000000000000000,1.71%,17.62%,2232,1.23,000059.SZ,,华锦股份,
MARKET.SZ,000060,7.57,6.99,7.57,6.87,6.88,15:33:13.464,-7.57,178437200,549900,1298780288.0,111249100,67188100,0,890.6,"{'bid': [{'price': 7.57, 'vol': 290215}], 'ask': [{'price': 0.0, 'vol': 0}]}",0000100100010110,0.00%,0.04%,4162560.0,0.43%,0,0,000000000000000000000000000000000000000000000000,0.37%,0.00%,4583,4.02,000060.SZ,,中金岭南,
MARKET.SZ,000061,6.53,6.53,6.63,6.42,6.48,15:33:14.088,-6.53,12450400,182100,81272648.0,5387300,7063100,0,27.23,"{'bid': [{'price': 6.53, 'vol': 1680}], 'ask': [{'price': 6.54, 'vol': 1424}]}",0000110000010110,0.00%,0.05%,1189128.0,0.00%,0,0,000000000000000000000000000000000000000000000000,1.44%,25.35%,2206,0.69,000061.SZ,,农 产 品,
MARKET.SZ,000065,12.19,12.31,12.39,12.01,12.2,15:33:10.692,-12.19,17860300,153800,217573728.0,10359000,7501400,0,89.86,"{'bid': [{'price': 12.19, 'vol': 406}], 'ask': [{'price': 12.2, 'vol': 224}]}",0000111001010110,0.16%,0.10%,1873760.0,0.16%,0,0,000000000000000000000000000000000000000000000000,1.23%,-46.49%,2989,1.83,000065.SZ,,北方国际,
MARKET.SZ,000068,3.1,3.16,3.17,3.05,3.13,15:33:16.146,-3.1,13836000,44200,42686016.0,7635800,6200300,0,28.09,"{'bid': [{'price': 3.1, 'vol': 1847}], 'ask': [{'price': 3.11, 'vol': 1821}]}",0001000010010110,0.00%,0.03%,137016.0,0.96%,0,0,000000000000000000000000000000000000000000000000,0.51%,7.80%,1606,1.37,000068.SZ,,华控赛格,
MARKET.SZ,000069,1.95,1.96,1.97,1.93,1.96,15:33:16.836,-1.95,39530600,172300,76904120.0,20815700,18714900,0,47.55,"{'bid': [{'price': 1.95, 'vol': 20071}], 'ask': [{'price': 1.96, 'vol': 25388}]}",0000000010010110,-0.50%,0.01%,335976.0,0.00%,0,0,000000000000000000000000000000000000000000000000,0.52%,-5.04%,2020,0.57,000069.SZ,,华侨城Ａ,
MARKET.SZ,000088,4.48,4.5,4.51,4.47,4.49,15:33:15.318,-4.48,26019200,300000,116676488.0,12904600,13114600,0,65.93,"{'bid': [{'price': 4.48, 'vol': 1706}], 'ask': [{'price': 4.49, 'vol': 2497}]}",0000011000010110,0.00%,0.03%,1344024.0,0.00%,0,0,000000000000000000000000000000000000000000000000,1.01%,51.08%,2804,0.82,000088.SZ,,盐 田 港,
MARKET.SZ,000089,6.7,6.77,6.79,6.68,6.73,15:33:13.986,-6.7,7539100,142700,50653972.0,4370000,3169100,0,21.26,"{'bid': [{'price': 6.7, 'vol': 2044}], 'ask': [{'price': 6.71, 'vol': 30}]}",0000000000010110,-0.29%,0.03%,956096.0,0.00%,0,0,000000000000000000000000000000000000000000000000,1.59%,38.65%,2098,0.37,000089.SZ,,深圳机场,
MARKET.SZ,000090,3.31,3.28,3.33,3.26,3.27,15:33:16.020,-3.31,11244200,45000,37021596.0,5088700,6155600,0,15.22,"{'bid': [{'price': 3.31, 'vol': 181}], 'ask': [{'price': 3.32, 'vol': 3829}]}",0001010101010110,0.00%,0.03%,148940.0,0.00%,0,0,000000000000000000000000000000000000000000000000,1.46%,-11.01%,1438,0.6,000090.SZ,,天健集团,
MARKET.SZ,000096,8.63,8.68,8.71,8.54,8.64,15:33:12.828,-8.63,4930100,66000,42402532.0,2716300,2213800,0,10.24,"{'bid': [{'price': 8.63, 'vol': 76}], 'ask': [{'price': 8.64, 'vol': 638}]}",0000000000010110,0.00%,0.05%,569584.0,0.23%,0,0,000000000000000000000000000000000000000000000000,1.08%,-31.95%,1172,0.97,000096.SZ,,广聚能源,
MARKET.SZ,000100,4.38,4.25,4.45,4.13,4.37,15:33:15.378,-4.38,1959677600,15397500,8329801728.0,962994900,996682700,0,19008.85,"{'bid': [{'price': 4.38, 'vol': 15927}], 'ask': [{'price': 4.39, 'vol': 40820}]}",0000010111010110,-0.22%,0.16%,67441152.0,-0.22%,0,0,000000000000000000000000000000000000000000000000,0.74%,-29.22%,4744,10.24,000100.SZ,,TCL科技,
MARKET.SZ,000151,11.57,11.48,11.75,11.32,11.42,15:33:11.064,-11.57,7948300,105100,91719272.0,3479900,4468400,0,47.18,"{'bid': [{'price': 11.57, 'vol': 333}], 'ask': [{'price': 11.58, 'vol': 49}]}",0000101100010110,-0.08%,0.08%,1215976.0,1.41%,0,0,000000000000000000000000000000000000000000000000,1.00%,9.67%,1993,2.58,000151.SZ,,中成股份,
MARKET.SZ,000153,6.0,5.96,6.06,5.88,5.94,15:33:14.406,-6.0,5837900,18700,34868492.0,2717300,3120700,0,3.81,"{'bid': [{'price': 5.99, 'vol': 669}], 'ask': [{'price': 6.0, 'vol': 150}]}",0000111100010110,0.17%,0.03%,112188.0,-0.16%,0,0,000000000000000000000000000000000000000000000000,0.70%,-14.87%,1538,1.27,000153.SZ,,丰原药业,
MARKET.SZ,000155,14.3,14.42,14.55,14.11,14.38,15:33:09.426,-14.3,47887900,371300,683507072.0,23167700,24720300,0,786.03,"{'bid': [{'price': 14.29, 'vol': 332}], 'ask': [{'price': 14.31, 'vol': 995}]}",0001000011010110,-0.13%,0.09%,5309632.0,1.91%,0,0,000000000000000000000000000000000000000000000000,0.97%,-17.69%,4352,2.59,000155.SZ,,川能动力,
MARKET.SZ,000156,7.22,7.28,7.31,7.11,7.25,15:33:13.674,-7.22,13109400,160300,94499184.0,7215600,5893800,0,24.46,"{'bid': [{'price': 7.22, 'vol': 764}], 'ask': [{'price': 7.23, 'vol': 28}]}",0000000000010110,-0.27%,0.04%,1157352.0,0.00%,0,0,000000000000000000000000000000000000000000000000,1.16%,29.67%,2301,0.77,000156.SZ,,华数传媒,
MARKET.SZ,000157,7.3,7.3,7.34,7.16,7.27,15:33:14.226,-7.3,66055700,546000,479101376.0,33254100,32801600,0,110.52,"{'bid': [{'price': 7.3, 'vol': 1894}], 'ask': [{'price': 7.31, 'vol': 4833}]}",0000101010010110,0.00%,0.02%,3985760.0,0.00%,0,0,000000000000000000000000000000000000000000000000,0.85%,-47.62%,4132,0.93,000157.SZ,,中联重科,
MARKET.SZ,000159,7.09,6.89,7.3,6.79,6.8,15:33:13.752,-7.09,55380800,723900,392292736.0,23309800,32071000,0,118.3,"{'bid': [{'price': 7.08, 'vol': 3589}], 'ask': [{'price': 7.09, 'vol': 1225}]}",0000101111010110,0.00%,0.36%,5132384.0,0.00%,0,0,000000000000000000000000000000000000000000000000,1.17%,13.41%,3438,11.52,000159.SZ,,国际实业,
MARKET.SZ,000166,4.42,4.49,4.5,4.4,4.47,15:33:15.354,-4.42,97620700,1146900,432468448.0,53325200,44295500,0,110.9,"{'bid': [{'price': 4.42, 'vol': 13751}], 'ask': [{'price': 4.43, 'vol': 9693}]}",0000010001010110,0.00%,0.03%,5069408.0,0.00%,0,0,000000000000000000000000000000000000000000000000,1.37%,27.95%,3992,0.43,000166.SZ,,申万宏源,
MARKET.SZ,000301,12.39,12.45,12.62,12.33,12.52,15:33:10.572,-12.39,26045400,199000,324250080.0,16422300,9623100,0,31.87,"{'bid': [{'price': 12.39, 'vol': 636}], 'ask': [{'price': 12.4, 'vol': 67}]}",0000001100010110,-0.07%,0.02%,2465632.0,0.00%,0,0,000000000000000000000000000000000000000000000000,0.93%,-1.63%,3986,0.39,000301.SZ,,东方盛虹,
MARKET.SZ,000401,3.98,3.98,4.03,3.94,3.96,15:33:15.618,-3.98,10387500,29200,41465108.0,5661400,4726100,0,30.45,"{'bid': [{'price': 3.98, 'vol': 1072}], 'ask': [{'price': 3.99, 'vol': 191}]}",0000100111010110,0.00%,0.01%,116220.0,0.25%,0,0,000000000000000000000000000000000000000000000000,0.62%,15.43%,1709,0.39,000401.SZ,,金隅冀东,
MARKET.SZ,000402,2.93,2.89,2.95,2.86,2.87,15:33:16.248,-2.93,58971400,517600,171749376.0,28045200,30926300,0,170.05,"{'bid': [{'price': 2.92, 'vol': 3595}], 'ask': [{'price': 2.93, 'vol': 385}]}",0000111000010110,0.00%,0.11%,1516480.0,0.35%,0,0,000000000000000000000000000000000000000000000000,1.30%,-34.76%,3046,1.97,000402.SZ,,金 融 街,
MARKET.SZ,000403,11.51,11.49,11.63,11.23,11.55,15:33:11.100,-11.51,26501900,507900,302196448.0,12372000,14130000,0,978.95,"{'bid': [{'price': 11.5, 'vol': 895}], 'ask': [{'price': 11.51, 'vol': 10}]}",0001000010010110,0.00%,0.16%,5845984.0,0.09%,0,0,000000000000000000000000000000000000000000000000,1.69%,1.83%,3123,2.82,000403.SZ,,派林生物,
MARKET.SZ,000404,9.73,9.88,9.99,9.55,9.87,15:33:12.768,-9.73,57856000,1235900,562840960.0,29634800,28221200,0,1638.7,"{'bid': [{'price': 9.72, 'vol': 769}], 'ask': [{'price': 9.73, 'vol': 2750}]}",0000100100010110,-0.20%,0.47%,12025280.0,2.28%,0,0,000000000000000000000000000000000000000000000000,1.91%,-38.11%,4328,8.35,000404.SZ,,长虹华意,
MARKET.SZ,000407,4.74,4.85,4.85,4.67,4.85,15:33:15.162,-4.74,31509900,308700,149376048.0,20211500,11298500,0,111.94,"{'bid': [{'price': 4.73, 'vol': 903}], 'ask': [{'price': 4.74, 'vol': 3343}]}",0001000001010110,0.21%,0.13%,1463280.0,-0.81%,0,0,000000000000000000000000000000000000000000000000,1.34%,26.71%,2856,3.6,000407.SZ,,胜利股份,
MARKET.SZ,000409,9.55,9.5,9.6,9.35,9.5,15:33:12.276,-9.55,5217700,48800,49435316.0,2820300,2397500,0,24.04,"{'bid': [{'price': 9.54, 'vol': 175}], 'ask': [{'price': 9.55, 'vol': 95}]}",0000111001010110,-0.09%,0.03%,466040.0,0.00%,0,0,000000000000000000000000000000000000000000000000,0.96%,-39.87%,1526,0.88,000409.SZ,,云鼎科技,
MARKET.SZ,000410,5.8,5.77,5.82,5.63,5.75,15:33:14.526,-5.8,21373400,177200,122377496.0,9639700,11733800,0,24.98,"{'bid': [{'price': 5.8, 'vol': 820}], 'ask': [{'price': 5.81, 'vol': 2330}]}",0001000010010110,0.00%,0.02%,1027744.0,0.17%,0,0,000000000000000000000000000000000000000000000000,0.75%,-34.07%,2170,1.08,000410.SZ,,沈阳机床,
MARKET.SZ,000411,12.12,11.9,12.12,11.7,11.91,15:33:10.734,-12.12,19561200,251600,233707632.0,12696300,6865000,0,134.83,"{'bid': [{'price': 12.11, 'vol': 146}], 'ask': [{'price': 12.12, 'vol': 2727}]}",0001000010010110,0.25%,0.37%,3049376.0,-0.57%,0,0,000000000000000000000000000000000000000000000000,1.68%,-53.33%,3789,3.47,000411.SZ,,英特集团,
MARKET.SZ,000415,4.14,4.15,4.2,4.1,4.14,15:33:15.522,-4.14,64013900,873700,265608112.0,30128200,33885700,0,45.07,"{'bid': [{'price': 4.14, 'vol': 2301}], 'ask': [{'price': 4.15, 'vol': 2861}]}",0000100101010110,0.24%,0.05%,3617072.0,-0.71%,0,0,000000000000000000000000000000000000000000000000,1.26%,-8.82%,4115,1.19,000415.SZ,,渤海租赁,
MARKET.SZ,000417,10.24,9.8,10.24,9.5,9.31,15:33:11.862,-10.24,259571600,124100,2587952640.0,157787200,101784500,0,9123.37,"{'bid': [{'price': 10.24, 'vol': 59742}], 'ask': [{'price': 0.0, 'vol': 0}]}",0001011001010110,0.00%,0.11%,1270016.0,2.08%,0,0,000000000000000000000000000000000000000000000000,0.10%,0.00%,4601,33.32,000417.SZ,,合百集团,
MARKET.SZ,000419,5.33,5.39,5.41,5.24,5.32,15:33:14.808,-5.33,6807600,62700,36117464.0,3282200,3525500,0,60.58,"{'bid': [{'price': 5.33, 'vol': 385}], 'ask': [{'price': 5.35, 'vol': 209}]}",0001000010010110,-0.36%,0.06%,334176.0,0.19%,0,0,000000000000000000000000000000000000000000000000,1.22%,19.67%,1630,1.25,000419.SZ,,通程控股,
MARKET.SZ,000420,4.8,4.72,4.83,4.67,4.67,15:33:15.126,-4.8,82303000,708700,391257824.0,33815500,48487500,0,455.29,"{'bid': [{'price': 4.8, 'vol': 3719}], 'ask': [{'price': 4.81, 'vol': 1936}]}",0000001100010110,0.00%,0.10%,3401664.0,1.07%,0,0,000000000000000000000000000000000000000000000000,1.06%,-24.34%,4410,3.35,000420.SZ,,吉林化纤,
MARKET.SZ,000421,6.07,6.03,6.08,5.94,6.0,15:33:14.364,-6.07,6316700,40500,37983972.0,2916400,3400300,0,11.76,"{'bid': [{'price': 6.07, 'vol': 113}], 'ask': [{'price': 6.08, 'vol': 1295}]}",0000000001010110,0.17%,0.05%,245836.0,0.00%,0,0,000000000000000000000000000000000000000000000000,0.98%,-41.84%,1724,1.1,000421.SZ,,南京公用,
MARKET.SZ,000422,14.37,14.41,14.52,14.18,14.41,15:33:09.384,-14.37,23623800,309600,338331936.0,10768200,12855600,0,108.51,"{'bid': [{'price': 14.37, 'vol': 1008}], 'ask': [{'price': 14.38, 'vol': 127}]}",0000110000010110,0.00%,0.08%,4448864.0,0.07%,0,0,000000000000000000000000000000000000000000000000,1.20%,-1.89%,3527,2.23,000422.SZ,,湖北宜化,
MARKET.SZ,000425,9.65,9.64,9.87,9.56,9.57,15:33:12.216,-9.65,93206400,780900,900077824.0,47097800,46108600,0,318.99,"{'bid': [{'price': 9.64, 'vol': 2932}], 'ask': [{'price': 9.65, 'vol': 804}]}",0000100000010110,0.21%,0.02%,7535296.0,0.31%,0,0,000000000000000000000000000000000000000000000000,0.83%,70.16%,4457,1.04,000425.SZ,,徐工机械,
MARKET.SZ,000428,3.7,3.8,3.81,3.61,3.76,15:33:15.786,-3.7,17792100,192300,65248896.0,9917500,7874600,0,23.18,"{'bid': [{'price': 3.69, 'vol': 1133}], 'ask': [{'price': 3.7, 'vol': 2012}]}",0000100111010110,0.82%,0.09%,711500.0,1.06%,0,0,000000000000000000000000000000000000000000000000,1.17%,20.46%,1819,1.75,000428.SZ,,华天酒店,
MARKET.SZ,000429,13.29,13.28,13.39,13.15,13.24,15:33:10.032,-13.29,7015300,79600,93177472.0,3120800,3894600,0,25.9,"{'bid': [{'price': 13.29, 'vol': 117}], 'ask': [{'price': 13.3, 'vol': 92}]}",0001000110010110,0.08%,0.04%,1057872.0,0.00%,0,0,000000000000000000000000000000000000000000000000,1.32%,-10.94%,2712,0.54,000429.SZ,,粤高速Ａ,
MARKET.SZ,000430,7.29,7.35,7.39,7.2,7.36,15:33:13.632,-7.29,7446600,178900,54116028.0,4478400,2968300,0,69.97,"{'bid': [{'price': 7.28, 'vol': 67}], 'ask': [{'price': 7.29, 'vol': 218}]}",0001001010010110,0.28%,0.11%,1304168.0,0.68%,0,0,000000000000000000000000000000000000000000000000,2.25%,5.01%,1316,2.01,000430.SZ,,张家界,
MARKET.SZ,000498,5.27,5.29,5.31,5.23,5.29,15:33:14.844,-5.27,6861800,101600,36187832.0,4000600,2861300,0,18.3,"{'bid': [{'price': 5.27, 'vol': 120}], 'ask': [{'price': 5.28, 'vol': 598}]}",0000110100010110,0.00%,0.04%,535436.0,0.19%,0,0,000000000000000000000000000000000000000000000000,1.65%,-10.06%,1580,0.47,000498.SZ,,山东路桥,
MARKET.SZ,000501,7.52,7.59,7.63,7.45,7.57,15:33:13.494,-7.52,5803500,50300,43610064.0,3148400,2655200,0,35.75,"{'bid': [{'price': 7.52, 'vol': 495}], 'ask': [{'price': 7.53, 'vol': 301}]}",0001001001010110,0.13%,0.03%,378252.0,-0.12%,0,0,000000000000000000000000000000000000000000000000,1.09%,-30.73%,1232,0.76,000501.SZ,,武商集团,
MARKET.SZ,000503,7.25,7.32,7.33,7.18,7.28,15:33:13.656,-7.25,11198000,209400,81241664.0,5594800,5603200,0,33.96,"{'bid': [{'price': 7.25, 'vol': 3675}], 'ask': [{'price': 7.26, 'vol': 49}]}",0000001101010110,-0.13%,0.06%,1518144.0,0.27%,0,0,000000000000000000000000000000000000000000000000,1.76%,62.15%,1961,1.14,000503.SZ,,国新健康,
MARKET.SZ,000505,6.23,6.22,6.27,6.13,6.16,15:33:14.268,-6.23,8119400,25100,50367500.0,4132000,3987400,0,45.28,"{'bid': [{'price': 6.23, 'vol': 140}], 'ask': [{'price': 6.24, 'vol': 676}]}",0000010000010110,0.00%,0.06%,156388.0,0.97%,0,0,000000000000000000000000000000000000000000000000,0.97%,-37.44%,1724,1.28,000505.SZ,,京粮控股,
MARKET.SZ,000506,14.2,14.0,14.49,13.73,13.95,15:33:09.486,-14.2,30990500,273600,437021440.0,14872400,16118200,0,95.2,"{'bid': [{'price': 14.2, 'vol': 84}], 'ask': [{'price': 14.21, 'vol': 36}]}",0000111111010110,0.28%,0.10%,3884000.0,0.07%,0,0,000000000000000000000000000000000000000000000000,0.99%,79.22%,4090,3.34,000506.SZ,,招金黄金,
MARKET.SZ,000507,5.21,5.18,5.22,5.16,5.19,15:33:14.880,-5.21,8014300,125000,41594876.0,4156000,3858400,0,8.65,"{'bid': [{'price': 5.2, 'vol': 2463}], 'ask': [{'price': 5.21, 'vol': 1887}]}",0001010110010110,0.19%,0.03%,651248.0,0.00%,0,0,000000000000000000000000000000000000000000000000,1.09%,-11.64%,1125,0.89,000507.SZ,,珠海港,
MARKET.SZ,000509,3.92,3.79,3.94,3.66,3.8,15:33:15.654,-3.92,51467100,751400,196203120.0,24641200,26825900,0,310.44,"{'bid': [{'price': 3.92, 'vol': 200}], 'ask': [{'price': 3.93, 'vol': 9762}]}",0000010100010110,0.26%,0.22%,2945360.0,2.43%,0,0,000000000000000000000000000000000000000000000000,1.31%,-65.71%,3330,4.8,000509.SZ,,华塑控股,
MARKET.SZ,000510,14.94,13.9,14.94,13.6,13.58,15:33:09.042,-14.94,32362700,93700,470852832.0,15664700,16698100,0,359.45,"{'bid': [{'price': 14.94, 'vol': 73154}], 'ask': [{'price': 0.0, 'vol': 0}]}",0000110010010110,0.00%,0.02%,1399936.0,0.36%,0,0,000000000000000000000000000000000000000000000000,0.17%,0.00%,2108,5.34,000510.SZ,,新金路,
MARKET.SZ,000514,4.5,4.5,4.56,4.44,4.45,15:33:15.306,-4.5,8841800,87500,39727016.0,4129500,4712300,0,35.55,"{'bid': [{'price': 4.49, 'vol': 409}], 'ask': [{'price': 4.5, 'vol': 657}]}",0000110000010110,0.00%,0.16%,393752.0,1.12%,0,0,000000000000000000000000000000000000000000000000,2.75%,-13.93%,1590,1.05,000514.SZ,,渝 开 发,
MARKET.SZ,000516,4.39,4.43,4.44,4.38,4.44,15:33:15.372,-4.39,16931900,189300,74467744.0,9866800,7065200,0,39.78,"{'bid': [{'price': 4.39, 'vol': 10681}], 'ask': [{'price': 4.4, 'vol': 456}]}",0000110111010110,0.00%,0.04%,831008.0,0.00%,0,0,000000000000000000000000000000000000000000000000,1.87%,65.24%,1934,0.77,000516.SZ,,国际医学,
MARKET.SZ,000517,1.89,1.87,1.9,1.83,1.84,15:33:16.872,-1.89,20010800,115800,37344144.0,8924600,11086200,0,68.52,"{'bid': [{'price': 1.88, 'vol': 1715}], 'ask': [{'price': 1.89, 'vol': 2676}]}",0000000000010110,0.00%,0.05%,218860.0,1.63%,0,0,000000000000000000000000000000000000000000000000,0.87%,-4.22%,1694,0.8,000517.SZ,,荣安地产,
MARKET.SZ,000518,4.13,4.07,4.13,3.97,3.75,15:33:15.528,-4.13,171263400,162100,705070656.0,120922200,50341200,0,6113.55,"{'bid': [{'price': 4.13, 'vol': 149601}], 'ask': [{'price': 0.0, 'vol': 0}]}",0000011001010110,0.00%,0.04%,669888.0,1.75%,0,0,000000000000000000000000000000000000000000000000,0.08%,0.00%,2419,16.64,000518.SZ,,四环生物,
MARKET.SZ,000520,3.86,3.92,3.92,3.81,3.86,15:33:15.690,-3.86,13757800,98300,52902548.0,7515100,6242800,0,25.64,"{'bid': [{'price': 3.86, 'vol': 369}], 'ask': [{'price': 3.87, 'vol': 2408}]}",0001100011010110,0.26%,0.06%,379432.0,0.77%,0,0,000000000000000000000000000000000000000000000000,1.35%,-34.68%,1688,1.36,000520.SZ,,凤凰航运,
MARKET.SZ,000521,5.47,5.47,5.5,5.39,5.48,15:33:14.724,-5.47,6412000,57600,34862060.0,3552600,2859400,0,15.97,"{'bid': [{'price': 5.47, 'vol': 748}], 'ask': [{'price': 5.48, 'vol': 500}]}",0000011001010110,-0.17%,0.02%,315068.0,0.37%,0,0,000000000000000000000000000000000000000000000000,1.00%,-21.00%,1332,0.73,000521.SZ,,长虹美菱,
MARKET.SZ,000523,3.25,3.24,3.26,3.2,3.22,15:33:16.056,-3.25,18730000,224400,60436772.0,10024800,8705200,0,43.29,"{'bid': [{'price': 3.24, 'vol': 3824}], 'ask': [{'price': 3.25, 'vol': 5515}]}",0000000000010110,0.00%,0.04%,729320.0,0.31%,0,0,000000000000000000000000000000000000000000000000,0.98%,2.04%,1912,1.04,000523.SZ,,红棉股份,
MARKET.SZ,000524,9.09,9.2,9.26,9.03,9.17,15:33:12.552,-9.09,6926300,92400,63052484.0,3480500,3445900,0,12.14,"{'bid': [{'price': 9.09, 'vol': 823}], 'ask': [{'price': 9.1, 'vol': 552}]}",0001011100010110,0.00%,0.07%,839916.0,0.00%,0,0,000000000000000000000000000000000000000000000000,1.06%,51.31%,1920,1.03,000524.SZ,,岭南控股,
MARKET.SZ,000525,5.02,5.04,5.05,4.9,5.02,15:33:14.994,-5.02,15264100,52900,76088856.0,7736500,7527600,0,8.82,"{'bid': [{'price': 5.02, 'vol': 3729}], 'ask': [{'price': 5.03, 'vol': 3029}]}",0000001001010110,0.00%,0.03%,265576.0,-0.19%,0,0,000000000000000000000000000000000000000000000000,0.73%,2.92%,1698,1.37,000525.SZ,,红太阳,
MARKET.SZ,000528,9.16,9.15,9.21,9.04,9.09,15:33:12.510,-9.16,21382100,211500,195282656.0,10514700,10867400,0,54.17,"{'bid': [{'price': 9.15, 'vol': 2454}], 'ask': [{'price': 9.16, 'vol': 1612}]}",0000100011010110,0.11%,0.03%,1937392.0,0.00%,0,0,000000000000000000000000000000000000000000000000,1.09%,26.68%,3059,1.05,000528.SZ,,柳 工,
MARKET.SZ,000529,5.27,5.28,5.28,5.17,5.27,15:33:14.844,-5.27,3877900,88900,20228396.0,1802900,2075000,0,6.81,"{'bid': [{'price': 5.25, 'vol': 30}], 'ask': [{'price': 5.27, 'vol': 52}]}",0000000000010110,0.76%,0.07%,468510.0,0.38%,0,0,000000000000000000000000000000000000000000000000,2.08%,-35.63%,977,0.68,000529.SZ,,广弘控股,
MARKET.SZ,000530,5.74,5.69,5.78,5.58,5.67,15:33:14.562,-5.74,15155500,170100,86095344.0,8379100,6776400,0,63.84,"{'bid': [{'price': 5.74, 'vol': 332}], 'ask': [{'price': 5.75, 'vol': 605}]}",0000001110010110,-0.16%,0.09%,976360.0,0.35%,0,0,000000000000000000000000000000000000000000000000,1.21%,-36.84%,2292,2.53,000530.SZ,,冰山冷热,
MARKET.SZ,000531,7.03,6.97,7.08,6.86,6.97,15:33:13.788,-7.03,15774700,102300,110013696.0,8331200,7443600,0,52.41,"{'bid': [{'price': 7.03, 'vol': 443}], 'ask': [{'price': 7.04, 'vol': 439}]}",0001010100010110,0.14%,0.07%,719232.0,0.00%,0,0,000000000000000000000000000000000000000000000000,0.96%,-18.66%,2135,1.73,000531.SZ,,穗恒运Ａ,
MARKET.SZ,000532,13.64,12.43,13.64,12.43,12.4,15:33:09.822,-13.64,27550600,353100,362979168.0,10328000,17222600,0,156.49,"{'bid': [{'price': 13.64, 'vol': 52650}], 'ask': [{'price': 0.0, 'vol': 0}]}",0000010011010110,0.00%,0.20%,4816192.0,1.30%,0,0,000000000000000000000000000000000000000000000000,0.63%,0.00%,3143,8.02,000532.SZ,,华金资本,
MARKET.SZ,000533,12.32,12.29,12.37,12.02,12.11,15:33:10.614,-12.32,29489800,323100,361760768.0,13875900,15613900,0,210.9,"{'bid': [{'price': 12.32, 'vol': 846}], 'ask': [{'price': 12.33, 'vol': 1865}]}",0000001111010110,0.08%,0.24%,3980480.0,0.33%,0,0,000000000000000000000000000000000000000000000000,1.67%,-30.83%,4045,4.31,000533.SZ,,顺钠股份,
MARKET.SZ,000536,4.38,4.14,4.46,4.1,4.29,15:33:15.378,-4.38,265070300,3117000,1133213568.0,111701700,153368700,0,3448.66,"{'bid': [{'price': 4.38, 'vol': 788}], 'ask': [{'price': 4.39, 'vol': 11197}]}",0000111001010110,0.00%,0.37%,13652864.0,0.00%,0,0,000000000000000000000000000000000000000000000000,1.08%,-40.53%,4659,9.59,000536.SZ,,华映科技,
MARKET.SZ,000537,10.26,10.2,10.34,10.03,10.19,15:33:11.850,-10.26,33758100,378200,345046624.0,16770400,16987800,0,190.84,"{'bid': [{'price': 10.25, 'vol': 954}], 'ask': [{'price': 10.26, 'vol': 360}]}",0001011110010110,0.10%,0.11%,3880352.0,0.10%,0,0,000000000000000000000000000000000000000000000000,0.98%,14.40%,3916,1.64,000537.SZ,,绿发电力,
MARKET.SZ,000539,6.53,6.38,6.57,6.22,6.44,15:33:14.088,-6.53,66862300,1105100,432725312.0,30606800,36255500,0,185.34,"{'bid': [{'price': 6.53, 'vol': 2703}], 'ask': [{'price': 6.54, 'vol': 9897}]}",0000011011010110,0.00%,0.27%,7216480.0,-0.15%,0,0,000000000000000000000000000000000000000000000000,1.61%,-39.81%,4344,2.62,000539.SZ,,粤电力Ａ,
MARKET.SZ,000541,5.18,5.11,5.27,4.98,5.11,15:33:14.898,-5.18,19633200,156500,99765088.0,10290300,9343000,0,25.96,"{'bid': [{'price': 5.18, 'vol': 569}], 'ask': [{'price': 5.19, 'vol': 4096}]}",0001000001010110,0.00%,0.05%,810656.0,0.00%,0,0,000000000000000000000000000000000000000000000000,0.76%,-47.54%,2516,1.6,000541.SZ,,佛山照明,
MARKET.SZ,000543,8.73,8.51,8.85,8.38,8.46,15:33:12.768,-8.73,71048700,721200,615851712.0,31256500,39792300,0,199.39,"{'bid': [{'price': 8.73, 'vol': 847}], 'ask': [{'price': 8.74, 'vol': 1858}]}",0001001101010110,-0.10%,0.17%,6295872.0,0.00%,0,0,000000000000000000000000000000000000000000000000,1.09%,4.95%,4073,3.13,000543.SZ,,皖能电力,
MARKET.SZ,000544,8.08,8.05,8.12,7.97,8.03,15:33:13.158,-8.08,4039300,8200,32471310.0,1999500,2039800,0,5.23,"{'bid': [{'price': 8.08, 'vol': 243}], 'ask': [{'price': 8.09, 'vol': 74}]}",0000100001010110,0.00%,0.02%,66250.0,0.00%,0,0,000000000000000000000000000000000000000000000000,0.44%,1.97%,1100,0.41,000544.SZ,,中原环保,
MARKET.SZ,000545,2.68,2.63,2.69,2.55,2.6,15:33:16.398,-2.68,37092300,530300,97926040.0,14112800,22979600,0,36.19,"{'bid': [{'price': 2.68, 'vol': 1413}], 'ask': [{'price': 2.69, 'vol': 12462}]}",0001010000010110,-0.36%,0.12%,1421176.0,0.00%,0,0,000000000000000000000000000000000000000000000000,1.28%,-46.73%,2874,3.76,000545.SZ,,金浦钛业,
MARKET.SZ,000546,6.13,6.01,6.18,5.92,6.01,15:33:14.928,-6.13,36770800,453900,222054960.0,17835200,18935600,0,112.75,"{'bid': [{'price': 6.13, 'vol': 1828}], 'ask': [{'price': 6.14, 'vol': 1161}]}",0000000000010110,0.00%,0.24%,2782432.0,-0.65%,0,0,000000000000000000000000000000000000000000000000,1.45%,-5.33%,3432,5.28,000546.SZ,,金圆股份,
MARKET.SZ,000548,5.26,5.14,5.33,4.99,5.14,15:33:14.850,-5.26,24088300,363500,124110912.0,11901800,12186500,0,35.98,"{'bid': [{'price': 5.26, 'vol': 231}], 'ask': [{'price': 5.27, 'vol': 91}]}",0000010101010110,-0.18%,0.18%,1912032.0,0.00%,0,0,000000000000000000000000000000000000000000000000,1.25%,-26.00%,2845,4.83,000548.SZ,,湖南投资,
MARKET.SZ,000552,2.65,2.63,2.67,2.61,2.64,15:33:17.016,-2.65,50230600,476800,132370336.0,24089300,26141300,0,78.66,"{'bid': [{'price': 2.65, 'vol': 319}], 'ask': [{'price': 2.66, 'vol': 6175}]}",0000000000010110,0.00%,0.07%,1263560.0,0.00%,0,0,000000000000000000000000000000000000000000000000,1.40%,-22.44%,2576,1.35,000552.SZ,,甘肃能化,
MARKET.SZ,000553,6.5,6.41,6.55,6.4,6.42,15:33:14.106,-6.5,12418100,90300,80383280.0,7149700,5268500,0,32.69,"{'bid': [{'price': 6.5, 'vol': 131}], 'ask': [{'price': 6.51, 'vol': 341}]}",0001001100010110,0.31%,0.06%,586968.0,0.00%,0,0,000000000000000000000000000000000000000000000000,0.82%,-61.83%,2274,0.57,000553.SZ,,安道麦A,
MARKET.SZ,000554,7.33,7.31,7.34,7.22,7.31,15:33:13.608,-7.33,13729400,133600,99962344.0,6377800,7351700,0,185.89,"{'bid': [{'price': 7.32, 'vol': 1324}], 'ask': [{'price': 7.33, 'vol': 62}]}",0000111001010110,0.00%,0.16%,979272.0,0.00%,0,0,000000000000000000000000000000000000000000000000,2.02%,47.87%,2181,3.79,000554.SZ,,泰山石油,
MARKET.SZ,000555,13.9,14.11,14.29,13.71,12.99,15:33:09.666,-13.9,69546300,304000,978709440.0,34932900,34613500,0,4570.91,"{'bid': [{'price': 13.9, 'vol': 3060}], 'ask': [{'price': 13.91, 'vol': 1539}]}",0001001001010110,0.00%,0.15%,4226048.0,1.66%,0,0,000000000000000000000000000000000000000000000000,0.63%,-0.07%,4171,7.14,000555.SZ,,神州信息,
MARKET.SZ,000557,4.4,4.36,4.54,4.32,4.36,15:33:15.366,-4.4,11040100,176600,48568656.0,4609100,6431000,0,38.81,"{'bid': [{'price': 4.39, 'vol': 135}], 'ask': [{'price': 4.4, 'vol': 348}]}",0000001101010110,0.23%,0.03%,777064.0,0.00%,0,0,000000000000000000000000000000000000000000000000,1.16%,33.44%,1472,0.76,000557.SZ,,西部创业,
MARKET.SZ,000558,3.75,3.75,3.77,3.67,3.71,15:33:15.756,-3.75,21933600,165900,81889192.0,8655700,13277900,0,74.57,"{'bid': [{'price': 3.75, 'vol': 9513}], 'ask': [{'price': 3.76, 'vol': 648}]}",0000000000010110,-0.52%,0.09%,622120.0,1.08%,0,0,000000000000000000000000000000000000000000000000,1.82%,-17.35%,2135,1.7,000558.SZ,,天府文旅,
MARKET.SZ,000560,2.85,2.84,2.86,2.81,2.84,15:33:16.296,-2.85,68152400,1095000,193365184.0,32778200,35374200,0,144.04,"{'bid': [{'price': 2.85, 'vol': 2066}], 'ask': [{'price': 2.86, 'vol': 16340}]}",0000100010010110,0.00%,0.12%,3120784.0,0.00%,0,0,000000000000000000000000000000000000000000000000,1.44%,24.79%,2815,2.91,000560.SZ,,我爱我家,
MARKET.SZ,000561,8.95,8.85,8.97,8.71,8.79,15:33:12.636,-8.95,8922700,139100,79108416.0,3947900,4974800,0,25.05,"{'bid': [{'price': 8.94, 'vol': 325}], 'ask': [{'price': 8.95, 'vol': 58}]}",0000001011010110,0.11%,0.08%,1244944.0,0.23%,0,0,000000000000000000000000000000000000000000000000,1.79%,-11.56%,2244,1.15,000561.SZ,,烽火电子,
MARKET.SZ,000563,3.03,3.05,3.06,3.01,3.06,15:33:16.188,-3.03,35326600,707800,106994224.0,16145000,19181600,0,44.13,"{'bid': [{'price': 3.03, 'vol': 11655}], 'ask': [{'price': 3.04, 'vol': 8732}]}",0000011010010110,0.00%,0.05%,2144664.0,0.00%,0,0,000000000000000000000000000000000000000000000000,1.96%,40.86%,2544,0.69,000563.SZ,,陕国投Ａ,
MARKET.SZ,000564,1.64,1.6,1.72,1.59,1.56,15:33:17.022,-1.64,620238300,7274600,1038010432.0,259242500,360995900,0,1073.86,"{'bid': [{'price': 1.64, 'vol': 34224}], 'ask': [{'price': 1.65, 'vol': 157613}]}",0000111110010110,-0.60%,0.13%,11930112.0,1.27%,0,0,000000000000000000000000000000000000000000000000,1.03%,-19.00%,4388,4.11,000564.SZ,,供销大集,
MARKET.SZ,000565,7.71,7.54,7.79,7.52,7.5,15:33:13.380,-7.71,10390800,119300,79666200.0,4771300,5619600,0,60.55,"{'bid': [{'price': 7.7, 'vol': 196}], 'ask': [{'price': 7.71, 'vol': 7}]}",0001001011010110,0.00%,0.12%,919784.0,1.48%,0,0,000000000000000000000000000000000000000000000000,1.47%,5.16%,2324,2.4,000565.SZ,,渝三峡Ａ,
MARKET.SZ,000566,4.28,4.28,4.33,4.23,4.27,15:33:15.438,-4.28,21325200,349000,91062304.0,10473000,10852200,0,17.12,"{'bid': [{'price': 4.27, 'vol': 2582}], 'ask': [{'price': 4.28, 'vol': 879}]}",0000100000010110,-0.22%,0.07%,1493728.0,0.47%,0,0,000000000000000000000000000000000000000000000000,1.68%,-50.14%,2146,1.64,000566.SZ,,海南海药,
MARKET.SZ,000567,6.11,6.2,6.23,6.0,6.18,15:33:14.340,-6.11,26059500,487800,158910304.0,13520000,12539500,0,64.33,"{'bid': [{'price': 6.11, 'vol': 574}], 'ask': [{'price': 6.12, 'vol': 431}]}",0000000110010110,0.33%,0.19%,2980512.0,0.32%,0,0,000000000000000000000000000000000000000000000000,1.70%,49.91%,3076,1.34,000567.SZ,,海德股份,
MARKET.SZ,000570,6.13,6.11,6.16,5.96,6.03,15:33:14.328,-6.13,15354800,43200,93104928.0,6456100,8898700,0,22.55,"{'bid': [{'price': 6.12, 'vol': 132}], 'ask': [{'price': 6.13, 'vol': 25}]}",0000010100010110,0.00%,0.12%,264848.0,0.99%,0,0,000000000000000000000000000000000000000000000000,1.26%,12.48%,2669,2.76,000570.SZ,,苏常柴Ａ,
MARKET.SZ,000571,5.85,5.7,5.99,5.67,5.7,15:33:14.496,-5.85,23627800,313900,137460096.0,12454900,11173000,0,39.96,"{'bid': [{'price': 5.85, 'vol': 253}], 'ask': [{'price': 5.86, 'vol': 899}]}",0001000010010110,0.00%,0.15%,1836304.0,0.00%,0,0,000000000000000000000000000000000000000000000000,1.82%,-31.40%,2615,2.9,000571.SZ,,新大洲A,
MARKET.SZ,000572,4.9,4.87,4.95,4.83,4.84,15:33:15.066,-4.9,32321800,293700,158460288.0,16509200,15812700,0,71.39,"{'bid': [{'price': 4.9, 'vol': 2441}], 'ask': [{'price': 4.91, 'vol': 465}]}",0001001010010110,-0.19%,0.07%,1439136.0,0.62%,0,0,000000000000000000000000000000000000000000000000,1.12%,-51.51%,3091,1.97,000572.SZ,,海马汽车,
MARKET.SZ,000573,4.59,4.5,4.67,4.42,4.45,15:33:15.252,-4.59,18692800,142200,84855512.0,8344100,10348700,0,42.93,"{'bid': [{'price': 4.59, 'vol': 152}], 'ask': [{'price': 4.6, 'vol': 82}]}",0000011101010110,0.00%,0.07%,652712.0,-0.43%,0,0,000000000000000000000000000000000000000000000000,0.89%,0.18%,2414,2.95,000573.SZ,,粤宏远Ａ,
MARKET.SZ,000576,8.2,8.15,8.26,8.03,8.09,15:33:13.086,-8.2,7671000,35300,62587972.0,3838800,3832200,0,30.64,"{'bid': [{'price': 8.2, 'vol': 205}], 'ask': [{'price': 8.21, 'vol': 3}]}",0000000000010110,-0.11%,0.04%,289460.0,0.62%,0,0,000000000000000000000000000000000000000000000000,0.77%,-11.61%,1989,1.77,000576.SZ,,甘化科工,
MARKET.SZ,000582,12.38,12.64,12.72,12.21,12.56,15:33:10.578,-12.38,45269700,539500,559029120.0,24157300,21112400,0,214.25,"{'bid': [{'price': 12.37, 'vol': 2466}], 'ask': [{'price': 12.38, 'vol': 723}]}",0000101000010110,0.32%,0.13%,6679104.0,-0.07%,0,0,000000000000000000000000000000000000000000000000,1.27%,54.16%,4132,2.1,000582.SZ,,北部湾港,
MARKET.SZ,000589,4.74,4.71,4.78,4.65,4.71,15:33:15.162,-4.74,27968700,228200,131851144.0,13080000,14888700,0,47.48,"{'bid': [{'price': 4.74, 'vol': 62}], 'ask': [{'price': 4.75, 'vol': 4975}]}",0000000000010110,0.21%,0.05%,1081648.0,-0.41%,0,0,000000000000000000000000000000000000000000000000,0.97%,-37.60%,3519,1.81,000589.SZ,,贵州轮胎,
MARKET.SZ,000590,10.44,10.28,10.63,10.14,10.19,15:33:11.742,-10.44,3961800,38300,41107912.0,1699000,2262800,0,7.81,"{'bid': [{'price': 10.44, 'vol': 104}], 'ask': [{'price': 10.47, 'vol': 52}]}",0000000000010110,-0.18%,0.07%,399848.0,0.98%,0,0,000000000000000000000000000000000000000000000000,1.10%,-4.94%,1688,1.66,000590.SZ,,古汉医药,
MARKET.SZ,000591,5.82,5.8,5.87,5.66,5.85,15:33:14.514,-5.82,135364000,1258000,782151808.0,69706300,65657800,0,925.33,"{'bid': [{'price': 5.81, 'vol': 9002}], 'ask': [{'price': 5.82, 'vol': 6935}]}",0000111100010110,0.34%,0.15%,7321728.0,0.35%,0,0,000000000000000000000000000000000000000000000000,1.32%,10.07%,4433,3.47,000591.SZ,,太阳能,
MARKET.SZ,000592,10.02,10.01,10.09,9.83,10.0,15:33:11.994,-10.02,92513800,1381200,925087552.0,42810500,49703400,0,526.43,"{'bid': [{'price': 10.02, 'vol': 9046}], 'ask': [{'price': 10.03, 'vol': 1507}]}",0001011000010110,0.00%,0.28%,13839680.0,0.10%,0,0,000000000000000000000000000000000000000000000000,2.36%,62.90%,4618,4.83,000592.SZ,,平潭发展,
MARKET.SZ,000597,4.76,4.85,4.85,4.73,4.85,15:33:15.150,-4.76,10603000,146700,50652800.0,5802400,4800600,0,3.39,"{'bid': [{'price': 4.76, 'vol': 622}], 'ask': [{'price': 4.77, 'vol': 160}]}",0000101111010110,-0.20%,0.07%,698284.0,0.00%,0,0,000000000000000000000000000000000000000000000000,1.89%,70.89%,1744,0.75,000597.SZ,,东北制药,
MARKET.SZ,000598,6.58,6.58,6.62,6.52,6.55,15:33:14.058,-6.58,16209400,231800,106550976.0,7832500,8377000,0,31.52,"{'bid': [{'price': 6.57, 'vol': 1974}], 'ask': [{'price': 6.58, 'vol': 57}]}",0001100011010110,-0.14%,0.04%,1524960.0,0.00%,0,0,000000000000000000000000000000000000000000000000,1.51%,14.91%,2548,0.54,000598.SZ,,兴蓉环境,
MARKET.SZ,000599,5.55,5.46,5.56,5.41,5.45,15:33:15.276,-5.55,14175700,95500,77914896.0,6885000,7290700,0,86.27,"{'bid': [{'price': 5.55, 'vol': 596}], 'ask': [{'price': 5.56, 'vol': 2115}]}",0000000000010110,0.00%,0.08%,530048.0,0.92%,0,0,000000000000000000000000000000000000000000000000,1.25%,-54.09%,2201,1.74,000599.SZ,,青岛双星,
MARKET.SZ,000600,10.13,10.13,10.35,9.95,10.13,15:33:11.928,-10.13,60616400,1556300,614482304.0,31516200,29100200,0,1124.84,"{'bid': [{'price': 10.13, 'vol': 488}], 'ask': [{'price': 10.14, 'vol': 529}]}",0000101111010110,-0.19%,0.39%,15765248.0,0.10%,0,0,000000000000000000000000000000000000000000000000,1.93%,19.00%,4290,5.56,000600.SZ,,建投能源,
MARKET.SZ,000601,7.33,7.2,7.45,7.02,7.26,15:33:13.608,-7.33,91557000,1168100,666649408.0,47373600,44183500,0,625.9,"{'bid': [{'price': 7.33, 'vol': 2326}], 'ask': [{'price': 7.34, 'vol': 472}]}",0001100010010110,0.14%,0.34%,8562240.0,0.00%,0,0,000000000000000000000000000000000000000000000000,1.34%,38.36%,4398,8.72,000601.SZ,,韶能股份,
MARKET.SZ,000605,6.8,6.74,6.86,6.57,6.61,15:33:13.926,-6.8,6102400,50500,41025244.0,3006600,3095800,0,94.43,"{'bid': [{'price': 6.78, 'vol': 3}], 'ask': [{'price': 6.8, 'vol': 185}]}",0000010100010110,0.59%,0.15%,343412.0,0.60%,0,0,000000000000000000000000000000000000000000000000,2.49%,2.27%,1944,1.73,000605.SZ,,渤海股份,
MARKET.SZ,000607,3.8,3.8,3.83,3.67,3.75,15:33:15.726,-3.8,14676600,75200,55017628.0,7379800,7296800,0,6.23,"{'bid': [{'price': 3.8, 'vol': 681}], 'ask': [{'price': 3.81, 'vol': 652}]}",0000101100010110,0.00%,0.04%,285748.0,1.60%,0,0,000000000000000000000000000000000000000000000000,0.61%,-56.97%,2037,1.66,000607.SZ,,华媒控股,
MARKET.SZ,000608,3.88,3.92,4.03,3.72,3.96,15:33:15.678,-3.88,29542200,803600,114090752.0,15666100,13876100,0,93.14,"{'bid': [{'price': 3.88, 'vol': 5593}], 'ask': [{'price': 3.89, 'vol': 3499}]}",0000011001010110,0.00%,0.26%,3118056.0,0.77%,0,0,000000000000000000000000000000000000000000000000,2.28%,25.69%,1988,3.96,000608.SZ,,阳光股份,
MARKET.SZ,000612,12.47,11.96,12.6,11.84,11.85,15:33:10.524,-12.47,49070600,364800,601969472.0,21706500,27364100,0,283.33,"{'bid': [{'price': 12.47, 'vol': 875}], 'ask': [{'price': 12.48, 'vol': 2004}]}",0000010011010110,-0.15%,0.09%,4549056.0,0.42%,0,0,000000000000000000000000000000000000000000000000,0.82%,-53.11%,4065,4.12,000612.SZ,,焦作万方,
MARKET.SZ,000617,8.13,8.27,8.31,8.07,8.25,15:33:13.128,-8.13,105451300,1455900,859308736.0,58418600,47032800,0,457.25,"{'bid': [{'price': 8.13, 'vol': 28674}], 'ask': [{'price': 8.14, 'vol': 5953}]}",0001010110010110,0.00%,0.15%,11836224.0,0.24%,0,0,000000000000000000000000000000000000000000000000,1.76%,41.84%,4495,0.83,000617.SZ,,中油资本,
MARKET.SZ,000619,5.96,5.78,5.99,5.71,5.76,15:33:14.430,-5.96,6866300,56100,40310160.0,3044600,3821700,0,9.88,"{'bid': [{'price': 5.95, 'vol': 550}], 'ask': [{'price': 5.96, 'vol': 316}]}",0000000000010110,0.51%,0.07%,334364.0,0.00%,0,0,000000000000000000000000000000000000000000000000,1.21%,-64.62%,1841,1.91,000619.SZ,,海螺新材,
MARKET.SZ,000620,3.13,3.09,3.18,3.06,3.07,15:33:16.128,-3.13,180917800,2717100,562766720.0,97294500,83623400,0,344.91,"{'bid': [{'price': 3.12, 'vol': 4450}], 'ask': [{'price': 3.13, 'vol': 9033}]}",0001001100010110,0.32%,0.20%,8504512.0,0.32%,0,0,000000000000000000000000000000000000000000000000,1.86%,-17.11%,4171,3.87,000620.SZ,,盈新发展,
MARKET.SZ,000625,8.44,8.43,8.49,8.3,8.47,15:33:12.942,-8.44,74347000,1232400,624973056.0,34724600,39622400,0,355.49,"{'bid': [{'price': 8.44, 'vol': 487}], 'ask': [{'price': 8.45, 'vol': 5226}]}",0000010011010110,-0.11%,0.05%,10401600.0,0.00%,0,0,000000000000000000000000000000000000000000000000,1.73%,-26.26%,4323,0.9,000625.SZ,,长安汽车,
MARKET.SZ,000626,8.01,7.98,8.1,7.8,7.91,15:33:13.200,-8.01,9410500,121300,75011296.0,4466100,4944400,0,39.26,"{'bid': [{'price': 8.0, 'vol': 513}], 'ask': [{'price': 8.01, 'vol': 975}]}",0000000000010110,0.13%,0.15%,971608.0,0.25%,0,0,000000000000000000000000000000000000000000000000,1.56%,-25.77%,2110,1.87,000626.SZ,,远大控股,
MARKET.SZ,000629,3.74,3.52,3.79,3.48,3.48,15:33:15.762,-3.74,233935600,23343600,854298688.0,101758800,132176900,0,267.13,"{'bid': [{'price': 3.73, 'vol': 6244}], 'ask': [{'price': 3.74, 'vol': 210}]}",0001011110010110,0.00%,0.62%,87304896.0,0.86%,0,0,000000000000000000000000000000000000000000000000,5.78%,-26.84%,4420,2.52,000629.SZ,,钒钛股份,
MARKET.SZ,000630,6.36,5.81,6.36,5.75,5.78,15:33:14.190,-6.36,491018500,1313300,3024948736.0,239115600,251902900,0,406.0,"{'bid': [{'price': 6.36, 'vol': 134231}], 'ask': [{'price': 0.0, 'vol': 0}]}",0000011100010110,0.00%,0.03%,8352768.0,0.00%,0,0,000000000000000000000000000000000000000000000000,0.20%,0.00%,4732,4.41,000630.SZ,,铜陵有色,
MARKET.SZ,000631,3.21,3.18,3.26,3.15,3.18,15:33:16.080,-3.21,15581500,225200,49776696.0,7858900,7722600,0,19.84,"{'bid': [{'price': 3.21, 'vol': 557}], 'ask': [{'price': 3.22, 'vol': 518}]}",0000000000010110,0.31%,0.11%,722904.0,0.00%,0,0,000000000000000000000000000000000000000000000000,2.24%,12.67%,1370,0.68,000631.SZ,,顺发恒能,
MARKET.SZ,000633,6.18,6.06,6.22,5.92,6.0,15:33:14.298,-6.18,9382500,77500,57281948.0,4221200,5161300,0,75.2,"{'bid': [{'price': 6.18, 'vol': 39}], 'ask': [{'price': 6.19, 'vol': 132}]}",0000000000010110,0.00%,0.04%,478964.0,1.00%,0,0,000000000000000000000000000000000000000000000000,0.68%,22.06%,2017,2.44,000633.SZ,,合金投资,
MARKET.SZ,000635,7.52,7.4,7.55,7.31,7.33,15:33:13.494,-7.52,6515700,20800,48730720.0,2943700,3572000,0,9.4,"{'bid': [{'price': 7.52, 'vol': 96}], 'ask': [{'price': 7.53, 'vol': 16}]}",0000000000010110,-0.26%,0.06%,156432.0,0.68%,0,0,000000000000000000000000000000000000000000000000,0.90%,-35.96%,1669,1.78,000635.SZ,,英 力 特,
MARKET.SZ,000637,4.56,4.44,4.61,4.38,4.43,15:33:15.270,-4.56,9473200,99300,42524876.0,4209200,5264100,0,16.34,"{'bid': [{'price': 4.55, 'vol': 265}], 'ask': [{'price': 4.56, 'vol': 408}]}",0001001011010110,0.44%,0.09%,452820.0,0.91%,0,0,000000000000000000000000000000000000000000000000,1.27%,-46.81%,1930,2.6,000637.SZ,,茂化实华,
MARKET.SZ,000650,5.38,5.42,5.44,5.37,5.41,15:33:14.778,-5.38,11065700,294800,59735228.0,6117900,4947800,0,8.13,"{'bid': [{'price': 5.38, 'vol': 1522}], 'ask': [{'price': 5.39, 'vol': 205}]}",0000000000010110,-0.18%,0.05%,1586012.0,0.00%,0,0,000000000000000000000000000000000000000000000000,2.01%,35.69%,2094,0.83,000650.SZ,,仁和药业,
MARKET.SZ,000652,3.83,3.78,3.85,3.72,3.75,15:33:15.708,-3.83,18674800,319000,70895824.0,10245600,8429300,0,148.71,"{'bid': [{'price': 3.82, 'vol': 328}], 'ask': [{'price': 3.83, 'vol': 1202}]}",0000111111010110,0.26%,0.08%,1221752.0,0.80%,0,0,000000000000000000000000000000000000000000000000,2.17%,-9.65%,2505,1.28,000652.SZ,,泰达股份,
MARKET.SZ,000655,7.59,7.4,7.75,7.31,7.36,15:33:13.452,-7.59,9580200,129700,72441496.0,4422600,5157600,0,7.84,"{'bid': [{'price': 7.58, 'vol': 240}], 'ask': [{'price': 7.59, 'vol': 451}]}",0000000000010110,0.13%,0.08%,984424.0,-0.26%,0,0,000000000000000000000000000000000000000000000000,1.00%,-29.35%,2017,1.61,000655.SZ,,金岭矿业,
MARKET.SZ,000659,4.14,4.18,4.2,4.09,4.13,15:33:15.522,-4.14,24781400,186600,102375872.0,14094200,10687200,0,29.59,"{'bid': [{'price': 4.13, 'vol': 2684}], 'ask': [{'price': 4.14, 'vol': 2705}]}",0000011110010110,0.24%,0.03%,772512.0,0.97%,0,0,000000000000000000000000000000000000000000000000,0.60%,59.93%,1642,1.93,000659.SZ,,珠海中富,
MARKET.SZ,000663,6.47,6.4,6.55,6.28,6.31,15:33:14.124,-6.47,6250600,54800,40074964.0,3062100,3188500,0,44.54,"{'bid': [{'price': 6.46, 'vol': 11}], 'ask': [{'price': 6.47, 'vol': 70}]}",0000000000010110,0.31%,0.06%,354556.0,1.43%,0,0,000000000000000000000000000000000000000000000000,1.06%,2.25%,1810,2.04,000663.SZ,,永安林业,
MARKET.SZ,000665,4.59,4.72,4.73,4.53,4.66,15:33:15.252,-4.59,19124100,208900,87751920.0,10869800,8254400,0,26.43,"{'bid': [{'price': 4.59, 'vol': 2236}], 'ask': [{'price': 4.6, 'vol': 537}]}",0001010000010110,-0.21%,0.06%,958864.0,0.85%,0,0,000000000000000000000000000000000000000000000000,1.08%,40.94%,2038,1.68,000665.SZ,,湖北广电,
MARKET.SZ,000670,8.9,8.09,8.9,8.01,8.09,15:33:12.666,-8.9,133964900,661500,1156970240.0,55347900,78617100,0,578.11,"{'bid': [{'price': 8.9, 'vol': 51364}], 'ask': [{'price': 0.0, 'vol': 0}]}",0001011010010110,0.34%,1.55%,5887104.0,1.13%,0,0,000000000000000000000000000000000000000000000000,4.14%,0.00%,4360,16.3,000670.SZ,,盈方微,
MARKET.SZ,000676,6.81,6.8,6.88,6.67,6.8,15:33:13.920,-6.81,20829900,401000,141143664.0,10122400,10707500,0,25.57,"{'bid': [{'price': 6.81, 'vol': 3300}], 'ask': [{'price': 6.82, 'vol': 2384}]}",0000110001010110,-0.14%,0.07%,2730816.0,0.00%,0,0,000000000000000000000000000000000000000000000000,1.65%,11.17%,2958,1.65,000676.SZ,,智度股份,
MARKET.SZ,000678,12.38,12.3,12.47,11.9,12.35,15:33:10.578,-12.38,14722000,255900,180917696.0,7676500,7045500,0,92.25,"{'bid': [{'price': 12.38, 'vol': 1063}], 'ask': [{'price': 12.39, 'vol': 352}]}",0000001111010110,0.00%,0.20%,3168016.0,0.00%,0,0,000000000000000000000000000000000000000000000000,1.70%,52.76%,3167,3.2,000678.SZ,,襄阳轴承,
MARKET.SZ,000679,6.77,6.69,6.8,6.6,6.68,15:33:13.944,-6.77,5445300,104100,36562176.0,2682500,2762900,0,90.58,"{'bid': [{'price': 6.75, 'vol': 49}], 'ask': [{'price': 6.77, 'vol': 524}]}",0001010001010110,0.30%,0.06%,704764.0,2.92%,0,0,000000000000000000000000000000000000000000000000,1.30%,-43.08%,1699,1.53,000679.SZ,,大连友谊,
MARKET.SZ,000680,11.63,11.59,11.8,11.35,11.56,15:33:11.028,-11.63,17911900,246500,206652784.0,9344000,8568000,0,50.53,"{'bid': [{'price': 11.63, 'vol': 71}], 'ask': [{'price': 11.64, 'vol': 71}]}",0001011110010110,-0.16%,0.06%,2866800.0,0.17%,0,0,000000000000000000000000000000000000000000000000,1.35%,4.09%,3480,1.36,000680.SZ,,山推股份,
MARKET.SZ,000682,13.74,13.31,13.88,13.2,13.26,15:33:09.762,-13.74,30897400,406300,418452896.0,13706000,17191400,0,370.39,"{'bid': [{'price': 13.73, 'vol': 371}], 'ask': [{'price': 13.74, 'vol': 461}]}",0000101110010110,0.07%,0.09%,5582496.0,0.38%,0,0,000000000000000000000000000000000000000000000000,1.15%,0.51%,3984,2.3,000682.SZ,,东方电子,
MARKET.SZ,000683,7.5,7.47,7.62,7.42,7.47,15:33:13.506,-7.5,41534100,485600,312904992.0,21718700,19815500,0,102.56,"{'bid': [{'price': 7.5, 'vol': 1298}], 'ask': [{'price': 7.51, 'vol': 357}]}",0001100011010110,0.00%,0.05%,3641728.0,0.00%,0,0,000000000000000000000000000000000000000000000000,1.43%,24.82%,3424,1.24,000683.SZ,,博源化工,
MARKET.SZ,000685,12.19,12.37,12.48,12.0,12.34,15:33:10.692,-12.19,40306700,753200,490609216.0,21670700,18636100,0,384.71,"{'bid': [{'price': 12.19, 'vol': 373}], 'ask': [{'price': 12.2, 'vol': 721}]}",0000111011010110,-0.07%,0.21%,9181536.0,0.00%,0,0,000000000000000000000000000000000000000000000000,1.58%,23.44%,3960,3.21,000685.SZ,,中山公用,
MARKET.SZ,000686,7.99,8.16,8.19,7.97,8.11,15:33:13.212,-7.99,30628900,313200,246072912.0,15349100,15279900,0,230.03,"{'bid': [{'price': 7.99, 'vol': 3850}], 'ask': [{'price': 8.0, 'vol': 1654}]}",0001100010010110,-0.11%,0.05%,2502544.0,0.49%,0,0,000000000000000000000000000000000000000000000000,0.98%,44.35%,3336,1.31,000686.SZ,,东北证券,
MARKET.SZ,000690,5.21,5.24,5.28,5.13,5.17,15:33:15.480,-5.21,80547200,965300,418862464.0,38721900,41825300,0,516.4,"{'bid': [{'price': 5.21, 'vol': 2221}], 'ask': [{'price': 5.22, 'vol': 1119}]}",0000100110010110,0.00%,0.18%,5029248.0,-0.18%,0,0,000000000000000000000000000000000000000000000000,1.92%,24.59%,3970,3.7,000690.SZ,,宝新能源,
MARKET.SZ,000692,4.83,4.8,4.87,4.77,4.8,15:33:15.108,-4.83,13334500,104200,64235064.0,6200300,7134200,0,176.02,"{'bid': [{'price': 4.82, 'vol': 53}], 'ask': [{'price': 4.83, 'vol': 500}]}",0000000000010110,0.21%,0.13%,503280.0,0.21%,0,0,000000000000000000000000000000000000000000000000,1.75%,-13.72%,1898,2.5,000692.SZ,,惠天热电,
MARKET.SZ,000697,12.05,11.77,12.17,11.56,11.73,15:33:10.776,-12.05,17844400,122300,212358400.0,8784800,9059700,0,82.51,"{'bid': [{'price': 12.05, 'vol': 62}], 'ask': [{'price': 12.06, 'vol': 639}]}",0001010010010110,0.08%,0.06%,1473792.0,0.34%,0,0,000000000000000000000000000000000000000000000000,0.74%,-6.50%,2767,2.73,000697.SZ,,炼石航空,
MARKET.SZ,000701,5.9,5.72,5.97,5.64,5.62,15:33:14.466,-5.9,22369900,501600,130349392.0,10596900,11773000,0,184.53,"{'bid': [{'price': 5.9, 'vol': 1847}], 'ask': [{'price': 5.91, 'vol': 1729}]}",0000000000010110,-0.33%,0.23%,2959448.0,2.14%,0,0,000000000000000000000000000000000000000000000000,2.02%,-33.65%,2838,3.35,000701.SZ,,厦门信达,
MARKET.SZ,000702,6.59,6.49,6.67,6.4,6.47,15:33:14.052,-6.59,6196000,64200,40608720.0,3062700,3133300,0,27.78,"{'bid': [{'price': 6.59, 'vol': 141}], 'ask': [{'price': 6.61, 'vol': 20}]}",0000000000010110,-0.14%,0.06%,423084.0,0.93%,0,0,000000000000000000000000000000000000000000000000,1.00%,-39.01%,1787,2.32,000702.SZ,,正虹科技,
MARKET.SZ,000703,13.84,14.06,14.21,13.78,14.02,15:33:09.702,-13.84,41327200,399500,575097216.0,21673200,19654100,0,187.28,"{'bid': [{'price': 13.84, 'vol': 56}], 'ask': [{'price': 13.85, 'vol': 119}]}",0001001101010110,0.07%,0.05%,5529280.0,0.29%,0,0,000000000000000000000000000000000000000000000000,1.04%,26.57%,4243,1.09,000703.SZ,,恒逸石化,
MARKET.SZ,000705,7.32,7.32,7.4,7.2,7.29,15:33:13.614,-7.32,6121900,48800,44556496.0,3074900,3047000,0,15.74,"{'bid': [{'price': 7.32, 'vol': 710}], 'ask': [{'price': 7.33, 'vol': 65}]}",0000000000010110,-0.13%,0.04%,357192.0,0.27%,0,0,000000000000000000000000000000000000000000000000,0.79%,5.95%,1695,2.17,000705.SZ,,浙江震元,
MARKET.SZ,000707,5.28,5.29,5.31,5.17,5.23,15:33:14.838,-5.28,6438800,31600,33775352.0,2697100,3741700,0,19.41,"{'bid': [{'price': 5.28, 'vol': 102}], 'ask': [{'price': 5.29, 'vol': 566}]}",0000010111010110,0.00%,0.01%,166840.0,0.95%,0,0,000000000000000000000000000000000000000000000000,0.36%,-8.08%,1208,1.17,000707.SZ,,双环科技,
MARKET.SZ,000708,14.24,14.15,14.25,13.92,14.05,15:33:09.462,-14.24,12234900,71500,173230656.0,5578300,6656700,0,381.77,"{'bid': [{'price': 14.24, 'vol': 90}], 'ask': [{'price': 14.25, 'vol': 417}]}",0000110100010110,0.28%,0.02%,1018160.0,2.46%,0,0,000000000000000000000000000000000000000000000000,0.70%,-55.92%,3375,0.24,000708.SZ,,中信特钢,
MARKET.SZ,000709,2.2,2.2,2.22,2.18,2.2,15:33:16.686,-2.2,78410800,2211000,172073728.0,39141000,39269900,0,85.21,"{'bid': [{'price': 2.2, 'vol': 32141}], 'ask': [{'price': 2.21, 'vol': 15383}]}",0001011101010110,0.00%,0.09%,4864128.0,-0.44%,0,0,000000000000000000000000000000000000000000000000,2.14%,-3.03%,3243,0.76,000709.SZ,,河钢股份,
MARKET.SZ,000710,9.48,9.57,9.67,9.42,9.57,15:33:12.318,-9.48,8498200,100900,80758696.0,4235200,4263000,0,47.37,"{'bid': [{'price': 9.48, 'vol': 1128}], 'ask': [{'price': 9.49, 'vol': 195}]}",0000000000010110,-0.31%,0.14%,956520.0,0.00%,0,0,000000000000000000000000000000000000000000000000,2.05%,63.03%,2203,2.58,000710.SZ,,贝瑞基因,
MARKET.SZ,000712,10.0,10.48,10.54,9.99,10.39,15:33:12.006,-10.0,38460200,388800,389013888.0,21345600,17114700,0,620.63,"{'bid': [{'price': 10.0, 'vol': 8525}], 'ask': [{'price': 10.01, 'vol': 708}]}",0000111110010110,-0.29%,0.19%,3887936.0,2.14%,0,0,000000000000000000000000000000000000000000000000,1.50%,65.32%,3695,4.29,000712.SZ,,锦龙股份,
MARKET.SZ,000713,5.95,5.98,5.98,5.89,5.96,15:33:14.436,-5.95,4289300,45700,25456964.0,2180300,2109000,0,27.63,"{'bid': [{'price': 5.94, 'vol': 493}], 'ask': [{'price': 5.95, 'vol': 12}]}",0000101010010110,-0.16%,0.03%,271972.0,0.34%,0,0,000000000000000000000000000000000000000000000000,1.39%,45.01%,1135,0.7,000713.SZ,,国投丰乐,
MARKET.SZ,000715,5.42,5.27,5.49,5.19,5.23,15:33:14.754,-5.42,13394900,283800,71358520.0,5206700,8188200,0,33.68,"{'bid': [{'price': 5.42, 'vol': 57}], 'ask': [{'price': 5.43, 'vol': 568}]}",0000110000010110,-0.90%,0.17%,1538200.0,0.38%,0,0,000000000000000000000000000000000000000000000000,1.58%,-15.98%,1537,2.75,000715.SZ,,中兴商业,
MARKET.SZ,000716,5.76,5.59,5.89,5.53,5.52,15:33:14.550,-5.76,71796000,966500,409674368.0,31872000,39924100,0,1007.26,"{'bid': [{'price': 5.76, 'vol': 9314}], 'ask': [{'price': 5.77, 'vol': 4371}]}",0001100010010110,0.00%,0.50%,5567040.0,1.45%,0,0,000000000000000000000000000000000000000000000000,1.62%,13.47%,4106,9.72,000716.SZ,,黑芝麻,
MARKET.SZ,000717,2.25,2.26,2.27,2.22,2.27,15:33:16.656,-2.25,18712000,157500,41847396.0,9688200,9023800,0,3.14,"{'bid': [{'price': 2.24, 'vol': 4586}], 'ask': [{'price': 2.25, 'vol': 1348}]}",0000000000010110,0.00%,0.04%,354384.0,0.00%,0,0,000000000000000000000000000000000000000000000000,1.11%,-4.58%,1590,0.77,000717.SZ,,中南股份,
MARKET.SZ,000718,1.97,1.96,1.99,1.95,1.96,15:33:16.824,-1.97,17048300,66100,33527556.0,10474100,6574200,0,14.99,"{'bid': [{'price': 1.97, 'vol': 4483}], 'ask': [{'price': 1.98, 'vol': 8224}]}",0000000000010110,0.00%,0.01%,130140.0,0.00%,0,0,000000000000000000000000000000000000000000000000,0.56%,-3.42%,1658,0.75,000718.SZ,,苏宁环球,
MARKET.SZ,000719,13.52,13.72,13.78,13.45,13.7,15:33:09.894,-13.52,3945900,95900,53580116.0,2069900,1876000,0,10.7,"{'bid': [{'price': 13.51, 'vol': 199}], 'ask': [{'price': 13.56, 'vol': 9}]}",0000010001010110,-0.36%,0.05%,1296540.0,0.07%,0,0,000000000000000000000000000000000000000000000000,1.86%,30.69%,2067,0.59,000719.SZ,,中原传媒,
MARKET.SZ,000720,4.99,4.94,5.03,4.81,4.9,15:33:15.012,-4.99,55404900,573500,274741440.0,25403900,30001000,0,175.02,"{'bid': [{'price': 4.99, 'vol': 2532}], 'ask': [{'price': 5.0, 'vol': 9539}]}",0000010010010110,0.20%,0.31%,2861632.0,0.82%,0,0,000000000000000000000000000000000000000000000000,2.02%,-2.31%,3881,4.41,000720.SZ,,新能泰山,
MARKET.SZ,000721,6.4,6.54,6.55,6.32,6.49,15:33:14.166,-6.4,8558800,86300,54676912.0,4356800,4202000,0,20.14,"{'bid': [{'price': 6.39, 'vol': 688}], 'ask': [{'price': 6.4, 'vol': 743}]}",0000000000010110,0.16%,0.04%,552332.0,0.77%,0,0,000000000000000000000000000000000000000000000000,0.80%,-39.69%,1791,1.67,000721.SZ,,西安饮食,
MARKET.SZ,000722,13.63,13.5,13.73,13.3,13.53,15:33:09.828,-13.63,14353400,125100,194843184.0,6836700,7516700,0,169.02,"{'bid': [{'price': 13.62, 'vol': 256}], 'ask': [{'price': 13.63, 'vol': 122}]}",0000100001010110,0.07%,0.14%,1705136.0,0.37%,0,0,000000000000000000000000000000000000000000000000,1.08%,-2.19%,3121,3.09,000722.SZ,,湖南发展,
MARKET.SZ,000723,4.07,3.96,4.11,3.91,3.96,15:33:15.564,-4.07,57681500,1019800,230586096.0,22522200,35159400,0,77.5,"{'bid': [{'price': 4.07, 'vol': 2375}], 'ask': [{'price': 4.08, 'vol': 9408}]}",0000111011010110,0.00%,0.06%,4150640.0,0.00%,0,0,000000000000000000000000000000000000000000000000,1.43%,-59.73%,3153,1.31,000723.SZ,,美锦能源,
MARKET.SZ,000725,5.16,4.7,5.16,4.47,4.69,15:33:14.910,-5.16,6011059100,9337000,29162864640.0,2187296400,3823762800,0,102880.18,"{'bid': [{'price': 5.16, 'vol': 379791}], 'ask': [{'price': 0.0, 'vol': 0}]}",0001100001010110,0.00%,0.06%,48171008.0,0.00%,0,0,000000000000000000000000000000000000000000000000,0.16%,0.00%,4744,16.54,000725.SZ,,京东方Ａ,
MARKET.SZ,000726,5.99,5.97,6.03,5.89,5.94,15:33:14.412,-5.99,6271600,40000,37432140.0,2803300,3468400,0,27.4,"{'bid': [{'price': 5.98, 'vol': 1540}], 'ask': [{'price': 5.99, 'vol': 424}]}",0001001000010110,0.00%,0.02%,239600.0,0.00%,0,0,000000000000000000000000000000000000000000000000,0.72%,-11.40%,1588,1.06,000726.SZ,,鲁 泰Ａ,
MARKET.SZ,000727,2.88,2.86,2.91,2.77,2.84,15:33:16.278,-2.88,168723700,1995100,477558240.0,85491900,83231800,0,838.84,"{'bid': [{'price': 2.88, 'vol': 2060}], 'ask': [{'price': 2.89, 'vol': 8067}]}",0000010100010110,0.00%,0.20%,5745920.0,2.14%,0,0,000000000000000000000000000000000000000000000000,1.39%,-28.15%,3998,3.72,000727.SZ,,冠捷科技,
MARKET.SZ,000728,7.17,7.33,7.38,7.13,7.29,15:33:13.704,-7.17,68395700,1256700,492385408.0,36738300,31657500,0,1536.66,"{'bid': [{'price': 7.17, 'vol': 337}], 'ask': [{'price': 7.18, 'vol': 876}]}",0000111110010110,-0.13%,0.08%,9010272.0,0.96%,0,0,000000000000000000000000000000000000000000000000,1.37%,27.01%,3666,1.57,000728.SZ,,国元证券,
MARKET.SZ,000729,12.12,12.42,12.47,12.12,12.43,15:33:10.734,-12.12,34200000,616700,418823296.0,19612900,14587100,0,113.02,"{'bid': [{'price': 12.12, 'vol': 2390}], 'ask': [{'price': 12.13, 'vol': 146}]}",0000110001010110,-0.15%,0.12%,7474496.0,0.08%,0,0,000000000000000000000000000000000000000000000000,2.05%,57.83%,3968,1.36,000729.SZ,,燕京啤酒,
MARKET.SZ,000731,6.33,6.25,6.36,6.2,6.27,15:33:14.208,-6.33,8266500,108500,52073440.0,4206200,4060400,0,33.38,"{'bid': [{'price': 6.33, 'vol': 169}], 'ask': [{'price': 6.34, 'vol': 855}]}",0000110110010110,-0.15%,0.04%,686804.0,0.00%,0,0,000000000000000000000000000000000000000000000000,1.09%,-28.14%,1268,1.51,000731.SZ,,四川美丰,
MARKET.SZ,000735,5.95,5.95,5.98,5.89,5.89,15:33:14.436,-5.95,12595300,92100,74717512.0,6247300,6348000,0,27.55,"{'bid': [{'price': 5.94, 'vol': 580}], 'ask': [{'price': 5.95, 'vol': 1017}]}",0000101000010110,0.17%,0.06%,547968.0,0.00%,0,0,000000000000000000000000000000000000000000000000,2.26%,13.57%,2013,1.09,000735.SZ,,罗 牛 山,
MARKET.SZ,000737,14.14,13.66,14.31,13.44,13.51,15:33:09.522,-14.14,49097100,687500,684500928.0,22022100,27075100,0,366.63,"{'bid': [{'price': 14.13, 'vol': 430}], 'ask': [{'price': 14.14, 'vol': 480}]}",0001011110010110,-0.06%,0.17%,9721280.0,0.89%,0,0,000000000000000000000000000000000000000000000000,1.53%,-24.17%,4397,2.58,000737.SZ,,北方铜业,
MARKET.SZ,000750,3.74,3.81,3.82,3.73,3.79,15:33:15.762,-3.74,58946600,1498200,221238880.0,35627700,23318900,0,116.85,"{'bid': [{'price': 3.74, 'vol': 2359}], 'ask': [{'price': 3.75, 'vol': 4452}]}",0000011011010110,-0.26%,0.06%,5603520.0,0.00%,0,0,000000000000000000000000000000000000000000000000,2.13%,21.21%,3503,1.02,000750.SZ,,国海证券,
MARKET.SZ,000751,5.51,5.35,5.59,5.23,5.24,15:33:14.700,-5.51,64586700,2126000,350586944.0,28429200,36157600,0,243.48,"{'bid': [{'price': 5.51, 'vol': 141}], 'ask': [{'price': 5.53, 'vol': 164}]}",0000110100010110,-0.53%,0.25%,11714176.0,2.10%,0,0,000000000000000000000000000000000000000000000000,2.05%,7.43%,4182,4.58,000751.SZ,,锌业股份,
MARKET.SZ,000753,5.96,6.01,6.03,5.87,5.99,15:33:14.430,-5.96,13522300,240900,80230696.0,7953700,5568600,0,58.66,"{'bid': [{'price': 5.95, 'vol': 393}], 'ask': [{'price': 5.96, 'vol': 1249}]}",0000101111010110,0.17%,0.08%,1435784.0,-0.16%,0,0,000000000000000000000000000000000000000000000000,1.72%,4.53%,2025,1.36,000753.SZ,,漳州发展,
MARKET.SZ,000755,5.1,5.09,5.11,4.99,5.09,15:33:14.946,-5.1,6913800,79400,34879480.0,3002200,3911700,0,17.36,"{'bid': [{'price': 5.1, 'vol': 13}], 'ask': [{'price': 5.11, 'vol': 272}]}",0000110101010110,0.00%,0.04%,404932.0,0.59%,0,0,000000000000000000000000000000000000000000000000,0.87%,21.86%,1488,0.47,000755.SZ,,山西高速,
MARKET.SZ,000756,14.05,14.1,14.14,14.01,14.09,15:33:09.576,-14.05,3192700,90900,44907876.0,1888600,1304200,0,15.37,"{'bid': [{'price': 14.05, 'vol': 90}], 'ask': [{'price': 14.06, 'vol': 206}]}",0001011100010110,0.00%,0.06%,1277144.0,-0.13%,0,0,000000000000000000000000000000000000000000000000,2.44%,59.49%,1560,0.64,000756.SZ,,新华制药,
MARKET.SZ,000757,4.42,4.37,4.44,4.29,4.35,15:33:15.354,-4.42,13799900,124300,60334312.0,7131100,6668800,0,60.96,"{'bid': [{'price': 4.41, 'vol': 87}], 'ask': [{'price': 4.42, 'vol': 17}]}",0000010101010110,0.00%,0.09%,549424.0,0.69%,0,0,000000000000000000000000000000000000000000000000,1.10%,34.96%,2065,2.59,000757.SZ,,浩物股份,
MARKET.SZ,000758,7.1,6.75,7.2,6.72,6.72,15:33:14.346,-7.1,53404600,590000,373469728.0,22333200,31071400,0,173.68,"{'bid': [{'price': 7.1, 'vol': 10053}], 'ask': [{'price': 7.11, 'vol': 284}]}",0000010111010110,-0.13%,0.10%,4189504.0,0.30%,0,0,000000000000000000000000000000000000000000000000,1.19%,12.73%,3883,2.69,000758.SZ,,中色股份,
MARKET.SZ,000759,4.97,4.95,5.03,4.9,4.92,15:33:15.024,-4.97,14375400,140000,71189824.0,7090000,7285400,0,66.97,"{'bid': [{'price': 4.96, 'vol': 1224}], 'ask': [{'price': 4.97, 'vol': 2769}]}",0000100001010110,0.00%,0.09%,695816.0,0.00%,0,0,000000000000000000000000000000000000000000000000,1.32%,-22.57%,1995,2.19,000759.SZ,,中百集团,
MARKET.SZ,000761,2.59,2.55,2.63,2.52,2.53,15:33:16.452,-2.59,13469600,309000,34651988.0,5514200,7955500,0,23.15,"{'bid': [{'price': 2.59, 'vol': 158}], 'ask': [{'price': 2.6, 'vol': 800}]}",0001010001010110,-0.37%,0.08%,800312.0,0.00%,0,0,000000000000000000000000000000000000000000000000,1.66%,-32.37%,2102,0.36,000761.SZ,,本钢板材,
MARKET.SZ,000767,4.72,4.43,4.87,4.31,4.43,15:33:15.174,-4.72,362986800,3554300,1713072000.0,206728800,156258100,0,412.96,"{'bid': [{'price': 4.71, 'vol': 7962}], 'ask': [{'price': 4.72, 'vol': 11988}]}",0000111001010110,-0.20%,0.42%,16776704.0,0.23%,0,0,000000000000000000000000000000000000000000000000,1.05%,-25.80%,4706,12.46,000767.SZ,,晋控电力,
MARKET.SZ,000778,4.22,4.23,4.25,4.16,4.23,15:33:15.474,-4.22,36517000,524900,153621312.0,19056000,17461100,0,140.44,"{'bid': [{'price': 4.22, 'vol': 4727}], 'ask': [{'price': 4.23, 'vol': 597}]}",0000110011010110,-0.23%,0.04%,2215168.0,0.00%,0,0,000000000000000000000000000000000000000000000000,1.21%,-20.90%,3036,0.94,000778.SZ,,新兴铸管,
MARKET.SZ,000779,7.74,7.7,7.82,7.62,7.66,15:33:13.362,-7.74,5917100,25500,45614980.0,2968900,2948200,0,17.94,"{'bid': [{'price': 7.74, 'vol': 87}], 'ask': [{'price': 7.75, 'vol': 368}]}",0000000000010110,0.00%,0.05%,197360.0,0.00%,0,0,000000000000000000000000000000000000000000000000,1.13%,17.10%,1863,1.27,000779.SZ,,甘咨询,
MARKET.SZ,000782,7.8,7.71,7.94,7.58,7.7,15:33:13.926,-7.8,22966300,192800,178602832.0,10009900,12956400,0,116.19,"{'bid': [{'price': 7.79, 'vol': 154}], 'ask': [{'price': 7.8, 'vol': 38}]}",0000000000010110,-0.12%,0.16%,1503792.0,-0.38%,0,0,000000000000000000000000000000000000000000000000,1.54%,48.67%,2808,4.35,000782.SZ,,恒申新材,
MARKET.SZ,000783,8.23,8.41,8.46,8.15,8.37,15:33:13.068,-8.23,115298500,1186300,949622144.0,59083600,56215000,0,1851.04,"{'bid': [{'price': 8.22, 'vol': 1495}], 'ask': [{'price': 8.23, 'vol': 670}]}",0001000101010110,0.12%,0.09%,9763072.0,0.96%,0,0,000000000000000000000000000000000000000000000000,1.15%,-12.00%,4547,2.08,000783.SZ,,长江证券,
MARKET.SZ,000785,2.36,2.36,2.38,2.33,2.36,15:33:16.590,-2.36,32714100,720000,76930120.0,16056500,16657600,0,41.65,"{'bid': [{'price': 2.36, 'vol': 6238}], 'ask': [{'price': 2.37, 'vol': 17619}]}",0000000101010110,0.00%,0.08%,1699192.0,0.00%,0,0,000000000000000000000000000000000000000000000000,2.25%,-10.89%,2507,0.56,000785.SZ,,居然智家,
MARKET.SZ,000788,5.54,5.49,5.55,5.4,5.46,15:33:14.682,-5.54,12897700,128100,70939856.0,6375700,6522000,0,135.93,"{'bid': [{'price': 5.54, 'vol': 965}], 'ask': [{'price': 5.55, 'vol': 1389}]}",0000000000010110,0.00%,0.09%,709704.0,0.73%,0,0,000000000000000000000000000000000000000000000000,1.29%,-14.52%,1904,2.16,000788.SZ,,北大医药,
MARKET.SZ,000789,4.58,4.58,4.62,4.51,4.57,15:33:15.258,-4.58,3972800,34300,18139366.0,2121100,1851700,0,21.07,"{'bid': [{'price': 4.57, 'vol': 1097}], 'ask': [{'price': 4.58, 'vol': 26}]}",0000101000010110,0.00%,0.01%,157090.0,0.00%,0,0,000000000000000000000000000000000000000000000000,0.45%,19.72%,827,0.5,000789.SZ,,万年青,
MARKET.SZ,000790,4.31,4.25,4.34,4.15,4.21,15:33:15.420,-4.31,19053000,77900,81272744.0,8914500,10138500,0,18.02,"{'bid': [{'price': 4.31, 'vol': 488}], 'ask': [{'price': 4.32, 'vol': 186}]}",0000000101010110,0.00%,0.06%,335760.0,0.95%,0,0,000000000000000000000000000000000000000000000000,0.78%,-16.34%,2275,3.06,000790.SZ,,华神科技,
MARKET.SZ,000791,8.78,8.77,8.93,8.56,8.75,15:33:12.738,-8.78,52217500,679600,456913888.0,27109100,25108400,0,259.68,"{'bid': [{'price': 8.77, 'vol': 2368}], 'ask': [{'price': 8.78, 'vol': 371}]}",0000110000010110,0.11%,0.21%,5967008.0,-0.33%,0,0,000000000000000000000000000000000000000000000000,1.48%,27.76%,3963,2.7,000791.SZ,,甘肃能源,
MARKET.SZ,000795,9.1,8.97,9.13,8.85,8.89,15:33:12.546,-9.1,14783100,221300,133343568.0,6425200,8358000,0,22.51,"{'bid': [{'price': 9.1, 'vol': 567}], 'ask': [{'price': 9.11, 'vol': 1088}]}",0001001001010110,0.11%,0.08%,2013848.0,0.00%,0,0,000000000000000000000000000000000000000000000000,1.59%,-28.65%,3102,1.3,000795.SZ,,英洛华,
MARKET.SZ,000796,4.74,4.8,4.82,4.68,4.8,15:33:15.162,-4.74,40614400,569300,192174640.0,24139500,16475000,0,67.97,"{'bid': [{'price': 4.73, 'vol': 7640}], 'ask': [{'price': 4.74, 'vol': 2116}]}",0001001010010110,0.00%,0.11%,2698608.0,0.21%,0,0,000000000000000000000000000000000000000000000000,1.33%,50.44%,2852,3.05,000796.SZ,,凯撒旅业,
MARKET.SZ,000797,2.6,2.59,2.63,2.56,2.59,15:33:16.446,-2.6,18451100,169200,47865272.0,8158700,10292500,0,15.67,"{'bid': [{'price': 2.6, 'vol': 4575}], 'ask': [{'price': 2.61, 'vol': 2771}]}",0001100010010110,-0.37%,0.07%,439952.0,-0.76%,0,0,000000000000000000000000000000000000000000000000,1.34%,-19.86%,1549,1.17,000797.SZ,,中国武夷,
MARKET.SZ,000798,8.75,8.67,8.82,8.56,8.66,15:33:12.756,-8.75,5421400,73300,47223108.0,2563200,2858200,0,106.21,"{'bid': [{'price': 8.74, 'vol': 36}], 'ask': [{'price': 8.75, 'vol': 446}]}",0000000001010110,0.23%,0.14%,641384.0,0.81%,0,0,000000000000000000000000000000000000000000000000,2.30%,-67.84%,1752,1.48,000798.SZ,,中水渔业,
MARKET.SZ,000800,6.14,6.16,6.19,6.08,6.14,15:33:14.322,-6.14,10961800,103500,67180176.0,5738900,5223000,0,54.15,"{'bid': [{'price': 6.14, 'vol': 2313}], 'ask': [{'price': 6.15, 'vol': 896}]}",0001001100010110,-0.15%,0.02%,635480.0,0.16%,0,0,000000000000000000000000000000000000000000000000,1.16%,8.90%,2870,0.22,000800.SZ,,一汽解放,
MARKET.SZ,000801,13.74,13.5,13.86,13.27,13.5,15:33:09.762,-13.74,25250700,361100,342497440.0,12071000,13179800,0,104.9,"{'bid': [{'price': 13.74, 'vol': 278}], 'ask': [{'price': 13.75, 'vol': 165}]}",0000111101010110,-0.21%,0.17%,4961568.0,0.15%,0,0,000000000000000000000000000000000000000000000000,1.69%,-29.84%,3657,2.49,000801.SZ,,四川九洲,
MARKET.SZ,000802,4.97,5.05,5.09,4.9,5.0,15:33:15.024,-4.97,31450500,378100,156097600.0,17020200,14430300,0,206.49,"{'bid': [{'price': 4.96, 'vol': 791}], 'ask': [{'price': 4.97, 'vol': 171}]}",0000010011010110,0.20%,0.14%,1879152.0,1.00%,0,0,000000000000000000000000000000000000000000000000,1.23%,18.87%,2831,4.4,000802.SZ,,北京文化,
MARKET.SZ,000803,7.87,7.97,7.99,7.85,7.87,15:33:13.284,-7.87,8512500,51800,67327256.0,4153000,4359500,0,10.2,"{'bid': [{'price': 7.86, 'vol': 608}], 'ask': [{'price': 7.87, 'vol': 6}]}",0000010100010110,0.13%,0.04%,407672.0,0.00%,0,0,000000000000000000000000000000000000000000000000,0.64%,-26.08%,1894,1.85,000803.SZ,,山高环能,
MARKET.SZ,000809,3.93,3.84,4.02,3.65,4.0,15:33:15.648,-3.93,89864700,671100,347274336.0,50672900,39191900,0,1466.8,"{'bid': [{'price': 3.93, 'vol': 1369}], 'ask': [{'price': 3.94, 'vol': 891}]}",0000110101010110,0.51%,0.40%,2637664.0,1.86%,0,0,000000000000000000000000000000000000000000000000,1.17%,48.17%,3700,10.9,000809.SZ,,和展能源,
MARKET.SZ,000810,12.48,12.57,12.7,12.25,12.56,15:33:10.518,-12.48,18477700,233800,229073488.0,8492700,9985000,0,121.17,"{'bid': [{'price': 12.48, 'vol': 374}], 'ask': [{'price': 12.49, 'vol': 289}]}",0000000000010110,0.16%,0.11%,2917776.0,0.08%,0,0,000000000000000000000000000000000000000000000000,1.46%,62.92%,3786,1.66,000810.SZ,,创维数字,
MARKET.SZ,000812,3.85,3.83,3.87,3.76,3.8,15:33:15.696,-3.85,11165500,99100,42609044.0,5293700,5871800,0,41.67,"{'bid': [{'price': 3.85, 'vol': 67}], 'ask': [{'price': 3.86, 'vol': 1697}]}",0000001011010110,0.00%,0.03%,381532.0,0.79%,0,0,000000000000000000000000000000000000000000000000,0.80%,-27.07%,2020,1.48,000812.SZ,,陕西金叶,
MARKET.SZ,000813,3.44,3.62,3.69,3.43,3.81,15:33:15.942,-3.44,109485100,652900,379266048.0,51502200,57983000,0,659.13,"{'bid': [{'price': 3.43, 'vol': 10500}], 'ask': [{'price': 3.44, 'vol': 3865}]}",0000110010010110,0.29%,0.12%,2246080.0,0.28%,0,0,000000000000000000000000000000000000000000000000,0.67%,0.07%,3236,5.22,000813.SZ,,德展健康,
MARKET.SZ,000816,2.73,2.69,2.75,2.64,2.68,15:33:16.368,-2.73,26425900,186700,71646904.0,10574000,15852000,0,80.67,"{'bid': [{'price': 2.73, 'vol': 802}], 'ask': [{'price': 2.74, 'vol': 4949}]}",0001000011010110,0.00%,0.09%,509704.0,0.75%,0,0,000000000000000000000000000000000000000000000000,1.71%,-46.62%,2242,1.84,000816.SZ,,智慧农业,
MARKET.SZ,000822,5.17,5.12,5.19,5.03,5.07,15:33:14.904,-5.17,15333800,84000,78281936.0,7147300,8186600,0,42.65,"{'bid': [{'price': 5.16, 'vol': 501}], 'ask': [{'price': 5.17, 'vol': 147}]}",0001001111010110,0.19%,0.06%,434288.0,0.99%,0,0,000000000000000000000000000000000000000000000000,1.08%,-38.81%,1912,1.71,000822.SZ,,山东海化,
MARKET.SZ,000825,3.94,3.9,3.98,3.85,3.89,15:33:15.642,-3.94,28542500,250700,111880368.0,10812800,17729800,0,56.47,"{'bid': [{'price': 3.94, 'vol': 1879}], 'ask': [{'price': 3.95, 'vol': 1384}]}",0000110011010110,0.00%,0.03%,987752.0,0.00%,0,0,000000000000000000000000000000000000000000000000,1.11%,-31.45%,2970,0.5,000825.SZ,,太钢不锈,
MARKET.SZ,000828,10.02,10.03,10.05,9.92,10.02,15:33:11.994,-10.02,4841700,134200,48315144.0,2519400,2322400,0,21.31,"{'bid': [{'price': 10.02, 'vol': 248}], 'ask': [{'price': 10.03, 'vol': 246}]}",0001011101010110,0.00%,0.05%,1344696.0,0.00%,0,0,000000000000000000000000000000000000000000000000,1.73%,-13.16%,1557,0.47,000828.SZ,,东莞控股,
MARKET.SZ,000829,9.27,9.55,9.67,9.24,9.53,15:33:12.444,-9.27,35036800,369700,327702688.0,20299300,14737600,0,139.05,"{'bid': [{'price': 9.27, 'vol': 1051}], 'ask': [{'price': 9.28, 'vol': 912}]}",0000111011010110,0.11%,0.23%,3427008.0,0.00%,0,0,000000000000000000000000000000000000000000000000,2.19%,45.44%,3840,3.42,000829.SZ,,天音控股,
MARKET.SZ,000830,13.77,13.45,13.89,13.35,13.43,15:33:09.744,-13.77,34546100,255800,469604032.0,13920700,20625500,0,238.07,"{'bid': [{'price': 13.77, 'vol': 1353}], 'ask': [{'price': 13.78, 'vol': 23}]}",0000111000010110,-0.13%,0.07%,3522144.0,0.15%,0,0,000000000000000000000000000000000000000000000000,0.92%,26.84%,4171,1.81,000830.SZ,,鲁西化工,
MARKET.SZ,000837,12.65,12.72,12.8,12.4,12.68,15:33:10.416,-12.65,38583700,386700,486930464.0,18710200,19873600,0,522.41,"{'bid': [{'price': 12.64, 'vol': 842}], 'ask': [{'price': 12.65, 'vol': 814}]}",0000110101010110,-0.07%,0.18%,4891648.0,0.00%,0,0,000000000000000000000000000000000000000000000000,1.20%,-3.65%,3975,3.83,000837.SZ,,秦川机床,
MARKET.SZ,000839,3.18,3.21,3.22,3.1,3.18,15:33:16.698,-3.18,86950800,1071500,274475328.0,46156900,40794000,0,144.84,"{'bid': [{'price': 3.18, 'vol': 8928}], 'ask': [{'price': 3.19, 'vol': 10534}]}",0001001010010110,-0.30%,0.10%,3407392.0,0.63%,0,0,000000000000000000000000000000000000000000000000,1.34%,-17.98%,3740,2.22,000839.SZ,,国安股份,
MARKET.SZ,000848,8.71,8.76,8.8,8.65,8.69,15:33:12.780,-8.71,11820700,101500,102989320.0,6002700,5818100,0,65.61,"{'bid': [{'price': 8.71, 'vol': 207}], 'ask': [{'price': 8.72, 'vol': 9}]}",0001001100010110,0.00%,0.05%,884032.0,-0.44%,0,0,000000000000000000000000000000000000000000000000,1.27%,-48.70%,2681,1.17,000848.SZ,,承德露露,
MARKET.SZ,000850,4.2,4.2,4.24,4.1,4.15,15:33:15.486,-4.2,9823000,11000,40991964.0,4279600,5543500,0,22.51,"{'bid': [{'price': 4.2, 'vol': 602}], 'ask': [{'price': 4.21, 'vol': 648}]}",0001010000010110,-0.23%,0.04%,46192.0,0.24%,0,0,000000000000000000000000000000000000000000000000,1.07%,-10.70%,1541,1.04,000850.SZ,,华茂股份,
MARKET.SZ,000852,6.39,6.42,6.46,6.25,6.37,15:33:14.172,-6.39,16166700,108900,102585528.0,9098200,7068500,0,24.08,"{'bid': [{'price': 6.38, 'vol': 107}], 'ask': [{'price': 6.39, 'vol': 213}]}",0000000101010110,0.16%,0.09%,695856.0,0.00%,0,0,000000000000000000000000000000000000000000000000,1.22%,-2.12%,2429,1.7,000852.SZ,,石化机械,
MARKET.SZ,000856,10.75,10.01,10.81,9.94,10.04,15:33:11.556,-10.75,22205600,237900,231095616.0,8063400,14142200,0,59.96,"{'bid': [{'price': 10.75, 'vol': 146}], 'ask': [{'price': 10.76, 'vol': 1471}]}",0000000000010110,-0.08%,0.37%,2557424.0,0.50%,0,0,000000000000000000000000000000000000000000000000,1.27%,-54.01%,3592,9.78,000856.SZ,,冀东装备,
MARKET.SZ,000859,10.82,10.5,10.85,10.3,10.34,15:33:11.514,-10.82,104245800,1535900,1104592640.0,50313500,53932400,0,1726.94,"{'bid': [{'price': 10.82, 'vol': 3521}], 'ask': [{'price': 10.83, 'vol': 2137}]}",0001011000010110,0.19%,0.61%,16618624.0,2.64%,0,0,000000000000000000000000000000000000000000000000,1.81%,6.96%,4643,11.64,000859.SZ,,国风新材,
MARKET.SZ,000860,11.22,11.54,11.6,11.22,11.54,15:33:11.274,-11.22,9220900,205000,104463184.0,4935700,4285200,0,37.39,"{'bid': [{'price': 11.22, 'vol': 716}], 'ask': [{'price': 11.23, 'vol': 260}]}",0000011110010110,-0.08%,0.08%,2300104.0,-0.42%,0,0,000000000000000000000000000000000000000000000000,1.90%,3.96%,2366,1.24,000860.SZ,,顺鑫农业,
MARKET.SZ,000862,6.5,6.57,6.6,6.41,6.52,15:33:14.106,-6.5,29890500,274000,194101488.0,16627200,13263400,0,91.13,"{'bid': [{'price': 6.49, 'vol': 1335}], 'ask': [{'price': 6.5, 'vol': 1175}]}",0000111101010110,0.00%,0.14%,1780976.0,1.08%,0,0,000000000000000000000000000000000000000000000000,1.11%,6.31%,3020,4.76,000862.SZ,,银星能源,
MARKET.SZ,000863,5.57,5.33,5.85,5.33,5.37,15:33:14.664,-5.57,40197900,293700,225047792.0,19690600,20507300,0,49.09,"{'bid': [{'price': 5.56, 'vol': 369}], 'ask': [{'price': 5.57, 'vol': 290}]}",0000000100010110,0.54%,0.20%,1635888.0,0.76%,0,0,000000000000000000000000000000000000000000000000,1.48%,23.91%,2687,3.46,000863.SZ,,三湘印象,
MARKET.SZ,000868,4.12,4.11,4.15,4.05,4.1,15:33:15.534,-4.12,9895100,53800,40592300.0,4974200,4921000,0,10.6,"{'bid': [{'price': 4.12, 'vol': 345}], 'ask': [{'price': 4.13, 'vol': 2034}]}",0001100000010110,0.00%,0.02%,221644.0,0.00%,0,0,000000000000000000000000000000000000000000000000,0.57%,-30.43%,1460,1.35,000868.SZ,,安凯客车,
MARKET.SZ,000875,6.24,6.26,6.32,6.2,6.26,15:33:14.262,-6.24,42266300,608200,264615184.0,22422300,19844100,0,176.91,"{'bid': [{'price': 6.24, 'vol': 563}], 'ask': [{'price': 6.25, 'vol': 709}]}",0001011110010110,0.32%,0.05%,3795216.0,-0.15%,0,0,000000000000000000000000000000000000000000000000,1.34%,58.51%,3397,1.26,000875.SZ,,电投绿能,
MARKET.SZ,000876,8.11,8.17,8.2,8.1,8.15,15:33:13.140,-8.11,18118200,192600,147210592.0,10710700,7407600,0,58.58,"{'bid': [{'price': 8.11, 'vol': 1965}], 'ask': [{'price': 8.12, 'vol': 332}]}",0000111000010110,0.00%,0.02%,1561280.0,0.12%,0,0,000000000000000000000000000000000000000000000000,0.88%,51.56%,3312,0.4,000876.SZ,,新 希 望,
MARKET.SZ,000877,4.48,4.33,4.6,4.3,4.32,15:33:15.318,-4.48,23065400,270200,103222192.0,10105400,12960000,0,73.74,"{'bid': [{'price': 4.47, 'vol': 120}], 'ask': [{'price': 4.48, 'vol': 1900}]}",0000001111010110,0.45%,0.04%,1210464.0,0.46%,0,0,000000000000000000000000000000000000000000000000,1.21%,9.10%,2045,0.32,000877.SZ,,天山股份,
MARKET.SZ,000881,7.77,7.61,7.79,7.45,7.6,15:33:13.344,-7.77,12655000,102900,96931176.0,6135400,6519700,0,29.6,"{'bid': [{'price': 7.77, 'vol': 1132}], 'ask': [{'price': 7.78, 'vol': 1318}]}",0001011101010110,0.13%,0.05%,799544.0,0.00%,0,0,000000000000000000000000000000000000000000000000,1.01%,-53.84%,2190,1.4,000881.SZ,,中广核技,
MARKET.SZ,000882,1.45,1.47,1.47,1.42,1.46,15:33:17.136,-1.45,50137300,264900,72190648.0,27852100,22285200,0,17.01,"{'bid': [{'price': 1.45, 'vol': 9333}], 'ask': [{'price': 1.46, 'vol': 27648}]}",0000010101010110,0.00%,0.02%,384120.0,0.00%,0,0,000000000000000000000000000000000000000000000000,0.39%,-20.51%,1968,1.83,000882.SZ,,华联股份,
MARKET.SZ,000883,4.89,4.92,4.94,4.83,4.93,15:33:15.072,-4.89,48691500,542900,238179568.0,23460100,25231400,0,119.06,"{'bid': [{'price': 4.89, 'vol': 1836}], 'ask': [{'price': 4.9, 'vol': 500}]}",0000001100010110,-0.19%,0.06%,2654848.0,-0.19%,0,0,000000000000000000000000000000000000000000000000,1.04%,21.85%,3420,0.75,000883.SZ,,湖北能源,
MARKET.SZ,000885,13.48,13.42,13.56,13.29,13.42,15:33:09.918,-13.48,4654700,81500,62462308.0,2540400,2114400,0,26.44,"{'bid': [{'price': 13.48, 'vol': 116}], 'ask': [{'price': 13.49, 'vol': 58}]}",0001011011010110,0.00%,0.08%,1098620.0,0.00%,0,0,000000000000000000000000000000000000000000000000,1.62%,64.35%,1942,0.72,000885.SZ,,城发环境,
MARKET.SZ,000886,5.08,5.1,5.12,5.01,5.05,15:33:14.958,-5.08,10383800,36700,52506544.0,5185600,5198200,0,61.86,"{'bid': [{'price': 5.08, 'vol': 361}], 'ask': [{'price': 5.09, 'vol': 803}]}",0000100011010110,0.00%,0.03%,186468.0,0.00%,0,0,000000000000000000000000000000000000000000000000,1.09%,-32.91%,1757,1.06,000886.SZ,,海南高速,
MARKET.SZ,000888,10.45,10.75,10.76,10.44,10.69,15:33:11.736,-10.45,8070400,70100,84914224.0,4919900,3150500,0,26.98,"{'bid': [{'price': 10.44, 'vol': 368}], 'ask': [{'price': 10.45, 'vol': 267}]}",0000001110010110,-0.09%,0.06%,732512.0,0.00%,0,0,000000000000000000000000000000000000000000000000,1.13%,-21.45%,1933,1.53,000888.SZ,,峨眉山Ａ,
MARKET.SZ,000889,4.23,4.15,4.27,4.0,4.05,15:33:15.468,-4.23,87427600,1373200,363703296.0,37049300,50378300,0,270.41,"{'bid': [{'price': 4.23, 'vol': 951}], 'ask': [{'price': 4.24, 'vol': 5057}]}",0000010011010110,0.00%,0.37%,5808800.0,0.73%,0,0,000000000000000000000000000000000000000000000000,1.30%,-13.71%,4095,10.05,000889.SZ,,中嘉博创,
MARKET.SZ,000890,11.7,11.55,11.98,11.48,11.65,15:33:10.986,-11.7,40300800,480800,472906368.0,20961000,19339800,0,798.68,"{'bid': [{'price': 11.7, 'vol': 1566}], 'ask': [{'price': 11.71, 'vol': 1371}]}",0000000100010110,0.00%,0.46%,5625536.0,1.14%,0,0,000000000000000000000000000000000000000000000000,1.39%,29.19%,4359,9.61,000890.SZ,,法尔胜,
MARKET.SZ,000892,4.16,4.16,4.21,4.05,4.11,15:33:15.510,-4.16,26740400,228500,110807120.0,14178000,12562500,0,51.79,"{'bid': [{'price': 4.16, 'vol': 456}], 'ask': [{'price': 4.17, 'vol': 722}]}",0001000011010110,-0.23%,0.20%,950592.0,0.24%,0,0,000000000000000000000000000000000000000000000000,1.93%,-64.35%,2693,3.76,000892.SZ,,欢瑞世纪,
MARKET.SZ,000897,1.98,1.96,1.99,1.95,1.96,15:33:17.418,-1.98,17432700,118800,34307980.0,8228400,9204300,0,61.92,"{'bid': [{'price': 1.97, 'vol': 2728}], 'ask': [{'price': 1.98, 'vol': 2919}]}",0000100000010110,0.00%,0.03%,235220.0,0.00%,0,0,000000000000000000000000000000000000000000000000,1.17%,-8.25%,1567,1.08,000897.SZ,,津滨发展,
MARKET.SZ,000898,2.03,2.02,2.05,2.0,2.02,15:33:16.788,-2.03,33543000,499900,67867512.0,14617700,18925300,0,41.09,"{'bid': [{'price': 2.03, 'vol': 14332}], 'ask': [{'price': 2.04, 'vol': 3979}]}",0000011110010110,0.00%,0.05%,1014820.0,0.00%,0,0,000000000000000000000000000000000000000000000000,1.59%,-8.89%,2291,0.42,000898.SZ,,鞍钢股份,
MARKET.SZ,000899,13.08,13.0,13.2,12.75,12.83,15:33:10.158,-13.08,22758500,539600,296464096.0,10712100,12046400,0,220.61,"{'bid': [{'price': 13.08, 'vol': 439}], 'ask': [{'price': 13.09, 'vol': 116}]}",0000001111010110,-0.22%,0.37%,7057952.0,1.09%,0,0,000000000000000000000000000000000000000000000000,2.26%,31.23%,3723,2.33,000899.SZ,,赣能股份,
MARKET.SZ,000900,3.94,3.96,3.98,3.9,3.94,15:33:15.642,-3.94,15952200,175600,62656188.0,9822100,6130200,0,12.39,"{'bid': [{'price': 3.94, 'vol': 1127}], 'ask': [{'price': 3.95, 'vol': 2015}]}",0001010100010110,0.00%,0.04%,691884.0,0.00%,0,0,000000000000000000000000000000000000000000000000,0.94%,27.13%,2016,1.05,000900.SZ,,现代投资,
MARKET.SZ,000902,14.22,14.2,14.28,13.97,14.16,15:33:09.474,-14.22,8890500,206400,125467752.0,4724200,4166400,0,33.37,"{'bid': [{'price': 14.21, 'vol': 48}], 'ask': [{'price': 14.22, 'vol': 105}]}",0001001010010110,0.35%,0.07%,2935032.0,-0.06%,0,0,000000000000000000000000000000000000000000000000,2.09%,-34.45%,2583,0.78,000902.SZ,,新洋丰,
MARKET.SZ,000905,10.0,9.98,10.08,9.9,9.95,15:33:12.006,-10.0,9691500,172500,96820168.0,4975300,4716200,0,103.99,"{'bid': [{'price': 10.0, 'vol': 250}], 'ask': [{'price': 10.01, 'vol': 244}]}",0000101110010110,0.10%,0.09%,1725000.0,0.30%,0,0,000000000000000000000000000000000000000000000000,1.59%,53.81%,2316,1.31,000905.SZ,,厦门港务,
MARKET.SZ,000906,6.32,6.21,6.35,6.12,6.18,15:33:14.214,-6.32,11148800,119300,69528736.0,5024100,6124800,0,8.57,"{'bid': [{'price': 6.32, 'vol': 268}], 'ask': [{'price': 6.33, 'vol': 367}]}",0001011111010110,0.00%,0.08%,753976.0,0.00%,0,0,000000000000000000000000000000000000000000000000,1.23%,-13.66%,1929,1.59,000906.SZ,,浙商中拓,
MARKET.SZ,000910,6.77,6.81,6.93,6.61,6.75,15:33:13.944,-6.77,11657700,419700,78664888.0,6885100,4772600,0,80.97,"{'bid': [{'price': 6.77, 'vol': 491}], 'ask': [{'price': 6.81, 'vol': 53}]}",0000000000010110,-1.16%,0.30%,2841352.0,0.89%,0,0,000000000000000000000000000000000000000000000000,3.78%,59.73%,2036,2.13,000910.SZ,,大亚圣象,
MARKET.SZ,000912,4.01,3.96,4.05,3.92,3.94,15:33:15.600,-4.01,25155700,372600,99996400.0,10360400,14795300,0,72.9,"{'bid': [{'price': 4.0, 'vol': 4576}], 'ask': [{'price': 4.01, 'vol': 512}]}",0000011001010110,0.00%,0.11%,1494080.0,0.51%,0,0,000000000000000000000000000000000000000000000000,1.39%,-9.26%,1995,1.6,000912.SZ,,泸天化,
MARKET.SZ,000913,12.13,12.33,12.33,12.09,12.22,15:33:10.728,-12.13,4073300,63700,49560972.0,1956800,2116500,0,3.45,"{'bid': [{'price': 12.13, 'vol': 135}], 'ask': [{'price': 12.14, 'vol': 53}]}",0000000001010110,-0.15%,0.06%,772684.0,0.65%,0,0,000000000000000000000000000000000000000000000000,2.01%,30.64%,1558,0.78,000913.SZ,,钱江摩托,
MARKET.SZ,000917,8.1,8.02,8.19,7.9,8.01,15:33:13.746,-8.1,29969800,525300,240543792.0,13601600,16368300,0,173.63,"{'bid': [{'price': 8.1, 'vol': 731}], 'ask': [{'price': 8.11, 'vol': 1691}]}",0000111011010110,-0.11%,0.09%,4254912.0,0.12%,0,0,000000000000000000000000000000000000000000000000,1.70%,-0.68%,3079,2.11,000917.SZ,,电广传媒,
MARKET.SZ,000919,6.56,6.56,6.59,6.48,6.5,15:33:14.070,-6.56,10379600,177300,67824280.0,5701700,4677900,0,116.83,"{'bid': [{'price': 6.55, 'vol': 450}], 'ask': [{'price': 6.56, 'vol': 420}]}",0000000000010110,0.15%,0.10%,1163080.0,0.46%,0,0,000000000000000000000000000000000000000000000000,1.72%,-4.25%,1744,1.67,000919.SZ,,金陵药业,
MARKET.SZ,000920,11.3,10.84,11.34,10.68,10.76,15:33:11.226,-11.3,6080700,243200,66935484.0,2451300,3629400,0,12.25,"{'bid': [{'price': 11.29, 'vol': 9}], 'ask': [{'price': 11.3, 'vol': 658}]}",0000000000010110,0.71%,0.28%,2748172.0,0.00%,0,0,000000000000000000000000000000000000000000000000,5.38%,-69.72%,1721,1.29,000920.SZ,,沃顿科技,
MARKET.SZ,000922,13.91,13.16,14.35,12.94,13.15,15:33:09.660,-13.91,41766000,459000,580214144.0,16670400,25095600,0,154.6,"{'bid': [{'price': 13.9, 'vol': 783}], 'ask': [{'price': 13.91, 'vol': 2}]}",0000101010010110,0.00%,0.22%,6385152.0,0.08%,0,0,000000000000000000000000000000000000000000000000,1.16%,49.60%,3861,5.92,000922.SZ,,佳电股份,
MARKET.SZ,000925,8.34,8.29,8.37,8.1,8.18,15:33:13.002,-8.34,44509800,774500,367311680.0,22608900,21901000,0,225.57,"{'bid': [{'price': 8.34, 'vol': 1234}], 'ask': [{'price': 8.35, 'vol': 3238}]}",0000111100010110,-0.11%,0.24%,6459328.0,0.24%,0,0,000000000000000000000000000000000000000000000000,1.78%,-1.52%,3961,6.61,000925.SZ,,众合科技,
MARKET.SZ,000926,2.06,2.08,2.1,1.99,2.08,15:33:16.770,-2.06,72779200,1585800,148976000.0,40519900,32259400,0,449.13,"{'bid': [{'price': 2.06, 'vol': 5433}], 'ask': [{'price': 2.07, 'vol': 1589}]}",0001000000010110,-0.95%,0.22%,3266736.0,0.48%,0,0,000000000000000000000000000000000000000000000000,1.85%,-4.34%,2806,4.63,000926.SZ,,福星股份,
MARKET.SZ,000927,2.68,2.67,2.69,2.63,2.65,15:33:16.398,-2.68,44596100,857000,118845784.0,18153000,26443100,0,79.89,"{'bid': [{'price': 2.67, 'vol': 11011}], 'ask': [{'price': 2.68, 'vol': 806}]}",0000010101010110,0.00%,0.12%,2296696.0,0.38%,0,0,000000000000000000000000000000000000000000000000,2.62%,-7.69%,2425,0.74,000927.SZ,,中国铁物,
MARKET.SZ,000928,6.29,6.38,6.4,6.26,6.35,15:33:14.232,-6.29,15800500,268400,99733432.0,8545200,7255400,0,49.38,"{'bid': [{'price': 6.29, 'vol': 2552}], 'ask': [{'price': 6.3, 'vol': 1922}]}",0001000101010110,0.00%,0.06%,1688200.0,0.16%,0,0,000000000000000000000000000000000000000000000000,1.26%,33.87%,2294,1.1,000928.SZ,,中钢国际,
MARKET.SZ,000930,5.21,5.22,5.26,5.15,5.19,15:33:14.880,-5.21,15029200,253900,78207376.0,7071200,7958000,0,66.24,"{'bid': [{'price': 5.21, 'vol': 1377}], 'ask': [{'price': 5.22, 'vol': 218}]}",0000001110010110,-0.18%,0.06%,1322808.0,0.58%,0,0,000000000000000000000000000000000000000000000000,1.49%,13.65%,2313,0.81,000930.SZ,,中粮科技,
MARKET.SZ,000931,4.38,4.37,4.42,4.34,4.36,15:33:15.378,-4.38,5080700,29100,22282192.0,2328900,2751800,0,1.53,"{'bid': [{'price': 4.38, 'vol': 823}], 'ask': [{'price': 4.39, 'vol': 4}]}",0000000000010110,-0.22%,0.03%,127452.0,0.00%,0,0,000000000000000000000000000000000000000000000000,1.69%,25.26%,1263,0.68,000931.SZ,,中 关 村,
MARKET.SZ,000932,4.03,4.07,4.08,4.01,4.06,15:33:15.588,-4.03,81397900,650900,328465280.0,35619100,45778800,0,91.41,"{'bid': [{'price': 4.03, 'vol': 262}], 'ask': [{'price': 4.04, 'vol': 10148}]}",0000011100010110,0.25%,0.05%,2623136.0,0.25%,0,0,000000000000000000000000000000000000000000000000,0.93%,4.37%,3857,1.19,000932.SZ,,华菱钢铁,
MARKET.SZ,000936,7.0,6.99,7.06,6.86,6.98,15:33:13.806,-7.0,23721700,362000,165163264.0,12758200,10963600,0,175.59,"{'bid': [{'price': 7.0, 'vol': 2817}], 'ask': [{'price': 7.01, 'vol': 329}]}",0001010011010110,-0.13%,0.17%,2534000.0,0.14%,0,0,000000000000000000000000000000000000000000000000,1.90%,-9.70%,2794,2.68,000936.SZ,,华西股份,
MARKET.SZ,000937,5.37,5.38,5.41,5.33,5.38,15:33:14.784,-5.37,10812800,125400,57957924.0,5363500,5449400,0,9.42,"{'bid': [{'price': 5.37, 'vol': 116}], 'ask': [{'price': 5.38, 'vol': 2870}]}",0001010000010110,0.19%,0.03%,673172.0,0.00%,0,0,000000000000000000000000000000000000000000000000,1.44%,34.15%,2328,0.31,000937.SZ,,冀中能源,
MARKET.SZ,000948,14.1,14.03,14.23,13.91,14.03,15:33:09.546,-14.1,4168600,42300,58605928.0,2166600,2002100,0,54.44,"{'bid': [{'price': 14.1, 'vol': 273}], 'ask': [{'price': 14.11, 'vol': 26}]}",0001010011010110,0.14%,0.05%,596424.0,0.00%,0,0,000000000000000000000000000000000000000000000000,1.34%,64.62%,1649,1.07,000948.SZ,,南天信息,
MARKET.SZ,000949,7.3,7.3,7.38,7.1,7.27,15:33:13.626,-7.3,45784400,284000,331792704.0,23718800,22065700,0,53.95,"{'bid': [{'price': 7.29, 'vol': 840}], 'ask': [{'price': 7.3, 'vol': 311}]}",0001001101010110,-0.13%,0.07%,2073248.0,0.14%,0,0,000000000000000000000000000000000000000000000000,0.77%,-8.05%,3419,2.76,000949.SZ,,新乡化纤,
MARKET.SZ,000950,6.18,6.14,6.21,6.06,6.12,15:33:14.298,-6.18,32852000,369800,201708240.0,17096000,15756100,0,93.33,"{'bid': [{'price': 6.18, 'vol': 742}], 'ask': [{'price': 6.19, 'vol': 935}]}",0001000101010110,0.00%,0.09%,2285360.0,0.00%,0,0,000000000000000000000000000000000000000000000000,0.97%,7.67%,3263,1.9,000950.SZ,,重药控股,
MARKET.SZ,000952,7.24,7.18,7.32,7.07,7.14,15:33:13.662,-7.24,6405800,64000,46036592.0,3274100,3131700,0,38.84,"{'bid': [{'price': 7.23, 'vol': 414}], 'ask': [{'price': 7.24, 'vol': 721}]}",0000010100010110,0.14%,0.07%,463356.0,1.13%,0,0,000000000000000000000000000000000000000000000000,1.26%,-22.74%,1899,1.86,000952.SZ,,广济药业,
MARKET.SZ,000953,6.98,6.71,7.03,6.71,6.75,15:33:13.818,-6.98,8940900,68100,61800124.0,3519300,5421700,0,33.48,"{'bid': [{'price': 6.97, 'vol': 86}], 'ask': [{'price': 6.98, 'vol': 708}]}",0000111100010110,0.14%,0.05%,475360.0,0.00%,0,0,000000000000000000000000000000000000000000000000,0.60%,-39.56%,1640,2.44,000953.SZ,,河化股份,
MARKET.SZ,000955,4.57,4.52,4.61,4.43,4.5,15:33:15.264,-4.57,10781800,134400,48739608.0,5456100,5325700,0,7.55,"{'bid': [{'price': 4.56, 'vol': 418}], 'ask': [{'price': 4.57, 'vol': 327}]}",0000000000010110,0.44%,0.07%,614212.0,-0.65%,0,0,000000000000000000000000000000000000000000000000,1.33%,0.29%,1840,2.0,000955.SZ,,欣龙控股,
MARKET.SZ,000957,11.15,11.15,11.18,10.99,11.08,15:33:11.316,-11.15,14382700,97300,159371376.0,7517300,6865400,0,25.21,"{'bid': [{'price': 11.14, 'vol': 31}], 'ask': [{'price': 11.15, 'vol': 627}]}",0000010011010110,0.63%,0.23%,1084992.0,0.45%,0,0,000000000000000000000000000000000000000000000000,3.22%,-20.21%,2893,2.43,000957.SZ,,中通客车,
MARKET.SZ,000958,6.06,6.12,6.14,6.04,6.08,15:33:14.370,-6.06,28697400,270000,174516848.0,16019800,12677600,0,25.7,"{'bid': [{'price': 6.06, 'vol': 2101}], 'ask': [{'price': 6.07, 'vol': 729}]}",0000000000010110,0.17%,0.03%,1636224.0,0.00%,0,0,000000000000000000000000000000000000000000000000,1.18%,37.29%,3119,0.53,000958.SZ,,电投产融,
MARKET.SZ,000959,3.66,3.72,3.73,3.64,3.68,15:33:15.810,-3.66,36396500,304700,134221712.0,19722600,16674000,0,55.47,"{'bid': [{'price': 3.66, 'vol': 741}], 'ask': [{'price': 3.67, 'vol': 2294}]}",0000111100010110,0.27%,0.06%,1115192.0,0.54%,0,0,000000000000000000000000000000000000000000000000,1.00%,15.26%,3448,0.49,000959.SZ,,首钢股份,
MARKET.SZ,000965,3.41,3.4,3.43,3.37,3.4,15:33:15.960,-3.41,10001500,385800,34037036.0,5232400,4769200,0,2.21,"{'bid': [{'price': 3.41, 'vol': 771}], 'ask': [{'price': 3.42, 'vol': 3220}]}",0001010000010110,0.00%,0.09%,1315574.0,0.00%,0,0,000000000000000000000000000000000000000000000000,2.50%,-13.84%,1489,0.9,000965.SZ,,天保基建,
MARKET.SZ,000966,4.74,4.7,4.81,4.6,4.7,15:33:15.162,-4.74,74866100,914100,353142048.0,35807800,39058400,0,221.93,"{'bid': [{'price': 4.74, 'vol': 2098}], 'ask': [{'price': 4.75, 'vol': 984}]}",0001000001010110,-0.20%,0.14%,4332960.0,0.21%,0,0,000000000000000000000000000000000000000000000000,1.27%,22.07%,3726,2.3,000966.SZ,,长源电力,
MARKET.SZ,000967,12.98,12.27,13.08,12.0,12.05,15:33:10.218,-12.98,216303000,2030800,2711115520.0,102854800,113448300,0,820.9,"{'bid': [{'price': 12.98, 'vol': 1630}], 'ask': [{'price': 12.99, 'vol': 777}]}",0001000110010110,0.00%,0.35%,26360064.0,0.57%,0,0,000000000000000000000000000000000000000000000000,0.91%,3.51%,4732,6.58,000967.SZ,,盈峰环境,
MARKET.SZ,000968,7.89,7.86,7.94,7.76,7.86,15:33:13.272,-7.89,23307600,1121900,182872720.0,11848500,11459100,0,143.36,"{'bid': [{'price': 7.89, 'vol': 1617}], 'ask': [{'price': 7.9, 'vol': 542}]}",0000000100010110,-0.24%,0.31%,8851744.0,0.77%,0,0,000000000000000000000000000000000000000000000000,2.90%,3.44%,2864,2.41,000968.SZ,,蓝焰控股,
MARKET.SZ,000970,11.95,11.63,11.99,11.56,11.62,15:33:10.836,-11.95,20165100,201400,238296080.0,8699900,11465200,0,42.45,"{'bid': [{'price': 11.95, 'vol': 69}], 'ask': [{'price': 11.96, 'vol': 169}]}",0000101101010110,-0.16%,0.06%,2406816.0,0.09%,0,0,000000000000000000000000000000000000000000000000,1.25%,-71.02%,3475,1.66,000970.SZ,,中科三环,
MARKET.SZ,000978,6.34,6.44,6.46,6.3,6.41,15:33:14.202,-6.34,9141400,195000,58049724.0,5254300,3887100,0,11.46,"{'bid': [{'price': 6.34, 'vol': 4064}], 'ask': [{'price': 6.35, 'vol': 777}]}",0000001101010110,0.00%,0.15%,1236292.0,0.00%,0,0,000000000000000000000000000000000000000000000000,1.90%,73.24%,1785,1.95,000978.SZ,,桂林旅游,
MARKET.SZ,000980,2.58,2.44,2.65,2.38,2.44,15:33:16.458,-2.58,232367200,2218300,593592256.0,87202800,145164500,0,140.89,"{'bid': [{'price': 2.58, 'vol': 23556}], 'ask': [{'price': 2.59, 'vol': 4080}]}",0001010000010110,-0.38%,0.19%,5723392.0,0.00%,0,0,000000000000000000000000000000000000000000000000,1.40%,0.97%,4239,4.61,000980.SZ,,众泰汽车,
MARKET.SZ,000981,3.91,3.96,3.97,3.82,3.97,15:33:15.660,-3.91,343495500,8481800,1335827584.0,176610000,166885600,0,1085.83,"{'bid': [{'price': 3.9, 'vol': 37959}], 'ask': [{'price': 3.91, 'vol': 37742}]}",0001010111010110,0.00%,0.29%,33163392.0,-0.49%,0,0,000000000000000000000000000000000000000000000000,2.72%,-16.37%,4705,3.61,000981.SZ,,山子高科,
MARKET.SZ,000983,6.41,6.41,6.43,6.35,6.4,15:33:14.160,-6.41,44085400,253300,281705856.0,22347200,21738200,0,189.03,"{'bid': [{'price': 6.41, 'vol': 772}], 'ask': [{'price': 6.42, 'vol': 1784}]}",0000011100010110,0.00%,0.05%,1623680.0,0.16%,0,0,000000000000000000000000000000000000000000000000,1.43%,45.09%,3775,0.78,000983.SZ,,山西焦煤,
MARKET.SZ,000987,8.21,8.35,8.38,8.15,8.26,15:33:13.080,-8.21,38060100,428900,313452480.0,21904200,16155900,0,99.53,"{'bid': [{'price': 8.21, 'vol': 75}], 'ask': [{'price': 8.22, 'vol': 473}]}",0000101100010110,0.12%,0.08%,3521280.0,0.24%,0,0,000000000000000000000000000000000000000000000000,1.35%,18.06%,3336,0.76,000987.SZ,,越秀资本,
MARKET.SZ,000989,8.13,8.39,8.39,8.11,8.38,15:33:13.128,-8.13,22425900,253600,183730400.0,13989100,8436800,0,118.72,"{'bid': [{'price': 8.12, 'vol': 1233}], 'ask': [{'price': 8.13, 'vol': 88}]}",0000101100010110,-0.24%,0.14%,2061760.0,0.12%,0,0,000000000000000000000000000000000000000000000000,1.38%,33.34%,3256,3.23,000989.SZ,,九芝堂,
MARKET.SZ,000990,10.1,10.15,10.22,10.0,10.1,15:33:11.946,-10.1,30924100,796200,312460000.0,15232300,15691900,0,88.31,"{'bid': [{'price': 10.1, 'vol': 378}], 'ask': [{'price': 10.11, 'vol': 971}]}",0001011001010110,-0.09%,0.25%,8041216.0,0.20%,0,0,000000000000000000000000000000000000000000000000,2.59%,-30.18%,3270,2.54,000990.SZ,,诚志股份,
MARKET.SZ,000993,13.13,13.03,13.27,12.75,13.13,15:33:10.128,-13.13,16252600,172500,212208512.0,8155800,8096800,0,72.06,"{'bid': [{'price': 13.13, 'vol': 1436}], 'ask': [{'price': 13.14, 'vol': 63}]}",0000100010010110,0.00%,0.23%,2264960.0,0.00%,0,0,000000000000000000000000000000000000000000000000,1.47%,72.11%,3211,3.7,000993.SZ,,闽东电力,
MARKET.SZ,000995,13.03,14.29,14.29,13.02,14.39,15:33:10.188,-13.03,26742200,634000,356572864.0,15462900,11279300,0,333.81,"{'bid': [{'price': 13.03, 'vol': 6637}], 'ask': [{'price': 13.04, 'vol': 856}]}",0000000001010110,-0.60%,1.12%,8261024.0,1.06%,0,0,000000000000000000000000000000000000000000000000,2.48%,70.10%,3673,15.07,000995.SZ,,皇台酒业,
MARKET.SZ,000998,8.44,8.4,8.45,8.25,8.42,15:33:12.942,-8.44,13003600,51500,108792808.0,5996500,7007200,0,114.16,"{'bid': [{'price': 8.43, 'vol': 99}], 'ask': [{'price': 8.44, 'vol': 715}]}",0001011110010110,0.12%,0.02%,434616.0,0.00%,0,0,000000000000000000000000000000000000000000000000,0.90%,26.17%,2466,0.99,000998.SZ,,隆平高科,
MARKET.SZ,001201,12.3,12.47,12.52,12.23,12.41,15:33:10.626,-12.3,2887100,21800,35582268.0,1687600,1199500,0,21.57,"{'bid': [{'price': 12.29, 'vol': 20}], 'ask': [{'price': 12.3, 'vol': 81}]}",0000011100010110,0.24%,0.06%,268136.0,-0.23%,0,0,000000000000000000000000000000000000000000000000,1.10%,14.86%,1254,1.43,001201.SZ,,东瑞股份,
MARKET.SZ,001205,14.78,14.84,14.96,14.54,14.81,15:33:09.138,-14.78,3418900,20900,50447612.0,1651000,1768000,0,9.65,"{'bid': [{'price': 14.77, 'vol': 40}], 'ask': [{'price': 14.78, 'vol': 379}]}",0001011111010110,0.20%,0.06%,308924.0,0.20%,0,0,000000000000000000000000000000000000000000000000,1.20%,-20.89%,1869,2.05,001205.SZ,,盛航股份,
MARKET.SZ,001213,3.86,3.87,3.88,3.85,3.86,15:33:15.690,-3.86,9901400,165400,38309964.0,4597300,5304100,0,15.87,"{'bid': [{'price': 3.86, 'vol': 4702}], 'ask': [{'price': 3.87, 'vol': 2478}]}",0000010111010110,0.00%,0.06%,638436.0,0.00%,0,0,000000000000000000000000000000000000000000000000,2.14%,13.71%,1761,0.22,001213.SZ,,中铁特货,
MARKET.SZ,001217,10.84,10.69,10.94,10.64,10.68,15:33:11.502,-10.84,3564900,20500,38438056.0,1528900,2036000,0,6.09,"{'bid': [{'price': 10.84, 'vol': 38}], 'ask': [{'price': 10.85, 'vol': 305}]}",0000000000010110,0.18%,0.11%,222224.0,0.09%,0,0,000000000000000000000000000000000000000000000000,1.87%,17.93%,1596,1.09,001217.SZ,,华尔泰,
MARKET.SZ,001219,13.85,13.85,13.92,13.59,13.81,15:33:09.696,-13.85,3527400,18000,48518348.0,1828700,1698800,0,4.29,"{'bid': [{'price': 13.85, 'vol': 77}], 'ask': [{'price': 13.86, 'vol': 291}]}",0001000100010110,0.22%,0.07%,249296.0,0.00%,0,0,000000000000000000000000000000000000000000000000,0.98%,14.55%,1641,1.86,001219.SZ,,青岛食品,
MARKET.SZ,001227,2.13,2.14,2.14,2.12,2.13,15:33:16.728,-2.13,32884700,1687500,70078480.0,14452600,18432200,0,29.13,"{'bid': [{'price': 2.13, 'vol': 20229}], 'ask': [{'price': 2.14, 'vol': 25979}]}",0001000001010110,0.00%,0.07%,3594400.0,0.00%,0,0,000000000000000000000000000000000000000000000000,3.76%,-13.29%,1990,0.78,001227.SZ,,兰州银行,
MARKET.SZ,001236,8.88,9.17,9.24,8.79,9.1,15:33:12.678,-8.88,14899700,170100,132652128.0,8219600,6680100,0,58.96,"{'bid': [{'price': 8.87, 'vol': 431}], 'ask': [{'price': 8.88, 'vol': 10}]}",0000101111010110,0.00%,0.15%,1510488.0,0.88%,0,0,000000000000000000000000000000000000000000000000,1.34%,16.40%,2969,1.97,001236.SZ,,弘业期货,
MARKET.SZ,001239,14.54,14.31,14.6,14.19,14.23,15:33:09.282,-14.54,1729100,16900,24915918.0,753600,975600,0,1.43,"{'bid': [{'price': 14.53, 'vol': 17}], 'ask': [{'price': 14.54, 'vol': 18}]}",0001000101010110,-0.06%,0.05%,245732.0,0.00%,0,0,000000000000000000000000000000000000000000000000,1.37%,-23.67%,1257,1.52,001239.SZ,,永达股份,
MARKET.SZ,001258,10.4,10.22,10.64,10.0,10.33,15:33:11.766,-10.4,86999100,1906400,901912064.0,42245900,44753300,0,1638.05,"{'bid': [{'price': 10.39, 'vol': 1235}], 'ask': [{'price': 10.4, 'vol': 742}]}",0000111100010110,-0.18%,1.00%,19826560.0,-0.38%,0,0,000000000000000000000000000000000000000000000000,2.06%,2.91%,4447,9.32,001258.SZ,,立新能源,
MARKET.SZ,001286,11.41,11.39,11.53,11.32,11.4,15:33:11.160,-11.41,16848600,135100,192399648.0,7341400,9507200,0,62.53,"{'bid': [{'price': 11.41, 'vol': 472}], 'ask': [{'price': 11.42, 'vol': 223}]}",0000101100010110,0.00%,0.05%,1541584.0,0.00%,0,0,000000000000000000000000000000000000000000000000,1.03%,38.41%,3526,1.25,001286.SZ,,陕西能源,
MARKET.SZ,001299,12.0,11.81,12.9,11.81,11.95,15:33:10.806,-12.0,13963300,143600,169389072.0,7579400,6384000,0,145.03,"{'bid': [{'price': 12.0, 'vol': 392}], 'ask': [{'price': 12.01, 'vol': 81}]}",0001010011010110,0.00%,0.42%,1723600.0,-0.83%,0,0,000000000000000000000000000000000000000000000000,1.21%,55.84%,2934,4.94,001299.SZ,,美能能源,
MARKET.SZ,001313,9.17,9.22,9.46,9.08,9.24,15:33:12.504,-9.17,21163600,426100,195887392.0,11563600,9600000,0,335.15,"{'bid': [{'price': 9.17, 'vol': 65}], 'ask': [{'price': 9.18, 'vol': 131}]}",0000000000010110,-0.10%,0.34%,3907232.0,0.00%,0,0,000000000000000000000000000000000000000000000000,1.82%,-7.06%,3176,3.03,001313.SZ,,粤海饲料,
MARKET.SZ,001318,12.3,12.25,12.38,12.1,12.21,15:33:10.626,-12.3,1799900,16100,22019748.0,954600,845300,0,11.76,"{'bid': [{'price': 12.3, 'vol': 82}], 'ask': [{'price': 12.31, 'vol': 35}]}",0000000000010110,-0.15%,0.04%,198028.0,0.33%,0,0,000000000000000000000000000000000000000000000000,0.81%,-14.75%,953,0.64,001318.SZ,,阳光乳业,
MARKET.SZ,001322,7.08,7.18,7.18,6.91,7.15,15:33:13.758,-7.08,8004800,120500,56013400.0,4688000,3316800,0,4.31,"{'bid': [{'price': 7.06, 'vol': 22}], 'ask': [{'price': 7.08, 'vol': 901}]}",0000000000010110,0.71%,0.19%,853140.0,0.28%,0,0,000000000000000000000000000000000000000000000000,1.97%,23.20%,1624,1.02,001322.SZ,,箭牌家居,
MARKET.SZ,001330,9.32,9.52,9.57,9.02,9.47,15:33:12.414,-9.32,101201400,942300,939939968.0,54556300,46645200,0,547.5,"{'bid': [{'price': 9.32, 'vol': 3328}], 'ask': [{'price': 9.33, 'vol': 949}]}",0001010100010110,0.00%,0.29%,8782208.0,-0.82%,0,0,000000000000000000000000000000000000000000000000,1.38%,32.91%,4470,8.7,001330.SZ,,博纳影业,
MARKET.SZ,001338,11.4,11.75,11.75,11.3,11.68,15:33:11.166,-11.4,7730300,57000,88343480.0,4660200,3070100,0,18.1,"{'bid': [{'price': 11.4, 'vol': 214}], 'ask': [{'price': 11.41, 'vol': 56}]}",0000000000010110,0.18%,0.12%,649792.0,0.00%,0,0,000000000000000000000000000000000000000000000000,1.80%,54.57%,2060,1.54,001338.SZ,,永顺泰,
MARKET.SZ,001356,10.89,10.93,10.96,10.79,10.84,15:33:11.472,-10.89,2632000,40900,28590610.0,1341300,1290800,0,6.67,"{'bid': [{'price': 10.89, 'vol': 513}], 'ask': [{'price': 10.9, 'vol': 9}]}",0001010100010110,-0.17%,0.04%,445394.0,0.00%,0,0,000000000000000000000000000000000000000000000000,1.11%,34.25%,1259,1.31,001356.SZ,,富岭股份,
MARKET.SZ,001376,14.11,13.19,14.48,13.07,13.19,15:33:09.540,-14.11,21899400,133400,304068672.0,8813000,13086400,0,34.95,"{'bid': [{'price': 14.11, 'vol': 1265}], 'ask': [{'price': 14.12, 'vol': 59}]}",0000000000010110,0.07%,0.15%,1882176.0,0.00%,0,0,000000000000000000000000000000000000000000000000,0.71%,64.43%,3527,10.25,001376.SZ,,百通能源,
MARKET.SZ,001387,13.97,13.81,14.1,13.58,13.8,15:33:09.624,-13.97,3560000,26800,49226452.0,1505900,2054200,0,15.74,"{'bid': [{'price': 13.96, 'vol': 36}], 'ask': [{'price': 13.97, 'vol': 26}]}",0001010111010110,0.22%,0.08%,374408.0,0.07%,0,0,000000000000000000000000000000000000000000000000,0.93%,-48.41%,2120,3.13,001387.SZ,,雪祺电气,
MARKET.SZ,001391,5.23,5.26,5.26,5.2,5.26,15:33:14.868,-5.23,13516400,265400,70663552.0,8099900,5416600,0,28.88,"{'bid': [{'price': 5.23, 'vol': 991}], 'ask': [{'price': 5.24, 'vol': 3912}]}",0001000001010110,-0.18%,0.03%,1388056.0,0.00%,0,0,000000000000000000000000000000000000000000000000,1.65%,17.28%,2503,0.89,001391.SZ,,国货航,
MARKET.SZ,001914,9.73,9.81,9.87,9.72,9.77,15:33:12.168,-9.73,5520900,94500,54058232.0,3085300,2435600,0,11.77,"{'bid': [{'price': 9.73, 'vol': 78}], 'ask': [{'price': 9.74, 'vol': 417}]}",0000000100010110,0.00%,0.05%,919492.0,-0.40%,0,0,000000000000000000000000000000000000000000000000,1.68%,9.56%,2070,0.52,001914.SZ,,招商积余,
MARKET.SZ,001965,10.01,10.06,10.15,9.94,10.12,15:33:12.000,-10.01,10524600,112500,105571536.0,5696100,4828600,0,19.82,"{'bid': [{'price': 10.01, 'vol': 401}], 'ask': [{'price': 10.02, 'vol': 45}]}",0001001000010110,0.10%,0.01%,1126104.0,-0.19%,0,0,000000000000000000000000000000000000000000000000,0.97%,49.72%,2890,0.15,001965.SZ,,招商公路,
MARKET.SZ,001979,8.48,8.55,8.63,8.38,8.55,15:33:12.918,-8.48,45127500,290000,382264064.0,23279300,21848200,0,449.22,"{'bid': [{'price': 8.47, 'vol': 822}], 'ask': [{'price': 8.48, 'vol': 710}]}",0000100110010110,0.24%,0.02%,2459136.0,0.00%,0,0,000000000000000000000000000000000000000000000000,0.70%,41.10%,3933,0.54,001979.SZ,,招商蛇口,
MARKET.SZ,002003,9.29,9.38,9.42,9.18,9.32,15:33:12.432,-9.29,5971100,122700,55419540.0,3249700,2721400,0,9.76,"{'bid': [{'price': 9.29, 'vol': 290}], 'ask': [{'price': 9.32, 'vol': 33}]}",0000101011010110,-0.10%,0.02%,1140472.0,0.00%,0,0,000000000000000000000000000000000000000000000000,1.28%,34.42%,1946,0.58,002003.SZ,,伟星股份,
MARKET.SZ,002004,4.62,4.67,4.69,4.59,4.65,15:33:15.234,-4.62,18806200,267100,87246176.0,10851300,7954900,0,50.11,"{'bid': [{'price': 4.62, 'vol': 4670}], 'ask': [{'price': 4.63, 'vol': 2386}]}",0000010000010110,-0.21%,0.03%,1233992.0,0.21%,0,0,000000000000000000000000000000000000000000000000,1.13%,44.62%,2566,1.0,002004.SZ,,华邦健康,
MARKET.SZ,002007,13.86,13.92,13.93,13.77,13.93,15:33:09.690,-13.86,7704400,146100,106645152.0,3725000,3979500,0,22.55,"{'bid': [{'price': 13.86, 'vol': 24}], 'ask': [{'price': 13.87, 'vol': 155}]}",0000111001010110,-0.06%,0.02%,2024280.0,-0.06%,0,0,000000000000000000000000000000000000000000000000,1.40%,52.66%,2735,0.49,002007.SZ,,华兰生物,
MARKET.SZ,002010,5.39,5.34,5.42,5.27,5.28,15:33:14.772,-5.39,21843100,454900,116853472.0,10141800,11701300,0,38.55,"{'bid': [{'price': 5.39, 'vol': 654}], 'ask': [{'price': 5.4, 'vol': 2585}]}",0000010100010110,0.00%,0.08%,2451888.0,0.00%,0,0,000000000000000000000000000000000000000000000000,1.93%,-38.90%,2754,0.79,002010.SZ,,传化智联,
MARKET.SZ,002011,12.91,12.39,13.04,12.2,12.37,15:33:10.260,-12.91,30284200,214200,384311520.0,12440200,17844000,0,225.5,"{'bid': [{'price': 12.91, 'vol': 582}], 'ask': [{'price': 12.92, 'vol': 466}]}",0000000100010110,-0.22%,0.09%,2765184.0,0.73%,0,0,000000000000000000000000000000000000000000000000,0.80%,-49.85%,3714,2.86,002011.SZ,,盾安环境,
MARKET.SZ,002012,7.82,7.55,7.91,7.23,7.51,15:33:13.314,-7.82,57449000,1017300,435936448.0,26779900,30669200,0,615.4,"{'bid': [{'price': 7.82, 'vol': 2313}], 'ask': [{'price': 7.83, 'vol': 116}]}",0001001100010110,0.13%,0.55%,7955296.0,2.03%,0,0,000000000000000000000000000000000000000000000000,1.71%,15.23%,3848,12.29,002012.SZ,,凯恩股份,
MARKET.SZ,002014,11.14,11.11,11.14,11.02,11.11,15:33:11.322,-11.14,1909400,9600,21180344.0,1060000,849500,0,20.66,"{'bid': [{'price': 11.13, 'vol': 215}], 'ask': [{'price': 11.14, 'vol': 128}]}",0001001101010110,0.18%,0.01%,106940.0,0.00%,0,0,000000000000000000000000000000000000000000000000,0.77%,10.73%,951,0.32,002014.SZ,,永新股份,
MARKET.SZ,002016,4.82,4.77,4.86,4.7,4.75,15:33:15.114,-4.82,8035000,157200,38368780.0,3489700,4545300,0,6.3,"{'bid': [{'price': 4.81, 'vol': 604}], 'ask': [{'price': 4.82, 'vol': 1901}]}",0000000000010110,0.21%,0.08%,757700.0,-0.20%,0,0,000000000000000000000000000000000000000000000000,1.47%,7.75%,1702,0.99,002016.SZ,,世荣兆业,
MARKET.SZ,002019,10.3,10.36,10.42,10.26,10.38,15:33:11.826,-10.3,8109700,145700,83684280.0,4171900,3937800,0,14.19,"{'bid': [{'price': 10.3, 'vol': 2431}], 'ask': [{'price': 10.32, 'vol': 98}]}",0000000011010110,-0.18%,0.04%,1500656.0,0.10%,0,0,000000000000000000000000000000000000000000000000,1.51%,49.56%,2129,0.96,002019.SZ,,亿帆医药,
MARKET.SZ,002020,13.82,14.16,14.2,13.76,14.14,15:33:09.714,-13.82,9812400,95800,136530016.0,5638100,4174400,0,11.61,"{'bid': [{'price': 13.82, 'vol': 216}], 'ask': [{'price': 13.83, 'vol': 47}]}",0001001111010110,0.00%,0.05%,1323952.0,0.00%,0,0,000000000000000000000000000000000000000000000000,1.34%,52.89%,2775,1.36,002020.SZ,,京新药业,
MARKET.SZ,002021,2.98,2.87,3.0,2.84,2.87,15:33:16.218,-2.98,37198200,119100,110008720.0,14698700,22499600,0,19.6,"{'bid': [{'price': 2.98, 'vol': 2802}], 'ask': [{'price': 2.99, 'vol': 557}]}",0000110011010110,0.00%,0.12%,354864.0,0.00%,0,0,000000000000000000000000000000000000000000000000,1.49%,12.46%,2360,3.11,002021.SZ,,中捷资源,
MARKET.SZ,002022,5.67,5.63,5.8,5.57,5.59,15:33:14.604,-5.67,7850300,51600,44367984.0,4153400,3696900,0,19.09,"{'bid': [{'price': 5.66, 'vol': 526}], 'ask': [{'price': 5.67, 'vol': 66}]}",0000001010010110,0.00%,0.04%,292588.0,0.18%,0,0,000000000000000000000000000000000000000000000000,1.05%,-2.16%,1592,1.53,002022.SZ,,科华生物,
MARKET.SZ,002023,12.67,12.43,12.74,12.28,12.3,15:33:10.404,-12.67,29399900,236800,368213056.0,13364700,16035200,0,153.26,"{'bid': [{'price': 12.67, 'vol': 784}], 'ask': [{'price': 12.68, 'vol': 21}]}",0000100101010110,-0.07%,0.15%,3000224.0,0.65%,0,0,000000000000000000000000000000000000000000000000,1.36%,-1.93%,3780,3.97,002023.SZ,,海特高新,
MARKET.SZ,002026,12.92,12.71,13.04,12.5,12.63,15:33:10.254,-12.92,6839200,20200,87445392.0,2814300,4024900,0,7.63,"{'bid': [{'price': 12.91, 'vol': 4}], 'ask': [{'price': 12.92, 'vol': 250}]}",0000101111010110,0.16%,0.05%,260960.0,-0.07%,0,0,000000000000000000000000000000000000000000000000,0.96%,24.78%,2314,1.55,002026.SZ,,山东威达,
MARKET.SZ,002027,5.51,5.61,5.62,5.45,5.58,15:33:14.700,-5.51,211955600,1765600,1168191360.0,112794700,99161000,0,417.16,"{'bid': [{'price': 5.5, 'vol': 6142}], 'ask': [{'price': 5.51, 'vol': 7806}]}",0001000011010110,0.18%,0.04%,9728512.0,0.00%,0,0,000000000000000000000000000000000000000000000000,0.87%,20.63%,4626,1.47,002027.SZ,,分众传媒,
MARKET.SZ,002029,9.3,9.75,9.8,9.28,9.71,15:33:13.026,-9.3,25745600,364900,244254368.0,14961800,10783900,0,58.6,"{'bid': [{'price': 9.29, 'vol': 637}], 'ask': [{'price': 9.3, 'vol': 2045}]}",0001000110010110,0.11%,0.24%,3393552.0,0.00%,0,0,000000000000000000000000000000000000000000000000,1.77%,-1.28%,3133,3.87,002029.SZ,,七 匹 狼,
MARKET.SZ,002030,6.4,6.42,6.57,6.31,6.48,15:33:14.166,-6.4,63413000,1478300,406088704.0,35541300,27871800,0,367.16,"{'bid': [{'price': 6.4, 'vol': 1667}], 'ask': [{'price': 6.41, 'vol': 402}]}",0001011101010110,0.16%,0.30%,9461088.0,-1.37%,0,0,000000000000000000000000000000000000000000000000,2.25%,37.44%,3954,4.52,002030.SZ,,达安基因,
MARKET.SZ,002031,7.4,7.24,7.69,7.01,7.26,15:33:13.566,-7.4,290532500,2961100,2149545728.0,132408700,158123900,0,1605.54,"{'bid': [{'price': 7.4, 'vol': 14600}], 'ask': [{'price': 7.41, 'vol': 7158}]}",0001011000010110,0.00%,0.48%,21912576.0,0.70%,0,0,000000000000000000000000000000000000000000000000,1.36%,7.38%,4738,15.18,002031.SZ,,巨轮智能,
MARKET.SZ,002033,8.56,8.6,8.63,8.47,8.57,15:33:12.870,-8.56,13421300,109800,114648192.0,8031700,5389600,0,41.88,"{'bid': [{'price': 8.55, 'vol': 504}], 'ask': [{'price': 8.56, 'vol': 1044}]}",0000100011010110,0.12%,0.08%,939880.0,0.12%,0,0,000000000000000000000000000000000000000000000000,0.90%,-41.59%,2506,2.44,002033.SZ,,丽江股份,
MARKET.SZ,002035,5.45,5.43,5.47,5.38,5.41,15:33:14.736,-5.45,6212800,76500,33677832.0,3363200,2849600,0,17.59,"{'bid': [{'price': 5.45, 'vol': 161}], 'ask': [{'price': 5.46, 'vol': 540}]}",0000000011010110,0.00%,0.02%,416928.0,0.00%,0,0,000000000000000000000000000000000000000000000000,0.85%,-4.21%,1424,0.79,002035.SZ,,华帝股份,
MARKET.SZ,002036,10.3,10.09,10.3,9.52,9.36,15:33:11.826,-10.3,205810400,231700,2043053056.0,96812700,108997700,0,9128.32,"{'bid': [{'price': 10.3, 'vol': 70012}], 'ask': [{'price': 0.0, 'vol': 0}]}",0000001111010110,0.00%,0.04%,2386304.0,-1.93%,0,0,000000000000000000000000000000000000000000000000,0.10%,0.00%,4610,19.5,002036.SZ,,联创电子,
MARKET.SZ,002037,7.87,7.76,7.93,7.65,7.76,15:33:13.284,-7.87,5869100,27700,45873848.0,2971600,2897500,0,59.83,"{'bid': [{'price': 7.86, 'vol': 235}], 'ask': [{'price': 7.87, 'vol': 7}]}",0000000000010110,0.00%,0.05%,217992.0,2.11%,0,0,000000000000000000000000000000000000000000000000,1.09%,36.20%,1656,1.21,002037.SZ,,保利联合,
MARKET.SZ,002038,6.11,6.12,6.16,6.06,6.07,15:33:14.340,-6.11,21230200,161000,129680216.0,9947200,11283100,0,66.65,"{'bid': [{'price': 6.11, 'vol': 2382}], 'ask': [{'price': 6.12, 'vol': 321}]}",0001001001010110,0.00%,0.14%,983688.0,-0.32%,0,0,000000000000000000000000000000000000000000000000,2.06%,-5.28%,2663,2.49,002038.SZ,,双鹭药业,
MARKET.SZ,002040,9.93,9.99,10.06,9.86,9.96,15:33:12.048,-9.93,9717600,61700,96481312.0,5271100,4446500,0,140.56,"{'bid': [{'price': 9.92, 'vol': 816}], 'ask': [{'price': 9.93, 'vol': 71}]}",0000001010010110,0.10%,0.11%,612704.0,0.30%,0,0,000000000000000000000000000000000000000000000000,0.84%,49.88%,2196,2.0,002040.SZ,,南 京 港,
MARKET.SZ,002041,8.82,8.9,8.93,8.72,8.83,15:33:12.714,-8.82,11848200,181000,104379408.0,5910900,5937300,0,85.53,"{'bid': [{'price': 8.82, 'vol': 461}], 'ask': [{'price': 8.83, 'vol': 43}]}",0000000000010110,-0.10%,0.10%,1596408.0,0.79%,0,0,000000000000000000000000000000000000000000000000,1.48%,64.87%,3066,1.35,002041.SZ,,登海种业,
MARKET.SZ,002042,4.95,4.78,5.03,4.62,4.71,15:33:15.036,-4.95,82112300,1135300,399540960.0,34787100,47325300,0,176.1,"{'bid': [{'price': 4.95, 'vol': 4122}], 'ask': [{'price': 4.96, 'vol': 2659}]}",0000111011010110,-0.19%,0.22%,5619808.0,0.84%,0,0,000000000000000000000000000000000000000000000000,1.27%,-4.19%,3525,4.83,002042.SZ,,华孚时尚,
MARKET.SZ,002043,13.14,13.2,13.35,12.95,13.19,15:33:10.122,-13.14,9665600,105700,126920080.0,4920400,4745300,0,24.95,"{'bid': [{'price': 13.14, 'vol': 293}], 'ask': [{'price': 13.15, 'vol': 23}]}",0000111100010110,-0.07%,0.06%,1388848.0,-0.74%,0,0,000000000000000000000000000000000000000000000000,1.35%,28.28%,2695,1.2,002043.SZ,,兔 宝 宝,
MARKET.SZ,002044,5.9,5.83,5.96,5.76,5.77,15:33:14.466,-5.9,141234600,1433400,828845696.0,64905300,76329400,0,518.7,"{'bid': [{'price': 5.89, 'vol': 6663}], 'ask': [{'price': 5.9, 'vol': 9710}]}",0001001000010110,0.17%,0.13%,8457536.0,0.87%,0,0,000000000000000000000000000000000000000000000000,1.34%,-23.80%,4471,3.65,002044.SZ,,美年健康,
MARKET.SZ,002045,10.96,10.78,11.04,10.61,10.77,15:33:12.030,-10.96,14394900,183900,156677968.0,6511700,7883200,0,159.65,"{'bid': [{'price': 10.96, 'vol': 620}], 'ask': [{'price': 10.97, 'vol': 132}]}",0000101100010110,-0.08%,0.09%,2015504.0,0.09%,0,0,000000000000000000000000000000000000000000000000,1.24%,-24.05%,3046,2.56,002045.SZ,,国光电器,
MARKET.SZ,002047,5.22,5.32,5.46,5.17,5.43,15:33:14.874,-5.22,47500200,544500,251061504.0,29810700,17689500,0,468.48,"{'bid': [{'price': 5.22, 'vol': 1304}], 'ask': [{'price': 5.23, 'vol': 813}]}",0000000000010110,-0.18%,0.14%,2842368.0,0.00%,0,0,000000000000000000000000000000000000000000000000,1.41%,80.35%,2449,3.13,002047.SZ,,宝鹰股份,
MARKET.SZ,002051,10.65,10.8,10.9,10.5,10.73,15:33:11.616,-10.65,41141800,430100,436900576.0,21473600,19668200,0,244.62,"{'bid': [{'price': 10.65, 'vol': 989}], 'ask': [{'price': 10.68, 'vol': 62}]}",0000101001010110,-0.36%,0.27%,4580640.0,0.00%,0,0,000000000000000000000000000000000000000000000000,1.41%,-4.50%,3904,3.35,002051.SZ,,中工国际,
MARKET.SZ,002052,10.81,10.7,10.97,10.63,10.76,15:33:11.520,-10.81,12087100,78300,130237928.0,6285400,5801700,0,20.87,"{'bid': [{'price': 10.81, 'vol': 810}], 'ask': [{'price': 10.82, 'vol': 155}]}",0000000010010110,0.19%,0.04%,846400.0,0.00%,0,0,000000000000000000000000000000000000000000000000,0.76%,63.08%,2445,1.75,002052.SZ,,同洲电子,
MARKET.SZ,002053,11.44,11.56,11.58,11.28,11.45,15:33:11.142,-11.44,8205200,156800,93740192.0,4075000,4130200,0,49.25,"{'bid': [{'price': 11.44, 'vol': 49}], 'ask': [{'price': 11.45, 'vol': 75}]}",0000000000010110,-0.16%,0.20%,1793768.0,0.96%,0,0,000000000000000000000000000000000000000000000000,2.91%,22.71%,2389,0.89,002053.SZ,,云南能投,
MARKET.SZ,002054,8.2,8.13,8.33,7.99,7.86,15:33:13.086,-8.2,20727000,116900,169697424.0,8873700,11853400,0,488.61,"{'bid': [{'price': 8.2, 'vol': 368}], 'ask': [{'price': 8.21, 'vol': 447}]}",0001010001010110,0.00%,0.10%,958448.0,-0.48%,0,0,000000000000000000000000000000000000000000000000,0.76%,20.46%,3192,5.4,002054.SZ,,德美化工,
MARKET.SZ,002057,9.33,9.09,9.38,9.04,9.03,15:33:12.408,-9.33,10872400,37900,100328696.0,4786800,6085600,0,26.36,"{'bid': [{'price': 9.32, 'vol': 850}], 'ask': [{'price': 9.33, 'vol': 123}]}",0000100010010110,0.11%,0.05%,353600.0,0.11%,0,0,000000000000000000000000000000000000000000000000,1.15%,-27.72%,2733,1.44,002057.SZ,,中钢天源,
MARKET.SZ,002059,4.42,4.45,4.5,4.39,4.45,15:33:15.354,-4.42,6522300,82300,28845524.0,4245300,2277000,0,7.92,"{'bid': [{'price': 4.42, 'vol': 2505}], 'ask': [{'price': 4.43, 'vol': 2871}]}",0000000000010110,-0.22%,0.04%,363772.0,0.00%,0,0,000000000000000000000000000000000000000000000000,1.32%,20.27%,1388,0.66,002059.SZ,,云南旅游,
MARKET.SZ,002060,3.57,3.58,3.59,3.55,3.55,15:33:15.864,-3.57,18733300,735400,66883388.0,8831000,9902400,0,153.26,"{'bid': [{'price': 3.57, 'vol': 159}], 'ask': [{'price': 3.58, 'vol': 2475}]}",0000111101010110,-0.27%,0.11%,2625364.0,0.00%,0,0,000000000000000000000000000000000000000000000000,3.34%,7.05%,2241,1.2,002060.SZ,,广东建工,
MARKET.SZ,002061,3.68,3.68,3.71,3.66,3.67,15:33:15.798,-3.68,14625700,334600,53894156.0,6967700,7658100,0,27.2,"{'bid': [{'price': 3.68, 'vol': 1536}], 'ask': [{'price': 3.69, 'vol': 893}]}",0000111111010110,0.00%,0.04%,1231328.0,0.00%,0,0,000000000000000000000000000000000000000000000000,1.76%,16.68%,2159,0.56,002061.SZ,,浙江交科,
MARKET.SZ,002062,9.5,9.6,9.84,9.47,9.61,15:33:12.306,-9.5,26752300,239300,257294176.0,14511300,12241100,0,71.71,"{'bid': [{'price': 9.49, 'vol': 2319}], 'ask': [{'price': 9.5, 'vol': 545}]}",0001100001010110,-0.10%,0.14%,2273360.0,-0.20%,0,0,000000000000000000000000000000000000000000000000,1.82%,64.83%,2896,2.38,002062.SZ,,宏润建设,
MARKET.SZ,002063,6.37,6.35,6.4,6.24,6.31,15:33:14.184,-6.37,38950200,582300,245908976.0,19501000,19449200,0,90.17,"{'bid': [{'price': 6.37, 'vol': 4000}], 'ask': [{'price': 6.38, 'vol': 3102}]}",0000010001010110,0.00%,0.07%,3709328.0,0.16%,0,0,000000000000000000000000000000000000000000000000,1.22%,-5.90%,3358,2.2,002063.SZ,,远光软件,
MARKET.SZ,002064,10.4,10.36,10.53,10.24,10.26,15:33:11.766,-10.4,28491300,398800,295428576.0,12319100,16172200,0,35.53,"{'bid': [{'price': 10.39, 'vol': 58}], 'ask': [{'price': 10.4, 'vol': 73}]}",0000011010010110,0.19%,0.04%,4147520.0,0.00%,0,0,000000000000000000000000000000000000000000000000,1.19%,69.58%,3826,0.58,002064.SZ,,华峰化学,
MARKET.SZ,002065,8.05,8.1,8.12,7.97,8.02,15:33:13.176,-8.05,29254600,585800,235678688.0,15141500,14113200,0,54.92,"{'bid': [{'price': 8.05, 'vol': 1546}], 'ask': [{'price': 8.06, 'vol': 301}]}",0001000100010110,-0.11%,0.06%,4715616.0,0.00%,0,0,000000000000000000000000000000000000000000000000,1.97%,24.18%,3683,1.01,002065.SZ,,东华软件,
MARKET.SZ,002067,5.2,5.24,5.28,5.08,5.24,15:33:14.886,-5.2,98864700,1604300,510362720.0,54261800,44602900,0,488.68,"{'bid': [{'price': 5.2, 'vol': 5512}], 'ask': [{'price': 5.21, 'vol': 3420}]}",0000100011010110,0.00%,0.25%,8342432.0,1.35%,0,0,000000000000000000000000000000000000000000000000,1.61%,9.75%,4074,7.39,002067.SZ,,景兴纸业,
MARKET.SZ,002068,10.28,10.1,10.55,10.09,10.03,15:33:11.838,-10.28,34813800,477200,359844352.0,15589600,19224200,0,100.19,"{'bid': [{'price': 10.28, 'vol': 1768}], 'ask': [{'price': 10.29, 'vol': 57}]}",0000000000010110,-0.18%,0.36%,4905568.0,0.00%,0,0,000000000000000000000000000000000000000000000000,1.97%,25.28%,3585,4.74,002068.SZ,,黑猫股份,
MARKET.SZ,002069,3.59,3.6,3.61,3.49,3.54,15:33:15.852,-3.59,9925300,147900,35347144.0,4557600,5367800,0,15.73,"{'bid': [{'price': 3.59, 'vol': 27}], 'ask': [{'price': 3.6, 'vol': 993}]}",0000110010010110,0.00%,0.09%,530960.0,1.69%,0,0,000000000000000000000000000000000000000000000000,1.89%,-48.05%,1619,1.4,002069.SZ,,獐子岛,
MARKET.SZ,002072,7.28,7.12,7.31,6.85,6.98,15:33:13.638,-7.28,21888400,454400,154446192.0,10233500,11654900,0,421.22,"{'bid': [{'price': 7.28, 'vol': 1034}], 'ask': [{'price': 7.29, 'vol': 368}]}",0000000101010110,-0.26%,0.53%,3307968.0,3.34%,0,0,000000000000000000000000000000000000000000000000,2.26%,16.29%,2557,5.96,002072.SZ,,凯瑞德,
MARKET.SZ,002073,5.99,6.02,6.04,5.9,6.0,15:33:14.412,-5.99,20378000,169300,121362840.0,10705300,9672800,0,28.78,"{'bid': [{'price': 5.99, 'vol': 706}], 'ask': [{'price': 6.0, 'vol': 341}]}",0000110101010110,0.00%,0.05%,1014072.0,0.17%,0,0,000000000000000000000000000000000000000000000000,0.92%,32.03%,2358,2.01,002073.SZ,,软控股份,
MARKET.SZ,002075,4.09,4.01,4.16,3.97,3.99,15:33:15.552,-4.09,29296600,331000,118977208.0,12026100,17270500,0,30.56,"{'bid': [{'price': 4.08, 'vol': 2332}], 'ask': [{'price': 4.09, 'vol': 359}]}",0000010000010110,-0.23%,0.05%,1353776.0,0.25%,0,0,000000000000000000000000000000000000000000000000,1.42%,-20.41%,2196,1.34,002075.SZ,,沙钢股份,
MARKET.SZ,002078,13.06,13.03,13.09,12.88,12.98,15:33:10.170,-13.06,17393300,244200,226191936.0,7304900,10088500,0,48.21,"{'bid': [{'price': 13.06, 'vol': 24}], 'ask': [{'price': 13.07, 'vol': 576}]}",0000111100010110,0.15%,0.03%,3188848.0,0.00%,0,0,000000000000000000000000000000000000000000000000,1.12%,-21.08%,3166,0.63,002078.SZ,,太阳纸业,
MARKET.SZ,002079,12.6,12.43,12.67,12.32,12.31,15:33:10.446,-12.6,34091200,229800,426228640.0,14328500,19762800,0,391.92,"{'bid': [{'price': 12.6, 'vol': 777}], 'ask': [{'price': 12.61, 'vol': 1094}]}",0001000100010110,0.00%,0.12%,2895008.0,1.06%,0,0,000000000000000000000000000000000000000000000000,1.04%,-36.51%,4276,4.2,002079.SZ,,苏州固锝,
MARKET.SZ,002081,5.94,5.83,5.96,5.63,5.71,15:33:15.042,-5.94,283701300,6035200,1642665984.0,142067300,141634100,0,2624.84,"{'bid': [{'price': 5.94, 'vol': 1954}], 'ask': [{'price': 5.95, 'vol': 6395}]}",0001100001010110,0.00%,0.83%,35848960.0,2.10%,0,0,000000000000000000000000000000000000000000000000,1.92%,-14.30%,4737,10.73,002081.SZ,,金 螳 螂,
MARKET.SZ,002083,10.27,10.28,10.3,10.01,10.19,15:33:11.844,-10.27,20042600,155600,204049936.0,9959200,10083400,0,35.36,"{'bid': [{'price': 10.27, 'vol': 641}], 'ask': [{'price': 10.28, 'vol': 1645}]}",0000000000010110,0.00%,0.08%,1598000.0,-0.09%,0,0,000000000000000000000000000000000000000000000000,1.05%,-24.14%,3109,2.12,002083.SZ,,孚日股份,
MARKET.SZ,002084,3.6,3.55,3.63,3.48,3.5,15:33:15.846,-3.6,14355100,152500,51127712.0,6813500,7541600,0,20.24,"{'bid': [{'price': 3.59, 'vol': 28}], 'ask': [{'price': 3.6, 'vol': 2527}]}",0000000100010110,0.56%,0.07%,548996.0,1.14%,0,0,000000000000000000000000000000000000000000000000,0.94%,-45.41%,2030,2.23,002084.SZ,,海鸥住工,
MARKET.SZ,002085,12.9,13.2,13.25,12.79,13.2,15:33:10.266,-12.9,41542200,395900,536190656.0,22128900,19413300,0,118.54,"{'bid': [{'price': 12.9, 'vol': 1163}], 'ask': [{'price': 12.91, 'vol': 378}]}",0000100110010110,0.08%,0.12%,5107296.0,-0.07%,0,0,000000000000000000000000000000000000000000000000,1.81%,55.61%,4202,1.96,002085.SZ,,万丰奥威,
MARKET.SZ,002086,1.84,1.84,1.85,1.81,1.84,15:33:17.502,-1.84,26574800,743600,48521160.0,13514100,13060700,0,71.21,"{'bid': [{'price': 1.83, 'vol': 27562}], 'ask': [{'price': 1.84, 'vol': 24522}]}",0000000000010110,0.55%,0.08%,1368220.0,0.00%,0,0,000000000000000000000000000000000000000000000000,2.40%,17.29%,1870,1.68,002086.SZ,,东方海洋,
MARKET.SZ,002088,9.02,8.82,9.1,8.75,8.77,15:33:12.594,-9.02,2611800,21700,23354828.0,1098000,1513900,0,15.79,"{'bid': [{'price': 9.01, 'vol': 44}], 'ask': [{'price': 9.02, 'vol': 92}]}",0001010001010110,-0.10%,0.03%,195734.0,-0.89%,0,0,000000000000000000000000000000000000000000000000,0.94%,35.54%,1153,0.52,002088.SZ,,鲁阳节能,
MARKET.SZ,002090,11.05,10.83,11.15,10.65,10.8,15:33:11.376,-11.05,10749800,39200,117393232.0,4666900,6082900,0,48.63,"{'bid': [{'price': 11.05, 'vol': 137}], 'ask': [{'price': 11.06, 'vol': 192}]}",0000000000010110,-0.17%,0.07%,433168.0,0.28%,0,0,000000000000000000000000000000000000000000000000,0.95%,-43.58%,2640,2.72,002090.SZ,,金智科技,
MARKET.SZ,002091,9.04,8.9,9.09,8.81,8.98,15:33:12.582,-9.04,25394800,510800,228896544.0,12216000,13178800,0,88.73,"{'bid': [{'price': 9.03, 'vol': 2611}], 'ask': [{'price': 9.04, 'vol': 1748}]}",0000000000010110,0.00%,0.09%,4617648.0,-0.10%,0,0,000000000000000000000000000000000000000000000000,1.48%,-4.78%,3056,1.59,002091.SZ,,江苏国泰,
MARKET.SZ,002092,5.05,5.07,5.09,4.99,5.04,15:33:14.976,-5.05,50461600,287400,254326928.0,27473900,22987700,0,119.25,"{'bid': [{'price': 5.05, 'vol': 1231}], 'ask': [{'price': 5.06, 'vol': 547}]}",0000000000010110,0.00%,0.09%,1451264.0,0.20%,0,0,000000000000000000000000000000000000000000000000,1.55%,13.76%,3358,1.96,002092.SZ,,中泰化学,
MARKET.SZ,002093,7.94,7.92,7.99,7.78,7.88,15:33:13.242,-7.94,10063400,159100,79476512.0,4537700,5525700,0,8.47,"{'bid': [{'price': 7.93, 'vol': 228}], 'ask': [{'price': 7.94, 'vol': 43}]}",0000000000010110,0.00%,0.07%,1263280.0,0.00%,0,0,000000000000000000000000000000000000000000000000,1.73%,-23.54%,2365,1.0,002093.SZ,,国脉科技,
MARKET.SZ,002094,5.46,5.44,5.48,5.35,5.44,15:33:14.730,-5.46,11572600,105400,62874204.0,5942800,5629900,0,13.49,"{'bid': [{'price': 5.45, 'vol': 763}], 'ask': [{'price': 5.46, 'vol': 1444}]}",0001011010010110,0.00%,0.08%,575480.0,0.18%,0,0,000000000000000000000000000000000000000000000000,1.78%,-42.31%,1916,1.68,002094.SZ,,青岛金王,
MARKET.SZ,002096,10.39,10.43,10.45,10.29,10.35,15:33:11.772,-10.39,4666100,82600,48460080.0,2232900,2433300,0,26.18,"{'bid': [{'price': 10.38, 'vol': 360}], 'ask': [{'price': 10.39, 'vol': 15}]}",0000110110010110,0.00%,0.03%,858228.0,-0.28%,0,0,000000000000000000000000000000000000000000000000,1.55%,34.94%,1881,0.38,002096.SZ,,易普力,
MARKET.SZ,002097,9.12,9.17,9.19,9.0,9.13,15:33:12.534,-9.12,13997800,228900,127391112.0,6200300,7797500,0,16.14,"{'bid': [{'price': 9.11, 'vol': 543}], 'ask': [{'price': 9.12, 'vol': 385}]}",0000010011010110,0.00%,0.07%,2087592.0,0.00%,0,0,000000000000000000000000000000000000000000000000,1.64%,-6.97%,2959,1.3,002097.SZ,,山河智能,
MARKET.SZ,002098,8.04,7.98,8.09,7.83,7.96,15:33:13.182,-8.04,3243600,42900,25841140.0,1452300,1791300,0,35.03,"{'bid': [{'price': 8.03, 'vol': 153}], 'ask': [{'price': 8.04, 'vol': 286}]}",0000101010010110,0.12%,0.05%,344920.0,1.01%,0,0,000000000000000000000000000000000000000000000000,1.22%,-31.30%,1184,0.91,002098.SZ,,浔兴股份,
MARKET.SZ,002099,5.53,5.6,5.6,5.5,5.56,15:33:14.688,-5.53,15222700,227900,84486496.0,7938600,7284100,0,22.34,"{'bid': [{'price': 5.53, 'vol': 735}], 'ask': [{'price': 5.54, 'vol': 2022}]}",0000000000010110,-0.17%,0.06%,1260320.0,0.72%,0,0,000000000000000000000000000000000000000000000000,1.81%,26.10%,2134,0.94,002099.SZ,,海翔药业,
MARKET.SZ,002100,6.96,7.2,7.25,6.95,7.16,15:33:13.830,-6.96,34984600,251600,245566960.0,20944000,14040600,0,31.97,"{'bid': [{'price': 6.96, 'vol': 1168}], 'ask': [{'price': 6.97, 'vol': 705}]}",0000001011010110,0.00%,0.07%,1750832.0,0.42%,0,0,000000000000000000000000000000000000000000000000,0.96%,65.10%,3167,2.56,002100.SZ,,天康生物,
MARKET.SZ,002101,9.41,9.38,9.46,9.26,9.37,15:33:12.360,-9.41,5246400,75500,49137232.0,2420300,2826100,0,6.28,"{'bid': [{'price': 9.41, 'vol': 968}], 'ask': [{'price': 9.42, 'vol': 341}]}",0000000000010110,0.11%,0.05%,710472.0,0.00%,0,0,000000000000000000000000000000000000000000000000,1.63%,-18.24%,1881,0.79,002101.SZ,,广东鸿图,
MARKET.SZ,002103,7.38,7.37,7.45,7.27,7.33,15:33:13.578,-7.38,4849600,21700,35713184.0,2402000,2447700,0,19.46,"{'bid': [{'price': 7.37, 'vol': 256}], 'ask': [{'price': 7.38, 'vol': 456}]}",0001001110010110,0.14%,0.03%,160144.0,0.00%,0,0,000000000000000000000000000000000000000000000000,0.90%,-9.43%,1302,1.25,002103.SZ,,广博股份,
MARKET.SZ,002104,13.17,13.49,13.53,13.06,13.25,15:33:10.104,-13.17,16395900,206100,216407568.0,8364600,8031300,0,145.15,"{'bid': [{'price': 13.17, 'vol': 350}], 'ask': [{'price': 13.18, 'vol': 643}]}",0000100010010110,0.08%,0.15%,2714336.0,0.37%,0,0,000000000000000000000000000000000000000000000000,2.51%,-10.88%,3322,2.73,002104.SZ,,恒宝股份,
MARKET.SZ,002105,6.46,6.38,6.54,6.23,6.31,15:33:14.130,-6.46,7354200,67400,47084264.0,3900900,3453300,0,48.62,"{'bid': [{'price': 6.46, 'vol': 35}], 'ask': [{'price': 6.47, 'vol': 1424}]}",0000000000010110,0.00%,0.07%,435388.0,1.11%,0,0,000000000000000000000000000000000000000000000000,0.88%,-78.86%,2297,2.02,002105.SZ,,信隆健康,
MARKET.SZ,002106,11.41,10.94,11.44,10.73,10.8,15:33:11.160,-11.41,25787100,409400,288435808.0,11082500,14704700,0,145.06,"{'bid': [{'price': 11.41, 'vol': 448}], 'ask': [{'price': 11.42, 'vol': 1397}]}",0001001011010110,0.09%,0.22%,4671232.0,0.09%,0,0,000000000000000000000000000000000000000000000000,2.12%,-42.45%,3474,3.66,002106.SZ,,莱宝高科,
MARKET.SZ,002107,6.79,6.73,6.85,6.62,6.67,15:33:14.532,-6.79,9955300,46000,67151240.0,4600700,5354600,0,123.83,"{'bid': [{'price': 6.79, 'vol': 10}], 'ask': [{'price': 6.8, 'vol': 297}]}",0000110000010110,0.00%,0.06%,312328.0,1.97%,0,0,000000000000000000000000000000000000000000000000,0.77%,-66.11%,2029,1.74,002107.SZ,,沃华医药,
MARKET.SZ,002108,5.3,5.18,5.37,5.12,5.17,15:33:14.826,-5.3,58625400,531900,308360736.0,26949700,31675800,0,143.9,"{'bid': [{'price': 5.3, 'vol': 1833}], 'ask': [{'price': 5.31, 'vol': 6940}]}",0001100001010110,0.19%,0.11%,2819136.0,0.19%,0,0,000000000000000000000000000000000000000000000000,1.22%,-28.91%,3520,3.56,002108.SZ,,沧州明珠,
MARKET.SZ,002110,3.15,3.15,3.18,3.1,3.11,15:33:16.116,-3.15,25478100,287500,79999440.0,11966600,13511500,0,68.42,"{'bid': [{'price': 3.15, 'vol': 2953}], 'ask': [{'price': 3.16, 'vol': 1148}]}",0000101001010110,-0.31%,0.07%,905576.0,0.64%,0,0,000000000000000000000000000000000000000000000000,1.37%,-10.77%,2561,1.05,002110.SZ,,三钢闽光,
MARKET.SZ,002111,11.05,10.92,11.06,10.85,10.87,15:33:11.376,-11.05,8260900,214100,90514072.0,3861500,4399500,0,63.23,"{'bid': [{'price': 11.03, 'vol': 10}], 'ask': [{'price': 11.05, 'vol': 434}]}",0001010000010110,0.64%,0.10%,2365832.0,-0.45%,0,0,000000000000000000000000000000000000000000000000,1.93%,-61.95%,2754,1.69,002111.SZ,,威海广泰,
MARKET.SZ,002114,8.77,8.65,8.9,8.45,8.59,15:33:12.744,-8.77,17493800,209900,151320416.0,8449100,9044800,0,309.06,"{'bid': [{'price': 8.77, 'vol': 159}], 'ask': [{'price': 8.78, 'vol': 17}]}",0001010110010110,-0.33%,0.22%,1840880.0,1.29%,0,0,000000000000000000000000000000000000000000000000,1.43%,-25.79%,3132,5.41,002114.SZ,,罗平锌电,
MARKET.SZ,002115,13.53,13.16,13.54,12.9,12.97,15:33:10.488,-13.53,50775400,609400,674727488.0,21431600,29343900,0,364.93,"{'bid': [{'price': 13.52, 'vol': 340}], 'ask': [{'price': 13.53, 'vol': 571}]}",0001001001010110,-0.06%,0.28%,8244992.0,1.31%,0,0,000000000000000000000000000000000000000000000000,1.81%,-63.96%,4567,6.75,002115.SZ,,三维通信,
MARKET.SZ,002116,9.12,9.1,9.16,9.01,9.05,15:33:12.534,-9.12,2648300,25800,24069196.0,1148000,1500300,0,17.75,"{'bid': [{'price': 9.11, 'vol': 512}], 'ask': [{'price': 9.12, 'vol': 2}]}",0000000000010110,0.00%,0.02%,235296.0,0.00%,0,0,000000000000000000000000000000000000000000000000,0.96%,24.84%,1016,0.58,002116.SZ,,中国海诚,
MARKET.SZ,002117,9.7,9.78,9.78,9.47,9.61,15:33:12.186,-9.7,8637300,124200,83013776.0,4013800,4623600,0,75.99,"{'bid': [{'price': 9.7, 'vol': 622}], 'ask': [{'price': 9.71, 'vol': 573}]}",0001010100010110,0.10%,0.08%,1204712.0,0.00%,0,0,000000000000000000000000000000000000000000000000,1.54%,23.96%,1899,1.65,002117.SZ,,东港股份,
MARKET.SZ,002120,7.17,7.25,7.28,7.15,7.22,15:33:13.704,-7.17,28229000,311000,203244592.0,14792800,13436200,0,43.94,"{'bid': [{'price': 7.16, 'vol': 189}], 'ask': [{'price': 7.17, 'vol': 461}]}",0000000101010110,0.14%,0.06%,2229824.0,0.00%,0,0,000000000000000000000000000000000000000000000000,1.30%,10.52%,3604,1.0,002120.SZ,,韵达股份,
MARKET.SZ,002121,7.62,6.96,7.62,6.9,6.93,15:33:13.434,-7.62,86097400,323100,638150400.0,43977700,42119800,0,78.72,"{'bid': [{'price': 7.62, 'vol': 62782}], 'ask': [{'price': 0.0, 'vol': 0}]}",0001010111010110,0.00%,0.04%,2461760.0,0.43%,0,0,000000000000000000000000000000000000000000000000,0.24%,0.00%,3521,6.15,002121.SZ,,科陆电子,
MARKET.SZ,002123,9.62,9.81,9.9,9.41,9.63,15:33:12.234,-9.62,24663800,611400,237248832.0,13299200,11364700,0,411.14,"{'bid': [{'price': 9.62, 'vol': 2237}], 'ask': [{'price': 9.63, 'vol': 136}]}",0001000101010110,0.00%,0.16%,5881776.0,0.82%,0,0,000000000000000000000000000000000000000000000000,2.23%,14.21%,3445,3.42,002123.SZ,,梦网科技,
MARKET.SZ,002124,2.78,2.74,2.94,2.73,2.72,15:33:16.338,-2.78,148079400,1652300,415758144.0,68015100,80064300,0,311.07,"{'bid': [{'price': 2.78, 'vol': 12727}], 'ask': [{'price': 2.79, 'vol': 6220}]}",0000101000010110,-0.35%,0.20%,4593216.0,0.74%,0,0,000000000000000000000000000000000000000000000000,1.24%,15.32%,3593,7.51,002124.SZ,,天邦食品,
MARKET.SZ,002125,14.73,14.24,15.12,13.85,14.03,15:33:09.168,-14.73,44625200,545500,653422336.0,19141200,25484000,0,218.58,"{'bid': [{'price': 14.73, 'vol': 422}], 'ask': [{'price': 14.74, 'vol': 1098}]}",0000010101010110,-0.06%,0.28%,8036160.0,0.57%,0,0,000000000000000000000000000000000000000000000000,1.09%,1.70%,4389,7.09,002125.SZ,,湘潭电化,
MARKET.SZ,002127,3.11,3.21,3.25,3.09,3.21,15:33:16.140,-3.11,60908000,857200,190842048.0,37369300,23538800,0,46.58,"{'bid': [{'price': 3.11, 'vol': 2814}], 'ask': [{'price': 3.12, 'vol': 3184}]}",0001001111010110,0.00%,0.13%,2665952.0,0.00%,0,0,000000000000000000000000000000000000000000000000,1.75%,35.89%,2976,3.05,002127.SZ,,南极电商,
MARKET.SZ,002129,9.36,9.23,9.49,9.03,9.12,15:33:12.390,-9.36,125201900,1025600,1161543296.0,57983500,67218400,0,594.64,"{'bid': [{'price': 9.35, 'vol': 2268}], 'ask': [{'price': 9.36, 'vol': 482}]}",0000100011010110,0.00%,0.09%,9600384.0,0.22%,0,0,000000000000000000000000000000000000000000000000,0.95%,-10.52%,4634,3.1,002129.SZ,,TCL中环,
MARKET.SZ,002131,6.65,6.67,6.73,6.5,6.63,15:33:14.016,-6.65,368502200,6244600,2429338624.0,186019000,182483200,0,2092.91,"{'bid': [{'price': 6.65, 'vol': 5352}], 'ask': [{'price': 6.66, 'vol': 14864}]}",0000010100010110,0.00%,0.23%,41527040.0,1.21%,0,0,000000000000000000000000000000000000000000000000,1.72%,17.22%,4741,6.29,002131.SZ,,利欧股份,
MARKET.SZ,002132,5.46,5.33,5.48,5.26,5.28,15:33:14.730,-5.46,63666300,512100,344061248.0,28107600,35558700,0,330.57,"{'bid': [{'price': 5.46, 'vol': 2391}], 'ask': [{'price': 5.47, 'vol': 11772}]}",0000001111010110,0.18%,0.13%,2796128.0,1.14%,0,0,000000000000000000000000000000000000000000000000,1.03%,-44.86%,3939,4.55,002132.SZ,,恒星科技,
MARKET.SZ,002133,3.04,3.02,3.06,2.94,2.97,15:33:16.182,-3.04,17738700,210300,53261908.0,7850800,9888000,0,79.64,"{'bid': [{'price': 3.03, 'vol': 381}], 'ask': [{'price': 3.04, 'vol': 958}]}",0000111101010110,0.66%,0.07%,639308.0,0.67%,0,0,000000000000000000000000000000000000000000000000,0.97%,-42.66%,2509,2.3,002133.SZ,,广宇集团,
MARKET.SZ,002135,8.72,8.7,8.85,8.28,8.57,15:33:12.774,-8.72,40603800,338300,351824224.0,18513400,22090400,0,188.27,"{'bid': [{'price': 8.72, 'vol': 496}], 'ask': [{'price': 8.73, 'vol': 460}]}",0000001010010110,0.23%,0.13%,2949920.0,0.00%,0,0,000000000000000000000000000000000000000000000000,0.95%,15.87%,3654,3.89,002135.SZ,,东南网架,
MARKET.SZ,002136,14.9,14.46,15.03,14.18,14.31,15:33:09.066,-14.9,8508700,65600,124951056.0,4287000,4221700,0,79.24,"{'bid': [{'price': 14.9, 'vol': 69}], 'ask': [{'price': 14.91, 'vol': 139}]}",0000000000010110,0.00%,0.17%,977400.0,0.42%,0,0,000000000000000000000000000000000000000000000000,1.43%,-50.71%,3041,3.97,002136.SZ,,安 纳 达,
MARKET.SZ,002137,8.63,8.7,8.86,8.45,8.66,15:33:13.428,-8.63,20034000,169700,171822192.0,11457200,8576800,0,233.68,"{'bid': [{'price': 8.63, 'vol': 603}], 'ask': [{'price': 8.64, 'vol': 768}]}",0000000000010110,-0.11%,0.14%,1464480.0,1.40%,0,0,000000000000000000000000000000000000000000000000,1.15%,-3.96%,3007,5.05,002137.SZ,,实益达,
MARKET.SZ,002139,11.19,11.06,11.27,10.82,11.04,15:33:11.292,-11.19,26446400,362200,292178944.0,12059700,14386700,0,90.25,"{'bid': [{'price': 11.19, 'vol': 544}], 'ask': [{'price': 11.2, 'vol': 323}]}",0000000010010110,-0.08%,0.08%,4053088.0,0.00%,0,0,000000000000000000000000000000000000000000000000,1.48%,18.27%,3562,2.47,002139.SZ,,拓邦股份,
MARKET.SZ,002140,10.4,10.3,10.47,10.23,10.3,15:33:11.766,-10.4,4971500,15500,51510036.0,2390300,2581200,0,21.63,"{'bid': [{'price': 10.4, 'vol': 933}], 'ask': [{'price': 10.41, 'vol': 185}]}",0000000101010110,0.00%,0.03%,161200.0,0.00%,0,0,000000000000000000000000000000000000000000000000,0.61%,37.68%,1765,0.7,002140.SZ,,东华科技,
MARKET.SZ,002141,3.58,3.5,3.61,3.48,3.51,15:33:15.858,-3.58,16343400,236600,58147192.0,6801000,9542400,0,46.59,"{'bid': [{'price': 3.58, 'vol': 246}], 'ask': [{'price': 3.59, 'vol': 7601}]}",0000000000010110,0.00%,0.06%,847056.0,0.57%,0,0,000000000000000000000000000000000000000000000000,1.32%,-55.11%,1443,1.58,002141.SZ,,贤丰控股,
MARKET.SZ,002144,13.21,12.91,13.3,12.7,12.91,15:33:10.080,-13.21,3830600,63200,49916648.0,1676400,2154300,0,24.01,"{'bid': [{'price': 13.21, 'vol': 116}], 'ask': [{'price': 13.22, 'vol': 36}]}",0000111110010110,0.00%,0.10%,834896.0,0.08%,0,0,000000000000000000000000000000000000000000000000,1.69%,38.76%,1860,2.78,002144.SZ,,宏达高科,
MARKET.SZ,002145,4.3,4.32,4.34,4.25,4.29,15:33:15.426,-4.3,37313700,434000,160068288.0,17958700,19355000,0,44.58,"{'bid': [{'price': 4.3, 'vol': 4959}], 'ask': [{'price': 4.31, 'vol': 186}]}",0000000010010110,-0.45%,0.04%,1866112.0,0.70%,0,0,000000000000000000000000000000000000000000000000,1.18%,-31.32%,3153,0.98,002145.SZ,,钛能化学,
MARKET.SZ,002146,1.22,1.22,1.23,1.2,1.22,15:33:17.274,-1.22,65524700,2643200,79553944.0,35018500,30506200,0,92.23,"{'bid': [{'price': 1.22, 'vol': 42490}], 'ask': [{'price': 1.23, 'vol': 55653}]}",0000000101010110,0.00%,0.13%,3224792.0,0.83%,0,0,000000000000000000000000000000000000000000000000,2.59%,7.58%,2484,1.68,002146.SZ,,荣盛发展,
MARKET.SZ,002148,7.4,7.41,7.47,7.2,7.36,15:33:13.566,-7.4,11716400,48900,85969184.0,5172400,6544000,0,18.08,"{'bid': [{'price': 7.4, 'vol': 581}], 'ask': [{'price': 7.41, 'vol': 983}]}",0000000110010110,0.14%,0.07%,361824.0,-0.26%,0,0,000000000000000000000000000000000000000000000000,1.20%,-10.06%,2676,2.61,002148.SZ,,北纬科技,
MARKET.SZ,002152,11.23,11.23,11.31,11.08,11.16,15:33:11.268,-11.23,22692500,405500,253929968.0,11048900,11643700,0,117.24,"{'bid': [{'price': 11.23, 'vol': 936}], 'ask': [{'price': 11.24, 'vol': 73}]}",0001000000010110,-0.17%,0.06%,4553760.0,0.27%,0,0,000000000000000000000000000000000000000000000000,1.48%,34.91%,3600,0.91,002152.SZ,,广电运通,
MARKET.SZ,002153,8.82,8.8,8.9,8.63,8.76,15:33:12.714,-8.82,21651400,222900,189695776.0,10916000,10735400,0,57.73,"{'bid': [{'price': 8.81, 'vol': 2204}], 'ask': [{'price': 8.82, 'vol': 295}]}",0000110000010110,0.11%,0.10%,1965872.0,0.34%,0,0,000000000000000000000000000000000000000000000000,1.66%,44.76%,3565,1.35,002153.SZ,,石基信息,
MARKET.SZ,002154,4.3,4.28,4.37,4.26,4.27,15:33:15.426,-4.3,27292200,96000,117748296.0,14631200,12661000,0,37.36,"{'bid': [{'price': 4.3, 'vol': 45}], 'ask': [{'price': 4.31, 'vol': 4366}]}",0000000000010110,0.23%,0.04%,412752.0,0.71%,0,0,000000000000000000000000000000000000000000000000,0.56%,-24.83%,2840,2.31,002154.SZ,,报 喜 鸟,
MARKET.SZ,002157,3.27,3.32,3.38,3.25,3.27,15:33:16.044,-3.27,198963100,1948500,655346112.0,108937600,90025600,0,439.8,"{'bid': [{'price': 3.27, 'vol': 32161}], 'ask': [{'price': 3.28, 'vol': 7049}]}",0001000011010110,-0.29%,0.07%,6371584.0,0.61%,0,0,000000000000000000000000000000000000000000000000,1.15%,59.80%,4265,2.55,002157.SZ,,正邦科技,
MARKET.SZ,002160,4.74,4.57,4.76,4.53,4.57,15:33:15.162,-4.74,20594800,193800,96267000.0,8418300,12176500,0,10.24,"{'bid': [{'price': 4.73, 'vol': 1166}], 'ask': [{'price': 4.74, 'vol': 2079}]}",0000001101010110,0.21%,0.08%,918632.0,0.00%,0,0,000000000000000000000000000000000000000000000000,1.13%,-49.64%,2853,2.0,002160.SZ,,常铝股份,
MARKET.SZ,002161,6.54,6.57,6.62,6.42,6.47,15:33:14.082,-6.54,17386800,104300,113613616.0,8802700,8584100,0,55.65,"{'bid': [{'price': 6.53, 'vol': 958}], 'ask': [{'price': 6.54, 'vol': 134}]}",0000000000010110,0.00%,0.06%,682136.0,0.46%,0,0,000000000000000000000000000000000000000000000000,1.06%,-25.94%,2603,2.35,002161.SZ,,远 望 谷,
MARKET.SZ,002162,4.08,4.05,4.1,3.98,4.0,15:33:15.558,-4.08,12833000,146900,51957736.0,5536100,7296900,0,12.23,"{'bid': [{'price': 4.08, 'vol': 1689}], 'ask': [{'price': 4.09, 'vol': 1094}]}",0000010100010110,0.00%,0.05%,599364.0,1.00%,0,0,000000000000000000000000000000000000000000000000,0.90%,-30.27%,1637,1.4,002162.SZ,,悦心健康,
MARKET.SZ,002163,11.0,10.92,11.08,10.73,10.86,15:33:11.406,-11.0,22372700,280600,244413264.0,10275900,12096800,0,56.02,"{'bid': [{'price': 11.0, 'vol': 1308}], 'ask': [{'price': 11.01, 'vol': 450}]}",0000101001010110,0.00%,0.15%,3086624.0,0.18%,0,0,000000000000000000000000000000000000000000000000,1.85%,-29.26%,3697,2.78,002163.SZ,,海南发展,
MARKET.SZ,002164,14.56,14.81,15.09,14.3,14.95,15:33:09.270,-14.56,32728200,383900,476263904.0,18851100,13877100,0,346.11,"{'bid': [{'price': 14.56, 'vol': 1626}], 'ask': [{'price': 14.57, 'vol': 123}]}",0000010111010110,0.28%,0.28%,5589920.0,-0.93%,0,0,000000000000000000000000000000000000000000000000,1.27%,75.23%,4134,6.82,002164.SZ,,宁波东力,
MARKET.SZ,002165,8.04,7.86,8.07,7.66,7.86,15:33:13.182,-8.04,70590800,1395200,557085888.0,30993300,39597500,0,643.89,"{'bid': [{'price': 8.04, 'vol': 2122}], 'ask': [{'price': 8.05, 'vol': 3442}]}",0000010100010110,0.88%,0.82%,11217472.0,3.15%,0,0,000000000000000000000000000000000000000000000000,3.42%,-41.65%,4344,9.7,002165.SZ,,红 宝 丽,
MARKET.SZ,002166,8.69,8.7,8.75,8.58,8.59,15:33:12.792,-8.69,8319100,56400,72115728.0,4229200,4089900,0,43.85,"{'bid': [{'price': 8.69, 'vol': 65}], 'ask': [{'price': 8.7, 'vol': 1408}]}",0000100100010110,0.12%,0.05%,490112.0,1.05%,0,0,000000000000000000000000000000000000000000000000,1.26%,-69.64%,2043,1.13,002166.SZ,,莱茵生物,
MARKET.SZ,002167,12.78,12.01,12.88,11.94,11.96,15:33:10.338,-12.78,49539100,349600,619616064.0,20428600,29110600,0,96.2,"{'bid': [{'price': 12.77, 'vol': 294}], 'ask': [{'price': 12.78, 'vol': 260}]}",0000110010010110,0.00%,0.18%,4467840.0,0.33%,0,0,000000000000000000000000000000000000000000000000,0.99%,-49.51%,4227,6.53,002167.SZ,,东方锆业,
MARKET.SZ,002170,11.99,11.94,12.09,11.82,11.9,15:33:10.812,-11.99,13991100,148400,167179504.0,6538200,7452900,0,130.5,"{'bid': [{'price': 11.98, 'vol': 367}], 'ask': [{'price': 11.99, 'vol': 176}]}",0000000000010110,0.08%,0.04%,1779376.0,0.08%,0,0,000000000000000000000000000000000000000000000000,0.98%,-19.81%,2870,1.78,002170.SZ,,芭田股份,
MARKET.SZ,002171,11.42,10.86,11.79,10.82,10.82,15:33:11.154,-11.42,59561700,488700,677576896.0,25777000,33784800,0,212.64,"{'bid': [{'price': 11.42, 'vol': 1670}], 'ask': [{'price': 11.43, 'vol': 552}]}",0001010101010110,-0.08%,0.12%,5580864.0,0.09%,0,0,000000000000000000000000000000000000000000000000,1.16%,-38.79%,4065,3.69,002171.SZ,,楚江新材,
MARKET.SZ,002172,3.51,3.46,3.52,3.41,3.45,15:33:15.900,-3.51,13227300,87500,45830960.0,5400100,7827200,0,13.15,"{'bid': [{'price': 3.5, 'vol': 114}], 'ask': [{'price': 3.51, 'vol': 694}]}",0000000000010110,0.29%,0.04%,307144.0,0.00%,0,0,000000000000000000000000000000000000000000000000,0.79%,6.77%,1662,1.73,002172.SZ,,澳洋健康,
MARKET.SZ,002174,12.44,12.2,12.5,12.0,12.21,15:33:10.542,-12.44,67058400,855800,822542528.0,30459100,36599400,0,946.6,"{'bid': [{'price': 12.43, 'vol': 723}], 'ask': [{'price': 12.44, 'vol': 386}]}",0001010101010110,0.16%,0.32%,10646080.0,0.83%,0,0,000000000000000000000000000000000000000000000000,1.87%,10.22%,4173,6.85,002174.SZ,,游族网络,
MARKET.SZ,002176,12.87,12.85,12.92,12.53,12.73,15:33:10.284,-12.87,82269700,2462400,1047927744.0,39101200,43168600,0,1108.06,"{'bid': [{'price': 12.87, 'vol': 821}], 'ask': [{'price': 12.88, 'vol': 1748}]}",0000111010010110,0.16%,0.28%,31691264.0,1.02%,0,0,000000000000000000000000000000000000000000000000,2.42%,-8.45%,4693,4.83,002176.SZ,,江特电机,
MARKET.SZ,002177,7.74,7.82,7.87,7.45,7.77,15:33:13.362,-7.74,50401900,496600,385447968.0,27601400,22800500,0,249.22,"{'bid': [{'price': 7.74, 'vol': 959}], 'ask': [{'price': 7.75, 'vol': 2260}]}",0000000000010110,0.13%,0.23%,3843808.0,0.51%,0,0,000000000000000000000000000000000000000000000000,1.41%,-13.75%,4043,7.47,002177.SZ,,御银股份,
MARKET.SZ,002178,5.79,5.71,5.83,5.63,5.73,15:33:14.532,-5.79,19797600,435800,114098544.0,9503900,10293800,0,87.71,"{'bid': [{'price': 5.78, 'vol': 693}], 'ask': [{'price': 5.79, 'vol': 850}]}",0001011100010110,0.17%,0.15%,2523256.0,0.71%,0,0,000000000000000000000000000000000000000000000000,1.92%,-12.57%,2434,2.78,002178.SZ,,延华智能,
MARKET.SZ,002181,13.75,13.73,14.07,13.55,13.65,15:33:09.756,-13.75,85099400,1888800,1172319232.0,40009400,45090000,0,637.07,"{'bid': [{'price': 13.75, 'vol': 694}], 'ask': [{'price': 13.76, 'vol': 179}]}",0000101011010110,0.00%,1.11%,25971072.0,0.22%,0,0,000000000000000000000000000000000000000000000000,2.39%,-40.56%,4645,7.5,002181.SZ,,粤 传 媒,
MARKET.SZ,002183,6.94,6.76,7.1,6.75,6.68,15:33:13.842,-6.94,160878800,1285700,1115011456.0,74765700,86113200,0,984.26,"{'bid': [{'price': 6.94, 'vol': 1613}], 'ask': [{'price': 6.95, 'vol': 2941}]}",0001001001010110,0.14%,0.20%,8923136.0,0.60%,0,0,000000000000000000000000000000000000000000000000,1.06%,14.52%,4557,6.19,002183.SZ,,怡 亚 通,
MARKET.SZ,002184,12.29,12.11,12.32,11.9,12.1,15:33:11.232,-12.29,7570000,68700,91960152.0,3415400,4154700,0,96.27,"{'bid': [{'price': 12.28, 'vol': 557}], 'ask': [{'price': 12.29, 'vol': 164}]}",0001011000010110,-0.07%,0.09%,844304.0,0.08%,0,0,000000000000000000000000000000000000000000000000,1.22%,-14.93%,2451,3.15,002184.SZ,,海得控制,
MARKET.SZ,002186,9.72,9.87,9.88,9.6,9.75,15:33:12.174,-9.72,3471600,27000,33663740.0,1829700,1642000,0,7.3,"{'bid': [{'price': 9.71, 'vol': 163}], 'ask': [{'price': 9.72, 'vol': 17}]}",0001100011010110,-0.09%,0.03%,262448.0,1.02%,0,0,000000000000000000000000000000000000000000000000,0.76%,55.43%,1361,1.13,002186.SZ,,全 聚 德,
MARKET.SZ,002187,5.64,5.59,5.68,5.54,5.54,15:33:14.622,-5.64,8439900,147700,47319408.0,4263300,4176600,0,37.12,"{'bid': [{'price': 5.63, 'vol': 1984}], 'ask': [{'price': 5.64, 'vol': 133}]}",0000000000010110,0.18%,0.10%,833032.0,0.36%,0,0,000000000000000000000000000000000000000000000000,1.65%,37.00%,1580,1.2,002187.SZ,,广百股份,
MARKET.SZ,002188,6.61,6.51,6.69,6.35,6.51,15:33:14.040,-6.61,13480700,109800,87819808.0,6218000,7262700,0,51.49,"{'bid': [{'price': 6.61, 'vol': 154}], 'ask': [{'price': 6.62, 'vol': 149}]}",0000000000010110,0.15%,0.14%,725760.0,-0.30%,0,0,000000000000000000000000000000000000000000000000,0.98%,10.50%,2459,5.24,002188.SZ,,中天服务,
MARKET.SZ,002191,3.77,3.78,3.79,3.69,3.75,15:33:15.744,-3.77,14070900,99500,52583312.0,6949000,7121900,0,49.4,"{'bid': [{'price': 3.77, 'vol': 786}], 'ask': [{'price': 3.78, 'vol': 1444}]}",0000000000010110,-0.25%,0.03%,375116.0,1.34%,0,0,000000000000000000000000000000000000000000000000,0.96%,-37.71%,1547,0.98,002191.SZ,,劲嘉股份,
MARKET.SZ,002194,12.41,12.29,12.5,12.1,12.12,15:33:10.560,-12.41,30664800,397300,377991904.0,14344800,16320100,0,323.82,"{'bid': [{'price': 12.41, 'vol': 270}], 'ask': [{'price': 12.42, 'vol': 626}]}",0001000000010110,0.00%,0.27%,4930528.0,0.24%,0,0,000000000000000000000000000000000000000000000000,1.71%,-14.50%,4207,6.0,002194.SZ,,武汉凡谷,
MARKET.SZ,002195,8.15,8.1,8.16,7.83,8.08,15:33:13.116,-8.15,174316600,1855900,1395424256.0,81244400,93072200,0,320.35,"{'bid': [{'price': 8.15, 'vol': 4162}], 'ask': [{'price': 8.16, 'vol': 11933}]}",0000011101010110,0.12%,0.10%,15126912.0,0.12%,0,0,000000000000000000000000000000000000000000000000,1.38%,3.69%,4704,3.1,002195.SZ,,岩山科技,
MARKET.SZ,002197,7.45,7.31,7.51,7.08,7.26,15:33:13.536,-7.45,22955400,172800,167339296.0,11020400,11935000,0,141.52,"{'bid': [{'price': 7.44, 'vol': 44}], 'ask': [{'price': 7.45, 'vol': 253}]}",0000100011010110,0.27%,0.15%,1287344.0,1.11%,0,0,000000000000000000000000000000000000000000000000,1.47%,44.94%,3091,4.3,002197.SZ,,证通电子,
MARKET.SZ,002201,12.15,11.7,12.28,11.6,11.59,15:33:10.716,-12.15,36477200,724700,440252288.0,16187300,20289900,0,246.17,"{'bid': [{'price': 12.14, 'vol': 679}], 'ask': [{'price': 12.15, 'vol': 251}]}",0000101111010110,0.08%,0.34%,8805120.0,0.00%,0,0,000000000000000000000000000000000000000000000000,1.79%,-27.08%,4155,6.06,002201.SZ,,九鼎新材,
MARKET.SZ,002204,6.15,6.13,6.18,6.06,6.1,15:33:14.316,-6.15,19124100,210700,117022296.0,9613200,9510900,0,20.78,"{'bid': [{'price': 6.15, 'vol': 708}], 'ask': [{'price': 6.16, 'vol': 1242}]}",0000100111010110,0.00%,0.06%,1295776.0,0.00%,0,0,000000000000000000000000000000000000000000000000,1.30%,-1.68%,2904,0.99,002204.SZ,,大连重工,
MARKET.SZ,002205,13.95,13.68,14.0,13.62,13.68,15:33:09.636,-13.95,2589500,21500,35855228.0,1182100,1407500,0,116.83,"{'bid': [{'price': 13.94, 'vol': 50}], 'ask': [{'price': 13.95, 'vol': 40}]}",0000111100010110,0.14%,0.07%,299932.0,1.33%,0,0,000000000000000000000000000000000000000000000000,1.64%,-7.06%,1467,1.39,002205.SZ,,国统股份,
MARKET.SZ,002206,5.52,5.5,5.55,5.39,5.4,15:33:14.694,-5.52,10629000,64000,58211332.0,4416800,6212200,0,34.98,"{'bid': [{'price': 5.52, 'vol': 670}], 'ask': [{'price': 5.53, 'vol': 846}]}",0000101100010110,-0.17%,0.02%,353292.0,0.73%,0,0,000000000000000000000000000000000000000000000000,0.72%,-11.68%,2103,1.01,002206.SZ,,海 利 得,
MARKET.SZ,002209,13.25,13.21,13.51,12.92,13.22,15:33:10.056,-13.25,5391700,23200,71125456.0,2756500,2635200,0,36.99,"{'bid': [{'price': 13.25, 'vol': 117}], 'ask': [{'price': 13.27, 'vol': 52}]}",0000000000010110,-0.07%,0.07%,307376.0,0.76%,0,0,000000000000000000000000000000000000000000000000,0.81%,6.79%,1908,3.45,002209.SZ,,达 意 隆,
MARKET.SZ,002210,2.78,2.8,2.81,2.73,2.72,15:33:16.338,-2.78,71465400,691200,197502048.0,34172600,37292900,0,1036.14,"{'bid': [{'price': 2.77, 'vol': 1191}], 'ask': [{'price': 2.78, 'vol': 15507}]}",0000110100010110,0.36%,0.11%,1921536.0,-1.40%,0,0,000000000000000000000000000000000000000000000000,1.36%,-22.70%,3160,2.69,002210.SZ,,飞马国际,
MARKET.SZ,002212,7.26,7.3,7.4,7.19,7.17,15:33:13.650,-7.26,25306600,290900,184449248.0,12139400,13167200,0,239.29,"{'bid': [{'price': 7.26, 'vol': 2987}], 'ask': [{'price': 7.27, 'vol': 432}]}",0000000000010110,-0.13%,0.05%,2111904.0,0.00%,0,0,000000000000000000000000000000000000000000000000,1.03%,34.82%,2972,2.17,002212.SZ,,天融信,
MARKET.SZ,002215,9.37,9.49,9.51,9.3,9.4,15:33:12.384,-9.37,11381400,187200,106975168.0,6139300,5242100,0,21.35,"{'bid': [{'price': 9.37, 'vol': 100}], 'ask': [{'price': 9.38, 'vol': 177}]}",0000100110010110,-0.20%,0.05%,1754064.0,0.96%,0,0,000000000000000000000000000000000000000000000000,1.36%,62.45%,2458,1.42,002215.SZ,,诺 普 信,
MARKET.SZ,002216,13.35,13.61,13.61,13.26,13.47,15:33:09.996,-13.35,5509000,75400,73580112.0,2783500,2725600,0,43.28,"{'bid': [{'price': 13.35, 'vol': 29}], 'ask': [{'price': 13.36, 'vol': 39}]}",0001011010010110,0.23%,0.04%,1006608.0,1.72%,0,0,000000000000000000000000000000000000000000000000,1.13%,-12.29%,2769,0.87,002216.SZ,,三全食品,
MARKET.SZ,002217,2.82,2.76,2.84,2.7,2.72,15:33:16.314,-2.82,427179600,3417400,1185560192.0,176986600,250193000,0,1946.27,"{'bid': [{'price': 2.82, 'vol': 40252}], 'ask': [{'price': 2.83, 'vol': 49070}]}",0000000000010110,0.00%,0.22%,9636864.0,2.60%,0,0,000000000000000000000000000000000000000000000000,1.26%,-11.00%,4731,5.87,002217.SZ,,合力泰,
MARKET.SZ,002218,5.11,5.07,5.13,4.97,5.03,15:33:14.940,-5.11,37472000,412500,189558336.0,17644100,19827900,0,66.16,"{'bid': [{'price': 5.1, 'vol': 2387}], 'ask': [{'price': 5.11, 'vol': 2994}]}",0000000000010110,0.20%,0.17%,2107824.0,-0.38%,0,0,000000000000000000000000000000000000000000000000,1.88%,-7.63%,3551,2.7,002218.SZ,,拓日新能,
MARKET.SZ,002219,2.19,2.19,2.2,2.16,2.2,15:33:17.292,-2.19,57680600,1368800,125742008.0,30213300,27467300,0,255.7,"{'bid': [{'price': 2.19, 'vol': 8306}], 'ask': [{'price': 2.2, 'vol': 22497}]}",0000000000010110,0.00%,0.10%,2997672.0,0.92%,0,0,000000000000000000000000000000000000000000000000,1.89%,20.60%,2621,1.76,002219.SZ,,新里程,
MARKET.SZ,002221,7.15,7.41,7.42,7.1,7.35,15:33:13.716,-7.15,23221800,185000,167885648.0,15105800,8116100,0,45.05,"{'bid': [{'price': 7.15, 'vol': 2770}], 'ask': [{'price': 7.16, 'vol': 587}]}",0001001010010110,0.00%,0.06%,1322768.0,-0.12%,0,0,000000000000000000000000000000000000000000000000,1.07%,31.28%,3116,1.59,002221.SZ,,东华能源,
MARKET.SZ,002224,3.89,3.85,3.91,3.79,3.81,15:33:15.672,-3.89,11669400,63900,44943756.0,5977500,5691900,0,83.55,"{'bid': [{'price': 3.89, 'vol': 132}], 'ask': [{'price': 3.9, 'vol': 3710}]}",0000000000010110,0.00%,0.03%,248560.0,0.00%,0,0,000000000000000000000000000000000000000000000000,0.92%,-42.23%,1446,1.45,002224.SZ,,三 力 士,
MARKET.SZ,002225,3.98,3.85,4.0,3.8,3.8,15:33:16.218,-3.98,48119900,323300,188742576.0,21039100,27080800,0,122.47,"{'bid': [{'price': 3.98, 'vol': 630}], 'ask': [{'price': 3.99, 'vol': 4886}]}",0000011101010110,0.25%,0.15%,1286768.0,0.00%,0,0,000000000000000000000000000000000000000000000000,1.23%,-78.32%,3468,5.07,002225.SZ,,濮耐股份,
MARKET.SZ,002226,5.91,5.83,6.2,5.72,5.82,15:33:14.460,-5.91,80602900,1551300,482391200.0,37826700,42776200,0,337.85,"{'bid': [{'price': 5.91, 'vol': 449}], 'ask': [{'price': 5.92, 'vol': 3574}]}",0000101000010110,-0.50%,0.25%,9168192.0,0.17%,0,0,000000000000000000000000000000000000000000000000,1.65%,19.42%,3758,3.04,002226.SZ,,江南化工,
MARKET.SZ,002228,3.56,3.55,3.59,3.5,3.52,15:33:15.870,-3.56,15088500,114500,53484920.0,5984300,9104200,0,24.14,"{'bid': [{'price': 3.55, 'vol': 2846}], 'ask': [{'price': 3.56, 'vol': 260}]}",0000011001010110,0.28%,0.05%,407612.0,0.57%,0,0,000000000000000000000000000000000000000000000000,1.08%,-17.10%,2017,1.25,002228.SZ,,合兴包装,
MARKET.SZ,002233,8.21,8.26,8.31,8.2,8.25,15:33:13.080,-8.21,4757200,107500,39261232.0,2220600,2536600,0,6.77,"{'bid': [{'price': 8.21, 'vol': 314}], 'ask': [{'price': 8.22, 'vol': 202}]}",0000000000010110,-0.35%,0.02%,882580.0,0.00%,0,0,000000000000000000000000000000000000000000000000,1.67%,9.95%,1920,0.41,002233.SZ,,塔牌集团,
MARKET.SZ,002234,7.8,7.86,7.9,7.65,7.74,15:33:13.326,-7.8,6255000,119800,48576956.0,3220300,3034700,0,29.32,"{'bid': [{'price': 7.8, 'vol': 518}], 'ask': [{'price': 7.81, 'vol': 113}]}",0000000000010110,0.00%,0.10%,934416.0,0.13%,0,0,000000000000000000000000000000000000000000000000,1.77%,67.00%,1862,2.08,002234.SZ,,民和股份,
MARKET.SZ,002235,10.3,10.32,10.4,9.89,10.31,15:33:11.826,-10.3,50098700,253900,512090400.0,23296500,26802300,0,414.35,"{'bid': [{'price': 10.3, 'vol': 124}], 'ask': [{'price': 10.31, 'vol': 406}]}",0001010011010110,0.19%,0.19%,2615232.0,0.58%,0,0,000000000000000000000000000000000000000000000000,0.82%,43.05%,4087,9.05,002235.SZ,,安妮股份,
MARKET.SZ,002237,14.35,13.96,14.5,13.84,13.9,15:33:09.396,-14.35,19561800,444900,277510656.0,8801900,10760000,0,109.87,"{'bid': [{'price': 14.34, 'vol': 410}], 'ask': [{'price': 14.35, 'vol': 90}]}",0001011001010110,0.00%,0.10%,6384192.0,-0.42%,0,0,000000000000000000000000000000000000000000000000,1.97%,17.35%,3852,1.64,002237.SZ,,恒邦股份,
MARKET.SZ,002238,6.9,7.04,7.09,6.8,7.04,15:33:13.866,-6.9,8631100,33300,59466544.0,5026300,3604900,0,27.39,"{'bid': [{'price': 6.9, 'vol': 261}], 'ask': [{'price': 6.91, 'vol': 555}]}",0000110110010110,0.00%,0.06%,229780.0,-1.25%,0,0,000000000000000000000000000000000000000000000000,0.94%,-23.43%,1973,1.08,002238.SZ,,天威视讯,
MARKET.SZ,002239,2.7,2.74,2.75,2.67,2.74,15:33:16.986,-2.7,57901600,649300,156552000.0,29503800,28397900,0,40.03,"{'bid': [{'price': 2.7, 'vol': 27620}], 'ask': [{'price': 2.71, 'vol': 2636}]}",0000110111010110,-0.36%,0.05%,1753104.0,-0.35%,0,0,000000000000000000000000000000000000000000000000,1.07%,4.23%,3218,2.16,002239.SZ,,奥特佳,
MARKET.SZ,002242,9.6,9.88,9.98,9.55,9.88,15:33:12.246,-9.6,13064000,142000,126313416.0,7735400,5328600,0,55.03,"{'bid': [{'price': 9.59, 'vol': 423}], 'ask': [{'price': 9.6, 'vol': 217}]}",0000010011010110,0.10%,0.15%,1363208.0,0.30%,0,0,000000000000000000000000000000000000000000000000,1.34%,82.52%,2865,1.72,002242.SZ,,九阳股份,
MARKET.SZ,002243,8.81,8.62,8.83,8.46,8.6,15:33:12.720,-8.81,20824200,146600,180273584.0,9839200,10985000,0,134.99,"{'bid': [{'price': 8.8, 'vol': 278}], 'ask': [{'price': 8.81, 'vol': 29}]}",0000010110010110,0.00%,0.07%,1291504.0,0.23%,0,0,000000000000000000000000000000000000000000000000,0.97%,-17.78%,2744,1.73,002243.SZ,,力合科创,
MARKET.SZ,002244,10.11,10.1,10.36,9.87,10.14,15:33:11.940,-10.11,31701600,290700,318729568.0,15293900,16407800,0,209.68,"{'bid': [{'price': 10.11, 'vol': 908}], 'ask': [{'price': 10.13, 'vol': 1}]}",0001000000010110,0.10%,0.04%,2938944.0,-1.45%,0,0,000000000000000000000000000000000000000000000000,0.68%,10.01%,3461,1.15,002244.SZ,,滨江集团,
MARKET.SZ,002247,2.8,2.74,2.83,2.67,2.72,15:33:16.326,-2.8,27315400,169100,75131080.0,12785200,14530200,0,88.47,"{'bid': [{'price': 2.79, 'vol': 889}], 'ask': [{'price': 2.8, 'vol': 1640}]}",0000000100010110,0.36%,0.06%,473496.0,1.11%,0,0,000000000000000000000000000000000000000000000000,0.52%,-55.99%,2293,4.24,002247.SZ,,聚力文化,
MARKET.SZ,002248,12.53,12.28,12.68,12.01,12.17,15:33:10.488,-12.53,11654800,84100,144207440.0,5457700,6197100,0,17.19,"{'bid': [{'price': 12.53, 'vol': 220}], 'ask': [{'price': 12.55, 'vol': 21}]}",0000000000010110,-0.15%,0.10%,1053728.0,0.16%,0,0,000000000000000000000000000000000000000000000000,1.04%,16.51%,2992,3.79,002248.SZ,,华东数控,
MARKET.SZ,002249,9.84,9.78,10.0,9.69,9.85,15:33:12.102,-9.84,72019200,552400,708588224.0,38355800,33663400,0,447.14,"{'bid': [{'price': 9.84, 'vol': 3386}], 'ask': [{'price': 9.85, 'vol': 5934}]}",0000001110010110,0.00%,0.14%,5435456.0,-0.90%,0,0,000000000000000000000000000000000000000000000000,1.57%,13.54%,4432,3.87,002249.SZ,,大洋电机,
MARKET.SZ,002251,3.7,3.69,3.75,3.66,3.66,15:33:15.786,-3.7,48908500,760600,181313488.0,22779300,26129200,0,44.69,"{'bid': [{'price': 3.7, 'vol': 2689}], 'ask': [{'price': 3.71, 'vol': 10591}]}",0000101011010110,0.00%,0.07%,2814256.0,0.54%,0,0,000000000000000000000000000000000000000000000000,1.18%,-51.69%,2721,2.27,002251.SZ,,步步高,
MARKET.SZ,002252,5.23,5.32,5.34,5.23,5.33,15:33:14.868,-5.23,32784000,516900,172211328.0,18806600,13977500,0,194.87,"{'bid': [{'price': 5.23, 'vol': 6677}], 'ask': [{'price': 5.24, 'vol': 1002}]}",0001000111010110,-0.18%,0.02%,2703008.0,0.00%,0,0,000000000000000000000000000000000000000000000000,1.20%,-1.93%,3191,0.49,002252.SZ,,上海莱士,
MARKET.SZ,002255,10.4,10.34,10.45,10.28,10.3,15:33:11.766,-10.4,15360100,94100,159564992.0,7453900,7906300,0,208.04,"{'bid': [{'price': 10.4, 'vol': 184}], 'ask': [{'price': 10.41, 'vol': 991}]}",0001001001010110,0.00%,0.06%,978672.0,0.58%,0,0,000000000000000000000000000000000000000000000000,1.09%,-47.99%,2596,2.41,002255.SZ,,海陆重工,
MARKET.SZ,002256,4.58,4.5,4.62,4.44,4.49,15:33:15.258,-4.58,82209100,858700,373067424.0,36213300,45995800,0,174.74,"{'bid': [{'price': 4.58, 'vol': 2617}], 'ask': [{'price': 4.59, 'vol': 4854}]}",0000000000010110,0.22%,0.17%,3932832.0,0.22%,0,0,000000000000000000000000000000000000000000000000,1.57%,-36.88%,3897,4.08,002256.SZ,,兆新股份,
MARKET.SZ,002258,12.17,12.03,12.29,11.81,11.79,15:33:10.704,-12.17,17967600,175600,216893360.0,7944600,10023000,0,310.26,"{'bid': [{'price': 12.17, 'vol': 272}], 'ask': [{'price': 12.18, 'vol': 32}]}",0000101100010110,0.08%,0.10%,2137072.0,0.25%,0,0,000000000000000000000000000000000000000000000000,1.27%,56.09%,3198,2.25,002258.SZ,,利尔化学,
MARKET.SZ,002259,5.25,5.15,5.29,5.11,5.13,15:33:14.856,-5.25,20793100,42400,108229184.0,9263800,11529300,0,32.24,"{'bid': [{'price': 5.24, 'vol': 61}], 'ask': [{'price': 5.25, 'vol': 361}]}",0000010101010110,0.19%,0.05%,222592.0,0.00%,0,0,000000000000000000000000000000000000000000000000,0.65%,-6.22%,2444,2.76,002259.SZ,,升达林业,
MARKET.SZ,002263,3.86,3.74,3.88,3.68,3.71,15:33:15.690,-3.86,94126300,875800,357770944.0,40185100,53941300,0,104.16,"{'bid': [{'price': 3.85, 'vol': 4563}], 'ask': [{'price': 3.86, 'vol': 968}]}",0001001101010110,0.00%,0.16%,3380512.0,0.54%,0,0,000000000000000000000000000000000000000000000000,1.12%,-33.73%,4218,5.01,002263.SZ,,大东南,
MARKET.SZ,002264,7.08,7.05,7.13,6.93,6.98,15:33:13.758,-7.08,15259800,204900,107336432.0,6798400,8461400,0,44.13,"{'bid': [{'price': 7.07, 'vol': 170}], 'ask': [{'price': 7.08, 'vol': 419}]}",0000000010010110,0.00%,0.12%,1450680.0,0.71%,0,0,000000000000000000000000000000000000000000000000,1.53%,-48.20%,2645,2.33,002264.SZ,,新 华 都,
MARKET.SZ,002266,5.53,5.43,5.55,5.39,5.42,15:33:14.688,-5.53,73297300,942700,401220800.0,33959600,39337700,0,261.51,"{'bid': [{'price': 5.52, 'vol': 775}], 'ask': [{'price': 5.53, 'vol': 1427}]}",0000011110010110,0.36%,0.06%,5213216.0,-0.17%,0,0,000000000000000000000000000000000000000000000000,1.10%,-27.18%,4477,1.51,002266.SZ,,浙富控股,
MARKET.SZ,002267,7.57,7.62,7.64,7.52,7.62,15:33:13.464,-7.57,6696700,165500,50672336.0,3384900,3311800,0,15.32,"{'bid': [{'price': 7.56, 'vol': 2209}], 'ask': [{'price': 7.57, 'vol': 305}]}",0000000000010110,0.26%,0.09%,1252840.0,0.00%,0,0,000000000000000000000000000000000000000000000000,2.54%,56.12%,1814,0.6,002267.SZ,,陕天然气,
MARKET.SZ,002269,1.56,1.56,1.57,1.53,1.55,15:33:17.070,-1.56,50161300,1184600,77650400.0,28397900,21763400,0,128.98,"{'bid': [{'price': 1.55, 'vol': 40622}], 'ask': [{'price': 1.56, 'vol': 6987}]}",0000000000010110,0.65%,0.11%,1848008.0,0.65%,0,0,000000000000000000000000000000000000000000000000,1.52%,32.36%,2135,2.14,002269.SZ,,美邦服饰,
MARKET.SZ,002271,14.11,14.18,14.32,14.09,14.12,15:33:09.540,-14.11,31550000,561200,447040800.0,17295100,14255000,0,199.09,"{'bid': [{'price': 14.11, 'vol': 1141}], 'ask': [{'price': 14.12, 'vol': 102}]}",0000110100010110,-0.06%,0.07%,7918528.0,0.28%,0,0,000000000000000000000000000000000000000000000000,2.08%,14.20%,3878,1.65,002271.SZ,,东方雨虹,
MARKET.SZ,002274,6.1,6.01,6.13,5.91,6.0,15:33:14.346,-6.1,20883000,91600,125411024.0,10594000,10289000,0,41.47,"{'bid': [{'price': 6.09, 'vol': 328}], 'ask': [{'price': 6.1, 'vol': 2932}]}",0000001101010110,0.16%,0.06%,558744.0,0.17%,0,0,000000000000000000000000000000000000000000000000,0.72%,-65.63%,2428,2.23,002274.SZ,,华昌化工,
MARKET.SZ,002275,13.54,13.65,13.68,13.5,13.6,15:33:09.882,-13.54,1844200,44700,25035720.0,977700,866500,0,15.15,"{'bid': [{'price': 13.54, 'vol': 36}], 'ask': [{'price': 13.55, 'vol': 1}]}",0000000000010110,-0.21%,0.05%,605228.0,0.00%,0,0,000000000000000000000000000000000000000000000000,1.93%,72.17%,1506,0.33,002275.SZ,,桂林三金,
MARKET.SZ,002276,13.01,12.92,13.25,12.7,12.88,15:33:10.200,-13.01,23141300,350600,300583744.0,10236100,12905300,0,89.28,"{'bid': [{'price': 13.01, 'vol': 400}], 'ask': [{'price': 13.02, 'vol': 28}]}",0001100010010110,-0.37%,0.09%,4561248.0,0.00%,0,0,000000000000000000000000000000000000000000000000,1.38%,30.46%,3429,2.3,002276.SZ,,万马股份,
MARKET.SZ,002277,6.81,6.7,6.87,6.59,6.65,15:33:13.920,-6.81,49868200,452800,338121120.0,21309900,28558400,0,479.99,"{'bid': [{'price': 6.81, 'vol': 572}], 'ask': [{'price': 6.82, 'vol': 3094}]}",0001010101010110,0.00%,0.21%,3083648.0,2.76%,0,0,000000000000000000000000000000000000000000000000,1.92%,-50.87%,3587,3.58,002277.SZ,,友阿股份,
MARKET.SZ,002278,9.67,9.58,9.72,9.42,9.53,15:33:12.204,-9.67,7576300,53600,72752464.0,3276000,4300300,0,20.31,"{'bid': [{'price': 9.67, 'vol': 418}], 'ask': [{'price': 9.68, 'vol': 384}]}",0000000000010110,0.00%,0.09%,518312.0,-0.09%,0,0,000000000000000000000000000000000000000000000000,1.44%,-22.51%,2140,2.28,002278.SZ,,神开股份,
MARKET.SZ,002279,7.09,7.16,7.21,7.02,7.12,15:33:13.752,-7.09,21122900,277100,149943584.0,11126800,9996200,0,66.87,"{'bid': [{'price': 7.09, 'vol': 318}], 'ask': [{'price': 7.1, 'vol': 1857}]}",0001011010010110,-0.13%,0.13%,1964624.0,0.56%,0,0,000000000000000000000000000000000000000000000000,1.85%,-28.57%,2874,2.66,002279.SZ,,久其软件,
MARKET.SZ,002282,6.54,6.4,6.61,6.34,6.36,15:33:14.082,-6.54,4986800,22600,32274914.0,1844100,3142700,0,17.47,"{'bid': [{'price': 6.53, 'vol': 1143}], 'ask': [{'price': 6.54, 'vol': 232}]}",0000000000010110,0.15%,0.02%,147798.0,0.31%,0,0,000000000000000000000000000000000000000000000000,0.70%,-2.15%,1236,0.99,002282.SZ,,博深股份,
MARKET.SZ,002283,12.07,11.41,12.2,11.34,11.48,15:33:10.764,-12.07,44463800,466400,529223040.0,20932800,23531100,0,112.16,"{'bid': [{'price': 12.06, 'vol': 626}], 'ask': [{'price': 12.07, 'vol': 214}]}",0000110101010110,0.17%,0.14%,5629280.0,0.18%,0,0,000000000000000000000000000000000000000000000000,1.17%,-13.70%,4384,4.43,002283.SZ,,天润工业,
MARKET.SZ,002284,13.05,13.16,13.23,12.72,13.09,15:33:10.176,-13.05,25703400,205400,333036704.0,13059800,12643600,0,387.69,"{'bid': [{'price': 13.04, 'vol': 308}], 'ask': [{'price': 13.05, 'vol': 721}]}",0000101110010110,0.00%,0.12%,2680576.0,1.15%,0,0,000000000000000000000000000000000000000000000000,0.92%,13.87%,3762,3.52,002284.SZ,,亚太股份,
MARKET.SZ,002285,2.84,2.83,2.87,2.75,2.81,15:33:16.302,-2.84,43750800,254600,123095080.0,23080400,20670400,0,55.67,"{'bid': [{'price': 2.84, 'vol': 1547}], 'ask': [{'price': 2.85, 'vol': 3980}]}",0000011111010110,0.00%,0.11%,723304.0,-0.34%,0,0,000000000000000000000000000000000000000000000000,1.29%,4.18%,2725,2.21,002285.SZ,,世联行,
MARKET.SZ,002286,8.95,8.78,8.95,8.62,8.67,15:33:12.636,-8.95,6796900,54300,60084236.0,3206400,3590500,0,25.99,"{'bid': [{'price': 8.94, 'vol': 155}], 'ask': [{'price': 8.95, 'vol': 849}]}",0000000000010110,0.11%,0.06%,485980.0,0.00%,0,0,000000000000000000000000000000000000000000000000,1.23%,-64.04%,1950,1.84,002286.SZ,,保龄宝,
MARKET.SZ,002291,6.35,6.43,6.47,6.28,6.36,15:33:14.196,-6.35,31966600,411800,203156976.0,19131300,12835300,0,54.08,"{'bid': [{'price': 6.35, 'vol': 510}], 'ask': [{'price': 6.36, 'vol': 629}]}",0000100000010110,0.16%,0.15%,2614832.0,0.16%,0,0,000000000000000000000000000000000000000000000000,1.61%,26.58%,2984,3.68,002291.SZ,,遥望科技,
MARKET.SZ,002292,7.69,7.8,7.83,7.63,7.78,15:33:13.992,-7.69,25420200,414100,195434128.0,12968100,12452200,0,96.49,"{'bid': [{'price': 7.69, 'vol': 764}], 'ask': [{'price': 7.7, 'vol': 1964}]}",0001010101010110,0.00%,0.08%,3184480.0,0.00%,0,0,000000000000000000000000000000000000000000000000,1.34%,15.53%,3542,2.5,002292.SZ,,奥飞娱乐,
MARKET.SZ,002293,10.2,10.28,10.37,10.15,10.24,15:33:11.886,-10.2,6548000,90800,67018016.0,3630600,2917500,0,32.08,"{'bid': [{'price': 10.18, 'vol': 107}], 'ask': [{'price': 10.2, 'vol': 62}]}",0001001011010110,0.20%,0.04%,926160.0,0.00%,0,0,000000000000000000000000000000000000000000000000,1.30%,3.01%,2101,0.79,002293.SZ,,罗莱生活,
MARKET.SZ,002295,11.13,10.89,11.22,10.66,10.69,15:33:11.328,-11.13,4960500,41100,54575976.0,2360700,2599800,0,17.86,"{'bid': [{'price': 11.13, 'vol': 4}], 'ask': [{'price': 11.14, 'vol': 93}]}",0000100100010110,-0.08%,0.08%,457464.0,-0.54%,0,0,000000000000000000000000000000000000000000000000,1.28%,28.56%,2150,1.98,002295.SZ,,精艺股份,
MARKET.SZ,002296,11.02,10.95,11.09,10.72,10.84,15:33:11.394,-11.02,9112500,72200,99505976.0,4807200,4305400,0,33.4,"{'bid': [{'price': 11.01, 'vol': 88}], 'ask': [{'price': 11.02, 'vol': 2483}]}",0001011111010110,0.18%,0.05%,795688.0,0.74%,0,0,000000000000000000000000000000000000000000000000,0.92%,-55.84%,2531,2.62,002296.SZ,,辉煌科技,
MARKET.SZ,002298,10.66,10.64,10.83,10.54,10.58,15:33:11.610,-10.66,40636700,476300,433635808.0,21937100,18699600,0,189.82,"{'bid': [{'price': 10.66, 'vol': 3063}], 'ask': [{'price': 10.67, 'vol': 352}]}",0000101101010110,-0.08%,0.18%,5077408.0,0.76%,0,0,000000000000000000000000000000000000000000000000,1.41%,5.77%,4200,6.15,002298.SZ,,中电鑫龙,
MARKET.SZ,002300,9.27,9.23,9.32,9.1,9.23,15:33:12.444,-9.27,26025300,401000,240640400.0,14067500,11957800,0,103.1,"{'bid': [{'price': 9.27, 'vol': 1422}], 'ask': [{'price': 9.28, 'vol': 2510}]}",0000011110010110,-0.10%,0.39%,3717264.0,0.00%,0,0,000000000000000000000000000000000000000000000000,2.85%,-6.87%,3738,3.6,002300.SZ,,太阳电缆,
MARKET.SZ,002301,8.33,8.37,8.56,8.19,8.33,15:33:13.008,-8.33,24834900,274900,208121456.0,13549300,11285700,0,233.94,"{'bid': [{'price': 8.32, 'vol': 551}], 'ask': [{'price': 8.33, 'vol': 1765}]}",0001001011010110,0.24%,0.13%,2289952.0,1.09%,0,0,000000000000000000000000000000000000000000000000,1.04%,-29.16%,3037,3.46,002301.SZ,,齐心集团,
MARKET.SZ,002302,5.31,5.39,5.42,5.27,5.41,15:33:14.820,-5.31,9002800,167300,47981948.0,5505500,3497400,0,73.52,"{'bid': [{'price': 5.31, 'vol': 1074}], 'ask': [{'price': 5.32, 'vol': 156}]}",0001001011010110,0.00%,0.11%,888352.0,0.00%,0,0,000000000000000000000000000000000000000000000000,2.84%,58.37%,1654,0.71,002302.SZ,,西部建设,
MARKET.SZ,002303,3.53,3.49,3.57,3.46,3.47,15:33:15.888,-3.53,17151000,87300,60243476.0,8191200,8959800,0,32.91,"{'bid': [{'price': 3.52, 'vol': 1041}], 'ask': [{'price': 3.53, 'vol': 4407}]}",0000000000010110,0.28%,0.03%,308192.0,0.29%,0,0,000000000000000000000000000000000000000000000000,0.77%,-51.22%,1573,1.61,002303.SZ,,美盈森,
MARKET.SZ,002307,4.14,4.11,4.15,4.1,4.11,15:33:16.122,-4.14,8413200,82200,34737848.0,4476600,3936600,0,27.97,"{'bid': [{'price': 4.13, 'vol': 3107}], 'ask': [{'price': 4.14, 'vol': 2113}]}",0000010100010110,0.24%,0.04%,340312.0,0.00%,0,0,000000000000000000000000000000000000000000000000,1.50%,16.69%,1035,0.66,002307.SZ,,北新路桥,
MARKET.SZ,002309,3.83,3.77,3.84,3.71,3.77,15:33:15.708,-3.83,176416400,2461800,670688064.0,79394700,97021800,0,577.53,"{'bid': [{'price': 3.82, 'vol': 21993}], 'ask': [{'price': 3.83, 'vol': 964}]}",0000110110010110,0.00%,0.25%,9428480.0,0.53%,0,0,000000000000000000000000000000000000000000000000,1.63%,21.08%,4540,7.33,002309.SZ,,中利集团,
MARKET.SZ,002310,2.86,2.83,2.88,2.76,2.84,15:33:16.290,-2.86,122976700,1054200,349040960.0,59512100,63464600,0,169.12,"{'bid': [{'price': 2.86, 'vol': 23082}], 'ask': [{'price': 2.87, 'vol': 24359}]}",0000000000010110,-0.34%,0.09%,3014976.0,0.00%,0,0,000000000000000000000000000000000000000000000000,1.03%,-7.40%,4059,2.8,002310.SZ,,东方新能,
MARKET.SZ,002312,9.73,9.74,9.82,9.65,9.73,15:33:12.768,-9.73,17604900,325000,171162352.0,8446700,9158200,0,105.19,"{'bid': [{'price': 9.73, 'vol': 937}], 'ask': [{'price': 9.74, 'vol': 578}]}",0000100110010110,-0.20%,0.06%,3162256.0,0.00%,0,0,000000000000000000000000000000000000000000000000,1.66%,-9.06%,3262,0.93,002312.SZ,,川发龙蟒,
MARKET.SZ,002313,9.91,9.8,9.98,9.59,9.64,15:33:12.060,-9.91,9315300,79200,91613312.0,4636700,4678600,0,55.57,"{'bid': [{'price': 9.91, 'vol': 33}], 'ask': [{'price': 9.92, 'vol': 45}]}",0000000000010110,-0.09%,0.13%,784888.0,0.00%,0,0,000000000000000000000000000000000000000000000000,1.40%,-44.99%,2678,2.49,002313.SZ,,日海智能,
MARKET.SZ,002314,2.26,2.23,2.26,2.2,2.22,15:33:16.650,-2.26,15837000,257600,35324736.0,7225700,8611300,0,63.24,"{'bid': [{'price': 2.25, 'vol': 200}], 'ask': [{'price': 2.26, 'vol': 7920}]}",0000100011010110,0.89%,0.13%,582164.0,0.91%,0,0,000000000000000000000000000000000000000000000000,3.42%,-5.34%,1431,1.18,002314.SZ,,南山控股,
MARKET.SZ,002316,5.5,5.38,5.54,5.22,5.34,15:33:14.706,-5.5,16906000,155000,91353304.0,8249500,8656500,0,139.93,"{'bid': [{'price': 5.49, 'vol': 54}], 'ask': [{'price': 5.5, 'vol': 461}]}",0000000000010110,0.36%,0.11%,852448.0,1.70%,0,0,000000000000000000000000000000000000000000000000,0.95%,-30.64%,2637,4.96,002316.SZ,,亚联发展,
MARKET.SZ,002319,12.36,11.73,12.6,11.6,11.64,15:33:10.590,-12.36,13123700,212800,160345456.0,5096600,8027100,0,19.35,"{'bid': [{'price': 12.36, 'vol': 32}], 'ask': [{'price': 12.37, 'vol': 8}]}",0000000000010110,0.16%,0.22%,2630208.0,0.17%,0,0,000000000000000000000000000000000000000000000000,1.22%,28.07%,2949,6.27,002319.SZ,,乐通股份,
MARKET.SZ,002320,7.93,7.98,8.03,7.85,7.93,15:33:13.248,-7.93,18281400,184300,144788496.0,9277200,9004200,0,8.54,"{'bid': [{'price': 7.93, 'vol': 478}], 'ask': [{'price': 7.94, 'vol': 37}]}",0000101000010110,-0.12%,0.05%,1461536.0,0.00%,0,0,000000000000000000000000000000000000000000000000,0.84%,26.61%,2966,0.82,002320.SZ,,海峡股份,
MARKET.SZ,002321,1.93,1.94,1.95,1.9,1.92,15:33:16.848,-1.93,17172400,120300,33074964.0,8366600,8805800,0,14.49,"{'bid': [{'price': 1.93, 'vol': 8543}], 'ask': [{'price': 1.94, 'vol': 5595}]}",0000000000010110,0.00%,0.03%,232174.0,0.52%,0,0,000000000000000000000000000000000000000000000000,1.07%,-7.02%,1315,0.81,002321.SZ,,华英农业,
MARKET.SZ,002322,11.7,11.56,11.75,11.42,11.48,15:33:11.586,-11.7,4025500,56900,46733980.0,2084800,1940700,0,5.32,"{'bid': [{'price': 11.7, 'vol': 51}], 'ask': [{'price': 11.71, 'vol': 364}]}",0000101001010110,-0.08%,0.06%,665720.0,0.00%,0,0,000000000000000000000000000000000000000000000000,1.70%,-67.07%,1736,1.15,002322.SZ,,理工能科,
MARKET.SZ,002324,13.6,13.5,13.68,13.33,13.41,15:33:09.846,-13.6,16941700,162800,229096480.0,7647700,9294000,0,113.67,"{'bid': [{'price': 13.6, 'vol': 481}], 'ask': [{'price': 13.61, 'vol': 38}]}",0000001010010110,-0.06%,0.07%,2214032.0,0.07%,0,0,000000000000000000000000000000000000000000000000,1.25%,18.10%,3651,2.18,002324.SZ,,普利特,
MARKET.SZ,002327,6.97,7.09,7.1,6.95,7.05,15:33:13.824,-6.97,5402100,29000,37787168.0,2886500,2515600,0,18.01,"{'bid': [{'price': 6.97, 'vol': 313}], 'ask': [{'price': 6.98, 'vol': 1666}]}",0000000000010110,-0.13%,0.02%,202108.0,1.00%,0,0,000000000000000000000000000000000000000000000000,0.73%,-3.60%,1606,1.1,002327.SZ,,富安娜,
MARKET.SZ,002328,10.15,9.69,10.54,9.54,9.6,15:33:11.916,-10.15,82462100,540700,826579520.0,33286100,49176000,0,277.62,"{'bid': [{'price': 10.14, 'vol': 1206}], 'ask': [{'price': 10.15, 'vol': 536}]}",0000101011010110,-0.09%,0.27%,5488064.0,0.94%,0,0,000000000000000000000000000000000000000000000000,0.79%,-20.85%,4451,14.45,002328.SZ,,新朋股份,
MARKET.SZ,002329,4.35,4.49,4.51,4.3,4.48,15:33:15.396,-4.35,41304100,451100,181840448.0,21841600,19462500,0,90.97,"{'bid': [{'price': 4.34, 'vol': 1472}], 'ask': [{'price': 4.35, 'vol': 2544}]}",0000110000010110,0.23%,0.13%,1962336.0,0.22%,0,0,000000000000000000000000000000000000000000000000,0.88%,-16.28%,2773,6.34,002329.SZ,,皇氏集团,
MARKET.SZ,002330,4.32,4.31,4.37,4.26,4.29,15:33:15.414,-4.32,10786500,129700,46508040.0,5143400,5643200,0,18.71,"{'bid': [{'price': 4.32, 'vol': 448}], 'ask': [{'price': 4.33, 'vol': 444}]}",0001100011010110,0.00%,0.07%,560312.0,-0.22%,0,0,000000000000000000000000000000000000000000000000,1.19%,24.37%,1751,1.7,002330.SZ,,得利斯,
MARKET.SZ,002331,9.46,9.47,9.52,9.18,9.24,15:33:12.330,-9.46,15927000,121000,149345216.0,8234400,7692600,0,311.28,"{'bid': [{'price': 9.46, 'vol': 313}], 'ask': [{'price': 9.47, 'vol': 707}]}",0000010100010110,0.21%,0.13%,1144672.0,2.60%,0,0,000000000000000000000000000000000000000000000000,1.27%,-42.70%,2636,3.95,002331.SZ,,皖通科技,
MARKET.SZ,002332,8.56,8.55,8.62,8.53,8.58,15:33:12.870,-8.56,7622600,643700,65417064.0,4370700,3252000,0,43.43,"{'bid': [{'price': 8.55, 'vol': 502}], 'ask': [{'price': 8.56, 'vol': 953}]}",0000110101010110,-0.34%,0.10%,5510072.0,0.00%,0,0,000000000000000000000000000000000000000000000000,5.31%,6.03%,1510,0.77,002332.SZ,,仙琚制药,
MARKET.SZ,002333,5.32,5.22,5.37,5.17,5.17,15:33:14.814,-5.32,7005400,108700,37064888.0,2779700,4225700,0,3.13,"{'bid': [{'price': 5.32, 'vol': 244}], 'ask': [{'price': 5.33, 'vol': 1930}]}",0000000000010110,-0.18%,0.16%,578280.0,0.00%,0,0,000000000000000000000000000000000000000000000000,2.36%,-57.65%,1222,1.05,002333.SZ,,罗普斯金,
MARKET.SZ,002334,9.06,8.89,9.12,8.65,8.76,15:33:12.570,-9.06,39296100,225300,351103648.0,17082800,22213300,0,322.62,"{'bid': [{'price': 9.05, 'vol': 1272}], 'ask': [{'price': 9.06, 'vol': 97}]}",0000011001010110,-0.10%,0.11%,2041440.0,1.48%,0,0,000000000000000000000000000000000000000000000000,0.94%,-55.01%,3694,5.35,002334.SZ,,英威腾,
MARKET.SZ,002337,5.71,5.58,5.77,5.53,5.55,15:33:14.580,-5.71,9821300,79800,55570908.0,3961400,5859900,0,2.85,"{'bid': [{'price': 5.71, 'vol': 308}], 'ask': [{'price': 5.72, 'vol': 1010}]}",0000010100010110,0.18%,0.08%,455644.0,0.00%,0,0,000000000000000000000000000000000000000000000000,1.43%,-26.44%,1973,1.67,002337.SZ,,赛象科技,
MARKET.SZ,002339,9.23,8.98,9.28,8.92,8.97,15:33:12.468,-9.23,14673300,154400,134083760.0,6123500,8549800,0,174.57,"{'bid': [{'price': 9.22, 'vol': 897}], 'ask': [{'price': 9.23, 'vol': 257}]}",0000100101010110,0.00%,0.13%,1425072.0,0.90%,0,0,000000000000000000000000000000000000000000000000,1.75%,-35.99%,2916,3.07,002339.SZ,,积成电子,
MARKET.SZ,002340,8.27,8.12,8.3,8.05,8.07,15:33:13.044,-8.27,106065800,2078500,868702144.0,44840300,61225500,0,302.69,"{'bid': [{'price': 8.26, 'vol': 3628}], 'ask': [{'price': 8.27, 'vol': 6481}]}",0000011101010110,0.12%,0.08%,17189440.0,0.00%,0,0,000000000000000000000000000000000000000000000000,1.63%,-19.45%,4519,2.09,002340.SZ,,格林美,
MARKET.SZ,002342,13.17,12.64,13.6,12.36,12.79,15:33:10.104,-13.17,265747300,2752100,3497180416.0,128718800,137028500,0,3811.97,"{'bid': [{'price': 13.16, 'vol': 1142}], 'ask': [{'price': 13.17, 'vol': 5847}]}",0000001111010110,0.08%,1.26%,36244224.0,1.12%,0,0,000000000000000000000000000000000000000000000000,1.59%,-42.07%,4743,27.84,002342.SZ,,巨力索具,
MARKET.SZ,002343,5.53,5.5,5.56,5.38,5.47,15:33:14.688,-5.53,12659800,42500,69326432.0,5660200,6999600,0,22.0,"{'bid': [{'price': 5.53, 'vol': 375}], 'ask': [{'price': 5.55, 'vol': 701}]}",0000001110010110,-0.35%,0.05%,235064.0,0.36%,0,0,000000000000000000000000000000000000000000000000,0.70%,2.41%,2096,2.67,002343.SZ,,慈文传媒,
MARKET.SZ,002344,4.2,4.13,4.22,4.05,4.07,15:33:15.486,-4.2,11326400,256300,46722584.0,4669100,6657300,0,46.38,"{'bid': [{'price': 4.19, 'vol': 130}], 'ask': [{'price': 4.2, 'vol': 4570}]}",0000100100010110,0.72%,0.09%,1076460.0,0.24%,0,0,000000000000000000000000000000000000000000000000,2.50%,-76.99%,1181,0.88,002344.SZ,,海宁皮城,
MARKET.SZ,002345,9.23,9.25,9.32,9.2,9.21,15:33:12.468,-9.23,10811500,206900,100123256.0,5565500,5246100,0,29.88,"{'bid': [{'price': 9.23, 'vol': 84}], 'ask': [{'price': 9.24, 'vol': 2}]}",0001001110010110,-0.10%,0.06%,1909472.0,0.76%,0,0,000000000000000000000000000000000000000000000000,1.56%,77.74%,2629,1.25,002345.SZ,,潮宏基,
MARKET.SZ,002347,8.18,8.12,8.24,7.91,8.06,15:33:13.098,-8.18,15753900,145100,127543864.0,7494100,8259800,0,69.75,"{'bid': [{'price': 8.18, 'vol': 19}], 'ask': [{'price': 8.19, 'vol': 44}]}",0000010001010110,0.00%,0.17%,1186936.0,1.00%,0,0,000000000000000000000000000000000000000000000000,1.86%,-41.53%,3040,3.19,002347.SZ,,泰尔股份,
MARKET.SZ,002348,12.98,13.34,13.55,12.43,13.31,15:33:10.218,-12.98,46563600,333000,598543552.0,25670600,20893000,0,328.7,"{'bid': [{'price': 12.97, 'vol': 541}], 'ask': [{'price': 12.98, 'vol': 154}]}",0000000000010110,0.23%,0.17%,4321920.0,0.00%,0,0,000000000000000000000000000000000000000000000000,1.12%,37.48%,3856,5.15,002348.SZ,,高乐股份,
MARKET.SZ,002349,7.05,7.09,7.12,6.98,7.06,15:33:13.776,-7.05,9935800,59600,69789896.0,5220700,4715100,0,21.77,"{'bid': [{'price': 7.04, 'vol': 5247}], 'ask': [{'price': 7.05, 'vol': 335}]}",0000100100010110,0.00%,0.04%,420216.0,0.00%,0,0,000000000000000000000000000000000000000000000000,0.93%,42.00%,1713,1.22,002349.SZ,,精华制药,
MARKET.SZ,002351,11.02,11.03,11.11,10.7,10.97,15:33:11.394,-11.02,11737700,88300,127647696.0,6409100,5328600,0,27.91,"{'bid': [{'price': 11.01, 'vol': 1018}], 'ask': [{'price': 11.02, 'vol': 146}]}",0000000000010110,0.09%,0.05%,973112.0,0.36%,0,0,000000000000000000000000000000000000000000000000,0.80%,59.34%,2774,2.25,002351.SZ,,漫步者,
MARKET.SZ,002354,6.76,6.77,6.86,6.58,6.8,15:33:13.950,-6.76,171091000,3912000,1149701760.0,91117500,79973500,0,1221.65,"{'bid': [{'price': 6.76, 'vol': 752}], 'ask': [{'price': 6.77, 'vol': 2594}]}",0000000101010110,-0.14%,0.43%,26445568.0,1.20%,0,0,000000000000000000000000000000000000000000000000,2.01%,-29.51%,4640,10.52,002354.SZ,,天娱数科,
MARKET.SZ,002355,6.21,6.31,6.6,6.09,6.2,15:33:14.280,-6.21,28694400,342000,179389856.0,15483100,13211300,0,158.19,"{'bid': [{'price': 6.2, 'vol': 2580}], 'ask': [{'price': 6.21, 'vol': 779}]}",0000000000010110,0.32%,0.15%,2123744.0,1.12%,0,0,000000000000000000000000000000000000000000000000,1.38%,30.61%,2966,4.64,002355.SZ,,兴民智通,
MARKET.SZ,002356,2.99,3.0,3.02,2.95,3.0,15:33:16.812,-2.99,20422000,110200,60966184.0,11315600,9106400,0,24.12,"{'bid': [{'price': 2.99, 'vol': 1481}], 'ask': [{'price': 3.0, 'vol': 5509}]}",0000000000010110,0.00%,0.05%,329504.0,0.00%,0,0,000000000000000000000000000000000000000000000000,1.29%,-3.87%,1561,1.56,002356.SZ,,赫美集团,
MARKET.SZ,002357,11.01,11.01,11.09,10.86,10.93,15:33:11.400,-11.01,6592400,26300,72253344.0,3270400,3322000,0,23.89,"{'bid': [{'price': 11.0, 'vol': 205}], 'ask': [{'price': 11.01, 'vol': 183}]}",0000000000010110,0.09%,0.04%,289536.0,0.64%,0,0,000000000000000000000000000000000000000000000000,0.66%,12.03%,1979,2.1,002357.SZ,,富临运业,
MARKET.SZ,002358,6.71,6.69,6.74,6.6,6.61,15:33:13.980,-6.71,18855200,166900,125971808.0,8420100,10435100,0,77.67,"{'bid': [{'price': 6.71, 'vol': 1296}], 'ask': [{'price': 6.72, 'vol': 1517}]}",0000001100010110,0.00%,0.07%,1119888.0,1.36%,0,0,000000000000000000000000000000000000000000000000,1.32%,15.97%,2609,2.03,002358.SZ,,森源电气,
MARKET.SZ,002363,7.84,7.8,7.88,7.63,7.7,15:33:13.302,-7.84,6603400,63900,51306044.0,3110800,3492600,0,18.41,"{'bid': [{'price': 7.84, 'vol': 513}], 'ask': [{'price': 7.85, 'vol': 1306}]}",0000010100010110,0.13%,0.08%,500984.0,1.30%,0,0,000000000000000000000000000000000000000000000000,1.49%,-47.45%,1887,1.59,002363.SZ,,隆基机械,
MARKET.SZ,002365,12.29,12.26,12.36,12.04,12.24,15:33:10.632,-12.29,5834900,57500,71168944.0,2870500,2964500,0,48.18,"{'bid': [{'price': 12.29, 'vol': 8}], 'ask': [{'price': 12.3, 'vol': 162}]}",0000110010010110,0.16%,0.08%,706696.0,0.16%,0,0,000000000000000000000000000000000000000000000000,1.49%,-48.53%,2432,2.38,002365.SZ,,永安药业,
MARKET.SZ,002366,7.11,7.12,7.16,7.06,7.09,15:33:13.740,-7.11,30974500,350200,220194448.0,16943500,14031000,0,41.22,"{'bid': [{'price': 7.11, 'vol': 637}], 'ask': [{'price': 7.12, 'vol': 4531}]}",0000001100010110,0.14%,0.08%,2489904.0,0.00%,0,0,000000000000000000000000000000000000000000000000,1.66%,22.70%,3320,1.67,002366.SZ,,融发核电,
MARKET.SZ,002367,6.09,6.06,6.12,6.01,6.06,15:33:14.352,-6.09,6471300,100300,39296252.0,3808400,2662900,0,4.61,"{'bid': [{'price': 6.08, 'vol': 279}], 'ask': [{'price': 6.09, 'vol': 1371}]}",0000000101010110,0.16%,0.05%,610820.0,0.17%,0,0,000000000000000000000000000000000000000000000000,1.60%,-41.25%,1380,0.81,002367.SZ,,康力电梯,
MARKET.SZ,002369,7.0,6.81,7.05,6.62,6.78,15:33:13.806,-7.0,19717200,168200,135015584.0,9162100,10555100,0,101.26,"{'bid': [{'price': 6.99, 'vol': 896}], 'ask': [{'price': 7.0, 'vol': 483}]}",0000001110010110,0.14%,0.08%,1177352.0,1.19%,0,0,000000000000000000000000000000000000000000000000,1.11%,-30.07%,3175,3.48,002369.SZ,,卓翼科技,
MARKET.SZ,002370,6.12,6.1,6.14,6.0,6.05,15:33:14.334,-6.12,14141600,87900,85857672.0,7264100,6877600,0,22.63,"{'bid': [{'price': 6.12, 'vol': 124}], 'ask': [{'price': 6.13, 'vol': 268}]}",0001100010010110,0.16%,0.08%,537952.0,0.49%,0,0,000000000000000000000000000000000000000000000000,1.71%,-13.73%,2186,1.9,002370.SZ,,亚太药业,
MARKET.SZ,002372,9.87,9.9,9.96,9.83,9.9,15:33:12.084,-9.87,5350000,79400,52868412.0,2796900,2553100,0,13.76,"{'bid': [{'price': 9.87, 'vol': 287}], 'ask': [{'price': 9.88, 'vol': 7}]}",0000000000010110,-0.09%,0.02%,783700.0,0.00%,0,0,000000000000000000000000000000000000000000000000,1.15%,30.78%,2270,0.36,002372.SZ,,伟星新材,
MARKET.SZ,002373,8.52,8.55,8.61,8.39,8.47,15:33:12.894,-8.52,21597500,406800,183746592.0,10663300,10934300,0,82.59,"{'bid': [{'price': 8.52, 'vol': 921}], 'ask': [{'price': 8.53, 'vol': 821}]}",0000111011010110,-0.11%,0.09%,3465952.0,0.35%,0,0,000000000000000000000000000000000000000000000000,1.96%,-19.34%,2982,1.57,002373.SZ,,千方科技,
MARKET.SZ,002374,3.68,3.66,3.88,3.51,3.69,15:33:15.798,-3.68,82572100,1026800,303927072.0,36617200,45954900,0,523.82,"{'bid': [{'price': 3.68, 'vol': 2381}], 'ask': [{'price': 3.69, 'vol': 2446}]}",0000011110010110,0.00%,0.25%,3778592.0,-1.60%,0,0,000000000000000000000000000000000000000000000000,1.28%,38.12%,3020,7.61,002374.SZ,,中锐股份,
MARKET.SZ,002375,4.44,4.52,4.52,4.35,4.44,15:33:15.342,-4.44,31612600,748100,139795728.0,17186400,14426200,0,95.42,"{'bid': [{'price': 4.44, 'vol': 4707}], 'ask': [{'price': 4.45, 'vol': 689}]}",0000000000010110,0.00%,0.22%,3321568.0,0.00%,0,0,000000000000000000000000000000000000000000000000,2.09%,-12.24%,2522,2.39,002375.SZ,,亚厦股份,
MARKET.SZ,002376,6.95,6.84,7.0,6.75,6.82,15:33:13.836,-6.95,10435300,43600,71707648.0,4997500,5437800,0,22.64,"{'bid': [{'price': 6.95, 'vol': 652}], 'ask': [{'price': 6.96, 'vol': 113}]}",0000000011010110,-0.13%,0.02%,303032.0,-0.14%,0,0,000000000000000000000000000000000000000000000000,0.59%,3.39%,2182,1.33,002376.SZ,,新北洋,
MARKET.SZ,002377,3.18,3.12,3.23,3.08,3.08,15:33:16.098,-3.18,27959500,187800,88162808.0,13460000,14499500,0,48.05,"{'bid': [{'price': 3.17, 'vol': 909}], 'ask': [{'price': 3.18, 'vol': 127}]}",0000000000010110,0.00%,0.09%,597240.0,0.32%,0,0,000000000000000000000000000000000000000000000000,1.05%,-44.97%,2149,3.2,002377.SZ,,国创高新,
MARKET.SZ,002381,6.27,6.2,6.3,6.06,6.14,15:33:14.244,-6.27,5185600,45700,32082464.0,2420300,2765400,0,77.93,"{'bid': [{'price': 6.26, 'vol': 59}], 'ask': [{'price': 6.27, 'vol': 420}]}",0000110010010110,0.32%,0.05%,286544.0,0.16%,0,0,000000000000000000000000000000000000000000000000,1.05%,-50.11%,1714,1.62,002381.SZ,,双箭股份,
MARKET.SZ,002382,6.89,6.65,7.0,6.56,6.59,15:33:13.872,-6.89,24016800,209600,163720336.0,9655300,14361600,0,21.01,"{'bid': [{'price': 6.89, 'vol': 1062}], 'ask': [{'price': 6.9, 'vol': 1386}]}",0000110101010110,-0.13%,0.07%,1444144.0,0.00%,0,0,000000000000000000000000000000000000000000000000,1.14%,-14.61%,3076,2.41,002382.SZ,,蓝帆医疗,
MARKET.SZ,002383,8.62,8.55,8.66,8.43,8.5,15:33:12.834,-8.62,9299200,123200,79795936.0,4589600,4709700,0,10.35,"{'bid': [{'price': 8.62, 'vol': 179}], 'ask': [{'price': 8.63, 'vol': 518}]}",0001010101010110,0.00%,0.10%,1061984.0,0.00%,0,0,000000000000000000000000000000000000000000000000,2.28%,0.51%,2255,1.26,002383.SZ,,合众思壮,
MARKET.SZ,002385,3.46,3.48,3.51,3.43,3.46,15:33:15.930,-3.46,56564000,475300,195985488.0,26103900,30460100,0,54.81,"{'bid': [{'price': 3.46, 'vol': 8294}], 'ask': [{'price': 3.47, 'vol': 6421}]}",0000100010010110,0.00%,0.03%,1644544.0,0.29%,0,0,000000000000000000000000000000000000000000000000,0.86%,21.92%,3290,1.61,002385.SZ,,大北农,
MARKET.SZ,002386,6.2,6.1,6.2,6.02,6.07,15:33:14.286,-6.2,21523500,173900,132002352.0,9636200,11887400,0,54.66,"{'bid': [{'price': 6.19, 'vol': 5332}], 'ask': [{'price': 6.2, 'vol': 7017}]}",0001000001010110,0.16%,0.06%,1078176.0,0.00%,0,0,000000000000000000000000000000000000000000000000,1.15%,11.21%,2018,1.65,002386.SZ,,天原股份,
MARKET.SZ,002387,8.64,8.56,8.73,8.41,8.64,15:33:12.822,-8.64,38765600,652900,331803232.0,20898200,17867400,0,819.88,"{'bid': [{'price': 8.63, 'vol': 442}], 'ask': [{'price': 8.64, 'vol': 2348}]}",0000000010010110,0.00%,0.18%,5641312.0,2.76%,0,0,000000000000000000000000000000000000000000000000,1.86%,0.94%,3806,2.78,002387.SZ,,维信诺,
MARKET.SZ,002388,5.32,5.23,5.37,5.1,5.11,15:33:14.814,-5.32,18940900,85800,99774616.0,8848300,10092700,0,115.22,"{'bid': [{'price': 5.32, 'vol': 376}], 'ask': [{'price': 5.33, 'vol': 265}]}",0001001111010110,0.00%,0.04%,456512.0,0.58%,0,0,000000000000000000000000000000000000000000000000,0.46%,-83.98%,2641,3.74,002388.SZ,,新亚制程,
MARKET.SZ,002390,3.06,3.08,3.1,3.03,3.06,15:33:16.170,-3.06,24014900,159300,73509448.0,11584600,12430300,0,34.68,"{'bid': [{'price': 3.06, 'vol': 2556}], 'ask': [{'price': 3.07, 'vol': 1949}]}",0000000100010110,0.00%,0.04%,487440.0,0.00%,0,0,000000000000000000000000000000000000000000000000,0.93%,31.14%,2166,1.25,002390.SZ,,信邦制药,
MARKET.SZ,002391,5.97,5.95,6.03,5.86,5.91,15:33:14.424,-5.97,7238300,42000,43011248.0,3577200,3661200,0,13.09,"{'bid': [{'price': 5.97, 'vol': 105}], 'ask': [{'price': 5.98, 'vol': 343}]}",0000110011010110,0.17%,0.03%,250728.0,0.00%,0,0,000000000000000000000000000000000000000000000000,0.92%,-43.28%,1942,1.59,002391.SZ,,长青股份,
MARKET.SZ,002392,9.14,9.0,9.27,8.9,8.96,15:33:12.522,-9.14,34388300,199300,313341248.0,17038200,17350100,0,135.99,"{'bid': [{'price': 9.14, 'vol': 137}], 'ask': [{'price': 9.15, 'vol': 714}]}",0000001000010110,0.11%,0.07%,1821600.0,0.00%,0,0,000000000000000000000000000000000000000000000000,0.88%,40.81%,3661,2.97,002392.SZ,,北京利尔,
MARKET.SZ,002394,11.9,11.87,12.03,11.61,11.65,15:33:10.866,-11.9,6265900,147600,73955072.0,3282700,2983200,0,12.94,"{'bid': [{'price': 11.9, 'vol': 692}], 'ask': [{'price': 11.91, 'vol': 1223}]}",0000000000010110,0.25%,0.15%,1756440.0,1.89%,0,0,000000000000000000000000000000000000000000000000,2.20%,-26.94%,2029,1.94,002394.SZ,,联发股份,
MARKET.SZ,002397,5.28,5.26,5.33,5.2,5.22,15:33:14.838,-5.28,15347700,121300,80855672.0,8732300,6615400,0,22.83,"{'bid': [{'price': 5.27, 'vol': 3}], 'ask': [{'price': 5.28, 'vol': 798}]}",0000000000010110,0.57%,0.09%,640432.0,0.57%,0,0,000000000000000000000000000000000000000000000000,1.27%,-59.00%,1996,2.37,002397.SZ,,梦洁股份,
MARKET.SZ,002398,4.75,4.76,4.78,4.63,4.71,15:33:15.756,-4.75,12249200,50300,57582872.0,5859600,6389600,0,26.51,"{'bid': [{'price': 4.74, 'vol': 48}], 'ask': [{'price': 4.75, 'vol': 673}]}",0000000000010110,0.42%,0.03%,238920.0,0.85%,0,0,000000000000000000000000000000000000000000000000,0.69%,-40.08%,2319,2.01,002398.SZ,,垒知集团,
MARKET.SZ,002399,10.19,10.27,10.27,10.04,10.2,15:33:11.892,-10.19,3731900,56000,37874372.0,1569500,2162500,0,8.83,"{'bid': [{'price': 10.18, 'vol': 1}], 'ask': [{'price': 10.19, 'vol': 68}]}",0001010000010110,0.10%,0.03%,570628.0,0.88%,0,0,000000000000000000000000000000000000000000000000,1.07%,-12.13%,2127,0.3,002399.SZ,,海普瑞,
MARKET.SZ,002400,8.37,8.42,8.46,8.2,8.37,15:33:12.984,-8.37,71034500,1002900,590097216.0,35216800,35817700,0,139.1,"{'bid': [{'price': 8.37, 'vol': 4274}], 'ask': [{'price': 8.38, 'vol': 2647}]}",0000101110010110,0.24%,0.17%,8394304.0,0.24%,0,0,000000000000000000000000000000000000000000000000,1.61%,22.38%,4437,4.12,002400.SZ,,省广集团,
MARKET.SZ,002401,14.12,14.14,14.28,13.84,14.0,15:33:09.534,-14.12,5175300,19500,72647408.0,2360500,2814900,0,31.82,"{'bid': [{'price': 14.12, 'vol': 127}], 'ask': [{'price': 14.15, 'vol': 76}]}",0001010110010110,0.00%,0.06%,275336.0,0.00%,0,0,000000000000000000000000000000000000000000000000,1.03%,17.21%,2079,1.39,002401.SZ,,中远海科,
MARKET.SZ,002403,11.39,11.37,11.53,11.2,11.38,15:33:11.172,-11.39,5083600,71300,57681404.0,2457100,2626500,0,68.22,"{'bid': [{'price': 11.38, 'vol': 76}], 'ask': [{'price': 11.39, 'vol': 240}]}",0000000000010110,0.00%,0.09%,812112.0,0.62%,0,0,000000000000000000000000000000000000000000000000,1.14%,54.33%,1877,1.71,002403.SZ,,爱仕达,
MARKET.SZ,002404,6.5,6.54,6.56,6.37,6.49,15:33:14.106,-6.5,6915100,31900,44683728.0,3668200,3246900,0,32.83,"{'bid': [{'price': 6.49, 'vol': 128}], 'ask': [{'price': 6.5, 'vol': 322}]}",0000000000010110,0.15%,0.05%,207348.0,0.46%,0,0,000000000000000000000000000000000000000000000000,1.02%,-1.93%,1998,1.52,002404.SZ,,嘉欣丝绸,
MARKET.SZ,002405,9.46,9.63,9.69,9.35,9.53,15:33:12.330,-9.46,96826900,772100,918892544.0,49051300,47775600,0,1616.97,"{'bid': [{'price': 9.45, 'vol': 2418}], 'ask': [{'price': 9.46, 'vol': 783}]}",0000011010010110,0.00%,0.10%,7304384.0,-0.81%,0,0,000000000000000000000000000000000000000000000000,1.03%,20.97%,4508,4.11,002405.SZ,,四维图新,
MARKET.SZ,002406,8.14,8.04,8.14,7.81,8.05,15:33:13.122,-8.14,30748500,406600,247508800.0,15303500,15445000,0,118.75,"{'bid': [{'price': 8.13, 'vol': 2571}], 'ask': [{'price': 8.14, 'vol': 2217}]}",0000001010010110,0.12%,0.22%,3309680.0,0.37%,0,0,000000000000000000000000000000000000000000000000,1.92%,-18.04%,3246,5.11,002406.SZ,,远东传动,
MARKET.SZ,002408,5.57,5.53,5.62,5.42,5.5,15:33:14.664,-5.57,28587700,286200,157884512.0,13834100,14753600,0,74.16,"{'bid': [{'price': 5.57, 'vol': 722}], 'ask': [{'price': 5.58, 'vol': 1088}]}",0000010100010110,0.00%,0.04%,1594080.0,0.00%,0,0,000000000000000000000000000000000000000000000000,0.93%,-17.60%,2935,1.04,002408.SZ,,齐翔腾达,
MARKET.SZ,002410,9.92,10.08,10.18,9.88,10.07,15:33:12.054,-9.92,33144700,508400,330441984.0,19006500,14138200,0,71.87,"{'bid': [{'price': 9.92, 'vol': 1004}], 'ask': [{'price': 9.93, 'vol': 157}]}",0000101101010110,-0.19%,0.07%,5043360.0,0.10%,0,0,000000000000000000000000000000000000000000000000,1.42%,71.59%,3868,2.11,002410.SZ,,广联达,
MARKET.SZ,002412,6.93,6.84,6.98,6.8,6.84,15:33:13.848,-6.93,8224700,30600,56629864.0,3948100,4276600,0,51.92,"{'bid': [{'price': 6.92, 'vol': 403}], 'ask': [{'price': 6.93, 'vol': 546}]}",0000101110010110,0.00%,0.08%,212032.0,0.44%,0,0,000000000000000000000000000000000000000000000000,1.42%,-50.56%,1889,1.65,002412.SZ,,汉森制药,
MARKET.SZ,002413,11.48,11.35,11.5,11.12,11.39,15:33:11.118,-11.48,53044800,445200,602040960.0,24560700,28484200,0,331.76,"{'bid': [{'price': 11.47, 'vol': 3093}], 'ask': [{'price': 11.48, 'vol': 2948}]}",0000111101010110,0.00%,0.10%,5110976.0,0.00%,0,0,000000000000000000000000000000000000000000000000,1.21%,0.17%,4496,4.09,002413.SZ,,雷科防务,
MARKET.SZ,002414,13.95,13.75,14.05,13.71,13.67,15:33:09.636,-13.95,50598500,838500,704930432.0,22496100,28102400,0,315.84,"{'bid': [{'price': 13.95, 'vol': 3121}], 'ask': [{'price': 13.96, 'vol': 37}]}",0000000001010110,-0.06%,0.10%,11697152.0,0.00%,0,0,000000000000000000000000000000000000000000000000,1.49%,15.68%,4451,1.49,002414.SZ,,高德红外,
MARKET.SZ,002416,11.99,11.9,12.01,11.72,11.86,15:33:10.812,-11.99,19843900,237100,235590000.0,9851400,9992500,0,78.3,"{'bid': [{'price': 11.99, 'vol': 3035}], 'ask': [{'price': 12.0, 'vol': 1035}]}",0000101110010110,0.17%,0.10%,2842848.0,0.00%,0,0,000000000000000000000000000000000000000000000000,1.56%,59.22%,3437,1.62,002416.SZ,,爱施德,
MARKET.SZ,002418,5.6,5.48,5.64,5.39,5.4,15:33:14.646,-5.6,71776300,600100,396150880.0,32581000,39195300,0,228.02,"{'bid': [{'price': 5.6, 'vol': 4643}], 'ask': [{'price': 5.61, 'vol': 1420}]}",0000000000010110,0.00%,0.25%,3360672.0,0.00%,0,0,000000000000000000000000000000000000000000000000,1.46%,-42.78%,4237,6.32,002418.SZ,,康盛股份,
MARKET.SZ,002419,4.94,4.93,4.97,4.87,4.91,15:33:15.042,-4.94,9840900,22100,48398276.0,5525300,4315700,0,24.9,"{'bid': [{'price': 4.94, 'vol': 1299}], 'ask': [{'price': 4.95, 'vol': 686}]}",0001000111010110,-0.19%,0.03%,109172.0,0.00%,0,0,000000000000000000000000000000000000000000000000,0.77%,-68.84%,1768,0.84,002419.SZ,,天虹股份,
MARKET.SZ,002420,6.72,6.55,6.79,6.47,6.55,15:33:13.974,-6.72,11206800,11900,74405256.0,5391900,5814900,0,36.42,"{'bid': [{'price': 6.72, 'vol': 6}], 'ask': [{'price': 6.73, 'vol': 429}]}",0000000000010110,0.00%,0.06%,79952.0,-0.60%,0,0,000000000000000000000000000000000000000000000000,0.71%,-13.20%,2366,2.8,002420.SZ,,毅昌科技,
MARKET.SZ,002421,4.36,3.86,4.36,3.71,3.96,15:33:15.390,-4.36,647555900,439000,2694157568.0,272486900,375069100,0,8359.29,"{'bid': [{'price': 4.36, 'vol': 450495}], 'ask': [{'price': 0.0, 'vol': 0}]}",0001011000010110,0.00%,0.04%,1914112.0,2.39%,0,0,000000000000000000000000000000000000000000000000,0.05%,0.00%,4421,32.32,002421.SZ,,达实智能,
MARKET.SZ,002423,9.28,9.35,9.4,9.25,9.33,15:33:12.438,-9.28,10626000,123700,98784896.0,5827200,4798900,0,34.61,"{'bid': [{'price': 9.27, 'vol': 709}], 'ask': [{'price': 9.28, 'vol': 41}]}",0001001100010110,0.00%,0.03%,1147880.0,0.00%,0,0,000000000000000000000000000000000000000000000000,1.19%,34.55%,2511,0.46,002423.SZ,,中粮资本,
MARKET.SZ,002425,3.34,3.28,3.37,3.22,3.27,15:33:16.002,-3.34,18341000,336700,60327316.0,9037300,9303700,0,3.58,"{'bid': [{'price': 3.33, 'vol': 96}], 'ask': [{'price': 3.34, 'vol': 2385}]}",0000001111010110,0.30%,0.10%,1124552.0,0.61%,0,0,000000000000000000000000000000000000000000000000,2.05%,-50.18%,2104,1.99,002425.SZ,,凯撒文化,
MARKET.SZ,002426,3.66,3.57,3.7,3.47,3.54,15:33:15.810,-3.66,141823800,1502200,510839424.0,58516700,83307100,0,57.05,"{'bid': [{'price': 3.66, 'vol': 980}], 'ask': [{'price': 3.67, 'vol': 13482}]}",0000001010010110,0.00%,0.10%,5498240.0,0.28%,0,0,000000000000000000000000000000000000000000000000,0.99%,-30.75%,3735,4.17,002426.SZ,,胜利精密,
MARKET.SZ,002427,4.98,4.88,5.0,4.8,4.85,15:33:15.018,-4.98,15951900,245700,78782632.0,7425200,8526700,0,19.03,"{'bid': [{'price': 4.97, 'vol': 125}], 'ask': [{'price': 4.98, 'vol': 1012}]}",0000000010010110,0.00%,0.15%,1223560.0,0.41%,0,0,000000000000000000000000000000000000000000000000,1.76%,-50.23%,2224,1.62,002427.SZ,,尤夫股份,
MARKET.SZ,002429,12.39,12.27,12.55,12.18,12.21,15:33:10.572,-12.39,137510100,1081100,1700843392.0,63854800,73655300,0,1481.48,"{'bid': [{'price': 12.38, 'vol': 3968}], 'ask': [{'price': 12.39, 'vol': 643}]}",0000000011010110,0.00%,0.11%,13394560.0,0.57%,0,0,000000000000000000000000000000000000000000000000,0.79%,17.02%,4665,3.04,002429.SZ,,兆驰股份,
MARKET.SZ,002434,7.66,7.8,7.87,7.6,7.87,15:33:13.410,-7.66,36224700,369900,278644032.0,18068900,18155800,0,280.49,"{'bid': [{'price': 7.66, 'vol': 262}], 'ask': [{'price': 7.67, 'vol': 651}]}",0000001100010110,-0.12%,0.12%,2833344.0,0.39%,0,0,000000000000000000000000000000000000000000000000,1.07%,33.11%,3426,2.76,002434.SZ,,万里扬,
MARKET.SZ,002437,3.11,3.1,3.12,3.06,3.06,15:33:16.140,-3.11,41675400,296300,128924728.0,15824900,25850600,0,251.72,"{'bid': [{'price': 3.1, 'vol': 16053}], 'ask': [{'price': 3.11, 'vol': 18121}]}",0000111010010110,0.32%,0.05%,921472.0,0.98%,0,0,000000000000000000000000000000000000000000000000,1.03%,-10.86%,4034,1.98,002437.SZ,,誉衡药业,
MARKET.SZ,002440,9.59,9.47,9.68,9.33,9.37,15:33:12.252,-9.59,22810800,231800,217673200.0,9694800,13116000,0,85.23,"{'bid': [{'price': 9.59, 'vol': 101}], 'ask': [{'price': 9.6, 'vol': 792}]}",0000100101010110,0.00%,0.09%,2222864.0,0.11%,0,0,000000000000000000000000000000000000000000000000,1.15%,-50.64%,3709,2.41,002440.SZ,,闰土股份,
MARKET.SZ,002441,10.19,10.2,10.23,9.99,10.05,15:33:12.492,-10.19,6960800,68100,70445816.0,3489500,3471400,0,42.33,"{'bid': [{'price': 10.18, 'vol': 336}], 'ask': [{'price': 10.19, 'vol': 7}]}",0001010100010110,0.30%,0.08%,693904.0,-0.19%,0,0,000000000000000000000000000000000000000000000000,1.52%,-46.97%,2170,1.75,002441.SZ,,众业达,
MARKET.SZ,002442,8.11,7.49,8.11,6.95,7.37,15:33:13.140,-8.11,93976200,59200,716560512.0,56425800,37550400,0,5833.44,"{'bid': [{'price': 8.11, 'vol': 59380}], 'ask': [{'price': 0.0, 'vol': 0}]}",0000001010010110,0.00%,0.03%,480064.0,5.79%,0,0,000000000000000000000000000000000000000000000000,0.04%,0.00%,2067,19.08,002442.SZ,,龙星科技,
MARKET.SZ,002443,12.47,12.61,12.83,12.22,12.67,15:33:10.524,-12.47,32288200,373500,402093184.0,16048500,16239700,0,127.49,"{'bid': [{'price': 12.47, 'vol': 740}], 'ask': [{'price': 12.48, 'vol': 26}]}",0000000000010110,-0.07%,0.17%,4657696.0,0.00%,0,0,000000000000000000000000000000000000000000000000,1.04%,-20.64%,3596,6.22,002443.SZ,,金洲管道,
MARKET.SZ,002445,3.68,3.54,3.72,3.54,3.53,15:33:15.798,-3.68,110252100,720000,403742944.0,47766200,62486000,0,264.83,"{'bid': [{'price': 3.68, 'vol': 3021}], 'ask': [{'price': 3.69, 'vol': 11043}]}",0000111000010110,0.00%,0.21%,2649600.0,0.28%,0,0,000000000000000000000000000000000000000000000000,1.38%,-41.89%,3588,4.66,002445.SZ,,中南文化,
MARKET.SZ,002446,10.42,10.24,10.46,10.07,10.09,15:33:11.754,-10.42,29642000,172600,305845664.0,13256900,16385100,0,229.79,"{'bid': [{'price': 10.42, 'vol': 1409}], 'ask': [{'price': 10.43, 'vol': 747}]}",0000101011010110,-0.09%,0.09%,1798592.0,0.49%,0,0,000000000000000000000000000000000000000000000000,1.18%,-41.60%,3657,3.5,002446.SZ,,盛路通信,
MARKET.SZ,002448,14.13,13.93,14.28,13.76,13.9,15:33:09.528,-14.13,16589100,103300,233108208.0,6847100,9742000,0,145.43,"{'bid': [{'price': 14.12, 'vol': 119}], 'ask': [{'price': 14.13, 'vol': 400}]}",0000000111010110,-0.20%,0.09%,1459696.0,0.22%,0,0,000000000000000000000000000000000000000000000000,1.21%,15.51%,3210,2.86,002448.SZ,,中原内配,
MARKET.SZ,002449,8.92,8.44,9.07,8.09,8.43,15:33:12.654,-8.92,67992600,489200,582688192.0,31708900,36283700,0,796.65,"{'bid': [{'price': 8.91, 'vol': 1877}], 'ask': [{'price': 8.92, 'vol': 1026}]}",0000000101010110,0.11%,0.32%,4363776.0,2.80%,0,0,000000000000000000000000000000000000000000000000,1.11%,4.27%,4153,10.99,002449.SZ,,国星光电,
MARKET.SZ,002451,9.0,8.91,9.03,8.75,8.82,15:33:12.606,-9.0,10157400,47100,90740704.0,4344600,5812800,0,49.36,"{'bid': [{'price': 8.99, 'vol': 234}], 'ask': [{'price': 9.0, 'vol': 970}]}",0000110001010110,0.11%,0.08%,423888.0,1.25%,0,0,000000000000000000000000000000000000000000000000,1.06%,-30.98%,2521,2.31,002451.SZ,,摩恩电气,
MARKET.SZ,002452,11.54,11.39,11.58,11.25,11.28,15:33:11.082,-11.54,17637300,306400,201766416.0,8569800,9067500,0,55.24,"{'bid': [{'price': 11.54, 'vol': 262}], 'ask': [{'price': 11.55, 'vol': 445}]}",0000100001010110,0.00%,0.13%,3535888.0,0.62%,0,0,000000000000000000000000000000000000000000000000,1.77%,-3.05%,3028,3.42,002452.SZ,,长高电新,
MARKET.SZ,002453,6.26,5.7,6.26,5.68,5.69,15:33:14.250,-6.26,26571400,9500,162107264.0,12500800,14070700,0,19.1,"{'bid': [{'price': 6.26, 'vol': 125980}], 'ask': [{'price': 0.0, 'vol': 0}]}",0001100010010110,0.00%,0.00%,59568.0,0.18%,0,0,000000000000000000000000000000000000000000000000,0.03%,0.00%,1473,4.41,002453.SZ,,华软科技,
MARKET.SZ,002454,6.73,6.67,6.82,6.61,6.67,15:33:13.968,-6.73,18933900,122200,127373304.0,9095300,9838600,0,40.89,"{'bid': [{'price': 6.72, 'vol': 431}], 'ask': [{'price': 6.73, 'vol': 0}]}",0000101010010110,0.15%,0.06%,822424.0,-0.14%,0,0,000000000000000000000000000000000000000000000000,0.77%,0.00%,3219,2.16,002454.SZ,,松芝股份,
MARKET.SZ,002455,9.71,9.61,9.72,9.39,9.61,15:33:12.180,-9.71,41572600,381700,400116256.0,19054300,22518400,0,191.43,"{'bid': [{'price': 9.7, 'vol': 4254}], 'ask': [{'price': 9.71, 'vol': 864}]}",0001010000010110,0.31%,0.22%,3706336.0,0.00%,0,0,000000000000000000000000000000000000000000000000,1.67%,30.60%,4126,6.29,002455.SZ,,百川股份,
MARKET.SZ,002456,8.89,8.75,8.93,8.45,8.64,15:33:12.672,-8.89,102257200,1416400,891337344.0,48099200,54158000,0,468.13,"{'bid': [{'price': 8.88, 'vol': 2891}], 'ask': [{'price': 8.89, 'vol': 203}]}",0000100101010110,0.00%,0.13%,12591744.0,0.00%,0,0,000000000000000000000000000000000000000000000000,1.86%,-55.93%,4377,3.08,002456.SZ,,欧菲光,
MARKET.SZ,002457,13.4,13.03,13.66,13.0,13.27,15:33:09.966,-13.4,47240300,443600,629560384.0,23290600,23949700,0,599.77,"{'bid': [{'price': 13.4, 'vol': 1999}], 'ask': [{'price': 13.41, 'vol': 64}]}",0000000000010110,-0.29%,0.55%,5944384.0,0.00%,0,0,000000000000000000000000000000000000000000000000,1.39%,70.96%,4221,14.17,002457.SZ,,青龙管业,
MARKET.SZ,002458,8.25,8.43,8.5,8.2,8.36,15:33:13.056,-8.25,15071900,289500,124819968.0,6746900,8325100,0,28.44,"{'bid': [{'price': 8.24, 'vol': 252}], 'ask': [{'price': 8.25, 'vol': 44}]}",0001011000010110,0.12%,0.06%,2388368.0,0.84%,0,0,000000000000000000000000000000000000000000000000,1.51%,37.01%,3224,1.56,002458.SZ,,益生股份,
MARKET.SZ,002459,9.83,9.77,9.88,9.58,9.67,15:33:12.108,-9.83,49163100,375100,479162176.0,23492800,25670400,0,308.67,"{'bid': [{'price': 9.82, 'vol': 2788}], 'ask': [{'price': 9.83, 'vol': 223}]}",0000110111010110,0.10%,0.06%,3686496.0,0.62%,0,0,000000000000000000000000000000000000000000000000,1.08%,4.73%,4152,1.49,002459.SZ,,晶澳科技,
MARKET.SZ,002461,9.4,9.43,9.48,9.36,9.43,15:33:12.966,-9.4,8843000,100500,83242128.0,4373700,4469300,0,41.11,"{'bid': [{'price': 9.4, 'vol': 1335}], 'ask': [{'price': 9.41, 'vol': 20}]}",0000001111010110,-0.10%,0.06%,944712.0,0.00%,0,0,000000000000000000000000000000000000000000000000,1.24%,8.37%,2449,0.4,002461.SZ,,珠江啤酒,
MARKET.SZ,002462,13.69,13.45,13.72,13.24,13.38,15:33:09.792,-13.69,8735200,40500,118685272.0,5506600,3228700,0,38.74,"{'bid': [{'price': 13.69, 'vol': 408}], 'ask': [{'price': 13.7, 'vol': 11}]}",0000110010010110,-0.06%,0.08%,554456.0,0.67%,0,0,000000000000000000000000000000000000000000000000,0.88%,19.47%,2819,3.0,002462.SZ,,嘉事堂,
MARKET.SZ,002467,6.34,6.41,6.47,6.24,6.41,15:33:14.202,-6.34,49879200,729800,315641984.0,25802400,24076900,0,130.38,"{'bid': [{'price': 6.34, 'vol': 5795}], 'ask': [{'price': 6.35, 'vol': 6624}]}",0001001010010110,-0.15%,0.12%,4626880.0,0.00%,0,0,000000000000000000000000000000000000000000000000,1.34%,21.64%,3627,3.65,002467.SZ,,二六三,
MARKET.SZ,002469,6.71,6.75,6.75,6.62,6.61,15:33:13.980,-6.71,5847500,44500,39161228.0,2424400,3423100,0,79.72,"{'bid': [{'price': 6.7, 'vol': 288}], 'ask': [{'price': 6.71, 'vol': 43}]}",0000000000010110,0.15%,0.04%,298784.0,0.00%,0,0,000000000000000000000000000000000000000000000000,1.80%,-44.79%,1430,0.93,002469.SZ,,三维化学,
MARKET.SZ,002470,2.48,2.45,2.49,2.38,2.46,15:33:16.518,-2.48,98317600,1047500,242191168.0,41510900,56806700,0,168.54,"{'bid': [{'price': 2.48, 'vol': 756}], 'ask': [{'price': 2.49, 'vol': 27987}]}",0000000000010110,-0.39%,0.13%,2597824.0,0.00%,0,0,000000000000000000000000000000000000000000000000,1.42%,-8.81%,3661,2.99,002470.SZ,,金正大,
MARKET.SZ,002471,8.08,8.02,8.27,7.9,8.14,15:33:13.158,-8.08,85766800,1154300,691951744.0,46915200,38851700,0,608.8,"{'bid': [{'price': 8.07, 'vol': 6994}], 'ask': [{'price': 8.08, 'vol': 2828}]}",0001000111010110,0.00%,0.26%,9326848.0,0.00%,0,0,000000000000000000000000000000000000000000000000,1.65%,13.76%,4553,6.39,002471.SZ,,中超控股,
MARKET.SZ,002474,7.96,7.99,8.05,7.7,7.94,15:33:13.830,-7.96,32858300,600300,258374896.0,18253600,14604800,0,187.92,"{'bid': [{'price': 7.96, 'vol': 2436}], 'ask': [{'price': 7.97, 'vol': 666}]}",0001011111010110,0.51%,0.29%,4778464.0,0.00%,0,0,000000000000000000000000000000000000000000000000,2.20%,-5.54%,3803,6.21,002474.SZ,,榕基软件,
MARKET.SZ,002476,5.62,5.57,5.64,5.42,5.55,15:33:14.634,-5.62,12277800,44300,67942016.0,6623700,5654100,0,11.47,"{'bid': [{'price': 5.62, 'vol': 391}], 'ask': [{'price': 5.63, 'vol': 661}]}",0000000111010110,-0.34%,0.02%,248944.0,0.18%,0,0,000000000000000000000000000000000000000000000000,0.43%,-37.88%,1941,2.01,002476.SZ,,宝莫股份,
MARKET.SZ,002478,7.8,7.67,7.87,7.66,7.66,15:33:13.326,-7.8,20392100,139300,158484544.0,10210500,10181600,0,32.98,"{'bid': [{'price': 7.8, 'vol': 89}], 'ask': [{'price': 7.81, 'vol': 542}]}",0000000000010110,-0.12%,0.11%,1086576.0,-1.15%,0,0,000000000000000000000000000000000000000000000000,1.54%,-14.82%,2998,2.82,002478.SZ,,常宝股份,
MARKET.SZ,002479,5.27,5.17,5.31,5.15,5.14,15:33:14.844,-5.27,18252100,122900,95850560.0,7125500,11126600,0,79.2,"{'bid': [{'price': 5.27, 'vol': 1565}], 'ask': [{'price': 5.28, 'vol': 1002}]}",0000000000010110,0.00%,0.06%,647688.0,-0.18%,0,0,000000000000000000000000000000000000000000000000,0.84%,-51.19%,2148,2.11,002479.SZ,,富春环保,
MARKET.SZ,002480,6.23,6.18,6.32,6.05,6.13,15:33:14.268,-6.23,13195800,39700,81810424.0,5820900,7374900,0,16.69,"{'bid': [{'price': 6.23, 'vol': 58}], 'ask': [{'price': 6.24, 'vol': 1683}]}",0000001001010110,-0.15%,0.03%,247336.0,0.00%,0,0,000000000000000000000000000000000000000000000000,0.67%,-43.73%,1800,1.72,002480.SZ,,新筑股份,
MARKET.SZ,002481,4.13,4.1,4.15,4.07,4.09,15:33:15.528,-4.13,7346100,15200,30221064.0,3255300,4090900,0,17.55,"{'bid': [{'price': 4.13, 'vol': 602}], 'ask': [{'price': 4.14, 'vol': 3094}]}",0001100011010110,0.00%,0.02%,62784.0,0.00%,0,0,000000000000000000000000000000000000000000000000,0.87%,-44.15%,1047,0.66,002481.SZ,,双塔食品,
MARKET.SZ,002482,1.56,1.55,1.57,1.53,1.55,15:33:17.070,-1.56,36686800,563400,56765928.0,18600600,18086200,0,33.4,"{'bid': [{'price': 1.55, 'vol': 8184}], 'ask': [{'price': 1.56, 'vol': 21331}]}",0000001110010110,0.65%,0.08%,878888.0,-0.63%,0,0,000000000000000000000000000000000000000000000000,1.82%,-7.71%,1574,0.98,002482.SZ,,广田集团,
MARKET.SZ,002483,6.04,5.94,6.07,5.86,5.92,15:33:14.382,-6.04,9154900,38600,54649300.0,4240700,4914300,0,21.74,"{'bid': [{'price': 6.03, 'vol': 205}], 'ask': [{'price': 6.04, 'vol': 428}]}",0001010000010110,0.17%,0.02%,233148.0,-0.33%,0,0,000000000000000000000000000000000000000000000000,0.64%,16.97%,2391,1.03,002483.SZ,,润邦股份,
MARKET.SZ,002486,2.64,2.62,2.67,2.56,2.61,15:33:16.422,-2.64,25653600,241600,66803244.0,11809600,13844000,0,23.34,"{'bid': [{'price': 2.63, 'vol': 1206}], 'ask': [{'price': 2.64, 'vol': 1443}]}",0000010011010110,0.00%,0.10%,637828.0,0.00%,0,0,000000000000000000000000000000000000000000000000,1.20%,-33.59%,2463,3.13,002486.SZ,,嘉麟杰,
MARKET.SZ,002488,11.26,11.5,11.52,11.19,11.43,15:33:11.250,-11.26,23835300,450700,269336672.0,13091700,10743600,0,100.63,"{'bid': [{'price': 11.26, 'vol': 239}], 'ask': [{'price': 11.27, 'vol': 381}]}",0000001001010110,-0.17%,0.11%,5074928.0,-0.42%,0,0,000000000000000000000000000000000000000000000000,1.60%,2.74%,3305,2.59,002488.SZ,,金固股份,
MARKET.SZ,002489,3.9,4.01,4.06,3.86,3.97,15:33:15.666,-3.9,59126300,735200,232849312.0,32752000,26374400,0,123.95,"{'bid': [{'price': 3.9, 'vol': 1070}], 'ask': [{'price': 3.91, 'vol': 4369}]}",0001011011010110,0.00%,0.16%,2867392.0,0.25%,0,0,000000000000000000000000000000000000000000000000,1.29%,-28.78%,2985,3.09,002489.SZ,,浙江永强,
MARKET.SZ,002490,8.36,8.24,8.38,8.18,8.28,15:33:12.990,-8.36,24152700,332300,200002176.0,10831600,13321100,0,109.18,"{'bid': [{'price': 8.36, 'vol': 661}], 'ask': [{'price': 8.37, 'vol': 2004}]}",0000000000010110,0.00%,0.24%,2778048.0,-0.35%,0,0,000000000000000000000000000000000000000000000000,1.45%,-23.91%,3381,4.46,002490.SZ,,山东墨龙,
MARKET.SZ,002492,7.06,7.09,7.12,6.85,6.97,15:33:13.770,-7.06,9799700,65800,68372328.0,4720600,5079200,0,9.36,"{'bid': [{'price': 7.05, 'vol': 66}], 'ask': [{'price': 7.06, 'vol': 67}]}",0000110010010110,0.14%,0.06%,464552.0,1.29%,0,0,000000000000000000000000000000000000000000000000,0.72%,11.11%,1889,2.46,002492.SZ,,恒基达鑫,
MARKET.SZ,002493,11.45,11.62,11.66,11.28,11.52,15:33:11.136,-11.45,54395800,469100,621206400.0,28099400,26296500,0,408.09,"{'bid': [{'price': 11.44, 'vol': 200}], 'ask': [{'price': 11.45, 'vol': 1165}]}",0000110010010110,0.26%,0.03%,5370880.0,1.93%,0,0,000000000000000000000000000000000000000000000000,0.76%,-16.59%,4171,0.58,002493.SZ,,荣盛石化,
MARKET.SZ,002494,5.9,5.77,5.96,5.67,5.75,15:33:14.466,-5.9,14083600,105300,81792760.0,6707000,7376600,0,54.99,"{'bid': [{'price': 5.9, 'vol': 515}], 'ask': [{'price': 5.91, 'vol': 127}]}",0000000000010110,0.17%,0.14%,621264.0,0.17%,0,0,000000000000000000000000000000000000000000000000,1.19%,39.14%,2630,4.91,002494.SZ,,华斯股份,
MARKET.SZ,002495,2.55,2.51,2.58,2.47,2.47,15:33:16.476,-2.55,27160500,188400,68518672.0,11578100,15582400,0,110.47,"{'bid': [{'price': 2.55, 'vol': 1706}], 'ask': [{'price': 2.56, 'vol': 980}]}",0000101000010110,0.00%,0.07%,480424.0,1.21%,0,0,000000000000000000000000000000000000000000000000,0.69%,-23.52%,2583,3.91,002495.SZ,,佳隆股份,
MARKET.SZ,002498,8.91,8.77,8.97,8.63,8.76,15:33:13.260,-8.91,101979900,1138600,903217472.0,45752700,56227300,0,689.15,"{'bid': [{'price': 8.91, 'vol': 11679}], 'ask': [{'price': 8.92, 'vol': 2226}]}",0000110110010110,0.00%,0.28%,10144640.0,0.23%,0,0,000000000000000000000000000000000000000000000000,1.49%,39.72%,4676,3.07,002498.SZ,,汉缆股份,
MARKET.SZ,002500,5.16,5.25,5.28,5.13,5.24,15:33:14.910,-5.16,37847900,421900,196018784.0,19692800,18155100,0,55.39,"{'bid': [{'price': 5.16, 'vol': 4556}], 'ask': [{'price': 5.17, 'vol': 529}]}",0000010111010110,-0.38%,0.06%,2176976.0,0.00%,0,0,000000000000000000000000000000000000000000000000,1.41%,22.45%,3228,1.05,002500.SZ,,山西证券,
MARKET.SZ,002506,3.83,3.77,3.85,3.69,3.76,15:33:15.708,-3.83,280549900,2457600,1064948800.0,110628800,169921200,0,1146.08,"{'bid': [{'price': 3.83, 'vol': 43376}], 'ask': [{'price': 3.84, 'vol': 8417}]}",0001000000010110,0.00%,0.17%,9412736.0,0.80%,0,0,000000000000000000000000000000000000000000000000,1.32%,3.18%,4728,4.8,002506.SZ,,协鑫集成,
MARKET.SZ,002507,11.81,11.87,11.9,11.8,11.84,15:33:10.920,-11.81,6243100,129300,73850688.0,3615400,2627800,0,41.41,"{'bid': [{'price': 11.81, 'vol': 317}], 'ask': [{'price': 11.82, 'vol': 233}]}",0001000110010110,-0.07%,0.02%,1527016.0,0.17%,0,0,000000000000000000000000000000000000000000000000,1.37%,-31.64%,2011,0.54,002507.SZ,,涪陵榨菜,
MARKET.SZ,002510,7.28,7.38,7.43,7.16,7.43,15:33:13.638,-7.28,44798300,715300,326091104.0,27299300,17499000,0,234.91,"{'bid': [{'price': 7.28, 'vol': 2636}], 'ask': [{'price': 7.29, 'vol': 2505}]}",0000101111010110,0.00%,0.19%,5207392.0,-0.26%,0,0,000000000000000000000000000000000000000000000000,1.75%,-23.48%,3648,4.46,002510.SZ,,天汽模,
MARKET.SZ,002511,7.45,7.44,7.49,7.32,7.39,15:33:13.536,-7.45,12455400,202600,92151040.0,5419200,7036200,0,12.57,"{'bid': [{'price': 7.44, 'vol': 982}], 'ask': [{'price': 7.45, 'vol': 273}]}",0000011011010110,0.13%,0.05%,1509408.0,-0.12%,0,0,000000000000000000000000000000000000000000000000,1.24%,26.71%,2698,0.98,002511.SZ,,中顺洁柔,
MARKET.SZ,002513,6.42,6.19,6.48,6.08,6.16,15:33:14.154,-6.42,8317100,74100,52472440.0,3817100,4500000,0,25.13,"{'bid': [{'price': 6.41, 'vol': 46}], 'ask': [{'price': 6.42, 'vol': 876}]}",0000000000010110,0.16%,0.09%,475736.0,0.00%,0,0,000000000000000000000000000000000000000000000000,1.22%,-46.95%,2271,2.88,002513.SZ,,蓝丰生化,
MARKET.SZ,002515,6.93,6.87,7.15,6.85,6.85,15:33:13.848,-6.93,68075300,807500,475100960.0,32866600,35208800,0,510.17,"{'bid': [{'price': 6.93, 'vol': 1785}], 'ask': [{'price': 6.94, 'vol': 712}]}",0001000001010110,0.14%,0.20%,5595936.0,0.15%,0,0,000000000000000000000000000000000000000000000000,1.38%,36.25%,3516,6.18,002515.SZ,,金字火腿,
MARKET.SZ,002516,6.05,6.01,6.09,5.96,5.98,15:33:14.376,-6.05,13382000,195700,80706056.0,6254900,7127100,0,28.25,"{'bid': [{'price': 6.05, 'vol': 717}], 'ask': [{'price': 6.06, 'vol': 385}]}",0000000000010110,-0.15%,0.06%,1183976.0,0.00%,0,0,000000000000000000000000000000000000000000000000,1.44%,-44.40%,2251,0.92,002516.SZ,,旷达科技,
MARKET.SZ,002519,7.41,7.43,7.5,7.25,7.41,15:33:13.560,-7.41,38109300,648500,280402304.0,20156300,17953000,0,61.52,"{'bid': [{'price': 7.4, 'vol': 4052}], 'ask': [{'price': 7.41, 'vol': 2876}]}",0000001010010110,0.00%,0.15%,4805440.0,0.13%,0,0,000000000000000000000000000000000000000000000000,1.44%,-17.79%,3742,3.41,002519.SZ,,银河电子,
MARKET.SZ,002520,6.53,6.47,6.6,6.3,6.44,15:33:14.088,-6.53,33594000,227000,217345984.0,14887900,18706100,0,106.69,"{'bid': [{'price': 6.53, 'vol': 1148}], 'ask': [{'price': 6.54, 'vol': 2027}]}",0000000000010110,-0.14%,0.13%,1482400.0,-0.30%,0,0,000000000000000000000000000000000000000000000000,1.01%,-35.52%,3238,4.68,002520.SZ,,日发精机,
MARKET.SZ,002521,7.95,8.03,8.05,7.8,7.95,15:33:13.236,-7.95,7181000,74100,56806300.0,4132600,3048500,0,25.54,"{'bid': [{'price': 7.95, 'vol': 482}], 'ask': [{'price': 8.03, 'vol': 1016}]}",0001011000010110,-0.49%,0.09%,589084.0,0.00%,0,0,000000000000000000000000000000000000000000000000,2.09%,15.53%,1619,1.71,002521.SZ,,齐峰新材,
MARKET.SZ,002522,6.81,6.56,6.85,6.49,6.54,15:33:13.920,-6.81,50394900,895700,339371616.0,22706300,27688600,0,307.78,"{'bid': [{'price': 6.81, 'vol': 445}], 'ask': [{'price': 6.82, 'vol': 2455}]}",0000001011010110,0.00%,0.27%,6099840.0,0.92%,0,0,000000000000000000000000000000000000000000000000,1.74%,-37.29%,3850,5.57,002522.SZ,,浙江众成,
MARKET.SZ,002523,3.66,3.59,3.67,3.54,3.56,15:33:15.810,-3.66,16509700,158300,59651116.0,6929200,9580600,0,13.32,"{'bid': [{'price': 3.65, 'vol': 151}], 'ask': [{'price': 3.66, 'vol': 5388}]}",0000111000010110,0.27%,0.03%,579372.0,0.28%,0,0,000000000000000000000000000000000000000000000000,0.74%,-48.21%,1994,1.17,002523.SZ,,天桥起重,
MARKET.SZ,002524,4.12,4.06,4.14,3.99,4.05,15:33:15.534,-4.12,13894300,253500,56571044.0,6338600,7555700,0,57.77,"{'bid': [{'price': 4.11, 'vol': 20}], 'ask': [{'price': 4.12, 'vol': 134}]}",0000000010010110,0.24%,0.09%,1044420.0,0.25%,0,0,000000000000000000000000000000000000000000000000,1.23%,-52.93%,1964,2.72,002524.SZ,,光正眼科,
MARKET.SZ,002526,3.09,3.09,3.12,3.04,3.09,15:33:16.152,-3.09,18974200,174200,58381572.0,8818600,10155600,0,30.1,"{'bid': [{'price': 3.08, 'vol': 6740}], 'ask': [{'price': 3.09, 'vol': 943}]}",0000010111010110,0.32%,0.06%,538292.0,0.00%,0,0,000000000000000000000000000000000000000000000000,2.06%,11.90%,1834,1.07,002526.SZ,,山东矿机,
MARKET.SZ,002527,14.0,14.04,14.12,13.63,14.04,15:33:09.606,-14.0,16698800,257800,232326256.0,8832600,7866200,0,190.1,"{'bid': [{'price': 14.0, 'vol': 180}], 'ask': [{'price': 14.01, 'vol': 167}]}",0000011101010110,0.29%,0.22%,3609984.0,0.00%,0,0,000000000000000000000000000000000000000000000000,2.78%,34.76%,3294,3.16,002527.SZ,,新时达,
MARKET.SZ,002530,8.45,8.37,8.5,8.26,8.33,15:33:12.936,-8.45,13182900,142800,110496936.0,6372700,6810200,0,27.04,"{'bid': [{'price': 8.44, 'vol': 398}], 'ask': [{'price': 8.46, 'vol': 707}]}",0000000000010110,0.00%,0.07%,1206640.0,0.36%,0,0,000000000000000000000000000000000000000000000000,1.49%,-41.21%,2505,1.9,002530.SZ,,金财互联,
MARKET.SZ,002531,11.63,11.31,11.79,11.11,11.23,15:33:11.028,-11.63,48660600,361700,561938752.0,21168500,27492200,0,80.41,"{'bid': [{'price': 11.63, 'vol': 549}], 'ask': [{'price': 11.64, 'vol': 562}]}",0001000110010110,-0.08%,0.10%,4206528.0,-0.61%,0,0,000000000000000000000000000000000000000000000000,0.88%,-16.10%,4100,2.72,002531.SZ,,天顺风能,
MARKET.SZ,002533,13.28,13.22,13.35,13.03,13.2,15:33:10.038,-13.28,11413800,67000,150328656.0,6045600,5368200,0,34.37,"{'bid': [{'price': 13.28, 'vol': 532}], 'ask': [{'price': 13.29, 'vol': 305}]}",0000100111010110,0.00%,0.03%,889728.0,0.08%,0,0,000000000000000000000000000000000000000000000000,0.69%,44.21%,2548,1.79,002533.SZ,,金杯电工,
MARKET.SZ,002535,3.14,3.1,3.17,3.01,3.05,15:33:16.122,-3.14,15049900,81200,46454832.0,6595200,8454700,0,23.68,"{'bid': [{'price': 3.13, 'vol': 10}], 'ask': [{'price': 3.14, 'vol': 3716}]}",0000010100010110,0.32%,0.05%,254968.0,1.31%,0,0,000000000000000000000000000000000000000000000000,0.74%,-68.80%,1862,2.02,002535.SZ,,林州重机,
MARKET.SZ,002537,6.78,6.8,6.88,6.71,6.79,15:33:13.938,-6.78,17489100,238500,118586240.0,8586100,8903000,0,43.52,"{'bid': [{'price': 6.77, 'vol': 1994}], 'ask': [{'price': 6.78, 'vol': 179}]}",0000001010010110,-0.14%,0.07%,1617056.0,0.00%,0,0,000000000000000000000000000000000000000000000000,1.72%,0.71%,2433,1.5,002537.SZ,,海联金汇,
MARKET.SZ,002539,12.9,13.08,13.18,12.76,12.87,15:33:10.266,-12.9,15357700,146000,198972784.0,7988400,7369300,0,14.39,"{'bid': [{'price': 12.9, 'vol': 518}], 'ask': [{'price': 12.91, 'vol': 8}]}",0000000011010110,-0.07%,0.06%,1883424.0,1.00%,0,0,000000000000000000000000000000000000000000000000,1.47%,61.12%,2793,1.73,002539.SZ,,云图控股,
MARKET.SZ,002540,5.6,5.58,5.67,5.53,5.55,15:33:14.646,-5.6,9756400,19000,54684188.0,4453800,5302600,0,4.52,"{'bid': [{'price': 5.59, 'vol': 1295}], 'ask': [{'price': 5.6, 'vol': 1658}]}",0000010100010110,0.36%,0.08%,106388.0,0.54%,0,0,000000000000000000000000000000000000000000000000,2.28%,13.81%,1846,1.14,002540.SZ,,亚太科技,
MARKET.SZ,002543,7.86,7.93,7.93,7.79,7.82,15:33:13.290,-7.86,3116700,73200,24495256.0,1415400,1701300,0,32.35,"{'bid': [{'price': 7.86, 'vol': 347}], 'ask': [{'price': 7.87, 'vol': 35}]}",0000011100010110,-0.24%,0.05%,575348.0,0.00%,0,0,000000000000000000000000000000000000000000000000,1.89%,48.26%,1328,0.47,002543.SZ,,万和电气,
MARKET.SZ,002546,7.91,7.86,7.96,7.77,7.8,15:33:13.860,-7.91,13271700,160100,104562768.0,6443100,6828700,0,108.23,"{'bid': [{'price': 7.91, 'vol': 917}], 'ask': [{'price': 7.92, 'vol': 2223}]}",0001010000010110,-0.12%,0.07%,1266400.0,0.51%,0,0,000000000000000000000000000000000000000000000000,1.23%,-43.57%,2305,1.66,002546.SZ,,新联电子,
MARKET.SZ,002548,4.37,4.39,4.49,4.34,4.34,15:33:15.384,-4.37,19631400,150000,86253984.0,10229200,9402300,0,51.63,"{'bid': [{'price': 4.37, 'vol': 998}], 'ask': [{'price': 4.38, 'vol': 1461}]}",0000110010010110,0.23%,0.07%,655496.0,0.46%,0,0,000000000000000000000000000000000000000000000000,0.88%,5.90%,2006,2.44,002548.SZ,,金新农,
MARKET.SZ,002550,6.59,6.54,6.63,6.45,6.47,15:33:14.052,-6.59,12267400,157100,80199216.0,5651900,6615500,0,91.3,"{'bid': [{'price': 6.59, 'vol': 179}], 'ask': [{'price': 6.6, 'vol': 1456}]}",0000000001010110,0.00%,0.04%,1035320.0,-0.14%,0,0,000000000000000000000000000000000000000000000000,1.20%,-19.54%,2111,1.3,002550.SZ,,千红制药,
MARKET.SZ,002551,3.31,3.3,3.34,3.23,3.27,15:33:16.020,-3.31,12730300,84200,41686456.0,5202300,7528100,0,27.36,"{'bid': [{'price': 3.3, 'vol': 782}], 'ask': [{'price': 3.31, 'vol': 658}]}",0001100010010110,0.00%,0.06%,278696.0,0.92%,0,0,000000000000000000000000000000000000000000000000,1.08%,-49.43%,2028,2.08,002551.SZ,,尚荣医疗,
MARKET.SZ,002554,3.25,3.25,3.27,3.2,3.22,15:33:16.056,-3.25,20258300,53900,65672056.0,8350400,11907900,0,25.09,"{'bid': [{'price': 3.25, 'vol': 733}], 'ask': [{'price': 3.26, 'vol': 1888}]}",0000000010010110,-0.30%,0.03%,175160.0,0.00%,0,0,000000000000000000000000000000000000000000000000,0.66%,-3.09%,1616,1.52,002554.SZ,,惠博普,
MARKET.SZ,002556,5.43,5.42,5.44,5.33,5.4,15:33:14.748,-5.43,9743200,123200,52370500.0,5259200,4484000,0,15.39,"{'bid': [{'price': 5.42, 'vol': 619}], 'ask': [{'price': 5.43, 'vol': 1103}]}",0000000101010110,0.37%,0.05%,668976.0,0.00%,0,0,000000000000000000000000000000000000000000000000,1.46%,-7.36%,1708,1.03,002556.SZ,,辉隆股份,
MARKET.SZ,002559,11.0,10.89,11.09,10.67,10.72,15:33:11.406,-11.0,26026700,339300,284336288.0,12789500,13237200,0,389.86,"{'bid': [{'price': 10.99, 'vol': 995}], 'ask': [{'price': 11.0, 'vol': 297}]}",0000000011010110,0.00%,0.16%,3732352.0,1.49%,0,0,000000000000000000000000000000000000000000000000,1.38%,17.02%,3608,5.16,002559.SZ,,亚威股份,
MARKET.SZ,002560,9.49,9.37,9.58,9.24,9.18,15:33:12.312,-9.49,58393900,1172300,551245632.0,24353900,34040000,0,404.78,"{'bid': [{'price': 9.49, 'vol': 2740}], 'ask': [{'price': 9.5, 'vol': 2532}]}",0000011000010110,0.00%,0.41%,11125440.0,1.63%,0,0,000000000000000000000000000000000000000000000000,1.97%,-9.34%,4261,9.22,002560.SZ,,通达股份,
MARKET.SZ,002561,7.37,7.37,7.42,7.3,7.33,15:33:13.584,-7.37,3266700,9100,24013522.0,1828400,1438300,0,6.93,"{'bid': [{'price': 7.37, 'vol': 90}], 'ask': [{'price': 7.38, 'vol': 93}]}",0000001111010110,0.14%,0.02%,67070.0,0.55%,0,0,000000000000000000000000000000000000000000000000,0.96%,21.27%,959,0.79,002561.SZ,,徐家汇,
MARKET.SZ,002562,5.53,5.43,5.56,5.35,5.42,15:33:14.688,-5.53,20499300,157300,112300392.0,8295200,12204100,0,36.33,"{'bid': [{'price': 5.53, 'vol': 101}], 'ask': [{'price': 5.54, 'vol': 2302}]}",0000100110010110,-0.17%,0.06%,869864.0,0.00%,0,0,000000000000000000000000000000000000000000000000,0.95%,-32.10%,2484,2.52,002562.SZ,,兄弟科技,
MARKET.SZ,002563,5.67,5.77,5.77,5.62,5.71,15:33:14.604,-5.67,13160800,133300,74609888.0,6014200,7146700,0,41.2,"{'bid': [{'price': 5.67, 'vol': 77}], 'ask': [{'price': 5.68, 'vol': 633}]}",0001001100010110,0.18%,0.05%,755800.0,1.23%,0,0,000000000000000000000000000000000000000000000000,1.38%,-9.19%,2871,0.6,002563.SZ,,森马服饰,
MARKET.SZ,002564,5.78,5.69,5.8,5.6,5.64,15:33:14.538,-5.78,13798000,130600,79177904.0,7071800,6726200,0,16.73,"{'bid': [{'price': 5.77, 'vol': 223}], 'ask': [{'price': 5.78, 'vol': 208}]}",0000000000010110,0.00%,0.06%,754840.0,0.18%,0,0,000000000000000000000000000000000000000000000000,1.34%,-74.54%,1770,1.61,002564.SZ,,天沃科技,
MARKET.SZ,002566,7.82,7.66,7.92,7.55,7.63,15:33:13.314,-7.82,5758600,42400,44442452.0,2838200,2920400,0,14.71,"{'bid': [{'price': 7.81, 'vol': 522}], 'ask': [{'price': 7.82, 'vol': 560}]}",0000000010010110,0.26%,0.06%,331592.0,0.39%,0,0,000000000000000000000000000000000000000000000000,0.95%,-10.32%,2130,2.48,002566.SZ,,益盛药业,
MARKET.SZ,002567,3.91,3.95,3.96,3.9,3.93,15:33:15.660,-3.91,15232900,107700,59673024.0,9616000,5616900,0,36.26,"{'bid': [{'price': 3.9, 'vol': 12347}], 'ask': [{'price': 3.91, 'vol': 5197}]}",0000000000010110,0.00%,0.04%,421120.0,0.00%,0,0,000000000000000000000000000000000000000000000000,1.68%,3.57%,1602,1.06,002567.SZ,,唐人神,
MARKET.SZ,002570,4.82,4.83,4.87,4.79,4.79,15:33:15.114,-4.82,18406300,75000,88976520.0,9012100,9394200,0,35.21,"{'bid': [{'price': 4.81, 'vol': 3466}], 'ask': [{'price': 4.82, 'vol': 868}]}",0000000000010110,0.21%,0.04%,361496.0,0.00%,0,0,000000000000000000000000000000000000000000000000,1.07%,5.96%,1793,1.75,002570.SZ,,贝因美,
MARKET.SZ,002571,11.85,11.8,11.95,11.66,11.71,15:33:10.896,-11.85,7104800,56800,83836816.0,3065400,4039400,0,3.89,"{'bid': [{'price': 11.84, 'vol': 18}], 'ask': [{'price': 11.85, 'vol': 335}]}",0000000000010110,0.17%,0.06%,673088.0,0.00%,0,0,000000000000000000000000000000000000000000000000,0.85%,21.13%,2239,2.38,002571.SZ,,德力股份,
MARKET.SZ,002572,10.12,10.4,10.42,10.08,10.36,15:33:11.934,-10.12,8633000,154900,87813160.0,5110300,3522800,0,29.54,"{'bid': [{'price': 10.11, 'vol': 43}], 'ask': [{'price': 10.12, 'vol': 19}]}",0001010100010110,0.00%,0.06%,1567576.0,0.48%,0,0,000000000000000000000000000000000000000000000000,1.67%,63.53%,2861,1.33,002572.SZ,,索菲亚,
MARKET.SZ,002573,3.41,3.39,3.43,3.36,3.36,15:33:15.960,-3.41,7543700,40700,25569898.0,3779200,3764500,0,43.26,"{'bid': [{'price': 3.4, 'vol': 3307}], 'ask': [{'price': 3.41, 'vol': 228}]}",0000000000010110,0.29%,0.02%,138794.0,0.59%,0,0,000000000000000000000000000000000000000000000000,0.92%,15.81%,1161,0.53,002573.SZ,,清新环境,
MARKET.SZ,002574,5.33,5.32,5.39,5.21,5.26,15:33:14.808,-5.33,6080500,72700,32245956.0,2984400,3096200,0,13.3,"{'bid': [{'price': 5.33, 'vol': 27}], 'ask': [{'price': 5.34, 'vol': 838}]}",0001100010010110,0.19%,0.06%,387482.0,0.00%,0,0,000000000000000000000000000000000000000000000000,1.21%,-42.87%,1919,1.15,002574.SZ,,明牌珠宝,
MARKET.SZ,002575,6.35,6.23,6.4,6.09,6.18,15:33:14.196,-6.35,41730800,714800,260583168.0,20473400,21257500,0,95.44,"{'bid': [{'price': 6.34, 'vol': 1127}], 'ask': [{'price': 6.35, 'vol': 2299}]}",0001011011010110,-0.15%,0.28%,4539024.0,0.32%,0,0,000000000000000000000000000000000000000000000000,1.73%,-42.79%,3572,7.14,002575.SZ,,群兴玩具,
MARKET.SZ,002578,4.03,3.93,4.05,3.83,3.88,15:33:15.588,-4.03,27551900,226300,109390984.0,12562500,14989500,0,32.03,"{'bid': [{'price': 4.03, 'vol': 132}], 'ask': [{'price': 4.04, 'vol': 1789}]}",0000111111010110,0.00%,0.13%,911976.0,1.03%,0,0,000000000000000000000000000000000000000000000000,1.14%,-61.29%,3285,3.2,002578.SZ,,闽发铝业,
MARKET.SZ,002579,13.46,12.91,13.52,12.91,12.77,15:33:09.930,-13.46,58679900,1024900,779989184.0,25191900,33488100,0,412.6,"{'bid': [{'price': 13.45, 'vol': 1542}], 'ask': [{'price': 13.46, 'vol': 55}]}",0001001101010110,0.15%,0.54%,13795264.0,0.86%,0,0,000000000000000000000000000000000000000000000000,1.86%,-57.64%,4524,10.06,002579.SZ,,中京电子,
MARKET.SZ,002582,10.93,10.95,11.01,10.8,10.91,15:33:11.448,-10.93,12765400,159900,139246816.0,6155400,6610100,0,119.68,"{'bid': [{'price': 10.92, 'vol': 870}], 'ask': [{'price': 10.93, 'vol': 175}]}",0001011111010110,0.09%,0.14%,1747792.0,0.09%,0,0,000000000000000000000000000000000000000000000000,1.64%,41.43%,3007,3.71,002582.SZ,,好想你,
MARKET.SZ,002583,8.95,9.01,9.06,8.82,8.89,15:33:12.636,-8.95,17515500,159500,156195104.0,8685400,8830100,0,43.88,"{'bid': [{'price': 8.95, 'vol': 927}], 'ask': [{'price': 8.96, 'vol': 718}]}",0000100011010110,0.00%,0.05%,1427488.0,0.00%,0,0,000000000000000000000000000000000000000000000000,1.41%,-41.12%,3387,1.37,002583.SZ,,海能达,
MARKET.SZ,002584,8.3,8.01,8.32,7.8,8.09,15:33:13.026,-8.3,34280100,337800,277877888.0,16569100,17711000,0,203.93,"{'bid': [{'price': 8.29, 'vol': 697}], 'ask': [{'price': 8.3, 'vol': 4311}]}",0000101101010110,0.24%,0.24%,2803712.0,0.00%,0,0,000000000000000000000000000000000000000000000000,1.48%,-44.16%,3340,7.32,002584.SZ,,西陇科学,
MARKET.SZ,002585,8.98,8.18,8.98,7.88,8.16,15:33:12.618,-8.98,89871700,80300,771388928.0,41365900,48505900,0,607.28,"{'bid': [{'price': 8.98, 'vol': 106061}], 'ask': [{'price': 0.0, 'vol': 0}]}",0001000011010110,0.00%,0.02%,720960.0,1.24%,0,0,000000000000000000000000000000000000000000000000,0.08%,0.00%,3576,10.13,002585.SZ,,双星新材,
MARKET.SZ,002587,7.0,6.8,7.06,6.68,6.77,15:33:13.806,-7.0,20874800,241500,143393232.0,10033700,10841100,0,112.68,"{'bid': [{'price': 7.0, 'vol': 7}], 'ask': [{'price': 7.01, 'vol': 267}]}",0000000101010110,0.00%,0.14%,1690496.0,0.44%,0,0,000000000000000000000000000000000000000000000000,1.61%,-68.53%,3244,3.92,002587.SZ,,奥拓电子,
MARKET.SZ,002588,9.47,9.49,9.55,9.4,9.43,15:33:12.324,-9.47,8880800,143100,84194704.0,4224700,4656200,0,26.29,"{'bid': [{'price': 9.47, 'vol': 1056}], 'ask': [{'price': 9.48, 'vol': 2}]}",0000110101010110,0.00%,0.06%,1355136.0,0.32%,0,0,000000000000000000000000000000000000000000000000,1.69%,49.37%,2337,1.03,002588.SZ,,史丹利,
MARKET.SZ,002589,2.93,2.93,2.95,2.9,2.92,15:33:16.848,-2.93,23498300,220600,68714280.0,12175100,11323200,0,79.32,"{'bid': [{'price': 2.92, 'vol': 8420}], 'ask': [{'price': 2.93, 'vol': 133}]}",0000101111010110,0.00%,0.07%,646376.0,0.34%,0,0,000000000000000000000000000000000000000000000000,1.63%,15.82%,1766,1.72,002589.SZ,,瑞康医药,
MARKET.SZ,002590,13.0,13.13,13.25,12.86,13.03,15:33:10.806,-13.0,11271800,136400,146719136.0,6233700,5038100,0,72.35,"{'bid': [{'price': 12.99, 'vol': 64}], 'ask': [{'price': 13.0, 'vol': 277}]}",0000010010010110,0.08%,0.15%,1773184.0,0.00%,0,0,000000000000000000000000000000000000000000000000,1.72%,-17.66%,2802,2.28,002590.SZ,,万安科技,
MARKET.SZ,002591,8.64,8.57,8.75,8.31,8.47,15:33:12.822,-8.64,17949600,376500,154323632.0,8524400,9425300,0,88.61,"{'bid': [{'price': 8.63, 'vol': 64}], 'ask': [{'price': 8.64, 'vol': 6}]}",0001010010010110,-0.11%,0.36%,3252976.0,0.59%,0,0,000000000000000000000000000000000000000000000000,1.89%,-34.86%,2939,8.03,002591.SZ,,恒大高新,
MARKET.SZ,002593,5.0,4.99,5.03,4.91,4.94,15:33:15.006,-5.0,10957700,69300,54520304.0,4737000,6220700,0,30.94,"{'bid': [{'price': 5.0, 'vol': 249}], 'ask': [{'price': 5.01, 'vol': 1237}]}",0000000000010110,-0.19%,0.06%,346508.0,0.00%,0,0,000000000000000000000000000000000000000000000000,1.02%,-23.45%,2311,1.95,002593.SZ,,日上集团,
MARKET.SZ,002596,3.84,3.77,3.86,3.75,3.76,15:33:15.702,-3.84,19964900,133800,76116152.0,8910300,11054700,0,30.46,"{'bid': [{'price': 3.83, 'vol': 203}], 'ask': [{'price': 3.84, 'vol': 19}]}",0001011100010110,0.00%,0.04%,513816.0,-0.25%,0,0,000000000000000000000000000000000000000000000000,0.80%,-48.57%,3033,1.74,002596.SZ,,海南瑞泽,
MARKET.SZ,002599,6.8,6.77,6.85,6.64,6.84,15:33:13.926,-6.8,11728700,108400,78745144.0,6439600,5289100,0,37.64,"{'bid': [{'price': 6.8, 'vol': 914}], 'ask': [{'price': 6.81, 'vol': 378}]}",0000000000010110,0.30%,0.12%,737112.0,-0.14%,0,0,000000000000000000000000000000000000000000000000,1.71%,2.97%,2112,2.95,002599.SZ,,盛通股份,
MARKET.SZ,002602,14.41,14.5,14.57,14.21,14.4,15:33:09.360,-14.41,85322600,1092200,1226967808.0,36699200,48623500,0,584.93,"{'bid': [{'price': 14.4, 'vol': 846}], 'ask': [{'price': 14.41, 'vol': 886}]}",0001100001010110,0.07%,0.04%,15738496.0,0.00%,0,0,000000000000000000000000000000000000000000000000,1.29%,-26.20%,4580,1.26,002602.SZ,,世纪华通,
MARKET.SZ,002607,2.42,2.43,2.44,2.39,2.42,15:33:16.554,-2.42,106706600,1902900,257195856.0,55761800,50944900,0,127.38,"{'bid': [{'price': 2.42, 'vol': 347}], 'ask': [{'price': 2.43, 'vol': 28260}]}",0001011101010110,0.00%,0.06%,4605024.0,0.00%,0,0,000000000000000000000000000000000000000000000000,1.44%,18.37%,4191,1.92,002607.SZ,,中公教育,
MARKET.SZ,002608,8.02,8.1,8.17,7.89,8.14,15:33:13.194,-8.02,42804800,588500,343084864.0,20596500,22208300,0,558.33,"{'bid': [{'price': 8.02, 'vol': 1954}], 'ask': [{'price': 8.03, 'vol': 561}]}",0000011011010110,0.00%,0.15%,4719904.0,0.00%,0,0,000000000000000000000000000000000000000000000000,1.10%,38.58%,3460,1.13,002608.SZ,,江苏国信,
MARKET.SZ,002609,8.39,8.31,8.49,8.14,8.26,15:33:12.972,-8.39,9440600,60900,78526136.0,4283500,5157100,0,39.56,"{'bid': [{'price': 8.39, 'vol': 172}], 'ask': [{'price': 8.4, 'vol': 80}]}",0000000000010110,0.00%,0.06%,510928.0,0.00%,0,0,000000000000000000000000000000000000000000000000,0.96%,43.27%,2411,2.06,002609.SZ,,捷顺科技,
MARKET.SZ,002613,4.17,4.06,4.18,4.01,4.05,15:33:15.504,-4.17,55906000,866700,230005264.0,27870100,28035900,0,203.28,"{'bid': [{'price': 4.17, 'vol': 3947}], 'ask': [{'price': 4.18, 'vol': 10385}]}",0000000110010110,0.00%,0.29%,3614160.0,0.25%,0,0,000000000000000000000000000000000000000000000000,1.50%,-21.28%,3235,7.23,002613.SZ,,北玻股份,
MARKET.SZ,002614,5.36,5.33,5.39,5.27,5.31,15:33:14.790,-5.36,7518500,32500,40074640.0,3713200,3805300,0,42.69,"{'bid': [{'price': 5.36, 'vol': 2752}], 'ask': [{'price': 5.37, 'vol': 30}]}",0000000000010110,0.00%,0.04%,174192.0,0.00%,0,0,000000000000000000000000000000000000000000000000,1.01%,12.38%,1457,1.7,002614.SZ,,奥佳华,
MARKET.SZ,002615,8.37,8.17,8.61,8.15,8.08,15:33:12.984,-8.37,12271400,152700,103308560.0,5112000,7159500,0,11.44,"{'bid': [{'price': 8.36, 'vol': 53}], 'ask': [{'price': 8.37, 'vol': 57}]}",0001000110010110,0.12%,0.10%,1278160.0,0.86%,0,0,000000000000000000000000000000000000000000000000,0.97%,14.64%,2427,4.06,002615.SZ,,哈尔斯,
MARKET.SZ,002616,5.57,5.57,5.6,5.47,5.51,15:33:14.664,-5.57,10934900,87700,60605380.0,5465500,5469400,0,23.73,"{'bid': [{'price': 5.57, 'vol': 1827}], 'ask': [{'price': 5.58, 'vol': 3648}]}",0000101110010110,0.00%,0.11%,488516.0,1.09%,0,0,000000000000000000000000000000000000000000000000,1.82%,-8.39%,1601,1.86,002616.SZ,,长青集团,
MARKET.SZ,002617,9.15,9.19,9.43,9.02,8.89,15:33:12.516,-9.15,186808100,2542500,1712541440.0,83522300,103285800,0,1762.09,"{'bid': [{'price': 9.14, 'vol': 2354}], 'ask': [{'price': 9.15, 'vol': 68}]}",0000100001010110,0.00%,0.38%,23263872.0,0.99%,0,0,000000000000000000000000000000000000000000000000,1.70%,-37.69%,4677,9.95,002617.SZ,,露笑科技,
MARKET.SZ,002622,2.66,2.64,2.7,2.56,2.59,15:33:16.410,-2.66,20539700,305500,54214828.0,9301400,11238300,0,73.08,"{'bid': [{'price': 2.66, 'vol': 260}], 'ask': [{'price': 2.67, 'vol': 1444}]}",0000000000010110,-0.36%,0.08%,812640.0,0.00%,0,0,000000000000000000000000000000000000000000000000,1.17%,-36.08%,2115,2.45,002622.SZ,,皓宸医疗,
MARKET.SZ,002624,14.52,14.41,14.62,14.13,14.28,15:33:09.294,-14.52,52421000,874400,754389632.0,25281800,27139300,0,278.83,"{'bid': [{'price': 14.51, 'vol': 3}], 'ask': [{'price': 14.52, 'vol': 850}]}",0001011011010110,1.04%,0.10%,12696192.0,0.49%,0,0,000000000000000000000000000000000000000000000000,1.26%,-60.06%,4340,2.87,002624.SZ,,完美世界,
MARKET.SZ,002627,6.66,6.75,6.76,6.6,6.69,15:33:14.010,-6.66,10590300,64900,70646176.0,5482300,5108100,0,18.02,"{'bid': [{'price': 6.66, 'vol': 711}], 'ask': [{'price': 6.67, 'vol': 842}]}",0001011010010110,0.15%,0.07%,432216.0,-0.14%,0,0,000000000000000000000000000000000000000000000000,1.55%,-20.97%,2014,1.48,002627.SZ,,三峡旅游,
MARKET.SZ,002628,5.64,5.38,5.67,5.35,5.36,15:33:14.622,-5.64,32800100,287700,182141792.0,14052200,18748000,0,17.0,"{'bid': [{'price': 5.64, 'vol': 363}], 'ask': [{'price': 5.65, 'vol': 5529}]}",0001001101010110,0.00%,0.11%,1622656.0,0.19%,0,0,000000000000000000000000000000000000000000000000,1.01%,-24.42%,2865,4.35,002628.SZ,,成都路桥,
MARKET.SZ,002629,6.2,6.45,6.54,6.2,6.89,15:33:14.286,-6.2,49152600,297400,306052192.0,25172400,23980200,0,1606.45,"{'bid': [{'price': 0.0, 'vol': 0}], 'ask': [{'price': 6.2, 'vol': 12063}]}",0000000000010110,0.00%,0.13%,1843616.0,4.03%,0,0,000000000000000000000000000000000000000000000000,0.44%,0.00%,3304,13.57,002629.SZ,,仁智股份,
MARKET.SZ,002631,7.62,7.61,7.78,7.54,7.6,15:33:13.434,-7.62,16827400,49100,128506160.0,7153300,9674200,0,38.51,"{'bid': [{'price': 7.61, 'vol': 407}], 'ask': [{'price': 7.62, 'vol': 456}]}",0001000001010110,0.00%,0.06%,374112.0,0.13%,0,0,000000000000000000000000000000000000000000000000,0.67%,1.93%,2675,2.12,002631.SZ,,德尔未来,
MARKET.SZ,002632,10.59,10.35,10.66,10.29,10.31,15:33:11.652,-10.59,9461700,246600,99295656.0,4523900,4937800,0,25.25,"{'bid': [{'price': 10.58, 'vol': 196}], 'ask': [{'price': 10.59, 'vol': 563}]}",0000100011010110,0.19%,0.14%,2611536.0,0.00%,0,0,000000000000000000000000000000000000000000000000,1.92%,-49.43%,2619,1.65,002632.SZ,,道明光学,
MARKET.SZ,002637,10.7,10.21,11.11,10.01,11.12,15:33:11.586,-10.7,44155900,178400,453414080.0,22906300,21249700,0,1552.1,"{'bid': [{'price': 10.69, 'vol': 993}], 'ask': [{'price': 10.7, 'vol': 1324}]}",0001001010010110,0.28%,0.16%,1908928.0,2.00%,0,0,000000000000000000000000000000000000000000000000,0.46%,-2.43%,3935,10.14,002637.SZ,,赞宇科技,
MARKET.SZ,002638,4.34,4.24,4.41,4.13,4.25,15:33:15.402,-4.34,38174900,306700,164687936.0,18284000,19890900,0,23.15,"{'bid': [{'price': 4.33, 'vol': 434}], 'ask': [{'price': 4.34, 'vol': 2412}]}",0000000000010110,0.46%,0.07%,1331168.0,0.00%,0,0,000000000000000000000000000000000000000000000000,0.86%,-49.50%,2265,2.82,002638.SZ,,勤上股份,
MARKET.SZ,002640,3.86,3.85,3.88,3.77,3.83,15:33:15.690,-3.86,75421200,698800,288354240.0,33083000,42338200,0,202.78,"{'bid': [{'price': 3.85, 'vol': 10330}], 'ask': [{'price': 3.86, 'vol': 727}]}",0000000000010110,0.00%,0.19%,2697376.0,0.00%,0,0,000000000000000000000000000000000000000000000000,1.71%,8.05%,4165,4.87,002640.SZ,,跨境通,
MARKET.SZ,002641,4.16,4.13,4.19,4.08,4.13,15:33:15.510,-4.16,10435900,22000,43087004.0,5261700,5174200,0,24.9,"{'bid': [{'price': 4.15, 'vol': 857}], 'ask': [{'price': 4.16, 'vol': 1968}]}",0000100010010110,-0.23%,0.05%,91512.0,0.24%,0,0,000000000000000000000000000000000000000000000000,0.97%,-49.71%,1651,0.92,002641.SZ,,公元股份,
MARKET.SZ,002642,8.56,8.69,8.72,8.4,8.69,15:33:12.870,-8.56,28580000,343900,243599296.0,16194500,12385500,0,128.79,"{'bid': [{'price': 8.55, 'vol': 2408}], 'ask': [{'price': 8.56, 'vol': 1283}]}",0000001110010110,0.23%,0.18%,2943760.0,0.23%,0,0,000000000000000000000000000000000000000000000000,1.64%,37.89%,3604,4.32,002642.SZ,,荣联科技,
MARKET.SZ,002644,7.63,7.57,7.7,7.52,7.54,15:33:13.428,-7.63,2846800,51600,21635186.0,1323400,1523400,0,5.75,"{'bid': [{'price': 7.62, 'vol': 72}], 'ask': [{'price': 7.63, 'vol': 555}]}",0000000000010110,0.13%,0.04%,393706.0,0.26%,0,0,000000000000000000000000000000000000000000000000,1.40%,-41.97%,1194,0.56,002644.SZ,,佛慈制药,
MARKET.SZ,002646,7.54,7.78,7.8,7.48,7.77,15:33:13.482,-7.54,9309300,85800,70458192.0,5079300,4230000,0,12.29,"{'bid': [{'price': 7.53, 'vol': 458}], 'ask': [{'price': 7.54, 'vol': 225}]}",0000011011010110,0.00%,0.05%,646936.0,0.13%,0,0,000000000000000000000000000000000000000000000000,0.76%,36.10%,1810,1.96,002646.SZ,,天佑德酒,
MARKET.SZ,002647,11.94,11.79,12.05,11.55,11.63,15:33:10.842,-11.94,23292000,167400,276877056.0,10028800,13263200,0,58.36,"{'bid': [{'price': 11.94, 'vol': 14}], 'ask': [{'price': 11.95, 'vol': 857}]}",0000000000010110,0.00%,0.05%,1998656.0,-1.16%,0,0,000000000000000000000000000000000000000000000000,0.86%,-3.99%,3221,2.29,002647.SZ,,仁东控股,
MARKET.SZ,002649,10.24,10.31,10.36,10.11,10.26,15:33:11.862,-10.24,9548500,187400,97460624.0,4696900,4851700,0,32.68,"{'bid': [{'price': 10.24, 'vol': 828}], 'ask': [{'price': 10.25, 'vol': 648}]}",0000110011010110,0.20%,0.06%,1918904.0,0.59%,0,0,000000000000000000000000000000000000000000000000,1.54%,48.04%,2417,1.78,002649.SZ,,博彦科技,
MARKET.SZ,002651,8.75,8.89,8.93,8.71,8.87,15:33:12.756,-8.75,6481300,121400,56917616.0,3366300,3115000,0,9.96,"{'bid': [{'price': 8.75, 'vol': 629}], 'ask': [{'price': 8.76, 'vol': 343}]}",0000000011010110,0.00%,0.06%,1062240.0,0.00%,0,0,000000000000000000000000000000000000000000000000,1.32%,61.22%,2239,1.15,002651.SZ,,利君股份,
MARKET.SZ,002652,6.38,6.01,6.55,6.0,5.95,15:33:14.178,-6.38,59274400,591700,376729024.0,27415800,31858700,0,102.23,"{'bid': [{'price': 6.37, 'vol': 260}], 'ask': [{'price': 6.38, 'vol': 1593}]}",0000110100010110,0.31%,0.33%,3775040.0,1.18%,0,0,000000000000000000000000000000000000000000000000,0.95%,-12.70%,3814,11.58,002652.SZ,,扬子新材,
MARKET.SZ,002658,8.9,9.11,9.2,8.71,9.09,15:33:12.666,-8.9,23935600,557700,212284368.0,13274800,10660800,0,265.83,"{'bid': [{'price': 8.89, 'vol': 417}], 'ask': [{'price': 8.9, 'vol': 432}]}",0000000001010110,0.23%,0.37%,4963472.0,0.11%,0,0,000000000000000000000000000000000000000000000000,2.01%,49.13%,3360,6.68,002658.SZ,,雪迪龙,
MARKET.SZ,002659,4.63,4.69,4.69,4.55,4.64,15:33:15.228,-4.63,14778000,70700,67903088.0,6305800,8472200,0,5.96,"{'bid': [{'price': 4.62, 'vol': 283}], 'ask': [{'price': 4.63, 'vol': 2057}]}",0000010000010110,0.43%,0.03%,327360.0,0.00%,0,0,000000000000000000000000000000000000000000000000,0.45%,-43.36%,2051,2.47,002659.SZ,,凯文教育,
MARKET.SZ,002660,8.67,8.51,8.78,8.32,8.42,15:33:12.804,-8.67,6603800,45200,56481552.0,3013300,3590500,0,19.23,"{'bid': [{'price': 8.67, 'vol': 21}], 'ask': [{'price': 8.68, 'vol': 146}]}",0000000000010110,-0.11%,0.06%,391876.0,1.07%,0,0,000000000000000000000000000000000000000000000000,0.76%,-51.12%,2256,1.93,002660.SZ,,茂硕电源,
MARKET.SZ,002661,8.18,8.22,8.26,8.04,8.16,15:33:13.098,-8.18,2504500,11000,20424644.0,1246200,1258300,0,10.44,"{'bid': [{'price': 8.18, 'vol': 181}], 'ask': [{'price': 8.2, 'vol': 280}]}",0000000000010110,-0.11%,0.02%,89986.0,0.74%,0,0,000000000000000000000000000000000000000000000000,0.54%,-56.62%,1313,0.79,002661.SZ,,克明食品,
MARKET.SZ,002662,3.73,3.69,3.77,3.64,3.66,15:33:15.768,-3.73,17808900,366900,66143844.0,8973400,8835600,0,65.39,"{'bid': [{'price': 3.73, 'vol': 6381}], 'ask': [{'price': 3.74, 'vol': 2143}]}",0000110101010110,0.00%,0.08%,1368528.0,0.54%,0,0,000000000000000000000000000000000000000000000000,1.88%,15.91%,1925,1.19,002662.SZ,,峰璟股份,
MARKET.SZ,002663,2.14,2.08,2.16,2.03,2.03,15:33:16.722,-2.14,67412400,507800,141576992.0,28097400,39315000,0,35.94,"{'bid': [{'price': 2.14, 'vol': 3414}], 'ask': [{'price': 2.15, 'vol': 13043}]}",0000101001010110,0.00%,0.17%,1086656.0,0.97%,0,0,000000000000000000000000000000000000000000000000,1.29%,-11.87%,2834,3.95,002663.SZ,,普邦股份,
MARKET.SZ,002666,4.89,4.79,4.92,4.72,4.76,15:33:15.072,-4.89,10978700,90600,53053144.0,4407000,6571700,0,11.4,"{'bid': [{'price': 4.88, 'vol': 101}], 'ask': [{'price': 4.89, 'vol': 35}]}",0000000000010110,-0.19%,0.05%,443048.0,0.63%,0,0,000000000000000000000000000000000000000000000000,0.84%,-38.46%,2291,2.19,002666.SZ,,德联集团,
MARKET.SZ,002668,9.49,9.62,9.62,9.38,9.49,15:33:12.312,-9.49,11689100,144200,110733840.0,5925300,5763800,0,47.14,"{'bid': [{'price': 9.49, 'vol': 131}], 'ask': [{'price': 9.51, 'vol': 2}]}",0000001110010110,0.32%,0.10%,1368472.0,0.10%,0,0,000000000000000000000000000000000000000000000000,2.19%,-2.63%,2591,1.08,002668.SZ,,TCL智家,
MARKET.SZ,002669,14.69,14.15,14.82,13.61,14.0,15:33:09.192,-14.69,30759700,438400,443985344.0,13900200,16859500,0,164.28,"{'bid': [{'price': 14.69, 'vol': 155}], 'ask': [{'price': 14.7, 'vol': 388}]}",0000001010010110,-0.13%,0.50%,6440192.0,0.00%,0,0,000000000000000000000000000000000000000000000000,1.69%,-49.22%,3930,10.16,002669.SZ,,康达新材,
MARKET.SZ,002670,11.88,11.99,12.06,11.8,11.94,15:33:10.878,-11.88,13901700,308100,165543008.0,6622100,7279700,0,135.13,"{'bid': [{'price': 11.88, 'vol': 1556}], 'ask': [{'price': 11.89, 'vol': 1290}]}",0001001101010110,0.00%,0.09%,3660176.0,0.08%,0,0,000000000000000000000000000000000000000000000000,1.92%,26.73%,3202,0.86,002670.SZ,,国盛证券,
MARKET.SZ,002671,4.62,4.54,4.65,4.44,4.49,15:33:15.234,-4.62,14826000,77800,67620440.0,7125400,7700700,0,31.1,"{'bid': [{'price': 4.61, 'vol': 24}], 'ask': [{'price': 4.62, 'vol': 818}]}",0001000011010110,0.22%,0.07%,359456.0,0.22%,0,0,000000000000000000000000000000000000000000000000,0.78%,-48.90%,2193,2.69,002671.SZ,,龙泉股份,
MARKET.SZ,002672,3.86,3.84,3.91,3.79,3.81,15:33:15.690,-3.86,9415800,67400,36293448.0,4059200,5356600,0,30.91,"{'bid': [{'price': 3.86, 'vol': 954}], 'ask': [{'price': 3.88, 'vol': 80}]}",0000000000010110,-0.51%,0.04%,260160.0,0.79%,0,0,000000000000000000000000000000000000000000000000,0.92%,-55.44%,1494,1.04,002672.SZ,,东江环保,
MARKET.SZ,002673,6.77,6.84,6.88,6.74,6.84,15:33:13.944,-6.77,28442200,293800,192904880.0,14724100,13718200,0,107.83,"{'bid': [{'price': 6.77, 'vol': 2342}], 'ask': [{'price': 6.78, 'vol': 289}]}",0001001001010110,-0.14%,0.02%,1989264.0,0.00%,0,0,000000000000000000000000000000000000000000000000,0.99%,42.39%,3184,0.64,002673.SZ,,西部证券,
MARKET.SZ,002674,14.52,14.79,14.83,14.49,14.67,15:33:09.294,-14.52,6554000,129000,95718736.0,3499600,3054400,0,25.88,"{'bid': [{'price': 14.52, 'vol': 189}], 'ask': [{'price': 14.53, 'vol': 540}]}",0000000000010110,0.00%,0.17%,1873088.0,0.89%,0,0,000000000000000000000000000000000000000000000000,1.82%,13.70%,2505,2.24,002674.SZ,,兴业科技,
MARKET.SZ,002675,12.69,12.71,12.79,12.61,12.72,15:33:10.392,-12.69,7580400,162300,96182240.0,3985900,3594600,0,63.8,"{'bid': [{'price': 12.69, 'vol': 490}], 'ask': [{'price': 12.7, 'vol': 36}]}",0001001101010110,-0.15%,0.04%,2059600.0,0.16%,0,0,000000000000000000000000000000000000000000000000,1.65%,7.14%,1891,1.02,002675.SZ,,东诚药业,
MARKET.SZ,002676,5.85,5.8,5.9,5.75,5.8,15:33:14.496,-5.85,12076400,68100,70576208.0,6321900,5754600,0,25.06,"{'bid': [{'price': 5.85, 'vol': 737}], 'ask': [{'price': 5.86, 'vol': 126}]}",0001100010010110,-0.16%,0.05%,398416.0,0.00%,0,0,000000000000000000000000000000000000000000000000,0.91%,-35.69%,1767,1.68,002676.SZ,,顺威股份,
MARKET.SZ,002677,7.52,7.6,7.64,7.5,7.5,15:33:13.494,-7.52,4516600,59000,34094304.0,2727400,1789200,0,11.55,"{'bid': [{'price': 7.51, 'vol': 1768}], 'ask': [{'price': 7.52, 'vol': 664}]}",0000000000010110,0.00%,0.07%,443684.0,1.06%,0,0,000000000000000000000000000000000000000000000000,1.85%,1.26%,1511,0.82,002677.SZ,,浙江美大,
MARKET.SZ,002678,6.18,6.07,6.28,6.0,6.06,15:33:14.298,-6.18,14778500,129500,90764008.0,6341400,8437200,0,72.6,"{'bid': [{'price': 6.17, 'vol': 20}], 'ask': [{'price': 6.18, 'vol': 539}]}",0001000111010110,0.65%,0.15%,800288.0,1.51%,0,0,000000000000000000000000000000000000000000000000,1.10%,-34.80%,2165,1.09,002678.SZ,,珠江钢琴,
MARKET.SZ,002679,10.22,11.0,11.44,10.01,10.41,15:33:11.874,-10.22,18766900,113900,198301120.0,10547000,8219900,0,476.19,"{'bid': [{'price': 10.21, 'vol': 442}], 'ask': [{'price': 10.22, 'vol': 51}]}",0000000010010110,-0.86%,0.31%,1164128.0,0.00%,0,0,000000000000000000000000000000000000000000000000,0.68%,44.49%,2603,7.96,002679.SZ,,福建金森,
MARKET.SZ,002681,5.84,5.51,5.96,5.43,5.43,15:33:14.502,-5.84,140335300,1891400,807967488.0,54459900,85875500,0,136.59,"{'bid': [{'price': 5.83, 'vol': 4051}], 'ask': [{'price': 5.84, 'vol': 675}]}",0001010010010110,-0.16%,0.26%,11045312.0,0.55%,0,0,000000000000000000000000000000000000000000000000,1.31%,-14.31%,4456,8.94,002681.SZ,,奋达科技,
MARKET.SZ,002682,5.58,5.48,5.63,5.38,5.41,15:33:14.658,-5.58,18647600,258200,103434288.0,7972000,10675700,0,38.91,"{'bid': [{'price': 5.58, 'vol': 141}], 'ask': [{'price': 5.59, 'vol': 761}]}",0000110010010110,0.00%,0.14%,1440752.0,-0.35%,0,0,000000000000000000000000000000000000000000000000,1.44%,-13.33%,3312,3.32,002682.SZ,,龙洲股份,
MARKET.SZ,002685,9.09,9.16,9.22,8.88,8.99,15:33:12.552,-9.09,69927700,584700,633241984.0,35494700,34433100,0,637.26,"{'bid': [{'price': 9.09, 'vol': 1041}], 'ask': [{'price': 9.1, 'vol': 1097}]}",0001000001010110,-0.10%,0.20%,5315136.0,1.78%,0,0,000000000000000000000000000000000000000000000000,1.20%,-18.18%,4380,6.94,002685.SZ,,华东重机,
MARKET.SZ,002686,7.15,6.93,7.2,6.8,6.88,15:33:13.716,-7.15,19111400,227400,134695360.0,9059700,10051700,0,51.07,"{'bid': [{'price': 7.15, 'vol': 947}], 'ask': [{'price': 7.16, 'vol': 1333}]}",0000000000010110,-0.13%,0.18%,1625920.0,0.58%,0,0,000000000000000000000000000000000000000000000000,1.34%,-24.29%,2788,3.66,002686.SZ,,亿利达,
MARKET.SZ,002687,4.74,4.64,4.76,4.5,4.56,15:33:15.162,-4.74,12023300,46800,55988940.0,5491300,6532000,0,38.79,"{'bid': [{'price': 4.73, 'vol': 11}], 'ask': [{'price': 4.74, 'vol': 144}]}",0000011010010110,0.42%,0.07%,221820.0,1.53%,0,0,000000000000000000000000000000000000000000000000,0.80%,-44.48%,2199,2.91,002687.SZ,,乔治白,
MARKET.SZ,002688,5.64,5.69,5.72,5.57,5.67,15:33:14.622,-5.64,8187400,123000,46084016.0,4463200,3724200,0,2.79,"{'bid': [{'price': 5.63, 'vol': 325}], 'ask': [{'price': 5.64, 'vol': 1156}]}",0000101001010110,0.36%,0.04%,693732.0,0.00%,0,0,000000000000000000000000000000000000000000000000,1.13%,3.50%,1583,1.1,002688.SZ,,金河生物,
MARKET.SZ,002692,5.2,5.15,5.21,5.06,5.05,15:33:14.886,-5.2,13922600,138800,71590320.0,6091000,7831600,0,48.98,"{'bid': [{'price': 5.19, 'vol': 826}], 'ask': [{'price': 5.2, 'vol': 2280}]}",0000000000010110,0.39%,0.05%,721768.0,0.39%,0,0,000000000000000000000000000000000000000000000000,0.87%,-15.28%,2106,1.94,002692.SZ,,远程股份,
MARKET.SZ,002695,12.06,11.91,12.1,11.77,11.83,15:33:11.370,-12.06,7538800,32400,90300328.0,2946400,4592400,0,12.27,"{'bid': [{'price': 12.05, 'vol': 15}], 'ask': [{'price': 12.06, 'vol': 86}]}",0000000000010110,0.25%,0.05%,390704.0,0.00%,0,0,000000000000000000000000000000000000000000000000,0.58%,-24.27%,2331,1.47,002695.SZ,,煌上煌,
MARKET.SZ,002696,6.43,6.34,6.46,6.17,6.24,15:33:14.148,-6.43,8606000,76300,54401752.0,4487700,4118300,0,51.61,"{'bid': [{'price': 6.41, 'vol': 10}], 'ask': [{'price': 6.43, 'vol': 134}]}",0000100010010110,0.16%,0.07%,490600.0,1.60%,0,0,000000000000000000000000000000000000000000000000,0.71%,-54.66%,2016,2.57,002696.SZ,,百洋股份,
MARKET.SZ,002697,4.77,4.81,4.83,4.75,4.81,15:33:15.144,-4.77,13555700,181100,64768492.0,6945200,6610600,0,29.82,"{'bid': [{'price': 4.77, 'vol': 2917}], 'ask': [{'price': 4.78, 'vol': 136}]}",0001010010010110,-0.20%,0.03%,863840.0,0.00%,0,0,000000000000000000000000000000000000000000000000,0.93%,28.47%,2040,1.18,002697.SZ,,红旗连锁,
MARKET.SZ,002698,14.23,14.05,14.35,13.79,14.1,15:33:09.468,-14.23,20470200,293400,289184544.0,10656600,9813600,0,195.44,"{'bid': [{'price': 14.22, 'vol': 494}], 'ask': [{'price': 14.23, 'vol': 193}]}",0000000011010110,0.00%,0.09%,4175136.0,1.08%,0,0,000000000000000000000000000000000000000000000000,1.27%,14.82%,3447,2.44,002698.SZ,,博实股份,
MARKET.SZ,002700,7.01,6.87,7.04,6.77,6.86,15:33:13.800,-7.01,4115000,84300,28436486.0,1780300,2334700,0,24.87,"{'bid': [{'price': 7.0, 'vol': 22}], 'ask': [{'price': 7.01, 'vol': 209}]}",0000000000010110,0.00%,0.06%,590942.0,0.00%,0,0,000000000000000000000000000000000000000000000000,1.61%,-67.55%,1431,1.01,002700.SZ,,万憬能源,
MARKET.SZ,002701,5.03,5.06,5.09,5.01,5.05,15:33:14.988,-5.03,19477100,320600,98122424.0,10731500,8745700,0,25.1,"{'bid': [{'price': 5.03, 'vol': 3372}], 'ask': [{'price': 5.04, 'vol': 347}]}",0001000000010110,0.00%,0.03%,1612680.0,0.00%,0,0,000000000000000000000000000000000000000000000000,1.16%,43.25%,2647,0.76,002701.SZ,,奥瑞金,
MARKET.SZ,002702,5.61,5.56,5.65,5.51,5.53,15:33:15.240,-5.61,11974500,117800,66860128.0,5719000,6255500,0,15.18,"{'bid': [{'price': 5.6, 'vol': 168}], 'ask': [{'price': 5.61, 'vol': 255}]}",0000010100010110,0.18%,0.10%,660864.0,0.00%,0,0,000000000000000000000000000000000000000000000000,1.44%,-38.01%,2712,2.61,002702.SZ,,海欣食品,
MARKET.SZ,002705,13.02,13.3,13.35,12.95,13.32,15:33:10.194,-13.02,13060700,146100,170754336.0,7705000,5355700,0,51.34,"{'bid': [{'price': 13.02, 'vol': 433}], 'ask': [{'price': 13.03, 'vol': 456}]}",0000011010010110,-0.07%,0.15%,1902304.0,0.08%,0,0,000000000000000000000000000000000000000000000000,1.54%,50.34%,2783,1.62,002705.SZ,,新宝股份,
MARKET.SZ,002706,12.86,12.64,13.16,12.58,12.63,15:33:10.290,-12.86,60778200,558400,784575616.0,29320200,31458100,0,293.5,"{'bid': [{'price': 12.86, 'vol': 2513}], 'ask': [{'price': 12.87, 'vol': 775}]}",0001010111010110,-0.22%,0.25%,7181056.0,0.32%,0,0,000000000000000000000000000000000000000000000000,1.72%,63.07%,4327,6.65,002706.SZ,,良信股份,
MARKET.SZ,002707,5.66,5.72,5.75,5.59,5.7,15:33:14.610,-5.66,14682800,119200,82828048.0,8281600,6401300,0,13.04,"{'bid': [{'price': 5.65, 'vol': 447}], 'ask': [{'price': 5.66, 'vol': 610}]}",0000110110010110,0.18%,0.06%,674624.0,-0.16%,0,0,000000000000000000000000000000000000000000000000,1.30%,-5.85%,2102,1.7,002707.SZ,,众信旅游,
MARKET.SZ,002712,5.33,5.32,5.41,5.21,5.3,15:33:14.808,-5.33,11676900,63900,61951544.0,6240100,5436800,0,33.41,"{'bid': [{'price': 5.33, 'vol': 11}], 'ask': [{'price': 5.34, 'vol': 306}]}",0000000000010110,0.00%,0.06%,340576.0,-0.55%,0,0,000000000000000000000000000000000000000000000000,0.77%,-20.61%,2206,2.16,002712.SZ,,思美传媒,
MARKET.SZ,002716,10.17,9.95,10.22,9.78,9.88,15:33:11.904,-10.17,107516300,1488300,1080114560.0,47958500,59557800,0,1296.19,"{'bid': [{'price': 10.16, 'vol': 4372}], 'ask': [{'price': 10.17, 'vol': 2247}]}",0000011101010110,-0.09%,0.16%,15135808.0,0.71%,0,0,000000000000000000000000000000000000000000000000,1.43%,-5.47%,4704,4.62,002716.SZ,,湖南白银,
MARKET.SZ,002721,2.87,2.82,2.88,2.78,2.81,15:33:16.884,-2.87,32221800,512800,91192464.0,14728800,17493000,0,50.25,"{'bid': [{'price': 2.86, 'vol': 2860}], 'ask': [{'price': 2.87, 'vol': 3637}]}",0000000000010110,0.35%,0.05%,1471736.0,0.71%,0,0,000000000000000000000000000000000000000000000000,1.30%,-21.08%,2050,1.21,002721.SZ,,金一文化,
MARKET.SZ,002722,14.89,14.71,15.05,14.45,14.65,15:33:09.072,-14.89,4267800,43600,63051508.0,1783200,2484600,0,38.83,"{'bid': [{'price': 14.89, 'vol': 9}], 'ask': [{'price': 14.9, 'vol': 47}]}",0000101011010110,0.20%,0.06%,649196.0,0.00%,0,0,000000000000000000000000000000000000000000000000,0.93%,58.84%,2232,1.92,002722.SZ,,物产金轮,
MARKET.SZ,002723,9.15,8.89,9.32,8.71,8.83,15:33:12.516,-9.15,14795200,56800,133406720.0,6604100,8191100,0,32.09,"{'bid': [{'price': 9.15, 'vol': 464}], 'ask': [{'price': 9.16, 'vol': 461}]}",0000010100010110,0.00%,0.13%,519736.0,0.00%,0,0,000000000000000000000000000000000000000000000000,0.93%,-16.84%,2646,4.67,002723.SZ,,小崧股份,
MARKET.SZ,002724,5.71,5.68,5.76,5.58,5.56,15:33:14.580,-5.71,8959400,48100,50892896.0,3684400,5275100,0,22.66,"{'bid': [{'price': 5.71, 'vol': 301}], 'ask': [{'price': 5.72, 'vol': 305}]}",0000111100010110,-0.16%,0.08%,274648.0,0.18%,0,0,000000000000000000000000000000000000000000000000,0.99%,-61.35%,1914,1.58,002724.SZ,,海洋王,
MARKET.SZ,002727,11.72,11.87,11.94,11.64,11.86,15:33:10.974,-11.72,6195600,139300,72895104.0,3249700,2945900,0,22.2,"{'bid': [{'price': 11.72, 'vol': 333}], 'ask': [{'price': 11.73, 'vol': 243}]}",0000000000010110,-0.08%,0.07%,1632584.0,0.00%,0,0,000000000000000000000000000000000000000000000000,1.52%,61.75%,2234,1.58,002727.SZ,,一心堂,
MARKET.SZ,002728,9.02,8.97,9.07,8.9,8.97,15:33:12.594,-9.02,7632900,57600,68648096.0,3540600,4092400,0,28.79,"{'bid': [{'price': 9.01, 'vol': 491}], 'ask': [{'price': 9.02, 'vol': 133}]}",0001011011010110,-0.10%,0.07%,519528.0,0.11%,0,0,000000000000000000000000000000000000000000000000,1.40%,-11.45%,2079,1.49,002728.SZ,,特一药业,
MARKET.SZ,002735,13.34,13.09,13.45,12.99,13.09,15:33:10.002,-13.34,11304200,73000,149579088.0,4942500,6361700,0,234.7,"{'bid': [{'price': 13.34, 'vol': 289}], 'ask': [{'price': 13.35, 'vol': 47}]}",0000000000010110,-0.06%,0.12%,973760.0,0.08%,0,0,000000000000000000000000000000000000000000000000,1.23%,-35.40%,2979,3.97,002735.SZ,,王子新材,
MARKET.SZ,002736,10.09,10.25,10.28,10.07,10.22,15:33:11.952,-10.09,31655500,299500,320106304.0,15389700,16265800,0,121.05,"{'bid': [{'price': 10.09, 'vol': 113}], 'ask': [{'price': 10.1, 'vol': 2682}]}",0000100111010110,0.10%,0.03%,3021920.0,0.00%,0,0,000000000000000000000000000000000000000000000000,1.11%,53.74%,3717,0.33,002736.SZ,,国信证券,
MARKET.SZ,002737,12.9,12.84,13.01,12.79,12.83,15:33:10.266,-12.9,3497300,54100,45223872.0,1476900,2020400,0,5.14,"{'bid': [{'price': 12.88, 'vol': 159}], 'ask': [{'price': 12.9, 'vol': 41}]}",0000000000010110,0.08%,0.04%,697856.0,0.00%,0,0,000000000000000000000000000000000000000000000000,1.57%,33.94%,2102,0.6,002737.SZ,,葵花药业,
MARKET.SZ,002739,9.19,9.35,9.39,9.1,9.31,15:33:12.492,-9.19,29655900,330200,274238176.0,17910400,11745600,0,194.95,"{'bid': [{'price': 9.19, 'vol': 79}], 'ask': [{'price': 9.2, 'vol': 2302}]}",0000111001010110,0.22%,0.04%,3034528.0,0.54%,0,0,000000000000000000000000000000000000000000000000,1.07%,8.88%,3205,1.41,002739.SZ,,儒意电影,
MARKET.SZ,002742,4.45,4.44,4.49,4.34,4.42,15:33:15.336,-4.45,8045500,69100,35526352.0,3833700,4211800,0,17.36,"{'bid': [{'price': 4.44, 'vol': 84}], 'ask': [{'price': 4.45, 'vol': 1361}]}",0000000000010110,0.00%,0.03%,307488.0,0.91%,0,0,000000000000000000000000000000000000000000000000,0.67%,48.49%,992,1.54,002742.SZ,,三圣股份,
MARKET.SZ,002743,5.17,5.01,5.21,4.92,5.0,15:33:14.904,-5.17,8697800,61800,44207160.0,4438900,4258900,0,75.35,"{'bid': [{'price': 5.17, 'vol': 835}], 'ask': [{'price': 5.18, 'vol': 416}]}",0000000000010110,-0.18%,0.04%,319504.0,0.20%,0,0,000000000000000000000000000000000000000000000000,0.58%,-48.86%,1525,2.0,002743.SZ,,富煌钢构,
MARKET.SZ,002745,9.84,9.75,10.07,9.55,9.68,15:33:12.102,-9.84,54495500,575000,533020672.0,26372300,28123300,0,398.0,"{'bid': [{'price': 9.84, 'vol': 3503}], 'ask': [{'price': 9.85, 'vol': 15}]}",0000110101010110,-0.09%,0.15%,5658240.0,0.93%,0,0,000000000000000000000000000000000000000000000000,1.20%,21.15%,4004,5.12,002745.SZ,,木林森,
MARKET.SZ,002746,6.14,6.2,6.22,6.11,6.18,15:33:14.322,-6.14,9590900,53000,59004144.0,5225100,4365800,0,41.17,"{'bid': [{'price': 6.14, 'vol': 333}], 'ask': [{'price': 6.15, 'vol': 515}]}",0000101100010110,-0.15%,0.03%,325424.0,0.32%,0,0,000000000000000000000000000000000000000000000000,0.57%,27.29%,1820,1.35,002746.SZ,,仙坛股份,
MARKET.SZ,002748,11.98,11.66,12.07,11.55,11.64,15:33:10.818,-11.98,4678000,25600,55338932.0,1854600,2823400,0,38.13,"{'bid': [{'price': 11.98, 'vol': 317}], 'ask': [{'price': 12.0, 'vol': 81}]}",0000000000010110,-0.07%,0.07%,306692.0,0.00%,0,0,000000000000000000000000000000000000000000000000,0.82%,18.65%,2197,1.95,002748.SZ,,世龙实业,
MARKET.SZ,002749,9.9,9.8,10.03,9.71,9.72,15:33:12.066,-9.9,2015800,42000,19885918.0,1013400,1002500,0,8.45,"{'bid': [{'price': 9.89, 'vol': 15}], 'ask': [{'price': 9.9, 'vol': 110}]}",0001010011010110,0.20%,0.02%,415202.0,-0.19%,0,0,000000000000000000000000000000000000000000000000,1.16%,48.50%,1282,0.37,002749.SZ,,国光股份,
MARKET.SZ,002752,7.13,7.05,7.21,7.04,7.02,15:33:13.728,-7.13,20317200,353100,144894544.0,8638800,11678500,0,64.58,"{'bid': [{'price': 7.12, 'vol': 203}], 'ask': [{'price': 7.13, 'vol': 581}]}",0001010000010110,0.00%,0.24%,2517520.0,0.43%,0,0,000000000000000000000000000000000000000000000000,2.03%,17.23%,2937,2.08,002752.SZ,,昇兴股份,
MARKET.SZ,002753,6.97,6.87,7.06,6.62,6.87,15:33:13.824,-6.97,9847500,90300,67925088.0,4672900,5174700,0,62.93,"{'bid': [{'price': 6.96, 'vol': 1582}], 'ask': [{'price': 6.97, 'vol': 1326}]}",0001001110010110,0.14%,0.17%,629384.0,0.00%,0,0,000000000000000000000000000000000000000000000000,1.66%,14.46%,1881,4.06,002753.SZ,,永东股份,
MARKET.SZ,002758,8.55,8.54,8.62,8.42,8.48,15:33:12.876,-8.55,3929000,9400,33434226.0,2021500,1907500,0,3.16,"{'bid': [{'price': 8.55, 'vol': 198}], 'ask': [{'price': 8.56, 'vol': 53}]}",0000001010010110,-0.22%,0.01%,80398.0,0.00%,0,0,000000000000000000000000000000000000000000000000,0.35%,-30.62%,1425,0.76,002758.SZ,,浙农股份,
MARKET.SZ,002761,7.91,8.04,8.09,7.89,8.0,15:33:13.260,-7.91,10751800,116000,85353936.0,6146300,4605600,0,29.91,"{'bid': [{'price': 7.91, 'vol': 1485}], 'ask': [{'price': 7.92, 'vol': 5}]}",0001100001010110,-0.12%,0.04%,917552.0,0.50%,0,0,000000000000000000000000000000000000000000000000,1.14%,82.54%,2776,0.99,002761.SZ,,浙江建投,
MARKET.SZ,002763,8.25,8.34,8.38,8.17,8.26,15:33:13.056,-8.25,7019700,96300,57769032.0,3679500,3340300,0,20.02,"{'bid': [{'price': 8.24, 'vol': 11}], 'ask': [{'price': 8.25, 'vol': 19}]}",0001001001010110,0.24%,0.17%,794472.0,0.97%,0,0,000000000000000000000000000000000000000000000000,1.96%,-73.26%,2053,2.31,002763.SZ,,汇洁股份,
MARKET.SZ,002765,9.17,9.3,9.3,8.93,9.2,15:33:12.504,-9.17,15498400,57600,140490080.0,7751300,7747100,0,15.16,"{'bid': [{'price': 9.16, 'vol': 486}], 'ask': [{'price': 9.17, 'vol': 183}]}",0000010011010110,0.11%,0.05%,528160.0,0.00%,0,0,000000000000000000000000000000000000000000000000,0.72%,46.34%,2645,2.6,002765.SZ,,蓝黛科技,
MARKET.SZ,002766,5.36,5.18,5.55,5.18,5.14,15:33:14.790,-5.36,138969200,957500,742995392.0,58290400,80678900,0,2632.32,"{'bid': [{'price': 5.35, 'vol': 8637}], 'ask': [{'price': 5.36, 'vol': 2524}]}",0000110101010110,0.19%,0.48%,5132096.0,-0.95%,0,0,000000000000000000000000000000000000000000000000,0.74%,8.10%,4287,16.22,002766.SZ,,索菱股份,
MARKET.SZ,002769,8.45,8.58,8.68,8.3,8.5,15:33:12.936,-8.45,11509600,262400,97784800.0,5203700,6305900,0,3.26,"{'bid': [{'price': 8.44, 'vol': 9}], 'ask': [{'price': 8.45, 'vol': 292}]}",0000101011010110,0.36%,0.21%,2217288.0,0.12%,0,0,000000000000000000000000000000000000000000000000,2.54%,-25.68%,2214,3.09,002769.SZ,,普路通,
MARKET.SZ,002771,13.91,13.67,13.96,13.41,13.62,15:33:09.660,-13.91,7759700,125800,106288296.0,3343700,4416000,0,55.23,"{'bid': [{'price': 13.9, 'vol': 348}], 'ask': [{'price': 13.91, 'vol': 431}]}",0000011110010110,-0.35%,0.16%,1749848.0,0.37%,0,0,000000000000000000000000000000000000000000000000,1.61%,-48.69%,2537,4.45,002771.SZ,,真视通,
MARKET.SZ,002772,14.63,14.87,14.87,14.51,14.64,15:33:09.228,-14.63,5733900,26800,83851920.0,2572300,3161600,0,38.96,"{'bid': [{'price': 14.63, 'vol': 197}], 'ask': [{'price': 14.64, 'vol': 185}]}",0000000000010110,-0.06%,0.03%,392080.0,-0.06%,0,0,000000000000000000000000000000000000000000000000,0.60%,-27.92%,2185,1.54,002772.SZ,,众兴菌业,
MARKET.SZ,002774,12.78,12.09,13.02,12.09,12.05,15:33:10.338,-12.78,13792900,149800,175406176.0,5742300,8050700,0,32.04,"{'bid': [{'price': 12.77, 'vol': 157}], 'ask': [{'price': 12.78, 'vol': 94}]}",0001100010010110,0.16%,0.30%,1914464.0,1.17%,0,0,000000000000000000000000000000000000000000000000,1.20%,-44.89%,2999,4.9,002774.SZ,,快意电梯,
MARKET.SZ,002775,4.14,4.13,4.15,3.96,4.09,15:33:15.522,-4.14,20144300,1085900,81884176.0,8186900,11957400,0,33.49,"{'bid': [{'price': 4.13, 'vol': 40}], 'ask': [{'price': 4.14, 'vol': 367}]}",0000001000010110,0.73%,0.50%,4495640.0,0.73%,0,0,000000000000000000000000000000000000000000000000,3.80%,-56.57%,2160,3.52,002775.SZ,,文科股份,
MARKET.SZ,002783,8.24,8.19,8.3,8.09,8.17,15:33:13.062,-8.24,6040900,72800,49494824.0,2884700,3156300,0,5.9,"{'bid': [{'price': 8.24, 'vol': 167}], 'ask': [{'price': 8.25, 'vol': 396}]}",0000110010010110,-0.11%,0.04%,599876.0,-0.48%,0,0,000000000000000000000000000000000000000000000000,1.11%,8.65%,1524,1.31,002783.SZ,,凯龙股份,
MARKET.SZ,002786,8.73,9.04,9.05,8.56,9.04,15:33:12.768,-8.73,30102700,350000,262823648.0,18028300,12074500,0,196.62,"{'bid': [{'price': 8.73, 'vol': 2518}], 'ask': [{'price': 8.74, 'vol': 710}]}",0001001011010110,-0.10%,0.33%,3055504.0,-1.08%,0,0,000000000000000000000000000000000000000000000000,1.64%,16.17%,3485,6.09,002786.SZ,,银宝山新,
MARKET.SZ,002788,12.36,12.36,12.4,12.15,12.22,15:33:10.590,-12.36,12804700,231600,157568736.0,5919200,6885500,0,121.0,"{'bid': [{'price': 12.35, 'vol': 623}], 'ask': [{'price': 12.36, 'vol': 105}]}",0000001000010110,0.16%,0.19%,2862544.0,0.65%,0,0,000000000000000000000000000000000000000000000000,1.67%,14.54%,2867,3.35,002788.SZ,,鹭燕医药,
MARKET.SZ,002790,6.88,6.8,6.89,6.66,6.78,15:33:13.878,-6.88,4765200,70100,32314094.0,2258800,2506400,0,33.93,"{'bid': [{'price': 6.86, 'vol': 112}], 'ask': [{'price': 6.88, 'vol': 1071}]}",0000000000010110,0.15%,0.08%,482290.0,0.15%,0,0,000000000000000000000000000000000000000000000000,1.20%,-49.01%,1555,1.83,002790.SZ,,瑞尔特,
MARKET.SZ,002793,4.5,4.59,4.62,4.47,4.55,15:33:15.306,-4.5,24891100,508300,112150008.0,13561200,11330000,0,31.17,"{'bid': [{'price': 4.49, 'vol': 348}], 'ask': [{'price': 4.5, 'vol': 2007}]}",0001100010010110,0.45%,0.12%,2287384.0,0.88%,0,0,000000000000000000000000000000000000000000000000,1.63%,14.56%,2342,2.29,002793.SZ,,罗欣药业,
MARKET.SZ,002795,9.34,9.11,9.59,9.11,9.36,15:33:12.402,-9.34,31437100,502700,294205568.0,16761200,14676000,0,1162.25,"{'bid': [{'price': 9.34, 'vol': 392}], 'ask': [{'price': 9.35, 'vol': 338}]}",0001000100010110,0.11%,0.25%,4695264.0,6.92%,0,0,000000000000000000000000000000000000000000000000,1.19%,15.40%,3294,7.24,002795.SZ,,永和智控,
MARKET.SZ,002797,7.19,7.42,7.45,7.16,7.33,15:33:13.692,-7.19,149439900,1086100,1080603392.0,71998100,77441900,0,1187.2,"{'bid': [{'price': 7.19, 'vol': 6013}], 'ask': [{'price': 7.2, 'vol': 4669}]}",0000110011010110,0.14%,0.09%,7808960.0,1.37%,0,0,000000000000000000000000000000000000000000000000,1.14%,58.72%,4523,3.56,002797.SZ,,第一创业,
MARKET.SZ,002798,8.3,8.19,8.4,8.08,8.19,15:33:13.026,-8.3,13211800,85300,108496984.0,6940300,6271600,0,101.56,"{'bid': [{'price': 8.29, 'vol': 89}], 'ask': [{'price': 8.3, 'vol': 1207}]}",0001011000010110,0.24%,0.08%,707952.0,0.12%,0,0,000000000000000000000000000000000000000000000000,0.94%,-49.53%,2321,2.76,002798.SZ,,帝欧水华,
MARKET.SZ,002799,8.36,8.38,8.43,8.15,8.3,15:33:12.990,-8.36,5261900,50900,43640180.0,2563400,2698600,0,5.7,"{'bid': [{'price': 8.35, 'vol': 123}], 'ask': [{'price': 8.36, 'vol': 355}]}",0001000000010110,0.12%,0.07%,425524.0,0.96%,0,0,000000000000000000000000000000000000000000000000,1.07%,-65.58%,2039,1.64,002799.SZ,,环球印务,
MARKET.SZ,002802,14.04,13.44,14.12,13.36,13.39,15:33:09.582,-14.04,6107900,69800,84145912.0,2816100,3291900,0,66.93,"{'bid': [{'price': 14.04, 'vol': 53}], 'ask': [{'price': 14.05, 'vol': 12}]}",0001100010010110,0.07%,0.20%,979992.0,0.67%,0,0,000000000000000000000000000000000000000000000000,1.33%,-37.07%,2300,4.08,002802.SZ,,洪汇新材,
MARKET.SZ,002807,4.42,4.44,4.45,4.42,4.44,15:33:15.354,-4.42,14782800,383600,65515804.0,7597300,7185500,0,11.5,"{'bid': [{'price': 4.42, 'vol': 2525}], 'ask': [{'price': 4.43, 'vol': 1843}]}",0000001110010110,-0.22%,0.03%,1695512.0,-0.21%,0,0,000000000000000000000000000000000000000000000000,2.33%,-56.58%,2258,0.6,002807.SZ,,江阴银行,
MARKET.SZ,002809,9.89,9.48,9.95,9.38,9.34,15:33:12.072,-9.89,21677300,451000,210654256.0,8745100,12932300,0,299.95,"{'bid': [{'price': 9.89, 'vol': 205}], 'ask': [{'price': 9.9, 'vol': 912}]}",0001000111010110,-0.09%,0.55%,4460352.0,0.53%,0,0,000000000000000000000000000000000000000000000000,1.69%,6.20%,3509,12.75,002809.SZ,,红墙股份,
MARKET.SZ,002811,13.35,12.65,13.67,12.41,12.5,15:33:09.996,-13.35,12371200,139300,162450528.0,4905500,7465800,0,50.6,"{'bid': [{'price': 13.35, 'vol': 91}], 'ask': [{'price': 13.36, 'vol': 67}]}",0001010011010110,-0.21%,0.16%,1859632.0,0.00%,0,0,000000000000000000000000000000000000000000000000,0.84%,-42.02%,2981,4.38,002811.SZ,,郑中设计,
MARKET.SZ,002817,7.64,7.51,7.68,7.41,7.5,15:33:13.422,-7.64,6663300,60500,50247008.0,3331800,3331600,0,48.0,"{'bid': [{'price': 7.63, 'vol': 22}], 'ask': [{'price': 7.64, 'vol': 440}]}",0001010011010110,0.13%,0.08%,462212.0,0.67%,0,0,000000000000000000000000000000000000000000000000,1.05%,-23.13%,2104,2.3,002817.SZ,,黄山胶囊,
MARKET.SZ,002818,11.34,11.28,11.38,11.0,11.14,15:33:11.202,-11.34,6112300,65900,68589320.0,3759600,2352700,0,26.85,"{'bid': [{'price': 11.34, 'vol': 29}], 'ask': [{'price': 11.35, 'vol': 243}]}",0000010100010110,0.44%,0.09%,747304.0,0.98%,0,0,000000000000000000000000000000000000000000000000,1.06%,-21.72%,2055,2.05,002818.SZ,,富森美,
MARKET.SZ,002820,10.77,10.7,10.88,10.47,10.7,15:33:11.544,-10.77,7057300,57400,75125032.0,3690600,3366700,0,49.22,"{'bid': [{'price': 10.76, 'vol': 20}], 'ask': [{'price': 10.77, 'vol': 45}]}",0000000000010110,0.00%,0.08%,618184.0,0.47%,0,0,000000000000000000000000000000000000000000000000,0.74%,37.96%,2401,3.51,002820.SZ,,桂发祥,
MARKET.SZ,002825,11.33,10.96,11.59,10.88,10.83,15:33:11.208,-11.33,10981200,218300,124293712.0,4527400,6453800,0,39.68,"{'bid': [{'price': 11.32, 'vol': 355}], 'ask': [{'price': 11.33, 'vol': 277}]}",0000110001010110,0.18%,0.21%,2473328.0,1.20%,0,0,000000000000000000000000000000000000000000000000,1.56%,45.53%,2272,4.28,002825.SZ,,纳尔股份,
MARKET.SZ,002828,10.55,10.49,10.6,10.34,10.44,15:33:11.676,-10.55,8963600,110100,93822816.0,3867400,5096300,0,103.75,"{'bid': [{'price': 10.54, 'vol': 84}], 'ask': [{'price': 10.55, 'vol': 275}]}",0001000110010110,0.29%,0.15%,1161552.0,-0.37%,0,0,000000000000000000000000000000000000000000000000,1.44%,16.29%,2315,4.46,002828.SZ,,贝肯能源,
MARKET.SZ,002835,14.54,14.39,14.68,14.16,14.38,15:33:09.282,-14.54,2816700,19300,40618816.0,1427900,1388800,0,44.9,"{'bid': [{'price': 14.53, 'vol': 17}], 'ask': [{'price': 14.54, 'vol': 108}]}",0000000000010110,0.35%,0.07%,280612.0,0.63%,0,0,000000000000000000000000000000000000000000000000,1.09%,-58.33%,1647,2.21,002835.SZ,,同为股份,
MARKET.SZ,002836,12.28,12.19,12.36,12.01,12.01,15:33:10.638,-12.28,2459600,9700,30056970.0,988900,1470700,0,36.08,"{'bid': [{'price': 12.28, 'vol': 72}], 'ask': [{'price': 12.31, 'vol': 1}]}",0000010100010110,-0.15%,0.11%,119118.0,-2.00%,0,0,000000000000000000000000000000000000000000000000,1.90%,-17.77%,1585,1.07,002836.SZ,,新宏泽,
MARKET.SZ,002839,4.27,4.27,4.29,4.25,4.28,15:33:15.444,-4.27,15518700,448800,66273008.0,7810300,7708500,0,85.57,"{'bid': [{'price': 4.27, 'vol': 3542}], 'ask': [{'price': 4.28, 'vol': 262}]}",0000111100010110,0.00%,0.04%,1916392.0,0.00%,0,0,000000000000000000000000000000000000000000000000,2.15%,22.89%,2090,0.64,002839.SZ,,张家港行,
MARKET.SZ,002840,9.78,10.19,10.24,9.76,10.11,15:33:12.138,-9.78,22356000,263300,221663520.0,12320200,10035900,0,73.47,"{'bid': [{'price': 9.77, 'vol': 572}], 'ask': [{'price': 9.78, 'vol': 1092}]}",0001001011010110,0.00%,0.11%,2575088.0,-0.09%,0,0,000000000000000000000000000000000000000000000000,1.14%,-33.01%,3277,2.81,002840.SZ,,华统股份,
MARKET.SZ,002846,13.37,13.39,13.52,13.21,13.39,15:33:09.984,-13.37,8027100,100700,107076408.0,3926400,4100700,0,29.46,"{'bid': [{'price': 13.36, 'vol': 193}], 'ask': [{'price': 13.37, 'vol': 66}]}",0000000000010110,0.22%,0.11%,1346376.0,0.60%,0,0,000000000000000000000000000000000000000000000000,1.18%,-53.07%,2589,3.09,002846.SZ,,英联股份,
MARKET.SZ,002852,8.44,8.43,8.51,8.29,8.35,15:33:12.942,-8.44,4036800,48400,33884588.0,2148400,1888400,0,20.4,"{'bid': [{'price': 8.42, 'vol': 135}], 'ask': [{'price': 8.44, 'vol': 395}]}",0000000000010110,0.12%,0.07%,408496.0,0.96%,0,0,000000000000000000000000000000000000000000000000,1.72%,-19.18%,1718,1.41,002852.SZ,,道道全,
MARKET.SZ,002855,12.17,12.08,12.27,11.65,11.87,15:33:10.704,-12.17,4352000,17500,52244400.0,1991400,2360600,0,48.56,"{'bid': [{'price': 12.17, 'vol': 97}], 'ask': [{'price': 12.18, 'vol': 12}]}",0000000000010110,-0.24%,0.09%,212984.0,-2.18%,0,0,000000000000000000000000000000000000000000000000,0.87%,50.91%,2198,1.77,002855.SZ,,捷荣技术,
MARKET.SZ,002858,14.17,14.28,14.3,13.89,14.06,15:33:09.504,-14.17,6186800,38700,87172024.0,3211400,2975500,0,28.85,"{'bid': [{'price': 14.16, 'vol': 281}], 'ask': [{'price': 14.17, 'vol': 48}]}",0001001011010110,0.00%,0.10%,548352.0,0.14%,0,0,000000000000000000000000000000000000000000000000,0.97%,-1.17%,2568,4.2,002858.SZ,,力盛体育,
MARKET.SZ,002860,13.61,13.29,13.71,13.07,13.19,15:33:09.840,-13.61,7337100,31800,98729376.0,3203900,4133300,0,26.98,"{'bid': [{'price': 13.61, 'vol': 94}], 'ask': [{'price': 13.62, 'vol': 34}]}",0001000101010110,0.00%,0.06%,432768.0,0.00%,0,0,000000000000000000000000000000000000000000000000,0.81%,0.59%,2504,2.09,002860.SZ,,星帅尔,
MARKET.SZ,002863,5.37,5.25,5.41,5.16,5.23,15:33:14.784,-5.37,11562700,81600,61220884.0,4579800,6982900,0,17.01,"{'bid': [{'price': 5.36, 'vol': 240}], 'ask': [{'price': 5.37, 'vol': 431}]}",0000010100010110,0.19%,0.04%,438208.0,0.00%,0,0,000000000000000000000000000000000000000000000000,0.58%,-22.51%,2063,1.93,002863.SZ,,今飞凯达,
MARKET.SZ,002867,12.38,12.55,12.58,12.33,12.53,15:33:10.578,-12.38,6864000,111300,85234624.0,3548500,3315600,0,11.92,"{'bid': [{'price': 12.38, 'vol': 212}], 'ask': [{'price': 12.39, 'vol': 37}]}",0001001011010110,0.00%,0.06%,1377904.0,0.00%,0,0,000000000000000000000000000000000000000000000000,1.53%,74.08%,2760,0.64,002867.SZ,,周大生,
MARKET.SZ,002873,9.41,9.33,9.5,9.15,9.26,15:33:12.360,-9.41,5371500,40600,50061636.0,2394700,2976800,0,34.52,"{'bid': [{'price': 9.4, 'vol': 215}], 'ask': [{'price': 9.41, 'vol': 12}]}",0000101000010110,0.11%,0.07%,382020.0,0.76%,0,0,000000000000000000000000000000000000000000000000,1.00%,38.90%,2102,2.24,002873.SZ,,新天药业,
MARKET.SZ,002877,9.06,8.93,9.14,8.68,8.92,15:33:12.570,-9.06,11094800,120600,98958488.0,5167700,5927100,0,120.11,"{'bid': [{'price': 9.05, 'vol': 190}], 'ask': [{'price': 9.06, 'vol': 374}]}",0000000000010110,0.11%,0.11%,1092648.0,0.45%,0,0,000000000000000000000000000000000000000000000000,0.88%,-51.76%,2660,4.61,002877.SZ,,智能自控,
MARKET.SZ,002887,14.7,15.15,15.34,14.56,15.32,15:33:09.186,-14.7,10821700,276300,159915200.0,6247600,4574100,0,146.35,"{'bid': [{'price': 14.69, 'vol': 34}], 'ask': [{'price': 14.7, 'vol': 273}]}",0000011001010110,0.14%,0.49%,4061536.0,-0.97%,0,0,000000000000000000000000000000000000000000000000,2.50%,18.26%,2638,4.98,002887.SZ,,绿茵生态,
MARKET.SZ,002889,13.15,13.26,13.35,12.91,13.27,15:33:10.116,-13.15,3519300,29400,46284084.0,1913000,1606400,0,12.07,"{'bid': [{'price': 13.14, 'vol': 182}], 'ask': [{'price': 13.15, 'vol': 79}]}",0000110100010110,0.15%,0.05%,386624.0,0.08%,0,0,000000000000000000000000000000000000000000000000,0.77%,62.31%,1443,1.4,002889.SZ,,东方嘉盛,
MARKET.SZ,002892,11.68,11.76,11.85,11.5,11.76,15:33:10.998,-11.68,25804700,405500,300415424.0,13781100,12023700,0,687.96,"{'bid': [{'price': 11.68, 'vol': 1203}], 'ask': [{'price': 11.69, 'vol': 350}]}",0001011010010110,0.09%,0.29%,4736512.0,-1.00%,0,0,000000000000000000000000000000000000000000000000,2.19%,51.37%,3740,5.15,002892.SZ,,科力尔,
MARKET.SZ,002893,11.7,11.47,12.28,11.2,11.43,15:33:10.986,-11.7,35462100,591800,417522944.0,16654200,18808000,0,181.46,"{'bid': [{'price': 11.7, 'vol': 328}], 'ask': [{'price': 11.71, 'vol': 277}]}",0001100001010110,-0.08%,0.68%,6924032.0,0.35%,0,0,000000000000000000000000000000000000000000000000,1.49%,67.38%,3653,17.49,002893.SZ,,京能热力,
MARKET.SZ,002900,10.9,10.74,11.06,10.6,10.74,15:33:11.466,-10.9,3242600,9900,35087104.0,1308400,1934200,0,11.06,"{'bid': [{'price': 10.9, 'vol': 162}], 'ask': [{'price': 10.92, 'vol': 301}]}",0000000000010110,-0.26%,0.06%,107908.0,0.56%,0,0,000000000000000000000000000000000000000000000000,0.90%,-23.20%,1806,2.01,002900.SZ,,哈三联,
MARKET.SZ,002905,8.58,8.54,8.63,8.4,8.47,15:33:12.858,-8.58,5351700,32000,45702776.0,2352600,2999200,0,25.19,"{'bid': [{'price': 8.58, 'vol': 262}], 'ask': [{'price': 8.59, 'vol': 72}]}",0000111100010110,-0.22%,0.14%,274560.0,0.00%,0,0,000000000000000000000000000000000000000000000000,1.21%,-54.69%,1857,1.53,002905.SZ,,金逸影视,
MARKET.SZ,002907,12.61,12.63,12.73,12.41,12.55,15:33:10.440,-12.61,1620400,5100,20329230.0,869800,750700,0,6.82,"{'bid': [{'price': 12.61, 'vol': 88}], 'ask': [{'price': 12.62, 'vol': 5}]}",0001001111010110,-0.23%,0.03%,64306.0,-1.01%,0,0,000000000000000000000000000000000000000000000000,0.92%,-13.98%,1011,0.48,002907.SZ,,华森制药,
MARKET.SZ,002908,8.04,8.08,8.14,7.86,7.94,15:33:13.182,-8.04,5454500,39500,43655540.0,2838300,2616300,0,33.86,"{'bid': [{'price': 8.04, 'vol': 673}], 'ask': [{'price': 8.05, 'vol': 4}]}",0001001110010110,-0.11%,0.05%,317580.0,0.37%,0,0,000000000000000000000000000000000000000000000000,0.99%,20.39%,1686,1.69,002908.SZ,,德生科技,
MARKET.SZ,002909,6.64,6.34,6.75,6.34,6.39,15:33:14.022,-6.64,30383900,418700,199427392.0,12969300,17414700,0,188.49,"{'bid': [{'price': 6.64, 'vol': 807}], 'ask': [{'price': 6.65, 'vol': 50}]}",0001000111010110,-0.14%,0.42%,2780096.0,1.77%,0,0,000000000000000000000000000000000000000000000000,1.51%,-30.92%,3026,7.99,002909.SZ,,集泰股份,
MARKET.SZ,002910,10.61,10.51,10.68,10.21,10.35,15:33:11.640,-10.61,5057200,41900,52915064.0,2582800,2474400,0,39.41,"{'bid': [{'price': 10.6, 'vol': 3}], 'ask': [{'price': 10.61, 'vol': 255}]}",0000000000010110,0.09%,0.12%,444560.0,1.94%,0,0,000000000000000000000000000000000000000000000000,1.12%,-24.84%,2265,2.96,002910.SZ,,庄园牧场,
MARKET.SZ,002911,11.62,11.78,11.85,11.55,11.78,15:33:11.034,-11.62,5977100,62500,69474744.0,3077400,2899800,0,18.33,"{'bid': [{'price': 11.62, 'vol': 257}], 'ask': [{'price': 11.63, 'vol': 13}]}",0001010110010110,-0.33%,0.09%,726280.0,0.00%,0,0,000000000000000000000000000000000000000000000000,1.34%,56.47%,2366,0.47,002911.SZ,,佛燃能源,
MARKET.SZ,002917,14.66,14.22,15.15,14.22,14.06,15:33:09.210,-14.66,28806400,196700,424181728.0,11849000,16957500,0,96.7,"{'bid': [{'price': 14.66, 'vol': 917}], 'ask': [{'price': 14.67, 'vol': 728}]}",0000110100010110,-0.06%,0.31%,2883584.0,0.92%,0,0,000000000000000000000000000000000000000000000000,0.92%,-18.90%,3855,11.06,002917.SZ,,金奥博,
MARKET.SZ,002918,14.63,13.79,15.0,13.33,14.01,15:33:09.228,-14.63,39974700,553700,562928896.0,18769300,21205500,0,513.4,"{'bid': [{'price': 14.63, 'vol': 325}], 'ask': [{'price': 14.64, 'vol': 157}]}",0001001010010110,0.07%,0.75%,8100736.0,-0.57%,0,0,000000000000000000000000000000000000000000000000,1.26%,76.57%,4251,18.66,002918.SZ,,蒙娜丽莎,
MARKET.SZ,002923,11.73,11.79,11.79,11.56,11.65,15:33:10.968,-11.73,5494000,45300,64216900.0,2886000,2608100,0,57.06,"{'bid': [{'price': 11.72, 'vol': 186}], 'ask': [{'price': 11.73, 'vol': 123}]}",0001010000010110,0.00%,0.11%,531388.0,1.20%,0,0,000000000000000000000000000000000000000000000000,1.45%,-73.17%,2358,2.13,002923.SZ,,润都股份,
MARKET.SZ,002926,8.15,8.31,8.34,8.15,8.28,15:33:13.116,-8.15,20429000,371300,167456288.0,11063100,9365900,0,30.66,"{'bid': [{'price': 8.15, 'vol': 11429}], 'ask': [{'price': 8.16, 'vol': 295}]}",0000000000010110,0.00%,0.05%,3026112.0,-0.11%,0,0,000000000000000000000000000000000000000000000000,1.62%,60.45%,3163,0.78,002926.SZ,,华西证券,
MARKET.SZ,002928,7.18,7.37,7.4,7.14,7.37,15:33:13.698,-7.18,37487700,534200,270053952.0,23313500,14174200,0,234.88,"{'bid': [{'price': 7.18, 'vol': 242}], 'ask': [{'price': 7.19, 'vol': 479}]}",0000110001010110,-0.27%,0.15%,3835520.0,0.00%,0,0,000000000000000000000000000000000000000000000000,1.35%,31.20%,2929,2.93,002928.SZ,,华夏航空,
MARKET.SZ,002930,14.07,14.19,14.86,13.31,13.93,15:33:09.564,-14.07,20833700,253500,291762016.0,10539000,10294700,0,181.21,"{'bid': [{'price': 14.07, 'vol': 169}], 'ask': [{'price': 14.08, 'vol': 77}]}",0000100010010110,0.21%,0.20%,3566688.0,0.71%,0,0,000000000000000000000000000000000000000000000000,0.96%,51.71%,3595,4.81,002930.SZ,,宏川智慧,
MARKET.SZ,002936,1.77,1.77,1.78,1.76,1.77,15:33:16.944,-1.77,54079800,2708100,95601400.0,26204900,27875000,0,32.92,"{'bid': [{'price': 1.77, 'vol': 1646}], 'ask': [{'price': 1.78, 'vol': 73389}]}",0001010110010110,0.00%,0.07%,4793344.0,0.00%,0,0,000000000000000000000000000000000000000000000000,3.42%,-38.80%,2328,0.77,002936.SZ,,郑州银行,
MARKET.SZ,002939,8.78,9.0,9.06,8.77,8.96,15:33:12.738,-8.78,45601500,777800,402687616.0,25088000,20513500,0,253.17,"{'bid': [{'price': 8.78, 'vol': 9420}], 'ask': [{'price': 8.79, 'vol': 671}]}",0000010000010110,-0.10%,0.10%,6829152.0,0.11%,0,0,000000000000000000000000000000000000000000000000,1.40%,63.94%,3868,1.27,002939.SZ,,长城证券,
MARKET.SZ,002941,13.39,13.49,13.64,13.22,13.48,15:33:09.972,-13.39,8469800,126100,114030464.0,4676200,3793600,0,46.14,"{'bid': [{'price': 13.39, 'vol': 754}], 'ask': [{'price': 13.4, 'vol': 471}]}",0000110000010110,0.00%,0.09%,1688496.0,-0.06%,0,0,000000000000000000000000000000000000000000000000,2.19%,28.76%,2436,1.16,002941.SZ,,新疆交建,
MARKET.SZ,002945,14.7,15.2,15.25,14.61,15.1,15:33:09.186,-14.7,15675300,213000,231578624.0,9008500,6666800,0,54.26,"{'bid': [{'price': 14.7, 'vol': 531}], 'ask': [{'price': 14.71, 'vol': 258}]}",0000100100010110,-0.06%,0.14%,3131184.0,0.00%,0,0,000000000000000000000000000000000000000000000000,1.13%,61.30%,3660,0.58,002945.SZ,,华林证券,
MARKET.SZ,002948,5.67,5.65,5.74,5.57,5.68,15:33:14.604,-5.67,42242200,549200,239007856.0,20470000,21772200,0,207.98,"{'bid': [{'price': 5.67, 'vol': 2366}], 'ask': [{'price': 5.68, 'vol': 40}]}",0000010001010110,-0.17%,0.05%,3114048.0,-0.17%,0,0,000000000000000000000000000000000000000000000000,0.99%,-32.33%,3698,1.36,002948.SZ,,青岛银行,
MARKET.SZ,002949,13.75,13.54,13.85,13.29,13.42,15:33:09.756,-13.75,2398600,32500,32646764.0,1015500,1383100,0,10.83,"{'bid': [{'price': 13.69, 'vol': 10}], 'ask': [{'price': 13.75, 'vol': 76}]}",0000000000010110,0.66%,0.05%,446868.0,0.74%,0,0,000000000000000000000000000000000000000000000000,0.88%,-28.25%,1535,1.58,002949.SZ,,华阳国际,
MARKET.SZ,002950,10.84,10.72,10.9,10.66,10.68,15:33:11.502,-10.84,6050700,206800,65282000.0,2839400,3211400,0,87.15,"{'bid': [{'price': 10.83, 'vol': 273}], 'ask': [{'price': 10.84, 'vol': 61}]}",0000110010010110,0.28%,0.18%,2241728.0,0.00%,0,0,000000000000000000000000000000000000000000000000,3.60%,11.74%,2158,1.41,002950.SZ,,奥美医疗,
MARKET.SZ,002953,11.09,10.89,11.12,10.79,10.87,15:33:11.352,-11.09,5609400,44200,61588488.0,2724800,2884600,0,16.77,"{'bid': [{'price': 11.09, 'vol': 116}], 'ask': [{'price': 11.1, 'vol': 207}]}",0000010011010110,0.09%,0.05%,490160.0,0.18%,0,0,000000000000000000000000000000000000000000000000,0.76%,-61.98%,1979,2.07,002953.SZ,,日丰股份,
MARKET.SZ,002958,2.88,2.89,2.89,2.86,2.89,15:33:16.278,-2.88,31981500,927300,91988216.0,16205400,15776100,0,32.08,"{'bid': [{'price': 2.87, 'vol': 26874}], 'ask': [{'price': 2.88, 'vol': 877}]}",0000100110010110,0.35%,0.04%,2670664.0,0.00%,0,0,000000000000000000000000000000000000000000000000,2.36%,-10.54%,2458,0.59,002958.SZ,,青农商行,
MARKET.SZ,002960,9.53,9.54,9.67,9.29,9.44,15:33:12.288,-9.53,20400000,131700,193347088.0,9711200,10688800,0,22.8,"{'bid': [{'price': 9.53, 'vol': 224}], 'ask': [{'price': 9.54, 'vol': 29}]}",0000000010010110,-0.30%,0.07%,1254976.0,-0.09%,0,0,000000000000000000000000000000000000000000000000,0.89%,2.86%,3063,2.11,002960.SZ,,青鸟智控,
MARKET.SZ,002966,8.4,8.51,8.52,8.4,8.5,15:33:12.966,-8.4,34737200,931400,293700864.0,15637500,19099700,0,185.43,"{'bid': [{'price': 8.39, 'vol': 2618}], 'ask': [{'price': 8.4, 'vol': 2092}]}",0000000000010110,-0.23%,0.04%,7824224.0,0.00%,0,0,000000000000000000000000000000000000000000000000,2.13%,28.45%,3249,0.79,002966.SZ,,苏州银行,
MARKET.SZ,002968,10.56,10.54,10.67,10.3,10.52,15:33:11.670,-10.56,4672300,49300,49060184.0,2270800,2401500,0,20.34,"{'bid': [{'price': 10.55, 'vol': 73}], 'ask': [{'price': 10.56, 'vol': 168}]}",0000000000010110,0.57%,0.10%,520604.0,0.00%,0,0,000000000000000000000000000000000000000000000000,1.02%,-30.69%,2046,2.19,002968.SZ,,新大正,
MARKET.SZ,002972,12.75,12.59,12.88,12.27,12.5,15:33:10.356,-12.75,4186500,24000,52670632.0,1792000,2394600,0,27.82,"{'bid': [{'price': 12.75, 'vol': 31}], 'ask': [{'price': 12.76, 'vol': 1}]}",0001010000010110,-0.15%,0.08%,305992.0,1.94%,0,0,000000000000000000000000000000000000000000000000,0.88%,-34.77%,2026,3.11,002972.SZ,,科安达,
MARKET.SZ,002973,13.87,13.4,14.18,13.3,13.36,15:33:09.684,-13.87,8480400,77300,116584056.0,3878900,4601500,0,7.5,"{'bid': [{'price': 13.87, 'vol': 296}], 'ask': [{'price': 13.88, 'vol': 121}]}",0000000000010110,0.00%,0.13%,1072152.0,0.00%,0,0,000000000000000000000000000000000000000000000000,1.02%,34.64%,2169,2.67,002973.SZ,,侨银股份,
MARKET.SZ,002982,13.46,13.47,13.54,13.19,13.43,15:33:09.930,-13.46,3616000,13900,48316088.0,1789000,1827000,0,19.26,"{'bid': [{'price': 13.46, 'vol': 1}], 'ask': [{'price': 13.47, 'vol': 43}]}",0000011010010110,0.22%,0.09%,187096.0,0.07%,0,0,000000000000000000000000000000000000000000000000,1.13%,-8.42%,1682,2.78,002982.SZ,,湘佳股份,
MARKET.SZ,002986,12.76,12.3,12.94,12.17,12.28,15:33:10.350,-12.76,9261100,34400,115905400.0,4414000,4847200,0,5.9,"{'bid': [{'price': 12.76, 'vol': 14}], 'ask': [{'price': 12.78, 'vol': 167}]}",0000111000010110,-0.15%,0.05%,438992.0,0.00%,0,0,000000000000000000000000000000000000000000000000,0.61%,-48.69%,2823,3.07,002986.SZ,,宇新股份,
MARKET.SZ,002987,12.41,12.61,12.68,12.25,12.55,15:33:10.560,-12.41,11115100,148000,137618368.0,5949700,5165400,0,39.72,"{'bid': [{'price': 12.41, 'vol': 165}], 'ask': [{'price': 12.42, 'vol': 30}]}",0000010101010110,-0.39%,0.07%,1836944.0,-0.38%,0,0,000000000000000000000000000000000000000000000000,1.25%,6.96%,2790,1.1,002987.SZ,,京北方,
MARKET.SZ,002996,7.3,7.09,7.38,6.98,6.97,15:33:13.626,-7.3,13998600,85200,100925688.0,5629400,8369300,0,90.89,"{'bid': [{'price': 7.3, 'vol': 1160}], 'ask': [{'price': 7.31, 'vol': 61}]}",0001100000010110,-0.26%,0.07%,621984.0,0.00%,0,0,000000000000000000000000000000000000000000000000,0.74%,-23.37%,2645,3.36,002996.SZ,,顺博合金,
MARKET.SZ,002998,9.12,9.05,9.23,8.8,8.96,15:33:12.534,-9.12,8124600,27000,73716608.0,3414600,4710000,0,42.54,"{'bid': [{'price': 9.11, 'vol': 235}], 'ask': [{'price': 9.14, 'vol': 19}]}",0000000000010110,-0.10%,0.06%,246248.0,-1.62%,0,0,000000000000000000000000000000000000000000000000,0.65%,-22.00%,2687,3.0,002998.SZ,,优彩资源,
MARKET.SZ,002999,6.76,6.68,6.8,6.58,6.64,15:33:13.950,-6.76,7537000,64300,50569076.0,4129500,3407500,0,15.97,"{'bid': [{'price': 6.75, 'vol': 150}], 'ask': [{'price': 6.76, 'vol': 11}]}",0000000000010110,0.00%,0.05%,434684.0,-0.29%,0,0,000000000000000000000000000000000000000000000000,0.76%,-31.84%,1845,2.19,002999.SZ,,天禾股份,
MARKET.SZ,003000,10.87,10.99,11.0,10.75,10.9,15:33:11.484,-10.87,3232500,30500,35056604.0,1769600,1462900,0,10.77,"{'bid': [{'price': 10.87, 'vol': 128}], 'ask': [{'price': 10.88, 'vol': 86}]}",0000000000010110,-0.08%,0.03%,331540.0,0.00%,0,0,000000000000000000000000000000000000000000000000,0.86%,-41.51%,1641,1.05,003000.SZ,,劲仔食品,
MARKET.SZ,003003,13.25,13.01,13.33,12.77,12.92,15:33:10.056,-13.25,3568500,28300,46682976.0,1653700,1914900,0,46.19,"{'bid': [{'price': 13.23, 'vol': 14}], 'ask': [{'price': 13.25, 'vol': 114}]}",0001011101010110,0.08%,0.08%,375000.0,0.70%,0,0,000000000000000000000000000000000000000000000000,1.03%,-6.82%,2014,3.03,003003.SZ,,天元股份,
MARKET.SZ,003012,5.32,5.39,5.4,5.31,5.36,15:33:14.814,-5.32,6599800,174700,35234460.0,3287300,3312600,0,17.3,"{'bid': [{'price': 5.32, 'vol': 266}], 'ask': [{'price': 5.33, 'vol': 230}]}",0001001000010110,0.00%,0.05%,929404.0,0.75%,0,0,000000000000000000000000000000000000000000000000,1.83%,23.64%,1719,0.58,003012.SZ,,东鹏控股,
MARKET.SZ,003013,14.53,14.66,14.77,14.43,14.66,15:33:09.288,-14.53,2479800,52400,36128256.0,1472000,1007800,0,24.92,"{'bid': [{'price': 14.53, 'vol': 35}], 'ask': [{'price': 14.54, 'vol': 45}]}",0000000000010110,0.14%,0.09%,761384.0,0.41%,0,0,000000000000000000000000000000000000000000000000,1.58%,51.92%,1374,0.62,003013.SZ,,地铁设计,
MARKET.SZ,003015,14.09,13.95,14.17,13.64,13.84,15:33:09.552,-14.09,7934600,58800,110645880.0,3808200,4126400,0,85.12,"{'bid': [{'price': 14.09, 'vol': 308}], 'ask': [{'price': 14.1, 'vol': 12}]}",0000001111010110,-0.20%,0.08%,828480.0,0.65%,0,0,000000000000000000000000000000000000000000000000,1.08%,11.23%,2529,3.21,003015.SZ,,日久光电,
MARKET.SZ,003016,7.77,7.75,7.86,7.61,7.71,15:33:13.344,-7.77,4112200,54500,31816114.0,1629500,2482700,0,20.77,"{'bid': [{'price': 7.77, 'vol': 159}], 'ask': [{'price': 7.78, 'vol': 3}]}",0000000111010110,-0.25%,0.08%,423466.0,1.04%,0,0,000000000000000000000000000000000000000000000000,1.15%,-28.77%,2063,1.0,003016.SZ,,欣贺股份,
MARKET.SZ,003035,7.02,6.95,7.07,6.87,6.96,15:33:13.794,-7.02,33656900,304800,235144000.0,15058100,18598900,0,109.53,"{'bid': [{'price': 7.02, 'vol': 305}], 'ask': [{'price': 7.03, 'vol': 1806}]}",0001010011010110,0.00%,0.11%,2139664.0,0.00%,0,0,000000000000000000000000000000000000000000000000,1.54%,14.74%,3780,0.89,003035.SZ,,南网能源,
MARKET.SZ,003037,7.05,7.14,7.14,6.97,7.19,15:33:13.776,-7.05,11759000,210900,82735888.0,6961600,4797500,0,159.86,"{'bid': [{'price': 7.05, 'vol': 546}], 'ask': [{'price': 7.06, 'vol': 621}]}",0001011110010110,0.00%,0.23%,1486864.0,1.56%,0,0,000000000000000000000000000000000000000000000000,1.76%,30.00%,2080,1.96,003037.SZ,,三和管桩,
MARKET.SZ,003038,13.38,13.1,13.51,12.99,13.01,15:33:09.978,-13.38,4483200,46500,59573548.0,1909300,2574000,0,8.65,"{'bid': [{'price': 13.38, 'vol': 454}], 'ask': [{'price': 13.39, 'vol': 79}]}",0000111100010110,-0.14%,0.09%,622160.0,0.54%,0,0,000000000000000000000000000000000000000000000000,1.27%,-31.26%,2024,2.75,003038.SZ,,鑫铂股份,
MARKET.SZ,003039,13.37,13.39,13.5,13.3,13.27,15:33:09.984,-13.37,3684000,57400,49328536.0,1576700,2107400,0,50.08,"{'bid': [{'price': 13.37, 'vol': 8}], 'ask': [{'price': 13.38, 'vol': 136}]}",0001100011010110,0.00%,0.12%,767432.0,0.90%,0,0,000000000000000000000000000000000000000000000000,2.11%,19.67%,2235,0.6,003039.SZ,,顺控发展,
MARKET.SZ,003040,14.05,13.85,14.28,13.64,13.72,15:33:10.176,-14.05,7954100,54900,111236304.0,3481200,4472900,0,17.17,"{'bid': [{'price': 14.05, 'vol': 411}], 'ask': [{'price': 14.06, 'vol': 153}]}",0000000000010110,-0.13%,0.09%,771328.0,0.44%,0,0,000000000000000000000000000000000000000000000000,1.29%,-7.05%,2301,1.74,003040.SZ,,楚天龙,
MARKET.SZ,003816,4.47,4.4,4.49,4.37,4.4,15:33:15.324,-4.47,140492100,1164000,623780736.0,61226200,79266000,0,831.47,"{'bid': [{'price': 4.47, 'vol': 10594}], 'ask': [{'price': 4.48, 'vol': 20324}]}",0001011000010110,0.22%,0.07%,5203200.0,0.00%,0,0,000000000000000000000000000000000000000000000000,1.65%,-25.08%,4395,0.36,003816.SZ,,中国广核,
MARKET.SZ,300002,8.99,9.08,9.14,8.97,9.02,15:33:12.612,0.0,32044000,371800,289524608.0,16549500,15494600,0,84.44,"{'bid': [{'price': 8.99, 'vol': 3115}], 'ask': [{'price': 9.0, 'vol': 712}]}",0001000111010110,-0.21%,0.06%,3342368.0,-0.10%,0,0,000000000000000000000000000000000000000000000000,1.65%,32.68%,3502,1.74,300002.SZ,,神州泰岳,
MARKET.SZ,300003,13.0,13.21,13.25,12.92,13.06,15:33:10.206,2.0,21690500,429900,282873536.0,11189300,10501300,0,87.45,"{'bid': [{'price': 12.99, 'vol': 536}], 'ask': [{'price': 13.0, 'vol': 1253}]}",0001011010010110,0.08%,0.08%,5588768.0,0.69%,0,0,000000000000000000000000000000000000000000000000,1.98%,54.48%,3597,1.37,300003.SZ,,乐普医疗,
MARKET.SZ,300006,5.82,5.9,6.0,5.77,5.82,15:33:14.514,4.0,20217600,458100,118117744.0,9901100,10316500,0,121.48,"{'bid': [{'price': 5.82, 'vol': 1636}], 'ask': [{'price': 5.83, 'vol': 514}]}",0000101000010110,0.00%,0.12%,2666112.0,0.68%,0,0,000000000000000000000000000000000000000000000000,1.92%,21.60%,2498,1.91,300006.SZ,,莱美药业,
MARKET.SZ,300008,7.03,7.02,7.07,6.95,6.99,15:33:13.788,84.0,39760000,433000,278923840.0,19643800,20116200,0,150.37,"{'bid': [{'price': 7.03, 'vol': 787}], 'ask': [{'price': 7.04, 'vol': 1157}]}",0000000010010110,0.00%,0.07%,3044096.0,0.43%,0,0,000000000000000000000000000000000000000000000000,1.26%,-21.94%,3332,2.41,300008.SZ,,天海防务,
MARKET.SZ,300009,8.19,8.28,8.32,8.16,8.26,15:33:13.692,0.0,12709700,268600,104381328.0,6388000,6321800,0,29.23,"{'bid': [{'price': 8.18, 'vol': 1151}], 'ask': [{'price': 8.19, 'vol': 778}]}",0001000000010110,-0.11%,0.04%,2199912.0,0.12%,0,0,000000000000000000000000000000000000000000000000,1.57%,18.71%,2551,1.03,300009.SZ,,安科生物,
MARKET.SZ,300011,6.9,6.82,6.95,6.76,6.8,15:33:13.866,0.0,5374000,121000,36909652.0,2819200,2554800,0,10.03,"{'bid': [{'price': 6.9, 'vol': 644}], 'ask': [{'price': 6.91, 'vol': 291}]}",0000100000010110,0.29%,0.06%,834888.0,-0.57%,0,0,000000000000000000000000000000000000000000000000,2.02%,-12.36%,1434,1.06,300011.SZ,,鼎汉技术,
MARKET.SZ,300013,4.82,5.11,5.3,4.79,4.93,15:33:15.114,5.0,48719400,519000,240818640.0,24842100,23877400,0,274.61,"{'bid': [{'price': 4.82, 'vol': 406}], 'ask': [{'price': 4.83, 'vol': 1068}]}",0000110010010110,-0.20%,0.30%,2501584.0,0.20%,0,0,000000000000000000000000000000000000000000000000,1.19%,65.77%,3300,10.92,300013.SZ,,新宁物流,
MARKET.SZ,300015,9.18,9.33,9.4,9.16,9.36,15:33:12.498,240.0,93987800,1084800,866732352.0,49822200,44165600,0,426.75,"{'bid': [{'price': 9.17, 'vol': 3573}], 'ask': [{'price': 9.18, 'vol': 2462}]}",0000011101010110,0.11%,0.07%,9958464.0,0.11%,0,0,000000000000000000000000000000000000000000000000,1.55%,30.75%,4557,1.18,300015.SZ,,爱尔眼科,
MARKET.SZ,300016,8.66,8.61,8.73,8.49,8.55,15:33:12.810,0.0,11205000,117100,96571768.0,5456900,5748100,0,31.08,"{'bid': [{'price': 8.66, 'vol': 204}], 'ask': [{'price': 8.67, 'vol': 1035}]}",0000000000010110,0.12%,0.09%,1014088.0,0.70%,0,0,000000000000000000000000000000000000000000000000,1.66%,1.75%,2621,1.99,300016.SZ,,北陆药业,
MARKET.SZ,300018,14.97,14.7,15.1,14.5,14.51,15:33:09.024,0.0,20752900,152600,308830176.0,10262200,10490700,0,75.12,"{'bid': [{'price': 14.96, 'vol': 627}], 'ask': [{'price': 14.97, 'vol': 144}]}",0000000001010110,0.00%,0.13%,2284256.0,0.00%,0,0,000000000000000000000000000000000000000000000000,1.05%,33.67%,3319,5.75,300018.SZ,,中元股份,
MARKET.SZ,300021,4.14,4.23,4.24,4.08,4.21,15:33:15.522,1000.0,18439700,128500,76143920.0,11297700,7142100,0,12.9,"{'bid': [{'price': 4.13, 'vol': 658}], 'ask': [{'price': 4.14, 'vol': 1096}]}",0001000101010110,0.24%,0.04%,531984.0,-0.23%,0,0,000000000000000000000000000000000000000000000000,0.71%,-7.58%,1531,2.11,300021.SZ,,大禹节水,
MARKET.SZ,300022,8.51,8.46,8.57,8.31,8.4,15:33:12.900,0.0,14632600,45000,123693256.0,7017200,7615400,0,4.65,"{'bid': [{'price': 8.5, 'vol': 82}], 'ask': [{'price': 8.51, 'vol': 299}]}",0000000000010110,0.12%,0.05%,382936.0,0.00%,0,0,000000000000000000000000000000000000000000000000,0.64%,-58.19%,2346,2.96,300022.SZ,,吉峰科技,
MARKET.SZ,300025,5.54,5.52,5.61,5.29,5.67,15:33:14.682,0.0,24657000,127800,133559768.0,12212100,12444900,0,80.65,"{'bid': [{'price': 5.54, 'vol': 9}], 'ask': [{'price': 5.55, 'vol': 186}]}",0000000000010110,-0.17%,0.08%,708016.0,0.73%,0,0,000000000000000000000000000000000000000000000000,0.66%,4.71%,2655,4.87,300025.SZ,,华星创业,
MARKET.SZ,300026,3.27,3.27,3.29,3.25,3.27,15:33:16.044,0.0,20670400,681700,67587504.0,10254800,10415600,0,62.2,"{'bid': [{'price': 3.27, 'vol': 1227}], 'ask': [{'price': 3.28, 'vol': 3042}]}",0000000000010110,-0.29%,0.04%,2229176.0,0.00%,0,0,000000000000000000000000000000000000000000000000,2.12%,-9.03%,2052,0.69,300026.SZ,,红日药业,
MARKET.SZ,300030,7.77,7.77,7.82,7.53,7.68,15:33:13.344,0.0,6160900,62100,47381120.0,3194200,2966700,0,2.02,"{'bid': [{'price': 7.76, 'vol': 384}], 'ask': [{'price': 7.77, 'vol': 12}]}",0000000000010110,0.00%,0.11%,482520.0,1.70%,0,0,000000000000000000000000000000000000000000000000,1.90%,53.68%,2276,2.26,300030.SZ,,阳普医疗,
MARKET.SZ,300032,4.91,4.92,4.97,4.74,4.87,15:33:15.060,10.0,31528900,279600,152505056.0,13229000,18299900,0,49.1,"{'bid': [{'price': 4.91, 'vol': 1027}], 'ask': [{'price': 4.92, 'vol': 1013}]}",0000000000010110,0.00%,0.09%,1372832.0,1.03%,0,0,000000000000000000000000000000000000000000000000,0.95%,-5.74%,2711,3.93,300032.SZ,,金龙机电,
MARKET.SZ,300036,14.29,14.45,14.5,14.06,14.25,15:33:09.432,0.0,8392300,98700,119784056.0,4225600,4166800,0,48.55,"{'bid': [{'price': 14.29, 'vol': 340}], 'ask': [{'price': 14.3, 'vol': 91}]}",0001000011010110,-0.06%,0.06%,1410416.0,-0.27%,0,0,000000000000000000000000000000000000000000000000,1.41%,32.89%,2697,1.91,300036.SZ,,超图软件,
MARKET.SZ,300039,5.59,5.56,5.63,5.55,5.56,15:33:14.652,0.0,5755300,106200,32161984.0,2864700,2890600,0,19.79,"{'bid': [{'price': 5.59, 'vol': 2078}], 'ask': [{'price': 5.6, 'vol': 535}]}",0000011101010110,0.18%,0.03%,593650.0,0.00%,0,0,000000000000000000000000000000000000000000000000,1.81%,21.63%,951,0.63,300039.SZ,,上海凯宝,
MARKET.SZ,300040,7.29,7.12,7.32,7.0,7.06,15:33:13.632,1.0,34988500,554900,252912448.0,16403000,18585600,0,78.46,"{'bid': [{'price': 7.29, 'vol': 435}], 'ask': [{'price': 7.3, 'vol': 4584}]}",0000111100010110,-0.13%,0.26%,4045168.0,0.14%,0,0,000000000000000000000000000000000000000000000000,1.74%,-52.44%,3127,6.76,300040.SZ,,九洲集团,
MARKET.SZ,300041,12.58,12.29,12.59,12.28,12.28,15:33:10.458,1.0,22783300,278500,284125568.0,10361300,12422100,0,131.63,"{'bid': [{'price': 12.57, 'vol': 916}], 'ask': [{'price': 12.58, 'vol': 717}]}",0001000011010110,0.08%,0.19%,3503520.0,0.16%,0,0,000000000000000000000000000000000000000000000000,1.84%,3.81%,3171,4.19,300041.SZ,,回天新材,
MARKET.SZ,300043,5.04,5.07,5.12,4.95,5.03,15:33:14.982,3.0,24797400,511500,124226440.0,12994900,11802500,0,52.42,"{'bid': [{'price': 5.04, 'vol': 852}], 'ask': [{'price': 5.05, 'vol': 4024}]}",0000000000010110,0.00%,0.09%,2577936.0,0.00%,0,0,000000000000000000000000000000000000000000000000,1.53%,-14.29%,2242,1.99,300043.SZ,,星辉娱乐,
MARKET.SZ,300047,12.13,12.29,12.35,11.95,12.21,15:33:10.728,5.0,16176300,224600,195908192.0,8857400,7318900,0,73.37,"{'bid': [{'price': 12.13, 'vol': 490}], 'ask': [{'price': 12.14, 'vol': 74}]}",0000011010010110,0.00%,0.10%,2724480.0,0.90%,0,0,000000000000000000000000000000000000000000000000,1.62%,62.58%,3215,2.82,300047.SZ,,天源迪科,
MARKET.SZ,300048,5.9,5.85,5.95,5.78,5.81,15:33:14.466,0.0,16758900,121800,98684520.0,7783800,8975100,0,6.9,"{'bid': [{'price': 5.89, 'vol': 791}], 'ask': [{'price': 5.9, 'vol': 318}]}",0000101000010110,0.34%,0.04%,718608.0,0.00%,0,0,000000000000000000000000000000000000000000000000,1.17%,10.77%,1855,1.48,300048.SZ,,合康新能,
MARKET.SZ,300050,7.35,7.17,7.43,7.03,7.08,15:33:13.596,8.0,31927100,211500,231939600.0,14423600,17503500,0,61.3,"{'bid': [{'price': 7.35, 'vol': 538}], 'ask': [{'price': 7.36, 'vol': 71}]}",0000000000010110,-0.13%,0.21%,1554400.0,0.70%,0,0,000000000000000000000000000000000000000000000000,1.45%,-14.88%,3386,5.86,300050.SZ,,世纪鼎利,
MARKET.SZ,300051,13.08,13.29,13.54,13.06,13.28,15:33:10.158,21.0,26163900,456400,347654944.0,13481600,12682300,0,303.14,"{'bid': [{'price': 13.08, 'vol': 9}], 'ask': [{'price': 13.09, 'vol': 212}]}",0000000000010110,-0.22%,0.26%,5969792.0,0.61%,0,0,000000000000000000000000000000000000000000000000,1.41%,-42.53%,3691,7.12,300051.SZ,,琏升科技,
MARKET.SZ,300055,10.1,9.69,10.19,9.62,9.7,15:33:11.946,10.0,19843800,168500,196587184.0,7963200,11880700,0,22.77,"{'bid': [{'price': 10.1, 'vol': 604}], 'ask': [{'price': 10.11, 'vol': 83}]}",0001100000010110,0.00%,0.08%,1702240.0,-0.61%,0,0,000000000000000000000000000000000000000000000000,1.05%,57.38%,2542,3.14,300055.SZ,,万邦达,
MARKET.SZ,300056,10.88,10.62,10.95,10.58,10.61,15:33:11.478,0.0,13733700,88800,148159264.0,5529200,8204500,0,9.98,"{'bid': [{'price': 10.88, 'vol': 155}], 'ask': [{'price': 10.89, 'vol': 48}]}",0000000000010110,-0.08%,0.10%,966144.0,0.85%,0,0,000000000000000000000000000000000000000000000000,1.19%,-6.49%,2527,3.57,300056.SZ,,中创环保,
MARKET.SZ,300057,9.0,8.61,9.17,8.58,8.5,15:33:12.606,66.0,93911300,1201200,836998464.0,38577900,55333400,0,224.55,"{'bid': [{'price': 8.99, 'vol': 1727}], 'ask': [{'price': 9.0, 'vol': 2847}]}",0000101101010110,0.11%,0.29%,10810816.0,0.35%,0,0,000000000000000000000000000000000000000000000000,1.13%,-43.37%,4431,11.3,300057.SZ,,万顺新材,
MARKET.SZ,300061,10.49,10.44,10.6,10.15,10.54,15:33:11.712,19.0,33845900,584400,349557472.0,18595900,15250100,0,206.19,"{'bid': [{'price': 10.48, 'vol': 2658}], 'ask': [{'price': 10.49, 'vol': 216}]}",0000111011010110,0.77%,0.29%,6130304.0,-0.56%,0,0,000000000000000000000000000000000000000000000000,2.10%,54.26%,3595,5.44,300061.SZ,,旗天科技,
MARKET.SZ,300062,7.76,7.89,7.93,7.7,8.03,15:33:13.350,43.0,29409800,450400,228823904.0,16871100,12538700,0,208.85,"{'bid': [{'price': 7.76, 'vol': 2035}], 'ask': [{'price': 7.77, 'vol': 237}]}",0000011011010110,0.00%,0.27%,3495152.0,0.00%,0,0,000000000000000000000000000000000000000000000000,1.75%,37.77%,3289,6.42,300062.SZ,,中能电气,
MARKET.SZ,300063,11.16,11.28,11.39,10.98,11.27,15:33:11.310,20.0,37629700,295200,418534496.0,17955100,19674600,0,162.21,"{'bid': [{'price': 11.16, 'vol': 1117}], 'ask': [{'price': 11.17, 'vol': 1438}]}",0000001010010110,0.09%,0.17%,3294272.0,0.53%,0,0,000000000000000000000000000000000000000000000000,1.22%,26.74%,4127,6.01,300063.SZ,,天龙集团,
MARKET.SZ,300066,5.98,5.98,6.06,5.89,6.01,15:33:14.418,6.0,18110000,167800,107699112.0,10311300,7798700,0,43.83,"{'bid': [{'price': 5.98, 'vol': 489}], 'ask': [{'price': 5.99, 'vol': 2530}]}",0000011101010110,0.17%,0.08%,1003576.0,-0.49%,0,0,000000000000000000000000000000000000000000000000,1.42%,-28.37%,2509,1.81,300066.SZ,,三川智慧,
MARKET.SZ,300067,6.71,6.47,6.72,6.42,6.45,15:33:13.980,7.0,72391700,904100,476640960.0,31366500,41025200,0,261.58,"{'bid': [{'price': 6.7, 'vol': 1451}], 'ask': [{'price': 6.71, 'vol': 1692}]}",0000100100010110,0.30%,0.28%,6066496.0,-0.14%,0,0,000000000000000000000000000000000000000000000000,1.40%,-28.49%,4197,7.72,300067.SZ,,安诺其,
MARKET.SZ,300070,3.63,3.66,3.68,3.62,3.64,15:33:15.828,0.0,23984800,638100,87465504.0,12313500,11671400,0,62.99,"{'bid': [{'price': 3.63, 'vol': 2581}], 'ask': [{'price': 3.64, 'vol': 300}]}",0000110110010110,-0.54%,0.05%,2316256.0,0.00%,0,0,000000000000000000000000000000000000000000000000,2.25%,-25.18%,2275,0.7,300070.SZ,,碧水源,
MARKET.SZ,300071,4.47,4.5,4.52,4.4,4.48,15:33:15.324,18.0,28080800,172100,125183000.0,13465500,14615400,0,102.51,"{'bid': [{'price': 4.46, 'vol': 2084}], 'ask': [{'price': 4.47, 'vol': 2325}]}",0000111100010110,0.22%,0.10%,769272.0,0.00%,0,0,000000000000000000000000000000000000000000000000,1.21%,3.57%,3227,2.97,300071.SZ,,福石控股,
MARKET.SZ,300072,4.13,4.11,4.16,4.06,4.07,15:33:15.528,0.0,27517500,298100,113221400.0,13203700,14313800,0,156.67,"{'bid': [{'price': 4.13, 'vol': 143}], 'ask': [{'price': 4.14, 'vol': 5232}]}",0000011010010110,0.00%,0.07%,1231168.0,0.98%,0,0,000000000000000000000000000000000000000000000000,1.88%,-36.05%,2160,1.18,300072.SZ,,海新能科,
MARKET.SZ,300074,4.54,4.49,4.6,4.37,4.42,15:33:15.282,0.0,14892400,121500,66953680.0,7692300,7200100,0,41.76,"{'bid': [{'price': 4.54, 'vol': 486}], 'ask': [{'price': 4.55, 'vol': 38}]}",0000000000010110,0.00%,0.09%,551608.0,1.35%,0,0,000000000000000000000000000000000000000000000000,1.39%,-12.98%,2153,2.71,300074.SZ,,华平股份,
MARKET.SZ,300075,13.26,13.44,13.45,13.12,13.27,15:33:10.050,0.0,8658900,132400,115202048.0,4474400,4184600,0,33.33,"{'bid': [{'price': 13.26, 'vol': 27}], 'ask': [{'price': 13.27, 'vol': 191}]}",0001000100010110,-0.14%,0.06%,1755648.0,0.30%,0,0,000000000000000000000000000000000000000000000000,1.76%,9.70%,2608,1.68,300075.SZ,,数字政通,
MARKET.SZ,300078,3.69,3.7,3.74,3.61,3.66,15:33:16.392,4.0,22194300,678400,81463704.0,10532300,11662000,0,12.91,"{'bid': [{'price': 3.68, 'vol': 1587}], 'ask': [{'price': 3.69, 'vol': 1474}]}",0000011100010110,0.27%,0.16%,2503288.0,0.00%,0,0,000000000000000000000000000000000000000000000000,3.20%,-38.48%,1831,1.99,300078.SZ,,思创智联,
MARKET.SZ,300079,5.74,5.65,5.77,5.59,5.66,15:33:14.562,19.0,43083600,452300,244722048.0,20165000,22918700,0,140.63,"{'bid': [{'price': 5.73, 'vol': 669}], 'ask': [{'price': 5.74, 'vol': 792}]}",0001100001010110,0.17%,0.07%,2596272.0,0.00%,0,0,000000000000000000000000000000000000000000000000,1.02%,-71.23%,3465,3.36,300079.SZ,,数码视讯,
MARKET.SZ,300080,4.26,4.15,4.26,4.13,4.16,15:33:15.450,27.0,27411200,249200,115138304.0,11504800,15906500,0,80.3,"{'bid': [{'price': 4.25, 'vol': 56}], 'ask': [{'price': 4.26, 'vol': 3000}]}",0001011100010110,0.24%,0.13%,1061544.0,0.24%,0,0,000000000000000000000000000000000000000000000000,1.90%,-23.57%,2467,1.47,300080.SZ,,易成新能,
MARKET.SZ,300082,10.73,10.35,10.9,10.18,10.34,15:33:11.568,0.0,17663000,192000,186630704.0,7756100,9907000,0,99.57,"{'bid': [{'price': 10.73, 'vol': 722}], 'ask': [{'price': 10.74, 'vol': 255}]}",0001100010010110,0.00%,0.14%,2060128.0,1.37%,0,0,000000000000000000000000000000000000000000000000,1.26%,6.32%,3040,2.6,300082.SZ,,奥克股份,
MARKET.SZ,300083,10.94,10.87,11.0,10.44,10.86,15:33:11.442,436.0,110165700,1736600,1191303680.0,55946600,54219200,0,749.27,"{'bid': [{'price': 10.93, 'vol': 8874}], 'ask': [{'price': 10.94, 'vol': 784}]}",0000110110010110,0.09%,0.31%,18998016.0,1.21%,0,0,000000000000000000000000000000000000000000000000,1.95%,43.87%,4530,7.38,300083.SZ,,创世纪,
MARKET.SZ,300084,12.97,12.61,13.1,12.61,12.6,15:33:10.224,0.0,18216500,189800,235258880.0,8530800,9685700,0,52.08,"{'bid': [{'price': 12.96, 'vol': 173}], 'ask': [{'price': 12.97, 'vol': 194}]}",0000000000010110,0.08%,0.10%,2461616.0,0.00%,0,0,000000000000000000000000000000000000000000000000,0.88%,-17.48%,2638,5.11,300084.SZ,,海默科技,
MARKET.SZ,300086,7.01,6.97,7.08,6.86,6.94,15:33:13.800,0.0,11282500,185200,78928592.0,5278300,6004300,0,20.35,"{'bid': [{'price': 7.01, 'vol': 948}], 'ask': [{'price': 7.02, 'vol': 54}]}",0000110010010110,-0.27%,0.14%,1298256.0,-0.42%,0,0,000000000000000000000000000000000000000000000000,1.86%,22.27%,2293,2.56,300086.SZ,,康芝药业,
MARKET.SZ,300087,7.55,7.51,7.6,7.39,7.45,15:33:13.476,0.0,9917100,150400,74464888.0,4563500,5353700,0,27.19,"{'bid': [{'price': 7.55, 'vol': 219}], 'ask': [{'price': 7.56, 'vol': 153}]}",0001001101010110,0.13%,0.07%,1135680.0,-0.52%,0,0,000000000000000000000000000000000000000000000000,1.82%,-54.46%,2451,1.1,300087.SZ,,荃银高科,
MARKET.SZ,300088,7.19,7.21,7.27,6.86,7.09,15:33:13.692,602.0,208760900,1804400,1469070848.0,109574700,99186200,0,2105.03,"{'bid': [{'price': 7.18, 'vol': 5247}], 'ask': [{'price': 7.19, 'vol': 2785}]}",0000010100010110,0.14%,0.26%,12974336.0,1.55%,0,0,000000000000000000000000000000000000000000000000,1.24%,-22.89%,4725,8.4,300088.SZ,,长信科技,
MARKET.SZ,300094,2.99,3.01,3.03,2.94,2.98,15:33:16.212,70.0,26070900,319500,77515576.0,14127400,11943600,0,61.55,"{'bid': [{'price': 2.98, 'vol': 5548}], 'ask': [{'price': 2.99, 'vol': 424}]}",0000111110010110,0.34%,0.08%,955328.0,0.67%,0,0,000000000000000000000000000000000000000000000000,1.33%,-7.58%,2040,2.36,300094.SZ,,国联水产,
MARKET.SZ,300095,10.18,10.09,10.25,9.82,9.98,15:33:11.898,5.0,11345500,213800,114576104.0,5624500,5721000,0,30.27,"{'bid': [{'price': 10.18, 'vol': 164}], 'ask': [{'price': 10.19, 'vol': 110}]}",0000000000010110,-0.09%,0.14%,2176488.0,1.10%,0,0,000000000000000000000000000000000000000000000000,1.71%,-41.12%,2776,3.57,300095.SZ,,华伍股份,
MARKET.SZ,300097,10.48,10.0,10.88,9.95,9.97,15:33:11.718,0.0,16941800,259500,176072080.0,7346200,9595600,0,93.0,"{'bid': [{'price': 10.48, 'vol': 317}], 'ask': [{'price': 10.49, 'vol': 1280}]}",0000001011010110,-0.09%,0.29%,2719440.0,1.94%,0,0,000000000000000000000000000000000000000000000000,2.00%,-52.74%,2587,6.27,300097.SZ,,智云股份,
MARKET.SZ,300098,5.82,5.8,5.85,5.68,5.73,15:33:14.514,306.0,46315900,641700,267364480.0,22698700,23617300,0,101.04,"{'bid': [{'price': 5.82, 'vol': 569}], 'ask': [{'price': 5.83, 'vol': 2656}]}",0001010100010110,-0.16%,0.11%,3734800.0,0.17%,0,0,000000000000000000000000000000000000000000000000,1.62%,-21.18%,3810,3.0,300098.SZ,,高新兴,
MARKET.SZ,300099,8.38,8.3,8.47,8.13,8.23,15:33:12.978,0.0,16932600,178800,140546720.0,8239600,8693100,0,41.5,"{'bid': [{'price': 8.38, 'vol': 526}], 'ask': [{'price': 8.39, 'vol': 734}]}",0001001010010110,0.12%,0.08%,1498368.0,0.24%,0,0,000000000000000000000000000000000000000000000000,1.18%,-14.89%,2441,2.91,300099.SZ,,尤洛卡,
MARKET.SZ,300103,9.1,9.14,9.28,8.98,9.15,15:33:12.546,0.0,10968400,170200,99825616.0,5243800,5724700,0,16.73,"{'bid': [{'price': 9.08, 'vol': 23}], 'ask': [{'price': 9.1, 'vol': 882}]}",0000111110010110,0.55%,0.10%,1548784.0,0.66%,0,0,000000000000000000000000000000000000000000000000,1.05%,-35.49%,2125,3.46,300103.SZ,,达刚控股,
MARKET.SZ,300105,6.74,6.51,6.77,6.42,6.5,15:33:13.962,10.0,10245900,116300,67718856.0,5129500,5116400,0,25.26,"{'bid': [{'price': 6.74, 'vol': 65}], 'ask': [{'price': 6.75, 'vol': 650}]}",0000000000010110,0.45%,0.10%,783860.0,0.00%,0,0,000000000000000000000000000000000000000000000000,1.46%,-25.83%,2006,1.99,300105.SZ,,龙源技术,
MARKET.SZ,300106,13.88,13.57,14.32,13.36,13.55,15:33:09.678,0.0,13364700,106100,184491984.0,6052100,7312700,0,88.07,"{'bid': [{'price': 13.86, 'vol': 81}], 'ask': [{'price': 13.88, 'vol': 46}]}",0001010100010110,0.00%,0.18%,1472624.0,0.44%,0,0,000000000000000000000000000000000000000000000000,0.78%,2.03%,3011,6.32,300106.SZ,,西部牧业,
MARKET.SZ,300107,7.0,6.98,7.04,6.8,6.98,15:33:14.406,0.0,13265400,135000,91596408.0,7159300,6106100,0,100.51,"{'bid': [{'price': 6.99, 'vol': 254}], 'ask': [{'price': 7.0, 'vol': 468}]}",0000000000010110,0.00%,0.11%,945032.0,0.29%,0,0,000000000000000000000000000000000000000000000000,1.07%,-7.66%,2067,3.82,300107.SZ,,建新股份,
MARKET.SZ,300110,2.9,2.9,2.92,2.86,2.88,15:33:16.266,0.0,14527100,167300,41937580.0,6530300,7996800,0,10.5,"{'bid': [{'price': 2.9, 'vol': 148}], 'ask': [{'price': 2.91, 'vol': 3735}]}",0000000000010110,0.35%,0.04%,485156.0,0.00%,0,0,000000000000000000000000000000000000000000000000,1.11%,-1.61%,1357,1.23,300110.SZ,,华仁药业,
MARKET.SZ,300111,3.62,3.66,3.67,3.55,3.6,15:33:15.834,0.0,29597100,184700,107106752.0,13639700,15957400,0,15.56,"{'bid': [{'price': 3.62, 'vol': 1842}], 'ask': [{'price': 3.63, 'vol': 279}]}",0000000011010110,-0.27%,0.06%,668616.0,0.83%,0,0,000000000000000000000000000000000000000000000000,0.87%,-20.42%,2244,2.3,300111.SZ,,向日葵,
MARKET.SZ,300112,8.12,7.73,8.22,7.71,8.11,15:33:13.134,0.0,11198100,67300,89298784.0,5207600,5990600,0,169.44,"{'bid': [{'price': 8.1, 'vol': 41}], 'ask': [{'price': 8.12, 'vol': 219}]}",0001010111010110,-0.11%,0.07%,546440.0,2.79%,0,0,000000000000000000000000000000000000000000000000,0.67%,-12.97%,2341,4.71,300112.SZ,,万讯自控,
MARKET.SZ,300120,7.13,7.04,7.19,6.87,7.02,15:33:13.728,0.0,14684700,137800,103478496.0,7759600,6925200,0,172.34,"{'bid': [{'price': 7.12, 'vol': 2017}], 'ask': [{'price': 7.13, 'vol': 550}]}",0001100000010110,0.00%,0.09%,982560.0,0.14%,0,0,000000000000000000000000000000000000000000000000,1.45%,-12.11%,2354,2.78,300120.SZ,,经纬辉开,
MARKET.SZ,300121,12.54,12.17,12.65,12.09,12.16,15:33:10.482,2.0,13902000,116200,172768688.0,6499600,7402500,0,186.2,"{'bid': [{'price': 12.54, 'vol': 357}], 'ask': [{'price': 12.55, 'vol': 157}]}",0001001101010110,-0.23%,0.11%,1457168.0,0.58%,0,0,000000000000000000000000000000000000000000000000,1.09%,31.85%,2941,3.24,300121.SZ,,阳谷华泰,
MARKET.SZ,300122,14.06,14.49,14.55,14.0,14.49,15:33:09.570,8.0,22605400,225300,320132800.0,12647200,9958300,0,134.18,"{'bid': [{'price': 14.06, 'vol': 1532}], 'ask': [{'price': 14.07, 'vol': 365}]}",0001001100010110,0.07%,0.05%,3167424.0,0.00%,0,0,000000000000000000000000000000000000000000000000,1.11%,73.84%,3974,1.6,300122.SZ,,智飞生物,
MARKET.SZ,300126,7.71,7.66,7.77,7.47,7.55,15:33:13.380,0.0,4693400,53700,35781936.0,2333100,2360300,0,24.51,"{'bid': [{'price': 7.69, 'vol': 106}], 'ask': [{'price': 7.71, 'vol': 204}]}",0000000000010110,0.26%,0.10%,414036.0,0.13%,0,0,000000000000000000000000000000000000000000000000,1.51%,-45.85%,1729,2.23,300126.SZ,,锐奇股份,
MARKET.SZ,300128,8.08,7.84,8.12,7.65,7.84,15:33:13.158,30.0,60815600,741100,484298048.0,25308800,35506800,0,189.57,"{'bid': [{'price': 8.07, 'vol': 363}], 'ask': [{'price': 8.08, 'vol': 1551}]}",0000011110010110,0.12%,0.18%,5988064.0,0.00%,0,0,000000000000000000000000000000000000000000000000,1.35%,-75.24%,3608,4.69,300128.SZ,,锦富技术,
MARKET.SZ,300129,11.09,11.1,11.15,10.86,10.96,15:33:11.352,26.0,18411000,94300,203039424.0,9450200,8960900,0,91.13,"{'bid': [{'price': 11.09, 'vol': 788}], 'ask': [{'price': 11.1, 'vol': 770}]}",0001011110010110,-0.08%,0.06%,1045776.0,0.18%,0,0,000000000000000000000000000000000000000000000000,1.15%,-24.67%,2867,2.56,300129.SZ,,泰胜风能,
MARKET.SZ,300132,7.66,7.9,7.95,7.6,7.9,15:33:13.410,0.0,14908700,132600,114702224.0,8567500,6341300,0,16.99,"{'bid': [{'price': 7.66, 'vol': 130}], 'ask': [{'price': 7.67, 'vol': 544}]}",0001011000010110,-0.12%,0.08%,1015744.0,0.77%,0,0,000000000000000000000000000000000000000000000000,1.16%,33.84%,2152,2.93,300132.SZ,,青松股份,
MARKET.SZ,300133,9.43,9.01,9.77,8.69,8.78,15:33:12.348,65.0,169576300,1272100,1562540032.0,71174700,98401700,0,904.33,"{'bid': [{'price': 9.43, 'vol': 3603}], 'ask': [{'price': 9.44, 'vol': 1152}]}",0001000111010110,-0.10%,0.26%,11995904.0,1.12%,0,0,000000000000000000000000000000000000000000000000,0.94%,16.86%,4563,10.12,300133.SZ,,华策影视,
MARKET.SZ,300134,11.17,10.98,11.29,10.85,10.94,15:33:11.304,0.0,11304500,165000,125048248.0,5134300,6170200,0,72.36,"{'bid': [{'price': 11.16, 'vol': 34}], 'ask': [{'price': 11.17, 'vol': 399}]}",0000000010010110,0.18%,0.10%,1843080.0,0.73%,0,0,000000000000000000000000000000000000000000000000,1.48%,-44.56%,3072,1.47,300134.SZ,,大富科技,
MARKET.SZ,300135,3.75,3.7,3.78,3.63,3.64,15:33:15.756,34.0,21956100,177400,81630952.0,10621900,11334200,0,78.85,"{'bid': [{'price': 3.75, 'vol': 443}], 'ask': [{'price': 3.76, 'vol': 884}]}",0000000000010110,0.00%,0.12%,665256.0,0.82%,0,0,000000000000000000000000000000000000000000000000,1.64%,-41.06%,1950,2.38,300135.SZ,,宝利国际,
MARKET.SZ,300138,10.49,10.64,10.64,10.45,10.51,15:33:11.712,1.0,3979700,9100,41818112.0,2519400,1460300,0,10.64,"{'bid': [{'price': 10.49, 'vol': 44}], 'ask': [{'price': 10.5, 'vol': 249}]}",0000000000010110,0.00%,0.02%,95472.0,0.00%,0,0,000000000000000000000000000000000000000000000000,0.69%,-6.68%,1736,1.0,300138.SZ,,晨光生物,
MARKET.SZ,300140,6.37,6.36,6.42,6.28,6.29,15:33:14.184,0.0,14068900,280600,89309552.0,7480100,6588800,0,134.45,"{'bid': [{'price': 6.36, 'vol': 920}], 'ask': [{'price': 6.37, 'vol': 227}]}",0000000000010110,0.00%,0.07%,1787472.0,0.47%,0,0,000000000000000000000000000000000000000000000000,1.59%,-29.47%,2276,1.38,300140.SZ,,节能环境,
MARKET.SZ,300141,12.49,12.23,12.59,12.06,12.1,15:33:10.512,0.0,5983800,55300,73788088.0,2613100,3370700,0,48.31,"{'bid': [{'price': 12.49, 'vol': 129}], 'ask': [{'price': 12.5, 'vol': 27}]}",0000000000010110,-0.31%,0.12%,690712.0,0.99%,0,0,000000000000000000000000000000000000000000000000,1.14%,-42.57%,2299,2.35,300141.SZ,,和顺电气,
MARKET.SZ,300142,13.78,13.83,13.88,13.51,13.74,15:33:09.738,28.0,59161600,858800,809604992.0,29085100,30076600,0,187.67,"{'bid': [{'price': 13.77, 'vol': 686}], 'ask': [{'price': 13.78, 'vol': 958}]}",0001000100010110,0.07%,0.12%,11834048.0,0.00%,0,0,000000000000000000000000000000000000000000000000,1.53%,21.07%,4456,3.79,300142.SZ,,沃森生物,
MARKET.SZ,300143,10.76,10.78,10.9,10.67,10.73,15:33:11.550,0.0,5857300,53900,63078876.0,3522400,2334900,0,19.3,"{'bid': [{'price': 10.76, 'vol': 94}], 'ask': [{'price': 10.77, 'vol': 258}]}",0000100101010110,0.00%,0.04%,579972.0,0.00%,0,0,000000000000000000000000000000000000000000000000,1.14%,60.87%,1622,0.91,300143.SZ,,盈康生命,
MARKET.SZ,300144,6.85,6.85,6.91,6.83,6.88,15:33:13.896,0.0,18524400,395100,127179920.0,8298600,10225900,0,77.54,"{'bid': [{'price': 6.85, 'vol': 3808}], 'ask': [{'price': 6.86, 'vol': 674}]}",0001011001010110,-0.14%,0.04%,2706432.0,0.00%,0,0,000000000000000000000000000000000000000000000000,1.65%,28.46%,2697,0.71,300144.SZ,,宋城演艺,
MARKET.SZ,300145,5.07,4.99,5.1,4.91,4.94,15:33:14.964,39.0,67591800,401500,338663040.0,30857000,36734800,0,149.9,"{'bid': [{'price': 5.07, 'vol': 3810}], 'ask': [{'price': 5.08, 'vol': 4547}]}",0000110001010110,-0.19%,0.12%,2035808.0,0.40%,0,0,000000000000000000000000000000000000000000000000,1.13%,-58.77%,3513,3.54,300145.SZ,,南方泵业,
MARKET.SZ,300146,9.9,10.0,10.03,9.9,9.99,15:33:12.066,0.0,16337700,196700,162129152.0,9017400,7320300,0,60.3,"{'bid': [{'price': 9.9, 'vol': 3040}], 'ask': [{'price': 9.91, 'vol': 1263}]}",0000010110010110,0.00%,0.08%,1947360.0,0.00%,0,0,000000000000000000000000000000000000000000000000,2.31%,-43.66%,2700,1.46,300146.SZ,,汤臣倍健,
MARKET.SZ,300148,3.81,3.76,3.83,3.7,3.74,15:33:15.720,0.0,21541600,407400,81214056.0,9863100,11678600,0,52.98,"{'bid': [{'price': 3.81, 'vol': 1315}], 'ask': [{'price': 3.82, 'vol': 3271}]}",0001011001010110,0.26%,0.09%,1552232.0,0.27%,0,0,000000000000000000000000000000000000000000000000,1.38%,-9.51%,1946,2.65,300148.SZ,,天舟文化,
MARKET.SZ,300149,9.0,9.11,9.21,8.9,9.1,15:33:12.606,3.0,10706500,135200,96219312.0,5922500,4784100,0,7.93,"{'bid': [{'price': 8.99, 'vol': 410}], 'ask': [{'price': 9.0, 'vol': 645}]}",0001001110010110,0.33%,0.08%,1216816.0,0.00%,0,0,000000000000000000000000000000000000000000000000,1.27%,30.46%,2155,2.26,300149.SZ,,睿智医药,
MARKET.SZ,300150,4.85,4.75,4.87,4.66,4.72,15:33:15.096,0.0,8623500,48900,41087124.0,3520000,5103500,0,17.34,"{'bid': [{'price': 4.84, 'vol': 3}], 'ask': [{'price': 4.85, 'vol': 844}]}",0000000010010110,0.41%,0.03%,237156.0,0.21%,0,0,000000000000000000000000000000000000000000000000,0.71%,-80.41%,1599,1.86,300150.SZ,,世纪瑞尔,
MARKET.SZ,300154,11.07,10.93,11.16,10.76,10.89,15:33:11.364,0.0,14262900,144800,156128560.0,7685800,6577100,0,54.21,"{'bid': [{'price': 11.07, 'vol': 616}], 'ask': [{'price': 11.08, 'vol': 10}]}",0000000001010110,0.73%,0.29%,1602976.0,0.00%,0,0,000000000000000000000000000000000000000000000000,1.44%,35.63%,3018,4.53,300154.SZ,,瑞凌股份,
MARKET.SZ,300155,5.05,4.99,5.11,4.89,4.91,15:33:14.976,0.0,8381200,81000,41920172.0,4282300,4098900,0,19.06,"{'bid': [{'price': 5.04, 'vol': 137}], 'ask': [{'price': 5.05, 'vol': 129}]}",0000000000010110,0.20%,0.09%,409064.0,1.01%,0,0,000000000000000000000000000000000000000000000000,1.28%,-11.23%,1663,2.54,300155.SZ,,安居宝,
MARKET.SZ,300157,5.05,5.03,5.08,4.95,4.97,15:33:14.976,2.0,28160800,403000,141440944.0,12503800,15657100,0,28.52,"{'bid': [{'price': 5.05, 'vol': 259}], 'ask': [{'price': 5.06, 'vol': 1587}]}",0000111010010110,-0.19%,0.19%,2035120.0,0.60%,0,0,000000000000000000000000000000000000000000000000,1.90%,-65.27%,3150,3.98,300157.SZ,,新锦动力,
MARKET.SZ,300158,5.48,5.47,5.51,5.4,5.42,15:33:14.718,93.0,5629500,108400,30766926.0,2977400,2652200,0,14.55,"{'bid': [{'price': 5.47, 'vol': 1283}], 'ask': [{'price': 5.48, 'vol': 75}]}",0001000111010110,0.18%,0.02%,594034.0,0.00%,0,0,000000000000000000000000000000000000000000000000,1.44%,16.93%,1151,0.57,300158.SZ,,振东制药,
MARKET.SZ,300160,4.94,4.99,5.02,4.88,4.99,15:33:15.042,223.0,8753400,91900,43145008.0,4844900,3908500,0,3.84,"{'bid': [{'price': 4.93, 'vol': 491}], 'ask': [{'price': 4.94, 'vol': 354}]}",0000000000010110,-0.39%,0.07%,453972.0,0.00%,0,0,000000000000000000000000000000000000000000000000,1.91%,-12.34%,1338,1.15,300160.SZ,,秀强股份,
MARKET.SZ,300162,9.72,9.97,10.06,9.31,9.98,15:33:12.174,47.0,88590200,941800,850552512.0,50269800,38320400,0,2631.98,"{'bid': [{'price': 9.72, 'vol': 164}], 'ask': [{'price': 9.73, 'vol': 847}]}",0000000000010110,0.00%,0.91%,9154432.0,4.62%,0,0,000000000000000000000000000000000000000000000000,1.45%,19.42%,4460,25.89,300162.SZ,,雷曼光电,
MARKET.SZ,300163,5.64,5.65,5.72,5.46,5.6,15:33:14.622,0.0,52145900,499200,293271616.0,29059800,23086100,0,364.99,"{'bid': [{'price': 5.63, 'vol': 424}], 'ask': [{'price': 5.64, 'vol': 3334}]}",0000000000010110,0.36%,0.24%,2815488.0,2.54%,0,0,000000000000000000000000000000000000000000000000,0.95%,-3.72%,3463,11.42,300163.SZ,,先锋新材,
MARKET.SZ,300164,11.77,11.61,11.88,11.48,11.7,15:33:10.944,81.0,68296600,1074700,798124480.0,32891200,35405400,0,774.85,"{'bid': [{'price': 11.77, 'vol': 692}], 'ask': [{'price': 11.78, 'vol': 831}]}",0000000000010110,0.00%,0.54%,12649152.0,1.04%,0,0,000000000000000000000000000000000000000000000000,2.02%,-56.68%,4377,11.71,300164.SZ,,通源石油,
MARKET.SZ,300165,6.74,6.64,6.78,6.6,6.55,15:33:13.962,5.0,17120100,218100,115181536.0,6995600,10124600,0,27.69,"{'bid': [{'price': 6.74, 'vol': 1998}], 'ask': [{'price': 6.75, 'vol': 1665}]}",0001000100010110,0.00%,0.13%,1470008.0,0.00%,0,0,000000000000000000000000000000000000000000000000,1.34%,7.76%,2591,4.07,300165.SZ,,天瑞仪器,
MARKET.SZ,300168,5.64,5.66,5.7,5.5,5.59,15:33:14.622,0.0,19390800,188600,108458488.0,9513400,9877500,0,58.3,"{'bid': [{'price': 5.64, 'vol': 551}], 'ask': [{'price': 5.65, 'vol': 401}]}",0001000100010110,-0.17%,0.03%,1063688.0,1.25%,0,0,000000000000000000000000000000000000000000000000,0.93%,-25.92%,2304,1.35,300168.SZ,,万达信息,
MARKET.SZ,300169,6.2,6.03,6.25,5.96,6.02,15:33:14.286,0.0,7712600,78300,47278864.0,3748800,3963800,0,22.37,"{'bid': [{'price': 6.19, 'vol': 14}], 'ask': [{'price': 6.2, 'vol': 158}]}",0000000000010110,0.00%,0.04%,485436.0,0.67%,0,0,000000000000000000000000000000000000000000000000,0.82%,-46.58%,2128,2.56,300169.SZ,,天晟新材,
MARKET.SZ,300171,12.2,12.32,12.37,12.07,12.21,15:33:11.286,0.0,6715800,88500,81858664.0,3119300,3596500,0,30.31,"{'bid': [{'price': 12.2, 'vol': 296}], 'ask': [{'price': 12.21, 'vol': 5}]}",0000000001010110,0.00%,0.05%,1079680.0,0.00%,0,0,000000000000000000000000000000000000000000000000,1.24%,61.93%,2486,1.19,300171.SZ,,东富龙,
MARKET.SZ,300172,5.05,4.94,5.06,4.88,4.93,15:33:14.976,0.0,13778600,106900,68460240.0,5920500,7858100,0,41.79,"{'bid': [{'price': 5.05, 'vol': 138}], 'ask': [{'price': 5.06, 'vol': 1706}]}",0000010101010110,0.20%,0.08%,539832.0,0.00%,0,0,000000000000000000000000000000000000000000000000,1.41%,-6.06%,1779,2.63,300172.SZ,,中电环保,
MARKET.SZ,300176,6.39,6.35,6.47,6.21,6.27,15:33:14.772,0.0,13294900,140200,84362536.0,5765300,7529600,0,47.18,"{'bid': [{'price': 6.39, 'vol': 406}], 'ask': [{'price': 6.4, 'vol': 39}]}",0000000000010110,-0.15%,0.08%,895896.0,1.44%,0,0,000000000000000000000000000000000000000000000000,0.81%,1.79%,2234,3.43,300176.SZ,,鸿特科技,
MARKET.SZ,300177,8.45,8.56,8.65,8.37,8.48,15:33:12.936,0.0,14080700,115000,119295104.0,7663300,6417500,0,81.92,"{'bid': [{'price': 8.45, 'vol': 867}], 'ask': [{'price': 8.46, 'vol': 995}]}",0000110011010110,-0.23%,0.13%,971704.0,0.71%,0,0,000000000000000000000000000000000000000000000000,2.58%,-18.26%,2291,2.32,300177.SZ,,中海达,
MARKET.SZ,300180,4.84,4.82,4.89,4.75,4.79,15:33:15.102,0.0,24097600,290400,116260896.0,9637400,14460300,0,24.34,"{'bid': [{'price': 4.84, 'vol': 2391}], 'ask': [{'price': 4.85, 'vol': 217}]}",0000111111010110,0.00%,0.05%,1405544.0,0.00%,0,0,000000000000000000000000000000000000000000000000,1.15%,2.29%,2252,1.41,300180.SZ,,华峰超纤,
MARKET.SZ,300181,14.22,14.38,14.42,14.12,14.38,15:33:09.474,6.0,6945800,145600,98902216.0,3525800,3420000,0,26.75,"{'bid': [{'price': 14.22, 'vol': 99}], 'ask': [{'price': 14.23, 'vol': 31}]}",0000001001010110,-0.06%,0.04%,2070472.0,0.07%,0,0,000000000000000000000000000000000000000000000000,1.65%,66.31%,1816,1.15,300181.SZ,,佐力药业,
MARKET.SZ,300182,5.57,5.62,5.64,5.49,5.58,15:33:14.664,129.0,86994800,900000,482354784.0,44047800,42947100,0,97.17,"{'bid': [{'price': 5.57, 'vol': 532}], 'ask': [{'price': 5.58, 'vol': 2962}]}",0001011100010110,0.18%,0.10%,5013024.0,0.18%,0,0,000000000000000000000000000000000000000000000000,1.17%,11.69%,4190,3.85,300182.SZ,,捷成股份,
MARKET.SZ,300183,12.94,12.79,13.05,12.55,12.7,15:33:10.242,0.0,8597600,104700,110132136.0,4098600,4499000,0,135.96,"{'bid': [{'price': 12.94, 'vol': 26}], 'ask': [{'price': 12.95, 'vol': 310}]}",0000010101010110,0.00%,0.10%,1354832.0,1.11%,0,0,000000000000000000000000000000000000000000000000,1.26%,15.64%,2847,2.32,300183.SZ,,东软载波,
MARKET.SZ,300184,14.68,14.4,14.76,14.28,14.14,15:33:09.198,26.0,82857000,1064000,1206355200.0,39934600,42922400,0,600.48,"{'bid': [{'price': 14.68, 'vol': 2080}], 'ask': [{'price': 14.69, 'vol': 830}]}",0000001000010110,-0.13%,0.21%,15619712.0,0.00%,0,0,000000000000000000000000000000000000000000000000,1.23%,-16.15%,4652,7.86,300184.SZ,,力源信息,
MARKET.SZ,300185,2.95,2.97,2.98,2.91,2.94,15:33:16.836,0.0,92872200,1816700,273219072.0,40302600,52569700,0,300.47,"{'bid': [{'price': 2.94, 'vol': 32035}], 'ask': [{'price': 2.95, 'vol': 641}]}",0000111010010110,0.34%,0.12%,5359248.0,0.68%,0,0,000000000000000000000000000000000000000000000000,2.05%,7.66%,4181,2.41,300185.SZ,,通裕重工,
MARKET.SZ,300187,5.98,5.83,6.01,5.78,5.81,15:33:14.418,0.0,16363100,196900,96746368.0,7580100,8783000,0,44.66,"{'bid': [{'price': 5.98, 'vol': 443}], 'ask': [{'price': 5.99, 'vol': 1777}]}",0000000000010110,0.00%,0.17%,1177472.0,0.00%,0,0,000000000000000000000000000000000000000000000000,1.75%,-44.99%,2455,2.55,300187.SZ,,永清环保,
MARKET.SZ,300188,11.58,12.15,12.21,11.0,12.09,15:33:11.058,6.0,30987800,304400,356152512.0,18042600,12945300,0,16.77,"{'bid': [{'price': 11.57, 'vol': 190}], 'ask': [{'price': 11.58, 'vol': 153}]}",0001001001010110,0.00%,0.13%,3524864.0,0.00%,0,0,000000000000000000000000000000000000000000000000,1.00%,-14.85%,3505,3.62,300188.SZ,,国投智能,
MARKET.SZ,300189,5.41,5.3,5.47,5.26,5.25,15:33:14.760,65.0,47977100,354800,258569840.0,21004300,26972800,0,153.17,"{'bid': [{'price': 5.41, 'vol': 3512}], 'ask': [{'price': 5.42, 'vol': 887}]}",0000100110010110,-0.36%,0.25%,1919536.0,0.00%,0,0,000000000000000000000000000000000000000000000000,2.17%,-32.31%,3335,5.41,300189.SZ,,神农种业,
MARKET.SZ,300190,4.54,4.45,4.58,4.39,4.41,15:33:15.282,0.0,22698200,663500,101850000.0,12742600,9955600,0,73.2,"{'bid': [{'price': 4.53, 'vol': 1528}], 'ask': [{'price': 4.54, 'vol': 1440}]}",0000011001010110,0.00%,0.15%,3012344.0,0.45%,0,0,000000000000000000000000000000000000000000000000,2.17%,24.13%,2156,2.4,300190.SZ,,维尔利,
MARKET.SZ,300193,8.35,8.24,8.46,8.16,8.2,15:33:12.996,0.0,7083200,22700,58842048.0,3233800,3849400,0,7.5,"{'bid': [{'price': 8.34, 'vol': 176}], 'ask': [{'price': 8.35, 'vol': 974}]}",0000110001010110,0.00%,0.03%,189544.0,0.00%,0,0,000000000000000000000000000000000000000000000000,0.71%,-59.65%,1843,1.69,300193.SZ,,佳士科技,
MARKET.SZ,300194,3.92,3.9,3.93,3.87,3.89,15:33:15.654,0.0,6896200,48400,26882512.0,3685200,3211000,0,4.95,"{'bid': [{'price': 3.91, 'vol': 1461}], 'ask': [{'price': 3.92, 'vol': 961}]}",0000000000010110,0.26%,0.01%,189724.0,0.00%,0,0,000000000000000000000000000000000000000000000000,0.92%,-22.18%,1018,0.71,300194.SZ,,福安药业,
MARKET.SZ,300195,6.6,6.57,6.66,6.38,6.45,15:33:14.046,0.0,8967700,110200,58615308.0,3970700,4997000,0,17.21,"{'bid': [{'price': 6.59, 'vol': 16}], 'ask': [{'price': 6.6, 'vol': 416}]}",0000110000010110,0.30%,0.13%,727296.0,1.86%,0,0,000000000000000000000000000000000000000000000000,2.09%,22.18%,1871,2.86,300195.SZ,,长荣股份,
MARKET.SZ,300197,1.59,1.56,1.61,1.55,1.55,15:33:17.652,0.0,37580100,461400,59457012.0,15336400,22243800,0,21.0,"{'bid': [{'price': 1.58, 'vol': 16254}], 'ask': [{'price': 1.59, 'vol': 5691}]}",0001001010010110,0.00%,0.05%,733612.0,0.00%,0,0,000000000000000000000000000000000000000000000000,1.07%,-20.76%,1674,1.27,300197.SZ,,节能铁汉,
MARKET.SZ,300200,10.53,10.36,10.62,10.28,10.36,15:33:11.688,0.0,14268500,167700,149221488.0,7470900,6797600,0,64.13,"{'bid': [{'price': 10.53, 'vol': 4}], 'ask': [{'price': 10.54, 'vol': 801}]}",0000010100010110,0.10%,0.16%,1765888.0,0.00%,0,0,000000000000000000000000000000000000000000000000,1.65%,9.38%,2610,3.37,300200.SZ,,高盟新材,
MARKET.SZ,300206,13.78,13.7,13.89,13.45,13.64,15:33:09.738,0.0,6851500,77300,93489024.0,3492700,3358800,0,20.0,"{'bid': [{'price': 13.78, 'vol': 35}], 'ask': [{'price': 13.79, 'vol': 16}]}",0000000000010110,0.07%,0.06%,1065176.0,0.00%,0,0,000000000000000000000000000000000000000000000000,0.99%,59.35%,2523,2.02,300206.SZ,,理邦仪器,
MARKET.SZ,300210,12.08,12.08,12.29,11.77,11.89,15:33:10.758,0.0,27983500,437600,336458976.0,13953000,14030600,0,445.75,"{'bid': [{'price': 12.07, 'vol': 197}], 'ask': [{'price': 12.08, 'vol': 60}]}",0001001110010110,0.00%,0.31%,5286016.0,0.67%,0,0,000000000000000000000000000000000000000000000000,1.96%,-37.91%,3247,5.78,300210.SZ,,森远股份,
MARKET.SZ,300213,8.11,8.05,8.16,7.87,7.94,15:33:13.140,13.0,11631100,28000,93446368.0,5240400,6390700,0,18.68,"{'bid': [{'price': 8.11, 'vol': 351}], 'ask': [{'price': 8.12, 'vol': 25}]}",0000000000010110,0.00%,0.03%,227104.0,0.25%,0,0,000000000000000000000000000000000000000000000000,0.67%,-19.70%,2377,2.11,300213.SZ,,佳讯飞鸿,
MARKET.SZ,300214,8.41,8.2,8.47,8.03,8.11,15:33:12.960,0.0,16426200,104800,136330400.0,7830900,8595300,0,36.9,"{'bid': [{'price': 8.41, 'vol': 2}], 'ask': [{'price': 8.42, 'vol': 534}]}",0000000000010110,0.24%,0.15%,881408.0,0.24%,0,0,000000000000000000000000000000000000000000000000,1.18%,-1.21%,2866,3.53,300214.SZ,,日科化学,
MARKET.SZ,300215,9.07,8.8,9.12,8.6,8.91,15:33:12.564,306.0,28389200,536700,252064592.0,13731400,14657800,0,143.35,"{'bid': [{'price': 9.06, 'vol': 1413}], 'ask': [{'price': 9.07, 'vol': 522}]}",0000000000010110,0.11%,0.40%,4867824.0,0.23%,0,0,000000000000000000000000000000000000000000000000,2.08%,-41.31%,3100,3.79,300215.SZ,,电科院,
MARKET.SZ,300217,5.53,5.46,5.57,5.36,5.37,15:33:14.688,0.0,56835100,503700,312225920.0,26494100,30341100,0,194.05,"{'bid': [{'price': 5.53, 'vol': 1178}], 'ask': [{'price': 5.54, 'vol': 3400}]}",0001001110010110,-0.17%,0.17%,2785376.0,0.55%,0,0,000000000000000000000000000000000000000000000000,1.35%,-60.27%,3150,4.63,300217.SZ,,东方电热,
MARKET.SZ,300218,14.39,14.35,14.46,14.14,14.19,15:33:09.372,0.0,2843100,33800,40687824.0,1458900,1384200,0,15.64,"{'bid': [{'price': 14.37, 'vol': 22}], 'ask': [{'price': 14.39, 'vol': 310}]}",0000000000010110,0.21%,0.06%,486388.0,1.06%,0,0,000000000000000000000000000000000000000000000000,1.28%,-44.68%,1447,1.31,300218.SZ,,安利股份,
MARKET.SZ,300219,8.43,8.25,8.49,7.96,8.24,15:33:12.948,1.0,52584800,590000,433591392.0,26984300,25600500,0,552.01,"{'bid': [{'price': 8.43, 'vol': 117}], 'ask': [{'price': 8.44, 'vol': 281}]}",0000011011010110,-0.11%,0.32%,4973696.0,2.87%,0,0,000000000000000000000000000000000000000000000000,1.32%,-25.30%,4020,7.44,300219.SZ,,鸿利智汇,
MARKET.SZ,300220,14.16,13.99,14.29,13.5,13.7,15:33:09.510,0.0,3089800,34200,43045348.0,1391700,1698100,0,4.76,"{'bid': [{'price': 14.15, 'vol': 158}], 'ask': [{'price': 14.16, 'vol': 113}]}",0000000000010110,0.00%,0.09%,484284.0,2.12%,0,0,000000000000000000000000000000000000000000000000,1.10%,-36.70%,1782,2.05,300220.SZ,,金运激光,
MARKET.SZ,300221,13.38,11.71,13.38,11.5,11.67,15:33:09.978,266.0,72769400,1062900,928704896.0,27203900,45565500,0,137.83,"{'bid': [{'price': 13.37, 'vol': 563}], 'ask': [{'price': 13.38, 'vol': 1686}]}",0000000011010110,0.60%,0.63%,14221376.0,-0.16%,0,0,000000000000000000000000000000000000000000000000,1.94%,25.87%,4072,15.92,300221.SZ,,银禧科技,
MARKET.SZ,300222,14.14,14.2,14.5,13.83,14.08,15:33:09.522,6.0,50076200,525300,707636416.0,25836700,24239500,0,310.13,"{'bid': [{'price': 14.13, 'vol': 1273}], 'ask': [{'price': 14.14, 'vol': 1686}]}",0000001010010110,0.07%,0.24%,7427200.0,-0.06%,0,0,000000000000000000000000000000000000000000000000,1.40%,-23.25%,4323,7.9,300222.SZ,,科大智能,
MARKET.SZ,300224,13.13,12.83,13.19,12.7,12.74,15:33:10.128,0.0,17243100,147600,224542208.0,7505100,9738000,0,50.81,"{'bid': [{'price': 13.13, 'vol': 528}], 'ask': [{'price': 13.14, 'vol': 1292}]}",0000000111010110,-0.07%,0.06%,1938032.0,0.47%,0,0,000000000000000000000000000000000000000000000000,0.95%,-29.37%,3632,1.86,300224.SZ,,正海磁材,
MARKET.SZ,300227,10.91,10.92,11.08,10.63,10.77,15:33:11.460,0.0,17733000,55800,192430192.0,9349100,8383900,0,85.07,"{'bid': [{'price': 10.91, 'vol': 572}], 'ask': [{'price': 10.92, 'vol': 350}]}",0000000000010110,-0.17%,0.07%,608784.0,1.02%,0,0,000000000000000000000000000000000000000000000000,0.75%,5.65%,3231,4.09,300227.SZ,,光韵达,
MARKET.SZ,300228,9.24,9.2,9.32,9.07,9.05,15:33:12.462,37.0,21880300,219500,201496176.0,9648900,12231500,0,279.96,"{'bid': [{'price': 9.24, 'vol': 709}], 'ask': [{'price': 9.25, 'vol': 965}]}",0001001000010110,-0.10%,0.09%,2028112.0,1.43%,0,0,000000000000000000000000000000000000000000000000,1.10%,8.53%,2798,3.91,300228.SZ,,富瑞特装,
MARKET.SZ,300230,5.12,4.97,5.13,4.91,4.91,15:33:14.934,0.0,18339100,259100,92604800.0,8193500,10145700,0,10.74,"{'bid': [{'price': 5.11, 'vol': 1960}], 'ask': [{'price': 5.12, 'vol': 2589}]}",0001010100010110,0.00%,0.09%,1326576.0,0.61%,0,0,000000000000000000000000000000000000000000000000,1.37%,-71.24%,2176,2.91,300230.SZ,,永利股份,
MARKET.SZ,300231,10.96,10.88,11.08,10.61,10.74,15:33:11.430,3.0,15030900,170300,163121088.0,7434600,7596400,0,131.21,"{'bid': [{'price': 10.96, 'vol': 95}], 'ask': [{'price': 10.97, 'vol': 478}]}",0001000110010110,0.00%,0.12%,1866384.0,1.02%,0,0,000000000000000000000000000000000000000000000000,1.38%,29.69%,2886,3.38,300231.SZ,,银信科技,
MARKET.SZ,300232,6.29,6.3,6.34,5.96,6.19,15:33:14.232,3.0,53572800,381000,327890208.0,28142800,25430000,0,346.75,"{'bid': [{'price': 6.29, 'vol': 746}], 'ask': [{'price': 6.3, 'vol': 1169}]}",0000001001010110,0.32%,0.11%,2396576.0,0.32%,0,0,000000000000000000000000000000000000000000000000,0.81%,-6.31%,3462,6.05,300232.SZ,,洲明科技,
MARKET.SZ,300233,14.4,14.67,14.76,14.2,14.58,15:33:09.366,0.0,8774400,84800,125851976.0,4489700,4284700,0,116.77,"{'bid': [{'price': 14.39, 'vol': 177}], 'ask': [{'price': 14.4, 'vol': 105}]}",0000000000010110,0.28%,0.07%,1221112.0,0.27%,0,0,000000000000000000000000000000000000000000000000,1.02%,65.72%,2349,2.37,300233.SZ,,金城医药,
MARKET.SZ,300234,7.59,7.22,7.68,7.16,7.16,15:33:13.452,0.0,20615800,102200,153723760.0,7295600,13320200,0,14.3,"{'bid': [{'price': 7.59, 'vol': 65}], 'ask': [{'price': 7.6, 'vol': 184}]}",0000000011010110,0.40%,0.09%,775648.0,1.12%,0,0,000000000000000000000000000000000000000000000000,0.62%,-14.57%,2499,5.99,300234.SZ,,开尔新材,
MARKET.SZ,300235,13.11,13.6,13.75,13.08,13.53,15:33:10.140,0.0,7389600,58200,98443944.0,3833900,3555800,0,66.1,"{'bid': [{'price': 13.11, 'vol': 475}], 'ask': [{'price': 13.12, 'vol': 161}]}",0000110010010110,-0.14%,0.16%,763008.0,1.12%,0,0,000000000000000000000000000000000000000000000000,1.68%,7.68%,1808,3.64,300235.SZ,,方直科技,
MARKET.SZ,300238,12.89,12.78,12.94,12.63,12.69,15:33:10.272,0.0,3611100,131800,46199044.0,1844300,1766800,0,7.41,"{'bid': [{'price': 12.88, 'vol': 41}], 'ask': [{'price': 12.89, 'vol': 1408}]}",0000000000010110,0.23%,0.10%,1698916.0,-0.07%,0,0,000000000000000000000000000000000000000000000000,2.76%,-59.14%,1510,1.36,300238.SZ,,冠昊生物,
MARKET.SZ,300239,5.25,5.19,5.28,5.14,5.15,15:33:14.856,0.0,7374100,29900,38357932.0,3371400,4002700,0,5.5,"{'bid': [{'price': 5.24, 'vol': 1035}], 'ask': [{'price': 5.25, 'vol': 11}]}",0000000000010110,0.00%,0.04%,156972.0,0.19%,0,0,000000000000000000000000000000000000000000000000,1.18%,-58.19%,1480,1.25,300239.SZ,,东宝生物,
MARKET.SZ,300240,6.45,6.52,6.68,6.32,6.35,15:33:14.136,0.0,9991000,259800,64237832.0,4203100,5788000,0,56.27,"{'bid': [{'price': 6.44, 'vol': 10}], 'ask': [{'price': 6.45, 'vol': 205}]}",0000110010010110,0.47%,0.26%,1675708.0,0.15%,0,0,000000000000000000000000000000000000000000000000,2.71%,-39.33%,1894,2.75,300240.SZ,,飞力达,
MARKET.SZ,300241,7.0,6.93,7.05,6.65,6.88,15:33:13.806,15.0,62500100,366600,426885600.0,29285000,33215100,0,1195.36,"{'bid': [{'price': 6.99, 'vol': 2117}], 'ask': [{'price': 7.0, 'vol': 934}]}",0000010110010110,0.00%,0.20%,2566080.0,2.21%,0,0,000000000000000000000000000000000000000000000000,0.83%,5.43%,3922,10.63,300241.SZ,,瑞丰光电,
MARKET.SZ,300242,5.3,5.36,5.4,5.17,5.3,15:33:14.826,0.0,34298700,590000,181183792.0,19934600,14364100,0,72.41,"{'bid': [{'price': 5.29, 'vol': 528}], 'ask': [{'price': 5.3, 'vol': 461}]}",0000000000010110,0.19%,0.21%,3126960.0,0.94%,0,0,000000000000000000000000000000000000000000000000,1.47%,19.32%,2674,5.41,300242.SZ,,佳云科技,
MARKET.SZ,300247,4.79,4.69,4.86,4.63,4.65,15:33:15.132,0.0,27081100,346800,128205136.0,13357700,13723400,0,34.47,"{'bid': [{'price': 4.79, 'vol': 617}], 'ask': [{'price': 4.8, 'vol': 3711}]}",0000000000010110,0.00%,0.13%,1661152.0,0.00%,0,0,000000000000000000000000000000000000000000000000,1.54%,-22.12%,2434,3.37,300247.SZ,,融捷健康,
MARKET.SZ,300248,9.83,9.79,9.94,9.55,9.71,15:33:12.108,2.0,10254700,146700,100070528.0,5257300,4997500,0,23.89,"{'bid': [{'price': 9.82, 'vol': 273}], 'ask': [{'price': 9.83, 'vol': 75}]}",0001010100010110,-0.09%,0.07%,1441976.0,1.03%,0,0,000000000000000000000000000000000000000000000000,1.32%,21.56%,2403,2.51,300248.SZ,,新开普,
MARKET.SZ,300251,13.17,13.2,13.25,12.96,13.06,15:33:10.104,42.0,32048400,503000,419402496.0,15905700,16142800,0,164.47,"{'bid': [{'price': 13.17, 'vol': 2433}], 'ask': [{'price': 13.18, 'vol': 3169}]}",0001001001010110,0.15%,0.09%,6624576.0,0.00%,0,0,000000000000000000000000000000000000000000000000,1.95%,-25.91%,4174,1.15,300251.SZ,,光线传媒,
MARKET.SZ,300253,8.62,8.64,8.73,8.5,8.63,15:33:12.834,10.0,48877600,601900,420510496.0,25471900,23405800,0,298.08,"{'bid': [{'price': 8.62, 'vol': 232}], 'ask': [{'price': 8.63, 'vol': 1077}]}",0001010011010110,0.12%,0.08%,5188384.0,0.70%,0,0,000000000000000000000000000000000000000000000000,1.40%,-4.28%,3933,2.64,300253.SZ,,卫宁健康,
MARKET.SZ,300254,13.09,12.88,13.29,12.61,12.79,15:33:10.152,0.0,9715300,47900,126411040.0,4351100,5364200,0,26.02,"{'bid': [{'price': 13.08, 'vol': 100}], 'ask': [{'price': 13.09, 'vol': 101}]}",0000101000010110,0.15%,0.11%,626976.0,0.55%,0,0,000000000000000000000000000000000000000000000000,1.25%,-2.51%,2670,4.3,300254.SZ,,仟源医药,
MARKET.SZ,300256,3.25,3.29,3.31,3.2,3.29,15:33:16.056,0.0,28739600,312100,92812984.0,16924800,11814800,0,74.75,"{'bid': [{'price': 3.24, 'vol': 4414}], 'ask': [{'price': 3.25, 'vol': 1809}]}",0000101101010110,0.31%,0.08%,1014248.0,0.92%,0,0,000000000000000000000000000000000000000000000000,1.67%,35.82%,2043,1.28,300256.SZ,,星星科技,
MARKET.SZ,300258,13.98,14.1,14.38,13.76,14.24,15:33:09.618,52.0,43423400,650200,606048128.0,25863600,17559800,0,714.87,"{'bid': [{'price': 13.98, 'vol': 392}], 'ask': [{'price': 13.99, 'vol': 218}]}",0000100000010110,0.50%,0.39%,9090240.0,0.64%,0,0,000000000000000000000000000000000000000000000000,1.57%,10.92%,4001,7.62,300258.SZ,,精锻科技,
MARKET.SZ,300259,7.47,6.69,7.5,6.44,6.56,15:33:13.524,371.0,130129700,3018500,906607424.0,56437000,73692700,0,818.66,"{'bid': [{'price': 7.46, 'vol': 71}], 'ask': [{'price': 7.47, 'vol': 250}]}",0000010100010110,0.40%,1.05%,22548736.0,1.06%,0,0,000000000000000000000000000000000000000000000000,2.59%,-91.28%,4353,11.13,300259.SZ,,新天科技,
MARKET.SZ,300261,5.32,5.31,5.35,5.23,5.26,15:33:14.814,0.0,7289500,67200,38564008.0,3045400,4244100,0,8.28,"{'bid': [{'price': 5.32, 'vol': 120}], 'ask': [{'price': 5.33, 'vol': 86}]}",0000000000010110,0.00%,0.02%,357520.0,1.14%,0,0,000000000000000000000000000000000000000000000000,0.99%,-26.03%,1469,0.77,300261.SZ,,雅本化学,
MARKET.SZ,300263,12.93,12.76,12.98,12.68,12.66,15:33:10.248,96.0,65305300,690900,839381696.0,31412500,33892900,0,815.49,"{'bid': [{'price': 12.92, 'vol': 736}], 'ask': [{'price': 12.93, 'vol': 470}]}",0000111010010110,0.15%,0.21%,8933056.0,0.47%,0,0,000000000000000000000000000000000000000000000000,1.32%,9.53%,4295,6.69,300263.SZ,,隆华科技,
MARKET.SZ,300264,9.62,9.55,9.76,9.36,9.47,15:33:12.234,0.0,16131300,232100,153454832.0,7421200,8710100,0,71.82,"{'bid': [{'price': 9.62, 'vol': 98}], 'ask': [{'price': 9.63, 'vol': 255}]}",0000000000010110,0.94%,0.18%,2232784.0,0.00%,0,0,000000000000000000000000000000000000000000000000,1.93%,-20.53%,2429,4.36,300264.SZ,,佳创视讯,
MARKET.SZ,300266,2.04,2.08,2.1,2.0,2.08,15:33:16.782,0.0,19043900,131800,38831176.0,11641000,7402900,0,82.89,"{'bid': [{'price': 2.04, 'vol': 2602}], 'ask': [{'price': 2.05, 'vol': 4717}]}",0000000000010110,0.00%,0.08%,268864.0,0.48%,0,0,000000000000000000000000000000000000000000000000,1.89%,11.75%,1228,1.23,300266.SZ,,兴源环境,
MARKET.SZ,300267,4.4,4.26,4.41,4.17,4.24,15:33:15.366,1.0,62151800,911900,268224208.0,25100000,37051900,0,165.33,"{'bid': [{'price': 4.4, 'vol': 1619}], 'ask': [{'price': 4.41, 'vol': 9360}]}",0001001111010110,0.00%,0.14%,4012272.0,0.47%,0,0,000000000000000000000000000000000000000000000000,1.16%,-65.43%,3297,4.37,300267.SZ,,尔康制药,
MARKET.SZ,300268,13.38,13.37,13.47,13.02,13.23,15:33:09.978,0.0,2440500,26300,32506696.0,1165500,1275000,0,11.1,"{'bid': [{'price': 13.37, 'vol': 23}], 'ask': [{'price': 13.38, 'vol': 64}]}",0000000000010110,0.15%,0.05%,351902.0,0.00%,0,0,000000000000000000000000000000000000000000000000,0.83%,-17.83%,1363,1.83,300268.SZ,,佳沃食品,
MARKET.SZ,300269,5.81,6.09,6.14,5.59,6.2,15:33:14.520,20.0,58241200,463300,337672480.0,33966000,24275200,0,488.48,"{'bid': [{'price': 5.81, 'vol': 867}], 'ask': [{'price': 5.82, 'vol': 572}]}",0000011011010110,0.00%,0.30%,2691616.0,1.50%,0,0,000000000000000000000000000000000000000000000000,1.11%,63.73%,3816,11.08,300269.SZ,,联建光电,
MARKET.SZ,300270,13.36,13.2,13.52,13.0,13.23,15:33:09.990,0.0,11331600,50800,149786992.0,5333700,5998000,0,93.32,"{'bid': [{'price': 13.35, 'vol': 244}], 'ask': [{'price': 13.36, 'vol': 325}]}",0000110010010110,0.00%,0.10%,678784.0,1.23%,0,0,000000000000000000000000000000000000000000000000,0.80%,12.72%,3008,4.34,300270.SZ,,中威电子,
MARKET.SZ,300271,6.0,6.05,6.1,5.91,5.99,15:33:15.006,3.0,9676500,40300,57853380.0,4731900,4944600,0,19.97,"{'bid': [{'price': 6.0, 'vol': 1867}], 'ask': [{'price': 6.01, 'vol': 98}]}",0000000000010110,-0.16%,0.03%,241792.0,0.00%,0,0,000000000000000000000000000000000000000000000000,1.01%,34.00%,1737,1.22,300271.SZ,,华宇软件,
MARKET.SZ,300272,6.86,6.73,6.86,6.68,6.72,15:33:13.890,0.0,8496200,193700,57429104.0,4191900,4304300,0,82.71,"{'bid': [{'price': 6.85, 'vol': 235}], 'ask': [{'price': 6.86, 'vol': 84}]}",0000011001010110,0.15%,0.11%,1328784.0,0.30%,0,0,000000000000000000000000000000000000000000000000,2.38%,19.81%,1256,1.83,300272.SZ,,开能健康,
MARKET.SZ,300275,9.75,9.83,9.89,9.6,9.7,15:33:12.156,0.0,8142100,39700,79370184.0,4038600,4103500,0,16.12,"{'bid': [{'price': 9.74, 'vol': 234}], 'ask': [{'price': 9.75, 'vol': 20}]}",0000000000010110,-0.09%,0.08%,387080.0,-0.60%,0,0,000000000000000000000000000000000000000000000000,1.30%,19.09%,2149,3.0,300275.SZ,,梅安森,
MARKET.SZ,300276,8.96,8.92,9.2,8.76,9.21,15:33:12.630,84.0,120620500,1635600,1082078080.0,67005100,53615500,0,837.14,"{'bid': [{'price': 8.95, 'vol': 4055}], 'ask': [{'price': 8.96, 'vol': 211}]}",0000111111010110,0.11%,0.46%,14655168.0,0.11%,0,0,000000000000000000000000000000000000000000000000,1.65%,69.67%,4628,11.41,300276.SZ,,三丰智能,
MARKET.SZ,300278,5.15,5.12,5.18,4.97,5.12,15:33:14.916,110.0,41814100,320000,211892768.0,22954700,18859500,0,95.74,"{'bid': [{'price': 5.14, 'vol': 3554}], 'ask': [{'price': 5.15, 'vol': 3725}]}",0000110111010110,0.19%,0.10%,1648016.0,0.00%,0,0,000000000000000000000000000000000000000000000000,1.14%,-21.11%,3050,2.97,300278.SZ,,华昌达,
MARKET.SZ,300279,7.69,7.56,7.75,7.45,7.47,15:33:13.392,0.0,13984300,77000,106473184.0,6321300,7663100,0,50.5,"{'bid': [{'price': 7.68, 'vol': 260}], 'ask': [{'price': 7.69, 'vol': 1290}]}",0000110010010110,0.00%,0.08%,592160.0,0.00%,0,0,000000000000000000000000000000000000000000000000,1.03%,23.87%,2381,2.87,300279.SZ,,和晶科技,
MARKET.SZ,300281,7.88,7.98,8.01,7.78,7.9,15:33:13.278,0.0,17565500,164200,138216432.0,9463100,8102400,0,40.7,"{'bid': [{'price': 7.88, 'vol': 373}], 'ask': [{'price': 7.89, 'vol': 575}]}",0000000000010110,0.25%,0.17%,1293952.0,1.01%,0,0,000000000000000000000000000000000000000000000000,0.93%,-32.57%,2476,4.42,300281.SZ,,金明精机,
MARKET.SZ,300284,6.26,6.34,6.35,6.18,6.26,15:33:14.250,0.0,9420800,130900,58932904.0,5050700,4370100,0,13.06,"{'bid': [{'price': 6.26, 'vol': 674}], 'ask': [{'price': 6.28, 'vol': 322}]}",0000100010010110,0.00%,0.05%,819444.0,0.48%,0,0,000000000000000000000000000000000000000000000000,1.58%,-11.98%,1929,0.8,300284.SZ,,苏交科,
MARKET.SZ,300287,4.32,4.26,4.34,4.23,4.25,15:33:15.414,0.0,26713600,146600,114458008.0,13046200,13667400,0,47.67,"{'bid': [{'price': 4.32, 'vol': 2453}], 'ask': [{'price': 4.33, 'vol': 4498}]}",0000000000010110,0.23%,0.05%,633360.0,0.71%,0,0,000000000000000000000000000000000000000000000000,1.25%,14.12%,2341,2.03,300287.SZ,,飞利信,
MARKET.SZ,300288,11.08,11.14,11.25,10.87,11.08,15:33:11.358,3.0,5668200,53500,62543632.0,2820200,2848000,0,8.24,"{'bid': [{'price': 11.07, 'vol': 402}], 'ask': [{'price': 11.08, 'vol': 26}]}",0000000000010110,0.09%,0.06%,592756.0,0.27%,0,0,000000000000000000000000000000000000000000000000,1.12%,33.53%,1707,2.21,300288.SZ,,朗玛信息,
MARKET.SZ,300289,6.23,6.18,6.25,6.08,6.12,15:33:14.268,0.0,4193000,33300,25857560.0,1873800,2319200,0,13.84,"{'bid': [{'price': 6.22, 'vol': 304}], 'ask': [{'price': 6.23, 'vol': 959}]}",0000000000010110,0.00%,0.04%,207466.0,0.00%,0,0,000000000000000000000000000000000000000000000000,1.37%,-37.86%,966,0.77,300289.SZ,,利德曼,
MARKET.SZ,300290,14.49,14.3,14.57,14.14,14.32,15:33:09.312,7.0,13132000,198700,189401424.0,6477900,6654200,0,259.4,"{'bid': [{'price': 14.48, 'vol': 288}], 'ask': [{'price': 14.49, 'vol': 181}]}",0001000010010110,0.21%,0.09%,2879120.0,0.56%,0,0,000000000000000000000000000000000000000000000000,1.77%,2.49%,2768,2.05,300290.SZ,,荣科科技,
MARKET.SZ,300291,5.8,5.8,5.86,5.66,5.74,15:33:14.526,5.0,16028900,151200,92346600.0,8339000,7689900,0,21.92,"{'bid': [{'price': 5.79, 'vol': 600}], 'ask': [{'price': 5.8, 'vol': 44}]}",0000001001010110,0.35%,0.07%,876984.0,0.35%,0,0,000000000000000000000000000000000000000000000000,1.24%,18.28%,2932,1.72,300291.SZ,,百纳千成,
MARKET.SZ,300292,5.97,5.81,6.0,5.71,5.75,15:33:14.424,23.0,107080900,941700,629536384.0,44946500,62134400,0,385.2,"{'bid': [{'price': 5.96, 'vol': 4297}], 'ask': [{'price': 5.97, 'vol': 2828}]}",0000010010010110,0.17%,0.26%,5621952.0,1.75%,0,0,000000000000000000000000000000000000000000000000,1.23%,-0.50%,4452,9.6,300292.SZ,,吴通控股,
MARKET.SZ,300296,6.63,6.51,6.69,6.36,6.55,15:33:14.028,58.0,130985400,1651300,853846784.0,66187600,64797900,0,1114.43,"{'bid': [{'price': 6.62, 'vol': 5052}], 'ask': [{'price': 6.63, 'vol': 522}]}",0001001100010110,-0.14%,0.16%,10948224.0,0.31%,0,0,000000000000000000000000000000000000000000000000,1.24%,-12.22%,4378,5.76,300296.SZ,,利亚德,
MARKET.SZ,300299,5.94,5.9,5.99,5.79,5.87,15:33:14.442,0.0,12435500,67000,73361640.0,6300100,6135500,0,23.95,"{'bid': [{'price': 5.94, 'vol': 1794}], 'ask': [{'price': 5.95, 'vol': 83}]}",0001001111010110,0.00%,0.05%,397992.0,0.00%,0,0,000000000000000000000000000000000000000000000000,0.95%,-13.10%,2284,1.8,300299.SZ,,富春股份,
MARKET.SZ,300300,11.09,11.29,11.35,11.01,11.23,15:33:11.352,101.0,37605300,569600,419634368.0,20665700,16939600,0,123.06,"{'bid': [{'price': 11.08, 'vol': 3892}], 'ask': [{'price': 11.09, 'vol': 1205}]}",0000100000010110,0.09%,0.36%,6316768.0,0.00%,0,0,000000000000000000000000000000000000000000000000,2.39%,52.52%,3688,5.64,300300.SZ,,海峡创新,
MARKET.SZ,300303,9.92,9.76,10.11,9.5,9.75,15:33:12.054,239.0,158209600,1351000,1549078016.0,77585700,80624000,0,4693.61,"{'bid': [{'price': 9.92, 'vol': 7077}], 'ask': [{'price': 9.93, 'vol': 285}]}",0001100000010110,-0.09%,0.27%,13401472.0,3.50%,0,0,000000000000000000000000000000000000000000000000,0.96%,48.65%,4734,11.91,300303.SZ,,聚飞光电,
MARKET.SZ,300304,13.92,13.66,14.08,13.39,13.51,15:33:09.654,0.0,34656300,361500,474229664.0,17315400,17341000,0,151.22,"{'bid': [{'price': 13.91, 'vol': 213}], 'ask': [{'price': 13.92, 'vol': 755}]}",0001010000010110,-0.06%,0.19%,5032128.0,-0.14%,0,0,000000000000000000000000000000000000000000000000,1.34%,-76.18%,3816,4.06,300304.SZ,,云意电气,
MARKET.SZ,300305,6.99,6.39,7.12,6.25,6.33,15:33:13.812,68.0,30344300,374100,207241680.0,12510300,17834000,0,46.26,"{'bid': [{'price': 6.98, 'vol': 108}], 'ask': [{'price': 6.99, 'vol': 58}]}",0000000000010110,0.29%,0.28%,2614960.0,0.00%,0,0,000000000000000000000000000000000000000000000000,1.05%,-53.71%,2826,9.44,300305.SZ,,裕兴股份,
MARKET.SZ,300306,12.24,12.0,12.4,11.73,11.88,15:33:10.662,0.0,2892700,21900,34819016.0,1333800,1558900,0,28.8,"{'bid': [{'price': 12.24, 'vol': 15}], 'ask': [{'price': 12.25, 'vol': 328}]}",0000000000010110,0.08%,0.04%,268060.0,0.00%,0,0,000000000000000000000000000000000000000000000000,0.86%,-13.07%,1462,1.84,300306.SZ,,远方信息,
MARKET.SZ,300307,7.32,7.22,7.38,7.18,7.29,15:33:13.614,0.0,16910800,168200,123089600.0,8650600,8260300,0,112.05,"{'bid': [{'price': 7.32, 'vol': 180}], 'ask': [{'price': 7.33, 'vol': 1465}]}",0001011000010110,-0.13%,0.10%,1231272.0,0.28%,0,0,000000000000000000000000000000000000000000000000,1.55%,-4.26%,2283,2.15,300307.SZ,,慈星股份,
MARKET.SZ,300310,6.14,6.34,6.39,5.98,6.4,15:33:14.322,31.0,108591500,1359400,665449472.0,59145600,49445900,0,2034.81,"{'bid': [{'price': 6.13, 'vol': 2636}], 'ask': [{'price': 6.14, 'vol': 724}]}",0000101010010110,0.16%,0.43%,8346880.0,2.42%,0,0,000000000000000000000000000000000000000000000000,1.20%,19.29%,4089,15.71,300310.SZ,,宜通世纪,
MARKET.SZ,300314,10.91,10.84,11.03,10.65,10.72,15:33:11.460,0.0,2366000,66300,25705428.0,1200200,1165800,0,17.02,"{'bid': [{'price': 10.91, 'vol': 40}], 'ask': [{'price': 10.93, 'vol': 25}]}",0000000000010110,-0.08%,0.11%,723328.0,1.03%,0,0,000000000000000000000000000000000000000000000000,2.21%,43.20%,1354,1.65,300314.SZ,,戴维医疗,
MARKET.SZ,300315,4.75,4.78,4.8,4.7,4.75,15:33:15.156,17.0,51092600,590100,242528416.0,24840800,26251900,0,47.94,"{'bid': [{'price': 4.75, 'vol': 6866}], 'ask': [{'price': 4.76, 'vol': 660}]}",0000111001010110,0.00%,0.05%,2802912.0,0.00%,0,0,000000000000000000000000000000000000000000000000,1.31%,11.19%,3655,2.01,300315.SZ,,掌趣科技,
MARKET.SZ,300317,5.28,5.14,5.29,4.98,5.05,15:33:14.838,57.0,51190300,1164500,264675040.0,21214400,29976000,0,121.66,"{'bid': [{'price': 5.27, 'vol': 2280}], 'ask': [{'price': 5.28, 'vol': 244}]}",0001001010010110,0.19%,0.37%,6148608.0,1.18%,0,0,000000000000000000000000000000000000000000000000,2.47%,-17.79%,3464,6.18,300317.SZ,,珈伟新能,
MARKET.SZ,300318,5.14,5.08,5.16,5.06,5.07,15:33:14.922,0.0,4412300,76800,22569776.0,2186500,2225900,0,14.68,"{'bid': [{'price': 5.13, 'vol': 657}], 'ask': [{'price': 5.14, 'vol': 1653}]}",0001100001010110,0.19%,0.04%,394756.0,0.00%,0,0,000000000000000000000000000000000000000000000000,1.70%,-44.03%,907,0.56,300318.SZ,,博晖创新,
MARKET.SZ,300319,14.13,13.63,14.2,13.55,13.35,15:33:09.528,1.0,69269700,850100,968126528.0,31575300,37694400,0,825.57,"{'bid': [{'price': 14.12, 'vol': 657}], 'ask': [{'price': 14.13, 'vol': 550}]}",0000101100010110,0.07%,0.29%,12011968.0,-0.14%,0,0,000000000000000000000000000000000000000000000000,1.34%,-30.14%,4357,8.22,300319.SZ,,麦捷科技,
MARKET.SZ,300320,9.22,9.0,9.27,8.88,8.93,15:33:12.474,0.0,9193400,54000,83640520.0,4325700,4867800,0,2.79,"{'bid': [{'price': 9.21, 'vol': 559}], 'ask': [{'price': 9.22, 'vol': 56}]}",0001000111010110,0.11%,0.06%,497856.0,-0.10%,0,0,000000000000000000000000000000000000000000000000,1.32%,-3.17%,2125,1.89,300320.SZ,,海达股份,
MARKET.SZ,300324,4.94,4.85,4.96,4.77,4.79,15:33:15.042,2.0,40570100,305100,197803040.0,17589300,22980800,0,66.74,"{'bid': [{'price': 4.94, 'vol': 2999}], 'ask': [{'price': 4.95, 'vol': 1999}]}",0000001101010110,-0.19%,0.07%,1507264.0,0.41%,0,0,000000000000000000000000000000000000000000000000,1.39%,-49.96%,3329,2.37,300324.SZ,,旋极信息,
MARKET.SZ,300329,13.31,13.27,13.48,13.0,13.12,15:33:10.020,0.0,3744100,29300,49624704.0,1519700,2224500,0,0.0,"{'bid': [{'price': 13.3, 'vol': 330}], 'ask': [{'price': 13.31, 'vol': 14}]}",0001010001010110,-0.21%,0.08%,389988.0,0.00%,0,0,000000000000000000000000000000000000000000000000,1.45%,-20.57%,1048,1.48,300329.SZ,,海伦钢琴,
MARKET.SZ,300332,5.3,5.24,5.31,5.19,5.22,15:33:14.826,0.0,20467800,267600,107469488.0,9643600,10824300,0,17.5,"{'bid': [{'price': 5.3, 'vol': 693}], 'ask': [{'price': 5.31, 'vol': 2770}]}",0001100010010110,0.19%,0.09%,1418240.0,0.00%,0,0,000000000000000000000000000000000000000000000000,1.47%,-29.83%,2164,2.47,300332.SZ,,天壕能源,
MARKET.SZ,300333,11.22,11.14,11.3,11.0,11.12,15:33:11.274,0.0,19954900,397500,222644752.0,10073100,9881900,0,83.55,"{'bid': [{'price': 11.21, 'vol': 100}], 'ask': [{'price': 11.22, 'vol': 1}]}",0001100011010110,-0.43%,0.27%,4459984.0,0.36%,0,0,000000000000000000000000000000000000000000000000,1.87%,22.16%,3301,5.96,300333.SZ,,兆日科技,
MARKET.SZ,300334,8.17,7.97,8.25,7.86,7.97,15:33:13.104,0.0,5757800,78300,46462588.0,2546200,3211600,0,13.71,"{'bid': [{'price': 8.17, 'vol': 165}], 'ask': [{'price': 8.18, 'vol': 136}]}",0000000000010110,0.00%,0.09%,639708.0,-0.36%,0,0,000000000000000000000000000000000000000000000000,1.29%,3.91%,1931,1.91,300334.SZ,,津膜科技,
MARKET.SZ,300335,6.15,6.1,6.2,6.03,6.02,15:33:14.316,134.0,13252400,79100,81181728.0,6102600,7149800,0,56.91,"{'bid': [{'price': 6.15, 'vol': 984}], 'ask': [{'price': 6.16, 'vol': 1022}]}",0000011011010110,-0.31%,0.09%,486448.0,-0.15%,0,0,000000000000000000000000000000000000000000000000,1.17%,-62.38%,1840,3.45,300335.SZ,,迪森股份,
MARKET.SZ,300337,13.38,13.03,13.4,12.91,12.99,15:33:09.978,0.0,19879500,245600,263179712.0,8093800,11785700,0,127.95,"{'bid': [{'price': 13.38, 'vol': 142}], 'ask': [{'price': 13.39, 'vol': 749}]}",0000011101010110,0.15%,0.19%,3286176.0,1.40%,0,0,000000000000000000000000000000000000000000000000,2.19%,-70.96%,3911,2.79,300337.SZ,,银邦股份,
MARKET.SZ,300340,10.52,10.2,10.66,9.99,10.2,15:33:11.694,0.0,8655500,85300,89747280.0,4026500,4629000,0,19.48,"{'bid': [{'price': 10.52, 'vol': 272}], 'ask': [{'price': 10.53, 'vol': 78}]}",0000100000010110,-0.18%,0.13%,897344.0,0.00%,0,0,000000000000000000000000000000000000000000000000,1.48%,-0.29%,2626,3.17,300340.SZ,,科恒股份,
MARKET.SZ,300345,6.42,6.33,6.47,6.25,6.3,15:33:14.154,0.0,15570700,145100,98982656.0,7165700,8405000,0,28.55,"{'bid': [{'price': 6.41, 'vol': 169}], 'ask': [{'price': 6.42, 'vol': 406}]}",0000000111010110,0.31%,0.12%,931512.0,0.48%,0,0,000000000000000000000000000000000000000000000000,1.29%,9.15%,2540,3.25,300345.SZ,,华民股份,
MARKET.SZ,300348,11.03,11.07,11.22,10.88,11.02,15:33:11.388,0.0,12772400,152400,140630832.0,6230300,6542100,0,65.76,"{'bid': [{'price': 11.03, 'vol': 16}], 'ask': [{'price': 11.04, 'vol': 510}]}",0000110000010110,0.00%,0.05%,1681584.0,0.45%,0,0,000000000000000000000000000000000000000000000000,1.24%,15.90%,2654,1.79,300348.SZ,,长亮科技,
MARKET.SZ,300349,14.93,15.13,15.36,14.67,14.26,15:33:09.048,0.0,25139200,157200,377065280.0,12928100,12211200,0,515.33,"{'bid': [{'price': 14.92, 'vol': 117}], 'ask': [{'price': 14.93, 'vol': 266}]}",0001001110010110,0.00%,0.17%,2346976.0,2.16%,0,0,000000000000000000000000000000000000000000000000,0.83%,-49.12%,3327,6.8,300349.SZ,,金卡智能,
MARKET.SZ,300350,5.02,5.12,5.3,4.96,4.95,15:33:14.994,0.0,24079100,203500,121245712.0,11647600,12431500,0,110.08,"{'bid': [{'price': 5.02, 'vol': 225}], 'ask': [{'price': 5.03, 'vol': 334}]}",0000000000010110,0.00%,0.11%,1021576.0,0.39%,0,0,000000000000000000000000000000000000000000000000,0.98%,26.99%,1900,5.11,300350.SZ,,华鹏飞,
MARKET.SZ,300355,3.36,3.34,3.37,3.32,3.32,15:33:15.990,0.0,14078500,541500,47140688.0,5672700,8405800,0,15.0,"{'bid': [{'price': 3.36, 'vol': 1834}], 'ask': [{'price': 3.37, 'vol': 8598}]}",0000001100010110,0.30%,0.06%,1819388.0,0.00%,0,0,000000000000000000000000000000000000000000000000,2.73%,-12.40%,1232,0.9,300355.SZ,,蒙草生态,
MARKET.SZ,300358,9.06,9.02,9.14,8.91,8.9,15:33:12.570,1.0,13869700,214300,125084320.0,6300200,7569500,0,165.88,"{'bid': [{'price': 9.06, 'vol': 893}], 'ask': [{'price': 9.07, 'vol': 123}]}",0000101001010110,-0.10%,0.07%,1941568.0,-0.21%,0,0,000000000000000000000000000000000000000000000000,1.20%,1.83%,2685,1.98,300358.SZ,,楚天科技,
MARKET.SZ,300359,4.42,4.33,4.46,4.24,4.31,15:33:15.354,0.0,11513200,155400,50046848.0,5195800,6317500,0,5.37,"{'bid': [{'price': 4.41, 'vol': 263}], 'ask': [{'price': 4.42, 'vol': 285}]}",0000110010010110,0.23%,0.07%,686856.0,0.23%,0,0,000000000000000000000000000000000000000000000000,1.10%,3.74%,1630,1.82,300359.SZ,,全通教育,
MARKET.SZ,300360,14.35,14.29,14.44,14.28,14.29,15:33:09.396,0.0,3921300,86700,56272808.0,1949400,1972000,0,24.15,"{'bid': [{'price': 14.34, 'vol': 161}], 'ask': [{'price': 14.35, 'vol': 17}]}",0001100011010110,0.00%,0.05%,1244164.0,0.00%,0,0,000000000000000000000000000000000000000000000000,1.86%,56.94%,1791,0.78,300360.SZ,,炬华科技,
MARKET.SZ,300365,5.98,5.87,6.02,5.79,5.85,15:33:14.418,0.0,17060500,309800,100895272.0,7843400,9217100,0,73.49,"{'bid': [{'price': 5.97, 'vol': 361}], 'ask': [{'price': 5.98, 'vol': 1288}]}",0000000000010110,0.17%,0.11%,1852584.0,1.03%,0,0,000000000000000000000000000000000000000000000000,1.52%,-26.80%,2209,3.33,300365.SZ,,恒华科技,
MARKET.SZ,300368,10.85,11.04,11.2,10.58,11.15,15:33:11.496,12.0,32917200,296200,355660640.0,17089400,15827800,0,759.55,"{'bid': [{'price': 10.84, 'vol': 1777}], 'ask': [{'price': 10.85, 'vol': 1598}]}",0000000000010110,0.09%,0.18%,3213600.0,3.47%,0,0,000000000000000000000000000000000000000000000000,0.98%,35.26%,3671,6.22,300368.SZ,,汇金股份,
MARKET.SZ,300369,7.01,6.98,7.02,6.84,6.93,15:33:13.800,0.0,20616000,305800,142933584.0,9254400,11361600,0,40.76,"{'bid': [{'price': 7.01, 'vol': 739}], 'ask': [{'price': 7.02, 'vol': 826}]}",0000011101010110,0.14%,0.08%,2143632.0,0.00%,0,0,000000000000000000000000000000000000000000000000,1.21%,45.92%,2904,2.55,300369.SZ,,绿盟科技,
MARKET.SZ,300370,2.49,2.48,2.49,2.41,2.44,15:33:16.512,0.0,22051000,374100,54068232.0,9477800,12573200,0,34.35,"{'bid': [{'price': 2.49, 'vol': 515}], 'ask': [{'price': 2.5, 'vol': 3370}]}",0000000000010110,0.40%,0.10%,931508.0,0.81%,0,0,000000000000000000000000000000000000000000000000,2.16%,-24.89%,1626,1.41,300370.SZ,,安控科技,
MARKET.SZ,300371,12.87,12.58,13.04,12.3,12.51,15:33:10.284,0.0,3626400,60000,46062224.0,1889800,1736600,0,58.87,"{'bid': [{'price': 12.87, 'vol': 148}], 'ask': [{'price': 12.89, 'vol': 54}]}",0000011100010110,-0.07%,0.13%,772200.0,0.56%,0,0,000000000000000000000000000000000000000000000000,1.77%,-18.12%,2062,2.59,300371.SZ,,汇中股份,
MARKET.SZ,300374,12.53,12.51,12.72,12.35,12.5,15:33:10.488,0.0,2829100,64100,35384128.0,1428900,1400200,0,2.63,"{'bid': [{'price': 12.52, 'vol': 51}], 'ask': [{'price': 12.53, 'vol': 9}]}",0000000000010110,-0.07%,0.10%,803176.0,-0.07%,0,0,000000000000000000000000000000000000000000000000,2.19%,-9.22%,1267,1.15,300374.SZ,,中铁装配,
MARKET.SZ,300375,4.87,4.81,4.92,4.72,4.77,15:33:15.084,0.0,16660300,113000,80350480.0,7577400,9082900,0,81.19,"{'bid': [{'price': 4.87, 'vol': 1265}], 'ask': [{'price': 4.88, 'vol': 2682}]}",0000000000010110,0.00%,0.07%,550296.0,0.21%,0,0,000000000000000000000000000000000000000000000000,0.96%,-46.54%,1735,3.15,300375.SZ,,鹏翎股份,
MARKET.SZ,300376,5.37,5.41,5.47,5.34,5.4,15:33:14.784,17.0,27240800,200200,146901088.0,14601800,12639000,0,107.33,"{'bid': [{'price': 5.37, 'vol': 1044}], 'ask': [{'price': 5.38, 'vol': 2821}]}",0000000110010110,0.00%,0.07%,1075024.0,0.00%,0,0,000000000000000000000000000000000000000000000000,1.46%,0.44%,2544,1.17,300376.SZ,,易事特,
MARKET.SZ,300381,7.05,7.06,7.12,6.94,6.99,15:33:13.776,0.0,7902400,46400,55574860.0,3694800,4207600,0,16.52,"{'bid': [{'price': 7.05, 'vol': 384}], 'ask': [{'price': 7.06, 'vol': 870}]}",0000000000010110,-0.13%,0.06%,327132.0,0.00%,0,0,000000000000000000000000000000000000000000000000,1.23%,-67.80%,1748,1.65,300381.SZ,,溢多利,
MARKET.SZ,300384,13.67,13.64,13.82,13.38,13.5,15:33:09.804,0.0,3089500,34100,42022584.0,1544300,1545200,0,0.0,"{'bid': [{'price': 13.67, 'vol': 187}], 'ask': [{'price': 13.68, 'vol': 70}]}",0000000010010110,0.07%,0.05%,466160.0,0.00%,0,0,000000000000000000000000000000000000000000000000,1.28%,39.74%,1396,1.4,300384.SZ,,三联虹普,
MARKET.SZ,300386,11.87,11.84,11.96,11.61,11.75,15:33:10.884,0.0,4282700,24600,50501972.0,1851600,2431100,0,17.4,"{'bid': [{'price': 11.86, 'vol': 73}], 'ask': [{'price': 11.87, 'vol': 43}]}",0000000110010110,-0.24%,0.04%,291988.0,0.77%,0,0,000000000000000000000000000000000000000000000000,0.86%,35.39%,1902,1.71,300386.SZ,,飞天诚信,
MARKET.SZ,300387,8.45,8.32,8.55,8.18,8.24,15:33:12.936,0.0,7067600,60100,59253576.0,3208200,3859500,0,30.28,"{'bid': [{'price': 8.45, 'vol': 691}], 'ask': [{'price': 8.46, 'vol': 25}]}",0001001010010110,-0.11%,0.08%,507876.0,0.24%,0,0,000000000000000000000000000000000000000000000000,1.01%,45.85%,2153,2.45,300387.SZ,,富邦科技,
MARKET.SZ,300388,7.93,7.98,8.01,7.87,7.91,15:33:13.248,0.0,5029200,79900,39916744.0,2475700,2553500,0,31.92,"{'bid': [{'price': 7.93, 'vol': 6}], 'ask': [{'price': 7.94, 'vol': 443}]}",0000000000010110,0.13%,0.05%,633608.0,-0.24%,0,0,000000000000000000000000000000000000000000000000,1.28%,38.72%,1524,0.74,300388.SZ,,节能国祯,
MARKET.SZ,300393,10.27,10.3,10.59,10.18,10.21,15:33:11.844,36.0,38299600,326700,397088544.0,18441400,19858200,0,154.74,"{'bid': [{'price': 10.26, 'vol': 762}], 'ask': [{'price': 10.27, 'vol': 333}]}",0000010100010110,0.00%,0.16%,3355456.0,0.98%,0,0,000000000000000000000000000000000000000000000000,1.67%,-19.40%,3379,4.01,300393.SZ,,中来股份,
MARKET.SZ,300397,14.52,14.54,14.6,14.08,14.0,15:33:09.294,0.0,30953800,345700,446066080.0,14185400,16768400,0,347.32,"{'bid': [{'price': 14.52, 'vol': 95}], 'ask': [{'price': 14.53, 'vol': 11}]}",0000010111010110,0.07%,0.32%,5019584.0,1.47%,0,0,000000000000000000000000000000000000000000000000,1.84%,-1.55%,3986,7.65,300397.SZ,,天和防务,
MARKET.SZ,300401,13.05,12.99,13.17,12.88,12.89,15:33:10.176,0.0,8475500,86800,110487120.0,4240700,4234900,0,70.93,"{'bid': [{'price': 13.05, 'vol': 345}], 'ask': [{'price': 13.06, 'vol': 339}]}",0000110111010110,-0.14%,0.04%,1132768.0,0.70%,0,0,000000000000000000000000000000000000000000000000,0.82%,15.47%,1889,1.58,300401.SZ,,花园生物,
MARKET.SZ,300403,12.23,12.25,12.43,12.02,12.39,15:33:10.668,33.0,22197000,236000,270245056.0,12907100,9289900,0,246.1,"{'bid': [{'price': 12.22, 'vol': 1155}], 'ask': [{'price': 12.23, 'vol': 354}]}",0000001101010110,0.08%,0.20%,2886192.0,0.25%,0,0,000000000000000000000000000000000000000000000000,1.60%,-7.20%,3390,5.2,300403.SZ,,汉宇集团,
MARKET.SZ,300404,10.65,10.47,10.7,10.33,10.47,15:33:11.616,0.0,12934200,132200,136251488.0,5718600,7215600,0,176.63,"{'bid': [{'price': 10.65, 'vol': 34}], 'ask': [{'price': 10.66, 'vol': 124}]}",0000000000010110,0.19%,0.13%,1407936.0,0.67%,0,0,000000000000000000000000000000000000000000000000,1.18%,-26.96%,2753,4.53,300404.SZ,,博济医药,
MARKET.SZ,300405,7.16,6.87,7.26,6.82,6.87,15:33:13.710,0.0,9946400,101600,70269600.0,4955800,4990700,0,26.45,"{'bid': [{'price': 7.16, 'vol': 200}], 'ask': [{'price': 7.17, 'vol': 90}]}",0001011010010110,-0.13%,0.12%,727488.0,-1.00%,0,0,000000000000000000000000000000000000000000000000,1.02%,-31.41%,2549,4.55,300405.SZ,,科隆股份,
MARKET.SZ,300406,12.86,13.0,13.02,12.75,12.77,15:33:10.290,0.0,3487400,74500,44940488.0,1654200,1833200,0,65.0,"{'bid': [{'price': 12.86, 'vol': 260}], 'ask': [{'price': 12.87, 'vol': 830}]}",0000001110010110,-0.30%,0.05%,958060.0,0.00%,0,0,000000000000000000000000000000000000000000000000,1.47%,-36.09%,1889,0.82,300406.SZ,,九强生物,
MARKET.SZ,300407,13.3,12.69,13.45,12.34,12.46,15:33:10.026,0.0,10390300,108300,135800032.0,4567100,5823200,0,41.5,"{'bid': [{'price': 13.3, 'vol': 82}], 'ask': [{'price': 13.31, 'vol': 62}]}",0000000000010110,-0.29%,0.19%,1440432.0,0.00%,0,0,000000000000000000000000000000000000000000000000,1.86%,-8.23%,2789,4.01,300407.SZ,,凯发电气,
MARKET.SZ,300410,10.94,9.79,11.37,9.79,9.69,15:33:11.442,21.0,61967000,737500,667056384.0,24321400,37645600,0,76.46,"{'bid': [{'price': 10.93, 'vol': 175}], 'ask': [{'price': 10.94, 'vol': 372}]}",0000011010010110,0.18%,0.51%,8068288.0,0.00%,0,0,000000000000000000000000000000000000000000000000,1.13%,-19.98%,4413,16.88,300410.SZ,,正业科技,
MARKET.SZ,300411,9.9,9.88,10.0,9.88,9.88,15:33:12.066,1.0,3985700,119700,39465256.0,2646100,1339700,0,13.54,"{'bid': [{'price': 9.9, 'vol': 433}], 'ask': [{'price': 9.91, 'vol': 528}]}",0000110100010110,-0.09%,0.06%,1185028.0,0.00%,0,0,000000000000000000000000000000000000000000000000,2.14%,59.02%,1263,1.29,300411.SZ,,金盾股份,
MARKET.SZ,300412,5.02,4.96,5.06,4.84,4.87,15:33:14.994,22.0,9254300,69100,45837800.0,4321000,4933400,0,49.1,"{'bid': [{'price': 5.01, 'vol': 107}], 'ask': [{'price': 5.02, 'vol': 632}]}",0000110010010110,0.20%,0.06%,346904.0,0.20%,0,0,000000000000000000000000000000000000000000000000,1.10%,-25.25%,1845,1.98,300412.SZ,,迦南科技,
MARKET.SZ,300414,12.85,12.71,12.95,12.56,12.59,15:33:10.296,0.0,4843100,38500,61896824.0,2246000,2597200,0,45.88,"{'bid': [{'price': 12.85, 'vol': 116}], 'ask': [{'price': 12.86, 'vol': 140}]}",0001011000010110,0.00%,0.07%,494720.0,0.00%,0,0,000000000000000000000000000000000000000000000000,1.23%,-4.66%,2055,1.54,300414.SZ,,中光防雷,
MARKET.SZ,300417,14.91,14.48,15.04,14.21,14.39,15:33:09.060,0.0,3859900,26400,56726980.0,1792500,2067400,0,15.78,"{'bid': [{'price': 14.9, 'vol': 31}], 'ask': [{'price': 14.91, 'vol': 163}]}",0000010100010110,0.20%,0.13%,393624.0,1.54%,0,0,000000000000000000000000000000000000000000000000,1.15%,-39.95%,2139,4.62,300417.SZ,,南华仪器,
MARKET.SZ,300420,4.55,4.47,4.55,4.4,4.42,15:33:15.276,0.0,52727100,1122700,235989952.0,25597400,27129800,0,55.79,"{'bid': [{'price': 4.55, 'vol': 1688}], 'ask': [{'price': 4.56, 'vol': 2850}]}",0001000100010110,0.44%,0.20%,5107936.0,0.90%,0,0,000000000000000000000000000000000000000000000000,1.72%,-13.19%,2909,4.72,300420.SZ,,五洋自控,
MARKET.SZ,300422,5.69,5.61,5.72,5.54,5.59,15:33:14.592,0.0,15294600,117400,85907176.0,6916800,8377800,0,30.86,"{'bid': [{'price': 5.68, 'vol': 12}], 'ask': [{'price': 5.69, 'vol': 1083}]}",0000101001010110,0.18%,0.13%,667984.0,1.08%,0,0,000000000000000000000000000000000000000000000000,1.24%,-31.11%,2225,2.96,300422.SZ,,博世科,
MARKET.SZ,300423,7.11,6.98,7.14,6.9,6.91,15:33:13.740,10.0,11235700,64100,78973904.0,5057600,6178200,0,32.32,"{'bid': [{'price': 7.11, 'vol': 1112}], 'ask': [{'price': 7.12, 'vol': 54}]}",0001011100010110,-0.27%,0.08%,455736.0,0.43%,0,0,000000000000000000000000000000000000000000000000,0.95%,-3.39%,2354,3.37,300423.SZ,,昇辉科技,
MARKET.SZ,300425,4.57,4.58,4.61,4.5,4.56,15:33:15.264,0.0,8520200,60700,38824964.0,3784800,4735400,0,3.66,"{'bid': [{'price': 4.57, 'vol': 1152}], 'ask': [{'price': 4.58, 'vol': 96}]}",0000101110010110,0.00%,0.04%,277380.0,0.00%,0,0,000000000000000000000000000000000000000000000000,0.94%,-27.96%,1591,1.25,300425.SZ,,中建环能,
MARKET.SZ,300426,7.08,6.62,7.38,6.48,6.53,15:33:13.758,2.0,16997600,94500,117064816.0,6897200,10100400,0,39.19,"{'bid': [{'price': 7.08, 'vol': 361}], 'ask': [{'price': 7.09, 'vol': 511}]}",0000001000010110,-0.13%,0.10%,669056.0,0.46%,0,0,000000000000000000000000000000000000000000000000,0.82%,-42.95%,2060,4.25,300426.SZ,,华智数媒,
MARKET.SZ,300427,9.81,9.54,9.86,9.49,9.53,15:33:12.120,0.0,20945500,217400,203962528.0,9487000,11458600,0,78.71,"{'bid': [{'price': 9.8, 'vol': 587}], 'ask': [{'price': 9.81, 'vol': 1072}]}",0000110010010110,0.20%,0.18%,2132592.0,0.10%,0,0,000000000000000000000000000000000000000000000000,1.75%,-51.82%,3127,4.16,300427.SZ,,红相股份,
MARKET.SZ,300434,10.8,10.75,10.87,10.61,10.71,15:33:11.526,0.0,7314700,34000,78634208.0,3301300,4013400,0,43.75,"{'bid': [{'price': 10.8, 'vol': 106}], 'ask': [{'price': 10.81, 'vol': 222}]}",0000000000010110,0.09%,0.07%,367216.0,0.00%,0,0,000000000000000000000000000000000000000000000000,0.87%,-5.71%,2624,2.14,300434.SZ,,金石亚药,
MARKET.SZ,300437,13.93,13.64,14.06,13.47,13.59,15:33:09.648,1.0,8032800,135600,111040856.0,3493200,4539600,0,23.32,"{'bid': [{'price': 13.93, 'vol': 245}], 'ask': [{'price': 13.94, 'vol': 340}]}",0000000101010110,-0.06%,0.17%,1888920.0,0.29%,0,0,000000000000000000000000000000000000000000000000,1.50%,4.87%,2711,4.62,300437.SZ,,清水源,
MARKET.SZ,300439,9.44,9.55,9.58,9.35,9.47,15:33:12.342,0.0,4509800,32300,42547576.0,2612900,1896900,0,50.62,"{'bid': [{'price': 9.44, 'vol': 95}], 'ask': [{'price': 9.45, 'vol': 138}]}",0000000000010110,0.00%,0.03%,304936.0,0.74%,0,0,000000000000000000000000000000000000000000000000,0.73%,33.50%,1547,1.54,300439.SZ,,美康生物,
MARKET.SZ,300441,6.63,6.63,6.69,6.53,6.56,15:33:14.028,0.0,5004800,33000,33088978.0,2357800,2647000,0,43.76,"{'bid': [{'price': 6.63, 'vol': 250}], 'ask': [{'price': 6.64, 'vol': 282}]}",0000101111010110,-0.14%,0.03%,218794.0,0.45%,0,0,000000000000000000000000000000000000000000000000,1.07%,24.67%,1036,0.8,300441.SZ,,鲍斯股份,
MARKET.SZ,300444,14.91,14.63,14.98,14.52,14.54,15:33:09.060,15.0,39597800,384200,588272832.0,18477700,21120200,0,278.26,"{'bid': [{'price': 14.91, 'vol': 1279}], 'ask': [{'price': 14.92, 'vol': 2664}]}",0001010001010110,0.07%,0.19%,5728576.0,0.55%,0,0,000000000000000000000000000000000000000000000000,1.29%,-29.46%,4118,6.37,300444.SZ,,双杰电气,
MARKET.SZ,300448,7.82,7.71,7.91,7.57,7.65,15:33:13.314,0.0,21565700,343800,167592240.0,10705800,10860000,0,53.04,"{'bid': [{'price': 7.82, 'vol': 533}], 'ask': [{'price': 7.83, 'vol': 1365}]}",0000110100010110,0.26%,0.15%,2688496.0,0.78%,0,0,000000000000000000000000000000000000000000000000,1.57%,29.25%,2624,3.36,300448.SZ,,浩云科技,
MARKET.SZ,300449,8.65,8.65,8.77,8.39,8.51,15:33:12.816,0.0,31436200,711300,269021600.0,15112000,16324200,0,309.06,"{'bid': [{'price': 8.65, 'vol': 291}], 'ask': [{'price': 8.66, 'vol': 905}]}",0000101000010110,0.12%,0.47%,6152720.0,0.82%,0,0,000000000000000000000000000000000000000000000000,2.19%,-36.73%,3484,8.14,300449.SZ,,汉邦高科,
MARKET.SZ,300451,4.09,4.07,4.18,3.98,4.03,15:33:15.552,0.0,27671000,217900,112548192.0,12009200,15661900,0,38.46,"{'bid': [{'price': 4.09, 'vol': 2333}], 'ask': [{'price': 4.1, 'vol': 293}]}",0000110111010110,0.00%,0.05%,891192.0,0.49%,0,0,000000000000000000000000000000000000000000000000,1.20%,-6.87%,2213,1.81,300451.SZ,,创业慧康,
MARKET.SZ,300452,12.87,12.86,12.96,12.7,12.8,15:33:10.284,0.0,4691000,85000,60114980.0,1939900,2751100,0,170.52,"{'bid': [{'price': 12.86, 'vol': 35}], 'ask': [{'price': 12.87, 'vol': 92}]}",0000100010010110,-0.15%,0.10%,1093972.0,0.08%,0,0,000000000000000000000000000000000000000000000000,1.54%,30.75%,1765,2.36,300452.SZ,,山河药辅,
MARKET.SZ,300453,9.91,9.74,9.94,9.62,9.74,15:33:12.060,0.0,7764500,53200,76125800.0,3463500,4301000,0,20.26,"{'bid': [{'price': 9.9, 'vol': 1}], 'ask': [{'price': 9.91, 'vol': 3}]}",0000001100010110,0.10%,0.06%,527200.0,0.41%,0,0,000000000000000000000000000000000000000000000000,1.19%,-39.47%,1961,2.16,300453.SZ,,三鑫医疗,
MARKET.SZ,300459,4.04,4.05,4.09,3.96,4.05,15:33:15.582,0.0,76031300,1009700,305291136.0,36480300,39551100,0,185.29,"{'bid': [{'price': 4.04, 'vol': 4542}], 'ask': [{'price': 4.05, 'vol': 7687}]}",0001000110010110,0.25%,0.05%,4079072.0,0.00%,0,0,000000000000000000000000000000000000000000000000,1.04%,10.92%,4213,2.31,300459.SZ,,汤姆猫,
MARKET.SZ,300463,9.85,9.89,9.92,9.74,9.88,15:33:12.696,0.0,6926700,102000,68015504.0,3464200,3462500,0,21.76,"{'bid': [{'price': 9.85, 'vol': 173}], 'ask': [{'price': 9.86, 'vol': 281}]}",0000001001010110,0.10%,0.04%,1004712.0,-0.09%,0,0,000000000000000000000000000000000000000000000000,1.33%,44.48%,1790,1.41,300463.SZ,,迈克生物,
MARKET.SZ,300464,9.19,9.49,9.65,9.05,9.38,15:33:12.492,72.0,27525300,453000,254015232.0,15329700,12195700,0,151.93,"{'bid': [{'price': 9.18, 'vol': 244}], 'ask': [{'price': 9.19, 'vol': 561}]}",0000110010010110,0.22%,0.31%,4163040.0,0.00%,0,0,000000000000000000000000000000000000000000000000,1.34%,20.21%,3196,7.75,300464.SZ,,星徽股份,
MARKET.SZ,300465,14.09,14.16,14.37,13.93,14.07,15:33:09.552,13.0,10764800,79100,151972048.0,5671400,5093400,0,44.75,"{'bid': [{'price': 14.09, 'vol': 191}], 'ask': [{'price': 14.1, 'vol': 792}]}",0000101000010110,0.00%,0.13%,1114816.0,0.85%,0,0,000000000000000000000000000000000000000000000000,1.85%,-18.33%,2801,2.43,300465.SZ,,高伟达,
MARKET.SZ,300466,9.14,9.0,9.14,8.78,8.94,15:33:12.522,0.0,8943300,109700,80216992.0,3946700,4996700,0,21.87,"{'bid': [{'price': 9.13, 'vol': 50}], 'ask': [{'price': 9.14, 'vol': 411}]}",0000111100010110,0.33%,0.15%,1002648.0,0.67%,0,0,000000000000000000000000000000000000000000000000,2.10%,-46.85%,2146,1.99,300466.SZ,,赛摩智能,
MARKET.SZ,300471,11.02,10.86,11.13,10.67,10.72,15:33:11.394,8.0,8707900,80400,95261912.0,3638600,5069400,0,15.42,"{'bid': [{'price': 11.02, 'vol': 146}], 'ask': [{'price': 11.03, 'vol': 344}]}",0000110011010110,0.00%,0.08%,886008.0,-0.08%,0,0,000000000000000000000000000000000000000000000000,1.23%,-24.02%,2235,2.38,300471.SZ,,厚普股份,
MARKET.SZ,300485,9.11,9.16,9.23,9.02,9.12,15:33:12.540,0.0,5764400,112700,52492256.0,3672200,2092200,0,19.14,"{'bid': [{'price': 9.11, 'vol': 106}], 'ask': [{'price': 9.12, 'vol': 42}]}",0000000000010110,0.44%,0.08%,1026696.0,0.11%,0,0,000000000000000000000000000000000000000000000000,1.44%,68.13%,3039,2.11,300485.SZ,,赛升药业,
MARKET.SZ,300494,10.07,10.11,10.18,9.95,10.06,15:33:11.964,0.0,6522100,41300,65535328.0,3606500,2915600,0,10.51,"{'bid': [{'price': 10.07, 'vol': 443}], 'ask': [{'price': 10.08, 'vol': 399}]}",0000001000010110,0.10%,0.03%,415888.0,0.50%,0,0,000000000000000000000000000000000000000000000000,0.80%,6.51%,1870,1.64,300494.SZ,,盛天网络,
MARKET.SZ,300498,13.78,14.35,14.41,13.6,14.28,15:33:09.738,11.0,91213400,849200,1263925504.0,48927600,42285800,0,107.19,"{'bid': [{'price': 13.77, 'vol': 209}], 'ask': [{'price': 13.78, 'vol': 3527}]}",0000010010010110,0.07%,0.03%,11701888.0,-0.20%,0,0,000000000000000000000000000000000000000000000000,0.85%,-65.53%,4494,1.53,300498.SZ,,温氏股份,
MARKET.SZ,300500,11.93,11.79,12.04,11.5,11.61,15:33:10.848,0.0,3430000,51000,40443068.0,1725200,1704900,0,79.82,"{'bid': [{'price': 11.93, 'vol': 29}], 'ask': [{'price': 11.94, 'vol': 27}]}",0001010000010110,0.34%,0.09%,608436.0,-2.07%,0,0,000000000000000000000000000000000000000000000000,1.16%,51.30%,1748,2.05,300500.SZ,,启迪设计,
MARKET.SZ,300501,14.66,14.74,15.14,14.51,14.59,15:33:09.210,0.0,7908800,82400,116626416.0,4227700,3681200,0,65.08,"{'bid': [{'price': 14.64, 'vol': 113}], 'ask': [{'price': 14.66, 'vol': 52}]}",0000111101010110,0.27%,0.15%,1207968.0,-0.53%,0,0,000000000000000000000000000000000000000000000000,1.30%,-10.53%,2088,5.54,300501.SZ,,海顺新材,
MARKET.SZ,300507,8.88,8.61,8.94,8.48,8.55,15:33:12.678,0.0,18707500,222900,163963136.0,8857300,9850300,0,61.99,"{'bid': [{'price': 8.87, 'vol': 357}], 'ask': [{'price': 8.88, 'vol': 1301}]}",0001001011010110,0.23%,0.09%,1979376.0,0.58%,0,0,000000000000000000000000000000000000000000000000,1.17%,-40.71%,2668,2.41,300507.SZ,,苏奥传感,
MARKET.SZ,300509,10.73,10.67,10.86,10.53,10.55,15:33:11.568,0.0,6216600,29700,66555712.0,2940300,3276300,0,24.33,"{'bid': [{'price': 10.73, 'vol': 223}], 'ask': [{'price': 10.76, 'vol': 16}]}",0000000000010110,-0.18%,0.10%,318680.0,0.57%,0,0,000000000000000000000000000000000000000000000000,1.00%,14.19%,2292,2.52,300509.SZ,,新美星,
MARKET.SZ,300510,3.98,3.93,4.02,3.86,3.9,15:33:15.618,20.0,22405600,313800,88224880.0,9718100,12687600,0,38.2,"{'bid': [{'price': 3.98, 'vol': 3322}], 'ask': [{'price': 3.99, 'vol': 782}]}",0001010110010110,-0.24%,0.08%,1248944.0,0.26%,0,0,000000000000000000000000000000000000000000000000,1.06%,20.45%,2436,2.72,300510.SZ,,金冠股份,
MARKET.SZ,300511,6.47,6.59,6.64,6.44,6.58,15:33:14.124,0.0,23072500,303100,149822992.0,14148700,8923900,0,40.92,"{'bid': [{'price': 6.47, 'vol': 2565}], 'ask': [{'price': 6.48, 'vol': 303}]}",0000111010010110,0.47%,0.14%,1960608.0,0.15%,0,0,000000000000000000000000000000000000000000000000,1.54%,45.92%,3149,4.23,300511.SZ,,雪榕生物,
MARKET.SZ,300512,8.93,8.87,9.02,8.66,8.75,15:33:12.648,0.0,4903700,11100,43349672.0,2361800,2541900,0,10.29,"{'bid': [{'price': 8.91, 'vol': 139}], 'ask': [{'price': 8.93, 'vol': 101}]}",0000000000010110,0.22%,0.05%,99136.0,1.72%,0,0,000000000000000000000000000000000000000000000000,0.61%,5.60%,2141,1.51,300512.SZ,,中亚股份,
MARKET.SZ,300513,9.02,8.9,9.09,8.74,8.84,15:33:12.594,0.0,5996000,46500,53376564.0,3195500,2800600,0,23.76,"{'bid': [{'price': 9.0, 'vol': 14}], 'ask': [{'price': 9.02, 'vol': 209}]}",0000110101010110,0.33%,0.05%,419428.0,-0.99%,0,0,000000000000000000000000000000000000000000000000,1.02%,-1.82%,2031,2.09,300513.SZ,,恒实科技,
MARKET.SZ,300514,12.17,11.96,12.29,11.72,11.83,15:33:11.304,0.0,3313100,32000,39768924.0,1743400,1569700,0,5.02,"{'bid': [{'price': 12.15, 'vol': 77}], 'ask': [{'price': 12.17, 'vol': 92}]}",0000000000010110,0.25%,0.07%,389448.0,0.00%,0,0,000000000000000000000000000000000000000000000000,1.23%,-22.76%,1777,2.07,300514.SZ,,友讯达,
MARKET.SZ,300517,12.92,13.01,13.05,12.56,12.72,15:33:10.254,0.0,6774500,50900,87244456.0,2950200,3824300,0,77.41,"{'bid': [{'price': 12.91, 'vol': 215}], 'ask': [{'price': 12.92, 'vol': 21}]}",0000010100010110,0.47%,0.17%,657616.0,1.40%,0,0,000000000000000000000000000000000000000000000000,1.23%,28.25%,2647,5.37,300517.SZ,,海波重科,
MARKET.SZ,300522,13.52,12.85,13.59,12.71,12.8,15:33:09.894,18.0,9156500,103100,121726080.0,3746100,5410400,0,26.09,"{'bid': [{'price': 13.51, 'vol': 67}], 'ask': [{'price': 13.52, 'vol': 1210}]}",0000010100010110,0.07%,0.14%,1393896.0,0.55%,0,0,000000000000000000000000000000000000000000000000,1.17%,-61.05%,2885,3.48,300522.SZ,,世名科技,
MARKET.SZ,300525,9.41,9.37,9.48,9.22,9.28,15:33:12.360,0.0,12679200,157300,118536816.0,6286800,6392400,0,103.82,"{'bid': [{'price': 9.4, 'vol': 414}], 'ask': [{'price': 9.41, 'vol': 73}]}",0000011000010110,0.00%,0.04%,1480224.0,-0.31%,0,0,000000000000000000000000000000000000000000000000,0.99%,-62.47%,2460,2.03,300525.SZ,,博思软件,
MARKET.SZ,300532,7.72,7.67,7.75,7.53,7.65,15:33:13.374,0.0,6830600,91300,52235520.0,3278500,3552200,0,20.71,"{'bid': [{'price': 7.72, 'vol': 4}], 'ask': [{'price': 7.73, 'vol': 1421}]}",0001010001010110,0.13%,0.05%,704948.0,-0.38%,0,0,000000000000000000000000000000000000000000000000,1.49%,-66.98%,1746,1.13,300532.SZ,,今天国际,
MARKET.SZ,300534,8.54,8.54,8.56,8.32,8.42,15:33:12.882,0.0,4138700,59000,34953288.0,1823400,2315300,0,16.48,"{'bid': [{'price': 8.53, 'vol': 156}], 'ask': [{'price': 8.54, 'vol': 29}]}",0000000000010110,0.23%,0.05%,503864.0,1.30%,0,0,000000000000000000000000000000000000000000000000,1.16%,18.61%,1534,1.37,300534.SZ,,陇神戎发,
MARKET.SZ,300536,13.46,13.5,14.19,13.43,13.33,15:33:09.930,0.0,26596300,485900,367682272.0,11207800,15388500,0,50.36,"{'bid': [{'price': 13.46, 'vol': 128}], 'ask': [{'price': 13.47, 'vol': 107}]}",0000011110010110,-0.29%,0.34%,6540224.0,0.00%,0,0,000000000000000000000000000000000000000000000000,1.69%,71.18%,3221,9.07,300536.SZ,,农尚环境,
MARKET.SZ,300541,12.19,12.13,12.25,12.01,12.04,15:33:10.692,4.0,7900200,104100,95766808.0,3915900,3984400,0,32.27,"{'bid': [{'price': 12.19, 'vol': 62}], 'ask': [{'price': 12.2, 'vol': 201}]}",0001100010010110,0.08%,0.06%,1269000.0,0.00%,0,0,000000000000000000000000000000000000000000000000,1.44%,37.08%,2363,2.04,300541.SZ,,先进数通,
MARKET.SZ,300542,14.84,15.1,15.28,14.75,15.03,15:33:09.702,0.0,5194000,82100,77260632.0,3027400,2166600,0,8.91,"{'bid': [{'price': 14.84, 'vol': 56}], 'ask': [{'price': 14.85, 'vol': 312}]}",0000000000010110,0.07%,0.08%,1218384.0,0.47%,0,0,000000000000000000000000000000000000000000000000,1.29%,26.70%,1781,2.1,300542.SZ,,新晨科技,
MARKET.SZ,300543,9.39,9.25,9.46,9.02,9.18,15:33:12.372,0.0,6245000,111000,57653976.0,2960100,3284900,0,10.45,"{'bid': [{'price': 9.38, 'vol': 720}], 'ask': [{'price': 9.39, 'vol': 439}]}",0000101010010110,0.21%,0.07%,1042284.0,1.09%,0,0,000000000000000000000000000000000000000000000000,1.30%,24.89%,1869,2.5,300543.SZ,,朗科智能,
MARKET.SZ,300550,13.52,13.47,13.73,13.36,13.38,15:33:09.894,0.0,5150500,30700,69703376.0,2684800,2465800,0,18.86,"{'bid': [{'price': 13.52, 'vol': 222}], 'ask': [{'price': 13.53, 'vol': 376}]}",0001000110010110,0.00%,0.08%,415056.0,1.28%,0,0,000000000000000000000000000000000000000000000000,0.97%,-22.93%,2168,1.96,300550.SZ,,和仁科技,
MARKET.SZ,300551,13.45,13.7,13.95,13.38,13.73,15:33:09.936,0.0,11329200,134800,153661472.0,6933000,4396200,0,29.59,"{'bid': [{'price': 13.45, 'vol': 205}], 'ask': [{'price': 13.47, 'vol': 2}]}",0000000000010110,0.30%,0.18%,1813120.0,0.15%,0,0,000000000000000000000000000000000000000000000000,2.12%,39.07%,2443,3.34,300551.SZ,,古鳌科技,
MARKET.SZ,300559,12.82,12.63,12.93,12.33,12.46,15:33:10.314,0.0,12149500,123100,153545536.0,5472600,6676900,0,21.72,"{'bid': [{'price': 12.82, 'vol': 576}], 'ask': [{'price': 12.83, 'vol': 578}]}",0000101010010110,0.08%,0.08%,1578160.0,0.40%,0,0,000000000000000000000000000000000000000000000000,0.78%,25.19%,2782,3.9,300559.SZ,,佳发教育,
MARKET.SZ,300562,13.29,13.35,13.37,12.96,13.16,15:33:10.032,0.0,6290900,26300,82806480.0,3165800,3125100,0,47.93,"{'bid': [{'price': 13.28, 'vol': 18}], 'ask': [{'price': 13.29, 'vol': 48}]}",0000010100010110,-0.07%,0.07%,349512.0,0.75%,0,0,000000000000000000000000000000000000000000000000,0.72%,-59.73%,2213,3.86,300562.SZ,,乐心医疗,
MARKET.SZ,300565,14.75,14.24,15.08,14.06,14.17,15:33:09.156,35.0,23968800,297000,352178176.0,10628600,13340300,0,77.61,"{'bid': [{'price': 14.75, 'vol': 187}], 'ask': [{'price': 14.76, 'vol': 164}]}",0001100010010110,-0.06%,0.28%,4380672.0,-0.27%,0,0,000000000000000000000000000000000000000000000000,1.23%,13.03%,3579,10.5,300565.SZ,,科信技术,
MARKET.SZ,300569,5.72,5.66,5.77,5.6,5.64,15:33:14.574,0.0,18694800,111400,106552176.0,8074800,10620100,0,85.75,"{'bid': [{'price': 5.72, 'vol': 1282}], 'ask': [{'price': 5.73, 'vol': 1786}]}",0001011010010110,0.18%,0.07%,637192.0,0.35%,0,0,000000000000000000000000000000000000000000000000,1.53%,-6.85%,2729,1.83,300569.SZ,,天能重工,
MARKET.SZ,300575,6.63,6.53,6.68,6.37,6.44,15:33:14.028,0.0,12927100,50700,84833616.0,6053400,6873700,0,118.85,"{'bid': [{'price': 6.62, 'vol': 63}], 'ask': [{'price': 6.63, 'vol': 117}]}",0000000111010110,0.00%,0.10%,336152.0,1.40%,0,0,000000000000000000000000000000000000000000000000,1.07%,-64.71%,2330,3.77,300575.SZ,,中旗股份,
MARKET.SZ,300581,12.06,11.82,12.13,11.64,11.79,15:33:10.770,0.0,8214900,104900,97713600.0,3808400,4406500,0,97.52,"{'bid': [{'price': 12.05, 'vol': 270}], 'ask': [{'price': 12.06, 'vol': 193}]}",0000000110010110,-0.07%,0.10%,1265144.0,0.51%,0,0,000000000000000000000000000000000000000000000000,1.72%,-49.50%,2171,1.49,300581.SZ,,晨曦航空,
MARKET.SZ,300583,14.35,14.15,14.47,13.92,14.06,15:33:09.396,0.0,2854800,28900,40497368.0,1423000,1431900,0,36.03,"{'bid': [{'price': 14.33, 'vol': 5}], 'ask': [{'price': 14.35, 'vol': 112}]}",0001010000010110,0.14%,0.06%,414724.0,0.64%,0,0,000000000000000000000000000000000000000000000000,1.08%,-2.75%,2155,1.53,300583.SZ,,赛托生物,
MARKET.SZ,300586,12.37,11.51,12.44,11.39,11.28,15:33:10.584,53.0,55768100,490700,672089216.0,21344800,34423300,0,329.76,"{'bid': [{'price': 12.36, 'vol': 1527}], 'ask': [{'price': 12.37, 'vol': 764}]}",0000100010010110,0.16%,0.27%,6069888.0,0.79%,0,0,000000000000000000000000000000000000000000000000,0.93%,-59.74%,3998,10.43,300586.SZ,,美联新材,
MARKET.SZ,300587,5.68,5.7,5.75,5.6,5.66,15:33:15.198,2.0,19897800,132700,112829480.0,10386500,9511300,0,13.68,"{'bid': [{'price': 5.68, 'vol': 785}], 'ask': [{'price': 5.69, 'vol': 319}]}",0000011011010110,0.18%,0.04%,753704.0,0.35%,0,0,000000000000000000000000000000000000000000000000,0.94%,32.74%,2622,1.89,300587.SZ,,天铁科技,
MARKET.SZ,300589,14.62,14.57,14.72,14.29,14.3,15:33:09.234,0.0,11569000,86400,168390240.0,5288600,6280400,0,45.17,"{'bid': [{'price': 14.62, 'vol': 292}], 'ask': [{'price': 14.63, 'vol': 136}]}",0000101011010110,0.00%,0.17%,1263248.0,0.00%,0,0,000000000000000000000000000000000000000000000000,1.35%,-17.53%,2818,4.93,300589.SZ,,江龙船艇,
MARKET.SZ,300591,8.06,8.0,8.2,7.91,7.91,15:33:13.170,0.0,13996100,62200,112723240.0,6241700,7754400,0,3.92,"{'bid': [{'price': 8.05, 'vol': 131}], 'ask': [{'price': 8.06, 'vol': 178}]}",0000000000010110,0.25%,0.07%,501320.0,1.01%,0,0,000000000000000000000000000000000000000000000000,0.75%,-2.10%,2381,3.99,300591.SZ,,万里马,
MARKET.SZ,300592,13.08,12.74,13.2,12.54,12.74,15:33:10.158,0.0,8742700,78300,112789056.0,4192700,4550100,0,34.27,"{'bid': [{'price': 13.08, 'vol': 118}], 'ask': [{'price': 13.09, 'vol': 7}]}",0001010000010110,-0.22%,0.10%,1024184.0,0.00%,0,0,000000000000000000000000000000000000000000000000,1.12%,52.94%,2976,2.51,300592.SZ,,华凯易佰,
MARKET.SZ,300595,12.46,12.74,12.83,12.39,12.64,15:33:10.530,1.0,9579200,194400,119859608.0,4966400,4612900,0,62.17,"{'bid': [{'price': 12.46, 'vol': 899}], 'ask': [{'price': 12.47, 'vol': 225}]}",0001100010010110,-0.07%,0.07%,2422232.0,0.08%,0,0,000000000000000000000000000000000000000000000000,1.66%,-21.59%,2498,1.43,300595.SZ,,欧普康视,
MARKET.SZ,300597,9.89,9.75,10.02,9.52,9.62,15:33:12.072,0.0,8207700,91800,80375368.0,3794100,4413700,0,16.38,"{'bid': [{'price': 9.88, 'vol': 137}], 'ask': [{'price': 9.89, 'vol': 951}]}",0001100011010110,0.30%,0.10%,907896.0,1.25%,0,0,000000000000000000000000000000000000000000000000,1.37%,-54.71%,2187,3.02,300597.SZ,,吉大通信,
MARKET.SZ,300599,12.82,12.24,12.94,12.23,12.24,15:33:10.314,0.0,19260500,280200,243514768.0,8848100,10412400,0,109.79,"{'bid': [{'price': 12.82, 'vol': 438}], 'ask': [{'price': 12.83, 'vol': 573}]}",0000000000010110,0.16%,0.39%,3592064.0,0.82%,0,0,000000000000000000000000000000000000000000000000,1.58%,-6.07%,3419,6.08,300599.SZ,,雄塑科技,
MARKET.SZ,300600,11.7,11.63,11.79,11.47,11.5,15:33:10.986,0.0,4151200,31600,48410080.0,1928100,2223100,0,45.47,"{'bid': [{'price': 11.7, 'vol': 41}], 'ask': [{'price': 11.71, 'vol': 271}]}",0000101000010110,-0.08%,0.06%,369720.0,1.13%,0,0,000000000000000000000000000000000000000000000000,1.06%,-36.62%,2054,1.41,300600.SZ,,国瑞科技,
MARKET.SZ,300601,13.4,13.5,13.57,13.3,13.44,15:33:09.966,0.0,10511000,210300,141035296.0,4978400,5532700,0,24.57,"{'bid': [{'price': 13.39, 'vol': 190}], 'ask': [{'price': 13.4, 'vol': 995}]}",0001010101010110,-0.06%,0.06%,2817536.0,0.07%,0,0,000000000000000000000000000000000000000000000000,1.88%,-26.74%,2951,1.17,300601.SZ,,康泰生物,
MARKET.SZ,300603,11.12,11.03,11.29,10.63,10.92,15:33:11.334,100.0,38711000,604100,428266464.0,18377400,20333600,0,177.36,"{'bid': [{'price': 11.12, 'vol': 49}], 'ask': [{'price': 11.13, 'vol': 389}]}",0000100101010110,0.18%,0.42%,6717600.0,0.27%,0,0,000000000000000000000000000000000000000000000000,1.82%,44.57%,3874,10.35,300603.SZ,,立昂技术,
MARKET.SZ,300605,12.26,12.14,12.38,11.85,12.04,15:33:10.650,0.0,5117300,56800,62158368.0,2669000,2448400,0,142.77,"{'bid': [{'price': 12.24, 'vol': 3}], 'ask': [{'price': 12.26, 'vol': 5}]}",0001001000010110,-0.32%,0.10%,696332.0,2.02%,0,0,000000000000000000000000000000000000000000000000,1.08%,0.00%,2571,4.05,300605.SZ,,恒锋信息,
MARKET.SZ,300610,12.05,11.61,12.17,11.49,11.6,15:33:10.776,0.0,5456200,33500,64923424.0,2442200,3014000,0,8.71,"{'bid': [{'price': 12.05, 'vol': 127}], 'ask': [{'price': 12.06, 'vol': 85}]}",0000010011010110,-0.07%,0.07%,403688.0,-0.42%,0,0,000000000000000000000000000000000000000000000000,0.93%,3.83%,2243,3.3,300610.SZ,,晨化股份,
MARKET.SZ,300612,13.89,14.28,14.33,13.72,14.02,15:33:09.672,0.0,6968300,89600,97018480.0,3496100,3472300,0,19.14,"{'bid': [{'price': 13.89, 'vol': 157}], 'ask': [{'price': 13.9, 'vol': 563}]}",0001010010010110,0.07%,0.13%,1244528.0,0.56%,0,0,000000000000000000000000000000000000000000000000,1.28%,23.58%,2458,3.87,300612.SZ,,宣亚国际,
MARKET.SZ,300614,13.14,12.69,13.22,12.54,12.58,15:33:10.122,0.0,3926800,45400,50708832.0,1861600,2065300,0,39.34,"{'bid': [{'price': 13.14, 'vol': 22}], 'ask': [{'price': 13.15, 'vol': 135}]}",0001001010010110,0.92%,0.10%,596556.0,1.36%,0,0,000000000000000000000000000000000000000000000000,1.09%,-53.54%,1745,2.45,300614.SZ,,百川畅银,
MARKET.SZ,300615,14.15,13.95,14.31,13.68,13.87,15:33:09.516,0.0,7850700,48500,110023672.0,3796000,4054700,0,18.55,"{'bid': [{'price': 14.15, 'vol': 64}], 'ask': [{'price': 14.19, 'vol': 33}]}",0000000000010110,0.14%,0.17%,686248.0,0.58%,0,0,000000000000000000000000000000000000000000000000,1.03%,-22.47%,2964,5.13,300615.SZ,,欣天科技,
MARKET.SZ,300621,8.52,8.31,8.6,8.11,8.24,15:33:12.894,0.0,5781100,46100,48469228.0,2442600,3338600,0,13.38,"{'bid': [{'price': 8.5, 'vol': 56}], 'ask': [{'price': 8.52, 'vol': 242}]}",0001011011010110,0.12%,0.11%,392780.0,0.00%,0,0,000000000000000000000000000000000000000000000000,1.16%,-30.46%,2004,2.85,300621.SZ,,维业股份,
MARKET.SZ,300625,12.1,11.98,12.25,11.72,11.9,15:33:10.746,0.0,3243000,27400,38873424.0,1547000,1696100,0,29.47,"{'bid': [{'price': 12.1, 'vol': 101}], 'ask': [{'price': 12.11, 'vol': 134}]}",0000110101010110,0.00%,0.06%,331532.0,0.67%,0,0,000000000000000000000000000000000000000000000000,0.93%,-22.01%,1837,2.0,300625.SZ,,三雄极光,
MARKET.SZ,300635,14.78,14.49,14.94,14.1,14.37,15:33:09.738,0.0,4636600,32500,67731184.0,2127800,2508900,0,35.65,"{'bid': [{'price': 14.78, 'vol': 124}], 'ask': [{'price': 14.83, 'vol': 318}]}",0000111000010110,-0.26%,0.08%,480352.0,0.84%,0,0,000000000000000000000000000000000000000000000000,0.85%,-29.28%,2287,3.85,300635.SZ,,中达安,
MARKET.SZ,300636,7.24,7.13,7.4,7.08,7.05,15:33:13.662,0.0,7577200,16700,54503368.0,3363800,4213500,0,11.84,"{'bid': [{'price': 7.23, 'vol': 50}], 'ask': [{'price': 7.24, 'vol': 321}]}",0001011010010110,0.14%,0.04%,120924.0,0.14%,0,0,000000000000000000000000000000000000000000000000,0.71%,-39.83%,1504,2.06,300636.SZ,,同和药业,
MARKET.SZ,300637,11.39,10.99,11.54,10.74,10.81,15:33:11.172,1.0,11990200,143100,134627456.0,5401800,6588400,0,124.85,"{'bid': [{'price': 11.38, 'vol': 290}], 'ask': [{'price': 11.39, 'vol': 321}]}",0000010100010110,-0.17%,0.19%,1629912.0,0.09%,0,0,000000000000000000000000000000000000000000000000,1.11%,-11.55%,2806,5.11,300637.SZ,,扬帆新材,
MARKET.SZ,300639,6.18,6.22,6.26,6.11,6.18,15:33:14.298,0.0,14856600,207900,91465608.0,7572900,7283800,0,22.45,"{'bid': [{'price': 6.17, 'vol': 527}], 'ask': [{'price': 6.18, 'vol': 198}]}",0001010111010110,0.00%,0.10%,1284832.0,0.48%,0,0,000000000000000000000000000000000000000000000000,1.30%,10.51%,2238,2.34,300639.SZ,,凯普生物,
MARKET.SZ,300640,7.33,7.44,7.46,7.18,7.36,15:33:13.608,300.0,12632000,114400,92200400.0,6922800,5709200,0,22.1,"{'bid': [{'price': 7.33, 'vol': 194}], 'ask': [{'price': 7.34, 'vol': 893}]}",0000000000010110,0.14%,0.16%,838544.0,0.81%,0,0,000000000000000000000000000000000000000000000000,1.19%,-28.91%,2562,5.72,300640.SZ,,德艺文创,
MARKET.SZ,300647,6.9,6.77,6.98,6.64,6.67,15:33:13.866,0.0,18066800,109500,123089120.0,8605700,9461200,0,82.73,"{'bid': [{'price': 6.9, 'vol': 410}], 'ask': [{'price': 6.91, 'vol': 671}]}",0000111111010110,0.00%,0.10%,755552.0,0.15%,0,0,000000000000000000000000000000000000000000000000,1.00%,-23.42%,2850,3.96,300647.SZ,,超频三,
MARKET.SZ,300654,10.57,10.43,10.6,10.18,10.3,15:33:11.664,0.0,9690800,89400,100875096.0,4819400,4871400,0,2.19,"{'bid': [{'price': 10.56, 'vol': 20}], 'ask': [{'price': 10.57, 'vol': 20}]}",0000010100010110,0.19%,0.14%,944968.0,0.97%,0,0,000000000000000000000000000000000000000000000000,1.35%,31.37%,2691,2.75,300654.SZ,,世纪天鸿,
MARKET.SZ,300658,12.97,13.04,13.18,12.67,12.48,15:33:10.224,36.0,23317200,444500,301273056.0,10830600,12486600,0,694.38,"{'bid': [{'price': 12.96, 'vol': 127}], 'ask': [{'price': 12.97, 'vol': 355}]}",0000101110010110,-0.07%,0.48%,5765216.0,2.11%,0,0,000000000000000000000000000000000000000000000000,1.57%,-37.52%,4026,10.56,300658.SZ,,延江股份,
MARKET.SZ,300659,12.26,12.25,12.46,11.97,12.07,15:33:10.650,0.0,5550200,24400,67557464.0,2899200,2651000,0,77.67,"{'bid': [{'price': 12.26, 'vol': 928}], 'ask': [{'price': 12.27, 'vol': 77}]}",0000000000010110,-0.07%,0.04%,299144.0,0.57%,0,0,000000000000000000000000000000000000000000000000,0.62%,39.99%,2123,2.93,300659.SZ,,中孚信息,
MARKET.SZ,300663,8.39,8.47,8.49,8.27,8.25,15:33:12.972,0.0,21879800,203100,183186144.0,10983200,10896600,0,207.85,"{'bid': [{'price': 8.38, 'vol': 596}], 'ask': [{'price': 8.39, 'vol': 142}]}",0000110000010110,0.00%,0.13%,1704096.0,0.36%,0,0,000000000000000000000000000000000000000000000000,1.21%,3.11%,3051,4.76,300663.SZ,,科蓝软件,
MARKET.SZ,300664,5.3,5.16,5.38,5.1,5.11,15:33:14.826,1.0,14371500,68600,75178584.0,6116000,8255600,0,21.05,"{'bid': [{'price': 5.29, 'vol': 700}], 'ask': [{'price': 5.3, 'vol': 262}]}",0000110111010110,0.00%,0.06%,363600.0,0.00%,0,0,000000000000000000000000000000000000000000000000,1.04%,-47.43%,1749,1.91,300664.SZ,,鹏鹞环保,
MARKET.SZ,300665,9.75,9.32,9.82,9.25,9.33,15:33:12.756,0.0,13741100,106300,130934096.0,6425600,7315500,0,58.16,"{'bid': [{'price': 9.73, 'vol': 50}], 'ask': [{'price': 9.75, 'vol': 93}]}",0000101111010110,0.21%,0.15%,1036408.0,0.00%,0,0,000000000000000000000000000000000000000000000000,0.95%,-50.88%,2740,6.3,300665.SZ,,飞鹿股份,
MARKET.SZ,300670,7.03,7.09,7.12,6.5,6.61,15:33:13.788,0.0,16939800,109400,116154840.0,8258800,8681000,0,111.6,"{'bid': [{'price': 7.02, 'vol': 232}], 'ask': [{'price': 7.03, 'vol': 123}]}",0000000000010110,0.00%,0.16%,769048.0,-2.60%,0,0,000000000000000000000000000000000000000000000000,0.77%,42.66%,2565,7.54,300670.SZ,,大烨智能,
MARKET.SZ,300673,14.99,14.74,15.13,14.67,14.7,15:33:09.012,0.0,2318100,6700,34593848.0,1048800,1269300,0,10.91,"{'bid': [{'price': 14.99, 'vol': 97}], 'ask': [{'price': 15.02, 'vol': 125}]}",0000011110010110,-0.12%,0.04%,100432.0,0.00%,0,0,000000000000000000000000000000000000000000000000,0.98%,10.46%,1320,1.44,300673.SZ,,佩蒂股份,
MARKET.SZ,300682,14.27,14.18,14.45,13.9,14.09,15:33:09.444,11.0,16990300,143800,240959936.0,8238100,8752300,0,184.62,"{'bid': [{'price': 14.27, 'vol': 159}], 'ask': [{'price': 14.29, 'vol': 8}]}",0000111101010110,-0.27%,0.06%,2052048.0,0.93%,0,0,000000000000000000000000000000000000000000000000,1.10%,-42.70%,3069,1.65,300682.SZ,,朗新科技,
MARKET.SZ,300692,8.8,8.65,8.88,8.56,8.55,15:33:12.726,0.0,11869000,54900,103904016.0,5271500,6597500,0,68.16,"{'bid': [{'price': 8.8, 'vol': 902}], 'ask': [{'price': 8.81, 'vol': 676}]}",0000001110010110,-0.22%,0.06%,483120.0,0.00%,0,0,000000000000000000000000000000000000000000000000,1.16%,-27.09%,1712,2.31,300692.SZ,,中赋科技,
MARKET.SZ,300694,11.73,11.59,11.84,11.38,11.54,15:33:10.968,0.0,4785000,21200,55552028.0,2096100,2688900,0,4.06,"{'bid': [{'price': 11.72, 'vol': 196}], 'ask': [{'price': 11.73, 'vol': 282}]}",0000000000010110,0.09%,0.05%,248716.0,0.00%,0,0,000000000000000000000000000000000000000000000000,0.78%,14.07%,2094,2.21,300694.SZ,,蠡湖股份,
MARKET.SZ,300701,12.44,12.19,12.5,11.91,12.09,15:33:10.542,1.0,8819100,118100,108197936.0,4115300,4703900,0,30.6,"{'bid': [{'price': 12.43, 'vol': 200}], 'ask': [{'price': 12.44, 'vol': 157}]}",0001001011010110,0.00%,0.19%,1469136.0,1.08%,0,0,000000000000000000000000000000000000000000000000,1.45%,-40.44%,2458,3.54,300701.SZ,,森霸传感,
MARKET.SZ,300705,11.58,11.74,11.77,11.45,11.68,15:33:11.058,0.0,4900700,81300,56613128.0,2599200,2301600,0,22.31,"{'bid': [{'price': 11.58, 'vol': 676}], 'ask': [{'price': 11.59, 'vol': 164}]}",0001001001010110,0.00%,0.05%,941456.0,0.00%,0,0,000000000000000000000000000000000000000000000000,1.41%,18.61%,1660,1.33,300705.SZ,,九典制药,
MARKET.SZ,300707,14.38,14.26,14.45,13.92,14.05,15:33:09.378,0.0,4899100,90100,69534552.0,2302200,2596900,0,39.93,"{'bid': [{'price': 14.38, 'vol': 172}], 'ask': [{'price': 14.39, 'vol': 59}]}",0000000000010110,0.70%,0.11%,1295624.0,-0.20%,0,0,000000000000000000000000000000000000000000000000,1.34%,46.19%,2260,3.36,300707.SZ,,威唐工业,
MARKET.SZ,300708,9.53,9.42,9.6,9.0,9.39,15:33:12.288,5.0,67517100,458200,627156224.0,36066000,31451100,0,1447.57,"{'bid': [{'price': 9.52, 'vol': 1352}], 'ask': [{'price': 9.53, 'vol': 2362}]}",0000100101010110,0.00%,0.19%,4366976.0,2.61%,0,0,000000000000000000000000000000000000000000000000,0.87%,-9.52%,4210,9.51,300708.SZ,,聚灿光电,
MARKET.SZ,300719,13.7,13.89,13.96,13.66,13.76,15:33:09.786,0.0,5329200,81400,73519928.0,2838000,2491300,0,18.2,"{'bid': [{'price': 13.69, 'vol': 306}], 'ask': [{'price': 13.7, 'vol': 513}]}",0000110010010110,0.00%,0.17%,1115208.0,0.94%,0,0,000000000000000000000000000000000000000000000000,2.46%,-6.43%,1943,2.97,300719.SZ,,安达维尔,
MARKET.SZ,300729,12.25,12.09,12.28,11.9,12.03,15:33:10.656,0.0,2837600,42000,34373876.0,1382500,1455100,0,23.7,"{'bid': [{'price': 12.25, 'vol': 243}], 'ask': [{'price': 12.26, 'vol': 273}]}",0000001110010110,0.00%,0.04%,514496.0,0.00%,0,0,000000000000000000000000000000000000000000000000,1.28%,42.41%,1064,0.86,300729.SZ,,乐歌股份,
MARKET.SZ,300732,7.38,7.25,7.46,7.19,7.2,15:33:13.578,0.0,7174500,105700,52624228.0,3537900,3636700,0,11.46,"{'bid': [{'price': 7.37, 'vol': 27}], 'ask': [{'price': 7.38, 'vol': 1028}]}",0001000011010110,0.27%,0.09%,780068.0,0.69%,0,0,000000000000000000000000000000000000000000000000,1.31%,-56.24%,1948,1.94,300732.SZ,,设研院,
MARKET.SZ,300737,7.54,7.65,7.75,7.41,7.55,15:33:13.482,30.0,25900600,263300,195608192.0,13372300,12528400,0,100.67,"{'bid': [{'price': 7.54, 'vol': 154}], 'ask': [{'price': 7.55, 'vol': 1912}]}",0001000011010110,0.13%,0.10%,1985184.0,1.19%,0,0,000000000000000000000000000000000000000000000000,1.05%,3.77%,3095,2.92,300737.SZ,,科顺股份,
MARKET.SZ,300746,12.91,13.21,13.43,12.74,13.2,15:33:10.260,0.0,5560400,102500,72199960.0,3196800,2363600,0,38.84,"{'bid': [{'price': 12.91, 'vol': 264}], 'ask': [{'price': 12.92, 'vol': 7}]}",0000000000010110,0.00%,0.22%,1323280.0,0.08%,0,0,000000000000000000000000000000000000000000000000,2.05%,7.30%,2089,2.49,300746.SZ,,汉嘉数智,
MARKET.SZ,300758,14.75,14.9,14.97,13.7,14.5,15:33:09.156,46.0,36627500,355400,528425472.0,18508900,18118700,0,502.73,"{'bid': [{'price': 14.75, 'vol': 360}], 'ask': [{'price': 14.76, 'vol': 40}]}",0000110010010110,-0.33%,0.47%,5242272.0,1.09%,0,0,000000000000000000000000000000000000000000000000,1.36%,24.95%,4060,10.18,300758.SZ,,七彩化学,
MARKET.SZ,300771,13.2,13.01,13.3,12.81,12.96,15:33:10.086,0.0,3852000,33200,50483024.0,1713500,2138500,0,18.34,"{'bid': [{'price': 13.19, 'vol': 154}], 'ask': [{'price': 13.2, 'vol': 453}]}",0000100000010110,0.08%,0.06%,438248.0,1.01%,0,0,000000000000000000000000000000000000000000000000,1.18%,-46.17%,1690,2.16,300771.SZ,,智莱科技,
MARKET.SZ,300778,13.4,13.15,13.42,12.97,13.07,15:33:09.966,0.0,4166300,72700,55007052.0,1602800,2563500,0,14.07,"{'bid': [{'price': 13.4, 'vol': 541}], 'ask': [{'price': 13.41, 'vol': 77}]}",0000000000010110,0.22%,0.27%,974180.0,0.00%,0,0,000000000000000000000000000000000000000000000000,2.86%,68.30%,1766,2.05,300778.SZ,,新城市,
MARKET.SZ,300787,10.85,10.61,10.92,10.41,10.5,15:33:11.496,0.0,5167100,160400,55117228.0,2557600,2609500,0,5.52,"{'bid': [{'price': 10.84, 'vol': 39}], 'ask': [{'price': 10.85, 'vol': 110}]}",0000010000010110,0.18%,0.17%,1740324.0,0.86%,0,0,000000000000000000000000000000000000000000000000,2.38%,-9.97%,2171,2.63,300787.SZ,,海能实业,
MARKET.SZ,300793,14.71,14.57,14.84,14.43,14.45,15:33:09.180,0.0,6678000,73300,97823768.0,3002500,3675500,0,38.03,"{'bid': [{'price': 14.7, 'vol': 146}], 'ask': [{'price': 14.71, 'vol': 173}]}",0000100001010110,-0.13%,0.10%,1078248.0,0.69%,0,0,000000000000000000000000000000000000000000000000,1.88%,-52.89%,2223,1.79,300793.SZ,,佳禾智能,
MARKET.SZ,300795,10.28,10.03,10.33,9.96,10.01,15:33:11.838,0.0,3218400,37500,32761616.0,1270800,1947700,0,8.22,"{'bid': [{'price': 10.28, 'vol': 9}], 'ask': [{'price': 10.29, 'vol': 258}]}",0000110010010110,0.00%,0.10%,385506.0,-0.78%,0,0,000000000000000000000000000000000000000000000000,2.10%,-41.25%,1551,1.85,300795.SZ,,米奥会展,
MARKET.SZ,300796,7.91,7.81,8.02,7.61,7.76,15:33:13.260,0.0,7035000,50000,54931596.0,3507500,3527600,0,36.94,"{'bid': [{'price': 7.91, 'vol': 122}], 'ask': [{'price': 7.93, 'vol': 130}]}",0001011010010110,-0.37%,0.04%,395500.0,-0.37%,0,0,000000000000000000000000000000000000000000000000,0.70%,-13.31%,1699,1.95,300796.SZ,,贝斯美,
MARKET.SZ,300798,8.97,8.78,9.05,8.59,8.7,15:33:12.624,1.0,22101500,239600,194489760.0,10355800,11745700,0,92.98,"{'bid': [{'price': 8.97, 'vol': 1744}], 'ask': [{'price': 8.98, 'vol': 748}]}",0000100000010110,0.11%,0.19%,2149184.0,0.92%,0,0,000000000000000000000000000000000000000000000000,1.36%,9.54%,3314,5.45,300798.SZ,,锦鸡股份,
MARKET.SZ,300800,12.32,12.15,12.42,11.92,12.0,15:33:10.614,0.0,3623400,25700,43977152.0,1701600,1921800,0,41.67,"{'bid': [{'price': 12.31, 'vol': 39}], 'ask': [{'price': 12.32, 'vol': 16}]}",0000000000010110,0.00%,0.04%,316616.0,0.41%,0,0,000000000000000000000000000000000000000000000000,0.56%,30.47%,2111,1.55,300800.SZ,,力合科技,
MARKET.SZ,300805,9.34,9.35,9.4,9.13,9.28,15:33:12.402,0.0,6437000,29700,59681100.0,3575100,2862000,0,1.59,"{'bid': [{'price': 9.33, 'vol': 231}], 'ask': [{'price': 9.34, 'vol': 28}]}",0001011101010110,0.00%,0.09%,277420.0,0.00%,0,0,000000000000000000000000000000000000000000000000,1.30%,21.52%,2054,2.23,300805.SZ,,电声股份,
MARKET.SZ,300822,14.97,15.08,15.15,14.66,14.86,15:33:09.024,0.0,3060100,22100,45495672.0,1480100,1580000,0,17.34,"{'bid': [{'price': 14.96, 'vol': 109}], 'ask': [{'price': 14.97, 'vol': 51}]}",0000000000010110,-0.06%,0.10%,330832.0,0.60%,0,0,000000000000000000000000000000000000000000000000,1.39%,-47.66%,1940,1.06,300822.SZ,,贝仕达克,
MARKET.SZ,300824,9.12,9.04,9.25,8.92,9.02,15:33:12.534,0.0,3977400,18300,36123456.0,1849600,2127800,0,57.95,"{'bid': [{'price': 9.12, 'vol': 134}], 'ask': [{'price': 9.13, 'vol': 241}]}",0000000000010110,0.00%,0.09%,166900.0,0.78%,0,0,000000000000000000000000000000000000000000000000,1.35%,18.08%,1727,1.26,300824.SZ,,北鼎股份,
MARKET.SZ,300825,12.68,12.92,13.2,12.5,12.68,15:33:10.398,12.0,45967400,215500,587793984.0,23025100,22942400,0,373.9,"{'bid': [{'price': 12.68, 'vol': 921}], 'ask': [{'price': 12.69, 'vol': 1056}]}",0001100010010110,0.00%,0.27%,2732544.0,2.22%,0,0,000000000000000000000000000000000000000000000000,1.20%,-44.43%,4145,9.49,300825.SZ,,阿尔特,
MARKET.SZ,300830,10.77,10.67,10.89,10.43,10.55,15:33:11.544,9.0,12852400,197700,137138176.0,6467500,6384900,0,73.3,"{'bid': [{'price': 10.77, 'vol': 129}], 'ask': [{'price': 10.78, 'vol': 515}]}",0000000000010110,0.09%,0.16%,2129248.0,1.04%,0,0,000000000000000000000000000000000000000000000000,1.64%,-19.19%,3046,3.81,300830.SZ,,金现代,
MARKET.SZ,300856,13.71,13.79,13.95,13.6,13.8,15:33:09.780,0.0,4679800,111200,64226608.0,2167900,2511900,0,40.68,"{'bid': [{'price': 13.69, 'vol': 23}], 'ask': [{'price': 13.71, 'vol': 66}]}",0000100101010110,0.07%,0.12%,1524560.0,0.80%,0,0,000000000000000000000000000000000000000000000000,2.39%,12.07%,2251,1.02,300856.SZ,,科思股份,
MARKET.SZ,300869,12.07,11.91,12.11,11.82,11.87,15:33:10.764,0.0,2991600,32200,35800200.0,1544900,1446800,0,8.69,"{'bid': [{'price': 12.07, 'vol': 22}], 'ask': [{'price': 12.08, 'vol': 47}]}",0000111111010110,0.00%,0.05%,388636.0,0.34%,0,0,000000000000000000000000000000000000000000000000,1.46%,-52.63%,1177,1.13,300869.SZ,,康泰医学,
MARKET.SZ,300883,6.98,6.96,7.06,6.9,6.93,15:33:13.818,0.0,29086000,119200,202181344.0,19085300,10000800,0,80.18,"{'bid': [{'price': 6.97, 'vol': 904}], 'ask': [{'price': 6.98, 'vol': 139}]}",0000111110010110,0.00%,0.14%,832032.0,0.72%,0,0,000000000000000000000000000000000000000000000000,0.61%,66.61%,2223,8.8,300883.SZ,,龙利得,
MARKET.SZ,300884,12.5,12.31,12.67,12.15,12.25,15:33:10.506,0.0,5043200,28500,62477168.0,2205800,2837500,0,24.25,"{'bid': [{'price': 12.5, 'vol': 27}], 'ask': [{'price': 12.51, 'vol': 342}]}",0001001011010110,-0.07%,0.04%,356272.0,0.00%,0,0,000000000000000000000000000000000000000000000000,0.62%,-71.13%,2132,2.63,300884.SZ,,狄耐克,
MARKET.SZ,300887,9.07,9.12,9.13,8.91,8.98,15:33:12.564,0.0,9136500,89900,82434504.0,4693100,4443400,0,25.35,"{'bid': [{'price': 9.06, 'vol': 199}], 'ask': [{'price': 9.07, 'vol': 19}]}",0000011101010110,0.11%,0.16%,815400.0,-0.21%,0,0,000000000000000000000000000000000000000000000000,2.04%,16.26%,2561,2.52,300887.SZ,,谱尼测试,
MARKET.SZ,300891,7.95,7.84,8.04,7.72,7.81,15:33:13.236,0.0,6560200,28500,51752700.0,2968200,3592100,0,2.67,"{'bid': [{'price': 7.95, 'vol': 142}], 'ask': [{'price': 7.96, 'vol': 169}]}",0001000011010110,0.13%,0.09%,226568.0,0.38%,0,0,000000000000000000000000000000000000000000000000,1.27%,-42.01%,1746,1.97,300891.SZ,,惠云钛业,
MARKET.SZ,300894,10.03,10.29,10.39,9.96,10.29,15:33:11.988,0.0,6546800,140300,66007656.0,3585100,2961800,0,63.9,"{'bid': [{'price': 10.02, 'vol': 21}], 'ask': [{'price': 10.03, 'vol': 180}]}",0001010011010110,0.20%,0.15%,1407200.0,0.59%,0,0,000000000000000000000000000000000000000000000000,1.83%,14.63%,1652,2.23,300894.SZ,,火星人,
MARKET.SZ,300918,14.83,14.68,15.0,14.37,14.65,15:33:09.108,0.0,8281600,59800,121787064.0,4229400,4052300,0,40.08,"{'bid': [{'price': 14.82, 'vol': 20}], 'ask': [{'price': 14.83, 'vol': 30}]}",0001010011010110,0.14%,0.08%,886792.0,0.20%,0,0,000000000000000000000000000000000000000000000000,1.25%,9.02%,2278,1.64,300918.SZ,,南山智尚,
MARKET.SZ,300929,13.62,13.25,13.75,13.01,13.12,15:33:09.834,0.0,4026200,34400,54042784.0,1803000,2223300,0,36.31,"{'bid': [{'price': 13.62, 'vol': 5}], 'ask': [{'price': 13.66, 'vol': 30}]}",0001011110010110,0.29%,0.10%,468496.0,0.38%,0,0,000000000000000000000000000000000000000000000000,1.21%,46.90%,2073,3.21,300929.SZ,,华骐环保,
MARKET.SZ,300932,10.33,10.03,10.36,9.87,9.94,15:33:11.808,10.0,12975700,107900,131684856.0,5496000,7479700,0,132.1,"{'bid': [{'price': 10.32, 'vol': 775}], 'ask': [{'price': 10.33, 'vol': 891}]}",0000010101010110,0.10%,0.18%,1114568.0,0.91%,0,0,000000000000000000000000000000000000000000000000,1.38%,-27.28%,2543,4.07,300932.SZ,,三友联众,
MARKET.SZ,300933,8.58,8.43,8.63,8.38,8.39,15:33:12.858,0.0,12912100,53400,109955808.0,6325000,6587200,0,26.47,"{'bid': [{'price': 8.57, 'vol': 60}], 'ask': [{'price': 8.58, 'vol': 782}]}",0001010010010110,0.00%,0.05%,458192.0,0.00%,0,0,000000000000000000000000000000000000000000000000,0.57%,-36.55%,2891,2.36,300933.SZ,,中辰股份,
MARKET.SZ,300942,7.23,7.2,7.29,7.0,7.1,15:33:13.668,0.0,4948600,23600,35366120.0,2186700,2761900,0,13.18,"{'bid': [{'price': 7.23, 'vol': 248}], 'ask': [{'price': 7.24, 'vol': 16}]}",0000000000010110,-0.13%,0.09%,170644.0,0.98%,0,0,000000000000000000000000000000000000000000000000,1.58%,10.34%,1595,1.22,300942.SZ,,易瑞生物,
MARKET.SZ,300945,13.66,13.46,13.77,13.21,13.23,15:33:09.810,0.0,7482200,110700,101431040.0,3475000,4007200,0,61.65,"{'bid': [{'price': 13.66, 'vol': 65}], 'ask': [{'price': 13.67, 'vol': 224}]}",0000011010010110,0.15%,0.18%,1512216.0,0.82%,0,0,000000000000000000000000000000000000000000000000,1.58%,23.45%,2503,3.14,300945.SZ,,曼卡龙,
MARKET.SZ,300956,14.95,14.7,15.14,14.35,14.51,15:33:09.036,0.0,3590700,23700,53079012.0,1701900,1888900,0,29.25,"{'bid': [{'price': 14.94, 'vol': 12}], 'ask': [{'price': 14.95, 'vol': 63}]}",0000111100010110,-0.06%,0.10%,354312.0,-0.67%,0,0,000000000000000000000000000000000000000000000000,1.40%,-47.66%,2082,1.71,300956.SZ,,英力股份,
MARKET.SZ,300958,14.08,13.66,14.2,13.49,13.55,15:33:09.558,0.0,3889300,58300,54141396.0,1912600,1976800,0,11.2,"{'bid': [{'price': 14.08, 'vol': 272}], 'ask': [{'price': 14.09, 'vol': 42}]}",0001011101010110,-0.13%,0.12%,820864.0,0.00%,0,0,000000000000000000000000000000000000000000000000,1.26%,23.37%,2097,4.27,300958.SZ,,建工修复,
MARKET.SZ,300961,13.61,13.59,13.86,13.39,13.55,15:33:09.840,0.0,6273500,54700,85754168.0,3196100,3077500,0,12.64,"{'bid': [{'price': 13.6, 'vol': 127}], 'ask': [{'price': 13.61, 'vol': 206}]}",0000111100010110,0.07%,0.12%,744408.0,0.15%,0,0,000000000000000000000000000000000000000000000000,1.06%,-38.37%,2238,4.13,300961.SZ,,深水海纳,
MARKET.SZ,300962,13.72,13.53,13.79,13.37,13.4,15:33:09.774,0.0,2787500,57600,37961960.0,1280300,1507200,0,12.45,"{'bid': [{'price': 13.72, 'vol': 109}], 'ask': [{'price': 13.73, 'vol': 20}]}",0000101111010110,-0.21%,0.10%,790276.0,0.89%,0,0,000000000000000000000000000000000000000000000000,2.11%,-39.14%,1248,1.06,300962.SZ,,中金辐照,
MARKET.SZ,300968,12.12,11.85,12.25,11.77,11.86,15:33:10.734,1.0,6527700,82900,78369704.0,3434000,3093700,0,30.69,"{'bid': [{'price': 12.12, 'vol': 79}], 'ask': [{'price': 12.13, 'vol': 15}]}",0000000000010110,-0.24%,0.08%,1004768.0,0.34%,0,0,000000000000000000000000000000000000000000000000,1.12%,-9.48%,2258,1.58,300968.SZ,,格林精密,
MARKET.SZ,300978,10.91,10.77,10.99,10.67,10.72,15:33:11.460,0.0,4337000,25700,46962180.0,2120300,2216700,0,26.17,"{'bid': [{'price': 10.91, 'vol': 123}], 'ask': [{'price': 10.92, 'vol': 75}]}",0000101001010110,-0.08%,0.04%,280376.0,0.00%,0,0,000000000000000000000000000000000000000000000000,0.70%,0.42%,1558,1.51,300978.SZ,,东箭科技,
MARKET.SZ,300981,14.47,14.42,14.67,14.19,14.29,15:33:09.324,107.0,6081000,76900,88059248.0,2851500,3229500,0,29.56,"{'bid': [{'price': 14.47, 'vol': 57}], 'ask': [{'price': 14.48, 'vol': 50}]}",0000011110010110,-0.13%,0.13%,1112752.0,0.98%,0,0,000000000000000000000000000000000000000000000000,1.24%,39.11%,2196,1.55,300981.SZ,,中红医疗,
MARKET.SZ,300989,14.93,14.7,15.1,14.5,14.76,15:33:09.048,0.0,3180600,40900,47347012.0,1403300,1777300,0,12.05,"{'bid': [{'price': 14.93, 'vol': 191}], 'ask': [{'price': 14.96, 'vol': 309}]}",0000101000010110,0.00%,0.09%,610652.0,0.00%,0,0,000000000000000000000000000000000000000000000000,1.63%,15.16%,1396,1.95,300989.SZ,,蕾奥规划,
MARKET.SZ,300993,11.54,11.41,11.69,11.31,11.41,15:33:11.082,0.0,2890300,38300,33243042.0,1448100,1442200,0,27.84,"{'bid': [{'price': 11.54, 'vol': 176}], 'ask': [{'price': 11.55, 'vol': 61}]}",0000100010010110,-0.16%,0.07%,441990.0,0.00%,0,0,000000000000000000000000000000000000000000000000,1.53%,-27.14%,1376,1.2,300993.SZ,,玉马科技,
MARKET.SZ,300994,13.31,13.23,13.48,13.0,13.15,15:33:10.020,0.0,2971900,14500,39434632.0,1645900,1326100,0,15.48,"{'bid': [{'price': 13.3, 'vol': 215}], 'ask': [{'price': 13.31, 'vol': 3}]}",0000111100010110,-0.07%,0.10%,192984.0,0.61%,0,0,000000000000000000000000000000000000000000000000,1.17%,-57.07%,1337,2.55,300994.SZ,,久祺股份,
MARKET.SZ,300996,13.1,12.85,13.25,12.53,12.75,15:33:10.146,0.0,13269100,140500,172056016.0,6149800,7119400,0,26.09,"{'bid': [{'price': 13.1, 'vol': 406}], 'ask': [{'price': 13.11, 'vol': 30}]}",0001010000010110,-0.22%,0.19%,1839664.0,1.10%,0,0,000000000000000000000000000000000000000000000000,1.78%,7.21%,2725,3.98,300996.SZ,,普联软件,
MARKET.SZ,301009,10.32,10.22,10.36,9.99,10.12,15:33:11.814,0.0,2831400,77600,28787868.0,1259600,1571800,0,19.93,"{'bid': [{'price': 10.28, 'vol': 30}], 'ask': [{'price': 10.32, 'vol': 392}]}",0000000000010110,0.39%,0.10%,800836.0,0.89%,0,0,000000000000000000000000000000000000000000000000,1.84%,-57.87%,1331,1.87,301009.SZ,,可靠股份,
MARKET.SZ,301017,13.5,13.53,13.84,13.3,13.53,15:33:09.906,0.0,7201500,159000,97291728.0,4004400,3197100,0,18.13,"{'bid': [{'price': 13.49, 'vol': 148}], 'ask': [{'price': 13.5, 'vol': 439}]}",0000000000010110,0.07%,0.22%,2146472.0,0.00%,0,0,000000000000000000000000000000000000000000000000,1.95%,-61.50%,1738,2.78,301017.SZ,,漱玉平民,
MARKET.SZ,301025,10.43,10.28,10.46,10.14,10.26,15:33:12.348,0.0,5456800,82800,56129664.0,2692900,2763900,0,4.73,"{'bid': [{'price': 10.43, 'vol': 3}], 'ask': [{'price': 10.44, 'vol': 22}]}",0000110000010110,0.68%,0.11%,863624.0,-0.09%,0,0,000000000000000000000000000000000000000000000000,1.11%,-6.63%,2254,1.97,301025.SZ,,读客文化,
MARKET.SZ,301032,12.97,12.73,13.1,12.59,12.79,15:33:10.224,0.0,4759800,24000,61292044.0,2283000,2476900,0,87.33,"{'bid': [{'price': 12.95, 'vol': 211}], 'ask': [{'price': 12.97, 'vol': 32}]}",0001011100010110,0.00%,0.08%,311300.0,1.35%,0,0,000000000000000000000000000000000000000000000000,0.65%,-1.24%,1989,2.98,301032.SZ,,新柴股份,
MARKET.SZ,301039,7.98,8.05,8.06,7.97,8.0,15:33:13.218,0.0,11018500,153800,88277400.0,6097300,4921300,0,24.87,"{'bid': [{'price': 7.98, 'vol': 206}], 'ask': [{'price': 7.99, 'vol': 235}]}",0001100011010110,0.00%,0.04%,1227288.0,0.00%,0,0,000000000000000000000000000000000000000000000000,1.33%,53.16%,2722,0.76,301039.SZ,,中集车辆,
MARKET.SZ,301048,10.53,10.4,10.58,10.39,10.39,15:33:11.688,0.0,4020500,80800,42135780.0,2004400,2016100,0,18.3,"{'bid': [{'price': 10.52, 'vol': 122}], 'ask': [{'price': 10.53, 'vol': 111}]}",0000000000010110,0.29%,0.10%,850804.0,-0.37%,0,0,000000000000000000000000000000000000000000000000,1.54%,1.58%,1757,0.75,301048.SZ,,金鹰重工,
MARKET.SZ,301056,14.62,14.03,14.75,13.83,13.99,15:33:09.234,0.0,3105000,10700,44574080.0,1513600,1591400,0,14.17,"{'bid': [{'price': 14.62, 'vol': 542}], 'ask': [{'price': 14.63, 'vol': 64}]}",0000000000010110,-0.19%,0.04%,156432.0,0.00%,0,0,000000000000000000000000000000000000000000000000,0.44%,45.53%,1889,1.76,301056.SZ,,森赫股份,
MARKET.SZ,301058,9.13,9.06,9.2,8.97,9.04,15:33:12.528,0.0,5551900,134900,50356392.0,2855800,2696200,0,20.66,"{'bid': [{'price': 9.11, 'vol': 5}], 'ask': [{'price': 9.13, 'vol': 407}]}",0001011001010110,0.33%,0.06%,1231652.0,0.00%,0,0,000000000000000000000000000000000000000000000000,1.62%,-66.20%,1461,1.08,301058.SZ,,中粮科工,
MARKET.SZ,301060,10.55,10.44,10.58,10.27,10.37,15:33:11.676,0.0,6593000,49000,68679880.0,2643000,3950100,0,102.1,"{'bid': [{'price': 10.54, 'vol': 86}], 'ask': [{'price': 10.55, 'vol': 203}]}",0001011100010110,0.19%,0.10%,516976.0,0.87%,0,0,000000000000000000000000000000000000000000000000,1.39%,-36.02%,2143,1.83,301060.SZ,,兰卫医学,
MARKET.SZ,301062,7.45,7.63,7.76,7.39,7.55,15:33:13.536,0.0,9375600,72600,70256088.0,5111700,4263900,0,26.09,"{'bid': [{'price': 7.44, 'vol': 841}], 'ask': [{'price': 7.45, 'vol': 603}]}",0000000000010110,0.13%,0.06%,540840.0,1.06%,0,0,000000000000000000000000000000000000000000000000,0.84%,2.72%,2009,2.99,301062.SZ,,上海艾录,
MARKET.SZ,301078,9.49,9.45,9.61,9.38,9.51,15:33:12.312,0.0,39495700,755000,374376448.0,21084800,18411000,0,181.01,"{'bid': [{'price': 9.48, 'vol': 1378}], 'ask': [{'price': 9.49, 'vol': 922}]}",0001011000010110,0.00%,0.16%,7164896.0,-0.10%,0,0,000000000000000000000000000000000000000000000000,1.70%,31.41%,3899,3.13,301078.SZ,,孩子王,
MARKET.SZ,301082,11.5,11.29,11.54,11.15,11.23,15:33:11.106,0.0,4477000,52300,50891800.0,2124800,2352300,0,11.52,"{'bid': [{'price': 11.49, 'vol': 20}], 'ask': [{'price': 11.5, 'vol': 349}]}",0000110110010110,0.35%,0.12%,601444.0,0.27%,0,0,000000000000000000000000000000000000000000000000,1.75%,-1.36%,1995,1.64,301082.SZ,,久盛电气,
MARKET.SZ,301090,7.66,7.75,7.76,7.61,7.66,15:33:13.410,0.0,9661900,242600,74276496.0,5648900,4013000,0,38.05,"{'bid': [{'price': 7.65, 'vol': 644}], 'ask': [{'price': 7.66, 'vol': 273}]}",0000000000010110,0.13%,0.16%,1858328.0,0.00%,0,0,000000000000000000000000000000000000000000000000,2.14%,20.21%,2498,0.66,301090.SZ,,华润材料,
MARKET.SZ,301098,10.57,10.3,10.63,10.17,10.2,15:33:11.664,0.0,8697800,183000,91091528.0,3988500,4709400,0,12.15,"{'bid': [{'price': 10.56, 'vol': 191}], 'ask': [{'price': 10.57, 'vol': 195}]}",0001000000010110,0.67%,0.26%,1934360.0,0.00%,0,0,000000000000000000000000000000000000000000000000,1.99%,-31.74%,2364,5.81,301098.SZ,,金埔园林,
MARKET.SZ,301102,10.82,10.92,10.92,10.52,10.7,15:33:11.514,0.0,3332500,20300,35867616.0,1681800,1650700,0,6.88,"{'bid': [{'price': 10.81, 'vol': 103}], 'ask': [{'price': 10.82, 'vol': 123}]}",0000000000010110,0.09%,0.05%,219640.0,2.06%,0,0,000000000000000000000000000000000000000000000000,0.69%,72.61%,1240,0.82,301102.SZ,,兆讯传媒,
MARKET.SZ,301116,9.89,10.01,10.07,9.73,9.94,15:33:12.072,0.0,3389800,59800,33475208.0,1612700,1777200,0,2.3,"{'bid': [{'price': 9.89, 'vol': 46}], 'ask': [{'price': 9.9, 'vol': 405}]}",0001001001010110,0.10%,0.11%,591160.0,0.00%,0,0,000000000000000000000000000000000000000000000000,1.79%,-39.09%,1760,0.76,301116.SZ,,益客食品,
MARKET.SZ,301126,11.37,11.2,11.46,11.01,11.17,15:33:11.184,0.0,3591000,48500,40346520.0,1772700,1818300,0,29.68,"{'bid': [{'price': 11.33, 'vol': 7}], 'ask': [{'price': 11.37, 'vol': 160}]}",0000001011010110,0.44%,0.08%,551456.0,0.81%,0,0,000000000000000000000000000000000000000000000000,1.09%,-30.04%,1870,2.6,301126.SZ,,达嘉维康,
MARKET.SZ,301127,14.33,13.48,14.76,13.37,13.37,15:33:10.008,0.0,28059100,121600,397261440.0,11049200,17009900,0,80.61,"{'bid': [{'price': 14.33, 'vol': 1279}], 'ask': [{'price': 14.34, 'vol': 222}]}",0000100100010110,-0.06%,0.09%,1742656.0,0.30%,0,0,000000000000000000000000000000000000000000000000,0.57%,10.53%,3407,4.29,301127.SZ,,武汉天源,
MARKET.SZ,301136,14.56,14.31,14.63,14.13,14.28,15:33:09.270,0.0,4519300,22000,65207280.0,1909600,2609700,0,17.17,"{'bid': [{'price': 14.55, 'vol': 16}], 'ask': [{'price': 14.56, 'vol': 38}]}",0000000000010110,0.07%,0.08%,320304.0,-0.41%,0,0,000000000000000000000000000000000000000000000000,1.10%,0.24%,2430,1.64,301136.SZ,,招标股份,
MARKET.SZ,301149,13.12,12.99,13.21,12.72,12.89,15:33:10.134,9.0,10271100,225900,133581712.0,4732300,5538800,0,73.78,"{'bid': [{'price': 13.12, 'vol': 238}], 'ask': [{'price': 13.13, 'vol': 150}]}",0000000000010110,0.00%,0.21%,2963800.0,0.00%,0,0,000000000000000000000000000000000000000000000000,2.03%,-19.83%,2508,3.93,301149.SZ,,隆华新材,
MARKET.SZ,301175,5.79,5.81,5.84,5.74,5.78,15:33:14.532,0.0,16001600,186400,92695232.0,7773200,8228500,0,32.65,"{'bid': [{'price': 5.79, 'vol': 213}], 'ask': [{'price': 5.8, 'vol': 81}]}",0000110100010110,-0.16%,0.05%,1079240.0,0.00%,0,0,000000000000000000000000000000000000000000000000,0.99%,18.74%,2545,2.57,301175.SZ,,中科环保,
MARKET.SZ,301211,10.6,10.75,10.75,10.54,10.66,15:33:11.646,0.0,2762100,20200,29309802.0,1343200,1419000,0,7.96,"{'bid': [{'price': 10.6, 'vol': 26}], 'ask': [{'price': 10.62, 'vol': 227}]}",0001000101010110,-0.08%,0.04%,214118.0,-0.36%,0,0,000000000000000000000000000000000000000000000000,0.83%,-16.74%,1130,0.66,301211.SZ,,亨迪药业,
MARKET.SZ,301215,6.17,6.14,6.2,6.07,6.08,15:33:14.304,0.0,11437100,120300,70147296.0,5422400,6014700,0,34.38,"{'bid': [{'price': 6.16, 'vol': 1156}], 'ask': [{'price': 6.17, 'vol': 927}]}",0000000000010110,0.16%,0.09%,742264.0,-0.15%,0,0,000000000000000000000000000000000000000000000000,1.45%,-36.82%,2351,0.86,301215.SZ,,中汽股份,
MARKET.SZ,301256,13.22,13.09,13.39,12.96,13.09,15:33:10.074,0.0,8271500,105700,109386240.0,3927500,4344000,0,13.09,"{'bid': [{'price': 13.22, 'vol': 404}], 'ask': [{'price': 13.24, 'vol': 69}]}",0000101111010110,-0.29%,0.27%,1397312.0,0.00%,0,0,000000000000000000000000000000000000000000000000,2.01%,62.62%,2317,1.72,301256.SZ,,华融化学,
MARKET.SZ,301277,10.56,10.52,10.66,10.45,10.51,15:33:11.670,0.0,1646500,11000,17356188.0,657000,989600,0,0.0,"{'bid': [{'price': 10.55, 'vol': 21}], 'ask': [{'price': 10.56, 'vol': 252}]}",0001011100010110,0.00%,0.03%,116158.0,0.00%,0,0,000000000000000000000000000000000000000000000000,1.00%,-48.20%,1254,0.42,301277.SZ,,新天地,
MARKET.SZ,301296,7.18,7.13,7.22,7.05,7.08,15:33:13.698,0.0,2334100,40500,16622098.0,1053300,1280900,0,4.92,"{'bid': [{'price': 7.18, 'vol': 231}], 'ask': [{'price': 7.19, 'vol': 175}]}",0001011100010110,0.00%,0.03%,290791.0,0.28%,0,0,000000000000000000000000000000000000000000000000,1.18%,-16.28%,1012,0.55,301296.SZ,,新巨丰,
MARKET.SZ,301301,9.27,9.3,9.35,9.21,9.23,15:33:12.444,15.0,6368200,82200,59124312.0,2960300,3407900,0,16.65,"{'bid': [{'price': 9.27, 'vol': 1143}], 'ask': [{'price': 9.28, 'vol': 79}]}",0000000000010110,0.00%,0.05%,761984.0,0.00%,0,0,000000000000000000000000000000000000000000000000,2.16%,30.60%,1913,1.03,301301.SZ,,川宁生物,
MARKET.SZ,301303,14.24,14.05,14.3,13.85,13.98,15:33:09.462,0.0,2253700,26400,31737348.0,1154900,1098900,0,2.11,"{'bid': [{'price': 14.23, 'vol': 53}], 'ask': [{'price': 14.24, 'vol': 89}]}",0000111101010110,0.21%,0.07%,375934.0,0.00%,0,0,000000000000000000000000000000000000000000000000,1.42%,3.59%,1515,2.21,301303.SZ,,真兰仪表,
MARKET.SZ,301332,9.02,9.04,9.09,8.91,8.92,15:33:12.594,0.0,2332300,13900,20973522.0,1110500,1221800,0,61.74,"{'bid': [{'price': 9.01, 'vol': 308}], 'ask': [{'price': 9.02, 'vol': 300}]}",0000011001010110,0.11%,0.02%,125382.0,0.00%,0,0,000000000000000000000000000000000000000000000000,0.91%,4.79%,1400,0.88,301332.SZ,,德尔玛,
MARKET.SZ,301339,12.35,12.59,12.77,12.23,12.6,15:33:10.596,0.0,5404300,71800,66999804.0,2789800,2614600,0,19.69,"{'bid': [{'price': 12.35, 'vol': 357}], 'ask': [{'price': 12.36, 'vol': 102}]}",0000111100010110,-0.23%,0.09%,886732.0,0.56%,0,0,000000000000000000000000000000000000000000000000,1.36%,34.45%,2413,0.95,301339.SZ,,通行宝,
MARKET.SZ,301355,12.32,12.01,12.38,11.86,11.93,15:33:10.614,0.0,3591700,28900,43589140.0,1673600,1918100,0,10.57,"{'bid': [{'price': 12.29, 'vol': 20}], 'ask': [{'price': 12.32, 'vol': 133}]}",0000000000010110,0.00%,0.07%,356032.0,0.00%,0,0,000000000000000000000000000000000000000000000000,0.95%,16.13%,1985,3.58,301355.SZ,,南王科技,
MARKET.SZ,301370,9.52,9.53,9.63,9.37,9.53,15:33:12.294,0.0,3288900,16200,31197276.0,1432900,1856000,0,10.01,"{'bid': [{'price': 9.52, 'vol': 201}], 'ask': [{'price': 9.53, 'vol': 10}]}",0000000000010110,-0.20%,0.03%,154224.0,0.00%,0,0,000000000000000000000000000000000000000000000000,0.67%,22.53%,1255,1.02,301370.SZ,,国科恒泰,
MARKET.SZ,301395,13.1,12.83,13.27,12.53,12.8,15:33:10.146,0.0,4715900,42400,61137496.0,1975900,2740100,0,72.36,"{'bid': [{'price': 13.09, 'vol': 9}], 'ask': [{'price': 13.1, 'vol': 10}]}",0001000111010110,0.23%,0.07%,555436.0,1.02%,0,0,000000000000000000000000000000000000000000000000,0.95%,-15.65%,2153,3.7,301395.SZ,,仁信新材,
MARKET.SZ,301507,13.69,13.65,13.82,13.5,13.57,15:33:09.792,0.0,2875300,12900,39282248.0,1577500,1297800,0,43.0,"{'bid': [{'price': 13.68, 'vol': 15}], 'ask': [{'price': 13.69, 'vol': 303}]}",0000000000010110,0.07%,0.07%,176584.0,1.04%,0,0,000000000000000000000000000000000000000000000000,1.22%,-45.42%,1727,2.61,301507.SZ,,民生健康,
MARKET.SZ,301558,7.65,7.63,7.72,7.46,7.57,15:33:13.416,0.0,7236100,119700,54906260.0,3651900,3584300,0,9.69,"{'bid': [{'price': 7.65, 'vol': 209}], 'ask': [{'price': 7.66, 'vol': 289}]}",0000110110010110,0.13%,0.14%,915716.0,0.00%,0,0,000000000000000000000000000000000000000000000000,2.01%,-19.15%,1860,3.3,301558.SZ,,三态股份,
MARKET.SH,688779,9.68,9.69,9.74,9.48,9.51,15:30:00.198,0.0,22602100,326100,217842160.0,9465900,13136300,0,93.25,"{'bid': [{'price': 9.67, 'vol': 1232}], 'ask': [{'price': 9.68, 'vol': 290}]}",0000110010010110,-0.20%,0.05%,3156240.0,1.47%,0,0,000000000000000000000000000000000000000000000000,1.27%,-14.23%,2972,1.17,688779.SH,,五矿新能,
MARKET.SH,688728,14.97,14.69,15.06,14.45,14.57,15:29:57.024,12.0,33592800,278200,495227104.0,16463500,17129400,0,324.39,"{'bid': [{'price': 14.97, 'vol': 206}], 'ask': [{'price': 14.98, 'vol': 978}]}",0001000110010110,0.13%,0.08%,4163776.0,0.00%,0,0,000000000000000000000000000000000000000000000000,0.91%,-50.93%,3868,1.34,688728.SH,,格科微,
MARKET.SH,688701,10.53,10.34,10.58,10.11,10.27,15:29:59.688,0.0,2304200,53600,23913170.0,1207800,1096500,0,17.23,"{'bid': [{'price': 10.5, 'vol': 70}], 'ask': [{'price': 10.53, 'vol': 42}]}",0001000000010110,0.38%,0.19%,564442.0,0.00%,0,0,000000000000000000000000000000000000000000000000,2.70%,-11.49%,1339,1.72,688701.SH,,卓锦股份,
MARKET.SH,688660,11.77,11.58,11.9,11.38,11.56,15:29:58.944,0.0,19135000,210000,223744160.0,9031400,10103700,0,471.39,"{'bid': [{'price': 11.77, 'vol': 64}], 'ask': [{'price': 11.78, 'vol': 98}]}",0001100011010110,-0.07%,0.08%,2471376.0,1.58%,0,0,000000000000000000000000000000000000000000000000,1.08%,-45.28%,2929,1.44,688660.SH,,电气风电,
MARKET.SH,688659,11.77,11.37,11.9,11.21,11.33,15:29:58.944,0.0,3865900,56600,44937304.0,1799000,2067000,0,10.59,"{'bid': [{'price': 11.76, 'vol': 5}], 'ask': [{'price': 11.77, 'vol': 49}]}",0000110100010110,0.34%,0.11%,665064.0,0.00%,0,0,000000000000000000000000000000000000000000000000,1.19%,-56.73%,1972,2.42,688659.SH,,元琛科技,
MARKET.SH,688620,13.78,13.43,13.91,13.24,13.32,15:29:57.738,0.0,13077000,74000,176984896.0,6306000,6771000,0,53.51,"{'bid': [{'price': 13.78, 'vol': 47}], 'ask': [{'price': 13.79, 'vol': 65}]}",0000001001010110,0.15%,0.10%,1019456.0,0.00%,0,0,000000000000000000000000000000000000000000000000,0.82%,-2.62%,2910,5.63,688620.SH,,安凯微,
MARKET.SH,688616,13.88,13.64,14.03,13.27,13.44,15:29:57.678,0.0,2844100,34700,38924572.0,1500600,1343500,0,20.9,"{'bid': [{'price': 13.87, 'vol': 12}], 'ask': [{'price': 13.88, 'vol': 22}]}",0000011001010110,-0.28%,0.06%,481644.0,-0.28%,0,0,000000000000000000000000000000000000000000000000,0.78%,-62.64%,1450,1.59,688616.SH,,西力科技,
MARKET.SH,688609,12.66,12.31,12.76,11.98,12.16,15:29:58.410,20.36,37353600,321700,460305536.0,16156700,21197000,0,323.27,"{'bid': [{'price': 12.66, 'vol': 35}], 'ask': [{'price': 12.67, 'vol': 90}]}",0001000000010110,0.24%,0.17%,4071840.0,0.08%,0,0,000000000000000000000000000000000000000000000000,0.88%,49.23%,3634,7.47,688609.SH,,九联科技,
MARKET.SH,688602,7.39,7.32,7.46,7.17,7.26,15:30:01.572,0.0,8422900,19600,61366120.0,4168300,4254700,0,13.33,"{'bid': [{'price': 7.38, 'vol': 60}], 'ask': [{'price': 7.39, 'vol': 46}]}",0001010111010110,0.14%,0.06%,144660.0,0.00%,0,0,000000000000000000000000000000000000000000000000,0.84%,21.05%,1515,3.24,688602.SH,,康鹏科技,
MARKET.SH,688597,8.47,8.34,8.53,8.29,8.28,15:30:00.924,0.0,5788400,47300,48751040.0,2636500,3152000,0,6.09,"{'bid': [{'price': 8.47, 'vol': 14}], 'ask': [{'price': 8.48, 'vol': 332}]}",0001011010010110,0.00%,0.04%,400352.0,0.00%,0,0,000000000000000000000000000000000000000000000000,0.90%,-46.16%,1991,1.72,688597.SH,,煜邦电力,
MARKET.SH,688588,11.95,11.93,12.05,11.59,11.8,15:29:58.836,0.0,5076300,61000,59946308.0,2612000,2464300,0,27.1,"{'bid': [{'price': 11.94, 'vol': 217}], 'ask': [{'price': 11.95, 'vol': 220}]}",0000101011010110,0.00%,0.06%,729492.0,0.00%,0,0,000000000000000000000000000000000000000000000000,1.20%,-15.00%,1666,1.27,688588.SH,,凌志软件,
MARKET.SH,688586,13.86,13.96,14.09,13.56,13.71,15:29:57.690,0.0,9115100,147600,126087728.0,4455400,4659700,0,83.06,"{'bid': [{'price': 13.86, 'vol': 89}], 'ask': [{'price': 13.87, 'vol': 40}]}",0000011110010110,-0.13%,0.08%,2046000.0,0.00%,0,0,000000000000000000000000000000000000000000000000,1.21%,20.86%,2329,1.15,688586.SH,,江航装备,
MARKET.SH,688579,9.98,9.87,10.12,9.71,9.75,15:30:00.018,0.0,3966000,16500,39300548.0,2084300,1881800,0,17.82,"{'bid': [{'price': 9.98, 'vol': 184}], 'ask': [{'price': 10.0, 'vol': 200}]}",0000110111010110,-0.19%,0.02%,163916.0,0.00%,0,0,000000000000000000000000000000000000000000000000,0.69%,-61.65%,1374,0.99,688579.SH,,地纬智能,
MARKET.SH,688575,11.23,11.66,11.66,11.14,11.53,15:29:59.268,0.0,8185900,88600,92512864.0,4580000,3606000,0,13.85,"{'bid': [{'price': 11.23, 'vol': 300}], 'ask': [{'price': 11.25, 'vol': 956}]}",0000111000010110,-0.08%,0.07%,994688.0,0.00%,0,0,000000000000000000000000000000000000000000000000,1.23%,-35.33%,2065,1.43,688575.SH,,亚辉龙,
MARKET.SH,688571,9.97,9.46,10.02,9.18,9.25,15:30:00.024,2.0,18900100,239700,183185008.0,7783000,11117200,0,88.41,"{'bid': [{'price': 9.97, 'vol': 250}], 'ask': [{'price': 9.98, 'vol': 204}]}",0001000000010110,-0.09%,0.28%,2389152.0,0.21%,0,0,000000000000000000000000000000000000000000000000,1.06%,-59.53%,2834,4.46,688571.SH,,杭华股份,
MARKET.SH,688567,14.7,14.8,14.91,14.43,14.49,15:29:57.186,0.0,27319200,319200,401094816.0,12808900,14510400,0,281.25,"{'bid': [{'price': 14.7, 'vol': 257}], 'ask': [{'price': 14.71, 'vol': 655}]}",0001100010010110,0.07%,0.10%,4692352.0,0.00%,0,0,000000000000000000000000000000000000000000000000,1.30%,-35.89%,3646,2.24,688567.SH,,孚能科技,
MARKET.SH,688565,12.37,11.94,12.44,11.87,12.06,15:29:58.584,0.0,3623600,72700,44093116.0,1635900,1987700,0,53.94,"{'bid': [{'price': 12.35, 'vol': 330}], 'ask': [{'price': 12.37, 'vol': 90}]}",0000000000010110,0.82%,0.13%,898804.0,0.00%,0,0,000000000000000000000000000000000000000000000000,1.85%,-4.42%,1815,2.42,688565.SH,,力源科技,
MARKET.SH,688556,13.88,13.73,14.18,13.42,13.52,15:29:57.678,0.0,42132200,163500,581236672.0,19084900,23047400,0,158.62,"{'bid': [{'price': 13.88, 'vol': 137}], 'ask': [{'price': 13.89, 'vol': 160}]}",0001011101010110,-0.13%,0.08%,2268672.0,0.00%,0,0,000000000000000000000000000000000000000000000000,0.60%,-57.12%,3717,5.07,688556.SH,,高测股份,
MARKET.SH,688538,2.38,2.35,2.4,2.28,2.37,15:30:04.578,0.0,170952700,1605400,399624416.0,81921900,89030900,0,235.59,"{'bid': [{'price': 2.38, 'vol': 6564}], 'ask': [{'price': 2.39, 'vol': 9474}]}",0001011111010110,-0.41%,0.06%,3820736.0,-0.41%,0,0,000000000000000000000000000000000000000000000000,0.81%,-28.00%,3643,2.97,688538.SH,,和辉光电,
MARKET.SH,688528,13.05,12.48,13.15,12.4,12.4,15:29:58.176,0.0,3099000,52600,39679272.0,1318300,1780800,0,7.74,"{'bid': [{'price': 13.05, 'vol': 57}], 'ask': [{'price': 13.06, 'vol': 13}]}",0000110110010110,-0.07%,0.17%,686104.0,0.00%,0,0,000000000000000000000000000000000000000000000000,1.52%,-51.42%,1710,1.84,688528.SH,,秦川物联,
MARKET.SH,688526,14.2,14.33,14.38,14.11,14.31,15:29:57.486,0.0,1404800,9600,19950324.0,841500,563400,0,0.86,"{'bid': [{'price': 14.2, 'vol': 266}], 'ask': [{'price': 14.21, 'vol': 211}]}",0001011010010110,-0.06%,0.02%,136364.0,0.00%,0,0,000000000000000000000000000000000000000000000000,0.79%,-21.00%,635,0.3,688526.SH,,科前生物,
MARKET.SH,688509,4.85,4.79,4.89,4.74,4.79,15:30:03.096,0.0,9824100,70700,47276056.0,5724700,4099500,0,5.75,"{'bid': [{'price': 4.85, 'vol': 403}], 'ask': [{'price': 4.86, 'vol': 1935}]}",0001100011010110,0.21%,0.05%,342924.0,0.00%,0,0,000000000000000000000000000000000000000000000000,0.99%,-67.88%,1337,2.55,688509.SH,,正元地信,
MARKET.SH,688505,7.67,7.69,7.75,7.56,7.66,15:30:01.404,0.0,3718300,22700,28404576.0,2084200,1634200,0,0.0,"{'bid': [{'price': 7.66, 'vol': 198}], 'ask': [{'price': 7.67, 'vol': 20}]}",0001011011010110,-0.12%,0.02%,174234.0,0.00%,0,0,000000000000000000000000000000000000000000000000,1.08%,-40.47%,1034,0.52,688505.SH,,复旦张江,
MARKET.SH,688472,14.44,14.41,14.63,14.15,14.06,15:29:57.342,0.0,53004000,404900,763956160.0,25911400,27092600,0,911.14,"{'bid': [{'price': 14.44, 'vol': 85}], 'ask': [{'price': 14.45, 'vol': 1302}]}",0000001000010110,0.00%,0.07%,5847360.0,-0.61%,0,0,000000000000000000000000000000000000000000000000,0.80%,-17.52%,4127,3.93,688472.SH,,阿特斯,
MARKET.SH,688469,7.62,7.54,7.65,7.36,7.42,15:30:01.434,50.0,163705500,1474300,1227245824.0,76133500,87572100,0,848.94,"{'bid': [{'price': 7.61, 'vol': 1553}], 'ask': [{'price': 7.62, 'vol': 1431}]}",0001000111010110,0.13%,0.07%,11233536.0,0.13%,0,0,000000000000000000000000000000000000000000000000,0.95%,-64.39%,4473,2.79,688469.SH,,芯联集成,
MARKET.SH,688468,7.05,7.03,7.1,6.84,7.02,15:30:01.776,0.0,3881900,10700,27033120.0,2231900,1650100,0,21.82,"{'bid': [{'price': 7.05, 'vol': 8}], 'ask': [{'price': 7.06, 'vol': 32}]}",0000111100010110,-0.27%,0.01%,74842.0,0.00%,0,0,000000000000000000000000000000000000000000000000,0.35%,-56.09%,1557,0.97,688468.SH,,科美诊断,
MARKET.SH,688459,8.7,8.7,8.74,8.55,8.7,15:30:00.786,0.0,1222400,10200,10574998.0,706100,516400,0,2.78,"{'bid': [{'price': 8.68, 'vol': 131}], 'ask': [{'price': 8.7, 'vol': 126}]}",0000111001010110,0.35%,0.02%,88740.0,0.00%,0,0,000000000000000000000000000000000000000000000000,0.94%,-9.61%,623,0.25,688459.SH,,哈铁科技,
MARKET.SH,688429,13.63,13.3,13.69,13.11,13.25,15:29:57.828,0.0,3304900,25200,44284216.0,1469300,1835600,0,15.33,"{'bid': [{'price': 13.6, 'vol': 74}], 'ask': [{'price': 13.63, 'vol': 70}]}",0000101111010110,0.22%,0.04%,344368.0,0.00%,0,0,000000000000000000000000000000000000000000000000,0.56%,-42.79%,1783,2.76,688429.SH,,时创能源,
MARKET.SH,688425,4.38,4.4,4.41,4.35,4.39,15:30:03.378,0.0,16061800,225600,70304600.0,7116800,8945000,0,11.97,"{'bid': [{'price': 4.38, 'vol': 3456}], 'ask': [{'price': 4.39, 'vol': 359}]}",0000000001010110,-0.22%,0.03%,988216.0,0.00%,0,0,000000000000000000000000000000000000000000000000,1.54%,16.03%,2097,0.3,688425.SH,,铁建重工,
MARKET.SH,688389,12.25,12.32,12.34,12.13,12.23,15:29:58.656,0.0,2328500,76700,28500090.0,1402800,925700,0,8.76,"{'bid': [{'price': 12.23, 'vol': 50}], 'ask': [{'price': 12.25, 'vol': 53}]}",0000101010010110,0.08%,0.04%,939738.0,0.00%,0,0,000000000000000000000000000000000000000000000000,2.09%,42.21%,1110,0.54,688389.SH,,普门科技,
MARKET.SH,688373,5.02,5.09,5.14,4.95,5.06,15:30:02.994,0.0,11266500,41600,56514468.0,5883200,5383400,0,14.38,"{'bid': [{'price': 5.02, 'vol': 83}], 'ask': [{'price': 5.03, 'vol': 45}]}",0001011000010110,-0.39%,0.05%,209012.0,0.00%,0,0,000000000000000000000000000000000000000000000000,0.77%,-63.57%,1734,1.86,688373.SH,,盟科药业,
MARKET.SH,688327,14.49,14.07,14.76,13.7,13.97,15:29:57.312,2.0,46229100,497700,658432384.0,21865300,24363900,0,320.11,"{'bid': [{'price': 14.48, 'vol': 418}], 'ask': [{'price': 14.49, 'vol': 131}]}",0001011101010110,-0.27%,0.12%,7210880.0,1.15%,0,0,000000000000000000000000000000000000000000000000,1.05%,-23.99%,3802,5.55,688327.SH,,云从科技,
MARKET.SH,688315,14.74,14.76,15.07,14.19,14.63,15:29:57.162,0.0,5356400,51000,78043336.0,2448500,2907900,0,27.98,"{'bid': [{'price': 14.74, 'vol': 128}], 'ask': [{'price': 14.77, 'vol': 15}]}",0000101010010110,-0.33%,0.06%,751640.0,0.00%,0,0,000000000000000000000000000000000000000000000000,0.86%,-15.25%,1711,1.29,688315.SH,,诺禾致源,
MARKET.SH,688306,10.43,10.42,10.49,10.12,10.28,15:29:59.748,0.0,17330900,295200,178686576.0,8612700,8718200,0,73.58,"{'bid': [{'price': 10.42, 'vol': 840}], 'ask': [{'price': 10.43, 'vol': 198}]}",0000011101010110,0.19%,0.16%,3079200.0,-0.75%,0,0,000000000000000000000000000000000000000000000000,2.03%,20.24%,2571,1.41,688306.SH,,均普智能,
MARKET.SH,688285,9.0,8.78,9.08,8.71,8.7,15:30:00.606,0.0,3107400,60900,27648630.0,1185400,1922100,0,22.1,"{'bid': [{'price': 8.98, 'vol': 20}], 'ask': [{'price': 9.0, 'vol': 530}]}",0000110100010110,0.11%,0.11%,547700.0,0.00%,0,0,000000000000000000000000000000000000000000000000,1.63%,-87.56%,1575,0.83,688285.SH,,高铁电气,
MARKET.SH,688280,6.12,6.11,6.17,5.99,6.06,15:30:02.334,5.0,12571600,59100,76758528.0,6352100,6219600,0,51.91,"{'bid': [{'price': 6.12, 'vol': 432}], 'ask': [{'price': 6.13, 'vol': 12}]}",0000111001010110,0.00%,0.11%,361448.0,0.00%,0,0,000000000000000000000000000000000000000000000000,1.80%,-41.28%,1931,2.42,688280.SH,,精进电动,
MARKET.SH,688247,8.91,8.94,9.03,8.77,8.95,15:30:00.660,0.0,2296900,26900,20382440.0,1577200,719700,0,26.78,"{'bid': [{'price': 8.9, 'vol': 151}], 'ask': [{'price': 8.91, 'vol': 85}]}",0000001010010110,0.22%,0.02%,240118.0,0.00%,0,0,000000000000000000000000000000000000000000000000,0.64%,-36.28%,656,0.51,688247.SH,,宣泰医药,
MARKET.SH,688238,6.3,6.25,6.35,6.16,6.25,15:30:02.226,0.0,7655900,15600,47880088.0,3126200,4529700,0,1.39,"{'bid': [{'price': 6.3, 'vol': 107}], 'ask': [{'price': 6.31, 'vol': 602}]}",0000010000010110,0.00%,0.03%,98616.0,0.00%,0,0,000000000000000000000000000000000000000000000000,0.86%,-76.50%,1586,1.19,688238.SH,,和元生物,
MARKET.SH,688223,6.7,6.34,6.8,6.29,6.31,15:30:01.986,442.12,229114300,2521800,1500160256.0,101250900,127863400,0,231.75,"{'bid': [{'price': 6.69, 'vol': 9098}], 'ask': [{'price': 6.7, 'vol': 145}]}",0000011110010110,0.00%,0.12%,16896384.0,0.00%,0,0,000000000000000000000000000000000000000000000000,0.99%,-17.41%,4489,2.23,688223.SH,,晶科能源,
MARKET.SH,688219,12.02,11.77,12.08,11.58,11.58,15:29:58.794,0.0,9001300,54200,106982800.0,3927100,5074300,0,85.58,"{'bid': [{'price': 12.02, 'vol': 71}], 'ask': [{'price': 12.03, 'vol': 12}]}",0000110101010110,-0.07%,0.04%,650352.0,0.00%,0,0,000000000000000000000000000000000000000000000000,0.63%,-20.35%,2031,1.64,688219.SH,,会通股份,
MARKET.SH,688203,14.2,13.91,14.35,13.77,13.72,15:29:57.486,0.0,3927300,31700,55316696.0,1638300,2289000,0,33.45,"{'bid': [{'price': 14.2, 'vol': 154}], 'ask': [{'price': 14.21, 'vol': 15}]}",0000010100010110,0.00%,0.07%,450108.0,0.43%,0,0,000000000000000000000000000000000000000000000000,0.94%,-32.77%,2112,1.94,688203.SH,,海正生材,
MARKET.SH,688189,9.74,9.33,9.83,9.33,9.33,15:30:00.162,0.0,9719400,93300,93235872.0,4484400,5235000,0,36.58,"{'bid': [{'price': 9.73, 'vol': 23}], 'ask': [{'price': 9.74, 'vol': 148}]}",0000110001010110,0.10%,0.14%,908872.0,0.00%,0,0,000000000000000000000000000000000000000000000000,1.03%,-18.51%,2300,3.54,688189.SH,,南新制药,
MARKET.SH,688176,12.39,12.58,12.58,12.09,12.35,15:29:58.572,0.0,9073600,78200,111448672.0,4944000,4129700,0,44.93,"{'bid': [{'price': 12.39, 'vol': 45}], 'ask': [{'price': 12.4, 'vol': 30}]}",0001011110010110,-0.15%,0.04%,968352.0,0.00%,0,0,000000000000000000000000000000000000000000000000,0.75%,-52.49%,1967,2.08,688176.SH,,亚虹医药,
MARKET.SH,688148,9.87,9.61,9.91,9.59,9.6,15:30:00.084,0.0,17393800,60700,169635680.0,7536900,9856900,0,61.33,"{'bid': [{'price': 9.87, 'vol': 42}], 'ask': [{'price': 9.88, 'vol': 39}]}",0000101011010110,0.00%,0.09%,599344.0,0.10%,0,0,000000000000000000000000000000000000000000000000,0.90%,-29.68%,3266,3.41,688148.SH,,芳源股份,
MARKET.SH,688121,6.48,0.0,0.0,0.0,6.48,14:59:59.471,0.0,0,0,0.0,0,0,0,0.0,"{'bid': [{'price': 0.0, 'vol': 0}], 'ask': [{'price': 0.0, 'vol': 0}]}",1000000000100000,0.00%,0.00%,0.0,0.00%,0,0,000000000000000000000000000000000000000000000000,0.00%,0.00%,1,,688121.SH,,卓然股份,
MARKET.SH,688119,4.81,4.74,4.85,4.65,4.65,15:30:03.120,0.0,10552000,141700,50175912.0,5243300,5308800,0,45.18,"{'bid': [{'price': 4.81, 'vol': 322}], 'ask': [{'price': 4.82, 'vol': 373}]}",0001000001010110,0.00%,0.06%,681320.0,0.00%,0,0,000000000000000000000000000000000000000000000000,1.37%,-56.50%,1484,0.94,688119.SH,,中钢洛耐,
MARKET.SH,688098,8.23,8.1,8.3,8.03,8.1,15:30:01.068,0.0,1572000,46600,12847891.0,738800,833300,0,3.83,"{'bid': [{'price': 8.22, 'vol': 48}], 'ask': [{'price': 8.23, 'vol': 28}]}",0000110101010110,-0.11%,0.03%,383411.0,0.00%,0,0,000000000000000000000000000000000000000000000000,2.10%,42.92%,720,0.38,688098.SH,,申联生物,
MARKET.SH,688096,12.69,12.66,12.97,12.3,12.41,15:29:58.392,0.0,17759300,146700,224385456.0,8852900,8906500,0,60.84,"{'bid': [{'price': 12.68, 'vol': 30}], 'ask': [{'price': 12.69, 'vol': 30}]}",0001010010010110,0.08%,0.23%,1861136.0,0.00%,0,0,000000000000000000000000000000000000000000000000,1.19%,61.47%,2712,7.52,688096.SH,,京源环保,
MARKET.SH,688089,14.24,14.31,14.47,14.11,14.2,15:29:57.462,0.0,2383600,38900,33989616.0,1086500,1297200,0,2.65,"{'bid': [{'price': 14.24, 'vol': 11}], 'ask': [{'price': 14.26, 'vol': 5}]}",0001000011010110,-0.34%,0.08%,553744.0,0.42%,0,0,000000000000000000000000000000000000000000000000,1.37%,-63.64%,1211,1.42,688089.SH,,嘉必优,
MARKET.SH,688057,14.18,13.83,14.19,13.43,13.76,15:29:57.498,0.0,5752300,132400,79987248.0,2993100,2759200,0,73.01,"{'bid': [{'price': 14.17, 'vol': 24}], 'ask': [{'price': 14.18, 'vol': 559}]}",0000010000010110,0.71%,0.16%,1877928.0,0.00%,0,0,000000000000000000000000000000000000000000000000,1.88%,-80.18%,1745,2.08,688057.SH,,金达莱,
MARKET.SH,688055,5.82,5.1,5.94,5.0,5.39,15:30:02.514,0.0,140189500,875000,750212352.0,67614700,72574800,0,1384.52,"{'bid': [{'price': 5.81, 'vol': 396}], 'ask': [{'price': 5.82, 'vol': 837}]}",0000100111010110,-0.16%,0.68%,5093056.0,0.00%,0,0,000000000000000000000000000000000000000000000000,0.80%,-17.51%,4228,4.21,688055.SH,,龙腾光电,
MARKET.SH,688009,4.86,4.88,4.9,4.8,4.86,15:30:03.090,0.0,29569800,501700,143095440.0,14512900,15057000,0,25.52,"{'bid': [{'price': 4.86, 'vol': 58}], 'ask': [{'price': 4.87, 'vol': 3156}]}",0000111010010110,0.00%,0.05%,2438096.0,0.00%,0,0,000000000000000000000000000000000000000000000000,1.77%,-11.40%,2976,0.34,688009.SH,,中国通号,
MARKET.SH,605577,10.72,10.76,10.82,10.6,10.7,14:59:57.584,-10.72,2561500,30000,27388892.0,1345100,1216400,1,35.62,"{'bid': [{'price': 10.71, 'vol': 42}], 'ask': [{'price': 10.72, 'vol': 279}]}",0000000000010110,0.09%,0.08%,321596.0,0.00%,0,0,000000000000000000000000000000000000000000000000,1.46%,-10.60%,1648,0.58,605577.SH,,龙版传媒,
MARKET.SH,605567,10.46,10.3,10.51,10.08,10.25,14:59:58.038,-10.46,3634500,30600,37383788.0,1721900,1912600,1,47.59,"{'bid': [{'price': 10.45, 'vol': 25}], 'ask': [{'price': 10.46, 'vol': 925}]}",0000000000010110,0.19%,0.05%,320068.0,0.49%,0,0,000000000000000000000000000000000000000000000000,0.86%,-63.46%,1935,1.82,605567.SH,,春雪食品,
MARKET.SH,605500,10.88,9.91,10.88,9.59,9.89,14:59:57.887,-10.88,33395000,55800,351597536.0,19259200,14135800,0,94.64,"{'bid': [{'price': 10.88, 'vol': 28461}], 'ask': [{'price': 0.0, 'vol': 0}]}",0000110000010110,0.00%,0.10%,607072.0,-0.09%,0,0,000000000000000000000000000000000000000000000000,0.14%,0.00%,2781,8.06,605500.SH,,森林包装,
MARKET.SH,605388,6.63,6.63,6.67,6.47,6.54,14:59:59.417,-6.63,7987700,97400,52595912.0,3465800,4521900,-1,14.92,"{'bid': [{'price': 6.63, 'vol': 163}], 'ask': [{'price': 6.64, 'vol': 385}]}",0000010011010110,0.00%,0.14%,645768.0,0.45%,0,0,000000000000000000000000000000000000000000000000,1.64%,-35.79%,1927,1.33,605388.SH,,均瑶健康,
MARKET.SH,605377,9.16,9.08,9.28,9.03,9.08,14:59:57.786,-9.16,4209200,27300,38567888.0,1868300,2340900,2,8.26,"{'bid': [{'price': 9.15, 'vol': 8}], 'ask': [{'price': 9.16, 'vol': 25}]}",0000101000010110,0.00%,0.05%,250068.0,0.33%,0,0,000000000000000000000000000000000000000000000000,1.71%,-2.34%,1577,0.76,605377.SH,,华旺科技,
MARKET.SH,605368,7.24,7.4,7.41,7.19,7.41,14:59:58.117,-7.24,5141900,142300,37314068.0,3063200,2078800,1,17.61,"{'bid': [{'price': 7.23, 'vol': 1170}], 'ask': [{'price': 7.24, 'vol': 121}]}",0000111100010110,0.14%,0.07%,1030240.0,0.00%,0,0,000000000000000000000000000000000000000000000000,1.83%,77.33%,1329,0.72,605368.SH,,蓝天燃气,
MARKET.SH,605366,12.99,12.0,12.99,11.8,11.81,14:59:56.767,-12.99,40419900,71100,510599072.0,16769300,23650700,0,96.48,"{'bid': [{'price': 12.99, 'vol': 24161}], 'ask': [{'price': 0.0, 'vol': 0}]}",0001011101010110,0.00%,0.05%,923360.0,0.00%,0,0,000000000000000000000000000000000000000000000000,0.30%,0.00%,2775,5.21,605366.SH,,宏柏新材,
MARKET.SH,605337,9.99,9.9,10.04,9.88,9.99,14:59:58.207,-9.99,2479000,10900,24697056.0,1294400,1184700,1,60.39,"{'bid': [{'price': 9.98, 'vol': 98}], 'ask': [{'price': 9.99, 'vol': 56}]}",0001100010010110,0.10%,0.02%,108894.0,0.00%,0,0,000000000000000000000000000000000000000000000000,0.65%,-29.04%,1103,0.64,605337.SH,,李子园,
MARKET.SH,605300,10.28,10.36,10.51,10.15,10.3,14:59:57.743,-10.28,2894300,11900,29701870.0,1324400,1569900,0,7.87,"{'bid': [{'price': 10.28, 'vol': 487}], 'ask': [{'price': 10.29, 'vol': 344}]}",0000001111010110,0.00%,0.03%,122338.0,0.00%,0,0,000000000000000000000000000000000000000000000000,0.73%,-22.47%,1404,0.64,605300.SH,,佳禾食品,
MARKET.SH,605268,11.03,11.0,11.11,10.89,10.96,14:59:56.753,-11.03,3506400,78800,38582208.0,1536200,1970200,-1,22.66,"{'bid': [{'price': 11.03, 'vol': 214}], 'ask': [{'price': 11.04, 'vol': 111}]}",0000000000010110,-0.26%,0.18%,869172.0,0.00%,0,0,000000000000000000000000000000000000000000000000,1.96%,-16.59%,1343,0.8,605268.SH,,王力安防,
MARKET.SH,605228,14.05,14.2,14.28,13.92,14.12,14:59:56.386,-14.05,6742600,86200,94984240.0,3496400,3246200,-1,18.03,"{'bid': [{'price': 14.05, 'vol': 300}], 'ask': [{'price': 14.06, 'vol': 231}]}",0000011001010110,-0.13%,0.12%,1211064.0,0.00%,0,0,000000000000000000000000000000000000000000000000,1.46%,45.01%,2236,1.41,605228.SH,,神通科技,
MARKET.SH,605208,14.49,14.35,14.85,14.13,14.2,14:59:55.867,-14.49,9893300,67300,143631792.0,4830400,5062900,0,23.39,"{'bid': [{'price': 14.49, 'vol': 465}], 'ask': [{'price': 14.5, 'vol': 177}]}",0000011011010110,0.28%,0.17%,975168.0,0.00%,0,0,000000000000000000000000000000000000000000000000,1.52%,-48.07%,2888,3.0,605208.SH,,永茂泰,
MARKET.SH,605188,14.04,13.89,14.23,13.83,13.97,14:59:56.749,-14.04,4533400,73100,63546104.0,1899100,2634300,0,51.95,"{'bid': [{'price': 14.04, 'vol': 193}], 'ask': [{'price': 14.05, 'vol': 139}]}",0000000000010110,0.07%,0.25%,1026300.0,0.36%,0,0,000000000000000000000000000000000000000000000000,2.47%,5.10%,1922,0.9,605188.SH,,国光连锁,
MARKET.SH,605169,13.16,12.94,13.38,12.93,12.98,14:59:57.066,-13.16,3567900,74900,46889872.0,1869600,1698400,2,21.22,"{'bid': [{'price': 13.16, 'vol': 59}], 'ask': [{'price': 13.17, 'vol': 248}]}",0001000101010110,0.23%,0.23%,985656.0,0.31%,0,0,000000000000000000000000000000000000000000000000,2.47%,20.99%,1606,1.26,605169.SH,,洪通燃气,
MARKET.SH,605166,11.31,10.69,11.33,10.48,10.57,14:59:56.652,-11.31,12423800,194300,136944464.0,4642200,7781600,5,64.46,"{'bid': [{'price': 11.3, 'vol': 79}], 'ask': [{'price': 11.31, 'vol': 841}]}",0000000000010110,0.80%,0.46%,2197520.0,0.75%,0,0,000000000000000000000000000000000000000000000000,4.02%,-83.96%,2754,3.95,605166.SH,,聚合顺,
MARKET.SH,605162,10.7,10.46,10.76,10.32,10.45,14:59:56.872,-10.7,9115000,222500,96523520.0,4128400,4986700,4,27.3,"{'bid': [{'price': 10.69, 'vol': 6}], 'ask': [{'price': 10.7, 'vol': 62}]}",0001100000010110,0.19%,0.33%,2380744.0,0.00%,0,0,000000000000000000000000000000000000000000000000,2.07%,-16.14%,2701,2.19,605162.SH,,新中港,
MARKET.SH,605158,7.58,7.41,7.7,7.36,7.41,14:59:58.715,-7.58,8322000,72100,62892252.0,3862900,4459100,1,85.51,"{'bid': [{'price': 7.57, 'vol': 99}], 'ask': [{'price': 7.58, 'vol': 45}]}",0000000000010110,0.13%,0.17%,546516.0,0.95%,0,0,000000000000000000000000000000000000000000000000,1.42%,-30.46%,1971,1.63,605158.SH,,华达新材,
MARKET.SH,605138,7.6,7.54,7.67,7.46,7.52,14:59:58.708,-7.6,4466600,67800,33763188.0,2049300,2417300,-3,6.41,"{'bid': [{'price': 7.6, 'vol': 38}], 'ask': [{'price': 7.63, 'vol': 25}]}",0000000000010110,-0.12%,0.12%,515268.0,0.00%,0,0,000000000000000000000000000000000000000000000000,1.73%,-3.06%,1978,0.8,605138.SH,,盛泰集团,
MARKET.SH,605136,9.96,9.84,10.09,9.61,9.83,14:59:57.138,-9.96,8839800,68700,87138248.0,4017100,4822700,1,18.7,"{'bid': [{'price': 9.96, 'vol': 117}], 'ask': [{'price': 9.98, 'vol': 196}]}",0000000000010110,0.00%,0.18%,684280.0,0.20%,0,0,000000000000000000000000000000000000000000000000,1.95%,-31.72%,2267,2.21,605136.SH,,丽人丽妆,
MARKET.SH,605122,14.33,14.03,14.47,13.78,13.98,14:59:55.565,-14.33,3183100,22600,45149092.0,1438500,1744700,2,39.56,"{'bid': [{'price': 14.31, 'vol': 31}], 'ask': [{'price': 14.33, 'vol': 2}]}",0001010000010110,0.14%,0.06%,323860.0,0.00%,0,0,000000000000000000000000000000000000000000000000,0.52%,-12.38%,2333,1.85,605122.SH,,四方新材,
MARKET.SH,605108,13.66,13.92,14.01,13.6,13.91,14:59:56.166,-13.66,2908100,76900,39854456.0,1820700,1087400,0,25.06,"{'bid': [{'price': 13.66, 'vol': 396}], 'ask': [{'price': 13.67, 'vol': 171}]}",0000011110010110,-0.06%,0.14%,1050456.0,0.00%,0,0,000000000000000000000000000000000000000000000000,1.96%,50.48%,1310,1.12,605108.SH,,同庆楼,
MARKET.SH,605066,7.46,7.35,7.51,7.25,7.34,14:59:58.398,-7.46,8225400,95400,60867768.0,4106300,4119200,0,13.38,"{'bid': [{'price': 7.45, 'vol': 604}], 'ask': [{'price': 7.46, 'vol': 17}]}",0001001011010110,-0.12%,0.08%,711680.0,0.00%,0,0,000000000000000000000000000000000000000000000000,1.34%,-11.41%,2144,1.64,605066.SH,,天正电气,
MARKET.SH,605055,13.46,13.41,13.74,13.2,13.41,14:59:55.878,-13.46,13391200,313300,179952176.0,7233700,6157500,0,337.53,"{'bid': [{'price': 13.45, 'vol': 314}], 'ask': [{'price': 13.46, 'vol': 78}]}",0000000000010110,-0.21%,0.52%,4217024.0,0.75%,0,0,000000000000000000000000000000000000000000000000,2.17%,-17.72%,3266,3.04,605055.SH,,迎丰股份,
MARKET.SH,605050,11.87,11.89,11.98,11.78,11.89,14:59:57.530,-11.87,2919400,4600,34683412.0,1716700,1202700,0,4.64,"{'bid': [{'price': 11.87, 'vol': 194}], 'ask': [{'price': 11.88, 'vol': 1273}]}",0000000000010110,-0.07%,0.03%,54596.0,0.00%,0,0,000000000000000000000000000000000000000000000000,0.85%,36.84%,979,0.59,605050.SH,,福然德,
MARKET.SH,605018,14.06,13.52,14.42,13.45,13.67,14:59:56.742,-14.06,13307400,144900,186670688.0,6582200,6725200,2,143.04,"{'bid': [{'price': 14.06, 'vol': 131}], 'ask': [{'price': 14.07, 'vol': 52}]}",0000000000010110,-0.06%,0.45%,2037312.0,0.15%,0,0,000000000000000000000000000000000000000000000000,1.69%,29.87%,3229,2.83,605018.SH,,长华集团,
MARKET.SH,605008,11.93,11.99,12.05,11.61,11.85,14:59:57.149,-11.93,2496900,11300,29713632.0,1243800,1253100,-1,3.96,"{'bid': [{'price': 11.93, 'vol': 2}], 'ask': [{'price': 11.95, 'vol': 51}]}",0000010100010110,-0.32%,0.02%,135042.0,0.00%,0,0,000000000000000000000000000000000000000000000000,0.44%,7.65%,1226,0.39,605008.SH,,长鸿高科,
MARKET.SH,605007,14.27,14.08,14.35,13.98,14.13,14:59:56.306,-14.27,3099400,28700,43899832.0,1482500,1616900,2,1.69,"{'bid': [{'price': 14.25, 'vol': 29}], 'ask': [{'price': 14.27, 'vol': 209}]}",0000000000010110,0.49%,0.12%,409536.0,0.00%,0,0,000000000000000000000000000000000000000000000000,1.71%,-38.30%,1911,0.77,605007.SH,,五洲特纸,
MARKET.SH,605001,7.05,6.94,7.08,6.83,6.91,14:59:58.906,-7.05,3876600,30900,26993696.0,1767700,2109000,2,26.79,"{'bid': [{'price': 7.03, 'vol': 50}], 'ask': [{'price': 7.05, 'vol': 716}]}",0001000110010110,0.43%,0.03%,217840.0,0.29%,0,0,000000000000000000000000000000000000000000000000,0.83%,-39.62%,1695,0.99,605001.SH,,威奥股份,
MARKET.SH,603999,6.95,7.09,7.14,6.82,7.02,14:59:58.222,-6.95,17082300,446200,118496832.0,9328100,7754200,0,65.37,"{'bid': [{'price': 6.94, 'vol': 1250}], 'ask': [{'price': 6.95, 'vol': 261}]}",0000000000010110,0.14%,0.40%,3101104.0,0.00%,0,0,000000000000000000000000000000000000000000000000,2.87%,64.35%,2492,2.97,603999.SH,,读者传媒,
MARKET.SH,603998,10.26,10.26,10.29,10.12,10.2,14:59:58.110,-10.26,4387000,29300,44793324.0,2248100,2139000,2,11.98,"{'bid': [{'price': 10.25, 'vol': 48}], 'ask': [{'price': 10.26, 'vol': 70}]}",0001011110010110,0.10%,0.03%,300628.0,0.10%,0,0,000000000000000000000000000000000000000000000000,0.94%,2.10%,1576,1.0,603998.SH,,方盛制药,
MARKET.SH,603997,13.51,13.33,13.57,13.3,13.39,14:59:56.220,-13.51,10066800,132000,135455296.0,4839100,5227700,0,85.31,"{'bid': [{'price': 13.51, 'vol': 18}], 'ask': [{'price': 13.52, 'vol': 224}]}",0000000101010110,0.00%,0.05%,1783360.0,0.00%,0,0,000000000000000000000000000000000000000000000000,1.95%,0.67%,2533,0.79,603997.SH,,继峰股份,
MARKET.SH,603987,7.77,7.73,7.83,7.64,7.71,14:59:57.926,-7.77,2972000,15200,23007976.0,1480700,1491300,0,3.87,"{'bid': [{'price': 7.77, 'vol': 219}], 'ask': [{'price': 7.78, 'vol': 58}]}",0000000000010110,0.00%,0.02%,118098.0,0.00%,0,0,000000000000000000000000000000000000000000000000,0.91%,9.69%,1104,0.68,603987.SH,,康德莱,
MARKET.SH,603982,7.62,7.5,7.7,7.31,7.44,14:59:58.700,-7.62,8582800,50700,64576120.0,4077900,4504900,2,8.18,"{'bid': [{'price': 7.61, 'vol': 162}], 'ask': [{'price': 7.62, 'vol': 1230}]}",0000011010010110,0.26%,0.07%,386356.0,0.00%,0,0,000000000000000000000000000000000000000000000000,0.82%,-12.85%,2416,2.53,603982.SH,,泉峰汽车,
MARKET.SH,603980,5.95,5.87,6.01,5.75,5.83,14:59:59.302,-5.95,13715200,55600,81077960.0,5872500,7842700,1,36.16,"{'bid': [{'price': 5.94, 'vol': 154}], 'ask': [{'price': 5.95, 'vol': 69}]}",0000101000010110,0.17%,0.07%,330784.0,0.00%,0,0,000000000000000000000000000000000000000000000000,1.08%,7.16%,2771,2.03,603980.SH,,吉华集团,
MARKET.SH,603977,13.6,13.32,13.74,13.14,13.28,14:59:55.828,-13.6,13047500,113400,175429376.0,5753800,7293700,0,29.3,"{'bid': [{'price': 13.59, 'vol': 215}], 'ask': [{'price': 13.6, 'vol': 68}]}",0000001100010110,0.00%,0.09%,1542144.0,0.00%,0,0,000000000000000000000000000000000000000000000000,1.00%,-32.67%,2550,2.1,603977.SH,,国泰集团,
MARKET.SH,603970,12.18,12.05,12.21,11.95,12.02,14:59:56.699,-12.18,1475900,23500,17814876.0,667600,808300,3,10.97,"{'bid': [{'price': 12.15, 'vol': 20}], 'ask': [{'price': 12.18, 'vol': 50}]}",0000010100010110,0.25%,0.03%,286230.0,0.00%,0,0,000000000000000000000000000000000000000000000000,1.03%,25.04%,1266,0.55,603970.SH,,中农立华,
MARKET.SH,603969,9.02,8.99,9.2,8.71,8.92,14:59:58.556,-9.02,19804900,75600,177033536.0,9963800,9841200,0,86.21,"{'bid': [{'price': 9.02, 'vol': 395}], 'ask': [{'price': 9.03, 'vol': 61}]}",0000110110010110,0.00%,0.05%,681872.0,0.00%,0,0,000000000000000000000000000000000000000000000000,0.60%,54.28%,2530,2.33,603969.SH,,银龙股份,
MARKET.SH,603968,11.44,11.28,11.57,11.13,11.25,14:59:56.605,-11.44,4015000,31200,45646392.0,2225200,1789800,-1,11.62,"{'bid': [{'price': 11.44, 'vol': 111}], 'ask': [{'price': 11.45, 'vol': 488}]}",0000011101010110,-0.08%,0.07%,356924.0,0.00%,0,0,000000000000000000000000000000000000000000000000,0.90%,-19.86%,1920,1.96,603968.SH,,醋化股份,
MARKET.SH,603967,13.04,13.02,13.17,12.83,12.92,14:59:56.749,-13.04,2219600,50500,28812008.0,1172100,1047500,0,41.14,"{'bid': [{'price': 13.04, 'vol': 6}], 'ask': [{'price': 13.05, 'vol': 37}]}",0000000000010110,0.08%,0.08%,658528.0,0.00%,0,0,000000000000000000000000000000000000000000000000,2.11%,57.92%,1561,0.64,603967.SH,,中创物流,
MARKET.SH,603966,13.04,12.99,13.14,12.84,12.82,14:59:56.749,-13.04,6942700,79000,90153896.0,3212300,3730400,0,87.68,"{'bid': [{'price': 13.04, 'vol': 49}], 'ask': [{'price': 13.05, 'vol': 24}]}",0000010100010110,-0.14%,0.08%,1030176.0,0.00%,0,0,000000000000000000000000000000000000000000000000,1.45%,27.65%,2246,1.74,603966.SH,,法兰泰克,
MARKET.SH,603956,5.94,5.89,5.98,5.81,5.9,14:59:59.305,-5.94,17564500,220800,103668328.0,9671900,7892700,1,81.16,"{'bid': [{'price': 5.93, 'vol': 688}], 'ask': [{'price': 5.94, 'vol': 152}]}",0001001011010110,0.34%,0.16%,1311608.0,0.51%,0,0,000000000000000000000000000000000000000000000000,1.37%,24.59%,2457,3.08,603956.SH,,威派格,
MARKET.SH,603918,12.53,12.4,12.66,12.18,12.4,14:59:56.933,-12.53,8712600,57800,108015424.0,4573500,4139100,0,106.02,"{'bid': [{'price': 12.52, 'vol': 434}], 'ask': [{'price': 12.53, 'vol': 188}]}",0000100010010110,0.08%,0.06%,724256.0,0.00%,0,0,000000000000000000000000000000000000000000000000,0.87%,-6.93%,2466,2.39,603918.SH,,金桥信息,
MARKET.SH,603917,13.15,12.75,13.21,12.71,12.84,14:59:56.350,-13.15,10118200,92200,131174760.0,4742200,5376000,-1,242.51,"{'bid': [{'price': 13.15, 'vol': 220}], 'ask': [{'price': 13.16, 'vol': 335}]}",0000100011010110,0.08%,0.14%,1212424.0,0.00%,0,0,000000000000000000000000000000000000000000000000,0.89%,-58.87%,2516,4.96,603917.SH,,合力科技,
MARKET.SH,603912,10.71,10.48,10.78,10.31,10.37,14:59:57.948,-10.71,24739300,262900,261493056.0,11327100,13412300,0,67.91,"{'bid': [{'price': 10.71, 'vol': 975}], 'ask': [{'price': 10.72, 'vol': 623}]}",0001011000010110,0.00%,0.17%,2815744.0,0.00%,0,0,000000000000000000000000000000000000000000000000,1.04%,-3.02%,3589,4.57,603912.SH,,佳力图,
MARKET.SH,603909,11.3,11.08,11.4,11.0,11.15,14:59:57.736,-11.3,2320700,11800,25968572.0,896500,1424200,-5,18.95,"{'bid': [{'price': 11.3, 'vol': 64}], 'ask': [{'price': 11.31, 'vol': 12}]}",0000110001010110,-0.08%,0.06%,133334.0,0.36%,0,0,000000000000000000000000000000000000000000000000,1.79%,-16.97%,1869,0.89,603909.SH,,XD建发合,
MARKET.SH,603903,12.76,13.05,13.45,12.55,13.06,14:59:56.130,-12.76,15033900,279400,193177008.0,8553400,6480600,2,66.42,"{'bid': [{'price': 12.75, 'vol': 224}], 'ask': [{'price': 12.76, 'vol': 10}]}",0001001000010110,0.16%,0.32%,3565216.0,0.00%,0,0,000000000000000000000000000000000000000000000000,1.47%,45.72%,2962,5.89,603903.SH,,中持股份,
MARKET.SH,603901,12.56,12.46,12.63,12.34,12.36,14:59:56.562,-12.56,9273700,63000,116006584.0,4754000,4519700,0,44.23,"{'bid': [{'price': 12.55, 'vol': 61}], 'ask': [{'price': 12.56, 'vol': 242}]}",0000101000010110,0.00%,0.05%,791256.0,0.00%,0,0,000000000000000000000000000000000000000000000000,0.70%,1.05%,2576,1.72,603901.SH,,永创智能,
MARKET.SH,603900,7.15,7.05,7.2,6.95,7.0,14:59:58.870,-7.15,6027100,111300,42693392.0,3045400,2981700,-1,23.76,"{'bid': [{'price': 7.15, 'vol': 17}], 'ask': [{'price': 7.16, 'vol': 52}]}",0000000000010110,0.00%,0.10%,795792.0,0.57%,0,0,000000000000000000000000000000000000000000000000,1.64%,-66.90%,1993,1.76,603900.SH,,莱绅通灵,
MARKET.SH,603898,12.4,12.3,12.57,12.08,12.17,14:59:56.620,-12.4,2229600,18400,27507012.0,891900,1337700,0,1.72,"{'bid': [{'price': 12.39, 'vol': 764}], 'ask': [{'price': 12.4, 'vol': 21}]}",0000110001010110,-0.07%,0.05%,228156.0,0.00%,0,0,000000000000000000000000000000000000000000000000,1.15%,31.93%,1022,0.72,603898.SH,,好莱客,
MARKET.SH,603889,7.78,7.65,7.89,7.51,7.65,14:59:59.003,-7.78,17196700,130200,132637792.0,9557000,7639700,0,21.57,"{'bid': [{'price': 7.77, 'vol': 818}], 'ask': [{'price': 7.78, 'vol': 135}]}",0000001110010110,0.26%,0.08%,1012944.0,0.00%,0,0,000000000000000000000000000000000000000000000000,1.17%,2.02%,2878,1.83,603889.SH,,新澳股份,
MARKET.SH,603887,13.95,13.91,14.09,13.65,13.8,14:59:56.062,-13.95,12810200,164400,177523104.0,6096000,6714200,1,99.6,"{'bid': [{'price': 13.95, 'vol': 273}], 'ask': [{'price': 13.96, 'vol': 229}]}",0000110000010110,0.22%,0.08%,2293344.0,0.00%,0,0,000000000000000000000000000000000000000000000000,1.54%,10.27%,2856,2.13,603887.SH,,城地香江,
MARKET.SH,603886,11.04,11.03,11.09,10.76,11.0,14:59:57.829,-11.04,5175400,14900,56566288.0,2158200,3017200,-2,106.44,"{'bid': [{'price': 11.04, 'vol': 55}], 'ask': [{'price': 11.05, 'vol': 2}]}",0000000000010110,0.00%,0.05%,164488.0,0.00%,0,0,000000000000000000000000000000000000000000000000,0.52%,-58.43%,1809,2.16,603886.SH,,XD元祖股,
MARKET.SH,603885,11.44,11.45,11.68,11.27,11.49,14:59:57.685,-11.44,24485600,261400,279786176.0,11754600,12731000,0,143.24,"{'bid': [{'price': 11.44, 'vol': 19}], 'ask': [{'price': 11.45, 'vol': 88}]}",0000011110010110,-0.08%,0.06%,2990496.0,0.00%,0,0,000000000000000000000000000000000000000000000000,1.05%,20.99%,3404,1.12,603885.SH,,吉祥航空,
MARKET.SH,603883,12.23,12.37,12.39,12.21,12.32,14:59:57.041,-12.23,7933700,127900,97240024.0,4429000,3504700,-2,26.35,"{'bid': [{'price': 12.23, 'vol': 454}], 'ask': [{'price': 12.24, 'vol': 69}]}",0000000011010110,-0.07%,0.06%,1564200.0,0.00%,0,0,000000000000000000000000000000000000000000000000,1.44%,60.13%,2258,1.05,603883.SH,,老百姓,
MARKET.SH,603880,8.76,8.14,8.91,8.05,8.1,14:59:57.570,-8.76,14129500,202400,120594504.0,7326800,6802800,-2,34.19,"{'bid': [{'price': 8.76, 'vol': 338}], 'ask': [{'price': 8.77, 'vol': 11}]}",0000111111010110,0.11%,0.25%,1773032.0,0.12%,0,0,000000000000000000000000000000000000000000000000,1.28%,54.34%,2467,4.89,603880.SH,,南卫股份,
MARKET.SH,603879,5.55,5.34,5.63,5.33,5.33,14:59:59.446,-5.55,10620200,92400,58252504.0,4688500,5931800,0,26.91,"{'bid': [{'price': 5.55, 'vol': 131}], 'ask': [{'price': 5.56, 'vol': 170}]}",0000110100010110,0.00%,0.10%,512820.0,-0.18%,0,0,000000000000000000000000000000000000000000000000,1.10%,-3.50%,2232,2.96,603879.SH,,永悦科技,
MARKET.SH,603878,7.24,7.21,7.31,7.15,7.21,14:59:58.837,-7.24,8801400,96800,63769704.0,4487800,4313600,2,20.26,"{'bid': [{'price': 7.23, 'vol': 11}], 'ask': [{'price': 7.24, 'vol': 281}]}",0000000000010110,0.28%,0.09%,700860.0,0.00%,0,0,000000000000000000000000000000000000000000000000,1.78%,-30.12%,1654,1.57,603878.SH,,武进不锈,
MARKET.SH,603877,13.32,13.46,13.6,13.23,13.48,14:59:56.648,-13.32,1854300,10800,24692644.0,730100,1124200,1,14.94,"{'bid': [{'price': 13.32, 'vol': 6}], 'ask': [{'price': 13.33, 'vol': 46}]}",0000000000010110,0.15%,0.02%,143864.0,0.00%,0,0,000000000000000000000000000000000000000000000000,0.78%,21.38%,1529,0.4,603877.SH,,太平鸟,
MARKET.SH,603871,11.02,11.13,11.32,10.95,11.13,14:59:56.756,-11.02,11877900,176400,131223760.0,6920000,4957900,0,42.52,"{'bid': [{'price': 11.02, 'vol': 155}], 'ask': [{'price': 11.03, 'vol': 532}]}",0000001001010110,-0.08%,0.06%,1943896.0,0.00%,0,0,000000000000000000000000000000000000000000000000,1.42%,25.62%,2905,0.87,603871.SH,,嘉友国际,
MARKET.SH,603866,4.77,4.81,4.83,4.77,4.82,14:59:59.726,-4.77,6483600,255100,31027096.0,3844800,2638900,-1,14.43,"{'bid': [{'price': 4.77, 'vol': 3263}], 'ask': [{'price': 4.79, 'vol': 1078}]}",0001011000010110,-0.20%,0.06%,1216832.0,0.00%,0,0,000000000000000000000000000000000000000000000000,2.78%,18.11%,1765,0.41,603866.SH,,桃李面包,
MARKET.SH,603856,12.22,12.21,12.33,12.0,12.18,14:59:56.684,-12.22,3415800,54000,41668072.0,1812700,1603200,0,16.0,"{'bid': [{'price': 12.22, 'vol': 447}], 'ask': [{'price': 12.25, 'vol': 100}]}",0001001010010110,-0.23%,0.11%,659872.0,0.00%,0,0,000000000000000000000000000000000000000000000000,1.70%,-10.60%,1525,1.21,603856.SH,,东宏股份,
MARKET.SH,603839,7.73,7.66,7.79,7.46,7.65,14:59:59.021,-7.73,4021200,25100,30811556.0,1814600,2206600,0,5.75,"{'bid': [{'price': 7.72, 'vol': 783}], 'ask': [{'price': 7.73, 'vol': 689}]}",0000000110010110,0.39%,0.14%,194024.0,0.00%,0,0,000000000000000000000000000000000000000000000000,1.72%,-9.92%,1625,1.04,603839.SH,,安正时尚,
MARKET.SH,603836,13.77,13.43,13.86,13.24,13.33,14:59:56.126,-13.77,2307300,33400,31370748.0,925000,1382300,1,14.91,"{'bid': [{'price': 13.77, 'vol': 2170}], 'ask': [{'price': 13.78, 'vol': 44}]}",0000000000010110,0.15%,0.06%,459920.0,0.00%,0,0,000000000000000000000000000000000000000000000000,1.15%,68.16%,1586,1.12,603836.SH,,海程邦达,
MARKET.SH,603819,14.7,13.99,15.16,13.86,13.95,14:59:56.512,-14.7,12362300,57200,180140384.0,5635500,6726800,0,18.89,"{'bid': [{'price': 14.7, 'vol': 263}], 'ask': [{'price': 14.72, 'vol': 73}]}",0000000010010110,-0.13%,0.16%,840736.0,0.29%,0,0,000000000000000000000000000000000000000000000000,0.66%,10.43%,2813,5.68,603819.SH,,神力股份,
MARKET.SH,603818,3.56,3.52,3.59,3.45,3.5,14:59:59.802,-3.56,11999600,96400,42177392.0,5483300,6516300,0,20.63,"{'bid': [{'price': 3.55, 'vol': 120}], 'ask': [{'price': 3.56, 'vol': 221}]}",0000000000010110,0.28%,0.08%,343200.0,0.00%,0,0,000000000000000000000000000000000000000000000000,1.24%,-79.61%,2127,1.75,603818.SH,,曲美家居,
MARKET.SH,603817,6.66,6.61,6.67,6.48,6.57,14:59:59.046,-6.66,7762200,81300,51128896.0,4222300,3539900,2,32.26,"{'bid': [{'price': 6.65, 'vol': 778}], 'ask': [{'price': 6.66, 'vol': 244}]}",0000000000010110,0.30%,0.08%,541472.0,0.00%,0,0,000000000000000000000000000000000000000000000000,1.46%,34.57%,2127,1.36,603817.SH,,海峡环保,
MARKET.SH,603815,6.95,6.65,7.02,6.64,6.67,14:59:58.222,-6.95,18789400,254900,129083624.0,7532200,11257200,0,105.34,"{'bid': [{'price': 6.94, 'vol': 2491}], 'ask': [{'price': 6.95, 'vol': 3627}]}",0000000000010110,0.00%,0.16%,1771552.0,0.76%,0,0,000000000000000000000000000000000000000000000000,1.21%,39.88%,2251,3.04,603815.SH,,交建股份,
MARKET.SH,603811,11.11,11.12,11.15,10.98,11.05,14:59:57.084,-11.11,3463700,38900,38338684.0,1819100,1644600,3,4.67,"{'bid': [{'price': 11.09, 'vol': 14}], 'ask': [{'price': 11.11, 'vol': 454}]}",0000101000010110,0.09%,0.05%,432172.0,0.00%,0,0,000000000000000000000000000000000000000000000000,1.82%,36.96%,1176,1.06,603811.SH,,诚意药业,
MARKET.SH,603810,14.78,14.7,14.93,14.24,14.7,14:59:56.483,-14.78,3346300,16200,48625716.0,1681100,1665300,3,17.49,"{'bid': [{'price': 14.77, 'vol': 28}], 'ask': [{'price': 14.78, 'vol': 4}]}",0001000000010110,0.27%,0.05%,239456.0,0.00%,0,0,000000000000000000000000000000000000000000000000,0.64%,-37.65%,1927,2.02,603810.SH,,丰山集团,
MARKET.SH,603809,11.25,11.37,11.45,11.08,11.24,14:59:57.034,-11.25,17412900,180900,195241216.0,9694600,7718300,0,78.11,"{'bid': [{'price': 11.25, 'vol': 196}], 'ask': [{'price': 11.26, 'vol': 151}]}",0000001001010110,0.00%,0.09%,2035056.0,0.00%,0,0,000000000000000000000000000000000000000000000000,1.62%,30.86%,3126,1.89,603809.SH,,豪能股份,
MARKET.SH,603808,9.3,9.35,9.38,9.15,9.3,14:59:57.736,-9.3,4165800,24800,38563808.0,1981600,2184300,-1,4.02,"{'bid': [{'price': 9.29, 'vol': 15}], 'ask': [{'price': 9.3, 'vol': 21}]}",0000110111010110,0.00%,0.06%,230640.0,0.00%,0,0,000000000000000000000000000000000000000000000000,1.07%,-7.35%,1830,1.15,603808.SH,,歌力思,
MARKET.SH,603801,7.92,7.93,7.98,7.84,7.91,14:59:58.592,-7.92,1527800,21900,12076827.0,673100,854700,-1,8.72,"{'bid': [{'price': 7.92, 'vol': 20}], 'ask': [{'price': 7.93, 'vol': 134}]}",0000100000010110,-0.12%,0.02%,173448.0,0.00%,0,0,000000000000000000000000000000000000000000000000,1.41%,-55.88%,668,0.35,603801.SH,,志邦家居,
MARKET.SH,603797,4.7,4.62,4.73,4.56,4.62,14:59:59.392,-4.7,4666200,70100,21656276.0,2053200,2613000,0,14.55,"{'bid': [{'price': 4.69, 'vol': 3}], 'ask': [{'price': 4.7, 'vol': 494}]}",0000000000010110,0.43%,0.04%,329464.0,0.00%,0,0,000000000000000000000000000000000000000000000000,1.10%,-58.43%,1248,0.81,603797.SH,,联泰环保,
MARKET.SH,603787,11.09,11.06,11.2,10.87,11.01,14:59:56.731,-11.09,4003700,54900,44206080.0,2058800,1944900,0,7.41,"{'bid': [{'price': 11.09, 'vol': 12}], 'ask': [{'price': 11.1, 'vol': 5}]}",0000000000010110,-0.35%,0.11%,608844.0,0.00%,0,0,000000000000000000000000000000000000000000000000,1.04%,34.23%,1811,1.74,603787.SH,,新日股份,
MARKET.SH,603779,13.07,13.07,13.69,13.07,14.52,14:59:56.738,-13.07,84705500,154900,1113538432.0,16815900,67889600,0,3383.82,"{'bid': [{'price': 0.0, 'vol': 0}], 'ask': [{'price': 13.07, 'vol': 69394}]}",0000100011010110,0.00%,0.13%,2024192.0,0.00%,0,0,000000000000000000000000000000000000000000000000,0.16%,0.00%,3002,25.51,603779.SH,,威龙股份,
MARKET.SH,603768,11.72,11.6,11.87,11.44,11.53,14:59:57.224,-11.72,4229400,25600,49491008.0,1786200,2443200,0,10.44,"{'bid': [{'price': 11.69, 'vol': 75}], 'ask': [{'price': 11.72, 'vol': 262}]}",0000000000010110,0.09%,0.06%,300044.0,0.69%,0,0,000000000000000000000000000000000000000000000000,0.68%,-81.28%,2037,1.78,603768.SH,,常青股份,
MARKET.SH,603766,14.41,14.14,14.62,13.91,13.91,14:59:55.536,-14.41,17316600,211800,249213520.0,8237300,9079300,0,33.51,"{'bid': [{'price': 14.41, 'vol': 238}], 'ask': [{'price': 14.42, 'vol': 31}]}",0000000000010110,0.00%,0.03%,3052096.0,0.07%,0,0,000000000000000000000000000000000000000000000000,1.01%,-22.14%,3063,0.84,603766.SH,,隆鑫通用,
MARKET.SH,603759,8.48,8.47,8.52,8.31,8.47,14:59:58.751,-8.48,2888700,28900,24353246.0,1312900,1575800,-1,3.13,"{'bid': [{'price': 8.48, 'vol': 109}], 'ask': [{'price': 8.49, 'vol': 47}]}",0000001010010110,0.00%,0.03%,245062.0,0.00%,0,0,000000000000000000000000000000000000000000000000,0.93%,-43.49%,1307,0.63,603759.SH,,海天股份,
MARKET.SH,603758,12.6,12.8,12.87,12.35,12.72,14:59:56.908,-12.6,5195500,114600,65268704.0,2919700,2275800,-2,27.39,"{'bid': [{'price': 12.6, 'vol': 102}], 'ask': [{'price': 12.61, 'vol': 6}]}",0000000000010110,-0.15%,0.10%,1443972.0,0.00%,0,0,000000000000000000000000000000000000000000000000,1.44%,26.48%,2111,1.18,603758.SH,,秦安股份,
MARKET.SH,603739,13.86,13.86,13.88,13.55,13.82,14:59:56.094,-13.86,3999000,21000,54863916.0,2207000,1792100,0,17.33,"{'bid': [{'price': 13.86, 'vol': 9}], 'ask': [{'price': 13.87, 'vol': 79}]}",0001010000010110,0.14%,0.07%,291036.0,0.00%,0,0,000000000000000000000000000000000000000000000000,0.89%,-34.25%,1755,1.58,603739.SH,,蔚蓝生物,
MARKET.SH,603730,11.99,11.87,12.03,11.73,11.81,14:59:56.407,-11.99,22583700,402600,268647808.0,12175800,10407900,0,191.7,"{'bid': [{'price': 11.98, 'vol': 181}], 'ask': [{'price': 11.99, 'vol': 503}]}",0000010110010110,0.17%,0.20%,4827088.0,0.51%,0,0,000000000000000000000000000000000000000000000000,1.77%,-16.17%,3495,1.05,603730.SH,,岱美股份,
MARKET.SH,603725,12.0,11.65,12.22,11.33,11.32,14:59:56.764,-12.0,25652300,500500,305916832.0,11683600,13968800,-3,192.11,"{'bid': [{'price': 12.0, 'vol': 366}], 'ask': [{'price': 12.01, 'vol': 29}]}",0001001001010110,-0.24%,0.61%,6006304.0,0.00%,0,0,000000000000000000000000000000000000000000000000,2.01%,21.10%,3437,8.95,603725.SH,,天安新材,
MARKET.SH,603719,10.76,10.93,10.93,10.68,10.82,14:59:57.570,-10.76,4584300,26800,49509808.0,2688200,1896100,-2,12.79,"{'bid': [{'price': 10.76, 'vol': 34}], 'ask': [{'price': 10.78, 'vol': 44}]}",0000001011010110,-0.27%,0.06%,288384.0,0.00%,0,0,000000000000000000000000000000000000000000000000,1.13%,-49.89%,1964,1.14,603719.SH,,良品铺子,
MARKET.SH,603717,7.05,6.91,7.19,6.75,6.85,14:59:59.266,-7.05,14396500,263400,100551680.0,6114000,8282500,1,153.33,"{'bid': [{'price': 7.04, 'vol': 186}], 'ask': [{'price': 7.05, 'vol': 130}]}",0000000000010110,0.14%,0.19%,1857008.0,0.73%,0,0,000000000000000000000000000000000000000000000000,1.25%,-53.14%,2432,4.96,603717.SH,,天域生物,
MARKET.SH,603711,14.81,15.01,15.17,14.7,15.01,14:59:56.112,-14.81,6660600,38500,99130800.0,3433000,3227600,-1,50.58,"{'bid': [{'price': 14.81, 'vol': 90}], 'ask': [{'price': 14.82, 'vol': 158}]}",0000000000010110,0.00%,0.19%,570192.0,0.00%,0,0,000000000000000000000000000000000000000000000000,1.04%,-49.61%,2620,1.61,603711.SH,,香飘飘,
MARKET.SH,603708,9.88,9.83,9.95,9.8,9.82,14:59:57.167,-9.88,3516600,38800,34694784.0,1975400,1541200,0,8.26,"{'bid': [{'price': 9.87, 'vol': 107}], 'ask': [{'price': 9.88, 'vol': 4}]}",0000001001010110,0.00%,0.04%,383356.0,-0.19%,0,0,000000000000000000000000000000000000000000000000,1.09%,-12.75%,1711,0.55,603708.SH,,家家悦,
MARKET.SH,603707,8.21,8.36,8.36,8.19,8.3,14:59:58.488,-8.21,8658600,143800,71361808.0,4520800,4137800,-2,30.01,"{'bid': [{'price': 8.21, 'vol': 963}], 'ask': [{'price': 8.22, 'vol': 267}]}",0000010110010110,-0.11%,0.05%,1180592.0,0.00%,0,0,000000000000000000000000000000000000000000000000,1.34%,-1.65%,2181,0.54,603707.SH,,健友股份,
MARKET.SH,603703,14.26,13.85,14.28,13.63,13.71,14:59:55.950,-14.26,12059300,313300,168737536.0,4664500,7394900,-1,17.04,"{'bid': [{'price': 14.25, 'vol': 3}], 'ask': [{'price': 14.26, 'vol': 512}]}",0001010000010110,0.71%,0.27%,4467600.0,0.00%,0,0,000000000000000000000000000000000000000000000000,3.27%,-82.17%,3068,2.91,603703.SH,,盛洋科技,
MARKET.SH,603700,12.1,11.89,12.24,11.79,11.84,14:59:57.448,-12.1,3957300,27400,47617772.0,1986800,1970600,0,20.09,"{'bid': [{'price': 12.09, 'vol': 40}], 'ask': [{'price': 12.1, 'vol': 275}]}",0001011010010110,-0.15%,0.04%,331540.0,0.00%,0,0,000000000000000000000000000000000000000000000000,0.65%,-47.42%,1948,1.98,603700.SH,,宁水集团,
MARKET.SH,603697,11.08,11.15,11.25,10.97,11.14,14:59:57.815,-11.08,7599500,202400,84207896.0,4072300,3527300,2,37.35,"{'bid': [{'price': 11.07, 'vol': 78}], 'ask': [{'price': 11.08, 'vol': 397}]}",0000111100010110,0.18%,0.26%,2242592.0,0.09%,0,0,000000000000000000000000000000000000000000000000,2.39%,19.70%,2330,1.78,603697.SH,,有友食品,
MARKET.SH,603696,14.28,14.2,14.4,14.08,14.16,14:59:55.943,-14.28,3544900,21000,50462536.0,1474200,2070700,-1,12.92,"{'bid': [{'price': 14.28, 'vol': 28}], 'ask': [{'price': 14.29, 'vol': 43}]}",0000000000010110,0.21%,0.10%,299864.0,-0.62%,0,0,000000000000000000000000000000000000000000000000,1.25%,-43.75%,2021,1.51,603696.SH,,安记食品,
MARKET.SH,603689,8.44,8.46,8.5,8.36,8.45,14:59:58.045,-8.44,4581400,19500,38587916.0,2658100,1923400,-1,4.31,"{'bid': [{'price': 8.44, 'vol': 361}], 'ask': [{'price': 8.45, 'vol': 147}]}",0001010000010110,0.12%,0.06%,164592.0,0.00%,0,0,000000000000000000000000000000000000000000000000,1.25%,35.35%,1397,0.88,603689.SH,,皖天然气,
MARKET.SH,603682,8.8,8.8,9.2,8.7,8.76,14:59:57.556,-8.8,11322500,76400,100388976.0,6089900,5232600,3,12.5,"{'bid': [{'price': 8.79, 'vol': 285}], 'ask': [{'price': 8.8, 'vol': 275}]}",0000000000010110,0.46%,0.14%,672312.0,0.34%,0,0,000000000000000000000000000000000000000000000000,1.16%,38.99%,2398,2.4,603682.SH,,锦和商管,
MARKET.SH,603680,13.83,13.68,13.95,13.59,13.69,14:59:56.825,-13.83,5597500,32500,77416432.0,3080300,2517300,-1,7.66,"{'bid': [{'price': 13.82, 'vol': 46}], 'ask': [{'price': 13.83, 'vol': 343}]}",0001010000010110,0.14%,0.06%,449448.0,0.51%,0,0,000000000000000000000000000000000000000000000000,0.67%,-26.63%,1928,0.71,603680.SH,,今创集团,
MARKET.SH,603676,9.66,9.65,9.74,9.55,9.59,14:59:57.966,-9.66,1627500,18300,15677209.0,916400,711100,0,2.41,"{'bid': [{'price': 9.66, 'vol': 131}], 'ask': [{'price': 9.67, 'vol': 170}]}",0000000000010110,-0.09%,0.04%,176778.0,0.00%,0,0,000000000000000000000000000000000000000000000000,1.28%,0.00%,1264,0.37,603676.SH,,卫信康,
MARKET.SH,603669,4.3,4.28,4.33,4.18,4.26,15:00:00.426,-4.3,9711700,40800,41271020.0,5205200,4506500,-1,7.15,"{'bid': [{'price': 4.3, 'vol': 1055}], 'ask': [{'price': 4.31, 'vol': 649}]}",0000011111010110,0.00%,0.05%,175448.0,-0.22%,0,0,000000000000000000000000000000000000000000000000,0.69%,-5.18%,1798,1.36,603669.SH,,灵康药业,
MARKET.SH,603668,12.37,12.28,12.61,12.16,12.3,14:59:56.630,-12.37,6270800,75200,77028672.0,3248700,3022200,9,31.44,"{'bid': [{'price': 12.37, 'vol': 64}], 'ask': [{'price': 12.38, 'vol': 598}]}",0001000100010110,0.49%,0.05%,929808.0,0.00%,0,0,000000000000000000000000000000000000000000000000,1.39%,-15.73%,2112,1.24,603668.SH,,天马科技,
MARKET.SH,603660,12.41,12.51,12.79,12.21,12.48,14:59:56.256,-12.41,25889600,264600,320958048.0,13712800,12176900,0,221.68,"{'bid': [{'price': 12.4, 'vol': 426}], 'ask': [{'price': 12.41, 'vol': 313}]}",0001001101010110,-0.15%,0.10%,3283712.0,0.81%,0,0,000000000000000000000000000000000000000000000000,0.83%,26.06%,3329,4.53,603660.SH,,苏州科达,
MARKET.SH,603648,9.67,9.68,9.79,9.48,9.63,14:59:57.602,-9.67,3035400,24000,29194210.0,1161600,1873800,-1,3.87,"{'bid': [{'price': 9.66, 'vol': 125}], 'ask': [{'price': 9.67, 'vol': 44}]}",0000000000010110,0.00%,0.03%,232078.0,0.00%,0,0,000000000000000000000000000000000000000000000000,0.84%,-31.83%,1474,0.84,603648.SH,,畅联股份,
MARKET.SH,603639,11.42,11.25,11.46,11.17,11.25,14:59:57.332,-11.42,1388200,32000,15713554.0,608700,779500,0,7.88,"{'bid': [{'price': 11.4, 'vol': 27}], 'ask': [{'price': 11.42, 'vol': 4}]}",0000010100010110,0.18%,0.03%,365440.0,0.00%,0,0,000000000000000000000000000000000000000000000000,1.47%,-79.11%,806,0.41,603639.SH,,海利尔,
MARKET.SH,603636,11.01,11.18,11.26,10.6,11.03,14:59:57.840,-11.01,34873300,741300,379092800.0,18420100,16453200,4,366.93,"{'bid': [{'price': 11.0, 'vol': 444}], 'ask': [{'price': 11.01, 'vol': 100}]}",0000010100010110,0.55%,0.41%,8161856.0,0.72%,0,0,000000000000000000000000000000000000000000000000,2.24%,38.23%,4094,6.01,603636.SH,,南威软件,
MARKET.SH,603633,8.05,7.78,8.21,7.57,7.66,14:59:57.826,-8.05,16359100,151900,129554232.0,6694400,9664800,0,19.06,"{'bid': [{'price': 8.04, 'vol': 154}], 'ask': [{'price': 8.05, 'vol': 12}]}",0001000100010110,0.12%,0.10%,1222768.0,0.00%,0,0,000000000000000000000000000000000000000000000000,0.86%,0.78%,2696,3.83,603633.SH,,徕木股份,
MARKET.SH,603630,14.57,14.65,14.8,14.4,14.56,14:59:56.198,-14.57,2504300,33200,36404376.0,1053000,1451300,0,0.15,"{'bid': [{'price': 14.56, 'vol': 210}], 'ask': [{'price': 14.57, 'vol': 514}]}",0000000000010110,0.07%,0.11%,483724.0,0.21%,0,0,000000000000000000000000000000000000000000000000,2.05%,-39.79%,1875,1.11,603630.SH,,拉芳家化,
MARKET.SH,603628,11.64,11.5,11.75,11.32,11.46,14:59:56.893,-11.64,5363800,27600,61930744.0,2643000,2720800,0,32.09,"{'bid': [{'price': 11.63, 'vol': 192}], 'ask': [{'price': 11.64, 'vol': 261}]}",0000101011010110,0.00%,0.10%,321256.0,0.00%,0,0,000000000000000000000000000000000000000000000000,1.19%,-28.76%,1932,1.97,603628.SH,,清源股份,
MARKET.SH,603617,7.68,7.41,7.74,7.25,7.37,14:59:58.679,-7.68,9405600,122000,71134744.0,3478700,5926900,0,22.67,"{'bid': [{'price': 7.67, 'vol': 7}], 'ask': [{'price': 7.68, 'vol': 1070}]}",0000000011010110,0.00%,0.11%,936960.0,0.00%,0,0,000000000000000000000000000000000000000000000000,1.25%,-57.67%,2268,2.43,603617.SH,,君禾股份,
MARKET.SH,603616,6.94,6.82,7.08,6.51,7.05,14:59:58.585,-6.94,44597200,486200,301584480.0,25411600,19185700,1,597.16,"{'bid': [{'price': 6.94, 'vol': 249}], 'ask': [{'price': 6.95, 'vol': 589}]}",0001010110010110,0.14%,0.74%,3374272.0,0.00%,0,0,000000000000000000000000000000000000000000000000,2.02%,25.20%,3869,11.6,603616.SH,,韩建河山,
MARKET.SH,603609,6.57,6.53,6.58,6.46,6.52,14:59:59.078,-6.57,2543300,15600,16576374.0,1186000,1357300,2,15.41,"{'bid': [{'price': 6.56, 'vol': 5}], 'ask': [{'price': 6.57, 'vol': 163}]}",0000011100010110,0.00%,0.01%,102492.0,0.00%,0,0,000000000000000000000000000000000000000000000000,0.40%,6.03%,1053,0.28,603609.SH,,禾丰股份,
MARKET.SH,603602,13.89,13.54,13.99,13.47,13.58,14:59:56.443,-13.89,5220000,74800,71619448.0,2734800,2485200,1,110.08,"{'bid': [{'price': 13.89, 'vol': 7}], 'ask': [{'price': 13.9, 'vol': 179}]}",0000101111010110,0.07%,0.12%,1038936.0,0.00%,0,0,000000000000000000000000000000000000000000000000,1.79%,63.04%,2091,2.26,603602.SH,,纵横通信,
MARKET.SH,603600,11.66,11.6,11.72,11.33,11.65,14:59:56.526,-11.66,3606300,11700,41637488.0,1587400,2019000,3,7.54,"{'bid': [{'price': 11.66, 'vol': 116}], 'ask': [{'price': 11.67, 'vol': 4}]}",0000110010010110,0.09%,0.05%,136396.0,0.00%,0,0,000000000000000000000000000000000000000000000000,0.90%,53.85%,1563,1.2,603600.SH,,永艺股份,
MARKET.SH,603599,11.59,11.55,11.72,11.45,11.48,14:59:57.991,-11.59,11152200,151100,129301824.0,5850100,5302200,-2,16.75,"{'bid': [{'price': 11.59, 'vol': 447}], 'ask': [{'price': 11.6, 'vol': 26}]}",0001000101010110,0.09%,0.09%,1751304.0,0.00%,0,0,000000000000000000000000000000000000000000000000,2.22%,42.51%,2513,1.23,603599.SH,,广信股份,
MARKET.SH,603588,12.99,12.7,13.1,12.6,12.62,14:59:56.407,-12.99,37324200,343900,483167936.0,18208500,19115800,-1,85.09,"{'bid': [{'price': 12.98, 'vol': 607}], 'ask': [{'price': 12.99, 'vol': 703}]}",0001010000010110,-0.14%,0.06%,4467264.0,0.08%,0,0,000000000000000000000000000000000000000000000000,0.91%,-5.92%,4073,2.45,603588.SH,,高能环境,
MARKET.SH,603587,12.89,12.86,12.95,12.68,12.87,14:59:57.163,-12.89,1817500,27200,23296148.0,886900,930700,1,7.84,"{'bid': [{'price': 12.89, 'vol': 4}], 'ask': [{'price': 12.9, 'vol': 5}]}",0001010000010110,0.16%,0.06%,350612.0,0.00%,0,0,000000000000000000000000000000000000000000000000,1.73%,-32.63%,1437,0.38,603587.SH,,地素时尚,
MARKET.SH,603577,11.14,10.71,11.25,10.51,10.55,14:59:57.073,-11.14,7719300,37300,84859632.0,2873800,4845500,-1,65.97,"{'bid': [{'price': 11.14, 'vol': 11}], 'ask': [{'price': 11.15, 'vol': 237}]}",0000110000010110,-0.17%,0.12%,415512.0,0.00%,0,0,000000000000000000000000000000000000000000000000,1.03%,-56.63%,2174,2.28,603577.SH,,XD汇金通,
MARKET.SH,603569,6.37,6.38,6.43,6.25,6.33,14:59:58.430,-6.37,3751100,25700,23731592.0,1823200,1927900,1,8.1,"{'bid': [{'price': 6.36, 'vol': 253}], 'ask': [{'price': 6.37, 'vol': 9}]}",0000010111010110,0.00%,0.02%,163712.0,0.00%,0,0,000000000000000000000000000000000000000000000000,0.55%,-9.17%,1388,0.62,603569.SH,,长久物流,
MARKET.SH,603567,7.66,7.56,7.73,7.46,7.57,14:59:58.686,-7.66,25345700,161400,192761872.0,10379900,14965900,1,90.72,"{'bid': [{'price': 7.65, 'vol': 466}], 'ask': [{'price': 7.66, 'vol': 2161}]}",0000111110010110,-0.25%,0.16%,1236304.0,0.00%,0,0,000000000000000000000000000000000000000000000000,1.46%,-12.13%,2552,2.7,603567.SH,,珍宝岛,
MARKET.SH,603566,11.14,11.12,11.19,11.03,11.14,14:59:57.793,-11.14,2080600,9800,23121928.0,1024800,1055900,1,10.56,"{'bid': [{'price': 11.13, 'vol': 46}], 'ask': [{'price': 11.14, 'vol': 9}]}",0001100001010110,-0.08%,0.02%,109168.0,0.00%,0,0,000000000000000000000000000000000000000000000000,0.84%,-4.90%,1060,0.6,603566.SH,,普莱柯,
MARKET.SH,603565,10.69,10.75,10.84,10.57,10.74,14:59:56.875,-10.69,12179400,108900,130295296.0,6170100,6009300,-1,30.42,"{'bid': [{'price': 10.69, 'vol': 362}], 'ask': [{'price': 10.7, 'vol': 11}]}",0000011011010110,-0.08%,0.02%,1164120.0,0.37%,0,0,000000000000000000000000000000000000000000000000,0.83%,44.28%,2818,0.58,603565.SH,,中谷物流,
MARKET.SH,603558,11.77,11.99,11.99,11.6,11.89,14:59:56.846,-11.77,5497300,33500,64790480.0,2552900,2944400,1,20.86,"{'bid': [{'price': 11.77, 'vol': 251}], 'ask': [{'price': 11.78, 'vol': 128}]}",0000000000010110,0.00%,0.06%,394284.0,0.00%,0,0,000000000000000000000000000000000000000000000000,0.81%,-6.08%,2105,1.6,603558.SH,,健盛集团,
MARKET.SH,603551,11.08,11.23,11.3,10.99,11.2,14:59:57.455,-11.08,3036700,38300,33685936.0,1886000,1150700,2,10.22,"{'bid': [{'price': 11.08, 'vol': 10}], 'ask': [{'price': 11.11, 'vol': 11}]}",0000000000010110,0.09%,0.05%,424374.0,0.00%,0,0,000000000000000000000000000000000000000000000000,0.83%,23.18%,1508,0.8,603551.SH,,奥普科技,
MARKET.SH,603536,9.8,9.73,9.87,9.55,9.67,14:59:57.556,-9.8,3546800,31700,34443820.0,1750800,1796000,2,7.2,"{'bid': [{'price': 9.79, 'vol': 32}], 'ask': [{'price': 9.8, 'vol': 185}]}",0000000000010110,0.20%,0.06%,310656.0,0.00%,0,0,000000000000000000000000000000000000000000000000,0.90%,-15.87%,1941,1.47,603536.SH,,惠发食品,
MARKET.SH,603535,8.04,8.0,8.13,7.87,8.01,14:59:58.189,-8.04,5731100,52200,45822800.0,3201900,2529300,0,73.44,"{'bid': [{'price': 8.04, 'vol': 211}], 'ask': [{'price': 8.05, 'vol': 319}]}",0001011110010110,0.12%,0.06%,419704.0,0.00%,0,0,000000000000000000000000000000000000000000000000,0.94%,24.19%,1349,1.12,603535.SH,,嘉诚国际,
MARKET.SH,603528,7.99,7.81,8.05,7.61,7.79,14:59:58.567,-7.99,14194200,135800,110918624.0,6929000,7265200,-2,32.26,"{'bid': [{'price': 7.98, 'vol': 214}], 'ask': [{'price': 7.99, 'vol': 92}]}",0000100011010110,-0.24%,0.08%,1085024.0,0.00%,0,0,000000000000000000000000000000000000000000000000,0.84%,-63.84%,2329,2.01,603528.SH,,多伦科技,
MARKET.SH,603527,13.45,12.43,13.61,12.33,12.37,14:59:55.882,-13.45,25103100,150800,333395936.0,12255900,12847300,0,366.81,"{'bid': [{'price': 13.44, 'vol': 7}], 'ask': [{'price': 13.45, 'vol': 384}]}",0001011011010110,-0.06%,0.17%,2028384.0,0.49%,0,0,000000000000000000000000000000000000000000000000,0.64%,-53.34%,3488,7.92,603527.SH,,众源新材,
MARKET.SH,603520,12.64,12.96,13.31,12.38,12.89,14:59:56.173,-12.64,42297600,619000,536198656.0,23678100,18619500,1,578.4,"{'bid': [{'price': 12.64, 'vol': 129}], 'ask': [{'price': 12.65, 'vol': 461}]}",0000010100010110,0.16%,0.46%,7824160.0,0.47%,0,0,000000000000000000000000000000000000000000000000,1.80%,24.53%,4007,9.65,603520.SH,,司太立,
MARKET.SH,603519,13.37,13.27,13.43,13.11,13.27,14:59:56.270,-13.37,3856100,27100,51301680.0,1637700,2218400,-4,44.06,"{'bid': [{'price': 13.37, 'vol': 104}], 'ask': [{'price': 13.38, 'vol': 4}]}",0000101000010110,0.00%,0.06%,362332.0,0.00%,0,0,000000000000000000000000000000000000000000000000,0.97%,13.99%,1856,1.45,603519.SH,,立霸股份,
MARKET.SH,603518,9.2,9.16,9.32,9.02,9.14,14:59:58.132,-9.2,4837200,22700,44450460.0,2696700,2140500,0,18.5,"{'bid': [{'price': 9.2, 'vol': 29}], 'ask': [{'price': 9.21, 'vol': 1149}]}",0000101000010110,-0.10%,0.04%,208844.0,0.00%,0,0,000000000000000000000000000000000000000000000000,0.95%,-46.26%,1964,1.41,603518.SH,,锦泓集团,
MARKET.SH,603511,14.18,13.99,14.3,13.78,13.83,14:59:56.699,-14.18,2857200,27300,40359104.0,1392200,1465000,-2,35.67,"{'bid': [{'price': 14.18, 'vol': 16}], 'ask': [{'price': 14.2, 'vol': 7}]}",0000000000010110,-0.27%,0.09%,387128.0,0.00%,0,0,000000000000000000000000000000000000000000000000,0.82%,-14.41%,2035,0.71,603511.SH,,爱慕股份,
MARKET.SH,603506,12.56,12.41,12.65,12.1,12.29,14:59:56.562,-12.56,3051100,24600,37785252.0,1359200,1692000,3,26.31,"{'bid': [{'price': 12.53, 'vol': 72}], 'ask': [{'price': 12.56, 'vol': 136}]}",0001100011010110,0.24%,0.06%,308976.0,0.00%,0,0,000000000000000000000000000000000000000000000000,0.71%,-5.88%,1786,1.62,603506.SH,,南都物业,
MARKET.SH,603500,10.69,10.14,10.75,9.95,10.04,14:59:57.595,-10.69,9965600,412600,103556304.0,4202500,5763200,5,26.16,"{'bid': [{'price': 10.69, 'vol': 3196}], 'ask': [{'price': 10.7, 'vol': 416}]}",0000110100010110,0.00%,0.50%,4410704.0,0.00%,0,0,000000000000000000000000000000000000000000000000,4.02%,56.41%,2099,3.0,603500.SH,,祥和实业,
MARKET.SH,603488,11.55,10.78,11.78,10.61,10.71,14:59:57.646,-11.55,26894400,174800,309081952.0,13219400,13675100,-2,48.94,"{'bid': [{'price': 11.55, 'vol': 565}], 'ask': [{'price': 11.56, 'vol': 30}]}",0000111000010110,-0.16%,0.17%,2018880.0,0.00%,0,0,000000000000000000000000000000000000000000000000,0.57%,71.64%,2820,9.21,603488.SH,,展鹏科技,
MARKET.SH,603466,11.18,10.89,11.2,10.82,10.98,14:59:56.699,-11.18,73063500,1400600,806877184.0,37983400,35080200,2,607.89,"{'bid': [{'price': 11.17, 'vol': 2758}], 'ask': [{'price': 11.18, 'vol': 444}]}",0000111100010110,0.27%,0.99%,15658688.0,0.00%,0,0,000000000000000000000000000000000000000000000000,2.38%,19.76%,4429,12.28,603466.SH,,风语筑,
MARKET.SH,603458,13.98,13.48,14.18,13.28,13.53,14:59:56.411,-13.98,21345500,243600,294658912.0,9762400,11583200,2,187.1,"{'bid': [{'price': 13.96, 'vol': 272}], 'ask': [{'price': 13.98, 'vol': 181}]}",0000111010010110,0.22%,0.21%,3405536.0,-0.36%,0,0,000000000000000000000000000000000000000000000000,1.30%,-61.22%,3172,6.97,603458.SH,,勘设股份,
MARKET.SH,603456,12.83,13.08,13.12,12.79,13.06,14:59:56.105,-12.83,11246100,118900,144764288.0,6610000,4636100,-1,36.62,"{'bid': [{'price': 12.83, 'vol': 647}], 'ask': [{'price': 12.84, 'vol': 166}]}",0000100001010110,-0.15%,0.07%,1526528.0,0.00%,0,0,000000000000000000000000000000000000000000000000,1.59%,58.00%,2851,1.26,603456.SH,,九洲药业,
MARKET.SH,603439,14.29,13.13,14.29,13.13,12.99,14:59:56.299,-14.29,30367500,50000,423233184.0,13196900,17170600,0,60.0,"{'bid': [{'price': 14.29, 'vol': 23193}], 'ask': [{'price': 0.0, 'vol': 0}]}",0000101010010110,0.00%,0.05%,714624.0,0.00%,0,0,000000000000000000000000000000000000000000000000,0.14%,0.00%,2727,7.52,603439.SH,,三力制药,
MARKET.SH,603421,7.91,7.67,8.0,7.64,7.63,14:59:58.596,-7.91,12660000,32600,99007000.0,5722500,6937600,0,52.23,"{'bid': [{'price': 7.91, 'vol': 68}], 'ask': [{'price': 7.92, 'vol': 82}]}",0001011111010110,-0.24%,0.08%,257864.0,0.00%,0,0,000000000000000000000000000000000000000000000000,0.90%,-71.21%,2893,1.94,603421.SH,,鼎信通讯,
MARKET.SH,603408,11.05,11.0,11.11,10.85,10.94,14:59:57.106,-11.05,1466900,45300,16119462.0,751100,715800,0,7.81,"{'bid': [{'price': 11.05, 'vol': 38}], 'ask': [{'price': 11.06, 'vol': 804}]}",0000000000010110,0.00%,0.05%,500565.0,0.00%,0,0,000000000000000000000000000000000000000000000000,1.96%,-74.05%,1351,0.33,603408.SH,,建霖家居,
MARKET.SH,603390,14.36,14.28,14.8,13.99,14.28,14:59:55.554,-14.36,23949000,359300,341509984.0,12511000,11438000,3,280.6,"{'bid': [{'price': 14.36, 'vol': 151}], 'ask': [{'price': 14.37, 'vol': 176}]}",0000010100010110,0.28%,0.71%,5159584.0,0.00%,0,0,000000000000000000000000000000000000000000000000,1.89%,41.42%,3703,6.83,603390.SH,,通达电气,
MARKET.SH,603387,9.22,9.14,9.32,9.09,9.09,14:59:58.484,-9.22,8303200,76700,76285304.0,4634900,3668300,0,48.44,"{'bid': [{'price': 9.21, 'vol': 517}], 'ask': [{'price': 9.22, 'vol': 297}]}",0000001010010110,0.11%,0.06%,707160.0,0.44%,0,0,000000000000000000000000000000000000000000000000,0.99%,19.02%,1866,1.64,603387.SH,,基蛋生物,
MARKET.SH,603385,6.21,6.14,6.28,6.02,6.11,14:59:59.208,-6.21,3995000,40300,24597290.0,1906400,2088600,-1,6.75,"{'bid': [{'price': 6.21, 'vol': 9}], 'ask': [{'price': 6.22, 'vol': 64}]}",0000010100010110,0.00%,0.05%,250258.0,0.00%,0,0,000000000000000000000000000000000000000000000000,0.90%,7.79%,1605,1.05,603385.SH,,惠达卫浴,
MARKET.SH,603367,14.45,14.37,14.57,14.17,14.27,14:59:56.602,-14.45,5282600,89300,76172160.0,2386600,2896000,2,23.85,"{'bid': [{'price': 14.44, 'vol': 84}], 'ask': [{'price': 14.45, 'vol': 149}]}",0000000010010110,0.21%,0.07%,1290376.0,0.00%,0,0,000000000000000000000000000000000000000000000000,1.62%,4.72%,1581,1.17,603367.SH,,辰欣药业,
MARKET.SH,603366,7.82,7.95,8.0,7.71,7.96,14:59:58.988,-7.82,13651800,189800,106458152.0,6812400,6839400,0,61.06,"{'bid': [{'price': 7.82, 'vol': 728}], 'ask': [{'price': 7.83, 'vol': 491}]}",0000010000010110,-0.12%,0.09%,1484200.0,-0.12%,0,0,000000000000000000000000000000000000000000000000,1.03%,-21.12%,2554,1.68,603366.SH,,日出东方,
MARKET.SH,603363,3.39,3.35,3.47,3.34,3.32,14:59:59.503,-3.39,53640600,739600,182095840.0,26685400,26955200,-2,112.59,"{'bid': [{'price': 3.39, 'vol': 420}], 'ask': [{'price': 3.4, 'vol': 2801}]}",0000000000010110,-0.58%,0.08%,2507280.0,0.00%,0,0,000000000000000000000000000000000000000000000000,1.21%,-46.50%,2567,2.5,603363.SH,,傲农生物,
MARKET.SH,603357,7.12,7.05,7.15,7.02,7.04,14:59:58.880,-7.12,2950700,14000,20919570.0,1402200,1548600,0,3.53,"{'bid': [{'price': 7.11, 'vol': 197}], 'ask': [{'price': 7.12, 'vol': 25}]}",0001000011010110,-0.13%,0.02%,99682.0,0.00%,0,0,000000000000000000000000000000000000000000000000,1.13%,-21.76%,837,0.53,603357.SH,,设计总院,
MARKET.SH,603339,13.39,13.31,13.48,13.06,13.07,14:59:56.623,-13.39,3314800,31500,44037452.0,1209300,2105600,1,50.58,"{'bid': [{'price': 13.38, 'vol': 380}], 'ask': [{'price': 13.39, 'vol': 108}]}",0001100001010110,0.15%,0.04%,421796.0,0.00%,0,0,000000000000000000000000000000000000000000000000,1.06%,9.39%,1625,1.07,603339.SH,,四方科技,
MARKET.SH,603336,12.49,12.42,12.88,12.26,12.38,14:59:56.227,-12.49,14352400,59600,178995584.0,6213100,8139400,-3,89.67,"{'bid': [{'price': 12.48, 'vol': 59}], 'ask': [{'price': 12.49, 'vol': 1}]}",0001001100010110,0.16%,0.17%,744400.0,-0.63%,0,0,000000000000000000000000000000000000000000000000,1.90%,-30.48%,2633,2.36,603336.SH,,宏辉果蔬,
MARKET.SH,603335,7.12,7.03,7.15,6.95,6.92,14:59:58.520,-7.12,11171700,270100,79144088.0,6145900,5025800,2,35.99,"{'bid': [{'price': 7.12, 'vol': 2}], 'ask': [{'price': 7.13, 'vol': 1219}]}",0000101100010110,0.28%,0.17%,1923384.0,0.00%,0,0,000000000000000000000000000000000000000000000000,1.69%,-25.77%,2258,2.61,603335.SH,,迪生力,
MARKET.SH,603333,9.52,9.56,9.66,9.35,9.66,14:59:58.016,-9.52,36374700,820500,345831808.0,19400100,16974600,1,214.14,"{'bid': [{'price': 9.51, 'vol': 1347}], 'ask': [{'price': 9.52, 'vol': 465}]}",0000000000010110,0.00%,0.44%,7811168.0,0.00%,0,0,000000000000000000000000000000000000000000000000,2.00%,20.43%,3778,5.85,603333.SH,,尚纬股份,
MARKET.SH,603332,13.6,13.21,13.66,13.21,13.17,14:59:55.828,-13.6,5656700,50600,76242880.0,2638000,3018800,1,22.27,"{'bid': [{'price': 13.59, 'vol': 25}], 'ask': [{'price': 13.6, 'vol': 154}]}",0001001100010110,0.22%,0.17%,688168.0,0.00%,0,0,000000000000000000000000000000000000000000000000,1.23%,-83.78%,2514,2.61,603332.SH,,苏州龙杰,
MARKET.SH,603331,14.36,14.39,14.5,13.95,14.2,14:59:55.554,-14.36,11453200,132900,162984400.0,6049900,5403400,-3,86.77,"{'bid': [{'price': 14.36, 'vol': 19}], 'ask': [{'price': 14.37, 'vol': 22}]}",0000111100010110,-0.20%,0.20%,1907872.0,0.77%,0,0,000000000000000000000000000000000000000000000000,1.20%,-83.66%,2913,5.66,603331.SH,,百达精工,
MARKET.SH,603330,6.94,6.67,7.03,6.55,6.64,14:59:58.585,-6.94,11451000,44800,78377640.0,4065000,7386100,0,6.54,"{'bid': [{'price': 6.94, 'vol': 110}], 'ask': [{'price': 6.95, 'vol': 350}]}",0001010100010110,-0.13%,0.06%,310928.0,0.00%,0,0,000000000000000000000000000000000000000000000000,0.62%,-51.61%,2509,2.82,603330.SH,,天洋新材,
MARKET.SH,603329,11.45,11.25,11.49,11.12,11.24,14:59:56.602,-11.45,3222700,50900,36441624.0,1556000,1666700,3,47.25,"{'bid': [{'price': 11.43, 'vol': 87}], 'ask': [{'price': 11.45, 'vol': 47}]}",0000010001010110,0.26%,0.06%,582816.0,0.00%,0,0,000000000000000000000000000000000000000000000000,1.07%,4.62%,1877,1.56,603329.SH,,上海雅仕,
MARKET.SH,603328,12.34,11.76,12.39,11.76,11.67,14:59:57.001,-12.34,33217100,245100,404628384.0,14460100,18757100,0,261.42,"{'bid': [{'price': 12.33, 'vol': 414}], 'ask': [{'price': 12.34, 'vol': 406}]}",0000110101010110,0.00%,0.18%,3024480.0,0.00%,0,0,000000000000000000000000000000000000000000000000,1.05%,-62.25%,4003,3.33,603328.SH,,依顿电子,
MARKET.SH,603327,10.85,10.5,10.88,10.44,10.4,14:59:56.818,-10.85,28005800,529300,299496896.0,12776400,15229500,-1,76.86,"{'bid': [{'price': 10.85, 'vol': 4402}], 'ask': [{'price': 10.86, 'vol': 1434}]}",0001010101010110,0.18%,0.48%,5742912.0,0.00%,0,0,000000000000000000000000000000000000000000000000,2.60%,5.28%,3770,2.68,603327.SH,,福蓉科技,
MARKET.SH,603326,7.95,7.9,7.97,7.75,7.8,14:59:58.942,-7.95,3578300,51300,28175270.0,1706700,1871600,2,50.24,"{'bid': [{'price': 7.93, 'vol': 37}], 'ask': [{'price': 7.95, 'vol': 97}]}",0000000000010110,0.51%,0.12%,407844.0,0.00%,0,0,000000000000000000000000000000000000000000000000,1.61%,63.38%,1738,1.12,603326.SH,,XD我乐家,
MARKET.SH,603323,4.76,4.78,4.79,4.74,4.78,14:59:59.370,-4.76,16042100,384400,76513784.0,9411400,6630800,0,23.52,"{'bid': [{'price': 4.76, 'vol': 2637}], 'ask': [{'price': 4.77, 'vol': 274}]}",0001001001010110,-0.20%,0.03%,1829728.0,0.00%,0,0,000000000000000000000000000000000000000000000000,1.69%,1.49%,2032,0.79,603323.SH,,苏农银行,
MARKET.SH,603321,7.22,7.05,7.32,6.93,7.0,14:59:59.204,-7.22,4789700,34800,34139248.0,2284300,2505400,3,40.19,"{'bid': [{'price': 7.2, 'vol': 12}], 'ask': [{'price': 7.22, 'vol': 211}]}",0000000000010110,0.42%,0.05%,251236.0,0.43%,0,0,000000000000000000000000000000000000000000000000,0.78%,-26.74%,1813,1.39,603321.SH,,梅轮电梯,
MARKET.SH,603318,9.97,9.99,10.01,9.72,9.88,14:59:57.494,-9.97,33901400,587000,335149952.0,15863100,18038400,0,261.04,"{'bid': [{'price': 9.97, 'vol': 1035}], 'ask': [{'price': 9.98, 'vol': 602}]}",0000111100010110,0.20%,0.44%,5852448.0,0.00%,0,0,000000000000000000000000000000000000000000000000,1.66%,9.83%,3762,7.38,603318.SH,,水发燃气,
MARKET.SH,603313,5.83,5.76,5.99,5.65,5.73,14:59:59.345,-5.83,11684900,150200,68456688.0,5685400,5999500,0,6.97,"{'bid': [{'price': 5.83, 'vol': 1286}], 'ask': [{'price': 5.84, 'vol': 627}]}",0000010000010110,-0.16%,0.06%,875656.0,0.00%,0,0,000000000000000000000000000000000000000000000000,0.84%,37.35%,1750,2.05,603313.SH,,梦百合,
MARKET.SH,603309,13.9,13.45,14.23,13.32,13.36,14:59:56.800,-13.9,5323100,48700,73424456.0,2204600,3118600,4,14.12,"{'bid': [{'price': 13.9, 'vol': 167}], 'ask': [{'price': 13.91, 'vol': 185}]}",0001010001010110,0.14%,0.07%,676920.0,0.00%,0,0,000000000000000000000000000000000000000000000000,0.88%,6.51%,2051,1.82,603309.SH,,维力医疗,
MARKET.SH,603300,6.07,6.15,6.17,6.02,6.12,14:59:58.898,-6.07,37106100,583800,225526576.0,21027200,16079000,-1,73.12,"{'bid': [{'price': 6.07, 'vol': 6675}], 'ask': [{'price': 6.08, 'vol': 2405}]}",0001000110010110,-0.15%,0.08%,3543632.0,0.00%,0,0,000000000000000000000000000000000000000000000000,1.67%,33.65%,3134,1.86,603300.SH,,海南华铁,
MARKET.SH,603299,10.3,10.29,10.44,10.19,10.23,14:59:57.736,-10.3,5209200,106200,53759176.0,2480200,2729000,-2,12.14,"{'bid': [{'price': 10.3, 'vol': 2724}], 'ask': [{'price': 10.32, 'vol': 154}]}",0000000001010110,-0.09%,0.06%,1093868.0,0.00%,0,0,000000000000000000000000000000000000000000000000,1.76%,80.04%,1868,0.67,603299.SH,,苏盐井神,
MARKET.SH,603291,11.27,11.67,11.7,10.38,11.51,14:59:56.666,-11.27,20002200,150100,216373904.0,10988100,9014100,-7,269.34,"{'bid': [{'price': 11.27, 'vol': 310}], 'ask': [{'price': 11.32, 'vol': 12}]}",0000011101010110,-0.87%,0.30%,1691568.0,-0.33%,0,0,000000000000000000000000000000000000000000000000,0.61%,11.70%,3314,4.73,603291.SH,,联合水务,
MARKET.SH,603289,12.13,11.16,12.29,11.1,11.17,14:59:57.437,-12.13,21165600,143500,253373904.0,9591700,11573900,1,15.85,"{'bid': [{'price': 12.12, 'vol': 807}], 'ask': [{'price': 12.13, 'vol': 22}]}",0000011011010110,0.00%,0.35%,1740688.0,0.00%,0,0,000000000000000000000000000000000000000000000000,0.84%,-36.09%,2983,7.21,603289.SH,,泰瑞机器,
MARKET.SH,603278,14.18,14.05,14.97,13.95,13.86,14:59:55.979,-14.18,51360700,754700,738506304.0,24794000,26566800,-4,774.72,"{'bid': [{'price': 14.18, 'vol': 568}], 'ask': [{'price': 14.19, 'vol': 37}]}",0001000111010110,-0.20%,0.97%,10702016.0,1.22%,0,0,000000000000000000000000000000000000000000000000,1.56%,23.19%,4300,15.03,603278.SH,,大业股份,
MARKET.SH,603277,12.65,12.66,12.75,12.4,12.53,14:59:56.890,-12.65,1517500,11700,19071674.0,647700,869800,-1,3.17,"{'bid': [{'price': 12.65, 'vol': 84}], 'ask': [{'price': 12.66, 'vol': 5}]}",0000011110010110,0.08%,0.02%,148004.0,0.00%,0,0,000000000000000000000000000000000000000000000000,0.76%,63.02%,1615,0.25,603277.SH,,银都股份,
MARKET.SH,603258,14.92,14.8,15.05,14.61,14.8,14:59:55.352,-14.92,2085500,8400,30952300.0,966400,1119100,-1,16.13,"{'bid': [{'price': 14.91, 'vol': 105}], 'ask': [{'price': 14.92, 'vol': 215}]}",0000100010010110,-0.06%,0.02%,125996.0,0.00%,0,0,000000000000000000000000000000000000000000000000,0.50%,-33.41%,1406,0.86,603258.SH,,电魂网络,
MARKET.SH,603238,14.42,14.39,14.49,14.03,14.26,14:59:56.252,-14.42,2651300,21100,37865052.0,1122500,1528900,6,5.18,"{'bid': [{'price': 14.41, 'vol': 10}], 'ask': [{'price': 14.42, 'vol': 5}]}",0000110010010110,0.28%,0.05%,304268.0,0.00%,0,0,000000000000000000000000000000000000000000000000,0.59%,2.90%,1715,1.49,603238.SH,,诺邦股份,
MARKET.SH,603230,10.17,10.14,10.24,10.04,10.09,14:59:57.422,-10.17,1310500,7100,13303563.0,710700,599800,1,9.23,"{'bid': [{'price': 10.16, 'vol': 5}], 'ask': [{'price': 10.17, 'vol': 44}]}",0000000000010110,0.00%,0.03%,72207.0,0.00%,0,0,000000000000000000000000000000000000000000000000,0.91%,-49.21%,846,0.37,603230.SH,,内蒙新华,
MARKET.SH,603229,10.11,10.4,10.41,10.03,10.35,14:59:57.084,-10.11,11399600,198200,115645552.0,6852100,4547600,1,35.05,"{'bid': [{'price': 10.11, 'vol': 2}], 'ask': [{'price': 10.12, 'vol': 70}]}",0000110100010110,0.30%,0.09%,2003840.0,-0.09%,0,0,000000000000000000000000000000000000000000000000,1.48%,60.62%,2514,1.37,603229.SH,,奥翔药业,
MARKET.SH,603227,8.41,8.51,8.51,8.38,8.44,14:59:58.416,-8.41,8217400,254700,69224544.0,5240700,2976700,0,50.29,"{'bid': [{'price': 8.4, 'vol': 2800}], 'ask': [{'price': 8.41, 'vol': 2514}]}",0000000000010110,0.00%,0.06%,2142024.0,0.00%,0,0,000000000000000000000000000000000000000000000000,2.29%,3.21%,2351,0.77,603227.SH,,XD雪峰科,
MARKET.SH,603223,10.7,9.72,10.7,9.66,9.73,14:59:56.872,-10.7,33743300,98800,354559520.0,16670900,17072500,0,38.49,"{'bid': [{'price': 10.7, 'vol': 2102}], 'ask': [{'price': 0.0, 'vol': 0}]}",0001100011010110,0.00%,0.11%,1057600.0,0.00%,0,0,000000000000000000000000000000000000000000000000,0.42%,0.00%,2644,4.78,603223.SH,,恒通股份,
MARKET.SH,603222,9.77,9.53,10.22,9.4,9.51,14:59:57.566,-9.77,22547500,62500,222397568.0,10194200,12353400,1,6.48,"{'bid': [{'price': 9.77, 'vol': 162}], 'ask': [{'price': 9.78, 'vol': 544}]}",0001001111010110,0.00%,0.11%,610688.0,0.00%,0,0,000000000000000000000000000000000000000000000000,0.66%,25.10%,3060,4.29,603222.SH,,济民健康,
MARKET.SH,603221,12.46,12.61,12.74,12.32,12.57,14:59:57.318,-12.46,3469700,48900,43394992.0,1946400,1523400,5,9.33,"{'bid': [{'price': 12.45, 'vol': 6}], 'ask': [{'price': 12.46, 'vol': 99}]}",0001010101010110,0.08%,0.28%,609296.0,0.32%,0,0,000000000000000000000000000000000000000000000000,2.86%,17.12%,1619,1.43,603221.SH,,爱丽家居,
MARKET.SH,603218,12.27,12.11,12.4,12.01,12.12,14:59:56.306,-12.27,12229600,69700,149603792.0,6341700,5887900,-3,21.43,"{'bid': [{'price': 12.27, 'vol': 83}], 'ask': [{'price': 12.28, 'vol': 116}]}",0000101010010110,-0.15%,0.05%,855264.0,0.00%,0,0,000000000000000000000000000000000000000000000000,0.89%,-46.52%,2491,1.19,603218.SH,,日月股份,
MARKET.SH,603213,13.82,13.62,13.97,13.62,13.65,14:59:56.468,-13.82,5960000,81000,82094048.0,2506900,3453200,4,24.24,"{'bid': [{'price': 13.82, 'vol': 33}], 'ask': [{'price': 13.83, 'vol': 208}]}",0001000000010110,0.07%,0.23%,1119392.0,0.00%,0,0,000000000000000000000000000000000000000000000000,1.98%,42.98%,1630,1.35,603213.SH,,镇洋发展,
MARKET.SH,603212,14.54,14.09,14.59,14.09,14.07,14:59:56.569,-14.54,16184600,182200,232332800.0,7289100,8895500,0,137.8,"{'bid': [{'price': 14.53, 'vol': 3}], 'ask': [{'price': 14.54, 'vol': 69}]}",0000011111010110,0.41%,0.20%,2649200.0,0.57%,0,0,000000000000000000000000000000000000000000000000,1.65%,-32.14%,3295,3.7,603212.SH,,赛伍技术,
MARKET.SH,603209,14.06,14.28,14.39,14.04,14.28,14:59:55.662,-14.06,5225300,224900,73973360.0,2926000,2299300,-2,0.0,"{'bid': [{'price': 14.05, 'vol': 177}], 'ask': [{'price': 14.06, 'vol': 148}]}",0000000000010110,-0.49%,0.25%,3162104.0,0.00%,0,0,000000000000000000000000000000000000000000000000,4.50%,-19.23%,1589,1.63,603209.SH,,兴通股份,
MARKET.SH,603208,13.29,13.1,13.46,13.02,13.39,14:59:56.659,-13.29,1943600,21100,25686814.0,986600,957000,4,50.04,"{'bid': [{'price': 13.29, 'vol': 12}], 'ask': [{'price': 13.3, 'vol': 11}]}",0000100110010110,-0.07%,0.07%,280422.0,0.38%,0,0,000000000000000000000000000000000000000000000000,1.35%,-2.49%,1348,1.11,603208.SH,,江山欧派,
MARKET.SH,603188,4.96,4.88,5.0,4.75,4.82,14:59:59.658,-4.96,12818300,85400,62843068.0,6009500,6808800,0,24.16,"{'bid': [{'price': 4.95, 'vol': 2420}], 'ask': [{'price': 4.96, 'vol': 223}]}",0000000000010110,-0.19%,0.09%,423580.0,0.00%,0,0,000000000000000000000000000000000000000000000000,1.33%,-39.66%,2243,2.25,603188.SH,,亚邦股份,
MARKET.SH,603187,13.32,13.28,13.41,13.08,13.16,14:59:55.928,-13.32,3572200,43900,47328768.0,1931400,1640800,0,11.42,"{'bid': [{'price': 13.31, 'vol': 231}], 'ask': [{'price': 13.32, 'vol': 35}]}",0000011111010110,0.00%,0.02%,584764.0,0.00%,0,0,000000000000000000000000000000000000000000000000,1.01%,60.23%,1895,0.93,603187.SH,,海容冷链,
MARKET.SH,603183,4.53,4.42,4.57,4.34,4.4,14:59:59.813,-4.53,13252200,145500,59069600.0,5931400,7320900,0,89.11,"{'bid': [{'price': 4.52, 'vol': 10}], 'ask': [{'price': 4.53, 'vol': 960}]}",0001011110010110,0.44%,0.06%,659120.0,1.38%,0,0,000000000000000000000000000000000000000000000000,0.83%,-35.36%,2062,2.67,603183.SH,,建研院,
MARKET.SH,603182,14.22,14.17,14.26,13.84,14.1,14:59:56.684,-14.22,2350900,31900,33116200.0,1234400,1116500,0,17.71,"{'bid': [{'price': 14.22, 'vol': 148}], 'ask': [{'price': 14.23, 'vol': 5}]}",0000000000010110,0.14%,0.10%,453626.0,0.28%,0,0,000000000000000000000000000000000000000000000000,2.22%,9.25%,1519,1.43,603182.SH,,嘉华股份,
MARKET.SH,603177,11.6,11.88,12.12,11.32,11.74,14:59:57.628,-11.6,8271100,98300,96066424.0,4652300,3618800,2,72.82,"{'bid': [{'price': 11.59, 'vol': 50}], 'ask': [{'price': 11.6, 'vol': 134}]}",0000000000010110,0.52%,0.23%,1140240.0,0.00%,0,0,000000000000000000000000000000000000000000000000,1.12%,-45.36%,2671,4.05,603177.SH,,德创环保,
MARKET.SH,603176,5.59,5.4,5.59,5.33,5.39,14:59:59.071,-5.59,5984500,84500,32710288.0,2439000,3545500,1,28.73,"{'bid': [{'price': 5.58, 'vol': 394}], 'ask': [{'price': 5.59, 'vol': 296}]}",0000000000010110,0.54%,0.11%,472358.0,0.00%,0,0,000000000000000000000000000000000000000000000000,1.34%,-42.40%,1771,1.3,603176.SH,,汇通集团,
MARKET.SH,603170,12.24,12.35,12.35,12.03,12.16,14:59:57.037,-12.24,2335900,9800,28392696.0,1396900,939000,0,11.36,"{'bid': [{'price': 12.2, 'vol': 32}], 'ask': [{'price': 12.24, 'vol': 163}]}",0000000000010110,0.25%,0.02%,119956.0,0.00%,0,0,000000000000000000000000000000000000000000000000,0.64%,23.35%,1310,0.58,603170.SH,,宝立食品,
MARKET.SH,603169,8.48,8.52,8.55,8.38,8.44,14:59:58.031,-8.48,12664100,161900,107282680.0,5910900,6753200,0,37.15,"{'bid': [{'price': 8.47, 'vol': 815}], 'ask': [{'price': 8.48, 'vol': 237}]}",0000101001010110,-0.11%,0.06%,1372904.0,0.00%,0,0,000000000000000000000000000000000000000000000000,1.61%,-8.34%,2536,0.97,603169.SH,,兰石重装,
MARKET.SH,603168,6.19,6.14,6.23,6.04,6.12,14:59:59.215,-6.19,5700400,49400,35000952.0,2323200,3377200,0,9.82,"{'bid': [{'price': 6.19, 'vol': 43}], 'ask': [{'price': 6.2, 'vol': 1472}]}",0000101100010110,0.16%,0.05%,305784.0,0.00%,0,0,000000000000000000000000000000000000000000000000,0.90%,-58.48%,1895,1.53,603168.SH,,莎普爱思,
MARKET.SH,603167,9.07,9.12,9.14,9.03,9.08,14:59:57.818,-9.07,3841200,10200,34834048.0,2395700,1445600,-2,14.41,"{'bid': [{'price': 9.07, 'vol': 4}], 'ask': [{'price': 9.09, 'vol': 152}]}",0000111110010110,0.00%,0.04%,92520.0,0.00%,0,0,000000000000000000000000000000000000000000000000,1.44%,35.53%,1361,0.82,603167.SH,,渤海轮渡,
MARKET.SH,603166,14.32,14.2,14.59,14.06,14.2,14:59:56.648,-14.32,6857000,53000,97842776.0,3599900,3257100,1,33.65,"{'bid': [{'price': 14.32, 'vol': 155}], 'ask': [{'price': 14.33, 'vol': 175}]}",0000011111010110,0.07%,0.05%,758992.0,0.00%,0,0,000000000000000000000000000000000000000000000000,0.98%,-0.35%,2600,1.07,603166.SH,,福达股份,
MARKET.SH,603162,12.13,12.3,12.3,11.88,12.16,14:59:56.717,-12.13,23658300,292500,287444960.0,10913000,12745300,-7,87.55,"{'bid': [{'price': 12.13, 'vol': 572}], 'ask': [{'price': 12.14, 'vol': 972}]}",0000101010010110,0.25%,0.16%,3548992.0,-0.07%,0,0,000000000000000000000000000000000000000000000000,1.33%,-12.58%,3702,5.72,603162.SH,,海通发展,
MARKET.SH,603161,14.03,13.7,14.13,13.5,13.7,14:59:56.753,-14.03,3611100,26600,49928080.0,1764600,1846600,5,15.76,"{'bid': [{'price': 14.0, 'vol': 3}], 'ask': [{'price': 14.03, 'vol': 25}]}",0001011010010110,0.14%,0.07%,373208.0,0.22%,0,0,000000000000000000000000000000000000000000000000,1.00%,12.24%,1874,1.89,603161.SH,,科华控股,
MARKET.SH,603158,14.53,13.79,15.1,13.78,13.8,14:59:55.853,-14.53,58531100,591400,849601280.0,27065900,31465300,-10,198.16,"{'bid': [{'price': 14.53, 'vol': 150}], 'ask': [{'price': 14.54, 'vol': 81}]}",0001100000010110,-0.61%,0.52%,8593536.0,0.00%,0,0,000000000000000000000000000000000000000000000000,1.31%,84.69%,4134,11.93,603158.SH,,腾龙股份,
MARKET.SH,603151,14.52,14.28,14.58,14.12,14.26,14:59:55.856,-14.52,1973400,40200,28314500.0,785900,1187500,5,16.71,"{'bid': [{'price': 14.47, 'vol': 64}], 'ask': [{'price': 14.52, 'vol': 8}]}",0000011000010110,0.35%,0.07%,583700.0,0.00%,0,0,000000000000000000000000000000000000000000000000,1.34%,-26.55%,1480,1.15,603151.SH,,邦基科技,
MARKET.SH,603137,13.59,13.35,13.62,13.15,13.33,14:59:56.911,-13.59,2246800,27800,30139978.0,932900,1314000,7,41.92,"{'bid': [{'price': 13.59, 'vol': 3}], 'ask': [{'price': 13.6, 'vol': 147}]}",0001010000010110,0.22%,0.05%,377820.0,0.60%,0,0,000000000000000000000000000000000000000000000000,0.87%,-82.10%,1640,1.23,603137.SH,,恒尚节能,
MARKET.SH,603136,9.89,9.89,9.93,9.76,9.85,14:59:58.243,-9.89,2085700,8300,20558904.0,1098300,987400,0,16.91,"{'bid': [{'price': 9.89, 'vol': 275}], 'ask': [{'price': 9.9, 'vol': 124}]}",0000001101010110,0.00%,0.02%,82080.0,0.00%,0,0,000000000000000000000000000000000000000000000000,0.57%,-7.75%,1186,0.77,603136.SH,,天目湖,
MARKET.SH,603135,11.79,11.51,11.93,11.24,11.36,14:59:56.479,-11.79,5419300,143900,62817924.0,2131100,3288300,-3,19.91,"{'bid': [{'price': 11.79, 'vol': 416}], 'ask': [{'price': 11.82, 'vol': 24}]}",0001000101010110,0.00%,0.13%,1695620.0,0.00%,0,0,000000000000000000000000000000000000000000000000,2.05%,65.16%,2434,0.86,603135.SH,,中重科技,
MARKET.SH,603128,5.45,5.47,5.5,5.41,5.47,14:59:59.122,-5.45,11700900,231500,63776768.0,6478900,5222000,-1,49.78,"{'bid': [{'price': 5.44, 'vol': 862}], 'ask': [{'price': 5.45, 'vol': 11}]}",0000001010010110,-0.17%,0.07%,1261676.0,0.00%,0,0,000000000000000000000000000000000000000000000000,2.16%,41.85%,1906,0.89,603128.SH,,华贸物流,
MARKET.SH,603126,8.19,8.01,8.29,7.98,8.01,14:59:57.775,-8.19,16959200,151800,138222512.0,7193000,9766200,0,35.16,"{'bid': [{'price': 8.18, 'vol': 660}], 'ask': [{'price': 8.19, 'vol': 193}]}",0000000101010110,0.00%,0.16%,1243184.0,0.50%,0,0,000000000000000000000000000000000000000000000000,1.34%,-16.02%,2930,2.78,603126.SH,,中材节能,
MARKET.SH,603123,10.64,10.77,10.85,10.5,10.72,14:59:56.893,-10.64,13889200,155500,147119792.0,7573100,6316200,0,37.48,"{'bid': [{'price': 10.63, 'vol': 2559}], 'ask': [{'price': 10.64, 'vol': 75}]}",0001001011010110,0.09%,0.13%,1654544.0,0.00%,0,0,000000000000000000000000000000000000000000000000,1.50%,69.82%,2996,2.13,603123.SH,,翠微股份,
MARKET.SH,603122,13.64,13.39,13.71,13.38,13.44,14:59:56.173,-13.64,11051400,127100,150191296.0,5165100,5886300,1,48.34,"{'bid': [{'price': 13.64, 'vol': 1264}], 'ask': [{'price': 13.65, 'vol': 555}]}",0000000000010110,0.07%,0.16%,1733664.0,0.00%,0,0,000000000000000000000000000000000000000000000000,1.24%,8.34%,2997,2.78,603122.SH,,合富中国,
MARKET.SH,603118,14.22,14.02,14.3,13.8,14.02,14:59:55.964,-14.22,54429600,757400,765476864.0,25461200,28968400,-1,761.85,"{'bid': [{'price': 14.22, 'vol': 138}], 'ask': [{'price': 14.23, 'vol': 874}]}",0000000000010110,-0.13%,0.35%,10770432.0,0.00%,0,0,000000000000000000000000000000000000000000000000,1.42%,-9.10%,4451,6.91,603118.SH,,共进股份,
MARKET.SH,603117,4.98,4.91,5.08,4.85,4.87,15:00:00.018,-4.98,12442700,181200,61960664.0,5256300,7186400,0,17.04,"{'bid': [{'price': 4.97, 'vol': 1098}], 'ask': [{'price': 4.98, 'vol': 262}]}",0000101000010110,0.20%,0.10%,902380.0,0.82%,0,0,000000000000000000000000000000000000000000000000,1.63%,5.02%,1668,2.08,603117.SH,,万林物流,
MARKET.SH,603116,7.86,7.87,8.09,7.67,7.91,14:59:58.614,-7.86,20865500,463300,163349520.0,10527300,10338300,-3,240.43,"{'bid': [{'price': 7.85, 'vol': 204}], 'ask': [{'price': 7.86, 'vol': 867}]}",0000111100010110,-0.50%,0.36%,3640928.0,0.90%,0,0,000000000000000000000000000000000000000000000000,2.21%,-59.71%,2893,3.62,603116.SH,,红蜻蜓,
MARKET.SH,603113,5.27,5.21,5.28,5.13,5.18,14:59:59.186,-5.27,8785900,120200,45804904.0,3650000,5136000,1,26.0,"{'bid': [{'price': 5.27, 'vol': 150}], 'ask': [{'price': 5.28, 'vol': 1068}]}",0001000111010110,0.19%,0.05%,633460.0,0.00%,0,0,000000000000000000000000000000000000000000000000,1.05%,-41.88%,1436,1.04,603113.SH,,金能科技,
MARKET.SH,603111,6.57,6.54,6.62,6.46,6.55,14:59:59.078,-6.57,6967700,48100,45449760.0,3537600,3430100,1,14.32,"{'bid': [{'price': 6.56, 'vol': 59}], 'ask': [{'price': 6.57, 'vol': 265}]}",0000000000010110,0.31%,0.02%,316032.0,0.00%,0,0,000000000000000000000000000000000000000000000000,0.89%,-45.92%,1536,0.82,603111.SH,,康尼机电,
MARKET.SH,603108,14.29,14.51,14.66,13.89,14.51,14:59:55.939,-14.29,32040100,619700,453831648.0,16965500,15074700,-3,158.59,"{'bid': [{'price': 14.29, 'vol': 291}], 'ask': [{'price': 14.3, 'vol': 137}]}",0000110110010110,-0.13%,0.29%,8855488.0,0.00%,0,0,000000000000000000000000000000000000000000000000,1.94%,11.82%,3957,5.31,603108.SH,,润达医疗,
MARKET.SH,603107,14.14,14.09,14.23,13.9,14.04,14:59:56.713,-14.14,3131000,41700,43901412.0,1631000,1500100,-2,11.69,"{'bid': [{'price': 14.14, 'vol': 47}], 'ask': [{'price': 14.15, 'vol': 2}]}",0001000000010110,-0.13%,0.06%,589632.0,0.00%,0,0,000000000000000000000000000000000000000000000000,1.25%,-35.35%,1406,1.44,603107.SH,,上海汽配,
MARKET.SH,603106,8.39,8.33,8.45,8.16,8.32,14:59:58.423,-8.39,6229500,76000,51571484.0,2914400,3315100,-1,50.06,"{'bid': [{'price': 8.39, 'vol': 54}], 'ask': [{'price': 8.4, 'vol': 98}]}",0000000000010110,0.00%,0.05%,637684.0,0.00%,0,0,000000000000000000000000000000000000000000000000,0.83%,9.28%,1913,1.2,603106.SH,,恒银科技,
MARKET.SH,603105,9.4,9.16,9.42,9.1,9.2,14:59:57.700,-9.4,11754900,211700,109083200.0,5498500,6256500,3,74.38,"{'bid': [{'price': 9.39, 'vol': 125}], 'ask': [{'price': 9.4, 'vol': 617}]}",0001001010010110,0.21%,0.11%,1989968.0,0.00%,0,0,000000000000000000000000000000000000000000000000,1.41%,12.08%,2354,2.35,603105.SH,,芯能科技,
MARKET.SH,603101,7.77,7.69,7.84,7.56,7.7,14:59:57.926,-7.77,9602700,175000,74003376.0,4352500,5250300,1,35.68,"{'bid': [{'price': 7.77, 'vol': 167}], 'ask': [{'price': 7.78, 'vol': 356}]}",0000110111010110,0.13%,0.22%,1359744.0,0.39%,0,0,000000000000000000000000000000000000000000000000,2.09%,-41.68%,2237,2.04,603101.SH,,汇嘉时代,
MARKET.SH,603098,12.65,12.73,12.75,12.49,12.63,14:59:56.530,-12.65,5702200,57200,71944824.0,2688900,3013400,2,15.28,"{'bid': [{'price': 12.64, 'vol': 3}], 'ask': [{'price': 12.65, 'vol': 69}]}",0001011110010110,0.16%,0.08%,723560.0,0.00%,0,0,000000000000000000000000000000000000000000000000,1.24%,-11.50%,1658,1.06,603098.SH,,森特股份,
MARKET.SH,603089,11.19,11.13,11.39,11.03,11.13,14:59:57.415,-11.19,2212900,8200,24790454.0,1058000,1154900,0,8.46,"{'bid': [{'price': 11.18, 'vol': 42}], 'ask': [{'price': 11.19, 'vol': 3}]}",0000000000010110,-0.08%,0.11%,91768.0,0.00%,0,0,000000000000000000000000000000000000000000000000,2.41%,10.76%,1440,0.92,603089.SH,,正裕工业,
MARKET.SH,603088,12.18,12.08,12.28,11.83,11.88,14:59:56.339,-12.18,14013500,105900,169228576.0,6359800,7653800,-1,36.96,"{'bid': [{'price': 12.18, 'vol': 1364}], 'ask': [{'price': 12.19, 'vol': 273}]}",0001001011010110,-0.07%,0.11%,1289936.0,0.00%,0,0,000000000000000000000000000000000000000000000000,0.86%,15.19%,3132,3.2,603088.SH,,宁波精达,
MARKET.SH,603086,6.74,6.68,6.77,6.66,6.7,14:59:59.017,-6.74,4382900,47400,29442472.0,1859400,2523600,0,4.48,"{'bid': [{'price': 6.73, 'vol': 147}], 'ask': [{'price': 6.74, 'vol': 157}]}",0001001111010110,0.15%,0.03%,319470.0,0.00%,0,0,000000000000000000000000000000000000000000000000,0.98%,-22.41%,1064,1.01,603086.SH,,先达股份,
MARKET.SH,603085,14.43,14.36,14.73,14.27,14.32,14:59:55.529,-14.43,11568900,72200,167215760.0,5762400,5806500,1,49.54,"{'bid': [{'price': 14.42, 'vol': 87}], 'ask': [{'price': 14.43, 'vol': 352}]}",0000101111010110,0.63%,0.19%,1041904.0,0.00%,0,0,000000000000000000000000000000000000000000000000,1.78%,21.61%,2866,2.91,603085.SH,,天成自控,
MARKET.SH,603081,11.14,11.3,11.38,11.06,11.2,14:59:57.433,-11.14,3808800,56200,42458064.0,2291000,1517900,-1,25.43,"{'bid': [{'price': 11.14, 'vol': 846}], 'ask': [{'price': 11.15, 'vol': 1}]}",0001001001010110,-0.26%,0.08%,626088.0,0.00%,0,0,000000000000000000000000000000000000000000000000,2.01%,45.15%,1294,0.9,603081.SH,,大丰实业,
MARKET.SH,603079,14.98,15.11,15.2,14.5,15.11,14:59:56.051,-14.98,3104200,34500,45915352.0,1794600,1309700,4,28.1,"{'bid': [{'price': 14.94, 'vol': 2}], 'ask': [{'price': 14.98, 'vol': 28}]}",0000111011010110,0.07%,0.06%,516800.0,0.00%,0,0,000000000000000000000000000000000000000000000000,0.93%,21.29%,1420,1.64,603079.SH,,圣达生物,
MARKET.SH,603077,2.63,2.56,2.64,2.53,2.55,15:00:00.228,-2.63,155367100,2398900,403781248.0,57247700,98119500,-1,300.26,"{'bid': [{'price': 2.62, 'vol': 26583}], 'ask': [{'price': 2.63, 'vol': 2118}]}",0001010101010110,0.00%,0.07%,6309152.0,0.00%,0,0,000000000000000000000000000000000000000000000000,1.24%,-24.26%,4059,1.76,603077.SH,,和邦生物,
MARKET.SH,603071,13.22,13.15,13.31,13.08,13.08,14:59:57.044,-13.22,2097500,18100,27667864.0,1078400,1019200,-1,46.03,"{'bid': [{'price': 13.22, 'vol': 105}], 'ask': [{'price': 13.23, 'vol': 48}]}",0001000011010110,-0.22%,0.02%,239280.0,0.00%,0,0,000000000000000000000000000000000000000000000000,0.89%,-4.82%,1489,0.38,603071.SH,,物产环能,
MARKET.SH,603066,11.8,11.48,11.85,11.46,11.41,14:59:56.476,-11.8,6607800,73000,77105504.0,3142900,3464900,1,18.25,"{'bid': [{'price': 11.79, 'vol': 76}], 'ask': [{'price': 11.8, 'vol': 103}]}",0000000000010110,0.00%,0.12%,861392.0,0.61%,0,0,000000000000000000000000000000000000000000000000,1.26%,-31.76%,2263,2.25,603066.SH,,音飞储存,
MARKET.SH,603065,8.12,7.97,8.17,7.84,7.92,14:59:58.160,-8.12,4018900,30900,32231120.0,2022400,1996500,0,10.84,"{'bid': [{'price': 8.12, 'vol': 38}], 'ask': [{'price': 8.13, 'vol': 56}]}",0000000000010110,-0.11%,0.04%,250908.0,0.89%,0,0,000000000000000000000000000000000000000000000000,0.83%,-66.41%,1344,0.96,603065.SH,,宿迁联盛,
MARKET.SH,603060,6.82,7.08,7.14,6.72,6.93,14:59:58.988,-6.82,19084900,246200,130592832.0,11240800,7844100,0,219.76,"{'bid': [{'price': 6.82, 'vol': 178}], 'ask': [{'price': 6.83, 'vol': 525}]}",0000000011010110,0.00%,0.22%,1679088.0,0.00%,0,0,000000000000000000000000000000000000000000000000,1.39%,53.90%,2541,2.37,603060.SH,,国检集团,
MARKET.SH,603058,10.68,10.6,10.72,10.37,10.5,14:59:57.959,-10.68,6623900,90400,69806840.0,3135400,3488500,0,24.8,"{'bid': [{'price': 10.68, 'vol': 4}], 'ask': [{'price': 10.7, 'vol': 303}]}",0000000000010110,0.09%,0.09%,965464.0,0.00%,0,0,000000000000000000000000000000000000000000000000,1.44%,-23.60%,2147,1.6,603058.SH,,永吉股份,
MARKET.SH,603055,8.67,8.95,8.95,8.62,8.87,14:59:57.602,-8.67,8531700,197100,74235472.0,5560400,2971300,0,51.02,"{'bid': [{'price': 8.66, 'vol': 304}], 'ask': [{'price': 8.67, 'vol': 310}]}",0000000000010110,-0.22%,0.10%,1708832.0,0.00%,0,0,000000000000000000000000000000000000000000000000,1.49%,74.16%,2280,0.96,603055.SH,,台华新材,
MARKET.SH,603053,9.7,9.67,9.78,9.64,9.72,14:59:58.312,-9.7,3698900,55600,35866132.0,1916400,1782500,-1,12.96,"{'bid': [{'price': 9.7, 'vol': 55}], 'ask': [{'price': 9.71, 'vol': 38}]}",0000001101010110,-0.09%,0.06%,539324.0,0.00%,0,0,000000000000000000000000000000000000000000000000,1.28%,23.10%,1472,0.42,603053.SH,,成都燃气,
MARKET.SH,603043,14.13,14.23,14.26,14.0,14.14,14:59:55.997,-14.13,3954100,53300,55862416.0,1614500,2339600,-2,31.31,"{'bid': [{'price': 14.13, 'vol': 19}], 'ask': [{'price': 14.15, 'vol': 5}]}",0000000100010110,-0.13%,0.04%,753120.0,0.00%,0,0,000000000000000000000000000000000000000000000000,0.79%,-32.87%,1896,0.7,603043.SH,,广州酒家,
MARKET.SH,603041,13.92,13.49,13.97,13.41,13.58,14:59:55.712,-13.92,4076100,73800,55941372.0,1802400,2273700,4,92.27,"{'bid': [{'price': 13.88, 'vol': 20}], 'ask': [{'price': 13.92, 'vol': 177}]}",0000000000010110,0.43%,0.08%,1027304.0,0.60%,0,0,000000000000000000000000000000000000000000000000,1.06%,-19.73%,2109,2.23,603041.SH,,美思德,
MARKET.SH,603037,14.83,14.48,14.97,14.29,14.72,14:59:56.465,-14.83,19882300,345700,291325984.0,9266100,10616200,-2,603.24,"{'bid': [{'price': 14.83, 'vol': 174}], 'ask': [{'price': 14.84, 'vol': 50}]}",0000110000010110,-0.19%,0.33%,5126912.0,0.28%,0,0,000000000000000000000000000000000000000000000000,1.43%,-22.05%,3460,7.47,603037.SH,,凯众股份,
MARKET.SH,603036,14.8,14.56,14.97,14.4,14.52,14:59:55.756,-14.8,4467200,22100,65934144.0,1812000,2655200,0,22.86,"{'bid': [{'price': 14.8, 'vol': 1069}], 'ask': [{'price': 14.81, 'vol': 60}]}",0000000000010110,0.00%,0.03%,327084.0,0.41%,0,0,000000000000000000000000000000000000000000000000,0.52%,56.24%,1832,2.17,603036.SH,,如通股份,
MARKET.SH,603035,12.93,12.76,12.96,12.65,12.79,14:59:56.429,-12.93,3844800,33600,49295088.0,1617000,2227800,0,19.27,"{'bid': [{'price': 12.92, 'vol': 68}], 'ask': [{'price': 12.93, 'vol': 5}]}",0000000000010110,0.08%,0.03%,434468.0,0.00%,0,0,000000000000000000000000000000000000000000000000,0.97%,-40.41%,1682,1.05,603035.SH,,常熟汽饰,
MARKET.SH,603033,11.04,10.88,11.22,10.7,10.78,14:59:56.749,-11.04,8765600,73500,96093128.0,4148400,4617200,5,29.16,"{'bid': [{'price': 11.03, 'vol': 23}], 'ask': [{'price': 11.04, 'vol': 44}]}",0000000000010110,0.45%,0.03%,811504.0,-0.90%,0,0,000000000000000000000000000000000000000000000000,0.73%,-4.85%,2472,0.87,603033.SH,,三维股份,
MARKET.SH,603030,2.81,2.75,2.82,2.73,2.74,15:00:01.320,-2.81,36359900,302100,100877856.0,14095400,22264600,1,84.59,"{'bid': [{'price': 2.8, 'vol': 2225}], 'ask': [{'price': 2.81, 'vol': 12551}]}",0001000001010110,0.36%,0.07%,848856.0,0.73%,0,0,000000000000000000000000000000000000000000000000,0.89%,-39.12%,2205,2.76,603030.SH,,全筑股份,
MARKET.SH,603028,9.28,9.08,9.41,8.95,9.01,14:59:58.103,-9.28,7103800,91400,65819668.0,2878500,4225400,-2,13.98,"{'bid': [{'price': 9.27, 'vol': 395}], 'ask': [{'price': 9.28, 'vol': 73}]}",0000111100010110,-0.10%,0.11%,848188.0,0.00%,0,0,000000000000000000000000000000000000000000000000,1.51%,-36.99%,2026,2.5,603028.SH,,赛福天,
MARKET.SH,603027,7.79,7.99,8.06,7.69,7.97,14:59:58.279,-7.79,21051000,254400,164136480.0,13534900,7516100,0,61.04,"{'bid': [{'price': 7.78, 'vol': 819}], 'ask': [{'price': 7.79, 'vol': 232}]}",0000001110010110,0.39%,0.06%,1981760.0,0.00%,0,0,000000000000000000000000000000000000000000000000,0.89%,-11.67%,3548,1.68,603027.SH,,千禾味业,
MARKET.SH,603023,4.91,5.27,5.3,4.85,4.91,14:59:59.316,-4.91,31339000,442700,156900208.0,14720300,16618700,-1,373.64,"{'bid': [{'price': 4.91, 'vol': 1625}], 'ask': [{'price': 4.92, 'vol': 134}]}",0000101110010110,-0.19%,0.29%,2173648.0,0.00%,0,0,000000000000000000000000000000000000000000000000,1.30%,53.43%,3065,5.62,603023.SH,,威帝股份,
MARKET.SH,603022,11.21,11.05,11.27,10.81,10.98,14:59:56.688,-11.21,5164000,88200,57027824.0,2568300,2595700,6,23.54,"{'bid': [{'price': 11.21, 'vol': 59}], 'ask': [{'price': 11.22, 'vol': 18}]}",0000000000010110,0.54%,0.10%,988696.0,0.36%,0,0,000000000000000000000000000000000000000000000000,1.16%,-8.89%,2063,2.58,603022.SH,,新通联,
MARKET.SH,603020,10.12,10.25,10.3,10.01,10.12,14:59:57.440,-10.12,7722200,47900,78500576.0,4234500,3487800,-1,16.4,"{'bid': [{'price': 10.12, 'vol': 14}], 'ask': [{'price': 10.13, 'vol': 112}]}",0001000110010110,0.10%,0.07%,484704.0,1.18%,0,0,000000000000000000000000000000000000000000000000,1.02%,86.36%,2147,2.06,603020.SH,,爱普股份,
MARKET.SH,603018,7.32,7.3,7.36,7.23,7.3,14:59:58.088,-7.32,5020600,78200,36612860.0,3106400,1914200,0,19.49,"{'bid': [{'price': 7.32, 'vol': 415}], 'ask': [{'price': 7.33, 'vol': 158}]}",0000000000010110,0.00%,0.02%,572428.0,0.00%,0,0,000000000000000000000000000000000000000000000000,1.15%,3.29%,1622,0.73,603018.SH,,华设集团,
MARKET.SH,603017,13.81,13.8,13.85,13.52,13.5,14:59:56.112,-13.81,8574800,214600,117607656.0,3870000,4704800,1,61.27,"{'bid': [{'price': 13.8, 'vol': 849}], 'ask': [{'price': 13.81, 'vol': 485}]}",0000101010010110,0.07%,0.28%,2963608.0,0.00%,0,0,000000000000000000000000000000000000000000000000,2.51%,0.39%,2674,3.1,603017.SH,,中衡设计,
MARKET.SH,603015,12.69,12.86,12.9,12.51,12.74,14:59:56.515,-12.69,9602500,53500,121985536.0,5332200,4270300,-1,48.74,"{'bid': [{'price': 12.69, 'vol': 1344}], 'ask': [{'price': 12.7, 'vol': 254}]}",0000011010010110,0.00%,0.13%,678904.0,0.00%,0,0,000000000000000000000000000000000000000000000000,1.29%,63.64%,2911,2.38,603015.SH,,弘讯科技,
MARKET.SH,603012,9.74,9.5,10.1,9.49,9.44,14:59:57.937,-9.74,35145400,295600,344139520.0,17608000,17537400,0,132.53,"{'bid': [{'price': 9.74, 'vol': 8}], 'ask': [{'price': 9.75, 'vol': 485}]}",0000101100010110,0.41%,0.13%,2879136.0,0.00%,0,0,000000000000000000000000000000000000000000000000,0.86%,-9.30%,3519,5.44,603012.SH,,创力集团,
MARKET.SH,603010,13.62,13.39,13.77,13.22,13.29,14:59:56.900,-13.62,6524600,44900,88079032.0,3521100,3003500,0,70.83,"{'bid': [{'price': 13.62, 'vol': 4}], 'ask': [{'price': 13.63, 'vol': 1}]}",0000000000010110,0.00%,0.05%,611520.0,0.00%,0,0,000000000000000000000000000000000000000000000000,1.14%,19.36%,2698,1.14,603010.SH,,万盛股份,
MARKET.SH,603007,6.89,6.81,7.04,6.6,6.9,14:59:58.603,-6.89,89951900,1169900,614044288.0,45068300,44883600,1,945.3,"{'bid': [{'price': 6.88, 'vol': 2685}], 'ask': [{'price': 6.89, 'vol': 221}]}",0000010111010110,0.44%,0.33%,8060736.0,0.00%,0,0,000000000000000000000000000000000000000000000000,1.24%,10.92%,4013,12.94,603007.SH,,顺景科技,
MARKET.SH,603006,14.25,13.84,14.3,13.7,13.84,14:59:55.954,-14.25,4316800,54500,60544312.0,1841700,2475100,0,30.59,"{'bid': [{'price': 14.24, 'vol': 30}], 'ask': [{'price': 14.25, 'vol': 147}]}",0000000000010110,0.07%,0.18%,776612.0,0.00%,0,0,000000000000000000000000000000000000000000000000,1.41%,-23.51%,2141,1.7,603006.SH,,联明股份,
MARKET.SH,603001,9.69,8.78,9.69,8.78,8.81,14:59:57.955,-9.69,19875800,45800,188412480.0,10115800,9760100,0,20.28,"{'bid': [{'price': 9.69, 'vol': 40241}], 'ask': [{'price': 0.0, 'vol': 0}]}",0000111110010110,0.00%,0.03%,443808.0,0.00%,0,0,000000000000000000000000000000000000000000000000,0.12%,0.00%,1223,4.96,603001.SH,,奥康国际,
MARKET.SH,601999,6.42,6.44,6.51,6.35,6.41,14:59:58.772,-6.42,6340300,86800,40777556.0,3003200,3337200,0,11.14,"{'bid': [{'price': 6.41, 'vol': 1620}], 'ask': [{'price': 6.42, 'vol': 966}]}",0001011100010110,0.31%,0.07%,557264.0,0.00%,0,0,000000000000000000000000000000000000000000000000,0.98%,22.45%,1500,1.15,601999.SH,,出版传媒,
MARKET.SH,601998,7.75,7.83,7.89,7.75,7.88,14:59:59.014,-7.75,51137500,487800,399463616.0,26854300,24283200,0,197.94,"{'bid': [{'price': 7.75, 'vol': 4078}], 'ask': [{'price': 7.76, 'vol': 22}]}",0000010011010110,-0.12%,0.02%,3780576.0,0.00%,0,0,000000000000000000000000000000000000000000000000,1.29%,17.42%,4059,0.13,601998.SH,,中信银行,
MARKET.SH,601997,5.99,6.0,6.01,5.93,6.0,14:59:58.927,-5.99,34004400,692300,203108112.0,15788100,18216400,0,35.88,"{'bid': [{'price': 5.99, 'vol': 2666}], 'ask': [{'price': 6.0, 'vol': 141}]}",0001001010010110,0.00%,0.04%,4146848.0,0.00%,0,0,000000000000000000000000000000000000000000000000,1.54%,-3.97%,3298,0.93,601997.SH,,贵阳银行,
MARKET.SH,601996,2.98,2.97,3.02,2.88,2.92,15:00:00.018,-2.98,43997500,362700,129569280.0,22724200,21273300,0,107.13,"{'bid': [{'price': 2.97, 'vol': 2639}], 'ask': [{'price': 2.98, 'vol': 465}]}",0000011011010110,0.00%,0.13%,1080864.0,0.00%,0,0,000000000000000000000000000000000000000000000000,0.93%,-65.70%,2314,3.93,601996.SH,,丰林集团,
MARKET.SH,601992,1.68,1.55,1.68,1.54,1.53,15:00:01.998,-1.68,169154100,370900,280736128.0,111085200,58069000,0,305.97,"{'bid': [{'price': 1.68, 'vol': 94487}], 'ask': [{'price': 0.0, 'vol': 0}]}",0001011011010110,0.00%,0.02%,623104.0,0.65%,0,0,000000000000000000000000000000000000000000000000,0.23%,0.00%,2277,2.03,601992.SH,,金隅集团,
MARKET.SH,601991,6.89,7.0,7.16,6.68,7.05,14:59:58.243,-6.89,794499000,10983400,5496920064.0,411922500,382576600,0,7353.64,"{'bid': [{'price': 6.89, 'vol': 13486}], 'ask': [{'price': 6.9, 'vol': 28374}]}",0000111100010110,0.00%,0.81%,75676160.0,0.00%,0,0,000000000000000000000000000000000000000000000000,1.67%,21.31%,4744,6.41,601991.SH,,大唐发电,
MARKET.SH,601990,6.97,7.08,7.09,6.97,7.05,14:59:58.934,-6.97,20691100,371500,144734144.0,10318100,10373000,0,19.05,"{'bid': [{'price': 6.97, 'vol': 6233}], 'ask': [{'price': 6.98, 'vol': 24}]}",0000000000010110,-0.13%,0.04%,2589360.0,0.00%,0,0,000000000000000000000000000000000000000000000000,1.82%,41.89%,2716,0.56,601990.SH,,南京证券,
MARKET.SH,601988,5.86,5.79,5.88,5.71,5.8,14:59:58.614,-5.86,310632800,3311800,1807610880.0,121560500,189072300,0,863.64,"{'bid': [{'price': 5.86, 'vol': 1459}], 'ask': [{'price': 5.87, 'vol': 35448}]}",0000011110010110,0.00%,0.06%,19406336.0,-0.16%,0,0,000000000000000000000000000000000000000000000000,1.18%,-64.90%,4616,0.15,601988.SH,,中国银行,
MARKET.SH,601985,8.71,8.75,8.77,8.66,8.74,14:59:57.948,-8.71,116858100,1205400,1017949952.0,56069600,60788500,-1,701.31,"{'bid': [{'price': 8.7, 'vol': 26608}], 'ask': [{'price': 8.71, 'vol': 1262}]}",0000101100010110,0.00%,0.04%,10499392.0,0.00%,0,0,000000000000000000000000000000000000000000000000,1.40%,79.06%,4596,0.62,601985.SH,,中国核电,
MARKET.SH,601975,5.8,5.87,6.0,5.6,5.73,14:59:59.356,-5.8,511239600,4208300,2943087616.0,239663800,271575800,-1,7302.98,"{'bid': [{'price': 5.8, 'vol': 6269}], 'ask': [{'price': 5.81, 'vol': 17933}]}",0000110000010110,0.17%,0.30%,24407552.0,1.21%,0,0,000000000000000000000000000000000000000000000000,0.92%,-8.66%,4695,10.92,601975.SH,,招商南油,
MARKET.SH,601969,10.47,10.36,10.53,10.25,10.34,14:59:58.034,-10.47,16625900,210100,172788848.0,8733900,7892100,0,73.25,"{'bid': [{'price': 10.47, 'vol': 748}], 'ask': [{'price': 10.48, 'vol': 505}]}",0001000011010110,0.19%,0.10%,2199808.0,0.00%,0,0,000000000000000000000000000000000000000000000000,1.29%,-7.34%,3079,0.84,601969.SH,,海南矿业,
MARKET.SH,601968,4.64,4.62,4.66,4.56,4.62,15:00:00.222,-4.64,7733600,43400,35600860.0,4173700,3559900,0,7.62,"{'bid': [{'price': 4.64, 'vol': 1884}], 'ask': [{'price': 4.65, 'vol': 934}]}",0000000000010110,0.00%,0.03%,201368.0,0.00%,0,0,000000000000000000000000000000000000000000000000,1.12%,31.25%,1451,0.61,601968.SH,,宝钢包装,
MARKET.SH,601966,12.3,12.3,12.39,12.15,12.26,14:59:57.376,-12.3,9167900,241200,112556840.0,4820800,4347100,-2,18.57,"{'bid': [{'price': 12.3, 'vol': 122}], 'ask': [{'price': 12.31, 'vol': 4}]}",0000011000010110,-0.23%,0.07%,2966752.0,0.00%,0,0,000000000000000000000000000000000000000000000000,2.46%,38.21%,2616,0.63,601966.SH,,玲珑轮胎,
MARKET.SH,601963,11.25,11.4,11.47,11.12,11.47,14:59:56.674,-11.25,17024700,172100,191396656.0,9078000,7946700,1,50.05,"{'bid': [{'price': 11.25, 'vol': 628}], 'ask': [{'price': 11.26, 'vol': 20}]}",0000100010010110,0.18%,0.06%,1936144.0,0.00%,0,0,000000000000000000000000000000000000000000000000,1.76%,57.43%,3108,0.84,601963.SH,,重庆银行,
MARKET.SH,601956,5.62,5.51,5.65,5.44,5.51,14:59:59.780,-5.62,7180900,38500,39907168.0,3311000,3869900,0,34.77,"{'bid': [{'price': 5.61, 'vol': 1053}], 'ask': [{'price': 5.62, 'vol': 74}]}",0000000000010110,0.00%,0.03%,216368.0,0.00%,0,0,000000000000000000000000000000000000000000000000,0.63%,-33.83%,1559,1.16,601956.SH,,东贝集团,
MARKET.SH,601952,8.56,8.68,8.69,8.46,8.61,14:59:58.362,-8.56,10996700,112700,94024776.0,5219000,5777700,0,99.21,"{'bid': [{'price': 8.56, 'vol': 511}], 'ask': [{'price': 8.57, 'vol': 17}]}",0000011101010110,-0.11%,0.05%,964696.0,0.46%,0,0,000000000000000000000000000000000000000000000000,1.04%,6.75%,2178,0.8,601952.SH,,苏垦农发,
MARKET.SH,601949,5.28,5.32,5.35,5.25,5.31,14:59:59.183,-5.28,7388300,205500,39107336.0,3831200,3557100,0,35.27,"{'bid': [{'price': 5.28, 'vol': 3794}], 'ask': [{'price': 5.3, 'vol': 204}]}",0000000000010110,-0.18%,0.08%,1085052.0,0.00%,0,0,000000000000000000000000000000000000000000000000,2.23%,53.16%,1922,0.39,601949.SH,,中国出版,
MARKET.SH,601939,10.1,10.05,10.13,9.86,10.05,14:59:57.088,-10.1,123557000,853200,1239374592.0,52562100,70995000,0,1740.06,"{'bid': [{'price': 10.1, 'vol': 2038}], 'ask': [{'price': 10.11, 'vol': 348}]}",0001000110010110,-0.09%,0.03%,8617344.0,0.00%,0,0,000000000000000000000000000000000000000000000000,0.88%,-71.25%,4463,1.29,601939.SH,,建设银行,
MARKET.SH,601933,3.46,3.44,3.53,3.38,3.44,14:59:59.478,-3.46,81595000,1801100,282124672.0,40495900,41099100,0,181.74,"{'bid': [{'price': 3.45, 'vol': 18405}], 'ask': [{'price': 3.46, 'vol': 10316}]}",0000011110010110,0.29%,0.08%,6231744.0,0.00%,0,0,000000000000000000000000000000000000000000000000,2.00%,-8.68%,3557,0.9,601933.SH,,永辉超市,
MARKET.SH,601929,2.89,3.02,3.03,2.84,3.0,14:59:59.683,-2.89,230770000,3885900,666848384.0,123460700,107309300,-1,353.94,"{'bid': [{'price': 2.88, 'vol': 49915}], 'ask': [{'price': 2.89, 'vol': 3656}]}",0000001100010110,0.00%,0.32%,11230016.0,0.00%,0,0,000000000000000000000000000000000000000000000000,1.61%,53.55%,4557,6.61,601929.SH,,吉视传媒,
MARKET.SH,601928,9.07,9.07,9.14,9.03,9.06,14:59:58.178,-9.07,4416700,108600,40227368.0,1932700,2484000,-1,7.17,"{'bid': [{'price': 9.06, 'vol': 129}], 'ask': [{'price': 9.07, 'vol': 680}]}",0000000000010110,-0.21%,0.03%,985000.0,0.00%,0,0,000000000000000000000000000000000000000000000000,2.62%,-12.18%,1914,0.17,601928.SH,,凤凰传媒,
MARKET.SH,601921,7.34,7.34,7.38,7.31,7.33,14:59:59.161,-7.34,6029100,112800,44265384.0,3079500,2949600,0,6.83,"{'bid': [{'price': 7.34, 'vol': 574}], 'ask': [{'price': 7.35, 'vol': 94}]}",0000000000010110,0.14%,0.07%,827956.0,0.00%,0,0,000000000000000000000000000000000000000000000000,2.37%,30.82%,1795,0.27,601921.SH,,浙版传媒,
MARKET.SH,601919,14.61,14.68,14.74,14.46,14.67,14:59:55.824,-14.61,100964800,1118000,1476014464.0,50537000,50427800,-2,1160.74,"{'bid': [{'price': 14.61, 'vol': 3703}], 'ask': [{'price': 14.62, 'vol': 139}]}",0000001100010110,-0.06%,0.04%,16335360.0,0.00%,0,0,000000000000000000000000000000000000000000000000,1.02%,11.71%,4596,0.8,601919.SH,,中远海控,
MARKET.SH,601918,8.63,8.69,8.78,8.55,8.65,14:59:58.337,-8.63,32371300,258600,279606144.0,14796700,17574600,-1,139.13,"{'bid': [{'price': 8.63, 'vol': 545}], 'ask': [{'price': 8.64, 'vol': 130}]}",0000001101010110,-0.11%,0.06%,2231744.0,0.00%,0,0,000000000000000000000000000000000000000000000000,1.32%,-49.30%,3275,1.25,601918.SH,,新集能源,
MARKET.SH,601916,2.97,2.98,3.0,2.97,2.98,15:00:00.024,-2.97,68133900,6050000,202766784.0,43433600,24700300,0,98.74,"{'bid': [{'price': 2.97, 'vol': 91147}], 'ask': [{'price': 2.98, 'vol': 127903}]}",0000000110010110,0.00%,0.05%,17968336.0,0.00%,0,0,000000000000000000000000000000000000000000000000,6.89%,-23.77%,3661,0.32,601916.SH,,浙商银行,
MARKET.SH,601908,3.83,3.78,3.84,3.73,3.76,14:59:59.705,-3.83,49311700,990400,187312768.0,24628300,24683400,0,71.1,"{'bid': [{'price': 3.82, 'vol': 10700}], 'ask': [{'price': 3.83, 'vol': 4489}]}",0000011001010110,0.26%,0.14%,3793280.0,0.00%,0,0,000000000000000000000000000000000000000000000000,1.79%,0.22%,3482,2.04,601908.SH,,京运通,
MARKET.SH,601901,7.06,7.02,7.13,6.93,7.01,14:59:58.542,-7.06,87203600,557700,615288640.0,41290700,45913000,0,76.1,"{'bid': [{'price': 7.06, 'vol': 2076}], 'ask': [{'price': 7.07, 'vol': 1865}]}",0001011010010110,0.00%,0.04%,3937216.0,0.00%,0,0,000000000000000000000000000000000000000000000000,0.81%,11.50%,3816,1.06,601901.SH,,方正证券,
MARKET.SH,601900,12.18,12.16,12.19,12.01,12.15,14:59:56.699,-12.18,5324800,133100,64377644.0,3071000,2253900,1,6.57,"{'bid': [{'price': 12.17, 'vol': 155}], 'ask': [{'price': 12.18, 'vol': 215}]}",0001010010010110,0.25%,0.09%,1621164.0,0.00%,0,0,000000000000000000000000000000000000000000000000,2.77%,-45.62%,1988,0.6,601900.SH,,南方传媒,
MARKET.SH,601890,9.72,9.78,9.87,9.61,9.68,14:59:57.584,-9.72,19346500,296200,187694944.0,10223000,9123500,0,78.83,"{'bid': [{'price': 9.72, 'vol': 2271}], 'ask': [{'price': 9.73, 'vol': 712}]}",0000000100010110,0.00%,0.13%,2879056.0,0.00%,0,0,000000000000000000000000000000000000000000000000,2.02%,20.19%,3289,2.02,601890.SH,,亚星锚链,
MARKET.SH,601886,8.89,9.12,9.16,8.89,9.09,14:59:58.243,-8.89,3961800,14600,35531472.0,2358100,1603700,-1,8.66,"{'bid': [{'price': 8.89, 'vol': 177}], 'ask': [{'price': 8.91, 'vol': 647}]}",0000000000010110,-0.21%,0.01%,129784.0,0.00%,0,0,000000000000000000000000000000000000000000000000,0.58%,-43.53%,2141,0.35,601886.SH,,江河集团,
MARKET.SH,601881,12.13,12.48,12.51,12.13,12.41,14:59:57.077,-12.13,51475300,827700,628058304.0,29983700,21491600,-1,220.4,"{'bid': [{'price': 12.13, 'vol': 2668}], 'ask': [{'price': 12.14, 'vol': 1746}]}",0000011001010110,0.00%,0.08%,10039808.0,0.00%,0,0,000000000000000000000000000000000000000000000000,1.56%,31.37%,4033,0.71,601881.SH,,中国银河,
MARKET.SH,601880,1.61,1.61,1.62,1.59,1.6,15:00:00.240,-1.61,110105400,2930700,176697216.0,51865300,58240200,0,182.77,"{'bid': [{'price': 1.61, 'vol': 67142}], 'ask': [{'price': 1.62, 'vol': 39567}]}",0001001111010110,-0.61%,0.08%,4718416.0,0.00%,0,0,000000000000000000000000000000000000000000000000,2.14%,6.24%,3409,0.6,601880.SH,,辽港股份,
MARKET.SH,601878,9.42,9.55,9.61,9.41,9.55,14:59:58.412,-9.42,33447300,391300,316170176.0,18927400,14520000,-1,120.71,"{'bid': [{'price': 9.42, 'vol': 4201}], 'ask': [{'price': 9.43, 'vol': 245}]}",0001001100010110,-0.10%,0.03%,3685408.0,0.00%,0,0,000000000000000000000000000000000000000000000000,1.05%,49.43%,3134,0.73,601878.SH,,浙商证券,
MARKET.SH,601868,2.99,2.97,3.02,2.95,2.98,14:59:59.647,-2.99,530518200,4519400,1581718400.0,229186100,301332100,-1,1323.7,"{'bid': [{'price': 2.99, 'vol': 74313}], 'ask': [{'price': 3.0, 'vol': 154891}]}",0000010101010110,0.00%,0.08%,13512704.0,0.00%,0,0,000000000000000000000000000000000000000000000000,1.01%,1.37%,4741,1.64,601868.SH,,中国能建,
MARKET.SH,601866,2.61,2.61,2.62,2.57,2.61,15:00:00.240,-2.61,80200300,492600,208113568.0,47884200,32316200,0,144.23,"{'bid': [{'price': 2.61, 'vol': 21125}], 'ask': [{'price': 2.62, 'vol': 5252}]}",0001001001010110,-0.37%,0.05%,1285536.0,0.00%,0,0,000000000000000000000000000000000000000000000000,1.01%,32.71%,3176,0.82,601866.SH,,中远海发,
MARKET.SH,601865,12.33,12.29,12.46,12.01,12.11,14:59:56.645,-12.33,23121100,269400,282211104.0,9981800,13139400,-4,126.22,"{'bid': [{'price': 12.33, 'vol': 365}], 'ask': [{'price': 12.34, 'vol': 143}]}",0001010001010110,0.00%,0.09%,3321696.0,0.00%,0,0,000000000000000000000000000000000000000000000000,1.53%,7.43%,3595,1.22,601865.SH,,福莱特,
MARKET.SH,601860,2.56,2.58,2.59,2.55,2.58,14:59:59.802,-2.56,28282700,830900,72538448.0,19448900,8833900,0,23.5,"{'bid': [{'price': 2.56, 'vol': 4144}], 'ask': [{'price': 2.57, 'vol': 20595}]}",0000110111010110,0.00%,0.05%,2127120.0,0.00%,0,0,000000000000000000000000000000000000000000000000,2.24%,-45.78%,1816,0.8,601860.SH,,紫金银行,
MARKET.SH,601857,11.08,11.28,11.31,11.01,11.29,14:59:56.735,-11.08,145731500,1890700,1618821504.0,67592400,78139200,0,1200.76,"{'bid': [{'price': 11.07, 'vol': 8204}], 'ask': [{'price': 11.08, 'vol': 494}]}",0001011111010110,0.00%,0.04%,20948736.0,0.00%,0,0,000000000000000000000000000000000000000000000000,1.33%,80.95%,4667,0.09,601857.SH,,中国石油,
MARKET.SH,601828,2.47,2.48,2.49,2.45,2.47,15:00:00.324,-2.47,17993900,67300,44422320.0,9770200,8223800,0,54.04,"{'bid': [{'price': 2.47, 'vol': 2198}], 'ask': [{'price': 2.48, 'vol': 6385}]}",0001000001010110,-0.39%,0.02%,166224.0,0.00%,0,0,000000000000000000000000000000000000000000000000,0.96%,-4.71%,1956,0.5,601828.SH,,美凯龙,
MARKET.SH,601827,7.82,7.85,7.89,7.74,7.83,14:59:58.988,-7.82,5529300,9500,43156048.0,3173400,2355900,-1,21.74,"{'bid': [{'price': 7.82, 'vol': 273}], 'ask': [{'price': 7.83, 'vol': 268}]}",0000000000010110,-0.12%,0.02%,74288.0,0.00%,0,0,000000000000000000000000000000000000000000000000,0.88%,-10.94%,1484,0.33,601827.SH,,三峰环境,
MARKET.SH,601825,8.6,8.6,8.69,8.56,8.63,14:59:57.988,-8.6,14034100,298100,120830936.0,6761900,7272200,-1,62.78,"{'bid': [{'price': 8.6, 'vol': 355}], 'ask': [{'price': 8.61, 'vol': 44}]}",0000010011010110,-0.11%,0.01%,2563656.0,0.00%,0,0,000000000000000000000000000000000000000000000000,1.96%,1.53%,2670,0.15,601825.SH,,沪农商行,
MARKET.SH,601818,3.1,3.12,3.12,3.09,3.11,14:59:59.608,-3.1,111326800,7140300,345262016.0,69124700,42202200,0,195.84,"{'bid': [{'price': 3.09, 'vol': 203169}], 'ask': [{'price': 3.1, 'vol': 5843}]}",0001011011010110,0.00%,0.06%,22134912.0,0.00%,0,0,000000000000000000000000000000000000000000000000,4.67%,2.41%,4035,0.24,601818.SH,,光大银行,
MARKET.SH,601816,4.86,4.87,4.89,4.83,4.85,14:59:58.974,-4.86,139067000,2625900,675540608.0,64871300,74195800,-1,484.18,"{'bid': [{'price': 4.86, 'vol': 33258}], 'ask': [{'price': 4.87, 'vol': 643}]}",0000111001010110,-0.20%,0.02%,12761984.0,0.00%,0,0,000000000000000000000000000000000000000000000000,1.40%,27.00%,4374,0.28,601816.SH,,京沪高铁,
MARKET.SH,601811,12.96,13.06,13.09,12.88,13.02,14:59:57.138,-12.96,1647100,28600,21341948.0,835200,811900,0,10.19,"{'bid': [{'price': 12.96, 'vol': 238}], 'ask': [{'price': 12.97, 'vol': 57}]}",0000000000010110,0.00%,0.03%,370656.0,-0.22%,0,0,000000000000000000000000000000000000000000000000,1.62%,31.46%,1403,0.21,601811.SH,,新华文轩,
MARKET.SH,601808,13.71,13.66,13.74,13.53,13.68,14:59:56.508,-13.71,16716500,144700,228221920.0,7892800,8823800,-1,75.13,"{'bid': [{'price': 13.71, 'vol': 170}], 'ask': [{'price': 13.72, 'vol': 388}]}",0000110101010110,0.07%,0.06%,1983232.0,0.00%,0,0,000000000000000000000000000000000000000000000000,0.97%,-12.23%,3131,0.56,601808.SH,,中海油服,
MARKET.SH,601801,5.6,5.61,5.64,5.55,5.6,14:59:59.068,-5.6,6201500,103000,34641408.0,3297900,2903600,0,10.66,"{'bid': [{'price': 5.6, 'vol': 109}], 'ask': [{'price': 5.61, 'vol': 325}]}",0000010111010110,0.18%,0.05%,576792.0,0.00%,0,0,000000000000000000000000000000000000000000000000,1.80%,-17.05%,1875,0.32,601801.SH,,皖新传媒,
MARKET.SH,601800,6.31,6.39,6.4,6.27,6.4,14:59:59.172,-6.31,40709100,540700,256961184.0,23231200,17477900,0,192.28,"{'bid': [{'price': 6.3, 'vol': 5379}], 'ask': [{'price': 6.31, 'vol': 11106}]}",0000100001010110,0.00%,0.05%,3411728.0,0.00%,0,0,000000000000000000000000000000000000000000000000,1.34%,-6.82%,3418,0.35,601800.SH,,中国交建,
MARKET.SH,601798,8.56,8.41,8.64,8.28,8.38,14:59:58.722,-8.56,5597000,21100,47265816.0,2445700,3151300,1,3.03,"{'bid': [{'price': 8.55, 'vol': 65}], 'ask': [{'price': 8.56, 'vol': 63}]}",0000000000010110,0.12%,0.04%,180632.0,0.00%,0,0,000000000000000000000000000000000000000000000000,0.78%,-28.29%,2014,1.58,601798.SH,,蓝科高新,
MARKET.SH,601789,5.78,5.63,5.82,5.55,5.56,14:59:59.003,-5.78,65264000,1142400,372904192.0,29635900,35628200,-1,261.4,"{'bid': [{'price': 5.77, 'vol': 1830}], 'ask': [{'price': 5.78, 'vol': 21}]}",0001001001010110,0.00%,0.26%,6603040.0,0.18%,0,0,000000000000000000000000000000000000000000000000,1.56%,-65.59%,4088,6.01,601789.SH,,宁波建工,
MARKET.SH,601788,14.32,14.75,14.83,14.3,14.72,14:59:55.928,-14.32,46440900,662300,669724480.0,24501800,21939200,0,620.09,"{'bid': [{'price': 14.31, 'vol': 3969}], 'ask': [{'price': 14.32, 'vol': 2042}]}",0000110111010110,0.00%,0.07%,9484608.0,0.00%,0,0,000000000000000000000000000000000000000000000000,1.26%,53.55%,4133,1.19,601788.SH,,光大证券,
MARKET.SH,601778,6.33,6.13,6.36,6.06,6.11,14:59:58.445,-6.33,212328200,1956400,1334675072.0,95271500,117056700,-1,489.48,"{'bid': [{'price': 6.33, 'vol': 7368}], 'ask': [{'price': 6.34, 'vol': 17779}]}",0000000100010110,0.16%,0.18%,12384000.0,0.33%,0,0,000000000000000000000000000000000000000000000000,1.20%,-21.49%,4694,5.69,601778.SH,,晶科科技,
MARKET.SH,601777,12.43,12.42,12.62,12.28,12.34,14:59:56.249,-12.43,68900300,838600,857936960.0,33025100,35875300,0,621.12,"{'bid': [{'price': 12.42, 'vol': 732}], 'ask': [{'price': 12.43, 'vol': 21}]}",0001000110010110,-0.07%,0.10%,10424192.0,-0.31%,0,0,000000000000000000000000000000000000000000000000,1.27%,37.39%,4381,1.52,601777.SH,,千里科技,
MARKET.SH,601766,5.77,5.74,5.78,5.66,5.73,14:59:59.006,-5.77,164793800,2142500,942538944.0,67254700,97539200,-1,567.92,"{'bid': [{'price': 5.77, 'vol': 345}], 'ask': [{'price': 5.78, 'vol': 11739}]}",0000110011010110,-0.16%,0.04%,12362496.0,0.00%,0,0,000000000000000000000000000000000000000000000000,1.16%,13.39%,4615,0.68,601766.SH,,中国中车,
MARKET.SH,601728,6.15,6.33,6.37,6.11,6.35,14:59:58.510,-6.15,325841400,4329300,2018025088.0,176714300,149127200,0,1360.91,"{'bid': [{'price': 6.14, 'vol': 11032}], 'ask': [{'price': 6.15, 'vol': 5711}]}",0001011101010110,0.33%,0.07%,26625792.0,0.48%,0,0,000000000000000000000000000000000000000000000000,1.39%,44.93%,4729,0.42,601728.SH,,中国电信,
MARKET.SH,601727,8.94,8.7,9.05,8.7,8.68,14:59:57.865,-8.94,239472700,4324400,2133257856.0,107707900,131764900,2,1743.31,"{'bid': [{'price': 8.93, 'vol': 7189}], 'ask': [{'price': 8.94, 'vol': 11177}]}",0000111100010110,0.00%,0.11%,38659072.0,0.23%,0,0,000000000000000000000000000000000000000000000000,1.39%,-49.61%,4708,1.9,601727.SH,,上海电气,
MARKET.SH,601700,5.49,5.41,5.51,5.3,5.35,14:59:59.827,-5.49,13347600,120900,72405624.0,6063300,7284300,0,19.8,"{'bid': [{'price': 5.47, 'vol': 2119}], 'ask': [{'price': 5.49, 'vol': 1415}]}",0000101001010110,0.00%,0.07%,663760.0,0.19%,0,0,000000000000000000000000000000000000000000000000,1.43%,-19.76%,2134,1.17,601700.SH,,风范股份,
MARKET.SH,601699,14.12,14.36,14.58,13.99,14.35,14:59:56.360,-14.12,26990100,229500,382281760.0,13554000,13436200,-3,43.08,"{'bid': [{'price': 14.12, 'vol': 5}], 'ask': [{'price': 14.13, 'vol': 30}]}",0001000000010110,-0.20%,0.04%,3240704.0,0.00%,0,0,000000000000000000000000000000000000000000000000,0.89%,82.84%,4235,0.9,601699.SH,,潞安环能,
MARKET.SH,601696,11.71,12.04,12.08,11.7,11.98,14:59:57.228,-11.71,42851000,832100,504904704.0,24355200,18495900,0,170.0,"{'bid': [{'price': 11.7, 'vol': 3627}], 'ask': [{'price': 11.71, 'vol': 660}]}",0001000101010110,-0.08%,0.10%,9743936.0,0.00%,0,0,000000000000000000000000000000000000000000000000,1.57%,14.83%,3994,1.54,601696.SH,,中银证券,
MARKET.SH,601686,5.29,5.31,5.33,5.25,5.31,14:59:58.819,-5.29,4131100,45800,21829276.0,2082900,2048300,0,4.09,"{'bid': [{'price': 5.29, 'vol': 528}], 'ask': [{'price': 5.3, 'vol': 35}]}",0001100000010110,0.00%,0.06%,242280.0,0.00%,0,0,000000000000000000000000000000000000000000000000,6.62%,27.47%,1152,0.28,601686.SH,,友发集团,
MARKET.SH,601678,6.12,5.94,6.22,5.88,5.96,14:59:58.520,-6.12,200138100,2805700,1218903168.0,90459900,109678200,-2,1589.83,"{'bid': [{'price': 6.12, 'vol': 1096}], 'ask': [{'price': 6.13, 'vol': 1344}]}",0000000111010110,0.00%,0.31%,17171584.0,1.19%,0,0,000000000000000000000000000000000000000000000000,1.39%,8.01%,4604,9.79,601678.SH,,滨化股份,
MARKET.SH,601669,5.48,5.48,5.51,5.41,5.48,14:59:59.471,-5.48,183313000,1646400,1000424320.0,92671300,90641700,0,873.62,"{'bid': [{'price': 5.47, 'vol': 12375}], 'ask': [{'price': 5.48, 'vol': 9840}]}",0000011010010110,0.00%,0.05%,9021888.0,0.00%,0,0,000000000000000000000000000000000000000000000000,1.00%,8.56%,4597,1.4,601669.SH,,中国电建,
MARKET.SH,601668,4.78,4.81,4.82,4.78,4.8,14:59:59.363,-4.78,185121700,2144700,886894528.0,100356900,84764900,-1,479.45,"{'bid': [{'price': 4.78, 'vol': 118173}], 'ask': [{'price': 4.79, 'vol': 3545}]}",0000111011010110,0.00%,0.04%,10251648.0,0.00%,0,0,000000000000000000000000000000000000000000000000,1.78%,35.13%,4542,0.45,601668.SH,,中国建筑,
MARKET.SH,601666,7.2,7.22,7.26,7.08,7.22,14:59:58.132,-7.2,22719600,374900,162825088.0,14553100,8166500,-1,96.1,"{'bid': [{'price': 7.2, 'vol': 1944}], 'ask': [{'price': 7.21, 'vol': 373}]}",0000001001010110,-0.27%,0.05%,2699280.0,0.00%,0,0,000000000000000000000000000000000000000000000000,1.38%,-9.03%,3190,0.92,601666.SH,,平煤股份,
MARKET.SH,601665,6.14,6.14,6.19,6.11,6.15,14:59:59.233,-6.14,38507700,538200,236826912.0,16568800,21938900,-1,45.62,"{'bid': [{'price': 6.14, 'vol': 2610}], 'ask': [{'price': 6.15, 'vol': 12}]}",0000101011010110,-0.15%,0.03%,3304624.0,0.00%,0,0,000000000000000000000000000000000000000000000000,1.38%,20.00%,3304,0.63,601665.SH,,齐鲁银行,
MARKET.SH,601658,4.94,4.92,4.95,4.87,4.92,14:59:58.945,-4.94,135941400,2240000,668035712.0,55749900,80191500,0,370.38,"{'bid': [{'price': 4.94, 'vol': 11057}], 'ask': [{'price': 4.95, 'vol': 10123}]}",0000010111010110,0.00%,0.04%,11065792.0,-0.19%,0,0,000000000000000000000000000000000000000000000000,1.48%,-21.62%,4047,0.19,601658.SH,,邮储银行,
MARKET.SH,601636,6.76,6.72,6.83,6.54,6.83,14:59:58.290,-6.76,169461700,1900800,1133461632.0,81475700,87986100,2,2898.4,"{'bid': [{'price': 6.75, 'vol': 2309}], 'ask': [{'price': 6.76, 'vol': 1874}]}",0001001101010110,0.30%,0.21%,12849280.0,1.51%,0,0,000000000000000000000000000000000000000000000000,1.12%,37.01%,4501,5.73,601636.SH,,旗滨集团,
MARKET.SH,601619,5.38,5.34,5.44,5.34,5.37,14:59:59.507,-5.38,28793900,376200,154998576.0,15600400,13193500,0,114.81,"{'bid': [{'price': 5.38, 'vol': 5750}], 'ask': [{'price': 5.39, 'vol': 1743}]}",0000000000010110,-0.18%,0.06%,2023936.0,0.00%,0,0,000000000000000000000000000000000000000000000000,1.23%,23.74%,2998,1.18,601619.SH,,嘉泽新能,
MARKET.SH,601618,2.78,2.81,2.82,2.76,2.81,14:59:59.723,-2.78,124812800,4000500,347552448.0,76217700,48595200,0,220.36,"{'bid': [{'price': 2.78, 'vol': 875}], 'ask': [{'price': 2.79, 'vol': 63940}]}",0001000010010110,-0.35%,0.08%,11121472.0,0.00%,0,0,000000000000000000000000000000000000000000000000,2.08%,-15.32%,3939,0.7,601618.SH,,中国中冶,
MARKET.SH,601616,4.49,4.4,4.51,4.34,4.36,15:00:00.312,-4.49,19850400,122100,88014408.0,7761100,12089300,0,38.59,"{'bid': [{'price': 4.48, 'vol': 826}], 'ask': [{'price': 4.49, 'vol': 1484}]}",0000000000010110,0.00%,0.08%,548224.0,0.00%,0,0,000000000000000000000000000000000000000000000000,1.20%,-61.09%,2721,2.33,601616.SH,,广电电气,
MARKET.SH,601611,12.38,12.39,12.45,12.22,12.37,14:59:56.987,-12.38,23194600,235900,286440640.0,11948700,11246000,0,146.45,"{'bid': [{'price': 12.38, 'vol': 2206}], 'ask': [{'price': 12.39, 'vol': 556}]}",0000111110010110,-0.07%,0.06%,2920448.0,0.00%,0,0,000000000000000000000000000000000000000000000000,1.26%,31.08%,3680,0.77,601611.SH,,中国核建,
MARKET.SH,601609,13.87,13.48,14.05,13.22,13.24,14:59:55.730,-13.87,99428800,906800,1363906944.0,45032500,54396400,-3,659.31,"{'bid': [{'price': 13.87, 'vol': 508}], 'ask': [{'price': 13.88, 'vol': 293}]}",0001010010010110,0.00%,0.30%,12577408.0,0.15%,0,0,000000000000000000000000000000000000000000000000,1.21%,-65.25%,4650,5.75,601609.SH,,金田股份,
MARKET.SH,601608,5.67,5.62,5.7,5.54,5.56,14:59:58.682,-5.67,34352200,287400,193190224.0,14642100,19710200,-1,37.54,"{'bid': [{'price': 5.67, 'vol': 615}], 'ask': [{'price': 5.68, 'vol': 450}]}",0000110010010110,-0.17%,0.06%,1629568.0,0.54%,0,0,000000000000000000000000000000000000000000000000,1.38%,-27.71%,3511,0.75,601608.SH,,中信重工,
MARKET.SH,601600,11.15,10.99,11.25,10.81,10.84,14:59:56.710,-11.15,203412400,1206900,2256364032.0,94310500,109101900,-2,643.79,"{'bid': [{'price': 11.15, 'vol': 11964}], 'ask': [{'price': 11.16, 'vol': 1994}]}",0000010000010110,-0.08%,0.04%,13456384.0,0.00%,0,0,000000000000000000000000000000000000000000000000,0.76%,-6.28%,4724,1.54,601600.SH,,中国铝业,
MARKET.SH,601599,3.31,3.31,3.34,3.26,3.31,15:00:00.420,-3.31,16487900,135900,54329516.0,8610000,7878000,0,10.39,"{'bid': [{'price': 3.31, 'vol': 1568}], 'ask': [{'price': 3.32, 'vol': 977}]}",0000111100010110,-0.29%,0.04%,449836.0,0.00%,0,0,000000000000000000000000000000000000000000000000,1.08%,-10.65%,1633,1.42,601599.SH,,浙文影业,
MARKET.SH,601598,6.25,6.19,6.33,6.04,6.16,14:59:59.554,-6.25,21893500,266300,135418672.0,8664900,13228600,-1,58.31,"{'bid': [{'price': 6.24, 'vol': 88}], 'ask': [{'price': 6.25, 'vol': 160}]}",0000100101010110,0.32%,0.06%,1664336.0,0.00%,0,0,000000000000000000000000000000000000000000000000,1.37%,28.52%,2714,0.42,601598.SH,,中国外运,
MARKET.SH,601588,1.82,1.78,1.86,1.76,1.77,15:00:00.714,-1.82,58483900,528900,105790552.0,24627300,33856600,-1,36.05,"{'bid': [{'price': 1.82, 'vol': 4470}], 'ask': [{'price': 1.83, 'vol': 1395}]}",0000000101010110,0.00%,0.09%,962632.0,0.00%,0,0,000000000000000000000000000000000000000000000000,0.94%,-7.52%,2307,2.2,601588.SH,,北辰实业,
MARKET.SH,601577,9.19,9.23,9.26,9.15,9.23,14:59:57.775,-9.19,14992800,328300,138035616.0,6613300,8379500,-2,48.18,"{'bid': [{'price': 9.18, 'vol': 164}], 'ask': [{'price': 9.19, 'vol': 13}]}",0000000010010110,-0.32%,0.02%,3017024.0,0.00%,0,0,000000000000000000000000000000000000000000000000,1.73%,50.94%,2754,0.37,601577.SH,,长沙银行,
MARKET.SH,601568,3.78,3.73,3.8,3.72,3.72,15:00:00.138,-3.78,15442200,69800,58039168.0,6347200,9095100,1,22.23,"{'bid': [{'price': 3.78, 'vol': 1003}], 'ask': [{'price': 3.79, 'vol': 4846}]}",0000111100010110,0.00%,0.02%,263840.0,0.00%,0,0,000000000000000000000000000000000000000000000000,0.82%,-46.82%,2399,0.39,601568.SH,,北元化工,
MARKET.SH,601566,12.12,12.05,12.18,11.8,12.05,14:59:56.360,-12.12,22154300,413800,265707328.0,13467200,8687200,2,187.02,"{'bid': [{'price': 12.12, 'vol': 1205}], 'ask': [{'price': 12.13, 'vol': 129}]}",0000111101010110,0.25%,0.62%,5014832.0,0.00%,0,0,000000000000000000000000000000000000000000000000,2.25%,37.04%,3465,3.86,601566.SH,,九牧王,
MARKET.SH,601555,7.89,8.05,8.09,7.89,8.01,14:59:57.883,-7.89,42823600,557100,340062944.0,20888200,21935500,-1,126.06,"{'bid': [{'price': 7.89, 'vol': 4386}], 'ask': [{'price': 7.9, 'vol': 1150}]}",0001010110010110,-0.12%,0.04%,4395488.0,0.00%,0,0,000000000000000000000000000000000000000000000000,1.41%,47.52%,3484,0.86,601555.SH,,东吴证券,
MARKET.SH,601528,4.8,4.81,4.84,4.78,4.82,15:00:00.126,-4.8,7477500,356400,36007800.0,3789900,3687700,-1,38.96,"{'bid': [{'price': 4.8, 'vol': 1810}], 'ask': [{'price': 4.81, 'vol': 89}]}",0000111001010110,-0.40%,0.03%,1710724.0,0.00%,0,0,000000000000000000000000000000000000000000000000,3.89%,8.73%,1446,0.43,601528.SH,,瑞丰银行,
MARKET.SH,601519,10.51,10.65,10.74,10.28,10.71,14:59:56.940,-10.51,61586100,839900,643080832.0,34862900,26723300,-1,630.69,"{'bid': [{'price': 10.5, 'vol': 291}], 'ask': [{'price': 10.51, 'vol': 4603}]}",0000110101010110,0.00%,0.18%,8827520.0,0.00%,0,0,000000000000000000000000000000000000000000000000,1.39%,-81.59%,4287,3.1,601519.SH,,大智慧,
MARKET.SH,601518,3.11,3.03,3.15,3.02,3.04,14:59:59.964,-3.11,44623300,1053700,137637520.0,24078700,20544700,0,142.99,"{'bid': [{'price': 3.1, 'vol': 4285}], 'ask': [{'price': 3.11, 'vol': 5948}]}",0001010000010110,0.65%,0.32%,3277040.0,0.00%,0,0,000000000000000000000000000000000000000000000000,2.08%,-62.98%,2867,2.36,601518.SH,,吉林高速,
MARKET.SH,601515,4.35,4.2,4.44,4.13,4.15,14:59:59.518,-4.35,37602500,918100,159501984.0,16639200,20963300,1,30.41,"{'bid': [{'price': 4.35, 'vol': 1090}], 'ask': [{'price': 4.36, 'vol': 3815}]}",0000100000010110,0.23%,0.19%,3993728.0,0.00%,0,0,000000000000000000000000000000000000000000000000,2.38%,7.05%,2321,1.95,601515.SH,,衢州东峰,
MARKET.SH,601512,8.67,8.71,8.77,8.63,8.67,14:59:58.322,-8.67,5907000,144300,51285860.0,3350800,2556200,-1,26.39,"{'bid': [{'price': 8.67, 'vol': 188}], 'ask': [{'price': 8.68, 'vol': 28}]}",0000000000010110,-0.11%,0.08%,1251076.0,0.00%,0,0,000000000000000000000000000000000000000000000000,1.87%,5.52%,1672,0.39,601512.SH,,中新集团,
MARKET.SH,601500,4.42,4.41,4.45,4.32,4.39,14:59:59.492,-4.42,16359200,351600,71741048.0,7409100,8950100,0,46.08,"{'bid': [{'price': 4.41, 'vol': 1077}], 'ask': [{'price': 4.42, 'vol': 354}]}",0000000000010110,0.00%,0.04%,1554072.0,0.00%,0,0,000000000000000000000000000000000000000000000000,1.70%,-27.49%,2302,1.03,601500.SH,,通用股份,
MARKET.SH,601456,9.07,9.41,9.45,9.05,9.25,14:59:57.458,-9.07,33745700,526200,308195968.0,19181000,14564800,-2,1265.36,"{'bid': [{'price': 9.07, 'vol': 661}], 'ask': [{'price': 9.08, 'vol': 396}]}",0001001011010110,0.00%,0.03%,4772896.0,0.00%,0,0,000000000000000000000000000000000000000000000000,1.31%,79.66%,3476,0.77,601456.SH,,国联民生,
MARKET.SH,601399,3.93,3.9,3.95,3.86,3.88,14:59:59.669,-3.93,63825800,684300,249523840.0,31466100,32359800,0,112.01,"{'bid': [{'price': 3.92, 'vol': 5616}], 'ask': [{'price': 3.93, 'vol': 157}]}",0000111111010110,-0.24%,0.08%,2689280.0,0.00%,0,0,000000000000000000000000000000000000000000000000,1.63%,-33.76%,3652,0.88,601399.SH,,国机重装,
MARKET.SH,601398,7.18,7.13,7.22,7.12,7.15,14:59:58.499,-7.18,231500000,5629300,1660299776.0,106055100,125445000,-1,2135.27,"{'bid': [{'price': 7.17, 'vol': 31892}], 'ask': [{'price': 7.18, 'vol': 1256}]}",0001100011010110,0.00%,0.03%,40418048.0,0.00%,0,0,000000000000000000000000000000000000000000000000,1.98%,-22.01%,4502,0.09,601398.SH,,工商银行,
MARKET.SH,601390,4.73,4.77,4.78,4.67,4.76,14:59:59.381,-4.73,143486900,1122300,675502528.0,72839100,70647900,-1,391.47,"{'bid': [{'price': 4.73, 'vol': 126}], 'ask': [{'price': 4.74, 'vol': 17387}]}",0001100001010110,0.00%,0.02%,5308416.0,0.00%,0,0,000000000000000000000000000000000000000000000000,0.68%,-13.50%,4324,0.7,601390.SH,,中国中铁,
MARKET.SH,601388,3.63,3.55,3.67,3.49,3.53,15:00:00.228,-3.63,46546800,360000,167002000.0,18417900,28129000,0,63.4,"{'bid': [{'price': 3.63, 'vol': 1221}], 'ask': [{'price': 3.64, 'vol': 5838}]}",0000111110010110,0.28%,0.11%,1306784.0,0.28%,0,0,000000000000000000000000000000000000000000000000,1.31%,-52.31%,3037,2.11,601388.SH,,怡球资源,
MARKET.SH,601377,5.82,5.84,5.86,5.76,5.82,14:59:59.348,-5.82,79879300,651100,463244704.0,41996600,37882700,-1,279.33,"{'bid': [{'price': 5.82, 'vol': 589}], 'ask': [{'price': 5.83, 'vol': 3173}]}",0000000011010110,-0.16%,0.03%,3789408.0,0.17%,0,0,000000000000000000000000000000000000000000000000,1.09%,6.88%,3723,0.92,601377.SH,,兴业证券,
MARKET.SH,601375,3.9,3.97,3.98,3.86,3.95,14:59:59.680,-3.9,51856400,530900,202487136.0,30117100,21739400,-1,36.84,"{'bid': [{'price': 3.9, 'vol': 2230}], 'ask': [{'price': 3.91, 'vol': 3018}]}",0000110101010110,0.00%,0.03%,2070592.0,0.00%,0,0,000000000000000000000000000000000000000000000000,0.83%,31.46%,3444,1.5,601375.SH,,中原证券,
MARKET.SH,601369,8.93,9.05,9.08,8.84,8.96,14:59:58.229,-8.93,10057300,122800,90075736.0,5472400,4585000,0,32.94,"{'bid': [{'price': 8.93, 'vol': 135}], 'ask': [{'price': 8.94, 'vol': 321}]}",0001000110010110,-0.21%,0.05%,1096600.0,0.00%,0,0,000000000000000000000000000000000000000000000000,1.56%,-8.01%,2219,0.59,601369.SH,,陕鼓动力,
MARKET.SH,601368,4.73,4.73,4.76,4.68,4.73,15:00:00.168,-4.73,6210900,78900,29344552.0,3623500,2587400,1,40.49,"{'bid': [{'price': 4.72, 'vol': 461}], 'ask': [{'price': 4.73, 'vol': 200}]}",0000000000010110,0.00%,0.03%,373188.0,0.21%,0,0,000000000000000000000000000000000000000000000000,0.89%,31.38%,1294,0.7,601368.SH,,绿城水务,
MARKET.SH,601366,3.76,3.74,3.79,3.7,3.73,15:00:00.150,-3.76,6844900,135000,25637976.0,3083900,3761000,0,17.65,"{'bid': [{'price': 3.76, 'vol': 910}], 'ask': [{'price': 3.77, 'vol': 2104}]}",0000000000010110,0.00%,0.03%,507592.0,0.00%,0,0,000000000000000000000000000000000000000000000000,1.18%,-29.64%,1087,0.71,601366.SH,,利群股份,
MARKET.SH,601360,10.71,10.67,10.73,10.43,10.6,14:59:57.228,-10.71,94299100,1023700,998125952.0,44484000,49815100,0,506.29,"{'bid': [{'price': 10.71, 'vol': 648}], 'ask': [{'price': 10.72, 'vol': 3889}]}",0000100001010110,0.00%,0.08%,10963840.0,0.00%,0,0,000000000000000000000000000000000000000000000000,1.23%,-38.90%,4586,1.35,601360.SH,,三六零,
MARKET.SH,601339,7.89,8.01,8.16,7.77,7.87,14:59:58.603,-7.89,13443200,31600,106344960.0,8661000,4782300,1,16.26,"{'bid': [{'price': 7.88, 'vol': 9}], 'ask': [{'price': 7.89, 'vol': 262}]}",0001011000010110,0.38%,0.05%,249296.0,0.00%,0,0,000000000000000000000000000000000000000000000000,0.65%,6.29%,2584,0.9,601339.SH,,百隆东方,
MARKET.SH,601333,3.03,3.04,3.05,3.01,3.03,15:00:01.188,-3.03,50691400,537100,153502464.0,26322200,24369200,0,45.08,"{'bid': [{'price': 3.03, 'vol': 756}], 'ask': [{'price': 3.04, 'vol': 9720}]}",0000000000010110,-0.32%,0.05%,1627424.0,0.00%,0,0,000000000000000000000000000000000000000000000000,1.54%,9.60%,3407,0.9,601333.SH,,广深铁路,
MARKET.SH,601330,8.61,8.66,8.7,8.38,8.69,14:59:57.624,-8.61,25300400,255600,215940672.0,13587100,11713300,0,186.8,"{'bid': [{'price': 8.6, 'vol': 585}], 'ask': [{'price': 8.61, 'vol': 339}]}",0000000000010110,0.00%,0.24%,2200736.0,0.00%,0,0,000000000000000000000000000000000000000000000000,1.42%,-15.59%,3145,2.56,601330.SH,,绿色动力,
MARKET.SH,601328,6.64,6.64,6.73,6.6,6.64,14:59:58.333,-6.64,184481100,6817900,1230764160.0,75761100,108720000,-2,753.11,"{'bid': [{'price': 6.64, 'vol': 26126}], 'ask': [{'price': 6.65, 'vol': 1233}]}",0000100011010110,-0.29%,0.04%,45271040.0,0.00%,0,0,000000000000000000000000000000000000000000000000,2.44%,21.79%,4263,0.71,601328.SH,,交通银行,
MARKET.SH,601326,3.38,3.42,3.43,3.38,3.42,14:59:59.867,-3.38,17405900,508800,59084904.0,10633300,6772600,-1,23.09,"{'bid': [{'price': 3.38, 'vol': 13232}], 'ask': [{'price': 3.39, 'vol': 390}]}",0000000000010110,-0.28%,0.06%,1719740.0,0.00%,0,0,000000000000000000000000000000000000000000000000,1.92%,18.29%,1688,0.37,601326.SH,,秦港股份,
MARKET.SH,601319,6.95,7.02,7.05,6.9,7.0,14:59:58.942,-6.95,43724800,394900,304322016.0,22919600,20805300,0,415.79,"{'bid': [{'price': 6.95, 'vol': 3825}], 'ask': [{'price': 6.96, 'vol': 2907}]}",0001011111010110,0.14%,0.04%,2744576.0,0.00%,0,0,000000000000000000000000000000000000000000000000,1.37%,19.47%,3550,0.12,601319.SH,,中国人保,
MARKET.SH,601311,9.23,9.2,9.28,9.12,9.17,14:59:57.761,-9.23,16403200,882500,151055120.0,7385600,9017600,1,68.54,"{'bid': [{'price': 9.22, 'vol': 496}], 'ask': [{'price': 9.23, 'vol': 1300}]}",0000101011010110,0.11%,0.16%,8145536.0,0.00%,0,0,000000000000000000000000000000000000000000000000,3.37%,-22.06%,2833,1.4,601311.SH,,骆驼股份,
MARKET.SH,601298,8.91,9.08,9.08,8.9,9.0,14:59:57.516,-8.91,10324500,41300,92376592.0,5172800,5151800,0,56.75,"{'bid': [{'price': 8.91, 'vol': 472}], 'ask': [{'price': 8.92, 'vol': 57}]}",0001001001010110,-0.10%,0.03%,367712.0,0.00%,0,0,000000000000000000000000000000000000000000000000,1.00%,26.77%,2921,0.19,601298.SH,,青岛港,
MARKET.SH,601288,6.46,6.48,6.52,6.42,6.51,14:59:58.758,-6.46,248319200,5218400,1605902720.0,108012900,140306300,-1,1873.11,"{'bid': [{'price': 6.46, 'vol': 28961}], 'ask': [{'price': 6.47, 'vol': 11721}]}",0000000101010110,-0.14%,0.03%,33710848.0,0.00%,0,0,000000000000000000000000000000000000000000000000,1.94%,47.70%,4627,0.08,601288.SH,,农业银行,
MARKET.SH,601279,3.73,3.71,3.74,3.62,3.7,15:00:00.168,-3.73,9234900,97900,34014524.0,4237400,4997600,0,3.34,"{'bid': [{'price': 3.72, 'vol': 513}], 'ask': [{'price': 3.73, 'vol': 705}]}",0000111100010110,0.27%,0.09%,365176.0,0.00%,0,0,000000000000000000000000000000000000000000000000,1.54%,-38.11%,1587,0.58,601279.SH,,英利汽车,
MARKET.SH,601238,6.34,6.35,6.38,6.22,6.34,14:59:59.161,-6.34,18463800,306400,116403472.0,8367800,10096100,-1,53.09,"{'bid': [{'price': 6.34, 'vol': 2901}], 'ask': [{'price': 6.35, 'vol': 2097}]}",0001000010010110,-0.15%,0.02%,1942584.0,0.00%,0,0,000000000000000000000000000000000000000000000000,1.17%,-15.79%,2972,0.25,601238.SH,,广汽集团,
MARKET.SH,601236,7.0,7.12,7.16,6.96,7.13,14:59:58.564,-7.0,17848100,92400,125124280.0,10523400,7324700,-1,21.57,"{'bid': [{'price': 6.99, 'vol': 1225}], 'ask': [{'price': 7.0, 'vol': 5}]}",0000011001010110,-0.13%,0.02%,646776.0,0.00%,0,0,000000000000000000000000000000000000000000000000,0.60%,11.73%,2874,0.38,601236.SH,,红塔证券,
MARKET.SH,601229,9.08,9.1,9.17,9.03,9.09,14:59:57.455,-9.08,33753300,809000,307022624.0,16404200,17349200,-2,83.54,"{'bid': [{'price': 9.08, 'vol': 3653}], 'ask': [{'price': 9.09, 'vol': 20}]}",0001100010010110,-0.21%,0.01%,7345376.0,0.00%,0,0,000000000000000000000000000000000000000000000000,1.75%,75.73%,3212,0.24,601229.SH,,上海银行,
MARKET.SH,601228,3.09,3.11,3.11,3.07,3.1,14:59:59.971,-3.09,22041500,280000,68112080.0,11261600,10779900,0,15.83,"{'bid': [{'price': 3.09, 'vol': 7681}], 'ask': [{'price': 3.1, 'vol': 1452}]}",0000000000010110,-0.31%,0.08%,865224.0,0.00%,0,0,000000000000000000000000000000000000000000000000,2.30%,3.82%,2365,0.29,601228.SH,,广州港,
MARKET.SH,601226,8.25,8.19,8.28,8.07,8.12,14:59:57.754,-8.25,13578100,116300,111584384.0,6396200,7181900,0,68.39,"{'bid': [{'price': 8.24, 'vol': 665}], 'ask': [{'price': 8.25, 'vol': 275}]}",0000100110010110,0.24%,0.05%,959440.0,0.00%,0,0,000000000000000000000000000000000000000000000000,0.81%,-20.02%,2577,1.17,601226.SH,,华电科工,
MARKET.SH,601222,6.48,6.38,6.54,6.33,6.34,14:59:59.111,-6.48,58604700,1010500,377569920.0,25899500,32705300,-2,366.91,"{'bid': [{'price': 6.47, 'vol': 3110}], 'ask': [{'price': 6.48, 'vol': 3514}]}",0001000101010110,-0.14%,0.21%,6548000.0,0.00%,0,0,000000000000000000000000000000000000000000000000,2.11%,-32.89%,3844,2.87,601222.SH,,林洋能源,
MARKET.SH,601218,5.55,5.42,5.59,5.38,5.41,14:59:59.086,-5.55,31803000,381300,175093680.0,14912900,16890200,-2,127.42,"{'bid': [{'price': 5.55, 'vol': 2096}], 'ask': [{'price': 5.56, 'vol': 583}]}",0001001000010110,-0.17%,0.12%,2116192.0,0.00%,0,0,000000000000000000000000000000000000000000000000,1.33%,-31.65%,3091,3.28,601218.SH,,吉鑫科技,
MARKET.SH,601216,5.43,5.31,5.48,5.31,5.32,14:59:59.489,-5.43,57815100,824500,312742688.0,21870700,35944400,-1,386.83,"{'bid': [{'price': 5.43, 'vol': 6264}], 'ask': [{'price': 5.44, 'vol': 1971}]}",0000101101010110,0.00%,0.07%,4476864.0,0.19%,0,0,000000000000000000000000000000000000000000000000,1.85%,-39.66%,3602,0.69,601216.SH,,君正集团,
MARKET.SH,601212,6.66,6.35,6.73,6.3,6.36,14:59:59.046,-6.66,133677000,1566100,875688448.0,50072500,83604500,-1,393.76,"{'bid': [{'price': 6.66, 'vol': 8047}], 'ask': [{'price': 6.67, 'vol': 5166}]}",0000001001010110,-0.14%,0.12%,10429696.0,0.00%,0,0,000000000000000000000000000000000000000000000000,1.20%,-35.79%,4659,1.81,601212.SH,,白银有色,
MARKET.SH,601200,7.72,7.67,7.75,7.59,7.64,14:59:58.304,-7.72,7853900,132100,60219964.0,3382200,4471700,0,23.85,"{'bid': [{'price': 7.72, 'vol': 243}], 'ask': [{'price': 7.73, 'vol': 323}]}",0000001001010110,0.00%,0.04%,1019744.0,0.00%,0,0,000000000000000000000000000000000000000000000000,1.56%,-36.02%,1694,0.58,601200.SH,,上海环境,
MARKET.SH,601199,5.96,5.85,6.14,5.8,5.84,14:59:58.938,-5.96,16397600,151300,97942624.0,7929900,8467700,-1,43.7,"{'bid': [{'price': 5.96, 'vol': 681}], 'ask': [{'price': 5.97, 'vol': 690}]}",0000110000010110,0.00%,0.09%,901736.0,0.00%,0,0,000000000000000000000000000000000000000000000000,0.88%,1.41%,2179,1.75,601199.SH,,江南水务,
MARKET.SH,601198,13.33,13.54,13.6,13.28,13.5,14:59:55.925,-13.33,25517100,299700,341281888.0,13881900,11635300,2,126.46,"{'bid': [{'price': 13.32, 'vol': 855}], 'ask': [{'price': 13.33, 'vol': 105}]}",0000110011010110,0.23%,0.04%,3995104.0,0.00%,0,0,000000000000000000000000000000000000000000000000,1.41%,64.54%,3389,0.79,601198.SH,,东兴证券,
MARKET.SH,601188,3.22,3.23,3.25,3.18,3.22,15:00:00.474,-3.22,13703900,359300,44117928.0,7436100,6267900,0,31.3,"{'bid': [{'price': 3.21, 'vol': 2018}], 'ask': [{'price': 3.22, 'vol': 174}]}",0000111100010110,0.00%,0.08%,1156924.0,0.00%,0,0,000000000000000000000000000000000000000000000000,1.80%,-7.36%,1184,1.05,601188.SH,,龙江交通,
MARKET.SH,601187,7.24,7.29,7.35,7.21,7.31,14:59:58.477,-7.24,10921900,221400,79554136.0,5396600,5525300,0,23.18,"{'bid': [{'price': 7.23, 'vol': 769}], 'ask': [{'price': 7.24, 'vol': 123}]}",0000000000010110,-0.13%,0.03%,1603224.0,0.00%,0,0,000000000000000000000000000000000000000000000000,1.48%,60.01%,2184,0.41,601187.SH,,厦门银行,
MARKET.SH,601186,6.37,6.43,6.44,6.33,6.42,14:59:59.150,-6.37,54184100,518400,345075328.0,29002000,25182100,0,231.54,"{'bid': [{'price': 6.36, 'vol': 11108}], 'ask': [{'price': 6.37, 'vol': 1669}]}",0000101000010110,0.00%,0.02%,3302304.0,0.00%,0,0,000000000000000000000000000000000000000000000000,0.92%,12.80%,3620,0.47,601186.SH,,中国铁建,
MARKET.SH,601169,5.1,5.12,5.13,5.09,5.12,14:59:58.888,-5.1,80451200,2516400,410608320.0,42478600,37972600,0,280.01,"{'bid': [{'price': 5.1, 'vol': 12785}], 'ask': [{'price': 5.11, 'vol': 9055}]}",0000010011010110,-0.19%,0.03%,12833632.0,0.00%,0,0,000000000000000000000000000000000000000000000000,2.77%,9.40%,3739,0.38,601169.SH,,北京银行,
MARKET.SH,601163,14.56,14.57,14.66,14.39,14.52,14:59:56.922,-14.56,4064600,88400,59043040.0,2087500,1977100,-3,24.33,"{'bid': [{'price': 14.55, 'vol': 35}], 'ask': [{'price': 14.56, 'vol': 643}]}",0000000000010110,-0.20%,0.06%,1287708.0,0.00%,0,0,000000000000000000000000000000000000000000000000,2.08%,-39.45%,2090,0.51,601163.SH,,三角轮胎,
MARKET.SH,601162,3.47,3.56,3.57,3.46,3.55,14:59:59.474,-3.47,131564800,1974700,458597760.0,66695800,64869100,0,187.18,"{'bid': [{'price': 3.47, 'vol': 33269}], 'ask': [{'price': 3.48, 'vol': 1050}]}",0001010110010110,-0.28%,0.09%,6852032.0,0.00%,0,0,000000000000000000000000000000000000000000000000,2.12%,37.19%,4012,1.53,601162.SH,,天风证券,
MARKET.SH,601158,4.24,4.26,4.27,4.22,4.26,14:59:59.557,-4.24,7188500,114000,30473524.0,4240800,2947700,0,15.59,"{'bid': [{'price': 4.23, 'vol': 2686}], 'ask': [{'price': 4.24, 'vol': 366}]}",0000000000010110,0.00%,0.07%,483346.0,0.00%,0,0,000000000000000000000000000000000000000000000000,2.74%,42.30%,1888,0.15,601158.SH,,重庆水务,
MARKET.SH,601155,12.83,13.85,14.01,12.5,13.74,14:59:56.105,-12.83,42121900,1097000,563944576.0,22204600,19917300,0,78.53,"{'bid': [{'price': 12.83, 'vol': 560}], 'ask': [{'price': 12.84, 'vol': 60}]}",0000100011010110,1.66%,0.32%,14075136.0,-0.13%,0,0,000000000000000000000000000000000000000000000000,2.78%,-45.25%,3339,1.87,601155.SH,,新城控股,
MARKET.SH,601139,6.55,6.54,6.56,6.44,6.51,14:59:59.446,-6.55,19963900,315900,129953744.0,10327000,9637000,1,45.85,"{'bid': [{'price': 6.54, 'vol': 1033}], 'ask': [{'price': 6.55, 'vol': 255}]}",0001010001010110,0.15%,0.08%,2069144.0,0.00%,0,0,000000000000000000000000000000000000000000000000,1.44%,-21.99%,2871,0.69,601139.SH,,深圳燃气,
MARKET.SH,601128,7.11,7.17,7.18,7.1,7.16,14:59:58.884,-7.11,40141800,643500,286465824.0,26015500,14126400,-1,25.81,"{'bid': [{'price': 7.11, 'vol': 10683}], 'ask': [{'price': 7.12, 'vol': 137}]}",0001001110010110,-0.13%,0.04%,4575328.0,0.00%,0,0,000000000000000000000000000000000000000000000000,1.42%,64.68%,4048,1.21,601128.SH,,常熟银行,
MARKET.SH,601121,6.96,6.76,7.03,6.74,6.76,14:59:58.578,-6.96,13051000,145000,89812320.0,5707000,7344000,-2,64.29,"{'bid': [{'price': 6.96, 'vol': 43}], 'ask': [{'price': 6.97, 'vol': 70}]}",0000000000010110,-0.28%,0.07%,1009192.0,0.30%,0,0,000000000000000000000000000000000000000000000000,0.95%,-65.75%,2411,1.63,601121.SH,,宝地矿业,
MARKET.SH,601118,6.2,6.45,6.47,6.16,6.41,14:59:58.492,-6.2,69183400,794200,433367360.0,39708100,29475300,2,122.81,"{'bid': [{'price': 6.19, 'vol': 2241}], 'ask': [{'price': 6.2, 'vol': 1142}]}",0000010011010110,0.32%,0.11%,4923968.0,0.00%,0,0,000000000000000000000000000000000000000000000000,1.13%,65.48%,3894,1.62,601118.SH,,海南橡胶,
MARKET.SH,601117,7.91,7.91,7.92,7.79,7.87,14:59:58.596,-7.91,62047600,419300,487312512.0,31341600,30706000,1,380.08,"{'bid': [{'price': 7.9, 'vol': 3174}], 'ask': [{'price': 7.91, 'vol': 3248}]}",0000000000010110,0.00%,0.04%,3316512.0,0.38%,0,0,000000000000000000000000000000000000000000000000,1.05%,-23.89%,3898,1.02,601117.SH,,中国化学,
MARKET.SH,601116,12.17,12.21,12.36,12.09,12.2,14:59:57.062,-12.17,7691200,137300,93895928.0,3887100,3804100,-2,32.36,"{'bid': [{'price': 12.17, 'vol': 214}], 'ask': [{'price': 12.18, 'vol': 276}]}",0000000000010110,-0.07%,0.14%,1670960.0,0.00%,0,0,000000000000000000000000000000000000000000000000,1.81%,-6.59%,2099,1.4,601116.SH,,三江购物,
MARKET.SH,601113,4.33,4.32,4.37,4.26,4.3,15:00:00.408,-4.33,10097600,129700,43460088.0,6000900,4096700,0,2.33,"{'bid': [{'price': 4.33, 'vol': 646}], 'ask': [{'price': 4.34, 'vol': 503}]}",0000000000010110,0.23%,0.04%,561596.0,0.00%,0,0,000000000000000000000000000000000000000000000000,1.46%,-11.14%,1165,0.91,601113.SH,,华鼎股份,
MARKET.SH,601111,6.68,6.78,6.78,6.65,6.77,14:59:59.399,-6.68,88819200,803200,593789312.0,51775200,37044000,-1,271.61,"{'bid': [{'price': 6.68, 'vol': 363}], 'ask': [{'price': 6.69, 'vol': 2745}]}",0000011001010110,-0.14%,0.04%,5365312.0,0.00%,0,0,000000000000000000000000000000000000000000000000,0.84%,72.32%,4006,0.76,601111.SH,,中国国航,
MARKET.SH,601108,7.92,8.11,8.15,7.9,8.04,14:59:57.872,-7.92,53167700,772500,423704832.0,27213400,25954400,1,221.16,"{'bid': [{'price': 7.92, 'vol': 1026}], 'ask': [{'price': 7.93, 'vol': 1508}]}",0000111100010110,0.13%,0.04%,6118240.0,0.00%,0,0,000000000000000000000000000000000000000000000000,1.17%,1.13%,3711,1.14,601108.SH,,财通证券,
MARKET.SH,601107,6.24,6.36,6.36,6.23,6.33,14:59:59.557,-6.24,9831500,142000,61804340.0,4592900,5238600,0,17.36,"{'bid': [{'price': 6.24, 'vol': 23}], 'ask': [{'price': 6.25, 'vol': 188}]}",0000000000010110,-0.15%,0.14%,886060.0,0.00%,0,0,000000000000000000000000000000000000000000000000,3.19%,-21.58%,2161,0.45,601107.SH,,四川成渝,
MARKET.SH,601106,3.95,3.9,3.97,3.83,3.89,14:59:59.662,-3.95,65549700,693700,256740944.0,25706500,39843200,0,112.87,"{'bid': [{'price': 3.95, 'vol': 5337}], 'ask': [{'price': 3.96, 'vol': 3445}]}",0000010001010110,0.00%,0.07%,2740192.0,0.00%,0,0,000000000000000000000000000000000000000000000000,1.45%,-33.08%,3773,0.96,601106.SH,,中国一重,
MARKET.SH,601101,10.25,10.5,10.68,10.08,10.5,14:59:57.034,-10.25,27688600,405900,284683616.0,13630900,14057700,-2,85.58,"{'bid': [{'price': 10.25, 'vol': 174}], 'ask': [{'price': 10.26, 'vol': 74}]}",0000000001010110,-0.28%,0.17%,4160352.0,0.00%,0,0,000000000000000000000000000000000000000000000000,1.54%,61.90%,3610,1.92,601101.SH,,昊华能源,
MARKET.SH,601099,3.5,3.55,3.57,3.46,3.54,14:59:59.464,-3.5,123597800,1069500,431951072.0,61729800,61868100,0,164.54,"{'bid': [{'price': 3.49, 'vol': 14141}], 'ask': [{'price': 3.5, 'vol': 2070}]}",0000111110010110,0.29%,0.05%,3743072.0,0.00%,0,0,000000000000000000000000000000000000000000000000,1.09%,14.12%,3749,1.81,601099.SH,,太平洋,
MARKET.SH,601098,11.08,11.09,11.18,11.02,11.04,14:59:57.095,-11.08,5638800,86000,62633572.0,2515100,3123700,0,32.38,"{'bid': [{'price': 11.08, 'vol': 16}], 'ask': [{'price': 11.09, 'vol': 10}]}",0000100100010110,-0.08%,0.03%,953740.0,0.00%,0,0,000000000000000000000000000000000000000000000000,1.50%,64.86%,2345,0.31,601098.SH,,中南传媒,
MARKET.SH,601096,5.19,5.14,5.24,5.06,5.14,14:59:59.935,-5.19,22625400,446500,117293088.0,9139700,13485700,-1,141.66,"{'bid': [{'price': 5.19, 'vol': 1770}], 'ask': [{'price': 5.2, 'vol': 318}]}",0000011010010110,-0.37%,0.12%,2317368.0,0.00%,0,0,000000000000000000000000000000000000000000000000,1.79%,-9.06%,2653,1.38,601096.SH,,宏盛华源,
MARKET.SH,601086,8.11,8.31,8.39,8.07,8.31,14:59:58.164,-8.11,10230500,159700,83502696.0,5800500,4430000,0,21.19,"{'bid': [{'price': 8.11, 'vol': 565}], 'ask': [{'price': 8.12, 'vol': 820}]}",0000000000010110,0.00%,0.20%,1295184.0,0.00%,0,0,000000000000000000000000000000000000000000000000,1.63%,23.20%,2536,1.54,601086.SH,,国芳集团,
MARKET.SH,601083,11.69,11.69,11.84,11.53,11.65,14:59:56.515,-11.69,6420400,45100,74936312.0,3209700,3210700,0,89.55,"{'bid': [{'price': 11.69, 'vol': 1121}], 'ask': [{'price': 11.71, 'vol': 767}]}",0000101011010110,-0.16%,0.06%,527216.0,0.00%,0,0,000000000000000000000000000000000000000000000000,0.92%,21.92%,2109,3.31,601083.SH,,锦江航运,
MARKET.SH,601077,6.83,6.83,6.85,6.72,6.82,14:59:58.625,-6.83,39094100,287800,265955776.0,18935900,20158200,-1,51.77,"{'bid': [{'price': 6.82, 'vol': 201}], 'ask': [{'price': 6.83, 'vol': 58}]}",0000001011010110,0.15%,0.01%,1965632.0,0.00%,0,0,000000000000000000000000000000000000000000000000,0.87%,-24.18%,3619,0.44,601077.SH,,渝农商行,
MARKET.SH,601068,5.64,5.61,5.71,5.51,5.56,14:59:59.413,-5.64,14504200,249400,81174936.0,6661700,7842500,0,27.04,"{'bid': [{'price': 5.63, 'vol': 1686}], 'ask': [{'price': 5.64, 'vol': 280}]}",0000000000010110,0.18%,0.15%,1406616.0,0.00%,0,0,000000000000000000000000000000000000000000000000,1.44%,8.72%,2916,0.57,601068.SH,,中铝国际,
MARKET.SH,601065,7.82,7.79,7.86,7.72,7.8,14:59:58.988,-7.82,3502500,43900,27282700.0,1955600,1546900,0,19.55,"{'bid': [{'price': 7.82, 'vol': 146}], 'ask': [{'price': 7.83, 'vol': 67}]}",0000100000010110,0.00%,0.02%,343292.0,0.00%,0,0,000000000000000000000000000000000000000000000000,0.77%,-56.26%,801,0.54,601065.SH,,江盐集团,
MARKET.SH,601061,13.62,13.45,13.79,13.31,13.34,14:59:56.540,-13.62,14043400,153900,190117568.0,6119800,7923600,0,42.5,"{'bid': [{'price': 13.62, 'vol': 115}], 'ask': [{'price': 13.63, 'vol': 6}]}",0000000000010110,-0.06%,0.07%,2096192.0,0.00%,0,0,000000000000000000000000000000000000000000000000,1.21%,50.54%,3452,0.29,601061.SH,,中信金属,
MARKET.SH,601058,12.79,12.66,12.87,12.55,12.58,14:59:56.479,-12.79,31191200,368500,397541312.0,15174900,16016300,-1,79.25,"{'bid': [{'price': 12.79, 'vol': 622}], 'ask': [{'price': 12.8, 'vol': 1238}]}",0000101111010110,0.00%,0.03%,4713056.0,0.00%,0,0,000000000000000000000000000000000000000000000000,1.15%,32.81%,3889,0.95,601058.SH,,赛轮轮胎,
MARKET.SH,601038,12.68,12.9,12.9,12.58,12.77,14:59:56.519,-12.68,4894600,56900,62152532.0,2470200,2424400,0,51.73,"{'bid': [{'price': 12.68, 'vol': 465}], 'ask': [{'price': 12.69, 'vol': 60}]}",0000011000010110,-0.07%,0.07%,721500.0,0.00%,0,0,000000000000000000000000000000000000000000000000,1.32%,27.81%,2382,0.67,601038.SH,,一拖股份,
MARKET.SH,601033,14.52,14.76,14.78,14.46,14.68,14:59:55.496,-14.52,4312100,59400,62821192.0,2259200,2053000,0,9.89,"{'bid': [{'price': 14.52, 'vol': 7}], 'ask': [{'price': 14.53, 'vol': 23}]}",0001011110010110,0.00%,0.05%,862488.0,0.00%,0,0,000000000000000000000000000000000000000000000000,1.25%,56.80%,2201,1.8,601033.SH,,永兴股份,
MARKET.SH,601022,8.73,8.87,8.89,8.68,8.89,14:59:57.941,-8.73,15712800,172100,137294736.0,8385200,7327700,1,172.88,"{'bid': [{'price': 8.73, 'vol': 176}], 'ask': [{'price': 8.74, 'vol': 70}]}",0000110011010110,0.23%,0.14%,1502416.0,0.00%,0,0,000000000000000000000000000000000000000000000000,1.04%,70.91%,2565,1.2,601022.SH,,宁波远洋,
MARKET.SH,601019,7.24,7.21,7.26,7.18,7.21,14:59:59.197,-7.24,4747900,99100,34288584.0,2259700,2488200,0,6.63,"{'bid': [{'price': 7.24, 'vol': 299}], 'ask': [{'price': 7.25, 'vol': 81}]}",0000000000010110,0.00%,0.06%,717480.0,0.00%,0,0,000000000000000000000000000000000000000000000000,2.62%,1.04%,2116,0.23,601019.SH,,山东出版,
MARKET.SH,601018,3.61,3.62,3.63,3.59,3.62,14:59:59.784,-3.61,47579600,441700,171685024.0,25752500,21827100,0,66.86,"{'bid': [{'price': 3.61, 'vol': 9265}], 'ask': [{'price': 3.62, 'vol': 10032}]}",0000101001010110,0.00%,0.04%,1594576.0,0.00%,0,0,000000000000000000000000000000000000000000000000,1.38%,26.57%,3276,0.24,601018.SH,,宁波港,
MARKET.SH,601016,4.62,4.5,4.73,4.4,4.5,14:59:59.060,-4.62,330107900,2947600,1515827712.0,140050200,190057800,0,695.79,"{'bid': [{'price': 4.62, 'vol': 19458}], 'ask': [{'price': 4.63, 'vol': 19425}]}",0001001110010110,0.00%,0.26%,13618048.0,0.45%,0,0,000000000000000000000000000000000000000000000000,1.32%,39.79%,4727,5.47,601016.SH,,节能风电,
MARKET.SH,601015,3.54,3.47,3.56,3.45,3.49,15:00:00.882,-3.54,32581300,178200,114084456.0,13883100,18698200,0,144.59,"{'bid': [{'price': 3.53, 'vol': 2678}], 'ask': [{'price': 3.54, 'vol': 6616}]}",0000100000010110,0.00%,0.07%,630800.0,0.29%,0,0,000000000000000000000000000000000000000000000000,0.82%,-47.04%,2376,1.6,601015.SH,,陕西黑猫,
MARKET.SH,601011,2.82,2.75,2.83,2.74,2.75,14:59:59.708,-2.82,25844400,1222100,72142720.0,10507600,15336900,2,22.8,"{'bid': [{'price': 2.81, 'vol': 29}], 'ask': [{'price': 2.82, 'vol': 2148}]}",0000111011010110,0.71%,0.11%,3446304.0,0.00%,0,0,000000000000000000000000000000000000000000000000,2.83%,-14.04%,1819,1.35,601011.SH,,宝泰隆,
MARKET.SH,601009,10.84,10.94,10.94,10.72,10.95,14:59:56.821,-10.84,53480100,563500,579251520.0,27019200,26460900,-2,68.81,"{'bid': [{'price': 10.84, 'vol': 3796}], 'ask': [{'price': 10.85, 'vol': 59}]}",0000101001010110,-0.08%,0.02%,6108864.0,0.00%,0,0,000000000000000000000000000000000000000000000000,0.97%,24.36%,4302,0.43,601009.SH,,南京银行,
MARKET.SH,601008,4.6,4.67,4.68,4.58,4.65,14:59:59.788,-4.6,10236800,226500,47198868.0,6199200,4037600,0,30.45,"{'bid': [{'price': 4.6, 'vol': 988}], 'ask': [{'price': 4.61, 'vol': 2415}]}",0000000001010110,0.00%,0.07%,1041900.0,0.43%,0,0,000000000000000000000000000000000000000000000000,1.60%,-14.52%,1542,0.83,601008.SH,,连云港,
MARKET.SH,601007,7.05,7.08,7.12,6.99,7.07,14:59:58.186,-7.05,5892200,68900,41481320.0,3640400,2251900,0,17.7,"{'bid': [{'price': 7.05, 'vol': 88}], 'ask': [{'price': 7.06, 'vol': 506}]}",0000111100010110,0.00%,0.07%,485752.0,0.00%,0,0,000000000000000000000000000000000000000000000000,1.20%,-33.35%,1527,1.51,601007.SH,,金陵饭店,
MARKET.SH,601006,5.42,5.42,5.44,5.38,5.41,14:59:58.772,-5.42,101421400,1588400,549541120.0,50587600,50833800,-1,181.52,"{'bid': [{'price': 5.42, 'vol': 9165}], 'ask': [{'price': 5.43, 'vol': 1005}]}",0000010010010110,-0.36%,0.03%,8609088.0,0.00%,0,0,000000000000000000000000000000000000000000000000,1.32%,-1.10%,4246,0.5,601006.SH,,大秦铁路,
MARKET.SH,601005,1.33,1.33,1.33,1.31,1.33,15:00:01.008,-1.33,59838400,3335600,79166496.0,32150600,27687800,0,50.85,"{'bid': [{'price': 1.32, 'vol': 103575}], 'ask': [{'price': 1.33, 'vol': 40086}]}",0000000000010110,0.76%,0.07%,4436352.0,0.00%,0,0,000000000000000000000000000000000000000000000000,3.54%,0.28%,2166,0.72,601005.SH,,重庆钢铁,
MARKET.SH,601003,3.75,3.86,3.89,3.71,3.88,14:59:59.374,-3.75,22809000,207300,85626408.0,14012800,8796200,1,85.19,"{'bid': [{'price': 3.75, 'vol': 1444}], 'ask': [{'price': 3.76, 'vol': 1560}]}",0000101011010110,0.27%,0.09%,777368.0,1.05%,0,0,000000000000000000000000000000000000000000000000,0.85%,31.75%,3596,0.89,601003.SH,,柳钢股份,
MARKET.SH,601002,5.33,5.28,5.38,5.23,5.23,14:59:59.165,-5.33,17664300,107000,93838512.0,9069800,8594500,-2,43.51,"{'bid': [{'price': 5.33, 'vol': 1103}], 'ask': [{'price': 5.34, 'vol': 601}]}",0000101101010110,-0.18%,0.08%,570336.0,0.96%,0,0,000000000000000000000000000000000000000000000000,1.15%,-14.94%,2320,1.85,601002.SH,,晋亿实业,
MARKET.SH,601000,4.64,4.64,4.67,4.6,4.63,14:59:59.773,-4.64,40336900,539400,186957696.0,14097300,26239700,0,20.37,"{'bid': [{'price': 4.64, 'vol': 821}], 'ask': [{'price': 4.65, 'vol': 148}]}",0000111110010110,-0.21%,0.05%,2502816.0,0.00%,0,0,000000000000000000000000000000000000000000000000,1.51%,-43.26%,3397,0.68,601000.SH,,唐山港,
MARKET.SH,600998,4.79,4.85,4.85,4.76,4.81,15:00:00.132,-4.79,27222900,312800,130526336.0,15496700,11726300,0,55.78,"{'bid': [{'price': 4.79, 'vol': 27}], 'ask': [{'price': 4.8, 'vol': 1646}]}",0001000010010110,0.00%,0.03%,1498312.0,0.00%,0,0,000000000000000000000000000000000000000000000000,1.07%,38.45%,2957,0.54,600998.SH,,九州通,
MARKET.SH,600997,5.28,5.27,5.33,5.21,5.24,14:59:58.823,-5.28,6592700,105300,34712248.0,2871600,3721100,0,16.81,"{'bid': [{'price': 5.28, 'vol': 832}], 'ask': [{'price': 5.29, 'vol': 20}]}",0000101001010110,-0.18%,0.04%,555980.0,0.96%,0,0,000000000000000000000000000000000000000000000000,1.43%,12.63%,1657,0.42,600997.SH,,开滦股份,
MARKET.SH,600996,8.75,8.96,9.02,8.62,8.89,14:59:57.934,-8.75,39311700,812800,344277824.0,22127600,17184100,0,181.08,"{'bid': [{'price': 8.75, 'vol': 530}], 'ask': [{'price': 8.76, 'vol': 723}]}",0000001000010110,-0.22%,0.27%,7111712.0,0.00%,0,0,000000000000000000000000000000000000000000000000,2.22%,-12.99%,3733,3.15,600996.SH,,贵广网络,
MARKET.SH,600995,14.25,14.11,14.31,13.98,14.11,14:59:55.954,-14.25,18299200,232800,259061744.0,8612300,9687000,0,360.09,"{'bid': [{'price': 14.25, 'vol': 693}], 'ask': [{'price': 14.26, 'vol': 276}]}",0001010110010110,0.00%,0.07%,3317376.0,0.00%,0,0,000000000000000000000000000000000000000000000000,1.37%,-0.99%,3621,0.57,600995.SH,,南网储能,
MARKET.SH,600992,12.26,12.11,12.45,11.9,12.09,14:59:56.310,-12.26,12191400,317600,148728672.0,6210400,5981000,-2,84.29,"{'bid': [{'price': 12.26, 'vol': 31}], 'ask': [{'price': 12.27, 'vol': 74}]}",0000000000010110,0.00%,0.34%,3893760.0,0.00%,0,0,000000000000000000000000000000000000000000000000,2.60%,28.19%,2740,4.97,600992.SH,,贵绳股份,
MARKET.SH,600987,6.65,6.69,6.73,6.6,6.59,14:59:59.050,-6.65,8908800,8800,59362256.0,4908000,4000900,0,97.14,"{'bid': [{'price': 6.64, 'vol': 76}], 'ask': [{'price': 6.65, 'vol': 357}]}",0001001100010110,0.00%,0.01%,58512.0,0.00%,0,0,000000000000000000000000000000000000000000000000,0.33%,28.53%,1528,0.87,600987.SH,,XD航民股,
MARKET.SH,600986,9.43,9.44,9.5,9.21,9.44,14:59:57.329,-9.43,65560800,1109900,613545920.0,34077300,31483500,0,254.12,"{'bid': [{'price': 9.42, 'vol': 7417}], 'ask': [{'price': 9.43, 'vol': 4981}]}",0000101000010110,0.21%,0.18%,10466304.0,0.00%,0,0,000000000000000000000000000000000000000000000000,1.68%,20.77%,4459,4.41,600986.SH,,浙文互联,
MARKET.SH,600985,12.85,13.0,13.08,12.66,13.0,14:59:57.178,-12.85,12255900,141600,157368192.0,6141500,6114400,-1,54.6,"{'bid': [{'price': 12.84, 'vol': 48}], 'ask': [{'price': 12.85, 'vol': 39}]}",0000000000010110,0.31%,0.04%,1819600.0,0.00%,0,0,000000000000000000000000000000000000000000000000,1.67%,-5.36%,3032,0.46,600985.SH,,淮北矿业,
MARKET.SH,600984,4.92,4.85,5.08,4.69,4.92,14:59:58.952,-4.92,69247300,1075400,336152544.0,35064300,34183100,-2,342.41,"{'bid': [{'price': 4.92, 'vol': 2347}], 'ask': [{'price': 4.93, 'vol': 366}]}",0001011001010110,0.00%,0.28%,5290912.0,1.46%,0,0,000000000000000000000000000000000000000000000000,1.51%,21.82%,3104,5.51,600984.SH,,建设机械,
MARKET.SH,600983,8.85,8.86,8.92,8.72,8.85,14:59:58.258,-8.85,3027300,86700,26686776.0,1550100,1477300,-1,24.63,"{'bid': [{'price': 8.85, 'vol': 707}], 'ask': [{'price': 8.86, 'vol': 128}]}",0001001010010110,-0.10%,0.07%,767292.0,0.00%,0,0,000000000000000000000000000000000000000000000000,1.78%,-7.06%,1209,0.39,600983.SH,,惠而浦,
MARKET.SH,600982,6.14,6.1,6.14,5.97,6.07,14:59:59.593,-6.14,40966400,575100,248960896.0,21074000,19892400,1,89.37,"{'bid': [{'price': 6.13, 'vol': 3914}], 'ask': [{'price': 6.14, 'vol': 1052}]}",0000000011010110,0.16%,0.23%,3531088.0,0.00%,0,0,000000000000000000000000000000000000000000000000,1.47%,12.39%,3277,3.67,600982.SH,,宁波能源,
MARKET.SH,600981,2.58,2.58,2.6,2.53,2.56,14:59:59.795,-2.58,18235900,115500,46761804.0,7867100,10368800,0,21.21,"{'bid': [{'price': 2.57, 'vol': 2129}], 'ask': [{'price': 2.58, 'vol': 581}]}",0000000000010110,0.39%,0.05%,298020.0,0.39%,0,0,000000000000000000000000000000000000000000000000,0.95%,-40.48%,1709,0.81,600981.SH,,苏豪汇鸿,
MARKET.SH,600979,4.64,4.56,4.67,4.5,4.56,14:59:59.053,-4.64,35894400,360200,165229344.0,17521400,18373100,0,23.3,"{'bid': [{'price': 4.63, 'vol': 942}], 'ask': [{'price': 4.64, 'vol': 1640}]}",0001010000010110,0.22%,0.14%,1671360.0,0.00%,0,0,000000000000000000000000000000000000000000000000,1.51%,-24.74%,3054,2.89,600979.SH,,广安爱众,
MARKET.SH,600977,14.8,14.67,14.82,14.35,14.56,14:59:55.396,-14.8,35711400,436900,522876512.0,18449900,17261600,2,226.65,"{'bid': [{'price': 14.79, 'vol': 714}], 'ask': [{'price': 14.8, 'vol': 1177}]}",0001000101010110,0.14%,0.16%,6466240.0,-0.06%,0,0,000000000000000000000000000000000000000000000000,1.32%,-32.31%,4133,1.91,600977.SH,,中国电影,
MARKET.SH,600975,5.27,5.3,5.38,5.24,5.3,14:59:58.826,-5.27,10242800,147200,54154392.0,5603900,4638900,0,27.61,"{'bid': [{'price': 5.27, 'vol': 139}], 'ask': [{'price': 5.28, 'vol': 701}]}",0000000000010110,-0.18%,0.04%,775736.0,0.00%,0,0,000000000000000000000000000000000000000000000000,1.37%,-6.92%,1891,0.82,600975.SH,,新五丰,
MARKET.SH,600973,7.18,6.96,7.22,6.93,6.89,14:59:58.859,-7.18,30314400,270800,215688560.0,14081000,16233500,-1,57.63,"{'bid': [{'price': 7.17, 'vol': 451}], 'ask': [{'price': 7.18, 'vol': 592}]}",0001011001010110,0.00%,0.09%,1944336.0,0.43%,0,0,000000000000000000000000000000000000000000000000,1.13%,-64.50%,3275,2.21,600973.SH,,宝胜股份,
MARKET.SH,600971,7.26,7.41,7.41,7.22,7.3,14:59:59.190,-7.26,12929900,181700,94218144.0,6509500,6420500,0,55.72,"{'bid': [{'price': 7.25, 'vol': 2997}], 'ask': [{'price': 7.26, 'vol': 40}]}",0000110111010110,-0.26%,0.09%,1319152.0,0.00%,0,0,000000000000000000000000000000000000000000000000,1.90%,70.43%,3236,1.08,600971.SH,,恒源煤电,
MARKET.SH,600970,8.57,8.52,8.59,8.47,8.47,14:59:58.358,-8.57,14979000,208900,127839184.0,7838400,7140700,0,21.56,"{'bid': [{'price': 8.57, 'vol': 100}], 'ask': [{'price': 8.58, 'vol': 435}]}",0001010110010110,0.00%,0.03%,1790224.0,0.00%,0,0,000000000000000000000000000000000000000000000000,1.22%,-6.06%,2704,0.57,600970.SH,,中材国际,
MARKET.SH,600969,10.32,10.16,10.42,10.09,10.16,14:59:57.368,-10.32,9262300,213000,94753752.0,4631200,4631200,-1,37.29,"{'bid': [{'price': 10.32, 'vol': 382}], 'ask': [{'price': 10.33, 'vol': 54}]}",0001100000010110,-0.09%,0.12%,2198184.0,0.00%,0,0,000000000000000000000000000000000000000000000000,1.67%,27.00%,2276,2.5,600969.SH,,郴电国际,
MARKET.SH,600968,4.17,4.07,4.19,4.03,4.07,14:59:59.582,-4.17,60506900,1002100,248321008.0,20617900,39889000,0,154.21,"{'bid': [{'price': 4.16, 'vol': 5261}], 'ask': [{'price': 4.17, 'vol': 907}]}",0000001110010110,0.00%,0.10%,4178704.0,0.25%,0,0,000000000000000000000000000000000000000000000000,1.44%,-46.52%,2914,0.6,600968.SH,,海油发展,
MARKET.SH,600967,13.31,13.38,13.43,13.26,13.37,14:59:55.932,-13.31,11292300,157800,150452704.0,6221600,5070700,0,62.08,"{'bid': [{'price': 13.31, 'vol': 1903}], 'ask': [{'price': 13.32, 'vol': 536}]}",0000100000010110,0.00%,0.05%,2100304.0,0.00%,0,0,000000000000000000000000000000000000000000000000,1.50%,29.44%,3136,0.66,600967.SH,,内蒙一机,
MARKET.SH,600966,5.88,5.85,5.91,5.77,5.81,14:59:59.687,-5.88,7301700,24500,42664340.0,3126300,4175500,1,16.09,"{'bid': [{'price': 5.87, 'vol': 520}], 'ask': [{'price': 5.88, 'vol': 343}]}",0001010000010110,0.00%,0.02%,144068.0,0.00%,0,0,000000000000000000000000000000000000000000000000,1.00%,-31.54%,1806,0.55,600966.SH,,博汇纸业,
MARKET.SH,600963,4.17,4.21,4.22,4.15,4.2,14:59:59.942,-4.17,20985700,294000,87783096.0,11542500,9443200,0,9.26,"{'bid': [{'price': 4.17, 'vol': 1418}], 'ask': [{'price': 4.18, 'vol': 1014}]}",0000101000010110,0.00%,0.05%,1225968.0,0.00%,0,0,000000000000000000000000000000000000000000000000,1.24%,13.05%,2737,1.19,600963.SH,,岳阳林纸,
MARKET.SH,600960,4.66,4.69,4.7,4.56,4.65,15:00:00.210,-4.66,12194100,254600,56619336.0,5916100,6278000,-1,18.1,"{'bid': [{'price': 4.66, 'vol': 923}], 'ask': [{'price': 4.67, 'vol': 47}]}",0000000000010110,-0.20%,0.08%,1186444.0,0.00%,0,0,000000000000000000000000000000000000000000000000,1.61%,9.30%,1784,1.28,600960.SH,,渤海汽车,
MARKET.SH,600959,3.79,3.85,3.86,3.78,3.82,14:59:59.359,-3.79,47015600,1017500,179314496.0,27166100,19849500,0,169.52,"{'bid': [{'price': 3.79, 'vol': 4273}], 'ask': [{'price': 3.8, 'vol': 1053}]}",0000010100010110,0.00%,0.10%,3856272.0,0.00%,0,0,000000000000000000000000000000000000000000000000,2.62%,31.18%,2652,0.94,600959.SH,,江苏有线,
MARKET.SH,600958,9.58,9.65,9.72,9.49,9.65,14:59:57.995,-9.58,69658500,692400,666535424.0,36124600,33534000,1,547.83,"{'bid': [{'price': 9.57, 'vol': 1577}], 'ask': [{'price': 9.58, 'vol': 1360}]}",0000111010010110,0.21%,0.03%,6633472.0,0.00%,0,0,000000000000000000000000000000000000000000000000,1.21%,35.65%,3934,0.93,600958.SH,,东方证券,
MARKET.SH,600956,8.45,8.73,8.74,8.32,8.57,14:59:58.042,-8.45,17462200,191100,147621408.0,9030300,8431900,0,67.31,"{'bid': [{'price': 8.44, 'vol': 950}], 'ask': [{'price': 8.45, 'vol': 1098}]}",0000011101010110,0.24%,0.23%,1614768.0,0.00%,0,0,000000000000000000000000000000000000000000000000,1.85%,37.28%,3172,0.74,600956.SH,,新天绿能,
MARKET.SH,600939,2.79,2.73,2.8,2.7,2.74,15:00:00.732,-2.79,12288800,277200,33768948.0,6202300,6086500,0,37.07,"{'bid': [{'price': 2.79, 'vol': 4192}], 'ask': [{'price': 2.8, 'vol': 1423}]}",0000000000010110,0.36%,0.18%,773386.0,0.00%,0,0,000000000000000000000000000000000000000000000000,3.54%,57.48%,1417,0.65,600939.SH,,重庆建工,
MARKET.SH,600936,5.78,5.74,5.93,5.52,5.79,14:59:59.363,-5.78,233891400,2704100,1329742976.0,112529200,121362300,-1,2956.04,"{'bid': [{'price': 5.78, 'vol': 4216}], 'ask': [{'price': 5.79, 'vol': 2234}]}",0001000101010110,-0.33%,0.71%,15629184.0,-0.85%,0,0,000000000000000000000000000000000000000000000000,1.62%,2.81%,4568,14.0,600936.SH,,北投科技,
MARKET.SH,600935,2.45,2.44,2.46,2.41,2.44,14:59:59.842,-2.45,20157900,225500,49119740.0,10662700,9495200,0,20.01,"{'bid': [{'price': 2.45, 'vol': 149}], 'ask': [{'price': 2.46, 'vol': 10992}]}",0000000000010110,0.00%,0.03%,552476.0,0.00%,0,0,000000000000000000000000000000000000000000000000,1.20%,48.32%,1503,0.57,600935.SH,,华塑股份,
MARKET.SH,600930,6.05,6.04,6.09,6.03,6.04,14:59:58.546,-6.05,89489600,1243400,542350784.0,45241300,44248300,-1,322.6,"{'bid': [{'price': 6.05, 'vol': 39105}], 'ask': [{'price': 6.06, 'vol': 5033}]}",0000010000010110,0.00%,0.09%,7522432.0,0.00%,0,0,000000000000000000000000000000000000000000000000,1.53%,16.04%,4401,2.77,600930.SH,,华电新能,
MARKET.SH,600929,6.08,6.01,6.2,5.93,5.9,14:59:58.535,-6.08,27443700,281400,167264000.0,12211300,15232400,-1,195.02,"{'bid': [{'price': 6.08, 'vol': 1112}], 'ask': [{'price': 6.09, 'vol': 211}]}",0000000000010110,-0.15%,0.10%,1710880.0,2.04%,0,0,000000000000000000000000000000000000000000000000,1.06%,31.73%,3095,1.67,600929.SH,,雪天盐业,
MARKET.SH,600928,3.56,3.59,3.6,3.55,3.59,14:59:59.802,-3.56,20466700,911400,73146184.0,10830700,9636000,0,23.05,"{'bid': [{'price': 3.56, 'vol': 8717}], 'ask': [{'price': 3.57, 'vol': 251}]}",0000010000010110,-0.27%,0.12%,3244552.0,0.00%,0,0,000000000000000000000000000000000000000000000000,3.72%,6.18%,2223,0.46,600928.SH,,西安银行,
MARKET.SH,600927,14.26,14.52,14.58,14.14,14.47,14:59:55.950,-14.26,7625400,98600,109007448.0,4474100,3151300,1,74.2,"{'bid': [{'price': 14.25, 'vol': 274}], 'ask': [{'price': 14.26, 'vol': 1697}]}",0000000000010110,0.07%,0.10%,1406056.0,0.00%,0,0,000000000000000000000000000000000000000000000000,1.39%,-15.74%,2728,0.52,600927.SH,,永安期货,
MARKET.SH,600925,4.56,4.55,4.58,4.52,4.56,15:00:00.270,-4.56,10165800,63800,46149416.0,4782600,5383200,-1,11.38,"{'bid': [{'price': 4.56, 'vol': 129}], 'ask': [{'price': 4.57, 'vol': 227}]}",0000011100010110,-0.21%,0.03%,290928.0,0.00%,0,0,000000000000000000000000000000000000000000000000,1.87%,23.32%,1847,0.63,600925.SH,,苏能股份,
MARKET.SH,600919,11.13,11.26,11.27,11.08,11.29,14:59:56.717,-11.13,105347300,948600,1175273600.0,57847500,47499800,-1,280.94,"{'bid': [{'price': 11.13, 'vol': 6235}], 'ask': [{'price': 11.14, 'vol': 3187}]}",0000011000010110,0.09%,0.02%,10557696.0,-0.08%,0,0,000000000000000000000000000000000000000000000000,1.05%,4.39%,4579,0.57,600919.SH,,江苏银行,
MARKET.SH,600918,5.64,5.73,5.74,5.63,5.72,14:59:59.053,-5.64,22766500,435700,128733320.0,12356900,10409600,-1,25.04,"{'bid': [{'price': 5.64, 'vol': 6160}], 'ask': [{'price': 5.65, 'vol': 417}]}",0000100110010110,0.00%,0.03%,2457368.0,0.00%,0,0,000000000000000000000000000000000000000000000000,1.63%,68.74%,2695,0.58,600918.SH,,中泰证券,
MARKET.SH,600917,5.46,5.37,5.52,5.36,5.39,14:59:58.758,-5.46,10523600,239400,57498232.0,4832700,5690900,-1,44.09,"{'bid': [{'price': 5.46, 'vol': 1015}], 'ask': [{'price': 5.47, 'vol': 934}]}",0000000001010110,0.00%,0.04%,1307132.0,0.00%,0,0,000000000000000000000000000000000000000000000000,1.43%,-56.69%,1472,0.67,600917.SH,,重庆燃气,
MARKET.SH,600916,8.18,8.11,8.25,8.03,8.08,14:59:57.779,-8.18,24706100,289700,201661248.0,10106200,14599900,0,85.16,"{'bid': [{'price': 8.18, 'vol': 487}], 'ask': [{'price': 8.19, 'vol': 307}]}",0000101010010110,-0.11%,0.11%,2369760.0,0.12%,0,0,000000000000000000000000000000000000000000000000,1.67%,4.00%,3611,1.47,600916.SH,,中国黄金,
MARKET.SH,600909,7.32,7.21,7.51,7.04,7.12,14:59:58.808,-7.32,373769300,3503800,2708517376.0,183161200,190608200,-4,7340.14,"{'bid': [{'price': 7.32, 'vol': 2512}], 'ask': [{'price': 7.33, 'vol': 172}]}",0001011100010110,-0.26%,0.25%,25647360.0,-0.82%,0,0,000000000000000000000000000000000000000000000000,0.91%,41.54%,4702,7.44,600909.SH,,华安证券,
MARKET.SH,600908,5.46,5.51,5.51,5.45,5.51,14:59:59.118,-5.46,10651100,380300,58306444.0,6381300,4269800,-2,28.71,"{'bid': [{'price': 5.46, 'vol': 1674}], 'ask': [{'price': 5.47, 'vol': 89}]}",0000000000010110,-0.17%,0.03%,2076448.0,0.00%,0,0,000000000000000000000000000000000000000000000000,2.15%,23.32%,2371,0.53,600908.SH,,无锡银行,
MARKET.SH,600906,6.26,6.45,6.45,6.25,6.39,14:59:58.830,-6.26,37676200,547400,237563312.0,20383800,17292400,0,158.15,"{'bid': [{'price': 6.26, 'vol': 2790}], 'ask': [{'price': 6.27, 'vol': 1390}]}",0000000000010110,0.00%,0.08%,3426784.0,0.00%,0,0,000000000000000000000000000000000000000000000000,1.38%,41.28%,3342,1.77,600906.SH,,财达证券,
MARKET.SH,600905,4.11,4.09,4.12,4.08,4.09,14:59:59.964,-4.11,111317600,1347900,456546816.0,52588500,58729100,1,824.75,"{'bid': [{'price': 4.1, 'vol': 63509}], 'ask': [{'price': 4.11, 'vol': 6405}]}",0000100000010110,0.00%,0.02%,5539808.0,0.00%,0,0,000000000000000000000000000000000000000000000000,1.27%,16.40%,4070,0.39,600905.SH,,三峡能源,
MARKET.SH,600903,10.42,9.65,10.64,9.6,9.99,14:59:56.972,-10.42,132289800,1296200,1365943808.0,62185400,70104500,-2,1188.3,"{'bid': [{'price': 10.41, 'vol': 417}], 'ask': [{'price': 10.42, 'vol': 12}]}",0001100001010110,-0.37%,0.77%,13506560.0,0.52%,0,0,000000000000000000000000000000000000000000000000,1.10%,17.76%,4661,11.5,600903.SH,,贵州燃气,
MARKET.SH,600901,6.31,6.45,6.46,6.28,6.4,14:59:59.172,-6.31,29696300,280000,188495216.0,14458700,15237700,1,54.76,"{'bid': [{'price': 6.31, 'vol': 310}], 'ask': [{'price': 6.32, 'vol': 616}]}",0001001110010110,0.00%,0.02%,1767040.0,0.00%,0,0,000000000000000000000000000000000000000000000000,0.78%,21.83%,3118,0.51,600901.SH,,江苏金租,
MARKET.SH,600897,14.64,14.67,14.76,14.59,14.67,14:59:56.533,-14.64,1769900,62900,25951864.0,852300,917600,-1,10.12,"{'bid': [{'price': 14.63, 'vol': 113}], 'ask': [{'price': 14.64, 'vol': 281}]}",0000010101010110,0.00%,0.06%,920848.0,0.00%,0,0,000000000000000000000000000000000000000000000000,2.17%,9.29%,1142,0.42,600897.SH,,厦门空港,
MARKET.SH,600894,8.37,8.16,8.4,8.16,8.15,14:59:58.070,-8.37,8723700,128300,72140296.0,4018900,4704900,-1,51.41,"{'bid': [{'price': 8.36, 'vol': 100}], 'ask': [{'price': 8.37, 'vol': 10}]}",0001010100010110,-0.35%,0.15%,1073872.0,0.00%,0,0,000000000000000000000000000000000000000000000000,3.10%,-79.76%,2563,1.03,600894.SH,,广日股份,
MARKET.SH,600888,10.31,9.37,10.31,9.33,9.37,14:59:57.012,-10.31,100973000,205700,1002045440.0,52677900,48295200,0,245.59,"{'bid': [{'price': 10.31, 'vol': 75532}], 'ask': [{'price': 0.0, 'vol': 0}]}",0000110100010110,0.00%,0.06%,2120256.0,0.00%,0,0,000000000000000000000000000000000000000000000000,0.27%,0.00%,3895,6.5,600888.SH,,新疆众和,
MARKET.SH,600886,13.35,13.31,13.39,13.08,13.28,14:59:56.638,-13.35,34227900,328400,453121568.0,14787600,19440300,0,146.14,"{'bid': [{'price': 13.34, 'vol': 4}], 'ask': [{'price': 13.35, 'vol': 737}]}",0000101001010110,0.07%,0.04%,4384128.0,0.00%,0,0,000000000000000000000000000000000000000000000000,1.15%,-48.25%,3994,0.46,600886.SH,,国投电力,
MARKET.SH,600884,14.88,14.5,14.95,14.29,14.46,14:59:55.727,-14.88,80140400,731200,1176507776.0,36762500,43377900,0,570.14,"{'bid': [{'price': 14.87, 'vol': 801}], 'ask': [{'price': 14.88, 'vol': 2059}]}",0000101101010110,0.13%,0.11%,10880640.0,0.07%,0,0,000000000000000000000000000000000000000000000000,1.14%,-24.15%,4590,4.37,600884.SH,,杉杉股份,
MARKET.SH,600883,9.15,8.99,9.25,8.82,8.95,14:59:58.150,-9.15,4789400,45400,43281232.0,2251300,2538100,3,51.6,"{'bid': [{'price': 9.14, 'vol': 45}], 'ask': [{'price': 9.15, 'vol': 2}]}",0000000101010110,0.11%,0.08%,415400.0,0.00%,0,0,000000000000000000000000000000000000000000000000,1.05%,-36.44%,2024,2.03,600883.SH,,博闻科技,
MARKET.SH,600881,1.49,1.45,1.5,1.43,1.44,15:00:00.312,-1.49,37015500,628500,54011860.0,15738600,21276900,0,19.01,"{'bid': [{'price': 1.48, 'vol': 10213}], 'ask': [{'price': 1.49, 'vol': 16863}]}",0000010100010110,0.68%,0.05%,936476.0,0.00%,0,0,000000000000000000000000000000000000000000000000,1.95%,2.99%,1745,1.15,600881.SH,,亚泰集团,
MARKET.SH,600880,4.66,4.7,4.73,4.6,4.68,14:59:59.046,-4.66,21757000,177500,101008280.0,11382500,10374600,0,17.34,"{'bid': [{'price': 4.65, 'vol': 519}], 'ask': [{'price': 4.66, 'vol': 2983}]}",0001001100010110,0.43%,0.10%,827128.0,0.00%,0,0,000000000000000000000000000000000000000000000000,1.59%,-14.41%,2257,1.99,600880.SH,,博瑞传播,
MARKET.SH,600876,8.95,8.65,8.99,8.61,8.65,14:59:57.862,-8.95,5831800,24900,51436520.0,2604300,3227500,0,104.41,"{'bid': [{'price': 8.93, 'vol': 60}], 'ask': [{'price': 8.95, 'vol': 981}]}",0000110001010110,0.22%,0.09%,222860.0,0.00%,0,0,000000000000000000000000000000000000000000000000,1.15%,-70.01%,1855,1.47,600876.SH,,凯盛新能,
MARKET.SH,600874,5.88,5.87,5.91,5.81,5.87,14:59:59.327,-5.88,8353500,22800,48984504.0,4245700,4107900,-1,20.55,"{'bid': [{'price': 5.88, 'vol': 533}], 'ask': [{'price': 5.89, 'vol': 609}]}",0001011010010110,0.00%,0.01%,134060.0,0.00%,0,0,000000000000000000000000000000000000000000000000,0.36%,-20.70%,1597,0.68,600874.SH,,创业环保,
MARKET.SH,600873,9.57,9.52,9.63,9.42,9.51,14:59:57.638,-9.57,20942700,284000,199670976.0,10037800,10905000,0,29.42,"{'bid': [{'price': 9.57, 'vol': 1316}], 'ask': [{'price': 9.58, 'vol': 53}]}",0001100011010110,-0.09%,0.04%,2717840.0,0.00%,0,0,000000000000000000000000000000000000000000000000,1.52%,-24.19%,3084,0.75,600873.SH,,梅花生物,
MARKET.SH,600871,2.44,2.42,2.46,2.37,2.4,14:59:59.845,-2.44,128443700,1393900,310552672.0,52310800,76133000,-1,250.66,"{'bid': [{'price': 2.44, 'vol': 9261}], 'ask': [{'price': 2.45, 'vol': 25934}]}",0001011111010110,-0.40%,0.10%,3401152.0,0.00%,0,0,000000000000000000000000000000000000000000000000,1.37%,-33.85%,4073,0.95,600871.SH,,石化油服,
MARKET.SH,600868,3.28,3.29,3.31,3.2,3.29,14:59:59.543,-3.28,53719800,371300,174533312.0,26609900,27110000,0,78.3,"{'bid': [{'price': 3.27, 'vol': 14944}], 'ask': [{'price': 3.28, 'vol': 997}]}",0001010110010110,0.31%,0.06%,1217792.0,-0.29%,0,0,000000000000000000000000000000000000000000000000,0.86%,22.93%,3207,2.83,600868.SH,,梅雁吉祥,
MARKET.SH,600867,8.42,8.4,8.45,8.34,8.39,14:59:58.052,-8.42,21809400,200500,183233840.0,9994800,11814600,0,235.37,"{'bid': [{'price': 8.41, 'vol': 3978}], 'ask': [{'price': 8.42, 'vol': 498}]}",0000000000010110,0.00%,0.05%,1688240.0,0.00%,0,0,000000000000000000000000000000000000000000000000,1.25%,-1.16%,3302,1.11,600867.SH,,通化东宝,
MARKET.SH,600866,5.38,5.41,5.44,5.36,5.39,14:59:58.787,-5.38,12269600,212500,66201584.0,6242700,6026900,0,15.69,"{'bid': [{'price': 5.38, 'vol': 993}], 'ask': [{'price': 5.39, 'vol': 2742}]}",0000101100010110,0.00%,0.04%,1143264.0,0.00%,0,0,000000000000000000000000000000000000000000000000,1.57%,14.81%,1853,0.98,600866.SH,,星湖科技,
MARKET.SH,600865,10.39,10.35,10.5,10.3,10.32,14:59:57.343,-10.39,4690900,52000,48735264.0,2387400,2303500,0,15.42,"{'bid': [{'price': 10.39, 'vol': 14}], 'ask': [{'price': 10.4, 'vol': 128}]}",0000001010010110,-0.09%,0.12%,540272.0,0.00%,0,0,000000000000000000000000000000000000000000000000,1.73%,-44.44%,1872,1.25,600865.SH,,百大集团,
MARKET.SH,600864,5.56,5.65,5.7,5.53,5.66,14:59:59.442,-5.56,29657500,391900,165478976.0,17676000,11981500,0,113.45,"{'bid': [{'price': 5.56, 'vol': 1543}], 'ask': [{'price': 5.57, 'vol': 501}]}",0000010111010110,0.00%,0.07%,2178976.0,0.00%,0,0,000000000000000000000000000000000000000000000000,1.31%,22.99%,2587,1.43,600864.SH,,哈投股份,
MARKET.SH,600863,5.39,5.32,5.75,5.19,5.58,14:59:58.783,-5.39,300951300,4802900,1634095232.0,160796700,140154600,-1,2420.65,"{'bid': [{'price': 5.39, 'vol': 7727}], 'ask': [{'price': 5.4, 'vol': 5183}]}",0000010001010110,-0.54%,0.33%,25887488.0,-0.55%,0,0,000000000000000000000000000000000000000000000000,1.60%,15.10%,4708,4.61,600863.SH,,华能蒙电,
MARKET.SH,600861,14.7,14.77,14.85,14.63,14.76,14:59:56.152,-14.7,1443000,29900,21275528.0,737600,705400,-4,20.38,"{'bid': [{'price': 14.69, 'vol': 72}], 'ask': [{'price': 14.7, 'vol': 17}]}",0000000000010110,-0.33%,0.02%,439524.0,0.00%,0,0,000000000000000000000000000000000000000000000000,1.32%,6.92%,1302,0.39,600861.SH,,北京人力,
MARKET.SH,600860,10.29,10.29,10.38,10.15,10.23,14:59:58.099,-10.29,5649100,100400,58092832.0,3053600,2595500,-1,37.25,"{'bid': [{'price': 10.29, 'vol': 1390}], 'ask': [{'price': 10.3, 'vol': 392}]}",0000000001010110,0.00%,0.12%,1033136.0,0.00%,0,0,000000000000000000000000000000000000000000000000,2.15%,31.53%,1612,1.27,600860.SH,,京城股份,
MARKET.SH,600859,10.76,11.01,11.05,10.76,10.98,14:59:56.850,-10.76,15500300,411400,168277488.0,8817900,6682500,-1,50.32,"{'bid': [{'price': 10.75, 'vol': 793}], 'ask': [{'price': 10.76, 'vol': 1048}]}",0000110011010110,-0.27%,0.09%,4425872.0,0.00%,0,0,000000000000000000000000000000000000000000000000,2.04%,-62.29%,2591,1.38,600859.SH,,王府井,
MARKET.SH,600858,5.29,5.28,5.34,5.21,5.25,14:59:59.899,-5.29,6093900,32300,32148916.0,3182900,2911100,0,20.28,"{'bid': [{'price': 5.29, 'vol': 744}], 'ask': [{'price': 5.3, 'vol': 357}]}",0001000110010110,0.00%,0.03%,170882.0,0.57%,0,0,000000000000000000000000000000000000000000000000,0.61%,-17.21%,1473,1.18,600858.SH,,银座股份,
MARKET.SH,600857,14.25,14.26,14.45,13.67,14.25,14:59:55.594,-14.25,12046800,424500,169298720.0,6412900,5633900,-4,256.68,"{'bid': [{'price': 14.24, 'vol': 24}], 'ask': [{'price': 14.25, 'vol': 87}]}",0000010010010110,-0.13%,0.56%,6049152.0,1.49%,0,0,000000000000000000000000000000000000000000000000,3.19%,-40.99%,2938,5.37,600857.SH,,宁波中百,
MARKET.SH,600854,5.26,5.24,5.3,5.1,5.23,14:59:59.550,-5.26,16241000,217400,84287488.0,7424800,8816200,1,76.82,"{'bid': [{'price': 5.26, 'vol': 174}], 'ask': [{'price': 5.27, 'vol': 1985}]}",0000000001010110,0.19%,0.13%,1143560.0,0.00%,0,0,000000000000000000000000000000000000000000000000,1.41%,-58.06%,2125,3.13,600854.SH,,春兰股份,
MARKET.SH,600853,3.7,3.77,3.79,3.67,3.77,15:00:00.186,-3.7,16011200,211000,59317380.0,9488400,6522900,-1,73.4,"{'bid': [{'price': 3.7, 'vol': 3051}], 'ask': [{'price': 3.71, 'vol': 19}]}",0001010110010110,0.00%,0.13%,780660.0,0.27%,0,0,000000000000000000000000000000000000000000000000,2.24%,48.90%,1631,1.58,600853.SH,,龙建股份,
MARKET.SH,600851,7.27,7.38,7.42,7.25,7.34,14:59:58.106,-7.27,8368800,65900,61214936.0,4247400,4121400,-1,17.86,"{'bid': [{'price': 7.27, 'vol': 117}], 'ask': [{'price': 7.28, 'vol': 204}]}",0000000000010110,-0.13%,0.03%,479112.0,0.00%,0,0,000000000000000000000000000000000000000000000000,0.92%,42.88%,1834,1.13,600851.SH,,海欣股份,
MARKET.SH,600848,8.71,8.74,8.82,8.62,8.71,14:59:57.948,-8.71,15708100,202900,136847072.0,7800800,7907400,-1,47.02,"{'bid': [{'price': 8.71, 'vol': 426}], 'ask': [{'price': 8.72, 'vol': 71}]}",0001001000010110,-0.10%,0.05%,1767232.0,0.23%,0,0,000000000000000000000000000000000000000000000000,1.06%,17.29%,2661,0.66,600848.SH,,上海临港,
MARKET.SH,600846,12.15,12.3,12.4,12.1,12.25,14:59:56.710,-12.15,3155000,10500,38439048.0,1630200,1524900,0,1.11,"{'bid': [{'price': 12.15, 'vol': 215}], 'ask': [{'price': 12.16, 'vol': 25}]}",0001100000010110,-0.15%,0.01%,127588.0,0.00%,0,0,000000000000000000000000000000000000000000000000,0.58%,61.73%,1153,0.5,600846.SH,,同济科技,
MARKET.SH,600844,3.21,3.16,3.22,3.11,3.13,15:00:01.080,-3.21,28983600,120500,91841528.0,14612300,14371300,1,24.68,"{'bid': [{'price': 3.2, 'vol': 455}], 'ask': [{'price': 3.21, 'vol': 2619}]}",0000000000010110,0.00%,0.08%,386768.0,0.00%,0,0,000000000000000000000000000000000000000000000000,0.73%,-52.79%,2606,3.52,600844.SH,,金煤科技,
MARKET.SH,600843,8.53,8.55,8.6,8.39,8.55,14:59:58.013,-8.53,7847700,70700,66718352.0,4114100,3733600,2,19.24,"{'bid': [{'price': 8.52, 'vol': 97}], 'ask': [{'price': 8.53, 'vol': 210}]}",0000011000010110,0.00%,0.06%,603088.0,0.00%,0,0,000000000000000000000000000000000000000000000000,1.27%,-7.99%,2139,1.67,600843.SH,,上工申贝,
MARKET.SH,600841,7.53,7.65,7.69,7.5,7.61,14:59:58.373,-7.53,19001100,162800,143704848.0,10546100,8455000,0,17.37,"{'bid': [{'price': 7.53, 'vol': 77}], 'ask': [{'price': 7.54, 'vol': 581}]}",0000010100010110,0.13%,0.17%,1225888.0,0.00%,0,0,000000000000000000000000000000000000000000000000,1.43%,44.87%,3259,1.82,600841.SH,,动力新科,
MARKET.SH,600839,8.17,8.3,8.35,8.11,8.3,14:59:58.142,-8.17,71017100,905600,580668096.0,35715200,35302000,0,269.09,"{'bid': [{'price': 8.17, 'vol': 2900}], 'ask': [{'price': 8.18, 'vol': 4140}]}",0000110011010110,0.00%,0.07%,7398400.0,0.00%,0,0,000000000000000000000000000000000000000000000000,1.70%,12.40%,4536,1.54,600839.SH,,四川长虹,
MARKET.SH,600838,8.53,8.53,8.63,8.39,8.44,14:59:57.653,-8.53,7275100,73600,61967200.0,3439300,3835900,-1,50.41,"{'bid': [{'price': 8.53, 'vol': 3032}], 'ask': [{'price': 8.54, 'vol': 93}]}",0001000110010110,-0.11%,0.09%,627804.0,0.35%,0,0,000000000000000000000000000000000000000000000000,1.58%,12.08%,1841,1.81,600838.SH,,上海九百,
MARKET.SH,600834,7.91,7.86,7.95,7.79,7.86,14:59:58.236,-7.91,1369000,7000,10793260.0,572600,796400,-1,30.5,"{'bid': [{'price': 7.91, 'vol': 313}], 'ask': [{'price': 7.92, 'vol': 3}]}",0000000000010110,-0.24%,0.01%,55370.0,0.00%,0,0,000000000000000000000000000000000000000000000000,0.65%,8.02%,768,0.29,600834.SH,,申通地铁,
MARKET.SH,600833,11.22,11.11,11.35,11.03,11.16,14:59:57.044,-11.22,3357100,34800,37455384.0,1631900,1725200,2,6.0,"{'bid': [{'price': 11.21, 'vol': 47}], 'ask': [{'price': 11.22, 'vol': 349}]}",0000000000010110,0.09%,0.05%,390448.0,0.00%,0,0,000000000000000000000000000000000000000000000000,0.83%,-30.92%,1544,1.5,600833.SH,,第一医药,
MARKET.SH,600831,4.01,4.07,4.18,3.91,4.0,14:59:59.280,-4.01,29787800,857100,119339792.0,15075500,14712400,-2,249.69,"{'bid': [{'price': 4.01, 'vol': 1090}], 'ask': [{'price': 4.02, 'vol': 917}]}",0001010111010110,-0.24%,0.30%,3437040.0,0.99%,0,0,000000000000000000000000000000000000000000000000,2.47%,-23.43%,2843,4.19,600831.SH,,广电网络,
MARKET.SH,600830,9.21,9.26,9.37,8.9,9.23,14:59:57.768,-9.21,11955300,60600,108836440.0,6330700,5624600,0,54.82,"{'bid': [{'price': 9.2, 'vol': 440}], 'ask': [{'price': 9.21, 'vol': 857}]}",0000000000010110,0.00%,0.08%,558080.0,0.00%,0,0,000000000000000000000000000000000000000000000000,1.06%,-41.97%,2558,2.63,600830.SH,,XD香溢融,
MARKET.SH,600829,8.94,8.82,8.99,8.79,8.78,14:59:57.865,-8.94,5210500,59600,46430416.0,2469400,2741200,-1,4.41,"{'bid': [{'price': 8.94, 'vol': 340}], 'ask': [{'price': 8.95, 'vol': 17}]}",0000110010010110,-0.10%,0.11%,532832.0,0.00%,0,0,000000000000000000000000000000000000000000000000,1.56%,-32.49%,1468,0.9,600829.SH,,人民同泰,
MARKET.SH,600828,4.38,4.4,4.43,4.32,4.39,14:59:59.147,-4.38,13355900,266600,58470180.0,6281600,7074400,-1,62.48,"{'bid': [{'price': 4.38, 'vol': 732}], 'ask': [{'price': 4.39, 'vol': 1405}]}",0001001010010110,-0.22%,0.29%,1167688.0,0.00%,0,0,000000000000000000000000000000000000000000000000,2.92%,-66.21%,1778,0.77,600828.SH,,茂业商业,
MARKET.SH,600827,8.03,8.12,8.15,7.99,8.11,14:59:58.553,-8.03,12940800,183200,103983792.0,7614400,5326400,-2,86.8,"{'bid': [{'price': 8.03, 'vol': 287}], 'ask': [{'price': 8.04, 'vol': 46}]}",0000000001010110,-0.24%,0.05%,1471136.0,0.00%,0,0,000000000000000000000000000000000000000000000000,1.39%,46.51%,2657,0.81,600827.SH,,百联股份,
MARKET.SH,600826,8.94,9.08,9.08,8.82,8.78,14:59:58.225,-8.94,4350100,44100,38772560.0,1941000,2409200,0,52.48,"{'bid': [{'price': 8.93, 'vol': 303}], 'ask': [{'price': 8.94, 'vol': 329}]}",0001010000010110,0.11%,0.09%,394256.0,0.00%,0,0,000000000000000000000000000000000000000000000000,2.97%,-17.08%,1385,0.59,600826.SH,,兰生股份,
MARKET.SH,600825,5.42,5.43,5.45,5.31,5.38,14:59:58.772,-5.42,6329300,68100,34056256.0,2761600,3567700,-1,26.55,"{'bid': [{'price': 5.42, 'vol': 105}], 'ask': [{'price': 5.43, 'vol': 935}]}",0000000000010110,0.00%,0.02%,369108.0,0.00%,0,0,000000000000000000000000000000000000000000000000,0.72%,3.26%,1595,0.61,600825.SH,,新华传媒,
MARKET.SH,600824,3.86,3.88,3.88,3.83,3.86,15:00:00.090,-3.86,8064600,58900,31072452.0,4034800,4029900,-1,2.56,"{'bid': [{'price': 3.86, 'vol': 22}], 'ask': [{'price': 3.87, 'vol': 2045}]}",0001010000010110,-0.25%,0.02%,227344.0,0.00%,0,0,000000000000000000000000000000000000000000000000,0.60%,-17.46%,1202,0.77,600824.SH,,益民集团,
MARKET.SH,600822,9.34,9.29,9.41,9.23,9.23,14:59:58.081,-9.34,2152400,35400,20038440.0,917500,1234900,1,3.81,"{'bid': [{'price': 9.33, 'vol': 10}], 'ask': [{'price': 9.34, 'vol': 109}]}",0000000000010110,0.21%,0.03%,330638.0,0.00%,0,0,000000000000000000000000000000000000000000000000,0.99%,-43.40%,1144,0.54,600822.SH,,上海物贸,
MARKET.SH,600821,8.13,8.08,8.22,7.92,8.17,14:59:57.797,-8.13,105711200,1110800,856125248.0,54183900,51527400,1,512.68,"{'bid': [{'price': 8.12, 'vol': 6316}], 'ask': [{'price': 8.13, 'vol': 2295}]}",0000110010010110,0.12%,0.27%,9030976.0,0.00%,0,0,000000000000000000000000000000000000000000000000,1.80%,55.94%,4610,5.37,600821.SH,,金开新能,
MARKET.SH,600820,5.57,5.6,5.64,5.57,5.59,14:59:59.078,-5.57,17214400,319000,96505560.0,8722800,8491600,-1,10.1,"{'bid': [{'price': 5.57, 'vol': 2043}], 'ask': [{'price': 5.58, 'vol': 20}]}",0000101101010110,-0.17%,0.03%,1776800.0,0.00%,0,0,000000000000000000000000000000000000000000000000,1.79%,6.31%,2366,0.55,600820.SH,,隧道股份,
MARKET.SH,600819,7.11,7.01,7.14,6.8,6.97,14:59:58.884,-7.11,13287100,136000,93397872.0,7072700,6214400,0,96.46,"{'bid': [{'price': 7.11, 'vol': 431}], 'ask': [{'price': 7.12, 'vol': 824}]}",0000010000010110,0.00%,0.12%,966952.0,0.00%,0,0,000000000000000000000000000000000000000000000000,1.23%,-5.65%,2340,1.78,600819.SH,,耀皮玻璃,
MARKET.SH,600817,10.25,10.24,10.29,10.06,10.13,14:59:57.394,-10.25,3257100,18700,33150824.0,1629200,1627900,0,35.94,"{'bid': [{'price': 10.25, 'vol': 222}], 'ask': [{'price': 10.26, 'vol': 324}]}",0000000000010110,-0.09%,0.04%,191672.0,0.00%,0,0,000000000000000000000000000000000000000000000000,0.80%,-24.04%,1669,0.62,600817.SH,,宇通重工,
MARKET.SH,600816,3.16,3.19,3.2,3.09,3.18,14:59:59.946,-3.16,92731700,897600,290755616.0,39817200,52914500,0,159.79,"{'bid': [{'price': 3.16, 'vol': 21}], 'ask': [{'price': 3.17, 'vol': 2257}]}",0000000000010110,0.00%,0.07%,2836448.0,0.00%,0,0,000000000000000000000000000000000000000000000000,1.31%,-19.63%,3584,1.7,600816.SH,,建元信托,
MARKET.SH,600815,3.89,3.86,3.93,3.82,3.85,15:00:00.072,-3.89,41244500,405500,160373568.0,23271600,17973000,0,170.92,"{'bid': [{'price': 3.89, 'vol': 5370}], 'ask': [{'price': 3.9, 'vol': 132}]}",0000111100010110,-0.25%,0.16%,1577392.0,0.00%,0,0,000000000000000000000000000000000000000000000000,1.72%,-11.21%,2936,2.32,600815.SH,,厦工股份,
MARKET.SH,600814,7.21,7.14,7.25,7.13,7.13,14:59:58.848,-7.21,3912600,23700,28109824.0,1869700,2042900,0,12.42,"{'bid': [{'price': 7.21, 'vol': 266}], 'ask': [{'price': 7.22, 'vol': 441}]}",0000011110010110,0.14%,0.03%,170876.0,0.00%,0,0,000000000000000000000000000000000000000000000000,0.98%,9.77%,1149,0.53,600814.SH,,杭州解百,
MARKET.SH,600812,4.67,4.77,4.79,4.63,4.77,14:59:59.762,-4.67,17854300,197100,83592440.0,10758700,7095700,-1,28.29,"{'bid': [{'price': 4.67, 'vol': 2695}], 'ask': [{'price': 4.68, 'vol': 547}]}",0001001000010110,-0.20%,0.04%,920432.0,0.00%,0,0,000000000000000000000000000000000000000000000000,0.87%,33.41%,2399,1.04,600812.SH,,华北制药,
MARKET.SH,600810,6.78,6.77,6.86,6.67,6.76,14:59:59.003,-6.78,10253000,80800,69447024.0,4845300,5407700,-1,29.72,"{'bid': [{'price': 6.78, 'vol': 303}], 'ask': [{'price': 6.79, 'vol': 263}]}",0000011001010110,-0.14%,0.07%,547824.0,0.00%,0,0,000000000000000000000000000000000000000000000000,1.32%,-47.48%,2213,0.95,600810.SH,,神马股份,
MARKET.SH,600808,3.12,3.1,3.14,3.06,3.1,15:00:00.534,-3.12,79233700,1117000,245354288.0,40917600,38316200,-1,40.58,"{'bid': [{'price': 3.12, 'vol': 618}], 'ask': [{'price': 3.13, 'vol': 9362}]}",0001010110010110,0.00%,0.09%,3484992.0,0.00%,0,0,000000000000000000000000000000000000000000000000,1.22%,-7.23%,3321,1.33,600808.SH,,马钢股份,
MARKET.SH,600807,2.89,2.8,2.92,2.77,2.79,15:00:00.672,-2.89,21356800,148500,60933176.0,9213600,12143200,0,12.68,"{'bid': [{'price': 2.88, 'vol': 1353}], 'ask': [{'price': 2.89, 'vol': 459}]}",0000100010010110,0.00%,0.09%,429168.0,0.00%,0,0,000000000000000000000000000000000000000000000000,1.29%,-30.21%,1970,2.71,600807.SH,,济高发展,
MARKET.SH,600805,4.89,4.85,4.94,4.82,4.85,14:59:59.683,-4.89,8049400,331900,39236760.0,4103200,3946300,0,12.61,"{'bid': [{'price': 4.89, 'vol': 216}], 'ask': [{'price': 4.9, 'vol': 746}]}",0001001000010110,0.41%,0.07%,1622980.0,0.00%,0,0,000000000000000000000000000000000000000000000000,2.47%,-0.48%,1143,0.95,600805.SH,,悦达投资,
MARKET.SH,600802,5.4,5.3,5.44,5.22,5.3,14:59:59.140,-5.4,6351600,62000,33944572.0,2574000,3777600,1,5.62,"{'bid': [{'price': 5.4, 'vol': 95}], 'ask': [{'price': 5.41, 'vol': 342}]}",0000101011010110,0.19%,0.06%,334800.0,0.00%,0,0,000000000000000000000000000000000000000000000000,1.55%,-42.44%,1575,1.39,600802.SH,,福建水泥,
MARKET.SH,600800,4.22,4.18,4.24,4.1,4.1,14:59:59.564,-4.22,24741800,558100,103178816.0,10820300,13921600,0,63.49,"{'bid': [{'price': 4.21, 'vol': 1942}], 'ask': [{'price': 4.22, 'vol': 112}]}",0000111100010110,0.24%,0.12%,2355168.0,-0.47%,0,0,000000000000000000000000000000000000000000000000,1.67%,-21.49%,2223,2.23,600800.SH,,渤海化学,
MARKET.SH,600798,3.69,3.77,3.77,3.64,3.73,14:59:59.395,-3.69,33355600,350500,122891328.0,22508800,10846900,0,68.24,"{'bid': [{'price': 3.69, 'vol': 13}], 'ask': [{'price': 3.7, 'vol': 3105}]}",0001011101010110,0.00%,0.13%,1293352.0,0.00%,0,0,000000000000000000000000000000000000000000000000,1.18%,-7.08%,2420,2.76,600798.SH,,宁波海运,
MARKET.SH,600797,8.7,8.71,8.82,8.58,8.69,14:59:58.312,-8.7,17764800,186600,153944112.0,9278300,8486600,-1,43.2,"{'bid': [{'price': 8.7, 'vol': 1794}], 'ask': [{'price': 8.71, 'vol': 1104}]}",0001010010010110,0.23%,0.05%,1623504.0,0.00%,0,0,000000000000000000000000000000000000000000000000,1.19%,29.55%,3097,1.73,600797.SH,,浙大网新,
MARKET.SH,600796,5.52,5.5,5.56,5.42,5.47,14:59:59.096,-5.52,6204100,70000,34019708.0,2841200,3362900,1,7.81,"{'bid': [{'price': 5.51, 'vol': 47}], 'ask': [{'price': 5.52, 'vol': 76}]}",0000000000010110,0.18%,0.07%,386404.0,0.00%,0,0,000000000000000000000000000000000000000000000000,1.08%,-31.18%,1614,1.99,600796.SH,,钱江生化,
MARKET.SH,600795,4.9,4.9,4.92,4.83,4.9,14:59:59.680,-4.9,168981800,2051900,824179200.0,79180500,89801300,0,280.87,"{'bid': [{'price': 4.9, 'vol': 4468}], 'ask': [{'price': 4.91, 'vol': 27296}]}",0000011100010110,0.00%,0.06%,10054592.0,0.00%,0,0,000000000000000000000000000000000000000000000000,1.23%,2.51%,4545,0.95,600795.SH,,国电电力,
MARKET.SH,600794,3.37,3.37,3.39,3.33,3.34,15:00:00.984,-3.37,8570500,45300,28789524.0,3903200,4667300,0,8.76,"{'bid': [{'price': 3.37, 'vol': 2683}], 'ask': [{'price': 3.38, 'vol': 2383}]}",0000000000010110,-0.29%,0.02%,152664.0,0.00%,0,0,000000000000000000000000000000000000000000000000,0.74%,-25.13%,1015,0.71,600794.SH,,保税科技,
MARKET.SH,600792,3.95,3.88,3.97,3.82,3.9,15:00:00.036,-3.95,16238400,234400,63186156.0,8038200,8200200,1,36.2,"{'bid': [{'price': 3.94, 'vol': 4043}], 'ask': [{'price': 3.95, 'vol': 383}]}",0000000000010110,0.00%,0.13%,925884.0,0.00%,0,0,000000000000000000000000000000000000000000000000,1.41%,26.60%,2238,1.46,600792.SH,,云煤能源,
MARKET.SH,600790,4.23,4.02,4.3,4.02,4.01,14:59:59.561,-4.23,46399500,255100,193908912.0,20116100,26283500,1,73.89,"{'bid': [{'price': 4.22, 'vol': 589}], 'ask': [{'price': 4.23, 'vol': 2615}]}",0001001100010110,0.00%,0.09%,1079008.0,0.00%,0,0,000000000000000000000000000000000000000000000000,0.78%,-51.01%,2657,3.17,600790.SH,,轻纺城,
MARKET.SH,600789,8.11,8.11,8.15,8.07,8.11,14:59:57.804,-8.11,8450000,256100,68465312.0,4510200,3939900,-1,41.36,"{'bid': [{'price': 8.11, 'vol': 585}], 'ask': [{'price': 8.12, 'vol': 345}]}",0001011011010110,0.00%,0.06%,2076692.0,0.00%,0,0,000000000000000000000000000000000000000000000000,2.23%,-17.42%,1834,0.94,600789.SH,,鲁抗医药,
MARKET.SH,600787,4.81,4.82,4.85,4.76,4.81,14:59:58.992,-4.81,15487700,252100,74379424.0,6756000,8731800,0,89.94,"{'bid': [{'price': 4.8, 'vol': 1869}], 'ask': [{'price': 4.81, 'vol': 394}]}",0001100011010110,-0.20%,0.03%,1212640.0,0.00%,0,0,000000000000000000000000000000000000000000000000,1.05%,-18.66%,2191,0.71,600787.SH,,中储股份,
MARKET.SH,600784,7.83,7.9,8.03,7.66,7.95,14:59:58.625,-7.83,22829700,292200,177825840.0,12630400,10199300,1,115.81,"{'bid': [{'price': 7.82, 'vol': 1456}], 'ask': [{'price': 7.83, 'vol': 1279}]}",0000000000010110,0.13%,0.14%,2287872.0,0.00%,0,0,000000000000000000000000000000000000000000000000,1.25%,30.15%,2647,3.38,600784.SH,,鲁银投资,
MARKET.SH,600782,2.82,2.89,2.89,2.78,2.88,15:00:01.314,-2.82,78833000,553000,222443248.0,40917600,37915500,0,21.68,"{'bid': [{'price': 2.81, 'vol': 5910}], 'ask': [{'price': 2.82, 'vol': 782}]}",0001000001010110,-0.34%,0.10%,1559536.0,0.00%,0,0,000000000000000000000000000000000000000000000000,1.01%,17.43%,3299,2.51,600782.SH,,新钢股份,
MARKET.SH,600780,7.05,6.85,7.18,6.77,6.85,14:59:58.546,-7.05,34378800,347300,240477040.0,17466900,16911900,-2,105.56,"{'bid': [{'price': 7.05, 'vol': 1574}], 'ask': [{'price': 7.06, 'vol': 189}]}",0000011111010110,-0.27%,0.16%,2448448.0,0.00%,0,0,000000000000000000000000000000000000000000000000,1.07%,-24.82%,3120,3.0,600780.SH,,通宝能源,
MARKET.SH,600778,6.6,6.5,6.63,6.42,6.45,14:59:59.068,-6.6,5695600,82500,37224636.0,2666500,3029100,2,67.08,"{'bid': [{'price': 6.6, 'vol': 206}], 'ask': [{'price': 6.61, 'vol': 1352}]}",0000000000010110,0.15%,0.08%,544496.0,0.78%,0,0,000000000000000000000000000000000000000000000000,1.25%,-86.63%,1816,1.83,600778.SH,,友好集团,
MARKET.SH,600775,11.9,12.1,12.15,11.7,12.02,14:59:56.440,-11.9,19502700,253200,231518048.0,10452700,9050100,-1,63.77,"{'bid': [{'price': 11.9, 'vol': 1122}], 'ask': [{'price': 11.91, 'vol': 1974}]}",0001000000010110,-0.07%,0.15%,3013104.0,0.00%,0,0,000000000000000000000000000000000000000000000000,1.67%,10.86%,3718,2.9,600775.SH,,南京熊猫,
MARKET.SH,600774,8.06,7.96,8.14,7.86,7.92,14:59:57.822,-8.06,3647100,30100,29165140.0,1780000,1867200,2,31.44,"{'bid': [{'price': 8.04, 'vol': 134}], 'ask': [{'price': 8.06, 'vol': 65}]}",0001100001010110,0.12%,0.04%,242608.0,0.25%,0,0,000000000000000000000000000000000000000000000000,0.58%,20.51%,1725,1.24,600774.SH,,汉商集团,
MARKET.SH,600770,6.77,6.7,6.8,6.61,6.62,14:59:58.646,-6.77,58002700,388000,388264256.0,29375200,28627600,0,536.67,"{'bid': [{'price': 6.76, 'vol': 827}], 'ask': [{'price': 6.77, 'vol': 858}]}",0001011001010110,0.15%,0.19%,2626816.0,0.00%,0,0,000000000000000000000000000000000000000000000000,1.13%,-22.40%,4053,4.46,600770.SH,,综艺股份,
MARKET.SH,600765,14.97,15.08,15.18,14.83,15.07,14:59:55.334,-14.97,16521300,232200,247214512.0,8482100,8039300,0,90.93,"{'bid': [{'price': 14.96, 'vol': 529}], 'ask': [{'price': 14.97, 'vol': 5}]}",0001000000010110,0.00%,0.04%,3475616.0,0.00%,0,0,000000000000000000000000000000000000000000000000,1.22%,26.53%,3288,1.06,600765.SH,,XD中航重,
MARKET.SH,600758,4.66,4.69,4.84,4.62,4.96,14:59:59.406,-4.66,152143300,3837900,713276928.0,82823100,69320300,0,955.59,"{'bid': [{'price': 4.66, 'vol': 7076}], 'ask': [{'price': 4.67, 'vol': 1309}]}",0001000011010110,0.00%,1.01%,17884800.0,0.00%,0,0,000000000000000000000000000000000000000000000000,2.39%,49.62%,4581,11.52,600758.SH,,辽宁能源,
MARKET.SH,600757,8.05,8.1,8.13,7.97,8.1,14:59:58.186,-8.05,7911000,110600,63596360.0,4687600,3223500,0,56.46,"{'bid': [{'price': 8.05, 'vol': 831}], 'ask': [{'price': 8.06, 'vol': 200}]}",0000111011010110,-0.24%,0.03%,890332.0,0.00%,0,0,000000000000000000000000000000000000000000000000,1.02%,-17.11%,2296,0.65,600757.SH,,长江传媒,
MARKET.SH,600755,6.04,6.07,6.07,5.99,6.03,14:59:58.549,-6.04,11923700,124700,71870272.0,6670700,5253100,0,48.07,"{'bid': [{'price': 6.04, 'vol': 1084}], 'ask': [{'price': 6.05, 'vol': 1024}]}",0001000100010110,0.00%,0.04%,753160.0,0.00%,0,0,000000000000000000000000000000000000000000000000,1.98%,37.98%,1971,0.56,600755.SH,,厦门国贸,
MARKET.SH,600751,3.45,3.55,3.57,3.42,3.54,14:59:59.482,-3.45,45898100,519800,158545792.0,25171400,20726800,1,25.49,"{'bid': [{'price': 3.44, 'vol': 11684}], 'ask': [{'price': 3.45, 'vol': 2924}]}",0001100011010110,0.58%,0.09%,1793280.0,0.00%,0,0,000000000000000000000000000000000000000000000000,1.20%,47.63%,3086,1.78,600751.SH,,海航科技,
MARKET.SH,600748,4.97,4.88,5.05,4.82,4.89,14:59:58.934,-4.97,22706100,118300,111775328.0,11246300,11459800,0,60.76,"{'bid': [{'price': 4.97, 'vol': 761}], 'ask': [{'price': 4.98, 'vol': 4244}]}",0000010101010110,-0.19%,0.06%,587952.0,0.00%,0,0,000000000000000000000000000000000000000000000000,0.97%,-46.07%,2274,1.23,600748.SH,,上实发展,
MARKET.SH,600746,7.04,7.02,7.09,6.85,6.93,14:59:59.269,-7.04,11422200,60200,79760344.0,5266000,6156300,0,21.06,"{'bid': [{'price': 7.03, 'vol': 573}], 'ask': [{'price': 7.04, 'vol': 86}]}",0001010011010110,0.00%,0.09%,423824.0,0.00%,0,0,000000000000000000000000000000000000000000000000,1.08%,30.86%,2536,0.98,600746.SH,,江苏索普,
MARKET.SH,600744,7.7,7.64,7.74,7.45,7.67,14:59:58.312,-7.7,71441700,1098100,546978240.0,34134700,37307000,0,145.16,"{'bid': [{'price': 7.7, 'vol': 4078}], 'ask': [{'price': 7.71, 'vol': 4286}]}",0000001100010110,0.00%,0.29%,8455296.0,0.00%,0,0,000000000000000000000000000000000000000000000000,1.78%,-6.59%,4477,3.52,600744.SH,,华银电力,
MARKET.SH,600743,2.46,2.45,2.47,2.42,2.44,15:00:01.530,-2.46,43772400,250400,107213808.0,24831100,18941400,0,85.73,"{'bid': [{'price': 2.46, 'vol': 3560}], 'ask': [{'price': 2.47, 'vol': 6783}]}",0001011100010110,0.00%,0.18%,615992.0,0.00%,0,0,000000000000000000000000000000000000000000000000,2.12%,25.32%,2377,1.87,600743.SH,,华远控股,
MARKET.SH,600742,8.67,8.7,8.78,8.58,8.7,14:59:58.682,-8.67,5351800,40100,46320332.0,3249100,2102800,1,8.44,"{'bid': [{'price': 8.66, 'vol': 1096}], 'ask': [{'price': 8.67, 'vol': 364}]}",0001100011010110,0.00%,0.02%,347660.0,0.00%,0,0,000000000000000000000000000000000000000000000000,0.84%,18.44%,1475,0.72,600742.SH,,富维股份,
MARKET.SH,600740,3.73,3.73,3.76,3.67,3.71,15:00:00.768,-3.73,28246300,574300,104855120.0,11554500,16691800,-1,32.34,"{'bid': [{'price': 3.73, 'vol': 2746}], 'ask': [{'price': 3.74, 'vol': 541}]}",0000000101010110,-0.26%,0.08%,2142168.0,0.00%,0,0,000000000000000000000000000000000000000000000000,1.42%,-15.91%,2413,1.1,600740.SH,,山西焦化,
MARKET.SH,600739,11.08,11.23,11.27,10.98,11.19,14:59:57.095,-11.08,12459200,142800,138073424.0,6438100,6021100,-1,16.73,"{'bid': [{'price': 11.08, 'vol': 30}], 'ask': [{'price': 11.09, 'vol': 96}]}",0000011110010110,-0.08%,0.04%,1582224.0,0.00%,0,0,000000000000000000000000000000000000000000000000,1.22%,62.45%,2654,0.81,600739.SH,,辽宁成大,
MARKET.SH,600738,4.36,4.36,4.4,4.28,4.32,14:59:59.514,-4.36,7818600,49200,33905612.0,3912000,3906600,0,19.97,"{'bid': [{'price': 4.35, 'vol': 621}], 'ask': [{'price': 4.36, 'vol': 984}]}",0000000000010110,0.00%,0.06%,214504.0,0.00%,0,0,000000000000000000000000000000000000000000000000,1.43%,-58.55%,1339,1.03,600738.SH,,丽尚国潮,
MARKET.SH,600737,14.35,14.3,14.67,14.12,14.3,14:59:56.638,-14.35,28538000,154600,408755712.0,13715200,14822900,0,462.61,"{'bid': [{'price': 14.35, 'vol': 876}], 'ask': [{'price': 14.36, 'vol': 318}]}",0000110100010110,-0.06%,0.05%,2218048.0,0.00%,0,0,000000000000000000000000000000000000000000000000,0.88%,29.82%,3554,1.33,600737.SH,,中粮糖业,
MARKET.SH,600736,7.55,7.49,7.6,7.42,7.43,14:59:59.086,-7.55,43012600,728700,323731008.0,20872700,22140000,0,294.43,"{'bid': [{'price': 7.54, 'vol': 1822}], 'ask': [{'price': 7.55, 'vol': 1401}]}",0001011001010110,0.27%,0.23%,5501632.0,0.54%,0,0,000000000000000000000000000000000000000000000000,1.68%,24.96%,3986,3.74,600736.SH,,苏州高新,
MARKET.SH,600733,6.58,6.57,6.61,6.41,6.56,14:59:58.715,-6.58,59130600,606400,385836480.0,27407200,31723400,-1,148.68,"{'bid': [{'price': 6.58, 'vol': 895}], 'ask': [{'price': 6.59, 'vol': 5116}]}",0000011110010110,0.15%,0.04%,3989952.0,0.00%,0,0,000000000000000000000000000000000000000000000000,1.01%,-38.07%,3508,1.06,600733.SH,,北汽蓝谷,
MARKET.SH,600732,12.71,12.59,12.76,12.4,12.45,14:59:56.508,-12.71,30351500,227200,381237856.0,14335700,16015800,0,140.61,"{'bid': [{'price': 12.71, 'vol': 179}], 'ask': [{'price': 12.72, 'vol': 877}]}",0000100111010110,0.00%,0.04%,2887808.0,0.00%,0,0,000000000000000000000000000000000000000000000000,0.83%,12.21%,3641,1.45,600732.SH,,爱旭股份,
MARKET.SH,600731,6.01,5.96,6.05,5.9,5.94,14:59:58.920,-6.01,6053800,34700,36156704.0,3442100,2611700,-1,12.52,"{'bid': [{'price': 6.01, 'vol': 175}], 'ask': [{'price': 6.02, 'vol': 946}]}",0000011110010110,0.17%,0.03%,208540.0,0.00%,0,0,000000000000000000000000000000000000000000000000,0.87%,-33.33%,1589,1.12,600731.SH,,湖南海利,
MARKET.SH,600728,5.25,5.29,5.33,5.14,5.3,14:59:59.194,-5.25,35629300,346600,186614928.0,19158800,16470600,0,60.99,"{'bid': [{'price': 5.25, 'vol': 470}], 'ask': [{'price': 5.26, 'vol': 847}]}",0000111100010110,0.00%,0.04%,1819632.0,0.00%,0,0,000000000000000000000000000000000000000000000000,1.06%,-19.35%,2962,1.67,600728.SH,,佳都科技,
MARKET.SH,600727,8.31,7.87,8.34,7.77,7.74,14:59:58.092,-8.31,26187900,331800,212858496.0,10521700,15666300,0,85.86,"{'bid': [{'price': 8.31, 'vol': 72}], 'ask': [{'price': 8.32, 'vol': 856}]}",0000111010010110,-0.11%,0.32%,2757248.0,0.00%,0,0,000000000000000000000000000000000000000000000000,2.11%,-49.31%,3395,4.95,600727.SH,,鲁北化工,
MARKET.SH,600726,6.29,6.19,6.34,6.02,6.19,14:59:58.459,-6.29,127372400,1306300,793179968.0,60473600,66898800,0,309.69,"{'bid': [{'price': 6.28, 'vol': 12244}], 'ask': [{'price': 6.29, 'vol': 1858}]}",0000000000010110,0.00%,0.30%,8216512.0,0.00%,0,0,000000000000000000000000000000000000000000000000,1.19%,-4.00%,4654,1.7,600726.SH,,华电能源,
MARKET.SH,600725,4.07,3.98,4.07,3.95,3.98,14:59:59.618,-4.07,13404000,627000,53900468.0,5682600,7721400,2,13.33,"{'bid': [{'price': 4.06, 'vol': 345}], 'ask': [{'price': 4.07, 'vol': 2961}]}",0000101000010110,0.49%,0.09%,2551900.0,0.00%,0,0,000000000000000000000000000000000000000000000000,2.79%,-50.98%,1271,1.09,600725.SH,,云维股份,
MARKET.SH,600724,7.38,7.5,7.53,7.32,7.4,14:59:58.427,-7.38,7439400,132500,54907704.0,3480400,3959000,0,38.4,"{'bid': [{'price': 7.38, 'vol': 106}], 'ask': [{'price': 7.39, 'vol': 115}]}",0000000000010110,0.41%,0.06%,977868.0,0.00%,0,0,000000000000000000000000000000000000000000000000,1.32%,-41.13%,1962,0.51,600724.SH,,宁波富达,
MARKET.SH,600722,11.43,11.32,11.53,11.22,11.33,14:59:57.689,-11.43,23471900,277000,267481040.0,11489700,11982300,0,205.8,"{'bid': [{'price': 11.43, 'vol': 36}], 'ask': [{'price': 11.44, 'vol': 711}]}",0001001011010110,0.26%,0.35%,3166192.0,0.18%,0,0,000000000000000000000000000000000000000000000000,2.19%,-7.36%,3559,3.45,600722.SH,,金牛化工,
MARKET.SH,600721,7.79,7.74,7.85,7.55,7.68,14:59:58.279,-7.79,7783000,107800,59875712.0,3759600,4023400,0,10.14,"{'bid': [{'price': 7.78, 'vol': 499}], 'ask': [{'price': 7.79, 'vol': 249}]}",0000000000010110,0.00%,0.07%,839760.0,0.00%,0,0,000000000000000000000000000000000000000000000000,1.39%,-18.69%,1693,2.02,600721.SH,,百花医药,
MARKET.SH,600720,6.14,6.18,6.22,6.11,6.17,14:59:58.873,-6.14,6684700,142600,41130588.0,3545100,3139600,0,20.27,"{'bid': [{'price': 6.14, 'vol': 108}], 'ask': [{'price': 6.16, 'vol': 575}]}",0000110001010110,0.00%,0.03%,875564.0,0.00%,0,0,000000000000000000000000000000000000000000000000,1.75%,7.54%,1715,0.66,600720.SH,,中交设计,
MARKET.SH,600719,8.87,8.06,8.87,8.04,8.06,14:59:58.610,-8.87,42627900,51500,362685952.0,19487400,23140600,0,139.28,"{'bid': [{'price': 8.87, 'vol': 79000}], 'ask': [{'price': 0.0, 'vol': 0}]}",0001010001010110,0.00%,0.03%,456704.0,0.00%,0,0,000000000000000000000000000000000000000000000000,0.09%,0.00%,2970,10.54,600719.SH,,大连热电,
MARKET.SH,600718,8.61,8.66,8.71,8.51,8.62,14:59:57.624,-8.61,12934300,179000,111298224.0,6318400,6616000,-1,40.7,"{'bid': [{'price': 8.6, 'vol': 1333}], 'ask': [{'price': 8.61, 'vol': 599}]}",0000110101010110,-0.22%,0.03%,1541176.0,0.00%,0,0,000000000000000000000000000000000000000000000000,1.20%,19.62%,2573,1.08,600718.SH,,东软集团,
MARKET.SH,600717,4.4,4.38,4.42,4.33,4.37,15:00:00.366,-4.4,20068800,364800,87962184.0,9365200,10703600,-1,25.88,"{'bid': [{'price': 4.4, 'vol': 611}], 'ask': [{'price': 4.41, 'vol': 1870}]}",0000010001010110,0.00%,0.05%,1605096.0,0.00%,0,0,000000000000000000000000000000000000000000000000,1.51%,0.29%,2560,0.69,600717.SH,,天津港,
MARKET.SH,600716,3.92,3.92,3.97,3.86,3.88,15:00:00.054,-3.92,5658800,36900,22165448.0,2369800,3289000,0,18.03,"{'bid': [{'price': 3.92, 'vol': 86}], 'ask': [{'price': 3.93, 'vol': 1206}]}",0000000000010110,-0.24%,0.02%,144652.0,0.00%,0,0,000000000000000000000000000000000000000000000000,0.81%,-87.02%,1236,0.6,600716.SH,,凤凰股份,
MARKET.SH,600715,1.91,1.92,1.93,1.9,1.92,15:00:01.260,-1.91,20538000,313000,39212060.0,12518500,8019500,0,105.85,"{'bid': [{'price': 1.91, 'vol': 10786}], 'ask': [{'price': 1.92, 'vol': 11766}]}",0000101010010110,-0.51%,0.03%,597828.0,0.00%,0,0,000000000000000000000000000000000000000000000000,1.32%,-2.84%,1288,0.72,600715.SH,,文投控股,
MARKET.SH,600713,5.12,5.18,5.25,5.09,5.0,14:59:59.240,-5.12,17181300,110700,88557808.0,8871000,8310300,1,445.84,"{'bid': [{'price': 5.11, 'vol': 1128}], 'ask': [{'price': 5.12, 'vol': 2026}]}",0000000000010110,0.20%,0.05%,566800.0,0.00%,0,0,000000000000000000000000000000000000000000000000,0.72%,4.88%,2041,1.33,600713.SH,,南京医药,
MARKET.SH,600712,5.96,5.95,6.08,5.89,5.94,14:59:59.298,-5.96,6336900,64700,37659688.0,2982500,3354500,1,14.76,"{'bid': [{'price': 5.96, 'vol': 41}], 'ask': [{'price': 5.97, 'vol': 264}]}",0001010011010110,0.34%,0.07%,385624.0,0.00%,0,0,000000000000000000000000000000000000000000000000,2.18%,35.54%,1816,1.18,600712.SH,,南宁百货,
MARKET.SH,600711,12.45,12.13,12.54,11.91,12.0,14:59:56.602,-12.45,78067200,632200,956896256.0,34703400,43363900,-2,316.96,"{'bid': [{'price': 12.45, 'vol': 2840}], 'ask': [{'price': 12.46, 'vol': 1717}]}",0001000001010110,-0.07%,0.06%,7871104.0,0.00%,0,0,000000000000000000000000000000000000000000000000,0.95%,-49.98%,4446,2.53,600711.SH,,盛屯矿业,
MARKET.SH,600710,12.08,12.09,12.25,12.01,12.07,14:59:57.095,-12.08,9043600,120000,109551328.0,4529800,4513900,0,55.25,"{'bid': [{'price': 12.07, 'vol': 455}], 'ask': [{'price': 12.08, 'vol': 30}]}",0001001110010110,0.08%,0.05%,1449608.0,0.17%,0,0,000000000000000000000000000000000000000000000000,1.29%,45.27%,2485,0.69,600710.SH,,苏美达,
MARKET.SH,600708,3.38,3.32,3.4,3.32,3.33,14:59:59.507,-3.38,23150400,216200,77781456.0,11983000,11167500,0,7.54,"{'bid': [{'price': 3.38, 'vol': 1993}], 'ask': [{'price': 3.39, 'vol': 2837}]}",0000110110010110,0.30%,0.10%,730728.0,0.00%,0,0,000000000000000000000000000000000000000000000000,2.16%,12.18%,1772,1.04,600708.SH,,光明地产,
MARKET.SH,600707,11.1,10.93,11.43,10.57,11.42,14:59:56.728,-11.1,268443900,1683900,2971222272.0,130910900,137533000,0,7309.98,"{'bid': [{'price': 11.1, 'vol': 18669}], 'ask': [{'price': 11.11, 'vol': 4654}]}",0000100101010110,0.09%,0.43%,18689536.0,1.11%,0,0,000000000000000000000000000000000000000000000000,1.00%,53.27%,4731,7.48,600707.SH,,彩虹股份,
MARKET.SH,600706,8.64,8.62,8.82,8.53,8.66,14:59:57.613,-8.64,5113000,31700,44102500.0,2313100,2799900,1,89.04,"{'bid': [{'price': 8.63, 'vol': 107}], 'ask': [{'price': 8.64, 'vol': 419}]}",0000000000010110,0.23%,0.09%,273912.0,0.00%,0,0,000000000000000000000000000000000000000000000000,1.39%,-36.31%,1721,2.01,600706.SH,,曲江文旅,
MARKET.SH,600704,4.91,4.9,4.94,4.85,4.87,14:59:58.956,-4.91,41528300,621500,203229296.0,19836100,21692200,1,78.45,"{'bid': [{'price': 4.91, 'vol': 803}], 'ask': [{'price': 4.92, 'vol': 2922}]}",0000000001010110,0.20%,0.05%,3051584.0,0.00%,0,0,000000000000000000000000000000000000000000000000,1.57%,-14.20%,3211,0.8,600704.SH,,物产中大,
MARKET.SH,600698,7.04,7.08,7.13,6.96,7.1,14:59:58.909,-7.04,9823400,106100,69089800.0,5616100,4207300,-1,23.65,"{'bid': [{'price': 7.04, 'vol': 1233}], 'ask': [{'price': 7.05, 'vol': 932}]}",0000000000010110,-0.13%,0.07%,746936.0,0.00%,0,0,000000000000000000000000000000000000000000000000,1.39%,51.14%,2200,1.18,600698.SH,,湖南天雁,
MARKET.SH,600697,12.1,11.87,12.14,11.71,11.8,14:59:57.448,-12.1,3129400,48100,37421108.0,1396500,1732900,2,9.73,"{'bid': [{'price': 12.09, 'vol': 10}], 'ask': [{'price': 12.1, 'vol': 131}]}",0000000000010110,0.33%,0.07%,582004.0,0.08%,0,0,000000000000000000000000000000000000000000000000,1.25%,-73.90%,1780,2.01,600697.SH,,欧亚集团,
MARKET.SH,600693,9.5,9.66,9.66,9.4,9.47,14:59:58.384,-9.5,26653100,352700,253876736.0,12384800,14268300,1,189.24,"{'bid': [{'price': 9.49, 'vol': 976}], 'ask': [{'price': 9.5, 'vol': 1241}]}",0000000000010110,0.00%,0.21%,3350592.0,0.00%,0,0,000000000000000000000000000000000000000000000000,1.51%,27.70%,3432,3.07,600693.SH,,东百集团,
MARKET.SH,600692,7.36,7.27,7.42,7.16,7.26,14:59:58.434,-7.36,8364700,69300,60977072.0,4233600,4131100,0,25.3,"{'bid': [{'price': 7.35, 'vol': 116}], 'ask': [{'price': 7.36, 'vol': 9}]}",0000001010010110,0.00%,0.09%,510056.0,0.00%,0,0,000000000000000000000000000000000000000000000000,1.22%,2.73%,2262,3.28,600692.SH,,亚通股份,
MARKET.SH,600691,2.8,2.77,2.81,2.71,2.76,15:00:01.326,-2.8,34648000,144400,95868792.0,13707600,20940500,1,20.05,"{'bid': [{'price': 2.79, 'vol': 5011}], 'ask': [{'price': 2.8, 'vol': 9777}]}",0001001000010110,0.36%,0.06%,404328.0,0.00%,0,0,000000000000000000000000000000000000000000000000,1.00%,-19.16%,2239,1.46,600691.SH,,潞化科技,
MARKET.SH,600689,12.89,12.53,13.14,12.47,12.55,14:59:56.803,-12.89,3858800,22600,49305884.0,1569900,2289000,2,23.18,"{'bid': [{'price': 12.88, 'vol': 23}], 'ask': [{'price': 12.9, 'vol': 20}]}",0001011111010110,0.08%,0.06%,291340.0,0.16%,0,0,000000000000000000000000000000000000000000000000,0.75%,27.08%,1818,2.54,600689.SH,,上海三毛,
MARKET.SH,600688,2.83,2.79,2.85,2.75,2.79,15:00:00.708,-2.83,46046200,383600,128850744.0,21592600,24453700,0,68.16,"{'bid': [{'price': 2.83, 'vol': 5455}], 'ask': [{'price': 2.84, 'vol': 5040}]}",0001000111010110,-0.34%,0.06%,1085536.0,0.00%,0,0,000000000000000000000000000000000000000000000000,1.11%,3.52%,3460,0.63,600688.SH,,上海石化,
MARKET.SH,600686,14.57,14.26,14.85,14.15,14.1,14:59:55.838,-14.57,23135600,380900,335766592.0,11630000,11505700,1,118.22,"{'bid': [{'price': 14.56, 'vol': 204}], 'ask': [{'price': 14.57, 'vol': 934}]}",0001010111010110,0.14%,0.15%,5549824.0,-0.13%,0,0,000000000000000000000000000000000000000000000000,1.25%,-15.00%,3518,3.23,600686.SH,,金龙汽车,
MARKET.SH,600684,3.76,3.83,3.85,3.71,3.79,14:59:59.730,-3.76,20440100,80600,76916832.0,10813800,9626400,-1,6.66,"{'bid': [{'price': 3.76, 'vol': 4621}], 'ask': [{'price': 3.77, 'vol': 59}]}",0001100000010110,-0.52%,0.05%,303056.0,0.00%,0,0,000000000000000000000000000000000000000000000000,0.63%,47.87%,2104,2.39,600684.SH,,珠江股份,
MARKET.SH,600682,5.81,5.82,5.86,5.75,5.79,14:59:58.992,-5.81,10276500,154000,59647164.0,4677100,5599500,0,19.61,"{'bid': [{'price': 5.81, 'vol': 1215}], 'ask': [{'price': 5.82, 'vol': 401}]}",0001010101010110,-0.16%,0.04%,894728.0,0.00%,0,0,000000000000000000000000000000000000000000000000,1.22%,-4.42%,2067,0.88,600682.SH,,南京新百,
MARKET.SH,600681,3.87,3.86,3.88,3.83,3.85,14:59:59.690,-3.87,12876300,89100,49696896.0,6561600,6314800,-1,22.81,"{'bid': [{'price': 3.87, 'vol': 4342}], 'ask': [{'price': 3.88, 'vol': 3525}]}",0000110101010110,0.00%,0.07%,344804.0,0.00%,0,0,000000000000000000000000000000000000000000000000,1.87%,19.36%,1723,0.96,600681.SH,,百川能源,
MARKET.SH,600679,10.24,10.26,10.34,10.1,10.24,14:59:57.757,-10.24,2836600,19400,28942678.0,1224300,1612300,0,9.03,"{'bid': [{'price': 10.23, 'vol': 21}], 'ask': [{'price': 10.24, 'vol': 540}]}",0000000000010110,0.10%,0.04%,198666.0,0.00%,0,0,000000000000000000000000000000000000000000000000,0.83%,5.96%,1264,0.83,600679.SH,,上海凤凰,
MARKET.SH,600676,7.09,7.16,7.25,6.89,7.23,14:59:59.251,-7.09,21596200,167900,151684288.0,12006300,9590000,0,368.02,"{'bid': [{'price': 7.08, 'vol': 1187}], 'ask': [{'price': 7.09, 'vol': 334}]}",0001000100010110,0.14%,0.10%,1190416.0,0.14%,0,0,000000000000000000000000000000000000000000000000,1.18%,15.28%,2544,2.1,600676.SH,,交运股份,
MARKET.SH,600675,2.44,2.45,2.46,2.43,2.46,15:00:00.342,-2.44,15670800,381200,38284432.0,8942300,6728600,0,31.9,"{'bid': [{'price': 2.43, 'vol': 7437}], 'ask': [{'price': 2.44, 'vol': 816}]}",0001000110010110,-0.40%,0.04%,930088.0,0.00%,0,0,000000000000000000000000000000000000000000000000,2.22%,-54.00%,1819,0.26,600675.SH,,中华企业,
MARKET.SH,600674,14.86,14.8,14.94,14.58,14.8,14:59:56.454,-14.86,26135100,388400,385814816.0,13711400,12423800,1,372.37,"{'bid': [{'price': 14.85, 'vol': 381}], 'ask': [{'price': 14.86, 'vol': 1001}]}",0000111110010110,0.13%,0.04%,5771712.0,0.00%,0,0,000000000000000000000000000000000000000000000000,1.22%,-46.77%,3731,0.54,600674.SH,,川投能源,
MARKET.SH,600668,8.45,8.42,8.5,8.28,8.4,14:59:58.402,-8.45,4464300,63900,37519440.0,2390400,2073900,-1,27.2,"{'bid': [{'price': 8.45, 'vol': 7}], 'ask': [{'price': 8.46, 'vol': 30}]}",0000101110010110,0.00%,0.02%,539948.0,0.24%,0,0,000000000000000000000000000000000000000000000000,0.88%,-35.76%,1266,1.08,600668.SH,,尖峰集团,
MARKET.SH,600667,12.61,12.63,12.85,12.14,12.42,14:59:56.184,-12.61,227533800,1999200,2841190144.0,116439200,111094700,-1,3740.75,"{'bid': [{'price': 12.61, 'vol': 977}], 'ask': [{'price': 12.62, 'vol': 6092}]}",0000111000010110,0.00%,0.35%,25209856.0,0.96%,0,0,000000000000000000000000000000000000000000000000,1.04%,-42.56%,4742,10.88,600667.SH,,太极实业,
MARKET.SH,600666,5.34,5.21,5.36,5.06,5.21,14:59:59.161,-5.34,160774700,1456800,848262400.0,73961800,86812900,0,686.37,"{'bid': [{'price': 5.33, 'vol': 13027}], 'ask': [{'price': 5.34, 'vol': 13974}]}",0000001101010110,0.19%,0.17%,7779072.0,0.00%,0,0,000000000000000000000000000000000000000000000000,1.05%,-18.29%,4586,6.43,600666.SH,,奥瑞德,
MARKET.SH,600665,3.38,3.18,3.47,3.14,3.15,14:59:59.507,-3.38,28254300,239200,94536056.0,12460500,15793900,0,19.91,"{'bid': [{'price': 3.37, 'vol': 690}], 'ask': [{'price': 3.38, 'vol': 149}]}",0001100010010110,0.60%,0.12%,808488.0,0.00%,0,0,000000000000000000000000000000000000000000000000,0.72%,47.93%,2521,3.27,600665.SH,,天地源,
MARKET.SH,600664,3.38,3.35,3.4,3.32,3.35,15:00:00.978,-3.38,44097500,542400,148393040.0,21220100,22877500,1,133.36,"{'bid': [{'price': 3.37, 'vol': 9175}], 'ask': [{'price': 3.38, 'vol': 2195}]}",0001100011010110,0.30%,0.09%,1833264.0,0.00%,0,0,000000000000000000000000000000000000000000000000,1.38%,2.57%,2949,1.75,600664.SH,,哈药股份,
MARKET.SH,600663,7.05,7.13,7.15,7.02,7.11,14:59:59.266,-7.05,12398200,287700,87634656.0,6476300,5921900,-2,31.94,"{'bid': [{'price': 7.05, 'vol': 2461}], 'ask': [{'price': 7.07, 'vol': 26}]}",0000101111010110,-0.27%,0.05%,2028264.0,0.00%,0,0,000000000000000000000000000000000000000000000000,1.67%,75.17%,2737,0.39,600663.SH,,陆家嘴,
MARKET.SH,600662,4.61,4.63,4.65,4.56,4.6,14:59:59.424,-4.61,9848500,123600,45364556.0,4887800,4960700,0,21.39,"{'bid': [{'price': 4.61, 'vol': 2099}], 'ask': [{'price': 4.62, 'vol': 20}]}",0000010101010110,-0.21%,0.05%,569780.0,0.00%,0,0,000000000000000000000000000000000000000000000000,1.58%,-3.08%,1963,0.43,600662.SH,,外服控股,
MARKET.SH,600661,8.98,9.04,9.07,8.7,8.97,14:59:57.491,-8.98,5111900,72000,45569376.0,2675900,2436000,2,40.23,"{'bid': [{'price': 8.98, 'vol': 51}], 'ask': [{'price': 8.99, 'vol': 2047}]}",0000000000010110,0.11%,0.06%,646564.0,-0.76%,0,0,000000000000000000000000000000000000000000000000,1.08%,-4.96%,1756,1.78,600661.SH,,昂立教育,
MARKET.SH,600658,5.09,4.99,5.12,4.96,4.94,14:59:59.251,-5.09,17771600,110200,89680920.0,6836000,10935600,-1,47.11,"{'bid': [{'price': 5.08, 'vol': 1308}], 'ask': [{'price': 5.09, 'vol': 748}]}",0000101000010110,0.20%,0.06%,560968.0,0.00%,0,0,000000000000000000000000000000000000000000000000,0.90%,-14.21%,1804,1.59,600658.SH,,电子城,
MARKET.SH,600657,2.8,2.79,2.85,2.76,2.78,14:59:59.716,-2.8,20149600,249400,56305448.0,9507500,10642100,-1,13.59,"{'bid': [{'price': 2.8, 'vol': 2477}], 'ask': [{'price': 2.81, 'vol': 2880}]}",0000000000010110,-0.35%,0.05%,698316.0,-0.35%,0,0,000000000000000000000000000000000000000000000000,0.84%,-23.79%,1897,0.71,600657.SH,,信达地产,
MARKET.SH,600655,4.57,4.55,4.62,4.52,4.53,15:00:00.264,-4.57,10804100,191400,49300848.0,4532900,6271300,-1,19.84,"{'bid': [{'price': 4.57, 'vol': 1272}], 'ask': [{'price': 4.58, 'vol': 26}]}",0001000111010110,-0.21%,0.02%,874716.0,0.00%,0,0,000000000000000000000000000000000000000000000000,1.59%,24.55%,2509,0.28,600655.SH,,豫园股份,
MARKET.SH,600654,3.58,3.59,3.61,3.52,3.55,15:00:00.858,-3.58,78502600,1102400,279653184.0,39146000,39356600,-1,116.5,"{'bid': [{'price': 3.58, 'vol': 8357}], 'ask': [{'price': 3.59, 'vol': 4146}]}",0000000000010110,-0.27%,0.14%,3946624.0,0.28%,0,0,000000000000000000000000000000000000000000000000,1.29%,3.12%,4273,3.39,600654.SH,,中安科,
MARKET.SH,600653,1.71,1.69,1.73,1.69,1.69,15:00:00.180,-1.71,17483000,105400,29786386.0,8071600,9411500,-1,63.14,"{'bid': [{'price': 1.71, 'vol': 3302}], 'ask': [{'price': 1.72, 'vol': 3160}]}",0001011011010110,0.00%,0.04%,180236.0,0.00%,0,0,000000000000000000000000000000000000000000000000,1.47%,19.89%,1427,0.9,600653.SH,,申华控股,
MARKET.SH,600651,7.0,6.84,7.05,6.84,6.83,14:59:58.204,-7.0,19642400,276500,136509632.0,9235400,10407100,0,126.33,"{'bid': [{'price': 6.99, 'vol': 872}], 'ask': [{'price': 7.0, 'vol': 1236}]}",0001100010010110,0.14%,0.05%,1935536.0,0.15%,0,0,000000000000000000000000000000000000000000000000,1.16%,-14.02%,2567,0.78,600651.SH,,飞乐音响,
MARKET.SH,600650,12.91,13.3,13.84,12.82,12.82,14:59:56.796,-12.91,13981000,157200,184407824.0,7732300,6248700,-1,319.47,"{'bid': [{'price': 12.91, 'vol': 1216}], 'ask': [{'price': 12.92, 'vol': 334}]}",0000000010010110,-0.07%,0.24%,2029536.0,0.00%,0,0,000000000000000000000000000000000000000000000000,1.45%,51.85%,2513,3.58,600650.SH,,锦江在线,
MARKET.SH,600649,3.83,3.88,3.89,3.81,3.85,15:00:00.108,-3.83,14755300,261500,56837584.0,7198200,7557100,0,240.33,"{'bid': [{'price': 3.83, 'vol': 5002}], 'ask': [{'price': 3.84, 'vol': 1904}]}",0000101110010110,-0.25%,0.04%,1001528.0,0.00%,0,0,000000000000000000000000000000000000000000000000,1.64%,13.74%,1881,0.59,600649.SH,,城投控股,
MARKET.SH,600648,9.81,9.74,9.99,9.74,9.79,14:59:57.552,-9.81,1579500,59900,15496312.0,971500,608000,0,28.54,"{'bid': [{'price': 9.8, 'vol': 46}], 'ask': [{'price': 9.81, 'vol': 486}]}",0000000000010110,0.20%,0.02%,587619.0,0.00%,0,0,000000000000000000000000000000000000000000000000,2.66%,-74.74%,775,0.14,600648.SH,,外高桥,
MARKET.SH,600644,11.17,11.33,11.35,11.05,11.25,14:59:57.422,-11.17,13119800,162500,146350512.0,6694000,6425800,-1,31.84,"{'bid': [{'price': 11.17, 'vol': 1314}], 'ask': [{'price': 11.18, 'vol': 752}]}",0000100100010110,0.09%,0.16%,1815120.0,0.00%,0,0,000000000000000000000000000000000000000000000000,1.66%,52.52%,3087,2.44,600644.SH,,乐山电力,
MARKET.SH,600643,4.56,4.68,4.7,4.51,4.64,14:59:59.802,-4.56,19415500,283300,88744216.0,11046600,8369000,0,32.13,"{'bid': [{'price': 4.56, 'vol': 1989}], 'ask': [{'price': 4.57, 'vol': 792}]}",0001010100010110,-0.21%,0.06%,1291840.0,0.00%,0,0,000000000000000000000000000000000000000000000000,1.12%,29.22%,2378,1.22,600643.SH,,爱建集团,
MARKET.SH,600642,9.43,9.54,9.62,9.38,9.51,14:59:57.689,-9.43,22716400,394700,214802336.0,12279000,10437500,-1,86.91,"{'bid': [{'price': 9.43, 'vol': 3193}], 'ask': [{'price': 9.44, 'vol': 269}]}",0000110011010110,-0.20%,0.05%,3722000.0,0.00%,0,0,000000000000000000000000000000000000000000000000,1.74%,59.14%,3378,0.46,600642.SH,,申能股份,
MARKET.SH,600640,12.34,12.88,12.96,12.03,12.85,14:59:57.001,-12.34,23950000,371800,296170496.0,13329000,10621000,-3,296.11,"{'bid': [{'price': 12.33, 'vol': 406}], 'ask': [{'price': 12.34, 'vol': 127}]}",0000011010010110,-0.15%,0.27%,4588000.0,0.47%,0,0,000000000000000000000000000000000000000000000000,1.31%,5.69%,3671,3.01,600640.SH,,国脉文化,
MARKET.SH,600639,9.95,10.0,10.02,9.94,9.95,14:59:57.862,-9.95,4156200,79800,41456960.0,2246200,1910100,0,16.2,"{'bid': [{'price': 9.94, 'vol': 1965}], 'ask': [{'price': 9.95, 'vol': 288}]}",0001001111010110,0.00%,0.05%,793996.0,0.00%,0,0,000000000000000000000000000000000000000000000000,1.87%,58.07%,1618,0.49,600639.SH,,浦东金桥,
MARKET.SH,600638,5.8,5.78,5.85,5.67,5.72,14:59:58.996,-5.8,8152300,132100,46931492.0,4070900,4081400,0,5.38,"{'bid': [{'price': 5.79, 'vol': 1742}], 'ask': [{'price': 5.8, 'vol': 256}]}",0000101000010110,0.00%,0.05%,766196.0,0.00%,0,0,000000000000000000000000000000000000000000000000,1.14%,-3.65%,1650,1.21,600638.SH,,新黄浦,
MARKET.SH,600637,10.4,10.45,10.48,10.25,10.39,14:59:57.340,-10.4,71389000,1329400,740854080.0,38805900,32583100,0,570.47,"{'bid': [{'price': 10.39, 'vol': 1135}], 'ask': [{'price': 10.4, 'vol': 2326}]}",0000001110010110,0.19%,0.14%,13825728.0,0.00%,0,0,000000000000000000000000000000000000000000000000,1.77%,-21.65%,4328,2.12,600637.SH,,东方明珠,
MARKET.SH,600635,5.64,5.53,5.67,5.49,5.46,14:59:58.693,-5.64,106647200,1380100,599083072.0,50099600,56547600,0,394.4,"{'bid': [{'price': 5.64, 'vol': 5800}], 'ask': [{'price': 5.65, 'vol': 17095}]}",0000001011010110,0.00%,0.22%,7783808.0,0.18%,0,0,000000000000000000000000000000000000000000000000,1.79%,-48.96%,4095,4.41,600635.SH,,大众公用,
MARKET.SH,600633,12.86,12.75,12.91,12.73,12.7,14:59:56.814,-12.86,21094600,236000,270239136.0,11092200,10002400,1,129.41,"{'bid': [{'price': 12.85, 'vol': 1464}], 'ask': [{'price': 12.86, 'vol': 84}]}",0000000000010110,0.08%,0.09%,3034976.0,0.00%,0,0,000000000000000000000000000000000000000000000000,1.30%,22.72%,3253,1.66,600633.SH,,浙数文化,
MARKET.SH,600630,8.06,7.83,8.09,7.7,7.77,14:59:57.822,-8.06,10098600,88300,80428864.0,3502100,6596600,1,46.75,"{'bid': [{'price': 8.06, 'vol': 61}], 'ask': [{'price': 8.07, 'vol': 167}]}",0001010110010110,0.00%,0.06%,711672.0,1.16%,0,0,000000000000000000000000000000000000000000000000,0.82%,-56.08%,2080,2.38,600630.SH,,龙头股份,
MARKET.SH,600628,6.48,6.44,6.5,6.39,6.43,14:59:59.471,-6.48,5220400,82200,33658648.0,2730500,2490000,0,48.75,"{'bid': [{'price': 6.47, 'vol': 36}], 'ask': [{'price': 6.48, 'vol': 421}]}",0001100011010110,0.15%,0.04%,532668.0,0.00%,0,0,000000000000000000000000000000000000000000000000,1.22%,-38.26%,1308,0.81,600628.SH,,新世界,
MARKET.SH,600626,4.11,4.22,4.28,4.03,4.17,14:59:59.964,-4.11,30361500,519100,124563592.0,16363700,13997900,-2,107.78,"{'bid': [{'price': 4.11, 'vol': 7780}], 'ask': [{'price': 4.12, 'vol': 120}]}",0001010110010110,-0.23%,0.19%,2133432.0,0.00%,0,0,000000000000000000000000000000000000000000000000,1.79%,49.68%,2791,2.74,600626.SH,,申达股份,
MARKET.SH,600623,9.54,9.43,9.65,9.35,9.45,14:59:57.649,-9.54,21426300,238400,203739584.0,10449400,10976900,0,212.93,"{'bid': [{'price': 9.54, 'vol': 334}], 'ask': [{'price': 9.55, 'vol': 274}]}",0000101010010110,0.00%,0.11%,2274368.0,1.29%,0,0,000000000000000000000000000000000000000000000000,1.60%,9.00%,3191,1.14,600623.SH,,华谊集团,
MARKET.SH,600622,2.5,2.48,2.51,2.46,2.48,15:00:00.906,-2.5,14380700,282100,35732836.0,7109400,7271300,1,11.46,"{'bid': [{'price': 2.49, 'vol': 8554}], 'ask': [{'price': 2.5, 'vol': 606}]}",0000100111010110,0.00%,0.06%,705260.0,0.00%,0,0,000000000000000000000000000000000000000000000000,1.76%,54.44%,1355,0.96,600622.SH,,光大嘉宝,
MARKET.SH,600621,13.67,13.98,14.05,13.64,13.93,14:59:55.802,-13.67,13988400,160500,191959360.0,8323400,5665000,-1,107.37,"{'bid': [{'price': 13.67, 'vol': 175}], 'ask': [{'price': 13.68, 'vol': 485}]}",0000011110010110,0.00%,0.06%,2194016.0,0.29%,0,0,000000000000000000000000000000000000000000000000,0.94%,70.96%,2894,1.32,600621.SH,,华鑫股份,
MARKET.SH,600620,5.11,5.12,5.18,5.0,5.03,14:59:59.604,-5.11,6409500,36100,32653530.0,3060600,3349000,-1,27.6,"{'bid': [{'price': 5.11, 'vol': 98}], 'ask': [{'price': 5.12, 'vol': 449}]}",0000110010010110,0.00%,0.04%,184470.0,0.00%,0,0,000000000000000000000000000000000000000000000000,0.88%,-8.42%,1622,0.93,600620.SH,,天宸股份,
MARKET.SH,600618,11.31,11.19,11.36,11.1,11.18,14:59:57.012,-11.31,8216500,93700,92424512.0,3251200,4965300,-1,25.51,"{'bid': [{'price': 11.31, 'vol': 707}], 'ask': [{'price': 11.32, 'vol': 325}]}",0000001001010110,0.00%,0.11%,1059752.0,0.00%,0,0,000000000000000000000000000000000000000000000000,1.36%,-10.41%,2189,1.1,600618.SH,,氯碱化工,
MARKET.SH,600617,3.6,3.54,3.63,3.46,3.53,14:59:59.428,-3.6,40256900,343300,144091072.0,21621800,18635200,-1,30.55,"{'bid': [{'price': 3.6, 'vol': 1428}], 'ask': [{'price': 3.61, 'vol': 498}]}",0000110011010110,0.00%,0.20%,1235872.0,0.00%,0,0,000000000000000000000000000000000000000000000000,1.72%,-34.91%,2661,2.27,600617.SH,,国新能源,
MARKET.SH,600616,4.65,4.66,4.71,4.59,4.66,14:59:59.050,-4.65,6012500,69500,27844638.0,3239800,2772700,1,16.36,"{'bid': [{'price': 4.65, 'vol': 357}], 'ask': [{'price': 4.66, 'vol': 476}]}",0000000110010110,0.22%,0.04%,323174.0,0.22%,0,0,000000000000000000000000000000000000000000000000,1.29%,-8.07%,1278,0.9,600616.SH,,金枫酒业,
MARKET.SH,600615,12.04,12.18,12.35,11.88,12.2,14:59:56.749,-12.04,9276100,169600,111536904.0,4819800,4456400,0,533.48,"{'bid': [{'price': 12.03, 'vol': 129}], 'ask': [{'price': 12.04, 'vol': 215}]}",0001010011010110,0.17%,0.24%,2041984.0,0.00%,0,0,000000000000000000000000000000000000000000000000,1.97%,-10.87%,2592,4.12,600615.SH,,鑫源智造,
MARKET.SH,600613,5.43,5.41,5.49,5.33,5.33,14:59:59.129,-5.43,5379300,24200,29094544.0,2462500,2916800,0,34.03,"{'bid': [{'price': 5.43, 'vol': 263}], 'ask': [{'price': 5.44, 'vol': 89}]}",0000000000010110,0.00%,0.03%,131400.0,0.00%,0,0,000000000000000000000000000000000000000000000000,0.81%,-22.79%,1484,1.12,600613.SH,,神奇制药,
MARKET.SH,600611,6.13,6.13,6.13,6.13,5.57,14:59:58.517,-6.13,58462500,119300,358375616.0,47697900,10764700,0,13124.47,"{'bid': [{'price': 6.13, 'vol': 342659}], 'ask': [{'price': 0.0, 'vol': 0}]}",0001001111010110,0.00%,0.02%,731200.0,0.00%,0,0,000000000000000000000000000000000000000000000000,0.22%,0.00%,2611,3.74,600611.SH,,大众交通,
MARKET.SH,600610,8.69,8.65,8.76,8.51,8.65,14:59:57.955,-8.69,18902500,211900,163249408.0,9386500,9516100,-1,37.02,"{'bid': [{'price': 8.69, 'vol': 1547}], 'ask': [{'price': 8.7, 'vol': 742}]}",0001100001010110,-0.10%,0.15%,1841408.0,0.00%,0,0,000000000000000000000000000000000000000000000000,1.69%,37.18%,3015,2.67,600610.SH,,中毅达,
MARKET.SH,600609,3.76,3.79,3.81,3.71,3.79,14:59:59.370,-3.76,17719400,110300,66421792.0,9035900,8683600,0,27.14,"{'bid': [{'price': 3.75, 'vol': 1714}], 'ask': [{'price': 3.76, 'vol': 1633}]}",0000110100010110,0.00%,0.03%,414768.0,0.00%,0,0,000000000000000000000000000000000000000000000000,0.68%,-10.52%,1557,1.36,600609.SH,,金杯汽车,
MARKET.SH,600606,1.41,1.4,1.42,1.38,1.4,15:00:02.160,-1.41,84037000,1361700,117542064.0,36269200,47767900,1,74.58,"{'bid': [{'price': 1.4, 'vol': 20390}], 'ask': [{'price': 1.41, 'vol': 16909}]}",0000110011010110,0.00%,0.09%,1920064.0,0.00%,0,0,000000000000000000000000000000000000000000000000,1.96%,-17.95%,2895,0.6,600606.SH,,绿地控股,
MARKET.SH,600604,5.29,5.22,5.5,5.21,5.79,14:59:59.539,-5.29,116156200,1281700,614698880.0,68283200,47873100,-1,4350.4,"{'bid': [{'price': 5.29, 'vol': 1638}], 'ask': [{'price': 5.3, 'vol': 3192}]}",0001010001010110,1.54%,0.48%,6780032.0,0.00%,0,0,000000000000000000000000000000000000000000000000,1.13%,22.24%,4255,8.25,600604.SH,,市北高新,
MARKET.SH,600603,5.32,5.24,5.39,5.19,5.27,14:59:59.168,-5.32,8500700,52300,44971932.0,4469200,4031500,-1,26.41,"{'bid': [{'price': 5.32, 'vol': 226}], 'ask': [{'price': 5.33, 'vol': 1335}]}",0000100000010110,0.00%,0.03%,278584.0,0.00%,0,0,000000000000000000000000000000000000000000000000,0.74%,-41.37%,1563,0.72,600603.SH,,广汇物流,
MARKET.SH,600601,12.79,11.9,12.79,11.9,11.63,14:59:56.119,-12.79,342287800,529900,4282244096.0,154498200,187789700,0,1519.27,"{'bid': [{'price': 12.79, 'vol': 68288}], 'ask': [{'price': 0.0, 'vol': 0}]}",0001011001010110,0.00%,0.04%,6777856.0,0.00%,0,0,000000000000000000000000000000000000000000000000,0.14%,0.00%,4640,8.21,600601.SH,,方正科技,
MARKET.SH,600597,6.99,7.11,7.11,6.98,7.08,14:59:58.207,-6.99,7795600,167500,54715692.0,4716400,3079200,0,10.17,"{'bid': [{'price': 6.99, 'vol': 1485}], 'ask': [{'price': 7.0, 'vol': 137}]}",0000000000010110,-0.28%,0.04%,1170828.0,0.00%,0,0,000000000000000000000000000000000000000000000000,1.83%,56.76%,1833,0.57,600597.SH,,光明乳业,
MARKET.SH,600596,13.26,12.19,13.26,12.08,12.05,14:59:55.950,-13.26,77518500,138000,1005438016.0,37205100,40313500,0,266.35,"{'bid': [{'price': 13.26, 'vol': 53773}], 'ask': [{'price': 0.0, 'vol': 0}]}",0001001100010110,0.00%,0.03%,1828992.0,0.41%,0,0,000000000000000000000000000000000000000000000000,0.17%,0.00%,3973,5.74,600596.SH,,新安股份,
MARKET.SH,600595,7.4,7.17,7.48,7.05,7.09,14:59:58.060,-7.4,71133600,706900,521949792.0,28515000,42618700,-1,104.68,"{'bid': [{'price': 7.39, 'vol': 3376}], 'ask': [{'price': 7.4, 'vol': 1039}]}",0000110100010110,0.14%,0.06%,5231104.0,0.00%,0,0,000000000000000000000000000000000000000000000000,1.00%,21.07%,4267,1.77,600595.SH,,中孚实业,
MARKET.SH,600594,3.72,3.66,3.75,3.65,3.67,15:00:00.774,-3.72,21665300,106900,79959336.0,10676600,10988700,0,37.15,"{'bid': [{'price': 3.71, 'vol': 2160}], 'ask': [{'price': 3.72, 'vol': 410}]}",0000000000010110,0.27%,0.06%,397680.0,0.00%,0,0,000000000000000000000000000000000000000000000000,0.76%,-19.27%,1959,2.74,600594.SH,,益佰制药,
MARKET.SH,600590,14.21,13.94,14.36,13.77,13.86,14:59:55.608,-14.21,31147500,185100,439536800.0,14414200,16733400,-1,156.69,"{'bid': [{'price': 14.2, 'vol': 1371}], 'ask': [{'price': 14.21, 'vol': 70}]}",0001000000010110,0.00%,0.11%,2630368.0,0.50%,0,0,000000000000000000000000000000000000000000000000,0.96%,-4.04%,4085,3.69,600590.SH,,泰豪科技,
MARKET.SH,600589,12.88,12.62,12.99,12.22,12.42,14:59:56.447,-12.88,191388500,1861700,2422161152.0,94804500,96584000,1,1217.07,"{'bid': [{'price': 12.87, 'vol': 8075}], 'ask': [{'price': 12.88, 'vol': 2610}]}",0000011100010110,0.31%,0.42%,23978240.0,0.00%,0,0,000000000000000000000000000000000000000000000000,1.33%,13.62%,4715,12.95,600589.SH,,大位科技,
MARKET.SH,600588,10.87,10.9,10.95,10.6,10.85,14:59:56.810,-10.87,47531400,382300,512894368.0,25193600,22337900,-2,252.44,"{'bid': [{'price': 10.87, 'vol': 604}], 'ask': [{'price': 10.88, 'vol': 192}]}",0001000001010110,0.00%,0.08%,4155584.0,0.00%,0,0,000000000000000000000000000000000000000000000000,1.40%,-28.80%,4127,1.39,600588.SH,,用友网络,
MARKET.SH,600587,13.19,13.3,13.33,13.15,13.33,14:59:57.055,-13.19,5028600,78100,66547480.0,2555300,2473300,-1,31.26,"{'bid': [{'price': 13.19, 'vol': 304}], 'ask': [{'price': 13.2, 'vol': 43}]}",0000001111010110,-0.22%,0.03%,1030152.0,-0.14%,0,0,000000000000000000000000000000000000000000000000,1.18%,67.00%,1814,0.83,600587.SH,,新华医疗,
MARKET.SH,600586,5.46,5.5,5.55,5.28,5.46,14:59:59.118,-5.46,61681100,739900,334163584.0,34367600,27313600,-1,106.48,"{'bid': [{'price': 5.46, 'vol': 1701}], 'ask': [{'price': 5.47, 'vol': 156}]}",0001001000010110,-0.35%,0.14%,4039968.0,0.00%,0,0,000000000000000000000000000000000000000000000000,1.08%,3.67%,3585,4.35,600586.SH,,金晶科技,
MARKET.SH,600583,6.02,5.98,6.04,5.93,5.98,14:59:59.276,-6.02,31408100,345200,188170960.0,14829000,16579100,1,66.5,"{'bid': [{'price': 6.01, 'vol': 1026}], 'ask': [{'price': 6.02, 'vol': 39}]}",0000000100010110,0.00%,0.04%,2078160.0,0.17%,0,0,000000000000000000000000000000000000000000000000,1.13%,28.47%,2781,0.71,600583.SH,,海油工程,
MARKET.SH,600582,5.38,5.4,5.43,5.36,5.4,14:59:59.147,-5.38,14117800,205400,76155944.0,7861700,6256100,0,29.32,"{'bid': [{'price': 5.38, 'vol': 3759}], 'ask': [{'price': 5.39, 'vol': 812}]}",0000101110010110,-0.18%,0.03%,1105048.0,0.00%,0,0,000000000000000000000000000000000000000000000000,1.41%,-0.32%,2188,0.34,600582.SH,,天地科技,
MARKET.SH,600579,7.09,6.92,7.14,6.82,6.85,14:59:58.171,-7.09,6687800,31400,46866376.0,3152800,3535000,0,8.93,"{'bid': [{'price': 7.08, 'vol': 553}], 'ask': [{'price': 7.09, 'vol': 37}]}",0000000000010110,-0.13%,0.06%,222608.0,-0.28%,0,0,000000000000000000000000000000000000000000000000,0.73%,-13.58%,1848,1.35,600579.SH,,中化装备,
MARKET.SH,600578,8.22,7.92,8.9,7.64,8.18,14:59:57.764,-8.22,527619100,6919500,4408786432.0,259204000,268415200,0,5863.89,"{'bid': [{'price': 8.22, 'vol': 285}], 'ask': [{'price': 8.23, 'vol': 2317}]}",0001010110010110,-0.59%,1.13%,56879616.0,0.51%,0,0,000000000000000000000000000000000000000000000000,1.43%,57.74%,4742,7.88,600578.SH,,京能电力,
MARKET.SH,600577,14.87,14.39,15.06,14.26,14.19,14:59:55.730,-14.87,94786000,1053800,1384325248.0,42700600,52085400,0,511.71,"{'bid': [{'price': 14.86, 'vol': 452}], 'ask': [{'price': 14.87, 'vol': 4039}]}",0000000111010110,0.13%,0.13%,15669888.0,0.00%,0,0,000000000000000000000000000000000000000000000000,1.19%,-39.93%,4269,4.41,600577.SH,,精达股份,
MARKET.SH,600576,5.86,5.79,5.89,5.76,5.77,14:59:59.334,-5.86,9524400,198400,55428388.0,4580000,4944400,2,24.9,"{'bid': [{'price': 5.85, 'vol': 917}], 'ask': [{'price': 5.86, 'vol': 843}]}",0000101000010110,0.51%,0.08%,1162620.0,0.00%,0,0,000000000000000000000000000000000000000000000000,1.84%,-20.46%,1571,1.44,600576.SH,,祥源文旅,
MARKET.SH,600575,3.99,3.76,4.08,3.73,3.76,14:59:59.647,-3.99,174422500,1097700,687015232.0,76809800,97612800,-1,97.5,"{'bid': [{'price': 3.98, 'vol': 3001}], 'ask': [{'price': 3.99, 'vol': 1454}]}",0000110111010110,0.00%,0.19%,4379648.0,0.00%,0,0,000000000000000000000000000000000000000000000000,0.75%,-28.93%,4063,4.49,600575.SH,,淮河能源,
MARKET.SH,600573,12.29,12.58,12.65,12.19,12.4,14:59:57.379,-12.29,8771800,140000,108139128.0,4346300,4425500,3,106.43,"{'bid': [{'price': 12.28, 'vol': 341}], 'ask': [{'price': 12.3, 'vol': 219}]}",0000000000010110,0.08%,0.27%,1720592.0,-0.07%,0,0,000000000000000000000000000000000000000000000000,1.89%,55.82%,2408,3.51,600573.SH,,惠泉啤酒,
MARKET.SH,600572,4.17,4.17,4.19,4.15,4.17,14:59:59.582,-4.17,27398100,495200,114191232.0,16534100,10864100,1,99.12,"{'bid': [{'price': 4.16, 'vol': 9906}], 'ask': [{'price': 4.17, 'vol': 1594}]}",0001011011010110,0.24%,0.05%,2064960.0,0.00%,0,0,000000000000000000000000000000000000000000000000,1.44%,19.91%,2328,1.08,600572.SH,,康恩贝,
MARKET.SH,600571,11.91,12.17,12.26,11.76,12.16,14:59:56.436,-11.91,10815200,82400,129110968.0,5348500,5466700,-1,10.34,"{'bid': [{'price': 11.91, 'vol': 38}], 'ask': [{'price': 11.92, 'vol': 44}]}",0000001001010110,0.00%,0.08%,981400.0,0.00%,0,0,000000000000000000000000000000000000000000000000,1.25%,-2.55%,2419,2.36,600571.SH,,信雅达,
MARKET.SH,600569,1.91,1.85,1.91,1.83,1.85,15:00:01.860,-1.91,24121100,640000,45336404.0,8790100,15331100,0,21.31,"{'bid': [{'price': 1.9, 'vol': 1382}], 'ask': [{'price': 1.91, 'vol': 8073}]}",0000110101010110,0.53%,0.13%,1222396.0,0.00%,0,0,000000000000000000000000000000000000000000000000,2.53%,-4.03%,1368,0.84,600569.SH,,安阳钢铁,
MARKET.SH,600567,1.37,1.33,1.38,1.32,1.32,15:00:00.984,-1.37,93977500,794700,126715872.0,30786900,63190700,1,96.33,"{'bid': [{'price': 1.36, 'vol': 71731}], 'ask': [{'price': 1.37, 'vol': 47671}]}",0001011111010110,0.00%,0.03%,1088728.0,0.00%,0,0,000000000000000000000000000000000000000000000000,0.61%,-6.27%,2277,1.49,600567.SH,,山鹰国际,
MARKET.SH,600561,6.79,6.61,6.81,6.45,6.57,14:59:58.999,-6.79,5390300,54600,35913408.0,2346800,3043500,0,93.53,"{'bid': [{'price': 6.77, 'vol': 14}], 'ask': [{'price': 6.79, 'vol': 24}]}",0000000001010110,0.00%,0.07%,370736.0,0.00%,0,0,000000000000000000000000000000000000000000000000,1.11%,-28.89%,1690,1.89,600561.SH,,江西长运,
MARKET.SH,600560,14.31,14.26,14.47,13.81,14.26,14:59:55.572,-14.31,4357900,54200,61784996.0,2124400,2233500,1,4.85,"{'bid': [{'price': 14.31, 'vol': 91}], 'ask': [{'price': 14.32, 'vol': 227}]}",0000000000010110,0.07%,0.08%,775620.0,0.00%,0,0,000000000000000000000000000000000000000000000000,1.14%,29.17%,2279,1.95,600560.SH,,金自天正,
MARKET.SH,600559,12.9,13.33,13.37,12.9,13.4,14:59:56.080,-12.9,15490700,373500,201977968.0,9631200,5859600,-1,61.05,"{'bid': [{'price': 12.9, 'vol': 2220}], 'ask': [{'price': 12.91, 'vol': 431}]}",0001000111010110,-0.22%,0.11%,4818080.0,0.00%,0,0,000000000000000000000000000000000000000000000000,2.37%,14.04%,3284,1.7,600559.SH,,老白干酒,
MARKET.SH,600558,5.59,5.47,5.6,5.44,5.47,14:59:59.791,-5.59,10787700,47800,59767948.0,5066500,5721200,0,20.35,"{'bid': [{'price': 5.58, 'vol': 681}], 'ask': [{'price': 5.59, 'vol': 2022}]}",0000000000010110,0.00%,0.02%,267200.0,0.00%,0,0,000000000000000000000000000000000000000000000000,0.64%,-52.09%,2023,1.2,600558.SH,,大西洋,
MARKET.SH,600557,12.18,12.44,12.5,12.08,12.43,14:59:57.059,-12.18,7173300,73800,87604192.0,4208700,2964700,0,11.44,"{'bid': [{'price': 12.18, 'vol': 551}], 'ask': [{'price': 12.19, 'vol': 96}]}",0001011000010110,-0.24%,0.05%,898840.0,0.00%,0,0,000000000000000000000000000000000000000000000000,1.08%,33.95%,2548,1.27,600557.SH,,康缘药业,
MARKET.SH,600556,5.44,5.63,5.65,5.4,5.58,15:00:00.342,-5.44,49323800,606000,269667584.0,25902500,23421400,0,84.68,"{'bid': [{'price': 5.43, 'vol': 2798}], 'ask': [{'price': 5.44, 'vol': 1461}]}",0001001101010110,-0.17%,0.12%,3296576.0,0.00%,0,0,000000000000000000000000000000000000000000000000,1.33%,11.20%,3678,2.73,600556.SH,,天下秀,
MARKET.SH,600551,7.55,7.68,7.69,7.37,7.86,14:59:58.366,-7.55,10699700,176600,80908280.0,5606600,5093100,1,170.34,"{'bid': [{'price': 7.55, 'vol': 1044}], 'ask': [{'price': 7.56, 'vol': 16}]}",0000000010010110,-0.25%,0.18%,1333296.0,0.00%,0,0,000000000000000000000000000000000000000000000000,2.08%,10.73%,2031,1.58,600551.SH,,时代出版,
MARKET.SH,600550,14.14,14.21,14.33,14.08,14.2,14:59:55.633,-14.14,36770200,449400,521165088.0,18447900,18322300,0,268.85,"{'bid': [{'price': 14.14, 'vol': 1540}], 'ask': [{'price': 14.15, 'vol': 2205}]}",0000000010010110,0.07%,0.14%,6354592.0,0.28%,0,0,000000000000000000000000000000000000000000000000,1.56%,40.58%,4370,2.0,600550.SH,,保变电气,
MARKET.SH,600548,8.79,8.82,8.85,8.72,8.82,14:59:58.639,-8.79,2011200,14400,17642516.0,969600,1041600,-1,10.5,"{'bid': [{'price': 8.79, 'vol': 657}], 'ask': [{'price': 8.8, 'vol': 15}]}",0000000001010110,-0.10%,0.02%,126576.0,0.00%,0,0,000000000000000000000000000000000000000000000000,0.99%,45.51%,894,0.12,600548.SH,,深高速,
MARKET.SH,600546,13.09,13.39,13.42,13.01,13.35,14:59:57.091,-13.09,17681300,179500,232442752.0,7712600,9968700,2,60.92,"{'bid': [{'price': 13.08, 'vol': 21}], 'ask': [{'price': 13.09, 'vol': 37}]}",0000000000010110,0.08%,0.06%,2349648.0,0.00%,0,0,000000000000000000000000000000000000000000000000,1.47%,-25.25%,3663,0.89,600546.SH,,山煤国际,
MARKET.SH,600545,6.38,5.9,6.38,5.88,5.8,14:59:58.787,-6.38,103791300,169800,644458048.0,62698500,41092800,0,576.96,"{'bid': [{'price': 6.38, 'vol': 158260}], 'ask': [{'price': 0.0, 'vol': 0}]}",0000101110010110,0.00%,0.03%,1083264.0,0.00%,0,0,000000000000000000000000000000000000000000000000,0.11%,0.00%,3107,5.81,600545.SH,,卓郎智能,
MARKET.SH,600540,5.05,5.0,5.08,4.85,4.95,14:59:59.266,-5.05,20552300,153300,102362072.0,8080800,12471600,1,41.95,"{'bid': [{'price': 5.04, 'vol': 298}], 'ask': [{'price': 5.05, 'vol': 845}]}",0001010100010110,0.00%,0.12%,774160.0,0.00%,0,0,000000000000000000000000000000000000000000000000,0.97%,-25.75%,2602,3.54,600540.SH,,新赛股份,
MARKET.SH,600539,14.85,13.71,14.85,13.62,13.5,14:59:55.738,-14.85,11404700,48300,164283008.0,5646900,5757800,0,170.83,"{'bid': [{'price': 14.85, 'vol': 65193}], 'ask': [{'price': 0.0, 'vol': 0}]}",0000000000010110,0.00%,0.04%,717360.0,0.37%,0,0,000000000000000000000000000000000000000000000000,0.22%,0.00%,909,4.96,600539.SH,,狮头股份,
MARKET.SH,600538,6.96,6.84,7.06,6.65,6.82,14:59:58.578,-6.96,22029600,408600,151980688.0,11411100,10618500,0,30.03,"{'bid': [{'price': 6.96, 'vol': 961}], 'ask': [{'price': 6.97, 'vol': 18}]}",0000000000010110,-0.13%,0.15%,2843824.0,0.00%,0,0,000000000000000000000000000000000000000000000000,1.62%,25.13%,2212,4.2,600538.SH,,国发股份,
MARKET.SH,600535,14.19,14.36,14.48,14.19,14.38,14:59:55.615,-14.19,8670400,153300,124010432.0,5176800,3493600,-1,74.53,"{'bid': [{'price': 14.19, 'vol': 481}], 'ask': [{'price': 14.2, 'vol': 140}]}",0000100100010110,-0.20%,0.05%,2175328.0,0.00%,0,0,000000000000000000000000000000000000000000000000,2.22%,-1.10%,3174,0.58,600535.SH,,天士力,
MARKET.SH,600533,2.35,2.29,2.38,2.24,2.26,14:59:59.878,-2.35,20980800,210500,48560768.0,10519900,10460900,0,56.61,"{'bid': [{'price': 2.34, 'vol': 732}], 'ask': [{'price': 2.35, 'vol': 226}]}",0000000000010110,0.43%,0.09%,494688.0,0.00%,0,0,000000000000000000000000000000000000000000000000,1.19%,-22.11%,1848,2.0,600533.SH,,栖霞建设,
MARKET.SH,600531,13.92,13.35,14.13,13.15,13.23,14:59:55.712,-13.92,50864000,873900,697592256.0,21884300,28979700,-2,299.97,"{'bid': [{'price': 13.92, 'vol': 281}], 'ask': [{'price': 13.93, 'vol': 261}]}",0000000100010110,-0.13%,0.17%,12164736.0,0.07%,0,0,000000000000000000000000000000000000000000000000,1.30%,31.84%,4498,4.21,600531.SH,,豫光金铅,
MARKET.SH,600530,7.52,6.85,7.52,6.85,6.84,14:59:58.376,-7.52,34216800,24700,254063872.0,22417400,11799400,0,398.19,"{'bid': [{'price': 7.52, 'vol': 20505}], 'ask': [{'price': 0.0, 'vol': 0}]}",0000011001010110,0.00%,0.04%,185728.0,0.00%,0,0,000000000000000000000000000000000000000000000000,0.17%,0.00%,1894,4.42,600530.SH,,交大昂立,
MARKET.SH,600528,7.48,7.5,7.56,7.46,7.51,14:59:58.391,-7.48,12422500,192300,93097568.0,6837900,5584700,0,99.75,"{'bid': [{'price': 7.48, 'vol': 4594}], 'ask': [{'price': 7.49, 'vol': 174}]}",0001100010010110,-0.12%,0.04%,1438488.0,0.00%,0,0,000000000000000000000000000000000000000000000000,1.34%,64.07%,2247,0.56,600528.SH,,中铁工业,
MARKET.SH,600527,2.71,2.63,2.72,2.58,2.63,15:00:00.780,-2.71,84637900,1297100,226142112.0,37150200,47487700,0,212.85,"{'bid': [{'price': 2.7, 'vol': 4028}], 'ask': [{'price': 2.71, 'vol': 10312}]}",0000010110010110,0.37%,0.18%,3515184.0,0.00%,0,0,000000000000000000000000000000000000000000000000,1.25%,-27.21%,3528,4.89,600527.SH,,江南高纤,
MARKET.SH,600526,5.0,4.99,5.03,4.93,4.96,14:59:59.284,-5.0,5725100,54000,28519388.0,3141100,2584100,1,25.2,"{'bid': [{'price': 4.99, 'vol': 1352}], 'ask': [{'price': 5.0, 'vol': 106}]}",0001011011010110,0.00%,0.02%,270012.0,0.00%,0,0,000000000000000000000000000000000000000000000000,0.98%,-4.37%,1478,0.66,600526.SH,,菲达环保,
MARKET.SH,600523,12.83,12.79,12.99,12.61,12.69,14:59:56.465,-12.83,5143100,11200,65926604.0,2331200,2811900,1,10.49,"{'bid': [{'price': 12.82, 'vol': 59}], 'ask': [{'price': 12.83, 'vol': 406}]}",0000001000010110,0.16%,0.04%,143692.0,0.00%,0,0,000000000000000000000000000000000000000000000000,0.84%,-19.35%,1833,1.27,600523.SH,,贵航股份,
MARKET.SH,600518,1.56,1.52,1.59,1.5,1.52,15:00:01.470,-1.56,279507100,1952800,431128928.0,104542100,174965100,0,239.95,"{'bid': [{'price': 1.55, 'vol': 91137}], 'ask': [{'price': 1.56, 'vol': 23520}]}",0000111011010110,0.00%,0.04%,3046464.0,0.00%,0,0,000000000000000000000000000000000000000000000000,0.62%,-22.82%,3628,2.02,600518.SH,,康美药业,
MARKET.SH,600517,5.54,5.54,5.58,5.48,5.53,14:59:59.449,-5.54,24226000,510700,133821608.0,11945500,12280500,0,39.83,"{'bid': [{'price': 5.53, 'vol': 603}], 'ask': [{'price': 5.54, 'vol': 239}]}",0000000000010110,0.00%,0.10%,2829112.0,0.00%,0,0,000000000000000000000000000000000000000000000000,2.45%,-6.75%,2840,0.42,600517.SH,,国网英大,
MARKET.SH,600516,5.15,5.06,5.2,5.04,5.05,14:59:59.590,-5.15,49417800,802100,252522496.0,22016200,27401600,-1,92.95,"{'bid': [{'price': 5.15, 'vol': 748}], 'ask': [{'price': 5.16, 'vol': 4901}]}",0000010001010110,0.00%,0.06%,4131072.0,0.00%,0,0,000000000000000000000000000000000000000000000000,1.26%,-52.25%,3583,1.23,600516.SH,,方大炭素,
MARKET.SH,600515,3.22,3.25,3.25,3.18,3.23,14:59:59.924,-3.22,77467500,1062600,248453648.0,36148500,41319100,-1,100.98,"{'bid': [{'price': 3.22, 'vol': 119}], 'ask': [{'price': 3.23, 'vol': 11962}]}",0001010000010110,0.00%,0.04%,3421472.0,0.00%,0,0,000000000000000000000000000000000000000000000000,1.40%,0.62%,3662,0.84,600515.SH,,海南机场,
MARKET.SH,600512,2.26,2.24,2.26,2.22,2.23,15:00:01.050,-2.26,18666900,231300,41827488.0,9162000,9504900,0,31.96,"{'bid': [{'price': 2.25, 'vol': 7452}], 'ask': [{'price': 2.26, 'vol': 236}]}",0000000000010110,0.00%,0.04%,522720.0,0.00%,0,0,000000000000000000000000000000000000000000000000,1.30%,-7.09%,1451,1.18,600512.SH,,腾达建设,
MARKET.SH,600510,8.98,9.07,9.17,8.7,9.02,14:59:58.571,-8.98,20389600,147300,182575968.0,11633000,8756700,1,32.74,"{'bid': [{'price': 8.98, 'vol': 2413}], 'ask': [{'price': 8.99, 'vol': 1140}]}",0001100010010110,0.11%,0.07%,1322768.0,0.00%,0,0,000000000000000000000000000000000000000000000000,0.63%,37.17%,2732,1.98,600510.SH,,黑牡丹,
MARKET.SH,600509,9.64,9.29,9.75,9.27,9.06,14:59:57.253,-9.64,103172800,948300,986934336.0,44777400,58395400,-1,798.66,"{'bid': [{'price': 9.63, 'vol': 1727}], 'ask': [{'price': 9.64, 'vol': 76}]}",0000100010010110,-0.09%,0.21%,9141760.0,0.54%,0,0,000000000000000000000000000000000000000000000000,0.89%,-46.21%,4398,7.51,600509.SH,,天富能源,
MARKET.SH,600508,12.88,12.91,13.06,12.7,12.96,14:59:56.087,-12.88,6152700,73700,79115800.0,3319100,2833600,-1,38.73,"{'bid': [{'price': 12.88, 'vol': 162}], 'ask': [{'price': 12.89, 'vol': 20}]}",0000001111010110,0.00%,0.06%,949232.0,0.00%,0,0,000000000000000000000000000000000000000000000000,1.22%,16.11%,2409,0.85,600508.SH,,上海能源,
MARKET.SH,600507,4.72,4.74,4.8,4.66,4.73,14:59:59.744,-4.72,23780500,248000,112055048.0,12602000,11178600,-1,29.06,"{'bid': [{'price': 4.72, 'vol': 1879}], 'ask': [{'price': 4.73, 'vol': 1300}]}",0000110010010110,-0.20%,0.03%,1170608.0,0.42%,0,0,000000000000000000000000000000000000000000000000,0.84%,15.13%,2856,1.03,600507.SH,,方大特钢,
MARKET.SH,600505,12.41,12.48,12.62,12.3,12.48,14:59:56.256,-12.41,7396100,61300,91845952.0,4047600,3348500,1,31.2,"{'bid': [{'price': 12.4, 'vol': 530}], 'ask': [{'price': 12.41, 'vol': 457}]}",0000000100010110,0.08%,0.14%,760736.0,-0.07%,0,0,000000000000000000000000000000000000000000000000,1.51%,16.17%,2321,2.03,600505.SH,,西昌电力,
MARKET.SH,600503,2.6,2.36,2.6,2.36,2.36,14:59:59.788,-2.6,52116500,155700,132465784.0,25880900,26235600,0,13.5,"{'bid': [{'price': 2.6, 'vol': 131016}], 'ask': [{'price': 0.0, 'vol': 0}]}",0000001010010110,0.00%,0.02%,404800.0,0.00%,0,0,000000000000000000000000000000000000000000000000,0.20%,0.00%,2067,3.25,600503.SH,,华丽家族,
MARKET.SH,600502,5.09,5.05,5.13,5.01,5.04,14:59:59.611,-5.09,20594100,227400,104377904.0,8948100,11646000,0,32.12,"{'bid': [{'price': 5.09, 'vol': 65}], 'ask': [{'price': 5.1, 'vol': 552}]}",0000110000010110,-0.19%,0.05%,1157472.0,0.00%,0,0,000000000000000000000000000000000000000000000000,1.32%,17.74%,3385,1.2,600502.SH,,安徽建工,
MARKET.SH,600500,6.31,5.95,6.49,5.88,5.93,14:59:58.452,-6.31,154983500,1633100,962064576.0,60267900,94715700,0,178.26,"{'bid': [{'price': 6.31, 'vol': 2579}], 'ask': [{'price': 6.32, 'vol': 840}]}",0001000111010110,-0.46%,0.13%,10304832.0,0.00%,0,0,000000000000000000000000000000000000000000000000,0.68%,-21.60%,4387,4.32,600500.SH,,中化国际,
MARKET.SH,600497,10.16,9.24,10.16,9.24,9.24,14:59:58.146,-10.16,263856700,293600,2574760448.0,121459400,142397300,0,1676.14,"{'bid': [{'price': 10.16, 'vol': 109718}], 'ask': [{'price': 0.0, 'vol': 0}]}",0000001111010110,0.00%,0.01%,2982656.0,0.00%,0,0,000000000000000000000000000000000000000000000000,0.08%,0.00%,4629,5.23,600497.SH,,驰宏锌锗,
MARKET.SH,600496,4.05,4.11,4.15,4.03,4.08,14:59:59.986,-4.05,47011700,537500,191770064.0,30219500,16792200,-1,45.09,"{'bid': [{'price': 4.05, 'vol': 4395}], 'ask': [{'price': 4.06, 'vol': 655}]}",0000000000010110,-0.24%,0.06%,2176944.0,0.00%,0,0,000000000000000000000000000000000000000000000000,0.88%,64.84%,2769,2.36,600496.SH,,精工钢构,
MARKET.SH,600495,4.08,4.05,4.09,4.04,4.05,14:59:59.615,-4.08,7037600,33400,28582084.0,4194000,2843600,1,33.62,"{'bid': [{'price': 4.07, 'vol': 1735}], 'ask': [{'price': 4.08, 'vol': 2973}]}",0000110001010110,0.00%,0.02%,136270.0,0.50%,0,0,000000000000000000000000000000000000000000000000,0.87%,-31.97%,1418,0.58,600495.SH,,晋西车轴,
MARKET.SH,600493,7.18,7.01,7.19,6.81,6.87,14:59:58.859,-7.18,6418000,97500,45056004.0,3520200,2897800,3,97.16,"{'bid': [{'price': 7.15, 'vol': 15}], 'ask': [{'price': 7.18, 'vol': 240}]}",0000000000010110,0.56%,0.08%,700060.0,0.00%,0,0,000000000000000000000000000000000000000000000000,1.12%,-64.64%,1950,2.36,600493.SH,,凤竹纺织,
MARKET.SH,600490,8.13,7.59,8.19,7.48,7.51,14:59:58.517,-8.13,77821900,5059600,617785792.0,30852300,46969600,3,106.18,"{'bid': [{'price': 8.12, 'vol': 81}], 'ask': [{'price': 8.13, 'vol': 158}]}",0000001100010110,0.49%,0.49%,41134592.0,0.00%,0,0,000000000000000000000000000000000000000000000000,4.96%,-77.31%,3943,3.91,600490.SH,,鹏欣资源,
MARKET.SH,600488,5.42,5.64,5.68,5.35,5.66,14:59:59.132,-5.42,107661600,1608300,584392384.0,59408800,48252900,0,348.1,"{'bid': [{'price': 5.41, 'vol': 1690}], 'ask': [{'price': 5.42, 'vol': 1092}]}",0000110011010110,0.18%,0.77%,8716992.0,0.71%,0,0,000000000000000000000000000000000000000000000000,1.67%,45.77%,4538,9.86,600488.SH,,津药药业,
MARKET.SH,600483,10.75,10.55,10.78,10.4,10.54,14:59:57.214,-10.75,27987700,382600,297548416.0,11711400,16276300,0,99.06,"{'bid': [{'price': 10.75, 'vol': 640}], 'ask': [{'price': 10.76, 'vol': 315}]}",0000010111010110,-0.08%,0.09%,4112896.0,0.00%,0,0,000000000000000000000000000000000000000000000000,1.45%,-34.17%,3580,1.01,600483.SH,,福能股份,
MARKET.SH,600481,7.65,7.52,7.82,7.5,7.8,14:59:57.970,-7.65,255025100,3001800,1942497664.0,129759400,125265700,1,2514.91,"{'bid': [{'price': 7.64, 'vol': 26556}], 'ask': [{'price': 7.65, 'vol': 7582}]}",0000000000010110,0.39%,0.70%,22963712.0,-0.12%,0,0,000000000000000000000000000000000000000000000000,1.61%,58.34%,4739,12.35,600481.SH,,双良节能,
MARKET.SH,600480,11.88,11.6,12.12,11.38,11.53,14:59:57.167,-11.88,47257400,484200,553579392.0,21453300,25804100,0,120.41,"{'bid': [{'price': 11.88, 'vol': 1497}], 'ask': [{'price': 11.89, 'vol': 1783}]}",0000001000010110,-0.07%,0.17%,5752256.0,0.00%,0,0,000000000000000000000000000000000000000000000000,1.17%,-5.59%,3966,3.9,600480.SH,,凌云股份,
MARKET.SH,600479,10.19,10.15,10.3,10.1,10.12,14:59:57.775,-10.19,4056800,46000,41257040.0,2262900,1793900,0,8.32,"{'bid': [{'price': 10.19, 'vol': 238}], 'ask': [{'price': 10.2, 'vol': 419}]}",0000011100010110,0.10%,0.04%,468748.0,0.00%,0,0,000000000000000000000000000000000000000000000000,1.27%,59.19%,1461,0.97,600479.SH,,千金药业,
MARKET.SH,600478,6.56,6.55,6.61,6.48,6.55,14:59:58.722,-6.56,27906500,403100,182495264.0,14135100,13771400,-1,27.51,"{'bid': [{'price': 6.55, 'vol': 2326}], 'ask': [{'price': 6.56, 'vol': 167}]}",0000110001010110,-0.14%,0.06%,2644448.0,0.00%,0,0,000000000000000000000000000000000000000000000000,1.25%,-11.66%,3107,1.68,600478.SH,,科力远,
MARKET.SH,600477,2.83,2.82,2.85,2.79,2.82,15:00:00.708,-2.83,25083300,204700,70750168.0,12798700,12284700,0,42.72,"{'bid': [{'price': 2.83, 'vol': 2485}], 'ask': [{'price': 2.84, 'vol': 6422}]}",0001001010010110,0.00%,0.06%,579304.0,0.00%,0,0,000000000000000000000000000000000000000000000000,1.73%,2.78%,2007,1.06,600477.SH,,杭萧钢构,
MARKET.SH,600470,5.85,5.71,5.91,5.66,5.69,14:59:59.698,-5.85,17088300,154000,99161144.0,7199800,9888500,0,71.6,"{'bid': [{'price': 5.84, 'vol': 633}], 'ask': [{'price': 5.85, 'vol': 440}]}",0000000000010110,-0.16%,0.12%,900920.0,0.00%,0,0,000000000000000000000000000000000000000000000000,1.33%,-9.37%,2476,3.28,600470.SH,,六国化工,
MARKET.SH,600469,6.17,6.16,6.23,6.06,6.14,14:59:58.862,-6.17,6899500,44400,42575400.0,3108800,3790800,0,7.82,"{'bid': [{'price': 6.17, 'vol': 182}], 'ask': [{'price': 6.18, 'vol': 770}]}",0000111110010110,0.16%,0.05%,273952.0,0.00%,0,0,000000000000000000000000000000000000000000000000,0.96%,-48.80%,1763,0.95,600469.SH,,风神股份,
MARKET.SH,600468,6.85,6.75,6.87,6.67,6.71,14:59:59.338,-6.85,20103200,130700,136693504.0,8915500,11187700,0,161.6,"{'bid': [{'price': 6.85, 'vol': 1836}], 'ask': [{'price': 6.86, 'vol': 2042}]}",0000000010010110,-0.14%,0.06%,895296.0,0.30%,0,0,000000000000000000000000000000000000000000000000,0.68%,-23.08%,2713,1.85,600468.SH,,百利电气,
MARKET.SH,600467,2.29,2.28,2.3,2.26,2.28,15:00:01.032,-2.29,19566100,501500,44553356.0,10275400,9290700,0,16.42,"{'bid': [{'price': 2.28, 'vol': 14590}], 'ask': [{'price': 2.29, 'vol': 179}]}",0000000010010110,0.44%,0.09%,1148444.0,0.00%,0,0,000000000000000000000000000000000000000000000000,2.05%,19.49%,1412,1.34,600467.SH,,好当家,
MARKET.SH,600463,10.32,10.31,10.39,10.1,10.25,14:59:57.728,-10.32,3640200,19600,37311596.0,1599500,2040700,0,21.55,"{'bid': [{'price': 10.32, 'vol': 1}], 'ask': [{'price': 10.33, 'vol': 26}]}",0000000000010110,0.29%,0.14%,202272.0,0.19%,0,0,000000000000000000000000000000000000000000000000,2.33%,32.51%,1716,1.21,600463.SH,,空港股份,
MARKET.SH,600461,10.4,10.24,10.45,10.23,10.24,14:59:56.980,-10.4,6123300,94800,63615840.0,2760000,3363400,-1,22.73,"{'bid': [{'price': 10.4, 'vol': 196}], 'ask': [{'price': 10.42, 'vol': 110}]}",0000111011010110,0.00%,0.02%,985912.0,0.20%,0,0,000000000000000000000000000000000000000000000000,1.15%,-33.21%,2177,0.48,600461.SH,,洪城环境,
MARKET.SH,600458,12.88,12.05,13.09,11.86,12.0,14:59:56.807,-12.88,38615500,401300,486506656.0,15610600,23004900,-2,286.55,"{'bid': [{'price': 12.88, 'vol': 470}], 'ask': [{'price': 12.89, 'vol': 89}]}",0000110000010110,-0.15%,0.15%,5168704.0,1.18%,0,0,000000000000000000000000000000000000000000000000,0.87%,-68.95%,3737,4.48,600458.SH,,时代新材,
MARKET.SH,600452,12.68,12.38,12.77,12.24,12.46,14:59:56.159,-12.68,57793500,1130200,728117504.0,28447000,29346500,-2,844.69,"{'bid': [{'price': 12.68, 'vol': 312}], 'ask': [{'price': 12.69, 'vol': 732}]}",0000000001010110,0.00%,0.23%,14330816.0,0.00%,0,0,000000000000000000000000000000000000000000000000,1.78%,-43.48%,4393,3.76,600452.SH,,涪陵电力,
MARKET.SH,600449,14.86,13.98,15.28,13.96,13.94,14:59:55.734,-14.86,17795500,403500,262793680.0,7089500,10706000,1,56.76,"{'bid': [{'price': 14.86, 'vol': 24}], 'ask': [{'price': 14.87, 'vol': 24}]}",0000001111010110,0.13%,0.26%,5995936.0,0.00%,0,0,000000000000000000000000000000000000000000000000,1.73%,66.08%,3035,3.72,600449.SH,,宁夏建材,
MARKET.SH,600448,3.31,3.21,3.32,3.15,3.2,15:00:00.420,-3.31,29273200,228400,95003232.0,11077300,18196000,1,44.01,"{'bid': [{'price': 3.3, 'vol': 1698}], 'ask': [{'price': 3.31, 'vol': 387}]}",0001010000010110,0.00%,0.08%,755944.0,0.31%,0,0,000000000000000000000000000000000000000000000000,0.68%,-13.86%,2445,4.65,600448.SH,,华纺股份,
MARKET.SH,600446,13.67,13.94,13.94,13.39,13.81,14:59:56.522,-13.67,24179300,334800,328590368.0,12193600,11985700,1,303.2,"{'bid': [{'price': 13.67, 'vol': 445}], 'ask': [{'price': 13.68, 'vol': 451}]}",0000000000010110,0.07%,0.08%,4576736.0,0.94%,0,0,000000000000000000000000000000000000000000000000,1.20%,8.50%,3566,2.57,600446.SH,,金证股份,
MARKET.SH,600439,2.44,2.46,2.46,2.41,2.45,15:00:00.342,-2.44,12175400,291600,29659444.0,5193300,6982200,-1,9.74,"{'bid': [{'price': 2.44, 'vol': 1494}], 'ask': [{'price': 2.45, 'vol': 7226}]}",0001011000010110,0.00%,0.08%,711508.0,0.00%,0,0,000000000000000000000000000000000000000000000000,2.36%,16.75%,1353,1.08,600439.SH,,瑞贝卡,
MARKET.SH,600435,12.72,12.71,12.85,12.61,12.71,14:59:56.144,-12.72,16299300,203800,207784432.0,8081400,8217900,0,88.08,"{'bid': [{'price': 12.72, 'vol': 1332}], 'ask': [{'price': 12.73, 'vol': 345}]}",0000101000010110,-0.07%,0.06%,2592432.0,0.00%,0,0,000000000000000000000000000000000000000000000000,1.78%,49.96%,3536,1.08,600435.SH,,北方导航,
MARKET.SH,600433,4.32,4.28,4.35,4.18,4.25,14:59:59.528,-4.32,61574800,1033300,262123664.0,30776800,30798000,0,106.87,"{'bid': [{'price': 4.31, 'vol': 2634}], 'ask': [{'price': 4.32, 'vol': 98}]}",0000010100010110,0.23%,0.17%,4463840.0,0.00%,0,0,000000000000000000000000000000000000000000000000,1.38%,13.42%,3351,3.52,600433.SH,,冠豪高新,
MARKET.SH,600429,5.07,5.13,5.18,4.99,5.12,14:59:59.978,-5.07,12234500,161600,61643080.0,6709200,5525300,0,7.23,"{'bid': [{'price': 5.07, 'vol': 169}], 'ask': [{'price': 5.08, 'vol': 1372}]}",0000000001010110,0.20%,0.07%,819312.0,0.00%,0,0,000000000000000000000000000000000000000000000000,1.12%,-22.20%,2038,0.82,600429.SH,,三元股份,
MARKET.SH,600428,7.87,7.97,7.97,7.75,7.87,14:59:58.250,-7.87,29592200,220700,231810704.0,15256200,14336000,-1,17.53,"{'bid': [{'price': 7.87, 'vol': 194}], 'ask': [{'price': 7.88, 'vol': 27}]}",0000011000010110,-0.12%,0.05%,1736848.0,0.00%,0,0,000000000000000000000000000000000000000000000000,0.99%,-20.17%,3290,1.21,600428.SH,,中远海特,
MARKET.SH,600425,3.83,3.8,3.85,3.8,3.8,14:59:59.705,-3.83,11950600,95700,45725888.0,5583100,6367500,1,52.48,"{'bid': [{'price': 3.82, 'vol': 2554}], 'ask': [{'price': 3.83, 'vol': 474}]}",0000101001010110,0.00%,0.02%,366536.0,0.00%,0,0,000000000000000000000000000000000000000000000000,0.60%,-30.98%,1499,0.74,600425.SH,,青松建化,
MARKET.SH,600422,8.43,8.54,8.57,8.42,8.51,14:59:57.689,-8.43,6785000,159300,57380160.0,3455500,3329600,0,14.6,"{'bid': [{'price': 8.43, 'vol': 1303}], 'ask': [{'price': 8.44, 'vol': 788}]}",0000111001010110,0.00%,0.05%,1342504.0,0.00%,0,0,000000000000000000000000000000000000000000000000,1.85%,25.01%,1957,0.9,600422.SH,,昆药集团,
MARKET.SH,600420,9.08,9.12,9.17,9.04,9.11,14:59:57.455,-9.08,4011900,99300,36506548.0,2096300,1915700,-4,10.31,"{'bid': [{'price': 9.08, 'vol': 808}], 'ask': [{'price': 9.09, 'vol': 5}]}",0001010011010110,-0.32%,0.03%,901644.0,0.00%,0,0,000000000000000000000000000000000000000000000000,2.19%,74.13%,1596,0.3,600420.SH,,国药现代,
MARKET.SH,600419,8.8,8.81,8.85,8.67,8.76,14:59:58.636,-8.8,3969500,14500,34780204.0,2060200,1909400,1,44.49,"{'bid': [{'price': 8.8, 'vol': 70}], 'ask': [{'price': 8.81, 'vol': 67}]}",0001000110010110,0.23%,0.05%,127600.0,0.00%,0,0,000000000000000000000000000000000000000000000000,1.19%,-1.90%,1747,1.26,600419.SH,,天润乳业,
MARKET.SH,600416,12.98,11.83,12.98,11.64,11.8,14:59:56.411,-12.98,87948500,554900,1103215488.0,39094300,48854200,0,219.09,"{'bid': [{'price': 12.98, 'vol': 12558}], 'ask': [{'price': 0.0, 'vol': 0}]}",0000000011010110,0.00%,0.07%,7202688.0,0.00%,0,0,000000000000000000000000000000000000000000000000,0.36%,0.00%,3949,5.96,600416.SH,,湘电股份,
MARKET.SH,600415,13.35,13.59,13.69,13.25,13.54,14:59:55.918,-13.35,96320900,1239000,1291260928.0,52907700,43413300,1,733.59,"{'bid': [{'price': 13.35, 'vol': 355}], 'ask': [{'price': 13.36, 'vol': 2137}]}",0001010111010110,0.00%,0.13%,16540672.0,0.00%,0,0,000000000000000000000000000000000000000000000000,1.46%,29.74%,4597,1.76,600415.SH,,小商品城,
MARKET.SH,600409,6.65,6.85,6.88,6.43,6.84,14:59:59.050,-6.65,66006600,339500,436596736.0,35580100,30426500,-1,47.13,"{'bid': [{'price': 6.65, 'vol': 414}], 'ask': [{'price': 6.66, 'vol': 968}]}",0000001010010110,0.00%,0.06%,2257792.0,0.00%,0,0,000000000000000000000000000000000000000000000000,0.49%,36.22%,3679,3.2,600409.SH,,三友化工,
MARKET.SH,600408,2.98,2.92,2.99,2.87,2.92,15:00:00.618,-2.98,32588000,361400,95909720.0,13981000,18607100,0,30.31,"{'bid': [{'price': 2.98, 'vol': 430}], 'ask': [{'price': 2.99, 'vol': 5145}]}",0001100001010110,0.00%,0.14%,1076936.0,0.00%,0,0,000000000000000000000000000000000000000000000000,1.49%,-27.63%,2854,3.24,600408.SH,,安泰集团,
MARKET.SH,600405,4.78,4.68,4.8,4.57,4.66,14:59:59.723,-4.78,12269500,64100,57522616.0,5598900,6670600,0,10.96,"{'bid': [{'price': 4.77, 'vol': 555}], 'ask': [{'price': 4.78, 'vol': 487}]}",0000011010010110,0.00%,0.05%,306400.0,0.86%,0,0,000000000000000000000000000000000000000000000000,0.97%,-45.44%,2045,2.0,600405.SH,,动力源,
MARKET.SH,600403,5.17,5.16,5.22,5.05,5.1,14:59:58.862,-5.17,13839200,189500,71192144.0,6909600,6929600,0,45.56,"{'bid': [{'price': 5.17, 'vol': 422}], 'ask': [{'price': 5.18, 'vol': 95}]}",0000000100010110,0.00%,0.12%,979712.0,0.00%,0,0,000000000000000000000000000000000000000000000000,1.60%,-74.84%,2534,0.58,600403.SH,,大有能源,
MARKET.SH,600400,3.16,3.04,3.3,3.04,3.02,14:59:59.586,-3.16,138760000,1393400,439760192.0,63781600,74978400,0,162.94,"{'bid': [{'price': 3.16, 'vol': 2091}], 'ask': [{'price': 3.17, 'vol': 2085}]}",0000000000010110,0.32%,0.37%,4403136.0,0.66%,0,0,000000000000000000000000000000000000000000000000,1.11%,54.83%,3896,6.06,600400.SH,,红豆股份,
MARKET.SH,600399,5.11,5.09,5.14,5.04,5.05,14:59:59.244,-5.11,30718200,340400,156591664.0,15695400,15022800,-1,107.3,"{'bid': [{'price': 5.11, 'vol': 1149}], 'ask': [{'price': 5.12, 'vol': 3104}]}",0000011000010110,0.00%,0.04%,1739408.0,0.00%,0,0,000000000000000000000000000000000000000000000000,0.87%,-26.48%,2891,1.56,600399.SH,,抚顺特钢,
MARKET.SH,600398,5.85,5.95,5.96,5.83,5.93,14:59:58.618,-5.85,25551700,311500,149820176.0,13750100,11801700,0,22.31,"{'bid': [{'price': 5.85, 'vol': 1999}], 'ask': [{'price': 5.86, 'vol': 547}]}",0001010011010110,0.17%,0.08%,1822240.0,0.00%,0,0,000000000000000000000000000000000000000000000000,2.83%,65.02%,3320,0.53,600398.SH,,海澜之家,
MARKET.SH,600397,13.34,12.9,13.5,12.77,12.77,14:59:55.921,-13.34,27268900,183400,358717600.0,11463500,15805400,-2,234.26,"{'bid': [{'price': 13.34, 'vol': 727}], 'ask': [{'price': 13.35, 'vol': 95}]}",0000000010010110,-0.14%,0.11%,2446688.0,0.78%,0,0,000000000000000000000000000000000000000000000000,1.21%,-2.60%,3887,2.75,600397.SH,,江钨装备,
MARKET.SH,600396,14.56,14.39,14.7,13.89,14.23,14:59:55.482,-14.56,193371500,3349900,2775455488.0,95874300,97497300,2,2656.25,"{'bid': [{'price': 14.55, 'vol': 2562}], 'ask': [{'price': 14.56, 'vol': 599}]}",0000110010010110,0.28%,1.09%,48775424.0,0.00%,0,0,000000000000000000000000000000000000000000000000,1.82%,42.80%,4740,13.13,600396.SH,,华电辽能,
MARKET.SH,600395,5.15,5.2,5.22,5.1,5.19,14:59:59.590,-5.15,18906100,296200,97527120.0,9184400,9721700,0,26.78,"{'bid': [{'price': 5.15, 'vol': 1507}], 'ask': [{'price': 5.16, 'vol': 56}]}",0000001001010110,-0.38%,0.06%,1525472.0,0.00%,0,0,000000000000000000000000000000000000000000000000,1.62%,-14.49%,2593,0.88,600395.SH,,盘江股份,
MARKET.SH,600390,4.84,4.93,4.95,4.81,4.93,14:59:58.981,-4.84,35302700,554900,171352176.0,19638300,15664400,-1,102.74,"{'bid': [{'price': 4.84, 'vol': 1766}], 'ask': [{'price': 4.85, 'vol': 69}]}",0000101001010110,0.00%,0.04%,2685936.0,0.00%,0,0,000000000000000000000000000000000000000000000000,1.13%,49.81%,2859,0.78,600390.SH,,五矿资本,
MARKET.SH,600386,3.94,3.95,3.97,3.83,3.91,14:59:59.665,-3.94,16434400,351900,64188968.0,8196700,8237700,0,27.22,"{'bid': [{'price': 3.94, 'vol': 958}], 'ask': [{'price': 3.95, 'vol': 1961}]}",0000010001010110,0.00%,0.13%,1386472.0,0.00%,0,0,000000000000000000000000000000000000000000000000,1.34%,-36.74%,1700,2.04,600386.SH,,北巴传媒,
MARKET.SH,600383,2.69,2.7,2.72,2.67,2.68,15:00:00.192,-2.69,52358500,870100,140796816.0,28028200,24330300,0,61.86,"{'bid': [{'price': 2.68, 'vol': 17742}], 'ask': [{'price': 2.69, 'vol': 2680}]}",0000000000010110,0.37%,0.06%,2340608.0,0.00%,0,0,000000000000000000000000000000000000000000000000,1.60%,2.35%,2568,1.16,600383.SH,,金地集团,
MARKET.SH,600382,9.56,8.73,9.58,8.48,8.86,14:59:57.282,-9.56,82664300,522100,740364736.0,38078800,44585500,0,658.59,"{'bid': [{'price': 9.55, 'vol': 649}], 'ask': [{'price': 9.56, 'vol': 5324}]}",0000001110010110,0.74%,0.39%,4991232.0,0.00%,0,0,000000000000000000000000000000000000000000000000,1.03%,-88.26%,3986,11.9,600382.SH,,广东明珠,
MARKET.SH,600380,10.12,10.24,10.28,10.08,10.17,14:59:57.080,-10.12,10808600,228300,109711376.0,5412500,5396100,-1,16.08,"{'bid': [{'price': 10.11, 'vol': 1607}], 'ask': [{'price': 10.12, 'vol': 60}]}",0000000001010110,-0.09%,0.04%,2310144.0,0.29%,0,0,000000000000000000000000000000000000000000000000,1.64%,77.54%,2923,0.59,600380.SH,,健康元,
MARKET.SH,600379,13.54,13.35,13.61,13.27,13.31,14:59:55.849,-13.54,23791600,437300,320522528.0,12417100,11374600,-1,516.51,"{'bid': [{'price': 13.54, 'vol': 87}], 'ask': [{'price': 13.55, 'vol': 1424}]}",0001000001010110,0.00%,0.59%,5921024.0,1.37%,0,0,000000000000000000000000000000000000000000000000,2.25%,-1.73%,3921,7.21,600379.SH,,宝光股份,
MARKET.SH,600377,12.22,12.35,12.39,12.16,12.34,14:59:56.684,-12.22,6430900,40000,78673744.0,2874000,3556900,0,18.28,"{'bid': [{'price': 12.21, 'vol': 201}], 'ask': [{'price': 12.22, 'vol': 33}]}",0000000001010110,0.08%,0.03%,488776.0,0.00%,0,0,000000000000000000000000000000000000000000000000,0.91%,25.40%,2481,0.17,600377.SH,,宁沪高速,
MARKET.SH,600376,4.34,4.36,4.46,4.3,4.55,14:59:59.161,-4.34,123776500,2488600,537090944.0,66730300,57046300,-1,1705.24,"{'bid': [{'price': 4.34, 'vol': 10339}], 'ask': [{'price': 4.35, 'vol': 1068}]}",0000111001010110,0.23%,0.31%,10800288.0,1.40%,0,0,000000000000000000000000000000000000000000000000,1.49%,84.28%,4168,4.8,600376.SH,,首开股份,
MARKET.SH,600375,4.66,4.6,4.7,4.54,4.61,14:59:59.406,-4.66,22125400,140300,102577440.0,8763000,13362400,1,55.06,"{'bid': [{'price': 4.65, 'vol': 336}], 'ask': [{'price': 4.66, 'vol': 832}]}",0000011001010110,0.00%,0.02%,653784.0,0.00%,0,0,000000000000000000000000000000000000000000000000,0.62%,-50.00%,2036,1.51,600375.SH,,汉马科技,
MARKET.SH,600373,7.89,7.97,7.97,7.89,7.93,14:59:57.883,-7.89,5258300,104700,41680612.0,2849300,2409000,-1,14.82,"{'bid': [{'price': 7.89, 'vol': 190}], 'ask': [{'price': 7.9, 'vol': 279}]}",0000000010010110,-0.12%,0.03%,826068.0,0.38%,0,0,000000000000000000000000000000000000000000000000,1.38%,-30.91%,1695,0.39,600373.SH,,中文传媒,
MARKET.SH,600372,11.79,11.81,11.88,11.69,11.8,14:59:56.479,-11.79,32989500,266100,388245664.0,16879900,16109700,-1,194.86,"{'bid': [{'price': 11.79, 'vol': 327}], 'ask': [{'price': 11.8, 'vol': 1225}]}",0000111100010110,0.00%,0.04%,3137120.0,0.00%,0,0,000000000000000000000000000000000000000000000000,1.18%,-26.39%,3927,0.68,600372.SH,,中航机载,
MARKET.SH,600371,8.05,7.99,8.06,7.83,7.94,14:59:58.546,-8.05,4229600,58000,33584144.0,2478500,1751200,5,5.51,"{'bid': [{'price': 8.02, 'vol': 10}], 'ask': [{'price': 8.05, 'vol': 244}]}",0001010111010110,0.50%,0.08%,466900.0,0.00%,0,0,000000000000000000000000000000000000000000000000,1.27%,42.85%,1729,1.45,600371.SH,,万向德农,
MARKET.SH,600369,4.01,4.08,4.09,4.0,4.05,15:00:00.000,-4.01,52007400,704500,208979840.0,27488200,24519200,0,65.44,"{'bid': [{'price': 4.01, 'vol': 1373}], 'ask': [{'price': 4.02, 'vol': 2172}]}",0000000000010110,0.00%,0.06%,2825040.0,0.00%,0,0,000000000000000000000000000000000000000000000000,1.82%,30.99%,3291,0.78,600369.SH,,西南证券,
MARKET.SH,600368,3.91,3.95,3.98,3.88,3.92,14:59:59.676,-3.91,12839000,156000,50304564.0,9065300,3773800,-1,109.89,"{'bid': [{'price': 3.91, 'vol': 4130}], 'ask': [{'price': 3.92, 'vol': 20}]}",0000110111010110,-0.25%,0.06%,609628.0,0.00%,0,0,000000000000000000000000000000000000000000000000,1.70%,35.82%,1756,0.8,600368.SH,,五洲交通,
MARKET.SH,600366,13.11,12.85,13.2,12.71,12.74,14:59:56.724,-13.11,22942300,257100,298326880.0,9720100,13222200,-2,36.49,"{'bid': [{'price': 13.11, 'vol': 155}], 'ask': [{'price': 13.12, 'vol': 539}]}",0000101110010110,-0.07%,0.09%,3370720.0,0.39%,0,0,000000000000000000000000000000000000000000000000,1.32%,-53.50%,3894,2.09,600366.SH,,宁波韵升,
MARKET.SH,600361,4.45,4.27,4.47,4.23,4.25,15:00:00.336,-4.45,72923300,851400,319551040.0,31823100,41100200,0,52.99,"{'bid': [{'price': 4.45, 'vol': 3724}], 'ask': [{'price': 4.46, 'vol': 6485}]}",0000000001010110,0.00%,0.12%,3788800.0,0.00%,0,0,000000000000000000000000000000000000000000000000,1.42%,-49.60%,3692,1.95,600361.SH,,创新新材,
MARKET.SH,600360,11.92,11.78,12.07,11.39,12.07,14:59:56.432,-11.92,138868600,1303600,1626539392.0,65521700,73347000,0,2859.36,"{'bid': [{'price': 11.92, 'vol': 4234}], 'ask': [{'price': 11.93, 'vol': 3811}]}",0001010010010110,0.17%,0.34%,15538304.0,-0.33%,0,0,000000000000000000000000000000000000000000000000,0.88%,25.63%,4499,14.46,600360.SH,,华微电子,
MARKET.SH,600359,6.76,6.66,6.81,6.55,6.61,14:59:58.290,-6.76,6920400,81000,46337120.0,3171100,3749300,1,36.3,"{'bid': [{'price': 6.75, 'vol': 15}], 'ask': [{'price': 6.76, 'vol': 20}]}",0000000000010110,0.30%,0.05%,547556.0,0.00%,0,0,000000000000000000000000000000000000000000000000,0.84%,6.36%,1968,1.81,600359.SH,,新农开发,
MARKET.SH,600358,6.28,6.21,6.6,6.14,6.13,14:59:58.463,-6.28,21337800,131800,135888224.0,10130800,11207100,0,196.79,"{'bid': [{'price': 6.28, 'vol': 1074}], 'ask': [{'price': 6.29, 'vol': 553}]}",0001100011010110,0.00%,0.09%,827696.0,-0.15%,0,0,000000000000000000000000000000000000000000000000,0.70%,22.92%,2058,4.23,600358.SH,,国旅联合,
MARKET.SH,600356,9.36,9.17,9.38,8.99,9.09,14:59:57.714,-9.36,7322200,43900,67420504.0,3225600,4096700,0,5.14,"{'bid': [{'price': 9.36, 'vol': 106}], 'ask': [{'price': 9.37, 'vol': 155}]}",0000110100010110,0.00%,0.06%,410880.0,0.00%,0,0,000000000000000000000000000000000000000000000000,0.77%,26.05%,2123,2.45,600356.SH,,恒丰纸业,
MARKET.SH,600354,5.63,5.52,5.68,5.46,5.52,14:59:59.777,-5.63,14647900,87800,81806888.0,6983200,7664700,-1,24.84,"{'bid': [{'price': 5.63, 'vol': 438}], 'ask': [{'price': 5.64, 'vol': 113}]}",0000000000010110,-0.34%,0.10%,494328.0,0.00%,0,0,000000000000000000000000000000000000000000000000,1.28%,-35.49%,2143,2.78,600354.SH,,敦煌种业,
MARKET.SH,600352,11.63,11.52,11.72,11.4,11.45,14:59:56.897,-11.63,30546400,481100,353288320.0,15749700,14796800,2,108.98,"{'bid': [{'price': 11.63, 'vol': 635}], 'ask': [{'price': 11.64, 'vol': 174}]}",0000110101010110,-0.08%,0.05%,5594304.0,0.00%,0,0,000000000000000000000000000000000000000000000000,1.84%,4.05%,3879,0.94,600352.SH,,浙江龙盛,
MARKET.SH,600351,6.45,6.43,6.48,6.35,6.39,14:59:58.762,-6.45,11036000,36500,70704368.0,6062200,4973900,0,39.61,"{'bid': [{'price': 6.44, 'vol': 466}], 'ask': [{'price': 6.45, 'vol': 577}]}",0001000110010110,0.00%,0.04%,235432.0,0.00%,0,0,000000000000000000000000000000000000000000000000,1.01%,-12.92%,1947,1.59,600351.SH,,亚宝药业,
MARKET.SH,600350,12.23,12.0,12.32,11.8,11.92,14:59:57.041,-12.23,9222200,121300,111718744.0,4133700,5088600,-2,93.12,"{'bid': [{'price': 12.23, 'vol': 377}], 'ask': [{'price': 12.25, 'vol': 75}]}",0000111100010110,-0.07%,0.05%,1483512.0,0.00%,0,0,000000000000000000000000000000000000000000000000,1.81%,53.33%,3222,0.19,600350.SH,,山东高速,
MARKET.SH,600348,8.88,8.98,9.04,8.83,8.97,14:59:57.887,-8.88,31358100,433800,278984320.0,16457600,14900500,-1,54.42,"{'bid': [{'price': 8.88, 'vol': 2908}], 'ask': [{'price': 8.89, 'vol': 237}]}",0000000000010110,0.00%,0.05%,3852128.0,0.00%,0,0,000000000000000000000000000000000000000000000000,1.26%,23.35%,3575,0.87,600348.SH,,华阳股份,
MARKET.SH,600339,3.95,3.9,4.02,3.86,3.91,14:59:59.302,-3.95,101820100,1201000,400802848.0,50919200,50901000,0,467.92,"{'bid': [{'price': 3.94, 'vol': 4956}], 'ask': [{'price': 3.95, 'vol': 2803}]}",0001000000010110,0.00%,0.17%,4744160.0,0.00%,0,0,000000000000000000000000000000000000000000000000,1.25%,22.52%,3683,1.82,600339.SH,,中油工程,
MARKET.SH,600336,8.65,8.16,8.86,8.0,8.06,14:59:57.970,-8.65,34626600,420600,295562944.0,13687100,20939500,2,89.68,"{'bid': [{'price': 8.64, 'vol': 33}], 'ask': [{'price': 8.65, 'vol': 1356}]}",0000001101010110,0.00%,0.15%,3638176.0,0.00%,0,0,000000000000000000000000000000000000000000000000,0.99%,-45.44%,3544,4.34,600336.SH,,澳柯玛,
MARKET.SH,600335,5.69,5.73,5.75,5.63,5.7,14:59:59.755,-5.69,9650000,187500,54862984.0,4520500,5129600,0,47.73,"{'bid': [{'price': 5.68, 'vol': 1302}], 'ask': [{'price': 5.69, 'vol': 434}]}",0000110010010110,0.18%,0.06%,1066896.0,0.00%,0,0,000000000000000000000000000000000000000000000000,1.52%,-2.56%,1868,0.65,600335.SH,,国机汽车,
MARKET.SH,600333,5.88,5.88,5.99,5.84,5.91,14:59:58.967,-5.88,13277300,189700,78096312.0,6824300,6453100,-1,88.73,"{'bid': [{'price': 5.88, 'vol': 273}], 'ask': [{'price': 5.89, 'vol': 141}]}",0001001110010110,-0.16%,0.22%,1115464.0,0.00%,0,0,000000000000000000000000000000000000000000000000,2.01%,-10.02%,2223,2.18,600333.SH,,长春燃气,
MARKET.SH,600328,7.26,7.24,7.32,7.14,7.24,14:59:58.830,-7.26,23892400,170500,172727920.0,10255300,13637100,0,93.11,"{'bid': [{'price': 7.26, 'vol': 1417}], 'ask': [{'price': 7.27, 'vol': 1196}]}",0000101100010110,-0.13%,0.06%,1238240.0,0.00%,0,0,000000000000000000000000000000000000000000000000,0.94%,4.63%,2797,1.63,600328.SH,,中盐化工,
MARKET.SH,600327,3.72,3.7,3.72,3.66,3.67,14:59:59.384,-3.72,8208000,321700,30295780.0,3689300,4518700,0,4.55,"{'bid': [{'price': 3.71, 'vol': 1073}], 'ask': [{'price': 3.72, 'vol': 2520}]}",0000101000010110,0.54%,0.08%,1196716.0,0.00%,0,0,000000000000000000000000000000000000000000000000,2.44%,-11.29%,1485,0.93,600327.SH,,大东方,
MARKET.SH,600326,8.38,8.39,8.42,8.27,8.34,14:59:58.427,-8.38,17072200,174600,142799552.0,7997800,9074400,0,49.75,"{'bid': [{'price': 8.37, 'vol': 942}], 'ask': [{'price': 8.38, 'vol': 391}]}",0000100101010110,0.12%,0.05%,1463168.0,0.00%,0,0,000000000000000000000000000000000000000000000000,1.63%,-2.25%,2344,1.25,600326.SH,,西藏天路,
MARKET.SH,600325,2.83,2.91,2.93,2.83,2.91,15:00:00.708,-2.83,57958700,696500,166661568.0,34418600,23540100,-1,90.68,"{'bid': [{'price': 2.83, 'vol': 13472}], 'ask': [{'price': 2.84, 'vol': 3506}]}",0000100110010110,0.00%,0.07%,1971168.0,0.00%,0,0,000000000000000000000000000000000000000000000000,1.17%,16.89%,2847,2.11,600325.SH,,华发股份,
MARKET.SH,600322,2.47,2.42,2.48,2.38,2.39,15:00:00.924,-2.47,32901400,149600,79777960.0,15642000,17259400,0,101.66,"{'bid': [{'price': 2.46, 'vol': 1941}], 'ask': [{'price': 2.47, 'vol': 537}]}",0000101001010110,0.00%,0.09%,369512.0,0.00%,0,0,000000000000000000000000000000000000000000000000,1.08%,-16.91%,2372,2.98,600322.SH,,津投城开,
MARKET.SH,600320,4.86,4.84,4.91,4.78,4.82,14:59:59.694,-4.86,42790100,498000,207480160.0,19201900,23588300,-2,69.02,"{'bid': [{'price': 4.86, 'vol': 271}], 'ask': [{'price': 4.87, 'vol': 897}]}",0000111011010110,-0.20%,0.07%,2420272.0,0.00%,0,0,000000000000000000000000000000000000000000000000,1.39%,-15.31%,3409,1.29,600320.SH,,振华重工,
MARKET.SH,600319,7.81,7.65,7.89,7.56,7.65,14:59:58.272,-7.81,3915700,32100,30342960.0,2075200,1840500,1,22.19,"{'bid': [{'price': 7.8, 'vol': 121}], 'ask': [{'price': 7.81, 'vol': 20}]}",0000000000010110,0.13%,0.02%,250698.0,0.00%,0,0,000000000000000000000000000000000000000000000000,0.60%,-33.11%,1634,1.01,600319.SH,,亚星化学,
MARKET.SH,600318,7.16,7.25,7.3,7.07,7.24,14:59:58.506,-7.16,13546400,97100,96866960.0,5666600,7879800,-1,151.45,"{'bid': [{'price': 7.16, 'vol': 756}], 'ask': [{'price': 7.17, 'vol': 59}]}",0000000000010110,-0.13%,0.08%,695176.0,0.55%,0,0,000000000000000000000000000000000000000000000000,1.06%,12.67%,2404,2.64,600318.SH,,新力金融,
MARKET.SH,600313,6.22,6.17,6.25,6.09,6.16,14:59:59.204,-6.22,24531700,182300,151658880.0,12359100,12172600,0,33.56,"{'bid': [{'price': 6.22, 'vol': 145}], 'ask': [{'price': 6.23, 'vol': 1787}]}",0000001000010110,0.00%,0.12%,1133888.0,0.00%,0,0,000000000000000000000000000000000000000000000000,1.61%,-42.53%,2734,2.27,600313.SH,,农发种业,
MARKET.SH,600310,5.1,5.1,5.2,4.89,5.2,14:59:58.888,-5.1,117587800,1682600,594338880.0,60534100,57053700,0,537.59,"{'bid': [{'price': 5.1, 'vol': 2694}], 'ask': [{'price': 5.11, 'vol': 5001}]}",0000100111010110,0.20%,0.49%,8581440.0,0.00%,0,0,000000000000000000000000000000000000000000000000,1.44%,12.45%,4374,8.02,600310.SH,,广西能源,
MARKET.SH,600308,3.61,3.59,3.64,3.55,3.58,14:59:59.784,-3.61,8994600,178300,32373524.0,5166200,3828400,-1,26.37,"{'bid': [{'price': 3.61, 'vol': 299}], 'ask': [{'price': 3.62, 'vol': 1373}]}",0000100000010110,0.00%,0.04%,643660.0,0.00%,0,0,000000000000000000000000000000000000000000000000,1.81%,-32.82%,1245,0.59,600308.SH,,华泰股份,
MARKET.SH,600307,1.63,1.61,1.64,1.59,1.61,15:00:01.428,-1.63,48788900,419900,78666448.0,20044800,28744200,0,21.46,"{'bid': [{'price': 1.62, 'vol': 39325}], 'ask': [{'price': 1.63, 'vol': 11733}]}",0001001011010110,0.62%,0.04%,684440.0,0.00%,0,0,000000000000000000000000000000000000000000000000,1.13%,23.71%,2580,0.78,600307.SH,,酒钢宏兴,
MARKET.SH,600305,7.22,7.22,7.25,7.17,7.21,14:59:58.124,-7.22,3880800,102800,28000266.0,2002800,1878100,-1,16.03,"{'bid': [{'price': 7.21, 'vol': 1334}], 'ask': [{'price': 7.22, 'vol': 157}]}",0001000111010110,0.00%,0.03%,741990.0,0.00%,0,0,000000000000000000000000000000000000000000000000,2.14%,-8.41%,1553,0.35,600305.SH,,恒顺醋业,
MARKET.SH,600303,3.83,3.65,3.83,3.65,3.48,14:59:59.705,-3.83,33082400,172000,124973448.0,22299200,10783200,0,2739.65,"{'bid': [{'price': 3.83, 'vol': 207386}], 'ask': [{'price': 0.0, 'vol': 0}]}",0000000000010110,0.00%,0.03%,658768.0,0.00%,0,0,000000000000000000000000000000000000000000000000,0.26%,0.00%,1186,4.9,600303.SH,,曙光股份,
MARKET.SH,600300,3.41,3.4,3.42,3.36,3.38,14:59:59.856,-3.41,22797600,185400,77330368.0,12043500,10754200,0,14.08,"{'bid': [{'price': 3.4, 'vol': 4136}], 'ask': [{'price': 3.41, 'vol': 2579}]}",0001100010010110,0.00%,0.03%,632232.0,0.00%,0,0,000000000000000000000000000000000000000000000000,0.77%,2.52%,1987,1.41,600300.SH,,维维股份,
MARKET.SH,600299,11.64,11.17,11.94,11.17,11.21,14:59:57.253,-11.64,16576600,101700,193400512.0,7752500,8824200,0,50.6,"{'bid': [{'price': 11.64, 'vol': 629}], 'ask': [{'price': 11.65, 'vol': 12}]}",0000111111010110,0.09%,0.06%,1183776.0,0.00%,0,0,000000000000000000000000000000000000000000000000,0.68%,79.21%,3360,0.62,600299.SH,,安迪苏,
MARKET.SH,600295,13.74,13.88,13.89,13.6,13.65,14:59:55.777,-13.74,8240000,84400,113469112.0,4187000,4053000,0,32.48,"{'bid': [{'price': 13.74, 'vol': 183}], 'ask': [{'price': 13.75, 'vol': 20}]}",0000001100010110,-0.14%,0.05%,1159656.0,0.00%,0,0,000000000000000000000000000000000000000000000000,1.29%,67.75%,3005,0.42,600295.SH,,鄂尔多斯,
MARKET.SH,600293,3.22,3.16,3.27,3.08,3.13,15:00:00.474,-3.22,52023100,520800,165844320.0,23504200,28518900,-1,113.13,"{'bid': [{'price': 3.22, 'vol': 3530}], 'ask': [{'price': 3.23, 'vol': 957}]}",0000001000010110,-0.30%,0.16%,1677040.0,0.00%,0,0,000000000000000000000000000000000000000000000000,1.20%,-44.97%,3172,4.48,600293.SH,,三峡新材,
MARKET.SH,600292,14.27,14.37,14.37,14.02,14.1,14:59:55.946,-14.27,10819600,160400,153740544.0,5057700,5762000,-1,36.79,"{'bid': [{'price': 14.26, 'vol': 180}], 'ask': [{'price': 14.27, 'vol': 234}]}",0001011111010110,0.00%,0.11%,2288912.0,0.00%,0,0,000000000000000000000000000000000000000000000000,2.10%,-50.87%,3424,2.46,600292.SH,,电投水电,
MARKET.SH,600288,14.39,14.13,14.56,14.03,13.87,14:59:55.543,-14.39,11875300,26900,169612256.0,5607600,6267800,-1,128.72,"{'bid': [{'price': 14.38, 'vol': 168}], 'ask': [{'price': 14.39, 'vol': 58}]}",0000111111010110,0.07%,0.03%,387088.0,0.00%,0,0,000000000000000000000000000000000000000000000000,0.55%,14.18%,2728,2.72,600288.SH,,大恒科技,
MARKET.SH,600287,5.46,5.39,5.51,5.32,5.37,14:59:59.118,-5.46,4115200,37200,22263556.0,1870200,2245000,0,11.27,"{'bid': [{'price': 5.45, 'vol': 871}], 'ask': [{'price': 5.46, 'vol': 1165}]}",0000000000010110,0.18%,0.05%,203112.0,0.00%,0,0,000000000000000000000000000000000000000000000000,1.18%,-39.25%,1281,0.94,600287.SH,,苏豪时尚,
MARKET.SH,600284,6.95,7.0,7.02,6.78,6.99,14:59:59.302,-6.95,23111600,133400,158982128.0,12694400,10417200,3,85.54,"{'bid': [{'price': 6.95, 'vol': 92}], 'ask': [{'price': 6.96, 'vol': 245}]}",0000010010010110,0.29%,0.06%,927088.0,0.00%,0,0,000000000000000000000000000000000000000000000000,0.74%,-34.65%,2351,2.38,600284.SH,,XD浦东建,
MARKET.SH,600283,8.82,8.88,8.9,8.69,8.85,14:59:57.908,-8.82,5309300,41300,46621744.0,3517000,1792300,0,8.17,"{'bid': [{'price': 8.8, 'vol': 135}], 'ask': [{'price': 8.82, 'vol': 321}]}",0000011111010110,0.46%,0.05%,364272.0,0.00%,0,0,000000000000000000000000000000000000000000000000,0.98%,76.97%,1300,0.98,600283.SH,,钱江水利,
MARKET.SH,600282,4.75,4.78,4.81,4.72,4.77,14:59:59.734,-4.75,30028600,388700,142860128.0,15679900,14348700,0,24.81,"{'bid': [{'price': 4.75, 'vol': 945}], 'ask': [{'price': 4.76, 'vol': 4192}]}",0000010000010110,0.21%,0.04%,1846320.0,0.00%,0,0,000000000000000000000000000000000000000000000000,1.42%,-15.89%,3127,0.49,600282.SH,,南钢股份,
MARKET.SH,600281,5.38,5.22,5.43,5.14,5.18,14:59:59.507,-5.38,9480900,76100,50457796.0,3868400,5612500,1,8.09,"{'bid': [{'price': 5.37, 'vol': 213}], 'ask': [{'price': 5.38, 'vol': 70}]}",0000010110010110,0.00%,0.09%,409448.0,0.00%,0,0,000000000000000000000000000000000000000000000000,1.38%,-22.74%,2125,1.84,600281.SH,,华阳新材,
MARKET.SH,600280,2.9,2.86,2.9,2.83,2.84,14:59:59.680,-2.9,12585800,109300,36114024.0,5499400,7086400,1,25.83,"{'bid': [{'price': 2.89, 'vol': 1986}], 'ask': [{'price': 2.9, 'vol': 3339}]}",0000000000010110,0.35%,0.09%,316964.0,0.35%,0,0,000000000000000000000000000000000000000000000000,1.61%,-1.62%,1593,1.12,600280.SH,,中央商场,
MARKET.SH,600279,4.91,4.9,4.93,4.83,4.89,14:59:59.316,-4.91,6453200,18400,31547844.0,3296400,3156800,0,20.04,"{'bid': [{'price': 4.91, 'vol': 536}], 'ask': [{'price': 4.93, 'vol': 1180}]}",0000000000010110,-0.19%,0.02%,90356.0,0.20%,0,0,000000000000000000000000000000000000000000000000,0.60%,23.09%,995,0.54,600279.SH,,重庆港,
MARKET.SH,600278,6.87,6.98,6.98,6.79,6.9,14:59:58.970,-6.87,5365200,49700,36765448.0,2983300,2381900,-1,48.37,"{'bid': [{'price': 6.87, 'vol': 128}], 'ask': [{'price': 6.88, 'vol': 646}]}",0000010101010110,0.00%,0.04%,341436.0,0.00%,0,0,000000000000000000000000000000000000000000000000,1.03%,-17.14%,1098,0.62,600278.SH,,东方创业,
MARKET.SH,600273,7.82,7.69,7.82,7.61,7.62,14:59:58.268,-7.82,18083500,357300,139613328.0,8988600,9095000,1,55.68,"{'bid': [{'price': 7.82, 'vol': 373}], 'ask': [{'price': 7.83, 'vol': 1587}]}",0001011101010110,0.26%,0.10%,2794064.0,0.00%,0,0,000000000000000000000000000000000000000000000000,2.20%,24.30%,3052,1.38,600273.SH,,嘉化能源,
MARKET.SH,600272,11.9,11.8,11.94,11.7,11.84,14:59:57.160,-11.9,1925500,22300,22808292.0,911900,1013600,-1,10.62,"{'bid': [{'price': 11.9, 'vol': 89}], 'ask': [{'price': 11.91, 'vol': 274}]}",0000000000010110,0.42%,0.10%,265372.0,-0.07%,0,0,000000000000000000000000000000000000000000000000,2.36%,-50.44%,1204,1.2,600272.SH,,开开实业,
MARKET.SH,600271,7.95,7.93,7.99,7.77,7.91,14:59:58.222,-7.95,16214800,306400,127614928.0,8718700,7496200,1,69.47,"{'bid': [{'price': 7.94, 'vol': 212}], 'ask': [{'price': 7.95, 'vol': 41}]}",0001011100010110,0.25%,0.05%,2435880.0,0.00%,0,0,000000000000000000000000000000000000000000000000,1.46%,-13.51%,2663,0.88,600271.SH,,航天信息,
MARKET.SH,600269,4.31,4.33,4.36,4.29,4.33,14:59:59.532,-4.31,9614300,193900,41545504.0,4861600,4752700,-2,43.13,"{'bid': [{'price': 4.31, 'vol': 2875}], 'ask': [{'price': 4.32, 'vol': 154}]}",0000001111010110,-0.45%,0.04%,835704.0,0.00%,0,0,000000000000000000000000000000000000000000000000,2.31%,-0.20%,1456,0.41,600269.SH,,赣粤高速,
MARKET.SH,600268,13.98,13.96,14.06,13.8,13.8,14:59:56.051,-13.98,17028900,128800,237822448.0,8329800,8699200,-1,85.3,"{'bid': [{'price': 13.98, 'vol': 1558}], 'ask': [{'price': 13.99, 'vol': 659}]}",0001000100010110,-0.06%,0.10%,1800592.0,0.00%,0,0,000000000000000000000000000000000000000000000000,1.28%,7.95%,3336,1.68,600268.SH,,国电南自,
MARKET.SH,600267,10.65,10.91,10.91,10.5,10.67,14:59:56.890,-10.65,15867600,188800,168738848.0,7921900,7945700,1,385.56,"{'bid': [{'price': 10.65, 'vol': 1}], 'ask': [{'price': 10.66, 'vol': 337}]}",0000010011010110,0.00%,0.05%,2010688.0,-0.36%,0,0,000000000000000000000000000000000000000000000000,1.22%,-41.67%,2933,1.32,600267.SH,,海正药业,
MARKET.SH,600266,4.73,4.76,4.79,4.7,4.75,14:59:59.021,-4.73,35883700,435300,170072624.0,17788500,18095300,0,52.88,"{'bid': [{'price': 4.73, 'vol': 5956}], 'ask': [{'price': 4.74, 'vol': 114}]}",0001000000010110,-0.20%,0.09%,2058944.0,-0.20%,0,0,000000000000000000000000000000000000000000000000,1.32%,45.69%,3079,1.73,600266.SH,,城建发展,
MARKET.SH,600261,3.51,3.4,3.54,3.38,3.39,14:59:59.460,-3.51,19416500,112400,67313856.0,9329300,10087200,0,46.0,"{'bid': [{'price': 3.5, 'vol': 2083}], 'ask': [{'price': 3.51, 'vol': 4968}]}",0000000001010110,0.00%,0.03%,394528.0,0.30%,0,0,000000000000000000000000000000000000000000000000,0.59%,-50.22%,2022,1.45,600261.SH,,阳光照明,
MARKET.SH,600258,13.2,13.67,13.74,13.15,13.59,14:59:56.332,-13.2,14883000,136100,198526640.0,8205700,6677400,-4,14.63,"{'bid': [{'price': 13.2, 'vol': 925}], 'ask': [{'price': 13.21, 'vol': 46}]}",0001010000010110,-0.14%,0.05%,1796560.0,0.00%,0,0,000000000000000000000000000000000000000000000000,1.09%,44.04%,3225,1.33,600258.SH,,首旅酒店,
MARKET.SH,600257,5.56,5.59,5.62,5.46,5.53,14:59:59.802,-5.56,13140200,196100,72836432.0,6297700,6842500,2,36.84,"{'bid': [{'price': 5.56, 'vol': 99}], 'ask': [{'price': 5.57, 'vol': 457}]}",0000101101010110,0.18%,0.10%,1090304.0,0.18%,0,0,000000000000000000000000000000000000000000000000,1.24%,6.87%,1984,2.73,600257.SH,,大湖股份,
MARKET.SH,600256,5.97,6.2,6.21,5.9,6.21,14:59:58.574,-5.97,178494200,787000,1073255552.0,93813600,84680700,0,337.31,"{'bid': [{'price': 5.97, 'vol': 6486}], 'ask': [{'price': 5.98, 'vol': 1917}]}",0000110111010110,0.00%,0.07%,4698240.0,0.00%,0,0,000000000000000000000000000000000000000000000000,0.76%,62.58%,4524,2.79,600256.SH,,广汇能源,
MARKET.SH,600255,3.62,3.43,3.66,3.41,3.42,14:59:59.780,-3.62,64344000,436200,229285280.0,23789800,40554300,-1,19.38,"{'bid': [{'price': 3.62, 'vol': 1757}], 'ask': [{'price': 3.63, 'vol': 2268}]}",0000111011010110,-0.27%,0.08%,1579072.0,0.00%,0,0,000000000000000000000000000000000000000000000000,0.91%,-58.89%,3712,3.56,600255.SH,,鑫科材料,
MARKET.SH,600252,2.21,2.22,2.23,2.19,2.22,15:00:01.080,-2.21,24407300,419400,53942644.0,13668600,10738800,0,34.25,"{'bid': [{'price': 2.21, 'vol': 4209}], 'ask': [{'price': 2.22, 'vol': 1685}]}",0001100011010110,-0.44%,0.04%,926864.0,0.00%,0,0,000000000000000000000000000000000000000000000000,1.85%,6.52%,1849,0.77,600252.SH,,中恒集团,
MARKET.SH,600251,10.53,10.47,10.55,10.32,10.41,14:59:57.293,-10.53,10178100,269600,106217944.0,5089200,5089000,2,61.35,"{'bid': [{'price': 10.52, 'vol': 601}], 'ask': [{'price': 10.53, 'vol': 330}]}",0001000101010110,0.19%,0.12%,2838904.0,0.00%,0,0,000000000000000000000000000000000000000000000000,2.56%,-17.23%,2520,1.31,600251.SH,,冠农股份,
MARKET.SH,600250,9.59,9.51,9.64,9.41,9.47,14:59:58.351,-9.59,6709500,66600,63943588.0,2912600,3796900,1,31.48,"{'bid': [{'price': 9.59, 'vol': 83}], 'ask': [{'price': 9.6, 'vol': 1042}]}",0000000000010110,0.10%,0.15%,638696.0,0.11%,0,0,000000000000000000000000000000000000000000000000,1.56%,-46.45%,2073,2.15,600250.SH,,南京商旅,
MARKET.SH,600249,5.51,5.49,5.54,5.43,5.45,14:59:59.820,-5.51,7833000,55300,43019428.0,3591200,4241800,0,31.35,"{'bid': [{'price': 5.5, 'vol': 3398}], 'ask': [{'price': 5.51, 'vol': 321}]}",0000000000010110,0.00%,0.09%,304692.0,0.55%,0,0,000000000000000000000000000000000000000000000000,1.96%,14.89%,1332,1.42,600249.SH,,两面针,
MARKET.SH,600248,3.26,3.28,3.28,3.25,3.27,15:00:00.450,-3.26,13495000,399500,44023224.0,7656300,5838800,0,17.78,"{'bid': [{'price': 3.26, 'vol': 858}], 'ask': [{'price': 3.27, 'vol': 4159}]}",0001100011010110,0.00%,0.04%,1302376.0,0.00%,0,0,000000000000000000000000000000000000000000000000,1.88%,12.06%,1666,0.36,600248.SH,,陕建股份,
MARKET.SH,600241,8.5,8.33,8.54,8.19,8.3,14:59:58.384,-8.5,6356200,161500,53350304.0,2858400,3497800,-3,13.99,"{'bid': [{'price': 8.5, 'vol': 318}], 'ask': [{'price': 8.51, 'vol': 4}]}",0000000001010110,-0.11%,0.21%,1372760.0,0.00%,0,0,000000000000000000000000000000000000000000000000,2.52%,-22.67%,2112,2.16,600241.SH,,时代万恒,
MARKET.SH,600237,10.02,9.57,10.06,9.57,9.49,14:59:57.476,-10.02,78003500,1247700,773761920.0,31484800,46518800,0,137.9,"{'bid': [{'price': 10.02, 'vol': 4067}], 'ask': [{'price': 10.03, 'vol': 3350}]}",0001011100010110,0.10%,0.67%,12501824.0,0.00%,0,0,000000000000000000000000000000000000000000000000,1.98%,10.77%,4343,12.49,600237.SH,,铜峰电子,
MARKET.SH,600236,10.65,10.5,10.69,10.36,10.43,14:59:57.250,-10.65,18292000,358600,193408128.0,8991200,9300800,0,58.17,"{'bid': [{'price': 10.64, 'vol': 232}], 'ask': [{'price': 10.65, 'vol': 1183}]}",0000100111010110,0.19%,0.09%,3819104.0,0.00%,0,0,000000000000000000000000000000000000000000000000,2.44%,-45.29%,3322,0.23,600236.SH,,桂冠电力,
MARKET.SH,600235,6.5,6.37,6.57,6.26,6.36,14:59:59.104,-6.5,7066200,50300,45240284.0,2914800,4151400,0,32.17,"{'bid': [{'price': 6.49, 'vol': 12}], 'ask': [{'price': 6.5, 'vol': 194}]}",0000001010010110,0.15%,0.06%,326924.0,0.00%,0,0,000000000000000000000000000000000000000000000000,0.91%,9.99%,1894,2.01,600235.SH,,民丰特纸,
MARKET.SH,600232,8.07,7.91,8.1,7.79,7.91,14:59:58.898,-8.07,7345100,28700,58436496.0,3452600,3892500,0,9.89,"{'bid': [{'price': 8.05, 'vol': 422}], 'ask': [{'price': 8.07, 'vol': 477}]}",0000000000010110,0.00%,0.07%,231580.0,0.00%,0,0,000000000000000000000000000000000000000000000000,0.80%,-29.85%,2363,2.01,600232.SH,,金鹰股份,
MARKET.SH,600231,2.05,2.04,2.07,2.04,2.05,14:59:59.986,-2.05,6623300,118300,13599316.0,3099700,3523700,-1,4.75,"{'bid': [{'price': 2.05, 'vol': 6264}], 'ask': [{'price': 2.06, 'vol': 3310}]}",0000111000010110,-0.48%,0.02%,242515.0,-0.48%,0,0,000000000000000000000000000000000000000000000000,1.30%,-22.31%,1075,0.23,600231.SH,,凌钢股份,
MARKET.SH,600229,5.87,5.81,5.93,5.76,5.81,14:59:58.970,-5.87,4125600,11500,24053884.0,1818200,2307400,0,39.51,"{'bid': [{'price': 5.87, 'vol': 699}], 'ask': [{'price': 5.88, 'vol': 23}]}",0000000000010110,0.00%,0.02%,67508.0,0.00%,0,0,000000000000000000000000000000000000000000000000,0.52%,18.59%,1350,0.62,600229.SH,,城市传媒,
MARKET.SH,600227,3.16,3.1,3.17,3.04,3.1,14:59:59.586,-3.16,61635400,723500,192561312.0,25323700,36311700,0,67.33,"{'bid': [{'price': 3.15, 'vol': 5499}], 'ask': [{'price': 3.16, 'vol': 10452}]}",0000000001010110,0.64%,0.14%,2286272.0,-0.31%,0,0,000000000000000000000000000000000000000000000000,1.15%,-21.75%,3431,4.82,600227.SH,,赤天化,
MARKET.SH,600226,6.07,5.93,6.14,5.9,5.85,14:59:59.618,-6.07,109121900,1573100,659342464.0,51439600,57682400,0,109.76,"{'bid': [{'price': 6.07, 'vol': 1677}], 'ask': [{'price': 6.08, 'vol': 13130}]}",0000110100010110,0.00%,0.20%,9548544.0,0.00%,0,0,000000000000000000000000000000000000000000000000,1.61%,-47.08%,4122,3.67,600226.SH,,亨通股份,
MARKET.SH,600223,6.2,6.24,6.25,6.1,6.18,14:59:59.932,-6.2,6019300,182100,37178168.0,2807900,3211400,-2,31.26,"{'bid': [{'price': 6.2, 'vol': 363}], 'ask': [{'price': 6.22, 'vol': 57}]}",0000001111010110,-0.47%,0.05%,1129016.0,0.00%,0,0,000000000000000000000000000000000000000000000000,1.98%,-66.61%,1505,0.59,600223.SH,,福瑞达,
MARKET.SH,600222,7.98,7.78,8.05,7.58,7.63,14:59:57.851,-7.98,28340100,303600,223124512.0,11871800,16468300,2,97.02,"{'bid': [{'price': 7.97, 'vol': 360}], 'ask': [{'price': 7.98, 'vol': 747}]}",0000000000010110,0.25%,0.17%,2422752.0,0.00%,0,0,000000000000000000000000000000000000000000000000,1.26%,-66.86%,2851,4.94,600222.SH,,太龙药业,
MARKET.SH,600221,1.46,1.48,1.49,1.46,1.48,15:00:01.530,-1.46,332110700,15076400,487443328.0,181335400,150775400,-1,554.64,"{'bid': [{'price': 1.46, 'vol': 249708}], 'ask': [{'price': 1.47, 'vol': 131777}]}",0000111001010110,-0.67%,0.10%,22011488.0,0.00%,0,0,000000000000000000000000000000000000000000000000,3.61%,4.52%,4244,0.78,600221.SH,,海航控股,
MARKET.SH,600219,5.28,5.08,5.33,5.02,5.05,14:59:58.823,-5.28,226842800,2826700,1178509824.0,93046400,133796400,0,256.44,"{'bid': [{'price': 5.27, 'vol': 6186}], 'ask': [{'price': 5.28, 'vol': 4533}]}",0000101011010110,0.38%,0.14%,14925568.0,0.00%,0,0,000000000000000000000000000000000000000000000000,1.88%,-12.76%,4628,1.98,600219.SH,,南山铝业,
MARKET.SH,600218,9.08,8.87,9.1,8.79,8.84,14:59:57.815,-9.08,7112500,103400,63838628.0,3870000,3242600,1,8.34,"{'bid': [{'price': 9.07, 'vol': 53}], 'ask': [{'price': 9.08, 'vol': 195}]}",0000111111010110,0.11%,0.06%,938872.0,0.00%,0,0,000000000000000000000000000000000000000000000000,1.19%,-6.88%,1988,1.63,600218.SH,,全柴动力,
MARKET.SH,600217,3.39,3.37,3.42,3.33,3.35,14:59:59.503,-3.39,13257300,201500,44757648.0,5701400,7555900,0,23.19,"{'bid': [{'price': 3.39, 'vol': 244}], 'ask': [{'price': 3.4, 'vol': 1038}]}",0000000000010110,-0.28%,0.04%,683092.0,0.30%,0,0,000000000000000000000000000000000000000000000000,1.29%,-7.62%,1566,0.8,600217.SH,,中再资环,
MARKET.SH,600216,13.61,13.7,13.75,13.56,13.66,14:59:55.824,-13.61,9020900,214300,122973488.0,4727500,4293400,-3,9.04,"{'bid': [{'price': 13.61, 'vol': 4701}], 'ask': [{'price': 13.62, 'vol': 1061}]}",0000101000010110,-0.06%,0.06%,2916592.0,0.00%,0,0,000000000000000000000000000000000000000000000000,1.97%,65.46%,2825,0.95,600216.SH,,浙江医药,
MARKET.SH,600215,7.02,6.85,7.06,6.75,6.87,14:59:58.916,-7.02,14138700,178000,98473016.0,6537300,7601400,-2,26.85,"{'bid': [{'price': 7.02, 'vol': 70}], 'ask': [{'price': 7.03, 'vol': 354}]}",0000100010010110,-0.13%,0.13%,1249520.0,0.00%,0,0,000000000000000000000000000000000000000000000000,1.47%,-59.94%,2448,3.09,600215.SH,,派斯林,
MARKET.SH,600212,6.78,6.68,6.8,6.53,6.68,14:59:58.643,-6.78,10246300,42700,68364584.0,4993300,5253100,-1,27.59,"{'bid': [{'price': 6.78, 'vol': 1772}], 'ask': [{'price': 6.79, 'vol': 930}]}",0001001101010110,-0.28%,0.03%,289480.0,0.00%,0,0,000000000000000000000000000000000000000000000000,0.73%,-8.04%,1774,1.93,600212.SH,,绿能慧充,
MARKET.SH,600210,6.73,6.7,6.79,6.69,6.72,14:59:59.021,-6.73,12937700,230100,87157184.0,7026800,5910900,0,76.58,"{'bid': [{'price': 6.73, 'vol': 1298}], 'ask': [{'price': 6.74, 'vol': 752}]}",0000011011010110,0.00%,0.03%,1548560.0,0.00%,0,0,000000000000000000000000000000000000000000000000,1.35%,-12.07%,2672,0.85,600210.SH,,紫江企业,
MARKET.SH,600208,3.18,3.12,3.21,3.07,3.2,14:59:59.579,-3.18,350378000,5694900,1108052480.0,157377800,193000300,-1,2828.49,"{'bid': [{'price': 3.18, 'vol': 14668}], 'ask': [{'price': 3.19, 'vol': 5976}]}",0001010111010110,0.00%,0.31%,18109824.0,0.32%,0,0,000000000000000000000000000000000000000000000000,1.59%,9.59%,4498,4.12,600208.SH,,衢州发展,
MARKET.SH,600207,6.73,6.65,7.01,6.61,6.7,14:59:59.021,-6.73,85758100,1372500,579221120.0,43272800,42485300,-1,846.61,"{'bid': [{'price': 6.73, 'vol': 4343}], 'ask': [{'price': 6.74, 'vol': 1338}]}",0000011100010110,-0.14%,0.51%,9236544.0,0.00%,0,0,000000000000000000000000000000000000000000000000,1.42%,24.70%,3954,7.87,600207.SH,,安彩高科,
MARKET.SH,600203,12.32,12.1,12.43,11.88,11.97,14:59:56.648,-12.32,17714200,115600,215817280.0,7308800,10405400,0,61.71,"{'bid': [{'price': 12.31, 'vol': 138}], 'ask': [{'price': 12.32, 'vol': 347}]}",0000000000010110,0.08%,0.11%,1424256.0,0.00%,0,0,000000000000000000000000000000000000000000000000,1.27%,-44.69%,3558,2.99,600203.SH,,福日电子,
MARKET.SH,600202,6.08,5.96,6.11,5.82,5.9,14:59:59.255,-6.08,13147900,87700,78222816.0,6042300,7105600,0,25.69,"{'bid': [{'price': 6.07, 'vol': 29}], 'ask': [{'price': 6.08, 'vol': 57}]}",0000101000010110,0.16%,0.07%,533224.0,0.00%,0,0,000000000000000000000000000000000000000000000000,0.66%,-31.42%,2443,3.43,600202.SH,,哈空调,
MARKET.SH,600201,12.86,13.33,13.53,12.84,13.32,14:59:56.094,-12.86,29167800,249400,378675840.0,15961000,13206800,-3,251.67,"{'bid': [{'price': 12.86, 'vol': 211}], 'ask': [{'price': 12.87, 'vol': 23}]}",0000000000010110,-0.30%,0.06%,3207328.0,0.00%,0,0,000000000000000000000000000000000000000000000000,0.91%,35.17%,3451,2.62,600201.SH,,生物股份,
MARKET.SH,600199,8.22,8.34,8.36,8.14,8.48,14:59:57.764,-8.22,21594100,299900,177372560.0,13231200,8362900,0,244.86,"{'bid': [{'price': 8.22, 'vol': 549}], 'ask': [{'price': 8.23, 'vol': 1097}]}",0000000000010110,-0.11%,0.15%,2465168.0,0.12%,0,0,000000000000000000000000000000000000000000000000,1.67%,14.30%,2846,3.28,600199.SH,,金种子酒,
MARKET.SH,600198,8.78,8.67,8.82,8.61,8.64,14:59:57.923,-8.78,36952300,575100,322523456.0,19202400,17750000,1,352.26,"{'bid': [{'price': 8.77, 'vol': 1635}], 'ask': [{'price': 8.78, 'vol': 853}]}",0001010000010110,0.23%,0.18%,5049312.0,0.00%,0,0,000000000000000000000000000000000000000000000000,1.42%,-28.83%,3972,2.84,600198.SH,,大唐电信,
MARKET.SH,600197,12.24,12.48,12.55,12.19,12.49,14:59:57.037,-12.24,6239800,99700,76904880.0,3677000,2562900,-1,67.77,"{'bid': [{'price': 12.24, 'vol': 973}], 'ask': [{'price': 12.25, 'vol': 449}]}",0001000110010110,-0.07%,0.07%,1220336.0,0.00%,0,0,000000000000000000000000000000000000000000000000,1.45%,38.95%,2169,1.32,600197.SH,,伊力特,
MARKET.SH,600195,6.9,6.93,6.95,6.82,6.88,14:59:58.960,-6.9,5881600,26200,40434928.0,3218000,2663700,1,12.75,"{'bid': [{'price': 6.89, 'vol': 1004}], 'ask': [{'price': 6.9, 'vol': 175}]}",0001000100010110,0.00%,0.02%,180760.0,0.00%,0,0,000000000000000000000000000000000000000000000000,0.67%,2.67%,1436,0.58,600195.SH,,中牧股份,
MARKET.SH,600192,8.12,8.06,8.16,8.03,8.09,14:59:57.800,-8.12,5974300,42000,48427044.0,3187800,2786600,0,5.0,"{'bid': [{'price': 8.12, 'vol': 604}], 'ask': [{'price': 8.13, 'vol': 70}]}",0001011101010110,-0.24%,0.04%,341032.0,0.00%,0,0,000000000000000000000000000000000000000000000000,0.87%,27.75%,1828,1.35,600192.SH,,长城电工,
MARKET.SH,600191,11.73,10.64,11.73,10.42,10.66,14:59:56.501,-11.73,11791400,36800,133843680.0,5606300,6185200,0,12.45,"{'bid': [{'price': 11.73, 'vol': 12036}], 'ask': [{'price': 0.0, 'vol': 0}]}",0000111110010110,0.00%,0.02%,431664.0,0.00%,0,0,000000000000000000000000000000000000000000000000,0.17%,0.00%,1992,2.43,600191.SH,,华资实业,
MARKET.SH,600189,8.41,8.55,8.55,8.35,8.46,14:59:57.696,-8.41,9279400,86000,78131208.0,4269000,5010400,-2,69.85,"{'bid': [{'price': 8.41, 'vol': 224}], 'ask': [{'price': 8.42, 'vol': 5}]}",0000000001010110,0.00%,0.06%,723256.0,0.00%,0,0,000000000000000000000000000000000000000000000000,1.38%,46.33%,2077,1.3,600189.SH,,泉阳泉,
MARKET.SH,600186,11.75,10.9,11.75,10.86,10.68,14:59:56.854,-11.75,220609600,417300,2564578304.0,137906400,82703200,0,2288.56,"{'bid': [{'price': 11.75, 'vol': 73670}], 'ask': [{'price': 0.0, 'vol': 0}]}",0000010110010110,0.00%,0.05%,4902656.0,0.00%,0,0,000000000000000000000000000000000000000000000000,0.16%,0.00%,4203,12.39,600186.SH,,莲花控股,
MARKET.SH,600185,5.5,5.58,5.64,5.47,5.58,14:59:59.104,-5.5,21060000,236200,116078176.0,11781200,9278900,0,29.96,"{'bid': [{'price': 5.5, 'vol': 3265}], 'ask': [{'price': 5.51, 'vol': 1104}]}",0000111010010110,-0.35%,0.08%,1299168.0,0.00%,0,0,000000000000000000000000000000000000000000000000,1.86%,13.77%,2362,1.12,600185.SH,,珠免集团,
MARKET.SH,600182,14.32,13.98,14.33,13.94,14.13,14:59:56.288,-14.32,1805300,30200,25632906.0,612200,1193100,0,19.15,"{'bid': [{'price': 14.3, 'vol': 26}], 'ask': [{'price': 14.32, 'vol': 122}]}",0000000000010110,0.00%,0.06%,432462.0,0.00%,0,0,000000000000000000000000000000000000000000000000,2.60%,-49.49%,1053,1.06,600182.SH,,S佳通,
MARKET.SH,600179,4.4,4.47,4.49,4.35,4.44,14:59:59.140,-4.4,40627600,541500,178902432.0,21931400,18696300,0,88.95,"{'bid': [{'price': 4.4, 'vol': 2235}], 'ask': [{'price': 4.41, 'vol': 1330}]}",0000110100010110,0.23%,0.04%,2382624.0,0.00%,0,0,000000000000000000000000000000000000000000000000,1.09%,-1.41%,2700,1.05,600179.SH,,安通控股,
MARKET.SH,600178,9.67,9.87,9.89,9.57,9.76,14:59:57.602,-9.67,3279200,53000,31738844.0,1971800,1307400,0,28.62,"{'bid': [{'price': 9.66, 'vol': 493}], 'ask': [{'price': 9.67, 'vol': 45}]}",0000000000010110,-0.09%,0.04%,512504.0,0.00%,0,0,000000000000000000000000000000000000000000000000,1.31%,-9.82%,1292,0.7,600178.SH,,东安动力,
MARKET.SH,600177,7.37,7.44,7.49,7.37,7.46,14:59:58.070,-7.37,20419800,481800,151287840.0,10567300,9852500,-1,35.71,"{'bid': [{'price': 7.37, 'vol': 2241}], 'ask': [{'price': 7.38, 'vol': 17}]}",0000001000010110,-0.13%,0.05%,3550800.0,0.00%,0,0,000000000000000000000000000000000000000000000000,2.24%,58.54%,3103,0.45,600177.SH,,雅戈尔,
MARKET.SH,600173,6.73,6.74,6.76,6.55,6.62,14:59:59.381,-6.73,6972300,81800,46564056.0,3264400,3707900,0,12.27,"{'bid': [{'price': 6.72, 'vol': 503}], 'ask': [{'price': 6.73, 'vol': 5}]}",0000000001010110,0.00%,0.07%,550516.0,0.00%,0,0,000000000000000000000000000000000000000000000000,1.27%,8.52%,1917,1.0,600173.SH,,卧龙新能,
MARKET.SH,600172,10.99,10.8,10.99,10.8,9.99,14:59:57.487,-10.99,78420400,154100,860569088.0,62707000,15713500,0,3440.66,"{'bid': [{'price': 10.99, 'vol': 149981}], 'ask': [{'price': 0.0, 'vol': 0}]}",0001000110010110,0.00%,0.02%,1693888.0,1.03%,0,0,000000000000000000000000000000000000000000000000,0.10%,0.00%,2283,6.14,600172.SH,,黄河旋风,
MARKET.SH,600170,2.55,2.55,2.56,2.53,2.54,15:00:01.476,-2.55,83411300,1498800,212000272.0,40426300,42985100,0,81.73,"{'bid': [{'price': 2.54, 'vol': 65977}], 'ask': [{'price': 2.55, 'vol': 255}]}",0000110100010110,0.39%,0.08%,3822000.0,0.00%,0,0,000000000000000000000000000000000000000000000000,2.29%,9.89%,3652,0.94,600170.SH,,上海建工,
MARKET.SH,600168,4.71,4.71,4.74,4.64,4.69,14:59:59.028,-4.71,6117400,27700,28716162.0,2897700,3219800,0,14.84,"{'bid': [{'price': 4.71, 'vol': 3953}], 'ask': [{'price': 4.73, 'vol': 400}]}",0001011011010110,0.00%,0.03%,130466.0,0.00%,0,0,000000000000000000000000000000000000000000000000,0.88%,22.43%,1117,0.62,600168.SH,,武汉控股,
MARKET.SH,600167,6.73,6.73,6.8,6.67,6.73,14:59:59.021,-6.73,9878700,153400,66549488.0,5243500,4635200,0,36.75,"{'bid': [{'price': 6.73, 'vol': 906}], 'ask': [{'price': 6.75, 'vol': 145}]}",0000011010010110,0.00%,0.05%,1032388.0,0.00%,0,0,000000000000000000000000000000000000000000000000,1.77%,39.91%,2110,0.44,600167.SH,,联美控股,
MARKET.SH,600166,3.13,3.15,3.16,3.1,3.1,14:59:59.597,-3.13,136006300,1726500,425251872.0,64974900,71031400,1,218.74,"{'bid': [{'price': 3.13, 'vol': 4241}], 'ask': [{'price': 3.14, 'vol': 14891}]}",0000001000010110,0.00%,0.09%,5404000.0,0.00%,0,0,000000000000000000000000000000000000000000000000,1.33%,-4.32%,4497,1.72,600166.SH,,福田汽车,
MARKET.SH,600163,6.32,6.35,6.44,6.26,6.35,14:59:58.448,-6.32,34106600,478900,216469968.0,18146300,15960400,0,98.23,"{'bid': [{'price': 6.32, 'vol': 3134}], 'ask': [{'price': 6.33, 'vol': 995}]}",0001010110010110,0.00%,0.17%,3026592.0,0.00%,0,0,000000000000000000000000000000000000000000000000,1.56%,35.22%,3184,1.79,600163.SH,,中闽能源,
MARKET.SH,600162,1.74,1.74,1.75,1.7,1.74,15:00:01.362,-1.74,46221400,233200,79580008.0,24799400,21422000,0,33.98,"{'bid': [{'price': 1.73, 'vol': 17022}], 'ask': [{'price': 1.74, 'vol': 3778}]}",0000101000010110,0.58%,0.10%,405784.0,0.00%,0,0,000000000000000000000000000000000000000000000000,1.14%,39.02%,2290,1.41,600162.SH,,香江控股,
MARKET.SH,600161,13.25,13.47,13.47,13.21,13.64,14:59:56.674,-13.25,10975700,153400,145742288.0,6273000,4702700,-2,210.94,"{'bid': [{'price': 13.25, 'vol': 91}], 'ask': [{'price': 13.26, 'vol': 346}]}",0000001000010110,-0.14%,0.03%,2032864.0,0.00%,0,0,000000000000000000000000000000000000000000000000,1.24%,40.25%,2739,0.56,600161.SH,,天坛生物,
MARKET.SH,600159,3.01,2.93,3.02,2.87,2.92,15:00:00.600,-3.01,32209900,434200,94929392.0,13742900,18467000,0,74.45,"{'bid': [{'price': 3.0, 'vol': 75}], 'ask': [{'price': 3.01, 'vol': 1131}]}",0000000000010110,0.67%,0.15%,1306920.0,1.03%,0,0,000000000000000000000000000000000000000000000000,0.97%,-2.14%,2412,3.88,600159.SH,,大龙地产,
MARKET.SH,600158,11.67,11.5,12.02,11.36,11.41,14:59:56.522,-11.67,100304300,1300700,1171353088.0,47079000,53225400,1,664.01,"{'bid': [{'price': 11.67, 'vol': 507}], 'ask': [{'price': 11.68, 'vol': 1432}]}",0001001100010110,0.09%,0.42%,15179392.0,-0.42%,0,0,000000000000000000000000000000000000000000000000,1.41%,47.47%,4517,10.45,600158.SH,,中体产业,
MARKET.SH,600157,1.73,1.71,1.74,1.7,1.71,15:00:00.168,-1.73,512222300,16679800,882085184.0,219956000,292266300,1,1583.32,"{'bid': [{'price': 1.72, 'vol': 374964}], 'ask': [{'price': 1.73, 'vol': 124693}]}",0000100000010110,0.58%,0.16%,28856128.0,0.00%,0,0,000000000000000000000000000000000000000000000000,2.78%,6.42%,4472,2.35,600157.SH,,永泰能源,
MARKET.SH,600156,13.59,13.09,13.85,11.74,13.04,14:59:55.831,-13.59,112711700,1081200,1412312960.0,53504600,59207100,1,1700.91,"{'bid': [{'price': 13.59, 'vol': 42}], 'ask': [{'price': 13.6, 'vol': 1437}]}",0000101111010110,-0.14%,0.99%,14693504.0,0.00%,0,0,000000000000000000000000000000000000000000000000,1.01%,31.67%,4629,28.03,600156.SH,,华升股份,
MARKET.SH,600155,5.81,5.98,6.0,5.81,5.97,14:59:58.632,-5.81,33096400,898800,194275936.0,18281600,14814900,-1,165.17,"{'bid': [{'price': 5.81, 'vol': 4403}], 'ask': [{'price': 5.82, 'vol': 2946}]}",0001000010010110,-0.33%,0.10%,5221776.0,0.34%,0,0,000000000000000000000000000000000000000000000000,3.05%,15.99%,2910,1.5,600155.SH,,华创云信,
MARKET.SH,600153,9.45,9.61,9.63,9.39,9.55,14:59:57.682,-9.45,22530600,317100,213618384.0,13158300,9372400,1,45.94,"{'bid': [{'price': 9.45, 'vol': 315}], 'ask': [{'price': 9.46, 'vol': 146}]}",0001100000010110,0.11%,0.05%,2996672.0,0.00%,0,0,000000000000000000000000000000000000000000000000,1.80%,63.78%,4133,0.78,600153.SH,,建发股份,
MARKET.SH,600152,13.09,12.42,13.39,12.25,12.49,14:59:56.011,-13.09,55109000,691700,709090944.0,24439300,30669700,0,373.72,"{'bid': [{'price': 13.08, 'vol': 1615}], 'ask': [{'price': 13.09, 'vol': 1078}]}",0000000000010110,0.00%,0.38%,9054336.0,0.49%,0,0,000000000000000000000000000000000000000000000000,1.25%,-24.23%,4223,10.42,600152.SH,,维科技术,
MARKET.SH,600149,5.99,5.99,6.06,5.77,5.88,14:59:58.567,-5.99,19569200,403500,116528344.0,9308400,10260800,-2,80.27,"{'bid': [{'price': 5.99, 'vol': 882}], 'ask': [{'price': 6.0, 'vol': 103}]}",0000000000010110,-0.16%,0.31%,2416984.0,0.00%,0,0,000000000000000000000000000000000000000000000000,1.93%,-26.13%,2735,5.15,600149.SH,,廊坊发展,
MARKET.SH,600138,8.05,8.21,8.23,8.03,8.22,14:59:58.186,-8.05,10712800,226900,86716240.0,5560500,5152300,0,41.46,"{'bid': [{'price': 8.05, 'vol': 1220}], 'ask': [{'price': 8.06, 'vol': 1615}]}",0000001110010110,-0.36%,0.12%,1826576.0,0.00%,0,0,000000000000000000000000000000000000000000000000,3.13%,-42.10%,1763,1.48,600138.SH,,中青旅,
MARKET.SH,600135,10.9,10.7,11.14,10.68,10.7,14:59:57.520,-10.9,18060600,253000,195940720.0,9441000,8619700,-2,588.61,"{'bid': [{'price': 10.9, 'vol': 299}], 'ask': [{'price': 10.91, 'vol': 93}]}",0000111111010110,0.00%,0.17%,2757680.0,1.71%,0,0,000000000000000000000000000000000000000000000000,1.37%,-26.81%,3290,3.26,600135.SH,,乐凯胶片,
MARKET.SH,600133,9.06,8.95,9.12,8.9,8.95,14:59:58.182,-9.06,25102100,340000,226281376.0,13030500,12071600,0,210.06,"{'bid': [{'price': 9.05, 'vol': 516}], 'ask': [{'price': 9.06, 'vol': 666}]}",0000101101010110,0.00%,0.07%,3080496.0,0.00%,0,0,000000000000000000000000000000000000000000000000,1.12%,-13.90%,2667,2.35,600133.SH,,东湖高新,
MARKET.SH,600130,5.37,5.35,5.42,5.16,5.49,14:59:59.510,-5.37,75958400,1223500,403974656.0,38475500,37482900,0,603.59,"{'bid': [{'price': 5.37, 'vol': 1240}], 'ask': [{'price': 5.38, 'vol': 3989}]}",0000000000010110,0.19%,0.43%,6570144.0,0.56%,0,0,000000000000000000000000000000000000000000000000,1.74%,7.85%,3987,10.13,600130.SH,,波导股份,
MARKET.SH,600129,14.29,14.53,14.59,14.29,14.5,14:59:55.939,-14.29,5401500,86700,77658512.0,3030900,2370600,-1,17.0,"{'bid': [{'price': 14.29, 'vol': 453}], 'ask': [{'price': 14.3, 'vol': 258}]}",0000000001010110,-0.06%,0.06%,1238968.0,0.00%,0,0,000000000000000000000000000000000000000000000000,1.73%,48.80%,1951,0.98,600129.SH,,太极集团,
MARKET.SH,600128,9.55,9.44,9.68,9.33,9.44,14:59:58.006,-9.55,3940200,88900,37380992.0,1691900,2248300,0,9.91,"{'bid': [{'price': 9.55, 'vol': 253}], 'ask': [{'price': 9.56, 'vol': 1019}]}",0000101100010110,-0.09%,0.09%,849000.0,0.00%,0,0,000000000000000000000000000000000000000000000000,1.93%,-52.73%,1762,1.6,600128.SH,,苏豪弘业,
MARKET.SH,600127,6.29,6.25,6.34,6.18,6.26,14:59:58.459,-6.29,11398800,128100,71277336.0,5733600,5665300,-1,65.06,"{'bid': [{'price': 6.29, 'vol': 114}], 'ask': [{'price': 6.3, 'vol': 1426}]}",0000111111010110,0.00%,0.10%,805720.0,0.00%,0,0,000000000000000000000000000000000000000000000000,2.26%,-33.59%,1886,1.78,600127.SH,,金健米业,
MARKET.SH,600126,8.29,8.21,8.32,8.11,8.14,14:59:58.459,-8.29,70680000,817900,581136256.0,31152000,39528000,1,132.59,"{'bid': [{'price': 8.29, 'vol': 3827}], 'ask': [{'price': 8.3, 'vol': 4153}]}",0000010110010110,0.12%,0.14%,6780480.0,0.00%,0,0,000000000000000000000000000000000000000000000000,1.24%,0.42%,4324,2.09,600126.SH,,杭钢股份,
MARKET.SH,600125,5.86,5.87,5.89,5.81,5.85,14:59:58.974,-5.86,9629000,208700,56320028.0,4897300,4731800,0,15.67,"{'bid': [{'price': 5.86, 'vol': 530}], 'ask': [{'price': 5.87, 'vol': 469}]}",0001010000010110,0.00%,0.03%,1222996.0,0.00%,0,0,000000000000000000000000000000000000000000000000,1.47%,-9.68%,1745,0.74,600125.SH,,铁龙物流,
MARKET.SH,600123,6.25,6.28,6.33,6.18,6.27,14:59:59.194,-6.25,18959400,194300,118345480.0,10175600,8783900,-2,24.81,"{'bid': [{'price': 6.25, 'vol': 433}], 'ask': [{'price': 6.26, 'vol': 54}]}",0001100010010110,-0.15%,0.05%,1214400.0,0.00%,0,0,000000000000000000000000000000000000000000000000,1.07%,36.77%,2680,1.29,600123.SH,,兰花科创,
MARKET.SH,600121,4.11,4.03,4.14,4.01,4.02,14:59:59.964,-4.11,33494900,483200,136513296.0,14650300,18844600,0,62.8,"{'bid': [{'price': 4.1, 'vol': 3560}], 'ask': [{'price': 4.11, 'vol': 3917}]}",0000010100010110,0.24%,0.17%,1985952.0,0.00%,0,0,000000000000000000000000000000000000000000000000,1.41%,-34.97%,2443,2.75,600121.SH,,郑州煤电,
MARKET.SH,600120,5.12,5.09,5.17,5.08,4.93,14:59:58.880,-5.12,62211200,690000,318723808.0,27044700,35166600,-1,820.76,"{'bid': [{'price': 5.12, 'vol': 6464}], 'ask': [{'price': 5.13, 'vol': 5136}]}",0000111101010110,-0.18%,0.09%,3532768.0,0.20%,0,0,000000000000000000000000000000000000000000000000,1.19%,-28.32%,3265,1.82,600120.SH,,浙江东方,
MARKET.SH,600117,2.32,2.31,2.34,2.29,2.31,15:00:00.414,-2.32,9503500,126500,21974664.0,3931700,5571800,-1,7.16,"{'bid': [{'price': 2.32, 'vol': 4398}], 'ask': [{'price': 2.33, 'vol': 92}]}",0000000000010110,0.00%,0.02%,293472.0,0.00%,0,0,000000000000000000000000000000000000000000000000,1.43%,9.43%,1214,0.29,600117.SH,,西宁特钢,
MARKET.SH,600116,6.57,6.53,6.6,6.45,6.52,14:59:58.718,-6.57,25047300,290900,163398496.0,10025900,15021400,0,100.17,"{'bid': [{'price': 6.56, 'vol': 1131}], 'ask': [{'price': 6.57, 'vol': 1123}]}",0000000000010110,0.31%,0.07%,1911328.0,0.00%,0,0,000000000000000000000000000000000000000000000000,1.18%,-47.15%,3122,1.31,600116.SH,,三峡水利,
MARKET.SH,600115,4.14,4.23,4.23,4.11,4.21,14:59:59.593,-4.14,187602500,2017300,778254656.0,105729900,81872700,-1,584.42,"{'bid': [{'price': 4.14, 'vol': 9531}], 'ask': [{'price': 4.15, 'vol': 12718}]}",0001000101010110,0.00%,0.07%,8351360.0,0.00%,0,0,000000000000000000000000000000000000000000000000,1.35%,33.86%,4161,1.1,600115.SH,,中国东航,
MARKET.SH,600110,9.98,9.29,10.07,9.2,9.29,14:59:57.851,-9.98,124026600,2149500,1210344064.0,58358500,65668200,2,338.71,"{'bid': [{'price': 9.97, 'vol': 1739}], 'ask': [{'price': 9.98, 'vol': 666}]}",0001010110010110,0.30%,0.29%,21451904.0,0.00%,0,0,000000000000000000000000000000000000000000000000,1.36%,17.45%,4625,7.15,600110.SH,,诺德股份,
MARKET.SH,600109,8.74,8.85,8.89,8.65,8.8,14:59:57.577,-8.74,32212100,636300,281024256.0,16032800,16179400,3,79.03,"{'bid': [{'price': 8.73, 'vol': 553}], 'ask': [{'price': 8.74, 'vol': 158}]}",0001010101010110,0.11%,0.05%,5561184.0,0.00%,0,0,000000000000000000000000000000000000000000000000,1.87%,-20.14%,3326,0.87,600109.SH,,国金证券,
MARKET.SH,600108,3.69,3.69,3.71,3.61,3.64,15:00:00.192,-3.69,67252600,250600,246966448.0,33680100,33572500,1,101.22,"{'bid': [{'price': 3.68, 'vol': 1018}], 'ask': [{'price': 3.69, 'vol': 3325}]}",0000000000010110,0.00%,0.12%,924720.0,0.00%,0,0,000000000000000000000000000000000000000000000000,1.17%,-31.03%,3510,3.45,600108.SH,,亚盛集团,
MARKET.SH,600106,5.66,5.55,5.72,5.55,5.53,14:59:58.686,-5.66,15069400,75400,85123768.0,5847600,9221900,-1,25.29,"{'bid': [{'price': 5.66, 'vol': 1532}], 'ask': [{'price': 5.67, 'vol': 1295}]}",0001011111010110,-0.34%,0.03%,426712.0,0.00%,0,0,000000000000000000000000000000000000000000000000,0.81%,-19.43%,1674,1.13,600106.SH,,重庆路桥,
MARKET.SH,600104,12.48,12.41,12.5,12.22,12.4,14:59:56.951,-12.48,37408200,445100,463724864.0,16428700,20979600,1,190.74,"{'bid': [{'price': 12.47, 'vol': 2853}], 'ask': [{'price': 12.48, 'vol': 1691}]}",0000110100010110,0.16%,0.03%,5554880.0,0.00%,0,0,000000000000000000000000000000000000000000000000,1.30%,1.53%,4046,0.33,600104.SH,,上汽集团,
MARKET.SH,600103,4.22,4.18,4.26,4.12,4.18,14:59:59.204,-4.22,112591200,679900,472798208.0,46656100,65935200,-1,229.47,"{'bid': [{'price': 4.22, 'vol': 1977}], 'ask': [{'price': 4.23, 'vol': 7176}]}",0001000110010110,0.00%,0.14%,2868704.0,0.24%,0,0,000000000000000000000000000000000000000000000000,0.95%,-6.46%,4497,5.09,600103.SH,,青山纸业,
MARKET.SH,600101,9.66,9.52,9.68,9.43,9.52,14:59:57.966,-9.66,14333000,103000,137386960.0,6384300,7948800,0,36.94,"{'bid': [{'price': 9.66, 'vol': 81}], 'ask': [{'price': 9.67, 'vol': 656}]}",0001100011010110,0.00%,0.12%,994992.0,0.00%,0,0,000000000000000000000000000000000000000000000000,1.46%,-19.23%,2859,2.62,600101.SH,,明星电力,
MARKET.SH,600100,8.26,8.25,8.33,8.03,8.15,14:59:58.110,-8.26,45047200,765300,368143136.0,20747800,24299400,-1,241.89,"{'bid': [{'price': 8.26, 'vol': 106}], 'ask': [{'price': 8.27, 'vol': 2645}]}",0000001010010110,0.00%,0.05%,6321280.0,0.00%,0,0,000000000000000000000000000000000000000000000000,1.32%,-25.64%,4054,1.34,600100.SH,,同方股份,
MARKET.SH,600099,10.77,10.67,10.84,10.42,10.56,14:59:57.566,-10.77,4682400,30900,49723940.0,2334200,2348200,2,27.42,"{'bid': [{'price': 10.75, 'vol': 84}], 'ask': [{'price': 10.77, 'vol': 77}]}",0000001001010110,0.19%,0.04%,332784.0,0.00%,0,0,000000000000000000000000000000000000000000000000,0.54%,-31.73%,2191,2.14,600099.SH,,林海股份,
MARKET.SH,600098,7.2,7.16,7.24,7.12,7.19,14:59:58.852,-7.2,26551500,223200,190652304.0,13183000,13368500,0,144.13,"{'bid': [{'price': 7.2, 'vol': 691}], 'ask': [{'price': 7.21, 'vol': 1263}]}",0000001000010110,0.14%,0.07%,1607360.0,0.00%,0,0,000000000000000000000000000000000000000000000000,1.21%,-12.48%,3124,0.76,600098.SH,,广州发展,
MARKET.SH,600097,9.76,9.61,9.82,9.5,9.58,14:59:58.290,-9.76,2944500,18800,28411250.0,1396700,1547800,0,10.47,"{'bid': [{'price': 9.76, 'vol': 272}], 'ask': [{'price': 9.77, 'vol': 36}]}",0000000000010110,0.00%,0.02%,183490.0,0.00%,0,0,000000000000000000000000000000000000000000000000,0.49%,17.96%,1459,1.22,600097.SH,,开创国际,
MARKET.SH,600095,9.05,8.9,9.08,8.62,8.86,14:59:57.466,-9.05,43628500,1150900,383089184.0,21052600,22575900,-1,151.48,"{'bid': [{'price': 9.04, 'vol': 1064}], 'ask': [{'price': 9.05, 'vol': 374}]}",0000000001010110,0.22%,0.30%,10415360.0,0.00%,0,0,000000000000000000000000000000000000000000000000,3.04%,9.42%,3552,1.53,600095.SH,,湘财股份,
MARKET.SH,600094,4.64,4.59,4.69,4.51,4.54,15:00:00.222,-4.64,23295100,261700,107413248.0,9351000,13944200,1,52.97,"{'bid': [{'price': 4.63, 'vol': 312}], 'ask': [{'price': 4.64, 'vol': 1320}]}",0000110101010110,0.22%,0.03%,1214384.0,0.44%,0,0,000000000000000000000000000000000000000000000000,0.89%,-32.36%,2071,1.1,600094.SH,,大名城,
MARKET.SH,600081,12.11,11.98,12.15,11.9,11.94,14:59:57.084,-12.11,7355200,144700,88588048.0,3577700,3777500,-1,50.8,"{'bid': [{'price': 12.11, 'vol': 728}], 'ask': [{'price': 12.12, 'vol': 53}]}",0000100111010110,0.00%,0.27%,1752280.0,0.00%,0,0,000000000000000000000000000000000000000000000000,2.51%,9.63%,2288,1.33,600081.SH,,东风科技,
MARKET.SH,600078,14.53,14.5,14.86,13.87,14.3,14:59:56.213,-14.53,39471000,208800,567328832.0,19307700,20163300,1,141.23,"{'bid': [{'price': 14.53, 'vol': 88}], 'ask': [{'price': 14.54, 'vol': 303}]}",0000000000010110,-0.06%,0.17%,3033856.0,0.00%,0,0,000000000000000000000000000000000000000000000000,0.80%,34.55%,4178,5.96,600078.SH,,澄星股份,
MARKET.SH,600076,3.96,4.1,4.13,3.84,4.09,14:59:59.658,-3.96,96618900,1299100,379997024.0,53442000,43177000,-1,959.56,"{'bid': [{'price': 3.96, 'vol': 4531}], 'ask': [{'price': 3.97, 'vol': 1287}]}",0001000101010110,-0.24%,0.33%,5144512.0,0.00%,0,0,000000000000000000000000000000000000000000000000,1.34%,10.95%,3672,7.19,600076.SH,,康欣新材,
MARKET.SH,600075,5.39,5.46,5.47,5.31,5.49,14:59:59.503,-5.39,14128000,266100,76406200.0,7762400,6365600,-1,24.52,"{'bid': [{'price': 5.39, 'vol': 286}], 'ask': [{'price': 5.4, 'vol': 2539}]}",0000000010010110,0.00%,0.06%,1434280.0,0.00%,0,0,000000000000000000000000000000000000000000000000,1.86%,5.13%,2286,0.83,600075.SH,,新疆天业,
MARKET.SH,600073,5.36,5.42,5.43,5.33,5.38,14:59:59.514,-5.36,5785000,86700,31092582.0,2963900,2821200,-2,52.63,"{'bid': [{'price': 5.36, 'vol': 370}], 'ask': [{'price': 5.37, 'vol': 118}]}",0001001100010110,-0.18%,0.03%,464708.0,0.00%,0,0,000000000000000000000000000000000000000000000000,1.27%,9.86%,1152,0.62,600073.SH,,光明肉业,
MARKET.SH,600072,12.52,12.78,12.84,12.42,12.6,14:59:56.216,-12.52,27408400,617400,344863680.0,15569500,11838900,0,123.84,"{'bid': [{'price': 12.51, 'vol': 357}], 'ask': [{'price': 12.52, 'vol': 51}]}",0000001101010110,0.00%,0.12%,7729856.0,0.00%,0,0,000000000000000000000000000000000000000000000000,1.67%,53.12%,3739,2.53,600072.SH,,中船科技,
MARKET.SH,600067,3.2,3.16,3.24,3.12,3.15,15:00:00.486,-3.2,20319700,118700,64669128.0,8996900,11322800,0,21.49,"{'bid': [{'price': 3.2, 'vol': 898}], 'ask': [{'price': 3.21, 'vol': 3419}]}",0000011111010110,-0.30%,0.04%,379856.0,0.00%,0,0,000000000000000000000000000000000000000000000000,0.81%,-44.90%,1801,1.46,600067.SH,,冠城新材,
MARKET.SH,600064,7.39,7.41,7.48,7.32,7.4,14:59:58.423,-7.39,20306500,679100,150290384.0,12600500,7706000,-2,41.27,"{'bid': [{'price': 7.39, 'vol': 948}], 'ask': [{'price': 7.4, 'vol': 476}]}",0000110001010110,-0.39%,0.10%,5018720.0,0.00%,0,0,000000000000000000000000000000000000000000000000,2.87%,-19.59%,2482,1.17,600064.SH,,南京高科,
MARKET.SH,600063,6.38,5.96,6.46,5.95,5.94,14:59:58.787,-6.38,67619400,1324300,422374912.0,27190800,40428700,0,44.58,"{'bid': [{'price': 6.38, 'vol': 3764}], 'ask': [{'price': 6.39, 'vol': 4140}]}",0000111011010110,0.31%,0.20%,8448992.0,0.00%,0,0,000000000000000000000000000000000000000000000000,2.05%,36.25%,3613,3.27,600063.SH,,皖维高新,
MARKET.SH,600061,6.35,6.46,6.49,6.32,6.45,14:59:59.158,-6.35,42323500,358000,269253632.0,22687700,19635900,-2,121.64,"{'bid': [{'price': 6.35, 'vol': 2650}], 'ask': [{'price': 6.36, 'vol': 270}]}",0001011010010110,-0.15%,0.03%,2273296.0,0.00%,0,0,000000000000000000000000000000000000000000000000,0.88%,32.73%,3319,0.66,600061.SH,,国投资本,
MARKET.SH,600059,8.3,8.36,8.4,8.25,8.35,14:59:58.096,-8.3,5559600,133000,46181724.0,2944600,2615000,1,13.21,"{'bid': [{'price': 8.3, 'vol': 52}], 'ask': [{'price': 8.31, 'vol': 335}]}",0000000100010110,0.00%,0.04%,1103924.0,0.00%,0,0,000000000000000000000000000000000000000000000000,1.93%,31.76%,1639,0.61,600059.SH,,古越龙山,
MARKET.SH,600058,10.52,10.32,10.68,10.22,10.24,14:59:57.656,-10.52,10027000,102400,104770704.0,4176500,5850500,0,174.92,"{'bid': [{'price': 10.52, 'vol': 196}], 'ask': [{'price': 10.53, 'vol': 127}]}",0000101010010110,-0.18%,0.06%,1077272.0,0.68%,0,0,000000000000000000000000000000000000000000000000,1.16%,8.07%,2785,0.94,600058.SH,,五矿发展,
MARKET.SH,600057,6.34,6.39,6.42,6.32,6.38,14:59:59.161,-6.34,16874700,199000,107230656.0,8862900,8011900,-1,13.67,"{'bid': [{'price': 6.34, 'vol': 152}], 'ask': [{'price': 6.35, 'vol': 246}]}",0000111000010110,-0.15%,0.05%,1261680.0,0.00%,0,0,000000000000000000000000000000000000000000000000,1.27%,30.39%,2811,0.81,600057.SH,,厦门象屿,
MARKET.SH,600056,9.84,9.91,9.92,9.79,9.9,14:59:57.181,-9.84,10633600,147700,104649136.0,6011800,4621800,-1,36.57,"{'bid': [{'price': 9.84, 'vol': 750}], 'ask': [{'price': 9.85, 'vol': 739}]}",0000100111010110,0.00%,0.05%,1453376.0,0.00%,0,0,000000000000000000000000000000000000000000000000,1.59%,49.56%,2217,0.71,600056.SH,,中国医药,
MARKET.SH,600055,13.65,14.0,14.14,13.61,14.0,14:59:56.170,-13.65,9027400,113300,124541952.0,4961400,4066100,-1,26.04,"{'bid': [{'price': 13.65, 'vol': 36}], 'ask': [{'price': 13.67, 'vol': 9}]}",0001100000010110,-0.06%,0.05%,1546544.0,0.00%,0,0,000000000000000000000000000000000000000000000000,1.09%,12.05%,2410,1.28,600055.SH,,万东医疗,
MARKET.SH,600054,10.99,11.17,11.19,10.98,11.12,14:59:57.487,-10.99,6779400,113600,74781856.0,4775600,2003800,0,5.59,"{'bid': [{'price': 10.98, 'vol': 1167}], 'ask': [{'price': 10.99, 'vol': 2298}]}",0000000000010110,-0.17%,0.11%,1248352.0,0.00%,0,0,000000000000000000000000000000000000000000000000,1.77%,-5.13%,2155,1.32,600054.SH,,黄山旅游,
MARKET.SH,600052,4.55,4.54,4.6,4.44,4.54,14:59:59.806,-4.55,20830200,251900,93915336.0,11185300,9644900,0,43.81,"{'bid': [{'price': 4.54, 'vol': 1274}], 'ask': [{'price': 4.55, 'vol': 179}]}",0000000000010110,0.22%,0.13%,1146216.0,0.00%,0,0,000000000000000000000000000000000000000000000000,1.55%,-28.17%,2202,2.47,600052.SH,,东望时代,
MARKET.SH,600051,7.16,7.11,7.2,6.98,7.1,14:59:59.226,-7.16,6192400,51200,43847440.0,2825900,3366500,1,57.38,"{'bid': [{'price': 7.15, 'vol': 90}], 'ask': [{'price': 7.16, 'vol': 15}]}",0000000000010110,0.14%,0.04%,366580.0,0.14%,0,0,000000000000000000000000000000000000000000000000,0.60%,-45.98%,1812,1.99,600051.SH,,宁波联合,
MARKET.SH,600050,4.46,4.55,4.56,4.42,4.55,14:59:59.838,-4.46,392295200,1888600,1753664384.0,203160100,189135200,-1,1527.84,"{'bid': [{'price': 4.46, 'vol': 24936}], 'ask': [{'price': 4.47, 'vol': 13887}]}",0000111010010110,0.00%,0.04%,8424192.0,0.00%,0,0,000000000000000000000000000000000000000000000000,0.62%,25.72%,4687,1.27,600050.SH,,中国联通,
MARKET.SH,600048,5.82,5.9,5.91,5.8,5.87,14:59:58.988,-5.82,93367000,1317400,545539200.0,47978600,45388400,-1,118.35,"{'bid': [{'price': 5.82, 'vol': 10271}], 'ask': [{'price': 5.83, 'vol': 7088}]}",0000010110010110,0.00%,0.03%,7667392.0,0.00%,0,0,000000000000000000000000000000000000000000000000,1.27%,38.71%,4028,0.78,600048.SH,,保利发展,
MARKET.SH,600039,8.1,8.08,8.19,7.91,8.08,14:59:57.808,-8.1,43605300,258400,351766784.0,21643200,21962100,0,63.27,"{'bid': [{'price': 8.1, 'vol': 109}], 'ask': [{'price': 8.11, 'vol': 2931}]}",0000100010010110,0.00%,0.05%,2093280.0,0.00%,0,0,000000000000000000000000000000000000000000000000,1.06%,-19.32%,3750,0.5,600039.SH,,四川路桥,
MARKET.SH,600037,7.59,7.66,7.71,7.44,7.6,14:59:58.351,-7.59,22766900,401500,171849840.0,11595300,11171700,-2,65.34,"{'bid': [{'price': 7.59, 'vol': 250}], 'ask': [{'price': 7.6, 'vol': 43}]}",0001000100010110,0.00%,0.07%,3047440.0,0.00%,0,0,000000000000000000000000000000000000000000000000,1.34%,72.84%,3212,1.64,600037.SH,,歌华有线,
MARKET.SH,600035,3.82,3.83,3.84,3.81,3.83,15:00:00.714,-3.82,10389800,35700,39715000.0,6456000,3933900,0,34.7,"{'bid': [{'price': 3.82, 'vol': 4925}], 'ask': [{'price': 3.83, 'vol': 2724}]}",0000110110010110,-0.25%,0.01%,136364.0,0.00%,0,0,000000000000000000000000000000000000000000000000,0.47%,-23.68%,1214,0.65,600035.SH,,楚天高速,
MARKET.SH,600033,3.54,3.57,3.58,3.53,3.56,15:00:00.282,-3.54,18102400,319300,64233344.0,11773600,6328900,0,12.46,"{'bid': [{'price': 3.54, 'vol': 5011}], 'ask': [{'price': 3.55, 'vol': 4239}]}",0001010000010110,0.00%,0.05%,1130316.0,0.00%,0,0,000000000000000000000000000000000000000000000000,1.67%,-6.34%,2320,0.66,600033.SH,,福建高速,
MARKET.SH,600032,10.32,10.55,10.66,10.09,10.95,14:59:57.728,-10.32,84930200,2085100,884965056.0,46969300,37960900,0,1660.15,"{'bid': [{'price': 10.31, 'vol': 1484}], 'ask': [{'price': 10.32, 'vol': 1326}]}",0000011101010110,-0.47%,0.90%,21518272.0,0.38%,0,0,000000000000000000000000000000000000000000000000,2.96%,50.15%,4560,3.53,600032.SH,,浙江新能,
MARKET.SH,600029,5.29,5.38,5.39,5.27,5.37,14:59:58.819,-5.29,95871300,1015100,508669280.0,53192700,42678600,-1,556.72,"{'bid': [{'price': 5.29, 'vol': 5645}], 'ask': [{'price': 5.3, 'vol': 5096}]}",0000110001010110,0.19%,0.06%,5369760.0,0.37%,0,0,000000000000000000000000000000000000000000000000,1.19%,55.47%,4229,0.71,600029.SH,,南方航空,
MARKET.SH,600028,4.96,5.02,5.04,4.95,5.03,14:59:59.298,-4.96,261236900,4648200,1300935936.0,146551000,114686000,0,712.28,"{'bid': [{'price': 4.95, 'vol': 98226}], 'ask': [{'price': 4.96, 'vol': 14385}]}",0001100000010110,0.00%,0.07%,23055488.0,0.00%,0,0,000000000000000000000000000000000000000000000000,1.86%,-1.89%,4680,0.28,600028.SH,,中国石化,
MARKET.SH,600027,5.13,5.15,5.19,5.08,5.13,14:59:59.597,-5.13,89385300,669700,459347584.0,43810600,45574800,0,94.76,"{'bid': [{'price': 5.12, 'vol': 8029}], 'ask': [{'price': 5.13, 'vol': 3246}]}",0000110011010110,0.20%,0.06%,3435616.0,0.00%,0,0,000000000000000000000000000000000000000000000000,1.24%,42.14%,4111,0.97,600027.SH,,华电国际,
MARKET.SH,600025,9.23,9.33,9.35,9.2,9.33,14:59:58.121,-9.23,38898500,344300,359502752.0,15673600,23224900,0,50.29,"{'bid': [{'price': 9.22, 'vol': 1072}], 'ask': [{'price': 9.23, 'vol': 122}]}",0000010111010110,0.11%,0.03%,3177888.0,-0.10%,0,0,000000000000000000000000000000000000000000000000,0.82%,60.93%,3898,0.21,600025.SH,,华能水电,
MARKET.SH,600023,5.75,5.69,5.81,5.64,5.71,14:59:58.654,-5.75,91279700,1223600,523612384.0,44353100,46926700,-1,700.5,"{'bid': [{'price': 5.75, 'vol': 3993}], 'ask': [{'price': 5.76, 'vol': 4638}]}",0001011001010110,0.00%,0.07%,7035712.0,-0.17%,0,0,000000000000000000000000000000000000000000000000,1.27%,0.16%,4358,0.68,600023.SH,,浙能电力,
MARKET.SH,600022,1.34,1.34,1.36,1.33,1.34,15:00:01.002,-1.34,61683100,1490400,82794224.0,26276300,35406900,0,49.02,"{'bid': [{'price': 1.34, 'vol': 96221}], 'ask': [{'price': 1.35, 'vol': 42202}]}",0001011000010110,0.00%,0.05%,1997016.0,0.00%,0,0,000000000000000000000000000000000000000000000000,1.81%,-10.16%,2532,0.58,600022.SH,,山东钢铁,
MARKET.SH,600020,3.92,3.91,3.95,3.86,3.9,15:00:00.054,-3.92,15179500,125000,59367368.0,7610800,7568700,-1,12.86,"{'bid': [{'price': 3.92, 'vol': 2663}], 'ask': [{'price': 3.94, 'vol': 5853}]}",0000100110010110,-0.24%,0.03%,489984.0,0.00%,0,0,000000000000000000000000000000000000000000000000,0.62%,-36.78%,1905,0.68,600020.SH,,中原高速,
MARKET.SH,600019,5.9,5.95,5.99,5.87,5.94,14:59:59.320,-5.9,76092700,657400,449062880.0,42135900,33956900,0,133.28,"{'bid': [{'price': 5.89, 'vol': 7774}], 'ask': [{'price': 5.9, 'vol': 1958}]}",0001001011010110,0.17%,0.02%,3878656.0,0.00%,0,0,000000000000000000000000000000000000000000000000,1.08%,39.75%,4053,0.35,600019.SH,,宝钢股份,
MARKET.SH,600018,5.11,5.1,5.11,5.05,5.09,14:59:59.604,-5.11,44804900,582600,227355168.0,21692400,23112600,1,68.6,"{'bid': [{'price': 5.1, 'vol': 1776}], 'ask': [{'price': 5.11, 'vol': 5345}]}",0000111000010110,0.20%,0.05%,2977040.0,0.00%,0,0,000000000000000000000000000000000000000000000000,1.66%,-32.11%,3669,0.19,600018.SH,,上港集团,
MARKET.SH,600017,2.78,2.8,2.8,2.76,2.79,15:00:01.338,-2.78,21629900,343100,60072456.0,10493100,11136900,0,82.82,"{'bid': [{'price': 2.78, 'vol': 2406}], 'ask': [{'price': 2.79, 'vol': 2405}]}",0001001100010110,0.00%,0.05%,953828.0,0.36%,0,0,000000000000000000000000000000000000000000000000,1.78%,-19.48%,1804,0.7,600017.SH,,日照港,
MARKET.SH,600016,3.52,3.53,3.54,3.5,3.53,14:59:59.456,-3.52,147799200,4950000,520010240.0,73816000,73983300,-1,325.29,"{'bid': [{'price': 3.52, 'vol': 40259}], 'ask': [{'price': 3.53, 'vol': 92418}]}",0001011111010110,-0.27%,0.03%,17424064.0,0.00%,0,0,000000000000000000000000000000000000000000000000,2.94%,2.22%,3924,0.42,600016.SH,,民生银行,
MARKET.SH,600015,6.75,6.69,6.77,6.64,6.7,14:59:58.294,-6.75,72860700,1218900,489116512.0,30376100,42484600,0,288.14,"{'bid': [{'price': 6.74, 'vol': 3827}], 'ask': [{'price': 6.75, 'vol': 2790}]}",0000011100010110,0.15%,0.04%,8227584.0,0.00%,0,0,000000000000000000000000000000000000000000000000,1.20%,-25.26%,3892,0.47,600015.SH,,华夏银行,
MARKET.SH,600011,7.32,7.3,7.38,7.23,7.32,14:59:59.168,-7.32,105454200,670100,770340928.0,48941300,56512900,1,679.85,"{'bid': [{'price': 7.31, 'vol': 3049}], 'ask': [{'price': 7.32, 'vol': 1238}]}",0000101011010110,0.14%,0.04%,4905024.0,0.00%,0,0,000000000000000000000000000000000000000000000000,0.81%,25.74%,4491,0.96,600011.SH,,华能国际,
MARKET.SH,600010,2.53,2.52,2.55,2.5,2.54,14:59:59.813,-2.53,506650300,9514100,1279276288.0,247014400,259635900,-1,744.5,"{'bid': [{'price': 2.53, 'vol': 66836}], 'ask': [{'price': 2.54, 'vol': 119693}]}",0000100100010110,-0.38%,0.09%,24070912.0,0.00%,0,0,000000000000000000000000000000000000000000000000,1.69%,12.73%,4709,1.61,600010.SH,,包钢股份,
MARKET.SH,600008,3.06,3.06,3.08,3.04,3.05,14:59:59.622,-3.06,69686000,1157900,213212896.0,36073900,33612100,0,103.76,"{'bid': [{'price': 3.06, 'vol': 9550}], 'ask': [{'price': 3.07, 'vol': 12236}]}",0000010100010110,0.00%,0.06%,3543216.0,0.00%,0,0,000000000000000000000000000000000000000000000000,1.73%,-17.40%,3473,0.95,600008.SH,,首创环保,
MARKET.SH,600006,6.5,6.58,6.59,6.47,6.55,14:59:59.464,-6.5,13965600,223500,90987096.0,7655300,6310400,-1,52.51,"{'bid': [{'price': 6.49, 'vol': 1225}], 'ask': [{'price': 6.5, 'vol': 29}]}",0001001000010110,-0.14%,0.05%,1452736.0,0.00%,0,0,000000000000000000000000000000000000000000000000,1.52%,25.63%,2491,0.7,600006.SH,,东风股份,
MARKET.SH,600004,8.23,8.3,8.3,8.23,8.28,14:59:58.481,-8.23,7593300,165200,62699120.0,4144300,3449100,0,11.29,"{'bid': [{'price': 8.23, 'vol': 1401}], 'ask': [{'price': 8.24, 'vol': 580}]}",0001001110010110,-0.11%,0.03%,1359808.0,0.00%,0,0,000000000000000000000000000000000000000000000000,1.63%,1.32%,2233,0.32,600004.SH,,白云机场,
MARKET.SH,600000,8.96,8.88,9.03,8.75,8.86,14:59:57.498,-8.96,99003300,1560600,883300224.0,37023700,61979700,0,152.38,"{'bid': [{'price': 8.95, 'vol': 8012}], 'ask': [{'price': 8.96, 'vol': 998}]}",0000111010010110,0.11%,0.02%,13983104.0,0.00%,0,0,000000000000000000000000000000000000000000000000,1.35%,0.27%,4024,0.3,600000.SH,,浦发银行,
