,factor,date,quantile,ret
0,momentum_20,2025-02-26,Q1,-0.01361575654614089
1,momentum_20,2025-02-27,Q1,-0.009244983805169471
2,momentum_20,2025-02-28,Q1,0.02083335243738693
3,momentum_20,2025-03-03,Q1,0.0
4,momentum_20,2025-03-04,Q1,-0.017027884344402833
5,momentum_20,2025-03-05,Q1,-0.02340087708283367
6,momentum_20,2025-03-06,Q1,-0.03576983284817814
7,momentum_20,2025-03-07,Q1,-0.003139714487570666
8,momentum_20,2025-03-10,Q1,0.026397527140289867
9,momentum_20,2025-03-11,Q1,0.01417325258890667
10,momentum_20,2025-03-12,Q1,-0.022522465760800192
11,momentum_20,2025-03-13,Q1,-0.004608326997478818
12,momentum_20,2025-03-14,Q1,0.025796672588419556
13,momentum_20,2025-03-17,Q1,-0.019667187869147562
14,momentum_20,2025-03-18,Q1,-0.005221885738692533
15,momentum_20,2025-03-19,Q1,-0.035842260214997146
16,momentum_20,2025-03-20,Q1,0.1481481535989615
17,momentum_20,2025-03-21,Q1,-0.06859207889124519
18,momentum_20,2025-03-24,Q1,-0.033962320509053345
19,momentum_20,2025-03-25,Q1,-0.033834642738285736
20,momentum_20,2025-03-26,Q1,-0.05204464755619187
21,momentum_20,2025-03-27,Q1,0.06037729873738917
22,momentum_20,2025-03-28,Q1,-0.07303370636019069
23,momentum_20,2025-03-31,Q1,-0.035460991948418785
24,momentum_20,2025-04-01,Q1,0.12451368870566637
25,momentum_20,2025-04-02,Q1,0.19999999999999996
26,momentum_20,2025-04-03,Q1,-0.008403353487606458
27,momentum_20,2025-04-07,Q1,0.08152172469405494
28,momentum_20,2025-04-08,Q1,0.12290509093382473
29,momentum_20,2025-04-09,Q1,0.0872727307406338
30,momentum_20,2025-04-10,Q1,0.0012936289805955958
31,momentum_20,2025-04-11,Q1,-0.0038560679947704513
32,momentum_20,2025-04-14,Q1,0.008234231479872234
33,momentum_20,2025-04-15,Q1,-0.016560524333790183
34,momentum_20,2025-04-16,Q1,-0.015286609811073437
35,momentum_20,2025-04-17,Q1,-0.01937979624883157
36,momentum_20,2025-04-18,Q1,-0.023225784301757812
37,momentum_20,2025-04-21,Q1,-0.039897032630697105
38,momentum_20,2025-04-22,Q1,-0.04145073879804795
39,momentum_20,2025-04-23,Q1,0.0012936289805955958
40,momentum_20,2025-04-24,Q1,0.04743078385242194
41,momentum_20,2025-04-25,Q1,0.04959999084472666
42,momentum_20,2025-04-28,Q1,0.07766990815637698
43,momentum_20,2025-04-29,Q1,0.028753965136958826
44,momentum_20,2025-04-30,Q1,0.018897620056897546
45,momentum_20,2025-05-06,Q1,0.004643921485145475
46,momentum_20,2025-05-07,Q1,0.006097555213709249
47,momentum_20,2025-05-08,Q1,0.027978377414375366
48,momentum_20,2025-05-09,Q1,-0.001474959966427325
49,momentum_20,2025-05-12,Q1,-0.007299228407856018
50,momentum_20,2025-05-13,Q1,-0.013840899245549543
51,momentum_20,2025-05-14,Q1,-0.006968634747042013
52,momentum_20,2025-05-15,Q1,-0.0035460959929022318
53,momentum_20,2025-05-16,Q1,-0.020679448579028814
54,momentum_20,2025-05-19,Q1,-0.025000010518466453
55,momentum_20,2025-05-20,Q1,-0.016224207980889416
56,momentum_20,2025-05-21,Q1,-0.011834378377890364
57,momentum_20,2025-05-22,Q1,0.004497711038687235
58,momentum_20,2025-05-23,Q1,0.001508258200915824
59,momentum_20,2025-05-26,Q1,-0.007541506767994921
60,momentum_20,2025-05-27,Q1,-0.00749628038424921
61,momentum_20,2025-05-28,Q1,-0.005988018395350125
62,momentum_20,2025-05-29,Q1,0.002132143267095099
63,momentum_20,2025-05-30,Q1,-0.003012045380823114
64,momentum_20,2025-06-03,Q1,0.0030395108143479455
65,momentum_20,2025-06-04,Q1,-0.00755282700333193
66,momentum_20,2025-06-05,Q1,-0.0021458696077492068
67,momentum_20,2025-06-06,Q1,-0.024242401473340114
68,momentum_20,2025-06-09,Q1,-0.00755282700333193
69,momentum_20,2025-06-10,Q1,-0.0035335656299810836
70,momentum_20,2025-06-11,Q1,-0.019786927099583962
71,momentum_20,2025-06-12,Q1,-0.02918587565903874
72,momentum_20,2025-06-13,Q1,-0.023291940067493244
73,momentum_20,2025-06-16,Q1,-0.008714588349299945
74,momentum_20,2025-06-17,Q1,-0.027565130075403843
75,momentum_20,2025-06-18,Q1,-0.0015528305579165513
76,momentum_20,2025-06-19,Q1,0.01107590077894205
77,momentum_20,2025-06-20,Q1,0.015898236127033005
78,momentum_20,2025-06-23,Q1,0.020667744869527827
79,momentum_20,2025-06-24,Q1,0.0
80,momentum_20,2025-06-25,Q1,-0.07456143530769943
81,momentum_20,2025-06-26,Q1,-0.06360951044626029
82,momentum_20,2025-06-27,Q1,0.007824756147039258
83,momentum_20,2025-06-30,Q1,-0.015503861641813277
84,momentum_20,2025-07-01,Q1,-0.03576158597424273
85,momentum_20,2025-07-02,Q1,-0.04635766524870244
86,momentum_20,2025-07-03,Q1,-0.045454565738090036
87,momentum_20,2025-07-04,Q1,-0.029931944632133778
88,momentum_20,2025-07-07,Q1,-0.013831245417532223
89,momentum_20,2025-07-08,Q1,-0.04120881622100403
90,momentum_20,2025-07-09,Q1,-0.012499955296515264
91,momentum_20,2025-07-10,Q1,-0.004201643351844697
92,momentum_20,2025-07-11,Q1,-0.004207602991139869
93,momentum_20,2025-07-14,Q1,0.012622675218258328
94,momentum_20,2025-07-15,Q1,0.021489984950937346
95,momentum_20,2025-07-16,Q1,-0.007032375498725707
96,momentum_20,2025-07-17,Q1,0.046413490507621
97,momentum_20,2025-07-18,Q1,0.0015974044215751881
98,momentum_20,2025-07-21,Q1,0.015337251387075646
99,momentum_20,2025-07-22,Q1,0.008415139104699154
100,momentum_20,2025-07-23,Q1,0.01416429255567353
101,momentum_20,2025-07-24,Q1,-0.017543880996655048
102,momentum_20,2025-07-25,Q1,-0.01913873778694175
103,momentum_20,2025-07-28,Q1,-0.012362657966222823
104,momentum_20,2025-07-29,Q1,0.008344915480116954
105,momentum_20,2025-07-30,Q1,-0.0013966134438245792
106,momentum_20,2025-07-31,Q1,0.004231273952827852
107,momentum_20,2025-08-01,Q1,0.05766523765301956
108,momentum_20,2025-08-04,Q1,0.0
109,momentum_20,2025-08-05,Q1,0.19551287047726817
110,momentum_20,2025-08-06,Q1,-0.016051349009055138
111,momentum_20,2025-08-07,Q1,-0.02165200096086317
112,momentum_20,2025-08-08,Q1,0.012403163241694326
113,momentum_20,2025-08-11,Q1,-0.017886200294088384
114,momentum_20,2025-08-12,Q1,-0.021897770134632788
115,momentum_20,2025-08-13,Q1,-0.015497596289600235
116,momentum_20,2025-08-14,Q1,-0.004098376353816935
117,momentum_20,2025-08-15,Q1,-0.0016555880973233572
118,momentum_20,2025-08-18,Q1,0.030629129792706822
119,momentum_20,2025-08-19,Q1,0.02310917045965888
120,momentum_20,2025-08-20,Q1,-0.000828440386109297
121,momentum_20,2025-08-21,Q1,-0.024539854567588115
122,momentum_20,2025-08-22,Q1,-0.02464063416406137
123,momentum_20,2025-08-25,Q1,-0.02464063416406137
124,momentum_20,2025-08-26,Q1,-0.028747406524738284
125,momentum_20,2025-08-27,Q1,-0.02570484318661015
126,momentum_20,2025-08-28,Q1,-0.02814570817344686
127,momentum_20,2025-08-29,Q1,-0.02738588535125408
128,momentum_20,2025-09-01,Q1,-0.015979859425682696
129,momentum_20,2025-09-02,Q1,-0.019198626963669585
130,momentum_20,2025-09-03,Q1,0.0017021666181848971
131,momentum_20,2025-09-04,Q1,0.00936972849200357
132,momentum_20,2025-09-05,Q1,0.0
133,momentum_20,2025-09-08,Q1,-0.004273520645296847
134,momentum_20,2025-09-09,Q1,0.015384547668098714
135,momentum_20,2025-09-10,Q1,0.022875820388434276
136,momentum_20,2025-09-11,Q1,-0.002181074983344522
137,momentum_20,2025-09-12,Q1,-0.0032502420865692105
138,momentum_20,2025-09-15,Q1,-0.016357646377566426
139,momentum_20,2025-09-16,Q1,-0.03138527803425839
140,momentum_20,2025-09-17,Q1,-0.026624067184169542
141,momentum_20,2025-09-18,Q1,-0.04426005128868371
142,momentum_20,2025-09-19,Q1,-0.028011178292021377
143,momentum_20,2025-09-22,Q1,-0.0008787547259464512
144,momentum_20,2025-09-23,Q1,0.053468190965286544
145,momentum_20,2025-09-24,Q1,0.0588235777031485
146,momentum_20,2025-09-25,Q1,0.060781488504842995
147,momentum_20,2025-09-26,Q1,0.04322762412452463
148,momentum_20,2025-09-29,Q1,0.011111167036458314
149,momentum_20,2025-09-30,Q1,0.005290958124783751
150,momentum_20,2025-10-09,Q1,0.012280732281358064
151,momentum_20,2025-10-10,Q1,-0.0026247319199040886
152,momentum_20,2025-10-13,Q1,-0.006906038049498853
153,momentum_20,2025-10-14,Q1,0.01373625024046543
154,momentum_20,2025-10-15,Q1,-0.016949100239843973
155,momentum_20,2025-10-16,Q1,-0.003124996973201677
156,momentum_20,2025-10-17,Q1,0.04829547648156485
157,momentum_20,2025-10-20,Q1,-0.0031545710481332145
158,momentum_20,2025-10-21,Q1,-0.02031251757871333
159,momentum_20,2025-10-22,Q1,-0.01097181354322141
160,momentum_20,2025-10-23,Q1,-0.017241399928100698
161,momentum_20,2025-10-24,Q1,-0.014150967090964306
162,momentum_20,2025-10-27,Q1,-0.003164553858114205
163,momentum_20,2025-10-28,Q1,-0.006379579262313917
164,momentum_20,2025-10-29,Q1,-0.014263098796201579
165,momentum_20,2025-10-30,Q1,-0.014354091365498145
166,momentum_20,2025-10-31,Q1,-0.014354091365498145
167,momentum_20,2025-11-03,Q1,-0.006349200101906871
168,momentum_20,2025-11-04,Q1,0.03853211843970472
169,momentum_20,2025-11-05,Q1,0.0036463045468877464
170,momentum_20,2025-11-06,Q1,0.040182697874142415
171,momentum_20,2025-11-07,Q1,0.014563131891232706
172,momentum_20,2025-11-10,Q1,-0.026890731519514155
173,momentum_20,2025-11-11,Q1,-0.03288359198466462
174,momentum_20,2025-11-12,Q1,-0.05112652985599764
175,momentum_20,2025-11-13,Q1,-0.01273891685835693
176,momentum_20,2025-11-14,Q1,-0.093264242730704
177,momentum_20,2025-11-17,Q1,-0.1001726990548083
178,momentum_20,2025-11-18,Q1,-0.0714909005587101
179,momentum_20,2025-11-19,Q1,-0.008219192160326627
180,momentum_20,2025-11-20,Q1,-0.023701023022149492
181,momentum_20,2025-11-21,Q1,0.048571450369698566
182,momentum_20,2025-11-24,Q1,0.0009597148568729619
183,momentum_20,2025-11-25,Q1,-0.04788725760329193
184,momentum_20,2025-11-26,Q1,-0.09023937138283222
185,momentum_20,2025-11-27,Q1,-0.0784313865168974
186,momentum_20,2025-11-28,Q1,-0.07992570558160039
187,momentum_20,2025-12-01,Q1,-0.05576922547887753
188,momentum_20,2025-12-02,Q1,-0.08269227771363907
189,momentum_20,2025-12-03,Q1,0.04790414374326857
190,momentum_20,2025-12-04,Q1,0.020120801949947476
191,momentum_20,2025-12-05,Q1,0.014141449365382641
192,momentum_20,2025-12-08,Q1,-0.008146631995133324
193,momentum_20,2025-12-09,Q1,0.04192868135531724
194,momentum_20,2025-12-10,Q1,-0.055238087972005245
195,momentum_20,2025-12-11,Q1,-0.03944778685022354
196,momentum_20,2025-12-12,Q1,-0.023904359763948557
197,momentum_20,2025-12-15,Q1,0.01232031708203074
198,momentum_20,2025-12-16,Q1,-0.03621727081233583
199,momentum_20,2025-12-17,Q1,-0.04032254188043427
200,momentum_20,2025-12-18,Q1,-0.016427089442707543
201,momentum_20,2025-12-19,Q1,-0.02653063508382847
202,momentum_20,2025-12-22,Q1,-0.038539566701057626
203,momentum_20,2025-12-23,Q1,-0.03549062163837269
204,momentum_20,2025-12-24,Q1,-0.0231092706355277
205,momentum_20,2025-12-25,Q1,-0.008350722791562015
206,momentum_20,2025-12-26,Q1,0.012578604406595195
207,momentum_20,2025-12-29,Q1,-0.0021096524319702548
208,momentum_20,2025-12-30,Q1,0.06060610752038276
209,momentum_20,2025-12-31,Q1,0.01805878186076937
210,momentum_20,2026-01-05,Q1,0.022471996799083183
211,momentum_20,2026-01-06,Q1,-0.002207555942311812
212,momentum_20,2026-01-07,Q1,-0.019015562706809486
213,momentum_20,2026-01-08,Q1,-0.004434691075089092
214,momentum_20,2026-01-09,Q1,-0.04637097123076095
215,momentum_20,2026-01-12,Q1,-0.030737723739708622
216,momentum_20,2026-01-13,Q1,-0.02301257922304878
217,momentum_20,2026-01-14,Q1,0.06823031295462845
218,momentum_20,2026-01-15,Q1,0.0062111527933432775
219,momentum_20,2026-01-16,Q1,0.04651158336247607
220,momentum_20,2026-01-19,Q1,-0.014388475634778741
221,momentum_20,2026-01-20,Q1,0.04462666167768159
222,momentum_20,2026-01-21,Q1,-0.009751742844081757
223,momentum_20,2026-01-22,Q1,-0.009936735294462262
224,momentum_20,2026-01-23,Q1,-0.014558676136881332
225,momentum_20,2026-01-26,Q1,-0.06444686943359224
226,momentum_20,2026-01-27,Q1,-0.008928562875609058
227,momentum_20,2026-01-28,Q1,0.013422913295959349
228,momentum_20,2026-01-29,Q1,-0.008810564358837869
229,momentum_20,2026-01-30,Q1,0.0022320875004695484
230,momentum_20,2026-02-02,Q1,0.07692308534552961
231,momentum_20,2026-02-03,Q1,0.041666653242197205
232,momentum_20,2026-02-04,Q1,0.03200882432909391
233,momentum_20,2026-02-05,Q1,0.02222220102945971
234,momentum_20,2026-02-06,Q1,0.05011144608893692
235,momentum_20,2026-02-09,Q1,-0.012422348597782795
236,momentum_20,2026-02-10,Q1,0.002089912058669041
237,momentum_20,2026-02-11,Q1,-0.004192868135531769
238,momentum_20,2026-02-12,Q1,0.00526317797209086
239,momentum_20,2026-02-13,Q1,0.002143671803560565
240,momentum_20,2026-02-24,Q1,-0.061844879973489086
241,momentum_20,2026-02-25,Q1,-0.07820646382342444
242,momentum_20,2026-02-26,Q1,-0.057894756919459334
243,momentum_20,2026-02-27,Q1,-0.02657804782708395
244,momentum_20,2026-03-02,Q1,-0.028877053128123054
245,momentum_20,2026-03-03,Q1,0.025698379979019137
246,momentum_20,2026-03-04,Q1,0.02826860928669883
247,momentum_20,2026-03-05,Q1,0.026815617456182883
248,momentum_20,2026-03-06,Q1,0.03723988481118545
249,momentum_20,2026-03-09,Q1,0.006872845476499245
250,momentum_20,2026-03-10,Q1,0.03729600205940309
251,momentum_20,2026-03-11,Q1,0.052447530683748855
252,momentum_20,2026-03-12,Q1,0.05405405708284139
253,momentum_20,2026-03-13,Q1,0.01513388965444351
254,momentum_20,2026-03-16,Q1,-0.06880738108901074
255,momentum_20,2026-03-17,Q1,-0.07266437042359064
256,momentum_20,2026-03-18,Q1,-0.041958003482745365
257,momentum_20,2026-03-19,Q1,-0.10222223069932723
258,momentum_20,2026-03-20,Q1,-0.06451617510690377
259,momentum_20,2026-03-23,Q1,-0.002487500520428565
260,momentum_20,2026-03-24,Q1,-0.024449911814275582
261,momentum_20,2026-03-25,Q1,-0.019417457749564604
262,momentum_20,2026-03-26,Q1,-0.029702942250534492
263,momentum_20,2026-03-27,Q1,-0.059113303674688034
264,momentum_20,2026-03-30,Q1,-0.04987538022112881
265,momentum_20,2026-03-31,Q1,-0.010025053072035384
266,momentum_20,2026-04-01,Q1,-0.042079227202757585
267,momentum_20,2026-04-02,Q1,-0.00765305377701242
268,momentum_20,2026-04-03,Q1,0.02356024978028981
269,momentum_20,2026-04-07,Q1,0.05511812107634029
270,momentum_20,2026-04-08,Q1,0.005063286249386678
271,momentum_20,2026-04-09,Q1,0.023255854069589743
272,momentum_20,2026-04-10,Q1,0.01799484096531212
273,momentum_20,2026-04-13,Q1,0.005115084523652724
274,momentum_20,2026-04-14,Q1,-0.029850717942397798
275,momentum_20,2026-04-15,Q1,-0.02267000340572234
276,momentum_20,2026-04-16,Q1,-0.03787881159658324
277,momentum_20,2026-04-17,Q1,-0.053030312152532066
278,momentum_20,2026-04-20,Q1,-0.05089059651053485
279,momentum_20,2026-04-21,Q1,-0.03846156197421824
280,momentum_20,2026-04-22,Q1,-0.0025773785017727535
281,momentum_20,2026-04-23,Q1,0.02624675710052471
282,momentum_20,2025-02-26,Q2,-0.024964558718306717
283,momentum_20,2025-02-27,Q2,-0.006236854126350111
284,momentum_20,2025-02-28,Q2,0.006456560098715203
285,momentum_20,2025-03-03,Q2,0.0007070778421860435
286,momentum_20,2025-03-04,Q2,0.013030834206478548
287,momentum_20,2025-03-05,Q2,0.008707790409470617
288,momentum_20,2025-03-06,Q2,-0.017209349741040825
289,momentum_20,2025-03-07,Q2,0.015702761437987545
290,momentum_20,2025-03-10,Q2,0.01729147082358512
291,momentum_20,2025-03-11,Q2,-0.006233911479869958
292,momentum_20,2025-03-12,Q2,0.0068084385940943015
293,momentum_20,2025-03-13,Q2,0.01350671889211208
294,momentum_20,2025-03-14,Q2,-0.016367322480023816
295,momentum_20,2025-03-17,Q2,-0.041818180402887706
296,momentum_20,2025-03-18,Q2,-0.03817361277640091
297,momentum_20,2025-03-19,Q2,-0.0009242688677653654
298,momentum_20,2025-03-20,Q2,-0.026173584798085958
299,momentum_20,2025-03-21,Q2,-0.021096729983967943
300,momentum_20,2025-03-24,Q2,-0.0015528870553609408
301,momentum_20,2025-03-25,Q2,0.00021231478902605794
302,momentum_20,2025-03-26,Q2,-0.02819001539512378
303,momentum_20,2025-03-27,Q2,-0.016920059536181586
304,momentum_20,2025-03-28,Q2,-0.0673821969709884
305,momentum_20,2025-03-31,Q2,0.00011805203644349449
306,momentum_20,2025-04-01,Q2,-0.038357272736897485
307,momentum_20,2025-04-02,Q2,-0.017294898870777897
308,momentum_20,2025-04-03,Q2,-0.04703050698912331
309,momentum_20,2025-04-07,Q2,0.09233466819831326
310,momentum_20,2025-04-08,Q2,0.07254891143329656
311,momentum_20,2025-04-09,Q2,0.036883574639229755
312,momentum_20,2025-04-10,Q2,0.018814885616898147
313,momentum_20,2025-04-11,Q2,0.03232635472430756
314,momentum_20,2025-04-14,Q2,-0.0027148446991606123
315,momentum_20,2025-04-15,Q2,0.04255807517496968
316,momentum_20,2025-04-16,Q2,0.08718385068432044
317,momentum_20,2025-04-17,Q2,0.03110897340732921
318,momentum_20,2025-04-18,Q2,0.011599544798067352
319,momentum_20,2025-04-21,Q2,-0.018506614955072775
320,momentum_20,2025-04-22,Q2,-0.00894147055076
321,momentum_20,2025-04-23,Q2,-0.010791386758306265
322,momentum_20,2025-04-24,Q2,0.007384713023356249
323,momentum_20,2025-04-25,Q2,0.03481610103725852
324,momentum_20,2025-04-28,Q2,0.04186406881396332
325,momentum_20,2025-04-29,Q2,0.045718774836178255
326,momentum_20,2025-04-30,Q2,0.0353989144731508
327,momentum_20,2025-05-06,Q2,0.015054740992585303
328,momentum_20,2025-05-07,Q2,-0.0038174102940095045
329,momentum_20,2025-05-08,Q2,-0.010681491520785291
330,momentum_20,2025-05-09,Q2,0.011413944514109375
331,momentum_20,2025-05-12,Q2,0.007325272724545251
332,momentum_20,2025-05-13,Q2,-0.008962394275537744
333,momentum_20,2025-05-14,Q2,-0.01669536448521769
334,momentum_20,2025-05-15,Q2,-0.01823110395054439
335,momentum_20,2025-05-16,Q2,-0.026739341997455146
336,momentum_20,2025-05-19,Q2,-0.027584338894683813
337,momentum_20,2025-05-20,Q2,-0.025589710121804665
338,momentum_20,2025-05-21,Q2,-0.009401252680033334
339,momentum_20,2025-05-22,Q2,0.004274269857547364
340,momentum_20,2025-05-23,Q2,0.025315484010266842
341,momentum_20,2025-05-26,Q2,0.012544805317697194
342,momentum_20,2025-05-27,Q2,0.0039008673780034364
343,momentum_20,2025-05-28,Q2,0.006883298277763683
344,momentum_20,2025-05-29,Q2,0.0030085145048692197
345,momentum_20,2025-05-30,Q2,-0.0011614114336140346
346,momentum_20,2025-06-03,Q2,0.011608297116597055
347,momentum_20,2025-06-04,Q2,0.018432036788071704
348,momentum_20,2025-06-05,Q2,0.002100766554416489
349,momentum_20,2025-06-06,Q2,-0.011975624866384704
350,momentum_20,2025-06-09,Q2,-0.01648171438345597
351,momentum_20,2025-06-10,Q2,-0.01279767219794331
352,momentum_20,2025-06-11,Q2,-0.02339386150561712
353,momentum_20,2025-06-12,Q2,-0.025748849081877467
354,momentum_20,2025-06-13,Q2,-0.010152079311835094
355,momentum_20,2025-06-16,Q2,-0.028529205393956425
356,momentum_20,2025-06-17,Q2,-0.0011764975155101332
357,momentum_20,2025-06-18,Q2,0.01915447502949208
358,momentum_20,2025-06-19,Q2,0.028159019446269418
359,momentum_20,2025-06-20,Q2,0.020190257813180956
360,momentum_20,2025-06-23,Q2,-0.006614959678066801
361,momentum_20,2025-06-24,Q2,-0.024712278366363805
362,momentum_20,2025-06-25,Q2,0.023801787433303856
363,momentum_20,2025-06-26,Q2,0.009074440749381685
364,momentum_20,2025-06-27,Q2,-0.03064273870742351
365,momentum_20,2025-06-30,Q2,-0.0171790010960593
366,momentum_20,2025-07-01,Q2,0.018882870629254422
367,momentum_20,2025-07-02,Q2,0.024486606123427346
368,momentum_20,2025-07-03,Q2,0.03743786262268234
369,momentum_20,2025-07-04,Q2,0.04961445933737085
370,momentum_20,2025-07-07,Q2,0.011523605720411889
371,momentum_20,2025-07-08,Q2,-0.007075841777570868
372,momentum_20,2025-07-09,Q2,-0.007105145588176209
373,momentum_20,2025-07-10,Q2,-0.029134852344059492
374,momentum_20,2025-07-11,Q2,-0.02995728494089217
375,momentum_20,2025-07-14,Q2,-0.012366127869525623
376,momentum_20,2025-07-15,Q2,0.013946594850892391
377,momentum_20,2025-07-16,Q2,0.013992012112474417
378,momentum_20,2025-07-17,Q2,0.01812346223288963
379,momentum_20,2025-07-18,Q2,0.023428756064045042
380,momentum_20,2025-07-21,Q2,0.06143344302577103
381,momentum_20,2025-07-22,Q2,0.02139076463818601
382,momentum_20,2025-07-23,Q2,0.015883438277017103
383,momentum_20,2025-07-24,Q2,-0.02837983220847745
384,momentum_20,2025-07-25,Q2,-0.014509863343926621
385,momentum_20,2025-07-28,Q2,-0.027583933167065255
386,momentum_20,2025-07-29,Q2,-0.0026190376393426806
387,momentum_20,2025-07-30,Q2,-0.0003283358067994735
388,momentum_20,2025-07-31,Q2,0.019032187833852188
389,momentum_20,2025-08-01,Q2,0.034154292015837306
390,momentum_20,2025-08-04,Q2,0.07730314068278588
391,momentum_20,2025-08-05,Q2,0.13556796941964266
392,momentum_20,2025-08-06,Q2,0.18283032759874895
393,momentum_20,2025-08-07,Q2,0.08818321834370135
394,momentum_20,2025-08-08,Q2,0.0653476880596296
395,momentum_20,2025-08-11,Q2,0.0004993929384529694
396,momentum_20,2025-08-12,Q2,0.002544769618280096
397,momentum_20,2025-08-13,Q2,0.009058004163763678
398,momentum_20,2025-08-14,Q2,0.028117357324343506
399,momentum_20,2025-08-15,Q2,0.010647792623667884
400,momentum_20,2025-08-18,Q2,0.06018341064261923
401,momentum_20,2025-08-19,Q2,0.04765979622685801
402,momentum_20,2025-08-20,Q2,0.013462093872604775
403,momentum_20,2025-08-21,Q2,0.013125454640151968
404,momentum_20,2025-08-22,Q2,0.017115886238515177
405,momentum_20,2025-08-25,Q2,-0.014669312242397592
406,momentum_20,2025-08-26,Q2,-0.03468547733035576
407,momentum_20,2025-08-27,Q2,-0.024395509472617594
408,momentum_20,2025-08-28,Q2,0.010112836731814512
409,momentum_20,2025-08-29,Q2,-0.0017298226083666823
410,momentum_20,2025-09-01,Q2,-0.003417410352220651
411,momentum_20,2025-09-02,Q2,-0.00025414191335237923
412,momentum_20,2025-09-03,Q2,0.02042734720976236
413,momentum_20,2025-09-04,Q2,0.015329985679396141
414,momentum_20,2025-09-05,Q2,0.013531918093014017
415,momentum_20,2025-09-08,Q2,0.018642326019868594
416,momentum_20,2025-09-09,Q2,0.02723406975456788
417,momentum_20,2025-09-10,Q2,0.02264651053179373
418,momentum_20,2025-09-11,Q2,0.0025613602486194154
419,momentum_20,2025-09-12,Q2,-0.01779498484287495
420,momentum_20,2025-09-15,Q2,0.017823806527443586
421,momentum_20,2025-09-16,Q2,0.04945065608725363
422,momentum_20,2025-09-17,Q2,-0.03994673884928995
423,momentum_20,2025-09-18,Q2,0.000630178430359285
424,momentum_20,2025-09-19,Q2,-0.008539340903369275
425,momentum_20,2025-09-22,Q2,0.014518519491784176
426,momentum_20,2025-09-23,Q2,0.01174058141852008
427,momentum_20,2025-09-24,Q2,-0.007925695177490422
428,momentum_20,2025-09-25,Q2,0.01550024587815313
429,momentum_20,2025-09-26,Q2,0.0
430,momentum_20,2025-09-29,Q2,0.014148354797443918
431,momentum_20,2025-09-30,Q2,0.0073697571222264835
432,momentum_20,2025-10-09,Q2,-0.011799646436736033
433,momentum_20,2025-10-10,Q2,-0.02827427740114513
434,momentum_20,2025-10-13,Q2,-0.0012687076813724385
435,momentum_20,2025-10-14,Q2,-0.016309993060263872
436,momentum_20,2025-10-15,Q2,0.014241103619025308
437,momentum_20,2025-10-16,Q2,0.01780767916033632
438,momentum_20,2025-10-17,Q2,0.010182133087956902
439,momentum_20,2025-10-20,Q2,0.009726162606909505
440,momentum_20,2025-10-21,Q2,0.005646853777954042
441,momentum_20,2025-10-22,Q2,0.03178840472454081
442,momentum_20,2025-10-23,Q2,-0.003890979738861544
443,momentum_20,2025-10-24,Q2,0.00948280144602548
444,momentum_20,2025-10-27,Q2,0.0101023769572266
445,momentum_20,2025-10-28,Q2,0.016157662044835264
446,momentum_20,2025-10-29,Q2,0.023189308300511247
447,momentum_20,2025-10-30,Q2,-0.004136038495913652
448,momentum_20,2025-10-31,Q2,-0.0016210918663018825
449,momentum_20,2025-11-03,Q2,0.01142988180711979
450,momentum_20,2025-11-04,Q2,0.06908132660850141
451,momentum_20,2025-11-05,Q2,0.010159907002306512
452,momentum_20,2025-11-06,Q2,0.016344320023584658
453,momentum_20,2025-11-07,Q2,0.007764367334102351
454,momentum_20,2025-11-10,Q2,0.008000013563368102
455,momentum_20,2025-11-11,Q2,-0.022543379243134598
456,momentum_20,2025-11-12,Q2,-0.015066220488479998
457,momentum_20,2025-11-13,Q2,-0.045712189768905676
458,momentum_20,2025-11-14,Q2,-0.01929962392161133
459,momentum_20,2025-11-17,Q2,-0.020571035676868132
460,momentum_20,2025-11-18,Q2,-0.05246731257668269
461,momentum_20,2025-11-19,Q2,-0.013518267363990144
462,momentum_20,2025-11-20,Q2,-0.05836895157095029
463,momentum_20,2025-11-21,Q2,0.02709525835235449
464,momentum_20,2025-11-24,Q2,-0.05288659186691835
465,momentum_20,2025-11-25,Q2,-0.014624739681115717
466,momentum_20,2025-11-26,Q2,-0.009169919554530948
467,momentum_20,2025-11-27,Q2,-0.051632689043302316
468,momentum_20,2025-11-28,Q2,-0.03535727178653997
469,momentum_20,2025-12-01,Q2,-0.026042390103871882
470,momentum_20,2025-12-02,Q2,-0.01374509601974988
471,momentum_20,2025-12-03,Q2,0.02006568987253038
472,momentum_20,2025-12-04,Q2,-0.006248643991899727
473,momentum_20,2025-12-05,Q2,-0.0020130996180203753
474,momentum_20,2025-12-08,Q2,-0.03594207555062817
475,momentum_20,2025-12-09,Q2,-0.05896630859173646
476,momentum_20,2025-12-10,Q2,-0.05901999510167549
477,momentum_20,2025-12-11,Q2,-0.029396576490185622
478,momentum_20,2025-12-12,Q2,0.00023021608226103663
479,momentum_20,2025-12-15,Q2,-0.002036657998783331
480,momentum_20,2025-12-16,Q2,0.024572652511734683
481,momentum_20,2025-12-17,Q2,0.03104679045097225
482,momentum_20,2025-12-18,Q2,0.044602605318124544
483,momentum_20,2025-12-19,Q2,0.025445438583384883
484,momentum_20,2025-12-22,Q2,-0.007237372639139317
485,momentum_20,2025-12-23,Q2,-0.00842975859033629
486,momentum_20,2025-12-24,Q2,0.002119396884349256
487,momentum_20,2025-12-25,Q2,-0.018464908135780167
488,momentum_20,2025-12-26,Q2,-0.0145330650868144
489,momentum_20,2025-12-29,Q2,0.026601510609911005
490,momentum_20,2025-12-30,Q2,0.04988322274714185
491,momentum_20,2025-12-31,Q2,0.07368420838639811
492,momentum_20,2026-01-05,Q2,0.07487306101487445
493,momentum_20,2026-01-06,Q2,-0.00937155909668641
494,momentum_20,2026-01-07,Q2,-0.01858212314800478
495,momentum_20,2026-01-08,Q2,-0.048957918307755144
496,momentum_20,2026-01-09,Q2,-0.03412445720466506
497,momentum_20,2026-01-12,Q2,-0.05031692489417944
498,momentum_20,2026-01-13,Q2,-0.0071229109531044665
499,momentum_20,2026-01-14,Q2,0.019734342820650008
500,momentum_20,2026-01-15,Q2,0.028636912780986457
501,momentum_20,2026-01-16,Q2,0.05668000702331277
502,momentum_20,2026-01-19,Q2,0.018256971701948177
503,momentum_20,2026-01-20,Q2,-0.03019926113654614
504,momentum_20,2026-01-21,Q2,-0.014862685701883926
505,momentum_20,2026-01-22,Q2,-0.05687051936820281
506,momentum_20,2026-01-23,Q2,-0.06863723565320518
507,momentum_20,2026-01-26,Q2,-0.018466399690060697
508,momentum_20,2026-01-27,Q2,-0.02825988734155488
509,momentum_20,2026-01-28,Q2,0.007339185916791058
510,momentum_20,2026-01-29,Q2,0.027852271353123625
511,momentum_20,2026-01-30,Q2,0.05335549344908752
512,momentum_20,2026-02-02,Q2,0.03014265503542335
513,momentum_20,2026-02-03,Q2,0.028983211633174966
514,momentum_20,2026-02-04,Q2,0.005608253021752718
515,momentum_20,2026-02-05,Q2,0.052419849746164426
516,momentum_20,2026-02-06,Q2,-0.012684057476860022
517,momentum_20,2026-02-09,Q2,-0.010765477274408242
518,momentum_20,2026-02-10,Q2,0.014201634271264973
519,momentum_20,2026-02-11,Q2,-0.009033415301657466
520,momentum_20,2026-02-12,Q2,0.0006072329941949062
521,momentum_20,2026-02-13,Q2,-0.002749746415285914
522,momentum_20,2026-02-24,Q2,-0.027777527884451647
523,momentum_20,2026-02-25,Q2,-0.042971639027871045
524,momentum_20,2026-02-26,Q2,-0.03500864698738876
525,momentum_20,2026-02-27,Q2,-0.030071408582030335
526,momentum_20,2026-03-02,Q2,-0.013479450262163684
527,momentum_20,2026-03-03,Q2,0.040847174839110933
528,momentum_20,2026-03-04,Q2,0.040458479998674135
529,momentum_20,2026-03-05,Q2,0.01304103293559733
530,momentum_20,2026-03-06,Q2,0.0038829714275351868
531,momentum_20,2026-03-09,Q2,0.03310755365824569
532,momentum_20,2026-03-10,Q2,0.011809703357238632
533,momentum_20,2026-03-11,Q2,-0.01666152855062708
534,momentum_20,2026-03-12,Q2,-0.030818896176261712
535,momentum_20,2026-03-13,Q2,-0.041654029810040294
536,momentum_20,2026-03-16,Q2,-0.1301029843032453
537,momentum_20,2026-03-17,Q2,-0.09040934127886352
538,momentum_20,2026-03-18,Q2,-0.06500940852470732
539,momentum_20,2026-03-19,Q2,-0.029398421197170566
540,momentum_20,2026-03-20,Q2,0.0009414704224923742
541,momentum_20,2026-03-23,Q2,0.12215602468553532
542,momentum_20,2026-03-24,Q2,0.11955332902535876
543,momentum_20,2026-03-25,Q2,0.09340404162724747
544,momentum_20,2026-03-26,Q2,0.07652624294162153
545,momentum_20,2026-03-27,Q2,-0.0005547660258747866
546,momentum_20,2026-03-30,Q2,-0.04586644288242103
547,momentum_20,2026-03-31,Q2,0.0045173342509499115
548,momentum_20,2026-04-01,Q2,0.0032824613275117542
549,momentum_20,2026-04-02,Q2,0.017773852522651512
550,momentum_20,2026-04-03,Q2,0.048219475570987935
551,momentum_20,2026-04-07,Q2,0.06017370235808739
552,momentum_20,2026-04-08,Q2,0.02446804949405257
553,momentum_20,2026-04-09,Q2,0.06405850590035844
554,momentum_20,2026-04-10,Q2,-0.0010200552514553207
555,momentum_20,2026-04-13,Q2,-0.00475092583053216
556,momentum_20,2026-04-14,Q2,-0.006595794503450492
557,momentum_20,2026-04-15,Q2,0.01866231145892705
558,momentum_20,2026-04-16,Q2,0.000826661876233481
559,momentum_20,2026-04-17,Q2,0.0054530191093730696
560,momentum_20,2026-04-20,Q2,-0.008656924237879005
561,momentum_20,2026-04-21,Q2,-0.06116131696399907
562,momentum_20,2026-04-22,Q2,-0.011390798696163218
563,momentum_20,2026-04-23,Q2,-0.01646872568091995
564,momentum_20,2025-02-26,Q3,0.012152724312965324
565,momentum_20,2025-02-27,Q3,-0.01766780006762214
566,momentum_20,2025-02-28,Q3,-0.006048429350326678
567,momentum_20,2025-03-03,Q3,0.006950471078646325
568,momentum_20,2025-03-04,Q3,0.008688047420232214
569,momentum_20,2025-03-05,Q3,0.02564103161250042
570,momentum_20,2025-03-06,Q3,0.003597090218503407
571,momentum_20,2025-03-07,Q3,0.03540903256547612
572,momentum_20,2025-03-10,Q3,0.018292713656964832
573,momentum_20,2025-03-11,Q3,0.01075270654939553
574,momentum_20,2025-03-12,Q3,0.018329970546806962
575,momentum_20,2025-03-13,Q3,0.0
576,momentum_20,2025-03-14,Q3,-0.023872656399110403
577,momentum_20,2025-03-17,Q3,-0.01043477265731152
578,momentum_20,2025-03-18,Q3,-0.007610378908440629
579,momentum_20,2025-03-19,Q3,0.0384024564071237
580,momentum_20,2025-03-20,Q3,-0.010563397623515325
581,momentum_20,2025-03-21,Q3,-0.016548503864241004
582,momentum_20,2025-03-24,Q3,-0.033373143645738734
583,momentum_20,2025-03-25,Q3,-0.037647022920496376
584,momentum_20,2025-03-26,Q3,-0.03459123622804716
585,momentum_20,2025-03-27,Q3,-0.023622062617355444
586,momentum_20,2025-03-28,Q3,-0.05726877095667726
587,momentum_20,2025-03-31,Q3,-0.11822664187009113
588,momentum_20,2025-04-01,Q3,-0.10277326307984525
589,momentum_20,2025-04-02,Q3,-0.052117215274042006
590,momentum_20,2025-04-03,Q3,-0.03968252232892988
591,momentum_20,2025-04-07,Q3,0.21739128795885332
592,momentum_20,2025-04-08,Q3,0.027941113978523058
593,momentum_20,2025-04-09,Q3,0.018518500530834592
594,momentum_20,2025-04-10,Q3,0.04467349559724476
595,momentum_20,2025-04-11,Q3,0.04054050135560283
596,momentum_20,2025-04-14,Q3,0.026217232477693475
597,momentum_20,2025-04-15,Q3,0.10945270720530975
598,momentum_20,2025-04-16,Q3,0.004261393461776786
599,momentum_20,2025-04-17,Q3,-0.002712539376788503
600,momentum_20,2025-04-18,Q3,0.0
601,momentum_20,2025-04-21,Q3,-0.019464700999327622
602,momentum_20,2025-04-22,Q3,-0.024922094316309096
603,momentum_20,2025-04-23,Q3,-0.0367751375627956
604,momentum_20,2025-04-24,Q3,-0.0063463006816739664
605,momentum_20,2025-04-25,Q3,0.0018164853472837361
606,momentum_20,2025-04-28,Q3,0.006249944120647832
607,momentum_20,2025-04-29,Q3,-0.004405247169348314
608,momentum_20,2025-04-30,Q3,0.005873709572558505
609,momentum_20,2025-05-06,Q3,0.026415099771729844
610,momentum_20,2025-05-07,Q3,0.03626478530265942
611,momentum_20,2025-05-08,Q3,-0.02102100145542729
612,momentum_20,2025-05-09,Q3,0.020627847872604743
613,momentum_20,2025-05-12,Q3,-0.04666670163472497
614,momentum_20,2025-05-13,Q3,0.008857429743809542
615,momentum_20,2025-05-14,Q3,-0.0012285292948469584
616,momentum_20,2025-05-15,Q3,0.0
617,momentum_20,2025-05-16,Q3,-0.01116633061283745
618,momentum_20,2025-05-19,Q3,-0.011124864139724466
619,momentum_20,2025-05-20,Q3,0.00877958075339591
620,momentum_20,2025-05-21,Q3,-0.012835432974831917
621,momentum_20,2025-05-22,Q3,0.007067187424528942
622,momentum_20,2025-05-23,Q3,0.018181800842285156
623,momentum_20,2025-05-26,Q3,0.007194237817389482
624,momentum_20,2025-05-27,Q3,0.014440419540959093
625,momentum_20,2025-05-28,Q3,0.012142267698620035
626,momentum_20,2025-05-29,Q3,0.007017481240222834
627,momentum_20,2025-05-30,Q3,0.017857126131349377
628,momentum_20,2025-06-03,Q3,0.0011655278520696921
629,momentum_20,2025-06-04,Q3,0.007117431079635805
630,momentum_20,2025-06-05,Q3,0.009367672606955812
631,momentum_20,2025-06-06,Q3,-0.031578918309091875
632,momentum_20,2025-06-09,Q3,-0.018203837705922488
633,momentum_20,2025-06-10,Q3,0.0024753042020448923
634,momentum_20,2025-06-11,Q3,-0.027912566580704845
635,momentum_20,2025-06-12,Q3,-0.031784867870643496
636,momentum_20,2025-06-13,Q3,-0.028402340418400063
637,momentum_20,2025-06-16,Q3,0.043263216464025644
638,momentum_20,2025-06-17,Q3,-0.002932548449136152
639,momentum_20,2025-06-18,Q3,0.02242153872712427
640,momentum_20,2025-06-19,Q3,0.010964954246114766
641,momentum_20,2025-06-20,Q3,0.028014560434550306
642,momentum_20,2025-06-23,Q3,-0.018064498901367188
643,momentum_20,2025-06-24,Q3,0.007246369925949514
644,momentum_20,2025-06-25,Q3,-0.01286556817516371
645,momentum_20,2025-06-26,Q3,0.03253798069916325
646,momentum_20,2025-06-27,Q3,-0.04172101283941543
647,momentum_20,2025-06-30,Q3,0.020118352678250462
648,momentum_20,2025-07-01,Q3,0.03914589700589266
649,momentum_20,2025-07-02,Q3,0.006153840285081147
650,momentum_20,2025-07-03,Q3,0.06990523482479793
651,momentum_20,2025-07-04,Q3,0.028776951269557483
652,momentum_20,2025-07-07,Q3,0.010563370526912585
653,momentum_20,2025-07-08,Q3,-0.02105261220606125
654,momentum_20,2025-07-09,Q3,-0.004545450112051319
655,momentum_20,2025-07-10,Q3,-0.02958584013766763
656,momentum_20,2025-07-11,Q3,-0.028106516388666902
657,momentum_20,2025-07-14,Q3,-0.003484317373521062
658,momentum_20,2025-07-15,Q3,0.015151500920837613
659,momentum_20,2025-07-16,Q3,0.024390220854836775
660,momentum_20,2025-07-17,Q3,0.03810975642997838
661,momentum_20,2025-07-18,Q3,0.031963475290727406
662,momentum_20,2025-07-21,Q3,-0.010489500870686341
663,momentum_20,2025-07-22,Q3,0.009121997665944681
664,momentum_20,2025-07-23,Q3,0.010356749934839593
665,momentum_20,2025-07-24,Q3,0.0077520100297392425
666,momentum_20,2025-07-25,Q3,-0.031578918309091875
667,momentum_20,2025-07-28,Q3,-0.012841079207244088
668,momentum_20,2025-07-29,Q3,-0.007600401143787905
669,momentum_20,2025-07-30,Q3,-0.0024019002018368374
670,momentum_20,2025-07-31,Q3,0.019623935713459106
671,momentum_20,2025-08-01,Q3,0.009389662603004112
672,momentum_20,2025-08-04,Q3,0.010920463857676754
673,momentum_20,2025-08-05,Q3,-0.01122697195868716
674,momentum_20,2025-08-06,Q3,0.003105587072796734
675,momentum_20,2025-08-07,Q3,-0.012552388490189026
676,momentum_20,2025-08-08,Q3,0.002091998243882731
677,momentum_20,2025-08-11,Q3,-0.01706482975327095
678,momentum_20,2025-08-12,Q3,-0.0034364227382496226
679,momentum_20,2025-08-13,Q3,0.006872845476499245
680,momentum_20,2025-08-14,Q3,0.06263987090620082
681,momentum_20,2025-08-15,Q3,0.041958086845887976
682,momentum_20,2025-08-18,Q3,0.03819440650167438
683,momentum_20,2025-08-19,Q3,0.024137907220975086
684,momentum_20,2025-08-20,Q3,-0.02047787707545201
685,momentum_20,2025-08-21,Q3,-0.039999961853027344
686,momentum_20,2025-08-22,Q3,-0.040268497721342444
687,momentum_20,2025-08-25,Q3,0.0026281183410803433
688,momentum_20,2025-08-26,Q3,0.0313806719553027
689,momentum_20,2025-08-27,Q3,-0.031358856361689114
690,momentum_20,2025-08-28,Q3,-0.03125005174014095
691,momentum_20,2025-08-29,Q3,-0.029455053076400284
692,momentum_20,2025-09-01,Q3,0.14887062046600796
693,momentum_20,2025-09-02,Q3,0.011983977764023601
694,momentum_20,2025-09-03,Q3,0.042553223868526224
695,momentum_20,2025-09-04,Q3,0.04594176175478415
696,momentum_20,2025-09-05,Q3,-0.004166662527455345
697,momentum_20,2025-09-08,Q3,-0.010416705989173769
698,momentum_20,2025-09-09,Q3,0.02013424150439369
699,momentum_20,2025-09-10,Q3,-0.0042017766390675115
700,momentum_20,2025-09-11,Q3,-0.018867956592823587
701,momentum_20,2025-09-12,Q3,0.006968717819721082
702,momentum_20,2025-09-15,Q3,-0.016842089201274724
703,momentum_20,2025-09-16,Q3,-0.08100931162257297
704,momentum_20,2025-09-17,Q3,-0.006329057894472134
705,momentum_20,2025-09-18,Q3,-0.009835978433410109
706,momentum_20,2025-09-19,Q3,0.003460204186943594
707,momentum_20,2025-09-22,Q3,0.006993083943600098
708,momentum_20,2025-09-23,Q3,0.010638287978706584
709,momentum_20,2025-09-24,Q3,0.0035087687010102453
710,momentum_20,2025-09-25,Q3,0.004264388205224678
711,momentum_20,2025-09-26,Q3,-0.03382353126796467
712,momentum_20,2025-09-29,Q3,0.07700767849446621
713,momentum_20,2025-09-30,Q3,0.017543927160695638
714,momentum_20,2025-10-09,Q3,0.0
715,momentum_20,2025-10-10,Q3,-0.06370367827238865
716,momentum_20,2025-10-13,Q3,-0.03500761233851313
717,momentum_20,2025-10-14,Q3,-0.01210020685748725
718,momentum_20,2025-10-15,Q3,-0.014799190566406883
719,momentum_20,2025-10-16,Q3,0.006423925584814638
720,momentum_20,2025-10-17,Q3,0.0021597736063738715
721,momentum_20,2025-10-20,Q3,0.0
722,momentum_20,2025-10-21,Q3,0.003499559123801177
723,momentum_20,2025-10-22,Q3,0.03218886272082888
724,momentum_20,2025-10-23,Q3,0.11096078301437617
725,momentum_20,2025-10-24,Q3,-0.02076130761943673
726,momentum_20,2025-10-27,Q3,0.0
727,momentum_20,2025-10-28,Q3,0.01046206475722844
728,momentum_20,2025-10-29,Q3,0.0
729,momentum_20,2025-10-30,Q3,0.02797208568497278
730,momentum_20,2025-10-31,Q3,0.03571419984925539
731,momentum_20,2025-11-03,Q3,0.03092780464424627
732,momentum_20,2025-11-04,Q3,0.006902495483418258
733,momentum_20,2025-11-05,Q3,0.11486483438769124
734,momentum_20,2025-11-06,Q3,0.1360543704638637
735,momentum_20,2025-11-07,Q3,-0.048479880763284244
736,momentum_20,2025-11-10,Q3,0.0034393775975427587
737,momentum_20,2025-11-11,Q3,-0.006855177650646582
738,momentum_20,2025-11-12,Q3,0.010273962536277104
739,momentum_20,2025-11-13,Q3,0.012820561935890318
740,momentum_20,2025-11-14,Q3,-0.1029543071329887
741,momentum_20,2025-11-17,Q3,-0.13298341357658394
742,momentum_20,2025-11-18,Q3,0.01811907121503209
743,momentum_20,2025-11-19,Q3,-0.00932208547233182
744,momentum_20,2025-11-20,Q3,-0.07410799606594087
745,momentum_20,2025-11-21,Q3,-0.11221119385468636
746,momentum_20,2025-11-24,Q3,0.0020704407949891923
747,momentum_20,2025-11-25,Q3,-0.13907287382336087
748,momentum_20,2025-11-26,Q3,-0.14940571435510608
749,momentum_20,2025-11-27,Q3,-0.06218654653495315
750,momentum_20,2025-11-28,Q3,-0.049395137837662695
751,momentum_20,2025-12-01,Q3,0.014648493706773902
752,momentum_20,2025-12-02,Q3,0.014836852353948382
753,momentum_20,2025-12-03,Q3,0.023880573787393722
754,momentum_20,2025-12-04,Q3,0.022000026702880815
755,momentum_20,2025-12-05,Q3,-0.049840959895923076
756,momentum_20,2025-12-08,Q3,-0.03731347304899135
757,momentum_20,2025-12-09,Q3,-0.039913788669074024
758,momentum_20,2025-12-10,Q3,-0.05414015124748095
759,momentum_20,2025-12-11,Q3,-0.01975843669429045
760,momentum_20,2025-12-12,Q3,0.006920408373887188
761,momentum_20,2025-12-15,Q3,0.00553711984644889
762,momentum_20,2025-12-16,Q3,0.008988755857864295
763,momentum_20,2025-12-17,Q3,0.006993083943600098
764,momentum_20,2025-12-18,Q3,0.014557683090511198
765,momentum_20,2025-12-19,Q3,-0.0034364227382496226
766,momentum_20,2025-12-22,Q3,-0.010309268214748757
767,momentum_20,2025-12-23,Q3,0.004073315997566773
768,momentum_20,2025-12-24,Q3,-0.010416739102864003
769,momentum_20,2025-12-25,Q3,-0.01379317205385755
770,momentum_20,2025-12-26,Q3,0.0862068937167828
771,momentum_20,2025-12-29,Q3,-0.0020408629973885928
772,momentum_20,2025-12-30,Q3,0.015765804225056357
773,momentum_20,2025-12-31,Q3,0.00998891790250922
774,momentum_20,2026-01-05,Q3,-0.0011062200137206268
775,momentum_20,2026-01-06,Q3,-0.030425887171039223
776,momentum_20,2026-01-07,Q3,-0.008456651520450165
777,momentum_20,2026-01-08,Q3,-0.0068829591247876465
778,momentum_20,2026-01-09,Q3,-0.09261079957748941
779,momentum_20,2026-01-12,Q3,-0.01978025248683668
780,momentum_20,2026-01-13,Q3,-0.0022123345324943644
781,momentum_20,2026-01-14,Q3,-0.025528166427590482
782,momentum_20,2026-01-15,Q3,-0.021220222448109727
783,momentum_20,2026-01-16,Q3,-0.01787308460813064
784,momentum_20,2026-01-19,Q3,0.023918000516374383
785,momentum_20,2026-01-20,Q3,0.0
786,momentum_20,2026-01-21,Q3,-0.07357513639519786
787,momentum_20,2026-01-22,Q3,0.0066297751025252705
788,momentum_20,2026-01-23,Q3,-0.019823822322491025
789,momentum_20,2026-01-26,Q3,-0.02904571334786865
790,momentum_20,2026-01-27,Q3,0.0
791,momentum_20,2026-01-28,Q3,0.03273137393797443
792,momentum_20,2026-01-29,Q3,-0.06573703684459942
793,momentum_20,2026-01-30,Q3,-0.0166493083380016
794,momentum_20,2026-02-02,Q3,0.11919931272968665
795,momentum_20,2026-02-03,Q3,0.012698400844561863
796,momentum_20,2026-02-04,Q3,0.08035719531531327
797,momentum_20,2026-02-05,Q3,0.013559308883548837
798,momentum_20,2026-02-06,Q3,0.033264001936692544
799,momentum_20,2026-02-09,Q3,-0.014453464482651945
800,momentum_20,2026-02-10,Q3,0.006600653833452208
801,momentum_20,2026-02-11,Q3,-0.0032086294568463014
802,momentum_20,2026-02-12,Q3,0.008695644061371466
803,momentum_20,2026-02-13,Q3,0.08351640036797159
804,momentum_20,2026-02-24,Q3,-0.07659115459399402
805,momentum_20,2026-02-25,Q3,-0.11570246386874916
806,momentum_20,2026-02-26,Q3,-0.06545060908274536
807,momentum_20,2026-02-27,Q3,-0.024793462523359122
808,momentum_20,2026-03-02,Q3,-0.019744492807512115
809,momentum_20,2026-03-03,Q3,0.026315822495649455
810,momentum_20,2026-03-04,Q3,0.06658874613112964
811,momentum_20,2026-03-05,Q3,-0.008528776410449246
812,momentum_20,2026-03-06,Q3,0.0035046415304422762
813,momentum_20,2026-03-09,Q3,0.0021504842665789337
814,momentum_20,2026-03-10,Q3,0.006423925584814638
815,momentum_20,2026-03-11,Q3,-0.017182195622028718
816,momentum_20,2026-03-12,Q3,-0.030927886575027097
817,momentum_20,2026-03-13,Q3,-0.027685493620467794
818,momentum_20,2026-03-16,Q3,-0.043040317192774125
819,momentum_20,2026-03-17,Q3,-0.03932578008955112
820,momentum_20,2026-03-18,Q3,-0.042081962976524334
821,momentum_20,2026-03-19,Q3,-0.023758127601620327
822,momentum_20,2026-03-20,Q3,0.023918000516374383
823,momentum_20,2026-03-23,Q3,0.0480295996082889
824,momentum_20,2026-03-24,Q3,0.008009227726739399
825,momentum_20,2026-03-25,Q3,0.0011286940484585006
826,momentum_20,2026-03-26,Q3,-0.023675314639954648
827,momentum_20,2026-03-27,Q3,-0.07362637892392421
828,momentum_20,2026-03-30,Q3,-0.0681817902677968
829,momentum_20,2026-03-31,Q3,0.001162706367904942
830,momentum_20,2026-04-01,Q3,-0.01700676005899371
831,momentum_20,2026-04-02,Q3,0.0629370961009541
832,momentum_20,2026-04-03,Q3,0.060498132472711186
833,momentum_20,2026-04-07,Q3,0.0688406602513254
834,momentum_20,2026-04-08,Q3,0.019744492807512115
835,momentum_20,2026-04-09,Q3,0.031141811039610667
836,momentum_20,2026-04-10,Q3,0.10253448829002254
837,momentum_20,2026-04-13,Q3,-0.0011184872121762224
838,momentum_20,2026-04-14,Q3,0.0276946029241969
839,momentum_20,2026-04-15,Q3,0.004454445163299292
840,momentum_20,2026-04-16,Q3,-0.01111110031850071
841,momentum_20,2026-04-17,Q3,-0.018450166646666433
842,momentum_20,2026-04-20,Q3,0.010122946066165817
843,momentum_20,2026-04-21,Q3,-0.006756803923811283
844,momentum_20,2026-04-22,Q3,0.0
845,momentum_20,2026-04-23,Q3,-0.09843391522048284
846,momentum_20,2025-02-26,Q4,-0.01861228965704087
847,momentum_20,2025-02-27,Q4,-0.004125501998014647
848,momentum_20,2025-02-28,Q4,-0.0011491328879890128
849,momentum_20,2025-03-03,Q4,-0.018395896229973785
850,momentum_20,2025-03-04,Q4,-0.0038354662566432163
851,momentum_20,2025-03-05,Q4,0.0046752895047649234
852,momentum_20,2025-03-06,Q4,-0.0013164140992673046
853,momentum_20,2025-03-07,Q4,0.002994994269884921
854,momentum_20,2025-03-10,Q4,0.011266794849609352
855,momentum_20,2025-03-11,Q4,-0.0022610216223060142
856,momentum_20,2025-03-12,Q4,0.003596428160208054
857,momentum_20,2025-03-13,Q4,0.020496448623909314
858,momentum_20,2025-03-14,Q4,0.010406875049209119
859,momentum_20,2025-03-17,Q4,-0.03920026522611714
860,momentum_20,2025-03-18,Q4,-0.015576353558594547
861,momentum_20,2025-03-19,Q4,-0.02414869193614222
862,momentum_20,2025-03-20,Q4,-0.021848204262903237
863,momentum_20,2025-03-21,Q4,0.07089970932009837
864,momentum_20,2025-03-24,Q4,-0.0034630098224174843
865,momentum_20,2025-03-25,Q4,0.0032049680579779305
866,momentum_20,2025-03-26,Q4,0.0001536994368805389
867,momentum_20,2025-03-27,Q4,-0.0016081042268248358
868,momentum_20,2025-03-28,Q4,-0.09199999993847241
869,momentum_20,2025-03-31,Q4,-0.03677955088238849
870,momentum_20,2025-04-01,Q4,-0.03896046539456133
871,momentum_20,2025-04-02,Q4,-0.03770246641534181
872,momentum_20,2025-04-03,Q4,0.007595012329494388
873,momentum_20,2025-04-07,Q4,0.03913199185229155
874,momentum_20,2025-04-08,Q4,0.034635882211362046
875,momentum_20,2025-04-09,Q4,0.0017804833275613663
876,momentum_20,2025-04-10,Q4,0.00187971238951401
877,momentum_20,2025-04-11,Q4,0.02737170466406169
878,momentum_20,2025-04-14,Q4,0.001877081340499187
879,momentum_20,2025-04-15,Q4,0.015256081892929596
880,momentum_20,2025-04-16,Q4,0.02152422756245498
881,momentum_20,2025-04-17,Q4,0.027028542038883496
882,momentum_20,2025-04-18,Q4,0.07356596772087953
883,momentum_20,2025-04-21,Q4,-0.025280714742776156
884,momentum_20,2025-04-22,Q4,-0.03648025695943857
885,momentum_20,2025-04-23,Q4,-0.013363684702073386
886,momentum_20,2025-04-24,Q4,-0.021831960134796435
887,momentum_20,2025-04-25,Q4,-0.006461711635269041
888,momentum_20,2025-04-28,Q4,0.025348482350459056
889,momentum_20,2025-04-29,Q4,0.018081988610486932
890,momentum_20,2025-04-30,Q4,0.014476713998707313
891,momentum_20,2025-05-06,Q4,0.005806284636388992
892,momentum_20,2025-05-07,Q4,0.025517588753221077
893,momentum_20,2025-05-08,Q4,-0.0005382165626189872
894,momentum_20,2025-05-09,Q4,0.003059903346597115
895,momentum_20,2025-05-12,Q4,0.016704159242899252
896,momentum_20,2025-05-13,Q4,0.01301920239129123
897,momentum_20,2025-05-14,Q4,0.01355083691649106
898,momentum_20,2025-05-15,Q4,0.03233044078387792
899,momentum_20,2025-05-16,Q4,0.021919862145402758
900,momentum_20,2025-05-19,Q4,-0.017319027211765925
901,momentum_20,2025-05-20,Q4,-0.01071752501117601
902,momentum_20,2025-05-21,Q4,0.016323649760694725
903,momentum_20,2025-05-22,Q4,-0.0007905086018862306
904,momentum_20,2025-05-23,Q4,0.0074998231978141705
905,momentum_20,2025-05-26,Q4,0.012700310668592452
906,momentum_20,2025-05-27,Q4,0.013980653430637924
907,momentum_20,2025-05-28,Q4,0.0005245800069274553
908,momentum_20,2025-05-29,Q4,0.001143263704431463
909,momentum_20,2025-05-30,Q4,0.020203539670306303
910,momentum_20,2025-06-03,Q4,0.010550029088551294
911,momentum_20,2025-06-04,Q4,0.02652508096884232
912,momentum_20,2025-06-05,Q4,0.010140830397427636
913,momentum_20,2025-06-06,Q4,-0.004144476756292814
914,momentum_20,2025-06-09,Q4,-0.01061919421286045
915,momentum_20,2025-06-10,Q4,-0.0045044271796043645
916,momentum_20,2025-06-11,Q4,-0.026804086807606653
917,momentum_20,2025-06-12,Q4,-0.02350581057261303
918,momentum_20,2025-06-13,Q4,-0.0010889972492773015
919,momentum_20,2025-06-16,Q4,-0.007019129703655369
920,momentum_20,2025-06-17,Q4,0.033188872805830494
921,momentum_20,2025-06-18,Q4,0.05972226473730169
922,momentum_20,2025-06-19,Q4,0.07916184931948578
923,momentum_20,2025-06-20,Q4,0.061038039368247476
924,momentum_20,2025-06-23,Q4,0.02187166920727235
925,momentum_20,2025-06-24,Q4,-0.019593379134264954
926,momentum_20,2025-06-25,Q4,-0.018352917056020823
927,momentum_20,2025-06-26,Q4,-0.014245828140559136
928,momentum_20,2025-06-27,Q4,0.011529658140845833
929,momentum_20,2025-06-30,Q4,0.023029841856900823
930,momentum_20,2025-07-01,Q4,0.03409527157433634
931,momentum_20,2025-07-02,Q4,0.014673247444159099
932,momentum_20,2025-07-03,Q4,0.029621819763204216
933,momentum_20,2025-07-04,Q4,0.0374497629934879
934,momentum_20,2025-07-07,Q4,0.024705135367397824
935,momentum_20,2025-07-08,Q4,-0.005504150044826683
936,momentum_20,2025-07-09,Q4,-0.017467432046288534
937,momentum_20,2025-07-10,Q4,-0.03143032773255944
938,momentum_20,2025-07-11,Q4,-0.019517842776155814
939,momentum_20,2025-07-14,Q4,0.0026317550138370005
940,momentum_20,2025-07-15,Q4,0.03128914261006788
941,momentum_20,2025-07-16,Q4,0.018017112002689906
942,momentum_20,2025-07-17,Q4,0.04292424951034102
943,momentum_20,2025-07-18,Q4,0.032316675644387116
944,momentum_20,2025-07-21,Q4,0.01725764344177272
945,momentum_20,2025-07-22,Q4,-0.01638544249182594
946,momentum_20,2025-07-23,Q4,-0.008540646643596939
947,momentum_20,2025-07-24,Q4,-0.0438827441914213
948,momentum_20,2025-07-25,Q4,-0.014318736997260106
949,momentum_20,2025-07-28,Q4,-0.020835617281954377
950,momentum_20,2025-07-29,Q4,-0.02281449569098659
951,momentum_20,2025-07-30,Q4,-0.017501633256156335
952,momentum_20,2025-07-31,Q4,0.016496808367145954
953,momentum_20,2025-08-01,Q4,0.023550745451107358
954,momentum_20,2025-08-04,Q4,0.09080029234311382
955,momentum_20,2025-08-05,Q4,0.002598628189529717
956,momentum_20,2025-08-06,Q4,0.040870537556204733
957,momentum_20,2025-08-07,Q4,0.07295740040447063
958,momentum_20,2025-08-08,Q4,0.05778965753938059
959,momentum_20,2025-08-11,Q4,0.005846106014880503
960,momentum_20,2025-08-12,Q4,0.014668141364616138
961,momentum_20,2025-08-13,Q4,0.03207677497696959
962,momentum_20,2025-08-14,Q4,0.06203009046041286
963,momentum_20,2025-08-15,Q4,0.0497797807469994
964,momentum_20,2025-08-18,Q4,0.01827040444177941
965,momentum_20,2025-08-19,Q4,0.02131077761895006
966,momentum_20,2025-08-20,Q4,-0.011405025267465174
967,momentum_20,2025-08-21,Q4,-0.019298269917071176
968,momentum_20,2025-08-22,Q4,0.0005670333605326539
969,momentum_20,2025-08-25,Q4,-0.042835965871515946
970,momentum_20,2025-08-26,Q4,-0.03106529881819392
971,momentum_20,2025-08-27,Q4,0.007472951738944855
972,momentum_20,2025-08-28,Q4,-0.025682793772204338
973,momentum_20,2025-08-29,Q4,-0.004521360220727466
974,momentum_20,2025-09-01,Q4,-0.004326373961551944
975,momentum_20,2025-09-02,Q4,0.014851277882973468
976,momentum_20,2025-09-03,Q4,0.041706658129293306
977,momentum_20,2025-09-04,Q4,0.031061892529587132
978,momentum_20,2025-09-05,Q4,0.037629565986289415
979,momentum_20,2025-09-08,Q4,0.010283172500601678
980,momentum_20,2025-09-09,Q4,-0.010842243501458737
981,momentum_20,2025-09-10,Q4,0.022732986501141583
982,momentum_20,2025-09-11,Q4,-0.013679340215725644
983,momentum_20,2025-09-12,Q4,-0.0061794039651961175
984,momentum_20,2025-09-15,Q4,-0.042767357048192955
985,momentum_20,2025-09-16,Q4,-0.04052631687699704
986,momentum_20,2025-09-17,Q4,0.05077639641116721
987,momentum_20,2025-09-18,Q4,-0.021432993250818266
988,momentum_20,2025-09-19,Q4,-0.01832872209942238
989,momentum_20,2025-09-22,Q4,-0.013571432658604221
990,momentum_20,2025-09-23,Q4,0.007464821945979194
991,momentum_20,2025-09-24,Q4,-0.004202043073504025
992,momentum_20,2025-09-25,Q4,0.02170982988551501
993,momentum_20,2025-09-26,Q4,0.041208789481329
994,momentum_20,2025-09-29,Q4,-0.017085764731075426
995,momentum_20,2025-09-30,Q4,-0.022575977062425978
996,momentum_20,2025-10-09,Q4,0.021664660828749516
997,momentum_20,2025-10-10,Q4,-0.0046363740177503
998,momentum_20,2025-10-13,Q4,-0.020899747084305698
999,momentum_20,2025-10-14,Q4,-0.022739919623409877
1000,momentum_20,2025-10-15,Q4,0.04856506516637349
1001,momentum_20,2025-10-16,Q4,-0.00914395691402592
1002,momentum_20,2025-10-17,Q4,0.025727542469598075
1003,momentum_20,2025-10-20,Q4,0.020335774626219938
1004,momentum_20,2025-10-21,Q4,-0.009858755262992125
1005,momentum_20,2025-10-22,Q4,0.017190846899859502
1006,momentum_20,2025-10-23,Q4,-0.003481950615501772
1007,momentum_20,2025-10-24,Q4,0.08466425372517727
1008,momentum_20,2025-10-27,Q4,0.10200939403408382
1009,momentum_20,2025-10-28,Q4,0.08435932016038672
1010,momentum_20,2025-10-29,Q4,0.04392802508486471
1011,momentum_20,2025-10-30,Q4,0.05407935758627569
1012,momentum_20,2025-10-31,Q4,0.09641898678286387
1013,momentum_20,2025-11-03,Q4,-0.012119483283108079
1014,momentum_20,2025-11-04,Q4,0.013870861943790724
1015,momentum_20,2025-11-05,Q4,0.008255415805786592
1016,momentum_20,2025-11-06,Q4,-0.011491287821399021
1017,momentum_20,2025-11-07,Q4,0.06418916741977942
1018,momentum_20,2025-11-10,Q4,0.08082596502929873
1019,momentum_20,2025-11-11,Q4,-0.01542589155821189
1020,momentum_20,2025-11-12,Q4,-0.037795597475964726
1021,momentum_20,2025-11-13,Q4,-0.02884918417333482
1022,momentum_20,2025-11-14,Q4,-0.07065258017545617
1023,momentum_20,2025-11-17,Q4,-0.07031357415002865
1024,momentum_20,2025-11-18,Q4,-0.03691961218496054
1025,momentum_20,2025-11-19,Q4,-0.06726974315506246
1026,momentum_20,2025-11-20,Q4,-0.023615527868764363
1027,momentum_20,2025-11-21,Q4,-0.0012758040617000255
1028,momentum_20,2025-11-24,Q4,0.016894447280256464
1029,momentum_20,2025-11-25,Q4,0.008339121262888938
1030,momentum_20,2025-11-26,Q4,0.006887577724679184
1031,momentum_20,2025-11-27,Q4,-0.0007543915833354564
1032,momentum_20,2025-11-28,Q4,0.0018965983284068844
1033,momentum_20,2025-12-01,Q4,-0.008328241318734386
1034,momentum_20,2025-12-02,Q4,-0.019502790268082104
1035,momentum_20,2025-12-03,Q4,-0.02312215865999201
1036,momentum_20,2025-12-04,Q4,-0.019022363904276973
1037,momentum_20,2025-12-05,Q4,-0.024718999297195177
1038,momentum_20,2025-12-08,Q4,-0.029035731860767577
1039,momentum_20,2025-12-09,Q4,-0.04811311296042925
1040,momentum_20,2025-12-10,Q4,-0.040662763526186974
1041,momentum_20,2025-12-11,Q4,-0.037412752912352076
1042,momentum_20,2025-12-12,Q4,-0.02904184641663421
1043,momentum_20,2025-12-15,Q4,0.0017491695959485631
1044,momentum_20,2025-12-16,Q4,0.01399200457169536
1045,momentum_20,2025-12-17,Q4,0.011261336451654613
1046,momentum_20,2025-12-18,Q4,0.013765045095496586
1047,momentum_20,2025-12-19,Q4,0.003978074592742242
1048,momentum_20,2025-12-22,Q4,0.003973243823268913
1049,momentum_20,2025-12-23,Q4,-0.004583813129458714
1050,momentum_20,2025-12-24,Q4,-0.012314095744643483
1051,momentum_20,2025-12-25,Q4,-0.007049512728132812
1052,momentum_20,2025-12-26,Q4,0.008965943944793775
1053,momentum_20,2025-12-29,Q4,0.008134643682941145
1054,momentum_20,2025-12-30,Q4,0.014097907745930005
1055,momentum_20,2025-12-31,Q4,0.02249561723842397
1056,momentum_20,2026-01-05,Q4,0.006324677465107453
1057,momentum_20,2026-01-06,Q4,-0.01397701807373325
1058,momentum_20,2026-01-07,Q4,0.005116987464018674
1059,momentum_20,2026-01-08,Q4,-0.013790149028075405
1060,momentum_20,2026-01-09,Q4,-0.015194743904784258
1061,momentum_20,2026-01-12,Q4,-0.021040081587162807
1062,momentum_20,2026-01-13,Q4,-0.016322477513506684
1063,momentum_20,2026-01-14,Q4,-0.005456361290780309
1064,momentum_20,2026-01-15,Q4,0.029395792215876515
1065,momentum_20,2026-01-16,Q4,0.03983296883505627
1066,momentum_20,2026-01-19,Q4,0.03984215885415732
1067,momentum_20,2026-01-20,Q4,-0.008175357581083731
1068,momentum_20,2026-01-21,Q4,0.01709760310070202
1069,momentum_20,2026-01-22,Q4,0.007653180020925798
1070,momentum_20,2026-01-23,Q4,-0.04549527798039016
1071,momentum_20,2026-01-26,Q4,-0.07846045135345103
1072,momentum_20,2026-01-27,Q4,-0.017033032003385185
1073,momentum_20,2026-01-28,Q4,-0.025529018539145354
1074,momentum_20,2026-01-29,Q4,-0.0010254202021045544
1075,momentum_20,2026-01-30,Q4,0.0018166608674726747
1076,momentum_20,2026-02-02,Q4,0.060807000566482805
1077,momentum_20,2026-02-03,Q4,0.061559675905837774
1078,momentum_20,2026-02-04,Q4,0.007704910867058601
1079,momentum_20,2026-02-05,Q4,-0.0017627845865766378
1080,momentum_20,2026-02-06,Q4,0.019940988306881846
1081,momentum_20,2026-02-09,Q4,-0.015346911741365155
1082,momentum_20,2026-02-10,Q4,0.016657115920687193
1083,momentum_20,2026-02-11,Q4,0.03664419623912196
1084,momentum_20,2026-02-12,Q4,-0.016426512534302218
1085,momentum_20,2026-02-13,Q4,-0.04811372617991222
1086,momentum_20,2026-02-24,Q4,-0.06454652914163506
1087,momentum_20,2026-02-25,Q4,-0.08772974529781857
1088,momentum_20,2026-02-26,Q4,-0.03418520039511258
1089,momentum_20,2026-02-27,Q4,-0.022229896369079682
1090,momentum_20,2026-03-02,Q4,-0.014673778074465793
1091,momentum_20,2026-03-03,Q4,-0.003216897706246724
1092,momentum_20,2026-03-04,Q4,0.013814651749439966
1093,momentum_20,2026-03-05,Q4,0.027826925283069515
1094,momentum_20,2026-03-06,Q4,-0.0003932644361884785
1095,momentum_20,2026-03-09,Q4,0.024949030355362667
1096,momentum_20,2026-03-10,Q4,-0.00835984446731114
1097,momentum_20,2026-03-11,Q4,0.009238021154473808
1098,momentum_20,2026-03-12,Q4,-0.003842341216100109
1099,momentum_20,2026-03-13,Q4,-0.06908455670008878
1100,momentum_20,2026-03-16,Q4,-0.09994555193765697
1101,momentum_20,2026-03-17,Q4,-0.04050131069427515
1102,momentum_20,2026-03-18,Q4,-0.021475206904144117
1103,momentum_20,2026-03-19,Q4,-0.01949715256065876
1104,momentum_20,2026-03-20,Q4,-0.007979653376953832
1105,momentum_20,2026-03-23,Q4,0.0526751287028846
1106,momentum_20,2026-03-24,Q4,0.0023391790035497406
1107,momentum_20,2026-03-25,Q4,-0.007424627274694284
1108,momentum_20,2026-03-26,Q4,-0.021071256894320878
1109,momentum_20,2026-03-27,Q4,-0.07346277294981268
1110,momentum_20,2026-03-30,Q4,-0.04812550507556146
1111,momentum_20,2026-03-31,Q4,0.006317705067092061
1112,momentum_20,2026-04-01,Q4,-0.03254992152331698
1113,momentum_20,2026-04-02,Q4,-0.01404809683330066
1114,momentum_20,2026-04-03,Q4,0.05314134598088416
1115,momentum_20,2026-04-07,Q4,0.02876344644977724
1116,momentum_20,2026-04-08,Q4,-0.02915532168861068
1117,momentum_20,2026-04-09,Q4,0.003521631320580809
1118,momentum_20,2026-04-10,Q4,0.0017723428277587328
1119,momentum_20,2026-04-13,Q4,0.08616044855647809
1120,momentum_20,2026-04-14,Q4,0.038567113589221436
1121,momentum_20,2026-04-15,Q4,0.012826220526213183
1122,momentum_20,2026-04-16,Q4,-0.011064945058033737
1123,momentum_20,2026-04-17,Q4,-0.013284404839636887
1124,momentum_20,2026-04-20,Q4,-0.013853200292782586
1125,momentum_20,2026-04-21,Q4,0.01987404242967339
1126,momentum_20,2026-04-22,Q4,-0.02529895779148994
1127,momentum_20,2026-04-23,Q4,0.00932223866255949
1128,momentum_20,2025-02-26,Q5,-0.04670644525537604
1129,momentum_20,2025-02-27,Q5,-0.019684128757695596
1130,momentum_20,2025-02-28,Q5,-0.01599209430542159
1131,momentum_20,2025-03-03,Q5,-0.014462523216486889
1132,momentum_20,2025-03-04,Q5,-0.010159232212588687
1133,momentum_20,2025-03-05,Q5,-0.0006380322732889576
1134,momentum_20,2025-03-06,Q5,-0.03589227198514777
1135,momentum_20,2025-03-07,Q5,0.01826863585286298
1136,momentum_20,2025-03-10,Q5,0.0014649244744367462
1137,momentum_20,2025-03-11,Q5,0.006729500927329601
1138,momentum_20,2025-03-12,Q5,-0.02272685573794825
1139,momentum_20,2025-03-13,Q5,-0.005755159111186903
1140,momentum_20,2025-03-14,Q5,-0.02833124721556879
1141,momentum_20,2025-03-17,Q5,-0.03479612344805244
1142,momentum_20,2025-03-18,Q5,-0.034373588407660804
1143,momentum_20,2025-03-19,Q5,0.004051948784086767
1144,momentum_20,2025-03-20,Q5,-0.00034044026608287536
1145,momentum_20,2025-03-21,Q5,-0.012579628034506463
1146,momentum_20,2025-03-24,Q5,0.057479895948731374
1147,momentum_20,2025-03-25,Q5,0.044585885620162746
1148,momentum_20,2025-03-26,Q5,0.014299741614461459
1149,momentum_20,2025-03-27,Q5,-0.03158603920793501
1150,momentum_20,2025-03-28,Q5,-0.13831747326257793
1151,momentum_20,2025-03-31,Q5,-0.15704547652649753
1152,momentum_20,2025-04-01,Q5,-0.13059472982783388
1153,momentum_20,2025-04-02,Q5,-0.09523983200813879
1154,momentum_20,2025-04-03,Q5,-0.0862951244689461
1155,momentum_20,2025-04-07,Q5,0.027066552424416468
1156,momentum_20,2025-04-08,Q5,0.03539343939128692
1157,momentum_20,2025-04-09,Q5,-0.010023075205299603
1158,momentum_20,2025-04-10,Q5,-0.044714311527696116
1159,momentum_20,2025-04-11,Q5,-0.04713804186742593
1160,momentum_20,2025-04-14,Q5,-0.0367357221333382
1161,momentum_20,2025-04-15,Q5,-0.030927845609636684
1162,momentum_20,2025-04-16,Q5,-0.016996907244945292
1163,momentum_20,2025-04-17,Q5,-0.018257426522089892
1164,momentum_20,2025-04-18,Q5,-0.031780717513629375
1165,momentum_20,2025-04-21,Q5,0.0032033327833719816
1166,momentum_20,2025-04-22,Q5,-0.0031044980133895783
1167,momentum_20,2025-04-23,Q5,0.00022686273002536783
1168,momentum_20,2025-04-24,Q5,0.033103189814167155
1169,momentum_20,2025-04-25,Q5,-0.013525148376493046
1170,momentum_20,2025-04-28,Q5,0.04837483152189359
1171,momentum_20,2025-04-29,Q5,0.037445115697574693
1172,momentum_20,2025-04-30,Q5,0.08663868957609566
1173,momentum_20,2025-05-06,Q5,0.06182974183798462
1174,momentum_20,2025-05-07,Q5,0.03568975256558676
1175,momentum_20,2025-05-08,Q5,0.02620465595413224
1176,momentum_20,2025-05-09,Q5,0.021704150905020092
1177,momentum_20,2025-05-12,Q5,0.061073844469033745
1178,momentum_20,2025-05-13,Q5,0.0495888361821093
1179,momentum_20,2025-05-14,Q5,0.03440251629794577
1180,momentum_20,2025-05-15,Q5,0.05450841641181292
1181,momentum_20,2025-05-16,Q5,0.029839384469715624
1182,momentum_20,2025-05-19,Q5,0.006395988285592791
1183,momentum_20,2025-05-20,Q5,0.03706555856759597
1184,momentum_20,2025-05-21,Q5,-0.0019994329646438325
1185,momentum_20,2025-05-22,Q5,-0.0004060362694876529
1186,momentum_20,2025-05-23,Q5,0.011938626174043676
1187,momentum_20,2025-05-26,Q5,0.019338012716754782
1188,momentum_20,2025-05-27,Q5,0.004875337516237477
1189,momentum_20,2025-05-28,Q5,0.015276164528216785
1190,momentum_20,2025-05-29,Q5,0.015144805791687033
1191,momentum_20,2025-05-30,Q5,0.023699395166970616
1192,momentum_20,2025-06-03,Q5,0.001239185781908958
1193,momentum_20,2025-06-04,Q5,-0.0055657395635576035
1194,momentum_20,2025-06-05,Q5,-0.003212285575563134
1195,momentum_20,2025-06-06,Q5,-0.02565958236921606
1196,momentum_20,2025-06-09,Q5,-0.03176156234811833
1197,momentum_20,2025-06-10,Q5,-0.012005629525670303
1198,momentum_20,2025-06-11,Q5,-0.04440999172370591
1199,momentum_20,2025-06-12,Q5,-0.07131883570670444
1200,momentum_20,2025-06-13,Q5,-0.03047967291769932
1201,momentum_20,2025-06-16,Q5,-0.018043126305404333
1202,momentum_20,2025-06-17,Q5,-0.0003383029760289924
1203,momentum_20,2025-06-18,Q5,0.007230400560616468
1204,momentum_20,2025-06-19,Q5,0.039613396569299075
1205,momentum_20,2025-06-20,Q5,0.00856550881935264
1206,momentum_20,2025-06-23,Q5,0.031933918685878915
1207,momentum_20,2025-06-24,Q5,0.033668281994062355
1208,momentum_20,2025-06-25,Q5,0.024855982123236253
1209,momentum_20,2025-06-26,Q5,0.0031880186700217195
1210,momentum_20,2025-06-27,Q5,0.024347976933324245
1211,momentum_20,2025-06-30,Q5,0.029974842973060634
1212,momentum_20,2025-07-01,Q5,0.003257768582242304
1213,momentum_20,2025-07-02,Q5,0.001388709719251091
1214,momentum_20,2025-07-03,Q5,0.022516718509614786
1215,momentum_20,2025-07-04,Q5,0.008386593806312237
1216,momentum_20,2025-07-07,Q5,0.0072622762882756375
1217,momentum_20,2025-07-08,Q5,-0.00853628087317454
1218,momentum_20,2025-07-09,Q5,-0.011208930784273374
1219,momentum_20,2025-07-10,Q5,-0.024083068035706423
1220,momentum_20,2025-07-11,Q5,-0.012079099481623834
1221,momentum_20,2025-07-14,Q5,-0.0193202686442977
1222,momentum_20,2025-07-15,Q5,0.004908319143977602
1223,momentum_20,2025-07-16,Q5,0.007129755409453542
1224,momentum_20,2025-07-17,Q5,0.004120499271818678
1225,momentum_20,2025-07-18,Q5,0.0009932347189237634
1226,momentum_20,2025-07-21,Q5,-0.005947645623084752
1227,momentum_20,2025-07-22,Q5,-0.008490452181582175
1228,momentum_20,2025-07-23,Q5,-0.008516223523356847
1229,momentum_20,2025-07-24,Q5,-0.062185347043531125
1230,momentum_20,2025-07-25,Q5,-0.056429044492030234
1231,momentum_20,2025-07-28,Q5,-0.04818433725007515
1232,momentum_20,2025-07-29,Q5,-0.04167563998103485
1233,momentum_20,2025-07-30,Q5,-0.030792478247449406
1234,momentum_20,2025-07-31,Q5,-0.0005494631023422181
1235,momentum_20,2025-08-01,Q5,0.009096184694666998
1236,momentum_20,2025-08-04,Q5,-0.00010912790101369474
1237,momentum_20,2025-08-05,Q5,0.019144316653394222
1238,momentum_20,2025-08-06,Q5,5.505834317071079e-05
1239,momentum_20,2025-08-07,Q5,0.0029851215886848026
1240,momentum_20,2025-08-08,Q5,-0.007120282183238735
1241,momentum_20,2025-08-11,Q5,0.10027334686547384
1242,momentum_20,2025-08-12,Q5,0.011125206064869775
1243,momentum_20,2025-08-13,Q5,0.005964839940483302
1244,momentum_20,2025-08-14,Q5,-0.022943330548587493
1245,momentum_20,2025-08-15,Q5,-0.033887179023178504
1246,momentum_20,2025-08-18,Q5,-0.055460167785999104
1247,momentum_20,2025-08-19,Q5,-0.06589990845640042
1248,momentum_20,2025-08-20,Q5,-0.08556170930699658
1249,momentum_20,2025-08-21,Q5,-0.028196163097128357
1250,momentum_20,2025-08-22,Q5,-0.01692020713301917
1251,momentum_20,2025-08-25,Q5,-0.029673992850502928
1252,momentum_20,2025-08-26,Q5,-0.032346637876017825
1253,momentum_20,2025-08-27,Q5,0.0017269776601857578
1254,momentum_20,2025-08-28,Q5,-0.005223652054697159
1255,momentum_20,2025-08-29,Q5,0.04594615097349575
1256,momentum_20,2025-09-01,Q5,0.02788506393041401
1257,momentum_20,2025-09-02,Q5,0.08174441885633621
1258,momentum_20,2025-09-03,Q5,0.07865800258332722
1259,momentum_20,2025-09-04,Q5,0.07623465531059304
1260,momentum_20,2025-09-05,Q5,0.05308164504398116
1261,momentum_20,2025-09-08,Q5,-0.021697502308905492
1262,momentum_20,2025-09-09,Q5,-0.003398331554592182
1263,momentum_20,2025-09-10,Q5,0.00018723238941537046
1264,momentum_20,2025-09-11,Q5,-0.02991655768576651
1265,momentum_20,2025-09-12,Q5,-0.04193364378300862
1266,momentum_20,2025-09-15,Q5,-0.029928556192471756
1267,momentum_20,2025-09-16,Q5,-0.04481709111590115
1268,momentum_20,2025-09-17,Q5,0.015068898062008895
1269,momentum_20,2025-09-18,Q5,0.17737992154592264
1270,momentum_20,2025-09-19,Q5,0.15930811762832786
1271,momentum_20,2025-09-22,Q5,0.17891640601041936
1272,momentum_20,2025-09-23,Q5,0.21576244130946598
1273,momentum_20,2025-09-24,Q5,0.12806567106795175
1274,momentum_20,2025-09-25,Q5,0.1462162998000932
1275,momentum_20,2025-09-26,Q5,0.19888031493358438
1276,momentum_20,2025-09-29,Q5,0.2124747053739569
1277,momentum_20,2025-09-30,Q5,0.06850220894179676
1278,momentum_20,2025-10-09,Q5,-0.006117545236717203
1279,momentum_20,2025-10-10,Q5,-0.04299271125322224
1280,momentum_20,2025-10-13,Q5,-0.08558333475753416
1281,momentum_20,2025-10-14,Q5,-0.00840974522681287
1282,momentum_20,2025-10-15,Q5,-0.00849116000585759
1283,momentum_20,2025-10-16,Q5,0.1800929773121298
1284,momentum_20,2025-10-17,Q5,0.10375483787537754
1285,momentum_20,2025-10-20,Q5,0.07075231099501644
1286,momentum_20,2025-10-21,Q5,0.0358391959276822
1287,momentum_20,2025-10-22,Q5,0.04000883441757258
1288,momentum_20,2025-10-23,Q5,-0.06716285548885226
1289,momentum_20,2025-10-24,Q5,-0.009302628797552948
1290,momentum_20,2025-10-27,Q5,-0.0011316041209421535
1291,momentum_20,2025-10-28,Q5,-0.06237713880625484
1292,momentum_20,2025-10-29,Q5,-0.06746841151995114
1293,momentum_20,2025-10-30,Q5,-0.051123438107953056
1294,momentum_20,2025-10-31,Q5,-0.06446524769750622
1295,momentum_20,2025-11-03,Q5,0.05018843329958006
1296,momentum_20,2025-11-04,Q5,0.03086572216419492
1297,momentum_20,2025-11-05,Q5,0.01800945963774475
1298,momentum_20,2025-11-06,Q5,0.03127276486640784
1299,momentum_20,2025-11-07,Q5,0.01751249636859864
1300,momentum_20,2025-11-10,Q5,0.006632182047065616
1301,momentum_20,2025-11-11,Q5,0.026323290812799105
1302,momentum_20,2025-11-12,Q5,-0.012926161842875372
1303,momentum_20,2025-11-13,Q5,-0.008563666487254151
1304,momentum_20,2025-11-14,Q5,-0.06271521262861962
1305,momentum_20,2025-11-17,Q5,-0.07000535451774054
1306,momentum_20,2025-11-18,Q5,-0.03769688525309295
1307,momentum_20,2025-11-19,Q5,-0.01834222683444603
1308,momentum_20,2025-11-20,Q5,-0.024831235917074423
1309,momentum_20,2025-11-21,Q5,0.03821194877306289
1310,momentum_20,2025-11-24,Q5,0.08042533596921075
1311,momentum_20,2025-11-25,Q5,0.07130146728421483
1312,momentum_20,2025-11-26,Q5,0.03909802884767416
1313,momentum_20,2025-11-27,Q5,0.01018937718841112
1314,momentum_20,2025-11-28,Q5,-0.009237083510598265
1315,momentum_20,2025-12-01,Q5,-0.05314268497663238
1316,momentum_20,2025-12-02,Q5,-0.05483470540305346
1317,momentum_20,2025-12-03,Q5,-0.02501950370095435
1318,momentum_20,2025-12-04,Q5,-0.019622289599550702
1319,momentum_20,2025-12-05,Q5,0.003921289923762561
1320,momentum_20,2025-12-08,Q5,0.06400568586304412
1321,momentum_20,2025-12-09,Q5,0.09273838313540028
1322,momentum_20,2025-12-10,Q5,0.07077735881529423
1323,momentum_20,2025-12-11,Q5,0.08174452211926175
1324,momentum_20,2025-12-12,Q5,0.0687662787286355
1325,momentum_20,2025-12-15,Q5,0.007325061044820003
1326,momentum_20,2025-12-16,Q5,-0.004015653805796993
1327,momentum_20,2025-12-17,Q5,0.012586426984932286
1328,momentum_20,2025-12-18,Q5,-0.0008277088418713885
1329,momentum_20,2025-12-19,Q5,-0.018761471869459923
1330,momentum_20,2025-12-22,Q5,-0.02040819600629773
1331,momentum_20,2025-12-23,Q5,-0.012448261231962465
1332,momentum_20,2025-12-24,Q5,-0.02955406330008087
1333,momentum_20,2025-12-25,Q5,-0.003706384816068775
1334,momentum_20,2025-12-26,Q5,0.010149701202974315
1335,momentum_20,2025-12-29,Q5,0.009622191315194262
1336,momentum_20,2025-12-30,Q5,0.024542449098963526
1337,momentum_20,2025-12-31,Q5,0.042392932071244616
1338,momentum_20,2026-01-05,Q5,0.024119533417157668
1339,momentum_20,2026-01-06,Q5,-0.004921867404480584
1340,momentum_20,2026-01-07,Q5,-0.011157935429104315
1341,momentum_20,2026-01-08,Q5,-0.041481359031302345
1342,momentum_20,2026-01-09,Q5,-0.04748842434617706
1343,momentum_20,2026-01-12,Q5,-0.034364986042011714
1344,momentum_20,2026-01-13,Q5,-0.023514139898214714
1345,momentum_20,2026-01-14,Q5,0.012516723421819753
1346,momentum_20,2026-01-15,Q5,0.035369954759582156
1347,momentum_20,2026-01-16,Q5,0.04451923668401714
1348,momentum_20,2026-01-19,Q5,0.01930310991961559
1349,momentum_20,2026-01-20,Q5,0.023966506639705343
1350,momentum_20,2026-01-21,Q5,-0.007008293133492383
1351,momentum_20,2026-01-22,Q5,0.012009016107118131
1352,momentum_20,2026-01-23,Q5,-0.023503397604959175
1353,momentum_20,2026-01-26,Q5,-0.07062058040963048
1354,momentum_20,2026-01-27,Q5,-0.05344823607820459
1355,momentum_20,2026-01-28,Q5,-0.019073944967788026
1356,momentum_20,2026-01-29,Q5,-0.0634289706092448
1357,momentum_20,2026-01-30,Q5,-0.017741919109649618
1358,momentum_20,2026-02-02,Q5,0.059405478627558184
1359,momentum_20,2026-02-03,Q5,0.035661478101816635
1360,momentum_20,2026-02-04,Q5,0.0010760025690715325
1361,momentum_20,2026-02-05,Q5,-0.007061008530858448
1362,momentum_20,2026-02-06,Q5,-0.01185645566810839
1363,momentum_20,2026-02-09,Q5,0.01100802621961644
1364,momentum_20,2026-02-10,Q5,0.06882386352716585
1365,momentum_20,2026-02-11,Q5,0.008761271384601754
1366,momentum_20,2026-02-12,Q5,0.09582703641085422
1367,momentum_20,2026-02-13,Q5,0.02013300048312683
1368,momentum_20,2026-02-24,Q5,0.008801855845889939
1369,momentum_20,2026-02-25,Q5,-0.016405386301156955
1370,momentum_20,2026-02-26,Q5,-0.019777951568025032
1371,momentum_20,2026-02-27,Q5,-0.03173541575805955
1372,momentum_20,2026-03-02,Q5,-0.019127773433368134
1373,momentum_20,2026-03-03,Q5,0.06223258508473872
1374,momentum_20,2026-03-04,Q5,0.05394213807435444
1375,momentum_20,2026-03-05,Q5,0.041459136745291225
1376,momentum_20,2026-03-06,Q5,0.01892428182108219
1377,momentum_20,2026-03-09,Q5,0.029679924944255698
1378,momentum_20,2026-03-10,Q5,0.01224415788088351
1379,momentum_20,2026-03-11,Q5,0.006965553771276001
1380,momentum_20,2026-03-12,Q5,-0.015639725637852542
1381,momentum_20,2026-03-13,Q5,-0.02080155333774031
1382,momentum_20,2026-03-16,Q5,-0.0765599987905693
1383,momentum_20,2026-03-17,Q5,-0.0624563297315201
1384,momentum_20,2026-03-18,Q5,-0.06806337760870695
1385,momentum_20,2026-03-19,Q5,-0.03503740626409402
1386,momentum_20,2026-03-20,Q5,-0.016211113947381728
1387,momentum_20,2026-03-23,Q5,0.018264822286715
1388,momentum_20,2026-03-24,Q5,-0.023299826883027397
1389,momentum_20,2026-03-25,Q5,-0.006638373512679596
1390,momentum_20,2026-03-26,Q5,-0.0021720075194467947
1391,momentum_20,2026-03-27,Q5,-0.02831780220933927
1392,momentum_20,2026-03-30,Q5,-0.036900707041455316
1393,momentum_20,2026-03-31,Q5,-0.06771045449989921
1394,momentum_20,2026-04-01,Q5,-0.08328186978026819
1395,momentum_20,2026-04-02,Q5,-0.068883234494715
1396,momentum_20,2026-04-03,Q5,-0.014703714427556636
1397,momentum_20,2026-04-07,Q5,0.02092719070128335
1398,momentum_20,2026-04-08,Q5,-0.01674364810977913
1399,momentum_20,2026-04-09,Q5,0.0013438387692455978
1400,momentum_20,2026-04-10,Q5,0.0035445140353149718
1401,momentum_20,2026-04-13,Q5,0.00253166643666497
1402,momentum_20,2026-04-14,Q5,-0.009931865021601483
1403,momentum_20,2026-04-15,Q5,0.04554996629905289
1404,momentum_20,2026-04-16,Q5,0.01296359530907687
1405,momentum_20,2026-04-17,Q5,0.015742326679412777
1406,momentum_20,2026-04-20,Q5,-0.005060661380306475
1407,momentum_20,2026-04-21,Q5,-0.008188059245760826
1408,momentum_20,2026-04-22,Q5,0.004472414595311502
1409,momentum_20,2026-04-23,Q5,0.06585713052804387
1410,momentum_60,2025-04-24,Q1,0.018927426288799065
1411,momentum_60,2025-04-25,Q1,0.06340819130630759
1412,momentum_60,2025-04-28,Q1,0.07640746540341903
1413,momentum_60,2025-04-29,Q1,0.08513508506549261
1414,momentum_60,2025-04-30,Q1,0.05813951196023459
1415,momentum_60,2025-05-06,Q1,0.026415099771729844
1416,momentum_60,2025-05-07,Q1,0.011180142913720159
1417,momentum_60,2025-05-08,Q1,-0.013081417309715349
1418,momentum_60,2025-05-09,Q1,0.012422348291186713
1419,momentum_60,2025-05-12,Q1,0.07573419843044649
1420,momentum_60,2025-05-13,Q1,-0.011661796231637989
1421,momentum_60,2025-05-14,Q1,-0.01886787229650111
1422,momentum_60,2025-05-15,Q1,-0.017673031845840126
1423,momentum_60,2025-05-16,Q1,-0.020679448579028814
1424,momentum_60,2025-05-19,Q1,-0.025000010518466453
1425,momentum_60,2025-05-20,Q1,-0.016224207980889416
1426,momentum_60,2025-05-21,Q1,-0.011834378377890364
1427,momentum_60,2025-05-22,Q1,0.004497711038687235
1428,momentum_60,2025-05-23,Q1,0.001508258200915824
1429,momentum_60,2025-05-26,Q1,-0.007541506767994921
1430,momentum_60,2025-05-27,Q1,-0.00749628038424921
1431,momentum_60,2025-05-28,Q1,-0.005988018395350125
1432,momentum_60,2025-05-29,Q1,-0.014925359325276832
1433,momentum_60,2025-05-30,Q1,-0.003012045380823114
1434,momentum_60,2025-06-03,Q1,0.0030395108143479455
1435,momentum_60,2025-06-04,Q1,-0.00755282700333193
1436,momentum_60,2025-06-05,Q1,-0.01957825906893662
1437,momentum_60,2025-06-06,Q1,-0.024242401473340114
1438,momentum_60,2025-06-09,Q1,-0.00755282700333193
1439,momentum_60,2025-06-10,Q1,-0.010606014520558649
1440,momentum_60,2025-06-11,Q1,-0.019786927099583962
1441,momentum_60,2025-06-12,Q1,-0.02918587565903874
1442,momentum_60,2025-06-13,Q1,-0.023291940067493244
1443,momentum_60,2025-06-16,Q1,-0.04261799124695387
1444,momentum_60,2025-06-17,Q1,-0.027565130075403843
1445,momentum_60,2025-06-18,Q1,-0.0015528305579165513
1446,momentum_60,2025-06-19,Q1,0.01107590077894205
1447,momentum_60,2025-06-20,Q1,0.015898236127033005
1448,momentum_60,2025-06-23,Q1,0.020667744869527827
1449,momentum_60,2025-06-24,Q1,0.005434803453420622
1450,momentum_60,2025-06-25,Q1,0.010886496660990286
1451,momentum_60,2025-06-26,Q1,0.010954643681373888
1452,momentum_60,2025-06-27,Q1,-0.06128547741484702
1453,momentum_60,2025-06-30,Q1,-0.015503861641813277
1454,momentum_60,2025-07-01,Q1,0.004694868612704628
1455,momentum_60,2025-07-02,Q1,0.006319109373639442
1456,momentum_60,2025-07-03,Q1,0.04643965773426184
1457,momentum_60,2025-07-04,Q1,0.049689467207783
1458,momentum_60,2025-07-07,Q1,0.021472372223182212
1459,momentum_60,2025-07-08,Q1,0.006097555213709249
1460,momentum_60,2025-07-09,Q1,0.0030581010769374917
1461,momentum_60,2025-07-10,Q1,-0.02958584013766763
1462,momentum_60,2025-07-11,Q1,-0.024475502031601426
1463,momentum_60,2025-07-14,Q1,-0.009009000623754537
1464,momentum_60,2025-07-15,Q1,0.015151500920837613
1465,momentum_60,2025-07-16,Q1,0.024390220854836775
1466,momentum_60,2025-07-17,Q1,0.03810975642997838
1467,momentum_60,2025-07-18,Q1,0.031963475290727406
1468,momentum_60,2025-07-21,Q1,0.028787887873618967
1469,momentum_60,2025-07-22,Q1,0.016417930842668182
1470,momentum_60,2025-07-23,Q1,-0.002976187730794999
1471,momentum_60,2025-07-24,Q1,-0.05433184855623718
1472,momentum_60,2025-07-25,Q1,-0.05752217275134541
1473,momentum_60,2025-07-28,Q1,-0.05596467107154646
1474,momentum_60,2025-07-29,Q1,-0.015772930451572353
1475,momentum_60,2025-07-30,Q1,0.004807726107171506
1476,momentum_60,2025-07-31,Q1,0.004658343587676805
1477,momentum_60,2025-08-01,Q1,0.05853660616779166
1478,momentum_60,2025-08-04,Q1,0.010920463857676754
1479,momentum_60,2025-08-05,Q1,0.03928576263846262
1480,momentum_60,2025-08-06,Q1,0.003105587072796734
1481,momentum_60,2025-08-07,Q1,-0.006182374520887324
1482,momentum_60,2025-08-08,Q1,0.012403163241694326
1483,momentum_60,2025-08-11,Q1,0.0030864168005624304
1484,momentum_60,2025-08-12,Q1,0.009273635481048759
1485,momentum_60,2025-08-13,Q1,0.013931912083038789
1486,momentum_60,2025-08-14,Q1,0.07142856675002807
1487,momentum_60,2025-08-15,Q1,0.061391581280504814
1488,momentum_60,2025-08-18,Q1,0.011968105427681452
1489,momentum_60,2025-08-19,Q1,0.07044403469066896
1490,momentum_60,2025-08-20,Q1,0.02900756867947263
1491,momentum_60,2025-08-21,Q1,0.03201220121626913
1492,momentum_60,2025-08-22,Q1,0.035060978823123756
1493,momentum_60,2025-08-25,Q1,0.0026281183410803433
1494,momentum_60,2025-08-26,Q1,-0.02846051612533107
1495,momentum_60,2025-08-27,Q1,-0.029216502111413356
1496,momentum_60,2025-08-28,Q1,-0.015915104266073565
1497,momentum_60,2025-08-29,Q1,-0.007936500427734305
1498,momentum_60,2025-09-01,Q1,-0.0013106459674763205
1499,momentum_60,2025-09-02,Q1,0.011983977764023601
1500,momentum_60,2025-09-03,Q1,0.04377567362055279
1501,momentum_60,2025-09-04,Q1,0.02830189164254837
1502,momentum_60,2025-09-05,Q1,0.009333356221516986
1503,momentum_60,2025-09-08,Q1,-0.010498677809387513
1504,momentum_60,2025-09-09,Q1,-0.00921048627665777
1505,momentum_60,2025-09-10,Q1,-0.023591127454258287
1506,momentum_60,2025-09-11,Q1,-0.05242465129330365
1507,momentum_60,2025-09-12,Q1,-0.023037581195560874
1508,momentum_60,2025-09-15,Q1,-0.06498670737363532
1509,momentum_60,2025-09-16,Q1,-0.08100931162257297
1510,momentum_60,2025-09-17,Q1,-0.06442953441106636
1511,momentum_60,2025-09-18,Q1,-0.0008764442607862577
1512,momentum_60,2025-09-19,Q1,-0.028011178292021377
1513,momentum_60,2025-09-22,Q1,0.021276541059871645
1514,momentum_60,2025-09-23,Q1,0.053468190965286544
1515,momentum_60,2025-09-24,Q1,0.0588235777031485
1516,momentum_60,2025-09-25,Q1,0.0026316392674909928
1517,momentum_60,2025-09-26,Q1,0.0
1518,momentum_60,2025-09-29,Q1,0.017590132918044565
1519,momentum_60,2025-09-30,Q1,0.005290958124783751
1520,momentum_60,2025-10-09,Q1,0.012280732281358064
1521,momentum_60,2025-10-10,Q1,-0.0026247319199040886
1522,momentum_60,2025-10-13,Q1,0.0017544261783273285
1523,momentum_60,2025-10-14,Q1,-0.01210020685748725
1524,momentum_60,2025-10-15,Q1,0.010526389758675148
1525,momentum_60,2025-10-16,Q1,0.007798973386949459
1526,momentum_60,2025-10-17,Q1,0.014035158459685393
1527,momentum_60,2025-10-20,Q1,0.008756600770722489
1528,momentum_60,2025-10-21,Q1,0.003499559123801177
1529,momentum_60,2025-10-22,Q1,0.03218886272082888
1530,momentum_60,2025-10-23,Q1,-0.021496130484949583
1531,momentum_60,2025-10-24,Q1,0.02586214781232954
1532,momentum_60,2025-10-27,Q1,0.028017266849488465
1533,momentum_60,2025-10-28,Q1,0.01046206475722844
1534,momentum_60,2025-10-29,Q1,0.011413530335592004
1535,momentum_60,2025-10-30,Q1,0.011423560029314217
1536,momentum_60,2025-10-31,Q1,0.020318065557528797
1537,momentum_60,2025-11-03,Q1,0.01749779561900544
1538,momentum_60,2025-11-04,Q1,0.006902495483418258
1539,momentum_60,2025-11-05,Q1,0.013888875091518038
1540,momentum_60,2025-11-06,Q1,0.01650734809774712
1541,momentum_60,2025-11-07,Q1,0.01731600051622273
1542,momentum_60,2025-11-10,Q1,0.0034393775975427587
1543,momentum_60,2025-11-11,Q1,-0.006855177650646582
1544,momentum_60,2025-11-12,Q1,0.010273962536277104
1545,momentum_60,2025-11-13,Q1,0.012820561935890318
1546,momentum_60,2025-11-14,Q1,-0.005106418690782877
1547,momentum_60,2025-11-17,Q1,-0.03514381133946143
1548,momentum_60,2025-11-18,Q1,-0.014681916950681662
1549,momentum_60,2025-11-19,Q1,-0.028052818135171687
1550,momentum_60,2025-11-20,Q1,-0.11774194218241607
1551,momentum_60,2025-11-21,Q1,-0.11221119385468636
1552,momentum_60,2025-11-24,Q1,-0.13907287382336087
1553,momentum_60,2025-11-25,Q1,-0.13907287382336087
1554,momentum_60,2025-11-26,Q1,-0.14940571435510608
1555,momentum_60,2025-11-27,Q1,-0.09140768175102287
1556,momentum_60,2025-11-28,Q1,-0.07992570558160039
1557,momentum_60,2025-12-01,Q1,-0.05576922547887753
1558,momentum_60,2025-12-02,Q1,-0.08269227771363907
1559,momentum_60,2025-12-03,Q1,0.04790414374326857
1560,momentum_60,2025-12-04,Q1,0.020120801949947476
1561,momentum_60,2025-12-05,Q1,0.014141449365382641
1562,momentum_60,2025-12-08,Q1,-0.008146631995133324
1563,momentum_60,2025-12-09,Q1,0.04192868135531724
1564,momentum_60,2025-12-10,Q1,-0.055238087972005245
1565,momentum_60,2025-12-11,Q1,-0.03944778685022354
1566,momentum_60,2025-12-12,Q1,-0.023904359763948557
1567,momentum_60,2025-12-15,Q1,0.01232031708203074
1568,momentum_60,2025-12-16,Q1,-0.03621727081233583
1569,momentum_60,2025-12-17,Q1,-0.04032254188043427
1570,momentum_60,2025-12-18,Q1,-0.016427089442707543
1571,momentum_60,2025-12-19,Q1,-0.02653063508382847
1572,momentum_60,2025-12-22,Q1,-0.038539566701057626
1573,momentum_60,2025-12-23,Q1,-0.03549062163837269
1574,momentum_60,2025-12-24,Q1,-0.0231092706355277
1575,momentum_60,2025-12-25,Q1,-0.008350722791562015
1576,momentum_60,2025-12-26,Q1,0.012578604406595195
1577,momentum_60,2025-12-29,Q1,-0.0021096524319702548
1578,momentum_60,2025-12-30,Q1,0.06060610752038276
1579,momentum_60,2025-12-31,Q1,0.06666665299391683
1580,momentum_60,2026-01-05,Q1,0.027368445145456333
1581,momentum_60,2026-01-06,Q1,0.0
1582,momentum_60,2026-01-07,Q1,-0.008456651520450165
1583,momentum_60,2026-01-08,Q1,-0.061491900401792976
1584,momentum_60,2026-01-09,Q1,-0.04637097123076095
1585,momentum_60,2026-01-12,Q1,-0.030737723739708622
1586,momentum_60,2026-01-13,Q1,-0.008281565731855234
1587,momentum_60,2026-01-14,Q1,0.06823031295462845
1588,momentum_60,2026-01-15,Q1,0.03651978341452877
1589,momentum_60,2026-01-16,Q1,0.05754611626232142
1590,momentum_60,2026-01-19,Q1,0.017486427077264333
1591,momentum_60,2026-01-20,Q1,-0.04068523642749933
1592,momentum_60,2026-01-21,Q1,-0.07357513639519786
1593,momentum_60,2026-01-22,Q1,-0.059067328223483595
1594,momentum_60,2026-01-23,Q1,-0.08008210998978771
1595,momentum_60,2026-01-26,Q1,-0.06444686943359224
1596,momentum_60,2026-01-27,Q1,-0.008928562875609058
1597,momentum_60,2026-01-28,Q1,0.013422913295959349
1598,momentum_60,2026-01-29,Q1,-0.008810564358837869
1599,momentum_60,2026-01-30,Q1,0.0022320875004695484
1600,momentum_60,2026-02-02,Q1,0.07692308534552961
1601,momentum_60,2026-02-03,Q1,0.041666653242197205
1602,momentum_60,2026-02-04,Q1,0.03200882432909391
1603,momentum_60,2026-02-05,Q1,0.02222220102945971
1604,momentum_60,2026-02-06,Q1,0.033264001936692544
1605,momentum_60,2026-02-09,Q1,-0.008064508376086854
1606,momentum_60,2026-02-10,Q1,0.02459013990675496
1607,momentum_60,2026-02-11,Q1,-0.014314866408069449
1608,momentum_60,2026-02-12,Q1,0.008695644061371466
1609,momentum_60,2026-02-13,Q1,-0.04426555321507708
1610,momentum_60,2026-02-24,Q1,-0.050813007342129124
1611,momentum_60,2026-02-25,Q1,-0.07600002288818364
1612,momentum_60,2026-02-26,Q1,-0.026970977139220476
1613,momentum_60,2026-02-27,Q1,-0.024793462523359122
1614,momentum_60,2026-03-02,Q1,-0.02105261150159332
1615,momentum_60,2026-03-03,Q1,0.06775699711145888
1616,momentum_60,2026-03-04,Q1,0.06658874613112964
1617,momentum_60,2026-03-05,Q1,0.04362802672521715
1618,momentum_60,2026-03-06,Q1,0.0035046415304422762
1619,momentum_60,2026-03-09,Q1,0.03317543845574367
1620,momentum_60,2026-03-10,Q1,0.03729600205940309
1621,momentum_60,2026-03-11,Q1,0.012048155016258999
1622,momentum_60,2026-03-12,Q1,-0.029379707988854364
1623,momentum_60,2026-03-13,Q1,-0.027685493620467794
1624,momentum_60,2026-03-16,Q1,-0.11353711563072233
1625,momentum_60,2026-03-17,Q1,-0.05103151629556035
1626,momentum_60,2026-03-18,Q1,-0.019867582432562036
1627,momentum_60,2026-03-19,Q1,-0.005605402500807766
1628,momentum_60,2026-03-20,Q1,-0.06451617510690377
1629,momentum_60,2026-03-23,Q1,-0.002487500520428565
1630,momentum_60,2026-03-24,Q1,-0.024449911814275582
1631,momentum_60,2026-03-25,Q1,-0.019417457749564604
1632,momentum_60,2026-03-26,Q1,-0.029702942250534492
1633,momentum_60,2026-03-27,Q1,-0.059113303674688034
1634,momentum_60,2026-03-30,Q1,-0.04987538022112881
1635,momentum_60,2026-03-31,Q1,-0.010025053072035384
1636,momentum_60,2026-04-01,Q1,-0.042079227202757585
1637,momentum_60,2026-04-02,Q1,-0.00765305377701242
1638,momentum_60,2026-04-03,Q1,0.05276077611072649
1639,momentum_60,2026-04-07,Q1,0.05511812107634029
1640,momentum_60,2026-04-08,Q1,0.005063286249386678
1641,momentum_60,2026-04-09,Q1,0.023255854069589743
1642,momentum_60,2026-04-10,Q1,0.01799484096531212
1643,momentum_60,2026-04-13,Q1,0.005115084523652724
1644,momentum_60,2026-04-14,Q1,-0.029850717942397798
1645,momentum_60,2026-04-15,Q1,-0.02267000340572234
1646,momentum_60,2026-04-16,Q1,-0.03787881159658324
1647,momentum_60,2026-04-17,Q1,-0.053030312152532066
1648,momentum_60,2026-04-20,Q1,-0.05089059651053485
1649,momentum_60,2026-04-21,Q1,-0.03846156197421824
1650,momentum_60,2026-04-22,Q1,-0.0025773785017727535
1651,momentum_60,2026-04-23,Q1,0.02624675710052471
1652,momentum_60,2025-04-24,Q2,0.047524910503815354
1653,momentum_60,2025-04-25,Q2,0.02791200080646805
1654,momentum_60,2025-04-28,Q2,0.04249529019044229
1655,momentum_60,2025-04-29,Q2,0.012174358983805256
1656,momentum_60,2025-04-30,Q2,0.012385664814728026
1657,momentum_60,2025-05-06,Q2,0.01737670173515804
1658,momentum_60,2025-05-07,Q2,0.039921932807990945
1659,momentum_60,2025-05-08,Q2,-0.0028954243087193077
1660,momentum_60,2025-05-09,Q2,0.0011305578525988014
1661,momentum_60,2025-05-12,Q2,-0.005732945467655681
1662,momentum_60,2025-05-13,Q2,0.028225957538537017
1663,momentum_60,2025-05-14,Q2,0.010749379105218504
1664,momentum_60,2025-05-15,Q2,0.025306742689526818
1665,momentum_60,2025-05-16,Q2,0.012821761737861481
1666,momentum_60,2025-05-19,Q2,-0.019160769803630906
1667,momentum_60,2025-05-20,Q2,-0.01650512569285295
1668,momentum_60,2025-05-21,Q2,-0.01895902808123545
1669,momentum_60,2025-05-22,Q2,0.002041798383234872
1670,momentum_60,2025-05-23,Q2,0.008524756566450908
1671,momentum_60,2025-05-26,Q2,-0.00437501072883606
1672,momentum_60,2025-05-27,Q2,0.0009005367314833812
1673,momentum_60,2025-05-28,Q2,0.0009067024309512561
1674,momentum_60,2025-05-29,Q2,0.0004487735834935447
1675,momentum_60,2025-05-30,Q2,0.013715667132009002
1676,momentum_60,2025-06-03,Q2,0.011608297116597055
1677,momentum_60,2025-06-04,Q2,0.018432036788071704
1678,momentum_60,2025-06-05,Q2,0.010816961285010196
1679,momentum_60,2025-06-06,Q2,-0.011975624866384704
1680,momentum_60,2025-06-09,Q2,-0.019762889366022773
1681,momentum_60,2025-06-10,Q2,-0.00625701283664154
1682,momentum_60,2025-06-11,Q2,-0.026749447906026236
1683,momentum_60,2025-06-12,Q2,-0.025569869498984765
1684,momentum_60,2025-06-13,Q2,-0.013409376269168993
1685,momentum_60,2025-06-16,Q2,0.01727431405736285
1686,momentum_60,2025-06-17,Q2,0.04382716078453719
1687,momentum_60,2025-06-18,Q2,0.06087165232473557
1688,momentum_60,2025-06-19,Q2,0.06861378964622189
1689,momentum_60,2025-06-20,Q2,0.061038039368247476
1690,momentum_60,2025-06-23,Q2,0.01857494260902426
1691,momentum_60,2025-06-24,Q2,-0.005896136764101945
1692,momentum_60,2025-06-25,Q2,-0.018922178551041002
1693,momentum_60,2025-06-26,Q2,-0.015535764873548519
1694,momentum_60,2025-06-27,Q2,0.020181368423101254
1695,momentum_60,2025-06-30,Q2,0.02185743127699813
1696,momentum_60,2025-07-01,Q2,0.038040791716807076
1697,momentum_60,2025-07-02,Q2,0.005160251406268301
1698,momentum_60,2025-07-03,Q2,0.03312557783994596
1699,momentum_60,2025-07-04,Q2,0.029324739126375454
1700,momentum_60,2025-07-07,Q2,0.01896590783618446
1701,momentum_60,2025-07-08,Q2,-0.017742769628870836
1702,momentum_60,2025-07-09,Q2,-0.017467432046288534
1703,momentum_60,2025-07-10,Q2,-0.025395657183322484
1704,momentum_60,2025-07-11,Q2,-0.021225406761936183
1705,momentum_60,2025-07-14,Q2,0.005429941024577167
1706,momentum_60,2025-07-15,Q2,0.050347943668810236
1707,momentum_60,2025-07-16,Q2,0.03999822012752019
1708,momentum_60,2025-07-17,Q2,0.032713703168147146
1709,momentum_60,2025-07-18,Q2,0.026786228507464926
1710,momentum_60,2025-07-21,Q2,0.011182097553261827
1711,momentum_60,2025-07-22,Q2,0.012573850206186954
1712,momentum_60,2025-07-23,Q2,-0.004612692235502924
1713,momentum_60,2025-07-24,Q2,-0.03229343928466799
1714,momentum_60,2025-07-25,Q2,-0.0372373270098284
1715,momentum_60,2025-07-28,Q2,-0.03895202080641441
1716,momentum_60,2025-07-29,Q2,-0.04167563998103485
1717,momentum_60,2025-07-30,Q2,-0.031622915115559924
1718,momentum_60,2025-07-31,Q2,0.01542208294861247
1719,momentum_60,2025-08-01,Q2,0.028245576752609414
1720,momentum_60,2025-08-04,Q2,0.05453522828685453
1721,momentum_60,2025-08-05,Q2,0.09930682140281544
1722,momentum_60,2025-08-06,Q2,0.11029759547646012
1723,momentum_60,2025-08-07,Q2,0.07295740040447063
1724,momentum_60,2025-08-08,Q2,0.06402600419062499
1725,momentum_60,2025-08-11,Q2,-0.00957623033846372
1726,momentum_60,2025-08-12,Q2,0.0065977990775837325
1727,momentum_60,2025-08-13,Q2,0.012787225061022367
1728,momentum_60,2025-08-14,Q2,0.028117357324343506
1729,momentum_60,2025-08-15,Q2,0.023276113255049857
1730,momentum_60,2025-08-18,Q2,0.06018341064261923
1731,momentum_60,2025-08-19,Q2,0.01943894025307069
1732,momentum_60,2025-08-20,Q2,-0.008240621003752502
1733,momentum_60,2025-08-21,Q2,-0.02278082162091971
1734,momentum_60,2025-08-22,Q2,-0.026459151342693776
1735,momentum_60,2025-08-25,Q2,-0.020505848242200864
1736,momentum_60,2025-08-26,Q2,-0.029745876603637422
1737,momentum_60,2025-08-27,Q2,-0.024721846878579645
1738,momentum_60,2025-08-28,Q2,-0.03335026750923803
1739,momentum_60,2025-08-29,Q2,-0.0017298226083666823
1740,momentum_60,2025-09-01,Q2,-0.003417410352220651
1741,momentum_60,2025-09-02,Q2,-0.00025414191335237923
1742,momentum_60,2025-09-03,Q2,0.01164244003517656
1743,momentum_60,2025-09-04,Q2,0.03193144593114139
1744,momentum_60,2025-09-05,Q2,0.008865239982255524
1745,momentum_60,2025-09-08,Q2,0.013764327135691534
1746,momentum_60,2025-09-09,Q2,0.02723406975456788
1747,momentum_60,2025-09-10,Q2,0.02264651053179373
1748,momentum_60,2025-09-11,Q2,-0.02799940107672083
1749,momentum_60,2025-09-12,Q2,-0.03467779896272094
1750,momentum_60,2025-09-15,Q2,-0.020009006528975082
1751,momentum_60,2025-09-16,Q2,-0.01568093985817104
1752,momentum_60,2025-09-17,Q2,-0.010896500590992841
1753,momentum_60,2025-09-18,Q2,-0.02106162508358944
1754,momentum_60,2025-09-19,Q2,-0.008539340903369275
1755,momentum_60,2025-09-22,Q2,-0.0004393773629732256
1756,momentum_60,2025-09-23,Q2,-0.00996304847442575
1757,momentum_60,2025-09-24,Q2,-0.007925695177490422
1758,momentum_60,2025-09-25,Q2,0.03252293835503384
1759,momentum_60,2025-09-26,Q2,0.021613812062262316
1760,momentum_60,2025-09-29,Q2,0.010908871856650793
1761,momentum_60,2025-09-30,Q2,0.019571089083678772
1762,momentum_60,2025-10-09,Q2,0.0010729859666614994
1763,momentum_60,2025-10-10,Q2,-0.04034439997039008
1764,momentum_60,2025-10-13,Q2,-0.019649726939792667
1765,momentum_60,2025-10-14,Q2,-0.016309993060263872
1766,momentum_60,2025-10-15,Q2,-0.015874145403125428
1767,momentum_60,2025-10-16,Q2,0.0016494643058064806
1768,momentum_60,2025-10-17,Q2,0.004244440661301141
1769,momentum_60,2025-10-20,Q2,-0.0015772855240666073
1770,momentum_60,2025-10-21,Q2,-0.005864417248284459
1771,momentum_60,2025-10-22,Q2,-0.011128272625568092
1772,momentum_60,2025-10-23,Q2,-0.0022376763415365986
1773,momentum_60,2025-10-24,Q2,-0.01745613735520052
1774,momentum_60,2025-10-27,Q2,-0.005488533396574735
1775,momentum_60,2025-10-28,Q2,0.004257037443536282
1776,momentum_60,2025-10-29,Q2,-0.007131549398100789
1777,momentum_60,2025-10-30,Q2,0.0012263072436485278
1778,momentum_60,2025-10-31,Q2,0.010680054241878623
1779,momentum_60,2025-11-03,Q2,0.013596872491173417
1780,momentum_60,2025-11-04,Q2,0.026025439089988
1781,momentum_60,2025-11-05,Q2,0.016728995026965232
1782,momentum_60,2025-11-06,Q2,0.02048732797635522
1783,momentum_60,2025-11-07,Q2,0.007281565945616353
1784,momentum_60,2025-11-10,Q2,0.0010142220314444117
1785,momentum_60,2025-11-11,Q2,-0.022986872422779858
1786,momentum_60,2025-11-12,Q2,-0.04061215447056482
1787,momentum_60,2025-11-13,Q2,-0.019089625850339575
1788,momentum_60,2025-11-14,Q2,-0.06001562859266529
1789,momentum_60,2025-11-17,Q2,-0.036399931614792935
1790,momentum_60,2025-11-18,Q2,-0.0032194424133831223
1791,momentum_60,2025-11-19,Q2,-0.004152901032570211
1792,momentum_60,2025-11-20,Q2,-0.023615527868764363
1793,momentum_60,2025-11-21,Q2,-0.0012758040617000255
1794,momentum_60,2025-11-24,Q2,0.016894447280256464
1795,momentum_60,2025-11-25,Q2,0.008339121262888938
1796,momentum_60,2025-11-26,Q2,0.006887577724679184
1797,momentum_60,2025-11-27,Q2,-0.0007543915833354564
1798,momentum_60,2025-11-28,Q2,0.0018965983284068844
1799,momentum_60,2025-12-01,Q2,-0.008328241318734386
1800,momentum_60,2025-12-02,Q2,-0.019502790268082104
1801,momentum_60,2025-12-03,Q2,-0.02312215865999201
1802,momentum_60,2025-12-04,Q2,-0.019022363904276973
1803,momentum_60,2025-12-05,Q2,-0.024718999297195177
1804,momentum_60,2025-12-08,Q2,-0.029035731860767577
1805,momentum_60,2025-12-09,Q2,-0.04811311296042925
1806,momentum_60,2025-12-10,Q2,-0.008180704346915979
1807,momentum_60,2025-12-11,Q2,-0.037412752912352076
1808,momentum_60,2025-12-12,Q2,-0.005112570438372321
1809,momentum_60,2025-12-15,Q2,0.0017491695959485631
1810,momentum_60,2025-12-16,Q2,0.01399200457169536
1811,momentum_60,2025-12-17,Q2,0.01683240380844142
1812,momentum_60,2025-12-18,Q2,0.023625931586884863
1813,momentum_60,2025-12-19,Q2,0.01555071290735699
1814,momentum_60,2025-12-22,Q2,-0.0007538659390307068
1815,momentum_60,2025-12-23,Q2,-0.005111599888836527
1816,momentum_60,2025-12-24,Q2,-0.02098130884138233
1817,momentum_60,2025-12-25,Q2,-0.006430621686078275
1818,momentum_60,2025-12-26,Q2,0.0038254939008851574
1819,momentum_60,2025-12-29,Q2,0.008134643682941145
1820,momentum_60,2025-12-30,Q2,0.018938192124893338
1821,momentum_60,2025-12-31,Q2,0.029333939308005652
1822,momentum_60,2026-01-05,Q2,0.01612284921910523
1823,momentum_60,2026-01-06,Q2,-0.02062098959594455
1824,momentum_60,2026-01-07,Q2,-0.017843569414492222
1825,momentum_60,2026-01-08,Q2,-0.008543539742161432
1826,momentum_60,2026-01-09,Q2,-0.04972001904846268
1827,momentum_60,2026-01-12,Q2,-0.04183483149026379
1828,momentum_60,2026-01-13,Q2,-0.014315235634198675
1829,momentum_60,2026-01-14,Q2,0.019734342820650008
1830,momentum_60,2026-01-15,Q2,0.028636912780986457
1831,momentum_60,2026-01-16,Q2,0.0511627405733901
1832,momentum_60,2026-01-19,Q2,0.021472758421503202
1833,momentum_60,2026-01-20,Q2,-0.004175361395781008
1834,momentum_60,2026-01-21,Q2,-0.019444337587698035
1835,momentum_60,2026-01-22,Q2,0.021496737259505738
1836,momentum_60,2026-01-23,Q2,-0.016982587678565475
1837,momentum_60,2026-01-26,Q2,-0.02842719518143716
1838,momentum_60,2026-01-27,Q2,-0.00526317797209086
1839,momentum_60,2026-01-28,Q2,0.02048090926879631
1840,momentum_60,2026-01-29,Q2,-0.023268751184877035
1841,momentum_60,2026-01-30,Q2,0.0018166608674726747
1842,momentum_60,2026-02-02,Q2,0.05038869811337987
1843,momentum_60,2026-02-03,Q2,0.025498169835103668
1844,momentum_60,2026-02-04,Q2,2.9962573138198056e-05
1845,momentum_60,2026-02-05,Q2,0.010494938958962696
1846,momentum_60,2026-02-06,Q2,0.018706522622187527
1847,momentum_60,2026-02-09,Q2,-0.01207469537219591
1848,momentum_60,2026-02-10,Q2,0.02428821576856599
1849,momentum_60,2026-02-11,Q2,-0.003700748796189035
1850,momentum_60,2026-02-12,Q2,-0.005498484435245643
1851,momentum_60,2026-02-13,Q2,-0.024909113670593397
1852,momentum_60,2026-02-24,Q2,-0.06921801728374155
1853,momentum_60,2026-02-25,Q2,-0.0647572919377028
1854,momentum_60,2026-02-26,Q2,-0.06415063986868097
1855,momentum_60,2026-02-27,Q2,-0.02664205120068125
1856,momentum_60,2026-03-02,Q2,-0.014905758883502485
1857,momentum_60,2026-03-03,Q2,0.013157911247824727
1858,momentum_60,2026-03-04,Q2,0.020417278725997523
1859,momentum_60,2026-03-05,Q2,0.022988637476745177
1860,momentum_60,2026-03-06,Q2,0.013143470323650708
1861,momentum_60,2026-03-09,Q2,0.034033927796486285
1862,momentum_60,2026-03-10,Q2,-0.0032894493993288476
1863,momentum_60,2026-03-11,Q2,0.01384488788327587
1864,momentum_60,2026-03-12,Q2,0.025926893369366932
1865,momentum_60,2026-03-13,Q2,-0.023056070344457225
1866,momentum_60,2026-03-16,Q2,-0.11184650994223883
1867,momentum_60,2026-03-17,Q2,-0.09859527360044179
1868,momentum_60,2026-03-18,Q2,-0.0756383945732429
1869,momentum_60,2026-03-19,Q2,-0.0522136238812112
1870,momentum_60,2026-03-20,Q2,0.023770025569603725
1871,momentum_60,2026-03-23,Q2,0.07117280191931286
1872,momentum_60,2026-03-24,Q2,0.01348333477813779
1873,momentum_60,2026-03-25,Q2,-0.0028140549376763913
1874,momentum_60,2026-03-26,Q2,0.07243196747526848
1875,momentum_60,2026-03-27,Q2,-0.08353177533370637
1876,momentum_60,2026-03-30,Q2,-0.061020839784088454
1877,momentum_60,2026-03-31,Q2,0.002851498470436309
1878,momentum_60,2026-04-01,Q2,-0.028232773057180638
1879,momentum_60,2026-04-02,Q2,-0.00017342725972313566
1880,momentum_60,2026-04-03,Q2,0.0420291911265005
1881,momentum_60,2026-04-07,Q2,0.06500859234705514
1882,momentum_60,2026-04-08,Q2,0.01043717718209003
1883,momentum_60,2026-04-09,Q2,0.06721404598259251
1884,momentum_60,2026-04-10,Q2,0.05632906616064104
1885,momentum_60,2026-04-13,Q2,0.06645705177597178
1886,momentum_60,2026-04-14,Q2,0.038567113589221436
1887,momentum_60,2026-04-15,Q2,0.008066443875645368
1888,momentum_60,2026-04-16,Q2,-0.008911225145747992
1889,momentum_60,2026-04-17,Q2,-0.013679422286814513
1890,momentum_60,2026-04-20,Q2,-0.014948810206728336
1891,momentum_60,2026-04-21,Q2,-0.012637652227322937
1892,momentum_60,2026-04-22,Q2,0.017279791344145923
1893,momentum_60,2026-04-23,Q2,-0.009205163533222482
1894,momentum_60,2025-04-24,Q3,-0.035310734843784664
1895,momentum_60,2025-04-25,Q3,0.0018164853472837361
1896,momentum_60,2025-04-28,Q3,0.04035874119838079
1897,momentum_60,2025-04-29,Q3,0.0063024646068639
1898,momentum_60,2025-04-30,Q3,0.022914757424061794
1899,momentum_60,2025-05-06,Q3,0.0
1900,momentum_60,2025-05-07,Q3,0.03626478530265942
1901,momentum_60,2025-05-08,Q3,-0.02102100145542729
1902,momentum_60,2025-05-09,Q3,-0.006262992319437499
1903,momentum_60,2025-05-12,Q3,-0.012209942969341414
1904,momentum_60,2025-05-13,Q3,-0.006262992319437499
1905,momentum_60,2025-05-14,Q3,-0.01452285667393427
1906,momentum_60,2025-05-15,Q3,-0.018789176055248658
1907,momentum_60,2025-05-16,Q3,-0.025210158955061512
1908,momentum_60,2025-05-19,Q3,0.004397554198603659
1909,momentum_60,2025-05-20,Q3,-0.02807014960808163
1910,momentum_60,2025-05-21,Q3,-0.010526306103030625
1911,momentum_60,2025-05-22,Q3,0.010676146619453597
1912,momentum_60,2025-05-23,Q3,0.018181800842285156
1913,momentum_60,2025-05-26,Q3,0.007194237817389482
1914,momentum_60,2025-05-27,Q3,0.014440419540959093
1915,momentum_60,2025-05-28,Q3,0.0035460959929021207
1916,momentum_60,2025-05-29,Q3,0.020942388335015272
1917,momentum_60,2025-05-30,Q3,0.012975745076594603
1918,momentum_60,2025-06-03,Q3,0.01071427567880967
1919,momentum_60,2025-06-04,Q3,0.007117431079635805
1920,momentum_60,2025-06-05,Q3,0.0008569176363717457
1921,momentum_60,2025-06-06,Q3,-0.01025640064233635
1922,momentum_60,2025-06-09,Q3,0.006831761182360729
1923,momentum_60,2025-06-10,Q3,-0.0035335656299810836
1924,momentum_60,2025-06-11,Q3,-0.021201393779886613
1925,momentum_60,2025-06-12,Q3,0.0017122862642813264
1926,momentum_60,2025-06-13,Q3,0.02245252423098676
1927,momentum_60,2025-06-16,Q3,-0.014440419540958982
1928,momentum_60,2025-06-17,Q3,-0.02127657595741339
1929,momentum_60,2025-06-18,Q3,0.025179860228397022
1930,momentum_60,2025-06-19,Q3,0.030487805587205763
1931,momentum_60,2025-06-20,Q3,0.028014560434550306
1932,momentum_60,2025-06-23,Q3,0.05213276729068683
1933,momentum_60,2025-06-24,Q3,0.03632232458374185
1934,momentum_60,2025-06-25,Q3,-0.01286556817516371
1935,momentum_60,2025-06-26,Q3,-0.0011834590659837163
1936,momentum_60,2025-06-27,Q3,-0.009478664417471583
1937,momentum_60,2025-06-30,Q3,0.020118352678250462
1938,momentum_60,2025-07-01,Q3,0.03914589700589266
1939,momentum_60,2025-07-02,Q3,0.04265410287321525
1940,momentum_60,2025-07-03,Q3,0.06990523482479793
1941,momentum_60,2025-07-04,Q3,0.0657894992011836
1942,momentum_60,2025-07-07,Q3,0.001574839217641566
1943,momentum_60,2025-07-08,Q3,-0.020249238768850986
1944,momentum_60,2025-07-09,Q3,-0.01726839225328991
1945,momentum_60,2025-07-10,Q3,-0.03379420265651756
1946,momentum_60,2025-07-11,Q3,-0.035439067850182915
1947,momentum_60,2025-07-14,Q3,-0.015723255115296708
1948,momentum_60,2025-07-15,Q3,-0.007949155967901356
1949,momentum_60,2025-07-16,Q3,-0.00798725062407779
1950,momentum_60,2025-07-17,Q3,0.03942657169118591
1951,momentum_60,2025-07-18,Q3,0.0215053561289984
1952,momentum_60,2025-07-21,Q3,0.0057273990099264704
1953,momentum_60,2025-07-22,Q3,-0.02076130761943673
1954,momentum_60,2025-07-23,Q3,0.010356749934839593
1955,momentum_60,2025-07-24,Q3,-0.04293786418773138
1956,momentum_60,2025-07-25,Q3,-0.031578918309091875
1957,momentum_60,2025-07-28,Q3,-0.01766782814990553
1958,momentum_60,2025-07-29,Q3,-0.01060069688994325
1959,momentum_60,2025-07-30,Q3,-0.010563370526912585
1960,momentum_60,2025-07-31,Q3,0.028335273146615103
1961,momentum_60,2025-08-01,Q3,0.0
1962,momentum_60,2025-08-04,Q3,0.12735860090572082
1963,momentum_60,2025-08-05,Q3,0.002096484050696734
1964,momentum_60,2025-08-06,Q3,0.0461538348677597
1965,momentum_60,2025-08-07,Q3,0.022471956014182393
1966,momentum_60,2025-08-08,Q3,-0.01038069505860606
1967,momentum_60,2025-08-11,Q3,-0.007915559813120088
1968,momentum_60,2025-08-12,Q3,-0.0034364227382496226
1969,momentum_60,2025-08-13,Q3,0.006872845476499245
1970,momentum_60,2025-08-14,Q3,0.05263161417079765
1971,momentum_60,2025-08-15,Q3,0.01670144558312403
1972,momentum_60,2025-08-18,Q3,0.03819440650167438
1973,momentum_60,2025-08-19,Q3,0.024137907220975086
1974,momentum_60,2025-08-20,Q3,-0.000828440386109297
1975,momentum_60,2025-08-21,Q3,-0.005761291935965196
1976,momentum_60,2025-08-22,Q3,0.005479446686014411
1977,momentum_60,2025-08-25,Q3,-0.03678926245651348
1978,momentum_60,2025-08-26,Q3,-0.03367008151105677
1979,momentum_60,2025-08-27,Q3,-0.031358856361689114
1980,momentum_60,2025-08-28,Q3,-0.012578604406595195
1981,momentum_60,2025-08-29,Q3,-0.029455053076400284
1982,momentum_60,2025-09-01,Q3,-0.015979859425682696
1983,momentum_60,2025-09-02,Q3,-0.019198626963669585
1984,momentum_60,2025-09-03,Q3,0.019271980967356495
1985,momentum_60,2025-09-04,Q3,0.00936972849200357
1986,momentum_60,2025-09-05,Q3,0.053110758198559926
1987,momentum_60,2025-09-08,Q3,0.03106502281059087
1988,momentum_60,2025-09-09,Q3,-0.012474000726259704
1989,momentum_60,2025-09-10,Q3,-0.0042017766390675115
1990,momentum_60,2025-09-11,Q3,0.042253566057856906
1991,momentum_60,2025-09-12,Q3,0.006968717819721082
1992,momentum_60,2025-09-15,Q3,-0.02054800672275059
1993,momentum_60,2025-09-16,Q3,-0.06000002225240075
1994,momentum_60,2025-09-17,Q3,-0.05000003178914392
1995,momentum_60,2025-09-18,Q3,0.004431345626716432
1996,momentum_60,2025-09-19,Q3,0.003460204186943594
1997,momentum_60,2025-09-22,Q3,0.006993083943600098
1998,momentum_60,2025-09-23,Q3,0.010638287978706584
1999,momentum_60,2025-09-24,Q3,0.0035087687010102453
2000,momentum_60,2025-09-25,Q3,0.028368852488815266
2001,momentum_60,2025-09-26,Q3,0.0
2002,momentum_60,2025-09-29,Q3,0.006944437545759019
2003,momentum_60,2025-09-30,Q3,-0.006858736762208939
2004,momentum_60,2025-10-09,Q3,-0.025745264806795065
2005,momentum_60,2025-10-10,Q3,-0.0344828068146934
2006,momentum_60,2025-10-13,Q3,-0.02758626189441482
2007,momentum_60,2025-10-14,Q3,-0.0034482724601393455
2008,momentum_60,2025-10-15,Q3,0.01795581747937547
2009,momentum_60,2025-10-16,Q3,0.02781638493372318
2010,momentum_60,2025-10-17,Q3,0.04829547648156485
2011,momentum_60,2025-10-20,Q3,0.03191494848171739
2012,momentum_60,2025-10-21,Q3,-0.006920490871662466
2013,momentum_60,2025-10-22,Q3,-0.02054800672275059
2014,momentum_60,2025-10-23,Q3,-0.02054800672275059
2015,momentum_60,2025-10-24,Q3,0.12466125501728964
2016,momentum_60,2025-10-27,Q3,0.17647064962899006
2017,momentum_60,2025-10-28,Q3,0.017421669940284046
2018,momentum_60,2025-10-29,Q3,0.03496508626543049
2019,momentum_60,2025-10-30,Q3,0.02797208568497278
2020,momentum_60,2025-10-31,Q3,0.027777750183035854
2021,momentum_60,2025-11-03,Q3,0.03092780464424627
2022,momentum_60,2025-11-04,Q3,0.13013694044304058
2023,momentum_60,2025-11-05,Q3,0.11486483438769124
2024,momentum_60,2025-11-06,Q3,0.1360543704638637
2025,momentum_60,2025-11-07,Q3,0.12837833483955885
2026,momentum_60,2025-11-10,Q3,0.13000003496805834
2027,momentum_60,2025-11-11,Q3,-0.008763402977246648
2028,momentum_60,2025-11-12,Q3,-0.026315812335043542
2029,momentum_60,2025-11-13,Q3,-0.032258033504347416
2030,momentum_60,2025-11-14,Q3,-0.05476673231802154
2031,momentum_60,2025-11-17,Q3,-0.07382554508474626
2032,momentum_60,2025-11-18,Q3,-0.04928126832812274
2033,momentum_60,2025-11-19,Q3,-0.031185051382921936
2034,momentum_60,2025-11-20,Q3,0.001004039040515492
2035,momentum_60,2025-11-21,Q3,0.04421053434673117
2036,momentum_60,2025-11-24,Q3,0.0020704407949891923
2037,momentum_60,2025-11-25,Q3,0.0032154311255849777
2038,momentum_60,2025-11-26,Q3,-0.03451778065181754
2039,momentum_60,2025-11-27,Q3,-0.01639342724524051
2040,momentum_60,2025-11-28,Q3,0.012845861256028712
2041,momentum_60,2025-12-01,Q3,0.014648493706773902
2042,momentum_60,2025-12-02,Q3,0.014836852353948382
2043,momentum_60,2025-12-03,Q3,0.023880573787393722
2044,momentum_60,2025-12-04,Q3,0.022000026702880815
2045,momentum_60,2025-12-05,Q3,0.003902435302734375
2046,momentum_60,2025-12-08,Q3,-0.03368627236809074
2047,momentum_60,2025-12-09,Q3,0.004374386327698154
2048,momentum_60,2025-12-10,Q3,-0.04731188441221412
2049,momentum_60,2025-12-11,Q3,0.02374674234663776
2050,momentum_60,2025-12-12,Q3,-0.024070050193108594
2051,momentum_60,2025-12-15,Q3,0.00553711984644889
2052,momentum_60,2025-12-16,Q3,0.008988755857864295
2053,momentum_60,2025-12-17,Q3,0.006993083943600098
2054,momentum_60,2025-12-18,Q3,0.014557683090511198
2055,momentum_60,2025-12-19,Q3,-0.0034364227382496226
2056,momentum_60,2025-12-22,Q3,-0.016519781915267928
2057,momentum_60,2025-12-23,Q3,-0.013363016890443835
2058,momentum_60,2025-12-24,Q3,-0.01126517459884313
2059,momentum_60,2025-12-25,Q3,-0.002207555942311812
2060,momentum_60,2025-12-26,Q3,0.0033185545462151023
2061,momentum_60,2025-12-29,Q3,0.00111973962662959
2062,momentum_60,2025-12-30,Q3,0.022573450416414564
2063,momentum_60,2025-12-31,Q3,0.020100483728542784
2064,momentum_60,2026-01-05,Q3,0.022471996799083183
2065,momentum_60,2026-01-06,Q3,-0.01874311819337282
2066,momentum_60,2026-01-07,Q3,-0.019015562706809486
2067,momentum_60,2026-01-08,Q3,-0.03642393621371731
2068,momentum_60,2026-01-09,Q3,-0.013303861767558045
2069,momentum_60,2026-01-12,Q3,-0.027685493620467794
2070,momentum_60,2026-01-13,Q3,-0.005964256174353699
2071,momentum_60,2026-01-14,Q3,0.009920672839941913
2072,momentum_60,2026-01-15,Q3,0.0049504193239715555
2073,momentum_60,2026-01-16,Q3,0.02259327459149385
2074,momentum_60,2026-01-19,Q3,0.009852254702272356
2075,momentum_60,2026-01-20,Q3,-0.007999992370605447
2076,momentum_60,2026-01-21,Q3,-0.005893950669745407
2077,momentum_60,2026-01-22,Q3,-0.010837405006048129
2078,momentum_60,2026-01-23,Q3,-0.07684920292614039
2079,momentum_60,2026-01-26,Q3,-0.0946341723930545
2080,momentum_60,2026-01-27,Q3,-0.04737905881190252
2081,momentum_60,2026-01-28,Q3,-0.0592884816779089
2082,momentum_60,2026-01-29,Q3,-0.06573703684459942
2083,momentum_60,2026-01-30,Q3,-0.0166493083380016
2084,momentum_60,2026-02-02,Q3,0.06178489427854328
2085,momentum_60,2026-02-03,Q3,0.036158156048697876
2086,momentum_60,2026-02-04,Q3,0.008743161425279311
2087,momentum_60,2026-02-05,Q3,-0.009857628856492329
2088,momentum_60,2026-02-06,Q3,-0.002207555942311812
2089,momentum_60,2026-02-09,Q3,-0.022629315106643455
2090,momentum_60,2026-02-10,Q3,0.008724091934619427
2091,momentum_60,2026-02-11,Q3,-0.03466952445229332
2092,momentum_60,2026-02-12,Q3,-0.01659287822602229
2093,momentum_60,2026-02-13,Q3,-0.047566405640519394
2094,momentum_60,2026-02-24,Q3,-0.07828005094114099
2095,momentum_60,2026-02-25,Q3,-0.07820646382342444
2096,momentum_60,2026-02-26,Q3,-0.00551973013560858
2097,momentum_60,2026-02-27,Q3,-0.007339442798700024
2098,momentum_60,2026-03-02,Q3,-0.008294944647338265
2099,momentum_60,2026-03-03,Q3,0.025698379979019137
2100,momentum_60,2026-03-04,Q3,0.05090495492054936
2101,momentum_60,2026-03-05,Q3,-0.008528776410449246
2102,momentum_60,2026-03-06,Q3,-0.012711852848854677
2103,momentum_60,2026-03-09,Q3,0.0021504842665789337
2104,momentum_60,2026-03-10,Q3,0.006423925584814638
2105,momentum_60,2026-03-11,Q3,-0.008565302184057044
2106,momentum_60,2026-03-12,Q3,-0.03225808436366906
2107,momentum_60,2026-03-13,Q3,-0.014638594962924523
2108,momentum_60,2026-03-16,Q3,-0.06880738108901074
2109,momentum_60,2026-03-17,Q3,-0.013599240449833405
2110,momentum_60,2026-03-18,Q3,-0.0018248592786550555
2111,momentum_60,2026-03-19,Q3,0.005514656738169199
2112,momentum_60,2026-03-20,Q3,0.023212626682832305
2113,momentum_60,2026-03-23,Q3,0.15564206449714413
2114,momentum_60,2026-03-24,Q3,0.018382335217044687
2115,momentum_60,2026-03-25,Q3,0.0191956166546412
2116,momentum_60,2026-03-26,Q3,-0.01436465322663838
2117,momentum_60,2026-03-27,Q3,0.04074070116783601
2118,momentum_60,2026-03-30,Q3,-0.032902547487040246
2119,momentum_60,2026-03-31,Q3,0.0
2120,momentum_60,2026-04-01,Q3,-0.025641056991266398
2121,momentum_60,2026-04-02,Q3,-0.0011903899597163203
2122,momentum_60,2026-04-03,Q3,0.029484000122314002
2123,momentum_60,2026-04-07,Q3,0.02916169357735665
2124,momentum_60,2026-04-08,Q3,-0.03259601024417169
2125,momentum_60,2026-04-09,Q3,-0.014598526172921567
2126,momentum_60,2026-04-10,Q3,-0.010948894629691175
2127,momentum_60,2026-04-13,Q3,-0.007299263086460783
2128,momentum_60,2026-04-14,Q3,-0.010989000432297447
2129,momentum_60,2026-04-15,Q3,0.11161737194939625
2130,momentum_60,2026-04-16,Q3,0.002383731021569302
2131,momentum_60,2026-04-17,Q3,-0.0009082859831013312
2132,momentum_60,2026-04-20,Q3,0.004744953784695527
2133,momentum_60,2026-04-21,Q3,-0.011947363101873054
2134,momentum_60,2026-04-22,Q3,-0.041567740890541494
2135,momentum_60,2026-04-23,Q3,-0.04042808070829085
2136,momentum_60,2025-04-24,Q4,-0.005252150461880267
2137,momentum_60,2025-04-25,Q4,-0.006461711635269041
2138,momentum_60,2025-04-28,Q4,0.006761332228780947
2139,momentum_60,2025-04-29,Q4,0.02826919084620072
2140,momentum_60,2025-04-30,Q4,0.03534704208671968
2141,momentum_60,2025-05-06,Q4,0.03665367040557965
2142,momentum_60,2025-05-07,Q4,-0.0038174102940095045
2143,momentum_60,2025-05-08,Q4,0.038414486891411026
2144,momentum_60,2025-05-09,Q4,0.024859364610130497
2145,momentum_60,2025-05-12,Q4,0.03221773471584288
2146,momentum_60,2025-05-13,Q4,0.02234987346429973
2147,momentum_60,2025-05-14,Q4,0.010490834004910576
2148,momentum_60,2025-05-15,Q4,0.013586923343458679
2149,momentum_60,2025-05-16,Q4,-0.004213966016570148
2150,momentum_60,2025-05-19,Q4,-0.02454655224768515
2151,momentum_60,2025-05-20,Q4,0.027511155354745576
2152,momentum_60,2025-05-21,Q4,0.025881425161896843
2153,momentum_60,2025-05-22,Q4,-0.00036251672503606613
2154,momentum_60,2025-05-23,Q4,0.024290550641630104
2155,momentum_60,2025-05-26,Q4,0.029620126715125705
2156,momentum_60,2025-05-27,Q4,0.01698098407715798
2157,momentum_60,2025-05-28,Q4,0.01079926170659884
2158,momentum_60,2025-05-29,Q4,0.005269302374596885
2159,momentum_60,2025-05-30,Q4,0.007767151632060654
2160,momentum_60,2025-06-03,Q4,0.0051928912491464585
2161,momentum_60,2025-06-04,Q4,0.018226480259062372
2162,momentum_60,2025-06-05,Q4,0.010140830397427636
2163,momentum_60,2025-06-06,Q4,-0.025080972150601955
2164,momentum_60,2025-06-09,Q4,-0.019855818674435255
2165,momentum_60,2025-06-10,Q4,-0.0013826269253350287
2166,momentum_60,2025-06-11,Q4,-0.026804086807606653
2167,momentum_60,2025-06-12,Q4,-0.04043336722296814
2168,momentum_60,2025-06-13,Q4,-0.023259132616636813
2169,momentum_60,2025-06-16,Q4,-0.007019129703655369
2170,momentum_60,2025-06-17,Q4,0.006051396744068016
2171,momentum_60,2025-06-18,Q4,0.01773461147289923
2172,momentum_60,2025-06-19,Q4,0.028945653448987807
2173,momentum_60,2025-06-20,Q4,0.00627793746366806
2174,momentum_60,2025-06-23,Q4,-0.003318233079818711
2175,momentum_60,2025-06-24,Q4,-0.02652389685680967
2176,momentum_60,2025-06-25,Q4,0.010505151168894944
2177,momentum_60,2025-06-26,Q4,0.009202521409502507
2178,momentum_60,2025-06-27,Q4,0.024347976933324245
2179,momentum_60,2025-06-30,Q4,0.03837233208351276
2180,momentum_60,2025-07-01,Q4,0.028443549660136958
2181,momentum_60,2025-07-02,Q4,0.03369383138515858
2182,momentum_60,2025-07-03,Q4,0.04431751041843801
2183,momentum_60,2025-07-04,Q4,0.026690041371168927
2184,momentum_60,2025-07-07,Q4,0.018845631630506454
2185,momentum_60,2025-07-08,Q4,-0.008400010070478359
2186,momentum_60,2025-07-09,Q4,-0.005693501366452414
2187,momentum_60,2025-07-10,Q4,-0.01997308675830267
2188,momentum_60,2025-07-11,Q4,-0.016291562062406284
2189,momentum_60,2025-07-14,Q4,-0.009607920791420421
2190,momentum_60,2025-07-15,Q4,0.013197233722451518
2191,momentum_60,2025-07-16,Q4,0.007485574557386909
2192,momentum_60,2025-07-17,Q4,-0.0009106421715985302
2193,momentum_60,2025-07-18,Q4,0.019005227347255627
2194,momentum_60,2025-07-21,Q4,-0.0010895966015293523
2195,momentum_60,2025-07-22,Q4,-0.01249184805056669
2196,momentum_60,2025-07-23,Q4,0.00013766733996500857
2197,momentum_60,2025-07-24,Q4,-0.05743323486296814
2198,momentum_60,2025-07-25,Q4,-0.029857683713542305
2199,momentum_60,2025-07-28,Q4,-0.023265622824732157
2200,momentum_60,2025-07-29,Q4,-0.013341689505956489
2201,momentum_60,2025-07-30,Q4,-0.012087817846501814
2202,momentum_60,2025-07-31,Q4,0.005725741861653644
2203,momentum_60,2025-08-01,Q4,0.0412146972158437
2204,momentum_60,2025-08-04,Q4,0.05409942658650346
2205,momentum_60,2025-08-05,Q4,0.13178715838134147
2206,momentum_60,2025-08-06,Q4,0.08928253678278547
2207,momentum_60,2025-08-07,Q4,0.0849982113590505
2208,momentum_60,2025-08-08,Q4,0.06561791939755862
2209,momentum_60,2025-08-11,Q4,0.058903475884462486
2210,momentum_60,2025-08-12,Q4,0.015860772662041334
2211,momentum_60,2025-08-13,Q4,0.009074889996246616
2212,momentum_60,2025-08-14,Q4,0.013356993275661755
2213,momentum_60,2025-08-15,Q4,-0.002874160575499496
2214,momentum_60,2025-08-18,Q4,-0.008711402293533677
2215,momentum_60,2025-08-19,Q4,-0.02254951001111316
2216,momentum_60,2025-08-20,Q4,-0.05190559744337103
2217,momentum_60,2025-08-21,Q4,-0.03226990821030773
2218,momentum_60,2025-08-22,Q4,-0.020548852033717924
2219,momentum_60,2025-08-25,Q4,-0.046931273379066996
2220,momentum_60,2025-08-26,Q4,-0.023417267275626652
2221,momentum_60,2025-08-27,Q4,0.003809144528549413
2222,momentum_60,2025-08-28,Q4,-0.02617407869265348
2223,momentum_60,2025-08-29,Q4,-0.014246052682487353
2224,momentum_60,2025-09-01,Q4,0.024761670606296138
2225,momentum_60,2025-09-02,Q4,0.014851277882973468
2226,momentum_60,2025-09-03,Q4,0.04109543325328002
2227,momentum_60,2025-09-04,Q4,0.023280367333959773
2228,momentum_60,2025-09-05,Q4,0.00899085562328178
2229,momentum_60,2025-09-08,Q4,-0.0024671144330582484
2230,momentum_60,2025-09-09,Q4,0.020811794594642108
2231,momentum_60,2025-09-10,Q4,0.025286310596734474
2232,momentum_60,2025-09-11,Q4,-0.005482919881845405
2233,momentum_60,2025-09-12,Q4,0.0012567205650170221
2234,momentum_60,2025-09-15,Q4,-0.006026727728854653
2235,momentum_60,2025-09-16,Q4,-0.03557898379613483
2236,momentum_60,2025-09-17,Q4,-0.028205652915879675
2237,momentum_60,2025-09-18,Q4,-0.028566655280881537
2238,momentum_60,2025-09-19,Q4,-0.01832872209942238
2239,momentum_60,2025-09-22,Q4,-0.009691183696755867
2240,momentum_60,2025-09-23,Q4,0.029168451838925025
2241,momentum_60,2025-09-24,Q4,-0.004202043073504025
2242,momentum_60,2025-09-25,Q4,0.02170982988551501
2243,momentum_60,2025-09-26,Q4,0.024297023847346666
2244,momentum_60,2025-09-29,Q4,0.017945855743278172
2245,momentum_60,2025-09-30,Q4,-0.022575977062425978
2246,momentum_60,2025-10-09,Q4,0.021664660828749516
2247,momentum_60,2025-10-10,Q4,-0.0071766871773529806
2248,momentum_60,2025-10-13,Q4,-0.010559635161847714
2249,momentum_60,2025-10-14,Q4,0.019125518994253632
2250,momentum_60,2025-10-15,Q4,0.04856506516637349
2251,momentum_60,2025-10-16,Q4,0.07267859609836502
2252,momentum_60,2025-10-17,Q4,0.048082585650348064
2253,momentum_60,2025-10-20,Q4,0.025852647264471007
2254,momentum_60,2025-10-21,Q4,0.052701009947112576
2255,momentum_60,2025-10-22,Q4,0.08587933011194737
2256,momentum_60,2025-10-23,Q4,0.0627465061341611
2257,momentum_60,2025-10-24,Q4,0.03568213508035595
2258,momentum_60,2025-10-27,Q4,0.03383081286547429
2259,momentum_60,2025-10-28,Q4,0.08435932016038672
2260,momentum_60,2025-10-29,Q4,0.04392802508486471
2261,momentum_60,2025-10-30,Q4,0.03582818614930733
2262,momentum_60,2025-10-31,Q4,0.07074998704627966
2263,momentum_60,2025-11-03,Q4,0.07186700304404481
2264,momentum_60,2025-11-04,Q4,0.05306558887389978
2265,momentum_60,2025-11-05,Q4,0.04297312438895262
2266,momentum_60,2025-11-06,Q4,0.016207857566943984
2267,momentum_60,2025-11-07,Q4,0.010414112430509381
2268,momentum_60,2025-11-10,Q4,0.02382596110863766
2269,momentum_60,2025-11-11,Q4,0.026323290812799105
2270,momentum_60,2025-11-12,Q4,-0.018788708523446995
2271,momentum_60,2025-11-13,Q4,-0.050133244930281595
2272,momentum_60,2025-11-14,Q4,-0.0993813364207003
2273,momentum_60,2025-11-17,Q4,-0.11073952116164043
2274,momentum_60,2025-11-18,Q4,-0.07248198766430103
2275,momentum_60,2025-11-19,Q4,-0.06745011030972059
2276,momentum_60,2025-11-20,Q4,-0.05138523204269624
2277,momentum_60,2025-11-21,Q4,0.02320193392884562
2278,momentum_60,2025-11-24,Q4,0.01826796652389251
2279,momentum_60,2025-11-25,Q4,-0.014624739681115717
2280,momentum_60,2025-11-26,Q4,0.004831644816750191
2281,momentum_60,2025-11-27,Q4,-0.03702212143526745
2282,momentum_60,2025-11-28,Q4,-0.03747714706573557
2283,momentum_60,2025-12-01,Q4,-0.02356038581827724
2284,momentum_60,2025-12-02,Q4,-0.04333086742804476
2285,momentum_60,2025-12-03,Q4,-0.01784661090354328
2286,momentum_60,2025-12-04,Q4,-0.029500913606357537
2287,momentum_60,2025-12-05,Q4,-0.051149963540346455
2288,momentum_60,2025-12-08,Q4,-0.04160753466783246
2289,momentum_60,2025-12-09,Q4,-0.03684881017277969
2290,momentum_60,2025-12-10,Q4,-0.04558861644104095
2291,momentum_60,2025-12-11,Q4,-0.016775804374074
2292,momentum_60,2025-12-12,Q4,0.015178956265788579
2293,momentum_60,2025-12-15,Q4,0.0004344147994342906
2294,momentum_60,2025-12-16,Q4,0.003484358909860541
2295,momentum_60,2025-12-17,Q4,0.004922994898041044
2296,momentum_60,2025-12-18,Q4,0.0035566195237793363
2297,momentum_60,2025-12-19,Q4,-0.010530675239569243
2298,momentum_60,2025-12-22,Q4,-0.0034185247209346237
2299,momentum_60,2025-12-23,Q4,-0.005208495580945605
2300,momentum_60,2025-12-24,Q4,-0.004095997011227537
2301,momentum_60,2025-12-25,Q4,-0.00949175979158029
2302,momentum_60,2025-12-26,Q4,0.048736034157813024
2303,momentum_60,2025-12-29,Q4,0.029501844983539804
2304,momentum_60,2025-12-30,Q4,0.03990314770625958
2305,momentum_60,2025-12-31,Q4,0.045345340840694304
2306,momentum_60,2026-01-05,Q4,0.060635728435285974
2307,momentum_60,2026-01-06,Q4,-0.009672750034464217
2308,momentum_60,2026-01-07,Q4,-0.014249740652209963
2309,momentum_60,2026-01-08,Q4,-0.010905434385852342
2310,momentum_60,2026-01-09,Q4,-0.03925265096595232
2311,momentum_60,2026-01-12,Q4,-0.025569554424262897
2312,momentum_60,2026-01-13,Q4,-0.01461969875707958
2313,momentum_60,2026-01-14,Q4,-0.011648039463560467
2314,momentum_60,2026-01-15,Q4,0.0005257892845572654
2315,momentum_60,2026-01-16,Q4,0.02027696781120497
2316,momentum_60,2026-01-19,Q4,0.016348367154675025
2317,momentum_60,2026-01-20,Q4,0.004555733020252084
2318,momentum_60,2026-01-21,Q4,0.009656161607349112
2319,momentum_60,2026-01-22,Q4,0.008103514876718731
2320,momentum_60,2026-01-23,Q4,-0.013648758694087437
2321,momentum_60,2026-01-26,Q4,-0.02704600494232179
2322,momentum_60,2026-01-27,Q4,-0.014268599136082305
2323,momentum_60,2026-01-28,Q4,0.016702942887404704
2324,momentum_60,2026-01-29,Q4,0.0038075219259604
2325,momentum_60,2026-01-30,Q4,0.010156983775560513
2326,momentum_60,2026-02-02,Q4,0.043300818439940936
2327,momentum_60,2026-02-03,Q4,0.02773001372746786
2328,momentum_60,2026-02-04,Q4,0.006654293017686053
2329,momentum_60,2026-02-05,Q4,0.004647460339162135
2330,momentum_60,2026-02-06,Q4,-0.015769395304658873
2331,momentum_60,2026-02-09,Q4,-0.012128688442429703
2332,momentum_60,2026-02-10,Q4,-0.0057412985512403925
2333,momentum_60,2026-02-11,Q4,-0.009033415301657466
2334,momentum_60,2026-02-12,Q4,0.0006072329941949062
2335,momentum_60,2026-02-13,Q4,-0.002749746415285914
2336,momentum_60,2026-02-24,Q4,-0.027777527884451647
2337,momentum_60,2026-02-25,Q4,-0.08579531287826958
2338,momentum_60,2026-02-26,Q4,-0.05047053687750819
2339,momentum_60,2026-02-27,Q4,-0.03527855626462073
2340,momentum_60,2026-03-02,Q4,-0.022884464346478783
2341,momentum_60,2026-03-03,Q4,0.003751778577134768
2342,momentum_60,2026-03-04,Q4,0.022537680205191313
2343,momentum_60,2026-03-05,Q4,0.009473116107404533
2344,momentum_60,2026-03-06,Q4,0.015322105497716065
2345,momentum_60,2026-03-09,Q4,0.010871359727499863
2346,momentum_60,2026-03-10,Q4,0.0067393082892563405
2347,momentum_60,2026-03-11,Q4,-0.0053771541646700505
2348,momentum_60,2026-03-12,Q4,-0.018206149331559895
2349,momentum_60,2026-03-13,Q4,-0.07279627385698784
2350,momentum_60,2026-03-16,Q4,-0.08295362707968934
2351,momentum_60,2026-03-17,Q4,-0.05599507525657088
2352,momentum_60,2026-03-18,Q4,-0.04201998322963485
2353,momentum_60,2026-03-19,Q4,-0.044990363975877856
2354,momentum_60,2026-03-20,Q4,-0.0177502820611935
2355,momentum_60,2026-03-23,Q4,0.04985211902467945
2356,momentum_60,2026-03-24,Q4,0.1124137871141404
2357,momentum_60,2026-03-25,Q4,0.09266909759689601
2358,momentum_60,2026-03-26,Q4,0.001193377307569965
2359,momentum_60,2026-03-27,Q4,-0.022207008146965912
2360,momentum_60,2026-03-30,Q4,-0.014699999913263706
2361,momentum_60,2026-03-31,Q4,0.008564894031558135
2362,momentum_60,2026-04-01,Q4,-0.010019915181808836
2363,momentum_60,2026-04-02,Q4,-0.003491438302857919
2364,momentum_60,2026-04-03,Q4,0.019590877477430546
2365,momentum_60,2026-04-07,Q4,0.004521528140989828
2366,momentum_60,2026-04-08,Q4,-0.030165895454637937
2367,momentum_60,2026-04-09,Q4,0.0013438387692455978
2368,momentum_60,2026-04-10,Q4,0.0035445140353149718
2369,momentum_60,2026-04-13,Q4,0.00253166643666497
2370,momentum_60,2026-04-14,Q4,-0.009931865021601483
2371,momentum_60,2026-04-15,Q4,-0.003640208777764886
2372,momentum_60,2026-04-16,Q4,0.01296359530907687
2373,momentum_60,2026-04-17,Q4,-0.012942912328319123
2374,momentum_60,2026-04-20,Q4,0.0045327405506006
2375,momentum_60,2026-04-21,Q4,-0.038039615690251216
2376,momentum_60,2026-04-22,Q4,-0.02529895779148994
2377,momentum_60,2026-04-23,Q4,-0.02694424074123397
2378,momentum_60,2025-04-24,Q5,0.005117078523658669
2379,momentum_60,2025-04-25,Q5,-0.013525148376493046
2380,momentum_60,2025-04-28,Q5,0.04990758310470522
2381,momentum_60,2025-04-29,Q5,0.027257913461860905
2382,momentum_60,2025-04-30,Q5,0.0606401412690859
2383,momentum_60,2025-05-06,Q5,0.03098235606879396
2384,momentum_60,2025-05-07,Q5,0.01874411466081144
2385,momentum_60,2025-05-08,Q5,-4.217349918400615e-06
2386,momentum_60,2025-05-09,Q5,0.016684842270211386
2387,momentum_60,2025-05-12,Q5,-0.0001266055635519847
2388,momentum_60,2025-05-13,Q5,0.00954047281969378
2389,momentum_60,2025-05-14,Q5,0.022614558083363268
2390,momentum_60,2025-05-15,Q5,0.04617214316625423
2391,momentum_60,2025-05-16,Q5,0.023434023067483933
2392,momentum_60,2025-05-19,Q5,-0.0025612649387049546
2393,momentum_60,2025-05-20,Q5,0.008177158953461439
2394,momentum_60,2025-05-21,Q5,-0.0031539964005444787
2395,momentum_60,2025-05-22,Q5,-0.0004060362694876529
2396,momentum_60,2025-05-23,Q5,0.011938626174043676
2397,momentum_60,2025-05-26,Q5,0.019338012716754782
2398,momentum_60,2025-05-27,Q5,0.004875337516237477
2399,momentum_60,2025-05-28,Q5,0.015276164528216785
2400,momentum_60,2025-05-29,Q5,0.015144805791687033
2401,momentum_60,2025-05-30,Q5,0.023699395166970616
2402,momentum_60,2025-06-03,Q5,0.001821949707943804
2403,momentum_60,2025-06-04,Q5,0.002732861146222343
2404,momentum_60,2025-06-05,Q5,0.0010430919097288993
2405,momentum_60,2025-06-06,Q5,-0.015384345808284683
2406,momentum_60,2025-06-09,Q5,-0.03176156234811833
2407,momentum_60,2025-06-10,Q5,-0.015127429779939638
2408,momentum_60,2025-06-11,Q5,-0.04440999172370591
2409,momentum_60,2025-06-12,Q5,-0.07131883570670444
2410,momentum_60,2025-06-13,Q5,-0.03047967291769932
2411,momentum_60,2025-06-16,Q5,-0.018043126305404333
2412,momentum_60,2025-06-17,Q5,-0.009032471460175218
2413,momentum_60,2025-06-18,Q5,0.006121715779139059
2414,momentum_60,2025-06-19,Q5,0.039613396569299075
2415,momentum_60,2025-06-20,Q5,0.022477829168865537
2416,momentum_60,2025-06-23,Q5,-0.003164714410148095
2417,momentum_60,2025-06-24,Q5,-0.0011381910500225523
2418,momentum_60,2025-06-25,Q5,-0.004002086101679514
2419,momentum_60,2025-06-26,Q5,-0.016071482438353324
2420,momentum_60,2025-06-27,Q5,-0.020860506419707714
2421,momentum_60,2025-06-30,Q5,-0.024404079626608732
2422,momentum_60,2025-07-01,Q5,-0.030476657884584646
2423,momentum_60,2025-07-02,Q5,-0.04289403810982734
2424,momentum_60,2025-07-03,Q5,-0.03381379909905857
2425,momentum_60,2025-07-04,Q5,-0.018880944246144837
2426,momentum_60,2025-07-07,Q5,-0.007478065256327271
2427,momentum_60,2025-07-08,Q5,-0.01902836543218467
2428,momentum_60,2025-07-09,Q5,-0.014038132122104252
2429,momentum_60,2025-07-10,Q5,-0.024483224518363766
2430,momentum_60,2025-07-11,Q5,-0.010237033123340566
2431,momentum_60,2025-07-14,Q5,-0.007941354941248813
2432,momentum_60,2025-07-15,Q5,0.0013184496730954676
2433,momentum_60,2025-07-16,Q5,-0.007867477597613193
2434,momentum_60,2025-07-17,Q5,0.03685860942671826
2435,momentum_60,2025-07-18,Q5,0.0009932347189237634
2436,momentum_60,2025-07-21,Q5,0.024769075889800762
2437,momentum_60,2025-07-22,Q5,0.0073731245828638214
2438,momentum_60,2025-07-23,Q5,0.011871833148835498
2439,momentum_60,2025-07-24,Q5,-0.0009823284072673633
2440,momentum_60,2025-07-25,Q5,0.001029083372355577
2441,momentum_60,2025-07-28,Q5,-0.010171863043955676
2442,momentum_60,2025-07-29,Q5,0.0014672270145495436
2443,momentum_60,2025-07-30,Q5,-0.003933148961303645
2444,momentum_60,2025-07-31,Q5,0.009262504754387335
2445,momentum_60,2025-08-01,Q5,0.001600095237274557
2446,momentum_60,2025-08-04,Q5,-0.004319650201332403
2447,momentum_60,2025-08-05,Q5,-0.002331239606879476
2448,momentum_60,2025-08-06,Q5,-0.0069268006995286124
2449,momentum_60,2025-08-07,Q5,-0.01907685689883798
2450,momentum_60,2025-08-08,Q5,-0.007390513521167763
2451,momentum_60,2025-08-11,Q5,0.042230656755407714
2452,momentum_60,2025-08-12,Q5,-0.00970615749969983
2453,momentum_60,2025-08-13,Q5,0.010522749837628076
2454,momentum_60,2025-08-14,Q5,-0.007029576548057304
2455,momentum_60,2025-08-15,Q5,-0.012756822389593692
2456,momentum_60,2025-08-18,Q5,-0.019147848868173334
2457,momentum_60,2025-08-19,Q5,-0.017486196968054923
2458,momentum_60,2025-08-20,Q5,-0.048101145132195766
2459,momentum_60,2025-08-21,Q5,-0.024713611393279822
2460,momentum_60,2025-08-22,Q5,-0.004954062854830632
2461,momentum_60,2025-08-25,Q5,-0.013667835196922551
2462,momentum_60,2025-08-26,Q5,-0.012552338611827307
2463,momentum_60,2025-08-27,Q5,0.007472951738944855
2464,momentum_60,2025-08-28,Q5,0.023279711486345
2465,momentum_60,2025-08-29,Q5,0.04594615097349575
2466,momentum_60,2025-09-01,Q5,0.07388765257930807
2467,momentum_60,2025-09-02,Q5,0.08174441885633621
2468,momentum_60,2025-09-03,Q5,0.07865800258332722
2469,momentum_60,2025-09-04,Q5,0.07623465531059304
2470,momentum_60,2025-09-05,Q5,0.05308164504398116
2471,momentum_60,2025-09-08,Q5,-0.021697502308905492
2472,momentum_60,2025-09-09,Q5,-0.006450731562988088
2473,momentum_60,2025-09-10,Q5,0.02086738221516876
2474,momentum_60,2025-09-11,Q5,-0.012991189864667185
2475,momentum_60,2025-09-12,Q5,-0.02259328463887994
2476,momentum_60,2025-09-15,Q5,-0.0026688831966190096
2477,momentum_60,2025-09-16,Q5,0.029674543857732494
2478,momentum_60,2025-09-17,Q5,0.10573892969154297
2479,momentum_60,2025-09-18,Q5,0.17737992154592264
2480,momentum_60,2025-09-19,Q5,0.15930811762832786
2481,momentum_60,2025-09-22,Q5,0.17891640601041936
2482,momentum_60,2025-09-23,Q5,0.21576244130946598
2483,momentum_60,2025-09-24,Q5,0.12806567106795175
2484,momentum_60,2025-09-25,Q5,0.1462162998000932
2485,momentum_60,2025-09-26,Q5,0.19888031493358438
2486,momentum_60,2025-09-29,Q5,0.2124747053739569
2487,momentum_60,2025-09-30,Q5,0.06850220894179676
2488,momentum_60,2025-10-09,Q5,-0.006117545236717203
2489,momentum_60,2025-10-10,Q5,-0.04299271125322224
2490,momentum_60,2025-10-13,Q5,-0.08558333475753416
2491,momentum_60,2025-10-14,Q5,-0.04168292249417399
2492,momentum_60,2025-10-15,Q5,-0.00849116000585759
2493,momentum_60,2025-10-16,Q5,0.09827042429973887
2494,momentum_60,2025-10-17,Q5,0.08139979469462755
2495,momentum_60,2025-10-20,Q5,0.05462582633745494
2496,momentum_60,2025-10-21,Q5,-0.021905311609709432
2497,momentum_60,2025-10-22,Q5,0.0190251251453582
2498,momentum_60,2025-10-23,Q5,-0.06716285548885226
2499,momentum_60,2025-10-24,Q5,-0.02609941012151573
2500,momentum_60,2025-10-27,Q5,-0.021188347766827653
2501,momentum_60,2025-10-28,Q5,-0.06237713880625484
2502,momentum_60,2025-10-29,Q5,-0.06746841151995114
2503,momentum_60,2025-10-30,Q5,-0.051123438107953056
2504,momentum_60,2025-10-31,Q5,-0.06446524769750622
2505,momentum_60,2025-11-03,Q5,-0.04788854157208261
2506,momentum_60,2025-11-04,Q5,-0.011075528249068656
2507,momentum_60,2025-11-05,Q5,-0.028398622242395144
2508,momentum_60,2025-11-06,Q5,0.011268286413491924
2509,momentum_60,2025-11-07,Q5,-0.018035189367561877
2510,momentum_60,2025-11-10,Q5,-0.007827405744135874
2511,momentum_60,2025-11-11,Q5,-0.027042492882275615
2512,momentum_60,2025-11-12,Q5,-0.018792475573785328
2513,momentum_60,2025-11-13,Q5,-0.0041426113258782316
2514,momentum_60,2025-11-14,Q5,-0.06144315113976567
2515,momentum_60,2025-11-17,Q5,-0.07584388967179623
2516,momentum_60,2025-11-18,Q5,-0.04608670196948883
2517,momentum_60,2025-11-19,Q5,-0.006678930068490241
2518,momentum_60,2025-11-20,Q5,-0.022350513418423368
2519,momentum_60,2025-11-21,Q5,0.04428573120805546
2520,momentum_60,2025-11-24,Q5,0.0792870719185168
2521,momentum_60,2025-11-25,Q5,0.04575012291977637
2522,momentum_60,2025-11-26,Q5,-0.0027643308891143192
2523,momentum_60,2025-11-27,Q5,-0.020829602447417328
2524,momentum_60,2025-11-28,Q5,-0.038237707778248364
2525,momentum_60,2025-12-01,Q5,-0.05562468926222702
2526,momentum_60,2025-12-02,Q5,-0.025248933994758582
2527,momentum_60,2025-12-03,Q5,0.012892797075119311
2528,momentum_60,2025-12-04,Q5,0.003629980014907108
2529,momentum_60,2025-12-05,Q5,0.026186456246759915
2530,momentum_60,2025-12-08,Q5,0.0678575446397981
2531,momentum_60,2025-12-09,Q5,0.04847679721805742
2532,momentum_60,2025-12-10,Q5,0.021449787557755284
2533,momentum_60,2025-12-11,Q5,0.047371160482686026
2534,momentum_60,2025-12-12,Q5,0.04538349185034396
2535,momentum_60,2025-12-15,Q5,0.004853988246602381
2536,momentum_60,2025-12-16,Q5,0.01707263979607715
2537,momentum_60,2025-12-17,Q5,0.033139155181076685
2538,momentum_60,2025-12-18,Q5,0.030357390461085543
2539,momentum_60,2025-12-19,Q5,0.005642003638879456
2540,momentum_60,2025-12-22,Q5,-0.016394677311943218
2541,momentum_60,2025-12-23,Q5,-0.006423571037970033
2542,momentum_60,2025-12-24,Q5,-0.014247238559775666
2543,momentum_60,2025-12-25,Q5,-0.019091232258096058
2544,momentum_60,2025-12-26,Q5,-0.00653477841246064
2545,momentum_60,2025-12-29,Q5,0.005141555629556371
2546,momentum_60,2025-12-30,Q5,0.026278416665203364
2547,momentum_60,2025-12-31,Q5,0.034533759067776226
2548,momentum_60,2026-01-05,Q5,0.014321361663159893
2549,momentum_60,2026-01-06,Q5,-0.004921867404480584
2550,momentum_60,2026-01-07,Q5,0.007470238953611763
2551,momentum_60,2026-01-08,Q5,-0.041481359031302345
2552,momentum_60,2026-01-09,Q5,-0.04748842434617706
2553,momentum_60,2026-01-12,Q5,-0.034364986042011714
2554,momentum_60,2026-01-13,Q5,-0.023514139898214714
2555,momentum_60,2026-01-14,Q5,0.000983981960833713
2556,momentum_60,2026-01-15,Q5,0.03600032149426802
2557,momentum_60,2026-01-16,Q5,0.04384205810805619
2558,momentum_60,2026-01-19,Q5,0.030676536450572334
2559,momentum_60,2026-01-20,Q5,0.03186746153549758
2560,momentum_60,2026-01-21,Q5,0.0030859041585064584
2561,momentum_60,2026-01-22,Q5,-0.033509688857585984
2562,momentum_60,2026-01-23,Q5,-0.045730157637623725
2563,momentum_60,2026-01-26,Q5,-0.07928000180679035
2564,momentum_60,2026-01-27,Q5,-0.05551984890902023
2565,momentum_60,2026-01-28,Q5,-0.02843770193840167
2566,momentum_60,2026-01-29,Q5,-0.01714089019930909
2567,momentum_60,2026-01-30,Q5,0.02545659056387739
2568,momentum_60,2026-02-02,Q5,0.08537282690171522
2569,momentum_60,2026-02-03,Q5,0.06124630447618984
2570,momentum_60,2026-02-04,Q5,0.04351192781207558
2571,momentum_60,2026-02-05,Q5,0.04016212620062509
2572,momentum_60,2026-02-06,Q5,0.018622848860009145
2573,momentum_60,2026-02-09,Q5,0.01100802621961644
2574,momentum_60,2026-02-10,Q5,0.06882386352716585
2575,momentum_60,2026-02-11,Q5,0.0698976630539051
2576,momentum_60,2026-02-12,Q5,0.09582703641085422
2577,momentum_60,2026-02-13,Q5,0.08567440348737232
2578,momentum_60,2026-02-24,Q5,0.008801855845889939
2579,momentum_60,2026-02-25,Q5,-0.016405386301156955
2580,momentum_60,2026-02-26,Q5,-0.019777951568025032
2581,momentum_60,2026-02-27,Q5,-0.03173541575805955
2582,momentum_60,2026-03-02,Q5,-0.019127773433368134
2583,momentum_60,2026-03-03,Q5,0.06223258508473872
2584,momentum_60,2026-03-04,Q5,0.05394213807435444
2585,momentum_60,2026-03-05,Q5,0.041459136745291225
2586,momentum_60,2026-03-06,Q5,0.01892428182108219
2587,momentum_60,2026-03-09,Q5,0.029679924944255698
2588,momentum_60,2026-03-10,Q5,0.01224415788088351
2589,momentum_60,2026-03-11,Q5,0.006965553771276001
2590,momentum_60,2026-03-12,Q5,-0.015639725637852542
2591,momentum_60,2026-03-13,Q5,-0.02080155333774031
2592,momentum_60,2026-03-16,Q5,-0.0765599987905693
2593,momentum_60,2026-03-17,Q5,-0.0624563297315201
2594,momentum_60,2026-03-18,Q5,-0.06806337760870695
2595,momentum_60,2026-03-19,Q5,-0.04967379843398878
2596,momentum_60,2026-03-20,Q5,-0.028916353493482372
2597,momentum_60,2026-03-23,Q5,0.018264822286715
2598,momentum_60,2026-03-24,Q5,-0.03249099449154974
2599,momentum_60,2026-03-25,Q5,-0.01954746312243738
2600,momentum_60,2026-03-26,Q5,-0.024997696961642724
2601,momentum_60,2026-03-27,Q5,-0.05378009775023457
2602,momentum_60,2026-03-30,Q5,-0.07281143669246393
2603,momentum_60,2026-03-31,Q5,-0.06771045449989921
2604,momentum_60,2026-04-01,Q5,-0.0699794932709476
2605,momentum_60,2026-04-02,Q5,-0.02942887021244789
2606,momentum_60,2026-04-03,Q5,0.025943841530364664
2607,momentum_60,2026-04-07,Q5,0.06017370235808739
2608,momentum_60,2026-04-08,Q5,0.02446804949405257
2609,momentum_60,2026-04-09,Q5,0.02323625984461286
2610,momentum_60,2026-04-10,Q5,0.0011649128755192306
2611,momentum_60,2026-04-13,Q5,0.01804285888711643
2612,momentum_60,2026-04-14,Q5,0.01274600717479668
2613,momentum_60,2026-04-15,Q5,0.019030799793264164
2614,momentum_60,2026-04-16,Q5,-0.00807447370608727
2615,momentum_60,2026-04-17,Q5,0.025762335232500044
2616,momentum_60,2026-04-20,Q5,-0.014465720114105185
2617,momentum_60,2026-04-21,Q5,0.0037972137265185335
2618,momentum_60,2026-04-22,Q5,-0.0034143049997268915
2619,momentum_60,2026-04-23,Q5,0.06585713052804387
2620,volatility_20,2025-02-26,Q1,-0.017928317316702413
2621,volatility_20,2025-02-27,Q1,-0.008016024787124265
2622,volatility_20,2025-02-28,Q1,0.012142267698620035
2623,volatility_20,2025-03-03,Q1,0.006950471078646325
2624,volatility_20,2025-03-04,Q1,0.008688047420232214
2625,volatility_20,2025-03-05,Q1,0.016295071744772516
2626,volatility_20,2025-03-06,Q1,0.018056752887406713
2627,volatility_20,2025-03-07,Q1,0.008113582808481956
2628,volatility_20,2025-03-10,Q1,0.018292713656964832
2629,volatility_20,2025-03-11,Q1,0.014198818275611647
2630,volatility_20,2025-03-12,Q1,0.018329970546806962
2631,volatility_20,2025-03-13,Q1,0.018292713656964832
2632,volatility_20,2025-03-14,Q1,0.016096660748576852
2633,volatility_20,2025-03-17,Q1,-0.005988065556445155
2634,volatility_20,2025-03-18,Q1,0.01400003433227548
2635,volatility_20,2025-03-19,Q1,0.01400003433227548
2636,volatility_20,2025-03-20,Q1,0.0039920119786056585
2637,volatility_20,2025-03-21,Q1,-0.00990102749433508
2638,volatility_20,2025-03-24,Q1,-0.010040198904289532
2639,volatility_20,2025-03-25,Q1,-0.01972394045047099
2640,volatility_20,2025-03-26,Q1,-0.015779171170520412
2641,volatility_20,2025-03-27,Q1,0.0
2642,volatility_20,2025-03-28,Q1,-0.08400001525878908
2643,volatility_20,2025-03-31,Q1,-0.0344826785752802
2644,volatility_20,2025-04-01,Q1,-0.03621727081233583
2645,volatility_20,2025-04-02,Q1,-0.034068057566001286
2646,volatility_20,2025-04-03,Q1,-0.04174950882456796
2647,volatility_20,2025-04-07,Q1,0.021495373832762787
2648,volatility_20,2025-04-08,Q1,0.012014798346353439
2649,volatility_20,2025-04-09,Q1,0.018518500530834592
2650,volatility_20,2025-04-10,Q1,0.014678973090459513
2651,volatility_20,2025-04-11,Q1,0.026629931378362448
2652,volatility_20,2025-04-14,Q1,0.008234231479872234
2653,volatility_20,2025-04-15,Q1,0.008219192160326738
2654,volatility_20,2025-04-16,Q1,0.0009091117165305196
2655,volatility_20,2025-04-17,Q1,-0.002712539376788503
2656,volatility_20,2025-04-18,Q1,-0.015205730917130955
2657,volatility_20,2025-04-21,Q1,-0.0018149234966302608
2658,volatility_20,2025-04-22,Q1,-0.005434820636233795
2659,volatility_20,2025-04-23,Q1,-0.009082686593175682
2660,volatility_20,2025-04-24,Q1,-0.0063463006816739664
2661,volatility_20,2025-04-25,Q1,0.0018164853472837361
2662,volatility_20,2025-04-28,Q1,0.0072727203369140625
2663,volatility_20,2025-04-29,Q1,0.015482703404495757
2664,volatility_20,2025-04-30,Q1,0.022914757424061794
2665,volatility_20,2025-05-06,Q1,0.030109481985170605
2666,volatility_20,2025-05-07,Q1,0.03626478530265942
2667,volatility_20,2025-05-08,Q1,0.027978377414375366
2668,volatility_20,2025-05-09,Q1,0.020627847872604743
2669,volatility_20,2025-05-12,Q1,-0.004166662527455345
2670,volatility_20,2025-05-13,Q1,-0.006262992319437499
2671,volatility_20,2025-05-14,Q1,-0.01452285667393427
2672,volatility_20,2025-05-15,Q1,-0.018789176055248658
2673,volatility_20,2025-05-16,Q1,-0.025210158955061512
2674,volatility_20,2025-05-19,Q1,-0.027196675467537346
2675,volatility_20,2025-05-20,Q1,-0.0231092706355277
2676,volatility_20,2025-05-21,Q1,-0.023157922845137735
2677,volatility_20,2025-05-22,Q1,-0.007792220874601075
2678,volatility_20,2025-05-23,Q1,0.008726036748416544
2679,volatility_20,2025-05-26,Q1,0.03415064279485702
2680,volatility_20,2025-05-27,Q1,0.030461304477090057
2681,volatility_20,2025-05-28,Q1,0.012142267698620035
2682,volatility_20,2025-05-29,Q1,0.020942388335015272
2683,volatility_20,2025-05-30,Q1,0.012975745076594603
2684,volatility_20,2025-06-03,Q1,0.0
2685,volatility_20,2025-06-04,Q1,0.004282651092028633
2686,volatility_20,2025-06-05,Q1,-0.0021458696077492068
2687,volatility_20,2025-06-06,Q1,-0.02765949848497673
2688,volatility_20,2025-06-09,Q1,-0.02132194102612306
2689,volatility_20,2025-06-10,Q1,-0.014989329875327972
2690,volatility_20,2025-06-11,Q1,-0.019786927099583962
2691,volatility_20,2025-06-12,Q1,-0.02918587565903874
2692,volatility_20,2025-06-13,Q1,-0.023291940067493244
2693,volatility_20,2025-06-16,Q1,-0.008714588349299945
2694,volatility_20,2025-06-17,Q1,0.0
2695,volatility_20,2025-06-18,Q1,0.013129089830587137
2696,volatility_20,2025-06-19,Q1,0.010964954246114766
2697,volatility_20,2025-06-20,Q1,0.010964954246114766
2698,volatility_20,2025-06-23,Q1,0.015384547668098714
2699,volatility_20,2025-06-24,Q1,0.010869606906841245
2700,volatility_20,2025-06-25,Q1,0.036717078205617426
2701,volatility_20,2025-06-26,Q1,0.03253798069916325
2702,volatility_20,2025-06-27,Q1,0.03253798069916325
2703,volatility_20,2025-06-30,Q1,0.02813855360630302
2704,volatility_20,2025-07-01,Q1,0.043010710787809936
2705,volatility_20,2025-07-02,Q1,0.004166662527455456
2706,volatility_20,2025-07-03,Q1,0.03781508816878909
2707,volatility_20,2025-07-04,Q1,0.0252100587791928
2708,volatility_20,2025-07-07,Q1,0.027368445145456333
2709,volatility_20,2025-07-08,Q1,-0.014432927051680422
2710,volatility_20,2025-07-09,Q1,-0.010373483185505572
2711,volatility_20,2025-07-10,Q1,-0.024475502031601426
2712,volatility_20,2025-07-11,Q1,-0.024475502031601426
2713,volatility_20,2025-07-14,Q1,-0.003484317373521062
2714,volatility_20,2025-07-15,Q1,0.03584234566968614
2715,volatility_20,2025-07-16,Q1,0.035971274849026624
2716,volatility_20,2025-07-17,Q1,0.03942657169118591
2717,volatility_20,2025-07-18,Q1,0.0215053561289984
2718,volatility_20,2025-07-21,Q1,0.008310307667627637
2719,volatility_20,2025-07-22,Q1,0.008415139104699154
2720,volatility_20,2025-07-23,Q1,0.01416429255567353
2721,volatility_20,2025-07-24,Q1,-0.044827624195111215
2722,volatility_20,2025-07-25,Q1,0.007726235273969317
2723,volatility_20,2025-07-28,Q1,-0.03750003818422498
2724,volatility_20,2025-07-29,Q1,-0.015772930451572353
2725,volatility_20,2025-07-30,Q1,0.004807726107171506
2726,volatility_20,2025-07-31,Q1,0.03084416589722494
2727,volatility_20,2025-08-01,Q1,0.05853660616779166
2728,volatility_20,2025-08-04,Q1,0.10064941197307165
2729,volatility_20,2025-08-05,Q1,0.19551287047726817
2730,volatility_20,2025-08-06,Q1,0.18500795070827047
2731,volatility_20,2025-08-07,Q1,0.12440944467994286
2732,volatility_20,2025-08-08,Q1,-0.02580642779585396
2733,volatility_20,2025-08-11,Q1,-0.017886200294088384
2734,volatility_20,2025-08-12,Q1,-0.021897770134632788
2735,volatility_20,2025-08-13,Q1,-0.015497596289600235
2736,volatility_20,2025-08-14,Q1,-0.004098376353816935
2737,volatility_20,2025-08-15,Q1,-0.0016555880973233572
2738,volatility_20,2025-08-18,Q1,0.030629129792706822
2739,volatility_20,2025-08-19,Q1,0.024875557763047063
2740,volatility_20,2025-08-20,Q1,-0.000828440386109297
2741,volatility_20,2025-08-21,Q1,-0.005761291935965196
2742,volatility_20,2025-08-22,Q1,-0.0008292063460934029
2743,volatility_20,2025-08-25,Q1,-0.02464063416406137
2744,volatility_20,2025-08-26,Q1,-0.028747406524738284
2745,volatility_20,2025-08-27,Q1,-0.025052168374686046
2746,volatility_20,2025-08-28,Q1,-0.012578604406595195
2747,volatility_20,2025-08-29,Q1,0.01052635594418172
2748,volatility_20,2025-09-01,Q1,0.01052635594418172
2749,volatility_20,2025-09-02,Q1,0.01691330304090033
2750,volatility_20,2025-09-03,Q1,0.019271980967356495
2751,volatility_20,2025-09-04,Q1,0.012738841251293653
2752,volatility_20,2025-09-05,Q1,-0.004166662527455345
2753,volatility_20,2025-09-08,Q1,-0.010416705989173769
2754,volatility_20,2025-09-09,Q1,-0.012474000726259704
2755,volatility_20,2025-09-10,Q1,-0.0042017766390675115
2756,volatility_20,2025-09-11,Q1,-0.018867956592823587
2757,volatility_20,2025-09-12,Q1,-0.012552388490189026
2758,volatility_20,2025-09-15,Q1,-0.016842089201274724
2759,volatility_20,2025-09-16,Q1,-0.02105261150159332
2760,volatility_20,2025-09-17,Q1,-0.006329057894472134
2761,volatility_20,2025-09-18,Q1,0.0021368011215048277
2762,volatility_20,2025-09-19,Q1,-0.012711852848854677
2763,volatility_20,2025-09-22,Q1,0.0
2764,volatility_20,2025-09-23,Q1,-0.004301071078780971
2765,volatility_20,2025-09-24,Q1,-0.005235638692580702
2766,volatility_20,2025-09-25,Q1,0.0026316392674909928
2767,volatility_20,2025-09-26,Q1,0.0
2768,volatility_20,2025-09-29,Q1,0.017590132918044565
2769,volatility_20,2025-09-30,Q1,0.005290958124783751
2770,volatility_20,2025-10-09,Q1,0.012280732281358064
2771,volatility_20,2025-10-10,Q1,-0.0026247319199040886
2772,volatility_20,2025-10-13,Q1,0.0017544261783273285
2773,volatility_20,2025-10-14,Q1,-0.01210020685748725
2774,volatility_20,2025-10-15,Q1,-0.014799190566406883
2775,volatility_20,2025-10-16,Q1,0.006423925584814638
2776,volatility_20,2025-10-17,Q1,0.0021597736063738715
2777,volatility_20,2025-10-20,Q1,0.0
2778,volatility_20,2025-10-21,Q1,0.008583683082144411
2779,volatility_20,2025-10-22,Q1,0.03218886272082888
2780,volatility_20,2025-10-23,Q1,0.012766047245027501
2781,volatility_20,2025-10-24,Q1,-0.02076130761943673
2782,volatility_20,2025-10-27,Q1,-0.007812512935035265
2783,volatility_20,2025-10-28,Q1,0.01046206475722844
2784,volatility_20,2025-10-29,Q1,0.011413530335592004
2785,volatility_20,2025-10-30,Q1,0.011423560029314217
2786,volatility_20,2025-10-31,Q1,0.020318065557528797
2787,volatility_20,2025-11-03,Q1,0.01749779561900544
2788,volatility_20,2025-11-04,Q1,0.006902495483418258
2789,volatility_20,2025-11-05,Q1,0.006430938913094986
2790,volatility_20,2025-11-06,Q1,0.016181291949422194
2791,volatility_20,2025-11-07,Q1,0.014563131891232706
2792,volatility_20,2025-11-10,Q1,0.0
2793,volatility_20,2025-11-11,Q1,-0.023885364706382584
2794,volatility_20,2025-11-12,Q1,-0.03194892632424373
2795,volatility_20,2025-11-13,Q1,-0.01273891685835693
2796,volatility_20,2025-11-14,Q1,-0.005106418690782877
2797,volatility_20,2025-11-17,Q1,-0.03514381133946143
2798,volatility_20,2025-11-18,Q1,0.01811907121503209
2799,volatility_20,2025-11-19,Q1,-0.028052818135171687
2800,volatility_20,2025-11-20,Q1,-0.011814374583622556
2801,volatility_20,2025-11-21,Q1,-0.0068434496644722564
2802,volatility_20,2025-11-24,Q1,0.007758551375337985
2803,volatility_20,2025-11-25,Q1,-0.013559308883548837
2804,volatility_20,2025-11-26,Q1,-0.01197599612264888
2805,volatility_20,2025-11-27,Q1,-0.018787383972000526
2806,volatility_20,2025-11-28,Q1,-0.006890605174139197
2807,volatility_20,2025-12-01,Q1,-0.014542269351737191
2808,volatility_20,2025-12-02,Q1,-0.018041239858505587
2809,volatility_20,2025-12-03,Q1,-0.019047641852446673
2810,volatility_20,2025-12-04,Q1,-0.010443854477762415
2811,volatility_20,2025-12-05,Q1,-0.015611392512589473
2812,volatility_20,2025-12-08,Q1,-0.0008680753892762461
2813,volatility_20,2025-12-09,Q1,0.004374386327698154
2814,volatility_20,2025-12-10,Q1,0.017652233946327867
2815,volatility_20,2025-12-11,Q1,0.02374674234663776
2816,volatility_20,2025-12-12,Q1,0.023788501763415182
2817,volatility_20,2025-12-15,Q1,0.0008688295988685812
2818,volatility_20,2025-12-16,Q1,0.006968717819721082
2819,volatility_20,2025-12-17,Q1,0.0008673225597082279
2820,volatility_20,2025-12-18,Q1,-0.006872845476499134
2821,volatility_20,2025-12-19,Q1,-0.006884675085537251
2822,volatility_20,2025-12-22,Q1,0.0034722187728795095
2823,volatility_20,2025-12-23,Q1,-0.006920490871662466
2824,volatility_20,2025-12-24,Q1,-0.01126517459884313
2825,volatility_20,2025-12-25,Q1,-0.00519034752930303
2826,volatility_20,2025-12-26,Q1,0.011265174598843242
2827,volatility_20,2025-12-29,Q1,0.006920408373887188
2828,volatility_20,2025-12-30,Q1,0.002613300334650015
2829,volatility_20,2025-12-31,Q1,0.004382137721606005
2830,volatility_20,2026-01-05,Q1,-0.001739170240319332
2831,volatility_20,2026-01-06,Q1,-0.017137944126616622
2832,volatility_20,2026-01-07,Q1,-0.024055041098527963
2833,volatility_20,2026-01-08,Q1,-0.01737617769661559
2834,volatility_20,2026-01-09,Q1,-0.023560249290132562
2835,volatility_20,2026-01-12,Q1,-0.031358856361689114
2836,volatility_20,2026-01-13,Q1,-0.027027062981664796
2837,volatility_20,2026-01-14,Q1,-0.025528166427590482
2838,volatility_20,2026-01-15,Q1,-0.021220222448109727
2839,volatility_20,2026-01-16,Q1,-0.01787308460813064
2840,volatility_20,2026-01-19,Q1,-0.014388475634778741
2841,volatility_20,2026-01-20,Q1,-0.019713285845592954
2842,volatility_20,2026-01-21,Q1,-0.02077683365645122
2843,volatility_20,2026-01-22,Q1,-0.009936735294462262
2844,volatility_20,2026-01-23,Q1,-0.014558676136881332
2845,volatility_20,2026-01-26,Q1,-0.009124122365115728
2846,volatility_20,2026-01-27,Q1,-0.009140715871207239
2847,volatility_20,2026-01-28,Q1,0.011992630314666686
2848,volatility_20,2026-01-29,Q1,0.011861324269018647
2849,volatility_20,2026-01-30,Q1,0.020313967551121026
2850,volatility_20,2026-02-02,Q1,0.01933702069850929
2851,volatility_20,2026-02-03,Q1,0.02029522730000033
2852,volatility_20,2026-02-04,Q1,0.009115717899840448
2853,volatility_20,2026-02-05,Q1,-0.011722282475404855
2854,volatility_20,2026-02-06,Q1,-0.012669714109158181
2855,volatility_20,2026-02-09,Q1,-0.014453464482651945
2856,volatility_20,2026-02-10,Q1,-0.018083250935932993
2857,volatility_20,2026-02-11,Q1,-0.018066830603314932
2858,volatility_20,2026-02-12,Q1,-0.005474490821885447
2859,volatility_20,2026-02-13,Q1,-0.005499492830571828
2860,volatility_20,2026-02-24,Q1,-0.002749746415285914
2861,volatility_20,2026-02-25,Q1,-0.013812120006656436
2862,volatility_20,2026-02-26,Q1,-0.00551973013560858
2863,volatility_20,2026-02-27,Q1,-0.007339442798700024
2864,volatility_20,2026-03-02,Q1,-0.008294944647338265
2865,volatility_20,2026-03-03,Q1,-0.006433795412493448
2866,volatility_20,2026-03-04,Q1,0.016806751123683794
2867,volatility_20,2026-03-05,Q1,0.012025823840921879
2868,volatility_20,2026-03-06,Q1,0.01016641529150708
2869,volatility_20,2026-03-09,Q1,0.01486987397850048
2870,volatility_20,2026-03-10,Q1,0.020351462055011815
2871,volatility_20,2026-03-11,Q1,0.006427887292688617
2872,volatility_20,2026-03-12,Q1,-0.005484412088092694
2873,volatility_20,2026-03-13,Q1,-0.014638594962924523
2874,volatility_20,2026-03-16,Q1,-0.043040317192774125
2875,volatility_20,2026-03-17,Q1,-0.013599240449833405
2876,volatility_20,2026-03-18,Q1,-0.0018248592786550555
2877,volatility_20,2026-03-19,Q1,0.005514656738169199
2878,volatility_20,2026-03-20,Q1,0.023212626682832305
2879,volatility_20,2026-03-23,Q1,0.05167463844107001
2880,volatility_20,2026-03-24,Q1,0.018382335217044687
2881,volatility_20,2026-03-25,Q1,0.0191956166546412
2882,volatility_20,2026-03-26,Q1,0.030164615177143306
2883,volatility_20,2026-03-27,Q1,0.009074357862205007
2884,volatility_20,2026-03-30,Q1,0.0036396690342204163
2885,volatility_20,2026-03-31,Q1,0.012635410134184122
2886,volatility_20,2026-04-01,Q1,-0.004484236661089436
2887,volatility_20,2026-04-02,Q1,-0.015971632463580132
2888,volatility_20,2026-04-03,Q1,-0.0044964200763882856
2889,volatility_20,2026-04-07,Q1,0.012692687825210047
2890,volatility_20,2026-04-08,Q1,-0.0008912859753865687
2891,volatility_20,2026-04-09,Q1,-0.0009009214899244888
2892,volatility_20,2026-04-10,Q1,-0.007213699062698975
2893,volatility_20,2026-04-13,Q1,-0.0009032769180828959
2894,volatility_20,2026-04-14,Q1,-0.008057309934929924
2895,volatility_20,2026-04-15,Q1,-0.020517439351290467
2896,volatility_20,2026-04-16,Q1,-0.008115432944055367
2897,volatility_20,2026-04-17,Q1,-0.0009082859831013312
2898,volatility_20,2026-04-20,Q1,0.028933063533763237
2899,volatility_20,2026-04-21,Q1,-0.11037527082612508
2900,volatility_20,2026-04-22,Q1,0.04918041330057843
2901,volatility_20,2026-04-23,Q1,0.044545433738014895
2902,volatility_20,2025-02-26,Q2,-0.002359230929115219
2903,volatility_20,2025-02-27,Q2,-0.00419218945076355
2904,volatility_20,2025-02-28,Q2,0.007392461543530127
2905,volatility_20,2025-03-03,Q2,-0.0076554104608306806
2906,volatility_20,2025-03-04,Q2,0.0005858613123629342
2907,volatility_20,2025-03-05,Q2,0.010792120104129721
2908,volatility_20,2025-03-06,Q2,-0.0012317310652079083
2909,volatility_20,2025-03-07,Q2,0.01128362128121796
2910,volatility_20,2025-03-10,Q2,0.01497375059580014
2911,volatility_20,2025-03-11,Q2,0.0019186724138489097
2912,volatility_20,2025-03-12,Q2,-0.015089519242164007
2913,volatility_20,2025-03-13,Q2,-0.014780421324286308
2914,volatility_20,2025-03-14,Q2,-0.032254843107967945
2915,volatility_20,2025-03-17,Q2,-0.017993189007339816
2916,volatility_20,2025-03-18,Q2,-0.010294164728373134
2917,volatility_20,2025-03-19,Q2,-0.009024471930646483
2918,volatility_20,2025-03-20,Q2,-0.006688031537692374
2919,volatility_20,2025-03-21,Q2,-0.010693899504351623
2920,volatility_20,2025-03-24,Q2,-0.02195897447455325
2921,volatility_20,2025-03-25,Q2,-0.025822629707850375
2922,volatility_20,2025-03-26,Q2,-0.017518291949023546
2923,volatility_20,2025-03-27,Q2,-0.017022910838871363
2924,volatility_20,2025-03-28,Q2,-0.0863266689231938
2925,volatility_20,2025-03-31,Q2,-0.05652954656363518
2926,volatility_20,2025-04-01,Q2,-0.05569291497592804
2927,volatility_20,2025-04-02,Q2,-0.04932696209112225
2928,volatility_20,2025-04-03,Q2,-0.044291143832215996
2929,volatility_20,2025-04-07,Q2,0.062475236193836214
2930,volatility_20,2025-04-08,Q2,0.020273071684059674
2931,volatility_20,2025-04-09,Q2,0.0006712514423232174
2932,volatility_20,2025-04-10,Q2,0.0010373186398903167
2933,volatility_20,2025-04-11,Q2,0.016242939375138543
2934,volatility_20,2025-04-14,Q2,0.007153718537787845
2935,volatility_20,2025-04-15,Q2,0.013590848600991134
2936,volatility_20,2025-04-16,Q2,0.001091221454003144
2937,volatility_20,2025-04-17,Q2,-0.01040371703976889
2938,volatility_20,2025-04-18,Q2,-0.01778384090833629
2939,volatility_20,2025-04-21,Q2,-0.026447939738675375
2940,volatility_20,2025-04-22,Q2,-0.03199006959233247
2941,volatility_20,2025-04-23,Q2,-0.024637612243116225
2942,volatility_20,2025-04-24,Q2,-0.019734367542935616
2943,volatility_20,2025-04-25,Q2,-0.0075262989640683675
2944,volatility_20,2025-04-28,Q2,0.00678530817257772
2945,volatility_20,2025-04-29,Q2,0.000948608718757793
2946,volatility_20,2025-04-30,Q2,0.009266013279312757
2947,volatility_20,2025-05-06,Q2,0.0021962086488627186
2948,volatility_20,2025-05-07,Q2,-0.0038174102940095045
2949,volatility_20,2025-05-08,Q2,-0.0028954243087193077
2950,volatility_20,2025-05-09,Q2,-0.0012634583239062858
2951,volatility_20,2025-05-12,Q2,0.0057589897843449145
2952,volatility_20,2025-05-13,Q2,-0.0014021832439142234
2953,volatility_20,2025-05-14,Q2,-0.0072467429844014775
2954,volatility_20,2025-05-15,Q2,-0.0018128178285689578
2955,volatility_20,2025-05-16,Q2,-0.0068247891883918554
2956,volatility_20,2025-05-19,Q2,-0.010301228159931397
2957,volatility_20,2025-05-20,Q2,-0.0037223136137467527
2958,volatility_20,2025-05-21,Q2,-0.0037394804464096487
2959,volatility_20,2025-05-22,Q2,0.0011850520671641829
2960,volatility_20,2025-05-23,Q2,0.006142080843302922
2961,volatility_20,2025-05-26,Q2,-0.0037707533839974605
2962,volatility_20,2025-05-27,Q2,-0.0015976046527341192
2963,volatility_20,2025-05-28,Q2,-0.0008388387772002015
2964,volatility_20,2025-05-29,Q2,-0.006396608029090867
2965,volatility_20,2025-05-30,Q2,-0.001506022690411557
2966,volatility_20,2025-06-03,Q2,0.0036702909465644584
2967,volatility_20,2025-06-04,Q2,-0.0033541065441930473
2968,volatility_20,2025-06-05,Q2,0.002100766554416489
2969,volatility_20,2025-06-06,Q2,-0.017249401057838232
2970,volatility_20,2025-06-09,Q2,-0.0003605329104856003
2971,volatility_20,2025-06-10,Q2,-0.007419865387219449
2972,volatility_20,2025-06-11,Q2,-0.016168688714017054
2973,volatility_20,2025-06-12,Q2,-0.008821292431522354
2974,volatility_20,2025-06-13,Q2,0.010132145211095067
2975,volatility_20,2025-06-16,Q2,-0.01537174609948494
2976,volatility_20,2025-06-17,Q2,-0.006554670778123772
2977,volatility_20,2025-06-18,Q2,0.011543038866081268
2978,volatility_20,2025-06-19,Q2,0.035879832856201
2979,volatility_20,2025-06-20,Q2,0.02315180607186762
2980,volatility_20,2025-06-23,Q2,0.016201407475299412
2981,volatility_20,2025-06-24,Q2,0.01550711970219143
2982,volatility_20,2025-06-25,Q2,0.0162226540585666
2983,volatility_20,2025-06-26,Q2,0.009074440749381685
2984,volatility_20,2025-06-27,Q2,0.003912378073519629
2985,volatility_20,2025-06-30,Q2,0.016748719527595934
2986,volatility_20,2025-07-01,Q2,0.02912535250333348
2987,volatility_20,2025-07-02,Q2,0.015666836322971944
2988,volatility_20,2025-07-03,Q2,0.03393410454594059
2989,volatility_20,2025-07-04,Q2,0.03923320923867024
2990,volatility_20,2025-07-07,Q2,0.0160178713750474
2991,volatility_20,2025-07-08,Q2,-0.007477528496176
2992,volatility_20,2025-07-09,Q2,-0.010751639915067002
2993,volatility_20,2025-07-10,Q2,-0.03554030900996319
2994,volatility_20,2025-07-11,Q2,-0.009275950063172667
2995,volatility_20,2025-07-14,Q2,0.013483437320466862
2996,volatility_20,2025-07-15,Q2,0.04317176330943584
2997,volatility_20,2025-07-16,Q2,0.034207693130425265
2998,volatility_20,2025-07-17,Q2,0.04226162346879969
2999,volatility_20,2025-07-18,Q2,0.028657815644909546
3000,volatility_20,2025-07-21,Q2,0.009149193501466313
3001,volatility_20,2025-07-22,Q2,0.002997259455253032
3002,volatility_20,2025-07-23,Q2,0.0065235219166889236
3003,volatility_20,2025-07-24,Q2,-0.02328991926324897
3004,volatility_20,2025-07-25,Q2,-0.044550545530218644
3005,volatility_20,2025-07-28,Q2,-0.03681624961072599
3006,volatility_20,2025-07-29,Q2,-0.03173207653155574
3007,volatility_20,2025-07-30,Q2,-0.024684652386316175
3008,volatility_20,2025-07-31,Q2,0.0030606417828974997
3009,volatility_20,2025-08-01,Q2,0.02026485175644044
3010,volatility_20,2025-08-04,Q2,0.02265878449491765
3011,volatility_20,2025-08-05,Q2,0.022925127691695413
3012,volatility_20,2025-08-06,Q2,0.01889249392732384
3013,volatility_20,2025-08-07,Q2,0.08044840512371343
3014,volatility_20,2025-08-08,Q2,0.08376360233431579
3015,volatility_20,2025-08-11,Q2,0.011347094321721762
3016,volatility_20,2025-08-12,Q2,0.010615111905312502
3017,volatility_20,2025-08-13,Q2,0.0283475540797109
3018,volatility_20,2025-08-14,Q2,0.041428809318693305
3019,volatility_20,2025-08-15,Q2,0.021381059938852864
3020,volatility_20,2025-08-18,Q2,0.06986642228253792
3021,volatility_20,2025-08-19,Q2,0.04677660257516392
3022,volatility_20,2025-08-20,Q2,0.013462093872604775
3023,volatility_20,2025-08-21,Q2,0.003736173324340508
3024,volatility_20,2025-08-22,Q2,0.005210172329531193
3025,volatility_20,2025-08-25,Q2,-0.014669312242397592
3026,volatility_20,2025-08-26,Q2,0.0003181626363830681
3027,volatility_20,2025-08-27,Q2,0.006235576552339472
3028,volatility_20,2025-08-28,Q2,0.0023292848483886797
3029,volatility_20,2025-08-29,Q2,0.011817260909507077
3030,volatility_20,2025-09-01,Q2,0.06644538052016263
3031,volatility_20,2025-09-02,Q2,0.05835201508035409
3032,volatility_20,2025-09-03,Q2,0.061627364464361234
3033,volatility_20,2025-09-04,Q2,0.0666725696646111
3034,volatility_20,2025-09-05,Q2,0.008865239982255524
3035,volatility_20,2025-09-08,Q2,0.013764327135691534
3036,volatility_20,2025-09-09,Q2,0.02723406975456788
3037,volatility_20,2025-09-10,Q2,0.02264651053179373
3038,volatility_20,2025-09-11,Q2,0.0025613602486194154
3039,volatility_20,2025-09-12,Q2,-0.008034431687919896
3040,volatility_20,2025-09-15,Q2,-0.021861965289713015
3041,volatility_20,2025-09-16,Q2,-0.04565928991866086
3042,volatility_20,2025-09-17,Q2,-0.03994673884928995
3043,volatility_20,2025-09-18,Q2,-0.022568247774734984
3044,volatility_20,2025-09-19,Q2,-0.016189003624952625
3045,volatility_20,2025-09-22,Q2,0.010198893166962597
3046,volatility_20,2025-09-23,Q2,0.018921582547608007
3047,volatility_20,2025-09-24,Q2,0.02410391302037418
3048,volatility_20,2025-09-25,Q2,0.03252293835503384
3049,volatility_20,2025-09-26,Q2,0.021613812062262316
3050,volatility_20,2025-09-29,Q2,0.04385712758565474
3051,volatility_20,2025-09-30,Q2,0.01725073212150241
3052,volatility_20,2025-10-09,Q2,0.05145634110149777
3053,volatility_20,2025-10-10,Q2,-0.02573396424154245
3054,volatility_20,2025-10-13,Q2,-0.015939051717743513
3055,volatility_20,2025-10-14,Q2,-0.008080062654497011
3056,volatility_20,2025-10-15,Q2,0.00871146733947692
3057,volatility_20,2025-10-16,Q2,0.01780767916033632
3058,volatility_20,2025-10-17,Q2,0.03116531747062512
3059,volatility_20,2025-10-20,Q2,0.020335774626219938
3060,volatility_20,2025-10-21,Q2,-0.0017104658739306444
3061,volatility_20,2025-10-22,Q2,-0.015916369215332682
3062,volatility_20,2025-10-23,Q2,-0.021022068603850086
3063,volatility_20,2025-10-24,Q2,0.00948280144602548
3064,volatility_20,2025-10-27,Q2,0.01242635649568713
3065,volatility_20,2025-10-28,Q2,0.004257037443536282
3066,volatility_20,2025-10-29,Q2,-0.007131549398100789
3067,volatility_20,2025-10-30,Q2,0.0012263072436485278
3068,volatility_20,2025-10-31,Q2,0.010680054241878623
3069,volatility_20,2025-11-03,Q2,0.013596872491173417
3070,volatility_20,2025-11-04,Q2,0.026025439089988
3071,volatility_20,2025-11-05,Q2,0.02045796311617676
3072,volatility_20,2025-11-06,Q2,0.020650356050517682
3073,volatility_20,2025-11-07,Q2,0.008658000258111365
3074,volatility_20,2025-11-10,Q2,0.002733910830215791
3075,volatility_20,2025-11-11,Q2,-0.014471778894911858
3076,volatility_20,2025-11-12,Q2,-0.00802092489938322
3077,volatility_20,2025-11-13,Q2,-0.00971873578422855
3078,volatility_20,2025-11-14,Q2,-0.04412978073523066
3079,volatility_20,2025-11-17,Q2,-0.036399931614792935
3080,volatility_20,2025-11-18,Q2,-0.0319815926394022
3081,volatility_20,2025-11-19,Q2,-0.020253568427626878
3082,volatility_20,2025-11-20,Q2,-0.07657931166816112
3083,volatility_20,2025-11-21,Q2,-0.05395967615680708
3084,volatility_20,2025-11-24,Q2,-0.05652126531909296
3085,volatility_20,2025-11-25,Q2,-0.054417661207017076
3086,volatility_20,2025-11-26,Q2,-0.061827281391549416
3087,volatility_20,2025-11-27,Q2,-0.03706454047284663
3088,volatility_20,2025-11-28,Q2,-0.03462095187532371
3089,volatility_20,2025-12-01,Q2,-0.016552983774938634
3090,volatility_20,2025-12-02,Q2,-0.028172035638529658
3091,volatility_20,2025-12-03,Q2,-0.018330206841119523
3092,volatility_20,2025-12-04,Q2,-0.026634699499658576
3093,volatility_20,2025-12-05,Q2,-0.04183378298886198
3094,volatility_20,2025-12-08,Q2,-0.04725843069062513
3095,volatility_20,2025-12-09,Q2,-0.0456528519399364
3096,volatility_20,2025-12-10,Q2,-0.050726017829847536
3097,volatility_20,2025-12-11,Q2,-0.02327214256253396
3098,volatility_20,2025-12-12,Q2,-0.008574820909610703
3099,volatility_20,2025-12-15,Q2,0.0022471889644660736
3100,volatility_20,2025-12-16,Q2,0.002257334277822598
3101,volatility_20,2025-12-17,Q2,0.010268544805267732
3102,volatility_20,2025-12-18,Q2,0.013765045095496586
3103,volatility_20,2025-12-19,Q2,0.01555071290735699
3104,volatility_20,2025-12-22,Q2,-0.0029174996705452205
3105,volatility_20,2025-12-23,Q2,-0.007805076138849398
3106,volatility_20,2025-12-24,Q2,-0.005569135905017453
3107,volatility_20,2025-12-25,Q2,-0.006430621686078275
3108,volatility_20,2025-12-26,Q2,0.04643680350376356
3109,volatility_20,2025-12-29,Q2,0.027155252087420978
3110,volatility_20,2025-12-30,Q2,0.04647939965146275
3111,volatility_20,2025-12-31,Q2,0.04938027281982438
3112,volatility_20,2026-01-05,Q2,0.07242483684168788
3113,volatility_20,2026-01-06,Q2,-0.010475337067842316
3114,volatility_20,2026-01-07,Q2,-0.003705886472379405
3115,volatility_20,2026-01-08,Q2,-0.005658825099938369
3116,volatility_20,2026-01-09,Q2,-0.010066550143497
3117,volatility_20,2026-01-12,Q2,-0.023732873053652237
3118,volatility_20,2026-01-13,Q2,-0.003915113288921468
3119,volatility_20,2026-01-14,Q2,0.010808125491754916
3120,volatility_20,2026-01-15,Q2,0.029463544568061995
3121,volatility_20,2026-01-16,Q2,0.04051014741101722
3122,volatility_20,2026-01-19,Q2,0.028468732323200574
3123,volatility_20,2026-01-20,Q2,0.010412379757745838
3124,volatility_20,2026-01-21,Q2,0.01709760310070202
3125,volatility_20,2026-01-22,Q2,0.007653180020925798
3126,volatility_20,2026-01-23,Q2,-0.016281331786892284
3127,volatility_20,2026-01-26,Q2,-0.03638828226726676
3128,volatility_20,2026-01-27,Q2,-0.009698241200478686
3129,volatility_20,2026-01-28,Q2,0.027072314699058575
3130,volatility_20,2026-01-29,Q2,-0.0010254202021045544
3131,volatility_20,2026-01-30,Q2,0.008988809435075407
3132,volatility_20,2026-02-02,Q2,0.06452475522995793
3133,volatility_20,2026-02-03,Q2,0.035661478101816635
3134,volatility_20,2026-02-04,Q2,0.006468014780405484
3135,volatility_20,2026-02-05,Q2,-0.007061008530858448
3136,volatility_20,2026-02-06,Q2,-0.01185645566810839
3137,volatility_20,2026-02-09,Q2,-0.016566778176287433
3138,volatility_20,2026-02-10,Q2,0.005407001996644234
3139,volatility_20,2026-02-11,Q2,-0.019431196293912545
3140,volatility_20,2026-02-12,Q2,-0.005664850126965715
3141,volatility_20,2026-02-13,Q2,-0.022711366918479414
3142,volatility_20,2026-02-24,Q2,-0.07006246545731504
3143,volatility_20,2026-02-25,Q2,-0.08883296576543898
3144,volatility_20,2026-02-26,Q2,-0.06037271378703796
3145,volatility_20,2026-02-27,Q2,-0.031849198883271645
3146,volatility_20,2026-03-02,Q2,-0.024310772967817584
3147,volatility_20,2026-03-03,Q2,0.02012658753120622
3148,volatility_20,2026-03-04,Q2,0.040458479998674135
3149,volatility_20,2026-03-05,Q2,0.022988637476745177
3150,volatility_20,2026-03-06,Q2,0.020372263170813865
3151,volatility_20,2026-03-09,Q2,0.03310755365824569
3152,volatility_20,2026-03-10,Q2,-0.0018024504085168425
3153,volatility_20,2026-03-11,Q2,-0.020969975269612917
3154,volatility_20,2026-03-12,Q2,-0.03159298546934808
3155,volatility_20,2026-03-13,Q2,-0.07279627385698784
3156,volatility_20,2026-03-16,Q2,-0.1301029843032453
3157,volatility_20,2026-03-17,Q2,-0.10122576834287866
3158,volatility_20,2026-03-18,Q2,-0.07605461904979899
3159,volatility_20,2026-03-19,Q2,-0.0777068352964303
3160,volatility_20,2026-03-20,Q2,-0.043127642442376046
3161,volatility_20,2026-03-23,Q2,0.025594059222135312
3162,volatility_20,2026-03-24,Q2,-0.008220342043768092
3163,volatility_20,2026-03-25,Q2,-0.006689683244342826
3164,volatility_20,2026-03-26,Q2,-0.0195810391736016
3165,volatility_20,2026-03-27,Q2,-0.0577383060717549
3166,volatility_20,2026-03-30,Q2,-0.04586644288242103
3167,volatility_20,2026-03-31,Q2,0.0045173342509499115
3168,volatility_20,2026-04-01,Q2,-0.016281176880760972
3169,volatility_20,2026-04-02,Q2,0.017773852522651512
3170,volatility_20,2026-04-03,Q2,0.05208815375198028
3171,volatility_20,2026-04-07,Q2,0.04767255606301324
3172,volatility_20,2026-04-08,Q2,0.00280206521516313
3173,volatility_20,2026-04-09,Q2,0.027986270957376602
3174,volatility_20,2026-04-10,Q2,0.009516214079020036
3175,volatility_20,2026-04-13,Q2,-0.0016605378933898796
3176,volatility_20,2026-04-14,Q2,-0.008861845075425812
3177,volatility_20,2026-04-15,Q2,0.008434932209982482
3178,volatility_20,2026-04-16,Q2,-0.011064945058033737
3179,volatility_20,2026-04-17,Q2,-0.013284404839636887
3180,volatility_20,2026-04-20,Q2,-0.013853200292782586
3181,volatility_20,2026-04-21,Q2,-0.0020827612642977944
3182,volatility_20,2026-04-22,Q2,-0.05117785369266553
3183,volatility_20,2026-04-23,Q2,-0.036093579059979064
3184,volatility_20,2025-02-26,Q3,-0.019296261997379327
3185,volatility_20,2025-02-27,Q3,-0.01766780006762214
3186,volatility_20,2025-02-28,Q3,-0.01444053347459806
3187,volatility_20,2025-03-03,Q3,0.009478664060458941
3188,volatility_20,2025-03-04,Q3,-0.017027884344402833
3189,volatility_20,2025-03-05,Q3,-0.02340087708283367
3190,volatility_20,2025-03-06,Q3,-0.03576983284817814
3191,volatility_20,2025-03-07,Q3,0.03540903256547612
3192,volatility_20,2025-03-10,Q3,-0.003129887534334741
3193,volatility_20,2025-03-11,Q3,0.01075270654939553
3194,volatility_20,2025-03-12,Q3,0.00952380087370197
3195,volatility_20,2025-03-13,Q3,0.022700183590853795
3196,volatility_20,2025-03-14,Q3,0.004717089349841386
3197,volatility_20,2025-03-17,Q3,-0.028135964669551816
3198,volatility_20,2025-03-18,Q3,-0.017340997126628732
3199,volatility_20,2025-03-19,Q3,-0.008177645451759141
3200,volatility_20,2025-03-20,Q3,-0.010563397623515325
3201,volatility_20,2025-03-21,Q3,-0.016548503864241004
3202,volatility_20,2025-03-24,Q3,0.003618785658532797
3203,volatility_20,2025-03-25,Q3,0.020408172611160236
3204,volatility_20,2025-03-26,Q3,0.001186153599707529
3205,volatility_20,2025-03-27,Q3,0.001173623787591227
3206,volatility_20,2025-03-28,Q3,-0.08462461095716045
3207,volatility_20,2025-03-31,Q3,-0.09735570861213794
3208,volatility_20,2025-04-01,Q3,-0.07999997980454387
3209,volatility_20,2025-04-02,Q3,-0.05450232040046188
3210,volatility_20,2025-04-03,Q3,-0.008403353487606458
3211,volatility_20,2025-04-07,Q3,0.08152172469405494
3212,volatility_20,2025-04-08,Q3,0.04527292481871936
3213,volatility_20,2025-04-09,Q3,0.03153742009296501
3214,volatility_20,2025-04-10,Q3,0.0012936289805955958
3215,volatility_20,2025-04-11,Q3,-0.0038560679947704513
3216,volatility_20,2025-04-14,Q3,-0.023869353807778326
3217,volatility_20,2025-04-15,Q3,-0.016560524333790183
3218,volatility_20,2025-04-16,Q3,-0.015286609811073437
3219,volatility_20,2025-04-17,Q3,-0.01937979624883157
3220,volatility_20,2025-04-18,Q3,-0.023225784301757812
3221,volatility_20,2025-04-21,Q3,-0.039897032630697105
3222,volatility_20,2025-04-22,Q3,-0.04145073879804795
3223,volatility_20,2025-04-23,Q3,0.0012936289805955958
3224,volatility_20,2025-04-24,Q3,0.04743078385242194
3225,volatility_20,2025-04-25,Q3,0.06340819130630759
3226,volatility_20,2025-04-28,Q3,0.07640746540341903
3227,volatility_20,2025-04-29,Q3,0.08513508506549261
3228,volatility_20,2025-04-30,Q3,0.05813951196023459
3229,volatility_20,2025-05-06,Q3,0.026415099771729844
3230,volatility_20,2025-05-07,Q3,0.011180142913720159
3231,volatility_20,2025-05-08,Q3,-0.013081417309715349
3232,volatility_20,2025-05-09,Q3,-0.001474959966427325
3233,volatility_20,2025-05-12,Q3,0.04561826145513992
3234,volatility_20,2025-05-13,Q3,0.03584231718478992
3235,volatility_20,2025-05-14,Q3,0.016607281682123
3236,volatility_20,2025-05-15,Q3,0.013126450498215148
3237,volatility_20,2025-05-16,Q3,-0.015457802235385398
3238,volatility_20,2025-05-19,Q3,-0.011124864139724466
3239,volatility_20,2025-05-20,Q3,-0.009900980750178201
3240,volatility_20,2025-05-21,Q3,-0.014760133317333168
3241,volatility_20,2025-05-22,Q3,0.006211203670828613
3242,volatility_20,2025-05-23,Q3,0.0062736096472117975
3243,volatility_20,2025-05-26,Q3,-0.00875002145767212
3244,volatility_20,2025-05-27,Q3,-0.002499997615814209
3245,volatility_20,2025-05-28,Q3,-0.00249693597904721
3246,volatility_20,2025-05-29,Q3,-0.0012345961001080097
3247,volatility_20,2025-05-30,Q3,-0.0023228228672280693
3248,volatility_20,2025-06-03,Q3,0.01891552315441314
3249,volatility_20,2025-06-04,Q3,0.032581422484114775
3250,volatility_20,2025-06-05,Q3,0.0008569176363717457
3251,volatility_20,2025-06-06,Q3,0.0037082487522073215
3252,volatility_20,2025-06-09,Q3,-0.018203837705922488
3253,volatility_20,2025-06-10,Q3,0.0024753042020448923
3254,volatility_20,2025-06-11,Q3,-0.021201393779886613
3255,volatility_20,2025-06-12,Q3,-0.0321428270364289
3256,volatility_20,2025-06-13,Q3,-0.018115924814873563
3257,volatility_20,2025-06-16,Q3,-0.014440419540958982
3258,volatility_20,2025-06-17,Q3,0.08765432156907438
3259,volatility_20,2025-06-18,Q3,0.108614214818884
3260,volatility_20,2025-06-19,Q3,0.126262625046329
3261,volatility_20,2025-06-20,Q3,0.11111112449038019
3262,volatility_20,2025-06-23,Q3,0.021978000864594893
3263,volatility_20,2025-06-24,Q3,0.007246369925949514
3264,volatility_20,2025-06-25,Q3,-0.007142850452539706
3265,volatility_20,2025-06-26,Q3,-0.0048347676615720925
3266,volatility_20,2025-06-27,Q3,-0.009478664417471583
3267,volatility_20,2025-06-30,Q3,0.020118352678250462
3268,volatility_20,2025-07-01,Q3,0.03914589700589266
3269,volatility_20,2025-07-02,Q3,0.04265410287321525
3270,volatility_20,2025-07-03,Q3,0.06720646947925668
3271,volatility_20,2025-07-04,Q3,0.0657894992011836
3272,volatility_20,2025-07-07,Q3,0.015649437671673594
3273,volatility_20,2025-07-08,Q3,0.003152085356634693
3274,volatility_20,2025-07-09,Q3,-0.01557630894769324
3275,volatility_20,2025-07-10,Q3,-0.02958584013766763
3276,volatility_20,2025-07-11,Q3,-0.028106516388666902
3277,volatility_20,2025-07-14,Q3,-0.009009000623754537
3278,volatility_20,2025-07-15,Q3,0.015151500920837613
3279,volatility_20,2025-07-16,Q3,-0.007990941400633944
3280,volatility_20,2025-07-17,Q3,0.06860705356170094
3281,volatility_20,2025-07-18,Q3,0.051975052593354665
3282,volatility_20,2025-07-21,Q3,0.0057273990099264704
3283,volatility_20,2025-07-22,Q3,0.009121997665944681
3284,volatility_20,2025-07-23,Q3,-0.002976187730794999
3285,volatility_20,2025-07-24,Q3,-0.04293786418773138
3286,volatility_20,2025-07-25,Q3,-0.03636370926848953
3287,volatility_20,2025-07-28,Q3,-0.03416858768324149
3288,volatility_20,2025-07-29,Q3,-0.007600401143787905
3289,volatility_20,2025-07-30,Q3,-0.005464397720770453
3290,volatility_20,2025-07-31,Q3,0.019623935713459106
3291,volatility_20,2025-08-01,Q3,0.009771977863882952
3292,volatility_20,2025-08-04,Q3,0.0
3293,volatility_20,2025-08-05,Q3,0.2318501762008227
3294,volatility_20,2025-08-06,Q3,-0.016051349009055138
3295,volatility_20,2025-08-07,Q3,-0.016501712836812787
3296,volatility_20,2025-08-08,Q3,0.012403163241694326
3297,volatility_20,2025-08-11,Q3,0.13569315206301336
3298,volatility_20,2025-08-12,Q3,-0.0034364227382496226
3299,volatility_20,2025-08-13,Q3,0.006872845476499245
3300,volatility_20,2025-08-14,Q3,0.05263161417079765
3301,volatility_20,2025-08-15,Q3,0.041958086845887976
3302,volatility_20,2025-08-18,Q3,0.024572703455877365
3303,volatility_20,2025-08-19,Q3,0.024137907220975086
3304,volatility_20,2025-08-20,Q3,-0.02047787707545201
3305,volatility_20,2025-08-21,Q3,-0.00526317797209086
3306,volatility_20,2025-08-22,Q3,-0.040268497721342444
3307,volatility_20,2025-08-25,Q3,-0.03678926245651348
3308,volatility_20,2025-08-26,Q3,-0.03367008151105677
3309,volatility_20,2025-08-27,Q3,-0.031358856361689114
3310,volatility_20,2025-08-28,Q3,-0.03125005174014095
3311,volatility_20,2025-08-29,Q3,-0.013986001160915085
3312,volatility_20,2025-09-01,Q3,-0.017361176648623022
3313,volatility_20,2025-09-02,Q3,-0.017421586867605088
3314,volatility_20,2025-09-03,Q3,0.021582713452168223
3315,volatility_20,2025-09-04,Q3,0.01792113010749863
3316,volatility_20,2025-09-05,Q3,0.009333356221516986
3317,volatility_20,2025-09-08,Q3,-0.010498677809387513
3318,volatility_20,2025-09-09,Q3,-0.00921048627665777
3319,volatility_20,2025-09-10,Q3,-0.023591127454258287
3320,volatility_20,2025-09-11,Q3,-0.05242465129330365
3321,volatility_20,2025-09-12,Q3,-0.056803209435252855
3322,volatility_20,2025-09-15,Q3,-0.06498670737363532
3323,volatility_20,2025-09-16,Q3,-0.06000002225240075
3324,volatility_20,2025-09-17,Q3,-0.05000003178914392
3325,volatility_20,2025-09-18,Q3,-0.047297332128352965
3326,volatility_20,2025-09-19,Q3,0.003460204186943594
3327,volatility_20,2025-09-22,Q3,0.006993083943600098
3328,volatility_20,2025-09-23,Q3,0.010638287978706584
3329,volatility_20,2025-09-24,Q3,-0.0010941169043983123
3330,volatility_20,2025-09-25,Q3,0.05077262879049993
3331,volatility_20,2025-09-26,Q3,0.082417578962658
3332,volatility_20,2025-09-29,Q3,0.006944437545759019
3333,volatility_20,2025-09-30,Q3,0.017543927160695638
3334,volatility_20,2025-10-09,Q3,0.0
3335,volatility_20,2025-10-10,Q3,-0.03956343313389876
3336,volatility_20,2025-10-13,Q3,-0.006906038049498853
3337,volatility_20,2025-10-14,Q3,0.01373625024046543
3338,volatility_20,2025-10-15,Q3,0.01795581747937547
3339,volatility_20,2025-10-16,Q3,0.020979085104515294
3340,volatility_20,2025-10-17,Q3,0.035714337412192876
3341,volatility_20,2025-10-20,Q3,0.01668983096023391
3342,volatility_20,2025-10-21,Q3,-0.02031251757871333
3343,volatility_20,2025-10-22,Q3,-0.01097181354322141
3344,volatility_20,2025-10-23,Q3,-0.017241399928100698
3345,volatility_20,2025-10-24,Q3,-0.014150967090964306
3346,volatility_20,2025-10-27,Q3,0.0
3347,volatility_20,2025-10-28,Q3,0.017421669940284046
3348,volatility_20,2025-10-29,Q3,0.03496508626543049
3349,volatility_20,2025-10-30,Q3,0.02797208568497278
3350,volatility_20,2025-10-31,Q3,0.027777750183035854
3351,volatility_20,2025-11-03,Q3,0.03092780464424627
3352,volatility_20,2025-11-04,Q3,0.13013694044304058
3353,volatility_20,2025-11-05,Q3,0.11486483438769124
3354,volatility_20,2025-11-06,Q3,0.1360543704638637
3355,volatility_20,2025-11-07,Q3,0.12837833483955885
3356,volatility_20,2025-11-10,Q3,0.13000003496805834
3357,volatility_20,2025-11-11,Q3,-0.021201393779886613
3358,volatility_20,2025-11-12,Q3,0.0018164853472837361
3359,volatility_20,2025-11-13,Q3,-0.04038630590706194
3360,volatility_20,2025-11-14,Q3,-0.1029543071329887
3361,volatility_20,2025-11-17,Q3,-0.13298341357658394
3362,volatility_20,2025-11-18,Q3,-0.09025270820268372
3363,volatility_20,2025-11-19,Q3,-0.10335443492720298
3364,volatility_20,2025-11-20,Q3,-0.023701023022149492
3365,volatility_20,2025-11-21,Q3,0.048571450369698566
3366,volatility_20,2025-11-24,Q3,0.0009597148568729619
3367,volatility_20,2025-11-25,Q3,-0.04788725760329193
3368,volatility_20,2025-11-26,Q3,-0.09023937138283222
3369,volatility_20,2025-11-27,Q3,-0.0784313865168974
3370,volatility_20,2025-11-28,Q3,-0.049395137837662695
3371,volatility_20,2025-12-01,Q3,-0.05576922547887753
3372,volatility_20,2025-12-02,Q3,-0.08269227771363907
3373,volatility_20,2025-12-03,Q3,0.04790414374326857
3374,volatility_20,2025-12-04,Q3,0.020120801949947476
3375,volatility_20,2025-12-05,Q3,0.014141449365382641
3376,volatility_20,2025-12-08,Q3,-0.008146631995133324
3377,volatility_20,2025-12-09,Q3,-0.033783831676485354
3378,volatility_20,2025-12-10,Q3,-0.037037081634600955
3379,volatility_20,2025-12-11,Q3,-0.01975843669429045
3380,volatility_20,2025-12-12,Q3,0.02343750415768997
3381,volatility_20,2025-12-15,Q3,0.00553711984644889
3382,volatility_20,2025-12-16,Q3,0.008988755857864295
3383,volatility_20,2025-12-17,Q3,0.00897866723637386
3384,volatility_20,2025-12-18,Q3,0.014557683090511198
3385,volatility_20,2025-12-19,Q3,-0.0034364227382496226
3386,volatility_20,2025-12-22,Q3,-0.005982000751719729
3387,volatility_20,2025-12-23,Q3,-0.0034965002902287434
3388,volatility_20,2025-12-24,Q3,-0.028599600792320823
3389,volatility_20,2025-12-25,Q3,-0.002207555942311812
3390,volatility_20,2025-12-26,Q3,0.0009842745110260065
3391,volatility_20,2025-12-29,Q3,0.00111973962662959
3392,volatility_20,2025-12-30,Q3,0.022573450416414564
3393,volatility_20,2025-12-31,Q3,0.040609096755241936
3394,volatility_20,2026-01-05,Q3,-0.0011062200137206268
3395,volatility_20,2026-01-06,Q3,-0.010816092020849877
3396,volatility_20,2026-01-07,Q3,-0.019015562706809486
3397,volatility_20,2026-01-08,Q3,-0.03642393621371731
3398,volatility_20,2026-01-09,Q3,-0.054945052641772074
3399,volatility_20,2026-01-12,Q3,-0.0107213068126365
3400,volatility_20,2026-01-13,Q3,-0.005964256174353699
3401,volatility_20,2026-01-14,Q3,0.009920672839941913
3402,volatility_20,2026-01-15,Q3,0.0049504193239715555
3403,volatility_20,2026-01-16,Q3,0.05581389778430412
3404,volatility_20,2026-01-19,Q3,0.023918000516374383
3405,volatility_20,2026-01-20,Q3,0.0
3406,volatility_20,2026-01-21,Q3,-0.008948537747316632
3407,volatility_20,2026-01-22,Q3,0.0066297751025252705
3408,volatility_20,2026-01-23,Q3,-0.07684920292614039
3409,volatility_20,2026-01-26,Q3,-0.0946341723930545
3410,volatility_20,2026-01-27,Q3,-0.04737905881190252
3411,volatility_20,2026-01-28,Q3,-0.0592884816779089
3412,volatility_20,2026-01-29,Q3,-0.06573703684459942
3413,volatility_20,2026-01-30,Q3,-0.0166493083380016
3414,volatility_20,2026-02-02,Q3,0.04094828937233741
3415,volatility_20,2026-02-03,Q3,0.012698400844561863
3416,volatility_20,2026-02-04,Q3,0.002100788143664989
3417,volatility_20,2026-02-05,Q3,0.012793164615673813
3418,volatility_20,2026-02-06,Q3,-0.012698400844561863
3419,volatility_20,2026-02-09,Q3,-0.012422348597782795
3420,volatility_20,2026-02-10,Q3,0.09978764042145527
3421,volatility_20,2026-02-11,Q3,0.05219206722149683
3422,volatility_20,2026-02-12,Q3,0.07708782176297002
3423,volatility_20,2026-02-13,Q3,0.08351640036797159
3424,volatility_20,2026-02-24,Q3,-0.05280530935361738
3425,volatility_20,2026-02-25,Q3,-0.07213115804908565
3426,volatility_20,2026-02-26,Q3,-0.04304631683555704
3427,volatility_20,2026-02-27,Q3,-0.04397906470215751
3428,volatility_20,2026-03-02,Q3,-0.016891875564834513
3429,volatility_20,2026-03-03,Q3,0.025698379979019137
3430,volatility_20,2026-03-04,Q3,0.02826860928669883
3431,volatility_20,2026-03-05,Q3,0.006920408373887188
3432,volatility_20,2026-03-06,Q3,0.02047779570392505
3433,volatility_20,2026-03-09,Q3,0.0021504842665789337
3434,volatility_20,2026-03-10,Q3,0.006423925584814638
3435,volatility_20,2026-03-11,Q3,-0.008565302184057044
3436,volatility_20,2026-03-12,Q3,-0.029379707988854364
3437,volatility_20,2026-03-13,Q3,-0.06124603034335796
3438,volatility_20,2026-03-16,Q3,-0.08635398824459162
3439,volatility_20,2026-03-17,Q3,-0.05103151629556035
3440,volatility_20,2026-03-18,Q3,-0.019867582432562036
3441,volatility_20,2026-03-19,Q3,-0.005605402500807766
3442,volatility_20,2026-03-20,Q3,0.02362205062283307
3443,volatility_20,2026-03-23,Q3,0.15564206449714413
3444,volatility_20,2026-03-24,Q3,0.22014921622118133
3445,volatility_20,2026-03-25,Q3,-0.019417457749564604
3446,volatility_20,2026-03-26,Q3,-0.029702942250534492
3447,volatility_20,2026-03-27,Q3,-0.059113303674688034
3448,volatility_20,2026-03-30,Q3,-0.04987538022112881
3449,volatility_20,2026-03-31,Q3,-0.010025053072035384
3450,volatility_20,2026-04-01,Q3,-0.042079227202757585
3451,volatility_20,2026-04-02,Q3,-0.00765305377701242
3452,volatility_20,2026-04-03,Q3,0.02356024978028981
3453,volatility_20,2026-04-07,Q3,0.05511812107634029
3454,volatility_20,2026-04-08,Q3,0.005063286249386678
3455,volatility_20,2026-04-09,Q3,0.023255854069589743
3456,volatility_20,2026-04-10,Q3,0.01799484096531212
3457,volatility_20,2026-04-13,Q3,0.005115084523652724
3458,volatility_20,2026-04-14,Q3,-0.029850717942397798
3459,volatility_20,2026-04-15,Q3,-0.02267000340572234
3460,volatility_20,2026-04-16,Q3,-0.03787881159658324
3461,volatility_20,2026-04-17,Q3,-0.053030312152532066
3462,volatility_20,2026-04-20,Q3,-0.05089059651053485
3463,volatility_20,2026-04-21,Q3,-0.006756803923811283
3464,volatility_20,2026-04-22,Q3,-0.041567740890541494
3465,volatility_20,2026-04-23,Q3,-0.04042808070829085
3466,volatility_20,2025-02-26,Q4,-0.04346500675886977
3467,volatility_20,2025-02-27,Q4,-0.00678464618262381
3468,volatility_20,2025-02-28,Q4,0.006456560098715203
3469,volatility_20,2025-03-03,Q4,-0.014772739957186531
3470,volatility_20,2025-03-04,Q4,0.008609506637472397
3471,volatility_20,2025-03-05,Q4,0.007263939743969772
3472,volatility_20,2025-03-06,Q4,-0.024523864109551874
3473,volatility_20,2025-03-07,Q4,0.013976970162459246
3474,volatility_20,2025-03-10,Q4,0.017297106376754856
3475,volatility_20,2025-03-11,Q4,-0.01042638835937737
3476,volatility_20,2025-03-12,Q4,0.0068084385940943015
3477,volatility_20,2025-03-13,Q4,0.01350671889211208
3478,volatility_20,2025-03-14,Q4,-0.019022916947775026
3479,volatility_20,2025-03-17,Q4,-0.05417466061554488
3480,volatility_20,2025-03-18,Q4,-0.05207948493781883
3481,volatility_20,2025-03-19,Q4,-0.014756576249384368
3482,volatility_20,2025-03-20,Q4,-0.026173584798085958
3483,volatility_20,2025-03-21,Q4,-0.021096729983967943
3484,volatility_20,2025-03-24,Q4,-0.0015528870553609408
3485,volatility_20,2025-03-25,Q4,0.00021231478902605794
3486,volatility_20,2025-03-26,Q4,-0.037133424587169395
3487,volatility_20,2025-03-27,Q4,0.028096584550763914
3488,volatility_20,2025-03-28,Q4,-0.046206766706228586
3489,volatility_20,2025-03-31,Q4,0.019378891031120893
3490,volatility_20,2025-04-01,Q4,0.05874065660347033
3491,volatility_20,2025-04-02,Q4,0.11136362558800317
3492,volatility_20,2025-04-03,Q4,-0.06009527183137103
3493,volatility_20,2025-04-07,Q4,0.07972813849763305
3494,volatility_20,2025-04-08,Q4,0.0900810285050977
3495,volatility_20,2025-04-09,Q4,0.04683327795344561
3496,volatility_20,2025-04-10,Q4,0.02421646018813639
3497,volatility_20,2025-04-11,Q4,0.03928163971292775
3498,volatility_20,2025-04-14,Q4,0.031567686733977474
3499,volatility_20,2025-04-15,Q4,0.08369358017663342
3500,volatility_20,2025-04-16,Q4,0.08718385068432044
3501,volatility_20,2025-04-17,Q4,0.0584579896798032
3502,volatility_20,2025-04-18,Q4,0.09276837797751236
3503,volatility_20,2025-04-21,Q4,0.008069508456629682
3504,volatility_20,2025-04-22,Q4,-0.0009982451087918176
3505,volatility_20,2025-04-23,Q4,0.00041001236294718746
3506,volatility_20,2025-04-24,Q4,0.01963292586470028
3507,volatility_20,2025-04-25,Q4,0.028976588135267378
3508,volatility_20,2025-04-28,Q4,0.06054707626019051
3509,volatility_20,2025-04-29,Q4,0.024717619476718466
3510,volatility_20,2025-04-30,Q4,0.01246814531512519
3511,volatility_20,2025-05-06,Q4,0.005932036730099011
3512,volatility_20,2025-05-07,Q4,0.0018653749713050671
3513,volatility_20,2025-05-08,Q4,-0.012294075847540942
3514,volatility_20,2025-05-09,Q4,0.007403039656378008
3515,volatility_20,2025-05-12,Q4,0.031762127730552536
3516,volatility_20,2025-05-13,Q4,0.028225957538537017
3517,volatility_20,2025-05-14,Q4,0.010749379105218504
3518,volatility_20,2025-05-15,Q4,0.025306742689526818
3519,volatility_20,2025-05-16,Q4,0.012821761737861481
3520,volatility_20,2025-05-19,Q4,-0.02454655224768515
3521,volatility_20,2025-05-20,Q4,0.01735433034196071
3522,volatility_20,2025-05-21,Q4,0.01728599993194535
3523,volatility_20,2025-05-22,Q4,0.0137525622111484
3524,volatility_20,2025-05-23,Q4,0.032501466712754445
3525,volatility_20,2025-05-26,Q4,0.0016594571120271406
3526,volatility_20,2025-05-27,Q4,-0.032780055993345436
3527,volatility_20,2025-05-28,Q4,0.03909905719249618
3528,volatility_20,2025-05-29,Q4,0.03224436090426497
3529,volatility_20,2025-05-30,Q4,0.046794545763911066
3530,volatility_20,2025-06-03,Q4,0.001821949707943804
3531,volatility_20,2025-06-04,Q4,0.002732861146222343
3532,volatility_20,2025-06-05,Q4,0.0010430919097288993
3533,volatility_20,2025-06-06,Q4,-0.029822895044103903
3534,volatility_20,2025-06-09,Q4,-0.03684699529194385
3535,volatility_20,2025-06-10,Q4,-0.007005441196200002
3536,volatility_20,2025-06-11,Q4,-0.037384845999615834
3537,volatility_20,2025-06-12,Q4,-0.04025438764007544
3538,volatility_20,2025-06-13,Q4,-0.026516429573970712
3539,volatility_20,2025-06-16,Q4,0.008675229004365459
3540,volatility_20,2025-06-17,Q4,-0.011814785494216828
3541,volatility_20,2025-06-18,Q4,0.0180050874420582
3542,volatility_20,2025-06-19,Q4,0.028159019446269418
3543,volatility_20,2025-06-20,Q4,0.02692239686994169
3544,volatility_20,2025-06-23,Q4,0.03694905242031832
3545,volatility_20,2025-06-24,Q4,0.015213093909819952
3546,volatility_20,2025-06-25,Q4,-0.04371350174143157
3547,volatility_20,2025-06-26,Q4,-0.032396484756122
3548,volatility_20,2025-06-27,Q4,-0.01424927237716933
3549,volatility_20,2025-06-30,Q4,0.02165983620885681
3550,volatility_20,2025-07-01,Q4,0.0182010677860579
3551,volatility_20,2025-07-02,Q4,-0.0020749174196240117
3552,volatility_20,2025-07-03,Q4,0.01222533454335395
3553,volatility_20,2025-07-04,Q4,-0.0026644065796767036
3554,volatility_20,2025-07-07,Q4,0.004105290085903546
3555,volatility_20,2025-07-08,Q4,-0.018892094629488487
3556,volatility_20,2025-07-09,Q4,-0.008522702704283291
3557,volatility_20,2025-07-10,Q4,-0.020373243240960015
3558,volatility_20,2025-07-11,Q4,-0.020478925836323714
3559,volatility_20,2025-07-14,Q4,-0.018793037247878674
3560,volatility_20,2025-07-15,Q4,-0.010564171026272495
3561,volatility_20,2025-07-16,Q4,-0.007867477597613193
3562,volatility_20,2025-07-17,Q4,-0.0009106421715985302
3563,volatility_20,2025-07-18,Q4,0.007127851558497378
3564,volatility_20,2025-07-21,Q4,0.011182097553261827
3565,volatility_20,2025-07-22,Q4,0.016221816794548705
3566,volatility_20,2025-07-23,Q4,0.00759381238987622
3567,volatility_20,2025-07-24,Q4,-0.013630273920464508
3568,volatility_20,2025-07-25,Q4,-0.012403403158099957
3569,volatility_20,2025-07-28,Q4,-0.010171863043955676
3570,volatility_20,2025-07-29,Q4,-0.01224671965957147
3571,volatility_20,2025-07-30,Q4,-0.012590461225507943
3572,volatility_20,2025-07-31,Q4,0.016496808367145954
3573,volatility_20,2025-08-01,Q4,0.017076909690835973
3574,volatility_20,2025-08-04,Q4,0.06913953238169879
3575,volatility_20,2025-08-05,Q4,-0.00406309981516223
3576,volatility_20,2025-08-06,Q4,0.09187914578101208
3577,volatility_20,2025-08-07,Q4,0.007661490804055537
3578,volatility_20,2025-08-08,Q4,0.05778965753938059
3579,volatility_20,2025-08-11,Q4,-0.00957623033846372
3580,volatility_20,2025-08-12,Q4,0.0065977990775837325
3581,volatility_20,2025-08-13,Q4,0.012787225061022367
3582,volatility_20,2025-08-14,Q4,0.053722766833764646
3583,volatility_20,2025-08-15,Q4,0.03904651343181442
3584,volatility_20,2025-08-18,Q4,0.015398244324759225
3585,volatility_20,2025-08-19,Q4,0.02131077761895006
3586,volatility_20,2025-08-20,Q4,-0.011405025267465174
3587,volatility_20,2025-08-21,Q4,-0.03666666185753942
3588,volatility_20,2025-08-22,Q4,0.0005670333605326539
3589,volatility_20,2025-08-25,Q4,-0.023127275472719033
3590,volatility_20,2025-08-26,Q4,-0.03354356205175302
3591,volatility_20,2025-08-27,Q4,-0.02647767634098125
3592,volatility_20,2025-08-28,Q4,-0.025682793772204338
3593,volatility_20,2025-08-29,Q4,-0.018695776752067295
3594,volatility_20,2025-09-01,Q4,-0.004326373961551944
3595,volatility_20,2025-09-02,Q4,0.016408681418750737
3596,volatility_20,2025-09-03,Q4,0.04316444874453951
3597,volatility_20,2025-09-04,Q4,0.03712182669866626
3598,volatility_20,2025-09-05,Q4,0.07898255889086603
3599,volatility_20,2025-09-08,Q4,0.003021352179604031
3600,volatility_20,2025-09-09,Q4,0.020811794594642108
3601,volatility_20,2025-09-10,Q4,0.025286310596734474
3602,volatility_20,2025-09-11,Q4,0.011442447939253919
3603,volatility_20,2025-09-12,Q4,0.020597079709145705
3604,volatility_20,2025-09-15,Q4,0.021232945266998093
3605,volatility_20,2025-09-16,Q4,0.038912651177498814
3606,volatility_20,2025-09-17,Q4,0.0624643787136544
3607,volatility_20,2025-09-18,Q4,0.09225059223447674
3608,volatility_20,2025-09-19,Q4,0.08968417837080289
3609,volatility_20,2025-09-22,Q4,-0.009691183696755867
3610,volatility_20,2025-09-23,Q4,0.029168451838925025
3611,volatility_20,2025-09-24,Q4,-0.001900600270799746
3612,volatility_20,2025-09-25,Q4,0.010507941734672677
3613,volatility_20,2025-09-26,Q4,-0.016911765633982334
3614,volatility_20,2025-09-29,Q4,-0.015002399985725778
3615,volatility_20,2025-09-30,Q4,-0.032456952061701905
3616,volatility_20,2025-10-09,Q4,-0.04159132670948429
3617,volatility_20,2025-10-10,Q4,-0.019246809746597926
3618,volatility_20,2025-10-13,Q4,-0.02461042230635485
3619,volatility_20,2025-10-14,Q4,0.002303327238184383
3620,volatility_20,2025-10-15,Q4,0.03664224258631216
3621,volatility_20,2025-10-16,Q4,0.06062655505950654
3622,volatility_20,2025-10-17,Q4,0.03338997080236583
3623,volatility_20,2025-10-20,Q4,0.015930446260287445
3624,volatility_20,2025-10-21,Q4,0.052701009947112576
3625,volatility_20,2025-10-22,Q4,0.08587933011194737
3626,volatility_20,2025-10-23,Q4,0.04132107101616228
3627,volatility_20,2025-10-24,Q4,0.08466425372517727
3628,volatility_20,2025-10-27,Q4,0.10200939403408382
3629,volatility_20,2025-10-28,Q4,0.08435932016038672
3630,volatility_20,2025-10-29,Q4,0.04392802508486471
3631,volatility_20,2025-10-30,Q4,0.03582818614930733
3632,volatility_20,2025-10-31,Q4,0.07074998704627966
3633,volatility_20,2025-11-03,Q4,0.07186700304404481
3634,volatility_20,2025-11-04,Q4,0.05306558887389978
3635,volatility_20,2025-11-05,Q4,0.04297312438895262
3636,volatility_20,2025-11-06,Q4,0.05524760517360627
3637,volatility_20,2025-11-07,Q4,0.005311118090071232
3638,volatility_20,2025-11-10,Q4,0.013617973578989306
3639,volatility_20,2025-11-11,Q4,0.026323290812799105
3640,volatility_20,2025-11-12,Q4,-0.012926161842875372
3641,volatility_20,2025-11-13,Q4,-0.008563666487254151
3642,volatility_20,2025-11-14,Q4,-0.06271521262861962
3643,volatility_20,2025-11-17,Q4,-0.07000535451774054
3644,volatility_20,2025-11-18,Q4,-0.06310108384231422
3645,volatility_20,2025-11-19,Q4,-0.019882488926282416
3646,volatility_20,2025-11-20,Q4,-0.05138523204269624
3647,volatility_20,2025-11-21,Q4,0.02320193392884562
3648,volatility_20,2025-11-24,Q4,0.01826796652389251
3649,volatility_20,2025-11-25,Q4,-0.014505106122204958
3650,volatility_20,2025-11-26,Q4,-0.009169919554530948
3651,volatility_20,2025-11-27,Q4,-0.03702212143526745
3652,volatility_20,2025-11-28,Q4,-0.03535727178653997
3653,volatility_20,2025-12-01,Q4,-0.003222266118412087
3654,volatility_20,2025-12-02,Q4,0.011363195456924657
3655,volatility_20,2025-12-03,Q4,0.03673784587357809
3656,volatility_20,2025-12-04,Q4,0.01758563219380349
3657,volatility_20,2025-12-05,Q4,-0.0020130996180203753
3658,volatility_20,2025-12-08,Q4,-0.03594207555062817
3659,volatility_20,2025-12-09,Q4,-0.021110052075835162
3660,volatility_20,2025-12-10,Q4,-0.05750827560445493
3661,volatility_20,2025-12-11,Q4,-0.04353718684000374
3662,volatility_20,2025-12-12,Q4,-0.02849535731666386
3663,volatility_20,2025-12-15,Q4,-0.0025346773673008416
3664,volatility_20,2025-12-16,Q4,0.036307322805607445
3665,volatility_20,2025-12-17,Q4,0.03104679045097225
3666,volatility_20,2025-12-18,Q4,0.044602605318124544
3667,volatility_20,2025-12-19,Q4,0.013872800268770136
3668,volatility_20,2025-12-22,Q4,-0.007237372639139317
3669,volatility_20,2025-12-23,Q4,-0.0019513741964256592
3670,volatility_20,2025-12-24,Q4,-0.00420134520728721
3671,volatility_20,2025-12-25,Q4,-0.024257716191553036
3672,volatility_20,2025-12-26,Q4,-0.0145330650868144
3673,volatility_20,2025-12-29,Q4,0.006000600893422081
3674,volatility_20,2025-12-30,Q4,0.014097907745930005
3675,volatility_20,2025-12-31,Q4,0.015044700815526002
3676,volatility_20,2026-01-05,Q4,0.01612284921910523
3677,volatility_20,2026-01-06,Q4,-0.023149481557120988
3678,volatility_20,2026-01-07,Q4,-0.009759249211606702
3679,volatility_20,2026-01-08,Q4,-0.03563193913283791
3680,volatility_20,2026-01-09,Q4,-0.06949088540412518
3681,volatility_20,2026-01-12,Q4,-0.05184303995379985
3682,volatility_20,2026-01-13,Q4,-0.015647072477452006
3683,volatility_20,2026-01-14,Q4,0.04415741755644409
3684,volatility_20,2026-01-15,Q4,0.028569160428800977
3685,volatility_20,2026-01-16,Q4,0.03939251685094669
3686,volatility_20,2026-01-19,Q4,0.025042767420725087
3687,volatility_20,2026-01-20,Q4,0.001970712625091131
3688,volatility_20,2026-01-21,Q4,-0.04166343961963981
3689,volatility_20,2026-01-22,Q4,-0.05687051936820281
3690,volatility_20,2026-01-23,Q4,-0.06863723565320518
3691,volatility_20,2026-01-26,Q4,-0.0633667998737199
3692,volatility_20,2026-01-27,Q4,-0.016234135469098854
3693,volatility_20,2026-01-28,Q4,0.00805432740743739
3694,volatility_20,2026-01-29,Q4,0.017516327039195367
3695,volatility_20,2026-01-30,Q4,0.04431455342376178
3696,volatility_20,2026-02-02,Q4,0.09806119903760813
3697,volatility_20,2026-02-03,Q4,0.06324403311411364
3698,volatility_20,2026-02-04,Q4,0.05618300982220359
3699,volatility_20,2026-02-05,Q4,0.057134367953057374
3700,volatility_20,2026-02-06,Q4,0.050013428959056694
3701,volatility_20,2026-02-09,Q4,-0.010765477274408242
3702,volatility_20,2026-02-10,Q4,0.026543586655957574
3703,volatility_20,2026-02-11,Q4,-0.0016043147284231507
3704,volatility_20,2026-02-12,Q4,0.007692300435823363
3705,volatility_20,2026-02-13,Q4,-0.02598094957237368
3706,volatility_20,2026-02-24,Q4,-0.025556736045703465
3707,volatility_20,2026-02-25,Q4,-0.035646615167388096
3708,volatility_20,2026-02-26,Q4,-0.029685793727024623
3709,volatility_20,2026-02-27,Q4,-0.020930607168405724
3710,volatility_20,2026-03-02,Q4,-0.015033529433956472
3711,volatility_20,2026-03-03,Q4,0.03387849855572944
3712,volatility_20,2026-03-04,Q4,0.03870564925316289
3713,volatility_20,2026-03-05,Q4,0.017549625157383952
3714,volatility_20,2026-03-06,Q4,0.009469209526261568
3715,volatility_20,2026-03-09,Q4,0.035182461349446026
3716,volatility_20,2026-03-10,Q4,0.013724579300639972
3717,volatility_20,2026-03-11,Q4,0.03224784285000393
3718,volatility_20,2026-03-12,Q4,0.025926893369366932
3719,volatility_20,2026-03-13,Q4,-0.006275801983012141
3720,volatility_20,2026-03-16,Q4,-0.09117224835986654
3721,volatility_20,2026-03-17,Q4,-0.05336458051413401
3722,volatility_20,2026-03-18,Q4,-0.04160375875307876
3723,volatility_20,2026-03-19,Q4,-0.01949715256065876
3724,volatility_20,2026-03-20,Q4,0.00507827308591785
3725,volatility_20,2026-03-23,Q4,0.04227962209085945
3726,volatility_20,2026-03-24,Q4,0.0023391790035497406
3727,volatility_20,2026-03-25,Q4,0.09266909759689601
3728,volatility_20,2026-03-26,Q4,0.07038069451424411
3729,volatility_20,2026-03-27,Q4,-0.006373836494150409
3730,volatility_20,2026-03-30,Q4,-0.04812550507556146
3731,volatility_20,2026-03-31,Q4,0.000581353183952471
3732,volatility_20,2026-04-01,Q4,-0.0017602703168573264
3733,volatility_20,2026-04-02,Q4,0.030873353070618892
3734,volatility_20,2026-04-03,Q4,0.05314134598088416
3735,volatility_20,2026-04-07,Q4,0.05767025530514491
3736,volatility_20,2026-04-08,Q4,0.005932909935137565
3737,volatility_20,2026-04-09,Q4,0.012615193921249435
3738,volatility_20,2026-04-10,Q4,0.003861884378793423
3739,volatility_20,2026-04-13,Q4,0.022127458070124617
3740,volatility_20,2026-04-14,Q4,0.007944091407961928
3741,volatility_20,2026-04-15,Q4,0.023422088109494865
3742,volatility_20,2026-04-16,Q4,0.000826661876233481
3743,volatility_20,2026-04-17,Q4,0.0054530191093730696
3744,volatility_20,2026-04-20,Q4,0.007433949925430672
3745,volatility_20,2026-04-21,Q4,0.023159611144154157
3746,volatility_20,2026-04-22,Q4,0.02667286309325345
3747,volatility_20,2026-04-23,Q4,0.053935482425207903
3748,volatility_20,2025-02-26,Q5,-0.026578282402285547
3749,volatility_20,2025-02-27,Q5,-0.019684128757695596
3750,volatility_20,2025-02-28,Q5,-0.01599209430542159
3751,volatility_20,2025-03-03,Q5,-0.014462523216486889
3752,volatility_20,2025-03-04,Q5,-0.010159232212588687
3753,volatility_20,2025-03-05,Q5,-0.0006380322732889576
3754,volatility_20,2025-03-06,Q5,-0.03589227198514777
3755,volatility_20,2025-03-07,Q5,0.006079151469031929
3756,volatility_20,2025-03-10,Q5,0.012516040512388527
3757,volatility_20,2025-03-11,Q5,0.006729500927329601
3758,volatility_20,2025-03-12,Q5,-0.02006404165282727
3759,volatility_20,2025-03-13,Q5,0.0067210987143599965
3760,volatility_20,2025-03-14,Q5,0.007541198454804943
3761,volatility_20,2025-03-17,Q5,-0.041635684604403644
3762,volatility_20,2025-03-18,Q5,-0.03049555600285425
3763,volatility_20,2025-03-19,Q5,0.0011289398160151398
3764,volatility_20,2025-03-20,Q5,0.05657745781888418
3765,volatility_20,2025-03-21,Q5,0.039668455091488475
3766,volatility_20,2025-03-24,Q5,0.04551883514634947
3767,volatility_20,2025-03-25,Q5,0.03753053447625537
3768,volatility_20,2025-03-26,Q5,0.004893709085698084
3769,volatility_20,2025-03-27,Q5,-0.043397070516612735
3770,volatility_20,2025-03-28,Q5,-0.14600516009307557
3771,volatility_20,2025-03-31,Q5,-0.16748094315547413
3772,volatility_20,2025-04-01,Q5,-0.14198137146548456
3773,volatility_20,2025-04-02,Q5,-0.09404727944492886
3774,volatility_20,2025-04-03,Q5,-0.02031071021716896
3775,volatility_20,2025-04-07,Q5,0.11427779484659728
3776,volatility_20,2025-04-08,Q5,0.07900337372042565
3777,volatility_20,2025-04-09,Q5,0.009004108689557089
3778,volatility_20,2025-04-10,Q5,-0.03427623109591804
3779,volatility_20,2025-04-11,Q5,-0.03600927657850278
3780,volatility_20,2025-04-14,Q5,-0.051251597621029044
3781,volatility_20,2025-04-15,Q5,-0.019781359796870457
3782,volatility_20,2025-04-16,Q5,0.005112239736129676
3783,volatility_20,2025-04-17,Q5,-0.008174183715911498
3784,volatility_20,2025-04-18,Q5,-0.013996876605293085
3785,volatility_20,2025-04-21,Q5,-0.031030454383779937
3786,volatility_20,2025-04-22,Q5,-0.025281547662501513
3787,volatility_20,2025-04-23,Q5,-0.013546834334995206
3788,volatility_20,2025-04-24,Q5,0.018757384380962305
3789,volatility_20,2025-04-25,Q5,-0.013525148376493046
3790,volatility_20,2025-04-28,Q5,0.04837483152189359
3791,volatility_20,2025-04-29,Q5,0.037445115697574693
3792,volatility_20,2025-04-30,Q5,0.08663868957609566
3793,volatility_20,2025-05-06,Q5,0.06182974183798462
3794,volatility_20,2025-05-07,Q5,0.05680067249749732
3795,volatility_20,2025-05-08,Q5,0.02620465595413224
3796,volatility_20,2025-05-09,Q5,0.03003841743325486
3797,volatility_20,2025-05-12,Q5,-0.0001266055635519847
3798,volatility_20,2025-05-13,Q5,0.00954047281969378
3799,volatility_20,2025-05-14,Q5,0.022614558083363268
3800,volatility_20,2025-05-15,Q5,0.04617214316625423
3801,volatility_20,2025-05-16,Q5,0.023434023067483933
3802,volatility_20,2025-05-19,Q5,-0.0025612649387049546
3803,volatility_20,2025-05-20,Q5,-9.088121449246644e-05
3804,volatility_20,2025-05-21,Q5,-0.0019994329646438325
3805,volatility_20,2025-05-22,Q5,-0.0052869314586447835
3806,volatility_20,2025-05-23,Q5,0.008455592149853641
3807,volatility_20,2025-05-26,Q5,0.033820479831119576
3808,volatility_20,2025-05-27,Q5,0.04662593511867541
3809,volatility_20,2025-05-28,Q5,-0.01732171681053951
3810,volatility_20,2025-05-29,Q5,-0.01183025273798105
3811,volatility_20,2025-05-30,Q5,-0.0004509203992567601
3812,volatility_20,2025-06-03,Q5,0.010550029088551294
3813,volatility_20,2025-06-04,Q5,0.021362888841407357
3814,volatility_20,2025-06-05,Q5,0.010140830397427636
3815,volatility_20,2025-06-06,Q5,-0.010642422914782734
3816,volatility_20,2025-06-09,Q5,-0.014770385730609736
3817,volatility_20,2025-06-10,Q5,-0.009154540197125083
3818,volatility_20,2025-06-11,Q5,-0.04440999172370591
3819,volatility_20,2025-06-12,Q5,-0.07131883570670444
3820,volatility_20,2025-06-13,Q5,-0.03047967291769932
3821,volatility_20,2025-06-16,Q5,-0.018043126305404333
3822,volatility_20,2025-06-17,Q5,-0.009032471460175218
3823,volatility_20,2025-06-18,Q5,0.006121715779139059
3824,volatility_20,2025-06-19,Q5,0.02530205089889037
3825,volatility_20,2025-06-20,Q5,0.0006379619715159435
3826,volatility_20,2025-06-23,Q5,-0.02333948296279975
3827,volatility_20,2025-06-24,Q5,-0.04679239257199841
3828,volatility_20,2025-06-25,Q5,-0.000704915434586173
3829,volatility_20,2025-06-26,Q5,-0.008048696106759512
3830,volatility_20,2025-06-27,Q5,-0.01290599581663765
3831,volatility_20,2025-06-30,Q5,-0.024404079626608732
3832,volatility_20,2025-07-01,Q5,-0.030476657884584646
3833,volatility_20,2025-07-02,Q5,-0.016555650798656396
3834,volatility_20,2025-07-03,Q5,0.0031315175255378636
3835,volatility_20,2025-07-04,Q5,0.012804737806701105
3836,volatility_20,2025-07-07,Q5,0.00022497706125962358
3837,volatility_20,2025-07-08,Q5,-0.02023694293591738
3838,volatility_20,2025-07-09,Q5,-0.01205497243707171
3839,volatility_20,2025-07-10,Q5,-0.018597766521523784
3840,volatility_20,2025-07-11,Q5,-0.02166540177894466
3841,volatility_20,2025-07-14,Q5,-0.012929203651568077
3842,volatility_20,2025-07-15,Q5,0.01036028396240013
3843,volatility_20,2025-07-16,Q5,0.007487419945664986
3844,volatility_20,2025-07-17,Q5,0.012062040560204434
3845,volatility_20,2025-07-18,Q5,0.0009932347189237634
3846,volatility_20,2025-07-21,Q5,0.024769075889800762
3847,volatility_20,2025-07-22,Q5,-0.022704206285023842
3848,volatility_20,2025-07-23,Q5,-0.00862429736368453
3849,volatility_20,2025-07-24,Q5,-0.058540921551753
3850,volatility_20,2025-07-25,Q5,-0.03934378719565507
3851,volatility_20,2025-07-28,Q5,-0.026383330697413332
3852,volatility_20,2025-07-29,Q5,-0.011071454154392257
3853,volatility_20,2025-07-30,Q5,-0.012918254714612332
3854,volatility_20,2025-07-31,Q5,0.002115636976413926
3855,volatility_20,2025-08-01,Q5,0.02883261882650978
3856,volatility_20,2025-08-04,Q5,0.03133151419057212
3857,volatility_20,2025-08-05,Q5,0.016910312306278485
3858,volatility_20,2025-08-06,Q5,0.022033101972051605
3859,volatility_20,2025-08-07,Q5,0.004959783761996683
3860,volatility_20,2025-08-08,Q5,-0.011586983438056586
3861,volatility_20,2025-08-11,Q5,0.028468990927407123
3862,volatility_20,2025-08-12,Q5,0.011125206064869775
3863,volatility_20,2025-08-13,Q5,0.005964839940483302
3864,volatility_20,2025-08-14,Q5,-0.022943330548587493
3865,volatility_20,2025-08-15,Q5,-0.033887179023178504
3866,volatility_20,2025-08-18,Q5,-0.055460167785999104
3867,volatility_20,2025-08-19,Q5,-0.06589990845640042
3868,volatility_20,2025-08-20,Q5,-0.08556170930699658
3869,volatility_20,2025-08-21,Q5,-0.028196163097128357
3870,volatility_20,2025-08-22,Q5,-0.01692020713301917
3871,volatility_20,2025-08-25,Q5,-0.029673992850502928
3872,volatility_20,2025-08-26,Q5,-0.032346637876017825
3873,volatility_20,2025-08-27,Q5,0.004720182309192744
3874,volatility_20,2025-08-28,Q5,-0.005223652054697159
3875,volatility_20,2025-08-29,Q5,0.019882837381501317
3876,volatility_20,2025-09-01,Q5,0.02788506393041401
3877,volatility_20,2025-09-02,Q5,0.018227675640381857
3878,volatility_20,2025-09-03,Q5,0.03770054274707535
3879,volatility_20,2025-09-04,Q5,0.031157896600296664
3880,volatility_20,2025-09-05,Q5,0.01172865213940455
3881,volatility_20,2025-09-08,Q5,-0.006445104521685452
3882,volatility_20,2025-09-09,Q5,-0.006450731562988088
3883,volatility_20,2025-09-10,Q5,0.02086738221516876
3884,volatility_20,2025-09-11,Q5,-0.02991655768576651
3885,volatility_20,2025-09-12,Q5,-0.04193364378300862
3886,volatility_20,2025-09-15,Q5,-0.029928556192471756
3887,volatility_20,2025-09-16,Q5,-0.04481709111590115
3888,volatility_20,2025-09-17,Q5,0.015068898062008895
3889,volatility_20,2025-09-18,Q5,0.08242701290809906
3890,volatility_20,2025-09-19,Q5,0.05129521715810259
3891,volatility_20,2025-09-22,Q5,0.17891640601041936
3892,volatility_20,2025-09-23,Q5,0.21576244130946598
3893,volatility_20,2025-09-24,Q5,0.12806567106795175
3894,volatility_20,2025-09-25,Q5,0.1462162998000932
3895,volatility_20,2025-09-26,Q5,0.19888031493358438
3896,volatility_20,2025-09-29,Q5,0.2124747053739569
3897,volatility_20,2025-09-30,Q5,0.06850220894179676
3898,volatility_20,2025-10-09,Q5,-0.006117545236717203
3899,volatility_20,2025-10-10,Q5,-0.04299271125322224
3900,volatility_20,2025-10-13,Q5,-0.08558333475753416
3901,volatility_20,2025-10-14,Q5,-0.04168292249417399
3902,volatility_20,2025-10-15,Q5,-0.00849116000585759
3903,volatility_20,2025-10-16,Q5,0.09827042429973887
3904,volatility_20,2025-10-17,Q5,0.08139979469462755
3905,volatility_20,2025-10-20,Q5,0.05462582633745494
3906,volatility_20,2025-10-21,Q5,-0.021905311609709432
3907,volatility_20,2025-10-22,Q5,0.0190251251453582
3908,volatility_20,2025-10-23,Q5,-0.04573742037085343
3909,volatility_20,2025-10-24,Q5,-0.009302628797552948
3910,volatility_20,2025-10-27,Q5,-0.0011316041209421535
3911,volatility_20,2025-10-28,Q5,-0.06237713880625484
3912,volatility_20,2025-10-29,Q5,-0.06746841151995114
3913,volatility_20,2025-10-30,Q5,-0.051123438107953056
3914,volatility_20,2025-10-31,Q5,-0.06446524769750622
3915,volatility_20,2025-11-03,Q5,-0.04788854157208261
3916,volatility_20,2025-11-04,Q5,-0.011075528249068656
3917,volatility_20,2025-11-05,Q5,-0.028398622242395144
3918,volatility_20,2025-11-06,Q5,-0.027771461193170366
3919,volatility_20,2025-11-07,Q5,-0.012932195027123727
3920,volatility_20,2025-11-10,Q5,0.002380581785512481
3921,volatility_20,2025-11-11,Q5,-0.020823497480955633
3922,volatility_20,2025-11-12,Q5,-0.050200956236441774
3923,volatility_20,2025-11-13,Q5,-0.03823920423653582
3924,volatility_20,2025-11-14,Q5,-0.0899013353817974
3925,volatility_20,2025-11-17,Q5,-0.08699912206977728
3926,volatility_20,2025-11-18,Q5,-0.022620229711032946
3927,volatility_20,2025-11-19,Q5,-0.002061192284731228
3928,volatility_20,2025-11-20,Q5,-0.009997982387090876
3929,volatility_20,2025-11-21,Q5,0.04210527319657176
3930,volatility_20,2025-11-24,Q5,0.07984243488757492
3931,volatility_20,2025-11-25,Q5,0.07118183372530407
3932,volatility_20,2025-11-26,Q5,0.03909802884767416
3933,volatility_20,2025-11-27,Q5,0.01018937718841112
3934,volatility_20,2025-11-28,Q5,-0.009237083510598265
3935,volatility_20,2025-12-01,Q5,-0.05314268497663238
3936,volatility_20,2025-12-02,Q5,-0.05483470540305346
3937,volatility_20,2025-12-03,Q5,-0.02501950370095435
3938,volatility_20,2025-12-04,Q5,-0.019622289599550702
3939,volatility_20,2025-12-05,Q5,0.003921289923762561
3940,volatility_20,2025-12-08,Q5,0.06400568586304412
3941,volatility_20,2025-12-09,Q5,0.06813403461652134
3942,volatility_20,2025-12-10,Q5,0.03433219785612768
3943,volatility_20,2025-12-11,Q5,0.0501472575208311
3944,volatility_20,2025-12-12,Q5,0.04491984796495363
3945,volatility_20,2025-12-15,Q5,0.013050804786401082
3946,volatility_20,2025-12-16,Q5,-0.02560864812182545
3947,volatility_20,2025-12-17,Q5,-0.008008505235138963
3948,volatility_20,2025-12-18,Q5,-0.005604830824975593
3949,volatility_20,2025-12-19,Q5,-0.02858445186860553
3950,volatility_20,2025-12-22,Q5,-0.03668697898096668
3951,volatility_20,2025-12-23,Q5,-0.026205539855939763
3952,volatility_20,2025-12-24,Q5,-0.026808898221684307
3953,volatility_20,2025-12-25,Q5,-0.005905463489252805
3954,volatility_20,2025-12-26,Q5,0.01594686615075891
3955,volatility_20,2025-12-29,Q5,0.00510716091226554
3956,volatility_20,2025-12-30,Q5,0.0535388526918299
3957,volatility_20,2025-12-31,Q5,0.06567601670393164
3958,volatility_20,2026-01-05,Q5,0.028875169356047725
3959,volatility_20,2026-01-06,Q5,0.003014670567120792
3960,volatility_20,2026-01-07,Q5,-0.0033587406400654163
3961,volatility_20,2026-01-08,Q5,-0.04169743027912853
3962,volatility_20,2026-01-09,Q5,-0.04748842434617706
3963,volatility_20,2026-01-12,Q5,-0.034364986042011714
3964,volatility_20,2026-01-13,Q5,-0.023514139898214714
3965,volatility_20,2026-01-14,Q5,0.000983981960833713
3966,volatility_20,2026-01-15,Q5,0.03600032149426802
3967,volatility_20,2026-01-16,Q5,0.05647839106950825
3968,volatility_20,2026-01-19,Q5,0.023890740731795423
3969,volatility_20,2026-01-20,Q5,0.005378769300875774
3970,volatility_20,2026-01-21,Q5,-0.007008293133492383
3971,volatility_20,2026-01-22,Q5,0.012009016107118131
3972,volatility_20,2026-01-23,Q5,-0.024204653496632367
3973,volatility_20,2026-01-26,Q5,-0.06265949332380089
3974,volatility_20,2026-01-27,Q5,-0.049013172849816766
3975,volatility_20,2026-01-28,Q5,-0.02566535039805029
3976,volatility_20,2026-01-29,Q5,-0.0634289706092448
3977,volatility_20,2026-01-30,Q5,-0.02491406767725235
3978,volatility_20,2026-02-02,Q5,0.05568772396408306
3979,volatility_20,2026-02-03,Q5,0.03798456739599754
3980,volatility_20,2026-02-04,Q5,0.002312898655724649
3981,volatility_20,2026-02-05,Q5,0.010878011092900208
3982,volatility_20,2026-02-06,Q5,0.011615283360639883
3983,volatility_20,2026-02-09,Q5,0.012227892654538719
3984,volatility_20,2026-02-10,Q5,0.031225113269815696
3985,volatility_20,2026-02-11,Q5,0.03664419623912196
3986,volatility_20,2026-02-12,Q5,0.04915305210807813
3987,volatility_20,2026-02-13,Q5,0.021783426695847985
3988,volatility_20,2026-02-24,Q5,-0.029343489076468166
3989,volatility_20,2026-02-25,Q5,-0.07661001451223526
3990,volatility_20,2026-02-26,Q5,-0.036302950951983326
3991,volatility_20,2026-02-27,Q5,-0.031283416082284965
3992,volatility_20,2026-03-02,Q5,-0.01965406222995475
3993,volatility_20,2026-03-03,Q5,0.06223258508473872
3994,volatility_20,2026-03-04,Q5,0.05394213807435444
3995,volatility_20,2026-03-05,Q5,0.041459136745291225
3996,volatility_20,2026-03-06,Q5,-0.002377326211548736
3997,volatility_20,2026-03-09,Q5,0.015447979699171721
3998,volatility_20,2026-03-10,Q5,0.01224415788088351
3999,volatility_20,2026-03-11,Q5,0.006965553771276001
4000,volatility_20,2026-03-12,Q5,-0.015639725637852542
4001,volatility_20,2026-03-13,Q5,-0.02080155333774031
4002,volatility_20,2026-03-16,Q5,-0.0765599987905693
4003,volatility_20,2026-03-17,Q5,-0.0624563297315201
4004,volatility_20,2026-03-18,Q5,-0.06806337760870695
4005,volatility_20,2026-03-19,Q5,-0.04967379843398878
4006,volatility_20,2026-03-20,Q5,-0.028916353493482372
4007,volatility_20,2026-03-23,Q5,0.04433499243696326
4008,volatility_20,2026-03-24,Q5,-0.02301227357678165
4009,volatility_20,2026-03-25,Q5,-0.015671834815770946
4010,volatility_20,2026-03-26,Q5,-0.024436641721337637
4011,volatility_20,2026-03-27,Q5,-0.07957356701218604
4012,volatility_20,2026-03-30,Q5,-0.07281143669246393
4013,volatility_20,2026-03-31,Q5,-0.06771045449989921
4014,volatility_20,2026-04-01,Q5,-0.10076914447740726
4015,volatility_20,2026-04-02,Q5,-0.07435032011636744
4016,volatility_20,2026-04-03,Q5,0.013924883666000754
4017,volatility_20,2026-04-07,Q5,0.032595514354047506
4018,volatility_20,2026-04-08,Q5,-0.019848006063188595
4019,volatility_20,2026-04-09,Q5,0.04434387737632639
4020,volatility_20,2026-04-10,Q5,0.04579279683016568
4021,volatility_20,2026-04-13,Q5,0.0633666638388295
4022,volatility_20,2026-04-14,Q5,0.040833164161196756
4023,volatility_20,2026-04-15,Q5,0.05766742022201066
4024,volatility_20,2026-04-16,Q5,0.011465761621854198
4025,volatility_20,2026-04-17,Q5,0.006971386347630226
4026,volatility_20,2026-04-20,Q5,-0.03055659427741486
4027,volatility_20,2026-04-21,Q5,-0.03459532923398945
4028,volatility_20,2026-04-22,Q5,-0.01280737674883442
4029,volatility_20,2026-04-23,Q5,0.0027164845696134865
4030,amount_mean_20,2025-02-25,Q1,0.0015504231283032244
4031,amount_mean_20,2025-02-26,Q1,-0.016871186171195762
4032,amount_mean_20,2025-02-27,Q1,-0.009244983805169471
4033,amount_mean_20,2025-02-28,Q1,0.02083335243738693
4034,amount_mean_20,2025-03-03,Q1,0.009478664060458941
4035,amount_mean_20,2025-03-04,Q1,-0.017027884344402833
4036,amount_mean_20,2025-03-05,Q1,-0.02340087708283367
4037,amount_mean_20,2025-03-06,Q1,-0.03576983284817814
4038,amount_mean_20,2025-03-07,Q1,-0.003139714487570666
4039,amount_mean_20,2025-03-10,Q1,-0.003129887534334741
4040,amount_mean_20,2025-03-11,Q1,0.01417325258890667
4041,amount_mean_20,2025-03-12,Q1,0.009584655045652868
4042,amount_mean_20,2025-03-13,Q1,0.01612909428163012
4043,amount_mean_20,2025-03-14,Q1,-0.014173177496439648
4044,amount_mean_20,2025-03-17,Q1,-0.0580847554484073
4045,amount_mean_20,2025-03-18,Q1,-0.05900622842617309
4046,amount_mean_20,2025-03-19,Q1,0.00632910771622841
4047,amount_mean_20,2025-03-20,Q1,0.007936462283165913
4048,amount_mean_20,2025-03-21,Q1,-0.009584731217720188
4049,amount_mean_20,2025-03-24,Q1,0.015000025431315178
4050,amount_mean_20,2025-03-25,Q1,0.011551183551541389
4051,amount_mean_20,2025-03-26,Q1,-0.03459123622804716
4052,amount_mean_20,2025-03-27,Q1,-0.023622062617355444
4053,amount_mean_20,2025-03-28,Q1,-0.09999998461815574
4054,amount_mean_20,2025-03-31,Q1,-0.11822664187009113
4055,amount_mean_20,2025-04-01,Q1,-0.10277326307984525
4056,amount_mean_20,2025-04-02,Q1,-0.052117215274042006
4057,amount_mean_20,2025-04-03,Q1,-0.04516124864274451
4058,amount_mean_20,2025-04-07,Q1,0.1164874738807744
4059,amount_mean_20,2025-04-08,Q1,0.12290509093382473
4060,amount_mean_20,2025-04-09,Q1,0.0872727307406338
4061,amount_mean_20,2025-04-10,Q1,0.04467349559724476
4062,amount_mean_20,2025-04-11,Q1,0.04054050135560283
4063,amount_mean_20,2025-04-14,Q1,0.03691814099026147
4064,amount_mean_20,2025-04-15,Q1,0.10945270720530975
4065,amount_mean_20,2025-04-16,Q1,0.10702338870305805
4066,amount_mean_20,2025-04-17,Q1,0.07072373529137721
4067,amount_mean_20,2025-04-18,Q1,0.023199089596134703
4068,amount_mean_20,2025-04-21,Q1,-0.019464700999327622
4069,amount_mean_20,2025-04-22,Q1,-0.02142849519949841
4070,amount_mean_20,2025-04-23,Q1,-0.014285701310552956
4071,amount_mean_20,2025-04-24,Q1,-0.008353185425808207
4072,amount_mean_20,2025-04-25,Q1,0.008353185425808096
4073,amount_mean_20,2025-04-28,Q1,0.04342424436400405
4074,amount_mean_20,2025-04-29,Q1,0.020681273816478107
4075,amount_mean_20,2025-04-30,Q1,0.006038670573352833
4076,amount_mean_20,2025-05-06,Q1,0.007220151975052547
4077,amount_mean_20,2025-05-07,Q1,-0.002366805271099115
4078,amount_mean_20,2025-05-08,Q1,-0.003567150239654593
4079,amount_mean_20,2025-05-09,Q1,0.002383731021569302
4080,amount_mean_20,2025-05-12,Q1,0.04561826145513992
4081,amount_mean_20,2025-05-13,Q1,0.03584231718478992
4082,amount_mean_20,2025-05-14,Q1,0.016607281682123
4083,amount_mean_20,2025-05-15,Q1,0.013126450498215148
4084,amount_mean_20,2025-05-16,Q1,-0.015457802235385398
4085,amount_mean_20,2025-05-19,Q1,-0.03903560862213551
4086,amount_mean_20,2025-05-20,Q1,-0.01153406927217382
4087,amount_mean_20,2025-05-21,Q1,-0.012835432974831917
4088,amount_mean_20,2025-05-22,Q1,0.007067187424528942
4089,amount_mean_20,2025-05-23,Q1,0.039855064534843665
4090,amount_mean_20,2025-05-26,Q1,0.025089610635394388
4091,amount_mean_20,2025-05-27,Q1,0.0035006636772259014
4092,amount_mean_20,2025-05-28,Q1,0.009456255714577644
4093,amount_mean_20,2025-05-29,Q1,0.007017481240222834
4094,amount_mean_20,2025-05-30,Q1,-0.0023228228672280693
4095,amount_mean_20,2025-06-03,Q1,0.0011655278520696921
4096,amount_mean_20,2025-06-04,Q1,0.017441815334505728
4097,amount_mean_20,2025-06-05,Q1,0.009367672606955812
4098,amount_mean_20,2025-06-06,Q1,-0.018583025992112034
4099,amount_mean_20,2025-06-09,Q1,-0.01164148774078888
4100,amount_mean_20,2025-06-10,Q1,-0.014989329875327972
4101,amount_mean_20,2025-06-11,Q1,-0.025586329231347626
4102,amount_mean_20,2025-06-12,Q1,-0.019354871127326034
4103,amount_mean_20,2025-06-13,Q1,-0.0021882338087966247
4104,amount_mean_20,2025-06-16,Q1,-0.008714588349299945
4105,amount_mean_20,2025-06-17,Q1,-0.0023529950310202663
4106,amount_mean_20,2025-06-18,Q1,0.025179860228397022
4107,amount_mean_20,2025-06-19,Q1,0.030487805587205763
4108,amount_mean_20,2025-06-20,Q1,0.028014560434550306
4109,amount_mean_20,2025-06-23,Q1,0.015384547668098714
4110,amount_mean_20,2025-06-24,Q1,0.010869606906841245
4111,amount_mean_20,2025-06-25,Q1,-0.01286556817516371
4112,amount_mean_20,2025-06-26,Q1,-0.0011834590659837163
4113,amount_mean_20,2025-06-27,Q1,-0.009478664417471583
4114,amount_mean_20,2025-06-30,Q1,0.020118352678250462
4115,amount_mean_20,2025-07-01,Q1,0.03914589700589266
4116,amount_mean_20,2025-07-02,Q1,0.04265410287321525
4117,amount_mean_20,2025-07-03,Q1,0.06990523482479793
4118,amount_mean_20,2025-07-04,Q1,0.0657894992011836
4119,amount_mean_20,2025-07-07,Q1,0.022041825589339314
4120,amount_mean_20,2025-07-08,Q1,0.0034246269620270553
4121,amount_mean_20,2025-07-09,Q1,-0.004545450112051319
4122,amount_mean_20,2025-07-10,Q1,-0.03654484313007533
4123,amount_mean_20,2025-07-11,Q1,-0.024691388417106164
4124,amount_mean_20,2025-07-14,Q1,-0.009080689395001396
4125,amount_mean_20,2025-07-15,Q1,-0.0022752564477985793
4126,amount_mean_20,2025-07-16,Q1,-0.007990941400633944
4127,amount_mean_20,2025-07-17,Q1,0.046413490507621
4128,amount_mean_20,2025-07-18,Q1,0.025352155999091686
4129,amount_mean_20,2025-07-21,Q1,0.008310307667627637
4130,amount_mean_20,2025-07-22,Q1,0.008415139104699154
4131,amount_mean_20,2025-07-23,Q1,0.01416429255567353
4132,amount_mean_20,2025-07-24,Q1,-0.047042997572680934
4133,amount_mean_20,2025-07-25,Q1,-0.02335165815859508
4134,amount_mean_20,2025-07-28,Q1,-0.012362657966222823
4135,amount_mean_20,2025-07-29,Q1,0.008344915480116954
4136,amount_mean_20,2025-07-30,Q1,-0.0013966134438245792
4137,amount_mean_20,2025-07-31,Q1,0.004231273952827852
4138,amount_mean_20,2025-08-01,Q1,0.05766523765301956
4139,amount_mean_20,2025-08-04,Q1,0.05424198378050682
4140,amount_mean_20,2025-08-05,Q1,0.03172414056186024
4141,amount_mean_20,2025-08-06,Q1,0.0461538348677597
4142,amount_mean_20,2025-08-07,Q1,0.022471956014182393
4143,amount_mean_20,2025-08-08,Q1,0.15650180391511315
4144,amount_mean_20,2025-08-11,Q1,0.06485354166793433
4145,amount_mean_20,2025-08-12,Q1,0.01737969439965603
4146,amount_mean_20,2025-08-13,Q1,0.021390353877556167
4147,amount_mean_20,2025-08-14,Q1,0.07142856675002807
4148,amount_mean_20,2025-08-15,Q1,0.061391581280504814
4149,amount_mean_20,2025-08-18,Q1,0.011968105427681452
4150,amount_mean_20,2025-08-19,Q1,0.015768710046482504
4151,amount_mean_20,2025-08-20,Q1,-0.014397861073241924
4152,amount_mean_20,2025-08-21,Q1,-0.03333336186205149
4153,amount_mean_20,2025-08-22,Q1,-0.028277668521326182
4154,amount_mean_20,2025-08-25,Q1,0.0026281183410803433
4155,amount_mean_20,2025-08-26,Q1,-0.02846051612533107
4156,amount_mean_20,2025-08-27,Q1,-0.029216502111413356
4157,amount_mean_20,2025-08-28,Q1,-0.015915104266073565
4158,amount_mean_20,2025-08-29,Q1,-0.007936500427734305
4159,amount_mean_20,2025-09-01,Q1,-0.0013106459674763205
4160,amount_mean_20,2025-09-02,Q1,0.011983977764023601
4161,amount_mean_20,2025-09-03,Q1,0.04377567362055279
4162,amount_mean_20,2025-09-04,Q1,0.02830189164254837
4163,amount_mean_20,2025-09-05,Q1,0.009333356221516986
4164,amount_mean_20,2025-09-08,Q1,-0.010498677809387513
4165,amount_mean_20,2025-09-09,Q1,-0.00921048627665777
4166,amount_mean_20,2025-09-10,Q1,-0.023591127454258287
4167,amount_mean_20,2025-09-11,Q1,-0.05242465129330365
4168,amount_mean_20,2025-09-12,Q1,-0.056803209435252855
4169,amount_mean_20,2025-09-15,Q1,-0.06498670737363532
4170,amount_mean_20,2025-09-16,Q1,-0.08100931162257297
4171,amount_mean_20,2025-09-17,Q1,-0.06442953441106636
4172,amount_mean_20,2025-09-18,Q1,-0.04426005128868371
4173,amount_mean_20,2025-09-19,Q1,-0.028011178292021377
4174,amount_mean_20,2025-09-22,Q1,0.021276541059871645
4175,amount_mean_20,2025-09-23,Q1,0.053468190965286544
4176,amount_mean_20,2025-09-24,Q1,0.0588235777031485
4177,amount_mean_20,2025-09-25,Q1,0.060781488504842995
4178,amount_mean_20,2025-09-26,Q1,0.04322762412452463
4179,amount_mean_20,2025-09-29,Q1,0.011111167036458314
4180,amount_mean_20,2025-09-30,Q1,-0.006858736762208939
4181,amount_mean_20,2025-10-09,Q1,-0.025745264806795065
4182,amount_mean_20,2025-10-10,Q1,-0.03956343313389876
4183,amount_mean_20,2025-10-13,Q1,-0.006906038049498853
4184,amount_mean_20,2025-10-14,Q1,0.01373625024046543
4185,amount_mean_20,2025-10-15,Q1,0.01795581747937547
4186,amount_mean_20,2025-10-16,Q1,0.02781638493372318
4187,amount_mean_20,2025-10-17,Q1,0.04829547648156485
4188,amount_mean_20,2025-10-20,Q1,0.01668983096023391
4189,amount_mean_20,2025-10-21,Q1,0.0027100244737636725
4190,amount_mean_20,2025-10-22,Q1,0.0841248161718322
4191,amount_mean_20,2025-10-23,Q1,0.11096078301437617
4192,amount_mean_20,2025-10-24,Q1,0.12466125501728964
4193,amount_mean_20,2025-10-27,Q1,0.17647064962899006
4194,amount_mean_20,2025-10-28,Q1,0.1594594342069442
4195,amount_mean_20,2025-10-29,Q1,0.11013768956813941
4196,amount_mean_20,2025-10-30,Q1,0.09135200931975618
4197,amount_mean_20,2025-10-31,Q1,0.16506022338269188
4198,amount_mean_20,2025-11-03,Q1,0.13837203809285548
4199,amount_mean_20,2025-11-04,Q1,0.044025165406013755
4200,amount_mean_20,2025-11-05,Q1,0.02702705114083548
4201,amount_mean_20,2025-11-06,Q1,0.024793364003288243
4202,amount_mean_20,2025-11-07,Q1,0.0
4203,amount_mean_20,2025-11-10,Q1,0.0020284440628888234
4204,amount_mean_20,2025-11-11,Q1,-0.022088380139177133
4205,amount_mean_20,2025-11-12,Q1,-0.026315812335043542
4206,amount_mean_20,2025-11-13,Q1,-0.032258033504347416
4207,amount_mean_20,2025-11-14,Q1,-0.05476673231802154
4208,amount_mean_20,2025-11-17,Q1,-0.06680160321531103
4209,amount_mean_20,2025-11-18,Q1,-0.04928126832812274
4210,amount_mean_20,2025-11-19,Q1,-0.031185051382921936
4211,amount_mean_20,2025-11-20,Q1,-0.03541668115390617
4212,amount_mean_20,2025-11-21,Q1,0.0042918415410722055
4213,amount_mean_20,2025-11-24,Q1,0.026030343185174942
4214,amount_mean_20,2025-11-25,Q1,0.030237551409326713
4215,amount_mean_20,2025-11-26,Q1,0.025751151572007247
4216,amount_mean_20,2025-11-27,Q1,0.017278600805329614
4217,amount_mean_20,2025-11-28,Q1,0.010683801830952966
4218,amount_mean_20,2025-12-01,Q1,-0.002114213285731581
4219,amount_mean_20,2025-12-02,Q1,-0.02096434067765862
4220,amount_mean_20,2025-12-03,Q1,-0.027196675467537346
4221,amount_mean_20,2025-12-04,Q1,-0.02760087333079153
4222,amount_mean_20,2025-12-05,Q1,-0.03382660608180088
4223,amount_mean_20,2025-12-08,Q1,-0.05720338833225891
4224,amount_mean_20,2025-12-09,Q1,-0.05139191521079878
4225,amount_mean_20,2025-12-10,Q1,-0.04731188441221412
4226,amount_mean_20,2025-12-11,Q1,-0.03275111307121037
4227,amount_mean_20,2025-12-12,Q1,0.02343750415768997
4228,amount_mean_20,2025-12-15,Q1,0.00553711984644889
4229,amount_mean_20,2025-12-16,Q1,0.008988755857864295
4230,amount_mean_20,2025-12-17,Q1,0.00897866723637386
4231,amount_mean_20,2025-12-18,Q1,0.014557683090511198
4232,amount_mean_20,2025-12-19,Q1,-0.014176675393601235
4233,amount_mean_20,2025-12-22,Q1,-0.016519781915267928
4234,amount_mean_20,2025-12-23,Q1,-0.013363016890443835
4235,amount_mean_20,2025-12-24,Q1,0.0022247450804089297
4236,amount_mean_20,2025-12-25,Q1,-0.002207555942311812
4237,amount_mean_20,2025-12-26,Q1,0.0033185545462151023
4238,amount_mean_20,2025-12-29,Q1,0.00111973962662959
4239,amount_mean_20,2025-12-30,Q1,0.022573450416414564
4240,amount_mean_20,2025-12-31,Q1,0.00998891790250922
4241,amount_mean_20,2026-01-05,Q1,-0.0011062200137206268
4242,amount_mean_20,2026-01-06,Q1,-0.01874311819337282
4243,amount_mean_20,2026-01-07,Q1,-0.019015562706809486
4244,amount_mean_20,2026-01-08,Q1,-0.03642393621371731
4245,amount_mean_20,2026-01-09,Q1,-0.054945052641772074
4246,amount_mean_20,2026-01-12,Q1,-0.027685493620467794
4247,amount_mean_20,2026-01-13,Q1,-0.0056178920453485715
4248,amount_mean_20,2026-01-14,Q1,0.019384163483040284
4249,amount_mean_20,2026-01-15,Q1,0.03665528811889973
4250,amount_mean_20,2026-01-16,Q1,0.05581389778430412
4251,amount_mean_20,2026-01-19,Q1,0.023918000516374383
4252,amount_mean_20,2026-01-20,Q1,0.0
4253,amount_mean_20,2026-01-21,Q1,-0.008948537747316632
4254,amount_mean_20,2026-01-22,Q1,0.0066297751025252705
4255,amount_mean_20,2026-01-23,Q1,-0.019823822322491025
4256,amount_mean_20,2026-01-26,Q1,-0.027808677015005667
4257,amount_mean_20,2026-01-27,Q1,0.0
4258,amount_mean_20,2026-01-28,Q1,0.03273137393797443
4259,amount_mean_20,2026-01-29,Q1,0.0021954400128887386
4260,amount_mean_20,2026-01-30,Q1,0.017977618870150813
4261,amount_mean_20,2026-02-02,Q1,0.06178489427854328
4262,amount_mean_20,2026-02-03,Q1,0.036158156048697876
4263,amount_mean_20,2026-02-04,Q1,0.008743161425279311
4264,amount_mean_20,2026-02-05,Q1,-0.009857628856492329
4265,amount_mean_20,2026-02-06,Q1,-0.002207555942311812
4266,amount_mean_20,2026-02-09,Q1,-0.022629315106643455
4267,amount_mean_20,2026-02-10,Q1,0.008724091934619427
4268,amount_mean_20,2026-02-11,Q1,-0.03466952445229332
4269,amount_mean_20,2026-02-12,Q1,-0.01659287822602229
4270,amount_mean_20,2026-02-13,Q1,-0.047566405640519394
4271,amount_mean_20,2026-02-24,Q1,-0.07828005094114099
4272,amount_mean_20,2026-02-25,Q1,-0.09945946770745351
4273,amount_mean_20,2026-02-26,Q1,-0.06285067065461658
4274,amount_mean_20,2026-02-27,Q1,-0.03712034993945934
4275,amount_mean_20,2026-03-02,Q1,-0.019744492807512115
4276,amount_mean_20,2026-03-03,Q1,0.026315822495649455
4277,amount_mean_20,2026-03-04,Q1,0.03001200507679891
4278,amount_mean_20,2026-03-05,Q1,0.01916165749730747
4279,amount_mean_20,2026-03-06,Q1,0.0035046415304422762
4280,amount_mean_20,2026-03-09,Q1,0.03317543845574367
4281,amount_mean_20,2026-03-10,Q1,0.03729600205940309
4282,amount_mean_20,2026-03-11,Q1,0.052447530683748855
4283,amount_mean_20,2026-03-12,Q1,0.05405405708284139
4284,amount_mean_20,2026-03-13,Q1,0.01513388965444351
4285,amount_mean_20,2026-03-16,Q1,-0.06880738108901074
4286,amount_mean_20,2026-03-17,Q1,-0.03932578008955112
4287,amount_mean_20,2026-03-18,Q1,-0.042081962976524334
4288,amount_mean_20,2026-03-19,Q1,-0.03678928805822235
4289,amount_mean_20,2026-03-20,Q1,-0.013761454344538682
4290,amount_mean_20,2026-03-23,Q1,0.0480295996082889
4291,amount_mean_20,2026-03-24,Q1,0.004678358007099481
4292,amount_mean_20,2026-03-25,Q1,-0.008092450625577285
4293,amount_mean_20,2026-03-26,Q1,-0.027777860562003376
4294,amount_mean_20,2026-03-27,Q1,-0.05348837415613683
4295,amount_mean_20,2026-03-30,Q1,-0.032902547487040246
4296,amount_mean_20,2026-03-31,Q1,0.0
4297,amount_mean_20,2026-04-01,Q1,-0.025641056991266398
4298,amount_mean_20,2026-04-02,Q1,-0.0011903899597163203
4299,amount_mean_20,2026-04-03,Q1,0.029484000122314002
4300,amount_mean_20,2026-04-07,Q1,0.02916169357735665
4301,amount_mean_20,2026-04-08,Q1,-0.03259601024417169
4302,amount_mean_20,2026-04-09,Q1,0.0035885990284156843
4303,amount_mean_20,2026-04-10,Q1,0.014302727133328919
4304,amount_mean_20,2026-04-13,Q1,0.005966609791412836
4305,amount_mean_20,2026-04-14,Q1,-0.011806420108273041
4306,amount_mean_20,2026-04-15,Q1,0.013237021795760695
4307,amount_mean_20,2026-04-16,Q1,0.002383731021569302
4308,amount_mean_20,2026-04-17,Q1,-0.008225692904327064
4309,amount_mean_20,2026-04-20,Q1,0.004744953784695527
4310,amount_mean_20,2026-04-21,Q1,-0.011947363101873054
4311,amount_mean_20,2026-04-22,Q1,-0.041567740890541494
4312,amount_mean_20,2026-04-23,Q1,-0.04042808070829085
4313,amount_mean_20,2025-02-25,Q2,0.003230589776564985
4314,amount_mean_20,2025-02-26,Q2,-0.025493124291060043
4315,amount_mean_20,2025-02-27,Q2,-0.012841912427373203
4316,amount_mean_20,2025-02-28,Q2,-0.01024448141246237
4317,amount_mean_20,2025-03-03,Q2,-0.0076554104608306806
4318,amount_mean_20,2025-03-04,Q2,0.0005858613123629342
4319,amount_mean_20,2025-03-05,Q2,0.010792120104129721
4320,amount_mean_20,2025-03-06,Q2,-0.0012317310652079083
4321,amount_mean_20,2025-03-07,Q2,0.021761307686979037
4322,amount_mean_20,2025-03-10,Q2,0.028002771419234906
4323,amount_mean_20,2025-03-11,Q2,0.012475762412503588
4324,amount_mean_20,2025-03-12,Q2,0.013926885710254466
4325,amount_mean_20,2025-03-13,Q2,0.020496448623909314
4326,amount_mean_20,2025-03-14,Q2,0.010406875049209119
4327,amount_mean_20,2025-03-17,Q2,-0.017062015112998485
4328,amount_mean_20,2025-03-18,Q2,-0.0006832046928891278
4329,amount_mean_20,2025-03-19,Q2,0.004051948784086767
4330,amount_mean_20,2025-03-20,Q2,-0.00034044026608287536
4331,amount_mean_20,2025-03-21,Q2,-0.012579628034506463
4332,amount_mean_20,2025-03-24,Q2,-0.0032107066228783676
4333,amount_mean_20,2025-03-25,Q2,0.00034211608034462326
4334,amount_mean_20,2025-03-26,Q2,-0.007296508785406441
4335,amount_mean_20,2025-03-27,Q2,0.0005868118937956135
4336,amount_mean_20,2025-03-28,Q2,-0.08431231310797477
4337,amount_mean_20,2025-03-31,Q2,-0.06591919359370907
4338,amount_mean_20,2025-04-01,Q2,-0.058108625308439854
4339,amount_mean_20,2025-04-02,Q2,-0.04428518898323158
4340,amount_mean_20,2025-04-03,Q2,-0.05838940192228276
4341,amount_mean_20,2025-04-07,Q2,0.049868706493156
4342,amount_mean_20,2025-04-08,Q2,0.03493099773298347
4343,amount_mean_20,2025-04-09,Q2,0.0052845932810192675
4344,amount_mean_20,2025-04-10,Q2,0.0029170310294043267
4345,amount_mean_20,2025-04-11,Q2,0.019011389035126336
4346,amount_mean_20,2025-04-14,Q2,0.011042502571906032
4347,amount_mean_20,2025-04-15,Q2,0.028967226573978544
4348,amount_mean_20,2025-04-16,Q2,0.032632681055906165
4349,amount_mean_20,2025-04-17,Q2,0.021025730601150816
4350,amount_mean_20,2025-04-18,Q2,0.08116883317944501
4351,amount_mean_20,2025-04-21,Q2,0.015727172212079144
4352,amount_mean_20,2025-04-22,Q2,0.0034919422583142845
4353,amount_mean_20,2025-04-23,Q2,0.0013028195565052414
4354,amount_mean_20,2025-04-24,Q2,0.0217305184565611
4355,amount_mean_20,2025-04-25,Q2,-0.023424282723576273
4356,amount_mean_20,2025-04-28,Q2,0.02330434265951431
4357,amount_mean_20,2025-04-29,Q2,0.023679071447384792
4358,amount_mean_20,2025-04-30,Q2,0.03534704208671968
4359,amount_mean_20,2025-05-06,Q2,0.034457461756716934
4360,amount_mean_20,2025-05-07,Q2,0.03378039916391079
4361,amount_mean_20,2025-05-08,Q2,0.020284515318295726
4362,amount_mean_20,2025-05-09,Q2,0.012361480599707986
4363,amount_mean_20,2025-05-12,Q2,0.02112341399008283
4364,amount_mean_20,2025-05-13,Q2,0.013329426282749801
4365,amount_mean_20,2025-05-14,Q2,0.01883744711991714
4366,amount_mean_20,2025-05-15,Q2,0.03855060313508102
4367,amount_mean_20,2025-05-16,Q2,0.024963206109877567
4368,amount_mean_20,2025-05-19,Q2,-0.0021736015115584872
4369,amount_mean_20,2025-05-20,Q2,0.0023895582717844976
4370,amount_mean_20,2025-05-21,Q2,-0.008315241335697388
4371,amount_mean_20,2025-05-22,Q2,-0.011688808220551017
4372,amount_mean_20,2025-05-23,Q2,0.004752643471556073
4373,amount_mean_20,2025-05-26,Q2,0.030223360922424836
4374,amount_mean_20,2025-05-27,Q2,0.04155626088758635
4375,amount_mean_20,2025-05-28,Q2,0.03652609975568222
4376,amount_mean_20,2025-05-29,Q2,0.0298016919177011
4377,amount_mean_20,2025-05-30,Q2,0.033078878631902064
4378,amount_mean_20,2025-06-03,Q2,0.0033897213212994437
4379,amount_mean_20,2025-06-04,Q2,-0.0038467209750162046
4380,amount_mean_20,2025-06-05,Q2,-0.00471367919762361
4381,amount_mean_20,2025-06-06,Q2,-0.03436113129053625
4382,amount_mean_20,2025-06-09,Q2,-0.04168722193461094
4383,amount_mean_20,2025-06-10,Q2,-0.015127429779939638
4384,amount_mean_20,2025-06-11,Q2,-0.047064918253844956
4385,amount_mean_20,2025-06-12,Q2,-0.06287051672047228
4386,amount_mean_20,2025-06-13,Q2,-0.038130648276102186
4387,amount_mean_20,2025-06-16,Q2,-0.019953843072805122
4388,amount_mean_20,2025-06-17,Q2,-0.007566197235607142
4389,amount_mean_20,2025-06-18,Q2,0.0014754913308704931
4390,amount_mean_20,2025-06-19,Q2,0.014753991225626484
4391,amount_mean_20,2025-06-20,Q2,0.012757618283571803
4392,amount_mean_20,2025-06-23,Q2,0.001850419324291308
4393,amount_mean_20,2025-06-24,Q2,-0.019593379134264954
4394,amount_mean_20,2025-06-25,Q2,0.003577047273057743
4395,amount_mean_20,2025-06-26,Q2,0.002614891742014347
4396,amount_mean_20,2025-06-27,Q2,-0.004591516070126089
4397,amount_mean_20,2025-06-30,Q2,-0.01089787876675441
4398,amount_mean_20,2025-07-01,Q2,0.0036245624067836046
4399,amount_mean_20,2025-07-02,Q2,-0.021095501360623492
4400,amount_mean_20,2025-07-03,Q2,-0.0038197387846504727
4401,amount_mean_20,2025-07-04,Q2,-0.0023609429264704884
4402,amount_mean_20,2025-07-07,Q2,0.006768599863962055
4403,amount_mean_20,2025-07-08,Q2,-0.027820871636342226
4404,amount_mean_20,2025-07-09,Q2,-0.011436719241010418
4405,amount_mean_20,2025-07-10,Q2,-0.01525872784344412
4406,amount_mean_20,2025-07-11,Q2,-0.009275950063172667
4407,amount_mean_20,2025-07-14,Q2,0.013483437320466862
4408,amount_mean_20,2025-07-15,Q2,0.04317176330943584
4409,amount_mean_20,2025-07-16,Q2,0.018496394953644024
4410,amount_mean_20,2025-07-17,Q2,0.04292424951034102
4411,amount_mean_20,2025-07-18,Q2,0.032316675644387116
4412,amount_mean_20,2025-07-21,Q2,0.0028636995049632352
4413,amount_mean_20,2025-07-22,Q2,-0.012138418769943926
4414,amount_mean_20,2025-07-23,Q2,-0.0018497546905395512
4415,amount_mean_20,2025-07-24,Q2,-0.05648835485927822
4416,amount_mean_20,2025-07-25,Q2,-0.04584981275060229
4417,amount_mean_20,2025-07-28,Q2,-0.037286295555922666
4418,amount_mean_20,2025-07-29,Q2,-0.0327580591404657
4419,amount_mean_20,2025-07-30,Q2,-0.023609459117289566
4420,amount_mean_20,2025-07-31,Q2,0.014167636573307552
4421,amount_mean_20,2025-08-01,Q2,0.012382078389333917
4422,amount_mean_20,2025-08-04,Q2,0.06788982275317912
4423,amount_mean_20,2025-08-05,Q2,0.11697333012575972
4424,amount_mean_20,2025-08-06,Q2,0.08928253678278547
4425,amount_mean_20,2025-08-07,Q2,0.0849982113590505
4426,amount_mean_20,2025-08-08,Q2,-0.011586983438056586
4427,amount_mean_20,2025-08-11,Q2,-0.00500159536838829
4428,amount_mean_20,2025-08-12,Q2,-0.017776499786732236
4429,amount_mean_20,2025-08-13,Q2,-0.008766800078319148
4430,amount_mean_20,2025-08-14,Q2,-0.020341028542407102
4431,amount_mean_20,2025-08-15,Q2,-0.02349008970477867
4432,amount_mean_20,2025-08-18,Q2,0.02851139486175569
4433,amount_mean_20,2025-08-19,Q2,0.023623538840316982
4434,amount_mean_20,2025-08-20,Q2,-0.011280629004857545
4435,amount_mean_20,2025-08-21,Q2,-0.03226990821030773
4436,amount_mean_20,2025-08-22,Q2,-0.03245456594270191
4437,amount_mean_20,2025-08-25,Q2,-0.030714948310287427
4438,amount_mean_20,2025-08-26,Q2,-0.031208744017897527
4439,amount_mean_20,2025-08-27,Q2,-0.02820551236818758
4440,amount_mean_20,2025-08-28,Q2,-0.021914328073368072
4441,amount_mean_20,2025-08-29,Q2,-0.0017298226083666823
4442,amount_mean_20,2025-09-01,Q2,-0.003417410352220651
4443,amount_mean_20,2025-09-02,Q2,-0.00025414191335237923
4444,amount_mean_20,2025-09-03,Q2,0.02042734720976236
4445,amount_mean_20,2025-09-04,Q2,0.015329985679396141
4446,amount_mean_20,2025-09-05,Q2,0.0067819087185278515
4447,amount_mean_20,2025-09-08,Q2,0.010692734463753073
4448,amount_mean_20,2025-09-09,Q2,0.02567790584578894
4449,amount_mean_20,2025-09-10,Q2,0.026068141727336458
4450,amount_mean_20,2025-09-11,Q2,-0.010524515788084055
4451,amount_mean_20,2025-09-12,Q2,-0.007901315288379118
4452,amount_mean_20,2025-09-15,Q2,-0.016599867789420575
4453,amount_mean_20,2025-09-16,Q2,-0.026218944767925856
4454,amount_mean_20,2025-09-17,Q2,-0.016476562539320838
4455,amount_mean_20,2025-09-18,Q2,-0.0038495886559526404
4456,amount_mean_20,2025-09-19,Q2,-0.011790678047720993
4457,amount_mean_20,2025-09-22,Q2,0.0038802489618483538
4458,amount_mean_20,2025-09-23,Q2,0.01740255881416486
4459,amount_mean_20,2025-09-24,Q2,-0.005854934283399227
4460,amount_mean_20,2025-09-25,Q2,0.027518508497862304
4461,amount_mean_20,2025-09-26,Q2,0.041208789481329
4462,amount_mean_20,2025-09-29,Q2,0.04385712758565474
4463,amount_mean_20,2025-09-30,Q2,0.01725073212150241
4464,amount_mean_20,2025-10-09,Q2,0.05145634110149777
4465,amount_mean_20,2025-10-10,Q2,0.00411246855540065
4466,amount_mean_20,2025-10-13,Q2,-0.00925253690763439
4467,amount_mean_20,2025-10-14,Q2,0.005901467449593578
4468,amount_mean_20,2025-10-15,Q2,0.0377171974230307
4469,amount_mean_20,2025-10-16,Q2,0.0654010163385147
4470,amount_mean_20,2025-10-17,Q2,0.03130530374743856
4471,amount_mean_20,2025-10-20,Q2,0.017507731784354053
4472,amount_mean_20,2025-10-21,Q2,0.055637839251302945
4473,amount_mean_20,2025-10-22,Q2,0.05991135338644571
4474,amount_mean_20,2025-10-23,Q2,-0.007776296868512056
4475,amount_mean_20,2025-10-24,Q2,0.00948280144602548
4476,amount_mean_20,2025-10-27,Q2,0.014008633424744232
4477,amount_mean_20,2025-10-28,Q2,0.016157662044835264
4478,amount_mean_20,2025-10-29,Q2,0.017482543132715245
4479,amount_mean_20,2025-10-30,Q2,0.02238939576888399
4480,amount_mean_20,2025-10-31,Q2,0.03174597501614562
4481,amount_mean_20,2025-11-03,Q2,0.03223537486424999
4482,amount_mean_20,2025-11-04,Q2,0.09886799987556771
4483,amount_mean_20,2025-11-05,Q2,0.09858238930935437
4484,amount_mean_20,2025-11-06,Q2,0.10318344146846692
4485,amount_mean_20,2025-11-07,Q2,0.07039391843385967
4486,amount_mean_20,2025-11-10,Q2,0.07061797749965038
4487,amount_mean_20,2025-11-11,Q2,0.026323290812799105
4488,amount_mean_20,2025-11-12,Q2,-0.017866901954229464
4489,amount_mean_20,2025-11-13,Q2,0.008656258068335365
4490,amount_mean_20,2025-11-14,Q2,-0.058080243790859076
4491,amount_mean_20,2025-11-17,Q2,-0.0626703126867652
4492,amount_mean_20,2025-11-18,Q2,-0.022620229711032946
4493,amount_mean_20,2025-11-19,Q2,-0.002061192284731228
4494,amount_mean_20,2025-11-20,Q2,-0.009997982387090876
4495,amount_mean_20,2025-11-21,Q2,0.04210527319657176
4496,amount_mean_20,2025-11-24,Q2,0.07984243488757492
4497,amount_mean_20,2025-11-25,Q2,0.05358093003642489
4498,amount_mean_20,2025-11-26,Q2,0.02509646447639302
4499,amount_mean_20,2025-11-27,Q2,-0.012707182456445199
4500,amount_mean_20,2025-11-28,Q2,-0.021155074282525388
4501,amount_mean_20,2025-12-01,Q2,-0.06057405342250083
4502,amount_mean_20,2025-12-02,Q2,-0.046883568574409396
4503,amount_mean_20,2025-12-03,Q2,-0.016636631012112768
4504,amount_mean_20,2025-12-04,Q2,-0.015789901661718786
4505,amount_mean_20,2025-12-05,Q2,0.00523029356818594
4506,amount_mean_20,2025-12-08,Q2,0.06829974748188522
4507,amount_mean_20,2025-12-09,Q2,0.07059429563701419
4508,amount_mean_20,2025-12-10,Q2,0.034881166218389825
4509,amount_mean_20,2025-12-11,Q2,0.05999193259879765
4510,amount_mean_20,2025-12-12,Q2,0.04483700275037361
4511,amount_mean_20,2025-12-15,Q2,0.009137835209851786
4512,amount_mean_20,2025-12-16,Q2,-0.005242678437834936
4513,amount_mean_20,2025-12-17,Q2,0.010268544805267732
4514,amount_mean_20,2025-12-18,Q2,0.013765045095496586
4515,amount_mean_20,2025-12-19,Q2,0.0027660892486893185
4516,amount_mean_20,2025-12-22,Q2,-0.0029174996705452205
4517,amount_mean_20,2025-12-23,Q2,-0.0028718178387418525
4518,amount_mean_20,2025-12-24,Q2,-0.01188987799665392
4519,amount_mean_20,2025-12-25,Q2,-0.011350924990410072
4520,amount_mean_20,2025-12-26,Q2,0.04643680350376356
4521,amount_mean_20,2025-12-29,Q2,0.027155252087420978
4522,amount_mean_20,2025-12-30,Q2,0.04647939965146275
4523,amount_mean_20,2025-12-31,Q2,0.04938027281982438
4524,amount_mean_20,2026-01-05,Q2,0.07242483684168788
4525,amount_mean_20,2026-01-06,Q2,-0.009040315942757282
4526,amount_mean_20,2026-01-07,Q2,-0.001352634982786316
4527,amount_mean_20,2026-01-08,Q2,-0.03881271563690547
4528,amount_mean_20,2026-01-09,Q2,-0.04277672942204219
4529,amount_mean_20,2026-01-12,Q2,-0.031794065127275506
4530,amount_mean_20,2026-01-13,Q2,-0.031071952568036132
4531,amount_mean_20,2026-01-14,Q2,-0.009300653960516492
4532,amount_mean_20,2026-01-15,Q2,0.014241476905283768
4533,amount_mean_20,2026-01-16,Q2,0.03983296883505627
4534,amount_mean_20,2026-01-19,Q2,0.03984215885415732
4535,amount_mean_20,2026-01-20,Q2,0.036725706781889356
4536,amount_mean_20,2026-01-21,Q2,0.015168707013533844
4537,amount_mean_20,2026-01-22,Q2,-0.01426497273251115
4538,amount_mean_20,2026-01-23,Q2,-0.03496560128395809
4539,amount_mean_20,2026-01-26,Q2,-0.05362730891668771
4540,amount_mean_20,2026-01-27,Q2,-0.02146809523177301
4541,amount_mean_20,2026-01-28,Q2,0.012049498489529076
4542,amount_mean_20,2026-01-29,Q2,0.019798469010065378
4543,amount_mean_20,2026-01-30,Q2,0.04319850967352701
4544,amount_mean_20,2026-02-02,Q2,0.09323196445552961
4545,amount_mean_20,2026-02-03,Q2,0.059993106570482735
4546,amount_mean_20,2026-02-04,Q2,0.04227503172542246
4547,amount_mean_20,2026-02-05,Q2,0.043891073335715236
4548,amount_mean_20,2026-02-06,Q2,0.014205028217635751
4549,amount_mean_20,2026-02-09,Q2,0.01100802621961644
4550,amount_mean_20,2026-02-10,Q2,0.06882386352716585
4551,amount_mean_20,2026-02-11,Q2,0.0698976630539051
4552,amount_mean_20,2026-02-12,Q2,0.09582703641085422
4553,amount_mean_20,2026-02-13,Q2,0.08567440348737232
4554,amount_mean_20,2026-02-24,Q2,0.008801855845889939
4555,amount_mean_20,2026-02-25,Q2,-0.016405386301156955
4556,amount_mean_20,2026-02-26,Q2,-0.018483647603430464
4557,amount_mean_20,2026-02-27,Q2,-0.02613775485099612
4558,amount_mean_20,2026-03-02,Q2,-0.0184459547366273
4559,amount_mean_20,2026-03-03,Q2,0.06609564953766178
4560,amount_mean_20,2026-03-04,Q2,0.05134005773974959
4561,amount_mean_20,2026-03-05,Q2,0.03140581536181708
4562,amount_mean_20,2026-03-06,Q2,0.026064033802651432
4563,amount_mean_20,2026-03-09,Q2,0.035182461349446026
4564,amount_mean_20,2026-03-10,Q2,0.013951787546055028
4565,amount_mean_20,2026-03-11,Q2,0.01861739966326509
4566,amount_mean_20,2026-03-12,Q2,0.00027284313827602436
4567,amount_mean_20,2026-03-13,Q2,-0.02640891598073497
4568,amount_mean_20,2026-03-16,Q2,-0.09235030943672173
4569,amount_mean_20,2026-03-17,Q2,-0.06136646319726363
4570,amount_mean_20,2026-03-18,Q2,-0.06689052582158511
4571,amount_mean_20,2026-03-19,Q2,-0.0643904545799453
4572,amount_mean_20,2026-03-20,Q2,-0.03868698217772204
4573,amount_mean_20,2026-03-23,Q2,0.07782103224857206
4574,amount_mean_20,2026-03-24,Q2,0.07758361361904093
4575,amount_mean_20,2026-03-25,Q2,0.08047914106968446
4576,amount_mean_20,2026-03-26,Q2,0.06701530968722735
4577,amount_mean_20,2026-03-27,Q2,-0.012484630556523768
4578,amount_mean_20,2026-03-30,Q2,-0.07281143669246393
4579,amount_mean_20,2026-03-31,Q2,-0.002772120547334389
4580,amount_mean_20,2026-04-01,Q2,0.0032824613275117542
4581,amount_mean_20,2026-04-02,Q2,0.0359629259794092
4582,amount_mean_20,2026-04-03,Q2,0.060238433435351846
4583,amount_mean_20,2026-04-07,Q2,0.06017370235808739
4584,amount_mean_20,2026-04-08,Q2,0.02446804949405257
4585,amount_mean_20,2026-04-09,Q2,0.02323625984461286
4586,amount_mean_20,2026-04-10,Q2,0.0011649128755192306
4587,amount_mean_20,2026-04-13,Q2,0.01804285888711643
4588,amount_mean_20,2026-04-14,Q2,0.01274600717479668
4589,amount_mean_20,2026-04-15,Q2,0.019030799793264164
4590,amount_mean_20,2026-04-16,Q2,-0.00807447370608727
4591,amount_mean_20,2026-04-17,Q2,0.0007357996853810111
4592,amount_mean_20,2026-04-20,Q2,-0.00487231818319811
4593,amount_mean_20,2026-04-21,Q2,-0.026054342717971857
4594,amount_mean_20,2026-04-22,Q2,-0.040496092692671626
4595,amount_mean_20,2026-04-23,Q2,0.017669003021414442
4596,amount_mean_20,2025-02-25,Q3,0.004602987777274858
4597,amount_mean_20,2025-02-26,Q3,-0.019296261997379327
4598,amount_mean_20,2025-02-27,Q3,-0.004457683465575957
4599,amount_mean_20,2025-02-28,Q3,0.0094043795773191
4600,amount_mean_20,2025-03-03,Q3,0.0
4601,amount_mean_20,2025-03-04,Q3,0.032110097763283774
4602,amount_mean_20,2025-03-05,Q3,0.021472372223182212
4603,amount_mean_20,2025-03-06,Q3,-0.028358147133162426
4604,amount_mean_20,2025-03-07,Q3,0.023291940067493133
4605,amount_mean_20,2025-03-10,Q3,0.026397527140289867
4606,amount_mean_20,2025-03-11,Q3,-0.026666641235351562
4607,amount_mean_20,2025-03-12,Q3,-0.022522465760800192
4608,amount_mean_20,2025-03-13,Q3,0.0
4609,amount_mean_20,2025-03-14,Q3,-0.018561467463607983
4610,amount_mean_20,2025-03-17,Q3,-0.025551605357368112
4611,amount_mean_20,2025-03-18,Q3,-0.017340997126628732
4612,amount_mean_20,2025-03-19,Q3,-0.008177645451759141
4613,amount_mean_20,2025-03-20,Q3,-0.010563397623515325
4614,amount_mean_20,2025-03-21,Q3,-0.06859207889124519
4615,amount_mean_20,2025-03-24,Q3,-0.033962320509053345
4616,amount_mean_20,2025-03-25,Q3,-0.033834642738285736
4617,amount_mean_20,2025-03-26,Q3,-0.05204464755619187
4618,amount_mean_20,2025-03-27,Q3,0.06037729873738917
4619,amount_mean_20,2025-03-28,Q3,-0.019379827052266485
4620,amount_mean_20,2025-03-31,Q3,0.07421877401066057
4621,amount_mean_20,2025-04-01,Q3,-0.06968216997506926
4622,amount_mean_20,2025-04-02,Q3,-0.057317048917562174
4623,amount_mean_20,2025-04-03,Q3,-0.04889976533550211
4624,amount_mean_20,2025-04-07,Q3,0.08152172469405494
4625,amount_mean_20,2025-04-08,Q3,0.04527292481871936
4626,amount_mean_20,2025-04-09,Q3,0.03153742009296501
4627,amount_mean_20,2025-04-10,Q3,0.0012936289805955958
4628,amount_mean_20,2025-04-11,Q3,-0.0038560679947704513
4629,amount_mean_20,2025-04-14,Q3,-0.023869353807778326
4630,amount_mean_20,2025-04-15,Q3,-0.016560524333790183
4631,amount_mean_20,2025-04-16,Q3,-0.015286609811073437
4632,amount_mean_20,2025-04-17,Q3,-0.01937979624883157
4633,amount_mean_20,2025-04-18,Q3,-0.023225784301757812
4634,amount_mean_20,2025-04-21,Q3,-0.039897032630697105
4635,amount_mean_20,2025-04-22,Q3,-0.04145073879804795
4636,amount_mean_20,2025-04-23,Q3,0.0012936289805955958
4637,amount_mean_20,2025-04-24,Q3,0.04743078385242194
4638,amount_mean_20,2025-04-25,Q3,0.06340819130630759
4639,amount_mean_20,2025-04-28,Q3,0.07640746540341903
4640,amount_mean_20,2025-04-29,Q3,0.08513508506549261
4641,amount_mean_20,2025-04-30,Q3,0.05813951196023459
4642,amount_mean_20,2025-05-06,Q3,0.026415099771729844
4643,amount_mean_20,2025-05-07,Q3,0.011180142913720159
4644,amount_mean_20,2025-05-08,Q3,0.0024907171144166185
4645,amount_mean_20,2025-05-09,Q3,0.0037360756716249277
4646,amount_mean_20,2025-05-12,Q3,-0.012209942969341414
4647,amount_mean_20,2025-05-13,Q3,-0.00980391240220746
4648,amount_mean_20,2025-05-14,Q3,-0.0012285292948469584
4649,amount_mean_20,2025-05-15,Q3,0.0
4650,amount_mean_20,2025-05-16,Q3,-0.01116633061283745
4651,amount_mean_20,2025-05-19,Q3,-0.011124864139724466
4652,amount_mean_20,2025-05-20,Q3,-0.009900980750178201
4653,amount_mean_20,2025-05-21,Q3,-0.014760133317333168
4654,amount_mean_20,2025-05-22,Q3,0.006211203670828613
4655,amount_mean_20,2025-05-23,Q3,0.0062736096472117975
4656,amount_mean_20,2025-05-26,Q3,-0.00875002145767212
4657,amount_mean_20,2025-05-27,Q3,-0.002499997615814209
4658,amount_mean_20,2025-05-28,Q3,-0.00249693597904721
4659,amount_mean_20,2025-05-29,Q3,-0.0012345961001080097
4660,amount_mean_20,2025-05-30,Q3,0.027431334264018004
4661,amount_mean_20,2025-06-03,Q3,0.01891552315441314
4662,amount_mean_20,2025-06-04,Q3,0.032581422484114775
4663,amount_mean_20,2025-06-05,Q3,0.0237797921777696
4664,amount_mean_20,2025-06-06,Q3,0.0037082487522073215
4665,amount_mean_20,2025-06-09,Q3,-0.018203837705922488
4666,amount_mean_20,2025-06-10,Q3,0.0024753042020448923
4667,amount_mean_20,2025-06-11,Q3,-0.027912566580704845
4668,amount_mean_20,2025-06-12,Q3,-0.031784867870643496
4669,amount_mean_20,2025-06-13,Q3,-0.024630518729541362
4670,amount_mean_20,2025-06-16,Q3,0.043263216464025644
4671,amount_mean_20,2025-06-17,Q3,0.08765432156907438
4672,amount_mean_20,2025-06-18,Q3,0.108614214818884
4673,amount_mean_20,2025-06-19,Q3,0.126262625046329
4674,amount_mean_20,2025-06-20,Q3,0.11111112449038019
4675,amount_mean_20,2025-06-23,Q3,0.021978000864594893
4676,amount_mean_20,2025-06-24,Q3,0.007246369925949514
4677,amount_mean_20,2025-06-25,Q3,-0.007142850452539706
4678,amount_mean_20,2025-06-26,Q3,0.007194237817389482
4679,amount_mean_20,2025-06-27,Q3,0.0
4680,amount_mean_20,2025-06-30,Q3,0.01792113010749863
4681,amount_mean_20,2025-07-01,Q3,0.02517983236086274
4682,amount_mean_20,2025-07-02,Q3,0.02517983236086274
4683,amount_mean_20,2025-07-03,Q3,0.02142855135761934
4684,amount_mean_20,2025-07-04,Q3,0.028776951269557483
4685,amount_mean_20,2025-07-07,Q3,0.010563370526912585
4686,amount_mean_20,2025-07-08,Q3,-0.02105261220606125
4687,amount_mean_20,2025-07-09,Q3,-0.024561380907071495
4688,amount_mean_20,2025-07-10,Q3,-0.024475502031601426
4689,amount_mean_20,2025-07-11,Q3,-0.024475502031601426
4690,amount_mean_20,2025-07-14,Q3,-0.003484317373521062
4691,amount_mean_20,2025-07-15,Q3,0.03584234566968614
4692,amount_mean_20,2025-07-16,Q3,0.035971274849026624
4693,amount_mean_20,2025-07-17,Q3,0.03942657169118591
4694,amount_mean_20,2025-07-18,Q3,0.0215053561289984
4695,amount_mean_20,2025-07-21,Q3,-0.010489500870686341
4696,amount_mean_20,2025-07-22,Q3,0.016025702746429227
4697,amount_mean_20,2025-07-23,Q3,0.004830874844912847
4698,amount_mean_20,2025-07-24,Q3,-0.017543880996655048
4699,amount_mean_20,2025-07-25,Q3,-0.01913873778694175
4700,amount_mean_20,2025-07-28,Q3,-0.03750003818422498
4701,amount_mean_20,2025-07-29,Q3,-0.015772930451572353
4702,amount_mean_20,2025-07-30,Q3,0.004807726107171506
4703,amount_mean_20,2025-07-31,Q3,0.03084416589722494
4704,amount_mean_20,2025-08-01,Q3,0.05853660616779166
4705,amount_mean_20,2025-08-04,Q3,0.10064941197307165
4706,amount_mean_20,2025-08-05,Q3,0.19551287047726817
4707,amount_mean_20,2025-08-06,Q3,0.18500795070827047
4708,amount_mean_20,2025-08-07,Q3,0.12440944467994286
4709,amount_mean_20,2025-08-08,Q3,0.12596001013736724
4710,amount_mean_20,2025-08-11,Q3,0.13569315206301336
4711,amount_mean_20,2025-08-12,Q3,-0.0034364227382496226
4712,amount_mean_20,2025-08-13,Q3,0.006872845476499245
4713,amount_mean_20,2025-08-14,Q3,0.05263161417079765
4714,amount_mean_20,2025-08-15,Q3,0.041958086845887976
4715,amount_mean_20,2025-08-18,Q3,-0.06286840119222403
4716,amount_mean_20,2025-08-19,Q3,-0.061825239127527465
4717,amount_mean_20,2025-08-20,Q3,-0.08779010080270311
4718,amount_mean_20,2025-08-21,Q3,-0.044164044814468784
4719,amount_mean_20,2025-08-22,Q3,-0.039319860952052754
4720,amount_mean_20,2025-08-25,Q3,0.015641252986820398
4721,amount_mean_20,2025-08-26,Q3,0.0313806719553027
4722,amount_mean_20,2025-08-27,Q3,0.038175996291289094
4723,amount_mean_20,2025-08-28,Q3,0.03280427787022422
4724,amount_mean_20,2025-08-29,Q3,-0.0011062200137206268
4725,amount_mean_20,2025-09-01,Q3,-0.0010953153073918198
4726,amount_mean_20,2025-09-02,Q3,0.008869170692469064
4727,amount_mean_20,2025-09-03,Q3,0.03963764263803382
4728,amount_mean_20,2025-09-04,Q3,0.03382189341662589
4729,amount_mean_20,2025-09-05,Q3,0.022148373774018904
4730,amount_mean_20,2025-09-08,Q3,0.005482477123057272
4731,amount_mean_20,2025-09-09,Q3,0.015384547668098714
4732,amount_mean_20,2025-09-10,Q3,0.022875820388434276
4733,amount_mean_20,2025-09-11,Q3,0.042253566057856906
4734,amount_mean_20,2025-09-12,Q3,0.006968717819721082
4735,amount_mean_20,2025-09-15,Q3,-0.02054800672275059
4736,amount_mean_20,2025-09-16,Q3,-0.06000002225240075
4737,amount_mean_20,2025-09-17,Q3,-0.05000003178914392
4738,amount_mean_20,2025-09-18,Q3,-0.047297332128352965
4739,amount_mean_20,2025-09-19,Q3,0.003460204186943594
4740,amount_mean_20,2025-09-22,Q3,0.006993083943600098
4741,amount_mean_20,2025-09-23,Q3,0.010638287978706584
4742,amount_mean_20,2025-09-24,Q3,0.0035087687010102453
4743,amount_mean_20,2025-09-25,Q3,0.028368852488815266
4744,amount_mean_20,2025-09-26,Q3,0.0
4745,amount_mean_20,2025-09-29,Q3,0.006944437545759019
4746,amount_mean_20,2025-09-30,Q3,0.017543927160695638
4747,amount_mean_20,2025-10-09,Q3,0.0
4748,amount_mean_20,2025-10-10,Q3,-0.0344828068146934
4749,amount_mean_20,2025-10-13,Q3,-0.02758626189441482
4750,amount_mean_20,2025-10-14,Q3,-0.0034482724601393455
4751,amount_mean_20,2025-10-15,Q3,0.006896544920278691
4752,amount_mean_20,2025-10-16,Q3,0.020979085104515294
4753,amount_mean_20,2025-10-17,Q3,0.035714337412192876
4754,amount_mean_20,2025-10-20,Q3,0.03191494848171739
4755,amount_mean_20,2025-10-21,Q3,-0.006920490871662466
4756,amount_mean_20,2025-10-22,Q3,-0.02054800672275059
4757,amount_mean_20,2025-10-23,Q3,-0.02054800672275059
4758,amount_mean_20,2025-10-24,Q3,0.07826081508099048
4759,amount_mean_20,2025-10-27,Q3,0.06766162573094858
4760,amount_mean_20,2025-10-28,Q3,-0.05605793993766284
4761,amount_mean_20,2025-10-29,Q3,-0.06356311846888918
4762,amount_mean_20,2025-10-30,Q3,-0.061930726762395416
4763,amount_mean_20,2025-10-31,Q3,-0.0887096581231347
4764,amount_mean_20,2025-11-03,Q3,-0.057781911650469864
4765,amount_mean_20,2025-11-04,Q3,-0.016283441518432307
4766,amount_mean_20,2025-11-05,Q3,-0.010516219529262294
4767,amount_mean_20,2025-11-06,Q3,-0.007766982740254447
4768,amount_mean_20,2025-11-07,Q3,0.02261549070903679
4769,amount_mean_20,2025-11-10,Q3,0.03165189509053912
4770,amount_mean_20,2025-11-11,Q3,-0.008763402977246648
4771,amount_mean_20,2025-11-12,Q3,-0.03939390239417773
4772,amount_mean_20,2025-11-13,Q3,-0.059880183953501254
4773,amount_mean_20,2025-11-14,Q3,-0.09580836570841189
4774,amount_mean_20,2025-11-17,Q3,-0.08849562874669692
4775,amount_mean_20,2025-11-18,Q3,-0.05471126712591834
4776,amount_mean_20,2025-11-19,Q3,-0.031545785692238204
4777,amount_mean_20,2025-11-20,Q3,-0.028662468019451603
4778,amount_mean_20,2025-11-21,Q3,0.036423885499713426
4779,amount_mean_20,2025-11-24,Q3,0.00323624295826086
4780,amount_mean_20,2025-11-25,Q3,0.0032154311255849777
4781,amount_mean_20,2025-11-26,Q3,-0.006514651909255265
4782,amount_mean_20,2025-11-27,Q3,-0.01639342724524051
4783,amount_mean_20,2025-11-28,Q3,-0.02555915629380845
4784,amount_mean_20,2025-12-01,Q3,-0.016129017372408794
4785,amount_mean_20,2025-12-02,Q3,0.007889538559900933
4786,amount_mean_20,2025-12-03,Q3,0.04959511795976246
4787,amount_mean_20,2025-12-04,Q3,0.013171237684726167
4788,amount_mean_20,2025-12-05,Q3,-0.007928634538775126
4789,amount_mean_20,2025-12-08,Q3,-0.0381978787331656
4790,amount_mean_20,2025-12-09,Q3,-0.08414878550698757
4791,amount_mean_20,2025-12-10,Q3,-0.037037081634600955
4792,amount_mean_20,2025-12-11,Q3,-0.01379317205385755
4793,amount_mean_20,2025-12-12,Q3,0.006920408373887188
4794,amount_mean_20,2025-12-15,Q3,0.0
4795,amount_mean_20,2025-12-16,Q3,0.0
4796,amount_mean_20,2025-12-17,Q3,0.024305531410156345
4797,amount_mean_20,2025-12-18,Q3,0.005217427792756357
4798,amount_mean_20,2025-12-19,Q3,-0.030638268653382594
4799,amount_mean_20,2025-12-22,Q3,-0.03483439126087573
4800,amount_mean_20,2025-12-23,Q3,-0.01692045807350684
4801,amount_mean_20,2025-12-24,Q3,-0.030508525807840914
4802,amount_mean_20,2025-12-25,Q3,-0.003460204186943594
4803,amount_mean_20,2025-12-26,Q3,0.019315127894922623
4804,amount_mean_20,2025-12-29,Q3,0.012323974256501335
4805,amount_mean_20,2025-12-30,Q3,0.04647159786327704
4806,amount_mean_20,2025-12-31,Q3,0.06468538041394645
4807,amount_mean_20,2026-01-05,Q3,0.030381893566639118
4808,amount_mean_20,2026-01-06,Q3,0.006029341134241584
4809,amount_mean_20,2026-01-07,Q3,0.013201307666904194
4810,amount_mean_20,2026-01-08,Q3,-0.009771977863882841
4811,amount_mean_20,2026-01-09,Q3,-0.02272725161582778
4812,amount_mean_20,2026-01-12,Q3,-0.024922094316309096
4813,amount_mean_20,2026-01-13,Q3,0.012903290807148471
4814,amount_mean_20,2026-01-14,Q3,0.022801359343169958
4815,amount_mean_20,2026-01-15,Q3,0.06578949019519276
4816,amount_mean_20,2026-01-16,Q3,0.06644519877654043
4817,amount_mean_20,2026-01-19,Q3,0.028753965136958826
4818,amount_mean_20,2026-01-20,Q3,0.019108261393313564
4819,amount_mean_20,2026-01-21,Q3,0.015923551161094673
4820,amount_mean_20,2026-01-22,Q3,-0.012345667202249944
4821,amount_mean_20,2026-01-23,Q3,-0.03426795395862481
4822,amount_mean_20,2026-01-26,Q3,-0.09627327329973312
4823,amount_mean_20,2026-01-27,Q3,-0.08749998975545181
4824,amount_mean_20,2026-01-28,Q3,-0.05956114539571877
4825,amount_mean_20,2026-01-29,Q3,-0.07812499883584678
4826,amount_mean_20,2026-01-30,Q3,-0.035483838219299235
4827,amount_mean_20,2026-02-02,Q3,0.051546341073743784
4828,amount_mean_20,2026-02-03,Q3,0.0376711959663496
4829,amount_mean_20,2026-02-04,Q3,0.006666660308837891
4830,amount_mean_20,2026-02-05,Q3,0.013559308883548837
4831,amount_mean_20,2026-02-06,Q3,-0.010033435215412778
4832,amount_mean_20,2026-02-09,Q3,-0.00980391240220746
4833,amount_mean_20,2026-02-10,Q3,0.006600653833452208
4834,amount_mean_20,2026-02-11,Q3,0.0
4835,amount_mean_20,2026-02-12,Q3,0.0066889568102752595
4836,amount_mean_20,2026-02-13,Q3,0.0
4837,amount_mean_20,2026-02-24,Q3,-0.05280530935361738
4838,amount_mean_20,2026-02-25,Q3,-0.07213115804908565
4839,amount_mean_20,2026-02-26,Q3,-0.045634924764746176
4840,amount_mean_20,2026-02-27,Q3,-0.03777336964121081
4841,amount_mean_20,2026-03-02,Q3,-0.018255512958316178
4842,amount_mean_20,2026-03-03,Q3,0.006211223660916865
4843,amount_mean_20,2026-03-04,Q3,0.03347276995590853
4844,amount_mean_20,2026-03-05,Q3,0.02702705114083548
4845,amount_mean_20,2026-03-06,Q3,0.006198291740786566
4846,amount_mean_20,2026-03-09,Q3,-0.004132227333881411
4847,amount_mean_20,2026-03-10,Q3,0.0032679446594654493
4848,amount_mean_20,2026-03-11,Q3,-0.024757754917197117
4849,amount_mean_20,2026-03-12,Q3,-0.029379707988854364
4850,amount_mean_20,2026-03-13,Q3,-0.06570835777083028
4851,amount_mean_20,2026-03-16,Q3,-0.09128631567429968
4852,amount_mean_20,2026-03-17,Q3,-0.07484410349210358
4853,amount_mean_20,2026-03-18,Q3,-0.04430370705698905
4854,amount_mean_20,2026-03-19,Q3,-0.023758127601620327
4855,amount_mean_20,2026-03-20,Q3,-0.0021978524093689833
4856,amount_mean_20,2026-03-23,Q3,0.03652964457343
4857,amount_mean_20,2026-03-24,Q3,0.0
4858,amount_mean_20,2026-03-25,Q3,-0.006622562564874368
4859,amount_mean_20,2026-03-26,Q3,-0.015486763707248552
4860,amount_mean_20,2026-03-27,Q3,-0.041850233219585586
4861,amount_mean_20,2026-03-30,Q3,-0.03303966886074783
4862,amount_mean_20,2026-03-31,Q3,-0.1253822899761975
4863,amount_mean_20,2026-04-01,Q3,-0.03945878605536757
4864,amount_mean_20,2026-04-02,Q3,-0.026905803706885
4865,amount_mean_20,2026-04-03,Q3,0.060498132472711186
4866,amount_mean_20,2026-04-07,Q3,0.061176524442784874
4867,amount_mean_20,2026-04-08,Q3,0.0011298615566679437
4868,amount_mean_20,2026-04-09,Q3,0.031141811039610667
4869,amount_mean_20,2026-04-10,Q3,0.010123644031259538
4870,amount_mean_20,2026-04-13,Q3,-0.0011184872121762224
4871,amount_mean_20,2026-04-14,Q3,-0.015521101576248086
4872,amount_mean_20,2026-04-15,Q3,0.012415419256665672
4873,amount_mean_20,2026-04-16,Q3,-0.006711349972995273
4874,amount_mean_20,2026-04-17,Q3,-0.008908677926962594
4875,amount_mean_20,2026-04-20,Q3,-0.007838818153003135
4876,amount_mean_20,2026-04-21,Q3,-0.006756803923811283
4877,amount_mean_20,2026-04-22,Q3,0.034559582688291846
4878,amount_mean_20,2026-04-23,Q3,-0.025900956412895915
4879,amount_mean_20,2025-02-25,Q4,-0.008825124853053867
4880,amount_mean_20,2025-02-26,Q4,-0.03374391939923138
4881,amount_mean_20,2025-02-27,Q4,-0.02167911616872925
4882,amount_mean_20,2025-02-28,Q4,-4.41891442917175e-05
4883,amount_mean_20,2025-03-03,Q4,-0.009337962512724451
4884,amount_mean_20,2025-03-04,Q4,-0.0038613162226697195
4885,amount_mean_20,2025-03-05,Q4,0.001865826942105464
4886,amount_mean_20,2025-03-06,Q4,-0.01921003052522624
4887,amount_mean_20,2025-03-07,Q4,0.007746157456572367
4888,amount_mean_20,2025-03-10,Q4,0.011266794849609352
4889,amount_mean_20,2025-03-11,Q4,0.0029069322582984114
4890,amount_mean_20,2025-03-12,Q4,-0.009968281049070105
4891,amount_mean_20,2025-03-13,Q4,0.0067210987143599965
4892,amount_mean_20,2025-03-14,Q4,0.007541198454804943
4893,amount_mean_20,2025-03-17,Q4,-0.041635684604403644
4894,amount_mean_20,2025-03-18,Q4,-0.03049555600285425
4895,amount_mean_20,2025-03-19,Q4,0.0012800980960632757
4896,amount_mean_20,2025-03-20,Q4,0.043932260859811834
4897,amount_mean_20,2025-03-21,Q4,0.06569024260499057
4898,amount_mean_20,2025-03-24,Q4,0.04581342357800677
4899,amount_mean_20,2025-03-25,Q4,0.03562434438515005
4900,amount_mean_20,2025-03-26,Q4,0.005110412613671345
4901,amount_mean_20,2025-03-27,Q4,-0.04641403392618593
4902,amount_mean_20,2025-03-28,Q4,-0.15369745122885287
4903,amount_mean_20,2025-03-31,Q4,-0.14535895718931535
4904,amount_mean_20,2025-04-01,Q4,-0.028337895572728755
4905,amount_mean_20,2025-04-02,Q4,0.032011328192092126
4906,amount_mean_20,2025-04-03,Q4,-0.02031071021716896
4907,amount_mean_20,2025-04-07,Q4,0.11427779484659728
4908,amount_mean_20,2025-04-08,Q4,0.07900337372042565
4909,amount_mean_20,2025-04-09,Q4,0.009004108689557089
4910,amount_mean_20,2025-04-10,Q4,-0.03427623109591804
4911,amount_mean_20,2025-04-11,Q4,-0.03600927657850278
4912,amount_mean_20,2025-04-14,Q4,-0.051251597621029044
4913,amount_mean_20,2025-04-15,Q4,-0.019781359796870457
4914,amount_mean_20,2025-04-16,Q4,0.005112239736129676
4915,amount_mean_20,2025-04-17,Q4,-0.008174183715911498
4916,amount_mean_20,2025-04-18,Q4,-0.013996876605293085
4917,amount_mean_20,2025-04-21,Q4,-0.031030454383779937
4918,amount_mean_20,2025-04-22,Q4,-0.025281547662501513
4919,amount_mean_20,2025-04-23,Q4,-0.013546834334995206
4920,amount_mean_20,2025-04-24,Q4,0.018757384380962305
4921,amount_mean_20,2025-04-25,Q4,0.03781113515355128
4922,amount_mean_20,2025-04-28,Q4,0.06703041500089169
4923,amount_mean_20,2025-04-29,Q4,0.031294259122101264
4924,amount_mean_20,2025-04-30,Q4,0.06706961601085826
4925,amount_mean_20,2025-05-06,Q4,0.029694240823840423
4926,amount_mean_20,2025-05-07,Q4,0.02297629490321562
4927,amount_mean_20,2025-05-08,Q4,-0.00873114295780475
4928,amount_mean_20,2025-05-09,Q4,0.02075661481942148
4929,amount_mean_20,2025-05-12,Q4,0.014533748397860757
4930,amount_mean_20,2025-05-13,Q4,0.026207464116865975
4931,amount_mean_20,2025-05-14,Q4,0.007879326379120977
4932,amount_mean_20,2025-05-15,Q4,0.023533694693075702
4933,amount_mean_20,2025-05-16,Q4,0.004270664524355816
4934,amount_mean_20,2025-05-19,Q4,-0.019014749097532535
4935,amount_mean_20,2025-05-20,Q4,0.009086290174006806
4936,amount_mean_20,2025-05-21,Q4,0.018440563367845997
4937,amount_mean_20,2025-05-22,Q4,0.015557041808610728
4938,amount_mean_20,2025-05-23,Q4,0.02166483486647519
4939,amount_mean_20,2025-05-26,Q4,-0.007288229296975313
4940,amount_mean_20,2025-05-27,Q4,-0.02731017806147884
4941,amount_mean_20,2025-05-28,Q4,-0.01732171681053951
4942,amount_mean_20,2025-05-29,Q4,-0.01183025273798105
4943,amount_mean_20,2025-05-30,Q4,-0.0004509203992567601
4944,amount_mean_20,2025-06-03,Q4,0.010550029088551294
4945,amount_mean_20,2025-06-04,Q4,0.021362888841407357
4946,amount_mean_20,2025-06-05,Q4,0.010140830397427636
4947,amount_mean_20,2025-06-06,Q4,-0.010642422914782734
4948,amount_mean_20,2025-06-09,Q4,-0.014770385730609736
4949,amount_mean_20,2025-06-10,Q4,-0.0010325516133854462
4950,amount_mean_20,2025-06-11,Q4,-0.03137433306906767
4951,amount_mean_20,2025-06-12,Q4,-0.048881686209200303
4952,amount_mean_20,2025-06-13,Q4,-0.015608157258233946
4953,amount_mean_20,2025-06-16,Q4,-0.018265872230726066
4954,amount_mean_20,2025-06-17,Q4,-0.012104562203274771
4955,amount_mean_20,2025-06-18,Q4,0.016625926691421822
4956,amount_mean_20,2025-06-19,Q4,0.028945653448987807
4957,amount_mean_20,2025-06-20,Q4,0.00627793746366806
4958,amount_mean_20,2025-06-23,Q4,0.011759150133227259
4959,amount_mean_20,2025-06-24,Q4,-0.011985919527913502
4960,amount_mean_20,2025-06-25,Q4,-0.02320414125868492
4961,amount_mean_20,2025-06-26,Q4,-0.026199352722322378
4962,amount_mean_20,2025-06-27,Q4,-0.022688228104353447
4963,amount_mean_20,2025-06-30,Q4,-0.007188854877609452
4964,amount_mean_20,2025-07-01,Q4,-0.010248430591110969
4965,amount_mean_20,2025-07-02,Q4,-0.016555650798656396
4966,amount_mean_20,2025-07-03,Q4,0.0031315175255378636
4967,amount_mean_20,2025-07-04,Q4,0.012804737806701105
4968,amount_mean_20,2025-07-07,Q4,0.00022497706125962358
4969,amount_mean_20,2025-07-08,Q4,-0.02023694293591738
4970,amount_mean_20,2025-07-09,Q4,-0.01205497243707171
4971,amount_mean_20,2025-07-10,Q4,-0.018597766521523784
4972,amount_mean_20,2025-07-11,Q4,-0.02166540177894466
4973,amount_mean_20,2025-07-14,Q4,-0.012929203651568077
4974,amount_mean_20,2025-07-15,Q4,0.01036028396240013
4975,amount_mean_20,2025-07-16,Q4,0.007487419945664986
4976,amount_mean_20,2025-07-17,Q4,0.012062040560204434
4977,amount_mean_20,2025-07-18,Q4,0.015571442167974126
4978,amount_mean_20,2025-07-21,Q4,0.04189881906614734
4979,amount_mean_20,2025-07-22,Q4,0.002997259455253032
4980,amount_mean_20,2025-07-23,Q4,0.0065235219166889236
4981,amount_mean_20,2025-07-24,Q4,-0.018537807082685986
4982,amount_mean_20,2025-07-25,Q4,-0.011926341517561279
4983,amount_mean_20,2025-07-28,Q4,-0.012585237515286396
4984,amount_mean_20,2025-07-29,Q4,-0.009100549016865578
4985,amount_mean_20,2025-07-30,Q4,-0.00801388412384152
4986,amount_mean_20,2025-07-31,Q4,0.0030606417828974997
4987,amount_mean_20,2025-08-01,Q4,0.02026485175644044
4988,amount_mean_20,2025-08-04,Q4,0.02265878449491765
4989,amount_mean_20,2025-08-05,Q4,0.022925127691695413
4990,amount_mean_20,2025-08-06,Q4,0.01889249392732384
4991,amount_mean_20,2025-08-07,Q4,0.0025018216460928056
4992,amount_mean_20,2025-08-08,Q4,0.00032235284745618653
4993,amount_mean_20,2025-08-11,Q4,0.0012714710448050726
4994,amount_mean_20,2025-08-12,Q4,0.03278795189414585
4995,amount_mean_20,2025-08-13,Q4,0.03820528617923824
4996,amount_mean_20,2025-08-14,Q4,0.046726116905670634
4997,amount_mean_20,2025-08-15,Q4,0.017037623579909178
4998,amount_mean_20,2025-08-18,Q4,-0.011739615461948405
4999,amount_mean_20,2025-08-19,Q4,-0.021560866296927883
5000,amount_mean_20,2025-08-20,Q4,-0.04587275363648924
5001,amount_mean_20,2025-08-21,Q4,-0.008745729675939395
5002,amount_mean_20,2025-08-22,Q4,0.01744559096420295
5003,amount_mean_20,2025-08-25,Q4,-0.029673992850502928
5004,amount_mean_20,2025-08-26,Q4,-0.032346637876017825
5005,amount_mean_20,2025-08-27,Q4,0.004720182309192744
5006,amount_mean_20,2025-08-28,Q4,-0.005223652054697159
5007,amount_mean_20,2025-08-29,Q4,0.04594615097349575
5008,amount_mean_20,2025-09-01,Q4,0.1028680318171139
5009,amount_mean_20,2025-09-02,Q4,0.08174441885633621
5010,amount_mean_20,2025-09-03,Q4,0.07865800258332722
5011,amount_mean_20,2025-09-04,Q4,0.07623465531059304
5012,amount_mean_20,2025-09-05,Q4,0.05308164504398116
5013,amount_mean_20,2025-09-08,Q4,-0.021697502308905492
5014,amount_mean_20,2025-09-09,Q4,-0.006450731562988088
5015,amount_mean_20,2025-09-10,Q4,0.02086738221516876
5016,amount_mean_20,2025-09-11,Q4,-0.012991189864667185
5017,amount_mean_20,2025-09-12,Q4,-0.02259328463887994
5018,amount_mean_20,2025-09-15,Q4,-0.0026688831966190096
5019,amount_mean_20,2025-09-16,Q4,0.029674543857732494
5020,amount_mean_20,2025-09-17,Q4,0.10573892969154297
5021,amount_mean_20,2025-09-18,Q4,0.17737992154592264
5022,amount_mean_20,2025-09-19,Q4,0.15930811762832786
5023,amount_mean_20,2025-09-22,Q4,0.17891640601041936
5024,amount_mean_20,2025-09-23,Q4,0.21576244130946598
5025,amount_mean_20,2025-09-24,Q4,0.12806567106795175
5026,amount_mean_20,2025-09-25,Q4,0.1462162998000932
5027,amount_mean_20,2025-09-26,Q4,0.19888031493358438
5028,amount_mean_20,2025-09-29,Q4,0.2124747053739569
5029,amount_mean_20,2025-09-30,Q4,0.06850220894179676
5030,amount_mean_20,2025-10-09,Q4,-0.006117545236717203
5031,amount_mean_20,2025-10-10,Q4,-0.04299271125322224
5032,amount_mean_20,2025-10-13,Q4,-0.08558333475753416
5033,amount_mean_20,2025-10-14,Q4,-0.04168292249417399
5034,amount_mean_20,2025-10-15,Q4,-0.00849116000585759
5035,amount_mean_20,2025-10-16,Q4,0.09827042429973887
5036,amount_mean_20,2025-10-17,Q4,0.08139979469462755
5037,amount_mean_20,2025-10-20,Q4,0.05462582633745494
5038,amount_mean_20,2025-10-21,Q4,-0.021905311609709432
5039,amount_mean_20,2025-10-22,Q4,0.0190251251453582
5040,amount_mean_20,2025-10-23,Q4,-0.0013545853370773298
5041,amount_mean_20,2025-10-24,Q4,0.015258142671050301
5042,amount_mean_20,2025-10-27,Q4,0.012191792290531689
5043,amount_mean_20,2025-10-28,Q4,0.0014398134257576634
5044,amount_mean_20,2025-10-29,Q4,-0.018272369097305785
5045,amount_mean_20,2025-10-30,Q4,-0.017024864193319833
5046,amount_mean_20,2025-10-31,Q4,-0.018957170327815354
5047,amount_mean_20,2025-11-03,Q4,-0.0004936160533363654
5048,amount_mean_20,2025-11-04,Q4,0.023278915606833483
5049,amount_mean_20,2025-11-05,Q4,0.005038621729991366
5050,amount_mean_20,2025-11-06,Q4,0.028181994911782304
5051,amount_mean_20,2025-11-07,Q4,0.006387933021607339
5052,amount_mean_20,2025-11-10,Q4,0.008000013563368102
5053,amount_mean_20,2025-11-11,Q4,-0.022543379243134598
5054,amount_mean_20,2025-11-12,Q4,-0.015066220488479998
5055,amount_mean_20,2025-11-13,Q4,-0.026562611382709433
5056,amount_mean_20,2025-11-14,Q4,-0.06822356814271424
5057,amount_mean_20,2025-11-17,Q4,-0.08406361245802269
5058,amount_mean_20,2025-11-18,Q4,-0.05246731257668269
5059,amount_mean_20,2025-11-19,Q4,-0.06570362653118733
5060,amount_mean_20,2025-11-20,Q4,-0.09592496912417847
5061,amount_mean_20,2025-11-21,Q4,-0.051115605748354276
5062,amount_mean_20,2025-11-24,Q4,-0.06905657948324395
5063,amount_mean_20,2025-11-25,Q4,-0.0934800657133264
5064,amount_mean_20,2025-11-26,Q4,-0.03703071492003829
5065,amount_mean_20,2025-11-27,Q4,-0.04514454142623958
5066,amount_mean_20,2025-11-28,Q4,-0.03535727178653997
5067,amount_mean_20,2025-12-01,Q4,-0.003222266118412087
5068,amount_mean_20,2025-12-02,Q4,-0.018222575951370223
5069,amount_mean_20,2025-12-03,Q4,-0.0011744549024955697
5070,amount_mean_20,2025-12-04,Q4,-0.005666637420654319
5071,amount_mean_20,2025-12-05,Q4,-0.02427826594101773
5072,amount_mean_20,2025-12-08,Q4,-0.03979393432738215
5073,amount_mean_20,2025-12-09,Q4,-0.03930907119327254
5074,amount_mean_20,2025-12-10,Q4,-0.05750827560445493
5075,amount_mean_20,2025-12-11,Q4,-0.04353718684000374
5076,amount_mean_20,2025-12-12,Q4,-0.02849535731666386
5077,amount_mean_20,2025-12-15,Q4,-0.0025346773673008416
5078,amount_mean_20,2025-12-16,Q4,0.036307322805607445
5079,amount_mean_20,2025-12-17,Q4,0.03104679045097225
5080,amount_mean_20,2025-12-18,Q4,0.044602605318124544
5081,amount_mean_20,2025-12-19,Q4,0.03202755025511361
5082,amount_mean_20,2025-12-22,Q4,-0.0019684820573652173
5083,amount_mean_20,2025-12-23,Q4,-0.0019513741964256592
5084,amount_mean_20,2025-12-24,Q4,-0.01329277605201562
5085,amount_mean_20,2025-12-25,Q4,-0.01933741288722124
5086,amount_mean_20,2025-12-26,Q4,-0.01570020510440895
5087,amount_mean_20,2025-12-29,Q4,0.006000600893422081
5088,amount_mean_20,2025-12-30,Q4,0.014097907745930005
5089,amount_mean_20,2025-12-31,Q4,0.03035479024189236
5090,amount_mean_20,2026-01-05,Q4,0.01612284921910523
5091,amount_mean_20,2026-01-06,Q4,-0.02062098959594455
5092,amount_mean_20,2026-01-07,Q4,-0.017843569414492222
5093,amount_mean_20,2026-01-08,Q4,-0.03418742976329031
5094,amount_mean_20,2026-01-09,Q4,-0.04972001904846268
5095,amount_mean_20,2026-01-12,Q4,-0.04183483149026379
5096,amount_mean_20,2026-01-13,Q4,-0.01448841769870124
5097,amount_mean_20,2026-01-14,Q4,0.015002597499100823
5098,amount_mean_20,2026-01-15,Q4,0.020735101369250164
5099,amount_mean_20,2026-01-16,Q4,0.04006969542690764
5100,amount_mean_20,2026-01-19,Q4,0.013669340889768344
5101,amount_mean_20,2026-01-20,Q4,-0.024342614399052387
5102,amount_mean_20,2026-01-21,Q4,-0.03973454353247163
5103,amount_mean_20,2026-01-22,Q4,-0.03495236661476586
5104,amount_mean_20,2026-01-23,Q4,-0.07846565645796405
5105,amount_mean_20,2026-01-26,Q4,-0.07954052091332336
5106,amount_mean_20,2026-01-27,Q4,-0.02815381084375579
5107,amount_mean_20,2026-01-28,Q4,-0.022932784190974775
5108,amount_mean_20,2026-01-29,Q4,-0.03727380060171864
5109,amount_mean_20,2026-01-30,Q4,-0.007208610418766026
5110,amount_mean_20,2026-02-02,Q4,0.05893568735893351
5111,amount_mean_20,2026-02-03,Q4,0.027182527043379534
5112,amount_mean_20,2026-02-04,Q4,0.01705480623637945
5113,amount_mean_20,2026-02-05,Q4,0.01750768282256676
5114,amount_mean_20,2026-02-06,Q4,0.018706522622187527
5115,amount_mean_20,2026-02-09,Q4,-0.01207469537219591
5116,amount_mean_20,2026-02-10,Q4,0.02428821576856599
5117,amount_mean_20,2026-02-11,Q4,-0.003700748796189035
5118,amount_mean_20,2026-02-12,Q4,0.006979411016731163
5119,amount_mean_20,2026-02-13,Q4,-0.024909113670593397
5120,amount_mean_20,2026-02-24,Q4,-0.06921801728374155
5121,amount_mean_20,2026-02-25,Q4,-0.0969544638460868
5122,amount_mean_20,2026-02-26,Q4,-0.061672683001102346
5123,amount_mean_20,2026-02-27,Q4,-0.030071408582030335
5124,amount_mean_20,2026-03-02,Q4,-0.019472039043807954
5125,amount_mean_20,2026-03-03,Q4,0.04672768854523901
5126,amount_mean_20,2026-03-04,Q4,0.0587468505258395
5127,amount_mean_20,2026-03-05,Q4,0.03522182209070002
5128,amount_mean_20,2026-03-06,Q4,0.013143470323650708
5129,amount_mean_20,2026-03-09,Q4,0.034033927796486285
5130,amount_mean_20,2026-03-10,Q4,-0.010067474132482657
5131,amount_mean_20,2026-03-11,Q4,-0.014218866194873947
5132,amount_mean_20,2026-03-12,Q4,-0.03247664723569588
5133,amount_mean_20,2026-03-13,Q4,-0.04446576198191288
5134,amount_mean_20,2026-03-16,Q4,-0.09994555193765697
5135,amount_mean_20,2026-03-17,Q4,-0.059217448617138624
5136,amount_mean_20,2026-03-18,Q4,-0.030496568481097608
5137,amount_mean_20,2026-03-19,Q4,-0.0039052097819514686
5138,amount_mean_20,2026-03-20,Q4,0.023770025569603725
5139,amount_mean_20,2026-03-23,Q4,0.07117280191931286
5140,amount_mean_20,2026-03-24,Q4,0.01348333477813779
5141,amount_mean_20,2026-03-25,Q4,-0.0028140549376763913
5142,amount_mean_20,2026-03-26,Q4,-0.019019983933296514
5143,amount_mean_20,2026-03-27,Q4,-0.08353177533370637
5144,amount_mean_20,2026-03-30,Q4,-0.061020839784088454
5145,amount_mean_20,2026-03-31,Q4,0.002851498470436309
5146,amount_mean_20,2026-04-01,Q4,-0.08954313147922033
5147,amount_mean_20,2026-04-02,Q4,-0.047617943669205576
5148,amount_mean_20,2026-04-03,Q4,0.013924883666000754
5149,amount_mean_20,2026-04-07,Q4,0.032595514354047506
5150,amount_mean_20,2026-04-08,Q4,-0.019848006063188595
5151,amount_mean_20,2026-04-09,Q4,0.04434387737632639
5152,amount_mean_20,2026-04-10,Q4,0.04579279683016568
5153,amount_mean_20,2026-04-13,Q4,0.0633666638388295
5154,amount_mean_20,2026-04-14,Q4,0.040833164161196756
5155,amount_mean_20,2026-04-15,Q4,0.05766742022201066
5156,amount_mean_20,2026-04-16,Q4,-0.0019180940171870664
5157,amount_mean_20,2026-04-17,Q4,-0.01031868640530259
5158,amount_mean_20,2026-04-20,Q4,-0.04497249140245552
5159,amount_mean_20,2026-04-21,Q4,-0.04456685995568127
5160,amount_mean_20,2026-04-22,Q4,-0.014096065999720797
5161,amount_mean_20,2026-04-23,Q4,0.012094548446650366
5162,amount_mean_20,2025-02-25,Q5,-0.0008604867818093331
5163,amount_mean_20,2025-02-26,Q5,-0.01369404197273244
5164,amount_mean_20,2025-02-27,Q5,-0.0021305145869809916
5165,amount_mean_20,2025-02-28,Q5,-0.008122401001764201
5166,amount_mean_20,2025-03-03,Q5,-0.016422065121625806
5167,amount_mean_20,2025-03-04,Q5,-0.00939943452397235
5168,amount_mean_20,2025-03-05,Q5,0.0021714302893705018
5169,amount_mean_20,2025-03-06,Q5,-0.017998655559188836
5170,amount_mean_20,2025-03-07,Q5,0.013517472666175534
5171,amount_mean_20,2025-03-10,Q5,0.0014649244744367462
5172,amount_mean_20,2025-03-11,Q5,0.0015615470467251757
5173,amount_mean_20,2025-03-12,Q5,-0.011907935894253208
5174,amount_mean_20,2025-03-13,Q5,-0.009338249572989288
5175,amount_mean_20,2025-03-14,Q5,-0.034910437575719155
5176,amount_mean_20,2025-03-17,Q5,-0.03034966921999699
5177,amount_mean_20,2025-03-18,Q5,-0.025187313594078553
5178,amount_mean_20,2025-03-19,Q5,-0.02414869193614222
5179,amount_mean_20,2025-03-20,Q5,-0.021848204262903237
5180,amount_mean_20,2025-03-21,Q5,-0.01936914959212055
5181,amount_mean_20,2025-03-24,Q5,-0.014325302422702413
5182,amount_mean_20,2025-03-25,Q5,-0.012562395234346824
5183,amount_mean_20,2025-03-26,Q5,-0.011550478172046685
5184,amount_mean_20,2025-03-27,Q5,-0.0042869809385511215
5185,amount_mean_20,2025-03-28,Q5,-0.06515123865843397
5186,amount_mean_20,2025-03-31,Q5,-0.03726870756895778
5187,amount_mean_20,2025-04-01,Q5,-0.024368017737756265
5188,amount_mean_20,2025-04-02,Q5,-0.009304812044337973
5189,amount_mean_20,2025-04-03,Q5,-0.02404293790826817
5190,amount_mean_20,2025-04-07,Q5,0.044838618174307454
5191,amount_mean_20,2025-04-08,Q5,0.01997795616243825
5192,amount_mean_20,2025-04-09,Q5,0.007842821009849954
5193,amount_mean_20,2025-04-10,Q5,0.007339486545229756
5194,amount_mean_20,2025-04-11,Q5,0.029557905064319767
5195,amount_mean_20,2025-04-14,Q5,0.013336947944664668
5196,amount_mean_20,2025-04-15,Q5,0.017700444681154504
5197,amount_mean_20,2025-04-16,Q5,0.0025852525891536526
5198,amount_mean_20,2025-04-17,Q5,-0.00968959529519936
5199,amount_mean_20,2025-04-18,Q5,-0.025386706366901768
5200,amount_mean_20,2025-04-21,Q5,-0.025280714742776156
5201,amount_mean_20,2025-04-22,Q5,-0.028483419677806265
5202,amount_mean_20,2025-04-23,Q5,-0.02292891207798564
5203,amount_mean_20,2025-04-24,Q5,-0.020828517762729315
5204,amount_mean_20,2025-04-25,Q5,-0.00973006167453122
5205,amount_mean_20,2025-04-28,Q5,0.007296696280710835
5206,amount_mean_20,2025-04-29,Q5,0.005538728117573721
5207,amount_mean_20,2025-04-30,Q5,0.01439423349831015
5208,amount_mean_20,2025-05-06,Q5,0.01725094964144802
5209,amount_mean_20,2025-05-07,Q5,0.017407738394545735
5210,amount_mean_20,2025-05-08,Q5,0.007448480052330009
5211,amount_mean_20,2025-05-09,Q5,0.009576443953088709
5212,amount_mean_20,2025-05-12,Q5,0.0057589897843449145
5213,amount_mean_20,2025-05-13,Q5,-0.0014021832439142234
5214,amount_mean_20,2025-05-14,Q5,-0.0072467429844014775
5215,amount_mean_20,2025-05-15,Q5,-0.0018128178285689578
5216,amount_mean_20,2025-05-16,Q5,-0.0068247891883918554
5217,amount_mean_20,2025-05-19,Q5,-0.010301228159931397
5218,amount_mean_20,2025-05-20,Q5,-0.0037223136137467527
5219,amount_mean_20,2025-05-21,Q5,-0.0037394804464096487
5220,amount_mean_20,2025-05-22,Q5,-0.0016472549179569196
5221,amount_mean_20,2025-05-23,Q5,0.005117147474666184
5222,amount_mean_20,2025-05-26,Q5,0.01330456801343105
5223,amount_mean_20,2025-05-27,Q5,0.011482512046420423
5224,amount_mean_20,2025-05-28,Q5,0.003077124651634955
5225,amount_mean_20,2025-05-29,Q5,0.0030085145048692197
5226,amount_mean_20,2025-05-30,Q5,0.004981849847885744
5227,amount_mean_20,2025-06-03,Q5,0.0015197554071739727
5228,amount_mean_20,2025-06-04,Q5,-0.0033541065441930473
5229,amount_mean_20,2025-06-05,Q5,-0.009360670716282438
5230,amount_mean_20,2025-06-06,Q5,-0.017249401057838232
5231,amount_mean_20,2025-06-09,Q5,-0.0003605329104856003
5232,amount_mean_20,2025-06-10,Q5,-0.007419865387219449
5233,amount_mean_20,2025-06-11,Q5,-0.013268987648135222
5234,amount_mean_20,2025-06-12,Q5,-0.013736794697378707
5235,amount_mean_20,2025-06-13,Q5,-0.0004197079182532426
5236,amount_mean_20,2025-06-16,Q5,-0.01537174609948494
5237,amount_mean_20,2025-06-17,Q5,-0.006554670778123772
5238,amount_mean_20,2025-06-18,Q5,0.011543038866081268
5239,amount_mean_20,2025-06-19,Q5,0.035879832856201
5240,amount_mean_20,2025-06-20,Q5,0.02315180607186762
5241,amount_mean_20,2025-06-23,Q5,0.016201407475299412
5242,amount_mean_20,2025-06-24,Q5,0.01550711970219143
5243,amount_mean_20,2025-06-25,Q5,0.0162226540585666
5244,amount_mean_20,2025-06-26,Q5,0.0030599380099008977
5245,amount_mean_20,2025-06-27,Q5,0.02030584440377381
5246,amount_mean_20,2025-06-30,Q5,0.03719992150361007
5247,amount_mean_20,2025-07-01,Q5,0.032389069802607695
5248,amount_mean_20,2025-07-02,Q5,0.02418083534726778
5249,amount_mean_20,2025-07-03,Q5,0.05682306360675926
5250,amount_mean_20,2025-07-04,Q5,0.037146299340281685
5251,amount_mean_20,2025-07-07,Q5,0.018560904947427903
5252,amount_mean_20,2025-07-08,Q5,0.004624820285171971
5253,amount_mean_20,2025-07-09,Q5,-0.006259103935377874
5254,amount_mean_20,2025-07-10,Q5,-0.03717532291127523
5255,amount_mean_20,2025-07-11,Q5,-0.022186489822104083
5256,amount_mean_20,2025-07-14,Q5,-0.018757192862255245
5257,amount_mean_20,2025-07-15,Q5,-0.0018507923419543992
5258,amount_mean_20,2025-07-16,Q5,0.007843820579168048
5259,amount_mean_20,2025-07-17,Q5,0.009523513313900112
5260,amount_mean_20,2025-07-18,Q5,0.0022022324071009347
5261,amount_mean_20,2025-07-21,Q5,0.008446298313724732
5262,amount_mean_20,2025-07-22,Q5,0.0022041767392265155
5263,amount_mean_20,2025-07-23,Q5,-0.0030842615711226817
5264,amount_mean_20,2025-07-24,Q5,-0.032024257700255576
5265,amount_mean_20,2025-07-25,Q5,-0.03159512064030179
5266,amount_mean_20,2025-07-28,Q5,-0.03440287513939527
5267,amount_mean_20,2025-07-29,Q5,-0.02116430050014062
5268,amount_mean_20,2025-07-30,Q5,-0.0206039172237783
5269,amount_mean_20,2025-07-31,Q5,0.012141139650567956
5270,amount_mean_20,2025-08-01,Q5,0.009580820233443532
5271,amount_mean_20,2025-08-04,Q5,0.005460231928838377
5272,amount_mean_20,2025-08-05,Q5,-0.00406309981516223
5273,amount_mean_20,2025-08-06,Q5,-0.006472880968129202
5274,amount_mean_20,2025-08-07,Q5,-0.013917187740875248
5275,amount_mean_20,2025-08-08,Q5,-0.0067016322770798165
5276,amount_mean_20,2025-08-11,Q5,-0.0073998917467629766
5277,amount_mean_20,2025-08-12,Q5,-0.006312067326792015
5278,amount_mean_20,2025-08-13,Q5,-0.0007828421032807231
5279,amount_mean_20,2025-08-14,Q5,0.008059685688684426
5280,amount_mean_20,2025-08-15,Q5,0.0014692757834441905
5281,amount_mean_20,2025-08-18,Q5,0.06608378392805414
5282,amount_mean_20,2025-08-19,Q5,0.04765979622685801
5283,amount_mean_20,2025-08-20,Q5,0.014089564146681666
5284,amount_mean_20,2025-08-21,Q5,0.013125454640151968
5285,amount_mean_20,2025-08-22,Q5,0.017115886238515177
5286,amount_mean_20,2025-08-25,Q5,-0.046931273379066996
5287,amount_mean_20,2025-08-26,Q5,-0.03468547733035576
5288,amount_mean_20,2025-08-27,Q5,-0.024721846878579645
5289,amount_mean_20,2025-08-28,Q5,-0.031798095725890985
5290,amount_mean_20,2025-08-29,Q5,-0.028420469213827182
5291,amount_mean_20,2025-09-01,Q5,-0.011660980690655132
5292,amount_mean_20,2025-09-02,Q5,0.0008173790549041438
5293,amount_mean_20,2025-09-03,Q5,0.02212769524335556
5294,amount_mean_20,2025-09-04,Q5,0.02765574512339386
5295,amount_mean_20,2025-09-05,Q5,0.026555379099279963
5296,amount_mean_20,2025-09-08,Q5,0.013395751082647012
5297,amount_mean_20,2025-09-09,Q5,0.00843868430624184
5298,amount_mean_20,2025-09-10,Q5,0.00832588088744085
5299,amount_mean_20,2025-09-11,Q5,-0.02295780517048218
5300,amount_mean_20,2025-09-12,Q5,-0.00863694898947881
5301,amount_mean_20,2025-09-15,Q5,-0.00943586646840916
5302,amount_mean_20,2025-09-16,Q5,-0.025040978886380016
5303,amount_mean_20,2025-09-17,Q5,-0.02262559096755168
5304,amount_mean_20,2025-09-18,Q5,0.0017774506829650871
5305,amount_mean_20,2025-09-19,Q5,-0.01507738495507066
5306,amount_mean_20,2025-09-22,Q5,-0.014010810021577447
5307,amount_mean_20,2025-09-23,Q5,0.0018028445503344148
5308,amount_mean_20,2025-09-24,Q5,-0.00627280396759522
5309,amount_mean_20,2025-09-25,Q5,-0.00236066487598946
5310,amount_mean_20,2025-09-26,Q5,-0.016911765633982334
5311,amount_mean_20,2025-09-29,Q5,-0.011762917044932653
5312,amount_mean_20,2025-09-30,Q5,-0.02638210461820556
5313,amount_mean_20,2025-10-09,Q5,-0.022578328165407724
5314,amount_mean_20,2025-10-10,Q5,-0.03316420509614637
5315,amount_mean_20,2025-10-13,Q5,-0.0166265930800929
5316,amount_mean_20,2025-10-14,Q5,-0.01600417006458016
5317,amount_mean_20,2025-10-15,Q5,-0.0032113552405844126
5318,amount_mean_20,2025-10-16,Q5,0.002336988206873891
5319,amount_mean_20,2025-10-17,Q5,0.010182133087956902
5320,amount_mean_20,2025-10-20,Q5,0.0028010148612946373
5321,amount_mean_20,2025-10-21,Q5,-0.008406479227456076
5322,amount_mean_20,2025-10-22,Q5,-0.011128272625568092
5323,amount_mean_20,2025-10-23,Q5,-0.06375160024030124
5324,amount_mean_20,2025-10-24,Q5,-0.05881369014776655
5325,amount_mean_20,2025-10-27,Q5,-0.03886867345393408
5326,amount_mean_20,2025-10-28,Q5,-0.0291171364588092
5327,amount_mean_20,2025-10-29,Q5,-0.029980087117710552
5328,amount_mean_20,2025-10-30,Q5,-0.01444629471209824
5329,amount_mean_20,2025-10-31,Q5,-0.009951385857174477
5330,amount_mean_20,2025-11-03,Q5,-0.010248687937344958
5331,amount_mean_20,2025-11-04,Q5,0.0005174402518566268
5332,amount_mean_20,2025-11-05,Q5,-0.016196074932004978
5333,amount_mean_20,2025-11-06,Q5,-0.015634295774169582
5334,amount_mean_20,2025-11-07,Q5,-0.015581940123530758
5335,amount_mean_20,2025-11-10,Q5,-0.011725676960985698
5336,amount_mean_20,2025-11-11,Q5,-0.0198693848176556
5337,amount_mean_20,2025-11-12,Q5,-0.020426283659860267
5338,amount_mean_20,2025-11-13,Q5,-0.019108755847429548
5339,amount_mean_20,2025-11-14,Q5,-0.049185330710743436
5340,amount_mean_20,2025-11-17,Q5,-0.05308547953454157
5341,amount_mean_20,2025-11-18,Q5,-0.026685914671839006
5342,amount_mean_20,2025-11-19,Q5,-0.008770638816329224
5343,amount_mean_20,2025-11-20,Q5,-0.017757698802886024
5344,amount_mean_20,2025-11-21,Q5,0.020864000352613155
5345,amount_mean_20,2025-11-24,Q5,0.020529120732431072
5346,amount_mean_20,2025-11-25,Q5,-0.005291572437892689
5347,amount_mean_20,2025-11-26,Q5,-0.08069085523887748
5348,amount_mean_20,2025-11-27,Q5,-0.0550975328615117
5349,amount_mean_20,2025-11-28,Q5,-0.043408155377869795
5350,amount_mean_20,2025-12-01,Q5,-0.03515574741530736
5351,amount_mean_20,2025-12-02,Q5,-0.05036675878607233
5352,amount_mean_20,2025-12-03,Q5,0.014428250945410948
5353,amount_mean_20,2025-12-04,Q5,0.00483847373609253
5354,amount_mean_20,2025-12-05,Q5,-0.0007349715736034157
5355,amount_mean_20,2025-12-08,Q5,-0.004507353692204785
5356,amount_mean_20,2025-12-09,Q5,0.0231515338415077
5357,amount_mean_20,2025-12-10,Q5,-0.01879292701283869
5358,amount_mean_20,2025-12-11,Q5,-0.00785052225179289
5359,amount_mean_20,2025-12-12,Q5,-5.792900026668768e-05
5360,amount_mean_20,2025-12-15,Q5,0.006594573340449661
5361,amount_mean_20,2025-12-16,Q5,-0.014624276496307376
5362,amount_mean_20,2025-12-17,Q5,-0.01972760966036302
5363,amount_mean_20,2025-12-18,Q5,-0.011649967459603339
5364,amount_mean_20,2025-12-19,Q5,-0.01670765508468286
5365,amount_mean_20,2025-12-22,Q5,-0.017533673964089058
5366,amount_mean_20,2025-12-23,Q5,-0.021205556255017577
5367,amount_mean_20,2025-12-24,Q5,-0.017187222617185416
5368,amount_mean_20,2025-12-25,Q5,-0.006770535160432523
5369,amount_mean_20,2025-12-26,Q5,0.011921889502719218
5370,amount_mean_20,2025-12-29,Q5,0.0024053779709584666
5371,amount_mean_20,2025-12-30,Q5,0.031609703927516386
5372,amount_mean_20,2025-12-31,Q5,0.03552439535776142
5373,amount_mean_20,2026-01-05,Q5,0.0128146374525685
5374,amount_mean_20,2026-01-06,Q5,-0.008568972063308311
5375,amount_mean_20,2026-01-07,Q5,-0.016255846309489064
5376,amount_mean_20,2026-01-08,Q5,-0.013790149028075405
5377,amount_mean_20,2026-01-09,Q5,-0.034965610260446756
5378,amount_mean_20,2026-01-12,Q5,-0.031048290050698868
5379,amount_mean_20,2026-01-13,Q5,-0.017654314356760015
5380,amount_mean_20,2026-01-14,Q5,0.021351073263518983
5381,amount_mean_20,2026-01-15,Q5,-0.0003008425025182726
5382,amount_mean_20,2026-01-16,Q5,0.014319249377172716
5383,amount_mean_20,2026-01-19,Q5,0.00231952034592664
5384,amount_mean_20,2026-01-20,Q5,-0.014032004318577485
5385,amount_mean_20,2026-01-21,Q5,-0.02535848554226533
5386,amount_mean_20,2026-01-22,Q5,0.013213482061011972
5387,amount_mean_20,2026-01-23,Q5,-0.014350014585760629
5388,amount_mean_20,2026-01-26,Q5,-0.01908491785649219
5389,amount_mean_20,2026-01-27,Q5,-0.00983353590769448
5390,amount_mean_20,2026-01-28,Q5,0.010111537457142439
5391,amount_mean_20,2026-01-29,Q5,-0.01843580905681208
5392,amount_mean_20,2026-01-30,Q5,0.002984835207957781
5393,amount_mean_20,2026-02-02,Q5,0.03958306377646581
5394,amount_mean_20,2026-02-03,Q5,0.0292965830628229
5395,amount_mean_20,2026-02-04,Q5,0.0035374274512259274
5396,amount_mean_20,2026-02-05,Q5,-0.0017627845865766378
5397,amount_mean_20,2026-02-06,Q5,0.010297143913767182
5398,amount_mean_20,2026-02-09,Q5,-0.0112589864293694
5399,amount_mean_20,2026-02-10,Q5,0.0032534444854109834
5400,amount_mean_20,2026-02-11,Q5,-0.01619084850569219
5401,amount_mean_20,2026-02-12,Q5,-0.010867318832233797
5402,amount_mean_20,2026-02-13,Q5,-0.024882523022824454
5403,amount_mean_20,2026-02-24,Q5,-0.02678137687870752
5404,amount_mean_20,2026-02-25,Q5,-0.04490607144742004
5405,amount_mean_20,2026-02-26,Q5,-0.016245353637414528
5406,amount_mean_20,2026-02-27,Q5,-0.016066452661029573
5407,amount_mean_20,2026-03-02,Q5,-0.014673778074465793
5408,amount_mean_20,2026-03-03,Q5,-0.003216897706246724
5409,amount_mean_20,2026-03-04,Q5,0.013814651749439966
5410,amount_mean_20,2026-03-05,Q5,0.0017485237152363164
5411,amount_mean_20,2026-03-06,Q5,-0.0012727187786737981
5412,amount_mean_20,2026-03-09,Q5,0.008510179122539707
5413,amount_mean_20,2026-03-10,Q5,0.013387693819913227
5414,amount_mean_20,2026-03-11,Q5,-0.0010687074456842138
5415,amount_mean_20,2026-03-12,Q5,-0.018871248225880877
5416,amount_mean_20,2026-03-13,Q5,-0.041654029810040294
5417,amount_mean_20,2026-03-16,Q5,-0.09018967441633008
5418,amount_mean_20,2026-03-17,Q5,-0.07169320335600005
5419,amount_mean_20,2026-03-18,Q5,-0.05598804694775383
5420,amount_mean_20,2026-03-19,Q5,-0.04835378698057902
5421,amount_mean_20,2026-03-20,Q5,-0.020651774212035734
5422,amount_mean_20,2026-03-23,Q5,0.024593568960320722
5423,amount_mean_20,2026-03-24,Q5,-0.0030337882986154474
5424,amount_mean_20,2026-03-25,Q5,-0.00011092054746170144
5425,amount_mean_20,2026-03-26,Q5,0.00023083646330440688
5426,amount_mean_20,2026-03-27,Q5,-0.025019472906241513
5427,amount_mean_20,2026-03-30,Q5,-0.023117855593454195
5428,amount_mean_20,2026-03-31,Q5,0.001305178531074369
5429,amount_mean_20,2026-04-01,Q5,-0.02328173193192351
5430,amount_mean_20,2026-04-02,Q5,-0.011812343120296276
5431,amount_mean_20,2026-04-03,Q5,0.009531914851950762
5432,amount_mean_20,2026-04-07,Q5,0.03390540445077517
5433,amount_mean_20,2026-04-08,Q5,0.0020860001370000547
5434,amount_mean_20,2026-04-09,Q5,0.011177466289832627
5435,amount_mean_20,2026-04-10,Q5,0.0053905709513065725
5436,amount_mean_20,2026-04-13,Q5,0.002105903802784914
5437,amount_mean_20,2026-04-14,Q5,-0.01895401393866386
5438,amount_mean_20,2026-04-15,Q5,-0.021593721378506403
5439,amount_mean_20,2026-04-16,Q5,-0.009613266631278039
5440,amount_mean_20,2026-04-17,Q5,-0.009679226314883882
5441,amount_mean_20,2026-04-20,Q5,0.0034371306366548504
5442,amount_mean_20,2026-04-21,Q5,0.00788876945739403
5443,amount_mean_20,2026-04-22,Q5,0.024590206650289215
5444,amount_mean_20,2026-04-23,Q5,0.026018031542232922
5445,price_strength_20,2025-02-25,Q1,0.0202808295687249
5446,price_strength_20,2025-02-26,Q1,-0.01361575654614089
5447,price_strength_20,2025-02-27,Q1,-0.009244983805169471
5448,price_strength_20,2025-02-28,Q1,0.015118866007353016
5449,price_strength_20,2025-03-03,Q1,0.0
5450,price_strength_20,2025-03-04,Q1,0.032110097763283774
5451,price_strength_20,2025-03-05,Q1,0.021472372223182212
5452,price_strength_20,2025-03-06,Q1,-0.03576983284817814
5453,price_strength_20,2025-03-07,Q1,0.023291940067493133
5454,price_strength_20,2025-03-10,Q1,0.026397527140289867
5455,price_strength_20,2025-03-11,Q1,0.013459001854659203
5456,price_strength_20,2025-03-12,Q1,0.009584655045652868
5457,price_strength_20,2025-03-13,Q1,0.01612909428163012
5458,price_strength_20,2025-03-14,Q1,-0.014173177496439648
5459,price_strength_20,2025-03-17,Q1,-0.01043477265731152
5460,price_strength_20,2025-03-18,Q1,-0.005221885738692533
5461,price_strength_20,2025-03-19,Q1,-0.03614457677509342
5462,price_strength_20,2025-03-20,Q1,-0.034993237961193135
5463,price_strength_20,2025-03-21,Q1,-0.0326087287502157
5464,price_strength_20,2025-03-24,Q1,-0.033962320509053345
5465,price_strength_20,2025-03-25,Q1,-0.033834642738285736
5466,price_strength_20,2025-03-26,Q1,-0.02222220161814692
5467,price_strength_20,2025-03-27,Q1,0.06037729873738917
5468,price_strength_20,2025-03-28,Q1,-0.019379827052266485
5469,price_strength_20,2025-03-31,Q1,0.07421877401066057
5470,price_strength_20,2025-04-01,Q1,0.12451368870566637
5471,price_strength_20,2025-04-02,Q1,0.19999999999999996
5472,price_strength_20,2025-04-03,Q1,-0.04889976533550211
5473,price_strength_20,2025-04-07,Q1,0.08152172469405494
5474,price_strength_20,2025-04-08,Q1,0.09982489804787376
5475,price_strength_20,2025-04-09,Q1,0.0422297291854945
5476,price_strength_20,2025-04-10,Q1,0.02295079814333678
5477,price_strength_20,2025-04-11,Q1,0.022257530577846296
5478,price_strength_20,2025-04-14,Q1,0.007886390014879785
5479,price_strength_20,2025-04-15,Q1,0.022292971625532454
5480,price_strength_20,2025-04-16,Q1,0.04213934340837944
5481,price_strength_20,2025-04-17,Q1,0.016025702746429227
5482,price_strength_20,2025-04-18,Q1,-0.023225784301757812
5483,price_strength_20,2025-04-21,Q1,-0.03286385642171685
5484,price_strength_20,2025-04-22,Q1,-0.04145073879804795
5485,price_strength_20,2025-04-23,Q1,0.0012936289805955958
5486,price_strength_20,2025-04-24,Q1,0.04743078385242194
5487,price_strength_20,2025-04-25,Q1,0.04959999084472666
5488,price_strength_20,2025-04-28,Q1,0.07640746540341903
5489,price_strength_20,2025-04-29,Q1,0.08513508506549261
5490,price_strength_20,2025-04-30,Q1,0.005873709572558505
5491,price_strength_20,2025-05-06,Q1,0.004392417297725437
5492,price_strength_20,2025-05-07,Q1,-0.0014493085135679484
5493,price_strength_20,2025-05-08,Q1,-0.013081417309715349
5494,price_strength_20,2025-05-09,Q1,-0.001474959966427325
5495,price_strength_20,2025-05-12,Q1,-0.007299228407856018
5496,price_strength_20,2025-05-13,Q1,-0.011661796231637989
5497,price_strength_20,2025-05-14,Q1,-0.01886787229650111
5498,price_strength_20,2025-05-15,Q1,-0.017673031845840126
5499,price_strength_20,2025-05-16,Q1,-0.020679448579028814
5500,price_strength_20,2025-05-19,Q1,-0.025000010518466453
5501,price_strength_20,2025-05-20,Q1,-0.016224207980889416
5502,price_strength_20,2025-05-21,Q1,-0.011834378377890364
5503,price_strength_20,2025-05-22,Q1,0.004497711038687235
5504,price_strength_20,2025-05-23,Q1,0.001508258200915824
5505,price_strength_20,2025-05-26,Q1,-0.007541506767994921
5506,price_strength_20,2025-05-27,Q1,0.004301071078780971
5507,price_strength_20,2025-05-28,Q1,0.004310340840949722
5508,price_strength_20,2025-05-29,Q1,0.002132143267095099
5509,price_strength_20,2025-05-30,Q1,-0.003012045380823114
5510,price_strength_20,2025-06-03,Q1,0.0030395108143479455
5511,price_strength_20,2025-06-04,Q1,-0.00755282700333193
5512,price_strength_20,2025-06-05,Q1,-0.0021458696077492068
5513,price_strength_20,2025-06-06,Q1,-0.024242401473340114
5514,price_strength_20,2025-06-09,Q1,-0.00755282700333193
5515,price_strength_20,2025-06-10,Q1,-0.010606014520558649
5516,price_strength_20,2025-06-11,Q1,-0.019786927099583962
5517,price_strength_20,2025-06-12,Q1,-0.02918587565903874
5518,price_strength_20,2025-06-13,Q1,-0.023291940067493244
5519,price_strength_20,2025-06-16,Q1,-0.008714588349299945
5520,price_strength_20,2025-06-17,Q1,0.0
5521,price_strength_20,2025-06-18,Q1,0.02242153872712427
5522,price_strength_20,2025-06-19,Q1,0.0185430282051382
5523,price_strength_20,2025-06-20,Q1,0.01455028232102884
5524,price_strength_20,2025-06-23,Q1,0.020667744869527827
5525,price_strength_20,2025-06-24,Q1,0.0
5526,price_strength_20,2025-06-25,Q1,-0.02956298365950194
5527,price_strength_20,2025-06-26,Q1,-0.027308197215134555
5528,price_strength_20,2025-06-27,Q1,-0.04172101283941543
5529,price_strength_20,2025-06-30,Q1,-0.015503861641813277
5530,price_strength_20,2025-07-01,Q1,0.004694868612704628
5531,price_strength_20,2025-07-02,Q1,0.006319109373639442
5532,price_strength_20,2025-07-03,Q1,0.028436067511102836
5533,price_strength_20,2025-07-04,Q1,0.03343941947355811
5534,price_strength_20,2025-07-07,Q1,-0.013831245417532223
5535,price_strength_20,2025-07-08,Q1,-0.04120881622100403
5536,price_strength_20,2025-07-09,Q1,-0.012499955296515264
5537,price_strength_20,2025-07-10,Q1,-0.004201643351844697
5538,price_strength_20,2025-07-11,Q1,-0.004207602991139869
5539,price_strength_20,2025-07-14,Q1,0.012622675218258328
5540,price_strength_20,2025-07-15,Q1,0.021489984950937346
5541,price_strength_20,2025-07-16,Q1,-0.007032375498725707
5542,price_strength_20,2025-07-17,Q1,0.046413490507621
5543,price_strength_20,2025-07-18,Q1,0.025352155999091686
5544,price_strength_20,2025-07-21,Q1,0.022364195106523654
5545,price_strength_20,2025-07-22,Q1,0.016025702746429227
5546,price_strength_20,2025-07-23,Q1,0.01416429255567353
5547,price_strength_20,2025-07-24,Q1,-0.009716666844273969
5548,price_strength_20,2025-07-25,Q1,-0.005668068529258163
5549,price_strength_20,2025-07-28,Q1,-0.012841079207244088
5550,price_strength_20,2025-07-29,Q1,0.010534855172886992
5551,price_strength_20,2025-07-30,Q1,0.004807726107171506
5552,price_strength_20,2025-07-31,Q1,0.028335273146615103
5553,price_strength_20,2025-08-01,Q1,0.009389662603004112
5554,price_strength_20,2025-08-04,Q1,0.010920463857676754
5555,price_strength_20,2025-08-05,Q1,0.0031007723283626998
5556,price_strength_20,2025-08-06,Q1,0.003105587072796734
5557,price_strength_20,2025-08-07,Q1,-0.006182374520887324
5558,price_strength_20,2025-08-08,Q1,0.012403163241694326
5559,price_strength_20,2025-08-11,Q1,-0.0020876309236564916
5560,price_strength_20,2025-08-12,Q1,-0.0041840962444885665
5561,price_strength_20,2025-08-13,Q1,0.0041840962444885665
5562,price_strength_20,2025-08-14,Q1,0.036016966917501225
5563,price_strength_20,2025-08-15,Q1,-0.0016555880973233572
5564,price_strength_20,2025-08-18,Q1,0.030629129792706822
5565,price_strength_20,2025-08-19,Q1,0.024875557763047063
5566,price_strength_20,2025-08-20,Q1,-0.000828440386109297
5567,price_strength_20,2025-08-21,Q1,-0.005761291935965196
5568,price_strength_20,2025-08-22,Q1,-0.0008292063460934029
5569,price_strength_20,2025-08-25,Q1,-0.02464063416406137
5570,price_strength_20,2025-08-26,Q1,-0.03074434668253656
5571,price_strength_20,2025-08-27,Q1,-0.023230092813399383
5572,price_strength_20,2025-08-28,Q1,-0.0242024492118601
5573,price_strength_20,2025-08-29,Q1,-0.0011062200137206268
5574,price_strength_20,2025-09-01,Q1,-0.0010953153073918198
5575,price_strength_20,2025-09-02,Q1,0.008869170692469064
5576,price_strength_20,2025-09-03,Q1,0.03963764263803382
5577,price_strength_20,2025-09-04,Q1,0.03382189341662589
5578,price_strength_20,2025-09-05,Q1,0.022148373774018904
5579,price_strength_20,2025-09-08,Q1,0.005482477123057272
5580,price_strength_20,2025-09-09,Q1,0.015384547668098714
5581,price_strength_20,2025-09-10,Q1,0.022875820388434276
5582,price_strength_20,2025-09-11,Q1,-0.002181074983344522
5583,price_strength_20,2025-09-12,Q1,-0.023037581195560874
5584,price_strength_20,2025-09-15,Q1,-0.02317592385667544
5585,price_strength_20,2025-09-16,Q1,-0.010309268214748757
5586,price_strength_20,2025-09-17,Q1,-0.015463943287513549
5587,price_strength_20,2025-09-18,Q1,-0.04426005128868371
5588,price_strength_20,2025-09-19,Q1,-0.028011178292021377
5589,price_strength_20,2025-09-22,Q1,0.021276541059871645
5590,price_strength_20,2025-09-23,Q1,0.053468190965286544
5591,price_strength_20,2025-09-24,Q1,0.0588235777031485
5592,price_strength_20,2025-09-25,Q1,0.060781488504842995
5593,price_strength_20,2025-09-26,Q1,0.04322762412452463
5594,price_strength_20,2025-09-29,Q1,0.017590132918044565
5595,price_strength_20,2025-09-30,Q1,0.005290958124783751
5596,price_strength_20,2025-10-09,Q1,0.012280732281358064
5597,price_strength_20,2025-10-10,Q1,-0.06370367827238865
5598,price_strength_20,2025-10-13,Q1,-0.03500761233851313
5599,price_strength_20,2025-10-14,Q1,-0.019908133271673067
5600,price_strength_20,2025-10-15,Q1,-0.016949100239843973
5601,price_strength_20,2025-10-16,Q1,-0.003124996973201677
5602,price_strength_20,2025-10-17,Q1,0.00632910771622841
5603,price_strength_20,2025-10-20,Q1,-0.0031545710481332145
5604,price_strength_20,2025-10-21,Q1,-0.02031251757871333
5605,price_strength_20,2025-10-22,Q1,0.04566642550763378
5606,price_strength_20,2025-10-23,Q1,-0.017241399928100698
5607,price_strength_20,2025-10-24,Q1,-0.014150967090964306
5608,price_strength_20,2025-10-27,Q1,-0.003164553858114205
5609,price_strength_20,2025-10-28,Q1,0.009259206113829244
5610,price_strength_20,2025-10-29,Q1,-0.014263098796201579
5611,price_strength_20,2025-10-30,Q1,-0.014354091365498145
5612,price_strength_20,2025-10-31,Q1,-0.014354091365498145
5613,price_strength_20,2025-11-03,Q1,-0.006349200101906871
5614,price_strength_20,2025-11-04,Q1,-0.005867614979705005
5615,price_strength_20,2025-11-05,Q1,-0.046281024955527994
5616,price_strength_20,2025-11-06,Q1,-0.047775939646086285
5617,price_strength_20,2025-11-07,Q1,-0.048479880763284244
5618,price_strength_20,2025-11-10,Q1,-0.026890731519514155
5619,price_strength_20,2025-11-11,Q1,-0.03288359198466462
5620,price_strength_20,2025-11-12,Q1,-0.05112652985599764
5621,price_strength_20,2025-11-13,Q1,-0.051038073630749414
5622,price_strength_20,2025-11-14,Q1,-0.093264242730704
5623,price_strength_20,2025-11-17,Q1,-0.1001726990548083
5624,price_strength_20,2025-11-18,Q1,-0.0714909005587101
5625,price_strength_20,2025-11-19,Q1,-0.008219192160326627
5626,price_strength_20,2025-11-20,Q1,-0.023701023022149492
5627,price_strength_20,2025-11-21,Q1,0.048571450369698566
5628,price_strength_20,2025-11-24,Q1,0.0009597148568729619
5629,price_strength_20,2025-11-25,Q1,-0.04788725760329193
5630,price_strength_20,2025-11-26,Q1,0.016177941542755647
5631,price_strength_20,2025-11-27,Q1,-0.09140768175102287
5632,price_strength_20,2025-11-28,Q1,-0.07992570558160039
5633,price_strength_20,2025-12-01,Q1,-0.05576922547887753
5634,price_strength_20,2025-12-02,Q1,-0.08269227771363907
5635,price_strength_20,2025-12-03,Q1,0.04790414374326857
5636,price_strength_20,2025-12-04,Q1,0.020120801949947476
5637,price_strength_20,2025-12-05,Q1,0.014141449365382641
5638,price_strength_20,2025-12-08,Q1,-0.008146631995133324
5639,price_strength_20,2025-12-09,Q1,0.04192868135531724
5640,price_strength_20,2025-12-10,Q1,-0.055238087972005245
5641,price_strength_20,2025-12-11,Q1,-0.03944778685022354
5642,price_strength_20,2025-12-12,Q1,-0.023904359763948557
5643,price_strength_20,2025-12-15,Q1,0.01232031708203074
5644,price_strength_20,2025-12-16,Q1,0.049145305023469366
5645,price_strength_20,2025-12-17,Q1,0.041972778951997025
5646,price_strength_20,2025-12-18,Q1,-0.016427089442707543
5647,price_strength_20,2025-12-19,Q1,-0.02653063508382847
5648,price_strength_20,2025-12-22,Q1,-0.038539566701057626
5649,price_strength_20,2025-12-23,Q1,-0.03549062163837269
5650,price_strength_20,2025-12-24,Q1,-0.0231092706355277
5651,price_strength_20,2025-12-25,Q1,-0.008350722791562015
5652,price_strength_20,2025-12-26,Q1,0.012578604406595195
5653,price_strength_20,2025-12-29,Q1,-0.0021096524319702548
5654,price_strength_20,2025-12-30,Q1,0.06060610752038276
5655,price_strength_20,2025-12-31,Q1,0.06666665299391683
5656,price_strength_20,2026-01-05,Q1,0.027368445145456333
5657,price_strength_20,2026-01-06,Q1,0.0
5658,price_strength_20,2026-01-07,Q1,-0.008456651520450165
5659,price_strength_20,2026-01-08,Q1,-0.01737617769661559
5660,price_strength_20,2026-01-09,Q1,-0.023560249290132562
5661,price_strength_20,2026-01-12,Q1,-0.031358856361689114
5662,price_strength_20,2026-01-13,Q1,-0.02301257922304878
5663,price_strength_20,2026-01-14,Q1,0.020084522158259732
5664,price_strength_20,2026-01-15,Q1,0.03651978341452877
5665,price_strength_20,2026-01-16,Q1,0.05754611626232142
5666,price_strength_20,2026-01-19,Q1,0.017486427077264333
5667,price_strength_20,2026-01-20,Q1,0.04462666167768159
5668,price_strength_20,2026-01-21,Q1,-0.02077683365645122
5669,price_strength_20,2026-01-22,Q1,-0.009936735294462262
5670,price_strength_20,2026-01-23,Q1,-0.014558676136881332
5671,price_strength_20,2026-01-26,Q1,-0.06444686943359224
5672,price_strength_20,2026-01-27,Q1,-0.008928562875609058
5673,price_strength_20,2026-01-28,Q1,0.013422913295959349
5674,price_strength_20,2026-01-29,Q1,0.043843218437228604
5675,price_strength_20,2026-01-30,Q1,0.0022320875004695484
5676,price_strength_20,2026-02-02,Q1,0.04094828937233741
5677,price_strength_20,2026-02-03,Q1,0.0376711959663496
5678,price_strength_20,2026-02-04,Q1,0.002100788143664989
5679,price_strength_20,2026-02-05,Q1,0.012793164615673813
5680,price_strength_20,2026-02-06,Q1,-0.012698400844561863
5681,price_strength_20,2026-02-09,Q1,-0.012422348597782795
5682,price_strength_20,2026-02-10,Q1,0.002089912058669041
5683,price_strength_20,2026-02-11,Q1,-0.004192868135531769
5684,price_strength_20,2026-02-12,Q1,0.00526317797209086
5685,price_strength_20,2026-02-13,Q1,0.002143671803560565
5686,price_strength_20,2026-02-24,Q1,-0.061844879973489086
5687,price_strength_20,2026-02-25,Q1,-0.07820646382342444
5688,price_strength_20,2026-02-26,Q1,-0.057894756919459334
5689,price_strength_20,2026-02-27,Q1,-0.03712034993945934
5690,price_strength_20,2026-03-02,Q1,-0.019744492807512115
5691,price_strength_20,2026-03-03,Q1,0.026315822495649455
5692,price_strength_20,2026-03-04,Q1,0.03001200507679891
5693,price_strength_20,2026-03-05,Q1,0.01916165749730747
5694,price_strength_20,2026-03-06,Q1,0.0035046415304422762
5695,price_strength_20,2026-03-09,Q1,0.03317543845574367
5696,price_strength_20,2026-03-10,Q1,0.03729600205940309
5697,price_strength_20,2026-03-11,Q1,0.052447530683748855
5698,price_strength_20,2026-03-12,Q1,0.05405405708284139
5699,price_strength_20,2026-03-13,Q1,-0.06866946465715607
5700,price_strength_20,2026-03-16,Q1,-0.13733903163988603
5701,price_strength_20,2026-03-17,Q1,-0.07266437042359064
5702,price_strength_20,2026-03-18,Q1,-0.041958003482745365
5703,price_strength_20,2026-03-19,Q1,-0.10222223069932723
5704,price_strength_20,2026-03-20,Q1,-0.06451617510690377
5705,price_strength_20,2026-03-23,Q1,-0.002487500520428565
5706,price_strength_20,2026-03-24,Q1,-0.024449911814275582
5707,price_strength_20,2026-03-25,Q1,-0.019417457749564604
5708,price_strength_20,2026-03-26,Q1,-0.029702942250534492
5709,price_strength_20,2026-03-27,Q1,-0.059113303674688034
5710,price_strength_20,2026-03-30,Q1,-0.04987538022112881
5711,price_strength_20,2026-03-31,Q1,-0.010025053072035384
5712,price_strength_20,2026-04-01,Q1,-0.042079227202757585
5713,price_strength_20,2026-04-02,Q1,-0.00765305377701242
5714,price_strength_20,2026-04-03,Q1,0.02356024978028981
5715,price_strength_20,2026-04-07,Q1,0.05511812107634029
5716,price_strength_20,2026-04-08,Q1,0.005063286249386678
5717,price_strength_20,2026-04-09,Q1,0.023255854069589743
5718,price_strength_20,2026-04-10,Q1,0.01799484096531212
5719,price_strength_20,2026-04-13,Q1,0.005115084523652724
5720,price_strength_20,2026-04-14,Q1,-0.010989000432297447
5721,price_strength_20,2026-04-15,Q1,0.0037174684946250647
5722,price_strength_20,2026-04-16,Q1,-0.01111110031850071
5723,price_strength_20,2026-04-17,Q1,-0.018450166646666433
5724,price_strength_20,2026-04-20,Q1,-0.022058802260453536
5725,price_strength_20,2026-04-21,Q1,-0.018518500530834592
5726,price_strength_20,2026-04-22,Q1,0.0
5727,price_strength_20,2026-04-23,Q1,0.00749062934645095
5728,price_strength_20,2025-02-25,Q2,0.002799501108164959
5729,price_strength_20,2025-02-26,Q2,-0.002359230929115219
5730,price_strength_20,2025-02-27,Q2,-0.006236854126350111
5731,price_strength_20,2025-02-28,Q2,0.003508740620111306
5732,price_strength_20,2025-03-03,Q2,0.01017410947469155
5733,price_strength_20,2025-03-04,Q2,-0.004903866184675143
5734,price_strength_20,2025-03-05,Q2,0.0011200772648333746
5735,price_strength_20,2025-03-06,Q2,-0.017209349741040825
5736,price_strength_20,2025-03-07,Q2,0.016134659038952726
5737,price_strength_20,2025-03-10,Q2,0.00944593127599902
5738,price_strength_20,2025-03-11,Q2,0.009993558552751747
5739,price_strength_20,2025-03-12,Q2,0.0008506387946249361
5740,price_strength_20,2025-03-13,Q2,0.00544217175129702
5741,price_strength_20,2025-03-14,Q2,-0.017293466038960037
5742,price_strength_20,2025-03-17,Q2,-0.041818180402887706
5743,price_strength_20,2025-03-18,Q2,-0.04926673727336622
5744,price_strength_20,2025-03-19,Q2,-0.014756576249384368
5745,price_strength_20,2025-03-20,Q2,-0.0013134676701747061
5746,price_strength_20,2025-03-21,Q2,-0.0425702913777431
5747,price_strength_20,2025-03-24,Q2,-0.0015528870553609408
5748,price_strength_20,2025-03-25,Q2,0.00021231478902605794
5749,price_strength_20,2025-03-26,Q2,-0.02646170114106916
5750,price_strength_20,2025-03-27,Q2,-0.016920059536181586
5751,price_strength_20,2025-03-28,Q2,-0.0942091366249505
5752,price_strength_20,2025-03-31,Q2,-0.054721830943096184
5753,price_strength_20,2025-04-01,Q2,-0.038357272736897485
5754,price_strength_20,2025-04-02,Q2,-0.017294898870777897
5755,price_strength_20,2025-04-03,Q2,-0.02404293790826817
5756,price_strength_20,2025-04-07,Q2,0.09233466819831326
5757,price_strength_20,2025-04-08,Q2,0.0900810285050977
5758,price_strength_20,2025-04-09,Q2,0.0594050754167994
5759,price_strength_20,2025-04-10,Q2,0.02298356228892018
5760,price_strength_20,2025-04-11,Q2,0.01708335503774111
5761,price_strength_20,2025-04-14,Q2,0.017225731978782854
5762,price_strength_20,2025-04-15,Q2,0.020686964407083452
5763,price_strength_20,2025-04-16,Q2,0.026028851427254696
5764,price_strength_20,2025-04-17,Q2,0.013406223909698811
5765,price_strength_20,2025-04-18,Q2,-0.013996876605293085
5766,price_strength_20,2025-04-21,Q2,-0.0220232030595629
5767,price_strength_20,2025-04-22,Q2,-0.01868510739079765
5768,price_strength_20,2025-04-23,Q2,-0.012470877508515332
5769,price_strength_20,2025-04-24,Q2,0.018757384380962305
5770,price_strength_20,2025-04-25,Q2,0.044715235384341745
5771,price_strength_20,2025-04-28,Q2,0.06703041500089169
5772,price_strength_20,2025-04-29,Q2,0.014714652968947695
5773,price_strength_20,2025-04-30,Q2,0.06394996447544299
5774,price_strength_20,2025-05-06,Q2,0.027372280081267686
5775,price_strength_20,2025-05-07,Q2,0.03805990994769071
5776,price_strength_20,2025-05-08,Q2,-0.002361425096018721
5777,price_strength_20,2025-05-09,Q2,0.011413944514109375
5778,price_strength_20,2025-05-12,Q2,0.007325272724545251
5779,price_strength_20,2025-05-13,Q2,0.01478966243267621
5780,price_strength_20,2025-05-14,Q2,0.0010422125040943642
5781,price_strength_20,2025-05-15,Q2,-0.002831362778516755
5782,price_strength_20,2025-05-16,Q2,-0.020333980595223455
5783,price_strength_20,2025-05-19,Q2,-0.011399560634466843
5784,price_strength_20,2025-05-20,Q2,-0.007164844941065895
5785,price_strength_20,2025-05-21,Q2,-0.017996677909984826
5786,price_strength_20,2025-05-22,Q2,0.004274269857547364
5787,price_strength_20,2025-05-23,Q2,0.025315484010266842
5788,price_strength_20,2025-05-26,Q2,0.012544805317697194
5789,price_strength_20,2025-05-27,Q2,0.0034720695783549416
5790,price_strength_20,2025-05-28,Q2,-0.004242477187198668
5791,price_strength_20,2025-05-29,Q2,-0.008079977712692421
5792,price_strength_20,2025-05-30,Q2,0.008928563065674688
5793,price_strength_20,2025-06-03,Q2,0.011608297116597055
5794,price_strength_20,2025-06-04,Q2,0.018432036788071704
5795,price_strength_20,2025-06-05,Q2,0.002100766554416489
5796,price_strength_20,2025-06-06,Q2,-0.008682713002725162
5797,price_strength_20,2025-06-09,Q2,-0.011396281439630451
5798,price_strength_20,2025-06-10,Q2,-0.006760433736058891
5799,price_strength_20,2025-06-11,Q2,-0.02339386150561712
5800,price_strength_20,2025-06-12,Q2,-0.025748849081877467
5801,price_strength_20,2025-06-13,Q2,-0.010152079311835094
5802,price_strength_20,2025-06-16,Q2,-0.018265872230726066
5803,price_strength_20,2025-06-17,Q2,-0.015248839262269998
5804,price_strength_20,2025-06-18,Q2,0.011813514835240235
5805,price_strength_20,2025-06-19,Q2,0.021568487185792296
5806,price_strength_20,2025-06-20,Q2,0.021956398280791656
5807,price_strength_20,2025-06-23,Q2,-0.0034245647371412558
5808,price_strength_20,2025-06-24,Q2,-0.013022125789239225
5809,price_strength_20,2025-06-25,Q2,0.023801787433303856
5810,price_strength_20,2025-06-26,Q2,-0.0263274333824432
5811,price_strength_20,2025-06-27,Q2,-0.026730360633903882
5812,price_strength_20,2025-06-30,Q2,-0.0171790010960593
5813,price_strength_20,2025-07-01,Q2,-0.001345356664219255
5814,price_strength_20,2025-07-02,Q2,-0.0018517811877435952
5815,price_strength_20,2025-07-03,Q2,0.01222533454335395
5816,price_strength_20,2025-07-04,Q2,0.01792877728452491
5817,price_strength_20,2025-07-07,Q2,0.011523605720411889
5818,price_strength_20,2025-07-08,Q2,-0.007075841777570868
5819,price_strength_20,2025-07-09,Q2,-0.007105145588176209
5820,price_strength_20,2025-07-10,Q2,-0.018597766521523784
5821,price_strength_20,2025-07-11,Q2,-0.02166540177894466
5822,price_strength_20,2025-07-14,Q2,-0.012929203651568077
5823,price_strength_20,2025-07-15,Q2,0.013946594850892391
5824,price_strength_20,2025-07-16,Q2,0.007487419945664986
5825,price_strength_20,2025-07-17,Q2,0.01812346223288963
5826,price_strength_20,2025-07-18,Q2,0.015571442167974126
5827,price_strength_20,2025-07-21,Q2,0.03487187534669933
5828,price_strength_20,2025-07-22,Q2,-0.0017972191297579987
5829,price_strength_20,2025-07-23,Q2,0.0008192697167312413
5830,price_strength_20,2025-07-24,Q2,-0.004895935483457903
5831,price_strength_20,2025-07-25,Q2,-0.021245197972768415
5832,price_strength_20,2025-07-28,Q2,-0.015015243058064176
5833,price_strength_20,2025-07-29,Q2,-0.0011278907049131481
5834,price_strength_20,2025-07-30,Q2,-0.0018992568228307083
5835,price_strength_20,2025-07-31,Q2,0.012141139650567956
5836,price_strength_20,2025-08-01,Q2,0.035932823840441275
5837,price_strength_20,2025-08-04,Q2,0.06788982275317912
5838,price_strength_20,2025-08-05,Q2,0.11697333012575972
5839,price_strength_20,2025-08-06,Q2,0.08928253678278547
5840,price_strength_20,2025-08-07,Q2,0.004476483819404686
5841,price_strength_20,2025-08-08,Q2,-0.011857214775985614
5842,price_strength_20,2025-08-11,Q2,-0.0073998917467629766
5843,price_strength_20,2025-08-12,Q2,-0.006312067326792015
5844,price_strength_20,2025-08-13,Q2,-0.0007828421032807231
5845,price_strength_20,2025-08-14,Q2,0.008059685688684426
5846,price_strength_20,2025-08-15,Q2,0.010647792623667884
5847,price_strength_20,2025-08-18,Q2,0.06018341064261923
5848,price_strength_20,2025-08-19,Q2,0.04677660257516392
5849,price_strength_20,2025-08-20,Q2,0.013462093872604775
5850,price_strength_20,2025-08-21,Q2,0.003736173324340508
5851,price_strength_20,2025-08-22,Q2,-0.002129441064464499
5852,price_strength_20,2025-08-25,Q2,-0.04397840042614054
5853,price_strength_20,2025-08-26,Q2,-0.0426163778518478
5854,price_strength_20,2025-08-27,Q2,-0.02853184977414963
5855,price_strength_20,2025-08-28,Q2,-0.020362156290021027
5856,price_strength_20,2025-08-29,Q2,-0.020685943256084582
5857,price_strength_20,2025-09-01,Q2,-0.002726751740750488
5858,price_strength_20,2025-09-02,Q2,-0.0011426619613846278
5859,price_strength_20,2025-09-03,Q2,0.01164244003517656
5860,price_strength_20,2025-09-04,Q2,0.0136454292997511
5861,price_strength_20,2025-09-05,Q2,0.008865239982255524
5862,price_strength_20,2025-09-08,Q2,0.013764327135691534
5863,price_strength_20,2025-09-09,Q2,0.02723406975456788
5864,price_strength_20,2025-09-10,Q2,0.02264651053179373
5865,price_strength_20,2025-09-11,Q2,0.0025613602486194154
5866,price_strength_20,2025-09-12,Q2,0.0018592378665759357
5867,price_strength_20,2025-09-15,Q2,-0.016599867789420575
5868,price_strength_20,2025-09-16,Q2,-0.051030961562083144
5869,price_strength_20,2025-09-17,Q2,-0.035379296152769246
5870,price_strength_20,2025-09-18,Q2,0.000630178430359285
5871,price_strength_20,2025-09-19,Q2,-0.008539340903369275
5872,price_strength_20,2025-09-22,Q2,-0.0004393773629732256
5873,price_strength_20,2025-09-23,Q2,-0.00996304847442575
5874,price_strength_20,2025-09-24,Q2,-0.0008634349957852283
5875,price_strength_20,2025-09-25,Q2,0.01550024587815313
5876,price_strength_20,2025-09-26,Q2,0.0
5877,price_strength_20,2025-09-29,Q2,0.010908871856650793
5878,price_strength_20,2025-09-30,Q2,0.019571089083678772
5879,price_strength_20,2025-10-09,Q2,-0.027645708339425257
5880,price_strength_20,2025-10-10,Q2,-0.009804926794147795
5881,price_strength_20,2025-10-13,Q2,-0.0012687076813724385
5882,price_strength_20,2025-10-14,Q2,0.000512198695805377
5883,price_strength_20,2025-10-15,Q2,0.014241103619025308
5884,price_strength_20,2025-10-16,Q2,0.024397735019119238
5885,price_strength_20,2025-10-17,Q2,0.025727542469598075
5886,price_strength_20,2025-10-20,Q2,0.017338721367651244
5887,price_strength_20,2025-10-21,Q2,-0.0021066682860886865
5888,price_strength_20,2025-10-22,Q2,0.010608524588803736
5889,price_strength_20,2025-10-23,Q2,0.01364913824948677
5890,price_strength_20,2025-10-24,Q2,0.03526470012269722
5891,price_strength_20,2025-10-27,Q2,0.027782702644333024
5892,price_strength_20,2025-10-28,Q2,0.0055210453389850644
5893,price_strength_20,2025-10-29,Q2,-0.005434054531408994
5894,price_strength_20,2025-10-30,Q2,-0.004136038495913652
5895,price_strength_20,2025-10-31,Q2,0.024047907870282326
5896,price_strength_20,2025-11-03,Q2,-0.016316601749230608
5897,price_strength_20,2025-11-04,Q2,0.023278915606833483
5898,price_strength_20,2025-11-05,Q2,0.005038621729991366
5899,price_strength_20,2025-11-06,Q2,0.028181994911782304
5900,price_strength_20,2025-11-07,Q2,0.018589311300134748
5901,price_strength_20,2025-11-10,Q2,0.01582594754526956
5902,price_strength_20,2025-11-11,Q2,-0.016324383841814616
5903,price_strength_20,2025-11-12,Q2,-0.04061215447056482
5904,price_strength_20,2025-11-13,Q2,-0.019089625850339575
5905,price_strength_20,2025-11-14,Q2,-0.06001562859266529
5906,price_strength_20,2025-11-17,Q2,-0.05448467821210384
5907,price_strength_20,2025-11-18,Q2,-0.019619936496239998
5908,price_strength_20,2025-11-19,Q2,-0.013518267363990144
5909,price_strength_20,2025-11-20,Q2,-0.03655197851271269
5910,price_strength_20,2025-11-21,Q2,0.02709525835235449
5911,price_strength_20,2025-11-24,Q2,0.017685065442256676
5912,price_strength_20,2025-11-25,Q2,0.016606857708545086
5913,price_strength_20,2025-11-26,Q2,-0.11982254286896915
5914,price_strength_20,2025-11-27,Q2,-0.04514454142623958
5915,price_strength_20,2025-11-28,Q2,-0.03535727178653997
5916,price_strength_20,2025-12-01,Q2,-0.003222266118412087
5917,price_strength_20,2025-12-02,Q2,0.011363195456924657
5918,price_strength_20,2025-12-03,Q2,0.03673784587357809
5919,price_strength_20,2025-12-04,Q2,-0.006248643991899727
5920,price_strength_20,2025-12-05,Q2,-0.0288847972173491
5921,price_strength_20,2025-12-08,Q2,-0.03775567589107848
5922,price_strength_20,2025-12-09,Q2,-0.03684881017277969
5923,price_strength_20,2025-12-10,Q2,-0.04558861644104095
5924,price_strength_20,2025-12-11,Q2,-0.016775804374074
5925,price_strength_20,2025-12-12,Q2,0.015178956265788579
5926,price_strength_20,2025-12-15,Q2,0.000731901924441114
5927,price_strength_20,2025-12-16,Q2,-0.01361425747723577
5928,price_strength_20,2025-12-17,Q2,-0.015671937322030205
5929,price_strength_20,2025-12-18,Q2,0.03502751810996296
5930,price_strength_20,2025-12-19,Q2,0.025445438583384883
5931,price_strength_20,2025-12-22,Q2,-0.007237372639139317
5932,price_strength_20,2025-12-23,Q2,-0.00842975859033629
5933,price_strength_20,2025-12-24,Q2,-0.004095997011227537
5934,price_strength_20,2025-12-25,Q2,-0.011350924990410072
5935,price_strength_20,2025-12-26,Q2,0.004992633918479705
5936,price_strength_20,2025-12-29,Q2,0.026601510609911005
5937,price_strength_20,2025-12-30,Q2,0.04988322274714185
5938,price_strength_20,2025-12-31,Q2,0.029333939308005652
5939,price_strength_20,2026-01-05,Q2,0.0683831010274134
5940,price_strength_20,2026-01-06,Q2,-0.024584502682206022
5941,price_strength_20,2026-01-07,Q2,-0.025867684398463542
5942,price_strength_20,2026-01-08,Q2,-0.020429313644403202
5943,price_strength_20,2026-01-09,Q2,-0.03412445720466506
5944,price_strength_20,2026-01-12,Q2,-0.05031692489417944
5945,price_strength_20,2026-01-13,Q2,-0.016322477513506684
5946,price_strength_20,2026-01-14,Q2,0.043807238218834366
5947,price_strength_20,2026-01-15,Q2,0.021433220456121505
5948,price_strength_20,2026-01-16,Q2,0.03852640761193804
5949,price_strength_20,2026-01-19,Q2,0.00910531606470355
5950,price_strength_20,2026-01-20,Q2,-0.03019926113654614
5951,price_strength_20,2026-01-21,Q2,-0.04166343961963981
5952,price_strength_20,2026-01-22,Q2,-0.05687051936820281
5953,price_strength_20,2026-01-23,Q2,-0.06863723565320518
5954,price_strength_20,2026-01-26,Q2,-0.01908491785649219
5955,price_strength_20,2026-01-27,Q2,-0.02825988734155488
5956,price_strength_20,2026-01-28,Q2,0.007339185916791058
5957,price_strength_20,2026-01-29,Q2,0.001525379955090389
5958,price_strength_20,2026-01-30,Q2,0.03487385550452621
5959,price_strength_20,2026-02-02,Q2,0.0642347132096367
5960,price_strength_20,2026-02-03,Q2,0.027182527043379534
5961,price_strength_20,2026-02-04,Q2,0.0193377423189659
5962,price_strength_20,2026-02-05,Q2,0.017890754956504273
5963,price_strength_20,2026-02-06,Q2,0.02003900543676207
5964,price_strength_20,2026-02-09,Q2,-0.012128688442429703
5965,price_strength_20,2026-02-10,Q2,-0.0057412985512403925
5966,price_strength_20,2026-02-11,Q2,-0.009033415301657466
5967,price_strength_20,2026-02-12,Q2,0.0006072329941949062
5968,price_strength_20,2026-02-13,Q2,0.041758200183985794
5969,price_strength_20,2026-02-24,Q2,-0.027777527884451647
5970,price_strength_20,2026-02-25,Q2,-0.042971639027871045
5971,price_strength_20,2026-02-26,Q2,-0.05294849374508681
5972,price_strength_20,2026-02-27,Q2,-0.03527855626462073
5973,price_strength_20,2026-03-02,Q2,-0.022884464346478783
5974,price_strength_20,2026-03-03,Q2,0.04672768854523901
5975,price_strength_20,2026-03-04,Q2,0.0587468505258395
5976,price_strength_20,2026-03-05,Q2,0.03522182209070002
5977,price_strength_20,2026-03-06,Q2,0.012264015981165388
5978,price_strength_20,2026-03-09,Q2,0.017595076563663326
5979,price_strength_20,2026-03-10,Q2,-0.00022445994584224804
5980,price_strength_20,2026-03-11,Q2,-0.012873748903042881
5981,price_strength_20,2026-03-12,Q2,-0.03159298546934808
5982,price_strength_20,2026-03-13,Q2,-0.006275801983012141
5983,price_strength_20,2026-03-16,Q2,-0.09583715902780765
5984,price_strength_20,2026-03-17,Q2,-0.09040934127886352
5985,price_strength_20,2026-03-18,Q2,-0.06500940852470732
5986,price_strength_20,2026-03-19,Q2,-0.038474783747576846
5987,price_strength_20,2026-03-20,Q2,-0.011968481093608652
5988,price_strength_20,2026-03-23,Q2,0.12215602468553532
5989,price_strength_20,2026-03-24,Q2,0.11007460811059067
5990,price_strength_20,2026-03-25,Q2,0.09340404162724747
5991,price_strength_20,2026-03-26,Q2,0.07652624294162153
5992,price_strength_20,2026-03-27,Q2,-0.0005547660258747866
5993,price_strength_20,2026-03-30,Q2,-0.050610729564272317
5994,price_strength_20,2026-03-31,Q2,-0.002772120547334389
5995,price_strength_20,2026-04-01,Q2,0.0032824613275117542
5996,price_strength_20,2026-04-02,Q2,0.0359629259794092
5997,price_strength_20,2026-04-03,Q2,0.0647797339750904
5998,price_strength_20,2026-04-07,Q2,0.07750973864212929
5999,price_strength_20,2026-04-08,Q2,0.02446804949405257
6000,price_strength_20,2026-04-09,Q2,0.005116102351110485
6001,price_strength_20,2026-04-10,Q2,0.0016769162518188718
6002,price_strength_20,2026-04-13,Q2,-0.0006663266475239737
6003,price_strength_20,2026-04-14,Q2,-0.02082856902533542
6004,price_strength_20,2026-04-15,Q2,-0.004716490804980822
6005,price_strength_20,2026-04-16,Q2,-0.01774754028750697
6006,price_strength_20,2026-04-17,Q2,-0.0269692990678167
6007,price_strength_20,2026-04-20,Q2,-0.02307282136291966
6008,price_strength_20,2026-04-21,Q2,-0.025204462538045647
6009,price_strength_20,2026-04-22,Q2,0.023301517399402838
6010,price_strength_20,2026-04-23,Q2,0.0353960954192698
6011,price_strength_20,2025-02-25,Q3,0.002412600465103276
6012,price_strength_20,2025-02-26,Q3,-0.017928317316702413
6013,price_strength_20,2025-02-27,Q3,0.0008606049036423702
6014,price_strength_20,2025-02-28,Q3,-0.006048429350326678
6015,price_strength_20,2025-03-03,Q3,-0.007246312545574507
6016,price_strength_20,2025-03-04,Q3,-0.006048429350326678
6017,price_strength_20,2025-03-05,Q3,-0.011952211166031512
6018,price_strength_20,2025-03-06,Q3,0.003597090218503407
6019,price_strength_20,2025-03-07,Q3,0.0013279882823444833
6020,price_strength_20,2025-03-10,Q3,-0.003129887534334741
6021,price_strength_20,2025-03-11,Q3,0.014198818275611647
6022,price_strength_20,2025-03-12,Q3,0.018329970546806962
6023,price_strength_20,2025-03-13,Q3,0.01805052442619881
6024,price_strength_20,2025-03-14,Q3,-0.018561467463607983
6025,price_strength_20,2025-03-17,Q3,-0.05026456578268246
6026,price_strength_20,2025-03-18,Q3,-0.017340997126628732
6027,price_strength_20,2025-03-19,Q3,-0.008177645451759141
6028,price_strength_20,2025-03-20,Q3,0.1481481535989615
6029,price_strength_20,2025-03-21,Q3,-0.009584731217720188
6030,price_strength_20,2025-03-24,Q3,-0.033373143645738734
6031,price_strength_20,2025-03-25,Q3,-0.013998236495204375
6032,price_strength_20,2025-03-26,Q3,-0.03415782917210064
6033,price_strength_20,2025-03-27,Q3,-0.0043898322412408985
6034,price_strength_20,2025-03-28,Q3,-0.05726877095667726
6035,price_strength_20,2025-03-31,Q3,-0.11822664187009113
6036,price_strength_20,2025-04-01,Q3,-0.10277326307984525
6037,price_strength_20,2025-04-02,Q3,-0.052117215274042006
6038,price_strength_20,2025-04-03,Q3,-0.04516124864274451
6039,price_strength_20,2025-04-07,Q3,0.042968803114491694
6040,price_strength_20,2025-04-08,Q3,0.04527292481871936
6041,price_strength_20,2025-04-09,Q3,0.006393825166257416
6042,price_strength_20,2025-04-10,Q3,0.00375942477902802
6043,price_strength_20,2025-04-11,Q3,0.026629931378362448
6044,price_strength_20,2025-04-14,Q3,-0.023869353807778326
6045,price_strength_20,2025-04-15,Q3,0.008219192160326738
6046,price_strength_20,2025-04-16,Q3,-0.0020789505537704978
6047,price_strength_20,2025-04-17,Q3,-0.004140782865927561
6048,price_strength_20,2025-04-18,Q3,0.0
6049,price_strength_20,2025-04-21,Q3,-0.0018149234966302608
6050,price_strength_20,2025-04-22,Q3,-0.02564100100869393
6051,price_strength_20,2025-04-23,Q3,-0.014652000576396595
6052,price_strength_20,2025-04-24,Q3,-0.004158000242086568
6053,price_strength_20,2025-04-25,Q3,0.0062240107682094425
6054,price_strength_20,2025-04-28,Q3,0.007320672224507607
6055,price_strength_20,2025-04-29,Q3,0.028753965136958826
6056,price_strength_20,2025-04-30,Q3,0.022914757424061794
6057,price_strength_20,2025-05-06,Q3,0.030109481985170605
6058,price_strength_20,2025-05-07,Q3,-0.0061855120744510605
6059,price_strength_20,2025-05-08,Q3,0.027978377414375366
6060,price_strength_20,2025-05-09,Q3,0.020627847872604743
6061,price_strength_20,2025-05-12,Q3,0.04561826145513992
6062,price_strength_20,2025-05-13,Q3,0.06625582747928149
6063,price_strength_20,2025-05-14,Q3,-0.006968634747042013
6064,price_strength_20,2025-05-15,Q3,-0.0035460959929022318
6065,price_strength_20,2025-05-16,Q3,0.03680985408856041
6066,price_strength_20,2025-05-19,Q3,-0.011124864139724466
6067,price_strength_20,2025-05-20,Q3,-0.009900980750178201
6068,price_strength_20,2025-05-21,Q3,-0.010526306103030625
6069,price_strength_20,2025-05-22,Q3,0.007067187424528942
6070,price_strength_20,2025-05-23,Q3,0.018181800842285156
6071,price_strength_20,2025-05-26,Q3,0.007194237817389482
6072,price_strength_20,2025-05-27,Q3,-0.002499997615814209
6073,price_strength_20,2025-05-28,Q3,0.009456255714577644
6074,price_strength_20,2025-05-29,Q3,0.003521123508970936
6075,price_strength_20,2025-05-30,Q3,0.027431334264018004
6076,price_strength_20,2025-06-03,Q3,0.01071427567880967
6077,price_strength_20,2025-06-04,Q3,0.007117431079635805
6078,price_strength_20,2025-06-05,Q3,-0.01060069688994325
6079,price_strength_20,2025-06-06,Q3,0.0037082487522073215
6080,price_strength_20,2025-06-09,Q3,-0.02807014960808163
6081,price_strength_20,2025-06-10,Q3,-0.0035335656299810836
6082,price_strength_20,2025-06-11,Q3,-0.04154727235824873
6083,price_strength_20,2025-06-12,Q3,-0.04872390740950738
6084,price_strength_20,2025-06-13,Q3,-0.028402340418400063
6085,price_strength_20,2025-06-16,Q3,-0.013994927690315517
6086,price_strength_20,2025-06-17,Q3,-0.0023529950310202663
6087,price_strength_20,2025-06-18,Q3,0.013129089830587137
6088,price_strength_20,2025-06-19,Q3,0.030487805587205763
6089,price_strength_20,2025-06-20,Q3,0.025830233305333072
6090,price_strength_20,2025-06-23,Q3,-0.018064498901367188
6091,price_strength_20,2025-06-24,Q3,0.010869606906841245
6092,price_strength_20,2025-06-25,Q3,-0.007142850452539706
6093,price_strength_20,2025-06-26,Q3,-0.0011834590659837163
6094,price_strength_20,2025-06-27,Q3,-0.009478664417471583
6095,price_strength_20,2025-06-30,Q3,0.020118352678250462
6096,price_strength_20,2025-07-01,Q3,0.03914589700589266
6097,price_strength_20,2025-07-02,Q3,0.02517983236086274
6098,price_strength_20,2025-07-03,Q3,0.04643965773426184
6099,price_strength_20,2025-07-04,Q3,0.049689467207783
6100,price_strength_20,2025-07-07,Q3,0.022041825589339314
6101,price_strength_20,2025-07-08,Q3,-0.02105261220606125
6102,price_strength_20,2025-07-09,Q3,-0.006841552620853508
6103,price_strength_20,2025-07-10,Q3,-0.024475502031601426
6104,price_strength_20,2025-07-11,Q3,-0.024475502031601426
6105,price_strength_20,2025-07-14,Q3,-0.003484317373521062
6106,price_strength_20,2025-07-15,Q3,0.028669723892701615
6107,price_strength_20,2025-07-16,Q3,0.035971274849026624
6108,price_strength_20,2025-07-17,Q3,0.027303728345815514
6109,price_strength_20,2025-07-18,Q3,0.0215053561289984
6110,price_strength_20,2025-07-21,Q3,-0.011895291246169504
6111,price_strength_20,2025-07-22,Q3,0.026755826529942794
6112,price_strength_20,2025-07-23,Q3,0.02693600170912136
6113,price_strength_20,2025-07-24,Q3,-0.04293786418773138
6114,price_strength_20,2025-07-25,Q3,-0.031578918309091875
6115,price_strength_20,2025-07-28,Q3,-0.03416858768324149
6116,price_strength_20,2025-07-29,Q3,-0.015772930451572353
6117,price_strength_20,2025-07-30,Q3,-0.010563370526912585
6118,price_strength_20,2025-07-31,Q3,0.03084416589722494
6119,price_strength_20,2025-08-01,Q3,0.009771977863882952
6120,price_strength_20,2025-08-04,Q3,0.0
6121,price_strength_20,2025-08-05,Q3,0.03928576263846262
6122,price_strength_20,2025-08-06,Q3,-0.016051349009055138
6123,price_strength_20,2025-08-07,Q3,0.022471956014182393
6124,price_strength_20,2025-08-08,Q3,0.15650180391511315
6125,price_strength_20,2025-08-11,Q3,0.019607771842881094
6126,price_strength_20,2025-08-12,Q3,0.011956588329576245
6127,price_strength_20,2025-08-13,Q3,0.042763196076383014
6128,price_strength_20,2025-08-14,Q3,0.06263987090620082
6129,price_strength_20,2025-08-15,Q3,0.041958086845887976
6130,price_strength_20,2025-08-18,Q3,0.03819440650167438
6131,price_strength_20,2025-08-19,Q3,0.024137907220975086
6132,price_strength_20,2025-08-20,Q3,-0.02047787707545201
6133,price_strength_20,2025-08-21,Q3,-0.044164044814468784
6134,price_strength_20,2025-08-22,Q3,-0.02464063416406137
6135,price_strength_20,2025-08-25,Q3,0.0026281183410803433
6136,price_strength_20,2025-08-26,Q3,-0.03367008151105677
6137,price_strength_20,2025-08-27,Q3,-0.025052168374686046
6138,price_strength_20,2025-08-28,Q3,-0.03125005174014095
6139,price_strength_20,2025-08-29,Q3,0.01052635594418172
6140,price_strength_20,2025-09-01,Q3,-0.017361176648623022
6141,price_strength_20,2025-09-02,Q3,-0.017421586867605088
6142,price_strength_20,2025-09-03,Q3,0.04377567362055279
6143,price_strength_20,2025-09-04,Q3,0.02830189164254837
6144,price_strength_20,2025-09-05,Q3,0.053110758198559926
6145,price_strength_20,2025-09-08,Q3,-0.010416705989173769
6146,price_strength_20,2025-09-09,Q3,-0.012474000726259704
6147,price_strength_20,2025-09-10,Q3,-0.0042017766390675115
6148,price_strength_20,2025-09-11,Q3,-0.018867956592823587
6149,price_strength_20,2025-09-12,Q3,-0.056803209435252855
6150,price_strength_20,2025-09-15,Q3,-0.06498670737363532
6151,price_strength_20,2025-09-16,Q3,-0.03138527803425839
6152,price_strength_20,2025-09-17,Q3,-0.026624067184169542
6153,price_strength_20,2025-09-18,Q3,0.004431345626716432
6154,price_strength_20,2025-09-19,Q3,0.003460204186943594
6155,price_strength_20,2025-09-22,Q3,0.17727721967229293
6156,price_strength_20,2025-09-23,Q3,0.010638287978706584
6157,price_strength_20,2025-09-24,Q3,-0.010615751662400141
6158,price_strength_20,2025-09-25,Q3,0.004264388205224678
6159,price_strength_20,2025-09-26,Q3,-0.03382353126796467
6160,price_strength_20,2025-09-29,Q3,-0.04111596700790987
6161,price_strength_20,2025-09-30,Q3,-0.006858736762208939
6162,price_strength_20,2025-10-09,Q3,0.0
6163,price_strength_20,2025-10-10,Q3,-0.03956343313389876
6164,price_strength_20,2025-10-13,Q3,-0.006906038049498853
6165,price_strength_20,2025-10-14,Q3,-0.01210020685748725
6166,price_strength_20,2025-10-15,Q3,0.006896544920278691
6167,price_strength_20,2025-10-16,Q3,0.006423925584814638
6168,price_strength_20,2025-10-17,Q3,0.04829547648156485
6169,price_strength_20,2025-10-20,Q3,0.0
6170,price_strength_20,2025-10-21,Q3,0.003499559123801177
6171,price_strength_20,2025-10-22,Q3,-0.011284731707914775
6172,price_strength_20,2025-10-23,Q3,-0.02054800672275059
6173,price_strength_20,2025-10-24,Q3,-0.02076130761943673
6174,price_strength_20,2025-10-27,Q3,-0.007812512935035265
6175,price_strength_20,2025-10-28,Q3,0.01046206475722844
6176,price_strength_20,2025-10-29,Q3,0.03496508626543049
6177,price_strength_20,2025-10-30,Q3,0.02797208568497278
6178,price_strength_20,2025-10-31,Q3,-0.023560249290132562
6179,price_strength_20,2025-11-03,Q3,0.01749779561900544
6180,price_strength_20,2025-11-04,Q3,0.006902495483418258
6181,price_strength_20,2025-11-05,Q3,0.013888875091518038
6182,price_strength_20,2025-11-06,Q3,-0.007766982740254447
6183,price_strength_20,2025-11-07,Q3,-0.001787265848018027
6184,price_strength_20,2025-11-10,Q3,0.0034393775975427587
6185,price_strength_20,2025-11-11,Q3,-0.006855177650646582
6186,price_strength_20,2025-11-12,Q3,0.0018164853472837361
6187,price_strength_20,2025-11-13,Q3,0.012820561935890318
6188,price_strength_20,2025-11-14,Q3,-0.1029543071329887
6189,price_strength_20,2025-11-17,Q3,-0.005998260014274837
6190,price_strength_20,2025-11-18,Q3,-0.09025270820268372
6191,price_strength_20,2025-11-19,Q3,-0.10335443492720298
6192,price_strength_20,2025-11-20,Q3,-0.11774194218241607
6193,price_strength_20,2025-11-21,Q3,0.0042918415410722055
6194,price_strength_20,2025-11-24,Q3,0.026030343185174942
6195,price_strength_20,2025-11-25,Q3,-0.032225643369994894
6196,price_strength_20,2025-11-26,Q3,-0.03451778065181754
6197,price_strength_20,2025-11-27,Q3,0.017278600805329614
6198,price_strength_20,2025-11-28,Q3,0.010683801830952966
6199,price_strength_20,2025-12-01,Q3,-0.030991754264145688
6200,price_strength_20,2025-12-02,Q3,-0.035379730599400694
6201,price_strength_20,2025-12-03,Q3,-0.0094637382147017
6202,price_strength_20,2025-12-04,Q3,0.022000026702880815
6203,price_strength_20,2025-12-05,Q3,-0.052458967184769834
6204,price_strength_20,2025-12-08,Q3,-0.04590159628667356
6205,price_strength_20,2025-12-09,Q3,-0.08414878550698757
6206,price_strength_20,2025-12-10,Q3,-0.08100290856875003
6207,price_strength_20,2025-12-11,Q3,-0.044999980926513694
6208,price_strength_20,2025-12-12,Q3,-0.022977071993167897
6209,price_strength_20,2025-12-15,Q3,0.004494377928932147
6210,price_strength_20,2025-12-16,Q3,0.0
6211,price_strength_20,2025-12-17,Q3,0.006993083943600098
6212,price_strength_20,2025-12-18,Q3,0.013986084524057807
6213,price_strength_20,2025-12-19,Q3,-0.0034364227382496226
6214,price_strength_20,2025-12-22,Q3,0.004474268873658316
6215,price_strength_20,2025-12-23,Q3,-0.0022471353872549615
6216,price_strength_20,2025-12-24,Q3,-0.013363016890443835
6217,price_strength_20,2025-12-25,Q3,-0.002207555942311812
6218,price_strength_20,2025-12-26,Q3,0.0862068937167828
6219,price_strength_20,2025-12-29,Q3,0.002227222581649535
6220,price_strength_20,2025-12-30,Q3,0.015765804225056357
6221,price_strength_20,2025-12-31,Q3,0.08070176377887939
6222,price_strength_20,2026-01-05,Q3,0.022471996799083183
6223,price_strength_20,2026-01-06,Q3,-0.002207555942311812
6224,price_strength_20,2026-01-07,Q3,-0.004444440205891964
6225,price_strength_20,2026-01-08,Q3,-0.061491900401792976
6226,price_strength_20,2026-01-09,Q3,-0.006829238519435954
6227,price_strength_20,2026-01-12,Q3,-0.030737723739708622
6228,price_strength_20,2026-01-13,Q3,-0.0599315706035779
6229,price_strength_20,2026-01-14,Q3,-0.025528166427590482
6230,price_strength_20,2026-01-15,Q3,-0.021220222448109727
6231,price_strength_20,2026-01-16,Q3,-0.01787308460813064
6232,price_strength_20,2026-01-19,Q3,0.023918000516374383
6233,price_strength_20,2026-01-20,Q3,0.0
6234,price_strength_20,2026-01-21,Q3,0.040089156871149445
6235,price_strength_20,2026-01-22,Q3,-0.010837405006048129
6236,price_strength_20,2026-01-23,Q3,-0.019823822322491025
6237,price_strength_20,2026-01-26,Q3,-0.027808677015005667
6238,price_strength_20,2026-01-27,Q3,-0.01052635594418172
6239,price_strength_20,2026-01-28,Q3,0.03273137393797443
6240,price_strength_20,2026-01-29,Q3,-0.06573703684459942
6241,price_strength_20,2026-01-30,Q3,0.020313967551121026
6242,price_strength_20,2026-02-02,Q3,0.11919931272968665
6243,price_strength_20,2026-02-03,Q3,0.03829793882564547
6244,price_strength_20,2026-02-04,Q3,0.08035719531531327
6245,price_strength_20,2026-02-05,Q3,0.09204653487665504
6246,price_strength_20,2026-02-06,Q3,0.033264001936692544
6247,price_strength_20,2026-02-09,Q3,-0.011727042146609024
6248,price_strength_20,2026-02-10,Q3,0.04648651947846294
6249,price_strength_20,2026-02-11,Q3,-0.014314866408069449
6250,price_strength_20,2026-02-12,Q3,0.008695644061371466
6251,price_strength_20,2026-02-13,Q3,-0.005499492830571828
6252,price_strength_20,2026-02-24,Q3,-0.07828005094114099
6253,price_strength_20,2026-02-25,Q3,-0.07600002288818364
6254,price_strength_20,2026-02-26,Q3,-0.026970977139220476
6255,price_strength_20,2026-02-27,Q3,-0.024793462523359122
6256,price_strength_20,2026-03-02,Q3,-0.02105261150159332
6257,price_strength_20,2026-03-03,Q3,0.013937352566762984
6258,price_strength_20,2026-03-04,Q3,0.02826860928669883
6259,price_strength_20,2026-03-05,Q3,0.006920408373887188
6260,price_strength_20,2026-03-06,Q3,0.02047779570392505
6261,price_strength_20,2026-03-09,Q3,0.03502818673222485
6262,price_strength_20,2026-03-10,Q3,0.0032679446594654493
6263,price_strength_20,2026-03-11,Q3,-0.024757754917197117
6264,price_strength_20,2026-03-12,Q3,-0.029379707988854364
6265,price_strength_20,2026-03-13,Q3,-0.014638594962924523
6266,price_strength_20,2026-03-16,Q3,-0.09128631567429968
6267,price_strength_20,2026-03-17,Q3,-0.07484410349210358
6268,price_strength_20,2026-03-18,Q3,-0.04430370705698905
6269,price_strength_20,2026-03-19,Q3,-0.005605402500807766
6270,price_strength_20,2026-03-20,Q3,0.02362205062283307
6271,price_strength_20,2026-03-23,Q3,0.03652964457343
6272,price_strength_20,2026-03-24,Q3,0.01895744182953618
6273,price_strength_20,2026-03-25,Q3,-0.006756803923811283
6274,price_strength_20,2026-03-26,Q3,-0.034508630216036895
6275,price_strength_20,2026-03-27,Q3,-0.06570996228088355
6276,price_strength_20,2026-03-30,Q3,-0.032902547487040246
6277,price_strength_20,2026-03-31,Q3,0.001162706367904942
6278,price_strength_20,2026-04-01,Q3,-0.01700676005899371
6279,price_strength_20,2026-04-02,Q3,0.02655894918743873
6280,price_strength_20,2026-04-03,Q3,0.04367817503124938
6281,price_strength_20,2026-04-07,Q3,0.061176524442784874
6282,price_strength_20,2026-04-08,Q3,0.019744492807512115
6283,price_strength_20,2026-04-09,Q3,0.10328628092557435
6284,price_strength_20,2026-04-10,Q3,0.008908784126780533
6285,price_strength_20,2026-04-13,Q3,0.13403259076411977
6286,price_strength_20,2026-04-14,Q3,0.0276946029241969
6287,price_strength_20,2026-04-15,Q3,0.004454445163299292
6288,price_strength_20,2026-04-16,Q3,-0.008115432944055367
6289,price_strength_20,2026-04-17,Q3,-0.008225692904327064
6290,price_strength_20,2026-04-20,Q3,0.028933063533763237
6291,price_strength_20,2026-04-21,Q3,0.03429603944562265
6292,price_strength_20,2026-04-22,Q3,-0.041567740890541494
6293,price_strength_20,2026-04-23,Q3,-0.09843391522048284
6294,price_strength_20,2025-02-25,Q4,0.0040451713481755025
6295,price_strength_20,2025-02-26,Q4,-0.0261770966313985
6296,price_strength_20,2025-02-27,Q4,-0.013389704483646903
6297,price_strength_20,2025-02-28,Q4,-0.0011491328879890128
6298,price_strength_20,2025-03-03,Q4,-0.0005570186487202644
6299,price_strength_20,2025-03-04,Q4,0.007928249731615877
6300,price_strength_20,2025-03-05,Q4,-0.0055006420697418235
6301,price_strength_20,2025-03-06,Q4,-0.01921003052522624
6302,price_strength_20,2025-03-07,Q4,0.007746157456572367
6303,price_strength_20,2025-03-10,Q4,0.02602486663375192
6304,price_strength_20,2025-03-11,Q4,-0.005167953880604426
6305,price_strength_20,2025-03-12,Q4,-0.02006404165282727
6306,price_strength_20,2025-03-13,Q4,0.006842193329743007
6307,price_strength_20,2025-03-14,Q4,0.020946666668498204
6308,price_strength_20,2025-03-17,Q4,-0.041635684604403644
6309,price_strength_20,2025-03-18,Q4,-0.03330830366730686
6310,price_strength_20,2025-03-19,Q4,0.013124824654966338
6311,price_strength_20,2025-03-20,Q4,-0.034493401221975584
6312,price_strength_20,2025-03-21,Q4,-0.010693899504351623
6313,price_strength_20,2025-03-24,Q4,0.05722759274919226
6314,price_strength_20,2025-03-25,Q4,0.03562434438515005
6315,price_strength_20,2025-03-26,Q4,-0.016702541314169816
6316,price_strength_20,2025-03-27,Q4,-0.011811031308677722
6317,price_strength_20,2025-03-28,Q4,-0.09231229778765809
6318,price_strength_20,2025-03-31,Q4,-0.03677955088238849
6319,price_strength_20,2025-04-01,Q4,-0.03896046539456133
6320,price_strength_20,2025-04-02,Q4,-0.03770246641534181
6321,price_strength_20,2025-04-03,Q4,-0.05838940192228276
6322,price_strength_20,2025-04-07,Q4,0.033966455803080775
6323,price_strength_20,2025-04-08,Q4,0.01997795616243825
6324,price_strength_20,2025-04-09,Q4,0.011346930963307855
6325,price_strength_20,2025-04-10,Q4,0.008376805185120073
6326,price_strength_20,2025-04-11,Q4,0.020270250677801416
6327,price_strength_20,2025-04-14,Q4,0.007153718537787845
6328,price_strength_20,2025-04-15,Q4,0.013590848600991134
6329,price_strength_20,2025-04-16,Q4,0.0025852525891536526
6330,price_strength_20,2025-04-17,Q4,0.03400559795729435
6331,price_strength_20,2025-04-18,Q4,0.003996679339501874
6332,price_strength_20,2025-04-21,Q4,-0.024330876672585322
6333,price_strength_20,2025-04-22,Q4,-0.028483419677806265
6334,price_strength_20,2025-04-23,Q4,-0.02292891207798564
6335,price_strength_20,2025-04-24,Q4,-0.020828517762729315
6336,price_strength_20,2025-04-25,Q4,-0.00973006167453122
6337,price_strength_20,2025-04-28,Q4,0.02483709424232594
6338,price_strength_20,2025-04-29,Q4,0.010892584005679828
6339,price_strength_20,2025-04-30,Q4,0.03851856600856607
6340,price_strength_20,2025-05-06,Q4,0.005932036730099011
6341,price_strength_20,2025-05-07,Q4,0.004406668821310522
6342,price_strength_20,2025-05-08,Q4,-0.0005382165626189872
6343,price_strength_20,2025-05-09,Q4,0.007403039656378008
6344,price_strength_20,2025-05-12,Q4,0.031762127730552536
6345,price_strength_20,2025-05-13,Q4,-0.0024917347508700005
6346,price_strength_20,2025-05-14,Q4,0.01355083691649106
6347,price_strength_20,2025-05-15,Q4,0.025306742689526818
6348,price_strength_20,2025-05-16,Q4,-0.010619327418801838
6349,price_strength_20,2025-05-19,Q4,-0.033503805471982895
6350,price_strength_20,2025-05-20,Q4,-0.019802109440127724
6351,price_strength_20,2025-05-21,Q4,-0.005202357916131051
6352,price_strength_20,2025-05-22,Q4,-0.0007905086018862306
6353,price_strength_20,2025-05-23,Q4,0.0074998231978141705
6354,price_strength_20,2025-05-26,Q4,0.012700310668592452
6355,price_strength_20,2025-05-27,Q4,0.01698098407715798
6356,price_strength_20,2025-05-28,Q4,0.007844181845761078
6357,price_strength_20,2025-05-29,Q4,0.013979934787619053
6358,price_strength_20,2025-05-30,Q4,0.005326461104683267
6359,price_strength_20,2025-06-03,Q4,0.0057756551751813046
6360,price_strength_20,2025-06-04,Q4,0.02652508096884232
6361,price_strength_20,2025-06-05,Q4,0.020125015145877168
6362,price_strength_20,2025-06-06,Q4,-0.025080972150601955
6363,price_strength_20,2025-06-09,Q4,-0.0024048632792140756
6364,price_strength_20,2025-06-10,Q4,-0.004001006280187014
6365,price_strength_20,2025-06-11,Q4,-0.017331807388695664
6366,price_strength_20,2025-06-12,Q4,-0.015036290803181085
6367,price_strength_20,2025-06-13,Q4,0.004676067264696215
6368,price_strength_20,2025-06-16,Q4,-0.0342653748511243
6369,price_strength_20,2025-06-17,Q4,-0.018204485214313837
6370,price_strength_20,2025-06-18,Q4,0.0003261037434366121
6371,price_strength_20,2025-06-19,Q4,0.01839759377572392
6372,price_strength_20,2025-06-20,Q4,0.061038039368247476
6373,price_strength_20,2025-06-23,Q4,0.018681274266346803
6374,price_strength_20,2025-06-24,Q4,-0.0330951502018354
6375,price_strength_20,2025-06-25,Q4,-0.04371350174143157
6376,price_strength_20,2025-06-26,Q4,0.019866109258276365
6377,price_strength_20,2025-06-27,Q4,0.016268990349581625
6378,price_strength_20,2025-06-30,Q4,0.023029841856900823
6379,price_strength_20,2025-07-01,Q4,0.03409527157433634
6380,price_strength_20,2025-07-02,Q4,0.02418083534726778
6381,price_strength_20,2025-07-03,Q4,0.029621819763204216
6382,price_strength_20,2025-07-04,Q4,0.026993505024375142
6383,price_strength_20,2025-07-07,Q4,0.01896590783618446
6384,price_strength_20,2025-07-08,Q4,-0.008400010070478359
6385,price_strength_20,2025-07-09,Q4,-0.017467432046288534
6386,price_strength_20,2025-07-10,Q4,-0.027950826236355586
6387,price_strength_20,2025-07-11,Q4,-0.021225406761936183
6388,price_strength_20,2025-07-14,Q4,-0.009044845009377966
6389,price_strength_20,2025-07-15,Q4,0.04000252129438597
6390,price_strength_20,2025-07-16,Q4,0.034207693130425265
6391,price_strength_20,2025-07-17,Q4,0.009523513313900112
6392,price_strength_20,2025-07-18,Q4,0.022310886993073487
6393,price_strength_20,2025-07-21,Q4,0.01725764344177272
6394,price_strength_20,2025-07-22,Q4,0.012769964254306432
6395,price_strength_20,2025-07-23,Q4,-0.0017661039704519599
6396,price_strength_20,2025-07-24,Q4,-0.045935310883896074
6397,price_strength_20,2025-07-25,Q4,-0.014318736997260106
6398,price_strength_20,2025-07-28,Q4,-0.03895202080641441
6399,price_strength_20,2025-07-29,Q4,-0.0327580591404657
6400,price_strength_20,2025-07-30,Q4,-0.023609459117289566
6401,price_strength_20,2025-07-31,Q4,0.0036101048852397177
6402,price_strength_20,2025-08-01,Q4,0.02926830308389583
6403,price_strength_20,2025-08-04,Q4,0.07730314068278588
6404,price_strength_20,2025-08-05,Q4,0.09214294925929051
6405,price_strength_20,2025-08-06,Q4,0.11029759547646012
6406,price_strength_20,2025-08-07,Q4,0.08044840512371343
6407,price_strength_20,2025-08-08,Q4,0.00032235284745618653
6408,price_strength_20,2025-08-11,Q4,-0.012490194783195518
6409,price_strength_20,2025-08-12,Q4,0.0069716358307032045
6410,price_strength_20,2025-08-13,Q4,0.014131599677027706
6411,price_strength_20,2025-08-14,Q4,0.06203009046041286
6412,price_strength_20,2025-08-15,Q4,0.0497797807469994
6413,price_strength_20,2025-08-18,Q4,0.01827040444177941
6414,price_strength_20,2025-08-19,Q4,0.02131077761895006
6415,price_strength_20,2025-08-20,Q4,-0.011405025267465174
6416,price_strength_20,2025-08-21,Q4,-0.022631569912559102
6417,price_strength_20,2025-08-22,Q4,-0.005428381239475477
6418,price_strength_20,2025-08-25,Q4,-0.010574004734846543
6419,price_strength_20,2025-08-26,Q4,0.0014600779149858134
6420,price_strength_20,2025-08-27,Q4,0.0017269776601857578
6421,price_strength_20,2025-08-28,Q4,0.008444586802075327
6422,price_strength_20,2025-08-29,Q4,-0.018695776752067295
6423,price_strength_20,2025-09-01,Q4,0.02777739860037176
6424,price_strength_20,2025-09-02,Q4,0.019785079176159126
6425,price_strength_20,2025-09-03,Q4,0.03091260241794136
6426,price_strength_20,2025-09-04,Q4,0.0293403015030389
6427,price_strength_20,2025-09-05,Q4,0.0025833468470308207
6428,price_strength_20,2025-09-08,Q4,0.010283172500601678
6429,price_strength_20,2025-09-09,Q4,0.00546187761386796
6430,price_strength_20,2025-09-10,Q4,0.022732986501141583
6431,price_strength_20,2025-09-11,Q4,-0.030604708036824968
6432,price_strength_20,2025-09-12,Q4,0.015946006507335797
6433,price_strength_20,2025-09-15,Q4,0.019137765094406012
6434,price_strength_20,2025-09-16,Q4,0.03471894541562237
6435,price_strength_20,2025-09-17,Q4,-0.03989363521836686
6436,price_strength_20,2025-09-18,Q4,0.07529335087803579
6437,price_strength_20,2025-09-19,Q4,0.05875443601093766
6438,price_strength_20,2025-09-22,Q4,0.007376790933648403
6439,price_strength_20,2025-09-23,Q4,0.029168451838925025
6440,price_strength_20,2025-09-24,Q4,-0.004202043073504025
6441,price_strength_20,2025-09-25,Q4,0.02170982988551501
6442,price_strength_20,2025-09-26,Q4,0.041208789481329
6443,price_strength_20,2025-09-29,Q4,0.04197605802011262
6444,price_strength_20,2025-09-30,Q4,-0.022575977062425978
6445,price_strength_20,2025-10-09,Q4,0.03751072273143874
6446,price_strength_20,2025-10-10,Q4,-0.0046363740177503
6447,price_strength_20,2025-10-13,Q4,-0.05710686757060207
6448,price_strength_20,2025-10-14,Q4,-0.022739919623409877
6449,price_strength_20,2025-10-15,Q4,0.0377171974230307
6450,price_strength_20,2025-10-16,Q4,-0.015734012772808836
6451,price_strength_20,2025-10-17,Q4,0.008097466033029632
6452,price_strength_20,2025-10-20,Q4,0.012723215865478199
6453,price_strength_20,2025-10-21,Q4,-0.0021052331989493966
6454,price_strength_20,2025-10-22,Q4,0.03178840472454081
6455,price_strength_20,2025-10-23,Q4,0.044732326264713296
6456,price_strength_20,2025-10-24,Q4,0.05888235504850553
6457,price_strength_20,2025-10-27,Q4,0.08823532481449503
6458,price_strength_20,2025-10-28,Q4,0.08717654417816534
6459,price_strength_20,2025-10-29,Q4,-0.035686852285506554
6460,price_strength_20,2025-10-30,Q4,-0.011754721800357748
6461,price_strength_20,2025-10-31,Q4,-0.0022533187113111808
6462,price_strength_20,2025-11-03,Q4,0.03223537486424999
6463,price_strength_20,2025-11-04,Q4,0.08708105292452717
6464,price_strength_20,2025-11-05,Q4,0.008255415805786592
6465,price_strength_20,2025-11-06,Q4,0.07628085928080541
6466,price_strength_20,2025-11-07,Q4,0.07284716767789079
6467,price_strength_20,2025-11-10,Q4,0.07300003104739727
6468,price_strength_20,2025-11-11,Q4,-0.021644886959531873
6469,price_strength_20,2025-11-12,Q4,-0.00802092489938322
6470,price_strength_20,2025-11-13,Q4,-0.03632216970570468
6471,price_strength_20,2025-11-14,Q4,-0.029936575504402207
6472,price_strength_20,2025-11-17,Q4,-0.09989250839594749
6473,price_strength_20,2025-11-18,Q4,-0.015581098556545325
6474,price_strength_20,2025-11-19,Q4,-0.020253568427626878
6475,price_strength_20,2025-11-20,Q4,-0.023615527868764363
6476,price_strength_20,2025-11-21,Q4,-0.03789365417748647
6477,price_strength_20,2025-11-24,Q4,-0.06565716122401144
6478,price_strength_20,2025-11-25,Q4,-0.06792872134888794
6479,price_strength_20,2025-11-26,Q4,0.009618249831375991
6480,price_strength_20,2025-11-27,Q4,-0.03928998689009683
6481,price_strength_20,2025-11-28,Q4,-0.028142871505900946
6482,price_strength_20,2025-12-01,Q4,-0.009121615329070187
6483,price_strength_20,2025-12-02,Q4,-0.036123172467173725
6484,price_strength_20,2025-12-03,Q4,-0.022638562722415767
6485,price_strength_20,2025-12-04,Q4,-0.030467087437490492
6486,price_strength_20,2025-12-05,Q4,-0.014962085389533253
6487,price_strength_20,2025-12-08,Q4,-0.017277173878683494
6488,price_strength_20,2025-12-09,Q4,-0.04811311296042925
6489,price_strength_20,2025-12-10,Q4,-0.014829825232943128
6490,price_strength_20,2025-12-11,Q4,-0.004502185362286304
6491,price_strength_20,2025-12-12,Q4,-0.00014077421484670616
6492,price_strength_20,2025-12-15,Q4,-0.0004980193685175105
6493,price_strength_20,2025-12-16,Q4,0.01399200457169536
6494,price_strength_20,2025-12-17,Q4,0.01683240380844142
6495,price_strength_20,2025-12-18,Q4,0.023625931586884863
6496,price_strength_20,2025-12-19,Q4,0.003978074592742242
6497,price_strength_20,2025-12-22,Q4,-0.008145634483234243
6498,price_strength_20,2025-12-23,Q4,-0.0019513741964256592
6499,price_strength_20,2025-12-24,Q4,-0.004625562955276774
6500,price_strength_20,2025-12-25,Q4,-0.004571456487248493
6501,price_strength_20,2025-12-26,Q4,0.006124724554934624
6502,price_strength_20,2025-12-29,Q4,0.006000600893422081
6503,price_strength_20,2025-12-30,Q4,0.014097907745930005
6504,price_strength_20,2025-12-31,Q4,0.007185527812057613
6505,price_strength_20,2026-01-05,Q4,-0.0014226951270199795
6506,price_strength_20,2026-01-06,Q4,-0.01397701807373325
6507,price_strength_20,2026-01-07,Q4,-0.013511186918697404
6508,price_strength_20,2026-01-08,Q4,-0.008543539742161432
6509,price_strength_20,2026-01-09,Q4,-0.06949088540412518
6510,price_strength_20,2026-01-12,Q4,-0.01525077964973659
6511,price_strength_20,2026-01-13,Q4,-0.0071229109531044665
6512,price_strength_20,2026-01-14,Q4,-0.009300653960516492
6513,price_strength_20,2026-01-15,Q4,0.013611110170597907
6514,price_strength_20,2026-01-16,Q4,0.05246930179650833
6515,price_strength_20,2026-01-19,Q4,0.03305636313538041
6516,price_strength_20,2026-01-20,Q4,-0.008175357581083731
6517,price_strength_20,2026-01-21,Q4,-0.007421244208531019
6518,price_strength_20,2026-01-22,Q4,0.016386770075212498
6519,price_strength_20,2026-01-23,Q4,-0.04549527798039016
6520,price_strength_20,2026-01-26,Q4,-0.07846045135345103
6521,price_strength_20,2026-01-27,Q4,-0.011769854031294325
6522,price_strength_20,2026-01-28,Q4,-0.025529018539145354
6523,price_strength_20,2026-01-29,Q4,-0.03796477941147902
6524,price_strength_20,2026-01-30,Q4,-0.008753109674574211
6525,price_strength_20,2026-02-02,Q4,0.03958306377646581
6526,price_strength_20,2026-02-03,Q4,0.0525583201430152
6527,price_strength_20,2026-02-04,Q4,0.0035374274512259274
6528,price_strength_20,2026-02-05,Q4,-0.0017627845865766378
6529,price_strength_20,2026-02-06,Q4,-0.017087534751531575
6530,price_strength_20,2026-02-09,Q4,-0.009284374811009133
6531,price_strength_20,2026-02-10,Q4,0.062188890164105115
6532,price_strength_20,2026-02-11,Q4,-0.01893907695456981
6533,price_strength_20,2026-02-12,Q4,0.030247471768473866
6534,price_strength_20,2026-02-13,Q4,-0.04591597942779824
6535,price_strength_20,2026-02-24,Q4,-0.06370208096806157
6536,price_strength_20,2026-02-25,Q4,-0.10758096578810133
6537,price_strength_20,2026-02-26,Q4,-0.03548516960917697
6538,price_strength_20,2026-02-27,Q4,-0.011751597630301591
6539,price_strength_20,2026-03-02,Q4,-0.00918098480341556
6540,price_strength_20,2026-03-03,Q4,-0.003216897706246724
6541,price_strength_20,2026-03-04,Q4,0.013814651749439966
6542,price_strength_20,2026-03-05,Q4,0.0017485237152363164
6543,price_strength_20,2026-03-06,Q4,-0.0003932644361884785
6544,price_strength_20,2026-03-09,Q4,0.010871359727499863
6545,price_strength_20,2026-03-10,Q4,0.005252309298444335
6546,price_strength_20,2026-03-11,Q4,0.009238021154473808
6547,price_strength_20,2026-03-12,Q4,-0.003842341216100109
6548,price_strength_20,2026-03-13,Q4,-0.07131572041382495
6549,price_strength_20,2026-03-16,Q4,-0.07828871641174823
6550,price_strength_20,2026-03-17,Q4,-0.04050131069427515
6551,price_strength_20,2026-03-18,Q4,-0.021475206904144117
6552,price_strength_20,2026-03-19,Q4,0.0016548198375370138
6553,price_strength_20,2026-03-20,Q4,0.023565313599603344
6554,price_strength_20,2026-03-23,Q4,0.050852609286494044
6555,price_strength_20,2026-03-24,Q4,0.00634379286691944
6556,price_strength_20,2026-03-25,Q4,-0.015671834815770946
6557,price_strength_20,2026-03-26,Q4,-0.025726587600979012
6558,price_strength_20,2026-03-27,Q4,-0.06355737654003052
6559,price_strength_20,2026-03-30,Q4,-0.061020839784088454
6560,price_strength_20,2026-03-31,Q4,0.002270145286483838
6561,price_strength_20,2026-04-01,Q4,-0.03254992152331698
6562,price_strength_20,2026-04-02,Q4,-0.01404809683330066
6563,price_strength_20,2026-04-03,Q4,0.044991066297512594
6564,price_strength_20,2026-04-07,Q4,0.015259478070005605
6565,price_strength_20,2026-04-08,Q4,-0.02915532168861068
6566,price_strength_20,2026-04-09,Q4,0.017365205034013176
6567,price_strength_20,2026-04-10,Q4,0.05632906616064104
6568,price_strength_20,2026-04-13,Q4,0.01804285888711643
6569,price_strength_20,2026-04-14,Q4,0.04522637009004371
6570,price_strength_20,2026-04-15,Q4,0.023011286839947354
6571,price_strength_20,2026-04-16,Q4,-0.011064945058033737
6572,price_strength_20,2026-04-17,Q4,-0.013284404839636887
6573,price_strength_20,2026-04-20,Q4,-0.013853200292782586
6574,price_strength_20,2026-04-21,Q4,-0.05856603737496818
6575,price_strength_20,2026-04-22,Q4,-0.03260937309763323
6576,price_strength_20,2026-04-23,Q4,-0.03316451856059338
6577,price_strength_20,2025-02-25,Q5,-0.021569703878763724
6578,price_strength_20,2025-02-26,Q5,-0.04670644525537604
6579,price_strength_20,2025-02-27,Q5,-0.019684128757695596
6580,price_strength_20,2025-02-28,Q5,-0.01599209430542159
6581,price_strength_20,2025-03-03,Q5,-0.0346700406181355
6582,price_strength_20,2025-03-04,Q5,-0.021189000478257947
6583,price_strength_20,2025-03-05,Q5,0.013485609182113056
6584,price_strength_20,2025-03-06,Q5,-0.017998655559188836
6585,price_strength_20,2025-03-07,Q5,0.01691026992924427
6586,price_strength_20,2025-03-10,Q5,0.005263692833530065
6587,price_strength_20,2025-03-11,Q5,-0.007956967342978016
6588,price_strength_20,2025-03-12,Q5,-0.00916214652867009
6589,price_strength_20,2025-03-13,Q5,-0.0034303295288594104
6590,price_strength_20,2025-03-14,Q5,-0.02061556470124326
6591,price_strength_20,2025-03-17,Q5,-0.017062015112998485
6592,price_strength_20,2025-03-18,Q5,-0.0006832046928891278
6593,price_strength_20,2025-03-19,Q5,0.004051948784086767
6594,price_strength_20,2025-03-20,Q5,-0.00034044026608287536
6595,price_strength_20,2025-03-21,Q5,0.06901398078994353
6596,price_strength_20,2025-03-24,Q5,-0.0032107066228783676
6597,price_strength_20,2025-03-25,Q5,0.00034211608034462326
6598,price_strength_20,2025-03-26,Q5,0.014299741614461459
6599,price_strength_20,2025-03-27,Q5,-0.0309992273141394
6600,price_strength_20,2025-03-28,Q5,-0.13800517541339224
6601,price_strength_20,2025-03-31,Q5,-0.15704547652649753
6602,price_strength_20,2025-04-01,Q5,-0.13059472982783388
6603,price_strength_20,2025-04-02,Q5,-0.09523983200813879
6604,price_strength_20,2025-04-03,Q5,-0.02031071021716896
6605,price_strength_20,2025-04-07,Q5,0.11944333089580805
6606,price_strength_20,2025-04-08,Q5,0.03539343939128692
6607,price_strength_20,2025-04-09,Q5,-0.013527185158757504
6608,price_strength_20,2025-04-10,Q5,-0.04575163016758643
6609,price_strength_20,2025-04-11,Q5,-0.030895102492287385
6610,price_strength_20,2025-04-14,Q5,-0.0367357221333382
6611,price_strength_20,2025-04-15,Q5,0.023798507993018192
6612,price_strength_20,2025-04-16,Q5,0.037554262383468984
6613,price_strength_20,2025-04-17,Q5,-0.02452036069593122
6614,price_strength_20,2025-04-18,Q5,0.06338499227110872
6615,price_strength_20,2025-04-21,Q5,-0.006571394038167533
6616,price_strength_20,2025-04-22,Q5,-0.0009982451087918176
6617,price_strength_20,2025-04-23,Q5,0.00041001236294718746
6618,price_strength_20,2025-04-24,Q5,0.01963292586470028
6619,price_strength_20,2025-04-25,Q5,-0.022359695394776946
6620,price_strength_20,2025-04-28,Q5,0.023815730767647425
6621,price_strength_20,2025-04-29,Q5,0.030868476052191895
6622,price_strength_20,2025-04-30,Q5,0.032037218880362595
6623,price_strength_20,2025-05-06,Q5,0.047665011642581856
6624,price_strength_20,2025-05-07,Q5,0.039921932807990945
6625,price_strength_20,2025-05-08,Q5,0.013914797456509698
6626,price_strength_20,2025-05-09,Q5,0.0173610145952392
6627,price_strength_20,2025-05-12,Q5,-0.0001266055635519847
6628,price_strength_20,2025-05-13,Q5,0.011558966241364821
6629,price_strength_20,2025-05-14,Q5,0.025484610809460795
6630,price_strength_20,2025-05-15,Q5,0.05496888925705645
6631,price_strength_20,2025-05-16,Q5,0.0319851202809896
6632,price_strength_20,2025-05-19,Q5,0.006395988285592791
6633,price_strength_20,2025-05-20,Q5,0.03706555856759597
6634,price_strength_20,2025-05-21,Q5,0.02696743650623279
6635,price_strength_20,2025-05-22,Q5,-0.0004060362694876529
6636,price_strength_20,2025-05-23,Q5,0.011938626174043676
6637,price_strength_20,2025-05-26,Q5,0.019338012716754782
6638,price_strength_20,2025-05-27,Q5,0.004875337516237477
6639,price_strength_20,2025-05-28,Q5,0.015276164528216785
6640,price_strength_20,2025-05-29,Q5,0.015144805791687033
6641,price_strength_20,2025-05-30,Q5,0.023699395166970616
6642,price_strength_20,2025-06-03,Q5,0.001239185781908958
6643,price_strength_20,2025-06-04,Q5,-0.0055657395635576035
6644,price_strength_20,2025-06-05,Q5,-0.003212285575563134
6645,price_strength_20,2025-06-06,Q5,-0.02565958236921606
6646,price_strength_20,2025-06-09,Q5,-0.040128170274510655
6647,price_strength_20,2025-06-10,Q5,-0.012005629525670303
6648,price_strength_20,2025-06-11,Q5,-0.047064918253844956
6649,price_strength_20,2025-06-12,Q5,-0.07131883570670444
6650,price_strength_20,2025-06-13,Q5,-0.036244737431672835
6651,price_strength_20,2025-06-16,Q5,0.027568857756004816
6652,price_strength_20,2025-06-17,Q5,0.05105505504411534
6653,price_strength_20,2025-06-18,Q5,0.06662656155448154
6654,price_strength_20,2025-06-19,Q5,0.09347319498989448
6655,price_strength_20,2025-06-20,Q5,0.00856550881935264
6656,price_strength_20,2025-06-23,Q5,0.031933918685878915
6657,price_strength_20,2025-06-24,Q5,0.033668281994062355
6658,price_strength_20,2025-06-25,Q5,0.024855982123236253
6659,price_strength_20,2025-06-26,Q5,0.0031880186700217195
6660,price_strength_20,2025-06-27,Q5,0.024347976933324245
6661,price_strength_20,2025-06-30,Q5,0.029974842973060634
6662,price_strength_20,2025-07-01,Q5,0.003257768582242304
6663,price_strength_20,2025-07-02,Q5,-0.01763187422174839
6664,price_strength_20,2025-07-03,Q5,0.022516718509614786
6665,price_strength_20,2025-07-04,Q5,0.008386593806312237
6666,price_strength_20,2025-07-07,Q5,0.0072622762882756375
6667,price_strength_20,2025-07-08,Q5,-0.0056404208475228645
6668,price_strength_20,2025-07-09,Q5,-0.01006087952987228
6669,price_strength_20,2025-07-10,Q5,-0.040654824407479084
6670,price_strength_20,2025-07-11,Q5,-0.020478925836323714
6671,price_strength_20,2025-07-14,Q5,-0.007080592839040278
6672,price_strength_20,2025-07-15,Q5,-0.010564171026272495
6673,price_strength_20,2025-07-16,Q5,-0.008346760548567311
6674,price_strength_20,2025-07-17,Q5,0.04292424951034102
6675,price_strength_20,2025-07-18,Q5,0.012208021058414564
6676,price_strength_20,2025-07-21,Q5,-0.005244750435343171
6677,price_strength_20,2025-07-22,Q5,-0.027080071412634632
6678,price_strength_20,2025-07-23,Q5,-0.008516223523356847
6679,price_strength_20,2025-07-24,Q5,-0.062185347043531125
6680,price_strength_20,2025-07-25,Q5,-0.056429044492030234
6681,price_strength_20,2025-07-28,Q5,-0.03173365897610686
6682,price_strength_20,2025-07-29,Q5,-0.03023192865847807
6683,price_strength_20,2025-07-30,Q5,-0.02213516598324511
6684,price_strength_20,2025-07-31,Q5,0.001566173874071708
6685,price_strength_20,2025-08-01,Q5,0.025546725131842862
6686,price_strength_20,2025-08-04,Q5,0.022801341688921006
6687,price_strength_20,2025-08-05,Q5,0.019144316653394222
6688,price_strength_20,2025-08-06,Q5,0.024175791238878808
6689,price_strength_20,2025-08-07,Q5,0.053953865921565036
6690,price_strength_20,2025-08-08,Q5,0.05034702250868567
6691,price_strength_20,2025-08-11,Q5,0.10027334686547384
6692,price_strength_20,2025-08-12,Q5,0.011125206064869775
6693,price_strength_20,2025-08-13,Q5,0.005964839940483302
6694,price_strength_20,2025-08-14,Q5,-0.022943330548587493
6695,price_strength_20,2025-08-15,Q5,-0.033887179023178504
6696,price_strength_20,2025-08-18,Q5,-0.055460167785999104
6697,price_strength_20,2025-08-19,Q5,-0.06589990845640042
6698,price_strength_20,2025-08-20,Q5,-0.08556170930699658
6699,price_strength_20,2025-08-21,Q5,-0.02278082162091971
6700,price_strength_20,2025-08-22,Q5,-0.011399110917655886
6701,price_strength_20,2025-08-25,Q5,-0.032626865803429383
6702,price_strength_20,2025-08-26,Q5,-0.023417267275626652
6703,price_strength_20,2025-08-27,Q5,0.007218572860369976
6704,price_strength_20,2025-08-28,Q5,-0.010847669087934664
6705,price_strength_20,2025-08-29,Q5,0.04594615097349575
6706,price_strength_20,2025-09-01,Q5,0.0707642592551902
6707,price_strength_20,2025-09-02,Q5,0.07836802109892782
6708,price_strength_20,2025-09-03,Q5,0.07865800258332722
6709,price_strength_20,2025-09-04,Q5,0.07623465531059304
6710,price_strength_20,2025-09-05,Q5,0.05308164504398116
6711,price_strength_20,2025-09-08,Q5,-0.021697502308905492
6712,price_strength_20,2025-09-09,Q5,-0.003398331554592182
6713,price_strength_20,2025-09-10,Q5,0.00018723238941537046
6714,price_strength_20,2025-09-11,Q5,-0.012991189864667185
6715,price_strength_20,2025-09-12,Q5,-0.04193364378300862
6716,price_strength_20,2025-09-15,Q5,-0.029928556192471756
6717,price_strength_20,2025-09-16,Q5,-0.05493075746309589
6718,price_strength_20,2025-09-17,Q5,0.10573892969154297
6719,price_strength_20,2025-09-18,Q5,0.07351991538700531
6720,price_strength_20,2025-09-19,Q5,0.08222495951796782
6721,price_strength_20,2025-09-22,Q5,0.07670636351566867
6722,price_strength_20,2025-09-23,Q5,0.21576244130946598
6723,price_strength_20,2025-09-24,Q5,0.12806567106795175
6724,price_strength_20,2025-09-25,Q5,0.1462162998000932
6725,price_strength_20,2025-09-26,Q5,0.19888031493358438
6726,price_strength_20,2025-09-29,Q5,0.2124747053739569
6727,price_strength_20,2025-09-30,Q5,0.06850220894179676
6728,price_strength_20,2025-10-09,Q5,-0.006117545236717203
6729,price_strength_20,2025-10-10,Q5,-0.04299271125322224
6730,price_strength_20,2025-10-13,Q5,-0.049376214271237784
6731,price_strength_20,2025-10-14,Q5,-0.00840974522681287
6732,price_strength_20,2025-10-15,Q5,-0.00849116000585759
6733,price_strength_20,2025-10-16,Q5,0.1800929773121298
6734,price_strength_20,2025-10-17,Q5,0.10375483787537754
6735,price_strength_20,2025-10-20,Q5,0.07075231099501644
6736,price_strength_20,2025-10-21,Q5,0.0358391959276822
6737,price_strength_20,2025-10-22,Q5,0.04000883441757258
6738,price_strength_20,2025-10-23,Q5,-0.06716285548885226
6739,price_strength_20,2025-10-24,Q5,-0.009302628797552948
6740,price_strength_20,2025-10-27,Q5,-0.0011316041209421535
6741,price_strength_20,2025-10-28,Q5,-0.06237713880625484
6742,price_strength_20,2025-10-29,Q5,0.023287285549625114
6743,price_strength_20,2025-10-30,Q5,0.01471064127868038
6744,price_strength_20,2025-10-31,Q5,0.038175282629778595
6745,price_strength_20,2025-11-03,Q5,0.040295063221192806
6746,price_strength_20,2025-11-04,Q5,0.02565780889483127
6747,price_strength_20,2025-11-05,Q5,0.09858238930935437
6748,price_strength_20,2025-11-06,Q5,0.04755293823817919
6749,price_strength_20,2025-11-07,Q5,0.006204751014080245
6750,price_strength_20,2025-11-10,Q5,0.006632182047065616
6751,price_strength_20,2025-11-11,Q5,0.026323290812799105
6752,price_strength_20,2025-11-12,Q5,-0.012926161842875372
6753,price_strength_20,2025-11-13,Q5,-0.008563666487254151
6754,price_strength_20,2025-11-14,Q5,-0.06271521262861962
6755,price_strength_20,2025-11-17,Q5,-0.07000535451774054
6756,price_strength_20,2025-11-18,Q5,-0.03769688525309295
6757,price_strength_20,2025-11-19,Q5,-0.01834222683444603
6758,price_strength_20,2025-11-20,Q5,-0.024831235917074423
6759,price_strength_20,2025-11-21,Q5,0.016578281190970046
6760,price_strength_20,2025-11-24,Q5,0.08042533596921075
6761,price_strength_20,2025-11-25,Q5,0.06291409727964792
6762,price_strength_20,2025-11-26,Q5,0.03636735674097735
6763,price_strength_20,2025-11-27,Q5,0.008992398825031112
6764,price_strength_20,2025-11-28,Q5,-0.009237083510598265
6765,price_strength_20,2025-12-01,Q5,-0.05234931096629658
6766,price_strength_20,2025-12-02,Q5,-0.03821432320396184
6767,price_strength_20,2025-12-03,Q5,-0.02550309963853059
6768,price_strength_20,2025-12-04,Q5,-0.008177566066337183
6769,price_strength_20,2025-12-05,Q5,0.02234507725985274
6770,price_strength_20,2025-12-08,Q5,0.05835478984025144
6771,price_strength_20,2025-12-09,Q5,0.09273838313540028
6772,price_strength_20,2025-12-10,Q5,0.04494442052205039
6773,price_strength_20,2025-12-11,Q5,0.04883395456919598
6774,price_strength_20,2025-12-12,Q5,0.039865206526847996
6775,price_strength_20,2025-12-15,Q5,0.007325061044820003
6776,price_strength_20,2025-12-16,Q5,-0.004015653805796993
6777,price_strength_20,2025-12-17,Q5,0.012586426984932286
6778,price_strength_20,2025-12-18,Q5,-0.0008277088418713885
6779,price_strength_20,2025-12-19,Q5,-0.018761471869459923
6780,price_strength_20,2025-12-22,Q5,-0.01568108624399811
6781,price_strength_20,2025-12-23,Q5,-0.011920474472584652
6782,price_strength_20,2025-12-24,Q5,-0.02955406330008087
6783,price_strength_20,2025-12-25,Q5,-0.019091232258096058
6784,price_strength_20,2025-12-26,Q5,-0.00653477841246064
6785,price_strength_20,2025-12-29,Q5,0.009622191315194262
6786,price_strength_20,2025-12-30,Q5,0.024542449098963526
6787,price_strength_20,2025-12-31,Q5,0.042392932071244616
6788,price_strength_20,2026-01-05,Q5,0.024119533417157668
6789,price_strength_20,2026-01-06,Q5,-0.004921867404480584
6790,price_strength_20,2026-01-07,Q5,0.007470238953611763
6791,price_strength_20,2026-01-08,Q5,-0.041481359031302345
6792,price_strength_20,2026-01-09,Q5,-0.04748842434617706
6793,price_strength_20,2026-01-12,Q5,-0.034364986042011714
6794,price_strength_20,2026-01-13,Q5,0.005345478137327053
6795,price_strength_20,2026-01-14,Q5,0.016361016091555936
6796,price_strength_20,2026-01-15,Q5,0.04320401381913297
6797,price_strength_20,2026-01-16,Q5,0.04451923668401714
6798,price_strength_20,2026-01-19,Q5,0.01930310991961559
6799,price_strength_20,2026-01-20,Q5,0.023966506639705343
6800,price_strength_20,2026-01-21,Q5,-0.007008293133492383
6801,price_strength_20,2026-01-22,Q5,0.012009016107118131
6802,price_strength_20,2026-01-23,Q5,-0.023503397604959175
6803,price_strength_20,2026-01-26,Q5,-0.07062058040963048
6804,price_strength_20,2026-01-27,Q5,-0.05344823607820459
6805,price_strength_20,2026-01-28,Q5,-0.019073944967788026
6806,price_strength_20,2026-01-29,Q5,-0.026489611399870328
6807,price_strength_20,2026-01-30,Q5,-0.007172148567602732
6808,price_strength_20,2026-02-02,Q5,0.06452475522995793
6809,price_strength_20,2026-02-03,Q5,0.035661478101816635
6810,price_strength_20,2026-02-04,Q5,0.006468014780405484
6811,price_strength_20,2026-02-05,Q5,-0.007061008530858448
6812,price_strength_20,2026-02-06,Q5,0.02385392794343233
6813,price_strength_20,2026-02-09,Q5,0.0049454892892604185
6814,price_strength_20,2026-02-10,Q5,0.02329208928374793
6815,price_strength_20,2026-02-11,Q5,0.0698976630539051
6816,price_strength_20,2026-02-12,Q5,0.04915305210807813
6817,price_strength_20,2026-02-13,Q5,0.017935253731012846
6818,price_strength_20,2026-02-24,Q5,0.008801855845889939
6819,price_strength_20,2026-02-25,Q5,-0.016405386301156955
6820,price_strength_20,2026-02-26,Q5,-0.019777951568025032
6821,price_strength_20,2026-02-27,Q5,-0.03173541575805955
6822,price_strength_20,2026-03-02,Q5,-0.019127773433368134
6823,price_strength_20,2026-03-03,Q5,0.06223258508473872
6824,price_strength_20,2026-03-04,Q5,0.05394213807435444
6825,price_strength_20,2026-03-05,Q5,0.041459136745291225
6826,price_strength_20,2026-03-06,Q5,0.01892428182108219
6827,price_strength_20,2026-03-09,Q5,0.029679924944255698
6828,price_strength_20,2026-03-10,Q5,0.01224415788088351
6829,price_strength_20,2026-03-11,Q5,0.006965553771276001
6830,price_strength_20,2026-03-12,Q5,-0.015639725637852542
6831,price_strength_20,2026-03-13,Q5,-0.018570389624004147
6832,price_strength_20,2026-03-16,Q5,-0.07409383507571526
6833,price_strength_20,2026-03-17,Q5,-0.04469716803024387
6834,price_strength_20,2026-03-18,Q5,-0.0669525055684746
6835,price_strength_20,2026-03-19,Q5,-0.05618937866228979
6836,price_strength_20,2026-03-20,Q5,-0.03469815446106722
6837,price_strength_20,2026-03-23,Q5,0.025837319220535004
6838,price_strength_20,2026-03-24,Q5,-0.023299826883027397
6839,price_strength_20,2026-03-25,Q5,0.005551583014531958
6840,price_strength_20,2026-03-26,Q5,0.007899980975252463
6841,price_strength_20,2026-03-27,Q5,-0.042181406940641764
6842,price_strength_20,2026-03-30,Q5,-0.036900707041455316
6843,price_strength_20,2026-03-31,Q5,-0.056373439921006685
6844,price_strength_20,2026-04-01,Q5,-0.08328186978026819
6845,price_strength_20,2026-04-02,Q5,-0.068883234494715
6846,price_strength_20,2026-04-03,Q5,-0.014703714427556636
6847,price_strength_20,2026-04-07,Q5,0.02092719070128335
6848,price_strength_20,2026-04-08,Q5,-0.01674364810977913
6849,price_strength_20,2026-04-09,Q5,0.010370433662079348
6850,price_strength_20,2026-04-10,Q5,-0.006896328719220524
6851,price_strength_20,2026-04-13,Q5,-0.0010108820651295591
6852,price_strength_20,2026-04-14,Q5,-0.011789205755589005
6853,price_strength_20,2026-04-15,Q5,0.04554996629905289
6854,price_strength_20,2026-04-16,Q5,0.016656108146553383
6855,price_strength_20,2026-04-17,Q5,0.025762335232500044
6856,price_strength_20,2026-04-20,Q5,-0.014465720114105185
6857,price_strength_20,2026-04-21,Q5,0.0037972137265185335
6858,price_strength_20,2026-04-22,Q5,-0.0034143049997268915
6859,price_strength_20,2026-04-23,Q5,0.06585713052804387
6860,turnover_mean_20,2025-02-25,Q1,0.0034873549190761466
6861,turnover_mean_20,2025-02-26,Q1,0.012152724312965324
6862,turnover_mean_20,2025-02-27,Q1,0.0008606049036423702
6863,turnover_mean_20,2025-02-28,Q1,0.012142267698620035
6864,turnover_mean_20,2025-03-03,Q1,0.006950471078646325
6865,turnover_mean_20,2025-03-04,Q1,0.008688047420232214
6866,turnover_mean_20,2025-03-05,Q1,0.016295071744772516
6867,turnover_mean_20,2025-03-06,Q1,0.018056752887406713
6868,turnover_mean_20,2025-03-07,Q1,0.025706957050006585
6869,turnover_mean_20,2025-03-10,Q1,-0.007765327989904702
6870,turnover_mean_20,2025-03-11,Q1,-0.010335907761208851
6871,turnover_mean_20,2025-03-12,Q1,-0.02784809393104215
6872,turnover_mean_20,2025-03-13,Q1,-0.029560842648572616
6873,turnover_mean_20,2025-03-14,Q1,-0.04594821875232791
6874,turnover_mean_20,2025-03-17,Q1,-0.01043477265731152
6875,turnover_mean_20,2025-03-18,Q1,-0.005221885738692533
6876,turnover_mean_20,2025-03-19,Q1,0.01400003433227548
6877,turnover_mean_20,2025-03-20,Q1,0.0039920119786056585
6878,turnover_mean_20,2025-03-21,Q1,-0.0061295704340254
6879,turnover_mean_20,2025-03-24,Q1,-0.010544805303367766
6880,turnover_mean_20,2025-03-25,Q1,-0.013998236495204375
6881,turnover_mean_20,2025-03-26,Q1,-0.0008787547259464512
6882,turnover_mean_20,2025-03-27,Q1,-0.0043898322412408985
6883,turnover_mean_20,2025-03-28,Q1,-0.05726877095667726
6884,turnover_mean_20,2025-03-31,Q1,-0.03907642318949678
6885,turnover_mean_20,2025-04-01,Q1,-0.04170365997678682
6886,turnover_mean_20,2025-04-02,Q1,-0.034068057566001286
6887,turnover_mean_20,2025-04-03,Q1,-0.04889976533550211
6888,turnover_mean_20,2025-04-07,Q1,0.08152172469405494
6889,turnover_mean_20,2025-04-08,Q1,0.04527292481871936
6890,turnover_mean_20,2025-04-09,Q1,0.03153742009296501
6891,turnover_mean_20,2025-04-10,Q1,0.014678973090459513
6892,turnover_mean_20,2025-04-11,Q1,0.026629931378362448
6893,turnover_mean_20,2025-04-14,Q1,0.008234231479872234
6894,turnover_mean_20,2025-04-15,Q1,0.008219192160326738
6895,turnover_mean_20,2025-04-16,Q1,0.0009091117165305196
6896,turnover_mean_20,2025-04-17,Q1,-0.002712539376788503
6897,turnover_mean_20,2025-04-18,Q1,-0.015205730917130955
6898,turnover_mean_20,2025-04-21,Q1,-0.0018149234966302608
6899,turnover_mean_20,2025-04-22,Q1,-0.005434820636233795
6900,turnover_mean_20,2025-04-23,Q1,-0.009082686593175682
6901,turnover_mean_20,2025-04-24,Q1,-0.0063463006816739664
6902,turnover_mean_20,2025-04-25,Q1,0.0018164853472837361
6903,turnover_mean_20,2025-04-28,Q1,0.0072727203369140625
6904,turnover_mean_20,2025-04-29,Q1,0.015482703404495757
6905,turnover_mean_20,2025-04-30,Q1,0.022914757424061794
6906,turnover_mean_20,2025-05-06,Q1,0.030109481985170605
6907,turnover_mean_20,2025-05-07,Q1,0.03626478530265942
6908,turnover_mean_20,2025-05-08,Q1,0.027978377414375366
6909,turnover_mean_20,2025-05-09,Q1,0.020627847872604743
6910,turnover_mean_20,2025-05-12,Q1,0.018817207976545847
6911,turnover_mean_20,2025-05-13,Q1,0.008857429743809542
6912,turnover_mean_20,2025-05-14,Q1,-0.01452285667393427
6913,turnover_mean_20,2025-05-15,Q1,-0.018789176055248658
6914,turnover_mean_20,2025-05-16,Q1,-0.025210158955061512
6915,turnover_mean_20,2025-05-19,Q1,-0.027196675467537346
6916,turnover_mean_20,2025-05-20,Q1,-0.0231092706355277
6917,turnover_mean_20,2025-05-21,Q1,-0.023157922845137735
6918,turnover_mean_20,2025-05-22,Q1,-0.0021276069043588697
6919,turnover_mean_20,2025-05-23,Q1,0.01077590348569002
6920,turnover_mean_20,2025-05-26,Q1,0.0
6921,turnover_mean_20,2025-05-27,Q1,0.004301071078780971
6922,turnover_mean_20,2025-05-28,Q1,0.004310340840949722
6923,turnover_mean_20,2025-05-29,Q1,0.002132143267095099
6924,turnover_mean_20,2025-05-30,Q1,0.0
6925,turnover_mean_20,2025-06-03,Q1,0.004301071078780971
6926,turnover_mean_20,2025-06-04,Q1,0.004282651092028633
6927,turnover_mean_20,2025-06-05,Q1,-0.0021458696077492068
6928,turnover_mean_20,2025-06-06,Q1,-0.02765949848497673
6929,turnover_mean_20,2025-06-09,Q1,-0.02132194102612306
6930,turnover_mean_20,2025-06-10,Q1,-0.014989329875327972
6931,turnover_mean_20,2025-06-11,Q1,-0.025586329231347626
6932,turnover_mean_20,2025-06-12,Q1,-0.019354871127326034
6933,turnover_mean_20,2025-06-13,Q1,-0.0021882338087966247
6934,turnover_mean_20,2025-06-16,Q1,-0.008714588349299945
6935,turnover_mean_20,2025-06-17,Q1,0.0
6936,turnover_mean_20,2025-06-18,Q1,0.013129089830587137
6937,turnover_mean_20,2025-06-19,Q1,0.010964954246114766
6938,turnover_mean_20,2025-06-20,Q1,0.010964954246114766
6939,turnover_mean_20,2025-06-23,Q1,0.015384547668098714
6940,turnover_mean_20,2025-06-24,Q1,0.010869606906841245
6941,turnover_mean_20,2025-06-25,Q1,0.036717078205617426
6942,turnover_mean_20,2025-06-26,Q1,0.03253798069916325
6943,turnover_mean_20,2025-06-27,Q1,0.03253798069916325
6944,turnover_mean_20,2025-06-30,Q1,0.02813855360630302
6945,turnover_mean_20,2025-07-01,Q1,0.043010710787809936
6946,turnover_mean_20,2025-07-02,Q1,0.004166662527455456
6947,turnover_mean_20,2025-07-03,Q1,0.03781508816878909
6948,turnover_mean_20,2025-07-04,Q1,0.0252100587791928
6949,turnover_mean_20,2025-07-07,Q1,0.027368445145456333
6950,turnover_mean_20,2025-07-08,Q1,-0.014432927051680422
6951,turnover_mean_20,2025-07-09,Q1,-0.01557630894769324
6952,turnover_mean_20,2025-07-10,Q1,-0.026315812335043542
6953,turnover_mean_20,2025-07-11,Q1,-0.014344297135205464
6954,turnover_mean_20,2025-07-14,Q1,0.014344199422675397
6955,turnover_mean_20,2025-07-15,Q1,0.06485354166793433
6956,turnover_mean_20,2025-07-16,Q1,0.044025165406013755
6957,turnover_mean_20,2025-07-17,Q1,0.06860705356170094
6958,turnover_mean_20,2025-07-18,Q1,0.051975052593354665
6959,turnover_mean_20,2025-07-21,Q1,-0.011895291246169504
6960,turnover_mean_20,2025-07-22,Q1,-0.012009577364215152
6961,turnover_mean_20,2025-07-23,Q1,-0.014056259315918695
6962,turnover_mean_20,2025-07-24,Q1,-0.009716666844273969
6963,turnover_mean_20,2025-07-25,Q1,-0.005668068529258163
6964,turnover_mean_20,2025-07-28,Q1,-0.012841079207244088
6965,turnover_mean_20,2025-07-29,Q1,0.010534855172886992
6966,turnover_mean_20,2025-07-30,Q1,-0.0024019002018368374
6967,turnover_mean_20,2025-07-31,Q1,0.019623935713459106
6968,turnover_mean_20,2025-08-01,Q1,0.009771977863882952
6969,turnover_mean_20,2025-08-04,Q1,0.0
6970,turnover_mean_20,2025-08-05,Q1,-0.01122697195868716
6971,turnover_mean_20,2025-08-06,Q1,-0.016051349009055138
6972,turnover_mean_20,2025-08-07,Q1,-0.02165200096086317
6973,turnover_mean_20,2025-08-08,Q1,-0.02580642779585396
6974,turnover_mean_20,2025-08-11,Q1,-0.017886200294088384
6975,turnover_mean_20,2025-08-12,Q1,-0.021897770134632788
6976,turnover_mean_20,2025-08-13,Q1,-0.015497596289600235
6977,turnover_mean_20,2025-08-14,Q1,-0.004098376353816935
6978,turnover_mean_20,2025-08-15,Q1,-0.0016555880973233572
6979,turnover_mean_20,2025-08-18,Q1,0.030629129792706822
6980,turnover_mean_20,2025-08-19,Q1,0.024875557763047063
6981,turnover_mean_20,2025-08-20,Q1,-0.000828440386109297
6982,turnover_mean_20,2025-08-21,Q1,-0.005761291935965196
6983,turnover_mean_20,2025-08-22,Q1,-0.0008292063460934029
6984,turnover_mean_20,2025-08-25,Q1,-0.04497987747161558
6985,turnover_mean_20,2025-08-26,Q1,-0.03074434668253656
6986,turnover_mean_20,2025-08-27,Q1,-0.02570484318661015
6987,turnover_mean_20,2025-08-28,Q1,-0.02814570817344686
6988,turnover_mean_20,2025-08-29,Q1,-0.02738588535125408
6989,turnover_mean_20,2025-09-01,Q1,-0.015979859425682696
6990,turnover_mean_20,2025-09-02,Q1,-0.019198626963669585
6991,turnover_mean_20,2025-09-03,Q1,0.0017021666181848971
6992,turnover_mean_20,2025-09-04,Q1,0.00936972849200357
6993,turnover_mean_20,2025-09-05,Q1,0.0
6994,turnover_mean_20,2025-09-08,Q1,-0.004273520645296847
6995,turnover_mean_20,2025-09-09,Q1,-0.009361672908701824
6996,turnover_mean_20,2025-09-10,Q1,-0.01104503903015297
6997,turnover_mean_20,2025-09-11,Q1,-0.037130845560618075
6998,turnover_mean_20,2025-09-12,Q1,-0.023037581195560874
6999,turnover_mean_20,2025-09-15,Q1,-0.02317592385667544
7000,turnover_mean_20,2025-09-16,Q1,-0.010309268214748757
7001,turnover_mean_20,2025-09-17,Q1,-0.015463943287513549
7002,turnover_mean_20,2025-09-18,Q1,0.000630178430359285
7003,turnover_mean_20,2025-09-19,Q1,-0.004366828957883873
7004,turnover_mean_20,2025-09-22,Q1,-0.0004393773629732256
7005,turnover_mean_20,2025-09-23,Q1,-0.01562502587007053
7006,turnover_mean_20,2025-09-24,Q1,-0.005235638692580702
7007,turnover_mean_20,2025-09-25,Q1,0.0026316392674909928
7008,turnover_mean_20,2025-09-26,Q1,0.0
7009,turnover_mean_20,2025-09-29,Q1,0.017590132918044565
7010,turnover_mean_20,2025-09-30,Q1,0.005290958124783751
7011,turnover_mean_20,2025-10-09,Q1,0.012280732281358064
7012,turnover_mean_20,2025-10-10,Q1,-0.0026247319199040886
7013,turnover_mean_20,2025-10-13,Q1,0.0017544261783273285
7014,turnover_mean_20,2025-10-14,Q1,-0.01210020685748725
7015,turnover_mean_20,2025-10-15,Q1,0.010526389758675148
7016,turnover_mean_20,2025-10-16,Q1,0.007798973386949459
7017,turnover_mean_20,2025-10-17,Q1,0.014035158459685393
7018,turnover_mean_20,2025-10-20,Q1,0.008756600770722489
7019,turnover_mean_20,2025-10-21,Q1,0.003499559123801177
7020,turnover_mean_20,2025-10-22,Q1,-0.011284731707914775
7021,turnover_mean_20,2025-10-23,Q1,-0.021496130484949583
7022,turnover_mean_20,2025-10-24,Q1,-0.02076130761943673
7023,turnover_mean_20,2025-10-27,Q1,-0.007812512935035265
7024,turnover_mean_20,2025-10-28,Q1,0.01046206475722844
7025,turnover_mean_20,2025-10-29,Q1,0.011413530335592004
7026,turnover_mean_20,2025-10-30,Q1,0.011423560029314217
7027,turnover_mean_20,2025-10-31,Q1,0.020318065557528797
7028,turnover_mean_20,2025-11-03,Q1,0.01749779561900544
7029,turnover_mean_20,2025-11-04,Q1,0.006902495483418258
7030,turnover_mean_20,2025-11-05,Q1,0.013888875091518038
7031,turnover_mean_20,2025-11-06,Q1,0.01650734809774712
7032,turnover_mean_20,2025-11-07,Q1,0.01731600051622273
7033,turnover_mean_20,2025-11-10,Q1,0.0034393775975427587
7034,turnover_mean_20,2025-11-11,Q1,-0.006855177650646582
7035,turnover_mean_20,2025-11-12,Q1,0.010273962536277104
7036,turnover_mean_20,2025-11-13,Q1,0.012820561935890318
7037,turnover_mean_20,2025-11-14,Q1,-0.005106418690782877
7038,turnover_mean_20,2025-11-17,Q1,-0.005998260014274837
7039,turnover_mean_20,2025-11-18,Q1,0.01811907121503209
7040,turnover_mean_20,2025-11-19,Q1,-0.00932208547233182
7041,turnover_mean_20,2025-11-20,Q1,-0.011814374583622556
7042,turnover_mean_20,2025-11-21,Q1,-0.0068434496644722564
7043,turnover_mean_20,2025-11-24,Q1,0.007758551375337985
7044,turnover_mean_20,2025-11-25,Q1,-0.013559308883548837
7045,turnover_mean_20,2025-11-26,Q1,-0.01197599612264888
7046,turnover_mean_20,2025-11-27,Q1,-0.018787383972000526
7047,turnover_mean_20,2025-11-28,Q1,-0.006890605174139197
7048,turnover_mean_20,2025-12-01,Q1,-0.014542269351737191
7049,turnover_mean_20,2025-12-02,Q1,-0.018041239858505587
7050,turnover_mean_20,2025-12-03,Q1,-0.019047641852446673
7051,turnover_mean_20,2025-12-04,Q1,-0.010443854477762415
7052,turnover_mean_20,2025-12-05,Q1,-0.015611392512589473
7053,turnover_mean_20,2025-12-08,Q1,-0.0008680753892762461
7054,turnover_mean_20,2025-12-09,Q1,0.004374386327698154
7055,turnover_mean_20,2025-12-10,Q1,0.017652233946327867
7056,turnover_mean_20,2025-12-11,Q1,0.02374674234663776
7057,turnover_mean_20,2025-12-12,Q1,0.023788501763415182
7058,turnover_mean_20,2025-12-15,Q1,0.0008688295988685812
7059,turnover_mean_20,2025-12-16,Q1,0.006968717819721082
7060,turnover_mean_20,2025-12-17,Q1,0.0008673225597082279
7061,turnover_mean_20,2025-12-18,Q1,-0.006872845476499134
7062,turnover_mean_20,2025-12-19,Q1,-0.006884675085537251
7063,turnover_mean_20,2025-12-22,Q1,0.0034722187728795095
7064,turnover_mean_20,2025-12-23,Q1,-0.006920490871662466
7065,turnover_mean_20,2025-12-24,Q1,-0.01126517459884313
7066,turnover_mean_20,2025-12-25,Q1,-0.00519034752930303
7067,turnover_mean_20,2025-12-26,Q1,0.011265174598843242
7068,turnover_mean_20,2025-12-29,Q1,0.006920408373887188
7069,turnover_mean_20,2025-12-30,Q1,0.002613300334650015
7070,turnover_mean_20,2025-12-31,Q1,0.004382137721606005
7071,turnover_mean_20,2026-01-05,Q1,-0.001739170240319332
7072,turnover_mean_20,2026-01-06,Q1,-0.017137944126616622
7073,turnover_mean_20,2026-01-07,Q1,-0.024055041098527963
7074,turnover_mean_20,2026-01-08,Q1,-0.01737617769661559
7075,turnover_mean_20,2026-01-09,Q1,-0.023560249290132562
7076,turnover_mean_20,2026-01-12,Q1,-0.031358856361689114
7077,turnover_mean_20,2026-01-13,Q1,-0.027027062981664796
7078,turnover_mean_20,2026-01-14,Q1,-0.025528166427590482
7079,turnover_mean_20,2026-01-15,Q1,-0.021220222448109727
7080,turnover_mean_20,2026-01-16,Q1,-0.01787308460813064
7081,turnover_mean_20,2026-01-19,Q1,-0.014388475634778741
7082,turnover_mean_20,2026-01-20,Q1,-0.019713285845592954
7083,turnover_mean_20,2026-01-21,Q1,-0.02077683365645122
7084,turnover_mean_20,2026-01-22,Q1,-0.009936735294462262
7085,turnover_mean_20,2026-01-23,Q1,-0.014558676136881332
7086,turnover_mean_20,2026-01-26,Q1,-0.009124122365115728
7087,turnover_mean_20,2026-01-27,Q1,-0.009140715871207239
7088,turnover_mean_20,2026-01-28,Q1,0.011992630314666686
7089,turnover_mean_20,2026-01-29,Q1,0.011861324269018647
7090,turnover_mean_20,2026-01-30,Q1,0.020313967551121026
7091,turnover_mean_20,2026-02-02,Q1,0.01933702069850929
7092,turnover_mean_20,2026-02-03,Q1,0.02029522730000033
7093,turnover_mean_20,2026-02-04,Q1,0.009115717899840448
7094,turnover_mean_20,2026-02-05,Q1,-0.011722282475404855
7095,turnover_mean_20,2026-02-06,Q1,-0.012669714109158181
7096,turnover_mean_20,2026-02-09,Q1,-0.014453464482651945
7097,turnover_mean_20,2026-02-10,Q1,-0.018083250935932993
7098,turnover_mean_20,2026-02-11,Q1,-0.018066830603314932
7099,turnover_mean_20,2026-02-12,Q1,-0.005474490821885447
7100,turnover_mean_20,2026-02-13,Q1,-0.005499492830571828
7101,turnover_mean_20,2026-02-24,Q1,-0.002749746415285914
7102,turnover_mean_20,2026-02-25,Q1,-0.013812120006656436
7103,turnover_mean_20,2026-02-26,Q1,-0.00551973013560858
7104,turnover_mean_20,2026-02-27,Q1,-0.007339442798700024
7105,turnover_mean_20,2026-03-02,Q1,-0.008294944647338265
7106,turnover_mean_20,2026-03-03,Q1,-0.006433795412493448
7107,turnover_mean_20,2026-03-04,Q1,0.016806751123683794
7108,turnover_mean_20,2026-03-05,Q1,0.012025823840921879
7109,turnover_mean_20,2026-03-06,Q1,0.01016641529150708
7110,turnover_mean_20,2026-03-09,Q1,0.01486987397850048
7111,turnover_mean_20,2026-03-10,Q1,0.020351462055011815
7112,turnover_mean_20,2026-03-11,Q1,0.006427887292688617
7113,turnover_mean_20,2026-03-12,Q1,-0.005484412088092694
7114,turnover_mean_20,2026-03-13,Q1,-0.014638594962924523
7115,turnover_mean_20,2026-03-16,Q1,-0.043040317192774125
7116,turnover_mean_20,2026-03-17,Q1,-0.013599240449833405
7117,turnover_mean_20,2026-03-18,Q1,-0.0018248592786550555
7118,turnover_mean_20,2026-03-19,Q1,0.005514656738169199
7119,turnover_mean_20,2026-03-20,Q1,0.023212626682832305
7120,turnover_mean_20,2026-03-23,Q1,0.05167463844107001
7121,turnover_mean_20,2026-03-24,Q1,0.018382335217044687
7122,turnover_mean_20,2026-03-25,Q1,0.0191956166546412
7123,turnover_mean_20,2026-03-26,Q1,0.030164615177143306
7124,turnover_mean_20,2026-03-27,Q1,0.009074357862205007
7125,turnover_mean_20,2026-03-30,Q1,0.0036396690342204163
7126,turnover_mean_20,2026-03-31,Q1,0.012635410134184122
7127,turnover_mean_20,2026-04-01,Q1,-0.004484236661089436
7128,turnover_mean_20,2026-04-02,Q1,-0.015971632463580132
7129,turnover_mean_20,2026-04-03,Q1,-0.0044964200763882856
7130,turnover_mean_20,2026-04-07,Q1,0.012692687825210047
7131,turnover_mean_20,2026-04-08,Q1,-0.0008912859753865687
7132,turnover_mean_20,2026-04-09,Q1,-0.0009009214899244888
7133,turnover_mean_20,2026-04-10,Q1,-0.007213699062698975
7134,turnover_mean_20,2026-04-13,Q1,-0.0009032769180828959
7135,turnover_mean_20,2026-04-14,Q1,-0.008057309934929924
7136,turnover_mean_20,2026-04-15,Q1,-0.020517439351290467
7137,turnover_mean_20,2026-04-16,Q1,-0.008115432944055367
7138,turnover_mean_20,2026-04-17,Q1,-0.0009082859831013312
7139,turnover_mean_20,2026-04-20,Q1,0.028933063533763237
7140,turnover_mean_20,2026-04-21,Q1,0.03429603944562265
7141,turnover_mean_20,2026-04-22,Q1,0.04918041330057843
7142,turnover_mean_20,2026-04-23,Q1,0.044545433738014895
7143,turnover_mean_20,2025-02-25,Q2,0.003230589776564985
7144,turnover_mean_20,2025-02-26,Q2,-0.025493124291060043
7145,turnover_mean_20,2025-02-27,Q2,-0.012841912427373203
7146,turnover_mean_20,2025-02-28,Q2,-0.01024448141246237
7147,turnover_mean_20,2025-03-03,Q2,-0.0076554104608306806
7148,turnover_mean_20,2025-03-04,Q2,0.0005858613123629342
7149,turnover_mean_20,2025-03-05,Q2,0.010792120104129721
7150,turnover_mean_20,2025-03-06,Q2,-0.0012317310652079083
7151,turnover_mean_20,2025-03-07,Q2,0.021761307686979037
7152,turnover_mean_20,2025-03-10,Q2,0.028002771419234906
7153,turnover_mean_20,2025-03-11,Q2,0.012475762412503588
7154,turnover_mean_20,2025-03-12,Q2,0.013926885710254466
7155,turnover_mean_20,2025-03-13,Q2,0.020496448623909314
7156,turnover_mean_20,2025-03-14,Q2,0.010406875049209119
7157,turnover_mean_20,2025-03-17,Q2,-0.017062015112998485
7158,turnover_mean_20,2025-03-18,Q2,-0.0006832046928891278
7159,turnover_mean_20,2025-03-19,Q2,-0.009024471930646483
7160,turnover_mean_20,2025-03-20,Q2,-0.009633284094064332
7161,turnover_mean_20,2025-03-21,Q2,-0.013224765679288042
7162,turnover_mean_20,2025-03-24,Q2,-0.021706671275014133
7163,turnover_mean_20,2025-03-25,Q2,-0.028685481685483682
7164,turnover_mean_20,2025-03-26,Q2,-0.024968500171310526
7165,turnover_mean_20,2025-03-27,Q2,-0.014827994718250914
7166,turnover_mean_20,2025-03-28,Q2,-0.0996922910742497
7167,turnover_mean_20,2025-03-31,Q2,-0.05423267425652689
7168,turnover_mean_20,2025-04-01,Q2,-0.05294972039370255
7169,turnover_mean_20,2025-04-02,Q2,-0.04932696209112225
7170,turnover_mean_20,2025-04-03,Q2,-0.04071601557674892
7171,turnover_mean_20,2025-04-07,Q2,0.03913199185229155
7172,turnover_mean_20,2025-04-08,Q2,0.012309913867974864
7173,turnover_mean_20,2025-04-09,Q2,0.011346930963307855
7174,turnover_mean_20,2025-04-10,Q2,0.0016841331301881146
7175,turnover_mean_20,2025-04-11,Q2,-0.0019280339973852256
7176,turnover_mean_20,2025-04-14,Q2,-0.014000790570829869
7177,turnover_mean_20,2025-04-15,Q2,-0.008280262166895092
7178,turnover_mean_20,2025-04-16,Q2,-0.008682780182421967
7179,turnover_mean_20,2025-04-17,Q2,-0.011760289557379566
7180,turnover_mean_20,2025-04-18,Q2,-0.011612892150878906
7181,turnover_mean_20,2025-04-21,Q2,-0.0220232030595629
7182,turnover_mean_20,2025-04-22,Q2,-0.026949429631667077
7183,turnover_mean_20,2025-04-23,Q2,-0.005603228971420626
7184,turnover_mean_20,2025-04-24,Q2,0.021636391805167687
7185,turnover_mean_20,2025-04-25,Q2,0.03481610103725852
7186,turnover_mean_20,2025-04-28,Q2,0.04132870476203343
7187,turnover_mean_20,2025-04-29,Q2,0.045718774836178255
7188,turnover_mean_20,2025-04-30,Q2,0.0353989144731508
7189,turnover_mean_20,2025-05-06,Q2,0.013207549885864922
7190,turnover_mean_20,2025-05-07,Q2,0.0024973154196345493
7191,turnover_mean_20,2025-05-08,Q2,-0.0028954243087193077
7192,turnover_mean_20,2025-05-09,Q2,-0.0012634583239062858
7193,turnover_mean_20,2025-05-12,Q2,-0.00818830274839838
7194,turnover_mean_20,2025-05-13,Q2,-0.00803345236082248
7195,turnover_mean_20,2025-05-14,Q2,0.001572928516425598
7196,turnover_mean_20,2025-05-15,Q2,0.007023698094351105
7197,turnover_mean_20,2025-05-16,Q2,-0.002068230205296173
7198,turnover_mean_20,2025-05-19,Q2,-0.0033636549705604035
7199,turnover_mean_20,2025-05-20,Q2,-0.0005606999983911454
7200,turnover_mean_20,2025-05-21,Q2,-0.005202357916131051
7201,turnover_mean_20,2025-05-22,Q2,-0.0007905086018862306
7202,turnover_mean_20,2025-05-23,Q2,0.0074998231978141705
7203,turnover_mean_20,2025-05-26,Q2,0.012700310668592452
7204,turnover_mean_20,2025-05-27,Q2,0.013980653430637924
7205,turnover_mean_20,2025-05-28,Q2,0.0048226658597864125
7206,turnover_mean_20,2025-05-29,Q2,0.0030085145048692197
7207,turnover_mean_20,2025-05-30,Q2,0.004981849847885744
7208,turnover_mean_20,2025-06-03,Q2,0.00945776157720657
7209,turnover_mean_20,2025-06-04,Q2,0.016713018199530305
7210,turnover_mean_20,2025-06-05,Q2,0.012318354907070672
7211,turnover_mean_20,2025-06-06,Q2,-0.003274075945064514
7212,turnover_mean_20,2025-06-09,Q2,-0.0003605329104856003
7213,turnover_mean_20,2025-06-10,Q2,-0.0008792060259176782
7214,turnover_mean_20,2025-06-11,Q2,-0.017331807388695664
7215,turnover_mean_20,2025-06-12,Q2,-0.015036290803181085
7216,turnover_mean_20,2025-06-13,Q2,-0.0010889972492773015
7217,turnover_mean_20,2025-06-16,Q2,0.027568857756004816
7218,turnover_mean_20,2025-06-17,Q2,0.05105505504411534
7219,turnover_mean_20,2025-06-18,Q2,0.06662656155448154
7220,turnover_mean_20,2025-06-19,Q2,0.09347319498989448
7221,turnover_mean_20,2025-06-20,Q2,0.07075825025354121
7222,turnover_mean_20,2025-06-23,Q2,0.016201407475299412
7223,turnover_mean_20,2025-06-24,Q2,0.01550711970219143
7224,turnover_mean_20,2025-06-25,Q2,0.004346621640489601
7225,turnover_mean_20,2025-06-26,Q2,-0.0030091133637779044
7226,turnover_mean_20,2025-06-27,Q2,0.011654134121518389
7227,turnover_mean_20,2025-06-30,Q2,0.03947094336888868
7228,turnover_mean_20,2025-07-01,Q2,0.03542658198265192
7229,turnover_mean_20,2025-07-02,Q2,0.04243096664133483
7230,turnover_mean_20,2025-07-03,Q2,0.06855585215202731
7231,turnover_mean_20,2025-07-04,Q2,0.045196315336981985
7232,turnover_mean_20,2025-07-07,Q2,0.018845631630506454
7233,turnover_mean_20,2025-07-08,Q2,0.003288356159330874
7234,turnover_mean_20,2025-07-09,Q2,-0.0074594666487784456
7235,turnover_mean_20,2025-07-10,Q2,-0.040654824407479084
7236,turnover_mean_20,2025-07-11,Q2,-0.020478925836323714
7237,turnover_mean_20,2025-07-14,Q2,-0.018793037247878674
7238,turnover_mean_20,2025-07-15,Q2,-0.010564171026272495
7239,turnover_mean_20,2025-07-16,Q2,-0.008346760548567311
7240,turnover_mean_20,2025-07-17,Q2,-0.0009106421715985302
7241,turnover_mean_20,2025-07-18,Q2,-0.007450355890552984
7242,turnover_mean_20,2025-07-21,Q2,0.0028636995049632352
7243,turnover_mean_20,2025-07-22,Q2,-0.012138418769943926
7244,turnover_mean_20,2025-07-23,Q2,0.011871833148835498
7245,turnover_mean_20,2025-07-24,Q2,-0.031143417750542912
7246,turnover_mean_20,2025-07-25,Q2,-0.02380484047937287
7247,turnover_mean_20,2025-07-28,Q2,-0.023953325154635552
7248,turnover_mean_20,2025-07-29,Q2,-0.019044112466344687
7249,turnover_mean_20,2025-07-30,Q2,-0.014952146853085269
7250,turnover_mean_20,2025-07-31,Q2,-0.0005494631023422181
7251,turnover_mean_20,2025-08-01,Q2,-0.0032858936946669193
7252,turnover_mean_20,2025-08-04,Q2,-0.00010912790101369474
7253,turnover_mean_20,2025-08-05,Q2,0.004330488397812471
7254,turnover_mean_20,2025-08-06,Q2,5.505834317071079e-05
7255,turnover_mean_20,2025-08-07,Q2,-0.014527050663500907
7256,turnover_mean_20,2025-08-08,Q2,0.006558699498700582
7257,turnover_mean_20,2025-08-11,Q2,0.008760070459612301
7258,turnover_mean_20,2025-08-12,Q2,0.0038862460425438394
7259,turnover_mean_20,2025-08-13,Q2,0.02347364616043579
7260,turnover_mean_20,2025-08-14,Q2,0.049328418911851024
7261,turnover_mean_20,2025-08-15,Q2,0.02743471289830901
7262,turnover_mean_20,2025-08-18,Q2,0.02170054333885718
7263,turnover_mean_20,2025-08-19,Q2,0.02498100782553825
7264,turnover_mean_20,2025-08-20,Q2,-0.005247785197975752
7265,turnover_mean_20,2025-08-21,Q2,-0.014901516269839488
7266,turnover_mean_20,2025-08-22,Q2,0.00238555053916506
7267,turnover_mean_20,2025-08-25,Q2,-0.004499690588620486
7268,turnover_mean_20,2025-08-26,Q2,0.0013166327152822066
7269,turnover_mean_20,2025-08-27,Q2,0.006561913958301524
7270,turnover_mean_20,2025-08-28,Q2,0.010112836731814512
7271,turnover_mean_20,2025-08-29,Q2,0.030773381557224977
7272,turnover_mean_20,2025-09-01,Q2,0.07969848820509484
7273,turnover_mean_20,2025-09-02,Q2,0.07640798008263905
7274,turnover_mean_20,2025-09-03,Q2,0.07041227163894703
7275,turnover_mean_20,2025-09-04,Q2,0.06835712604425614
7276,turnover_mean_20,2025-09-05,Q2,0.05034384852785839
7277,turnover_mean_20,2025-09-08,Q2,-0.01771951222027829
7278,turnover_mean_20,2025-09-09,Q2,-0.022754852678314785
7279,turnover_mean_20,2025-09-10,Q2,-0.01576205633263572
7280,turnover_mean_20,2025-09-11,Q2,-0.03495815359200516
7281,turnover_mean_20,2025-09-12,Q2,-0.05109167963640476
7282,turnover_mean_20,2025-09-15,Q2,-0.04050169625303768
7283,turnover_mean_20,2025-09-16,Q2,-0.035457052087692176
7284,turnover_mean_20,2025-09-17,Q2,-0.035379296152769246
7285,turnover_mean_20,2025-09-18,Q2,-0.04426005128868371
7286,turnover_mean_20,2025-09-19,Q2,-0.020361515570438027
7287,turnover_mean_20,2025-09-22,Q2,0.0077604979236967075
7288,turnover_mean_20,2025-09-23,Q2,0.01740255881416486
7289,turnover_mean_20,2025-09-24,Q2,-0.005854934283399227
7290,turnover_mean_20,2025-09-25,Q2,0.027518508497862304
7291,turnover_mean_20,2025-09-26,Q2,0.021613812062262316
7292,turnover_mean_20,2025-09-29,Q2,-0.0152046951655333
7293,turnover_mean_20,2025-09-30,Q2,-0.018228458177266482
7294,turnover_mean_20,2025-10-09,Q2,-0.027645708339425257
7295,turnover_mean_20,2025-10-10,Q2,-0.04034439997039008
7296,turnover_mean_20,2025-10-13,Q2,-0.019649726939792667
7297,turnover_mean_20,2025-10-14,Q2,-0.016309993060263872
7298,turnover_mean_20,2025-10-15,Q2,-0.015874145403125428
7299,turnover_mean_20,2025-10-16,Q2,0.0016494643058064806
7300,turnover_mean_20,2025-10-17,Q2,0.004244440661301141
7301,turnover_mean_20,2025-10-20,Q2,-0.0015772855240666073
7302,turnover_mean_20,2025-10-21,Q2,-0.005864417248284459
7303,turnover_mean_20,2025-10-22,Q2,0.010608524588803736
7304,turnover_mean_20,2025-10-23,Q2,-0.0022376763415365986
7305,turnover_mean_20,2025-10-24,Q2,0.0058555903606826165
7306,turnover_mean_20,2025-10-27,Q2,0.01242635649568713
7307,turnover_mean_20,2025-10-28,Q2,0.004257037443536282
7308,turnover_mean_20,2025-10-29,Q2,-0.007131549398100789
7309,turnover_mean_20,2025-10-30,Q2,0.0012263072436485278
7310,turnover_mean_20,2025-10-31,Q2,0.010680054241878623
7311,turnover_mean_20,2025-11-03,Q2,0.013596872491173417
7312,turnover_mean_20,2025-11-04,Q2,0.026025439089988
7313,turnover_mean_20,2025-11-05,Q2,0.016728995026965232
7314,turnover_mean_20,2025-11-06,Q2,0.02048732797635522
7315,turnover_mean_20,2025-11-07,Q2,0.007281565945616353
7316,turnover_mean_20,2025-11-10,Q2,0.0010142220314444117
7317,turnover_mean_20,2025-11-11,Q2,-0.022986872422779858
7318,turnover_mean_20,2025-11-12,Q2,-0.029132369329643637
7319,turnover_mean_20,2025-11-13,Q2,-0.022498475181352173
7320,turnover_mean_20,2025-11-14,Q2,-0.04412978073523066
7321,turnover_mean_20,2025-11-17,Q2,-0.05097270727738623
7322,turnover_mean_20,2025-11-18,Q2,-0.0319815926394022
7323,turnover_mean_20,2025-11-19,Q2,-0.02961893475904681
7324,turnover_mean_20,2025-11-20,Q2,-0.07657931166816112
7325,turnover_mean_20,2025-11-21,Q2,-0.05395967615680708
7326,turnover_mean_20,2025-11-24,Q2,-0.05652126531909296
7327,turnover_mean_20,2025-11-25,Q2,-0.054417661207017076
7328,turnover_mean_20,2025-11-26,Q2,-0.061827281391549416
7329,turnover_mean_20,2025-11-27,Q2,-0.03706454047284663
7330,turnover_mean_20,2025-11-28,Q2,-0.03462095187532371
7331,turnover_mean_20,2025-12-01,Q2,-0.028941719382304554
7332,turnover_mean_20,2025-12-02,Q2,-0.05182830919564885
7333,turnover_mean_20,2025-12-03,Q2,0.010353734137865611
7334,turnover_mean_20,2025-12-04,Q2,-0.0037400356904220278
7335,turnover_mean_20,2025-12-05,Q2,-0.04183378298886198
7336,turnover_mean_20,2025-12-08,Q2,-0.04725843069062513
7337,turnover_mean_20,2025-12-09,Q2,-0.0456528519399364
7338,turnover_mean_20,2025-12-10,Q2,-0.050726017829847536
7339,turnover_mean_20,2025-12-11,Q2,-0.037412752912352076
7340,turnover_mean_20,2025-12-12,Q2,-0.02904184641663421
7341,turnover_mean_20,2025-12-15,Q2,0.0017491695959485631
7342,turnover_mean_20,2025-12-16,Q2,0.01399200457169536
7343,turnover_mean_20,2025-12-17,Q2,0.01683240380844142
7344,turnover_mean_20,2025-12-18,Q2,0.023625931586884863
7345,turnover_mean_20,2025-12-19,Q2,0.01555071290735699
7346,turnover_mean_20,2025-12-22,Q2,-0.0007538659390307068
7347,turnover_mean_20,2025-12-23,Q2,-0.005111599888836527
7348,turnover_mean_20,2025-12-24,Q2,-0.02098130884138233
7349,turnover_mean_20,2025-12-25,Q2,-0.006430621686078275
7350,turnover_mean_20,2025-12-26,Q2,0.0038254939008851574
7351,turnover_mean_20,2025-12-29,Q2,0.008134643682941145
7352,turnover_mean_20,2025-12-30,Q2,0.018938192124893338
7353,turnover_mean_20,2025-12-31,Q2,0.029333939308005652
7354,turnover_mean_20,2026-01-05,Q2,0.010682888392681278
7355,turnover_mean_20,2026-01-06,Q2,-0.006511823981580844
7356,turnover_mean_20,2026-01-07,Q2,-0.003705886472379405
7357,turnover_mean_20,2026-01-08,Q2,-0.020429313644403202
7358,turnover_mean_20,2026-01-09,Q2,-0.03412445720466506
7359,turnover_mean_20,2026-01-12,Q2,-0.023732873053652237
7360,turnover_mean_20,2026-01-13,Q2,-0.003915113288921468
7361,turnover_mean_20,2026-01-14,Q2,0.010808125491754916
7362,turnover_mean_20,2026-01-15,Q2,0.029463544568061995
7363,turnover_mean_20,2026-01-16,Q2,0.05712045900742235
7364,turnover_mean_20,2026-01-19,Q2,0.03550160523025159
7365,turnover_mean_20,2026-01-20,Q2,0.014412375943048561
7366,turnover_mean_20,2026-01-21,Q2,0.015570309561916407
7367,turnover_mean_20,2026-01-22,Q2,0.016386770075212498
7368,turnover_mean_20,2026-01-23,Q2,-0.016281331786892284
7369,turnover_mean_20,2026-01-26,Q2,-0.03638828226726676
7370,turnover_mean_20,2026-01-27,Q2,-0.009698241200478686
7371,turnover_mean_20,2026-01-28,Q2,0.027072314699058575
7372,turnover_mean_20,2026-01-29,Q2,-0.0010254202021045544
7373,turnover_mean_20,2026-01-30,Q2,0.008988809435075407
7374,turnover_mean_20,2026-02-02,Q2,0.06452475522995793
7375,turnover_mean_20,2026-02-03,Q2,0.035661478101816635
7376,turnover_mean_20,2026-02-04,Q2,0.006468014780405484
7377,turnover_mean_20,2026-02-05,Q2,-0.007061008530858448
7378,turnover_mean_20,2026-02-06,Q2,-0.01185645566810839
7379,turnover_mean_20,2026-02-09,Q2,-0.016566778176287433
7380,turnover_mean_20,2026-02-10,Q2,0.05425586617803735
7381,turnover_mean_20,2026-02-11,Q2,-0.019431196293912545
7382,turnover_mean_20,2026-02-12,Q2,-0.005664850126965715
7383,turnover_mean_20,2026-02-13,Q2,-0.022711366918479414
7384,turnover_mean_20,2026-02-24,Q2,-0.07006246545731504
7385,turnover_mean_20,2026-02-25,Q2,-0.08883296576543898
7386,turnover_mean_20,2026-02-26,Q2,-0.06037271378703796
7387,turnover_mean_20,2026-02-27,Q2,-0.040549707320808426
7388,turnover_mean_20,2026-03-02,Q2,-0.024310772967817584
7389,turnover_mean_20,2026-03-03,Q2,0.026007101237334296
7390,turnover_mean_20,2026-03-04,Q2,0.040458479998674135
7391,turnover_mean_20,2026-03-05,Q2,0.022988637476745177
7392,turnover_mean_20,2026-03-06,Q2,0.020372263170813865
7393,turnover_mean_20,2026-03-09,Q2,0.03310755365824569
7394,turnover_mean_20,2026-03-10,Q2,0.02028197335943427
7395,turnover_mean_20,2026-03-11,Q2,0.01384488788327587
7396,turnover_mean_20,2026-03-12,Q2,0.012337174546993512
7397,turnover_mean_20,2026-03-13,Q2,-0.023056070344457225
7398,turnover_mean_20,2026-03-16,Q2,-0.07758068466680118
7399,turnover_mean_20,2026-03-17,Q2,-0.04517864819255574
7400,turnover_mean_20,2026-03-18,Q2,-0.030974772704543185
7401,turnover_mean_20,2026-03-19,Q2,-0.021197345279515056
7402,turnover_mean_20,2026-03-20,Q2,0.004930298139147193
7403,turnover_mean_20,2026-03-23,Q2,0.050852609286494044
7404,turnover_mean_20,2026-03-24,Q2,0.00634379286691944
7405,turnover_mean_20,2026-03-25,Q2,-0.007424627274694284
7406,turnover_mean_20,2026-03-26,Q2,-0.025726587600979012
7407,turnover_mean_20,2026-03-27,Q2,-0.05630083891541243
7408,turnover_mean_20,2026-03-30,Q2,-0.041388963854084526
7409,turnover_mean_20,2026-03-31,Q2,-0.002742381249533854
7410,turnover_mean_20,2026-04-01,Q2,-0.029542993630875647
7411,turnover_mean_20,2026-04-02,Q2,0.009452947705213155
7412,turnover_mean_20,2026-04-03,Q2,0.0420291911265005
7413,turnover_mean_20,2026-04-07,Q2,0.05814732275956258
7414,turnover_mean_20,2026-04-08,Q2,0.003096573903027311
7415,turnover_mean_20,2026-04-09,Q2,0.027198832554600205
7416,turnover_mean_20,2026-04-10,Q2,0.014059242498285829
7417,turnover_mean_20,2026-04-13,Q2,0.001998298655738251
7418,turnover_mean_20,2026-04-14,Q2,-0.022685909759322942
7419,turnover_mean_20,2026-04-15,Q2,0.008434932209982482
7420,turnover_mean_20,2026-04-16,Q2,-0.011064945058033737
7421,turnover_mean_20,2026-04-17,Q2,-0.013284404839636887
7422,turnover_mean_20,2026-04-20,Q2,-0.013853200292782586
7423,turnover_mean_20,2026-04-21,Q2,-0.05856603737496818
7424,turnover_mean_20,2026-04-22,Q2,-0.03260937309763323
7425,turnover_mean_20,2026-04-23,Q2,-0.062167435816689376
7426,turnover_mean_20,2025-02-25,Q3,0.004602987777274858
7427,turnover_mean_20,2025-02-26,Q3,-0.019296261997379327
7428,turnover_mean_20,2025-02-27,Q3,-0.009111608899671664
7429,turnover_mean_20,2025-02-28,Q3,0.003508740620111306
7430,turnover_mean_20,2025-03-03,Q3,-0.029545479914373063
7431,turnover_mean_20,2025-03-04,Q3,-0.01489108448833898
7432,turnover_mean_20,2025-03-05,Q3,-0.006944492735242669
7433,turnover_mean_20,2025-03-06,Q3,-0.020689581085941322
7434,turnover_mean_20,2025-03-07,Q3,0.004662000257425358
7435,turnover_mean_20,2025-03-10,Q3,0.008196685613219845
7436,turnover_mean_20,2025-03-11,Q3,0.005813864516596823
7437,turnover_mean_20,2025-03-12,Q3,-0.002330944553285863
7438,turnover_mean_20,2025-03-13,Q3,0.0
7439,turnover_mean_20,2025-03-14,Q3,-0.018561467463607983
7440,turnover_mean_20,2025-03-17,Q3,-0.025551605357368112
7441,turnover_mean_20,2025-03-18,Q3,-0.017340997126628732
7442,turnover_mean_20,2025-03-19,Q3,-0.008177645451759141
7443,turnover_mean_20,2025-03-20,Q3,-0.004672892510771409
7444,turnover_mean_20,2025-03-21,Q3,-0.015258228574677846
7445,turnover_mean_20,2025-03-24,Q3,0.003618785658532797
7446,turnover_mean_20,2025-03-25,Q3,0.020408172611160236
7447,turnover_mean_20,2025-03-26,Q3,0.001186153599707529
7448,turnover_mean_20,2025-03-27,Q3,0.001173623787591227
7449,turnover_mean_20,2025-03-28,Q3,-0.08462461095716045
7450,turnover_mean_20,2025-03-31,Q3,-0.09735570861213794
7451,turnover_mean_20,2025-04-01,Q3,-0.07999997980454387
7452,turnover_mean_20,2025-04-02,Q3,0.02272725117600638
7453,turnover_mean_20,2025-04-03,Q3,-0.008403353487606458
7454,turnover_mean_20,2025-04-07,Q3,0.06818186251585212
7455,turnover_mean_20,2025-04-08,Q3,0.027941113978523058
7456,turnover_mean_20,2025-04-09,Q3,-0.002832858511134684
7457,turnover_mean_20,2025-04-10,Q3,0.00375942477902802
7458,turnover_mean_20,2025-04-11,Q3,0.03802277807025267
7459,turnover_mean_20,2025-04-14,Q3,0.026217232477693475
7460,turnover_mean_20,2025-04-15,Q3,0.05793445314795709
7461,turnover_mean_20,2025-04-16,Q3,0.06734431266558283
7462,turnover_mean_20,2025-04-17,Q3,0.046192244068229193
7463,turnover_mean_20,2025-04-18,Q3,0.023199089596134703
7464,turnover_mean_20,2025-04-21,Q3,-0.019464700999327622
7465,turnover_mean_20,2025-04-22,Q3,-0.02142849519949841
7466,turnover_mean_20,2025-04-23,Q3,-0.014285701310552956
7467,turnover_mean_20,2025-04-24,Q3,-0.008353185425808207
7468,turnover_mean_20,2025-04-25,Q3,0.008353185425808096
7469,turnover_mean_20,2025-04-28,Q3,0.04342424436400405
7470,turnover_mean_20,2025-04-29,Q3,0.020681273816478107
7471,turnover_mean_20,2025-04-30,Q3,0.006038670573352833
7472,turnover_mean_20,2025-05-06,Q3,0.007220151975052547
7473,turnover_mean_20,2025-05-07,Q3,-0.002366805271099115
7474,turnover_mean_20,2025-05-08,Q3,-0.003567150239654593
7475,turnover_mean_20,2025-05-09,Q3,0.002383731021569302
7476,turnover_mean_20,2025-05-12,Q3,0.04561826145513992
7477,turnover_mean_20,2025-05-13,Q3,0.03584231718478992
7478,turnover_mean_20,2025-05-14,Q3,0.016607281682123
7479,turnover_mean_20,2025-05-15,Q3,0.013126450498215148
7480,turnover_mean_20,2025-05-16,Q3,-0.015457802235385398
7481,turnover_mean_20,2025-05-19,Q3,-0.03903560862213551
7482,turnover_mean_20,2025-05-20,Q3,-0.01153406927217382
7483,turnover_mean_20,2025-05-21,Q3,-0.012835432974831917
7484,turnover_mean_20,2025-05-22,Q3,0.007067187424528942
7485,turnover_mean_20,2025-05-23,Q3,0.001508258200915824
7486,turnover_mean_20,2025-05-26,Q3,-0.007541506767994921
7487,turnover_mean_20,2025-05-27,Q3,-0.00749628038424921
7488,turnover_mean_20,2025-05-28,Q3,-0.005988018395350125
7489,turnover_mean_20,2025-05-29,Q3,-0.0012345961001080097
7490,turnover_mean_20,2025-05-30,Q3,0.027431334264018004
7491,turnover_mean_20,2025-06-03,Q3,0.0030395108143479455
7492,turnover_mean_20,2025-06-04,Q3,-0.00755282700333193
7493,turnover_mean_20,2025-06-05,Q3,-0.01957825906893662
7494,turnover_mean_20,2025-06-06,Q3,-0.024242401473340114
7495,turnover_mean_20,2025-06-09,Q3,-0.018203837705922488
7496,turnover_mean_20,2025-06-10,Q3,-0.010606014520558649
7497,turnover_mean_20,2025-06-11,Q3,-0.019786927099583962
7498,turnover_mean_20,2025-06-12,Q3,-0.02918587565903874
7499,turnover_mean_20,2025-06-13,Q3,-0.023291940067493244
7500,turnover_mean_20,2025-06-16,Q3,-0.04261799124695387
7501,turnover_mean_20,2025-06-17,Q3,-0.027565130075403843
7502,turnover_mean_20,2025-06-18,Q3,-0.0015528305579165513
7503,turnover_mean_20,2025-06-19,Q3,0.01107590077894205
7504,turnover_mean_20,2025-06-20,Q3,0.015898236127033005
7505,turnover_mean_20,2025-06-23,Q3,0.021765337549949804
7506,turnover_mean_20,2025-06-24,Q3,-0.005896136764101945
7507,turnover_mean_20,2025-06-25,Q3,0.010886496660990286
7508,turnover_mean_20,2025-06-26,Q3,0.010954643681373888
7509,turnover_mean_20,2025-06-27,Q3,0.007824756147039258
7510,turnover_mean_20,2025-06-30,Q3,0.01557630894769324
7511,turnover_mean_20,2025-07-01,Q3,0.03307087264580422
7512,turnover_mean_20,2025-07-02,Q3,0.006153840285081147
7513,turnover_mean_20,2025-07-03,Q3,0.04643965773426184
7514,turnover_mean_20,2025-07-04,Q3,0.049689467207783
7515,turnover_mean_20,2025-07-07,Q3,0.021472372223182212
7516,turnover_mean_20,2025-07-08,Q3,0.006097555213709249
7517,turnover_mean_20,2025-07-09,Q3,0.0030581010769374917
7518,turnover_mean_20,2025-07-10,Q3,-0.02958584013766763
7519,turnover_mean_20,2025-07-11,Q3,-0.028106516388666902
7520,turnover_mean_20,2025-07-14,Q3,-0.009009000623754537
7521,turnover_mean_20,2025-07-15,Q3,0.015151500920837613
7522,turnover_mean_20,2025-07-16,Q3,0.024390220854836775
7523,turnover_mean_20,2025-07-17,Q3,0.03810975642997838
7524,turnover_mean_20,2025-07-18,Q3,0.031963475290727406
7525,turnover_mean_20,2025-07-21,Q3,0.028787887873618967
7526,turnover_mean_20,2025-07-22,Q3,0.026755826529942794
7527,turnover_mean_20,2025-07-23,Q3,0.010356749934839593
7528,turnover_mean_20,2025-07-24,Q3,-0.04293786418773138
7529,turnover_mean_20,2025-07-25,Q3,-0.03636370926848953
7530,turnover_mean_20,2025-07-28,Q3,-0.03416858768324149
7531,turnover_mean_20,2025-07-29,Q3,-0.03502829449202993
7532,turnover_mean_20,2025-07-30,Q3,-0.02277902224917905
7533,turnover_mean_20,2025-07-31,Q3,0.028335273146615103
7534,turnover_mean_20,2025-08-01,Q3,0.024764156778667834
7535,turnover_mean_20,2025-08-04,Q3,0.12735860090572082
7536,turnover_mean_20,2025-08-05,Q3,0.2318501762008227
7537,turnover_mean_20,2025-08-06,Q3,0.18065270448922743
7538,turnover_mean_20,2025-08-07,Q3,0.18254881120829003
7539,turnover_mean_20,2025-08-08,Q3,0.15650180391511315
7540,turnover_mean_20,2025-08-11,Q3,0.0030864168005624304
7541,turnover_mean_20,2025-08-12,Q3,0.009273635481048759
7542,turnover_mean_20,2025-08-13,Q3,0.013931912083038789
7543,turnover_mean_20,2025-08-14,Q3,0.020217747731185787
7544,turnover_mean_20,2025-08-15,Q3,0.004594139664211738
7545,turnover_mean_20,2025-08-18,Q3,0.10153843806340146
7546,turnover_mean_20,2025-08-19,Q3,0.07044403469066896
7547,turnover_mean_20,2025-08-20,Q3,0.02900756867947263
7548,turnover_mean_20,2025-08-21,Q3,0.03201220121626913
7549,turnover_mean_20,2025-08-22,Q3,0.035060978823123756
7550,turnover_mean_20,2025-08-25,Q3,-0.04888266928651841
7551,turnover_mean_20,2025-08-26,Q3,-0.038626607978174965
7552,turnover_mean_20,2025-08-27,Q3,-0.02373885057054914
7553,turnover_mean_20,2025-08-28,Q3,-0.03545048327833511
7554,turnover_mean_20,2025-08-29,Q3,-0.029455053076400284
7555,turnover_mean_20,2025-09-01,Q3,-0.007342101955627567
7556,turnover_mean_20,2025-09-02,Q3,0.020833385073477872
7557,turnover_mean_20,2025-09-03,Q3,0.042553223868526224
7558,turnover_mean_20,2025-09-04,Q3,0.04594176175478415
7559,turnover_mean_20,2025-09-05,Q3,0.053110758198559926
7560,turnover_mean_20,2025-09-08,Q3,0.03106502281059087
7561,turnover_mean_20,2025-09-09,Q3,0.026239041521185502
7562,turnover_mean_20,2025-09-10,Q3,0.02769680080503467
7563,turnover_mean_20,2025-09-11,Q3,-0.008784764780346288
7564,turnover_mean_20,2025-09-12,Q3,0.005763683216603255
7565,turnover_mean_20,2025-09-15,Q3,-0.06498670737363532
7566,turnover_mean_20,2025-09-16,Q3,-0.08100931162257297
7567,turnover_mean_20,2025-09-17,Q3,0.0599250347716076
7568,turnover_mean_20,2025-09-18,Q3,-0.009835978433410109
7569,turnover_mean_20,2025-09-19,Q3,-0.010869503246587309
7570,turnover_mean_20,2025-09-22,Q3,0.021276541059871645
7571,turnover_mean_20,2025-09-23,Q3,0.053468190965286544
7572,turnover_mean_20,2025-09-24,Q3,0.0588235777031485
7573,turnover_mean_20,2025-09-25,Q3,0.060781488504842995
7574,turnover_mean_20,2025-09-26,Q3,-0.03382353126796467
7575,turnover_mean_20,2025-09-29,Q3,0.07700767849446621
7576,turnover_mean_20,2025-09-30,Q3,-0.006858736762208939
7577,turnover_mean_20,2025-10-09,Q3,-0.025745264806795065
7578,turnover_mean_20,2025-10-10,Q3,-0.03956343313389876
7579,turnover_mean_20,2025-10-13,Q3,-0.006906038049498853
7580,turnover_mean_20,2025-10-14,Q3,0.01373625024046543
7581,turnover_mean_20,2025-10-15,Q3,0.01795581747937547
7582,turnover_mean_20,2025-10-16,Q3,0.02781638493372318
7583,turnover_mean_20,2025-10-17,Q3,0.04829547648156485
7584,turnover_mean_20,2025-10-20,Q3,0.01668983096023391
7585,turnover_mean_20,2025-10-21,Q3,0.0027100244737636725
7586,turnover_mean_20,2025-10-22,Q3,0.0841248161718322
7587,turnover_mean_20,2025-10-23,Q3,0.11096078301437617
7588,turnover_mean_20,2025-10-24,Q3,0.12466125501728964
7589,turnover_mean_20,2025-10-27,Q3,0.17647064962899006
7590,turnover_mean_20,2025-10-28,Q3,0.1594594342069442
7591,turnover_mean_20,2025-10-29,Q3,0.11013768956813941
7592,turnover_mean_20,2025-10-30,Q3,0.02797208568497278
7593,turnover_mean_20,2025-10-31,Q3,0.027777750183035854
7594,turnover_mean_20,2025-11-03,Q3,0.03092780464424627
7595,turnover_mean_20,2025-11-04,Q3,0.13013694044304058
7596,turnover_mean_20,2025-11-05,Q3,0.11486483438769124
7597,turnover_mean_20,2025-11-06,Q3,0.1360543704638637
7598,turnover_mean_20,2025-11-07,Q3,0.12837833483955885
7599,turnover_mean_20,2025-11-10,Q3,0.016000027126736205
7600,turnover_mean_20,2025-11-11,Q3,-0.021201393779886613
7601,turnover_mean_20,2025-11-12,Q3,0.0018164853472837361
7602,turnover_mean_20,2025-11-13,Q3,-0.04038630590706194
7603,turnover_mean_20,2025-11-14,Q3,-0.1029543071329887
7604,turnover_mean_20,2025-11-17,Q3,-0.13298341357658394
7605,turnover_mean_20,2025-11-18,Q3,-0.09025270820268372
7606,turnover_mean_20,2025-11-19,Q3,-0.10335443492720298
7607,turnover_mean_20,2025-11-20,Q3,-0.07410799606594087
7608,turnover_mean_20,2025-11-21,Q3,0.009979982357977812
7609,turnover_mean_20,2025-11-24,Q3,0.03329969008952416
7610,turnover_mean_20,2025-11-25,Q3,0.00297616400776346
7611,turnover_mean_20,2025-11-26,Q3,0.016177941542755647
7612,turnover_mean_20,2025-11-27,Q3,-0.011857696335581758
7613,turnover_mean_20,2025-11-28,Q3,0.012845861256028712
7614,turnover_mean_20,2025-12-01,Q3,0.014648493706773902
7615,turnover_mean_20,2025-12-02,Q3,0.014836852353948382
7616,turnover_mean_20,2025-12-03,Q3,0.023880573787393722
7617,turnover_mean_20,2025-12-04,Q3,0.022000026702880815
7618,turnover_mean_20,2025-12-05,Q3,0.003902435302734375
7619,turnover_mean_20,2025-12-08,Q3,-0.03368627236809074
7620,turnover_mean_20,2025-12-09,Q3,-0.04483431071005972
7621,turnover_mean_20,2025-12-10,Q3,-0.034013642640159825
7622,turnover_mean_20,2025-12-11,Q3,-0.01975843669429045
7623,turnover_mean_20,2025-12-12,Q3,0.02343750415768997
7624,turnover_mean_20,2025-12-15,Q3,0.00553711984644889
7625,turnover_mean_20,2025-12-16,Q3,0.008988755857864295
7626,turnover_mean_20,2025-12-17,Q3,0.00897866723637386
7627,turnover_mean_20,2025-12-18,Q3,0.014557683090511198
7628,turnover_mean_20,2025-12-19,Q3,-0.014176675393601235
7629,turnover_mean_20,2025-12-22,Q3,-0.016519781915267928
7630,turnover_mean_20,2025-12-23,Q3,-0.013363016890443835
7631,turnover_mean_20,2025-12-24,Q3,0.0022247450804089297
7632,turnover_mean_20,2025-12-25,Q3,-0.002207555942311812
7633,turnover_mean_20,2025-12-26,Q3,0.0033185545462151023
7634,turnover_mean_20,2025-12-29,Q3,0.00111973962662959
7635,turnover_mean_20,2025-12-30,Q3,0.022573450416414564
7636,turnover_mean_20,2025-12-31,Q3,0.00998891790250922
7637,turnover_mean_20,2026-01-05,Q3,0.01785717326767622
7638,turnover_mean_20,2026-01-06,Q3,-0.01874311819337282
7639,turnover_mean_20,2026-01-07,Q3,-0.019015562706809486
7640,turnover_mean_20,2026-01-08,Q3,-0.0068829591247876465
7641,turnover_mean_20,2026-01-09,Q3,-0.006829238519435954
7642,turnover_mean_20,2026-01-12,Q3,-0.0107213068126365
7643,turnover_mean_20,2026-01-13,Q3,-0.005964256174353699
7644,turnover_mean_20,2026-01-14,Q3,0.009920672839941913
7645,turnover_mean_20,2026-01-15,Q3,0.0049504193239715555
7646,turnover_mean_20,2026-01-16,Q3,0.02259327459149385
7647,turnover_mean_20,2026-01-19,Q3,0.009852254702272356
7648,turnover_mean_20,2026-01-20,Q3,-0.007999992370605447
7649,turnover_mean_20,2026-01-21,Q3,-0.005893950669745407
7650,turnover_mean_20,2026-01-22,Q3,-0.010837405006048129
7651,turnover_mean_20,2026-01-23,Q3,-0.07684920292614039
7652,turnover_mean_20,2026-01-26,Q3,-0.0946341723930545
7653,turnover_mean_20,2026-01-27,Q3,-0.04737905881190252
7654,turnover_mean_20,2026-01-28,Q3,-0.0592884816779089
7655,turnover_mean_20,2026-01-29,Q3,-0.06573703684459942
7656,turnover_mean_20,2026-01-30,Q3,-0.0166493083380016
7657,turnover_mean_20,2026-02-02,Q3,0.04094828937233741
7658,turnover_mean_20,2026-02-03,Q3,0.012698400844561863
7659,turnover_mean_20,2026-02-04,Q3,0.002100788143664989
7660,turnover_mean_20,2026-02-05,Q3,0.012793164615673813
7661,turnover_mean_20,2026-02-06,Q3,-0.012698400844561863
7662,turnover_mean_20,2026-02-09,Q3,-0.012422348597782795
7663,turnover_mean_20,2026-02-10,Q3,0.002089912058669041
7664,turnover_mean_20,2026-02-11,Q3,0.05219206722149683
7665,turnover_mean_20,2026-02-12,Q3,0.07708782176297002
7666,turnover_mean_20,2026-02-13,Q3,0.08351640036797159
7667,turnover_mean_20,2026-02-24,Q3,0.025477682502587085
7668,turnover_mean_20,2026-02-25,Q3,-0.07722000613628688
7669,turnover_mean_20,2026-02-26,Q3,-0.045634924764746176
7670,turnover_mean_20,2026-02-27,Q3,-0.02657804782708395
7671,turnover_mean_20,2026-03-02,Q3,-0.016891875564834513
7672,turnover_mean_20,2026-03-03,Q3,0.013937352566762984
7673,turnover_mean_20,2026-03-04,Q3,0.02826860928669883
7674,turnover_mean_20,2026-03-05,Q3,0.006920408373887188
7675,turnover_mean_20,2026-03-06,Q3,0.02047779570392505
7676,turnover_mean_20,2026-03-09,Q3,0.006872845476499245
7677,turnover_mean_20,2026-03-10,Q3,-0.006872845476499134
7678,turnover_mean_20,2026-03-11,Q3,-0.017182195622028718
7679,turnover_mean_20,2026-03-12,Q3,-0.03225808436366906
7680,turnover_mean_20,2026-03-13,Q3,-0.06866946465715607
7681,turnover_mean_20,2026-03-16,Q3,-0.13733903163988603
7682,turnover_mean_20,2026-03-17,Q3,-0.1297871662621667
7683,turnover_mean_20,2026-03-18,Q3,-0.11015123461685261
7684,turnover_mean_20,2026-03-19,Q3,-0.10222223069932723
7685,turnover_mean_20,2026-03-20,Q3,-0.06451617510690377
7686,turnover_mean_20,2026-03-23,Q3,-0.002487500520428565
7687,turnover_mean_20,2026-03-24,Q3,-0.024449911814275582
7688,turnover_mean_20,2026-03-25,Q3,-0.019417457749564604
7689,turnover_mean_20,2026-03-26,Q3,-0.029702942250534492
7690,turnover_mean_20,2026-03-27,Q3,-0.07362637892392421
7691,turnover_mean_20,2026-03-30,Q3,-0.058693216904094236
7692,turnover_mean_20,2026-03-31,Q3,0.0
7693,turnover_mean_20,2026-04-01,Q3,-0.025641056991266398
7694,turnover_mean_20,2026-04-02,Q3,-0.0011903899597163203
7695,turnover_mean_20,2026-04-03,Q3,0.029484000122314002
7696,turnover_mean_20,2026-04-07,Q3,0.02916169357735665
7697,turnover_mean_20,2026-04-08,Q3,-0.03259601024417169
7698,turnover_mean_20,2026-04-09,Q3,0.0035885990284156843
7699,turnover_mean_20,2026-04-10,Q3,0.014302727133328919
7700,turnover_mean_20,2026-04-13,Q3,-0.0022025885746035367
7701,turnover_mean_20,2026-04-14,Q3,-0.0022025885746035367
7702,turnover_mean_20,2026-04-15,Q3,-0.02267000340572234
7703,turnover_mean_20,2026-04-16,Q3,-0.03787881159658324
7704,turnover_mean_20,2026-04-17,Q3,-0.008225692904327064
7705,turnover_mean_20,2026-04-20,Q3,-0.05089059651053485
7706,turnover_mean_20,2026-04-21,Q3,-0.03846156197421824
7707,turnover_mean_20,2026-04-22,Q3,-0.041567740890541494
7708,turnover_mean_20,2026-04-23,Q3,-0.04042808070829085
7709,turnover_mean_20,2025-02-25,Q4,0.010915626348514063
7710,turnover_mean_20,2025-02-26,Q4,-0.015243471358668326
7711,turnover_mean_20,2025-02-27,Q4,-0.007183308941386912
7712,turnover_mean_20,2025-02-28,Q4,-0.003776858632380753
7713,turnover_mean_20,2025-03-03,Q4,-0.015157968630719498
7714,turnover_mean_20,2025-03-04,Q4,-0.022257400406289873
7715,turnover_mean_20,2025-03-05,Q4,-0.01767654412443259
7716,turnover_mean_20,2025-03-06,Q4,-0.04491194842698126
7717,turnover_mean_20,2025-03-07,Q4,-0.0009058631026130914
7718,turnover_mean_20,2025-03-10,Q4,0.003782644702221727
7719,turnover_mean_20,2025-03-11,Q4,0.013816127221782937
7720,turnover_mean_20,2025-03-12,Q4,0.0068084385940943015
7721,turnover_mean_20,2025-03-13,Q4,0.01350671889211208
7722,turnover_mean_20,2025-03-14,Q4,-0.019022916947775026
7723,turnover_mean_20,2025-03-17,Q4,-0.05417466061554488
7724,turnover_mean_20,2025-03-18,Q4,-0.05207948493781883
7725,turnover_mean_20,2025-03-19,Q4,-0.014907734529432504
7726,turnover_mean_20,2025-03-20,Q4,-0.013528387839013611
7727,turnover_mean_20,2025-03-21,Q4,-0.021096729983967943
7728,turnover_mean_20,2025-03-24,Q4,-0.0015528870553609408
7729,turnover_mean_20,2025-03-25,Q4,0.00021231478902605794
7730,turnover_mean_20,2025-03-26,Q4,-0.02840671892309704
7731,turnover_mean_20,2025-03-27,Q4,-0.013903096126608394
7732,turnover_mean_20,2025-03-28,Q4,-0.08651684548917321
7733,turnover_mean_20,2025-03-31,Q4,-0.07684381690925496
7734,turnover_mean_20,2025-04-01,Q4,-0.054902819289285476
7735,turnover_mean_20,2025-04-02,Q4,-0.05330976783725194
7736,turnover_mean_20,2025-04-03,Q4,-0.06009527183137103
7737,turnover_mean_20,2025-04-07,Q4,0.07972813849763305
7738,turnover_mean_20,2025-04-08,Q4,0.0900810285050977
7739,turnover_mean_20,2025-04-09,Q4,0.04683327795344561
7740,turnover_mean_20,2025-04-10,Q4,0.02233674779862238
7741,turnover_mean_20,2025-04-11,Q4,0.03651319005293996
7742,turnover_mean_20,2025-04-14,Q4,0.027678902699859287
7743,turnover_mean_20,2025-04-15,Q4,0.06831720220364601
7744,turnover_mean_20,2025-04-16,Q4,0.05564239108241742
7745,turnover_mean_20,2025-04-17,Q4,0.027028542038883496
7746,turnover_mean_20,2025-04-18,Q4,0.06338499227110872
7747,turnover_mean_20,2025-04-21,Q4,-0.006571394038167533
7748,turnover_mean_20,2025-04-22,Q4,-0.01605000686873198
7749,turnover_mean_20,2025-04-23,Q4,-0.010834705763174135
7750,turnover_mean_20,2025-04-24,Q4,0.006154151155712051
7751,turnover_mean_20,2025-04-25,Q4,-0.03717459245585408
7752,turnover_mean_20,2025-04-28,Q4,0.023839706711444197
7753,turnover_mean_20,2025-04-29,Q4,0.012174358983805256
7754,turnover_mean_20,2025-04-30,Q4,0.012385664814728026
7755,turnover_mean_20,2025-05-06,Q4,0.004518169391435456
7756,turnover_mean_20,2025-05-07,Q4,0.0023241233500706504
7757,turnover_mean_20,2025-05-08,Q4,-0.01705120938257132
7758,turnover_mean_20,2025-05-09,Q4,0.005473694162379694
7759,turnover_mean_20,2025-05-12,Q4,0.034217485011295234
7760,turnover_mean_20,2025-05-13,Q4,0.027297015623821752
7761,turnover_mean_20,2025-05-14,Q4,0.0019297076043914285
7762,turnover_mean_20,2025-05-15,Q4,0.016470226766606755
7763,turnover_mean_20,2025-05-16,Q4,0.008065202754765799
7764,turnover_mean_20,2025-05-19,Q4,-0.01752875319585062
7765,turnover_mean_20,2025-05-20,Q4,0.015009260987602913
7766,turnover_mean_20,2025-05-21,Q4,0.017786527230416127
7767,turnover_mean_20,2025-05-22,Q4,0.012467824018227547
7768,turnover_mean_20,2025-05-23,Q4,0.032501466712754445
7769,turnover_mean_20,2025-05-26,Q4,0.0016594571120271406
7770,turnover_mean_20,2025-05-27,Q4,-0.032780055993345436
7771,turnover_mean_20,2025-05-28,Q4,-0.01436663694970175
7772,turnover_mean_20,2025-05-29,Q4,0.007017481240222834
7773,turnover_mean_20,2025-05-30,Q4,0.03191746719828803
7774,turnover_mean_20,2025-06-03,Q4,0.0011655278520696921
7775,turnover_mean_20,2025-06-04,Q4,0.017441815334505728
7776,turnover_mean_20,2025-06-05,Q4,0.009367672606955812
7777,turnover_mean_20,2025-06-06,Q4,-0.018583025992112034
7778,turnover_mean_20,2025-06-09,Q4,-0.01164148774078888
7779,turnover_mean_20,2025-06-10,Q4,-0.01047731676241892
7780,turnover_mean_20,2025-06-11,Q4,-0.047064918253844956
7781,turnover_mean_20,2025-06-12,Q4,-0.04043336722296814
7782,turnover_mean_20,2025-06-13,Q4,-0.023259132616636813
7783,turnover_mean_20,2025-06-16,Q4,-0.020176588998126854
7784,turnover_mean_20,2025-06-17,Q4,-0.011814785494216828
7785,turnover_mean_20,2025-06-18,Q4,0.0180050874420582
7786,turnover_mean_20,2025-06-19,Q4,0.028159019446269418
7787,turnover_mean_20,2025-06-20,Q4,0.02692239686994169
7788,turnover_mean_20,2025-06-23,Q4,0.03705538407764086
7789,turnover_mean_20,2025-06-24,Q4,0.021784347254845682
7790,turnover_mean_20,2025-06-25,Q4,0.010505151168894944
7791,turnover_mean_20,2025-06-26,Q4,0.009202521409502507
7792,turnover_mean_20,2025-06-27,Q4,0.007954510603070064
7793,turnover_mean_20,2025-06-30,Q4,0.0095236409970465
7794,turnover_mean_20,2025-07-01,Q4,-5.948717031911688e-06
7795,turnover_mean_20,2025-07-02,Q4,-0.007125289305044746
7796,turnover_mean_20,2025-07-03,Q4,-0.000372240551203884
7797,turnover_mean_20,2025-07-04,Q4,0.010473503704700793
7798,turnover_mean_20,2025-07-07,Q4,0.004719242715895133
7799,turnover_mean_20,2025-07-08,Q4,-0.02063862965452251
7800,turnover_mean_20,2025-07-09,Q4,-0.0157014667639625
7801,turnover_mean_20,2025-07-10,Q4,-0.0034013303865300104
7802,turnover_mean_20,2025-07-11,Q4,-0.006049669349423137
7803,turnover_mean_20,2025-07-14,Q4,0.0012437615152094406
7804,turnover_mean_20,2025-07-15,Q4,0.02507985442181948
7805,turnover_mean_20,2025-07-16,Q4,0.007964857508341028
7806,turnover_mean_20,2025-07-17,Q4,0.03685860942671826
7807,turnover_mean_20,2025-07-18,Q4,0.027448817956732374
7808,turnover_mean_20,2025-07-21,Q4,0.03487187534669933
7809,turnover_mean_20,2025-07-22,Q4,0.016221816794548705
7810,turnover_mean_20,2025-07-23,Q4,0.005594052412439265
7811,turnover_mean_20,2025-07-24,Q4,-0.035937864776446116
7812,turnover_mean_20,2025-07-25,Q4,-0.03833045526914358
7813,turnover_mean_20,2025-07-28,Q4,-0.04673235462788572
7814,turnover_mean_20,2025-07-29,Q4,-0.03431819331237029
7815,turnover_mean_20,2025-07-30,Q4,-0.01699910406927413
7816,turnover_mean_20,2025-07-31,Q4,0.017751254742450873
7817,turnover_mean_20,2025-08-01,Q4,0.033963134385397886
7818,turnover_mean_20,2025-08-04,Q4,0.0557849379153742
7819,turnover_mean_20,2025-08-05,Q4,0.09930682140281544
7820,turnover_mean_20,2025-08-06,Q4,0.0940567688905336
7821,turnover_mean_20,2025-08-07,Q4,0.05911353507952777
7822,turnover_mean_20,2025-08-08,Q4,0.06918158668953078
7823,turnover_mean_20,2025-08-11,Q4,0.10027334686547384
7824,turnover_mean_20,2025-08-12,Q4,-0.017402663033612764
7825,turnover_mean_20,2025-08-13,Q4,-0.007422425462313809
7826,turnover_mean_20,2025-08-14,Q4,0.06203009046041286
7827,turnover_mean_20,2025-08-15,Q4,0.051674834063196395
7828,turnover_mean_20,2025-08-18,Q4,0.025081255964677918
7829,turnover_mean_20,2025-08-19,Q4,0.019953308633728795
7830,turnover_mean_20,2025-08-20,Q4,-0.017437869074346968
7831,turnover_mean_20,2025-08-21,Q4,-0.03666666185753942
7832,turnover_mean_20,2025-08-22,Q4,-0.03427308312133431
7833,turnover_mean_20,2025-08-25,Q4,-0.01708057205771657
7834,turnover_mean_20,2025-08-26,Q4,-0.03106529881819392
7835,turnover_mean_20,2025-08-27,Q4,-0.030287679236551235
7836,turnover_mean_20,2025-08-28,Q4,-0.023582578003107257
7837,turnover_mean_20,2025-08-29,Q4,-0.010961250794324695
7838,turnover_mean_20,2025-09-01,Q4,-0.009335911308049671
7839,turnover_mean_20,2025-09-02,Q4,-0.0027188045517907433
7840,turnover_mean_20,2025-09-03,Q4,0.03267919353636051
7841,turnover_mean_20,2025-09-04,Q4,0.0231115108750235
7842,turnover_mean_20,2025-09-05,Q4,0.013531918093014017
7843,turnover_mean_20,2025-09-08,Q4,0.010651748553646201
7844,turnover_mean_20,2025-09-09,Q4,0.027309663070589907
7845,turnover_mean_20,2025-09-10,Q4,0.01637346631974107
7846,turnover_mean_20,2025-09-11,Q4,-0.005085542617723371
7847,turnover_mean_20,2025-09-12,Q4,-0.024917245807765886
7848,turnover_mean_20,2025-09-15,Q4,-0.008121907901446734
7849,turnover_mean_20,2025-09-16,Q4,-0.03557898379613483
7850,turnover_mean_20,2025-09-17,Q4,-0.028205652915879675
7851,turnover_mean_20,2025-09-18,Q4,0.056562674030564364
7852,turnover_mean_20,2025-09-19,Q4,0.06591928972770311
7853,turnover_mean_20,2025-09-22,Q4,-0.010074890686804172
7854,turnover_mean_20,2025-09-23,Q4,0.014934501474722972
7855,turnover_mean_20,2025-09-24,Q4,-0.001900600270799746
7856,turnover_mean_20,2025-09-25,Q4,0.010507941734672677
7857,turnover_mean_20,2025-09-26,Q4,0.041208789481329
7858,turnover_mean_20,2025-09-29,Q4,0.009027802291108666
7859,turnover_mean_20,2025-09-30,Q4,0.015223570198519276
7860,turnover_mean_20,2025-10-09,Q4,0.05038335513483627
7861,turnover_mean_20,2025-10-10,Q4,-0.0046363740177503
7862,turnover_mean_20,2025-10-13,Q4,-0.020899747084305698
7863,turnover_mean_20,2025-10-14,Q4,0.010533257643951244
7864,turnover_mean_20,2025-10-15,Q4,0.04856506516637349
7865,turnover_mean_20,2025-10-16,Q4,0.07267859609836502
7866,turnover_mean_20,2025-10-17,Q4,0.048082585650348064
7867,turnover_mean_20,2025-10-20,Q4,0.017338721367651244
7868,turnover_mean_20,2025-10-21,Q4,-0.009858755262992125
7869,turnover_mean_20,2025-10-22,Q4,0.012559209392441595
7870,turnover_mean_20,2025-10-23,Q4,-0.0030078887344022753
7871,turnover_mean_20,2025-10-24,Q4,0.018885353756393164
7872,turnover_mean_20,2025-10-27,Q4,0.013774069219588791
7873,turnover_mean_20,2025-10-28,Q4,0.013340438027056645
7874,turnover_mean_20,2025-10-29,Q4,0.006341723433510249
7875,turnover_mean_20,2025-10-30,Q4,0.03582818614930733
7876,turnover_mean_20,2025-10-31,Q4,0.07074998704627966
7877,turnover_mean_20,2025-11-03,Q4,0.07186700304404481
7878,turnover_mean_20,2025-11-04,Q4,0.05306558887389978
7879,turnover_mean_20,2025-11-05,Q4,0.04297312438895262
7880,turnover_mean_20,2025-11-06,Q4,0.05524760517360627
7881,turnover_mean_20,2025-11-07,Q4,0.005311118090071232
7882,turnover_mean_20,2025-11-10,Q4,0.07061797749965038
7883,turnover_mean_20,2025-11-11,Q4,0.026323290812799105
7884,turnover_mean_20,2025-11-12,Q4,-0.012926161842875372
7885,turnover_mean_20,2025-11-13,Q4,-0.04266025939791174
7886,turnover_mean_20,2025-11-14,Q4,-0.09117339687065135
7887,turnover_mean_20,2025-11-17,Q4,-0.08116058691572159
7888,turnover_mean_20,2025-11-18,Q4,-0.03963461158385834
7889,turnover_mean_20,2025-11-19,Q4,-0.015264751142523403
7890,turnover_mean_20,2025-11-20,Q4,-0.011348491990817
7891,turnover_mean_20,2025-11-21,Q4,0.046390992358214866
7892,turnover_mean_20,2025-11-24,Q4,0.001515077825931077
7893,turnover_mean_20,2025-11-25,Q4,-0.04005645048664341
7894,turnover_mean_20,2025-11-26,Q4,-0.06237857601732488
7895,turnover_mean_20,2025-11-27,Q4,-0.07030896652592528
7896,turnover_mean_20,2025-11-28,Q4,-0.06647777133338567
7897,turnover_mean_20,2025-12-01,Q4,-0.026042390103871882
7898,turnover_mean_20,2025-12-02,Q4,-0.01374509601974988
7899,turnover_mean_20,2025-12-03,Q4,0.02006568987253038
7900,turnover_mean_20,2025-12-04,Q4,-0.006248643991899727
7901,turnover_mean_20,2025-12-05,Q4,0.003106407413303758
7902,turnover_mean_20,2025-12-08,Q4,-0.023172255364149463
7903,turnover_mean_20,2025-12-09,Q4,-0.021110052075835162
7904,turnover_mean_20,2025-12-10,Q4,-0.06812049827037764
7905,turnover_mean_20,2025-12-11,Q4,-0.04222388388836862
7906,turnover_mean_20,2025-12-12,Q4,-0.023440715878558227
7907,turnover_mean_20,2025-12-15,Q4,-0.002036657998783331
7908,turnover_mean_20,2025-12-16,Q4,0.024572652511734683
7909,turnover_mean_20,2025-12-17,Q4,0.02448293144779856
7910,turnover_mean_20,2025-12-18,Q4,0.03474171882673627
7911,turnover_mean_20,2025-12-19,Q4,0.01924292659644594
7912,turnover_mean_20,2025-12-22,Q4,-0.004132115788879731
7913,turnover_mean_20,2025-12-23,Q4,0.0002884078536690149
7914,turnover_mean_20,2025-12-24,Q4,-0.00420134520728721
7915,turnover_mean_20,2025-12-25,Q4,-0.024257716191553036
7916,turnover_mean_20,2025-12-26,Q4,0.02691110449846945
7917,turnover_mean_20,2025-12-29,Q4,0.025021209297901914
7918,turnover_mean_20,2025-12-30,Q4,0.041639115272499416
7919,turnover_mean_20,2025-12-31,Q4,0.050401123753711086
7920,turnover_mean_20,2026-01-05,Q4,0.0683831010274134
7921,turnover_mean_20,2026-01-06,Q4,-0.023149481557120988
7922,turnover_mean_20,2026-01-07,Q4,-0.009759249211606702
7923,turnover_mean_20,2026-01-08,Q4,-0.03563193913283791
7924,turnover_mean_20,2026-01-09,Q4,-0.06949088540412518
7925,turnover_mean_20,2026-01-12,Q4,-0.05184303995379985
7926,turnover_mean_20,2026-01-13,Q4,-0.015647072477452006
7927,turnover_mean_20,2026-01-14,Q4,0.04415741755644409
7928,turnover_mean_20,2026-01-15,Q4,0.028569160428800977
7929,turnover_mean_20,2026-01-16,Q4,0.05202884981239875
7930,turnover_mean_20,2026-01-19,Q4,0.018256971701948177
7931,turnover_mean_20,2026-01-20,Q4,-0.02451797960953067
7932,turnover_mean_20,2026-01-21,Q4,-0.05175763691163865
7933,turnover_mean_20,2026-01-22,Q4,-0.00915500554821791
7934,turnover_mean_20,2026-01-23,Q4,-0.035666857175631284
7935,turnover_mean_20,2026-01-26,Q4,-0.04566622183085811
7936,turnover_mean_20,2026-01-27,Q4,-0.017033032003385185
7937,turnover_mean_20,2026-01-28,Q4,0.005458093059266811
7938,turnover_mean_20,2026-01-29,Q4,-0.002444861972707102
7939,turnover_mean_20,2026-01-30,Q4,0.036026361105924276
7940,turnover_mean_20,2026-02-02,Q4,0.08951420979205449
7941,turnover_mean_20,2026-02-03,Q4,0.061559675905837774
7942,turnover_mean_20,2026-02-04,Q4,0.05618300982220359
7943,turnover_mean_20,2026-02-05,Q4,0.057134367953057374
7944,turnover_mean_20,2026-02-06,Q4,0.050013428959056694
7945,turnover_mean_20,2026-02-09,Q4,0.010396625769277634
7946,turnover_mean_20,2026-02-10,Q4,0.042173303055669686
7947,turnover_mean_20,2026-02-11,Q4,0.042197314714733536
7948,turnover_mean_20,2026-02-12,Q4,0.060627603934506835
7949,turnover_mean_20,2026-02-13,Q4,0.043916203303386525
7950,turnover_mean_20,2026-02-24,Q4,-0.030339640082212294
7951,turnover_mean_20,2026-02-25,Q4,-0.013860962257556342
7952,turnover_mean_20,2026-02-26,Q4,-0.0542484629591512
7953,turnover_mean_20,2026-02-27,Q4,-0.026968561051556983
7954,turnover_mean_20,2026-03-02,Q4,-0.014161268958904516
7955,turnover_mean_20,2026-03-03,Q4,0.036984110386187874
7956,turnover_mean_20,2026-03-04,Q4,0.050030758043519086
7957,turnover_mean_20,2026-03-05,Q4,0.017549625157383952
7958,turnover_mean_20,2026-03-06,Q4,-0.011832398506369357
7959,turnover_mean_20,2026-03-09,Q4,0.018589335499401893
7960,turnover_mean_20,2026-03-10,Q4,-0.0017114589366542532
7961,turnover_mean_20,2026-03-11,Q4,0.0017414264161009774
7962,turnover_mean_20,2026-03-12,Q4,-0.01656407845956731
7963,turnover_mean_20,2026-03-13,Q4,-0.0523042883386437
7964,turnover_mean_20,2026-03-16,Q4,-0.11820202629866344
7965,turnover_mean_20,2026-03-17,Q4,-0.07003387568115377
7966,turnover_mean_20,2026-03-18,Q4,-0.04154177900618927
7967,turnover_mean_20,2026-03-19,Q4,-0.02769822847831427
7968,turnover_mean_20,2026-03-20,Q4,0.0010894453692630313
7969,turnover_mean_20,2026-03-23,Q4,0.12215602468553532
7970,turnover_mean_20,2026-03-24,Q4,0.11955332902535876
7971,turnover_mean_20,2026-03-25,Q4,0.0972796699339139
7972,turnover_mean_20,2026-03-26,Q4,0.07708729818192661
7973,turnover_mean_20,2026-03-27,Q4,-0.0005547660258747866
7974,turnover_mean_20,2026-03-30,Q4,-0.05524037598893944
7975,turnover_mean_20,2026-03-31,Q4,0.0028285421484185447
7976,turnover_mean_20,2026-04-01,Q4,-0.027507189878947902
7977,turnover_mean_20,2026-04-02,Q4,-0.008958523924510353
7978,turnover_mean_20,2026-04-03,Q4,0.048219475570987935
7979,turnover_mean_20,2026-04-07,Q4,0.0515046239672835
7980,turnover_mean_20,2026-04-08,Q4,0.012109380840585215
7981,turnover_mean_20,2026-04-09,Q4,0.06405850590035844
7982,turnover_mean_20,2026-04-10,Q4,0.05572163620840154
7983,turnover_mean_20,2026-04-13,Q4,0.0699996002777663
7984,turnover_mean_20,2026-04-14,Q4,0.007944091407961928
7985,turnover_mean_20,2026-04-15,Q4,0.023422088109494865
7986,turnover_mean_20,2026-04-16,Q4,0.000826661876233481
7987,turnover_mean_20,2026-04-17,Q4,-0.01694929051472943
7988,turnover_mean_20,2026-04-20,Q4,0.007433949925430672
7989,turnover_mean_20,2026-04-21,Q4,0.023159611144154157
7990,turnover_mean_20,2026-04-22,Q4,0.008104382498221152
7991,turnover_mean_20,2026-04-23,Q4,0.08000933918191822
7992,turnover_mean_20,2025-02-25,Q5,-0.021569703878763724
7993,turnover_mean_20,2025-02-26,Q5,-0.04670644525537604
7994,turnover_mean_20,2025-02-27,Q5,-0.019352153451681398
7995,turnover_mean_20,2025-02-28,Q5,0.0029036303343121794
7996,turnover_mean_20,2025-03-03,Q5,0.00543477744446208
7997,turnover_mean_20,2025-03-04,Q5,0.019639274903141657
7998,turnover_mean_20,2025-03-05,Q5,0.016074259421317905
7999,turnover_mean_20,2025-03-06,Q5,-0.023044313548836792
8000,turnover_mean_20,2025-03-07,Q5,0.017061127361606254
8001,turnover_mean_20,2025-03-10,Q5,0.020367215613144363
8002,turnover_mean_20,2025-03-11,Q5,-0.013333320617675781
8003,turnover_mean_20,2025-03-12,Q5,-0.02006404165282727
8004,turnover_mean_20,2025-03-13,Q5,0.0067210987143599965
8005,turnover_mean_20,2025-03-14,Q5,0.007541198454804943
8006,turnover_mean_20,2025-03-17,Q5,-0.041635684604403644
8007,turnover_mean_20,2025-03-18,Q5,-0.03049555600285425
8008,turnover_mean_20,2025-03-19,Q5,0.0012800980960632757
8009,turnover_mean_20,2025-03-20,Q5,0.043932260859811834
8010,turnover_mean_20,2025-03-21,Q5,0.039668455091488475
8011,turnover_mean_20,2025-03-24,Q5,0.04551883514634947
8012,turnover_mean_20,2025-03-25,Q5,0.03753053447625537
8013,turnover_mean_20,2025-03-26,Q5,-0.0038329965783742703
8014,turnover_mean_20,2025-03-27,Q5,-0.001397389839240426
8015,turnover_mean_20,2025-03-28,Q5,-0.10569508131013094
8016,turnover_mean_20,2025-03-31,Q5,-0.07125823521509828
8017,turnover_mean_20,2025-04-01,Q5,-0.028337895572728755
8018,turnover_mean_20,2025-04-02,Q5,0.032011328192092126
8019,turnover_mean_20,2025-04-03,Q5,-0.02031071021716896
8020,turnover_mean_20,2025-04-07,Q5,0.11427779484659728
8021,turnover_mean_20,2025-04-08,Q5,0.07900337372042565
8022,turnover_mean_20,2025-04-09,Q5,0.009004108689557089
8023,turnover_mean_20,2025-04-10,Q5,-0.03427623109591804
8024,turnover_mean_20,2025-04-11,Q5,-0.03600927657850278
8025,turnover_mean_20,2025-04-14,Q5,-0.051251597621029044
8026,turnover_mean_20,2025-04-15,Q5,-0.019781359796870457
8027,turnover_mean_20,2025-04-16,Q5,0.005112239736129676
8028,turnover_mean_20,2025-04-17,Q5,-0.008174183715911498
8029,turnover_mean_20,2025-04-18,Q5,-0.013996876605293085
8030,turnover_mean_20,2025-04-21,Q5,-0.031030454383779937
8031,turnover_mean_20,2025-04-22,Q5,-0.025281547662501513
8032,turnover_mean_20,2025-04-23,Q5,-0.013546834334995206
8033,turnover_mean_20,2025-04-24,Q5,0.018757384380962305
8034,turnover_mean_20,2025-04-25,Q5,0.03781113515355128
8035,turnover_mean_20,2025-04-28,Q5,0.06703041500089169
8036,turnover_mean_20,2025-04-29,Q5,0.037445115697574693
8037,turnover_mean_20,2025-04-30,Q5,0.08663868957609566
8038,turnover_mean_20,2025-05-06,Q5,0.06182974183798462
8039,turnover_mean_20,2025-05-07,Q5,0.05680067249749732
8040,turnover_mean_20,2025-05-08,Q5,0.02620465595413224
8041,turnover_mean_20,2025-05-09,Q5,0.03003841743325486
8042,turnover_mean_20,2025-05-12,Q5,-0.0001266055635519847
8043,turnover_mean_20,2025-05-13,Q5,0.00954047281969378
8044,turnover_mean_20,2025-05-14,Q5,0.022614558083363268
8045,turnover_mean_20,2025-05-15,Q5,0.04617214316625423
8046,turnover_mean_20,2025-05-16,Q5,0.023434023067483933
8047,turnover_mean_20,2025-05-19,Q5,-0.0025612649387049546
8048,turnover_mean_20,2025-05-20,Q5,-9.088121449246644e-05
8049,turnover_mean_20,2025-05-21,Q5,-0.0019994329646438325
8050,turnover_mean_20,2025-05-22,Q5,-0.0052869314586447835
8051,turnover_mean_20,2025-05-23,Q5,0.008455592149853641
8052,turnover_mean_20,2025-05-26,Q5,0.033820479831119576
8053,turnover_mean_20,2025-05-27,Q5,0.04662593511867541
8054,turnover_mean_20,2025-05-28,Q5,0.03614397733165842
8055,turnover_mean_20,2025-05-29,Q5,0.011270245030781667
8056,turnover_mean_20,2025-05-30,Q5,-0.0004509203992567601
8057,turnover_mean_20,2025-06-03,Q5,0.007859476580306834
8058,turnover_mean_20,2025-06-04,Q5,0.010249894880251223
8059,turnover_mean_20,2025-06-05,Q5,0.004333390669119086
8060,turnover_mean_20,2025-06-06,Q5,-0.02078253664188708
8061,turnover_mean_20,2025-06-09,Q5,-0.030531091434772766
8062,turnover_mean_20,2025-06-10,Q5,-0.007280882008077083
8063,turnover_mean_20,2025-06-11,Q5,-0.03137433306906767
8064,turnover_mean_20,2025-06-12,Q5,-0.07131883570670444
8065,turnover_mean_20,2025-06-13,Q5,-0.03047967291769932
8066,turnover_mean_20,2025-06-16,Q5,-0.018043126305404333
8067,turnover_mean_20,2025-06-17,Q5,-0.009032471460175218
8068,turnover_mean_20,2025-06-18,Q5,0.006121715779139059
8069,turnover_mean_20,2025-06-19,Q5,0.02530205089889037
8070,turnover_mean_20,2025-06-20,Q5,0.0006379619715159435
8071,turnover_mean_20,2025-06-23,Q5,-0.02333948296279975
8072,turnover_mean_20,2025-06-24,Q5,-0.04679239257199841
8073,turnover_mean_20,2025-06-25,Q5,-0.052062209483600685
8074,turnover_mean_20,2025-06-26,Q5,-0.04545885383069742
8075,turnover_mean_20,2025-06-27,Q5,-0.051503245127131225
8076,turnover_mean_20,2025-06-30,Q5,-0.03271908639081256
8077,turnover_mean_20,2025-07-01,Q5,-0.01553335868076905
8078,turnover_mean_20,2025-07-02,Q5,-0.0200192779375315
8079,turnover_mean_20,2025-07-03,Q5,-0.0085092491134936
8080,turnover_mean_20,2025-07-04,Q5,0.0017537374207121648
8081,turnover_mean_20,2025-07-07,Q5,-0.0061282030999453285
8082,turnover_mean_20,2025-07-08,Q5,-0.030729027494927508
8083,turnover_mean_20,2025-07-09,Q5,-0.014884173774902587
8084,turnover_mean_20,2025-07-10,Q5,-0.020823782679987895
8085,turnover_mean_20,2025-07-11,Q5,-0.02995728494089217
8086,turnover_mean_20,2025-07-14,Q5,-0.009603786244408885
8087,turnover_mean_20,2025-07-15,Q5,0.013946594850892391
8088,turnover_mean_20,2025-07-16,Q5,0.013992012112474417
8089,turnover_mean_20,2025-07-17,Q5,0.01812346223288963
8090,turnover_mean_20,2025-07-18,Q5,0.011551380275286793
8091,turnover_mean_20,2025-07-21,Q5,0.0059373471179186565
8092,turnover_mean_20,2025-07-22,Q5,-0.006173084257368788
8093,turnover_mean_20,2025-07-23,Q5,-0.004529041515415333
8094,turnover_mean_20,2025-07-24,Q5,-0.045935310883896074
8095,turnover_mean_20,2025-07-25,Q5,-0.027465288233843477
8096,turnover_mean_20,2025-07-28,Q5,-0.015015243058064176
8097,turnover_mean_20,2025-07-29,Q5,-0.0011278907049131481
8098,turnover_mean_20,2025-07-30,Q5,-0.005979991985368582
8099,turnover_mean_20,2025-07-31,Q5,0.005725741861653644
8100,turnover_mean_20,2025-08-01,Q5,0.05238336427761714
8101,turnover_mean_20,2025-08-04,Q5,0.05409942658650346
8102,turnover_mean_20,2025-08-05,Q5,0.03550495160016143
8103,turnover_mean_20,2025-08-06,Q5,0.040870537556204733
8104,turnover_mean_20,2025-08-07,Q5,0.021988656071590396
8105,turnover_mean_20,2025-08-08,Q5,-0.01782333008930098
8106,turnover_mean_20,2025-08-11,Q5,-0.012490194783195518
8107,turnover_mean_20,2025-08-12,Q5,0.03549950492918574
8108,turnover_mean_20,2025-08-13,Q5,0.027518865079824817
8109,turnover_mean_20,2025-08-14,Q5,-0.022943330548587493
8110,turnover_mean_20,2025-08-15,Q5,-0.033887179023178504
8111,turnover_mean_20,2025-08-18,Q5,-0.055460167785999104
8112,turnover_mean_20,2025-08-19,Q5,-0.06589990845640042
8113,turnover_mean_20,2025-08-20,Q5,-0.08556170930699658
8114,turnover_mean_20,2025-08-21,Q5,-0.028196163097128357
8115,turnover_mean_20,2025-08-22,Q5,-0.01692020713301917
8116,turnover_mean_20,2025-08-25,Q5,-0.029673992850502928
8117,turnover_mean_20,2025-08-26,Q5,-0.032346637876017825
8118,turnover_mean_20,2025-08-27,Q5,0.004720182309192744
8119,turnover_mean_20,2025-08-28,Q5,-0.005223652054697159
8120,turnover_mean_20,2025-08-29,Q5,0.019882837381501317
8121,turnover_mean_20,2025-09-01,Q5,0.02788506393041401
8122,turnover_mean_20,2025-09-02,Q5,0.018227675640381857
8123,turnover_mean_20,2025-09-03,Q5,0.03770054274707535
8124,turnover_mean_20,2025-09-04,Q5,0.031157896600296664
8125,turnover_mean_20,2025-09-05,Q5,0.01172865213940455
8126,turnover_mean_20,2025-09-08,Q5,-0.006445104521685452
8127,turnover_mean_20,2025-09-09,Q5,0.017759394586246202
8128,turnover_mean_20,2025-09-10,Q5,0.045966460422487865
8129,turnover_mean_20,2025-09-11,Q5,0.011442447939253919
8130,turnover_mean_20,2025-09-12,Q5,0.020597079709145705
8131,turnover_mean_20,2025-09-15,Q5,0.021232945266998093
8132,turnover_mean_20,2025-09-16,Q5,0.024605279068427632
8133,turnover_mean_20,2025-09-17,Q5,0.05077639641116721
8134,turnover_mean_20,2025-09-18,Q5,0.09938425426454
8135,turnover_mean_20,2025-09-19,Q5,0.08222495951796782
8136,turnover_mean_20,2025-09-22,Q5,0.17891640601041936
8137,turnover_mean_20,2025-09-23,Q5,0.21576244130946598
8138,turnover_mean_20,2025-09-24,Q5,0.12806567106795175
8139,turnover_mean_20,2025-09-25,Q5,0.1462162998000932
8140,turnover_mean_20,2025-09-26,Q5,0.19888031493358438
8141,turnover_mean_20,2025-09-29,Q5,0.2124747053739569
8142,turnover_mean_20,2025-09-30,Q5,0.06850220894179676
8143,turnover_mean_20,2025-10-09,Q5,-0.006117545236717203
8144,turnover_mean_20,2025-10-10,Q5,-0.04299271125322224
8145,turnover_mean_20,2025-10-13,Q5,-0.08558333475753416
8146,turnover_mean_20,2025-10-14,Q5,-0.04168292249417399
8147,turnover_mean_20,2025-10-15,Q5,-0.00849116000585759
8148,turnover_mean_20,2025-10-16,Q5,0.09827042429973887
8149,turnover_mean_20,2025-10-17,Q5,0.08139979469462755
8150,turnover_mean_20,2025-10-20,Q5,0.07075231099501644
8151,turnover_mean_20,2025-10-21,Q5,0.0358391959276822
8152,turnover_mean_20,2025-10-22,Q5,0.04000883441757258
8153,turnover_mean_20,2025-10-23,Q5,-0.06716285548885226
8154,turnover_mean_20,2025-10-24,Q5,-0.009302628797552948
8155,turnover_mean_20,2025-10-27,Q5,-0.0011316041209421535
8156,turnover_mean_20,2025-10-28,Q5,-0.06237713880625484
8157,turnover_mean_20,2025-10-29,Q5,-0.06746841151995114
8158,turnover_mean_20,2025-10-30,Q5,-0.051123438107953056
8159,turnover_mean_20,2025-10-31,Q5,-0.06446524769750622
8160,turnover_mean_20,2025-11-03,Q5,-0.04788854157208261
8161,turnover_mean_20,2025-11-04,Q5,-0.011075528249068656
8162,turnover_mean_20,2025-11-05,Q5,-0.028398622242395144
8163,turnover_mean_20,2025-11-06,Q5,-0.027771461193170366
8164,turnover_mean_20,2025-11-07,Q5,-0.012932195027123727
8165,turnover_mean_20,2025-11-10,Q5,0.002380581785512481
8166,turnover_mean_20,2025-11-11,Q5,-0.020823497480955633
8167,turnover_mean_20,2025-11-12,Q5,-0.050200956236441774
8168,turnover_mean_20,2025-11-13,Q5,-0.0041426113258782316
8169,turnover_mean_20,2025-11-14,Q5,-0.06144315113976567
8170,turnover_mean_20,2025-11-17,Q5,-0.07584388967179623
8171,turnover_mean_20,2025-11-18,Q5,-0.04608670196948883
8172,turnover_mean_20,2025-11-19,Q5,-0.006678930068490241
8173,turnover_mean_20,2025-11-20,Q5,-0.024831235917074423
8174,turnover_mean_20,2025-11-21,Q5,0.03821194877306289
8175,turnover_mean_20,2025-11-24,Q5,0.08042533596921075
8176,turnover_mean_20,2025-11-25,Q5,0.07130146728421483
8177,turnover_mean_20,2025-11-26,Q5,0.03909802884767416
8178,turnover_mean_20,2025-11-27,Q5,0.01018937718841112
8179,turnover_mean_20,2025-11-28,Q5,-0.009237083510598265
8180,turnover_mean_20,2025-12-01,Q5,-0.05314268497663238
8181,turnover_mean_20,2025-12-02,Q5,-0.05483470540305346
8182,turnover_mean_20,2025-12-03,Q5,-0.02501950370095435
8183,turnover_mean_20,2025-12-04,Q5,-0.019622289599550702
8184,turnover_mean_20,2025-12-05,Q5,0.003921289923762561
8185,turnover_mean_20,2025-12-08,Q5,0.06400568586304412
8186,turnover_mean_20,2025-12-09,Q5,0.07365927413330853
8187,turnover_mean_20,2025-12-10,Q5,0.04343270102482982
8188,turnover_mean_20,2025-12-11,Q5,0.0629745649190141
8189,turnover_mean_20,2025-12-12,Q5,0.0603322320338715
8190,turnover_mean_20,2025-12-15,Q5,0.013050804786401082
8191,turnover_mean_20,2025-12-16,Q5,-0.02560864812182545
8192,turnover_mean_20,2025-12-17,Q5,-0.008008505235138963
8193,turnover_mean_20,2025-12-18,Q5,-0.005604830824975593
8194,turnover_mean_20,2025-12-19,Q5,-0.02858445186860553
8195,turnover_mean_20,2025-12-22,Q5,-0.03668697898096668
8196,turnover_mean_20,2025-12-23,Q5,-0.026205539855939763
8197,turnover_mean_20,2025-12-24,Q5,-0.026808898221684307
8198,turnover_mean_20,2025-12-25,Q5,-0.005905463489252805
8199,turnover_mean_20,2025-12-26,Q5,0.01594686615075891
8200,turnover_mean_20,2025-12-29,Q5,0.00510716091226554
8201,turnover_mean_20,2025-12-30,Q5,0.0535388526918299
8202,turnover_mean_20,2025-12-31,Q5,0.06567601670393164
8203,turnover_mean_20,2026-01-05,Q5,0.028875169356047725
8204,turnover_mean_20,2026-01-06,Q5,0.003014670567120792
8205,turnover_mean_20,2026-01-07,Q5,-0.0033587406400654163
8206,turnover_mean_20,2026-01-08,Q5,-0.04169743027912853
8207,turnover_mean_20,2026-01-09,Q5,-0.04748842434617706
8208,turnover_mean_20,2026-01-12,Q5,-0.034364986042011714
8209,turnover_mean_20,2026-01-13,Q5,-0.023514139898214714
8210,turnover_mean_20,2026-01-14,Q5,0.000983981960833713
8211,turnover_mean_20,2026-01-15,Q5,0.03600032149426802
8212,turnover_mean_20,2026-01-16,Q5,0.04384205810805619
8213,turnover_mean_20,2026-01-19,Q5,0.030676536450572334
8214,turnover_mean_20,2026-01-20,Q5,0.03186746153549758
8215,turnover_mean_20,2026-01-21,Q5,0.0030859041585064584
8216,turnover_mean_20,2026-01-22,Q5,-0.03570649771286677
8217,turnover_mean_20,2026-01-23,Q5,-0.05717503197420626
8218,turnover_mean_20,2026-01-26,Q5,-0.08036007136666268
8219,turnover_mean_20,2026-01-27,Q5,-0.048214276315530435
8220,turnover_mean_20,2026-01-28,Q5,-0.023069116049879712
8221,turnover_mean_20,2026-01-29,Q5,-0.043467781597342325
8222,turnover_mean_20,2026-01-30,Q5,-0.016625875359414843
8223,turnover_mean_20,2026-02-02,Q5,0.0642347132096367
8224,turnover_mean_20,2026-02-03,Q5,0.0396689246042734
8225,turnover_mean_20,2026-02-04,Q5,0.002312898655724649
8226,turnover_mean_20,2026-02-05,Q5,0.010878011092900208
8227,turnover_mean_20,2026-02-06,Q5,0.011615283360639883
8228,turnover_mean_20,2026-02-09,Q5,-0.008934210389147157
8229,turnover_mean_20,2026-02-10,Q5,0.015595396870103584
8230,turnover_mean_20,2026-02-11,Q5,-0.007157433204034724
8231,turnover_mean_20,2026-02-12,Q5,-0.00378225139060534
8232,turnover_mean_20,2026-02-13,Q5,-0.04811372617991222
8233,turnover_mean_20,2026-02-24,Q5,-0.06370208096806157
8234,turnover_mean_20,2026-02-25,Q5,-0.0958512433784664
8235,turnover_mean_20,2026-02-26,Q5,-0.010445977755262181
8236,turnover_mean_20,2026-02-27,Q5,-0.025245462199133706
8237,turnover_mean_20,2026-03-02,Q5,-0.020526322705006705
8238,turnover_mean_20,2026-03-03,Q5,0.05912697325428029
8239,turnover_mean_20,2026-03-04,Q5,0.04261702928399824
8240,turnover_mean_20,2026-03-05,Q5,0.041459136745291225
8241,turnover_mean_20,2026-03-06,Q5,0.01892428182108219
8242,turnover_mean_20,2026-03-09,Q5,0.029679924944255698
8243,turnover_mean_20,2026-03-10,Q5,0.01224415788088351
8244,turnover_mean_20,2026-03-11,Q5,0.006965553771276001
8245,turnover_mean_20,2026-03-12,Q5,-0.015639725637852542
8246,turnover_mean_20,2026-03-13,Q5,-0.02080155333774031
8247,turnover_mean_20,2026-03-16,Q5,-0.0765599987905693
8248,turnover_mean_20,2026-03-17,Q5,-0.0624563297315201
8249,turnover_mean_20,2026-03-18,Q5,-0.06806337760870695
8250,turnover_mean_20,2026-03-19,Q5,-0.04967379843398878
8251,turnover_mean_20,2026-03-20,Q5,-0.028916353493482372
8252,turnover_mean_20,2026-03-23,Q5,0.018264822286715
8253,turnover_mean_20,2026-03-24,Q5,-0.03249099449154974
8254,turnover_mean_20,2026-03-25,Q5,-0.01954746312243738
8255,turnover_mean_20,2026-03-26,Q5,-0.024997696961642724
8256,turnover_mean_20,2026-03-27,Q5,-0.07957356701218604
8257,turnover_mean_20,2026-03-30,Q5,-0.06576512646593974
8258,turnover_mean_20,2026-03-31,Q5,-0.06771045449989921
8259,turnover_mean_20,2026-04-01,Q5,-0.0699794932709476
8260,turnover_mean_20,2026-04-02,Q5,-0.02942887021244789
8261,turnover_mean_20,2026-04-03,Q5,0.025943841530364664
8262,turnover_mean_20,2026-04-07,Q5,0.04126459274485139
8263,turnover_mean_20,2026-04-08,Q5,-0.007489337409721242
8264,turnover_mean_20,2026-04-09,Q5,0.003521631320580809
8265,turnover_mean_20,2026-04-10,Q5,-0.008763926502716624
8266,turnover_mean_20,2026-04-13,Q5,0.015494521631187808
8267,turnover_mean_20,2026-04-14,Q5,0.040833164161196756
8268,turnover_mean_20,2026-04-15,Q5,0.05766742022201066
8269,turnover_mean_20,2026-04-16,Q5,0.011465761621854198
8270,turnover_mean_20,2026-04-17,Q5,0.006971386347630226
8271,turnover_mean_20,2026-04-20,Q5,-0.03055659427741486
8272,turnover_mean_20,2026-04-21,Q5,-0.03459532923398945
8273,turnover_mean_20,2026-04-22,Q5,-0.01280737674883442
8274,turnover_mean_20,2026-04-23,Q5,0.0027164845696134865
8275,capital_flow_strength,2025-01-21,Q1,-0.04117651546702661
8276,capital_flow_strength,2025-01-22,Q1,-0.01800715725139379
8277,capital_flow_strength,2025-01-23,Q1,0.022249728279448933
8278,capital_flow_strength,2025-01-24,Q1,0.04691347442846072
8279,capital_flow_strength,2025-01-27,Q1,0.030864196077313943
8280,capital_flow_strength,2025-02-05,Q1,0.040490790080008
8281,capital_flow_strength,2025-02-06,Q1,0.03911976563396258
8282,capital_flow_strength,2025-02-07,Q1,0.033857281435617725
8283,capital_flow_strength,2025-02-10,Q1,0.012971770788864134
8284,capital_flow_strength,2025-02-11,Q1,-0.004790414374326812
8285,capital_flow_strength,2025-02-12,Q1,-0.02004706742882645
8286,capital_flow_strength,2025-02-13,Q1,-0.020000008975758266
8287,capital_flow_strength,2025-02-14,Q1,-0.03391812343668521
8288,capital_flow_strength,2025-02-17,Q1,-0.02677537739523239
8289,capital_flow_strength,2025-02-18,Q1,-0.002406793833181875
8290,capital_flow_strength,2025-02-19,Q1,0.01925389161646862
8291,capital_flow_strength,2025-02-20,Q1,0.019207664931277124
8292,capital_flow_strength,2025-02-21,Q1,0.006053291688786322
8293,capital_flow_strength,2025-02-24,Q1,-0.009569369257348859
8294,capital_flow_strength,2025-02-25,Q1,0.002412600465103276
8295,capital_flow_strength,2025-02-26,Q1,-0.03305793126541767
8296,capital_flow_strength,2025-02-27,Q1,-0.01766780006762214
8297,capital_flow_strength,2025-02-28,Q1,-0.01444053347459806
8298,capital_flow_strength,2025-03-03,Q1,-0.007246312545574507
8299,capital_flow_strength,2025-03-04,Q1,0.007220151975052547
8300,capital_flow_strength,2025-03-05,Q1,0.02564103161250042
8301,capital_flow_strength,2025-03-06,Q1,0.003597090218503407
8302,capital_flow_strength,2025-03-07,Q1,0.03540903256547612
8303,capital_flow_strength,2025-03-10,Q1,0.03771282918150498
8304,capital_flow_strength,2025-03-11,Q1,0.01075270654939553
8305,capital_flow_strength,2025-03-12,Q1,0.00952380087370197
8306,capital_flow_strength,2025-03-13,Q1,0.022700183590853795
8307,capital_flow_strength,2025-03-14,Q1,0.004717089349841386
8308,capital_flow_strength,2025-03-17,Q1,-0.028135964669551816
8309,capital_flow_strength,2025-03-18,Q1,-0.015366443718053735
8310,capital_flow_strength,2025-03-19,Q1,-0.005896136764101945
8311,capital_flow_strength,2025-03-20,Q1,-0.004672892510771409
8312,capital_flow_strength,2025-03-21,Q1,-0.015258228574677846
8313,capital_flow_strength,2025-03-24,Q1,0.003618785658532797
8314,capital_flow_strength,2025-03-25,Q1,0.020408172611160236
8315,capital_flow_strength,2025-03-26,Q1,0.001186153599707529
8316,capital_flow_strength,2025-03-27,Q1,0.001173623787591227
8317,capital_flow_strength,2025-03-28,Q1,-0.08462461095716045
8318,capital_flow_strength,2025-03-31,Q1,-0.09735570861213794
8319,capital_flow_strength,2025-04-01,Q1,-0.07999997980454387
8320,capital_flow_strength,2025-04-02,Q1,-0.05450232040046188
8321,capital_flow_strength,2025-04-03,Q1,-0.07502929501999756
8322,capital_flow_strength,2025-04-07,Q1,0.042968803114491694
8323,capital_flow_strength,2025-04-08,Q1,0.05725696607637065
8324,capital_flow_strength,2025-04-09,Q1,0.006393825166257416
8325,capital_flow_strength,2025-04-10,Q1,0.00375942477902802
8326,capital_flow_strength,2025-04-11,Q1,0.03802277807025267
8327,capital_flow_strength,2025-04-14,Q1,0.026217232477693475
8328,capital_flow_strength,2025-04-15,Q1,0.05793445314795709
8329,capital_flow_strength,2025-04-16,Q1,0.06734431266558283
8330,capital_flow_strength,2025-04-17,Q1,0.046192244068229193
8331,capital_flow_strength,2025-04-18,Q1,0.023199089596134703
8332,capital_flow_strength,2025-04-21,Q1,-0.019464700999327622
8333,capital_flow_strength,2025-04-22,Q1,-0.02142849519949841
8334,capital_flow_strength,2025-04-23,Q1,-0.014285701310552956
8335,capital_flow_strength,2025-04-24,Q1,-0.008353185425808207
8336,capital_flow_strength,2025-04-25,Q1,0.008353185425808096
8337,capital_flow_strength,2025-04-28,Q1,0.04342424436400405
8338,capital_flow_strength,2025-04-29,Q1,0.020681273816478107
8339,capital_flow_strength,2025-04-30,Q1,0.006038670573352833
8340,capital_flow_strength,2025-05-06,Q1,0.007220151975052547
8341,capital_flow_strength,2025-05-07,Q1,-0.002366805271099115
8342,capital_flow_strength,2025-05-08,Q1,-0.003567150239654593
8343,capital_flow_strength,2025-05-09,Q1,0.002383731021569302
8344,capital_flow_strength,2025-05-12,Q1,0.04561826145513992
8345,capital_flow_strength,2025-05-13,Q1,0.03584231718478992
8346,capital_flow_strength,2025-05-14,Q1,0.016607281682123
8347,capital_flow_strength,2025-05-15,Q1,0.013126450498215148
8348,capital_flow_strength,2025-05-16,Q1,-0.015457802235385398
8349,capital_flow_strength,2025-05-19,Q1,-0.03903560862213551
8350,capital_flow_strength,2025-05-20,Q1,-0.01153406927217382
8351,capital_flow_strength,2025-05-21,Q1,-0.012835432974831917
8352,capital_flow_strength,2025-05-22,Q1,0.007067187424528942
8353,capital_flow_strength,2025-05-23,Q1,0.039855064534843665
8354,capital_flow_strength,2025-05-26,Q1,0.025089610635394388
8355,capital_flow_strength,2025-05-27,Q1,0.0035006636772259014
8356,capital_flow_strength,2025-05-28,Q1,0.009456255714577644
8357,capital_flow_strength,2025-05-29,Q1,0.007017481240222834
8358,capital_flow_strength,2025-05-30,Q1,-0.0023228228672280693
8359,capital_flow_strength,2025-06-03,Q1,0.0011655278520696921
8360,capital_flow_strength,2025-06-04,Q1,0.017441815334505728
8361,capital_flow_strength,2025-06-05,Q1,0.009367672606955812
8362,capital_flow_strength,2025-06-06,Q1,-0.018583025992112034
8363,capital_flow_strength,2025-06-09,Q1,-0.01164148774078888
8364,capital_flow_strength,2025-06-10,Q1,-0.01047731676241892
8365,capital_flow_strength,2025-06-11,Q1,-0.046857125418526824
8366,capital_flow_strength,2025-06-12,Q1,-0.04872390740950738
8367,capital_flow_strength,2025-06-13,Q1,-0.028402340418400063
8368,capital_flow_strength,2025-06-16,Q1,-0.025912758455294727
8369,capital_flow_strength,2025-06-17,Q1,-0.0023529950310202663
8370,capital_flow_strength,2025-06-18,Q1,0.025179860228397022
8371,capital_flow_strength,2025-06-19,Q1,0.030487805587205763
8372,capital_flow_strength,2025-06-20,Q1,0.028014560434550306
8373,capital_flow_strength,2025-06-23,Q1,0.021765337549949804
8374,capital_flow_strength,2025-06-24,Q1,-0.005896136764101945
8375,capital_flow_strength,2025-06-25,Q1,-0.01286556817516371
8376,capital_flow_strength,2025-06-26,Q1,-0.0011834590659837163
8377,capital_flow_strength,2025-06-27,Q1,-0.009478664417471583
8378,capital_flow_strength,2025-06-30,Q1,0.020118352678250462
8379,capital_flow_strength,2025-07-01,Q1,0.03914589700589266
8380,capital_flow_strength,2025-07-02,Q1,0.04265410287321525
8381,capital_flow_strength,2025-07-03,Q1,0.06990523482479793
8382,capital_flow_strength,2025-07-04,Q1,0.0657894992011836
8383,capital_flow_strength,2025-07-07,Q1,0.022041825589339314
8384,capital_flow_strength,2025-07-08,Q1,0.0034246269620270553
8385,capital_flow_strength,2025-07-09,Q1,-0.004545450112051319
8386,capital_flow_strength,2025-07-10,Q1,-0.03654484313007533
8387,capital_flow_strength,2025-07-11,Q1,-0.024691388417106164
8388,capital_flow_strength,2025-07-14,Q1,-0.009080689395001396
8389,capital_flow_strength,2025-07-15,Q1,-0.0022752564477985793
8390,capital_flow_strength,2025-07-16,Q1,-0.007990941400633944
8391,capital_flow_strength,2025-07-17,Q1,0.017241445458981097
8392,capital_flow_strength,2025-07-18,Q1,0.012658298695419568
8393,capital_flow_strength,2025-07-21,Q1,0.0057273990099264704
8394,capital_flow_strength,2025-07-22,Q1,0.009121997665944681
8395,capital_flow_strength,2025-07-23,Q1,0.010356749934839593
8396,capital_flow_strength,2025-07-24,Q1,-0.04293786418773138
8397,capital_flow_strength,2025-07-25,Q1,-0.03636370926848953
8398,capital_flow_strength,2025-07-28,Q1,-0.03416858768324149
8399,capital_flow_strength,2025-07-29,Q1,-0.03502829449202993
8400,capital_flow_strength,2025-07-30,Q1,-0.02277902224917905
8401,capital_flow_strength,2025-07-31,Q1,0.028335273146615103
8402,capital_flow_strength,2025-08-01,Q1,0.024764156778667834
8403,capital_flow_strength,2025-08-04,Q1,0.12735860090572082
8404,capital_flow_strength,2025-08-05,Q1,0.2318501762008227
8405,capital_flow_strength,2025-08-06,Q1,0.18065270448922743
8406,capital_flow_strength,2025-08-07,Q1,0.18254881120829003
8407,capital_flow_strength,2025-08-08,Q1,0.15650180391511315
8408,capital_flow_strength,2025-08-11,Q1,0.06485354166793433
8409,capital_flow_strength,2025-08-12,Q1,-0.031368903328975906
8410,capital_flow_strength,2025-08-13,Q1,-0.021717696401126863
8411,capital_flow_strength,2025-08-14,Q1,-0.07669902400231543
8412,capital_flow_strength,2025-08-15,Q1,-0.06368162499268137
8413,capital_flow_strength,2025-08-18,Q1,-0.06286840119222403
8414,capital_flow_strength,2025-08-19,Q1,-0.061825239127527465
8415,capital_flow_strength,2025-08-20,Q1,-0.08779010080270311
8416,capital_flow_strength,2025-08-21,Q1,-0.044164044814468784
8417,capital_flow_strength,2025-08-22,Q1,-0.039319860952052754
8418,capital_flow_strength,2025-08-25,Q1,-0.0429769233806655
8419,capital_flow_strength,2025-08-26,Q1,-0.05648534917895731
8420,capital_flow_strength,2025-08-27,Q1,-0.023230092813399383
8421,capital_flow_strength,2025-08-28,Q1,-0.0242024492118601
8422,capital_flow_strength,2025-08-29,Q1,-0.0011062200137206268
8423,capital_flow_strength,2025-09-01,Q1,-0.0010953153073918198
8424,capital_flow_strength,2025-09-02,Q1,0.008869170692469064
8425,capital_flow_strength,2025-09-03,Q1,0.03963764263803382
8426,capital_flow_strength,2025-09-04,Q1,0.03382189341662589
8427,capital_flow_strength,2025-09-05,Q1,0.022148373774018904
8428,capital_flow_strength,2025-09-08,Q1,0.005482477123057272
8429,capital_flow_strength,2025-09-09,Q1,0.015384547668098714
8430,capital_flow_strength,2025-09-10,Q1,0.022875820388434276
8431,capital_flow_strength,2025-09-11,Q1,-0.002181074983344522
8432,capital_flow_strength,2025-09-12,Q1,-0.0032502420865692105
8433,capital_flow_strength,2025-09-15,Q1,-0.016357646377566426
8434,capital_flow_strength,2025-09-16,Q1,-0.03138527803425839
8435,capital_flow_strength,2025-09-17,Q1,-0.026624067184169542
8436,capital_flow_strength,2025-09-18,Q1,-0.009835978433410109
8437,capital_flow_strength,2025-09-19,Q1,-0.010869503246587309
8438,capital_flow_strength,2025-09-22,Q1,0.0077604979236967075
8439,capital_flow_strength,2025-09-23,Q1,0.03910618870711069
8440,capital_flow_strength,2025-09-24,Q1,-0.0010941169043983123
8441,capital_flow_strength,2025-09-25,Q1,0.05077262879049993
8442,capital_flow_strength,2025-09-26,Q1,0.082417578962658
8443,capital_flow_strength,2025-09-29,Q1,0.07700767849446621
8444,capital_flow_strength,2025-09-30,Q1,0.012903213236342914
8445,capital_flow_strength,2025-10-09,Q1,0.10076671026967254
8446,capital_flow_strength,2025-10-10,Q1,0.0252100587791928
8447,capital_flow_strength,2025-10-13,Q1,-0.014213232274196574
8448,capital_flow_strength,2025-10-14,Q1,0.024514787748041833
8449,capital_flow_strength,2025-10-15,Q1,0.09023358541246829
8450,capital_flow_strength,2025-10-16,Q1,0.12437810709221475
8451,capital_flow_strength,2025-10-17,Q1,0.06045083388850325
8452,capital_flow_strength,2025-10-20,Q1,0.035015463568708105
8453,capital_flow_strength,2025-10-21,Q1,0.10269199542046148
8454,capital_flow_strength,2025-10-22,Q1,0.08763384405206254
8455,capital_flow_strength,2025-10-23,Q1,-0.028318640982051613
8456,capital_flow_strength,2025-10-24,Q1,0.07826081508099048
8457,capital_flow_strength,2025-10-27,Q1,0.06766162573094858
8458,capital_flow_strength,2025-10-28,Q1,-0.05605793993766284
8459,capital_flow_strength,2025-10-29,Q1,-0.06356311846888918
8460,capital_flow_strength,2025-10-30,Q1,-0.061930726762395416
8461,capital_flow_strength,2025-10-31,Q1,-0.0887096581231347
8462,capital_flow_strength,2025-11-03,Q1,-0.057781911650469864
8463,capital_flow_strength,2025-11-04,Q1,-0.016283441518432307
8464,capital_flow_strength,2025-11-05,Q1,-0.010516219529262294
8465,capital_flow_strength,2025-11-06,Q1,-0.007766982740254447
8466,capital_flow_strength,2025-11-07,Q1,0.02261549070903679
8467,capital_flow_strength,2025-11-10,Q1,0.03165189509053912
8468,capital_flow_strength,2025-11-11,Q1,-0.008763402977246648
8469,capital_flow_strength,2025-11-12,Q1,-0.04927538261688591
8470,capital_flow_strength,2025-11-13,Q1,-0.02544033484232222
8471,capital_flow_strength,2025-11-14,Q1,-0.0865384280328908
8472,capital_flow_strength,2025-11-17,Q1,-0.07382554508474626
8473,capital_flow_strength,2025-11-18,Q1,-0.024557956041798334
8474,capital_flow_strength,2025-11-19,Q1,0.0010162834071913984
8475,capital_flow_strength,2025-11-20,Q1,0.001004039040515492
8476,capital_flow_strength,2025-11-21,Q1,0.04421053434673117
8477,capital_flow_strength,2025-11-24,Q1,0.0020704407949891923
8478,capital_flow_strength,2025-11-25,Q1,-0.032225643369994894
8479,capital_flow_strength,2025-11-26,Q1,-0.03451778065181754
8480,capital_flow_strength,2025-11-27,Q1,-0.06218654653495315
8481,capital_flow_strength,2025-11-28,Q1,-0.049395137837662695
8482,capital_flow_strength,2025-12-01,Q1,-0.030991754264145688
8483,capital_flow_strength,2025-12-02,Q1,-0.035379730599400694
8484,capital_flow_strength,2025-12-03,Q1,-0.0094637382147017
8485,capital_flow_strength,2025-12-04,Q1,-0.02566852566852562
8486,capital_flow_strength,2025-12-05,Q1,-0.049840959895923076
8487,capital_flow_strength,2025-12-08,Q1,-0.03731347304899135
8488,capital_flow_strength,2025-12-09,Q1,-0.039913788669074024
8489,capital_flow_strength,2025-12-10,Q1,-0.05414015124748095
8490,capital_flow_strength,2025-12-11,Q1,-0.01975843669429045
8491,capital_flow_strength,2025-12-12,Q1,0.02343750415768997
8492,capital_flow_strength,2025-12-15,Q1,0.00553711984644889
8493,capital_flow_strength,2025-12-16,Q1,0.008988755857864295
8494,capital_flow_strength,2025-12-17,Q1,0.00897866723637386
8495,capital_flow_strength,2025-12-18,Q1,0.014557683090511198
8496,capital_flow_strength,2025-12-19,Q1,-0.014176675393601235
8497,capital_flow_strength,2025-12-22,Q1,-0.016519781915267928
8498,capital_flow_strength,2025-12-23,Q1,-0.013363016890443835
8499,capital_flow_strength,2025-12-24,Q1,0.0022247450804089297
8500,capital_flow_strength,2025-12-25,Q1,-0.002207555942311812
8501,capital_flow_strength,2025-12-26,Q1,0.0033185545462151023
8502,capital_flow_strength,2025-12-29,Q1,0.00111973962662959
8503,capital_flow_strength,2025-12-30,Q1,0.022573450416414564
8504,capital_flow_strength,2025-12-31,Q1,0.00998891790250922
8505,capital_flow_strength,2026-01-05,Q1,-0.0011062200137206268
8506,capital_flow_strength,2026-01-06,Q1,-0.01874311819337282
8507,capital_flow_strength,2026-01-07,Q1,-0.019015562706809486
8508,capital_flow_strength,2026-01-08,Q1,-0.03642393621371731
8509,capital_flow_strength,2026-01-09,Q1,-0.054945052641772074
8510,capital_flow_strength,2026-01-12,Q1,-0.027685493620467794
8511,capital_flow_strength,2026-01-13,Q1,-0.0056178920453485715
8512,capital_flow_strength,2026-01-14,Q1,0.019384163483040284
8513,capital_flow_strength,2026-01-15,Q1,0.03665528811889973
8514,capital_flow_strength,2026-01-16,Q1,0.05581389778430412
8515,capital_flow_strength,2026-01-19,Q1,0.023918000516374383
8516,capital_flow_strength,2026-01-20,Q1,0.0
8517,capital_flow_strength,2026-01-21,Q1,-0.008948537747316632
8518,capital_flow_strength,2026-01-22,Q1,0.0066297751025252705
8519,capital_flow_strength,2026-01-23,Q1,-0.019823822322491025
8520,capital_flow_strength,2026-01-26,Q1,-0.027808677015005667
8521,capital_flow_strength,2026-01-27,Q1,0.0
8522,capital_flow_strength,2026-01-28,Q1,0.03273137393797443
8523,capital_flow_strength,2026-01-29,Q1,0.0021954400128887386
8524,capital_flow_strength,2026-01-30,Q1,0.017977618870150813
8525,capital_flow_strength,2026-02-02,Q1,0.06178489427854328
8526,capital_flow_strength,2026-02-03,Q1,0.036158156048697876
8527,capital_flow_strength,2026-02-04,Q1,0.008743161425279311
8528,capital_flow_strength,2026-02-05,Q1,-0.009857628856492329
8529,capital_flow_strength,2026-02-06,Q1,-0.002207555942311812
8530,capital_flow_strength,2026-02-09,Q1,-0.022629315106643455
8531,capital_flow_strength,2026-02-10,Q1,0.008724091934619427
8532,capital_flow_strength,2026-02-11,Q1,-0.03466952445229332
8533,capital_flow_strength,2026-02-12,Q1,-0.01659287822602229
8534,capital_flow_strength,2026-02-13,Q1,-0.047566405640519394
8535,capital_flow_strength,2026-02-24,Q1,-0.07828005094114099
8536,capital_flow_strength,2026-02-25,Q1,-0.09945946770745351
8537,capital_flow_strength,2026-02-26,Q1,-0.06285067065461658
8538,capital_flow_strength,2026-02-27,Q1,-0.03712034993945934
8539,capital_flow_strength,2026-03-02,Q1,-0.019744492807512115
8540,capital_flow_strength,2026-03-03,Q1,0.026315822495649455
8541,capital_flow_strength,2026-03-04,Q1,0.03001200507679891
8542,capital_flow_strength,2026-03-05,Q1,0.01916165749730747
8543,capital_flow_strength,2026-03-06,Q1,0.0035046415304422762
8544,capital_flow_strength,2026-03-09,Q1,0.03317543845574367
8545,capital_flow_strength,2026-03-10,Q1,0.03729600205940309
8546,capital_flow_strength,2026-03-11,Q1,0.052447530683748855
8547,capital_flow_strength,2026-03-12,Q1,0.05405405708284139
8548,capital_flow_strength,2026-03-13,Q1,0.01513388965444351
8549,capital_flow_strength,2026-03-16,Q1,-0.06880738108901074
8550,capital_flow_strength,2026-03-17,Q1,-0.03932578008955112
8551,capital_flow_strength,2026-03-18,Q1,-0.042081962976524334
8552,capital_flow_strength,2026-03-19,Q1,-0.03678928805822235
8553,capital_flow_strength,2026-03-20,Q1,-0.013761454344538682
8554,capital_flow_strength,2026-03-23,Q1,0.0480295996082889
8555,capital_flow_strength,2026-03-24,Q1,0.004678358007099481
8556,capital_flow_strength,2026-03-25,Q1,-0.008092450625577285
8557,capital_flow_strength,2026-03-26,Q1,-0.027777860562003376
8558,capital_flow_strength,2026-03-27,Q1,-0.05348837415613683
8559,capital_flow_strength,2026-03-30,Q1,-0.032902547487040246
8560,capital_flow_strength,2026-03-31,Q1,0.0
8561,capital_flow_strength,2026-04-01,Q1,-0.025641056991266398
8562,capital_flow_strength,2026-04-02,Q1,-0.0011903899597163203
8563,capital_flow_strength,2026-04-03,Q1,0.029484000122314002
8564,capital_flow_strength,2026-04-07,Q1,0.02916169357735665
8565,capital_flow_strength,2026-04-08,Q1,-0.03259601024417169
8566,capital_flow_strength,2026-04-09,Q1,0.0035885990284156843
8567,capital_flow_strength,2026-04-10,Q1,0.014302727133328919
8568,capital_flow_strength,2026-04-13,Q1,0.005966609791412836
8569,capital_flow_strength,2026-04-14,Q1,-0.011806420108273041
8570,capital_flow_strength,2026-04-15,Q1,0.013237021795760695
8571,capital_flow_strength,2026-04-16,Q1,0.002383731021569302
8572,capital_flow_strength,2026-04-17,Q1,-0.008225692904327064
8573,capital_flow_strength,2026-04-20,Q1,0.004744953784695527
8574,capital_flow_strength,2026-04-21,Q1,-0.011947363101873054
8575,capital_flow_strength,2026-04-22,Q1,-0.041567740890541494
8576,capital_flow_strength,2026-04-23,Q1,-0.04042808070829085
8577,capital_flow_strength,2025-01-21,Q2,-0.021372147056960222
8578,capital_flow_strength,2025-01-22,Q2,0.017979704321530898
8579,capital_flow_strength,2025-01-23,Q2,0.03457240163212727
8580,capital_flow_strength,2025-01-24,Q2,0.04085603961125339
8581,capital_flow_strength,2025-01-27,Q2,0.052253435662626524
8582,capital_flow_strength,2025-02-05,Q2,0.0589244589794885
8583,capital_flow_strength,2025-02-06,Q2,0.03439301891090507
8584,capital_flow_strength,2025-02-07,Q2,0.01903663423189239
8585,capital_flow_strength,2025-02-10,Q2,0.022875822819998004
8586,capital_flow_strength,2025-02-11,Q2,0.012250084565231356
8587,capital_flow_strength,2025-02-12,Q2,0.03887269423973472
8588,capital_flow_strength,2025-02-13,Q2,0.02104399842722754
8589,capital_flow_strength,2025-02-14,Q2,0.026082684021308977
8590,capital_flow_strength,2025-02-17,Q2,0.01880313393816041
8591,capital_flow_strength,2025-02-18,Q2,0.03222297352529929
8592,capital_flow_strength,2025-02-19,Q2,0.0011223352008429832
8593,capital_flow_strength,2025-02-20,Q2,0.006888608704694654
8594,capital_flow_strength,2025-02-21,Q2,-0.0337653492934491
8595,capital_flow_strength,2025-02-24,Q2,-0.028531033029623343
8596,capital_flow_strength,2025-02-25,Q2,-0.01666404574877889
8597,capital_flow_strength,2025-02-26,Q2,-0.0365841721248506
8598,capital_flow_strength,2025-02-27,Q2,-0.02167911616872925
8599,capital_flow_strength,2025-02-28,Q2,-4.41891442917175e-05
8600,capital_flow_strength,2025-03-03,Q2,-0.009337962512724451
8601,capital_flow_strength,2025-03-04,Q2,-0.0038613162226697195
8602,capital_flow_strength,2025-03-05,Q2,0.001865826942105464
8603,capital_flow_strength,2025-03-06,Q2,-0.01921003052522624
8604,capital_flow_strength,2025-03-07,Q2,0.007746157456572367
8605,capital_flow_strength,2025-03-10,Q2,0.011266794849609352
8606,capital_flow_strength,2025-03-11,Q2,0.0029069322582984114
8607,capital_flow_strength,2025-03-12,Q2,-0.009968281049070105
8608,capital_flow_strength,2025-03-13,Q2,0.009025262213099405
8609,capital_flow_strength,2025-03-14,Q2,-0.014637871571208827
8610,capital_flow_strength,2025-03-17,Q2,-0.04457789334851392
8611,capital_flow_strength,2025-03-18,Q2,-0.0353608651119483
8612,capital_flow_strength,2025-03-19,Q2,-0.022009952833378144
8613,capital_flow_strength,2025-03-20,Q2,-0.03542351475142658
8614,capital_flow_strength,2025-03-21,Q2,-0.0425702913777431
8615,capital_flow_strength,2025-03-24,Q2,-0.03366773207739604
8616,capital_flow_strength,2025-03-25,Q2,-0.035740832829391056
8617,capital_flow_strength,2025-03-26,Q2,-0.043101238364146255
8618,capital_flow_strength,2025-03-27,Q2,0.015360654650443673
8619,capital_flow_strength,2025-03-28,Q2,-0.0673821969709884
8620,capital_flow_strength,2025-03-31,Q2,0.00011805203644349449
8621,capital_flow_strength,2025-04-01,Q2,0.027415759365298553
8622,capital_flow_strength,2025-04-02,Q2,0.07134147554121889
8623,capital_flow_strength,2025-04-03,Q2,0.004019884074027313
8624,capital_flow_strength,2025-04-07,Q2,0.14945650632645413
8625,capital_flow_strength,2025-04-08,Q2,0.051727387105848455
8626,capital_flow_strength,2025-04-09,Q2,0.0036579541432923413
8627,capital_flow_strength,2025-04-10,Q2,-0.045104815677288634
8628,capital_flow_strength,2025-04-11,Q2,-0.049066075864811154
8629,capital_flow_strength,2025-04-14,Q2,-0.0671294695323581
8630,capital_flow_strength,2025-04-15,Q2,-0.039208107776531775
8631,capital_flow_strength,2025-04-16,Q2,-0.02360073687359676
8632,capital_flow_strength,2025-04-17,Q2,-0.025876933213541897
8633,capital_flow_strength,2025-04-18,Q2,-0.011612892150878906
8634,capital_flow_strength,2025-04-21,Q2,-0.03454704248827006
8635,capital_flow_strength,2025-04-22,Q2,-0.03354586990337094
8636,capital_flow_strength,2025-04-23,Q2,-0.0066791857979005
8637,capital_flow_strength,2025-04-24,Q2,0.033009063162773744
8638,capital_flow_strength,2025-04-25,Q2,0.044715235384341745
8639,capital_flow_strength,2025-04-28,Q2,0.06639919362441271
8640,capital_flow_strength,2025-04-29,Q2,0.05948481908636816
8641,capital_flow_strength,2025-04-30,Q2,0.08669056196252678
8642,capital_flow_strength,2025-05-06,Q2,0.04057982996713261
8643,capital_flow_strength,2025-05-07,Q2,0.025517588753221077
8644,capital_flow_strength,2025-05-08,Q2,0.003024716327117205
8645,capital_flow_strength,2025-05-09,Q2,0.01641347850964059
8646,capital_flow_strength,2025-05-12,Q2,-0.029438322302033193
8647,capital_flow_strength,2025-05-13,Q2,-0.011822405823878501
8648,capital_flow_strength,2025-05-14,Q2,-0.004098582020944486
8649,capital_flow_strength,2025-05-15,Q2,-0.0017730479964511159
8650,capital_flow_strength,2025-05-16,Q2,-0.019717427826343115
8651,capital_flow_strength,2025-05-19,Q2,-0.019548433230777373
8652,capital_flow_strength,2025-05-20,Q2,-0.018985565179129915
8653,capital_flow_strength,2025-05-21,Q2,-0.012643219710181897
8654,capital_flow_strength,2025-05-22,Q2,0.008443675145141105
8655,capital_flow_strength,2025-05-23,Q2,0.012227705244748477
8656,capital_flow_strength,2025-05-26,Q2,-0.0007778918201413187
8657,capital_flow_strength,2025-05-27,Q2,0.005970210962572442
8658,capital_flow_strength,2025-05-28,Q2,0.0005245800069274553
8659,capital_flow_strength,2025-05-29,Q2,0.001143263704431463
8660,capital_flow_strength,2025-05-30,Q2,0.02264423019768369
8661,capital_flow_strength,2025-06-03,Q2,0.014814899416611405
8662,capital_flow_strength,2025-06-04,Q2,0.01984942678187529
8663,capital_flow_strength,2025-06-05,Q2,0.006589547643913174
8664,capital_flow_strength,2025-06-06,Q2,-0.013935334778442277
8665,capital_flow_strength,2025-06-09,Q2,-0.02313699365700206
8666,capital_flow_strength,2025-06-10,Q2,-0.0005291307139680956
8667,capital_flow_strength,2025-06-11,Q2,-0.02455698018029573
8668,capital_flow_strength,2025-06-12,Q2,-0.0319638474535362
8669,capital_flow_strength,2025-06-13,Q2,-0.021373221772207462
8670,capital_flow_strength,2025-06-16,Q2,0.014411398461533331
8671,capital_flow_strength,2025-06-17,Q2,0.033188872805830494
8672,capital_flow_strength,2025-06-18,Q2,0.05972226473730169
8673,capital_flow_strength,2025-06-19,Q2,0.07604642917583104
8674,capital_flow_strength,2025-06-20,Q2,0.06847067889785663
8675,capital_flow_strength,2025-06-23,Q2,0.03705538407764086
8676,capital_flow_strength,2025-06-24,Q2,0.021784347254845682
8677,capital_flow_strength,2025-06-25,Q2,0.010505151168894944
8678,capital_flow_strength,2025-06-26,Q2,0.009202521409502507
8679,capital_flow_strength,2025-06-27,Q2,0.007954510603070064
8680,capital_flow_strength,2025-06-30,Q2,0.0095236409970465
8681,capital_flow_strength,2025-07-01,Q2,-5.948717031911688e-06
8682,capital_flow_strength,2025-07-02,Q2,-0.007125289305044746
8683,capital_flow_strength,2025-07-03,Q2,-0.000372240551203884
8684,capital_flow_strength,2025-07-04,Q2,0.010473503704700793
8685,capital_flow_strength,2025-07-07,Q2,0.004719242715895133
8686,capital_flow_strength,2025-07-08,Q2,-0.02063862965452251
8687,capital_flow_strength,2025-07-09,Q2,-0.0157014667639625
8688,capital_flow_strength,2025-07-10,Q2,-0.013938416209065718
8689,capital_flow_strength,2025-07-11,Q2,-0.016183618869653915
8690,capital_flow_strength,2025-07-14,Q2,-0.006809734780680254
8691,capital_flow_strength,2025-07-15,Q2,0.032256034781193876
8692,capital_flow_strength,2025-07-16,Q2,0.029466682682217193
8693,capital_flow_strength,2025-07-17,Q2,0.03336515001850071
8694,capital_flow_strength,2025-07-18,Q2,0.02552541802168573
8695,capital_flow_strength,2025-07-21,Q2,0.025471971077542344
8696,capital_flow_strength,2025-07-22,Q2,0.002997259455253032
8697,capital_flow_strength,2025-07-23,Q2,0.0065235219166889236
8698,capital_flow_strength,2025-07-24,Q2,-0.018537807082685986
8699,capital_flow_strength,2025-07-25,Q2,-0.011926341517561279
8700,capital_flow_strength,2025-07-28,Q2,-0.012585237515286396
8701,capital_flow_strength,2025-07-29,Q2,-0.009100549016865578
8702,capital_flow_strength,2025-07-30,Q2,-0.00801388412384152
8703,capital_flow_strength,2025-07-31,Q2,0.0030606417828974997
8704,capital_flow_strength,2025-08-01,Q2,0.02026485175644044
8705,capital_flow_strength,2025-08-04,Q2,0.02265878449491765
8706,capital_flow_strength,2025-08-05,Q2,0.022925127691695413
8707,capital_flow_strength,2025-08-06,Q2,0.01889249392732384
8708,capital_flow_strength,2025-08-07,Q2,0.0025018216460928056
8709,capital_flow_strength,2025-08-08,Q2,0.00032235284745618653
8710,capital_flow_strength,2025-08-11,Q2,0.0012714710448050726
8711,capital_flow_strength,2025-08-12,Q2,0.004260082795663311
8712,capital_flow_strength,2025-08-13,Q2,0.02481802077644113
8713,capital_flow_strength,2025-08-14,Q2,0.057635742538499235
8714,capital_flow_strength,2025-08-15,Q2,0.04006303352969098
8715,capital_flow_strength,2025-08-18,Q2,0.031383554978775874
8716,capital_flow_strength,2025-08-19,Q2,0.025495376206196352
8717,capital_flow_strength,2025-08-20,Q2,-0.014445033268570218
8718,capital_flow_strength,2025-08-21,Q2,-0.022631569912559102
8719,capital_flow_strength,2025-08-22,Q2,-0.005428381239475477
8720,capital_flow_strength,2025-08-25,Q2,-0.010574004734846543
8721,capital_flow_strength,2025-08-26,Q2,-0.001144704777877037
8722,capital_flow_strength,2025-08-27,Q2,0.00340856996479999
8723,capital_flow_strength,2025-08-28,Q2,0.0007771130650416347
8724,capital_flow_strength,2025-08-29,Q2,0.018517203004676575
8725,capital_flow_strength,2025-09-01,Q2,0.06575472190869247
8726,capital_flow_strength,2025-09-02,Q2,0.05924053512838634
8727,capital_flow_strength,2025-09-03,Q2,0.0715676378813529
8728,capital_flow_strength,2025-09-04,Q2,0.07094827047235863
8729,capital_flow_strength,2025-09-05,Q2,0.06129241977384159
8730,capital_flow_strength,2025-09-08,Q2,0.0033899282326485536
8731,capital_flow_strength,2025-09-09,Q2,0.015397053893733859
8732,capital_flow_strength,2025-09-10,Q2,0.014507862033768248
8733,capital_flow_strength,2025-09-11,Q2,-0.004397392266664912
8734,capital_flow_strength,2025-09-12,Q2,-0.04133112648144971
8735,capital_flow_strength,2025-09-15,Q2,-0.04235465501377561
8736,capital_flow_strength,2025-09-16,Q2,-0.05493075746309589
8737,capital_flow_strength,2025-09-17,Q2,0.004962501491231841
8738,capital_flow_strength,2025-09-18,Q2,0.056562674030564364
8739,capital_flow_strength,2025-09-19,Q2,0.06591928972770311
8740,capital_flow_strength,2025-09-22,Q2,0.09213515180794651
8741,capital_flow_strength,2025-09-23,Q2,0.11076132495818447
8742,capital_flow_strength,2025-09-24,Q2,0.04459892026830714
8743,capital_flow_strength,2025-09-25,Q2,0.017081764624635953
8744,capital_flow_strength,2025-09-26,Q2,0.008554352870767779
8745,capital_flow_strength,2025-09-29,Q2,-0.02148619880697128
8746,capital_flow_strength,2025-09-30,Q2,-0.025738455923838
8747,capital_flow_strength,2025-10-09,Q2,-0.033767287480972075
8748,capital_flow_strength,2025-10-10,Q2,-0.07279693715964786
8749,capital_flow_strength,2025-10-13,Q2,-0.05710686757060207
8750,capital_flow_strength,2025-10-14,Q2,-0.022739919623409877
8751,capital_flow_strength,2025-10-15,Q2,-0.03405176248051334
8752,capital_flow_strength,2025-10-16,Q2,-0.00914395691402592
8753,capital_flow_strength,2025-10-17,Q2,0.025727542469598075
8754,capital_flow_strength,2025-10-20,Q2,0.017338721367651244
8755,capital_flow_strength,2025-10-21,Q2,-0.009858755262992125
8756,capital_flow_strength,2025-10-22,Q2,0.012559209392441595
8757,capital_flow_strength,2025-10-23,Q2,-0.0030078887344022753
8758,capital_flow_strength,2025-10-24,Q2,0.018885353756393164
8759,capital_flow_strength,2025-10-27,Q2,0.013774069219588791
8760,capital_flow_strength,2025-10-28,Q2,0.013340438027056645
8761,capital_flow_strength,2025-10-29,Q2,0.006341723433510249
8762,capital_flow_strength,2025-10-30,Q2,0.00413822433191563
8763,capital_flow_strength,2025-10-31,Q2,0.002108750446451646
8764,capital_flow_strength,2025-11-03,Q2,0.018144886319740205
8765,capital_flow_strength,2025-11-04,Q2,0.08433452944137265
8766,capital_flow_strength,2025-11-05,Q2,0.05925556946728949
8767,capital_flow_strength,2025-11-06,Q2,0.08811853416900306
8768,capital_flow_strength,2025-11-07,Q2,0.06329553449577041
8769,capital_flow_strength,2025-11-10,Q2,0.07300003104739727
8770,capital_flow_strength,2025-11-11,Q2,-0.012115846982027056
8771,capital_flow_strength,2025-11-12,Q2,-0.018788708523446995
8772,capital_flow_strength,2025-11-13,Q2,-0.050133244930281595
8773,capital_flow_strength,2025-11-14,Q2,-0.0993813364207003
8774,capital_flow_strength,2025-11-17,Q2,-0.11073952116164043
8775,capital_flow_strength,2025-11-18,Q2,-0.07248198766430103
8776,capital_flow_strength,2025-11-19,Q2,-0.06745011030972059
8777,capital_flow_strength,2025-11-20,Q2,-0.05138523204269624
8778,capital_flow_strength,2025-11-21,Q2,0.02320193392884562
8779,capital_flow_strength,2025-11-24,Q2,0.01826796652389251
8780,capital_flow_strength,2025-11-25,Q2,0.003095797566674219
8781,capital_flow_strength,2025-11-26,Q2,0.004831644816750191
8782,capital_flow_strength,2025-11-27,Q2,-0.014125561790411134
8783,capital_flow_strength,2025-11-28,Q2,-0.0063566475188898686
8784,capital_flow_strength,2025-12-01,Q2,-0.000740261832817446
8785,capital_flow_strength,2025-12-02,Q2,-0.018222575951370223
8786,capital_flow_strength,2025-12-03,Q2,-0.0011744549024955697
8787,capital_flow_strength,2025-12-04,Q2,-0.005666637420654319
8788,capital_flow_strength,2025-12-05,Q2,-0.02427826594101773
8789,capital_flow_strength,2025-12-08,Q2,-0.03979393432738215
8790,capital_flow_strength,2025-12-09,Q2,-0.03930907119327254
8791,capital_flow_strength,2025-12-10,Q2,-0.03552536213738039
8792,capital_flow_strength,2025-12-11,Q2,-0.027933782403675667
8793,capital_flow_strength,2025-12-12,Q2,-0.013546617133136318
8794,capital_flow_strength,2025-12-15,Q2,-0.0004980193685175105
8795,capital_flow_strength,2025-12-16,Q2,0.011734670293872762
8796,capital_flow_strength,2025-12-17,Q2,0.013556942946773787
8797,capital_flow_strength,2025-12-18,Q2,0.023846971015446083
8798,capital_flow_strength,2025-12-19,Q2,0.009348200920418048
8799,capital_flow_strength,2025-12-22,Q2,-0.008145634483234243
8800,capital_flow_strength,2025-12-23,Q2,-0.0057362823403234176
8801,capital_flow_strength,2025-12-24,Q2,-0.019508169947592413
8802,capital_flow_strength,2025-12-25,Q2,-0.008872868749525753
8803,capital_flow_strength,2025-12-26,Q2,0.043595584113904406
8804,capital_flow_strength,2025-12-29,Q2,0.03306267318871259
8805,capital_flow_strength,2025-12-30,Q2,0.04965178755129973
8806,capital_flow_strength,2025-12-31,Q2,0.06065543026706066
8807,capital_flow_strength,2026-01-05,Q2,0.0701174250759844
8808,capital_flow_strength,2026-01-06,Q2,-0.013344583982026315
8809,capital_flow_strength,2026-01-07,Q2,0.005116987464018674
8810,capital_flow_strength,2026-01-08,Q2,-0.008327468494335244
8811,capital_flow_strength,2026-01-09,Q2,-0.014778245067631868
8812,capital_flow_strength,2026-01-12,Q2,-0.017821700564472798
8813,capital_flow_strength,2026-01-13,Q2,0.003469517316397386
8814,capital_flow_strength,2026-01-14,Q2,0.016361016091555936
8815,capital_flow_strength,2026-01-15,Q2,0.035369954759582156
8816,capital_flow_strength,2026-01-16,Q2,0.04451923668401714
8817,capital_flow_strength,2026-01-19,Q2,0.01930310991961559
8818,capital_flow_strength,2026-01-20,Q2,0.0055541345113540586
8819,capital_flow_strength,2026-01-21,Q2,0.005014800245674633
8820,capital_flow_strength,2026-01-22,Q2,-0.011591536104149036
8821,capital_flow_strength,2026-01-23,Q2,-0.0555585784423826
8822,capital_flow_strength,2026-01-26,Q2,-0.09545372284639381
8823,capital_flow_strength,2026-01-27,Q2,-0.06743952428367717
8824,capital_flow_strength,2026-01-28,Q2,-0.059424813536813836
8825,capital_flow_strength,2026-01-29,Q2,-0.0719310178402231
8826,capital_flow_strength,2026-01-30,Q2,-0.026066573278650418
8827,capital_flow_strength,2026-02-02,Q2,0.0462473152230406
8828,capital_flow_strength,2026-02-03,Q2,0.025184798405455733
8829,capital_flow_strength,2026-02-04,Q2,0.00438372422625144
8830,capital_flow_strength,2026-02-05,Q2,0.013176236749611325
8831,capital_flow_strength,2026-02-06,Q2,-0.01136591802998732
8832,capital_flow_strength,2026-02-09,Q2,-0.011113130499995127
8833,capital_flow_strength,2026-02-10,Q2,0.004345282946060625
8834,capital_flow_strength,2026-02-11,Q2,-0.0020964340677658844
8835,capital_flow_strength,2026-02-12,Q2,0.00597606739118306
8836,capital_flow_strength,2026-02-13,Q2,0.0010718359017802825
8837,capital_flow_strength,2026-02-24,Q2,-0.05732509466355323
8838,capital_flow_strength,2026-02-25,Q2,-0.07516881093625505
8839,capital_flow_strength,2026-02-26,Q2,-0.05047053687750819
8840,capital_flow_strength,2026-02-27,Q2,-0.03527855626462073
8841,capital_flow_strength,2026-03-02,Q2,-0.022884464346478783
8842,capital_flow_strength,2026-03-03,Q2,0.01981786627289106
8843,capital_flow_strength,2026-03-04,Q2,0.039586782103624096
8844,capital_flow_strength,2026-03-05,Q2,0.016868012915035036
8845,capital_flow_strength,2026-03-06,Q2,0.02885884025755525
8846,capital_flow_strength,2026-03-09,Q2,0.01995625716862348
8847,capital_flow_strength,2026-03-10,Q2,-0.0018024504085168425
8848,capital_flow_strength,2026-03-11,Q2,-0.020969975269612917
8849,capital_flow_strength,2026-03-12,Q2,-0.03015379728194073
8850,capital_flow_strength,2026-03-13,Q2,-0.06908455670008878
8851,capital_flow_strength,2026-03-16,Q2,-0.10461046260559809
8852,capital_flow_strength,2026-03-17,Q2,-0.0618479433595755
8853,capital_flow_strength,2026-03-18,Q2,-0.0309127929576537
8854,capital_flow_strength,2026-03-19,Q2,-0.029398421197170566
8855,capital_flow_strength,2026-03-20,Q2,0.0009414704224923742
8856,capital_flow_strength,2026-03-23,Q2,0.10465884173092166
8857,capital_flow_strength,2026-03-24,Q2,0.11407922197396037
8858,capital_flow_strength,2026-03-25,Q2,0.09333692094777901
8859,capital_flow_strength,2026-03-26,Q2,0.07243196747526848
8860,capital_flow_strength,2026-03-27,Q2,-0.016442838878044097
8861,capital_flow_strength,2026-03-30,Q2,-0.06806715001061264
8862,capital_flow_strength,2026-03-31,Q2,-0.06042099970161491
8863,capital_flow_strength,2026-04-01,Q2,-0.08954313147922033
8864,capital_flow_strength,2026-04-02,Q2,-0.047617943669205576
8865,capital_flow_strength,2026-04-03,Q2,0.0177935618469931
8866,capital_flow_strength,2026-04-07,Q2,0.02876344644977724
8867,capital_flow_strength,2026-04-08,Q2,-0.02915532168861068
8868,capital_flow_strength,2026-04-09,Q2,0.00827164243334455
8869,capital_flow_strength,2026-04-10,Q2,-0.0004126252992158186
8870,capital_flow_strength,2026-04-13,Q2,-0.004208875149318503
8871,capital_flow_strength,2026-04-14,Q2,-0.013255051004272767
8872,capital_flow_strength,2026-04-15,Q2,0.008066443875645368
8873,capital_flow_strength,2026-04-16,Q2,-0.008911225145747992
8874,capital_flow_strength,2026-04-17,Q2,-0.013679422286814513
8875,capital_flow_strength,2026-04-20,Q2,-0.014948810206728336
8876,capital_flow_strength,2026-04-21,Q2,-0.012637652227322937
8877,capital_flow_strength,2026-04-22,Q2,0.017279791344145923
8878,capital_flow_strength,2026-04-23,Q2,-0.009205163533222482
8879,capital_flow_strength,2025-01-21,Q3,-0.01823283483230509
8880,capital_flow_strength,2025-01-22,Q3,0.0043041909198571204
8881,capital_flow_strength,2025-01-23,Q3,-0.0014368144866416799
8882,capital_flow_strength,2025-01-24,Q3,0.0014492394067344705
8883,capital_flow_strength,2025-01-27,Q3,-0.03165464693946696
8884,capital_flow_strength,2025-02-05,Q3,-0.04000002997262142
8885,capital_flow_strength,2025-02-06,Q3,-0.041428565979003906
8886,capital_flow_strength,2025-02-07,Q3,-0.04028773246841244
8887,capital_flow_strength,2025-02-10,Q3,-0.03617945087128016
8888,capital_flow_strength,2025-02-11,Q3,-0.026745888236030524
8889,capital_flow_strength,2025-02-12,Q3,-0.022321372502006498
8890,capital_flow_strength,2025-02-13,Q3,-0.017883738431724527
8891,capital_flow_strength,2025-02-14,Q3,-0.026986552191434865
8892,capital_flow_strength,2025-02-17,Q3,-0.007507464721209223
8893,capital_flow_strength,2025-02-18,Q3,-0.015267233367592836
8894,capital_flow_strength,2025-02-19,Q3,-0.007610378908440629
8895,capital_flow_strength,2025-02-20,Q3,-0.015174564363318988
8896,capital_flow_strength,2025-02-21,Q3,-0.038520802591172854
8897,capital_flow_strength,2025-02-24,Q3,-0.04236009139979835
8898,capital_flow_strength,2025-02-25,Q3,0.0015504231283032244
8899,capital_flow_strength,2025-02-26,Q3,-0.016871186171195762
8900,capital_flow_strength,2025-02-27,Q3,-0.009244983805169471
8901,capital_flow_strength,2025-02-28,Q3,0.02083335243738693
8902,capital_flow_strength,2025-03-03,Q3,0.009478664060458941
8903,capital_flow_strength,2025-03-04,Q3,-0.017027884344402833
8904,capital_flow_strength,2025-03-05,Q3,-0.02340087708283367
8905,capital_flow_strength,2025-03-06,Q3,-0.03576983284817814
8906,capital_flow_strength,2025-03-07,Q3,-0.003139714487570666
8907,capital_flow_strength,2025-03-10,Q3,-0.003129887534334741
8908,capital_flow_strength,2025-03-11,Q3,0.01417325258890667
8909,capital_flow_strength,2025-03-12,Q3,0.009584655045652868
8910,capital_flow_strength,2025-03-13,Q3,0.01612909428163012
8911,capital_flow_strength,2025-03-14,Q3,-0.014173177496439648
8912,capital_flow_strength,2025-03-17,Q3,-0.0580847554484073
8913,capital_flow_strength,2025-03-18,Q3,-0.05900622842617309
8914,capital_flow_strength,2025-03-19,Q3,0.00632910771622841
8915,capital_flow_strength,2025-03-20,Q3,0.007936462283165913
8916,capital_flow_strength,2025-03-21,Q3,-0.009584731217720188
8917,capital_flow_strength,2025-03-24,Q3,0.015000025431315178
8918,capital_flow_strength,2025-03-25,Q3,0.011551183551541389
8919,capital_flow_strength,2025-03-26,Q3,-0.03459123622804716
8920,capital_flow_strength,2025-03-27,Q3,-0.023622062617355444
8921,capital_flow_strength,2025-03-28,Q3,-0.09999998461815574
8922,capital_flow_strength,2025-03-31,Q3,-0.11822664187009113
8923,capital_flow_strength,2025-04-01,Q3,-0.10277326307984525
8924,capital_flow_strength,2025-04-02,Q3,-0.052117215274042006
8925,capital_flow_strength,2025-04-03,Q3,-0.04516124864274451
8926,capital_flow_strength,2025-04-07,Q3,0.1164874738807744
8927,capital_flow_strength,2025-04-08,Q3,0.12290509093382473
8928,capital_flow_strength,2025-04-09,Q3,0.0872727307406338
8929,capital_flow_strength,2025-04-10,Q3,0.04467349559724476
8930,capital_flow_strength,2025-04-11,Q3,0.04054050135560283
8931,capital_flow_strength,2025-04-14,Q3,0.03691814099026147
8932,capital_flow_strength,2025-04-15,Q3,0.10945270720530975
8933,capital_flow_strength,2025-04-16,Q3,0.10702338870305805
8934,capital_flow_strength,2025-04-17,Q3,0.07072373529137721
8935,capital_flow_strength,2025-04-18,Q3,0.16233766635889002
8936,capital_flow_strength,2025-04-21,Q3,0.035603717912586985
8937,capital_flow_strength,2025-04-22,Q3,0.019432004981914774
8938,capital_flow_strength,2025-04-23,Q3,0.015105726036447331
8939,capital_flow_strength,2025-04-24,Q3,0.047619037155208765
8940,capital_flow_strength,2025-04-25,Q3,-0.05307257621536199
8941,capital_flow_strength,2025-04-28,Q3,0.04035874119838079
8942,capital_flow_strength,2025-04-29,Q3,0.041055678287905684
8943,capital_flow_strength,2025-04-30,Q3,0.058035767187372356
8944,capital_flow_strength,2025-05-06,Q3,0.06891492351343387
8945,capital_flow_strength,2025-05-07,Q3,0.07374631040227264
8946,capital_flow_strength,2025-05-08,Q3,0.048850596368446686
8947,capital_flow_strength,2025-05-09,Q3,0.03098595351885347
8948,capital_flow_strength,2025-05-12,Q3,0.046413490507621
8949,capital_flow_strength,2025-05-13,Q3,0.0329218448849371
8950,capital_flow_strength,2025-05-14,Q3,0.05219775091376855
8951,capital_flow_strength,2025-05-15,Q3,0.0958903823254107
8952,capital_flow_strength,2025-05-16,Q3,0.07513657117481665
8953,capital_flow_strength,2025-05-19,Q3,0.02284947244442037
8954,capital_flow_strength,2025-05-20,Q3,0.027888387179096696
8955,capital_flow_strength,2025-05-21,Q3,0.00652744017374296
8956,capital_flow_strength,2025-05-22,Q3,-0.021250009536743164
8957,capital_flow_strength,2025-05-23,Q3,-0.0012706165425778737
8958,capital_flow_strength,2025-05-26,Q3,0.06044672184484967
8959,capital_flow_strength,2025-05-27,Q3,0.07881145069639173
8960,capital_flow_strength,2025-05-28,Q3,0.06874185867041471
8961,capital_flow_strength,2025-05-29,Q3,0.0574712405683071
8962,capital_flow_strength,2025-05-30,Q3,0.06615775726380413
8963,capital_flow_strength,2025-06-03,Q3,0.002478371563817916
8964,capital_flow_strength,2025-06-04,Q3,-0.011976093042061042
8965,capital_flow_strength,2025-06-05,Q3,-0.007281488787498014
8966,capital_flow_strength,2025-06-06,Q3,-0.04106276409609577
8967,capital_flow_strength,2025-06-09,Q3,-0.06205250284309882
8968,capital_flow_strength,2025-06-10,Q3,-0.019777542797460357
8969,capital_flow_strength,2025-06-11,Q3,-0.04727271108916309
8970,capital_flow_strength,2025-06-12,Q3,-0.07701712603143718
8971,capital_flow_strength,2025-06-13,Q3,-0.04785895613380431
8972,capital_flow_strength,2025-06-16,Q3,-0.013994927690315517
8973,capital_flow_strength,2025-06-17,Q3,-0.015132394471214283
8974,capital_flow_strength,2025-06-18,Q3,-0.010178107168846151
8975,capital_flow_strength,2025-06-19,Q3,0.0185430282051382
8976,capital_flow_strength,2025-06-20,Q3,0.01455028232102884
8977,capital_flow_strength,2025-06-23,Q3,-0.018064498901367188
8978,capital_flow_strength,2025-06-24,Q3,-0.033290621504427964
8979,capital_flow_strength,2025-06-25,Q3,-0.02956298365950194
8980,capital_flow_strength,2025-06-26,Q3,-0.027308197215134555
8981,capital_flow_strength,2025-06-27,Q3,-0.04172101283941543
8982,capital_flow_strength,2025-06-30,Q3,-0.04993431113981184
8983,capital_flow_strength,2025-07-01,Q3,-0.03576158597424273
8984,capital_flow_strength,2025-07-02,Q3,-0.04635766524870244
8985,capital_flow_strength,2025-07-03,Q3,-0.045454565738090036
8986,capital_flow_strength,2025-07-04,Q3,-0.029931944632133778
8987,capital_flow_strength,2025-07-07,Q3,-0.013831245417532223
8988,capital_flow_strength,2025-07-08,Q3,-0.04120881622100403
8989,capital_flow_strength,2025-07-09,Q3,-0.012499955296515264
8990,capital_flow_strength,2025-07-10,Q3,-0.004201643351844697
8991,capital_flow_strength,2025-07-11,Q3,-0.004207602991139869
8992,capital_flow_strength,2025-07-14,Q3,0.012622675218258328
8993,capital_flow_strength,2025-07-15,Q3,0.021489984950937346
8994,capital_flow_strength,2025-07-16,Q3,-0.007032375498725707
8995,capital_flow_strength,2025-07-17,Q3,0.046413490507621
8996,capital_flow_strength,2025-07-18,Q3,0.025352155999091686
8997,capital_flow_strength,2025-07-21,Q3,0.008310307667627637
8998,capital_flow_strength,2025-07-22,Q3,0.008415139104699154
8999,capital_flow_strength,2025-07-23,Q3,0.01416429255567353
9000,capital_flow_strength,2025-07-24,Q3,-0.047042997572680934
9001,capital_flow_strength,2025-07-25,Q3,-0.02335165815859508
9002,capital_flow_strength,2025-07-28,Q3,-0.012362657966222823
9003,capital_flow_strength,2025-07-29,Q3,0.008344915480116954
9004,capital_flow_strength,2025-07-30,Q3,-0.0013966134438245792
9005,capital_flow_strength,2025-07-31,Q3,0.004231273952827852
9006,capital_flow_strength,2025-08-01,Q3,0.05766523765301956
9007,capital_flow_strength,2025-08-04,Q3,0.05424198378050682
9008,capital_flow_strength,2025-08-05,Q3,0.03172414056186024
9009,capital_flow_strength,2025-08-06,Q3,0.0461538348677597
9010,capital_flow_strength,2025-08-07,Q3,0.022471956014182393
9011,capital_flow_strength,2025-08-08,Q3,-0.025265965119995903
9012,capital_flow_strength,2025-08-11,Q3,-0.007915559813120088
9013,capital_flow_strength,2025-08-12,Q3,0.01737969439965603
9014,capital_flow_strength,2025-08-13,Q3,0.021390353877556167
9015,capital_flow_strength,2025-08-14,Q3,0.07142856675002807
9016,capital_flow_strength,2025-08-15,Q3,0.061391581280504814
9017,capital_flow_strength,2025-08-18,Q3,0.011968105427681452
9018,capital_flow_strength,2025-08-19,Q3,0.015768710046482504
9019,capital_flow_strength,2025-08-20,Q3,-0.014397861073241924
9020,capital_flow_strength,2025-08-21,Q3,-0.03333336186205149
9021,capital_flow_strength,2025-08-22,Q3,-0.028277668521326182
9022,capital_flow_strength,2025-08-25,Q3,0.0026281183410803433
9023,capital_flow_strength,2025-08-26,Q3,-0.02846051612533107
9024,capital_flow_strength,2025-08-27,Q3,-0.029216502111413356
9025,capital_flow_strength,2025-08-28,Q3,-0.015915104266073565
9026,capital_flow_strength,2025-08-29,Q3,-0.007936500427734305
9027,capital_flow_strength,2025-09-01,Q3,-0.0013106459674763205
9028,capital_flow_strength,2025-09-02,Q3,0.011983977764023601
9029,capital_flow_strength,2025-09-03,Q3,0.04377567362055279
9030,capital_flow_strength,2025-09-04,Q3,0.02830189164254837
9031,capital_flow_strength,2025-09-05,Q3,0.009333356221516986
9032,capital_flow_strength,2025-09-08,Q3,-0.010498677809387513
9033,capital_flow_strength,2025-09-09,Q3,-0.00921048627665777
9034,capital_flow_strength,2025-09-10,Q3,-0.023591127454258287
9035,capital_flow_strength,2025-09-11,Q3,-0.05242465129330365
9036,capital_flow_strength,2025-09-12,Q3,-0.056803209435252855
9037,capital_flow_strength,2025-09-15,Q3,-0.06498670737363532
9038,capital_flow_strength,2025-09-16,Q3,-0.08100931162257297
9039,capital_flow_strength,2025-09-17,Q3,-0.06442953441106636
9040,capital_flow_strength,2025-09-18,Q3,-0.04426005128868371
9041,capital_flow_strength,2025-09-19,Q3,-0.028011178292021377
9042,capital_flow_strength,2025-09-22,Q3,0.021276541059871645
9043,capital_flow_strength,2025-09-23,Q3,0.053468190965286544
9044,capital_flow_strength,2025-09-24,Q3,0.0588235777031485
9045,capital_flow_strength,2025-09-25,Q3,0.060781488504842995
9046,capital_flow_strength,2025-09-26,Q3,0.04322762412452463
9047,capital_flow_strength,2025-09-29,Q3,0.011111167036458314
9048,capital_flow_strength,2025-09-30,Q3,-0.006858736762208939
9049,capital_flow_strength,2025-10-09,Q3,-0.025745264806795065
9050,capital_flow_strength,2025-10-10,Q3,-0.03956343313389876
9051,capital_flow_strength,2025-10-13,Q3,-0.006906038049498853
9052,capital_flow_strength,2025-10-14,Q3,0.01373625024046543
9053,capital_flow_strength,2025-10-15,Q3,0.01795581747937547
9054,capital_flow_strength,2025-10-16,Q3,0.02781638493372318
9055,capital_flow_strength,2025-10-17,Q3,0.04829547648156485
9056,capital_flow_strength,2025-10-20,Q3,0.01668983096023391
9057,capital_flow_strength,2025-10-21,Q3,0.0027100244737636725
9058,capital_flow_strength,2025-10-22,Q3,0.0841248161718322
9059,capital_flow_strength,2025-10-23,Q3,0.11096078301437617
9060,capital_flow_strength,2025-10-24,Q3,0.12466125501728964
9061,capital_flow_strength,2025-10-27,Q3,0.17647064962899006
9062,capital_flow_strength,2025-10-28,Q3,0.1594594342069442
9063,capital_flow_strength,2025-10-29,Q3,0.11013768956813941
9064,capital_flow_strength,2025-10-30,Q3,0.09135200931975618
9065,capital_flow_strength,2025-10-31,Q3,0.16506022338269188
9066,capital_flow_strength,2025-11-03,Q3,0.13837203809285548
9067,capital_flow_strength,2025-11-04,Q3,0.06759905930809484
9068,capital_flow_strength,2025-11-05,Q3,0.0822999442310175
9069,capital_flow_strength,2025-11-06,Q3,0.07031251247307013
9070,capital_flow_strength,2025-11-07,Q3,0.01240950202816049
9071,capital_flow_strength,2025-11-10,Q3,0.011235920031242408
9072,capital_flow_strength,2025-11-11,Q3,0.05567688180976571
9073,capital_flow_strength,2025-11-12,Q3,0.013541578708426982
9074,capital_flow_strength,2025-11-13,Q3,0.04275285097899295
9075,capital_flow_strength,2025-11-14,Q3,-0.02962205954882735
9076,capital_flow_strength,2025-11-17,Q3,-0.051515080288784154
9077,capital_flow_strength,2025-11-18,Q3,-0.02068250338026756
9078,capital_flow_strength,2025-11-19,Q3,-0.0051386679766538546
9079,capital_flow_strength,2025-11-20,Q3,-0.021000003814697243
9080,capital_flow_strength,2025-11-21,Q3,0.04000001204641235
9081,capital_flow_strength,2025-11-24,Q3,0.15761442898016065
9082,capital_flow_strength,2025-11-25,Q3,0.13938750344284467
9083,capital_flow_strength,2025-11-26,Q3,0.08471070960460358
9084,capital_flow_strength,2025-11-27,Q3,0.03677218162206275
9085,capital_flow_strength,2025-11-28,Q3,0.007084989272611919
9086,capital_flow_strength,2025-12-01,Q3,-0.09015635258085597
9087,capital_flow_strength,2025-12-02,Q3,-0.0583874065494181
9088,capital_flow_strength,2025-12-03,Q3,-0.023809523809523836
9089,capital_flow_strength,2025-12-04,Q3,-0.0059112776549119506
9090,capital_flow_strength,2025-12-05,Q3,0.060301547032294955
9091,capital_flow_strength,2025-12-08,Q3,0.1739129680127618
9092,capital_flow_strength,2025-12-09,Q3,0.1811023799431024
9093,capital_flow_strength,2025-12-10,Q3,0.1239024836842606
9094,capital_flow_strength,2025-12-11,Q3,0.13974230189188575
9095,capital_flow_strength,2025-12-12,Q3,0.11374405569385582
9096,capital_flow_strength,2025-12-15,Q3,0.013781292490771424
9097,capital_flow_strength,2025-12-16,Q3,-0.015000025431315067
9098,capital_flow_strength,2025-12-17,Q3,0.024305531410156345
9099,capital_flow_strength,2025-12-18,Q3,0.005217427792756357
9100,capital_flow_strength,2025-12-19,Q3,-0.030638268653382594
9101,capital_flow_strength,2025-12-22,Q3,-0.03483439126087573
9102,capital_flow_strength,2025-12-23,Q3,-0.01692045807350684
9103,capital_flow_strength,2025-12-24,Q3,-0.030508525807840914
9104,capital_flow_strength,2025-12-25,Q3,-0.003460204186943594
9105,capital_flow_strength,2025-12-26,Q3,0.019315127894922623
9106,capital_flow_strength,2025-12-29,Q3,0.012323974256501335
9107,capital_flow_strength,2025-12-30,Q3,0.04647159786327704
9108,capital_flow_strength,2025-12-31,Q3,0.06468538041394645
9109,capital_flow_strength,2026-01-05,Q3,0.030381893566639118
9110,capital_flow_strength,2026-01-06,Q3,0.006029341134241584
9111,capital_flow_strength,2026-01-07,Q3,0.001739170240319332
9112,capital_flow_strength,2026-01-08,Q3,-0.07319074019872185
9113,capital_flow_strength,2026-01-09,Q3,-0.07224959707652634
9114,capital_flow_strength,2026-01-12,Q3,-0.04380787776771433
9115,capital_flow_strength,2026-01-13,Q3,-0.0599315706035779
9116,capital_flow_strength,2026-01-14,Q3,-0.020833395421502532
9117,capital_flow_strength,2026-01-15,Q3,0.0062111527933432775
9118,capital_flow_strength,2026-01-16,Q3,0.021238917439571958
9119,capital_flow_strength,2026-01-19,Q3,0.03259910776418584
9120,capital_flow_strength,2026-01-20,Q3,0.04462666167768159
9121,capital_flow_strength,2026-01-21,Q3,-0.009751742844081757
9122,capital_flow_strength,2026-01-22,Q3,-0.054673710512922025
9123,capital_flow_strength,2026-01-23,Q3,-0.05719236131662264
9124,capital_flow_strength,2026-01-26,Q3,-0.06228673031384757
9125,capital_flow_strength,2026-01-27,Q3,-0.02353970806258865
9126,capital_flow_strength,2026-01-28,Q3,0.00268574151891543
9127,capital_flow_strength,2026-01-29,Q3,0.043843218437228604
9128,capital_flow_strength,2026-01-30,Q3,0.08639701934705402
9129,capital_flow_strength,2026-02-02,Q3,0.11919931272968665
9130,capital_flow_strength,2026-02-03,Q3,0.08482141298603008
9131,capital_flow_strength,2026-02-04,Q3,0.08035719531531327
9132,capital_flow_strength,2026-02-05,Q3,0.09204653487665504
9133,capital_flow_strength,2026-02-06,Q3,0.04991541182917647
9134,capital_flow_strength,2026-02-09,Q3,0.03252029368516429
9135,capital_flow_strength,2026-02-10,Q3,0.03786008663287643
9136,capital_flow_strength,2026-02-11,Q3,0.08760325888631337
9137,capital_flow_strength,2026-02-12,Q3,0.11456625105873841
9138,capital_flow_strength,2026-02-13,Q3,0.08783240660677305
9139,capital_flow_strength,2026-02-24,Q3,-0.007873970810807207
9140,capital_flow_strength,2026-02-25,Q3,0.04440923353397297
9141,capital_flow_strength,2026-02-26,Q3,0.006079021628696113
9142,capital_flow_strength,2026-02-27,Q3,-0.02569746187490829
9143,capital_flow_strength,2026-03-02,Q3,-0.02000003390842009
9144,capital_flow_strength,2026-03-03,Q3,0.11825394650856058
9145,capital_flow_strength,2026-03-04,Q3,0.07441150619280035
9146,capital_flow_strength,2026-03-05,Q3,0.05589122234974697
9147,capital_flow_strength,2026-03-06,Q3,0.03165027190137781
9148,capital_flow_strength,2026-03-09,Q3,0.0634920772223928
9149,capital_flow_strength,2026-03-10,Q3,0.03477642056860919
9150,capital_flow_strength,2026-03-11,Q3,0.054416994948558894
9151,capital_flow_strength,2026-03-12,Q3,0.031473572851579146
9152,capital_flow_strength,2026-03-13,Q3,0.024105251095349667
9153,capital_flow_strength,2026-03-16,Q3,-0.06183368190683891
9154,capital_flow_strength,2026-03-17,Q3,-0.05006855597093662
9155,capital_flow_strength,2026-03-18,Q3,-0.09182304816042486
9156,capital_flow_strength,2026-03-19,Q3,-0.07558946926635723
9157,capital_flow_strength,2026-03-20,Q3,-0.05563485457759576
9158,capital_flow_strength,2026-03-23,Q3,0.0
9159,capital_flow_strength,2026-03-24,Q3,-0.06498198898309948
9160,capital_flow_strength,2026-03-25,Q3,-0.03247236368000039
9161,capital_flow_strength,2026-03-26,Q3,-0.034508630216036895
9162,capital_flow_strength,2026-03-27,Q3,-0.06570996228088355
9163,capital_flow_strength,2026-03-30,Q3,-0.0681817902677968
9164,capital_flow_strength,2026-03-31,Q3,-0.010038619023600925
9165,capital_flow_strength,2026-04-01,Q3,0.022120516357551745
9166,capital_flow_strength,2026-04-02,Q3,0.0629370961009541
9167,capital_flow_strength,2026-04-03,Q3,0.07679869183945431
9168,capital_flow_strength,2026-04-07,Q3,0.08617881703293317
9169,capital_flow_strength,2026-04-08,Q3,0.04446183011444682
9170,capital_flow_strength,2026-04-09,Q3,0.021641788814083185
9171,capital_flow_strength,2026-04-10,Q3,-0.006578958375742072
9172,capital_flow_strength,2026-04-13,Q3,0.0382883063488364
9173,capital_flow_strength,2026-04-14,Q3,0.0276946029241969
9174,capital_flow_strength,2026-04-15,Q3,0.033607154423229035
9175,capital_flow_strength,2026-04-16,Q3,-0.00073040726910234
9176,capital_flow_strength,2026-04-17,Q3,0.019131731123073203
9177,capital_flow_strength,2026-04-20,Q3,0.010122946066165817
9178,capital_flow_strength,2026-04-21,Q3,0.05826658539018137
9179,capital_flow_strength,2026-04-22,Q3,0.018786143498215058
9180,capital_flow_strength,2026-04-23,Q3,0.13377192126331172
9181,capital_flow_strength,2025-01-21,Q4,-0.024457930061538347
9182,capital_flow_strength,2025-01-22,Q4,0.0061224430216099135
9183,capital_flow_strength,2025-01-23,Q4,0.01622182025940011
9184,capital_flow_strength,2025-01-24,Q4,0.010110633042591521
9185,capital_flow_strength,2025-01-27,Q4,0.0009487810835338562
9186,capital_flow_strength,2025-02-05,Q4,0.08014647612801407
9187,capital_flow_strength,2025-02-06,Q4,0.07472027312576413
9188,capital_flow_strength,2025-02-07,Q4,0.025292196380837628
9189,capital_flow_strength,2025-02-10,Q4,0.015532129153018659
9190,capital_flow_strength,2025-02-11,Q4,0.01734097809758456
9191,capital_flow_strength,2025-02-12,Q4,-0.022460426838841308
9192,capital_flow_strength,2025-02-13,Q4,-0.03717719138613196
9193,capital_flow_strength,2025-02-14,Q4,-0.021074802058246078
9194,capital_flow_strength,2025-02-17,Q4,0.006120573110579841
9195,capital_flow_strength,2025-02-18,Q4,0.005628296151537204
9196,capital_flow_strength,2025-02-19,Q4,0.01542433742349325
9197,capital_flow_strength,2025-02-20,Q4,0.02434261213475375
9198,capital_flow_strength,2025-02-21,Q4,0.00853019136439137
9199,capital_flow_strength,2025-02-24,Q4,-0.003926202146338709
9200,capital_flow_strength,2025-02-25,Q4,-0.0005798746973340596
9201,capital_flow_strength,2025-02-26,Q4,-0.02873456278756631
9202,capital_flow_strength,2025-02-27,Q4,-0.006568829432364309
9203,capital_flow_strength,2025-02-28,Q4,-0.017217749526237558
9204,capital_flow_strength,2025-03-03,Q4,-0.023929554848992396
9205,capital_flow_strength,2025-03-04,Q4,-0.016767672909251796
9206,capital_flow_strength,2025-03-05,Q4,-0.008004501285136245
9207,capital_flow_strength,2025-03-06,Q4,-0.030057308177351805
9208,capital_flow_strength,2025-03-07,Q4,0.00472078554541322
9209,capital_flow_strength,2025-03-10,Q4,0.014493945297871513
9210,capital_flow_strength,2025-03-11,Q4,0.013828910065135425
9211,capital_flow_strength,2025-03-12,Q4,0.011181096344671348
9212,capital_flow_strength,2025-03-13,Q4,0.014588528579779436
9213,capital_flow_strength,2025-03-14,Q4,-0.0038879978252667757
9214,capital_flow_strength,2025-03-17,Q4,-0.028126315669563806
9215,capital_flow_strength,2025-03-18,Q4,-0.015576353558594547
9216,capital_flow_strength,2025-03-19,Q4,-0.01107227122140897
9217,capital_flow_strength,2025-03-20,Q4,-0.015500612991293738
9218,capital_flow_strength,2025-03-21,Q4,-0.02125487812227539
9219,capital_flow_strength,2025-03-24,Q4,-0.014072999223163296
9220,capital_flow_strength,2025-03-25,Q4,-0.015425247211980131
9221,capital_flow_strength,2025-03-26,Q4,-0.019000686394333666
9222,capital_flow_strength,2025-03-27,Q4,-0.0020920648179306722
9223,capital_flow_strength,2025-03-28,Q4,-0.07851686080948989
9224,capital_flow_strength,2025-03-31,Q4,-0.03497183526184949
9225,capital_flow_strength,2025-04-01,Q4,-0.02162482315553077
9226,capital_flow_strength,2025-04-02,Q4,-0.005670403194997453
9227,capital_flow_strength,2025-04-03,Q4,-0.02507643115608721
9228,capital_flow_strength,2025-04-07,Q4,0.062475236193836214
9229,capital_flow_strength,2025-04-08,Q4,0.020273071684059674
9230,capital_flow_strength,2025-04-09,Q4,0.0006712514423232174
9231,capital_flow_strength,2025-04-10,Q4,0.0010373186398903167
9232,capital_flow_strength,2025-04-11,Q4,0.016242939375138543
9233,capital_flow_strength,2025-04-14,Q4,0.007153718537787845
9234,capital_flow_strength,2025-04-15,Q4,0.013590848600991134
9235,capital_flow_strength,2025-04-16,Q4,0.001091221454003144
9236,capital_flow_strength,2025-04-17,Q4,-0.01040371703976889
9237,capital_flow_strength,2025-04-18,Q4,-0.01778384090833629
9238,capital_flow_strength,2025-04-21,Q4,-0.026447939738675375
9239,capital_flow_strength,2025-04-22,Q4,-0.03199006959233247
9240,capital_flow_strength,2025-04-23,Q4,-0.024637612243116225
9241,capital_flow_strength,2025-04-24,Q4,-0.019734367542935616
9242,capital_flow_strength,2025-04-25,Q4,-0.0075262989640683675
9243,capital_flow_strength,2025-04-28,Q4,0.00678530817257772
9244,capital_flow_strength,2025-04-29,Q4,0.000948608718757793
9245,capital_flow_strength,2025-04-30,Q4,0.009266013279312757
9246,capital_flow_strength,2025-05-06,Q4,0.0021962086488627186
9247,capital_flow_strength,2025-05-07,Q4,-0.0038174102940095045
9248,capital_flow_strength,2025-05-08,Q4,-0.010681491520785291
9249,capital_flow_strength,2025-05-09,Q4,-0.003868976142932412
9250,capital_flow_strength,2025-05-12,Q4,-0.005732945467655681
9251,capital_flow_strength,2025-05-13,Q4,-0.008962394275537744
9252,capital_flow_strength,2025-05-14,Q4,-0.01669536448521769
9253,capital_flow_strength,2025-05-15,Q4,-0.01823110395054439
9254,capital_flow_strength,2025-05-16,Q4,-0.022944803767045163
9255,capital_flow_strength,2025-05-19,Q4,-0.0260983429930019
9256,capital_flow_strength,2025-05-20,Q4,-0.01966673930820856
9257,capital_flow_strength,2025-05-21,Q4,-0.01749615061151405
9258,capital_flow_strength,2025-05-22,Q4,0.0011850520671641829
9259,capital_flow_strength,2025-05-23,Q4,0.006142080843302922
9260,capital_flow_strength,2025-05-26,Q4,-0.0037707533839974605
9261,capital_flow_strength,2025-05-27,Q4,-0.0015976046527341192
9262,capital_flow_strength,2025-05-28,Q4,-0.0008388387772002015
9263,capital_flow_strength,2025-05-29,Q4,-0.006396608029090867
9264,capital_flow_strength,2025-05-30,Q4,-0.001506022690411557
9265,capital_flow_strength,2025-06-03,Q4,0.0036702909465644584
9266,capital_flow_strength,2025-06-04,Q4,-0.0016350879556516484
9267,capital_flow_strength,2025-06-05,Q4,-0.010862064338342914
9268,capital_flow_strength,2025-06-06,Q4,-0.025950949979158422
9269,capital_flow_strength,2025-06-09,Q4,-0.014437384014727495
9270,capital_flow_strength,2025-06-10,Q4,-0.01279767219794331
9271,capital_flow_strength,2025-06-11,Q4,-0.022686628165465794
9272,capital_flow_strength,2025-06-12,Q4,-0.024270373393182387
9273,capital_flow_strength,2025-06-13,Q4,-0.012740086938144934
9274,capital_flow_strength,2025-06-16,Q4,-0.025666289798126907
9275,capital_flow_strength,2025-06-17,Q4,-0.013782565037701922
9276,capital_flow_strength,2025-06-18,Q4,0.005788129636335293
9277,capital_flow_strength,2025-06-19,Q4,0.011020427512528408
9278,capital_flow_strength,2025-06-20,Q4,0.013431595186573886
9279,capital_flow_strength,2025-06-23,Q4,0.01802614626881327
9280,capital_flow_strength,2025-06-24,Q4,0.005434803453420622
9281,capital_flow_strength,2025-06-25,Q4,0.023801787433303856
9282,capital_flow_strength,2025-06-26,Q4,0.02174631219026857
9283,capital_flow_strength,2025-06-27,Q4,0.020181368423101254
9284,capital_flow_strength,2025-06-30,Q4,0.02185743127699813
9285,capital_flow_strength,2025-07-01,Q4,0.038040791716807076
9286,capital_flow_strength,2025-07-02,Q4,0.005160251406268301
9287,capital_flow_strength,2025-07-03,Q4,0.042127372951525466
9288,capital_flow_strength,2025-07-04,Q4,0.0374497629934879
9289,capital_flow_strength,2025-07-07,Q4,0.024420408684319272
9290,capital_flow_strength,2025-07-08,Q4,-0.004167685918985586
9291,capital_flow_strength,2025-07-09,Q4,-0.00365769105428404
9292,capital_flow_strength,2025-07-10,Q4,-0.027950826236355586
9293,capital_flow_strength,2025-07-11,Q4,-0.021225406761936183
9294,capital_flow_strength,2025-07-14,Q4,0.0026675993994604297
9295,capital_flow_strength,2025-07-15,Q4,0.04000252129438597
9296,capital_flow_strength,2025-07-16,Q4,0.034207693130425265
9297,capital_flow_strength,2025-07-17,Q4,0.05335840499583966
9298,capital_flow_strength,2025-07-18,Q4,0.041969263942041035
9299,capital_flow_strength,2025-07-21,Q4,0.014393943936809483
9300,capital_flow_strength,2025-07-22,Q4,-0.008490452181582175
9301,capital_flow_strength,2025-07-23,Q4,-0.008516223523356847
9302,capital_flow_strength,2025-07-24,Q4,-0.062185347043531125
9303,capital_flow_strength,2025-07-25,Q4,-0.056429044492030234
9304,capital_flow_strength,2025-07-28,Q4,-0.04818433725007515
9305,capital_flow_strength,2025-07-29,Q4,-0.04167563998103485
9306,capital_flow_strength,2025-07-30,Q4,-0.031622915115559924
9307,capital_flow_strength,2025-07-31,Q4,0.0023291717938384027
9308,capital_flow_strength,2025-08-01,Q4,0.004694831301502056
9309,capital_flow_strength,2025-08-04,Q4,0.009670754229157086
9310,capital_flow_strength,2025-08-05,Q4,0.002598628189529717
9311,capital_flow_strength,2025-08-06,Q4,0.0005089780745701211
9312,capital_flow_strength,2025-08-07,Q4,-0.009367381505538175
9313,capital_flow_strength,2025-08-08,Q4,0.007247580742788529
9314,capital_flow_strength,2025-08-11,Q4,0.0004993929384529694
9315,capital_flow_strength,2025-08-12,Q4,0.002544769618280096
9316,capital_flow_strength,2025-08-13,Q4,0.009058004163763678
9317,capital_flow_strength,2025-08-14,Q4,0.028117357324343506
9318,capital_flow_strength,2025-08-15,Q4,0.010647792623667884
9319,capital_flow_strength,2025-08-18,Q4,0.06018341064261923
9320,capital_flow_strength,2025-08-19,Q4,0.04677660257516392
9321,capital_flow_strength,2025-08-20,Q4,0.013462093872604775
9322,capital_flow_strength,2025-08-21,Q4,0.003736173324340508
9323,capital_flow_strength,2025-08-22,Q4,0.005210172329531193
9324,capital_flow_strength,2025-08-25,Q4,-0.03676165172528989
9325,capital_flow_strength,2025-08-26,Q4,-0.033687007251456624
9326,capital_flow_strength,2025-08-27,Q4,-0.024395509472617594
9327,capital_flow_strength,2025-08-28,Q4,-0.024014543842465153
9328,capital_flow_strength,2025-08-29,Q4,-0.009464348566109282
9329,capital_flow_strength,2025-09-01,Q4,0.0015921269942770766
9330,capital_flow_strength,2025-09-02,Q4,0.0188733440571891
9331,capital_flow_strength,2025-09-03,Q4,0.03091260241794136
9332,capital_flow_strength,2025-09-04,Q4,0.0293403015030389
9333,capital_flow_strength,2025-09-05,Q4,0.02447204783555229
9334,capital_flow_strength,2025-09-08,Q4,0.01032415841070855
9335,capital_flow_strength,2025-09-09,Q4,0.006882520397462899
9336,capital_flow_strength,2025-09-10,Q4,0.01174751208298358
9337,capital_flow_strength,2025-09-11,Q4,-0.013826360686584938
9338,capital_flow_strength,2025-09-12,Q4,-0.0033943526367928856
9339,capital_flow_strength,2025-09-15,Q4,-0.006268949140708802
9340,capital_flow_strength,2025-09-16,Q4,-0.0304126505298023
9341,capital_flow_strength,2025-09-17,Q4,-0.01805814827103097
9342,capital_flow_strength,2025-09-18,Q4,0.00328407337411063
9343,capital_flow_strength,2025-09-19,Q4,-0.019249896900556063
9344,capital_flow_strength,2025-09-22,Q4,-0.013571432658604221
9345,capital_flow_strength,2025-09-23,Q4,0.007464821945979194
9346,capital_flow_strength,2025-09-24,Q4,-0.00896286045250494
9347,capital_flow_strength,2025-09-25,Q4,-0.0015442904071226171
9348,capital_flow_strength,2025-09-26,Q4,-0.016911765633982334
9349,capital_flow_strength,2025-09-29,Q4,-0.0152046951655333
9350,capital_flow_strength,2025-09-30,Q4,-0.018228458177266482
9351,capital_flow_strength,2025-10-09,Q4,-0.027645708339425257
9352,capital_flow_strength,2025-10-10,Q4,-0.04034439997039008
9353,capital_flow_strength,2025-10-13,Q4,-0.019649726939792667
9354,capital_flow_strength,2025-10-14,Q4,-0.016309993060263872
9355,capital_flow_strength,2025-10-15,Q4,-0.015874145403125428
9356,capital_flow_strength,2025-10-16,Q4,0.0016494643058064806
9357,capital_flow_strength,2025-10-17,Q4,0.004244440661301141
9358,capital_flow_strength,2025-10-20,Q4,-0.0015772855240666073
9359,capital_flow_strength,2025-10-21,Q4,-0.005864417248284459
9360,capital_flow_strength,2025-10-22,Q4,0.010608524588803736
9361,capital_flow_strength,2025-10-23,Q4,-0.0022376763415365986
9362,capital_flow_strength,2025-10-24,Q4,0.0058555903606826165
9363,capital_flow_strength,2025-10-27,Q4,0.01242635649568713
9364,capital_flow_strength,2025-10-28,Q4,0.004257037443536282
9365,capital_flow_strength,2025-10-29,Q4,-0.007131549398100789
9366,capital_flow_strength,2025-10-30,Q4,0.0012263072436485278
9367,capital_flow_strength,2025-10-31,Q4,0.010680054241878623
9368,capital_flow_strength,2025-11-03,Q4,0.013596872491173417
9369,capital_flow_strength,2025-11-04,Q4,0.026025439089988
9370,capital_flow_strength,2025-11-05,Q4,0.016728995026965232
9371,capital_flow_strength,2025-11-06,Q4,0.02048732797635522
9372,capital_flow_strength,2025-11-07,Q4,0.007281565945616353
9373,capital_flow_strength,2025-11-10,Q4,0.0010142220314444117
9374,capital_flow_strength,2025-11-11,Q4,-0.022986872422779858
9375,capital_flow_strength,2025-11-12,Q4,-0.029132369329643637
9376,capital_flow_strength,2025-11-13,Q4,-0.022498475181352173
9377,capital_flow_strength,2025-11-14,Q4,-0.04412978073523066
9378,capital_flow_strength,2025-11-17,Q4,-0.05097270727738623
9379,capital_flow_strength,2025-11-18,Q4,-0.0319815926394022
9380,capital_flow_strength,2025-11-19,Q4,-0.02961893475904681
9381,capital_flow_strength,2025-11-20,Q4,-0.07657931166816112
9382,capital_flow_strength,2025-11-21,Q4,-0.05395967615680708
9383,capital_flow_strength,2025-11-24,Q4,-0.05652126531909296
9384,capital_flow_strength,2025-11-25,Q4,-0.054417661207017076
9385,capital_flow_strength,2025-11-26,Q4,-0.061827281391549416
9386,capital_flow_strength,2025-11-27,Q4,-0.03706454047284663
9387,capital_flow_strength,2025-11-28,Q4,-0.03462095187532371
9388,capital_flow_strength,2025-12-01,Q4,-0.028941719382304554
9389,capital_flow_strength,2025-12-02,Q4,-0.05182830919564885
9390,capital_flow_strength,2025-12-03,Q4,0.010353734137865611
9391,capital_flow_strength,2025-12-04,Q4,-0.0037400356904220278
9392,capital_flow_strength,2025-12-05,Q4,-0.00984257835820912
9393,capital_flow_strength,2025-12-08,Q4,-0.03267501016369612
9394,capital_flow_strength,2025-12-09,Q4,-0.004731616927740767
9395,capital_flow_strength,2025-12-10,Q4,-0.051274986192109684
9396,capital_flow_strength,2025-12-11,Q4,-0.036099449960716956
9397,capital_flow_strength,2025-12-12,Q4,-0.023987204978528576
9398,capital_flow_strength,2025-12-15,Q4,0.008407347505481444
9399,capital_flow_strength,2025-12-16,Q4,-0.01585130112834532
9400,capital_flow_strength,2025-12-17,Q4,-0.013389268106749452
9401,capital_flow_strength,2025-12-18,Q4,-0.0014415418878860886
9402,capital_flow_strength,2025-12-19,Q4,-0.008781016924100105
9403,capital_flow_strength,2025-12-22,Q4,-0.017032648913699655
9404,capital_flow_strength,2025-12-23,Q4,-0.018868878512813825
9405,capital_flow_strength,2025-12-24,Q4,-0.018236143762985768
9406,capital_flow_strength,2025-12-25,Q4,-0.008629700359262304
9407,capital_flow_strength,2025-12-26,Q4,0.009622658848669752
9408,capital_flow_strength,2025-12-29,Q4,5.878507483964013e-05
9409,capital_flow_strength,2025-12-30,Q4,0.03818595587271956
9410,capital_flow_strength,2025-12-31,Q4,0.0423627174273431
9411,capital_flow_strength,2026-01-05,Q4,0.024920220972269758
9412,capital_flow_strength,2026-01-06,Q4,-0.001103777971155906
9413,capital_flow_strength,2026-01-07,Q4,-0.006450545863171064
9414,capital_flow_strength,2026-01-08,Q4,-0.007319405717312155
9415,capital_flow_strength,2026-01-09,Q4,-0.029837416499159497
9416,capital_flow_strength,2026-01-12,Q4,-0.02525898811327265
9417,capital_flow_strength,2026-01-13,Q4,-0.005246950132174799
9418,capital_flow_strength,2026-01-14,Q4,0.035231200227549
9419,capital_flow_strength,2026-01-15,Q4,0.02144516923014872
9420,capital_flow_strength,2026-01-16,Q4,0.05246930179650833
9421,capital_flow_strength,2026-01-19,Q4,0.03305636313538041
9422,capital_flow_strength,2026-01-20,Q4,0.010237014547267553
9423,capital_flow_strength,2026-01-21,Q4,0.005074509721535003
9424,capital_flow_strength,2026-01-22,Q4,0.031253732232192966
9425,capital_flow_strength,2026-01-23,Q4,-0.013440097142966734
9426,capital_flow_strength,2026-01-26,Q4,-0.03700680043369825
9427,capital_flow_strength,2026-01-27,Q4,-0.014961419172569546
9428,capital_flow_strength,2026-01-28,Q4,0.014821850029880457
9429,capital_flow_strength,2026-01-29,Q4,-0.026489611399870328
9430,capital_flow_strength,2026-01-30,Q4,-0.007172148567602732
9431,capital_flow_strength,2026-02-02,Q4,0.06354686151789746
9432,capital_flow_strength,2026-02-03,Q4,0.03673136949029043
9433,capital_flow_strength,2026-02-04,Q4,0.0010760025690715325
9434,capital_flow_strength,2026-02-05,Q4,0.001966162548513506
9435,capital_flow_strength,2026-02-06,Q4,0.005879323271393788
9436,capital_flow_strength,2026-02-09,Q4,-0.009284374811009133
9437,capital_flow_strength,2026-02-10,Q4,0.062188890164105115
9438,capital_flow_strength,2026-02-11,Q4,0.01893860040671369
9439,capital_flow_strength,2026-02-12,Q4,0.030413837460193938
9440,capital_flow_strength,2026-02-13,Q4,0.019625423576447254
9441,capital_flow_strength,2026-02-24,Q4,-0.01266766241977102
9442,capital_flow_strength,2026-02-25,Q4,-0.07661001451223526
9443,capital_flow_strength,2026-02-26,Q4,-0.036302950951983326
9444,capital_flow_strength,2026-02-27,Q4,-0.031283416082284965
9445,capital_flow_strength,2026-03-02,Q4,-0.01965406222995475
9446,capital_flow_strength,2026-03-03,Q4,0.0031056118304584324
9447,capital_flow_strength,2026-03-04,Q4,0.022147661165552335
9448,capital_flow_strength,2026-03-05,Q4,0.009249137365193116
9449,capital_flow_strength,2026-03-06,Q4,-0.0032567805540340555
9450,capital_flow_strength,2026-03-09,Q4,-0.0009908715336512386
9451,capital_flow_strength,2026-03-10,Q4,-0.0019320896110137653
9452,capital_flow_strength,2026-03-11,Q4,-0.02452559479503197
9453,capital_flow_strength,2026-03-12,Q4,-0.047505554245476644
9454,capital_flow_strength,2026-03-13,Q4,-0.06718891121399317
9455,capital_flow_strength,2026-03-16,Q4,-0.11431267365709286
9456,capital_flow_strength,2026-03-17,Q4,-0.10231563487713513
9457,capital_flow_strength,2026-03-18,Q4,-0.07722747083692083
9458,capital_flow_strength,2026-03-19,Q4,-0.06299017915047378
9459,capital_flow_strength,2026-03-20,Q4,-0.03335701375813638
9460,capital_flow_strength,2026-03-23,Q4,0.017021072026500716
9461,capital_flow_strength,2026-03-24,Q4,-0.012224955907137791
9462,capital_flow_strength,2026-03-25,Q4,-0.013020010157219486
9463,capital_flow_strength,2026-03-26,Q4,-0.022594852978891522
9464,capital_flow_strength,2026-03-27,Q4,-0.05048176844713681
9465,capital_flow_strength,2026-03-30,Q4,-0.04145752454093832
9466,capital_flow_strength,2026-03-31,Q4,-0.002765337571551618
9467,capital_flow_strength,2026-04-01,Q4,-0.02881741045264291
9468,capital_flow_strength,2026-04-02,Q4,0.0006678510404259375
9469,capital_flow_strength,2026-04-03,Q4,0.033619212405769594
9470,capital_flow_strength,2026-04-07,Q4,0.044643354379790945
9471,capital_flow_strength,2026-04-08,Q4,0.004768777561522497
9472,capital_flow_strength,2026-04-09,Q4,0.02404329247236614
9473,capital_flow_strength,2026-04-10,Q4,0.013451812546046327
9474,capital_flow_strength,2026-04-13,Q4,0.0014562479745245938
9475,capital_flow_strength,2026-04-14,Q4,-0.016026653258500667
9476,capital_flow_strength,2026-04-15,Q4,-0.009107779121211523
9477,capital_flow_strength,2026-04-16,Q4,-0.02664867586982772
9478,capital_flow_strength,2026-04-17,Q4,-0.035345221952421624
9479,capital_flow_strength,2026-04-20,Q4,-0.03537908947154844
9480,capital_flow_strength,2026-04-21,Q4,-0.07441841640017166
9481,capital_flow_strength,2026-04-22,Q4,-0.05117785369266553
9482,capital_flow_strength,2026-04-23,Q4,-0.036093579059979064
9483,capital_flow_strength,2025-01-21,Q5,-0.052984112493239255
9484,capital_flow_strength,2025-01-22,Q5,-0.002051664571946721
9485,capital_flow_strength,2025-01-23,Q5,0.009190869285193304
9486,capital_flow_strength,2025-01-24,Q5,0.02028031829172139
9487,capital_flow_strength,2025-01-27,Q5,0.017761307234965718
9488,capital_flow_strength,2025-02-05,Q5,0.03553209630412679
9489,capital_flow_strength,2025-02-06,Q5,0.028855980264588132
9490,capital_flow_strength,2025-02-07,Q5,0.012490780834120585
9491,capital_flow_strength,2025-02-10,Q5,0.0015742777468517044
9492,capital_flow_strength,2025-02-11,Q5,-0.009913323240354766
9493,capital_flow_strength,2025-02-12,Q5,-0.02341408973111392
9494,capital_flow_strength,2025-02-13,Q5,-0.018253545357944934
9495,capital_flow_strength,2025-02-14,Q5,-0.02380274386659509
9496,capital_flow_strength,2025-02-17,Q5,-0.04761251748532802
9497,capital_flow_strength,2025-02-18,Q5,-0.033163356011121914
9498,capital_flow_strength,2025-02-19,Q5,-0.013352204474154972
9499,capital_flow_strength,2025-02-20,Q5,-0.005402593838957026
9500,capital_flow_strength,2025-02-21,Q5,-0.025025862143606137
9501,capital_flow_strength,2025-02-24,Q5,-0.00958621123404696
9502,capital_flow_strength,2025-02-25,Q5,0.011884092243900524
9503,capital_flow_strength,2025-02-26,Q5,-0.0007315161165877826
9504,capital_flow_strength,2025-02-27,Q5,-0.0017985392809667933
9505,capital_flow_strength,2025-02-28,Q5,0.010773323637969567
9506,capital_flow_strength,2025-03-03,Q5,0.0034752355393231626
9507,capital_flow_strength,2025-03-04,Q5,0.020399072591757994
9508,capital_flow_strength,2025-03-05,Q5,0.018883721983977364
9509,capital_flow_strength,2025-03-06,Q5,-0.005150697122877856
9510,capital_flow_strength,2025-03-07,Q5,0.02449944855874986
9511,capital_flow_strength,2025-03-10,Q5,0.009316099575192582
9512,capital_flow_strength,2025-03-11,Q5,-0.018501274498280207
9513,capital_flow_strength,2025-03-12,Q5,-0.02518527984592117
9514,capital_flow_strength,2025-03-13,Q5,-0.017084584823025717
9515,capital_flow_strength,2025-03-14,Q5,-0.010075773081954176
9516,capital_flow_strength,2025-03-17,Q5,-0.01505098026322954
9517,capital_flow_strength,2025-03-18,Q5,-0.006416132323566581
9518,capital_flow_strength,2025-03-19,Q5,0.013124824654966338
9519,capital_flow_strength,2025-03-20,Q5,0.06972249151717408
9520,capital_flow_strength,2025-03-21,Q5,0.07089970932009837
9521,capital_flow_strength,2025-03-24,Q5,0.05722759274919226
9522,capital_flow_strength,2025-03-25,Q5,0.047448737597796053
9523,capital_flow_strength,2025-03-26,Q5,0.02174994983674844
9524,capital_flow_strength,2025-03-27,Q5,-0.03378095532855546
9525,capital_flow_strength,2025-03-28,Q5,-0.12463955326233633
9526,capital_flow_strength,2025-03-31,Q5,-0.12790583381517695
9527,capital_flow_strength,2025-04-01,Q5,-0.11144656991395535
9528,capital_flow_strength,2025-04-02,Q5,-0.08865710944024902
9529,capital_flow_strength,2025-04-03,Q5,-0.06862173812341227
9530,capital_flow_strength,2025-04-07,Q5,0.016329837783552015
9531,capital_flow_strength,2025-04-08,Q5,0.0559198481971136
9532,capital_flow_strength,2025-04-09,Q5,0.030374114858164547
9533,capital_flow_strength,2025-04-10,Q5,0.018814885616898147
9534,capital_flow_strength,2025-04-11,Q5,0.024443730978104372
9535,capital_flow_strength,2025-04-14,Q5,0.00806031074737601
9536,capital_flow_strength,2025-04-15,Q5,0.015256081892929596
9537,capital_flow_strength,2025-04-16,Q5,0.02152422756245498
9538,capital_flow_strength,2025-04-17,Q5,0.006656581684820362
9539,capital_flow_strength,2025-04-18,Q5,-0.021599742063858562
9540,capital_flow_strength,2025-04-21,Q5,-0.017339389959173557
9541,capital_flow_strength,2025-04-22,Q5,-0.015178457476271445
9542,capital_flow_strength,2025-04-23,Q5,-0.010762177343384749
9543,capital_flow_strength,2025-04-24,Q5,0.006290562803562549
9544,capital_flow_strength,2025-04-25,Q5,0.025708238096005198
9545,capital_flow_strength,2025-04-28,Q5,0.04247131424664552
9546,capital_flow_strength,2025-04-29,Q5,0.02211833427072729
9547,capital_flow_strength,2025-04-30,Q5,0.02090618874047967
9548,capital_flow_strength,2025-05-06,Q5,0.01737670173515804
9549,capital_flow_strength,2025-05-07,Q5,0.021181170258184334
9550,capital_flow_strength,2025-05-08,Q5,0.0034786879794740377
9551,capital_flow_strength,2025-05-09,Q5,0.016525098081895728
9552,capital_flow_strength,2025-05-12,Q5,0.04727570320349617
9553,capital_flow_strength,2025-05-13,Q5,0.03755662861154552
9554,capital_flow_strength,2025-05-14,Q5,0.01355083691649106
9555,capital_flow_strength,2025-05-15,Q5,0.03233044078387792
9556,capital_flow_strength,2025-05-16,Q5,0.021919862145402758
9557,capital_flow_strength,2025-05-19,Q5,-0.002829970837315565
9558,capital_flow_strength,2025-05-20,Q5,0.027511155354745576
9559,capital_flow_strength,2025-05-21,Q5,0.025881425161896843
9560,capital_flow_strength,2025-05-22,Q5,0.006322858061583392
9561,capital_flow_strength,2025-05-23,Q5,0.016936952819540885
9562,capital_flow_strength,2025-05-26,Q5,0.006189973191758458
9563,capital_flow_strength,2025-05-27,Q5,-0.01929973559341336
9564,capital_flow_strength,2025-05-28,Q5,-0.013023630957680554
9565,capital_flow_strength,2025-05-29,Q5,-0.0031196203249588828
9566,capital_flow_strength,2025-05-30,Q5,-0.002891610926634147
9567,capital_flow_strength,2025-06-03,Q5,0.0051928912491464585
9568,capital_flow_strength,2025-06-04,Q5,0.018226480259062372
9569,capital_flow_strength,2025-06-05,Q5,0.015869637660585134
9570,capital_flow_strength,2025-06-06,Q5,1.88359185950282e-05
9571,capital_flow_strength,2025-06-09,Q5,0.002680569664611443
9572,capital_flow_strength,2025-06-10,Q5,-0.0013826269253350287
9573,capital_flow_strength,2025-06-11,Q5,-0.024149160277467607
9574,capital_flow_strength,2025-06-12,Q5,-0.03195412955884519
9575,capital_flow_strength,2025-06-13,Q5,0.004676067264696215
9576,capital_flow_strength,2025-06-16,Q5,-0.0051084129362545805
9577,capital_flow_strength,2025-06-17,Q5,0.005761620035010073
9578,capital_flow_strength,2025-06-18,Q5,0.023530223508601678
9579,capital_flow_strength,2025-06-19,Q5,0.046372419263051246
9580,capital_flow_strength,2025-06-20,Q5,0.00856550881935264
9581,capital_flow_strength,2025-06-23,Q5,-0.008439698471580659
9582,capital_flow_strength,2025-06-24,Q5,-0.014639962117592997
9583,capital_flow_strength,2025-06-25,Q5,-0.02650131192577826
9584,capital_flow_strength,2025-06-26,Q5,-0.03422213905391619
9585,capital_flow_strength,2025-06-27,Q5,-0.01424927237716933
9586,capital_flow_strength,2025-06-30,Q5,0.02165983620885681
9587,capital_flow_strength,2025-07-01,Q5,0.0182010677860579
9588,capital_flow_strength,2025-07-02,Q5,0.02426346989154693
9589,capital_flow_strength,2025-07-03,Q5,0.04782126849517976
9590,capital_flow_strength,2025-07-04,Q5,0.02902127547316924
9591,capital_flow_strength,2025-07-07,Q5,0.00861213844465758
9592,capital_flow_strength,2025-07-08,Q5,-0.008548576706108146
9593,capital_flow_strength,2025-07-09,Q5,-0.016422350600491575
9594,capital_flow_strength,2025-07-10,Q5,-0.0392795041707002
9595,capital_flow_strength,2025-07-11,Q5,-0.02585276555286209
9596,capital_flow_strength,2025-07-14,Q5,-0.02211432010802633
9597,capital_flow_strength,2025-07-15,Q5,-0.013401120786323883
9598,capital_flow_strength,2025-07-16,Q5,-0.008344915160289235
9599,capital_flow_strength,2025-07-17,Q5,-0.011121188513792402
9600,capital_flow_strength,2025-07-18,Q5,-0.012980803027475174
9601,capital_flow_strength,2025-07-21,Q5,0.005234451930177075
9602,capital_flow_strength,2025-07-22,Q5,0.0020080626911070376
9603,capital_flow_strength,2025-07-23,Q5,0.0008192697167312413
9604,capital_flow_strength,2025-07-24,Q5,-0.013630273920464508
9605,capital_flow_strength,2025-07-25,Q5,-0.012403403158099957
9606,capital_flow_strength,2025-07-28,Q5,-0.025170558695734535
9607,capital_flow_strength,2025-07-29,Q5,-0.0026190376393426806
9608,capital_flow_strength,2025-07-30,Q5,0.0012029129526673343
9609,capital_flow_strength,2025-07-31,Q5,0.025234050805342023
9610,capital_flow_strength,2025-08-01,Q5,0.034154292015837306
9611,capital_flow_strength,2025-08-04,Q5,0.05032470598653582
9612,capital_flow_strength,2025-08-05,Q5,0.09214294925929051
9613,capital_flow_strength,2025-08-06,Q5,0.08447830084960767
9614,capital_flow_strength,2025-08-07,Q5,0.051378721859539844
9615,capital_flow_strength,2025-08-08,Q5,0.05007679117075664
9616,capital_flow_strength,2025-08-11,Q5,0.058903475884462486
9617,capital_flow_strength,2025-08-12,Q5,0.015860772662041334
9618,capital_flow_strength,2025-08-13,Q5,0.009074889996246616
9619,capital_flow_strength,2025-08-14,Q5,0.013356993275661755
9620,capital_flow_strength,2025-08-15,Q5,-0.002874160575499496
9621,capital_flow_strength,2025-08-18,Q5,-0.008711402293533677
9622,capital_flow_strength,2025-08-19,Q5,-0.02254951001111316
9623,capital_flow_strength,2025-08-20,Q5,-0.042080879098699675
9624,capital_flow_strength,2025-08-21,Q5,-0.008994786657876563
9625,capital_flow_strength,2025-08-22,Q5,0.002325120169960504
9626,capital_flow_strength,2025-08-25,Q5,-0.03067546989597797
9627,capital_flow_strength,2025-08-26,Q5,-0.01947613662780745
9628,capital_flow_strength,2025-08-27,Q5,0.0034828071225873614
9629,capital_flow_strength,2025-08-28,Q5,-0.007195281535490539
9630,capital_flow_strength,2025-08-29,Q5,0.0067430047127345905
9631,capital_flow_strength,2025-09-01,Q5,0.020442791871268573
9632,capital_flow_strength,2025-09-02,Q5,0.004193776812312533
9633,capital_flow_strength,2025-09-03,Q5,0.018732804737150888
9634,capital_flow_strength,2025-09-04,Q5,0.018931814137985503
9635,capital_flow_strength,2025-09-05,Q5,0.0006544652523950978
9636,capital_flow_strength,2025-09-08,Q5,-0.011323103405862511
9637,capital_flow_strength,2025-09-09,Q5,0.0053862842978459335
9638,capital_flow_strength,2025-09-10,Q5,0.029006030713194242
9639,capital_flow_strength,2025-09-11,Q5,-0.006032437349382858
9640,capital_flow_strength,2025-09-12,Q5,0.010703410154649873
9641,capital_flow_strength,2025-09-15,Q5,0.017823806527443586
9642,capital_flow_strength,2025-09-16,Q5,0.04945065608725363
9643,capital_flow_strength,2025-09-17,Q5,0.0680444406619824
9644,capital_flow_strength,2025-09-18,Q5,0.09673035932078866
9645,capital_flow_strength,2025-09-19,Q5,0.09293551551515461
9646,capital_flow_strength,2025-09-22,Q5,0.08983841881129967
9647,capital_flow_strength,2025-09-23,Q5,0.10250774740559954
9648,capital_flow_strength,2025-09-24,Q5,0.08260331580385938
9649,capital_flow_strength,2025-09-25,Q5,0.14463478105361038
9650,capital_flow_strength,2025-09-26,Q5,0.1903259620628166
9651,capital_flow_strength,2025-09-29,Q5,0.24622818941282998
9652,capital_flow_strength,2025-09-30,Q5,0.10565810750837445
9653,capital_flow_strength,2025-10-09,Q5,0.0337901083849339
9654,capital_flow_strength,2025-10-10,Q5,0.011250456539126874
9655,capital_flow_strength,2025-10-13,Q5,-0.04139238504497583
9656,capital_flow_strength,2025-10-14,Q5,-0.026717242529577412
9657,capital_flow_strength,2025-10-15,Q5,0.034272069814132666
9658,capital_flow_strength,2025-10-16,Q5,0.12180341045949716
9659,capital_flow_strength,2025-10-17,Q5,0.08054700016096861
9660,capital_flow_strength,2025-10-20,Q5,0.057622879596023635
9661,capital_flow_strength,2025-10-21,Q5,-0.013757022220647952
9662,capital_flow_strength,2025-10-22,Q5,-0.009450453462416075
9663,capital_flow_strength,2025-10-23,Q5,-0.06375160024030124
9664,capital_flow_strength,2025-10-24,Q5,-0.05881369014776655
9665,capital_flow_strength,2025-10-27,Q5,-0.03886867345393408
9666,capital_flow_strength,2025-10-28,Q5,-0.0291171364588092
9667,capital_flow_strength,2025-10-29,Q5,-0.029980087117710552
9668,capital_flow_strength,2025-10-30,Q5,-0.01444629471209824
9669,capital_flow_strength,2025-10-31,Q5,-0.009951385857174477
9670,capital_flow_strength,2025-11-03,Q5,-0.010248687937344958
9671,capital_flow_strength,2025-11-04,Q5,0.0005174402518566268
9672,capital_flow_strength,2025-11-05,Q5,-0.016196074932004978
9673,capital_flow_strength,2025-11-06,Q5,-0.015634295774169582
9674,capital_flow_strength,2025-11-07,Q5,-0.015581940123530758
9675,capital_flow_strength,2025-11-10,Q5,-0.011725676960985698
9676,capital_flow_strength,2025-11-11,Q5,-0.0198693848176556
9677,capital_flow_strength,2025-11-12,Q5,-0.020426283659860267
9678,capital_flow_strength,2025-11-13,Q5,-0.019108755847429548
9679,capital_flow_strength,2025-11-14,Q5,-0.049185330710743436
9680,capital_flow_strength,2025-11-17,Q5,-0.05308547953454157
9681,capital_flow_strength,2025-11-18,Q5,-0.026685914671839006
9682,capital_flow_strength,2025-11-19,Q5,-0.008770638816329224
9683,capital_flow_strength,2025-11-20,Q5,-0.017757698802886024
9684,capital_flow_strength,2025-11-21,Q5,0.020864000352613155
9685,capital_flow_strength,2025-11-24,Q5,0.004359133116105474
9686,capital_flow_strength,2025-11-25,Q5,-0.030723283243420385
9687,capital_flow_strength,2025-11-26,Q5,-0.05110768375274055
9688,capital_flow_strength,2025-11-27,Q5,-0.048609385244448966
9689,capital_flow_strength,2025-11-28,Q5,-0.04522550500162392
9690,capital_flow_strength,2025-12-01,Q5,-0.017817647647667634
9691,capital_flow_strength,2025-12-02,Q5,-0.005075850649302327
9692,capital_flow_strength,2025-12-03,Q5,0.015273738053657893
9693,capital_flow_strength,2025-12-04,Q5,0.0013636916034818758
9694,capital_flow_strength,2025-12-05,Q5,-0.011770013525682299
9695,capital_flow_strength,2025-12-08,Q5,-0.019532977061220924
9696,capital_flow_strength,2025-12-09,Q5,-0.039887199589644706
9697,capital_flow_strength,2025-12-10,Q5,-0.03167533731121108
9698,capital_flow_strength,2025-12-11,Q5,-0.010626619289937966
9699,capital_flow_strength,2025-12-12,Q5,0.0004057148851236425
9700,capital_flow_strength,2025-12-15,Q5,-0.0016022431993490405
9701,capital_flow_strength,2025-12-16,Q5,0.028057011421595224
9702,capital_flow_strength,2025-12-17,Q5,0.021420050755852627
9703,capital_flow_strength,2025-12-18,Q5,0.024312253826457797
9704,capital_flow_strength,2025-12-19,Q5,0.017518800422802128
9705,capital_flow_strength,2025-12-22,Q5,0.002758627704934402
9706,capital_flow_strength,2025-12-23,Q5,-0.0014235874370478463
9707,capital_flow_strength,2025-12-24,Q5,-0.004625562955276774
9708,capital_flow_strength,2025-12-25,Q5,-0.019956303929275776
9709,capital_flow_strength,2025-12-26,Q5,-0.010559755060500331
9710,capital_flow_strength,2025-12-29,Q5,0.0024397726882492976
9711,capital_flow_strength,2025-12-30,Q5,0.004349267900889853
9712,capital_flow_strength,2025-12-31,Q5,0.012241310725074395
9713,capital_flow_strength,2026-01-05,Q5,0.006324677465107453
9714,capital_flow_strength,2026-01-06,Q5,-0.023781915648827923
9715,capital_flow_strength,2026-01-07,Q5,-0.02838742359432278
9716,capital_flow_strength,2026-01-08,Q5,-0.039434039049204284
9717,capital_flow_strength,2026-01-09,Q5,-0.05808552443381099
9718,capital_flow_strength,2026-01-12,Q5,-0.0521536062647901
9719,capital_flow_strength,2026-01-13,Q5,-0.025019821102356787
9720,capital_flow_strength,2026-01-14,Q5,-0.002721822134665375
9721,capital_flow_strength,2026-01-15,Q5,0.007649780483209523
9722,capital_flow_strength,2026-01-16,Q5,0.01983651582709539
9723,capital_flow_strength,2026-01-19,Q5,0.0015489757212427957
9724,capital_flow_strength,2026-01-20,Q5,-0.03019926113654614
9725,capital_flow_strength,2026-01-21,Q5,-0.04717598502582454
9726,capital_flow_strength,2026-01-22,Q5,-0.03450203175897293
9727,capital_flow_strength,2026-01-23,Q5,-0.04732039306333452
9728,capital_flow_strength,2026-01-26,Q5,-0.03678549589935398
9729,capital_flow_strength,2026-01-27,Q5,-0.009034639373408149
9730,capital_flow_strength,2026-01-28,Q5,0.012707771805313017
9731,capital_flow_strength,2026-01-29,Q5,0.001525379955090389
9732,capital_flow_strength,2026-01-30,Q5,0.011273027525795287
9733,capital_flow_strength,2026-02-02,Q5,0.04813005302201945
9734,capital_flow_strength,2026-02-03,Q5,0.030980940271098767
9735,capital_flow_strength,2026-02-04,Q5,0.02056227111446718
9736,capital_flow_strength,2026-02-05,Q5,0.005249959277027427
9737,capital_flow_strength,2026-02-06,Q5,0.018720865989889368
9738,capital_flow_strength,2026-02-09,Q5,-0.013090253314630484
9739,capital_flow_strength,2026-02-10,Q5,0.014201634271264973
9740,capital_flow_strength,2026-02-11,Q5,-0.010637730030080617
9741,capital_flow_strength,2026-02-12,Q5,0.0016105766197430094
9742,capital_flow_strength,2026-02-13,Q5,-0.028730695987659594
9743,capital_flow_strength,2026-02-24,Q5,-0.039670450504639965
9744,capital_flow_strength,2026-02-25,Q5,-0.0647572919377028
9745,capital_flow_strength,2026-02-26,Q5,-0.03548516960917697
9746,capital_flow_strength,2026-02-27,Q5,-0.011751597630301591
9747,capital_flow_strength,2026-03-02,Q5,-0.00918098480341556
9748,capital_flow_strength,2026-03-03,Q5,0.030661600849482717
9749,capital_flow_strength,2026-03-04,Q5,0.04169774862740672
9750,capital_flow_strength,2026-03-05,Q5,0.027826925283069515
9751,capital_flow_strength,2026-03-06,Q5,-0.0003932644361884785
9752,capital_flow_strength,2026-03-09,Q5,0.024949030355362667
9753,capital_flow_strength,2026-03-10,Q5,0.005252309298444335
9754,capital_flow_strength,2026-03-11,Q5,0.009238021154473808
9755,capital_flow_strength,2026-03-12,Q5,-0.003842341216100109
9756,capital_flow_strength,2026-03-13,Q5,-0.021162044291696158
9757,capital_flow_strength,2026-03-16,Q5,-0.07828871641174823
9758,capital_flow_strength,2026-03-17,Q5,-0.04050131069427515
9759,capital_flow_strength,2026-03-18,Q5,-0.021475206904144117
9760,capital_flow_strength,2026-03-19,Q5,0.0016548198375370138
9761,capital_flow_strength,2026-03-20,Q5,0.023565313599603344
9762,capital_flow_strength,2026-03-23,Q5,0.07017231165749827
9763,capital_flow_strength,2026-03-24,Q5,0.018669888523290434
9764,capital_flow_strength,2026-03-25,Q5,0.01016215535154985
9765,capital_flow_strength,2026-03-26,Q5,0.007899980975252463
9766,capital_flow_strength,2026-03-27,Q5,-0.042181406940641764
9767,capital_flow_strength,2026-03-30,Q5,-0.029854396814931128
9768,capital_flow_strength,2026-03-31,Q5,0.006899058251044532
9769,capital_flow_strength,2026-04-01,Q5,-0.0219715113582285
9770,capital_flow_strength,2026-04-02,Q5,-0.021438718085232567
9771,capital_flow_strength,2026-04-03,Q5,0.024132178017169104
9772,capital_flow_strength,2026-04-07,Q5,0.040766674038267725
9773,capital_flow_strength,2026-04-08,Q5,0.009426603416062773
9774,capital_flow_strength,2026-04-09,Q5,0.05119267971782493
9775,capital_flow_strength,2026-04-10,Q5,0.04766039461366178
9776,capital_flow_strength,2026-04-13,Q5,0.06656465692301844
9777,capital_flow_strength,2026-04-14,Q5,0.04229900940988052
9778,capital_flow_strength,2026-04-15,Q5,0.04554996629905289
9779,capital_flow_strength,2026-04-16,Q5,0.01296359530907687
9780,capital_flow_strength,2026-04-17,Q5,0.015742326679412777
9781,capital_flow_strength,2026-04-20,Q5,-0.005060661380306475
9782,capital_flow_strength,2026-04-21,Q5,-0.008188059245760826
9783,capital_flow_strength,2026-04-22,Q5,0.011782829901454794
9784,capital_flow_strength,2026-04-23,Q5,0.02124388676539546
9785,unusual_count,2025-01-21,Q2,-0.046276793662857904
9786,unusual_count,2025-01-22,Q2,-0.005823976173343426
9787,unusual_count,2025-01-23,Q2,0.011866929508430735
9788,unusual_count,2025-01-24,Q2,0.01830673587898044
9789,unusual_count,2025-01-27,Q2,0.015099451203482706
9790,unusual_count,2025-02-05,Q2,0.059559561602899304
9791,unusual_count,2025-02-06,Q2,0.05419657102485198
9792,unusual_count,2025-02-07,Q2,0.03063255465259047
9793,unusual_count,2025-02-10,Q2,0.018663050100652657
9794,unusual_count,2025-02-11,Q2,0.012075066527403311
9795,unusual_count,2025-02-12,Q2,-0.019333330709156882
9796,unusual_count,2025-02-13,Q2,-0.025085260221910467
9797,unusual_count,2025-02-14,Q2,-0.02629276521118116
9798,unusual_count,2025-02-17,Q2,-0.0225519912892296
9799,unusual_count,2025-02-18,Q2,-0.01221558206313833
9800,unusual_count,2025-02-19,Q2,0.0032504772868488852
9801,unusual_count,2025-02-20,Q2,0.010769394910956808
9802,unusual_count,2025-02-21,Q2,-0.009959034185703186
9803,unusual_count,2025-02-24,Q2,-0.0069691306310793125
9804,unusual_count,2025-02-25,Q2,0.005115088849496874
9805,unusual_count,2025-02-26,Q2,-0.018671606750880552
9806,unusual_count,2025-02-27,Q2,-0.007099624321366349
9807,unusual_count,2025-02-28,Q2,-0.0035544430561392113
9808,unusual_count,2025-03-03,Q2,-0.013927184540639837
9809,unusual_count,2025-03-04,Q2,0.0011280592404105283
9810,unusual_count,2025-03-05,Q2,0.008902354335836193
9811,unusual_count,2025-03-06,Q2,-0.0162895898237956
9812,unusual_count,2025-03-07,Q2,0.018079583644549136
9813,unusual_count,2025-03-10,Q2,0.015047378176777638
9814,unusual_count,2025-03-11,Q2,-0.0013953952151817717
9815,unusual_count,2025-03-12,Q2,-0.0078290962457781
9816,unusual_count,2025-03-13,Q2,-0.00011692851052071961
9817,unusual_count,2025-03-14,Q2,-0.01157371613535707
9818,unusual_count,2025-03-17,Q2,-0.026810819267212294
9819,unusual_count,2025-03-18,Q2,-0.01813848938825604
9820,unusual_count,2025-03-19,Q2,-0.004793741936204366
9821,unusual_count,2025-03-20,Q2,0.017843090987773657
9822,unusual_count,2025-03-21,Q2,0.015476791490212439
9823,unusual_count,2025-03-24,Q2,0.013319005593828304
9824,unusual_count,2025-03-25,Q2,0.01330641418255334
9825,unusual_count,2025-03-26,Q2,-0.0023387955034086306
9826,unusual_count,2025-03-27,Q2,-0.020045681188376574
9827,unusual_count,2025-03-28,Q2,-0.10446439814634682
9828,unusual_count,2025-03-31,Q2,-0.09252220762573685
9829,unusual_count,2025-04-01,Q2,-0.0759215330212499
9830,unusual_count,2025-04-02,Q2,-0.05328126740450314
9831,unusual_count,2025-04-03,Q2,-0.053915178017986135
9832,unusual_count,2025-04-07,Q2,0.045066413178300554
9833,unusual_count,2025-04-08,Q2,0.048462140253568056
9834,unusual_count,2025-04-09,Q2,0.019169323292883365
9835,unusual_count,2025-04-10,Q2,0.008536564998683983
9836,unusual_count,2025-04-11,Q2,0.02310801015639361
9837,unusual_count,2025-04-14,Q2,0.007381632914824854
9838,unusual_count,2025-04-15,Q2,0.019813557960401674
9839,unusual_count,2025-04-16,Q2,0.019873510288239228
9840,unusual_count,2025-04-17,Q2,0.004691791995085626
9841,unusual_count,2025-04-18,Q2,-0.01575877213000256
9842,unusual_count,2025-04-21,Q2,-0.028557403907458777
9843,unusual_count,2025-04-22,Q2,-0.028953633533893595
9844,unusual_count,2025-04-23,Q2,-0.014258312915904492
9845,unusual_count,2025-04-24,Q2,0.0032695978379908342
9846,unusual_count,2025-04-25,Q2,0.020380248845555983
9847,unusual_count,2025-04-28,Q2,0.04241900209704434
9848,unusual_count,2025-04-29,Q2,0.029129556050815398
9849,unusual_count,2025-04-30,Q2,0.022372853917421054
9850,unusual_count,2025-05-06,Q2,0.014556214502964782
9851,unusual_count,2025-05-07,Q2,0.009945273929084352
9852,unusual_count,2025-05-08,Q2,-0.0014400948952010494
9853,unusual_count,2025-05-09,Q2,0.007539008578111672
9854,unusual_count,2025-05-12,Q2,0.024132099296986963
9855,unusual_count,2025-05-13,Q2,0.017897973154807102
9856,unusual_count,2025-05-14,Q2,0.004722510784751411
9857,unusual_count,2025-05-15,Q2,0.012022860044026173
9858,unusual_count,2025-05-16,Q2,-0.0006927714272892294
9859,unusual_count,2025-05-19,Q2,-0.016164084990991513
9860,unusual_count,2025-05-20,Q2,0.003472610541249943
9861,unusual_count,2025-05-21,Q2,0.002466581130747647
9862,unusual_count,2025-05-22,Q2,0.006084363651442315
9863,unusual_count,2025-05-23,Q2,0.01630216760441061
9864,unusual_count,2025-05-26,Q2,0.004235605758648853
9865,unusual_count,2025-05-27,Q2,-0.009019017101932847
9866,unusual_count,2025-05-28,Q2,-0.00501519211503616
9867,unusual_count,2025-05-29,Q2,-0.003076342967015955
9868,unusual_count,2025-05-30,Q2,0.003262648832539705
9869,unusual_count,2025-06-03,Q2,0.006701268863824739
9870,unusual_count,2025-06-04,Q2,0.015784674266682664
9871,unusual_count,2025-06-05,Q2,0.009061696207391811
9872,unusual_count,2025-06-06,Q2,-0.007815901375210954
9873,unusual_count,2025-06-09,Q2,-0.006407402624164083
9874,unusual_count,2025-06-10,Q2,-0.004274656186320547
9875,unusual_count,2025-06-11,Q2,-0.02857098793075017
9876,unusual_count,2025-06-12,Q2,-0.034720582011376
9877,unusual_count,2025-06-13,Q2,-0.013394532937208447
9878,unusual_count,2025-06-16,Q2,-0.007096871822146422
9879,unusual_count,2025-06-17,Q2,0.013851887306534083
9880,unusual_count,2025-06-18,Q2,0.03586033830131356
9881,unusual_count,2025-06-19,Q2,0.05211423398771586
9882,unusual_count,2025-06-20,Q2,0.03443098773813376
9883,unusual_count,2025-06-23,Q2,0.01553729055340063
9884,unusual_count,2025-06-24,Q2,0.00022925271689078208
9885,unusual_count,2025-06-25,Q2,-0.00536570851508007
9886,unusual_count,2025-06-26,Q2,-0.009492457698165336
9887,unusual_count,2025-06-27,Q2,-0.0028486863637261716
9888,unusual_count,2025-06-30,Q2,0.01602809718605034
9889,unusual_count,2025-07-01,Q2,0.016685435085777224
9890,unusual_count,2025-07-02,Q2,0.011580894394087604
9891,unusual_count,2025-07-03,Q2,0.03796287941787844
9892,unusual_count,2025-07-04,Q2,0.033138314699029836
9893,unusual_count,2025-07-07,Q2,0.011922717921342873
9894,unusual_count,2025-07-08,Q2,-0.005559923667892752
9895,unusual_count,2025-07-09,Q2,-0.008234720571390098
9896,unusual_count,2025-07-10,Q2,-0.029618204399134672
9897,unusual_count,2025-07-11,Q2,-0.02247903432384073
9898,unusual_count,2025-07-14,Q2,-0.014490696484529608
9899,unusual_count,2025-07-15,Q2,0.0029487453586185763
9900,unusual_count,2025-07-16,Q2,0.004534307929806425
9901,unusual_count,2025-07-17,Q2,0.012082510641438038
9902,unusual_count,2025-07-18,Q2,0.009641129569113938
9903,unusual_count,2025-07-21,Q2,0.021283526753934124
9904,unusual_count,2025-07-22,Q2,0.011262376084153947
9905,unusual_count,2025-07-23,Q2,0.007191020669325687
9906,unusual_count,2025-07-24,Q2,-0.02335565011103167
9907,unusual_count,2025-07-25,Q2,-0.022193290612413107
9908,unusual_count,2025-07-28,Q2,-0.029595404605384856
9909,unusual_count,2025-07-29,Q2,-0.020146045417534286
9910,unusual_count,2025-07-30,Q2,-0.012928705662066919
9911,unusual_count,2025-07-31,Q2,0.016472558428058302
9912,unusual_count,2025-08-01,Q2,0.019178123204802545
9913,unusual_count,2025-08-04,Q2,0.04605783526676088
9914,unusual_count,2025-08-05,Q2,0.08516026795853893
9915,unusual_count,2025-08-06,Q2,0.07098252817424748
9916,unusual_count,2025-08-07,Q2,0.05252443351393392
9917,unusual_count,2025-08-08,Q2,0.05601679005036784
9918,unusual_count,2025-08-11,Q2,0.04107093641606056
9919,unusual_count,2025-08-12,Q2,0.004316573161146353
9920,unusual_count,2025-08-13,Q2,0.010625438350157635
9921,unusual_count,2025-08-14,Q2,0.006574516237278938
9922,unusual_count,2025-08-15,Q2,-0.005333565253194927
9923,unusual_count,2025-08-18,Q2,0.009163987147997488
9924,unusual_count,2025-08-19,Q2,-0.0019254758535334426
9925,unusual_count,2025-08-20,Q2,-0.03027129595646365
9926,unusual_count,2025-08-21,Q2,-0.007080918977208727
9927,unusual_count,2025-08-22,Q2,0.0059606186906767
9928,unusual_count,2025-08-25,Q2,-0.02751385589446389
9929,unusual_count,2025-08-26,Q2,-0.020536711691488897
9930,unusual_count,2025-08-27,Q2,-0.0003654665694969417
9931,unusual_count,2025-08-28,Q2,-0.008247843538190414
9932,unusual_count,2025-08-29,Q2,0.006789028701123301
9933,unusual_count,2025-09-01,Q2,0.036263757389105145
9934,unusual_count,2025-09-02,Q2,0.034798553302989955
9935,unusual_count,2025-09-03,Q2,0.04824180765827988
9936,unusual_count,2025-09-04,Q2,0.048320538856919934
9937,unusual_count,2025-09-05,Q2,0.03628448441210823
9938,unusual_count,2025-09-08,Q2,-0.0022242050658919377
9939,unusual_count,2025-09-09,Q2,0.003872090630921243
9940,unusual_count,2025-09-10,Q2,0.0162524693187307
9941,unusual_count,2025-09-11,Q2,-0.014815813010728651
9942,unusual_count,2025-09-12,Q2,-0.013142141868657342
9943,unusual_count,2025-09-15,Q2,-0.008113429141524553
9944,unusual_count,2025-09-16,Q2,-0.0044236296183106875
9945,unusual_count,2025-09-17,Q2,0.02792052205276261
9946,unusual_count,2025-09-18,Q2,0.06969575320487306
9947,unusual_count,2025-09-19,Q2,0.05551839241998542
9948,unusual_count,2025-09-22,Q2,0.0675143379802761
9949,unusual_count,2025-09-23,Q2,0.0948473520853423
9950,unusual_count,2025-09-24,Q2,0.04849832345926295
9951,unusual_count,2025-09-25,Q2,0.06769677972774149
9952,unusual_count,2025-09-26,Q2,0.08927093551237242
9953,unusual_count,2025-09-29,Q2,0.09568625103050295
9954,unusual_count,2025-09-30,Q2,0.019428684376705065
9955,unusual_count,2025-10-09,Q2,0.008674992693084537
9956,unusual_count,2025-10-10,Q2,-0.025420754783908883
9957,unusual_count,2025-10-13,Q2,-0.04372661758989014
9958,unusual_count,2025-10-14,Q2,-0.018171879473893295
9959,unusual_count,2025-10-15,Q2,0.013365710983916857
9960,unusual_count,2025-10-16,Q2,0.06511858642108806
9961,unusual_count,2025-10-17,Q2,0.04872293789073443
9962,unusual_count,2025-10-20,Q2,0.02997382919324145
9963,unusual_count,2025-10-21,Q2,0.008413682749226093
9964,unusual_count,2025-10-22,Q2,0.020685509818328552
9965,unusual_count,2025-10-23,Q2,-0.03170620242736175
9966,unusual_count,2025-10-24,Q2,-0.0017700559744884049
9967,unusual_count,2025-10-27,Q2,0.002861572680828761
9968,unusual_count,2025-10-28,Q2,-0.022282517200753183
9969,unusual_count,2025-10-29,Q2,-0.03201360617978437
9970,unusual_count,2025-10-30,Q2,-0.024974608914646312
9971,unusual_count,2025-10-31,Q2,-0.029305354098622872
9972,unusual_count,2025-11-03,Q2,-0.015853303926366503
9973,unusual_count,2025-11-04,Q2,0.006261854039789583
9974,unusual_count,2025-11-05,Q2,-0.006566225186657904
9975,unusual_count,2025-11-06,Q2,0.0034656831069941997
9976,unusual_count,2025-11-07,Q2,0.0008454953010379907
9977,unusual_count,2025-11-10,Q2,0.004840113659060785
9978,unusual_count,2025-11-11,Q2,-0.018717786219765407
9979,unusual_count,2025-11-12,Q2,-0.024052078182713287
9980,unusual_count,2025-11-13,Q2,-0.023356613860520035
9981,unusual_count,2025-11-14,Q2,-0.06427124514796123
9982,unusual_count,2025-11-17,Q2,-0.06962474581397496
9983,unusual_count,2025-11-18,Q2,-0.036572882107768344
9984,unusual_count,2025-11-19,Q2,-0.02958644945756834
9985,unusual_count,2025-11-20,Q2,-0.0452722593627227
9986,unusual_count,2025-11-21,Q2,-0.0032585352889502152
9987,unusual_count,2025-11-24,Q2,-0.018996895341327313
9988,unusual_count,2025-11-25,Q2,-0.04595378393448661
9989,unusual_count,2025-11-26,Q2,-0.053992184193929815
9990,unusual_count,2025-11-27,Q2,-0.05253413902209114
9991,unusual_count,2025-11-28,Q2,-0.041385198433296445
9992,unusual_count,2025-12-01,Q2,-0.021549556266316917
9993,unusual_count,2025-12-02,Q2,-0.022677371451539207
9994,unusual_count,2025-12-03,Q2,0.018573691084655276
9995,unusual_count,2025-12-04,Q2,0.003835937238253284
9996,unusual_count,2025-12-05,Q2,-0.011067420455834132
9997,unusual_count,2025-12-08,Q2,-0.023642466306931453
9998,unusual_count,2025-12-09,Q2,-0.024518763440621184
9999,unusual_count,2025-12-10,Q2,-0.041348511296413634
10000,unusual_count,2025-12-11,Q2,-0.02450677097557674
10001,unusual_count,2025-12-12,Q2,-0.006733813695234225
10002,unusual_count,2025-12-15,Q2,0.0027313823585493058
10003,unusual_count,2025-12-16,Q2,0.010470969695292886
10004,unusual_count,2025-12-17,Q2,0.0063234057635184636
10005,unusual_count,2025-12-18,Q2,0.016092591761510722
10006,unusual_count,2025-12-19,Q2,0.0032926229894520544
10007,unusual_count,2025-12-22,Q2,-0.011104818791635296
10008,unusual_count,2025-12-23,Q2,-0.011935375558666061
10009,unusual_count,2025-12-24,Q2,-0.011747050451598628
10010,unusual_count,2025-12-25,Q2,-0.010884690407523868
10011,unusual_count,2025-12-26,Q2,-0.0008476153314328716
10012,unusual_count,2025-12-29,Q2,0.003586339471078137
10013,unusual_count,2025-12-30,Q2,0.022797734752661468
10014,unusual_count,2025-12-31,Q2,0.028349457820363355
10015,unusual_count,2026-01-05,Q2,0.011353750665925366
10016,unusual_count,2026-01-06,Q2,-0.015424608302375709
10017,unusual_count,2026-01-07,Q2,-0.01744287883095441
10018,unusual_count,2026-01-08,Q2,-0.026475818759289747
10019,unusual_count,2026-01-09,Q2,-0.04486326225191819
10020,unusual_count,2026-01-12,Q2,-0.03469034734047862
10021,unusual_count,2026-01-13,Q2,-0.013980671231254216
10022,unusual_count,2026-01-14,Q2,0.01841830100165598
10023,unusual_count,2026-01-15,Q2,0.015504761170472703
10024,unusual_count,2026-01-16,Q2,0.03291835747849296
10025,unusual_count,2026-01-19,Q2,0.01117914459755287
10026,unusual_count,2026-01-20,Q2,-0.015349847487051949
10027,unusual_count,2026-01-21,Q2,-0.02782691917935811
10028,unusual_count,2026-01-22,Q2,-0.0073695988009965015
10029,unusual_count,2026-01-23,Q2,-0.04109103288198808
10030,unusual_count,2026-01-26,Q2,-0.04501191091092736
10031,unusual_count,2026-01-27,Q2,-0.015194938700580108
10032,unusual_count,2026-01-28,Q2,0.001417776094061951
10033,unusual_count,2026-01-29,Q2,-0.021844755860834543
10034,unusual_count,2026-01-30,Q2,0.0019060136897068648
10035,unusual_count,2026-02-02,Q2,0.05176447930986838
10036,unusual_count,2026-02-03,Q2,0.02982327525222055
10037,unusual_count,2026-02-04,Q2,0.009985525760098013
10038,unusual_count,2026-02-05,Q2,0.004326433523097584
10039,unusual_count,2026-02-06,Q2,0.011159955425919521
10040,unusual_count,2026-02-09,Q2,-0.013859335741954814
10041,unusual_count,2026-02-10,Q2,0.012761482488514674
10042,unusual_count,2026-02-11,Q2,-0.014890543811211155
10043,unusual_count,2026-02-12,Q2,-0.004873738771405511
10044,unusual_count,2026-02-13,Q2,-0.02942993580547102
10045,unusual_count,2026-02-24,Q2,-0.05405576785320783
10046,unusual_count,2026-02-25,Q2,-0.07663610765889343
10047,unusual_count,2026-02-26,Q2,-0.043737348786330066
10048,unusual_count,2026-02-27,Q2,-0.02587921448511583
10049,unusual_count,2026-03-02,Q2,-0.017607225408811922
10050,unusual_count,2026-03-03,Q2,0.022667480834726805
10051,unusual_count,2026-03-04,Q2,0.03502700192547157
10052,unusual_count,2026-03-05,Q2,0.018620469821836027
10053,unusual_count,2026-03-06,Q2,0.005449228924079219
10054,unusual_count,2026-03-09,Q2,0.02365273045875913
10055,unusual_count,2026-03-10,Q2,0.011498498180114369
10056,unusual_count,2026-03-11,Q2,0.007520103178288462
10057,unusual_count,2026-03-12,Q2,-0.003053683540376451
10058,unusual_count,2026-03-13,Q2,-0.03142113878589257
10059,unusual_count,2026-03-16,Q2,-0.08981556675939698
10060,unusual_count,2026-03-17,Q2,-0.06022941680716569
10061,unusual_count,2026-03-18,Q2,-0.04301023876684544
10062,unusual_count,2026-03-19,Q2,-0.028261456316656663
10063,unusual_count,2026-03-20,Q2,-0.0015049903258805397
10064,unusual_count,2026-03-23,Q2,0.04791246827351121
10065,unusual_count,2026-03-24,Q2,0.005115490193228833
10066,unusual_count,2026-03-25,Q2,-0.002788480319170694
10067,unusual_count,2026-03-26,Q2,-0.013071231100397518
10068,unusual_count,2026-03-27,Q2,-0.05411817412720652
10069,unusual_count,2026-03-30,Q2,-0.040235987648425106
10070,unusual_count,2026-03-31,Q2,0.0016626708006042712
10071,unusual_count,2026-04-01,Q2,-0.025734013393894938
10072,unusual_count,2026-04-02,Q2,-0.005032386143951029
10073,unusual_count,2026-04-03,Q2,0.03236134768193064
10074,unusual_count,2026-04-07,Q2,0.04539793743460345
10075,unusual_count,2026-04-08,Q2,-0.0015099311211983046
10076,unusual_count,2026-04-09,Q2,0.03207432471465319
10077,unusual_count,2026-04-10,Q2,0.02754840027144483
10078,unusual_count,2026-04-13,Q2,0.028618504189785243
10079,unusual_count,2026-04-14,Q2,0.005483955838568422
10080,unusual_count,2026-04-15,Q2,0.018816474048961963
10081,unusual_count,2026-04-16,Q2,-0.0032558479859710943
10082,unusual_count,2026-04-17,Q2,-0.007736005924999234
10083,unusual_count,2026-04-20,Q2,-0.012821156727891081
10084,unusual_count,2026-04-21,Q2,-0.014708369498284846
10085,unusual_count,2026-04-22,Q2,0.0027960246197774375
10086,unusual_count,2026-04-23,Q2,0.00048109870202577286
10087,unusual_count,2025-01-21,Q4,-0.011494242373779495
10088,unusual_count,2025-01-22,Q4,0.042968803114491694
10089,unusual_count,2025-01-23,Q4,0.05859378856257624
10090,unusual_count,2025-01-24,Q4,0.08171207922250678
10091,unusual_count,2025-01-27,Q4,0.09126984952949235
10092,unusual_count,2025-02-05,Q4,0.07364343520891747
10093,unusual_count,2025-02-06,Q4,0.0299625173858038
10094,unusual_count,2025-02-07,Q4,-0.0036900333293332643
10095,unusual_count,2025-02-10,Q4,0.003597118908694741
10096,unusual_count,2025-02-11,Q4,-0.021818161010742188
10097,unusual_count,2025-02-12,Q4,0.06859207889124508
10098,unusual_count,2025-02-13,Q4,0.054545489224520516
10099,unusual_count,2025-02-14,Q4,0.07777779053268086
10100,unusual_count,2025-02-17,Q4,0.046595023734185226
10101,unusual_count,2025-02-18,Q4,0.07806692701856766
10102,unusual_count,2025-02-19,Q4,0.0033783751129670136
10103,unusual_count,2025-02-20,Q4,0.006896544920278691
10104,unusual_count,2025-02-21,Q4,-0.04467357752802548
10105,unusual_count,2025-02-24,Q4,-0.05479454851034116
10106,unusual_count,2025-02-25,Q4,-0.037931079274832635
10107,unusual_count,2025-02-26,Q4,-0.05387208225232187
10108,unusual_count,2025-02-27,Q4,-0.03424662343778684
10109,unusual_count,2025-02-28,Q4,-0.003597118908694741
10110,unusual_count,2025-03-03,Q4,0.01086955488892416
10111,unusual_count,2025-03-04,Q4,0.00716845204299954
10112,unusual_count,2025-03-05,Q4,0.010676146619453597
10113,unusual_count,2025-03-06,Q4,-0.01773047996451116
10114,unusual_count,2025-03-07,Q4,0.010830314655719375
10115,unusual_count,2025-03-10,Q4,0.014336904085998858
10116,unusual_count,2025-03-11,Q4,0.0
10117,unusual_count,2025-03-12,Q4,-0.017605617544854346
10118,unusual_count,2025-03-13,Q4,0.01805052442619881
10119,unusual_count,2025-03-14,Q4,-0.01071427567880967
10120,unusual_count,2025-03-17,Q4,-0.06360418133965973
10121,unusual_count,2025-03-18,Q4,-0.053380733097267874
10122,unusual_count,2025-03-19,Q4,-0.035842260214997146
10123,unusual_count,2025-03-20,Q4,-0.06028363187933783
10124,unusual_count,2025-03-21,Q4,-0.06859207889124519
10125,unusual_count,2025-03-24,Q4,-0.033962320509053345
10126,unusual_count,2025-03-25,Q4,-0.033834642738285736
10127,unusual_count,2025-03-26,Q4,-0.05204464755619187
10128,unusual_count,2025-03-27,Q4,0.06037729873738917
10129,unusual_count,2025-03-28,Q4,-0.019379827052266485
10130,unusual_count,2025-03-31,Q4,0.07421877401066057
10131,unusual_count,2025-04-01,Q4,0.12451368870566637
10132,unusual_count,2025-04-02,Q4,0.19999999999999996
10133,unusual_count,2025-04-03,Q4,0.05693953348355674
10134,unusual_count,2025-04-07,Q4,0.21739128795885332
10135,unusual_count,2025-04-08,Q4,0.05818184939297755
10136,unusual_count,2025-04-09,Q4,-0.024221511806380325
10137,unusual_count,2025-04-10,Q4,-0.09150326033517286
10138,unusual_count,2025-04-11,Q4,-0.09427608373485186
10139,unusual_count,2025-04-14,Q4,-0.11038958525693787
10140,unusual_count,2025-04-15,Q4,-0.06185569121927337
10141,unusual_count,2025-04-16,Q4,-0.031914863936120086
10142,unusual_count,2025-04-17,Q4,-0.03237407017825222
10143,unusual_count,2025-04-18,Q4,0.0
10144,unusual_count,2025-04-21,Q4,-0.029197052345843022
10145,unusual_count,2025-04-22,Q4,-0.02564100100869393
10146,unusual_count,2025-04-23,Q4,-0.014652000576396595
10147,unusual_count,2025-04-24,Q4,0.018587342473125545
10148,unusual_count,2025-04-25,Q4,0.026022279462375897
10149,unusual_count,2025-04-28,Q4,0.056390921845406394
10150,unusual_count,2025-04-29,Q4,0.0338345531072437
10151,unusual_count,2025-04-30,Q4,0.11524161196481897
10152,unusual_count,2025-05-06,Q4,0.05474456016253537
10153,unusual_count,2025-05-07,Q4,0.039855034592721994
10154,unusual_count,2025-05-08,Q4,0.0035587155398177917
10155,unusual_count,2025-05-09,Q4,0.02909088134765625
10156,unusual_count,2025-05-12,Q4,-0.04666670163472497
10157,unusual_count,2025-05-13,Q4,-0.013840899245549543
10158,unusual_count,2025-05-14,Q4,-0.006968634747042013
10159,unusual_count,2025-05-15,Q4,-0.0035460959929022318
10160,unusual_count,2025-05-16,Q4,-0.02826852503984878
10161,unusual_count,2025-05-19,Q4,-0.02797200232183028
10162,unusual_count,2025-05-20,Q4,-0.02807014960808163
10163,unusual_count,2025-05-21,Q4,-0.010526306103030625
10164,unusual_count,2025-05-22,Q4,0.010676146619453597
10165,unusual_count,2025-05-23,Q4,0.018181800842285156
10166,unusual_count,2025-05-26,Q4,0.007194237817389482
10167,unusual_count,2025-05-27,Q4,0.014440419540959093
10168,unusual_count,2025-05-28,Q4,0.0035460959929021207
10169,unusual_count,2025-05-29,Q4,0.003521123508970936
10170,unusual_count,2025-05-30,Q4,0.017857126131349377
10171,unusual_count,2025-06-03,Q4,0.01071427567880967
10172,unusual_count,2025-06-04,Q4,0.007117431079635805
10173,unusual_count,2025-06-05,Q4,-0.01060069688994325
10174,unusual_count,2025-06-06,Q4,-0.031578918309091875
10175,unusual_count,2025-06-09,Q4,-0.02807014960808163
10176,unusual_count,2025-06-10,Q4,-0.0035335656299810836
10177,unusual_count,2025-06-11,Q4,-0.021201393779886613
10178,unusual_count,2025-06-12,Q4,-0.0321428270364289
10179,unusual_count,2025-06-13,Q4,-0.018115924814873563
10180,unusual_count,2025-06-16,Q4,-0.014440419540958982
10181,unusual_count,2025-06-17,Q4,-0.02127657595741339
10182,unusual_count,2025-06-18,Q4,0.010830314655719375
10183,unusual_count,2025-06-19,Q4,0.025830233305333072
10184,unusual_count,2025-06-20,Q4,0.025830233305333072
10185,unusual_count,2025-06-23,Q4,0.021978000864594893
10186,unusual_count,2025-06-24,Q4,0.007246369925949514
10187,unusual_count,2025-06-25,Q4,-0.007142850452539706
10188,unusual_count,2025-06-26,Q4,0.007194237817389482
10189,unusual_count,2025-06-27,Q4,0.0
10190,unusual_count,2025-06-30,Q4,0.01792113010749863
10191,unusual_count,2025-07-01,Q4,0.02517983236086274
10192,unusual_count,2025-07-02,Q4,0.02517983236086274
10193,unusual_count,2025-07-03,Q4,0.02142855135761934
10194,unusual_count,2025-07-04,Q4,0.028776951269557483
10195,unusual_count,2025-07-07,Q4,0.010563370526912585
10196,unusual_count,2025-07-08,Q4,-0.02105261220606125
10197,unusual_count,2025-07-09,Q4,-0.024561380907071495
10198,unusual_count,2025-07-10,Q4,-0.024475502031601426
10199,unusual_count,2025-07-11,Q4,-0.024475502031601426
10200,unusual_count,2025-07-14,Q4,-0.003484317373521062
10201,unusual_count,2025-07-15,Q4,0.03584234566968614
10202,unusual_count,2025-07-16,Q4,0.035971274849026624
10203,unusual_count,2025-07-17,Q4,0.03942657169118591
10204,unusual_count,2025-07-18,Q4,0.0215053561289984
10205,unusual_count,2025-07-21,Q4,-0.010489500870686341
10206,unusual_count,2025-07-22,Q4,-0.02076130761943673
10207,unusual_count,2025-07-23,Q4,-0.013888957875743513
10208,unusual_count,2025-07-24,Q4,-0.044827624195111215
10209,unusual_count,2025-07-25,Q4,-0.031578918309091875
10210,unusual_count,2025-07-28,Q4,-0.01766782814990553
10211,unusual_count,2025-07-29,Q4,-0.01060069688994325
10212,unusual_count,2025-07-30,Q4,-0.010563370526912585
10213,unusual_count,2025-07-31,Q4,0.0072202097704794355
10214,unusual_count,2025-08-01,Q4,0.047101490902214715
10215,unusual_count,2025-08-04,Q4,0.053956869392500106
10216,unusual_count,2025-08-05,Q4,0.03928576263846262
10217,unusual_count,2025-08-06,Q4,0.035587240244649765
10218,unusual_count,2025-08-07,Q4,0.0215053561289984
10219,unusual_count,2025-08-08,Q4,-0.01038069505860606
10220,unusual_count,2025-08-11,Q4,-0.01706482975327095
10221,unusual_count,2025-08-12,Q4,-0.0034364227382496226
10222,unusual_count,2025-08-13,Q4,0.006872845476499245
10223,unusual_count,2025-08-14,Q4,0.05263161417079765
10224,unusual_count,2025-08-15,Q4,0.041958086845887976
10225,unusual_count,2025-08-18,Q4,0.03819440650167438
10226,unusual_count,2025-08-19,Q4,0.024137907220975086
10227,unusual_count,2025-08-20,Q4,-0.02047787707545201
10228,unusual_count,2025-08-21,Q4,-0.039999961853027344
10229,unusual_count,2025-08-22,Q4,-0.040268497721342444
10230,unusual_count,2025-08-25,Q4,-0.03678926245651348
10231,unusual_count,2025-08-26,Q4,-0.03367008151105677
10232,unusual_count,2025-08-27,Q4,-0.031358856361689114
10233,unusual_count,2025-08-28,Q4,-0.03125005174014095
10234,unusual_count,2025-08-29,Q4,-0.013986001160915085
10235,unusual_count,2025-09-01,Q4,-0.017361176648623022
10236,unusual_count,2025-09-02,Q4,-0.017421586867605088
10237,unusual_count,2025-09-03,Q4,0.021582713452168223
10238,unusual_count,2025-09-04,Q4,0.01792113010749863
10239,unusual_count,2025-09-05,Q4,0.017730479964511048
10240,unusual_count,2025-09-08,Q4,0.031802174916679915
10241,unusual_count,2025-09-09,Q4,0.06382981241783758
10242,unusual_count,2025-09-10,Q4,0.05633806009374043
10243,unusual_count,2025-09-11,Q4,0.042253566057856906
10244,unusual_count,2025-09-12,Q4,0.006968717819721082
10245,unusual_count,2025-09-15,Q4,-0.02054800672275059
10246,unusual_count,2025-09-16,Q4,-0.06000002225240075
10247,unusual_count,2025-09-17,Q4,-0.05000003178914392
10248,unusual_count,2025-09-18,Q4,-0.047297332128352965
10249,unusual_count,2025-09-19,Q4,0.003460204186943594
10250,unusual_count,2025-09-22,Q4,0.006993083943600098
10251,unusual_count,2025-09-23,Q4,0.010638287978706584
10252,unusual_count,2025-09-24,Q4,0.0035087687010102453
10253,unusual_count,2025-09-25,Q4,0.028368852488815266
10254,unusual_count,2025-09-26,Q4,0.0
10255,unusual_count,2025-09-29,Q4,0.006944437545759019
10256,unusual_count,2025-09-30,Q4,0.017543927160695638
10257,unusual_count,2025-10-09,Q4,0.0
10258,unusual_count,2025-10-10,Q4,-0.0344828068146934
10259,unusual_count,2025-10-13,Q4,-0.02758626189441482
10260,unusual_count,2025-10-14,Q4,-0.0034482724601393455
10261,unusual_count,2025-10-15,Q4,0.006896544920278691
10262,unusual_count,2025-10-16,Q4,0.020979085104515294
10263,unusual_count,2025-10-17,Q4,0.035714337412192876
10264,unusual_count,2025-10-20,Q4,0.03191494848171739
10265,unusual_count,2025-10-21,Q4,-0.006920490871662466
10266,unusual_count,2025-10-22,Q4,-0.02054800672275059
10267,unusual_count,2025-10-23,Q4,-0.02054800672275059
10268,unusual_count,2025-10-24,Q4,-0.00689654492027858
10269,unusual_count,2025-10-27,Q4,0.0
10270,unusual_count,2025-10-28,Q4,0.017421669940284046
10271,unusual_count,2025-10-29,Q4,0.03496508626543049
10272,unusual_count,2025-10-30,Q4,0.02797208568497278
10273,unusual_count,2025-10-31,Q4,0.027777750183035854
10274,unusual_count,2025-11-03,Q4,0.03092780464424627
10275,unusual_count,2025-11-04,Q4,0.13013694044304058
10276,unusual_count,2025-11-05,Q4,0.11486483438769124
10277,unusual_count,2025-11-06,Q4,0.1360543704638637
10278,unusual_count,2025-11-07,Q4,0.12837833483955885
10279,unusual_count,2025-11-10,Q4,0.13000003496805834
10280,unusual_count,2025-11-11,Q4,-0.0030303001841675004
10281,unusual_count,2025-11-12,Q4,-0.03939390239417773
10282,unusual_count,2025-11-13,Q4,-0.059880183953501254
10283,unusual_count,2025-11-14,Q4,-0.09580836570841189
10284,unusual_count,2025-11-17,Q4,-0.08849562874669692
10285,unusual_count,2025-11-18,Q4,-0.05471126712591834
10286,unusual_count,2025-11-19,Q4,-0.031545785692238204
10287,unusual_count,2025-11-20,Q4,-0.028662468019451603
10288,unusual_count,2025-11-21,Q4,0.036423885499713426
10289,unusual_count,2025-11-24,Q4,0.00323624295826086
10290,unusual_count,2025-11-25,Q4,0.0032154311255849777
10291,unusual_count,2025-11-26,Q4,-0.006514651909255265
10292,unusual_count,2025-11-27,Q4,-0.01639342724524051
10293,unusual_count,2025-11-28,Q4,-0.02555915629380845
10294,unusual_count,2025-12-01,Q4,-0.016129017372408794
10295,unusual_count,2025-12-02,Q4,-0.05128200425668883
10296,unusual_count,2025-12-03,Q4,-0.02622948359238486
10297,unusual_count,2025-12-04,Q4,-0.03333330154418945
10298,unusual_count,2025-12-05,Q4,-0.052458967184769834
10299,unusual_count,2025-12-08,Q4,-0.04590159628667356
10300,unusual_count,2025-12-09,Q4,-0.033783831676485354
10301,unusual_count,2025-12-10,Q4,-0.037037081634600955
10302,unusual_count,2025-12-11,Q4,-0.01379317205385755
10303,unusual_count,2025-12-12,Q4,0.006920408373887188
10304,unusual_count,2025-12-15,Q4,0.0
10305,unusual_count,2025-12-16,Q4,0.0
10306,unusual_count,2025-12-17,Q4,0.006993083943600098
10307,unusual_count,2025-12-18,Q4,0.013986084524057807
10308,unusual_count,2025-12-19,Q4,-0.0034364227382496226
10309,unusual_count,2025-12-22,Q4,-0.010309268214748757
10310,unusual_count,2025-12-23,Q4,-0.0034965002902287434
10311,unusual_count,2025-12-24,Q4,-0.010416739102864003
10312,unusual_count,2025-12-25,Q4,-0.01379317205385755
10313,unusual_count,2025-12-26,Q4,0.0862068937167828
10314,unusual_count,2025-12-29,Q4,0.05208328159319242
10315,unusual_count,2025-12-30,Q4,0.07719299507786914
10316,unusual_count,2025-12-31,Q4,0.08070176377887939
10317,unusual_count,2026-01-05,Q4,0.12237767688429257
10318,unusual_count,2026-01-06,Q4,-0.015873075943202752
10319,unusual_count,2026-01-07,Q4,0.013201307666904194
10320,unusual_count,2026-01-08,Q4,-0.009771977863882841
10321,unusual_count,2026-01-09,Q4,-0.02272725161582778
10322,unusual_count,2026-01-12,Q4,-0.024922094316309096
10323,unusual_count,2026-01-13,Q4,0.012903290807148471
10324,unusual_count,2026-01-14,Q4,0.022801359343169958
10325,unusual_count,2026-01-15,Q4,0.06578949019519276
10326,unusual_count,2026-01-16,Q4,0.06644519877654043
10327,unusual_count,2026-01-19,Q4,0.028753965136958826
10328,unusual_count,2026-01-20,Q4,0.019108261393313564
10329,unusual_count,2026-01-21,Q4,0.015923551161094673
10330,unusual_count,2026-01-22,Q4,-0.012345667202249944
10331,unusual_count,2026-01-23,Q4,-0.03426795395862481
10332,unusual_count,2026-01-26,Q4,-0.09627327329973312
10333,unusual_count,2026-01-27,Q4,-0.08749998975545181
10334,unusual_count,2026-01-28,Q4,-0.05956114539571877
10335,unusual_count,2026-01-29,Q4,-0.07812499883584678
10336,unusual_count,2026-01-30,Q4,-0.035483838219299235
10337,unusual_count,2026-02-02,Q4,0.051546341073743784
10338,unusual_count,2026-02-03,Q4,0.0376711959663496
10339,unusual_count,2026-02-04,Q4,0.006666660308837891
10340,unusual_count,2026-02-05,Q4,0.013559308883548837
10341,unusual_count,2026-02-06,Q4,-0.010033435215412778
10342,unusual_count,2026-02-09,Q4,-0.00980391240220746
10343,unusual_count,2026-02-10,Q4,0.006600653833452208
10344,unusual_count,2026-02-11,Q4,0.0
10345,unusual_count,2026-02-12,Q4,0.0066889568102752595
10346,unusual_count,2026-02-13,Q4,0.0
10347,unusual_count,2026-02-24,Q4,-0.05280530935361738
10348,unusual_count,2026-02-25,Q4,-0.07213115804908565
10349,unusual_count,2026-02-26,Q4,-0.04304631683555704
10350,unusual_count,2026-02-27,Q4,-0.02657804782708395
10351,unusual_count,2026-03-02,Q4,-0.016891875564834513
10352,unusual_count,2026-03-03,Q4,0.013937352566762984
10353,unusual_count,2026-03-04,Q4,0.02826860928669883
10354,unusual_count,2026-03-05,Q4,0.006920408373887188
10355,unusual_count,2026-03-06,Q4,0.02047779570392505
10356,unusual_count,2026-03-09,Q4,0.006872845476499245
10357,unusual_count,2026-03-10,Q4,-0.006872845476499134
10358,unusual_count,2026-03-11,Q4,-0.017182195622028718
10359,unusual_count,2026-03-12,Q4,-0.030927886575027097
10360,unusual_count,2026-03-13,Q4,-0.07692308305681961
10361,unusual_count,2026-03-16,Q4,-0.12286693696660456
10362,unusual_count,2026-03-17,Q4,-0.07266437042359064
10363,unusual_count,2026-03-18,Q4,-0.041958003482745365
10364,unusual_count,2026-03-19,Q4,-0.053191439893533365
10365,unusual_count,2026-03-20,Q4,-0.02173910977784832
10366,unusual_count,2026-03-23,Q4,0.15564206449714413
10367,unusual_count,2026-03-24,Q4,0.22014921622118133
10368,unusual_count,2026-03-25,Q4,0.1934306458193693
10369,unusual_count,2026-03-26,Q4,0.1685392495904916
10370,unusual_count,2026-03-27,Q4,0.04074070116783601
10371,unusual_count,2026-03-30,Q4,-0.07744108311713105
10372,unusual_count,2026-03-31,Q4,-0.1253822899761975
10373,unusual_count,2026-04-01,Q4,-0.16207950289944695
10374,unusual_count,2026-04-02,Q4,-0.12179483652584988
10375,unusual_count,2026-04-03,Q4,-0.024911008778724986
10376,unusual_count,2026-04-07,Q4,-0.0036496315432303916
10377,unusual_count,2026-04-08,Q4,-0.059440504933889304
10378,unusual_count,2026-04-09,Q4,-0.014598526172921567
10379,unusual_count,2026-04-10,Q4,-0.010948894629691175
10380,unusual_count,2026-04-13,Q4,-0.007299263086460783
10381,unusual_count,2026-04-14,Q4,-0.010989000432297447
10382,unusual_count,2026-04-15,Q4,0.0037174684946250647
10383,unusual_count,2026-04-16,Q4,-0.01111110031850071
10384,unusual_count,2026-04-17,Q4,-0.018450166646666433
10385,unusual_count,2026-04-20,Q4,-0.022058802260453536
10386,unusual_count,2026-04-21,Q4,-0.018518500530834592
10387,unusual_count,2026-04-22,Q4,0.0
10388,unusual_count,2026-04-23,Q4,0.00749062934645095
10389,unusual_count,2025-01-21,Q5,-0.007079759417369158
10390,unusual_count,2025-01-22,Q5,0.008274538481538474
10391,unusual_count,2025-01-23,Q5,0.011427330020759352
10392,unusual_count,2025-01-24,Q5,0.008805468554459406
10393,unusual_count,2025-01-27,Q5,-0.01281525422340335
10394,unusual_count,2025-02-05,Q5,-0.010872210146384342
10395,unusual_count,2025-02-06,Q5,-0.013657814126295187
10396,unusual_count,2025-02-07,Q5,-0.0211319840363563
10397,unusual_count,2025-02-10,Q5,-0.020077795027318657
10398,unusual_count,2025-02-11,Q5,-0.015368997695854703
10399,unusual_count,2025-02-12,Q5,-0.014148754968367316
10400,unusual_count,2025-02-13,Q5,-0.017888206078074842
10401,unusual_count,2025-02-14,Q5,-0.022404181955979763
10402,unusual_count,2025-02-17,Q5,-0.006747765138827189
10403,unusual_count,2025-02-18,Q5,-0.012643608286110775
10404,unusual_count,2025-02-19,Q5,-0.0007991562694104615
10405,unusual_count,2025-02-20,Q5,-0.0025265824530609216
10406,unusual_count,2025-02-21,Q5,-0.019260401295586427
10407,unusual_count,2025-02-24,Q5,-0.023188075905713756
10408,unusual_count,2025-02-25,Q5,0.002799501108164959
10409,unusual_count,2025-02-26,Q5,-0.017399751743949088
10410,unusual_count,2025-02-27,Q5,-0.008630504296146868
10411,unusual_count,2025-02-28,Q5,0.007392461543530127
10412,unusual_count,2025-03-03,Q5,0.0007070778421860435
10413,unusual_count,2025-03-04,Q5,-0.011538156847364756
10414,unusual_count,2025-03-05,Q5,-0.013728834243537325
10415,unusual_count,2025-03-06,Q5,-0.020915192598548682
10416,unusual_count,2025-03-07,Q5,0.002486934160455645
10417,unusual_count,2025-03-10,Q5,0.0075814130613150454
10418,unusual_count,2025-03-11,Q5,0.014186035432259159
10419,unusual_count,2025-03-12,Q5,0.013957312796229915
10420,unusual_count,2025-03-13,Q5,0.017210903969297475
10421,unusual_count,2025-03-14,Q5,0.0009617416260686018
10422,unusual_count,2025-03-17,Q5,-0.03203641050242623
10423,unusual_count,2025-03-18,Q5,-0.022503097046948806
10424,unusual_count,2025-03-19,Q5,0.010164571024251945
10425,unusual_count,2025-03-20,Q5,0.0059642371308857856
10426,unusual_count,2025-03-21,Q5,-0.009742879356027634
10427,unusual_count,2025-03-24,Q5,0.002479913263512823
10428,unusual_count,2025-03-25,Q5,-0.0040863784494648
10429,unusual_count,2025-03-26,Q5,-0.025185203699283787
10430,unusual_count,2025-03-27,Q5,-0.011811031308677722
10431,unusual_count,2025-03-28,Q5,-0.09199999993847241
10432,unusual_count,2025-03-31,Q5,-0.07635466022268567
10433,unusual_count,2025-04-01,Q5,-0.06949526694609054
10434,unusual_count,2025-04-02,Q5,-0.043092636420021646
10435,unusual_count,2025-04-03,Q5,-0.043455378733656236
10436,unusual_count,2025-04-07,Q5,0.08662804187629736
10437,unusual_count,2025-04-08,Q5,0.06775506016171051
10438,unusual_count,2025-04-09,Q5,0.04572404606820746
10439,unusual_count,2025-04-10,Q5,0.023374066438512697
10440,unusual_count,2025-04-11,Q5,0.020270250677801416
10441,unusual_count,2025-04-14,Q5,0.01639295682819003
10442,unusual_count,2025-04-15,Q5,0.054726353602654876
10443,unusual_count,2025-04-16,Q5,0.05247221907464378
10444,unusual_count,2025-04-17,Q5,0.033291476212724824
10445,unusual_count,2025-04-18,Q5,0.08116883317944501
10446,unusual_count,2025-04-21,Q5,0.015727172212079144
10447,unusual_count,2025-04-22,Q5,0.0034919422583142845
10448,unusual_count,2025-04-23,Q5,0.0013028195565052414
10449,unusual_count,2025-04-24,Q5,0.0217305184565611
10450,unusual_count,2025-04-25,Q5,-0.023424282723576273
10451,unusual_count,2025-04-28,Q5,0.02330434265951431
10452,unusual_count,2025-04-29,Q5,0.023679071447384792
10453,unusual_count,2025-04-30,Q5,0.03534704208671968
10454,unusual_count,2025-05-06,Q5,0.034457461756716934
10455,unusual_count,2025-05-07,Q5,0.03378039916391079
10456,unusual_count,2025-05-08,Q5,0.020284515318295726
10457,unusual_count,2025-05-09,Q5,0.012361480599707986
10458,unusual_count,2025-05-12,Q5,0.02112341399008283
10459,unusual_count,2025-05-13,Q5,0.013329426282749801
10460,unusual_count,2025-05-14,Q5,0.01883744711991714
10461,unusual_count,2025-05-15,Q5,0.03855060313508102
10462,unusual_count,2025-05-16,Q5,0.024963206109877567
10463,unusual_count,2025-05-19,Q5,-0.0021736015115584872
10464,unusual_count,2025-05-20,Q5,0.0023895582717844976
10465,unusual_count,2025-05-21,Q5,-0.008315241335697388
10466,unusual_count,2025-05-22,Q5,-0.011688808220551017
10467,unusual_count,2025-05-23,Q5,0.004752643471556073
10468,unusual_count,2025-05-26,Q5,0.030223360922424836
10469,unusual_count,2025-05-27,Q5,0.04155626088758635
10470,unusual_count,2025-05-28,Q5,0.03652609975568222
10471,unusual_count,2025-05-29,Q5,0.0298016919177011
10472,unusual_count,2025-05-30,Q5,0.033078878631902064
10473,unusual_count,2025-06-03,Q5,0.0033897213212994437
10474,unusual_count,2025-06-04,Q5,-0.0038467209750162046
10475,unusual_count,2025-06-05,Q5,-0.00471367919762361
10476,unusual_count,2025-06-06,Q5,-0.03436113129053625
10477,unusual_count,2025-06-09,Q5,-0.04168722193461094
10478,unusual_count,2025-06-10,Q5,-0.017383436336394165
10479,unusual_count,2025-06-11,Q5,-0.03642952016025536
10480,unusual_count,2025-06-12,Q5,-0.048185998579381606
10481,unusual_count,2025-06-13,Q5,-0.025023594971300467
10482,unusual_count,2025-06-16,Q5,-0.011354758019807731
10483,unusual_count,2025-06-17,Q5,-0.007566197235607142
10484,unusual_count,2025-06-18,Q5,0.0014754913308704931
10485,unusual_count,2025-06-19,Q5,0.014753991225626484
10486,unusual_count,2025-06-20,Q5,0.012757618283571803
10487,unusual_count,2025-06-23,Q5,-0.001339975616634237
10488,unusual_count,2025-06-24,Q5,-0.01121050729879336
10489,unusual_count,2025-06-25,Q5,0.003577047273057743
10490,unusual_count,2025-06-26,Q5,0.002614891742014347
10491,unusual_count,2025-06-27,Q5,-0.004591516070126089
10492,unusual_count,2025-06-30,Q5,-0.01089787876675441
10493,unusual_count,2025-07-01,Q5,0.0036245624067836046
10494,unusual_count,2025-07-02,Q5,-0.021095501360623492
10495,unusual_count,2025-07-03,Q5,-0.0038197387846504727
10496,unusual_count,2025-07-04,Q5,-0.0023609429264704884
10497,unusual_count,2025-07-07,Q5,0.006768599863962055
10498,unusual_count,2025-07-08,Q5,-0.027820871636342226
10499,unusual_count,2025-07-09,Q5,-0.011436719241010418
10500,unusual_count,2025-07-10,Q5,-0.01525872784344412
10501,unusual_count,2025-07-11,Q5,-0.009275950063172667
10502,unusual_count,2025-07-14,Q5,0.013483437320466862
10503,unusual_count,2025-07-15,Q5,0.04317176330943584
10504,unusual_count,2025-07-16,Q5,0.018496394953644024
10505,unusual_count,2025-07-17,Q5,0.05751027203466097
10506,unusual_count,2025-07-18,Q5,0.038663604296223175
10507,unusual_count,2025-07-21,Q5,0.004155153833813818
10508,unusual_count,2025-07-22,Q5,-0.01249184805056669
10509,unusual_count,2025-07-23,Q5,5.401661987741724e-05
10510,unusual_count,2025-07-24,Q5,-0.058540921551753
10511,unusual_count,2025-07-25,Q5,-0.03934378719565507
10512,unusual_count,2025-07-28,Q5,-0.026383330697413332
10513,unusual_count,2025-07-29,Q5,-0.011071454154392257
10514,unusual_count,2025-07-30,Q5,-0.012918254714612332
10515,unusual_count,2025-07-31,Q5,0.002115636976413926
10516,unusual_count,2025-08-01,Q5,0.02883261882650978
10517,unusual_count,2025-08-04,Q5,0.03133151419057212
10518,unusual_count,2025-08-05,Q5,0.016910312306278485
10519,unusual_count,2025-08-06,Q5,0.022033101972051605
10520,unusual_count,2025-08-07,Q5,0.004959783761996683
10521,unusual_count,2025-08-08,Q5,-0.011586983438056586
10522,unusual_count,2025-08-11,Q5,-0.00500159536838829
10523,unusual_count,2025-08-12,Q5,0.0065977990775837325
10524,unusual_count,2025-08-13,Q5,0.012787225061022367
10525,unusual_count,2025-08-14,Q5,0.053722766833764646
10526,unusual_count,2025-08-15,Q5,0.03904651343181442
10527,unusual_count,2025-08-18,Q5,0.015398244324759225
10528,unusual_count,2025-08-19,Q5,0.01943894025307069
10529,unusual_count,2025-08-20,Q5,-0.008240621003752502
10530,unusual_count,2025-08-21,Q5,-0.028936608214819803
10531,unusual_count,2025-08-22,Q5,-0.026459151342693776
10532,unusual_count,2025-08-25,Q5,-0.011006257911490513
10533,unusual_count,2025-08-26,Q5,-0.028603961325034677
10534,unusual_count,2025-08-27,Q5,-0.0271343352430497
10535,unusual_count,2025-08-28,Q5,-0.01424685433633438
10536,unusual_count,2025-08-29,Q5,0.0012949277582237073
10537,unusual_count,2025-09-01,Q5,0.0046078549883527
10538,unusual_count,2025-09-02,Q5,0.014448640402461965
10539,unusual_count,2025-09-03,Q5,0.03152382729395464
10540,unusual_count,2025-09-04,Q5,0.020520366446921012
10541,unusual_count,2025-09-05,Q5,0.0025833468470308207
10542,unusual_count,2025-09-08,Q5,-0.010457691899280641
10543,unusual_count,2025-09-09,Q5,-0.010842243501458737
10544,unusual_count,2025-09-10,Q5,-0.0138964520466629
10545,unusual_count,2025-09-11,Q5,-0.03564630394306362
10546,unusual_count,2025-09-12,Q5,-0.03467779896272094
10547,unusual_count,2025-09-15,Q5,-0.04091439828745502
10548,unusual_count,2025-09-16,Q5,-0.051030961562083144
10549,unusual_count,2025-09-17,Q5,-0.035379296152769246
10550,unusual_count,2025-09-18,Q5,-0.02106162508358944
10551,unusual_count,2025-09-19,Q5,-0.020361515570438027
10552,unusual_count,2025-09-22,Q5,0.010638270529935823
10553,unusual_count,2025-09-23,Q5,0.024583559943252786
10554,unusual_count,2025-09-24,Q5,0.02410391302037418
10555,unusual_count,2025-09-25,Q5,0.03252293835503384
10556,unusual_count,2025-09-26,Q5,0.021613812062262316
10557,unusual_count,2025-09-29,Q5,0.010908871856650793
10558,unusual_count,2025-09-30,Q5,0.0073697571222264835
10559,unusual_count,2025-10-09,Q5,-0.011799646436736033
10560,unusual_count,2025-10-10,Q5,-0.02827427740114513
10561,unusual_count,2025-10-13,Q5,-0.005598939795285529
10562,unusual_count,2025-10-14,Q5,0.000512198695805377
10563,unusual_count,2025-10-15,Q5,0.0015783134564842927
10564,unusual_count,2025-10-16,Q5,0.01712015525926891
10565,unusual_count,2025-10-17,Q5,0.02522762504396936
10566,unusual_count,2025-10-20,Q5,0.008344915480116954
10567,unusual_count,2025-10-21,Q5,0.005646853777954042
10568,unusual_count,2025-10-22,Q5,0.058156839446330544
10569,unusual_count,2025-10-23,Q5,0.06186341512970184
10570,unusual_count,2025-10-24,Q5,0.07526170141480959
10571,unusual_count,2025-10-27,Q5,0.10224395823923926
10572,unusual_count,2025-10-28,Q5,0.08717654417816534
10573,unusual_count,2025-10-29,Q5,0.055068844784069704
10574,unusual_count,2025-10-30,Q5,0.05407935758627569
10575,unusual_count,2025-10-31,Q5,0.10038721161597364
10576,unusual_count,2025-11-03,Q5,0.08595749158855459
10577,unusual_count,2025-11-04,Q5,0.0558121123570543
10578,unusual_count,2025-11-05,Q5,0.05466349768592649
10579,unusual_count,2025-11-06,Q5,0.04755293823817919
10580,unusual_count,2025-11-07,Q5,0.006204751014080245
10581,unusual_count,2025-11-10,Q5,0.006632182047065616
10582,unusual_count,2025-11-11,Q5,0.01679425083529429
10583,unusual_count,2025-11-12,Q5,-0.00638711681330828
10584,unusual_count,2025-11-13,Q5,0.005247408737322767
10585,unusual_count,2025-11-14,Q5,-0.042194395933424445
10586,unusual_count,2025-11-17,Q5,-0.059158341752047594
10587,unusual_count,2025-11-18,Q5,-0.03498188585419515
10588,unusual_count,2025-11-19,Q5,-0.018161859679787895
10589,unusual_count,2025-11-20,Q5,-0.028208342484301707
10590,unusual_count,2025-11-21,Q5,0.022145926793742277
10591,unusual_count,2025-11-24,Q5,0.0918223860826678
10592,unusual_count,2025-11-25,Q5,0.0848125274260857
10593,unusual_count,2025-11-26,Q5,0.055230930588305416
10594,unusual_count,2025-11-27,Q5,0.02702539121369618
10595,unusual_count,2025-11-28,Q5,0.008884395551782442
10596,unusual_count,2025-12-01,Q5,-0.046135282933293775
10597,unusual_count,2025-12-02,Q5,-0.03967587361353836
10598,unusual_count,2025-12-03,Q5,-0.02550309963853059
10599,unusual_count,2025-12-04,Q5,-0.01675607549285174
10600,unusual_count,2025-12-05,Q5,0.013237470475247037
10601,unusual_count,2025-12-08,Q5,0.05835478984025144
10602,unusual_count,2025-12-09,Q5,0.06485523236615182
10603,unusual_count,2025-12-10,Q5,0.03829529963602324
10604,unusual_count,2025-12-11,Q5,0.05349559441033769
10605,unusual_count,2025-12-12,Q5,0.04483700275037361
10606,unusual_count,2025-12-15,Q5,0.009137835209851786
10607,unusual_count,2025-12-16,Q5,-0.005242678437834936
10608,unusual_count,2025-12-17,Q5,0.018924768538545855
10609,unusual_count,2025-12-18,Q5,0.009380716729845862
10610,unusual_count,2025-12-19,Q5,-0.010834833708877167
10611,unusual_count,2025-12-22,Q5,-0.015180061193608707
10612,unusual_count,2025-12-23,Q5,-0.0095837967303809
10613,unusual_count,2025-12-24,Q5,-0.021935771349142374
10614,unusual_count,2025-12-25,Q5,-0.006184441056953094
10615,unusual_count,2025-12-26,Q5,0.012990920592833466
10616,unusual_count,2025-12-29,Q5,0.007275598419075435
10617,unusual_count,2025-12-30,Q5,0.031118701044166697
10618,unusual_count,2025-12-31,Q5,0.04137208113735791
10619,unusual_count,2026-01-05,Q5,0.02642694518286115
10620,unusual_count,2026-01-06,Q5,0.001910892595964886
10621,unusual_count,2026-01-07,Q5,-0.001352634982786316
10622,unusual_count,2026-01-08,Q5,-0.03881271563690547
10623,unusual_count,2026-01-09,Q5,-0.04277672942204219
10624,unusual_count,2026-01-12,Q5,-0.031794065127275506
10625,unusual_count,2026-01-13,Q5,-0.031071952568036132
10626,unusual_count,2026-01-14,Q5,-0.009300653960516492
10627,unusual_count,2026-01-15,Q5,0.014241476905283768
10628,unusual_count,2026-01-16,Q5,0.03983296883505627
10629,unusual_count,2026-01-19,Q5,0.03984215885415732
10630,unusual_count,2026-01-20,Q5,0.036725706781889356
10631,unusual_count,2026-01-21,Q5,0.015168707013533844
10632,unusual_count,2026-01-22,Q5,-0.01426497273251115
10633,unusual_count,2026-01-23,Q5,-0.03496560128395809
10634,unusual_count,2026-01-26,Q5,-0.05362730891668771
10635,unusual_count,2026-01-27,Q5,-0.02146809523177301
10636,unusual_count,2026-01-28,Q5,0.012049498489529076
10637,unusual_count,2026-01-29,Q5,0.019798469010065378
10638,unusual_count,2026-01-30,Q5,0.04319850967352701
10639,unusual_count,2026-02-02,Q5,0.09323196445552961
10640,unusual_count,2026-02-03,Q5,0.059993106570482735
10641,unusual_count,2026-02-04,Q5,0.04227503172542246
10642,unusual_count,2026-02-05,Q5,0.043891073335715236
10643,unusual_count,2026-02-06,Q5,0.014205028217635751
10644,unusual_count,2026-02-09,Q5,0.01100802621961644
10645,unusual_count,2026-02-10,Q5,0.06882386352716585
10646,unusual_count,2026-02-11,Q5,0.0698976630539051
10647,unusual_count,2026-02-12,Q5,0.09582703641085422
10648,unusual_count,2026-02-13,Q5,0.08567440348737232
10649,unusual_count,2026-02-24,Q5,0.008801855845889939
10650,unusual_count,2026-02-25,Q5,-0.016405386301156955
10651,unusual_count,2026-02-26,Q5,-0.019777951568025032
10652,unusual_count,2026-02-27,Q5,-0.03173541575805955
10653,unusual_count,2026-03-02,Q5,-0.019127773433368134
10654,unusual_count,2026-03-03,Q5,0.06223258508473872
10655,unusual_count,2026-03-04,Q5,0.05394213807435444
10656,unusual_count,2026-03-05,Q5,0.041459136745291225
10657,unusual_count,2026-03-06,Q5,0.01892428182108219
10658,unusual_count,2026-03-09,Q5,0.029679924944255698
10659,unusual_count,2026-03-10,Q5,0.01224415788088351
10660,unusual_count,2026-03-11,Q5,0.006965553771276001
10661,unusual_count,2026-03-12,Q5,-0.015639725637852542
10662,unusual_count,2026-03-13,Q5,-0.02080155333774031
10663,unusual_count,2026-03-16,Q5,-0.0765599987905693
10664,unusual_count,2026-03-17,Q5,-0.0624563297315201
10665,unusual_count,2026-03-18,Q5,-0.06806337760870695
10666,unusual_count,2026-03-19,Q5,-0.04967379843398878
10667,unusual_count,2026-03-20,Q5,-0.028916353493482372
10668,unusual_count,2026-03-23,Q5,0.018264822286715
10669,unusual_count,2026-03-24,Q5,-0.03249099449154974
10670,unusual_count,2026-03-25,Q5,-0.01954746312243738
10671,unusual_count,2026-03-26,Q5,-0.024997696961642724
10672,unusual_count,2026-03-27,Q5,-0.05378009775023457
10673,unusual_count,2026-03-30,Q5,-0.050610729564272317
10674,unusual_count,2026-03-31,Q5,-0.002772120547334389
10675,unusual_count,2026-04-01,Q5,0.0032824613275117542
10676,unusual_count,2026-04-02,Q5,0.0359629259794092
10677,unusual_count,2026-04-03,Q5,0.060238433435351846
10678,unusual_count,2026-04-07,Q5,0.06017370235808739
10679,unusual_count,2026-04-08,Q5,0.02446804949405257
10680,unusual_count,2026-04-09,Q5,0.02323625984461286
10681,unusual_count,2026-04-10,Q5,0.0011649128755192306
10682,unusual_count,2026-04-13,Q5,0.01804285888711643
10683,unusual_count,2026-04-14,Q5,0.01274600717479668
10684,unusual_count,2026-04-15,Q5,0.019030799793264164
10685,unusual_count,2026-04-16,Q5,-0.00807447370608727
10686,unusual_count,2026-04-17,Q5,0.0007357996853810111
10687,unusual_count,2026-04-20,Q5,-0.00487231818319811
10688,unusual_count,2026-04-21,Q5,-0.026054342717971857
10689,unusual_count,2026-04-22,Q5,-0.040496092692671626
10690,unusual_count,2026-04-23,Q5,0.017669003021414442
