date,code,score
20241101,600255.SH,0.09962292609351435
20241101,600868.SH,0.09932126696832581
20241101,600537.SH,0.09939668174962295
20241101,600408.SH,0.09909502262443441
20241101,600666.SH,0.09917043740573155
20241101,600654.SH,0.09864253393665161
20241101,000010.SZ,0.09886877828054301
20241101,002310.SZ,0.09984917043740575
20241101,000563.SZ,0.10000000000000002
20241101,002400.SZ,0.09924585218702868
20241101,002426.SZ,0.09969834087481148
20241101,002183.SZ,0.09871794871794874
20241101,000016.SZ,0.09879336349924588
20241101,000536.SZ,0.09992458521870289
20241101,002031.SZ,0.09894419306184014
20241101,000839.SZ,0.09977375565610862
20241101,002640.SZ,0.09954751131221722
20241101,002596.SZ,0.09947209653092008
20241101,000917.SZ,0.09901960784313728
20241101,002437.SZ,0.09856711915535447
20241104,600246.SH,0.19374386935227403
20241104,600868.SH,0.19336423804928618
20241104,600611.SH,0.1944214657632806
20241104,600172.SH,0.1975502130595442
20241104,600864.SH,0.192611454181116
20241104,600408.SH,0.1926854481865786
20241104,600481.SH,0.19577785203699474
20241104,600203.SH,0.19223739231939954
20241104,600770.SH,0.19464947186920684
20241104,600635.SH,0.19758706798469203
20241104,000676.SZ,0.1901265740775471
20241104,002400.SZ,0.1933647495285866
20241104,002183.SZ,0.19638099979427168
20241104,002570.SZ,0.1975119373585618
20241104,002178.SZ,0.194799392135267
20241104,000016.SZ,0.19796397139807756
20241104,000677.SZ,0.1894488071734404
20241104,002583.SZ,0.19532735243538032
20241104,000839.SZ,0.19200682881697115
20241104,002647.SZ,0.19155871611875872
20241105,603300.SH,0.185301733005532
20241105,601519.SH,0.18296677316802326
20241105,600545.SH,0.17689744612702196
20241105,600337.SH,0.179489339066448
20241105,601515.SH,0.16774122784584244
20241105,600727.SH,0.1689480916707301
20241105,600326.SH,0.17610442588721772
20241105,600366.SH,0.1852249542794337
20241105,000563.SZ,0.1906510108535908
20241105,002167.SZ,0.1782110386325999
20241105,002662.SZ,0.172635118623416
20241105,002510.SZ,0.1805521930527472
20241105,001330.SZ,0.17927542705680038
20241105,000514.SZ,0.1721029528268325
20241105,000566.SZ,0.17859515958722488
20241105,002354.SZ,0.18235532807987262
20241105,002596.SZ,0.18673182912954184
20241105,002075.SZ,0.18583173922284704
20241105,002194.SZ,0.17475326806857464
20241105,000572.SZ,0.19291436358903893
20241106,603300.SH,0.15115628420517827
20241106,601519.SH,0.1700769833178185
20241106,600609.SH,0.18281713705712999
20241106,600651.SH,0.16533443358213964
20241106,600076.SH,0.16479857376838628
20241106,600408.SH,0.1547688625041345
20241106,603399.SH,0.1573431946542457
20241106,000735.SZ,0.16788938634986783
20241106,002681.SZ,0.1610365866826703
20241106,002174.SZ,0.16879873971500375
20241106,002587.SZ,0.1528212629901535
20241106,002510.SZ,0.1785969781802931
20241106,000678.SZ,0.15553227377554701
20241106,002527.SZ,0.16269622335050773
20241106,002640.SZ,0.1780656080181769
20241106,002075.SZ,0.1715130467003334
20241106,002638.SZ,0.16608125019180478
20241106,002520.SZ,0.1522935868452071
20241106,002358.SZ,0.15930255819213668
20241106,002659.SZ,0.15989763594267342
20241107,600545.SH,0.16111762422712708
20241107,600984.SH,0.16744718134028205
20241107,600617.SH,0.16752287976321265
20241107,600121.SH,0.18093948892782893
20241107,601375.SH,0.16353878210657255
20241107,600649.SH,0.15886119837299464
20241107,600666.SH,0.17521347636211768
20241107,600318.SH,0.18440130151351453
20241107,603399.SH,0.1627751019148183
20241107,000010.SZ,0.16718166940558019
20241107,000868.SZ,0.1720453781970384
20241107,002570.SZ,0.17972990303338454
20241107,000886.SZ,0.17031106717752706
20241107,002010.SZ,0.1813949846106355
20241107,000701.SZ,0.16504106100362267
20241107,002640.SZ,0.18583304582308136
20241107,000566.SZ,0.19178723182102944
20241107,002638.SZ,0.1654984860315414
20241107,002526.SZ,0.16082061857074118
20241107,002277.SZ,0.1833492977183792
20241108,600121.SH,0.1517970094291449
20241108,600279.SH,0.1519271212556378
20241108,600630.SH,0.14108744280589855
20241108,600651.SH,0.16956838083168405
20241108,600397.SH,0.15734903147525847
20241108,600730.SH,0.16134108034123767
20241108,600619.SH,0.1642811823287038
20241108,600815.SH,0.14996905858352444
20241108,002617.SZ,0.17521483260391732
20241108,000868.SZ,0.13697304742366237
20241108,002387.SZ,0.16150650007340792
20241108,002178.SZ,0.18869982516446118
20241108,000099.SZ,0.16044064953393145
20241108,002418.SZ,0.14685995569569044
20241108,002681.SZ,0.1720534893720422
20241108,002068.SZ,0.16142921046713157
20241108,000516.SZ,0.14992337670335448
20241108,000795.SZ,0.189453972549488
20241108,002765.SZ,0.18583696091639454
20241108,002277.SZ,0.1524758005756861
20241111,603601.SH,0.15328428122922375
20241111,600121.SH,0.1879457863017097
20241111,600609.SH,0.17805319450728083
20241111,600478.SH,0.17249898689038912
20241111,600530.SH,0.15410576961126846
20241111,600966.SH,0.16195453760557013
20241111,600333.SH,0.16666776899867464
20241111,000509.SZ,0.16940617656818288
20241111,002467.SZ,0.1566071920161344
20241111,002617.SZ,0.16091026866419772
20241111,002426.SZ,0.1743962284707784
20241111,002010.SZ,0.19171408360261372
20241111,002418.SZ,0.16949551856599598
20241111,002127.SZ,0.15044107668677872
20241111,002892.SZ,0.15274920582073787
20241111,002031.SZ,0.1698762263225886
20241111,000035.SZ,0.1808615658693411
20241111,002104.SZ,0.1562099428125835
20241111,000839.SZ,0.1797400029516197
20241111,000795.SZ,0.1905790524855533
20241112,600829.SH,0.14931962434772722
20241112,600121.SH,0.18056569897625224
20241112,600227.SH,0.1424535260377222
20241112,600279.SH,0.14007550328284174
20241112,603366.SH,0.15533382681170435
20241112,600067.SH,0.1465921286916445
20241112,600903.SH,0.15859860735116038
20241112,600619.SH,0.18235127344486224
20241112,600963.SH,0.15035122834829387
20241112,603887.SH,0.14027587382417017
20241112,002392.SZ,0.14024518254731116
20241112,000767.SZ,0.18493470637894172
20241112,002474.SZ,0.14616990444752379
20241112,000557.SZ,0.14136551057709393
20241112,002510.SZ,0.19773852020386223
20241112,002115.SZ,0.14648656355669656
20241112,000006.SZ,0.15229115171068033
20241112,002067.SZ,0.15163953482097478
20241112,000795.SZ,0.19057484689864948
20241112,000078.SZ,0.1440018554047274
20241113,601949.SH,0.14186496742256036
20241113,603366.SH,0.18016939358643036
20241113,603123.SH,0.14082644778509815
20241113,603399.SH,0.15630437156480914
20241113,603101.SH,0.16610581298001678
20241113,600787.SH,0.1700255705601864
20241113,600292.SH,0.1541012994576494
20241113,002310.SZ,0.14887048192771088
20241113,002351.SZ,0.1496671732246206
20241113,000767.SZ,0.16581166053943874
20241113,002042.SZ,0.14471162596003354
20241113,000516.SZ,0.15925249335711425
20241113,000712.SZ,0.14840707239835477
20241113,002115.SZ,0.1903489334983439
20241113,000006.SZ,0.14316874749754308
20241113,000659.SZ,0.15240190368725662
20241113,002208.SZ,0.1710545353619918
20241113,002383.SZ,0.14673452116623598
20241113,002073.SZ,0.16337449495868672
20241113,002171.SZ,0.16524519528264117
20241114,600650.SH,0.12854485706767418
20241114,600227.SH,0.16272306248685467
20241114,600279.SH,0.1459768487080062
20241114,603918.SH,0.16975156679265907
20241114,603101.SH,0.1595407343307421
20241114,603323.SH,0.1403406386410154
20241114,603363.SH,0.13420565335393883
20241114,603887.SH,0.16642044693105795
20241114,002310.SZ,0.15767527122062916
20241114,002611.SZ,0.16199626807595383
20241114,002141.SZ,0.1265658682631443
20241114,002037.SZ,0.12387207714537117
20241114,002530.SZ,0.1368045537263818
20241114,002701.SZ,0.12404204177099923
20241114,002434.SZ,0.13343328372202978
20241114,002115.SZ,0.126623778198466
20241114,000812.SZ,0.12469134597061406
20241114,002229.SZ,0.14676444496527213
20241114,002723.SZ,0.14788600273330205
20241114,000506.SZ,0.17325920440246864
20241115,600650.SH,0.14597982598806028
20241115,601949.SH,0.16647482682146883
20241115,600227.SH,0.1731088425162738
20241115,600822.SH,0.1717805761585536
20241115,600651.SH,0.13944027616915747
20241115,601789.SH,0.1853097377923633
20241115,600787.SH,0.17943766013992704
20241115,600108.SH,0.14924023036166506
20241115,603887.SH,0.14451483865535658
20241115,600800.SH,0.15917606548244426
20241115,002310.SZ,0.1681457742502621
20241115,002467.SZ,0.16625125131199753
20241115,002400.SZ,0.15986224347418826
20241115,002406.SZ,0.14536328527772213
20241115,002051.SZ,0.14851450178013673
20241115,002167.SZ,0.1743813485732611
20241115,002238.SZ,0.1753376938959718
20241115,002291.SZ,0.1418496397328091
20241115,002045.SZ,0.1699876686795811
20241115,002194.SZ,0.17376819451670275
20241118,603878.SH,0.12822478720698333
20241118,600057.SH,0.11070079996470336
20241118,600822.SH,0.1714242466762805
20241118,603110.SH,0.10829479671909706
20241118,600616.SH,0.14721960728394543
20241118,600279.SH,0.11028261004001165
20241118,603535.SH,0.12457998907799346
20241118,600333.SH,0.13068127058282422
20241118,605167.SH,0.11033196589041278
20241118,601789.SH,0.194387701704854
20241118,600163.SH,0.10320002339215233
20241118,600108.SH,0.10189535930543413
20241118,600800.SH,0.12893912492037468
20241118,603569.SH,0.15882946875484052
20241118,601011.SH,0.11697031276868369
20241118,002310.SZ,0.10937165150446677
20241118,002140.SZ,0.12634848768487394
20241118,000812.SZ,0.11835082631379043
20241118,000949.SZ,0.13271442248525658
20241118,002194.SZ,0.17172104780905537
20241119,600676.SH,0.15443825107824577
20241119,603878.SH,0.15974605254687135
20241119,603318.SH,0.16485795048319143
20241119,603839.SH,0.16309900645481323
20241119,605228.SH,0.14777691235165166
20241119,600510.SH,0.15862594273212718
20241119,601789.SH,0.15740683431778513
20241119,603808.SH,0.1607488006104562
20241119,603569.SH,0.15142453352364513
20241119,600826.SH,0.17918320473501276
20241119,000900.SZ,0.18093537651175012
20241119,002958.SZ,0.1500638948561705
20241119,002403.SZ,0.17297551540704312
20241119,000949.SZ,0.1690857003921176
20241119,002110.SZ,0.1539738654758138
20241119,002194.SZ,0.1836652421239998
20241119,002366.SZ,0.17371237780459994
20241119,002697.SZ,0.16624214965348869
20241119,002582.SZ,0.16924106496174599
20241119,002277.SZ,0.1758204235789933
20241120,600273.SH,0.14637258467833605
20241120,600676.SH,0.18011758354171406
20241120,603878.SH,0.14338233121163904
20241120,600278.SH,0.1442952943850876
20241120,600960.SH,0.18662551147988185
20241120,603366.SH,0.1857176346897023
20241120,603037.SH,0.13773877585814964
20241120,600327.SH,0.1582366162764265
20241120,601011.SH,0.17571484996590142
20241120,002467.SZ,0.14660684246419645
20241120,002392.SZ,0.14830180154580588
20241120,002140.SZ,0.1482865992270971
20241120,000990.SZ,0.13377426687883612
20241120,002031.SZ,0.1560240963855422
20241120,002583.SZ,0.17830609229370317
20241120,000925.SZ,0.15990975221641288
20241120,002103.SZ,0.17236988520118213
20241120,002366.SZ,0.16347618776994777
20241120,002697.SZ,0.15623056376449196
20241120,002277.SZ,0.13456223005228463
20241121,600556.SH,0.15820101159354402
20241121,600713.SH,0.13935832007274382
20241121,603169.SH,0.1261032621050239
20241121,603060.SH,0.12238110934303251
20241121,600558.SH,0.12796212207319851
20241121,600405.SH,0.14403941236644696
20241121,600736.SH,0.18278395658104116
20241121,600468.SH,0.12528142759718122
20241121,002201.SZ,0.1506795578540578
20241121,002042.SZ,0.1773672141395772
20241121,000812.SZ,0.18459067401682203
20241121,002905.SZ,0.12561241191179817
20241121,000546.SZ,0.15223516708342807
20241121,002109.SZ,0.13008672425551268
20241121,000573.SZ,0.16452426687883617
20241121,000957.SZ,0.13891739599909075
20241121,002263.SZ,0.1646058763355308
20241121,002292.SZ,0.13463037053875884
20241121,002366.SZ,0.17179100363719035
20241121,000813.SZ,0.14122502273243923
20241122,600843.SH,0.1626063369845814
20241122,603318.SH,0.16262042766815582
20241122,600185.SH,0.1608113825574646
20241122,600708.SH,0.17770311760145685
20241122,600327.SH,0.19374232908754463
20241122,002121.SZ,0.17694345708626366
20241122,000829.SZ,0.16472778204082447
20241122,002392.SZ,0.16187702504717072
20241122,002556.SZ,0.1624663085021723
20241122,002344.SZ,0.1906548115110489
20241122,002042.SZ,0.16346113618651165
20241122,002348.SZ,0.15697205178607374
20241122,000892.SZ,0.1590623206134536
20241122,000803.SZ,0.15735377487067714
20241122,000812.SZ,0.16647591124336847
20241122,002256.SZ,0.15230707822324907
20241122,002052.SZ,0.164105197791079
20241122,000795.SZ,0.15243268583597608
20241122,002638.SZ,0.17371294980999732
20241122,002208.SZ,0.16441026755360902
20241125,600738.SH,0.1486605925966309
20241125,600843.SH,0.17268008686329028
20241125,605136.SH,0.14783784459103386
20241125,603318.SH,0.16812101346562727
20241125,600179.SH,0.14309131321666763
20241125,600558.SH,0.1437861173199586
20241125,600425.SH,0.1528470215704447
20241125,600470.SH,0.19174719238946739
20241125,002303.SZ,0.1863275500190809
20241125,002426.SZ,0.1784980419415218
20241125,002255.SZ,0.170385274128187
20241125,002167.SZ,0.14610046520925335
20241125,000892.SZ,0.185346476403351
20241125,002045.SZ,0.14926481945883083
20241125,000801.SZ,0.1869948118264915
20241125,002658.SZ,0.17456148121899367
20241125,002638.SZ,0.1725481109960203
20241125,002554.SZ,0.1533740164277018
20241125,000626.SZ,0.14339518708317434
20241125,002366.SZ,0.15961561176834038
20241126,600843.SH,0.14762727380108676
20241126,600880.SH,0.1405682685493104
20241126,600545.SH,0.16298678878409573
20241126,603660.SH,0.1824815097494049
20241126,600576.SH,0.13105033255192722
20241126,603066.SH,0.13705591597157868
20241126,603366.SH,0.18688191680750152
20241126,600076.SH,0.15530515728070657
20241126,603569.SH,0.15045862181758712
20241126,002400.SZ,0.18628870686365373
20241126,002570.SZ,0.17495933962092722
20241126,002356.SZ,0.14290158371040726
20241126,002345.SZ,0.13529638917661604
20241126,002681.SZ,0.18188727761725643
20241126,000721.SZ,0.13446427111159573
20241126,000159.SZ,0.15025679641643502
20241126,002575.SZ,0.16371731268967277
20241126,002584.SZ,0.13970213432917197
20241126,002339.SZ,0.1376150529720693
20241126,002264.SZ,0.16391005197259634
20241127,600509.SH,0.14770676344925504
20241127,600880.SH,0.15306615439817844
20241127,600545.SH,0.1651217973576197
20241127,600556.SH,0.1773274622437501
20241127,603518.SH,0.14969380098726678
20241127,600628.SH,0.16887190416236797
20241127,600787.SH,0.14832150835048555
20241127,601599.SH,0.1658314766365042
20241127,002400.SZ,0.16955707342303564
20241127,000735.SZ,0.15381581426877153
20241127,002296.SZ,0.16584007874750092
20241127,002349.SZ,0.1515379782598335
20241127,002681.SZ,0.1508071867423592
20241127,002235.SZ,0.16526296700504747
20241127,002575.SZ,0.15869067793413907
20241127,000716.SZ,0.1640517907881848
20241127,002137.SZ,0.15303137222329088
20241127,002638.SZ,0.17867567478142746
20241127,002292.SZ,0.1876377092935904
20241127,002301.SZ,0.1797154481496378
20241128,600576.SH,0.13344187024100834
20241128,603110.SH,0.11841356931601955
20241128,601339.SH,0.16600198314824283
20241128,600630.SH,0.1405899918521402
20241128,600712.SH,0.14466046164398133
20241128,600333.SH,0.13006467607384606
20241128,605179.SH,0.15020173550073768
20241128,600186.SH,0.13872956556715854
20241128,600716.SH,0.14674395453339384
20241128,600249.SH,0.15392152402037512
20241128,002467.SZ,0.1959684883125893
20241128,000735.SZ,0.16803942815320838
20241128,002349.SZ,0.1482775533515726
20241128,002356.SZ,0.1819467669861961
20241128,000721.SZ,0.12542626830544007
20241128,000810.SZ,0.12273748621915863
20241128,000716.SZ,0.182859026295336
20241128,002840.SZ,0.1308532639807223
20241128,002263.SZ,0.1162302927997482
20241128,002582.SZ,0.18555417243882236
20241129,601519.SH,0.13837736029064612
20241129,603366.SH,0.16970078606923217
20241129,605179.SH,0.1397091970717327
20241129,600318.SH,0.1672869462139517
20241129,603901.SH,0.14564372764686345
20241129,601086.SH,0.15098670332315353
20241129,600249.SH,0.14302332740849855
20241129,002426.SZ,0.15666432699122287
20241129,000906.SZ,0.13291097052771833
20241129,002127.SZ,0.17160837870392184
20241129,000421.SZ,0.12762053901596315
20241129,002291.SZ,0.13942176269322148
20241129,000712.SZ,0.1832555144165838
20241129,002031.SZ,0.14101734968560317
20241129,002006.SZ,0.13663663730307557
20241129,002527.SZ,0.14934328563292704
20241129,002640.SZ,0.18930382084986414
20241129,000566.SZ,0.13910998780402925
20241129,000006.SZ,0.13622786210152663
20241129,002654.SZ,0.14565170603013097
20241202,601519.SH,0.17738246083539919
20241202,600336.SH,0.1476093654326401
20241202,600609.SH,0.13350605124493822
20241202,600172.SH,0.13412687948826107
20241202,600189.SH,0.1422751509311295
20241202,600386.SH,0.1859010518156343
20241202,600712.SH,0.13951534974774907
20241202,600825.SH,0.13705422948097848
20241202,600708.SH,0.13273612625235395
20241202,600300.SH,0.1325796247284939
20241202,600481.SH,0.15432826506364486
20241202,600722.SH,0.1508577820598741
20241202,600249.SH,0.18092070747755695
20241202,000010.SZ,0.14340062331320064
20241202,000759.SZ,0.13468508523025954
20241202,002137.SZ,0.13705061184712336
20241202,000058.SZ,0.15759758113532998
20241202,002264.SZ,0.16449311380667783
20241202,002582.SZ,0.14366466220310428
20241202,002301.SZ,0.18830750542463223
20241203,600979.SH,0.19163485976276506
20241203,600057.SH,0.1522377698927108
20241203,600609.SH,0.13365676002529622
20241203,600864.SH,0.12137201078376747
20241203,600716.SH,0.14230165079395932
20241203,600327.SH,0.18417049285575823
20241203,600748.SH,0.12836046308238797
20241203,600986.SH,0.16808261466530233
20241203,002474.SZ,0.13841342012250724
20241203,000816.SZ,0.12485277777732028
20241203,002587.SZ,0.1465103284047044
20241203,002892.SZ,0.12608716022241284
20241203,000421.SZ,0.12072344380186466
20241203,002279.SZ,0.16548099960915968
20241203,000716.SZ,0.12265668118743653
20241203,002165.SZ,0.11882005712835077
20241203,002682.SZ,0.17135335610462799
20241203,002164.SZ,0.13590907525606247
20241203,000659.SZ,0.17980711070004893
20241203,002301.SZ,0.11758831027518092
20241204,600738.SH,0.14157063140670847
20241204,601519.SH,0.18560553680045336
20241204,600545.SH,0.15419301057629653
20241204,600708.SH,0.1342742339880774
20241204,600658.SH,0.12714155345939818
20241204,600480.SH,0.17586711145823197
20241204,002695.SZ,0.13302885195276606
20241204,000837.SZ,0.13012061025883692
20241204,000576.SZ,0.13165496430912377
20241204,000759.SZ,0.19227247296248468
20241204,002337.SZ,0.1404651033629673
20241204,002163.SZ,0.16374566666276874
20241204,000890.SZ,0.14867668339830048
20241204,002640.SZ,0.18346928437732837
20241204,000716.SZ,0.13618658685541202
20241204,002596.SZ,0.13107156792197297
20241204,000659.SZ,0.15977915709261573
20241204,002765.SZ,0.1667530602787358
20241204,002547.SZ,0.17822386386326708
20241204,002786.SZ,0.14018266233859997
20241205,600545.SH,0.17288690722754865
20241205,600178.SH,0.1358946784938829
20241205,600106.SH,0.14244884076229183
20241205,601366.SH,0.14318524559612872
20241205,600337.SH,0.14321732254440522
20241205,600666.SH,0.16316169621686433
20241205,600480.SH,0.15868151660928692
20241205,603106.SH,0.1413566241562606
20241205,000759.SZ,0.1573245384787225
20241205,002135.SZ,0.13589331351736048
20241205,002523.SZ,0.18696937000918884
20241205,002163.SZ,0.15445794949973923
20241205,002640.SZ,0.19261127296845793
20241205,002347.SZ,0.19343731126059927
20241205,002026.SZ,0.14734787875374036
20241205,002519.SZ,0.16140658380675857
20241205,002682.SZ,0.14211130004838432
20241205,000889.SZ,0.1525032578263184
20241205,002547.SZ,0.19110797882511718
20241205,002579.SZ,0.16878970269946655
20241206,600959.SH,0.13334592762651543
20241206,600227.SH,0.13146226002559816
20241206,600609.SH,0.14014752294299754
20241206,605006.SH,0.15211662977043858
20241206,600828.SH,0.13282427909887012
20241206,600651.SH,0.12229418624587894
20241206,601388.SH,0.11126722684095325
20241206,605179.SH,0.1168517788258748
20241206,600397.SH,0.11203648289896474
20241206,600691.SH,0.13221686454640044
20241206,002132.SZ,0.11208983896653446
20241206,002121.SZ,0.11280536460067012
20241206,000665.SZ,0.12045053942719244
20241206,002283.SZ,0.12951418907163428
20241206,002587.SZ,0.11617562442631874
20241206,000751.SZ,0.11784918926845443
20241206,002471.SZ,0.1335509359140984
20241206,002263.SZ,0.13302143276665057
20241206,002177.SZ,0.13877239179133183
20241206,002437.SZ,0.16765222380822115
20241209,600255.SH,0.14306655161292203
20241209,600545.SH,0.162932552796631
20241209,600326.SH,0.15493010792000875
20241209,600620.SH,0.13631104846428327
20241209,603712.SH,0.1615952806825542
20241209,002303.SZ,0.12878813120346483
20241209,002062.SZ,0.1257326751625375
20241209,002178.SZ,0.14309550279796815
20241209,002398.SZ,0.13036768769911428
20241209,002681.SZ,0.19098847705079358
20241209,002523.SZ,0.1791969684073815
20241209,002182.SZ,0.15379042179120653
20241209,002068.SZ,0.13776404625283337
20241209,002996.SZ,0.11567093704951864
20241209,000678.SZ,0.14086405363298654
20241209,002575.SZ,0.15276807844958604
20241209,002177.SZ,0.12837122543384571
20241209,002355.SZ,0.12200894233710373
20241209,002765.SZ,0.13472766281880896
20241209,002480.SZ,0.12474217096477148
20241210,603015.SH,0.15733854323725402
20241210,600545.SH,0.19434712176906832
20241210,600686.SH,0.1556275852135707
20241210,600825.SH,0.17324087137064928
20241210,600405.SH,0.1450523544569757
20241210,600575.SH,0.17350745997295136
20241210,601609.SH,0.15565727166570703
20241210,600691.SH,0.14234739003075156
20241210,002426.SZ,0.18727023144131746
20241210,002892.SZ,0.14041074132666378
20241210,002182.SZ,0.15020473465332687
20241210,002337.SZ,0.13352390411343748
20241210,002115.SZ,0.18123133663305946
20241210,002367.SZ,0.13231758544897085
20241210,000678.SZ,0.15970113988233778
20241210,002229.SZ,0.15698327602112555
20241210,002425.SZ,0.13911704757677873
20241210,002527.SZ,0.1769075790175635
20241210,002575.SZ,0.16128049566167812
20241210,002181.SZ,0.175334222097821
20241211,600693.SH,0.18627937472024508
20241211,600545.SH,0.19494970559055408
20241211,600556.SH,0.1608138281688222
20241211,600337.SH,0.15722220950348678
20241211,600828.SH,0.16161766140171416
20241211,600405.SH,0.14739292263584833
20241211,002369.SZ,0.1706647257922066
20241211,002400.SZ,0.1838012598438209
20241211,002570.SZ,0.1564476168951071
20241211,000678.SZ,0.14102728531108488
20241211,002374.SZ,0.17170222169727706
20241211,002527.SZ,0.14775066486503496
20241211,002471.SZ,0.140491932117199
20241211,000949.SZ,0.14734218792025014
20241211,002354.SZ,0.16977298230666515
20241211,002519.SZ,0.1617223096017651
20241211,002596.SZ,0.16323857102206862
20241211,002177.SZ,0.1703711827529116
20241211,002181.SZ,0.18432086090668265
20241211,002547.SZ,0.1685034110550554
20241212,603696.SH,0.14157139727588847
20241212,600545.SH,0.1426845356299088
20241212,605388.SH,0.1343612752605753
20241212,600979.SH,0.188615540616623
20241212,601116.SH,0.11943989543772006
20241212,600853.SH,0.14734615795000486
20241212,600819.SH,0.12258093391185829
20241212,600429.SH,0.1492359679452729
20241212,600638.SH,0.1493519909496773
20241212,600597.SH,0.14835442060788712
20241212,001217.SZ,0.12016788291633544
20241212,002474.SZ,0.14025373993959464
20241212,002570.SZ,0.11709927157880337
20241212,000816.SZ,0.12920334878083234
20241212,000068.SZ,0.14530779300988184
20241212,000558.SZ,0.17076574263314834
20241212,002481.SZ,0.12807155060070224
20241212,002292.SZ,0.11676761796951997
20241212,002697.SZ,0.1468900282954349
20241212,002162.SZ,0.12104323244365692
20241213,600880.SH,0.15096718372547238
20241213,600556.SH,0.18447894776275361
20241213,600979.SH,0.1917093978650496
20241213,600686.SH,0.17051344423922551
20241213,603682.SH,0.1387375292585481
20241213,002351.SZ,0.14381934190834333
20241213,002400.SZ,0.18432970929946646
20241213,000715.SZ,0.11672046753730257
20241213,000670.SZ,0.13475609360762528
20241213,000816.SZ,0.18899923646473132
20241213,000721.SZ,0.15056593152841455
20241213,000892.SZ,0.11938143060283106
20241213,002291.SZ,0.16247582205236483
20241213,002235.SZ,0.16895411257293774
20241213,002685.SZ,0.11597516624245796
20241213,002354.SZ,0.18681754744449947
20241213,000428.SZ,0.1214962163945003
20241213,002638.SZ,0.14103049356861852
20241213,002383.SZ,0.14671228634618144
20241213,002292.SZ,0.17271909596475357
20241216,600693.SH,0.18060298493294277
20241216,600785.SH,0.14635808678832812
20241216,600337.SH,0.16406833042324212
20241216,600616.SH,0.11177239561758513
20241216,600368.SH,0.16268038957413197
20241216,600828.SH,0.1399010936574335
20241216,600851.SH,0.17606424172481613
20241216,600666.SH,0.11948672490738359
20241216,600300.SH,0.12134837244753173
20241216,600429.SH,0.13987518790701892
20241216,002617.SZ,0.11694355824550308
20241216,000665.SZ,0.12068745320597761
20241216,002400.SZ,0.14334194222494154
20241216,002489.SZ,0.12234266501297945
20241216,002042.SZ,0.15747926834714257
20241216,002163.SZ,0.12081102655360879
20241216,002313.SZ,0.13667271381385634
20241216,002256.SZ,0.13890921534104314
20241216,002596.SZ,0.1734073803012108
20241216,002697.SZ,0.13792791303175722
20241217,600693.SH,0.13316845882248252
20241217,600604.SH,0.11373279589641382
20241217,600185.SH,0.1673547406950905
20241217,601500.SH,0.11279187988713815
20241217,600828.SH,0.14065759734122987
20241217,600712.SH,0.1186701183698134
20241217,600313.SH,0.12052775328158866
20241217,600203.SH,0.10960087893040396
20241217,600679.SH,0.1460169204372698
20241217,002201.SZ,0.11056832309184003
20241217,002617.SZ,0.11658765301016646
20241217,002163.SZ,0.1297800271895004
20241217,002540.SZ,0.11356817371621289
20241217,000532.SZ,0.13401964396382918
20241217,000501.SZ,0.13411465149327625
20241217,000949.SZ,0.1425342632939762
20241217,002354.SZ,0.17936411846697464
20241217,002181.SZ,0.1456929795884604
20241217,000572.SZ,0.11165144333509204
20241217,002339.SZ,0.1748767475006253
20241218,600880.SH,0.18944739693525506
20241218,600686.SH,0.1512187620271198
20241218,600368.SH,0.17958468166909702
20241218,603861.SH,0.17691486499480444
20241218,600405.SH,0.14651055924031026
20241218,600313.SH,0.17626312067824298
20241218,600203.SH,0.14960115135718235
20241218,600724.SH,0.1760835942926605
20241218,600626.SH,0.14794253310320085
20241218,002617.SZ,0.1641490731901989
20241218,002369.SZ,0.17717031678509543
20241218,000713.SZ,0.1518357845605267
20241218,000670.SZ,0.15084413606017405
20241218,000759.SZ,0.16324443217127532
20241218,002141.SZ,0.15245236135932436
20241218,000823.SZ,0.15189726679240684
20241218,002291.SZ,0.18937505317956763
20241218,002235.SZ,0.1691148041191145
20241218,002354.SZ,0.16912366823756347
20241218,003037.SZ,0.15622557974369083
20241219,603333.SH,0.11491066922978242
20241219,605228.SH,0.13722223602094663
20241219,600973.SH,0.1706645510947777
20241219,600571.SH,0.15588322933407717
20241219,603861.SH,0.14814051967334047
20241219,603912.SH,0.17874566709958245
20241219,600103.SH,0.11490152086980185
20241219,002617.SZ,0.16384587765158262
20241219,000670.SZ,0.11569327068425972
20241219,002668.SZ,0.12400095376234437
20241219,000823.SZ,0.1504447579360716
20241219,000530.SZ,0.1550337543161854
20241219,002291.SZ,0.119491758963675
20241219,002632.SZ,0.14322715801793867
20241219,002137.SZ,0.1289331865353258
20241219,002256.SZ,0.14442095556393506
20241219,002449.SZ,0.15690922768634036
20241219,002373.SZ,0.12249539031553378
20241219,003037.SZ,0.12158364582986747
20241219,000600.SZ,0.15712689112508382
20241220,600255.SH,0.1901281046639477
20241220,603300.SH,0.14288634669194553
20241220,600973.SH,0.14042442277689685
20241220,603128.SH,0.1631418449037197
20241220,601515.SH,0.13242435435449845
20241220,600590.SH,0.1622324190044426
20241220,603126.SH,0.15401649915546128
20241220,600589.SH,0.1754262368945703
20241220,603118.SH,0.16198558506448765
20241220,002491.SZ,0.16624000276697734
20241220,002617.SZ,0.1894490184676252
20241220,000670.SZ,0.1712777685131244
20241220,000899.SZ,0.13826270387264256
20241220,002587.SZ,0.12678677159246918
20241220,000677.SZ,0.13437495011808764
20241220,000810.SZ,0.13200513118114393
20241220,002350.SZ,0.1323603863865264
20241220,002161.SZ,0.13849550943773833
20241220,000936.SZ,0.14611002153612232
20241220,000506.SZ,0.15232551326263813
20241223,600789.SH,0.1235130573837344
20241223,600490.SH,0.12698543644227564
20241223,603001.SH,0.13512406708347943
20241223,600864.SH,0.15343477425934135
20241223,600710.SH,0.13185758572245218
20241223,603328.SH,0.14587004004129875
20241223,600621.SH,0.12285589432276603
20241223,600072.SH,0.15108985116505042
20241223,603126.SH,0.17316862574781933
20241223,600579.SH,0.18438184934645527
20241223,002369.SZ,0.18500312956479634
20241223,000886.SZ,0.17663492096665803
20241223,002077.SZ,0.13824455380778639
20241223,000016.SZ,0.13243188538088319
20241223,002042.SZ,0.13544960297889175
20241223,000823.SZ,0.16116794326072262
20241223,000788.SZ,0.15810224625450092
20241223,000506.SZ,0.12170270155853401
20241223,000600.SZ,0.1332525654508381
20241223,000950.SZ,0.14409424763078138
20241224,601908.SH,0.19205234139452834
20241224,603777.SH,0.1555294370884824
20241224,603518.SH,0.16447240290398432
20241224,600368.SH,0.1856392267001011
20241224,600864.SH,0.15033598943386797
20241224,600326.SH,0.17679057009895396
20241224,603803.SH,0.17330140998063157
20241224,601113.SH,0.17106785854089646
20241224,000886.SZ,0.1661451862609727
20241224,000899.SZ,0.15626894817823603
20241224,002068.SZ,0.1532364315093389
20241224,000788.SZ,0.1621695111026457
20241224,002616.SZ,0.18736296455181004
20241224,000810.SZ,0.1647296063455712
20241224,002350.SZ,0.15008977815061614
20241224,000936.SZ,0.16157472232585363
20241224,002075.SZ,0.15245033909568984
20241224,000506.SZ,0.17293486218201334
20241224,000600.SZ,0.1730280948615687
20241224,002582.SZ,0.1768497902276925
20241225,600843.SH,0.13195371759821387
20241225,605136.SH,0.13846351489751124
20241225,601619.SH,0.13022345967143673
20241225,600609.SH,0.1406617984764159
20241225,600490.SH,0.13169499262470621
20241225,603682.SH,0.16342568740555796
20241225,603390.SH,0.13803646233219888
20241225,603500.SH,0.1749063602299575
20241225,603105.SH,0.15103918499064353
20241225,600792.SH,0.15379910896706317
20241225,600397.SH,0.14674049016059063
20241225,600736.SH,0.15041614413355262
20241225,600621.SH,0.14857515751608233
20241225,000670.SZ,0.12925050481296838
20241225,000759.SZ,0.18402043776550434
20241225,002344.SZ,0.14596311371322812
20241225,000899.SZ,0.14422124842422798
20241225,002419.SZ,0.15198464247471763
20241225,002117.SZ,0.13039040657188966
20241225,000600.SZ,0.14221985273696966
20241226,600693.SH,0.14505799955308593
20241226,603333.SH,0.15840998448541835
20241226,603682.SH,0.18570849951576768
20241226,600973.SH,0.1788629147598255
20241226,601500.SH,0.14862192196594146
20241226,600828.SH,0.155008478420863
20241226,600712.SH,0.16035155781228627
20241226,603500.SH,0.16259142393994236
20241226,603105.SH,0.1535360959726685
20241226,600792.SH,0.14860724923978938
20241226,600710.SH,0.15901501864363862
20241226,603126.SH,0.1563772940897429
20241226,002491.SZ,0.17192473909644687
20241226,002328.SZ,0.1500191905892889
20241226,000755.SZ,0.1598358706421659
20241226,000810.SZ,0.17407086569286595
20241226,002187.SZ,0.1417368879827234
20241226,000852.SZ,0.15375401013712964
20241226,002582.SZ,0.16573076502240158
20241226,002815.SZ,0.16068512982164504
20241227,600865.SH,0.12913544368056018
20241227,600693.SH,0.1951712142093863
20241227,603333.SH,0.17270589405471337
20241227,603682.SH,0.16108939229540203
20241227,600505.SH,0.1352557381886272
20241227,603500.SH,0.15983936398277326
20241227,600864.SH,0.1288787563063333
20241227,600354.SH,0.11422067434232736
20241227,603363.SH,0.14906119409502344
20241227,002062.SZ,0.1572672615899128
20241227,002752.SZ,0.11888719915282298
20241227,000016.SZ,0.12513380060720133
20241227,002045.SZ,0.12868039646704546
20241227,000936.SZ,0.18634696106974752
20241227,002708.SZ,0.12952518276806269
20241227,000678.SZ,0.14251698776610117
20241227,002249.SZ,0.1600742058202908
20241227,002187.SZ,0.11926798168874471
20241227,002390.SZ,0.14820963096286116
20241227,000852.SZ,0.13350928158364908
20241230,605208.SH,0.11814012417688381
20241230,600830.SH,0.11399853114131707
20241230,603682.SH,0.16394845688742943
20241230,603500.SH,0.121157630158757
20241230,600405.SH,0.11910946459473357
20241230,603126.SH,0.12431803145811327
20241230,605158.SH,0.11983543856454344
20241230,603610.SH,0.11525767346904515
20241230,600635.SH,0.15855655050885795
20241230,600103.SH,0.17341475403696802
20241230,002062.SZ,0.18167233563868398
20241230,000886.SZ,0.1302627438167065
20241230,000936.SZ,0.1787395201320921
20241230,002117.SZ,0.1688634386073298
20241230,000678.SZ,0.1207190049125357
20241230,000501.SZ,0.14721167318390044
20241230,002560.SZ,0.16630213219261455
20241230,002449.SZ,0.16006108241876796
20241230,002596.SZ,0.13488816142943114
20241230,002334.SZ,0.15694143129774393
20241231,600693.SH,0.19634382767372793
20241231,600789.SH,0.1433417973900894
20241231,603682.SH,0.17823931169251528
20241231,600530.SH,0.15126524899511376
20241231,600397.SH,0.1523203183290533
20241231,600405.SH,0.1328100354302234
20241231,600186.SH,0.18809622070613066
20241231,601226.SH,0.13128830114769496
20241231,601086.SH,0.1495159750324721
20241231,600635.SH,0.13590072740310313
20241231,600103.SH,0.15706355866888708
20241231,002062.SZ,0.14221699443952954
20241231,000715.SZ,0.1303589698154223
20241231,001391.SZ,0.19947169811320759
20241231,002218.SZ,0.13819989772924923
20241231,002575.SZ,0.1719550509783363
20241231,002416.SZ,0.17912661747580047
20241231,002596.SZ,0.1584136313909717
20241231,002187.SZ,0.13317142280881797
20241231,000417.SZ,0.14250228602330545
20250102,600865.SH,0.15319757247619772
20250102,600246.SH,0.16225130701317747
20250102,600172.SH,0.15909282367817046
20250102,600828.SH,0.17286127786973648
20250102,600191.SH,0.15622403526820877
20250102,600397.SH,0.16882946683837555
20250102,600814.SH,0.15707319426822053
20250102,603126.SH,0.15643581796844636
20250102,601086.SH,0.17390433668275845
20250102,600838.SH,0.15262393739207158
20250102,603118.SH,0.16782220151516786
20250102,000715.SZ,0.16183982426530402
20250102,002127.SZ,0.17093223912152003
20250102,002345.SZ,0.18470393884996533
20250102,002117.SZ,0.17397745944726706
20250102,002575.SZ,0.16801024021396807
20250102,000716.SZ,0.1621013984905817
20250102,000905.SZ,0.14904706375303828
20250102,002187.SZ,0.17298996714108505
20250102,000417.SZ,0.17964594872160547
20250103,600288.SH,0.14617152008686665
20250103,603229.SH,0.1567045057778843
20250103,600789.SH,0.17561821544068418
20250103,600698.SH,0.1629061622193662
20250103,600664.SH,0.18077064986997826
20250103,603500.SH,0.14767950671839752
20250103,600397.SH,0.18660102268413972
20250103,600033.SH,0.16084745918764964
20250103,600579.SH,0.15180163910529468
20250103,601011.SH,0.17921849856469502
20250103,002062.SZ,0.1603523313272068
20250103,002127.SZ,0.16904199426787664
20250103,002345.SZ,0.14539843650937942
20250103,002530.SZ,0.16903430338176725
20250103,002218.SZ,0.1704902923539549
20250103,002117.SZ,0.179211425069006
20250103,002640.SZ,0.1621188235102591
20250103,000533.SZ,0.1771931773562301
20250103,000852.SZ,0.18532987738241632
20250103,002251.SZ,0.14548908899731375
20250106,600693.SH,0.16114125646369495
20250106,600288.SH,0.13493188253067953
20250106,600824.SH,0.17793519784396922
20250106,600698.SH,0.14820490321861732
20250106,603500.SH,0.14982765439610377
20250106,600191.SH,0.14381617758147952
20250106,600530.SH,0.16369712458151506
20250106,600405.SH,0.15550077405219873
20250106,601226.SH,0.157727589234735
20250106,600618.SH,0.15959237846439003
20250106,600722.SH,0.16275595438684712
20250106,003015.SZ,0.16980591239759887
20250106,002127.SZ,0.1504689467327054
20250106,002530.SZ,0.17128855202801338
20250106,002218.SZ,0.1763628806094525
20250106,002117.SZ,0.15222202456561915
20250106,000612.SZ,0.17038717885049873
20250106,002640.SZ,0.17355718246073734
20250106,000905.SZ,0.15577785616207512
20250106,000795.SZ,0.14335528457355937
20250107,600397.SH,0.15965585173804012
20250107,600618.SH,0.14421660279945406
20250107,600722.SH,0.16534081571263642
20250107,601011.SH,0.13745101569125354
20250107,003015.SZ,0.14270298692844008
20250107,002426.SZ,0.17288213490243848
20250107,002927.SZ,0.1504170968220177
20250107,002530.SZ,0.17301724798090945
20250107,002068.SZ,0.15277223907442455
20250107,002218.SZ,0.17478005098866933
20250107,000612.SZ,0.16884913487865327
20250107,002038.SZ,0.1484444575867083
20250107,002640.SZ,0.16038160192056353
20250107,000905.SZ,0.1562218923206025
20250107,000795.SZ,0.15612926411508224
20250107,002793.SZ,0.14427563798879003
20250107,000756.SZ,0.14679773454867093
20250107,000533.SZ,0.15032427274121668
20250107,000852.SZ,0.16383691817664425
20250107,002225.SZ,0.1732567021249248
20250108,600255.SH,0.1755187592531795
20250108,600868.SH,0.14803872503872503
20250108,600173.SH,0.15354846050014148
20250108,600172.SH,0.15596287417431573
20250108,603500.SH,0.13623348113560485
20250108,603815.SH,0.14800438110297573
20250108,600405.SH,0.17453360539019502
20250108,601226.SH,0.17504141798941544
20250108,600722.SH,0.1424298805964628
20250108,603887.SH,0.14657798332217473
20250108,603118.SH,0.1790656297602669
20250108,603719.SH,0.14042450715424518
20250108,000868.SZ,0.12871846818056706
20250108,002370.SZ,0.1354711579579196
20250108,002530.SZ,0.1331223162063528
20250108,000521.SZ,0.13148168258131335
20250108,000905.SZ,0.13937692768482465
20250108,000533.SZ,0.17564820694853422
20250108,002526.SZ,0.1585807922904592
20250108,002225.SZ,0.1639516792386736
20250109,600172.SH,0.1378692316961113
20250109,600215.SH,0.16950817145313293
20250109,603912.SH,0.1351522268956356
20250109,600078.SH,0.15206789404820648
20250109,603719.SH,0.14852546218822357
20250109,000010.SZ,0.1400656226406422
20250109,002030.SZ,0.15200895719053487
20250109,002178.SZ,0.16271550154899583
20250109,002611.SZ,0.17123353366476457
20250109,002218.SZ,0.16300761230196403
20250109,002490.SZ,0.144803768083909
20250109,002640.SZ,0.14227179213313693
20250109,002041.SZ,0.15688732957351129
20250109,002354.SZ,0.14451733676206546
20250109,002449.SZ,0.17770891449069984
20250109,000905.SZ,0.15933156262072706
20250109,002765.SZ,0.17385018632393656
20250109,002187.SZ,0.13434465366161036
20250109,002526.SZ,0.16273530275851233
20250109,002162.SZ,0.14993055032638555
20250110,600545.SH,0.1611511880222654
20250110,600698.SH,0.1428687162878107
20250110,603269.SH,0.15498637976725257
20250110,603305.SH,0.1439215172595768
20250110,603118.SH,0.1615047965402846
20250110,002030.SZ,0.15306146156327397
20250110,002681.SZ,0.14902434075511287
20250110,002282.SZ,0.13325632107699006
20250110,002031.SZ,0.17361595728751814
20250110,002117.SZ,0.13945135636819045
20250110,002403.SZ,0.14341558825780873
20250110,000573.SZ,0.19687229156089395
20250110,000949.SZ,0.13600099326479564
20250110,002041.SZ,0.1384693750289542
20250110,002584.SZ,0.16020398061989657
20250110,000795.SZ,0.17627603578074488
20250110,002765.SZ,0.1735414773768383
20250110,002520.SZ,0.14648588268299534
20250110,000506.SZ,0.1467364263739112
20250110,002526.SZ,0.1610785575524614
20250113,603015.SH,0.18047876857932646
20250113,603777.SH,0.1738437983827175
20250113,600698.SH,0.15246422323612788
20250113,603158.SH,0.15774078416946039
20250113,603305.SH,0.14336315890912205
20250113,600708.SH,0.16483438390992108
20250113,603002.SH,0.17876253724259877
20250113,600722.SH,0.16987474510509906
20250113,002441.SZ,0.1465484939012699
20250113,002363.SZ,0.14392796219488174
20250113,002692.SZ,0.14337865808572653
20250113,002523.SZ,0.15151916066878116
20250113,002031.SZ,0.15687065160658323
20250113,002117.SZ,0.1689427665583806
20250113,000573.SZ,0.16188870363506502
20250113,000795.SZ,0.17236259078857014
20250113,002448.SZ,0.15402634779911287
20250113,002187.SZ,0.17853565414536424
20250113,002582.SZ,0.1461751274601177
20250113,002225.SZ,0.15141186673545573
20250114,603015.SH,0.17203802724046963
20250114,600698.SH,0.1298281717105699
20250114,603682.SH,0.15971233739386426
20250114,603166.SH,0.15306786128918606
20250114,603002.SH,0.15559131667780182
20250114,600722.SH,0.15339719090041057
20250114,603086.SH,0.13328433405644893
20250114,000837.SZ,0.1493701356194417
20250114,002441.SZ,0.1359584094167545
20250114,002139.SZ,0.15354586045888308
20250114,002681.SZ,0.17124128363345625
20250114,002892.SZ,0.1415333568526376
20250114,002182.SZ,0.13485220054502764
20250114,002117.SZ,0.15134396174321715
20250114,000612.SZ,0.1407593928926538
20250114,002165.SZ,0.14291090826232525
20250114,000795.SZ,0.14994638139085872
20250114,002355.SZ,0.13259622737602714
20250114,002765.SZ,0.16475712995696468
20250114,002366.SZ,0.1357549610000424
20250115,600984.SH,0.10948284535238081
20250115,600698.SH,0.1812790634002667
20250115,600397.SH,0.12051126915555752
20250115,600730.SH,0.11896125122329303
20250115,600481.SH,0.10613684270395168
20250115,000837.SZ,0.1232312283873962
20250115,002489.SZ,0.1319106232238229
20250115,000631.SZ,0.12916110398305483
20250115,000863.SZ,0.10629208277703936
20250115,002042.SZ,0.11434187922748063
20250115,001236.SZ,0.10446341803174827
20250115,002117.SZ,0.127184746616467
20250115,002313.SZ,0.1313949910137676
20250115,002103.SZ,0.12560374076512995
20250115,000795.SZ,0.19077434537697285
20250115,002950.SZ,0.11740532705779967
20250115,002355.SZ,0.09738836734638627
20250115,002547.SZ,0.15343772872969463
20250115,002187.SZ,0.18166510190071342
20250115,002526.SZ,0.1236733036760794
20250116,600545.SH,0.16348486428460618
20250116,600698.SH,0.13956683868367128
20250116,603212.SH,0.13191747001990864
20250116,601636.SH,0.143162306688296
20250116,603106.SH,0.16491563247859273
20250116,002489.SZ,0.167933753800254
20250116,000016.SZ,0.1938288701901221
20250116,002042.SZ,0.15009466954797232
20250116,001236.SZ,0.1316385504475012
20250116,002348.SZ,0.13563979052290653
20250116,002490.SZ,0.142566468590651
20250116,002578.SZ,0.1607813781778824
20250116,000607.SZ,0.16732079523053936
20250116,000716.SZ,0.154989366902835
20250116,002177.SZ,0.1418131286229597
20250116,000795.SZ,0.15281293948684932
20250116,002164.SZ,0.1887835164982346
20250116,002187.SZ,0.18802438012642794
20250116,002292.SZ,0.1286423873925638
20250116,002582.SZ,0.18765212659483907
20250117,605162.SH,0.12196721341811885
20250117,600576.SH,0.10807844253185854
20250117,600266.SH,0.11001510810525528
20250117,601500.SH,0.11526149293112478
20250117,605179.SH,0.12783074120313764
20250117,603511.SH,0.1283200168427311
20250117,603328.SH,0.11675623202809009
20250117,600358.SH,0.09438784580229806
20250117,002160.SZ,0.1188523108835478
20250117,000713.SZ,0.14187044647483094
20250117,000868.SZ,0.12076583302596004
20250117,002042.SZ,0.11269756385496126
20250117,002692.SZ,0.15950754832769973
20250117,002031.SZ,0.18600111506975991
20250117,002145.SZ,0.09820587584483421
20250117,000812.SZ,0.10349262625869085
20250117,002688.SZ,0.10100880210911538
20250117,000607.SZ,0.10035559479408397
20250117,002165.SZ,0.1475474677393652
20250117,002073.SZ,0.11930638007383777
20250120,600693.SH,0.14503294502381614
20250120,605162.SH,0.0988849313938594
20250120,600933.SH,0.13163529730496712
20250120,601500.SH,0.14579717371062342
20250120,600610.SH,0.1012403356416176
20250120,600963.SH,0.10000870923917113
20250120,603901.SH,0.14243095714112905
20250120,002617.SZ,0.11737185506989195
20250120,002278.SZ,0.10063566575423992
20250120,000868.SZ,0.14195554933542742
20250120,002543.SZ,0.1192315367052308
20250120,002811.SZ,0.1383121573195123
20250120,002370.SZ,0.08823119049438617
20250120,000823.SZ,0.11804072463823408
20250120,002282.SZ,0.11197008138167412
20250120,002031.SZ,0.16770581196116296
20250120,002578.SZ,0.0964765930723907
20250120,002546.SZ,0.09806201199802429
20250120,000541.SZ,0.14550042529391544
20250120,002795.SZ,0.12242592372903154
20250121,603018.SH,0.13914514146717016
20250121,605162.SH,0.1212100597210407
20250121,600933.SH,0.11391905028105127
20250121,600173.SH,0.12233317542130773
20250121,600686.SH,0.13922951997900446
20250121,600226.SH,0.1357722065086159
20250121,601500.SH,0.15039961709010952
20250121,603166.SH,0.15341217377159258
20250121,603758.SH,0.12741243338477642
20250121,002617.SZ,0.1408385786021228
20250121,000868.SZ,0.11915107718583505
20250121,002681.SZ,0.11491524661810987
20250121,000530.SZ,0.11610652047154633
20250121,002707.SZ,0.1381685777302668
20250121,002226.SZ,0.12949628972409125
20250121,002250.SZ,0.1297805124123372
20250121,000812.SZ,0.12939171038909572
20250121,002403.SZ,0.11844717206460077
20250121,002333.SZ,0.12464381238894762
20250121,002390.SZ,0.11510635660744024
20250122,600255.SH,0.14739647075888207
20250122,605162.SH,0.1283115815406094
20250122,600173.SH,0.13858872283717266
20250122,600973.SH,0.14504830835758387
20250122,600226.SH,0.1610201528461476
20250122,601500.SH,0.1341105392223522
20250122,603809.SH,0.14452369296599493
20250122,603166.SH,0.1726050930584641
20250122,600006.SH,0.1300711876852784
20250122,603901.SH,0.17959881285865814
20250122,600468.SH,0.12138086771465095
20250122,002617.SZ,0.13662743524889628
20250122,002139.SZ,0.1231574718739518
20250122,002127.SZ,0.1537922570643749
20250122,002892.SZ,0.14331519078571628
20250122,002045.SZ,0.13239844252857938
20250122,002226.SZ,0.1341424388298114
20250122,000600.SZ,0.12566892853581377
20250122,002815.SZ,0.12361177214501348
20250122,002917.SZ,0.17406111466180754
20250123,603018.SH,0.12023851614131471
20250123,600226.SH,0.11324162337838943
20250123,600191.SH,0.11850930811281245
20250123,603278.SH,0.18322035319608004
20250123,603328.SH,0.11248906461058682
20250123,600186.SH,0.13087717687907388
20250123,600268.SH,0.1552284193206234
20250123,603912.SH,0.11073951562457508
20250123,600579.SH,0.1431750138250519
20250123,002092.SZ,0.12700752218807515
20250123,002420.SZ,0.14326425340186938
20250123,002127.SZ,0.17362231091408525
20250123,002398.SZ,0.11274754775308914
20250123,002274.SZ,0.13750917892790127
20250123,002483.SZ,0.1250534870860417
20250123,000601.SZ,0.11846398007379406
20250123,002559.SZ,0.13995230357094296
20250123,000533.SZ,0.17693165438276814
20250123,002795.SZ,0.17080109376558153
20250123,002582.SZ,0.18675656350004988
20250124,600255.SH,0.13889224353980076
20250124,603111.SH,0.10555646946590487
20250124,603278.SH,0.14789843212979395
20250124,603305.SH,0.1267489257254753
20250124,603323.SH,0.10532608201618467
20250124,600480.SH,0.17388963251143552
20250124,002491.SZ,0.13554279808836278
20250124,002611.SZ,0.13488702750288004
20250124,002420.SZ,0.12669054177548988
20250124,002139.SZ,0.09819288337891369
20250124,002127.SZ,0.17471000823001315
20250124,002530.SZ,0.10759887040065517
20250124,002279.SZ,0.10224999181634051
20250124,002973.SZ,0.10549205775842306
20250124,002276.SZ,0.14530750013526628
20250124,002527.SZ,0.10733460075452934
20250124,000573.SZ,0.17275914968003536
20250124,002292.SZ,0.1302154716021477
20250124,002795.SZ,0.16243470531872653
20250124,002582.SZ,0.14792442396574237
20250127,600255.SH,0.23145955210789357
20250127,600782.SH,0.14833490500461116
20250127,605018.SH,0.1632527172968103
20250127,600662.SH,0.14504552382957153
20250127,600191.SH,0.1330788016524739
20250127,603915.SH,0.12421689591402892
20250127,603323.SH,0.13222166702481722
20250127,601528.SH,0.1227254079019863
20250127,600480.SH,0.17117217973988078
20250127,603758.SH,0.2217334465772054
20250127,002394.SZ,0.13468510100364878
20250127,002127.SZ,0.12966832414344617
20250127,003040.SZ,0.13360495546947976
20250127,002011.SZ,0.14513206644336205
20250127,002259.SZ,0.1529695846088584
20250127,002642.SZ,0.11883866666690106
20250127,000530.SZ,0.128248515374865
20250127,000573.SZ,0.11542601456712223
20250127,002292.SZ,0.16852277022544146
20250127,002251.SZ,0.1260430508232976
20250205,600255.SH,0.11626842534402634
20250205,600782.SH,0.20120521944137157
20250205,603601.SH,0.12373101740204562
20250205,605018.SH,0.16390677430719858
20250205,600758.SH,0.14229120959043753
20250205,600662.SH,0.1315364076226965
20250205,600191.SH,0.2312800710292763
20250205,600821.SH,0.11761353221193203
20250205,600300.SH,0.18783650605781066
20250205,603727.SH,0.12558921292823447
20250205,603758.SH,0.14722264315187375
20250205,003015.SZ,0.21655309554845253
20250205,002394.SZ,0.13359402745597548
20250205,003040.SZ,0.15403043976962866
20250205,002398.SZ,0.22873740727640665
20250205,002259.SZ,0.20551340741055305
20250205,002530.SZ,0.14041049395784758
20250205,000530.SZ,0.1579524945447688
20250205,002973.SZ,0.17217542534865138
20250205,002098.SZ,0.15391501701639185
20250206,601801.SH,0.1543998235359288
20250206,605018.SH,0.17207651026792126
20250206,603809.SH,0.1971527319957183
20250206,601789.SH,0.149045037575783
20250206,600300.SH,0.14306054489911693
20250206,600366.SH,0.1581611442136736
20250206,600722.SH,0.19519544250615106
20250206,603636.SH,0.15561862529191586
20250206,603758.SH,0.18590438073909085
20250206,002212.SZ,0.17147497670388154
20250206,003015.SZ,0.1449213906168937
20250206,002467.SZ,0.18750959305436177
20250206,002406.SZ,0.16636643155829214
20250206,002681.SZ,0.18023318183896564
20250206,002279.SZ,0.1440226459344073
20250206,002649.SZ,0.14498064904341204
20250206,002276.SZ,0.15515724230126832
20250206,002410.SZ,0.16769887667725789
20250206,000409.SZ,0.18325608809534105
20250206,002815.SZ,0.14974463965025367
20250207,600366.SH,0.15856997402703368
20250207,600480.SH,0.22301137393819073
20250207,603636.SH,0.14188279642271118
20250207,603528.SH,0.18240810306689517
20250207,003015.SZ,0.16338126206859044
20250207,002467.SZ,0.15196989991568988
20250207,000676.SZ,0.14474276904457564
20250207,002611.SZ,0.13834423472671728
20250207,002530.SZ,0.1394126732664292
20250207,002892.SZ,0.15141199674544684
20250207,002197.SZ,0.15171481637611398
20250207,002313.SZ,0.14904660968932165
20250207,000678.SZ,0.17475803326171507
20250207,002148.SZ,0.1393524153045591
20250207,002354.SZ,0.2024562131143083
20250207,002292.SZ,0.20009181760903663
20250207,002579.SZ,0.15568427774302632
20250207,002815.SZ,0.18896582379178115
20250207,002123.SZ,0.1826206349098426
20250207,002334.SZ,0.1443351849837273
20250210,600191.SH,0.13732149251634077
20250210,600523.SH,0.13763215956376298
20250210,600397.SH,0.12838685441540434
20250210,603918.SH,0.12805765953203338
20250210,603166.SH,0.1860595882400936
20250210,603901.SH,0.18854602949042223
20250210,603636.SH,0.13195357615563838
20250210,603106.SH,0.16636662337838945
20250210,000042.SZ,0.12802932950764687
20250210,002413.SZ,0.149320929315456
20250210,002010.SZ,0.14602572252894197
20250210,002036.SZ,0.12825577139256805
20250210,002681.SZ,0.14236259371572071
20250210,002284.SZ,0.14804352851586938
20250210,002031.SZ,0.2116515157696248
20250210,000532.SZ,0.14774501504890902
20250210,002596.SZ,0.16084051216151293
20250210,002448.SZ,0.13364655008295034
20250210,002520.SZ,0.13278336256991854
20250210,002526.SZ,0.17312565725656578
20250211,603660.SH,0.14078435638717404
20250211,600996.SH,0.13784675949849062
20250211,603390.SH,0.16542156209488068
20250211,600728.SH,0.1599561621202644
20250211,600812.SH,0.16815648598910318
20250211,603809.SH,0.147012145648055
20250211,600186.SH,0.19748075258143188
20250211,600756.SH,0.15709975908147264
20250211,603189.SH,0.14153538533365975
20250211,002467.SZ,0.1672312273926406
20250211,002153.SZ,0.16594572420607942
20250211,002279.SZ,0.16756385020896228
20250211,002031.SZ,0.16128699334584395
20250211,002439.SZ,0.13738296866925945
20250211,002063.SZ,0.21634174961697808
20250211,002250.SZ,0.1484648526385452
20250211,002313.SZ,0.14827719455700908
20250211,002987.SZ,0.1993594014885728
20250211,002575.SZ,0.15769010012963827
20250211,002410.SZ,0.13700317636233425
20250212,600081.SH,0.2225419171040823
20250212,603390.SH,0.16861087125023802
20250212,600666.SH,0.195739334312419
20250212,603918.SH,0.15429678646867384
20250212,603809.SH,0.1919398530918256
20250212,603901.SH,0.16037267013879447
20250212,603803.SH,0.18081147955252164
20250212,600986.SH,0.1822803629869365
20250212,603466.SH,0.1785480805841878
20250212,002413.SZ,0.1692571924265913
20250212,002400.SZ,0.16145312060884626
20250212,002036.SZ,0.26056010158013554
20250212,002530.SZ,0.1574456120191829
20250212,002348.SZ,0.1599511760359724
20250212,002577.SZ,0.18425397413582098
20250212,002115.SZ,0.17330671444241982
20250212,000890.SZ,0.20376208558840328
20250212,000710.SZ,0.14883056492335034
20250212,002354.SZ,0.18908883275766727
20250212,002334.SZ,0.19421447074981643
20250213,600979.SH,0.15521312110745472
20250213,600718.SH,0.1458961409973982
20250213,600996.SH,0.1839298786568396
20250213,600739.SH,0.1573654663801935
20250213,600596.SH,0.1370210526077221
20250213,600397.SH,0.15535029508553402
20250213,600658.SH,0.1835502563300607
20250213,600203.SH,0.15697785498653757
20250213,603636.SH,0.13087080262358694
20250213,601599.SH,0.18799484053595877
20250213,600409.SH,0.15179720008702988
20250213,002062.SZ,0.1378700751085607
20250213,002369.SZ,0.15160330940012878
20250213,002530.SZ,0.12980531040641122
20250213,002031.SZ,0.20124677604322488
20250213,002649.SZ,0.183098959041584
20250213,002490.SZ,0.13967869219541829
20250213,002063.SZ,0.14865642026344658
20250213,002948.SZ,0.1291736641826902
20250213,002301.SZ,0.1403104234092125
20250214,603300.SH,0.2675986391373261
20250214,600868.SH,0.1724907528238532
20250214,600081.SH,0.18544754867758304
20250214,600173.SH,0.2038356729868642
20250214,600797.SH,0.18943173775032296
20250214,600728.SH,0.1624101623330295
20250214,600812.SH,0.19414637739063653
20250214,600397.SH,0.14990575922385121
20250214,603278.SH,0.1945002100870921
20250214,603918.SH,0.171225567196379
20250214,603803.SH,0.17157270258540414
20250214,603990.SH,0.16787284892323776
20250214,601599.SH,0.22033191843840721
20250214,002212.SZ,0.1513816226041237
20250214,002761.SZ,0.1523928203188882
20250214,002369.SZ,0.1929968990335318
20250214,002153.SZ,0.18848491488156002
20250214,002649.SZ,0.17217052626123155
20250214,002575.SZ,0.16574475244345974
20250214,002354.SZ,0.17337158977128636
20250217,600843.SH,0.16934359900097004
20250217,600868.SH,0.1573973659876527
20250217,600571.SH,0.12396901375252707
20250217,600354.SH,0.13292875225506998
20250217,603739.SH,0.14263090737668513
20250217,600633.SH,0.19711030918255418
20250217,603086.SH,0.15590862320614288
20250217,002400.SZ,0.1325761284415314
20250217,000099.SZ,0.13163772471375348
20250217,002811.SZ,0.12516632557317312
20250217,002011.SZ,0.13100386874813028
20250217,002530.SZ,0.1637194092396675
20250217,002282.SZ,0.14247316580090116
20250217,000912.SZ,0.13908764289664305
20250217,002632.SZ,0.17053824779932372
20250217,002575.SZ,0.15665914221218966
20250217,002347.SZ,0.16451434972395226
20250217,002208.SZ,0.1567013256185011
20250217,000506.SZ,0.1529093801843945
20250217,000813.SZ,0.1370576266692051
20250218,600868.SH,0.15180023139963922
20250218,603110.SH,0.15113090624348416
20250218,603085.SH,0.1471409056088916
20250218,603956.SH,0.18717273155828734
20250218,603327.SH,0.17869944790448478
20250218,603918.SH,0.1682844527092569
20250218,600986.SH,0.19402012678252517
20250218,600633.SH,0.26639297030106895
20250218,002183.SZ,0.1765801921002294
20250218,002178.SZ,0.14927492135585235
20250218,002010.SZ,0.2446147456643731
20250218,002398.SZ,0.1885261701433273
20250218,002238.SZ,0.15172662999628314
20250218,000516.SZ,0.1878629076123909
20250218,002490.SZ,0.14699214465083815
20250218,002987.SZ,0.18567922933268066
20250218,002347.SZ,0.16541558445973512
20250218,002448.SZ,0.16873739313914804
20250218,000948.SZ,0.22858924410962136
20250218,002520.SZ,0.1546189555059969
20250219,600782.SH,0.17421647651554303
20250219,600868.SH,0.19395850897948455
20250219,603110.SH,0.19420141060857432
20250219,603085.SH,0.1918656567579574
20250219,603956.SH,0.1727190080865222
20250219,600812.SH,0.2329407925154342
20250219,600397.SH,0.2297140027378136
20250219,603918.SH,0.18867099322799102
20250219,600722.SH,0.18270834466534316
20250219,603086.SH,0.16583183750804578
20250219,000837.SZ,0.16475203862855492
20250219,002328.SZ,0.18399393284197743
20250219,002178.SZ,0.17549124262286173
20250219,000816.SZ,0.21685990576300687
20250219,002616.SZ,0.18674222850771033
20250219,002510.SZ,0.17871621927892162
20250219,002490.SZ,0.19987602781328476
20250219,002137.SZ,0.18063407693981348
20250219,002067.SZ,0.18140272716146758
20250219,002448.SZ,0.20169606189997014
20250220,600797.SH,0.16117608130037084
20250220,603936.SH,0.16106230792243473
20250220,600539.SH,0.15056470237609584
20250220,000837.SZ,0.16765379803638938
20250220,002121.SZ,0.17635278699447907
20250220,002283.SZ,0.15596616148567186
20250220,002051.SZ,0.17967003453996575
20250220,002345.SZ,0.18142117000734315
20250220,002011.SZ,0.1474265855748049
20250220,002681.SZ,0.21004814970944732
20250220,002642.SZ,0.15599182848776597
20250220,002284.SZ,0.16070379146382371
20250220,002510.SZ,0.14748296232333402
20250220,000065.SZ,0.21421549629669925
20250220,000678.SZ,0.15316562525497024
20250220,000928.SZ,0.1882204325201484
20250220,002137.SZ,0.16291698962894471
20250220,002520.SZ,0.20518022994914195
20250220,000506.SZ,0.17412414896606748
20250220,002815.SZ,0.1673239798924819
20250221,603980.SH,0.15229827322835363
20250221,600825.SH,0.15031316008956824
20250221,600215.SH,0.16777315242912963
20250221,603915.SH,0.15245408836247928
20250221,603305.SH,0.14394049108397475
20250221,600814.SH,0.1478816224265006
20250221,000837.SZ,0.16946584305619775
20250221,002196.SZ,0.1529445944047069
20250221,002489.SZ,0.1692324603153019
20250221,002139.SZ,0.17268996981152604
20250221,002036.SZ,0.15244658090601687
20250221,002345.SZ,0.16108128903877364
20250221,002348.SZ,0.1445084797428994
20250221,002068.SZ,0.18559576908083805
20250221,002427.SZ,0.19906675233666046
20250221,000516.SZ,0.25112059411460746
20250221,002224.SZ,0.1765312094880652
20250221,000678.SZ,0.1739359242840437
20250221,002795.SZ,0.1750308797265813
20250221,002073.SZ,0.1436328270191376
20250224,603300.SH,0.1830033446115097
20250224,600173.SH,0.13358976994647034
20250224,603111.SH,0.15871395299652466
20250224,600797.SH,0.1961265750246782
20250224,603956.SH,0.22714344289882096
20250224,603912.SH,0.14451185996100127
20250224,600366.SH,0.13145097957632654
20250224,603002.SH,0.12457552501073102
20250224,603887.SH,0.15200075667082713
20250224,002283.SZ,0.17211165980098883
20250224,002474.SZ,0.12314975901947536
20250224,002387.SZ,0.13120493638877523
20250224,002139.SZ,0.13101131670513677
20250224,002031.SZ,0.19725068411180643
20250224,002483.SZ,0.15449992781586644
20250224,002117.SZ,0.1556665990178989
20250224,000710.SZ,0.15307392077389087
20250224,000032.SZ,0.12851750870911494
20250224,000506.SZ,0.12986589142022478
20250224,002334.SZ,0.14252647838082427
20250225,603300.SH,0.21575491918441367
20250225,600797.SH,0.24938542883319437
20250225,600825.SH,0.17164381854045604
20250225,603956.SH,0.17281089594376406
20250225,603809.SH,0.1880187273613622
20250225,600590.SH,0.21674456936250366
20250225,600821.SH,0.2125534515773686
20250225,002196.SZ,0.17948850510157852
20250225,002369.SZ,0.1956329167419912
20250225,002283.SZ,0.17237321526999497
20250225,000868.SZ,0.16882265587276848
20250225,002197.SZ,0.16525125365357327
20250225,002031.SZ,0.17280416737068702
20250225,002276.SZ,0.17020329692158628
20250225,002987.SZ,0.17475975049703943
20250225,002097.SZ,0.16555771708941322
20250225,000949.SZ,0.17640142374960352
20250225,000032.SZ,0.21522896292379723
20250225,002765.SZ,0.18979587761072586
20250225,002334.SZ,0.16439860260219044
20250226,600545.SH,0.14960725856450743
20250226,600996.SH,0.16882866145336792
20250226,603278.SH,0.1919289950010762
20250226,603118.SH,0.1779482797434901
20250226,000779.SZ,0.1488391571249094
20250226,002474.SZ,0.19054661146347343
20250226,000868.SZ,0.22713476373651867
20250226,002570.SZ,0.15208535976331303
20250226,002139.SZ,0.15831752159040133
20250226,002522.SZ,0.19661574784475433
20250226,000529.SZ,0.17507096491642601
20250226,000816.SZ,0.20717505977353132
20250226,002345.SZ,0.15961704198590632
20250226,002642.SZ,0.158049881055944
20250226,002530.SZ,0.16968758843838835
20250226,000801.SZ,0.20495467603742862
20250226,000710.SZ,0.19349745629197693
20250226,002110.SZ,0.15089958621038194
20250226,002034.SZ,0.17987587139565692
20250226,002520.SZ,0.1609367864294989
20250227,603300.SH,0.18029102559795382
20250227,600761.SH,0.20865378141781762
20250227,603165.SH,0.16127701912621736
20250227,601177.SH,0.15218695084619246
20250227,603915.SH,0.1337389578794633
20250227,603278.SH,0.17963870807069224
20250227,600590.SH,0.22609448729208945
20250227,601113.SH,0.1383444434202906
20250227,002479.SZ,0.13670317986346378
20250227,000829.SZ,0.13035927108841894
20250227,000868.SZ,0.15247757408088586
20250227,002042.SZ,0.15308201873816013
20250227,002677.SZ,0.13245508629720254
20250227,000892.SZ,0.16168225205142198
20250227,002031.SZ,0.17794105238251764
20250227,000678.SZ,0.14071381231902888
20250227,002527.SZ,0.14704272374320018
20250227,002067.SZ,0.13031377563305738
20250227,002110.SZ,0.1378073756369872
20250227,002164.SZ,0.16241012652286319
20250228,605208.SH,0.21500942805264964
20250228,603300.SH,0.13046791903936397
20250228,601956.SH,0.23804809905895308
20250228,603278.SH,0.17665264261236854
20250228,601789.SH,0.13825699837746136
20250228,603316.SH,0.20642042804272256
20250228,601311.SH,0.12191308426970603
20250228,600470.SH,0.13826300831652613
20250228,603823.SH,0.1750873650521722
20250228,000886.SZ,0.18879752075726788
20250228,002755.SZ,0.15669950236991811
20250228,002163.SZ,0.12798245485440124
20250228,000678.SZ,0.15029538819096702
20250228,002170.SZ,0.13263485824855661
20250228,002320.SZ,0.12596893952017177
20250228,002596.SZ,0.19120077403164445
20250228,002110.SZ,0.2339489198943615
20250228,002515.SZ,0.12994481808627317
20250228,002249.SZ,0.18553003111800648
20250228,002654.SZ,0.15618799890839422
20250303,600693.SH,0.1568157408371935
20250303,600782.SH,0.190601543873009
20250303,600212.SH,0.1556275331318032
20250303,603336.SH,0.1548726881417232
20250303,600156.SH,0.14926703742009226
20250303,600589.SH,0.1788879831904816
20250303,000570.SZ,0.16536038536359335
20250303,000420.SZ,0.1622940376438246
20250303,000759.SZ,0.2174544742494832
20250303,002692.SZ,0.17179117926196036
20250303,002488.SZ,0.1562505804982356
20250303,000801.SZ,0.15525595293991679
20250303,002163.SZ,0.17279509690878173
20250303,000678.SZ,0.21065032573755138
20250303,002276.SZ,0.2724101032521415
20250303,002382.SZ,0.21879017691362587
20250303,002298.SZ,0.14890198029650015
20250303,002358.SZ,0.1919259559854479
20250303,002162.SZ,0.1560427865044231
20250303,002225.SZ,0.17254586750682618
20250304,600586.SH,0.19887854739592062
20250304,600576.SH,0.1645468115734339
20250304,600201.SH,0.16867410937684532
20250304,603936.SH,0.2219858330803373
20250304,600478.SH,0.17764752294880679
20250304,603912.SH,0.17348918210455588
20250304,600192.SH,0.19020471511491563
20250304,603823.SH,0.19353760070567347
20250304,002178.SZ,0.1773156305599917
20250304,000695.SZ,0.16861160039584303
20250304,002140.SZ,0.16544167589943445
20250304,002037.SZ,0.19660807181823728
20250304,002167.SZ,0.22794368066527781
20250304,002226.SZ,0.17948892825728216
20250304,002276.SZ,0.17201960772520236
20250304,002469.SZ,0.2174088980509641
20250304,000949.SZ,0.17367175898470444
20250304,000795.SZ,0.16329882797894335
20250304,000058.SZ,0.18752966140734253
20250304,002366.SZ,0.19532885264129357
20250305,605208.SH,0.1751563823755642
20250305,600698.SH,0.2081617267103203
20250305,603333.SH,0.20060075534459632
20250305,603116.SH,0.17472462870182923
20250305,600067.SH,0.14961394316836107
20250305,600416.SH,0.15861396837567324
20250305,600619.SH,0.19097723706383915
20250305,603912.SH,0.16398145747858708
20250305,002196.SZ,0.15339025888955662
20250305,002369.SZ,0.18107567792492096
20250305,002283.SZ,0.15040690683225635
20250305,002631.SZ,0.19652465015163154
20250305,002178.SZ,0.1818803547079035
20250305,002279.SZ,0.20241520598086457
20250305,002031.SZ,0.1920504241514848
20250305,002276.SZ,0.17783766894488265
20250305,002170.SZ,0.19931325816016487
20250305,000710.SZ,0.18986214948555552
20250305,002110.SZ,0.15614958929207326
20250305,002786.SZ,0.1519092644338116
20250306,605066.SH,0.22743637363668745
20250306,603012.SH,0.16539621928569007
20250306,601177.SH,0.19001821356496332
20250306,600318.SH,0.16050959132588702
20250306,600186.SH,0.16088841566894735
20250306,601789.SH,0.17814465898588178
20250306,600815.SH,0.1593560719543855
20250306,600203.SH,0.16594707571488984
20250306,600776.SH,0.16479042388874623
20250306,600841.SH,0.19148555910208154
20250306,000837.SZ,0.190279728020075
20250306,002183.SZ,0.16873330566784672
20250306,000528.SZ,0.24936239075481118
20250306,002031.SZ,0.18748050714856
20250306,000678.SZ,0.2096761171372107
20250306,002307.SZ,0.19141721490519656
20250306,002164.SZ,0.15985074622771242
20250306,002249.SZ,0.19647502697325983
20250306,002194.SZ,0.17277305472259305
20250306,002123.SZ,0.1643190166414204
20250307,605208.SH,0.1627752682229494
20250307,600698.SH,0.15694696834290445
20250307,605228.SH,0.17832931967979704
20250307,603012.SH,0.19276923750583505
20250307,601177.SH,0.17754542579147936
20250307,603759.SH,0.17234014825797314
20250307,601789.SH,0.2222886741621345
20250307,600841.SH,0.2217939109306357
20250307,002369.SZ,0.19869137549994148
20250307,002418.SZ,0.15262284954918826
20250307,002101.SZ,0.16331666549264653
20250307,002153.SZ,0.16648687374284296
20250307,002345.SZ,0.15851815480446235
20250307,000536.SZ,0.1682117856843314
20250307,002031.SZ,0.15540587765402755
20250307,002115.SZ,0.1623822024776655
20250307,000678.SZ,0.1632676760701751
20250307,002276.SZ,0.1711428900444795
20250307,000710.SZ,0.16264048839879228
20250307,002225.SZ,0.15370827517288208
20250310,603300.SH,0.1739965788662551
20250310,600782.SH,0.18578022586961845
20250310,600698.SH,0.1940367848368644
20250310,600212.SH,0.14801488686121464
20250310,600133.SH,0.13934714592002326
20250310,600590.SH,0.2461495247355109
20250310,603901.SH,0.13034822699375379
20250310,000779.SZ,0.16998482077293378
20250310,000700.SZ,0.17680170456090732
20250310,002183.SZ,0.15718035800085225
20250310,002010.SZ,0.18624795457223936
20250310,002042.SZ,0.1825226696855141
20250310,002707.SZ,0.13241733865484515
20250310,000801.SZ,0.15475377809205224
20250310,000678.SZ,0.18513192159155817
20250310,002276.SZ,0.16872249154632077
20250310,000949.SZ,0.1551197736771012
20250310,000410.SZ,0.15084440470686364
20250310,002110.SZ,0.15220747550019495
20250310,002225.SZ,0.2038023425530565
20250311,605208.SH,0.1626067539792639
20250311,600718.SH,0.15962625446031153
20250311,600478.SH,0.2177079891032556
20250311,600960.SH,0.1576437787464566
20250311,600825.SH,0.15597992142334913
20250311,600860.SH,0.17998223497397542
20250311,600237.SH,0.16987319729586106
20250311,603887.SH,0.17760727672478843
20250311,600589.SH,0.19838541490858266
20250311,000837.SZ,0.18197594543187953
20250311,000700.SZ,0.15883403092570536
20250311,002183.SZ,0.18585388376223194
20250311,002420.SZ,0.17774573494749252
20250311,000528.SZ,0.1555800449010947
20250311,000710.SZ,0.17115802167198108
20250311,000949.SZ,0.173155854415295
20250311,000410.SZ,0.16362871817074157
20250311,002672.SZ,0.165435508472726
20250311,002162.SZ,0.22549435773000434
20250311,002277.SZ,0.20544012916588508
20250312,600693.SH,0.17820592734255822
20250312,600531.SH,0.13823031239182038
20250312,600718.SH,0.13583448671143933
20250312,600212.SH,0.1647943413799012
20250312,600361.SH,0.1502503215316759
20250312,600416.SH,0.14734617368486236
20250312,600619.SH,0.13846945087070245
20250312,600589.SH,0.14114635641326329
20250312,000700.SZ,0.12826038085418293
20250312,002283.SZ,0.19439178068104213
20250312,002255.SZ,0.1272621036068116
20250312,002042.SZ,0.1666106657716738
20250312,002093.SZ,0.12704411201694724
20250312,002662.SZ,0.13664983711953727
20250312,000910.SZ,0.1306710754389016
20250312,002846.SZ,0.1647979603161838
20250312,000655.SZ,0.13697311948836174
20250312,002533.SZ,0.14494928056505565
20250312,002795.SZ,0.1985699452355247
20250312,002277.SZ,0.19549186744731809
20250313,600698.SH,0.18542994482313802
20250313,600959.SH,0.1497395616588366
20250313,603977.SH,0.146067592639769
20250313,600996.SH,0.16809274631633855
20250313,600218.SH,0.1618952433886494
20250313,600610.SH,0.16138979975930573
20250313,600936.SH,0.17583749132695628
20250313,600728.SH,0.14422832233843172
20250313,600449.SH,0.14170376010481375
20250313,000570.SZ,0.17767159151626216
20250313,000665.SZ,0.16520356230103955
20250313,002283.SZ,0.2071755098092712
20250313,002255.SZ,0.15726091612243476
20250313,000510.SZ,0.1409848598184109
20250313,002093.SZ,0.19333549777708497
20250313,002846.SZ,0.13654792495393533
20250313,002164.SZ,0.16557983169364365
20250313,000541.SZ,0.14050861103708445
20250313,002745.SZ,0.1782952385110176
20250313,002073.SZ,0.14399665193081843
20250314,600101.SH,0.13699910800431073
20250314,600399.SH,0.13478637609972674
20250314,600984.SH,0.14508167156199245
20250314,600121.SH,0.13945173413617185
20250314,600797.SH,0.18054361336503963
20250314,600172.SH,0.12259764132269775
20250314,600478.SH,0.12675640416874773
20250314,600758.SH,0.12503910548899738
20250314,600284.SH,0.2189437840917152
20250314,600590.SH,0.14447184159194154
20250314,000570.SZ,0.15100109158167183
20250314,002196.SZ,0.21857097745215967
20250314,000700.SZ,0.12326775254629664
20250314,000665.SZ,0.12004689134399031
20250314,000503.SZ,0.15302743572984492
20250314,002093.SZ,0.1456358684519916
20250314,002197.SZ,0.1810621509309748
20250314,002401.SZ,0.13915900328192085
20250314,000678.SZ,0.19087769245989902
20250314,000723.SZ,0.18240246530664653
20250317,600797.SH,0.17427077876278416
20250317,600490.SH,0.15576184432427526
20250317,600610.SH,0.19058540911139535
20250317,600318.SH,0.14605048591862937
20250317,600382.SH,0.20589210885296808
20250317,603002.SH,0.13279763282622956
20250317,000700.SZ,0.15586679950140803
20250317,002042.SZ,0.13584394945234501
20250317,002734.SZ,0.11835280331564971
20250317,002766.SZ,0.1066297262889951
20250317,002093.SZ,0.25306622199347634
20250317,002662.SZ,0.15320948461937597
20250317,002106.SZ,0.10611884621619787
20250317,002905.SZ,0.16772317724059066
20250317,002708.SZ,0.11092612177769436
20250317,002678.SZ,0.11256536275024619
20250317,000417.SZ,0.11774985271463885
20250317,000422.SZ,0.11864224220149551
20250317,002795.SZ,0.1419421596172952
20250317,000813.SZ,0.13131529942430933
20250318,600449.SH,0.1294064519930739
20250318,603336.SH,0.1490318214165919
20250318,600403.SH,0.14988738815306374
20250318,600589.SH,0.1461303453090013
20250318,603788.SH,0.16499850984071732
20250318,002196.SZ,0.1512772591494647
20250318,000886.SZ,0.13678605505543623
20250318,002420.SZ,0.1827664212153354
20250318,002042.SZ,0.1995328095678425
20250318,002734.SZ,0.18836026952052
20250318,002571.SZ,0.1296043372134135
20250318,002766.SZ,0.18298623387455015
20250318,002483.SZ,0.17254639324793536
20250318,002033.SZ,0.13042194171720747
20250318,002052.SZ,0.15557923001260124
20250318,002026.SZ,0.14848417371517675
20250318,001914.SZ,0.14091314467803498
20250318,002765.SZ,0.12909360353377394
20250318,002641.SZ,0.12897473075144825
20250318,002162.SZ,0.13504936790049593
20250319,601890.SH,0.13562680367252625
20250319,603883.SH,0.15093795774872035
20250319,601619.SH,0.1531594203818597
20250319,600797.SH,0.2194393529462737
20250319,603915.SH,0.1578421803546107
20250319,600397.SH,0.18009064007915185
20250319,600403.SH,0.19446739821868944
20250319,600589.SH,0.1738282697643965
20250319,000779.SZ,0.15127505468074717
20250319,002570.SZ,0.14655739209660315
20250319,002571.SZ,0.16291891041313766
20250319,002434.SZ,0.16478913447913054
20250319,000571.SZ,0.1409984119029477
20250319,002033.SZ,0.1597785557961073
20250319,000678.SZ,0.15938432918164025
20250319,000555.SZ,0.17923273969161319
20250319,000612.SZ,0.20630535396419733
20250319,002286.SZ,0.1568454331512226
20250319,002724.SZ,0.18268272971192978
20250319,002647.SZ,0.13661770470745316
20250320,600101.SH,0.21516612365076412
20250320,600698.SH,0.15688169921175468
20250320,600644.SH,0.13226173186488524
20250320,600610.SH,0.1914612980501039
20250320,600397.SH,0.19306182316604242
20250320,603166.SH,0.170331780609743
20250320,600480.SH,0.1552004601270761
20250320,603677.SH,0.14046874569712406
20250320,601218.SH,0.15040341860791087
20250320,600495.SH,0.1379570745639547
20250320,002196.SZ,0.18178854778588793
20250320,002642.SZ,0.1699608126891101
20250320,002766.SZ,0.13984718509017816
20250320,002488.SZ,0.13849037410074314
20250320,002093.SZ,0.19593616696667548
20250320,000571.SZ,0.1431053125715339
20250320,002337.SZ,0.13972196177102192
20250320,002559.SZ,0.1890836433248581
20250320,002765.SZ,0.17493222279706058
20250320,002724.SZ,0.18787678146793566
20250321,600979.SH,0.1762613368218025
20250321,600178.SH,0.14849820055712293
20250321,600698.SH,0.18765838300425627
20250321,601619.SH,0.14918437671920767
20250321,600797.SH,0.16900224848764042
20250321,600063.SH,0.21872121532889213
20250321,600758.SH,0.21541045450503288
20250321,600610.SH,0.19017420599109747
20250321,600408.SH,0.1532552042797061
20250321,600558.SH,0.15992210362404405
20250321,600397.SH,0.15062585340622525
20250321,600986.SH,0.15797713660628973
20250321,600495.SH,0.1974562713413682
20250321,000779.SZ,0.17213144984947096
20250321,002523.SZ,0.1569606297339407
20250321,002309.SZ,0.1819025628123139
20250321,000753.SZ,0.1470263096354998
20250321,002708.SZ,0.14965341934145993
20250321,000890.SZ,0.15201986536834594
20250321,002559.SZ,0.18914012861132537
20250324,603999.SH,0.14033380208883914
20250324,600876.SH,0.13723813430386209
20250324,600101.SH,0.16163467581345478
20250324,600810.SH,0.14401601982632023
20250324,600558.SH,0.20158129709937064
20250324,600397.SH,0.18440893462617927
20250324,600470.SH,0.17166146199252133
20250324,002310.SZ,0.1797236880168294
20250324,002278.SZ,0.25355125854633515
20250324,002406.SZ,0.1985839294995986
20250324,000822.SZ,0.1502566166938369
20250324,002523.SZ,0.1825100324435953
20250324,002923.SZ,0.15832671551655078
20250324,000555.SZ,0.17354645387675136
20250324,000612.SZ,0.1649592798074006
20250324,000601.SZ,0.19566969116468738
20250324,002110.SZ,0.13973197135702756
20250324,002765.SZ,0.14329629696687327
20250324,002724.SZ,0.18956109387961956
20250324,002014.SZ,0.1722401743989123
20250325,603999.SH,0.19106309639444372
20250325,601678.SH,0.15910070588370667
20250325,600101.SH,0.17473403478268612
20250325,601890.SH,0.180747378577977
20250325,601619.SH,0.17940551325656448
20250325,603169.SH,0.1728158083187166
20250325,600558.SH,0.15699617912832914
20250325,600397.SH,0.23603266074419946
20250325,600318.SH,0.18446199932565827
20250325,603693.SH,0.1578575759530774
20250325,600470.SH,0.17169571658132896
20250325,002166.SZ,0.1598628514804856
20250325,002140.SZ,0.18968468213681874
20250325,000571.SZ,0.16862096840422378
20250325,000558.SZ,0.15741917933728936
20250325,000612.SZ,0.18604987014439794
20250325,002052.SZ,0.15885773900582772
20250325,002165.SZ,0.19627748889186158
20250325,002724.SZ,0.19119870068406783
20250325,000852.SZ,0.19564925906397726
20250326,600101.SH,0.16572800989152164
20250326,600982.SH,0.20689545820022584
20250326,603949.SH,0.18267977377165429
20250326,600310.SH,0.19535304314917562
20250326,600758.SH,0.2410621393267421
20250326,600571.SH,0.17619026482322253
20250326,600138.SH,0.1654362696078124
20250326,600300.SH,0.1689401763771428
20250326,600722.SH,0.16624680839842015
20250326,000837.SZ,0.16831974371547254
20250326,002278.SZ,0.18770194423342637
20250326,002676.SZ,0.17909242379977203
20250326,002166.SZ,0.19314762894668266
20250326,000530.SZ,0.20105011914095616
20250326,000558.SZ,0.162369340645628
20250326,002469.SZ,0.18144492364317494
20250326,000888.SZ,0.19116188421500066
20250326,002204.SZ,0.20120855832756687
20250326,002682.SZ,0.16785310398822345
20250326,000541.SZ,0.1839431865896525
20250327,601678.SH,0.1562796878129666
20250327,603527.SH,0.16795948693192636
20250327,600537.SH,0.15518871971980092
20250327,603332.SH,0.15505536693817312
20250327,603169.SH,0.15711713011165582
20250327,600571.SH,0.19594244767305524
20250327,600810.SH,0.15184735154254742
20250327,600470.SH,0.18905466736831053
20250327,600800.SH,0.16838354816258094
20250327,002132.SZ,0.21185456024019414
20250327,002057.SZ,0.2003986310675643
20250327,000420.SZ,0.16433127084341456
20250327,002441.SZ,0.17337782571146634
20250327,002458.SZ,0.1647719146529472
20250327,002734.SZ,0.15818987154375844
20250327,000753.SZ,0.1674920583351337
20250327,000410.SZ,0.16863532356779223
20250327,000428.SZ,0.15106850783602063
20250327,002165.SZ,0.19578505281400746
20250327,002136.SZ,0.17947473951771994
20250328,601890.SH,0.1936347247245296
20250328,600227.SH,0.20052039319166015
20250328,600610.SH,0.19970971271687546
20250328,603815.SH,0.16275321974468857
20250328,600318.SH,0.17503482397155384
20250328,600156.SH,0.2032276049981262
20250328,600800.SH,0.2329717500480221
20250328,600965.SH,0.17991379049568526
20250328,002686.SZ,0.19719345761169818
20250328,002310.SZ,0.1607012108658665
20250328,002141.SZ,0.18985076117323338
20250328,002692.SZ,0.19212578438888656
20250328,002206.SZ,0.1607906261743597
20250328,002734.SZ,0.19935306225541036
20250328,000525.SZ,0.1929406458193608
20250328,002427.SZ,0.22446588481358462
20250328,002749.SZ,0.17047013170874226
20250328,002054.SZ,0.2374574517029745
20250328,002688.SZ,0.2597893143980155
20250328,002584.SZ,0.17361881565189166
20250331,603999.SH,0.17593105568917355
20250331,600668.SH,0.145185029333228
20250331,603015.SH,0.16222470661212937
20250331,600649.SH,0.18235728434843346
20250331,603169.SH,0.18866851106885063
20250331,600721.SH,0.17816243289953548
20250331,600571.SH,0.14530039674007592
20250331,600318.SH,0.20196657565993784
20250331,600619.SH,0.16090826455872473
20250331,600353.SH,0.16272243114457063
20250331,600073.SH,0.17901931523957754
20250331,001217.SZ,0.233016530708207
20250331,000837.SZ,0.248832816657832
20250331,002631.SZ,0.23774003373261351
20250331,001391.SZ,0.14205102431960479
20250331,001236.SZ,0.1605756833287407
20250331,002996.SZ,0.1926328652486346
20250331,002755.SZ,0.17602171039881667
20250331,002478.SZ,0.1875275742648605
20250331,000917.SZ,0.19140494220589502
20250401,603999.SH,0.22819918126015717
20250401,603006.SH,0.16736234518122753
20250401,603015.SH,0.1917626909956792
20250401,600081.SH,0.1894118091258514
20250401,600173.SH,0.21092882764500656
20250401,600212.SH,0.21246005941223053
20250401,600063.SH,0.20011664148822392
20250401,600619.SH,0.18305455276534396
20250401,600006.SH,0.1880169643393199
20250401,603357.SH,0.19022913691479582
20250401,600353.SH,0.18817127079808657
20250401,600358.SH,0.17652978685045564
20250401,600965.SH,0.1943609448869203
20250401,002062.SZ,0.16239341896313056
20250401,002863.SZ,0.19496180150560935
20250401,000045.SZ,0.164462565454116
20250401,002141.SZ,0.1627757753403837
20250401,002807.SZ,0.22307268073101646
20250401,002658.SZ,0.23690086281067033
20250401,002515.SZ,0.18661892475990252
20250402,603015.SH,0.20015216182056647
20250402,600502.SH,0.16825845452127858
20250402,600721.SH,0.1811429629339816
20250402,603088.SH,0.1696442412974042
20250402,603693.SH,0.22340714896888897
20250402,002132.SZ,0.16888615392641007
20250402,000715.SZ,0.1793997503945094
20250402,002563.SZ,0.18094906789189966
20250402,002489.SZ,0.2106443813531884
20250402,000524.SZ,0.17287680817971146
20250402,002735.SZ,0.1869630746043708
20250402,000525.SZ,0.21516809812750523
20250402,000048.SZ,0.17421054183443596
20250402,002755.SZ,0.1746120256319096
20250402,000753.SZ,0.16655255238908523
20250402,002104.SZ,0.1731960446432065
20250402,002584.SZ,0.22583368630793113
20250402,002793.SZ,0.17858385457333173
20250402,000600.SZ,0.20386579480523465
20250402,002437.SZ,0.23472535741158768
20250403,603169.SH,0.19755239759058693
20250403,600368.SH,0.15962892021526637
20250403,600571.SH,0.25577205609262516
20250403,603088.SH,0.14930700738213062
20250403,600769.SH,0.14629121510016826
20250403,600744.SH,0.14544362244362757
20250403,601188.SH,0.1464207808762049
20250403,603967.SH,0.13946479978543685
20250403,002201.SZ,0.1510438975653542
20250403,000715.SZ,0.13418050071927437
20250403,000862.SZ,0.16711189663316103
20250403,002345.SZ,0.17914532517040596
20250403,000753.SZ,0.2018033741536407
20250403,000558.SZ,0.1484569198047385
20250403,002923.SZ,0.17730262766198132
20250403,002104.SZ,0.21375818433269095
20250403,001258.SZ,0.1753078817384836
20250403,002052.SZ,0.16118487193401165
20250403,002165.SZ,0.17242208050315752
20250403,002584.SZ,0.14919927216354437
20250407,603300.SH,0.18678024278906905
20250407,600101.SH,0.1435103162944791
20250407,600173.SH,0.16516140933829615
20250407,603169.SH,0.1560155954995208
20250407,600851.SH,0.14398208378686142
20250407,000791.SZ,0.157503253371325
20250407,002201.SZ,0.15061627538150724
20250407,002255.SZ,0.21528850892913526
20250407,000862.SZ,0.14591627228710854
20250407,002734.SZ,0.1505567694355445
20250407,000753.SZ,0.15397305278993603
20250407,002923.SZ,0.14367911904754635
20250407,002006.SZ,0.16199167040153314
20250407,002104.SZ,0.16803504847493902
20250407,001258.SZ,0.14475513995710093
20250407,000601.SZ,0.17083497416906376
20250407,002471.SZ,0.19014098153335693
20250407,002584.SZ,0.14185272614064734
20250407,000600.SZ,0.17026338196092575
20250407,000597.SZ,0.1833119617350874
20250408,600127.SH,0.14845063096630315
20250408,600101.SH,0.14608020116583723
20250408,603313.SH,0.1434733289818416
20250408,603693.SH,0.15105518008829905
20250408,603967.SH,0.1601664558912853
20250408,603739.SH,0.15921247065009478
20250408,600292.SH,0.1783765989465764
20250408,600965.SH,0.14942960328900254
20250408,603569.SH,0.14256829802279097
20250408,002094.SZ,0.1524054457106077
20250408,002631.SZ,0.17708525977499165
20250408,002258.SZ,0.17064420209052922
20250408,002548.SZ,0.13957704406791957
20250408,002254.SZ,0.1686115228407989
20250408,000677.SZ,0.15447104444867513
20250408,000599.SZ,0.18103486179480907
20250408,002365.SZ,0.16653039924936772
20250408,002471.SZ,0.15282155710879639
20250408,000795.SZ,0.15322373013498697
20250408,000722.SZ,0.18101565403827505
20250409,600101.SH,0.17103956278959256
20250409,600979.SH,0.1779930639239182
20250409,603169.SH,0.2010935917672285
20250409,600368.SH,0.202107978750488
20250409,601330.SH,0.18403350362361887
20250409,600186.SH,0.2286310018839424
20250409,603967.SH,0.1934477842461685
20250409,603569.SH,0.19584576565567421
20250409,002201.SZ,0.21995553217128608
20250409,002631.SZ,0.2103881600162936
20250409,000715.SZ,0.23582619075906477
20250409,000524.SZ,0.19061926826094586
20250409,002258.SZ,0.20441889147247352
20250409,002254.SZ,0.2113050685404256
20250409,000599.SZ,0.18886861623584925
20250409,000505.SZ,0.2128100725855271
20250409,000558.SZ,0.19932381744428795
20250409,002165.SZ,0.24789394479426566
20250409,000795.SZ,0.1765386377908655
20250409,000019.SZ,0.18851078033684665
20250410,600094.SH,0.21546620501592587
20250410,603169.SH,0.24368817076551427
20250410,600744.SH,0.1969188773287621
20250410,600300.SH,0.2166674587145064
20250410,600787.SH,0.19839635771143435
20250410,600125.SH,0.18420758442381352
20250410,002570.SZ,0.22265053152067532
20250410,002556.SZ,0.2209256776252143
20250410,000822.SZ,0.18755381682196468
20250410,000816.SZ,0.1997763596349791
20250410,000862.SZ,0.209375074254485
20250410,002419.SZ,0.20332846789660383
20250410,002734.SZ,0.1937719015371386
20250410,000677.SZ,0.22810887263304994
20250410,002688.SZ,0.21250499273013232
20250410,000507.SZ,0.22506825755132756
20250410,002627.SZ,0.1977656330442359
20250410,002840.SZ,0.19901588055918581
20250410,000859.SZ,0.22084596366763415
20250410,002697.SZ,0.20072031093535198
20250411,600738.SH,0.1529393461079335
20250411,600693.SH,0.1366247729934317
20250411,600185.SH,0.23535147122886227
20250411,603333.SH,0.16948669642503553
20250411,600828.SH,0.12832651606442746
20250411,603648.SH,0.1297671662225542
20250411,600903.SH,0.1884452666655352
20250411,603069.SH,0.1688066667798164
20250411,600590.SH,0.17435807351335453
20250411,605188.SH,0.15601169967808912
20250411,002094.SZ,0.14372047500240445
20250411,000796.SZ,0.1734070503572702
20250411,002427.SZ,0.1534656618974072
20250411,002510.SZ,0.12922288791957326
20250411,002688.SZ,0.1462761870816998
20250411,000428.SZ,0.17510695474578095
20250411,002165.SZ,0.1379554699389558
20250411,002177.SZ,0.14689358837273775
20250411,002040.SZ,0.13386655125398153
20250411,002277.SZ,0.1625869979689631
20250414,600824.SH,0.16881345576129947
20250414,603313.SH,0.162351080862427
20250414,600278.SH,0.18013572305481543
20250414,600490.SH,0.2002106564379346
20250414,600368.SH,0.17128753033826105
20250414,600828.SH,0.1678447246785135
20250414,601008.SH,0.2475757678620932
20250414,601086.SH,0.18650670129047228
20250414,601002.SH,0.1633226972623433
20250414,002094.SZ,0.18259825636325583
20250414,002537.SZ,0.22350481169062617
20250414,002570.SZ,0.26750499273013245
20250414,000759.SZ,0.1738641751104624
20250414,002345.SZ,0.16062249302715031
20250414,002571.SZ,0.1833718608032497
20250414,002510.SZ,0.1712943193197441
20250414,000566.SZ,0.1614422059663833
20250414,002286.SZ,0.16080573895234707
20250414,000428.SZ,0.1881606386168582
20250414,000417.SZ,0.1903352059607258
20250415,600643.SH,0.19075996990218216
20250415,600310.SH,0.15239724593651174
20250415,600490.SH,0.15676533319755373
20250415,603128.SH,0.1541274178674678
20250415,600828.SH,0.13088290704187108
20250415,601388.SH,0.1658964850048372
20250415,603697.SH,0.13563853199590403
20250415,601002.SH,0.1422220336394033
20250415,600826.SH,0.18531198198656915
20250415,002094.SZ,0.18469599506667347
20250415,000016.SZ,0.17487069819017073
20250415,002345.SZ,0.22221049237088208
20250415,000796.SZ,0.13130376731897467
20250415,002419.SZ,0.16501813223804437
20250415,000505.SZ,0.1490870517150665
20250415,002490.SZ,0.14380460179794863
20250415,002685.SZ,0.18293037899489134
20250415,000566.SZ,0.15497128826581127
20250415,002165.SZ,0.20289793332088693
20250415,002582.SZ,0.13734516879105216
20250416,600746.SH,0.2079383560481339
20250416,600969.SH,0.1846571847225287
20250416,600744.SH,0.17778447246785137
20250416,605188.SH,0.15552600462782243
20250416,601086.SH,0.17273765678304118
20250416,601279.SH,0.19457566036988636
20250416,603630.SH,0.1604849595772728
20250416,002094.SZ,0.21218678751053713
20250416,000016.SZ,0.1847965851423141
20250416,002141.SZ,0.18108946180349295
20250416,002419.SZ,0.15679152735110916
20250416,002562.SZ,0.20626679565731484
20250416,000753.SZ,0.155071482317532
20250416,000505.SZ,0.2112356512047614
20250416,000558.SZ,0.1855637400498991
20250416,000601.SZ,0.22059822241834842
20250416,002165.SZ,0.19616592270744587
20250416,000993.SZ,0.16754912110977221
20250416,002264.SZ,0.1741638520680935
20250416,002582.SZ,0.16492229444944193
20250417,600868.SH,0.16158901769095427
20250417,600610.SH,0.227112023851955
20250417,603227.SH,0.18581261279609865
20250417,600300.SH,0.16097082435207666
20250417,601107.SH,0.16686909146455306
20250417,601086.SH,0.18586449192959828
20250417,600249.SH,0.24684566947843653
20250417,000850.SZ,0.22849375130829336
20250417,002570.SZ,0.2405258066158625
20250417,002259.SZ,0.1659232166194267
20250417,000510.SZ,0.1656990105059489
20250417,000753.SZ,0.17457953574681628
20250417,000966.SZ,0.21349824900852588
20250417,000558.SZ,0.2315847462901046
20250417,002481.SZ,0.16212325395882485
20250417,000566.SZ,0.19055245336818347
20250417,000716.SZ,0.1680358910821071
20250417,000428.SZ,0.19082474810049962
20250417,002793.SZ,0.18109319574330865
20250417,000931.SZ,0.19233116651674334
20250418,600738.SH,0.16089009204727397
20250418,601678.SH,0.1747819322572798
20250418,603333.SH,0.15513620394100375
20250418,600266.SH,0.17246980317611185
20250418,600649.SH,0.1727173464134377
20250418,600644.SH,0.18480224262688327
20250418,600610.SH,0.17291914888802146
20250418,600853.SH,0.155035104691752
20250418,603002.SH,0.1674969591020441
20250418,601086.SH,0.16781411768699403
20250418,002153.SZ,0.1853519238276278
20250418,002255.SZ,0.21404974060433254
20250418,000989.SZ,0.18802389721482043
20250418,000863.SZ,0.1547226983938402
20250418,002254.SZ,0.15467924891234863
20250418,002562.SZ,0.17604066599908355
20250418,000753.SZ,0.20901774752909363
20250418,002490.SZ,0.18989957964889656
20250418,002492.SZ,0.19551157804217095
20250418,002374.SZ,0.1520734680946158
20250421,600738.SH,0.14213077841330188
20250421,603300.SH,0.1334663973704012
20250421,603696.SH,0.18254456683469397
20250421,600308.SH,0.16006726749152794
20250421,600644.SH,0.17517699440474785
20250421,600505.SH,0.1604325712701619
20250421,600610.SH,0.13918450188677112
20250421,603116.SH,0.18352908229942808
20250421,600152.SH,0.13892439903370166
20250421,600810.SH,0.13749073586901794
20250421,600969.SH,0.17235900134082388
20250421,000025.SZ,0.19275072557239606
20250421,002127.SZ,0.12602640913796911
20250421,002254.SZ,0.13363968612275615
20250421,002564.SZ,0.2297787923533439
20250421,002490.SZ,0.1907378491375165
20250421,002987.SZ,0.12695389715824554
20250421,000514.SZ,0.21212766679678885
20250421,002165.SZ,0.15107076381699172
20250421,002177.SZ,0.1451140266014925
20250422,600738.SH,0.15525622270476705
20250422,603696.SH,0.17293091296259908
20250422,600662.SH,0.15986283735393045
20250422,600664.SH,0.15800573507049467
20250422,603815.SH,0.14818593881968925
20250422,605188.SH,0.1490171428428288
20250422,600793.SH,0.12317778053949367
20250422,002392.SZ,0.16978075134257908
20250422,000863.SZ,0.16128713141743642
20250422,002734.SZ,0.12227097650433028
20250422,002564.SZ,0.1893278334915044
20250422,002490.SZ,0.13265392950474317
20250422,002104.SZ,0.1826078112071498
20250422,000566.SZ,0.16251084268846125
20250422,002165.SZ,0.20922081969998838
20250422,002584.SZ,0.1771315057920032
20250422,000859.SZ,0.17884355161953677
20250422,000417.SZ,0.15070462990474093
20250422,002108.SZ,0.15805975109726236
20250422,002582.SZ,0.12497182862375009
20250423,600308.SH,0.2345730558821106
20250423,600490.SH,0.2153424753171787
20250423,600644.SH,0.1603859975621013
20250423,600505.SH,0.149630824848981
20250423,601515.SH,0.16968645837103571
20250423,603697.SH,0.1708597778987435
20250423,603815.SH,0.1377278997522363
20250423,600866.SH,0.19641032016182322
20250423,601188.SH,0.1519162459168128
20250423,002201.SZ,0.13965058540310363
20250423,000848.SZ,0.14086543674656196
20250423,002258.SZ,0.1564130120679599
20250423,000510.SZ,0.18549242609365488
20250423,002427.SZ,0.19763403637462668
20250423,002510.SZ,0.1488699140491769
20250423,000957.SZ,0.144390154688579
20250423,002678.SZ,0.19562131986592993
20250423,002194.SZ,0.14693414180151082
20250423,002697.SZ,0.18541002295643655
20250423,000965.SZ,0.1962619300501792
20250424,600278.SH,0.15720008924511505
20250424,600505.SH,0.16228236176601044
20250424,600681.SH,0.15535844637907698
20250424,603676.SH,0.14045220461608487
20250424,600163.SH,0.14604545935400665
20250424,601188.SH,0.1672274355147299
20250424,600860.SH,0.13126402579035915
20250424,603458.SH,0.17136036840721572
20250424,002201.SZ,0.16258851458380244
20250424,000420.SZ,0.18765706446690036
20250424,000030.SZ,0.12969207410609532
20250424,000989.SZ,0.13564990336948193
20250424,002446.SZ,0.15148038776740053
20250424,002386.SZ,0.12416949097839108
20250424,002054.SZ,0.1603406755725017
20250424,002584.SZ,0.17555303845773976
20250424,002383.SZ,0.17466605572649566
20250424,002194.SZ,0.1693421366178917
20250424,002795.SZ,0.12917898149395904
20250424,000965.SZ,0.1891383084400605
20250425,600982.SH,0.15634260595054233
20250425,600644.SH,0.13815554688074594
20250425,600681.SH,0.21406925892609635
20250425,600507.SH,0.16184450969409983
20250425,603676.SH,0.1710696606075007
20250425,603399.SH,0.12753101715915074
20250425,600793.SH,0.15631205553386857
20250425,000543.SZ,0.1274703406371459
20250425,002556.SZ,0.13412747444231352
20250425,000030.SZ,0.1302179545930289
20250425,002446.SZ,0.18514915958066733
20250425,002562.SZ,0.19982908739116417
20250425,002427.SZ,0.15918761350328423
20250425,000966.SZ,0.1350732927125942
20250425,002469.SZ,0.22253093229688223
20250425,002169.SZ,0.1473045763392681
20250425,002383.SZ,0.1557434783346629
20250425,000506.SZ,0.15604869962717177
20250425,000937.SZ,0.13196108216364844
20250425,002582.SZ,0.18953467189418244
20250428,600509.SH,0.18564130416334296
20250428,603696.SH,0.16782203816539099
20250428,600279.SH,0.1664650904914657
20250428,603648.SH,0.16377518287818874
20250428,600969.SH,0.15497711547491758
20250428,002479.SZ,0.15854526270529604
20250428,000565.SZ,0.18112858330928908
20250428,002386.SZ,0.18978524188575277
20250428,002562.SZ,0.17838286461073682
20250428,002996.SZ,0.14332903364506075
20250428,002564.SZ,0.15270823786328125
20250428,002958.SZ,0.14771140605464
20250428,002492.SZ,0.14676550292209084
20250428,002104.SZ,0.15355420153091534
20250428,002293.SZ,0.14646565623992266
20250428,000007.SZ,0.1770144888179818
20250428,002169.SZ,0.2013201174493797
20250428,002383.SZ,0.14562625525438883
20250428,000993.SZ,0.16571355024129175
20250428,002251.SZ,0.15389681879642678
20250429,600509.SH,0.20856660358187382
20250429,603696.SH,0.18284428295952593
20250429,600822.SH,0.19533531565448767
20250429,601956.SH,0.1435346030827864
20250429,600279.SH,0.15296441516444456
20250429,600828.SH,0.15177118690211944
20250429,603113.SH,0.16315300472461408
20250429,603086.SH,0.1574089268501837
20250429,002392.SZ,0.18968108401090675
20250429,002734.SZ,0.21433928349673095
20250429,002727.SZ,0.1388207290849004
20250429,002562.SZ,0.24161585643935793
20250429,002958.SZ,0.17030778712815772
20250429,002098.SZ,0.15353554847149747
20250429,002293.SZ,0.18911532685016327
20250429,000059.SZ,0.16555115752262287
20250429,000672.SZ,0.1528384063434277
20250429,002948.SZ,0.1745379172679664
20250429,000993.SZ,0.16518133031628132
20250429,002228.SZ,0.14938167827974178
20250430,603313.SH,0.11102382539078827
20250430,600278.SH,0.15035841628931904
20250430,603980.SH,0.16448965898940962
20250430,600828.SH,0.19240525756023816
20250430,601515.SH,0.14808165655972697
20250430,600610.SH,0.1734513308066815
20250430,601177.SH,0.12045913279281265
20250430,600744.SH,0.11965990481297138
20250430,603113.SH,0.1584608439542678
20250430,603086.SH,0.14607495189366362
20250430,002418.SZ,0.11560042979350078
20250430,002345.SZ,0.21967310644953283
20250430,002701.SZ,0.11787982291859901
20250430,002440.SZ,0.16269062288448274
20250430,002365.SZ,0.14793128932273522
20250430,002539.SZ,0.12171132892958691
20250430,002425.SZ,0.1234659435416261
20250430,002165.SZ,0.20530952059987598
20250430,003037.SZ,0.11755082686701752
20250430,002948.SZ,0.12795781767207032
20250506,603839.SH,0.12102247640235082
20250506,603798.SH,0.10998881273987823
20250506,601177.SH,0.10665725749962307
20250506,603809.SH,0.16459988828809236
20250506,603680.SH,0.1182399944577994
20250506,600480.SH,0.16465649235304777
20250506,603086.SH,0.11561314761165857
20250506,600793.SH,0.15413085186450864
20250506,002489.SZ,0.12526600041044944
20250506,002454.SZ,0.12824200039316164
20250506,002418.SZ,0.15252283060488744
20250506,002141.SZ,0.11406644032220782
20250506,002259.SZ,0.1775877341216555
20250506,002860.SZ,0.15722563125351915
20250506,002425.SZ,0.13201894785880922
20250506,002382.SZ,0.10961295249099169
20250506,002546.SZ,0.22438814601130844
20250506,002765.SZ,0.13793542769786174
20250506,002249.SZ,0.1077382414226969
20250506,002798.SZ,0.12445984705317491
20250507,600610.SH,0.11334099888411231
20250507,601177.SH,0.13159308383758225
20250507,603166.SH,0.1585633933244818
20250507,603316.SH,0.1500839489767144
20250507,600156.SH,0.11879240165400314
20250507,600589.SH,0.13151811944054162
20250507,603758.SH,0.11416112906283224
20250507,600691.SH,0.12411498690837623
20250507,002491.SZ,0.13470429648804494
20250507,002392.SZ,0.13942548150476278
20250507,002489.SZ,0.10570196850130716
20250507,002259.SZ,0.1268233786484215
20250507,002860.SZ,0.17803373476253667
20250507,002006.SZ,0.11136863233923153
20250507,002229.SZ,0.18819543044289724
20250507,002286.SZ,0.1258124144433264
20250507,002354.SZ,0.11991780850723453
20250507,002165.SZ,0.14004670219430654
20250507,002672.SZ,0.11972277183889586
20250507,002480.SZ,0.15123408193441806
20250508,600693.SH,0.10625478687948899
20250508,600668.SH,0.14805993505071394
20250508,600610.SH,0.219352669593154
20250508,601177.SH,0.09947209091291426
20250508,600067.SH,0.12586052368131023
20250508,600744.SH,0.16770192780831575
20250508,600589.SH,0.16937879771432177
20250508,603086.SH,0.20501547074940749
20250508,600800.SH,0.16554173856954665
20250508,600691.SH,0.13899140810428534
20250508,002491.SZ,0.1744867072458268
20250508,002392.SZ,0.20196105234257014
20250508,000565.SZ,0.2375358229537237
20250508,002255.SZ,0.09367724798615705
20250508,002037.SZ,0.13361198200020163
20250508,002560.SZ,0.1162271919020811
20250508,002471.SZ,0.10365026527808821
20250508,002286.SZ,0.11166046805733094
20250508,002164.SZ,0.12235259296150301
20250508,002355.SZ,0.15440523162934675
20250509,600336.SH,0.15962188500092467
20250509,600960.SH,0.1407403743864271
20250509,600530.SH,0.1273254737580987
20250509,600523.SH,0.18710076187913285
20250509,600067.SH,0.14654260135298405
20250509,600744.SH,0.18240934988617893
20250509,603966.SH,0.20283595293613568
20250509,603363.SH,0.1251383527627031
20250509,603610.SH,0.18292042160904184
20250509,600396.SH,0.19804539514496491
20250509,002392.SZ,0.13999060780878747
20250509,000767.SZ,0.1692450917572427
20250509,000576.SZ,0.1613720449782293
20250509,002037.SZ,0.15759271398804883
20250509,002490.SZ,0.11449876723070426
20250509,000678.SZ,0.1519188948805968
20250509,002425.SZ,0.12063952776431004
20250509,002052.SZ,0.11705567419800555
20250509,002164.SZ,0.1442877979270568
20250509,000506.SZ,0.11442460459465453
20250512,603001.SH,0.14531675225145738
20250512,600928.SH,0.11994063066366181
20250512,600744.SH,0.13248872277582643
20250512,603912.SH,0.1746621429454133
20250512,600269.SH,0.11362085368579329
20250512,603610.SH,0.18408441374247994
20250512,600396.SH,0.1981607450355062
20250512,000850.SZ,0.15270594871210777
20250512,002413.SZ,0.19082296454440792
20250512,002392.SZ,0.18813857340460133
20250512,000767.SZ,0.12747833847994028
20250512,000565.SZ,0.19022516669301148
20250512,000576.SZ,0.17081665244456848
20250512,002651.SZ,0.19638933647487322
20250512,000677.SZ,0.15019817111927744
20250512,002958.SZ,0.14248699613539276
20250512,002267.SZ,0.13200025930705636
20250512,000678.SZ,0.1718221858904925
20250512,002471.SZ,0.14035896449901172
20250512,002948.SZ,0.22385000183357032
20250513,603916.SH,0.14425866886817798
20250513,600284.SH,0.16672188329004678
20250513,600530.SH,0.1762623823933355
20250513,600575.SH,0.13820716009543021
20250513,603488.SH,0.16258459566809821
20250513,600500.SH,0.13558961665157213
20250513,000767.SZ,0.16511156516968947
20250513,000565.SZ,0.1840948861383517
20250513,000576.SZ,0.1785997696722156
20250513,002735.SZ,0.16530144901130692
20250513,002331.SZ,0.1289722572634093
20250513,002734.SZ,0.12502016748403688
20250513,000571.SZ,0.13007432818563586
20250513,002860.SZ,0.1974226741995733
20250513,002807.SZ,0.12318111675132784
20250513,002560.SZ,0.1342063334721803
20250513,003037.SZ,0.12223819504498416
20250513,000889.SZ,0.15401324803959643
20250513,002948.SZ,0.14804392360255536
20250513,000506.SZ,0.15352455528933576
20250514,600279.SH,0.13479177057182382
20250514,600284.SH,0.16920410328153873
20250514,600523.SH,0.13905717704402706
20250514,605050.SH,0.16726234134249116
20250514,600751.SH,0.13816764699627448
20250514,600771.SH,0.1413365212577257
20250514,603488.SH,0.14654422864662545
20250514,601086.SH,0.16083984940934845
20250514,600396.SH,0.13490155567874787
20250514,000565.SZ,0.1791709516148063
20250514,002419.SZ,0.1632234476867739
20250514,002734.SZ,0.16901689762836206
20250514,002807.SZ,0.1324370165193778
20250514,002492.SZ,0.1625439997229878
20250514,000678.SZ,0.17558919642997733
20250514,002846.SZ,0.15045426584901703
20250514,002640.SZ,0.15269275237374086
20250514,000905.SZ,0.1370569023152131
20250514,002404.SZ,0.13285922343117446
20250514,002948.SZ,0.1613326753610617
20250515,605208.SH,0.1404251106327924
20250515,601908.SH,0.18456931095109752
20250515,605055.SH,0.17918289687373543
20250515,603332.SH,0.17364596469518329
20250515,600644.SH,0.14082580700438851
20250515,603323.SH,0.1396534062215017
20250515,601528.SH,0.1454907194759452
20250515,603488.SH,0.12283514325125824
20250515,601086.SH,0.16001859616881967
20250515,002094.SZ,0.19332319416671087
20250515,002772.SZ,0.14722713253257433
20250515,000767.SZ,0.17611986814175698
20250515,000565.SZ,0.1875081804755982
20250515,000576.SZ,0.16348669112540393
20250515,000677.SZ,0.13847309458816617
20250515,000712.SZ,0.1478861566362533
20250515,002807.SZ,0.13817258281074882
20250515,000678.SZ,0.1782645225584018
20250515,002560.SZ,0.14991600871995597
20250515,002404.SZ,0.1920454962639813
20250516,601908.SH,0.1768402349699447
20250516,605055.SH,0.17989903925358908
20250516,600805.SH,0.1624923274146056
20250516,603332.SH,0.19187847396367444
20250516,600644.SH,0.1628235961546409
20250516,605138.SH,0.20129242775548864
20250516,601008.SH,0.14275055405763115
20250516,601086.SH,0.17132589870089446
20250516,000767.SZ,0.1401210596890317
20250516,002092.SZ,0.12348564463015264
20250516,002255.SZ,0.13628301584300526
20250516,002651.SZ,0.17867738281255238
20250516,002427.SZ,0.21794184877013018
20250516,002510.SZ,0.13142248801071907
20250516,002365.SZ,0.13565662934197045
20250516,002860.SZ,0.14780374927111298
20250516,000678.SZ,0.17371063946623852
20250516,002640.SZ,0.1669525639854467
20250516,002547.SZ,0.13448651775224876
20250516,002019.SZ,0.12060247103247848
20250519,605136.SH,0.11926660156356403
20250519,601908.SH,0.11536667860782442
20250519,605055.SH,0.14720473781554974
20250519,603839.SH,0.18577215257486265
20250519,600530.SH,0.1446335228603947
20250519,600936.SH,0.1317232402438368
20250519,601008.SH,0.2068102466193322
20250519,601022.SH,0.11886526833677792
20250519,601086.SH,0.19130485105428477
20250519,603630.SH,0.12859134334647399
20250519,000420.SZ,0.12970034936625974
20250519,000565.SZ,0.18007109221638465
20250519,002811.SZ,0.17667637524703567
20250519,002255.SZ,0.16326068321182122
20250519,002141.SZ,0.19241759220827384
20250519,002427.SZ,0.15169030931383282
20250519,000566.SZ,0.14895981522868948
20250519,002286.SZ,0.135082966759202
20250519,002263.SZ,0.11747768166895316
20250519,000088.SZ,0.13746809123359577
20250520,603969.SH,0.16749172401370657
20250520,605055.SH,0.18248422984757645
20250520,600805.SH,0.14921752414337888
20250520,600337.SH,0.11561085222467256
20250520,603332.SH,0.15162639369064027
20250520,603980.SH,0.10667246941690274
20250520,600644.SH,0.14897147242027026
20250520,603633.SH,0.11476065952844487
20250520,600810.SH,0.12943625068306208
20250520,603997.SH,0.11171298763189096
20250520,603316.SH,0.11689126053564151
20250520,605077.SH,0.13778156289442486
20250520,600800.SH,0.11603938505442488
20250520,002811.SZ,0.16221475827253753
20250520,002127.SZ,0.11937370188576486
20250520,002141.SZ,0.1445780537379434
20250520,002727.SZ,0.11232224561911709
20250520,002651.SZ,0.10537535217238538
20250520,002573.SZ,0.13461107806578215
20250520,002263.SZ,0.16711255090684848
20250521,603969.SH,0.12285975404148275
20250521,605055.SH,0.1702963295391198
20250521,600403.SH,0.14472322177286603
20250521,601107.SH,0.12255480568917793
20250521,600006.SH,0.14093580118657476
20250521,603901.SH,0.16604047696240462
20250521,603017.SH,0.1544350723903947
20250521,002107.SZ,0.10250327585517884
20250521,003000.SZ,0.13983599588085124
20250521,002141.SZ,0.09825633682335935
20250521,002174.SZ,0.11211355898655394
20250521,000421.SZ,0.10607499145877194
20250521,000677.SZ,0.12635928078699918
20250521,002197.SZ,0.10556083781883356
20250521,002590.SZ,0.11218815319990072
20250521,002286.SZ,0.17390444663794016
20250521,002165.SZ,0.09621021126541048
20250521,002584.SZ,0.13246141746250426
20250521,002040.SZ,0.18411369060192959
20250521,000722.SZ,0.1719880346635974
20250522,603969.SH,0.16416286538711658
20250522,600698.SH,0.17139730338682874
20250522,600279.SH,0.19036426141127513
20250522,603520.SH,0.12322641646706871
20250522,603901.SH,0.1820532086752981
20250522,603017.SH,0.13367360783141582
20250522,600793.SH,0.12821323688305877
20250522,600495.SH,0.1788629969378744
20250522,002761.SZ,0.1544895228564275
20250522,002735.SZ,0.13884536017772076
20250522,002811.SZ,0.18796180698016587
20250522,002141.SZ,0.11805627475835946
20250522,002345.SZ,0.1927367005623584
20250522,002215.SZ,0.14250249773024318
20250522,002174.SZ,0.11520583708219258
20250522,002259.SZ,0.14505717750481767
20250522,002727.SZ,0.1384158226683111
20250522,000566.SZ,0.17195861690888725
20250522,002286.SZ,0.16760624883285855
20250522,002040.SZ,0.18556847663836595
20250523,605136.SH,0.1252702674175619
20250523,600475.SH,0.11990693592148098
20250523,600644.SH,0.13325582601413152
20250523,600403.SH,0.13450389593339634
20250523,600353.SH,0.12395963934448799
20250523,603135.SH,0.13011451896242343
20250523,600770.SH,0.2384764277296075
20250523,002099.SZ,0.18664914895025708
20250523,002023.SZ,0.16136163082042898
20250523,002734.SZ,0.1496305443658964
20250523,002651.SZ,0.21588397196936746
20250523,002839.SZ,0.17575023491932776
20250523,002588.SZ,0.13375228230397918
20250523,000566.SZ,0.20213306738231934
20250523,002256.SZ,0.15863614652981955
20250523,002263.SZ,0.15234517176487725
20250523,000007.SZ,0.17291147253083364
20250523,002040.SZ,0.15745598446744258
20250523,002136.SZ,0.15946141804889666
20250523,002437.SZ,0.11737589830460188
20250526,605136.SH,0.25099240266573775
20250526,601956.SH,0.1959151326629195
20250526,600805.SH,0.18601522670472895
20250526,603520.SH,0.167967500743513
20250526,603390.SH,0.1599606767290676
20250526,600610.SH,0.1571678514577607
20250526,605167.SH,0.16425750972228614
20250526,600156.SH,0.1763930017758966
20250526,600237.SH,0.1359765488078095
20250526,600353.SH,0.17389854642382827
20250526,600375.SH,0.15249865213391045
20250526,600841.SH,0.15322211995983967
20250526,002099.SZ,0.26523926436855455
20250526,002121.SZ,0.21198822876851783
20250526,002735.SZ,0.24961754859128082
20250526,002734.SZ,0.13808840644975812
20250526,002727.SZ,0.14503031716726414
20250526,001207.SZ,0.15888838254484247
20250526,002263.SZ,0.1525058703538646
20250526,000506.SZ,0.15251261664012236
20250527,605136.SH,0.17748276402395827
20250527,601956.SH,0.16453676760043542
20250527,600644.SH,0.16578445798086028
20250527,600530.SH,0.16910050193972323
20250527,605167.SH,0.17078883665547304
20250527,600156.SH,0.15380984714095094
20250527,600353.SH,0.19405393192700893
20250527,603681.SH,0.1592429004404104
20250527,600375.SH,0.16108306638236555
20250527,000045.SZ,0.15522734385109657
20250527,002174.SZ,0.2138724136245872
20250527,002734.SZ,0.20227359577426227
20250527,000881.SZ,0.19630044746574646
20250527,000677.SZ,0.1890231965070737
20250527,002616.SZ,0.20060470755060925
20250527,002365.SZ,0.1912609366663028
20250527,002584.SZ,0.15517367305256222
20250527,000859.SZ,0.21259568976849
20250527,000561.SZ,0.1741934864086148
20250527,000600.SZ,0.20601872145058156
20250528,605136.SH,0.17785377691251777
20250528,603839.SH,0.15477306839668514
20250528,601956.SH,0.19554870497969873
20250528,600644.SH,0.16229707613027222
20250528,600558.SH,0.1599402913657171
20250528,600059.SH,0.18902439863232962
20250528,600708.SH,0.1451705185943208
20250528,600156.SH,0.1450414897211878
20250528,600353.SH,0.17260124433891805
20250528,600468.SH,0.21205580387015507
20250528,601086.SH,0.17487124832641607
20250528,600192.SH,0.1757383852771318
20250528,600495.SH,0.14720683297219617
20250528,002121.SZ,0.17638091584301838
20250528,002735.SZ,0.16861026528727632
20250528,002345.SZ,0.1678683988233406
20250528,002206.SZ,0.18013037524527722
20250528,002174.SZ,0.15386125882490378
20250528,000561.SZ,0.17753974497644878
20250528,002194.SZ,0.14928147259028254
20250529,600817.SH,0.1441887012058145
20250529,603223.SH,0.1517159550300866
20250529,605337.SH,0.1483657293339416
20250529,600156.SH,0.14177557051812545
20250529,600353.SH,0.19108366824960363
20250529,603577.SH,0.14933329850231392
20250529,002094.SZ,0.1679763148726886
20250529,002550.SZ,0.1706012141541267
20250529,002735.SZ,0.17219530884106027
20250529,002258.SZ,0.16344679802050752
20250529,002255.SZ,0.16639611851230515
20250529,002345.SZ,0.20610246626452178
20250529,002174.SZ,0.19079739688910602
20250529,000881.SZ,0.1416082857712696
20250529,002427.SZ,0.23490169260009885
20250529,002161.SZ,0.18656463921505198
20250529,002229.SZ,0.1808510974088653
20250529,000890.SZ,0.14316591166512654
20250529,002867.SZ,0.150199020934806
20250529,000533.SZ,0.16996160093112658
20250530,603333.SH,0.17215736177453075
20250530,600686.SH,0.15828670858862737
20250530,600678.SH,0.1322809024928445
20250530,600751.SH,0.13376202292153733
20250530,605337.SH,0.14588173336943222
20250530,600006.SH,0.13709599578919562
20250530,600468.SH,0.18973661546506812
20250530,600375.SH,0.16994273875828853
20250530,601086.SH,0.14500426603305572
20250530,600192.SH,0.16668128794135798
20250530,603577.SH,0.20089823226441642
20250530,002310.SZ,0.18729258213116906
20250530,002376.SZ,0.15352844659924178
20250530,002161.SZ,0.13471544761165888
20250530,002229.SZ,0.1941846654766864
20250530,000890.SZ,0.13468341440576886
20250530,002425.SZ,0.18707541626305976
20250530,002383.SZ,0.1577351145787175
20250530,002437.SZ,0.1914041786385516
20250530,002366.SZ,0.17245652708766124
20250603,605388.SH,0.15218514386291618
20250603,600676.SH,0.14049710135171042
20250603,600551.SH,0.12359201430312465
20250603,600721.SH,0.12333873525877946
20250603,600326.SH,0.15248528828937083
20250603,600156.SH,0.1482008199028627
20250603,600468.SH,0.1316573281913702
20250603,600216.SH,0.1272078829671584
20250603,600495.SH,0.15687236035592952
20250603,002278.SZ,0.12078707808316075
20250603,002550.SZ,0.11465476233012194
20250603,002669.SZ,0.11434224979611259
20250603,002734.SZ,0.18177595805335098
20250603,000525.SZ,0.130714594087753
20250603,000599.SZ,0.12748280968317124
20250603,002161.SZ,0.1421605708070803
20250603,002515.SZ,0.17328394584210466
20250603,002798.SZ,0.14701204415402944
20250603,002194.SZ,0.13308404153178024
20250603,002948.SZ,0.12716778429575745
20250604,603123.SH,0.1346761488256244
20250604,600326.SH,0.1959767073618757
20250604,600156.SH,0.14275335968424208
20250604,603323.SH,0.1886379502684382
20250604,601528.SH,0.14233088552546444
20250604,600073.SH,0.15469122102624785
20250604,603017.SH,0.1537768587489595
20250604,600495.SH,0.12402227263695971
20250604,002023.SZ,0.1302988643176333
20250604,002537.SZ,0.13983834077499205
20250604,001338.SZ,0.1528477876569828
20250604,000695.SZ,0.1573365033855891
20250604,002345.SZ,0.1731479018536928
20250604,002669.SZ,0.1404162438523537
20250604,002734.SZ,0.14032738877853454
20250604,002197.SZ,0.17628947458890534
20250604,002807.SZ,0.14777982027862638
20250604,002515.SZ,0.16865668520088437
20250604,002798.SZ,0.13025164427461544
20250604,002948.SZ,0.19141955137318778
20250605,605388.SH,0.17185913359082447
20250605,603518.SH,0.17846099630665482
20250605,600610.SH,0.13374133829704807
20250605,603535.SH,0.19261590856990346
20250605,603697.SH,0.14561895245774917
20250605,603123.SH,0.19149049969603638
20250605,600684.SH,0.24694070720683511
20250605,600638.SH,0.13190673151529633
20250605,600682.SH,0.1276078137727449
20250605,603106.SH,0.153877748075019
20250605,002275.SZ,0.15690904499300884
20250605,000695.SZ,0.12825220528269268
20250605,000989.SZ,0.15799925297220982
20250605,002141.SZ,0.17694179990552764
20250605,002370.SZ,0.15155448530309565
20250605,000701.SZ,0.1610213835699787
20250605,002104.SZ,0.19496132499671154
20250605,002471.SZ,0.1557163184893889
20250605,002177.SZ,0.18838184259901142
20250605,002515.SZ,0.14013032043583987
20250606,605388.SH,0.18302774419947695
20250606,603518.SH,0.19681465329626405
20250606,600610.SH,0.15824849726959023
20250606,600037.SH,0.23837128215946382
20250606,603123.SH,0.17675885144316314
20250606,600751.SH,0.17326894988088953
20250606,600468.SH,0.13848616158594487
20250606,603823.SH,0.14948584320626354
20250606,000010.SZ,0.14642395952731732
20250606,002467.SZ,0.1698576334034345
20250606,002141.SZ,0.1360354337445992
20250606,002370.SZ,0.1600960023976801
20250606,002734.SZ,0.20460300196765005
20250606,000599.SZ,0.15901334801443243
20250606,002197.SZ,0.14307310174887453
20250606,002250.SZ,0.11235926878347098
20250606,002425.SZ,0.14891035054561422
20250606,002012.SZ,0.12102097159131645
20250606,000506.SZ,0.18727416584650317
20250606,000533.SZ,0.18355922177701992
20250609,600531.SH,0.1906361716137983
20250609,605388.SH,0.1891743701690569
20250609,605066.SH,0.1154241742505482
20250609,600751.SH,0.24670303951798994
20250609,605189.SH,0.1271820515682257
20250609,600326.SH,0.12468952525014833
20250609,600156.SH,0.11494814143436988
20250609,600468.SH,0.1672161143157427
20250609,603017.SH,0.22297158293839178
20250609,002141.SZ,0.22552574547783277
20250609,002037.SZ,0.15631169698079866
20250609,000525.SZ,0.17450121546990902
20250609,002440.SZ,0.11695902362521544
20250609,000701.SZ,0.1725520077662487
20250609,000751.SZ,0.12992633174075502
20250609,002546.SZ,0.11216295116641696
20250609,002298.SZ,0.21126324523568257
20250609,002793.SZ,0.16953948783948802
20250609,002012.SZ,0.18921722363726323
20250609,000533.SZ,0.1984745351671593
20250610,605388.SH,0.23333685057128015
20250610,603333.SH,0.15757857435173445
20250610,600751.SH,0.1752621665563132
20250610,603680.SH,0.1490788203962474
20250610,600468.SH,0.19680167665285328
20250610,603113.SH,0.14439494375201495
20250610,600800.SH,0.18465207968876451
20250610,002467.SZ,0.16291664851744742
20250610,000989.SZ,0.1327661177960245
20250610,002141.SZ,0.17515723125966814
20250610,000525.SZ,0.1440111572871034
20250610,002309.SZ,0.20480888546350898
20250610,000701.SZ,0.1341926319568495
20250610,002161.SZ,0.17833841330294514
20250610,002104.SZ,0.1959798845847666
20250610,002546.SZ,0.1825890285255116
20250610,002471.SZ,0.15733435600848708
20250610,002951.SZ,0.15566328901278592
20250610,000506.SZ,0.17250693550728233
20250610,000533.SZ,0.1620513835310506
20250611,600232.SH,0.19483933730830832
20250611,603980.SH,0.16023612976899562
20250611,600530.SH,0.13210336651747476
20250611,600397.SH,0.14180080202897424
20250611,603680.SH,0.18831223831764302
20250611,600846.SH,0.14557542913086946
20250611,600250.SH,0.1702846027676966
20250611,600353.SH,0.1686351683872792
20250611,600468.SH,0.15921953585611356
20250611,603990.SH,0.13034378236512068
20250611,601599.SH,0.1286159714613601
20250611,600223.SH,0.15606472928085952
20250611,600691.SH,0.12749238011576094
20250611,002141.SZ,0.12862424483589344
20250611,003040.SZ,0.17966491285962558
20250611,000701.SZ,0.16902820202615457
20250611,002640.SZ,0.17267480519659553
20250611,002793.SZ,0.1348062922356382
20250611,002292.SZ,0.15376534293149527
20250611,000937.SZ,0.14351671315038825
20250612,600232.SH,0.207730568943463
20250612,600531.SH,0.13573861281812774
20250612,600530.SH,0.174517254351532
20250612,600397.SH,0.1436103379173125
20250612,600658.SH,0.15842816636171325
20250612,600223.SH,0.1614906738075565
20250612,603106.SH,0.15691369548480155
20250612,000900.SZ,0.1302692548980493
20250612,002556.SZ,0.1893590837547183
20250612,001236.SZ,0.11911805815867675
20250612,002141.SZ,0.17553547507594439
20250612,003040.SZ,0.20917594207452714
20250612,000701.SZ,0.19021997806171959
20250612,002197.SZ,0.115414490147412
20250612,002539.SZ,0.16656932712981318
20250612,002425.SZ,0.1178033028896264
20250612,000970.SZ,0.12737316164024584
20250612,000948.SZ,0.188096933054776
20250612,002292.SZ,0.12356060937280137
20250612,002301.SZ,0.12773045912131817
20250613,600267.SH,0.13129179110805203
20250613,600530.SH,0.13892299238290876
20250613,600557.SH,0.15802639636603372
20250613,600222.SH,0.19605222296083083
20250613,600928.SH,0.14205675521963837
20250613,603323.SH,0.14515309057536893
20250613,600658.SH,0.2129178635845221
20250613,600353.SH,0.1826829695009764
20250613,603758.SH,0.14131535923986066
20250613,603106.SH,0.178394791378318
20250613,002057.SZ,0.15617470929814592
20250613,000900.SZ,0.15557501800295384
20250613,002556.SZ,0.19044454280884804
20250613,002141.SZ,0.15020074209103776
20250613,002348.SZ,0.1382317064196682
20250613,002197.SZ,0.15926638689988126
20250613,000803.SZ,0.12343514039122394
20250613,002104.SZ,0.17942813088897613
20250613,000917.SZ,0.19567118554982335
20250613,002181.SZ,0.20442010135044317
20250616,600644.SH,0.17726877642434194
20250616,600353.SH,0.1326457491355686
20250616,600366.SH,0.19627470829259805
20250616,601279.SH,0.22010781537786306
20250616,002550.SZ,0.2406065822838325
20250616,000822.SZ,0.13305486869876323
20250616,002141.SZ,0.14044007159444585
20250616,002701.SZ,0.1523580816138881
20250616,002440.SZ,0.17438588340208247
20250616,000701.SZ,0.18785077153769503
20250616,000558.SZ,0.20582430887669154
20250616,002425.SZ,0.1427339064720988
20250616,002588.SZ,0.14714521862457616
20250616,002449.SZ,0.13257632327747748
20250616,002951.SZ,0.1567279288685497
20250616,002678.SZ,0.18697463804572573
20250616,002103.SZ,0.13465494188542565
20250616,000506.SZ,0.16385416362492636
20250616,000520.SZ,0.1294414445527559
20250616,002366.SZ,0.13097681634374866
20250617,600556.SH,0.15908659971272252
20250617,600617.SH,0.17648898339501023
20250617,600227.SH,0.18235154930896558
20250617,601015.SH,0.157399336734913
20250617,600475.SH,0.1532806051937345
20250617,603336.SH,0.16886199348557698
20250617,600326.SH,0.17356062013460588
20250617,600366.SH,0.1768004037228703
20250617,600691.SH,0.19116792506504915
20250617,002141.SZ,0.18326759297922532
20250617,000159.SZ,0.17767119769834447
20250617,000881.SZ,0.17668476823160195
20250617,002958.SZ,0.18218896427884693
20250617,002235.SZ,0.17013678673007693
20250617,002492.SZ,0.18082044802881314
20250617,002109.SZ,0.21425959545168236
20250617,002839.SZ,0.14763081348289
20250617,002554.SZ,0.18228788428889958
20250617,002383.SZ,0.1549813470007255
20250617,002366.SZ,0.19240703300140266
20250618,600830.SH,0.14937462966480905
20250618,600475.SH,0.1612414180900864
20250618,603123.SH,0.14456761958473932
20250618,603167.SH,0.14339154799751974
20250618,603086.SH,0.1729822817296444
20250618,603106.SH,0.20210333381933177
20250618,003040.SZ,0.1609188870248727
20250618,002348.SZ,0.15304959804253768
20250618,002386.SZ,0.15494140826957933
20250618,000881.SZ,0.22936539475848378
20250618,002958.SZ,0.13501994144026339
20250618,002235.SZ,0.1956000031627384
20250618,002492.SZ,0.1599799098803606
20250618,002449.SZ,0.1490464310610626
20250618,002951.SZ,0.1485073264595578
20250618,002678.SZ,0.15246870857213204
20250618,002554.SZ,0.22170538345782867
20250618,002383.SZ,0.1958868919047599
20250618,002366.SZ,0.14839321167287664
20250618,002579.SZ,0.14802723027414064
20250619,600227.SH,0.209752027679959
20250619,600478.SH,0.23977996943390598
20250619,605268.SH,0.14937071722453896
20250619,600623.SH,0.17605050192794128
20250619,603123.SH,0.1514267496162965
20250619,600722.SH,0.19296695301377273
20250619,002132.SZ,0.15193145517796505
20250619,002413.SZ,0.1771215677046515
20250619,002537.SZ,0.1692924956841232
20250619,002141.SZ,0.18856831661410325
20250619,002309.SZ,0.16708842958520898
20250619,000407.SZ,0.17815277275363614
20250619,002235.SZ,0.19195245177318182
20250619,002490.SZ,0.13887285900846383
20250619,002104.SZ,0.15422794719331173
20250619,002109.SZ,0.16033251541783833
20250619,002839.SZ,0.14703906905477954
20250619,002554.SZ,0.18699061286985044
20250619,002476.SZ,0.1889442564637273
20250619,000968.SZ,0.16269618708033656
20250620,603318.SH,0.19577633332426778
20250620,600617.SH,0.23069699511227418
20250620,603222.SH,0.21904738226825735
20250620,605268.SH,0.2304567811291672
20250620,600551.SH,0.21225024821361518
20250620,600681.SH,0.2078977046358179
20250620,603918.SH,0.21681797685829798
20250620,600722.SH,0.17926497176608475
20250620,002132.SZ,0.200846575681364
20250620,002141.SZ,0.16927210743890383
20250620,003040.SZ,0.18803767289153564
20250620,000159.SZ,0.18432259759177927
20250620,002701.SZ,0.16948686333787097
20250620,000407.SZ,0.23904608718142828
20250620,002374.SZ,0.18465559568507064
20250620,002268.SZ,0.22194100686934506
20250620,002137.SZ,0.17022193289528045
20250620,002769.SZ,0.17549946327171248
20250620,002554.SZ,0.20528827244005476
20250620,002476.SZ,0.17585883078129666
20250623,600876.SH,0.1885851941515788
20250623,600288.SH,0.21062004539824639
20250623,601908.SH,0.1555401121279361
20250623,600604.SH,0.16418190651572503
20250623,603069.SH,0.15509965020045563
20250623,601121.SH,0.20297062850427497
20250623,603002.SH,0.20260214273138313
20250623,603065.SH,0.1715740141952423
20250623,603823.SH,0.1564398546169607
20250623,002057.SZ,0.18774888126650768
20250623,002365.SZ,0.2053125189789863
20250623,002807.SZ,0.15542541327413564
20250623,002374.SZ,0.26103140757670795
20250623,002685.SZ,0.2025064803759242
20250623,002104.SZ,0.20271841980185037
20250623,002229.SZ,0.15158272544343265
20250623,002097.SZ,0.19734446279832416
20250623,002457.SZ,0.15344278461458663
20250623,002383.SZ,0.17362752048605837
20250623,002579.SZ,0.19149945723933434
20250624,603936.SH,0.1812188392736581
20250624,600478.SH,0.18313418450870306
20250624,603123.SH,0.16745293441455367
20250624,603212.SH,0.17549129544877187
20250624,600794.SH,0.17415268407426962
20250624,600326.SH,0.17503849585957337
20250624,600798.SH,0.2145463456534944
20250624,603758.SH,0.15075114294820793
20250624,603823.SH,0.20039681153712427
20250624,600110.SH,0.21377328710963958
20250624,002057.SZ,0.14926523069824746
20250624,002413.SZ,0.15179869557150516
20250624,002676.SZ,0.15823675862328457
20250624,002141.SZ,0.14702453034187365
20250624,003040.SZ,0.14953002559977693
20250624,002235.SZ,0.14828600089183772
20250624,002490.SZ,0.1508829563744549
20250624,002104.SZ,0.2286829914406349
20250624,002263.SZ,0.17383450109267842
20250624,002579.SZ,0.19383716011042598
20250625,601519.SH,0.17639029794903924
20250625,603527.SH,0.14528538720812753
20250625,600643.SH,0.15586398215956554
20250625,600604.SH,0.137668493437761
20250625,603123.SH,0.18387076454633008
20250625,600666.SH,0.20680800008874758
20250625,603399.SH,0.14159231845830686
20250625,600326.SH,0.1670024352233354
20250625,603037.SH,0.12582725170782763
20250625,601311.SH,0.1294847431444068
20250625,603106.SH,0.14255571148287377
20250625,002160.SZ,0.13016672308814686
20250625,002426.SZ,0.19294711458403416
20250625,002051.SZ,0.1784351001487237
20250625,002562.SZ,0.17187089044240236
20250625,000690.SZ,0.13992291540949525
20250625,002104.SZ,0.20844430046259824
20250625,002987.SZ,0.17767036040766884
20250625,002626.SZ,0.13383577394150345
20250625,000561.SZ,0.12032292095451173
20250626,600698.SH,0.13420928013552882
20250626,603212.SH,0.14345404692822109
20250626,600716.SH,0.16606936776451178
20250626,603316.SH,0.132929642158648
20250626,600731.SH,0.12031245546008949
20250626,603106.SH,0.1477564308558936
20250626,600110.SH,0.15101251711644695
20250626,002609.SZ,0.15282008594980073
20250626,002057.SZ,0.1488332492890144
20250626,000563.SZ,0.1816252709628378
20250626,002676.SZ,0.1496598694716067
20250626,002446.SZ,0.12015376744848333
20250626,000892.SZ,0.16334849743685284
20250626,000690.SZ,0.2114099841634738
20250626,002846.SZ,0.16484806492897378
20250626,000555.SZ,0.12189133364360889
20250626,002425.SZ,0.14437526689865085
20250626,002177.SZ,0.14644731065336383
20250626,002355.SZ,0.15576165879765097
20250626,002073.SZ,0.1666486328381808
20250627,601890.SH,0.12191405679405622
20250627,600152.SH,0.13115672264918057
20250627,603123.SH,0.1876645796342416
20250627,600067.SH,0.14530375920764138
20250627,603155.SH,0.13275180731071065
20250627,600589.SH,0.12376002473888498
20250627,600867.SH,0.1294724451021214
20250627,000850.SZ,0.1229137221333952
20250627,002178.SZ,0.11971647055984765
20250627,000576.SZ,0.13318117213333047
20250627,002309.SZ,0.1377726927159069
20250627,000892.SZ,0.14723598155414647
20250627,002235.SZ,0.17340602425656734
20250627,002115.SZ,0.12050496210814511
20250627,000607.SZ,0.18244554321769507
20250627,002596.SZ,0.12292538592394667
20250627,002638.SZ,0.12287342985206498
20250627,000561.SZ,0.19274431548901358
20250627,000652.SZ,0.1767883967343091
20250627,002579.SZ,0.12943393680289825
20250630,600880.SH,0.12187052602882552
20250630,600643.SH,0.19767030238437078
20250630,600178.SH,0.14042295857337597
20250630,603928.SH,0.13205124772754867
20250630,600698.SH,0.14893712121692365
20250630,600960.SH,0.1751090710199034
20250630,600496.SH,0.1510014654248284
20250630,603123.SH,0.13336460162856492
20250630,600052.SH,0.1179085806812852
20250630,600416.SH,0.15475365740188815
20250630,601886.SH,0.14938587046466562
20250630,600375.SH,0.17138464779193494
20250630,600589.SH,0.14234166004297918
20250630,002309.SZ,0.19987614207061621
20250630,000892.SZ,0.12064871359366079
20250630,002104.SZ,0.19820611712451738
20250630,002846.SZ,0.1902937028584134
20250630,002987.SZ,0.15961657241842678
20250630,002724.SZ,0.13842577935769287
20250630,000572.SZ,0.1277303468699217
20250701,600288.SH,0.09941185352758819
20250701,600880.SH,0.13150143199113948
20250701,600643.SH,0.19684199117623266
20250701,600960.SH,0.17880513738451495
20250701,603633.SH,0.09920520069722023
20250701,600496.SH,0.13112413272636025
20250701,600416.SH,0.14482797506494355
20250701,600507.SH,0.1125777706457119
20250701,601886.SH,0.13394138946525938
20250701,600684.SH,0.10883070836273694
20250701,000823.SZ,0.11826995689610224
20250701,002386.SZ,0.10862422082634585
20250701,002309.SZ,0.16099434057280057
20250701,002235.SZ,0.19398439503869966
20250701,002539.SZ,0.11597231932533342
20250701,002104.SZ,0.14309480560439966
20250701,002416.SZ,0.10737694954021351
20250701,002177.SZ,0.09996282913353716
20250701,002798.SZ,0.1385143755660467
20250701,002383.SZ,0.11368023631381212
20250702,600531.SH,0.10070866520785361
20250702,603928.SH,0.15167440157275347
20250702,600698.SH,0.17142506063562457
20250702,603212.SH,0.13230514915958072
20250702,600397.SH,0.1132056317225657
20250702,600416.SH,0.18826132488677708
20250702,600379.SH,0.12598368090055706
20250702,603669.SH,0.12927792340120342
20250702,002197.SZ,0.11473144627935529
20250702,002235.SZ,0.10628529069007749
20250702,002685.SZ,0.1605271541025863
20250702,002170.SZ,0.10723593460724892
20250702,000751.SZ,0.12108458443833212
20250702,000553.SZ,0.1008596842605576
20250702,002416.SZ,0.10440908187136777
20250702,002286.SZ,0.12628357725612138
20250702,002052.SZ,0.1686029667474188
20250702,002177.SZ,0.12119672685889439
20250702,000572.SZ,0.11153829280359102
20250702,002366.SZ,0.15172988871591528
20250703,600586.SH,0.1723290690725018
20250703,603601.SH,0.13643671735432034
20250703,600698.SH,0.18463223223347064
20250703,605006.SH,0.1198304347926849
20250703,600496.SH,0.11230685415843182
20250703,600397.SH,0.15621772609540663
20250703,600507.SH,0.22648197288551686
20250703,600268.SH,0.12103749056546285
20250703,600293.SH,0.11635106073745928
20250703,600744.SH,0.18269890275813283
20250703,600237.SH,0.12396524504985439
20250703,603113.SH,0.1636524687149624
20250703,603823.SH,0.1299475086823644
20250703,002413.SZ,0.12258645496972875
20250703,002218.SZ,0.1197367499155297
20250703,000803.SZ,0.12200218745277622
20250703,000751.SZ,0.13406619229680997
20250703,000078.SZ,0.1406170616715577
20250703,002366.SZ,0.16869809871369937
20250703,002579.SZ,0.17533211734904455
20250704,600880.SH,0.15737252272894425
20250704,600267.SH,0.13014324750929246
20250704,600475.SH,0.1324652771884565
20250704,605006.SH,0.1128360970145454
20250704,600191.SH,0.14072975893458256
20250704,600751.SH,0.10065445781496633
20250704,600908.SH,0.11006715434183652
20250704,600192.SH,0.10783465435598028
20250704,600396.SH,0.15867665778441595
20250704,601218.SH,0.1271491935255747
20250704,002201.SZ,0.11809583213111786
20250704,002550.SZ,0.10972278325610871
20250704,002676.SZ,0.19899313747121758
20250704,000823.SZ,0.1518016825359109
20250704,002412.SZ,0.11762617604960485
20250704,002958.SZ,0.12447314674949224
20250704,000558.SZ,0.10116448004888069
20250704,002104.SZ,0.12814134659447718
20250704,002515.SZ,0.1262948002059325
20250704,002672.SZ,0.10396844255107297
20250707,601519.SH,0.13285091962411677
20250707,600698.SH,0.19372669823543062
20250707,600057.SH,0.11215923556068504
20250707,605006.SH,0.10388160016293559
20250707,601515.SH,0.09529410433533045
20250707,600191.SH,0.11781819107588387
20250707,600496.SH,0.10933767828148251
20250707,600751.SH,0.14193570834535554
20250707,600744.SH,0.09518825279904052
20250707,600192.SH,0.18710217982880456
20250707,600396.SH,0.09372403921768306
20250707,603608.SH,0.10067606940602071
20250707,601002.SH,0.1253251073507697
20250707,002081.SZ,0.1271019535294218
20250707,000670.SZ,0.14878160412317482
20250707,000989.SZ,0.09286712831740752
20250707,002370.SZ,0.10951600219510403
20250707,002562.SZ,0.19237003343573383
20250707,002093.SZ,0.1160780053972403
20250707,002366.SZ,0.11264170584474732
20250708,601519.SH,0.18814289792282515
20250708,603601.SH,0.17807874191981293
20250708,600698.SH,0.1396076839085037
20250708,600121.SH,0.12653572239434888
20250708,600983.SH,0.16587012163873419
20250708,603535.SH,0.1329511080439524
20250708,600681.SH,0.12586551565271106
20250708,603676.SH,0.13764601090891027
20250708,600481.SH,0.15674422258827775
20250708,603002.SH,0.1769636488952789
20250708,600589.SH,0.16452685022976943
20250708,002201.SZ,0.13562523498720555
20250708,002153.SZ,0.15206355751282338
20250708,000796.SZ,0.13972042464823184
20250708,000823.SZ,0.12653174333953432
20250708,002958.SZ,0.14247202457078828
20250708,000803.SZ,0.1709786440965288
20250708,002104.SZ,0.21804500155222437
20250708,002052.SZ,0.17540217137841696
20250708,000014.SZ,0.12426475087343501
20250709,603601.SH,0.1471680021037487
20250709,600698.SH,0.17494213533735678
20250709,600063.SH,0.141137890276425
20250709,600267.SH,0.13872790195373755
20250709,600571.SH,0.13037817869149243
20250709,600052.SH,0.12555047584923654
20250709,601886.SH,0.149791549917097
20250709,600481.SH,0.1547125676594333
20250709,600396.SH,0.13995414404115167
20250709,603086.SH,0.1580338676254087
20250709,000010.SZ,0.12441009141936561
20250709,002121.SZ,0.16405080222470375
20250709,002562.SZ,0.16277652139981488
20250709,002539.SZ,0.12559793741243772
20250709,000690.SZ,0.15460202414139482
20250709,002170.SZ,0.12637027823385474
20250709,002104.SZ,0.18650956859488793
20250709,000514.SZ,0.1468373465810732
20250709,002640.SZ,0.14198620113933386
20250709,002052.SZ,0.1329211178376059
20250710,600880.SH,0.09622146957796733
20250710,600121.SH,0.11976221106698048
20250710,600267.SH,0.13415255371355586
20250710,605006.SH,0.17193011757479865
20250710,600571.SH,0.11676743771365103
20250710,600067.SH,0.13166087413521435
20250710,600318.SH,0.11554070514137886
20250710,603328.SH,0.12669145957035427
20250710,600744.SH,0.13401124099582365
20250710,600327.SH,0.10127363814633268
20250710,600353.SH,0.11053288997398991
20250710,003015.SZ,0.10403065835193659
20250710,002628.SZ,0.13965231545166054
20250710,002562.SZ,0.09994373529352225
20250710,002324.SZ,0.09684097598152416
20250710,002807.SZ,0.09407504336325599
20250710,002104.SZ,0.20629393795075415
20250710,000514.SZ,0.09678981954055639
20250710,002382.SZ,0.12889352910547472
20250710,002640.SZ,0.09857066472580868
20250711,601678.SH,0.10857580017110147
20250711,600121.SH,0.10708992506968422
20250711,601015.SH,0.11193372081308825
20250711,601375.SH,0.10165314485253087
20250711,600226.SH,0.10713838662240745
20250711,600446.SH,0.16546259317212508
20250711,600408.SH,0.14423954486627244
20250711,601886.SH,0.17641022933533898
20250711,600744.SH,0.1915016090431415
20250711,600326.SH,0.11125877642854724
20250711,600635.SH,0.1069650332861172
20250711,600638.SH,0.1084285290315184
20250711,002550.SZ,0.10324560551477964
20250711,002344.SZ,0.10433096155221203
20250711,002356.SZ,0.10041186393940467
20250711,000751.SZ,0.11164756856649774
20250711,002640.SZ,0.14781077968589512
20250711,000723.SZ,0.14500494961737345
20250711,002546.SZ,0.11039717978483975
20250711,002375.SZ,0.1008720820756507
20250714,605366.SH,0.12420061924235923
20250714,600267.SH,0.1367288803374533
20250714,603456.SH,0.10746620573163172
20250714,600594.SH,0.09077701827183478
20250714,600864.SH,0.11479245211126761
20250714,600678.SH,0.1356024801867052
20250714,600866.SH,0.09449361696007542
20250714,600812.SH,0.10316854324748205
20250714,600507.SH,0.09675163262735426
20250714,601886.SH,0.10815274429580711
20250714,600744.SH,0.20702747223384968
20250714,600353.SH,0.10631721168350997
20250714,601636.SH,0.1032361516365365
20250714,002107.SZ,0.1782858505936031
20250714,000010.SZ,0.09878024564525352
20250714,002121.SZ,0.18262954114528354
20250714,003040.SZ,0.11665549458309489
20250714,002370.SZ,0.09058350043361553
20250714,002564.SZ,0.10212786088940702
20250714,002104.SZ,0.10208177386134434
20250715,600288.SH,0.10076072038221881
20250715,605162.SH,0.16002691611168432
20250715,601512.SH,0.10870058585320448
20250715,600173.SH,0.14790158459406672
20250715,600822.SH,0.10918978926867608
20250715,601339.SH,0.09680364044338158
20250715,600678.SH,0.12304192197344795
20250715,603918.SH,0.10149751951703212
20250715,600744.SH,0.13799382333570334
20250715,600326.SH,0.10267147269767658
20250715,600366.SH,0.10664076960566
20250715,601636.SH,0.10904234637432131
20250715,002121.SZ,0.1063457430406577
20250715,002511.SZ,0.0975260804602851
20250715,003040.SZ,0.16403465387933616
20250715,002587.SZ,0.12410588003261765
20250715,000514.SZ,0.09859639741273642
20250715,002110.SZ,0.11815698380508592
20250715,000600.SZ,0.10212224369067793
20250715,002225.SZ,0.14145923222374973
20250716,605162.SH,0.12545398088133733
20250716,600604.SH,0.17920276583412817
20250716,600201.SH,0.16137130245304182
20250716,600830.SH,0.12268630743073226
20250716,603001.SH,0.2380703516910004
20250716,600179.SH,0.1499023657680508
20250716,600496.SH,0.17356236110843384
20250716,600507.SH,0.20496246962973966
20250716,600268.SH,0.15128955589693316
20250716,603628.SH,0.12146697141308889
20250716,603608.SH,0.1759487544023742
20250716,002511.SZ,0.18264717773310332
20250716,000726.SZ,0.1698082376405658
20250716,002454.SZ,0.13203688516102471
20250716,003040.SZ,0.21905216692282792
20250716,002370.SZ,0.17751590604346587
20250716,002755.SZ,0.14563892853181343
20250716,002104.SZ,0.12467509757304922
20250716,002798.SZ,0.14500789103899758
20250716,000506.SZ,0.16823359520831027
20250717,600604.SH,0.20618834592994037
20250717,605500.SH,0.17531164061753415
20250717,600267.SH,0.1441065994762296
20250717,600380.SH,0.1706164337587788
20250717,600507.SH,0.12888715294564104
20250717,603809.SH,0.1686674899714687
20250717,600268.SH,0.12365123020721987
20250717,600195.SH,0.14918937820327866
20250717,603811.SH,0.16725837900984142
20250717,601636.SH,0.1373834496100009
20250717,600589.SH,0.21074242709211158
20250717,002774.SZ,0.16162511909837005
20250717,002394.SZ,0.12667420865678597
20250717,002370.SZ,0.17180201686508956
20250717,002174.SZ,0.13634040772339315
20250717,002728.SZ,0.12495510363602952
20250717,002596.SZ,0.14356520226646513
20250717,000756.SZ,0.16185249225123013
20250717,000572.SZ,0.15220721883767266
20250717,000506.SZ,0.14365189822559013
20250718,603300.SH,0.1408855043687356
20250718,600201.SH,0.15813524842724597
20250718,600822.SH,0.22864217955143007
20250718,603001.SH,0.14493623040711737
20250718,603336.SH,0.14383737969462454
20250718,600507.SH,0.15816761296942575
20250718,603166.SH,0.1514782657583467
20250718,600619.SH,0.14352907579779736
20250718,600326.SH,0.16813897494880758
20250718,601636.SH,0.19336966608720302
20250718,002550.SZ,0.17698166364059462
20250718,002643.SZ,0.1728695296574103
20250718,002010.SZ,0.18420789200423876
20250718,000989.SZ,0.15436002845778693
20250718,002174.SZ,0.1480444984737774
20250718,002020.SZ,0.172861027315039
20250718,002320.SZ,0.1585350054129167
20250718,002596.SZ,0.18725094006012774
20250718,000572.SZ,0.22182222114472797
20250718,002437.SZ,0.17033398883413778
20250721,600212.SH,0.10891863242832041
20250721,600623.SH,0.10364010591493253
20250721,600751.SH,0.10427123112521713
20250721,600619.SH,0.0996877443907032
20250721,603669.SH,0.09047459235404222
20250721,600620.SH,0.12067255679876827
20250721,601011.SH,0.12087236135420638
20250721,002392.SZ,0.09798461026916842
20250721,002550.SZ,0.17655612366023193
20250721,002178.SZ,0.09248026108110338
20250721,000576.SZ,0.10967971479149428
20250721,002611.SZ,0.11571733681234105
20250721,000989.SZ,0.09639847073289227
20250721,002370.SZ,0.20473418027369517
20250721,000796.SZ,0.09388629382871312
20250721,002755.SZ,0.09009069286701918
20250721,000751.SZ,0.14510553960723307
20250721,002596.SZ,0.14476951356704668
20250721,002373.SZ,0.10468133889884862
20250721,000597.SZ,0.09667258758452264
20250722,603367.SH,0.10630403416295296
20250722,600351.SH,0.09839610740930999
20250722,600623.SH,0.09910310334601245
20250722,600496.SH,0.12501119531781638
20250722,600596.SH,0.14022882979612863
20250722,600792.SH,0.10069667840298414
20250722,600507.SH,0.09393266678444638
20250722,600481.SH,0.0997524179873749
20250722,600075.SH,0.11414741445345081
20250722,603213.SH,0.09511658440696895
20250722,600826.SH,0.15331040199650972
20250722,000758.SZ,0.10614254987792093
20250722,002233.SZ,0.18664675006139994
20250722,002167.SZ,0.11439831413099084
20250722,002386.SZ,0.10507754102732562
20250722,002578.SZ,0.15810365598036047
20250722,000612.SZ,0.14159997944035152
20250722,000059.SZ,0.15981835151481324
20250722,002110.SZ,0.1205392119338869
20250722,000597.SZ,0.09436967508716526
20250723,600351.SH,0.1274237418793796
20250723,603980.SH,0.11081269126813609
20250723,600623.SH,0.11282192910544743
20250723,601388.SH,0.12024645749446641
20250723,600405.SH,0.16683254530707908
20250723,600248.SH,0.13566434955184206
20250723,600425.SH,0.17539061982923806
20250723,600619.SH,0.1577980628704673
20250723,600888.SH,0.1159608608742068
20250723,601636.SH,0.12985636856562524
20250723,603213.SH,0.1266926997011962
20250723,002392.SZ,0.13187709578278153
20250723,000576.SZ,0.15317131473329632
20250723,002643.SZ,0.12235290855371452
20250723,002167.SZ,0.15426827764562218
20250723,002370.SZ,0.11938927266628595
20250723,002401.SZ,0.16367925681919457
20250723,000612.SZ,0.13709066165031827
20250723,002382.SZ,0.11718778557942632
20250723,002225.SZ,0.1895953604298216
20250724,603300.SH,0.13653184829816395
20250724,601678.SH,0.12246656775952232
20250724,603367.SH,0.12563106803561438
20250724,600782.SH,0.1354673338715442
20250724,600531.SH,0.1779704919237363
20250724,600650.SH,0.13622933978654653
20250724,600537.SH,0.1291934407123905
20250724,603980.SH,0.13780755134116127
20250724,601388.SH,0.1279995644077694
20250724,600864.SH,0.12701598302441083
20250724,600293.SH,0.14194277347002368
20250724,603966.SH,0.21219047825239082
20250724,601636.SH,0.16125877642854727
20250724,002392.SZ,0.1340048369618599
20250724,002643.SZ,0.1732188740705963
20250724,002167.SZ,0.1528013779519375
20250724,000751.SZ,0.14943229843285635
20250724,000970.SZ,0.1355555320963073
20250724,002096.SZ,0.15270060622332848
20250724,002225.SZ,0.14892829094002924
20250725,600288.SH,0.16349182461102585
20250725,600782.SH,0.14964694050050747
20250725,600063.SH,0.1399857931530941
20250725,603299.SH,0.11251728727909142
20250725,600864.SH,0.1313695817571616
20250725,603336.SH,0.13075052803757337
20250725,600405.SH,0.17196847583139638
20250725,600619.SH,0.18310331568811614
20250725,600366.SH,0.13874620991135408
20250725,601636.SH,0.12452006314434404
20250725,002637.SZ,0.12336590809000528
20250725,002153.SZ,0.13748477190896688
20250725,002167.SZ,0.18139975923995036
20250725,002370.SZ,0.16728995131564123
20250725,000753.SZ,0.11347643974632385
20250725,002161.SZ,0.12464976464182573
20250725,002408.SZ,0.11920690296957277
20250725,000597.SZ,0.12212638610928042
20250725,002225.SZ,0.16690172415931998
20250725,000813.SZ,0.20156191620979075
20250728,603367.SH,0.13550618877690027
20250728,600178.SH,0.14667712636727945
20250728,600651.SH,0.19492138533256914
20250728,603116.SH,0.19409016324637648
20250728,600596.SH,0.14897930790355368
20250728,600405.SH,0.15839676702703487
20250728,600730.SH,0.15594789092042574
20250728,600619.SH,0.2481710348411757
20250728,600326.SH,0.21901933026152376
20250728,600203.SH,0.1244245153018258
20250728,600731.SH,0.11846058754272341
20250728,000680.SZ,0.1608763536469066
20250728,002637.SZ,0.14688434341244888
20250728,002037.SZ,0.1818566591422122
20250728,000701.SZ,0.12149930608906886
20250728,002492.SZ,0.15220785669877873
20250728,002408.SZ,0.24073897782272868
20250728,000970.SZ,0.12605535790712882
20250728,000597.SZ,0.16007786257983617
20250728,002225.SZ,0.17639518340849272
20250729,600178.SH,0.16367900564051216
20250729,600158.SH,0.13337887608411553
20250729,600698.SH,0.1132942401149601
20250729,600551.SH,0.11999018426427244
20250729,600446.SH,0.15992311478470445
20250729,600596.SH,0.14890864293917638
20250729,600666.SH,0.12740273369654387
20250729,600730.SH,0.1686837579275503
20250729,600326.SH,0.19522511131100895
20250729,600203.SH,0.1519940935861098
20250729,000680.SZ,0.17750821749633683
20250729,002037.SZ,0.1352588582064643
20250729,002564.SZ,0.1777405703875943
20250729,002401.SZ,0.13307744530626794
20250729,000558.SZ,0.13567324066373615
20250729,002110.SZ,0.13217898018183155
20250729,002012.SZ,0.18848735835073013
20250729,002515.SZ,0.12447062916885897
20250729,002697.SZ,0.12482871965466714
20250729,000813.SZ,0.13010802966784912
20250730,600782.SH,0.17010333395565666
20250730,600158.SH,0.17146152627618713
20250730,603456.SH,0.15939006658859342
20250730,600651.SH,0.19233045933117224
20250730,603998.SH,0.15698993533495145
20250730,600666.SH,0.1476652692679781
20250730,600730.SH,0.14529747053864916
20250730,600326.SH,0.19097433199250954
20250730,603669.SH,0.1742848090881833
20250730,600684.SH,0.1901876021883151
20250730,002774.SZ,0.17525591631448828
20250730,002570.SZ,0.18378805365558373
20250730,002037.SZ,0.19047887778136088
20250730,002174.SZ,0.18161427835955582
20250730,002644.SZ,0.18379662474470607
20250730,000558.SZ,0.15383421872966846
20250730,002038.SZ,0.1991644461039733
20250730,002320.SZ,0.16582254168151764
20250730,002437.SZ,0.19462321152769055
20250730,000813.SZ,0.19146579767703695
20250731,603229.SH,0.14127799747676192
20250731,600351.SH,0.1402222259938786
20250731,600721.SH,0.15018225586539716
20250731,600594.SH,0.14951042957280342
20250731,600666.SH,0.13759296661518364
20250731,600730.SH,0.1779667566206714
20250731,600326.SH,0.15233037446890368
20250731,600572.SH,0.13529379317367915
20250731,600216.SH,0.1697290913514034
20250731,002695.SZ,0.1384499906651505
20250731,002611.SZ,0.16916970756462266
20250731,002370.SZ,0.2345420266241224
20250731,000796.SZ,0.16138475421058293
20250731,000919.SZ,0.14432104527684905
20250731,002644.SZ,0.17829310861804631
20250731,002161.SZ,0.17909700888790828
20250731,002097.SZ,0.14036988634113504
20250731,002110.SZ,0.22341680951815207
20250731,002515.SZ,0.1527063708933734
20250731,000798.SZ,0.19096686411287817
20250801,603367.SH,0.21311809433289772
20250801,600351.SH,0.18078822903760536
20250801,600222.SH,0.14394728355878414
20250801,600730.SH,0.17582480467534534
20250801,600481.SH,0.17273881656737783
20250801,600326.SH,0.26289145550105514
20250801,600579.SH,0.170250824578376
20250801,600684.SH,0.17664100997414536
20250801,001318.SZ,0.15889421635352494
20250801,002706.SZ,0.1539272277759863
20250801,002570.SZ,0.18044575320920817
20250801,002370.SZ,0.19447340133629792
20250801,002412.SZ,0.15334280961998684
20250801,002564.SZ,0.23503120102739924
20250801,000558.SZ,0.1998495391978819
20250801,002793.SZ,0.2564237625666877
20250801,002437.SZ,0.19605229212987327
20250801,002480.SZ,0.14859804703632673
20250801,002225.SZ,0.15386748473893538
20250801,000813.SZ,0.21709061027286056
20250804,603229.SH,0.14340589057293354
20250804,600351.SH,0.1694307156152232
20250804,600106.SH,0.13520774283338147
20250804,600594.SH,0.130781496630968
20250804,603060.SH,0.164137120453504
20250804,600666.SH,0.20458244935136946
20250804,600481.SH,0.15107913689415417
20250804,603488.SH,0.12701644065015816
20250804,002107.SZ,0.15712633728791509
20250804,000010.SZ,0.14295928874104002
20250804,002413.SZ,0.13676075063505266
20250804,000576.SZ,0.15072432774939612
20250804,002755.SZ,0.15641004316660728
20250804,002685.SZ,0.12837881950926985
20250804,002026.SZ,0.14836973924653626
20250804,002589.SZ,0.12931244590030383
20250804,002437.SZ,0.2246916105161324
20250804,002795.SZ,0.13363004011156565
20250804,002480.SZ,0.1298996927985879
20250804,002815.SZ,0.14505946016282245
20250805,600255.SH,0.1296749209366532
20250805,601339.SH,0.1283857499278671
20250805,600775.SH,0.14701621435077544
20250805,601515.SH,0.22127163280662154
20250805,603633.SH,0.12621423762566691
20250805,600651.SH,0.22349137516477433
20250805,600037.SH,0.13370715162624397
20250805,600416.SH,0.2079427123112522
20250805,600748.SH,0.145073321000017
20250805,002121.SZ,0.19830199086881992
20250805,002370.SZ,0.1648773740219624
20250805,002734.SZ,0.1337572203646815
20250805,000801.SZ,0.14072282851598525
20250805,002685.SZ,0.2189023631313046
20250805,002688.SZ,0.1431315874335953
20250805,002026.SZ,0.18697075646226183
20250805,002075.SZ,0.2257462787895246
20250805,002012.SZ,0.1881880208421732
20250805,002515.SZ,0.13505991276158796
20250805,000533.SZ,0.18283100527843313
20250806,600255.SH,0.1500160955435994
20250806,600676.SH,0.16987867524341335
20250806,603181.SH,0.1606853759681371
20250806,600510.SH,0.14360031003015444
20250806,600775.SH,0.14621757554156276
20250806,603633.SH,0.16217419960737062
20250806,600037.SH,0.1488424220822938
20250806,600751.SH,0.13540442528443006
20250806,600619.SH,0.16638062424684744
20250806,600748.SH,0.24450760083051878
20250806,000010.SZ,0.20476696821059429
20250806,002706.SZ,0.2185254615093038
20250806,000576.SZ,0.1494033899647539
20250806,002418.SZ,0.16314482594748728
20250806,002446.SZ,0.14310938180666113
20250806,002564.SZ,0.1580287626515499
20250806,002020.SZ,0.13807634209677697
20250806,002097.SZ,0.17299841024683613
20250806,002519.SZ,0.14010237218327992
20250806,002515.SZ,0.1503182052195953
20250807,600255.SH,0.15246208070967487
20250807,600676.SH,0.15536519062894258
20250807,603001.SH,0.17458858772212701
20250807,600775.SH,0.15656542598030065
20250807,600651.SH,0.14150025175806336
20250807,600416.SH,0.13594174488139085
20250807,600751.SH,0.1575828397178047
20250807,600619.SH,0.16438865221745114
20250807,603811.SH,0.19012163591823808
20250807,603712.SH,0.12462906702421975
20250807,002695.SZ,0.13957896999835936
20250807,000576.SZ,0.1479847757090243
20250807,002042.SZ,0.13037842914283457
20250807,002345.SZ,0.12593823724095796
20250807,002734.SZ,0.13816454228121094
20250807,002446.SZ,0.12607319653535648
20250807,002434.SZ,0.17681772150466465
20250807,000890.SZ,0.20269516907392637
20250807,002688.SZ,0.18531469757916239
20250807,002373.SZ,0.1269388765367143
20250808,603367.SH,0.12961101964844396
20250808,600676.SH,0.19456864508902058
20250808,600510.SH,0.1990009447999231
20250808,600203.SH,0.17649244442935785
20250808,603712.SH,0.1303662372635879
20250808,600626.SH,0.13089484433431212
20250808,002121.SZ,0.16326637700345675
20250808,002676.SZ,0.17874632970688573
20250808,000576.SZ,0.13608810400719634
20250808,000670.SZ,0.17408608994268973
20250808,002215.SZ,0.14626280713069362
20250808,002734.SZ,0.1753685568322613
20250808,000536.SZ,0.12618289516115347
20250808,002492.SZ,0.17888222248623822
20250808,002685.SZ,0.1361157125318941
20250808,002248.SZ,0.14611480733436305
20250808,002075.SZ,0.12935433957353884
20250808,002012.SZ,0.15930961715801925
20250808,000970.SZ,0.15599546269737555
20250808,002674.SZ,0.13440262620433704
20250811,600255.SH,0.1489263225784552
20250811,600452.SH,0.1686458244935137
20250811,600172.SH,0.16048832578059147
20250811,600651.SH,0.2043172547621877
20250811,600877.SH,0.1339093784121704
20250811,603336.SH,0.1739832651606443
20250811,600619.SH,0.16638803555163306
20250811,603811.SH,0.18864061960771009
20250811,600748.SH,0.14641697358520459
20250811,000010.SZ,0.16278155886329826
20250811,002676.SZ,0.1466518723445182
20250811,002774.SZ,0.15262993827684337
20250811,002418.SZ,0.14996200999111778
20250811,002215.SZ,0.19225128283462614
20250811,002174.SZ,0.153683814502396
20250811,002313.SZ,0.24424342458855947
20250811,000501.SZ,0.16980314782441433
20250811,002075.SZ,0.15923855915182997
20250811,000889.SZ,0.2071794327805971
20250811,002674.SZ,0.1458921853165646
20250812,600255.SH,0.12322465305475883
20250812,600452.SH,0.12868296587971062
20250812,600172.SH,0.15047621876361333
20250812,600475.SH,0.20845547842518267
20250812,600877.SH,0.15525823588316165
20250812,600507.SH,0.1242017572147072
20250812,600425.SH,0.17667339907330407
20250812,600619.SH,0.18477404006630577
20250812,600888.SH,0.1245810915550728
20250812,603126.SH,0.18469166709097803
20250812,600203.SH,0.19086426563021555
20250812,603113.SH,0.1232686965721301
20250812,603610.SH,0.13092689398439666
20250812,600841.SH,0.14939317820510647
20250812,000016.SZ,0.14248151416917013
20250812,002174.SZ,0.12635049814151636
20250812,002354.SZ,0.13373405296537058
20250812,002298.SZ,0.13920973426794986
20250812,000685.SZ,0.13383317209502318
20250812,002164.SZ,0.13414753022511136
20250813,600255.SH,0.1716471200574801
20250813,600246.SH,0.19108951837833868
20250813,600452.SH,0.199542648947425
20250813,600698.SH,0.1625167602980363
20250813,600106.SH,0.14917140480999339
20250813,600864.SH,0.15477177707247805
20250813,600666.SH,0.1604460926582823
20250813,600751.SH,0.1469906142330997
20250813,601609.SH,0.1693977890550304
20250813,600888.SH,0.1505923386343964
20250813,603912.SH,0.15852766792828574
20250813,600366.SH,0.1813526762730755
20250813,603610.SH,0.18930588321820355
20250813,002062.SZ,0.15315059658174787
20250813,002121.SZ,0.1488690122597691
20250813,002611.SZ,0.14484891687457926
20250813,002148.SZ,0.15289402965653417
20250813,002097.SZ,0.16935699859128636
20250813,002354.SZ,0.1470755047890607
20250813,002332.SZ,0.14364356149968605
20250814,601519.SH,0.144294964272985
20250814,603222.SH,0.181684629180174
20250814,600106.SH,0.18006879501236167
20250814,600775.SH,0.1776230078582461
20250814,600864.SH,0.17145496359408682
20250814,600751.SH,0.16717586856531852
20250814,600619.SH,0.20930339392499311
20250814,603912.SH,0.20358214950468725
20250814,600203.SH,0.23855835978207374
20250814,601002.SH,0.14747311280458486
20250814,002676.SZ,0.17788002738222533
20250814,002941.SZ,0.17463189576650434
20250814,002215.SZ,0.15222163761548343
20250814,002206.SZ,0.1545378966603869
20250814,002324.SZ,0.1790907573674593
20250814,002492.SZ,0.1516763692527029
20250814,002097.SZ,0.18506845556328744
20250814,002298.SZ,0.18153722341972314
20250814,000014.SZ,0.17386553290675902
20250814,002332.SZ,0.1929788353502266
20250815,601515.SH,0.17751059363985588
20250815,603036.SH,0.18848088053089837
20250815,600658.SH,0.27247786509162303
20250815,600353.SH,0.16257780455653814
20250815,600366.SH,0.2062353400431101
20250815,603002.SH,0.17210141606838772
20250815,600110.SH,0.17641912342934088
20250815,002413.SZ,0.21217417131994779
20250815,000700.SZ,0.26333975457831943
20250815,002611.SZ,0.18957085150800254
20250815,000989.SZ,0.16237676584237118
20250815,002562.SZ,0.18916472897820172
20250815,000068.SZ,0.16216676001516211
20250815,002492.SZ,0.2114467036666158
20250815,002148.SZ,0.1865326974320678
20250815,002097.SZ,0.19209055369801484
20250815,002026.SZ,0.1797363046442291
20250815,002298.SZ,0.20642257449492812
20250815,000970.SZ,0.1684535548804291
20250815,002171.SZ,0.15923969064874383
20250818,600255.SH,0.14905392714291374
20250818,601199.SH,0.1290769813925333
20250818,600106.SH,0.15302689568164204
20250818,605006.SH,0.12610524618544108
20250818,600775.SH,0.1795667781191127
20250818,603155.SH,0.1384282376369819
20250818,600751.SH,0.163117132560521
20250818,603458.SH,0.1763809919833444
20250818,600366.SH,0.20172038448265137
20250818,601311.SH,0.13421740015954112
20250818,600986.SH,0.12779991740072533
20250818,002062.SZ,0.125440265449176
20250818,002259.SZ,0.16664842127893104
20250818,002562.SZ,0.1681900575366181
20250818,000065.SZ,0.13624142183902196
20250818,002148.SZ,0.1630375317526322
20250818,000930.SZ,0.13761590771511178
20250818,000970.SZ,0.22299846682168176
20250818,000561.SZ,0.18277083793003962
20250818,002225.SZ,0.1235953314437335
20250819,603969.SH,0.1513991525088116
20250819,603936.SH,0.1319351425968986
20250819,601199.SH,0.2214387266133732
20250819,600076.SH,0.14075069162748866
20250819,600405.SH,0.12159640070831709
20250819,600318.SH,0.12795176428656294
20250819,600751.SH,0.1598800896145556
20250819,600619.SH,0.17321893899534396
20250819,600658.SH,0.18680145623652816
20250819,603002.SH,0.19848204031523506
20250819,603608.SH,0.11509020859145609
20250819,600682.SH,0.15440842512602052
20250819,002062.SZ,0.17912883223861012
20250819,002197.SZ,0.1328234242491104
20250819,000803.SZ,0.13123463285753892
20250819,002161.SZ,0.14656938621949908
20250819,000970.SZ,0.12517224211770964
20250819,002674.SZ,0.1657013017871994
20250819,002249.SZ,0.13720616439518665
20250819,002445.SZ,0.13766849403418255
20250820,603222.SH,0.19149314420226096
20250820,600510.SH,0.13631242131069474
20250820,600712.SH,0.1231166302031562
20250820,600651.SH,0.18837793902063218
20250820,600864.SH,0.14093727410533188
20250820,600361.SH,0.13620122464433
20250820,603336.SH,0.15998681124470732
20250820,600416.SH,0.12103791283193162
20250820,603328.SH,0.1355006140245226
20250820,601609.SH,0.198793737553108
20250820,603002.SH,0.17292216857041026
20250820,600480.SH,0.11125516313629406
20250820,603118.SH,0.12866713991865905
20250820,603608.SH,0.12853140493541232
20250820,002167.SZ,0.16364766453924798
20250820,002510.SZ,0.11641439678843007
20250820,002632.SZ,0.12263928692928168
20250820,002052.SZ,0.1998214301050841
20250820,000014.SZ,0.14092134087360153
20250820,002445.SZ,0.19213736938282508
20250821,603601.SH,0.11229088377815818
20250821,603222.SH,0.12396175879539477
20250821,600475.SH,0.11622772135402559
20250821,600712.SH,0.12352461101215058
20250821,603998.SH,0.1628588474299786
20250821,600596.SH,0.12627689759019106
20250821,603336.SH,0.1447252367640252
20250821,600397.SH,0.17265165015192396
20250821,601609.SH,0.09681352644577529
20250821,603101.SH,0.17241782009485357
20250821,600658.SH,0.22243234773135898
20250821,600800.SH,0.11426589962763528
20250821,002392.SZ,0.10099454446377305
20250821,002344.SZ,0.11712802490533768
20250821,002651.SZ,0.1726763083495407
20250821,002145.SZ,0.09454810816442505
20250821,000521.SZ,0.14718894919790165
20250821,002588.SZ,0.10943716659608448
20250821,002052.SZ,0.1863077511594265
20250821,002798.SZ,0.10436294576633053
20250822,603601.SH,0.13900993798510805
20250822,600959.SH,0.1239046233134306
20250822,600490.SH,0.15992331194463358
20250822,601515.SH,0.127662663416953
20250822,600712.SH,0.12008572384209183
20250822,600651.SH,0.18672536068338602
20250822,600397.SH,0.18066435244874682
20250822,600481.SH,0.13709337945819158
20250822,600156.SH,0.14730750451354804
20250822,603106.SH,0.15152026366127458
20250822,002023.SZ,0.1721488672829781
20250822,002511.SZ,0.14443852882294128
20250822,000650.SZ,0.1214451190597179
20250822,000670.SZ,0.12683389961004937
20250822,002651.SZ,0.14949191715861224
20250822,001330.SZ,0.12481718477637707
20250822,002145.SZ,0.13119050413708674
20250822,002987.SZ,0.16203466286265591
20250822,002052.SZ,0.16551337897969107
20250822,002674.SZ,0.1359043524017147
20250825,603229.SH,0.11237787782777951
20250825,601515.SH,0.1523103943464416
20250825,603187.SH,0.0916158662893738
20250825,600446.SH,0.1298768023944929
20250825,603339.SH,0.10649226831458967
20250825,603815.SH,0.11881242114028853
20250825,600156.SH,0.1285312944270165
20250825,600409.SH,0.0889888135000669
20250825,002303.SZ,0.1301667392767322
20250825,002310.SZ,0.11523283360703974
20250825,000670.SZ,0.15972048635145483
20250825,002191.SZ,0.09969191656559881
20250825,000753.SZ,0.17338812999072792
20250825,001330.SZ,0.1691581272730904
20250825,002987.SZ,0.08847682665351404
20250825,000555.SZ,0.1576143119466103
20250825,002186.SZ,0.1310084986835443
20250825,002177.SZ,0.08573688651310894
20250825,002164.SZ,0.15661886373375858
20250825,002277.SZ,0.12461888005866882
20250826,600094.SH,0.1413039608151713
20250826,603111.SH,0.15790045874020364
20250826,600490.SH,0.13074503150162392
20250826,600226.SH,0.1531144160306939
20250826,600284.SH,0.19320404183307685
20250826,600397.SH,0.1751657479388864
20250826,600416.SH,0.14935864019904535
20250826,000676.SZ,0.16212242365480187
20250826,002706.SZ,0.182900572912332
20250826,002537.SZ,0.14174263407437518
20250826,002953.SZ,0.13972880566547327
20250826,002446.SZ,0.18391911797634367
20250826,002571.SZ,0.13214892402822992
20250826,002191.SZ,0.16420068007735897
20250826,000753.SZ,0.13092722678763052
20250826,002539.SZ,0.1427032286889543
20250826,002685.SZ,0.18995637661902048
20250826,002425.SZ,0.14891903175082585
20250826,002194.SZ,0.1526208273410007
20250826,000682.SZ,0.20003578324908797
20250827,600490.SH,0.20686628640872493
20250827,600226.SH,0.14223606215626097
20250827,605138.SH,0.16585080158376855
20250827,600397.SH,0.1895529628655664
20250827,601886.SH,0.1589588774828093
20250827,600744.SH,0.18619780178096257
20250827,600526.SH,0.15558356067219373
20250827,600500.SH,0.16694124986853165
20250827,600929.SH,0.16312959427792473
20250827,603098.SH,0.13625840255742847
20250827,600409.SH,0.15466369543074965
20250827,000676.SZ,0.1556557461707521
20250827,002537.SZ,0.1672642042226511
20250827,002548.SZ,0.168477573628924
20250827,000758.SZ,0.151069683015911
20250827,000753.SZ,0.21339410783888116
20250827,002145.SZ,0.20617839712010863
20250827,002425.SZ,0.13481220712719003
20250827,000572.SZ,0.13504898700012297
20250827,002277.SZ,0.17555100466019957
20250828,600284.SH,0.1726139275955125
20250828,600179.SH,0.17514126738969324
20250828,603158.SH,0.13689019388199622
20250828,600744.SH,0.23660500008486232
20250828,600353.SH,0.18257435349095094
20250828,600058.SH,0.1717145572735451
20250828,600526.SH,0.16410665489909879
20250828,600500.SH,0.19618716656200322
20250828,600589.SH,0.19544394281414604
20250828,600409.SH,0.14031339635771148
20250828,002062.SZ,0.17720893656262557
20250828,002057.SZ,0.16137213801999362
20250828,000665.SZ,0.13613078972827106
20250828,000670.SZ,0.18476985352772454
20250828,000758.SZ,0.13984266535413026
20250828,002953.SZ,0.14672227973998203
20250828,002298.SZ,0.1675800109755201
20250828,002950.SZ,0.18109455353960527
20250828,000032.SZ,0.14312423270365537
20250828,002277.SZ,0.17006534394677444
20250829,600531.SH,0.15701304615941666
20250829,600545.SH,0.14030004469412816
20250829,600226.SH,0.16710466912201505
20250829,600284.SH,0.1263621242723061
20250829,600712.SH,0.1470537234734693
20250829,603633.SH,0.16932542982739016
20250829,600877.SH,0.13251039562789596
20250829,600397.SH,0.17345033011422467
20250829,600237.SH,0.1484704424718682
20250829,600210.SH,0.21491723100075247
20250829,603363.SH,0.20223838376980832
20250829,600058.SH,0.21568848758465012
20250829,000676.SZ,0.15991615607868434
20250829,000670.SZ,0.18081320683197843
20250829,002953.SZ,0.15159962547452155
20250829,003012.SZ,0.162211793592333
20250829,000796.SZ,0.1889459823373332
20250829,000839.SZ,0.161612411389648
20250829,000061.SZ,0.1578443003671708
20250829,002053.SZ,0.17524666632721767
20250901,603020.SH,0.13806850528780548
20250901,601333.SH,0.15266357176699813
20250901,603222.SH,0.1940391456864305
20250901,600478.SH,0.1447513994776438
20250901,600712.SH,0.15069124415992527
20250901,600651.SH,0.19239441071879299
20250901,600928.SH,0.168076539171503
20250901,600156.SH,0.1834989639475774
20250901,600210.SH,0.16285357634138112
20250901,603363.SH,0.14044428089997085
20250901,603610.SH,0.1419320756267999
20250901,603569.SH,0.15030438025289775
20250901,002953.SZ,0.15702000239454741
20250901,002692.SZ,0.21675022064189822
20250901,000796.SZ,0.20615930259846907
20250901,000753.SZ,0.14223135264116946
20250901,002425.SZ,0.15147754590384147
20250901,002277.SZ,0.2241966616444563
20250901,002815.SZ,0.17300214640193187
20250901,002251.SZ,0.13949574797433087
20250902,601333.SH,0.21160782763430383
20250902,603660.SH,0.21591347441395795
20250902,600226.SH,0.15606985819344524
20250902,600712.SH,0.18901525687263387
20250902,600730.SH,0.20482953283287095
20250902,600619.SH,0.166345121827114
20250902,600748.SH,0.1696510806886127
20250902,600210.SH,0.2569030311745804
20250902,603363.SH,0.17562393406685692
20250902,605188.SH,0.16495092609273468
20250902,600103.SH,0.14326994121873537
20250902,002062.SZ,0.19916200648415902
20250902,002426.SZ,0.15551194552305866
20250902,002637.SZ,0.16409645251179028
20250902,002669.SZ,0.16863338211720935
20250902,002446.SZ,0.14249112064613115
20250902,002530.SZ,0.14876399648049934
20250902,002627.SZ,0.17983643496404536
20250902,000572.SZ,0.17152369598218403
20250902,002654.SZ,0.15256672781521377
20250903,601333.SH,0.1696199867614861
20250903,600531.SH,0.22551681121539746
20250903,600545.SH,0.15661608875461797
20250903,600868.SH,0.14126243939419658
20250903,601326.SH,0.18408303490102237
20250903,603903.SH,0.14428534654921735
20250903,603111.SH,0.1467117851061062
20250903,600810.SH,0.1532182035223499
20250903,600928.SH,0.14634557612994112
20250903,600724.SH,0.23656995196795602
20250903,002310.SZ,0.1645369914628558
20250903,002392.SZ,0.14467995609791975
20250903,002642.SZ,0.16160720650384428
20250903,000407.SZ,0.1913849805099657
20250903,002846.SZ,0.22561267729142273
20250903,002248.SZ,0.15979534049570884
20250903,002627.SZ,0.14130141946287844
20250903,002256.SZ,0.1770963809071211
20250903,002561.SZ,0.14300969692855164
20250903,002526.SZ,0.1539959096386565
20250904,601333.SH,0.15484583354548903
20250904,600843.SH,0.20358424277397788
20250904,600545.SH,0.2325517518400969
20250904,603903.SH,0.15837873464700128
20250904,600496.SH,0.15355705856062282
20250904,600810.SH,0.21486153306516861
20250904,603815.SH,0.15669894261613407
20250904,600425.SH,0.18103741294545625
20250904,600250.SH,0.15128518248216483
20250904,601226.SH,0.17533067997307042
20250904,600748.SH,0.16840656947108182
20250904,603610.SH,0.16142186730935693
20250904,002467.SZ,0.1713843016118174
20250904,000796.SZ,0.20368256985579078
20250904,002115.SZ,0.1937193717929135
20250904,002807.SZ,0.15333353134529332
20250904,002374.SZ,0.20202011801512818
20250904,002547.SZ,0.15353264651470666
20250904,000572.SZ,0.18619746318391922
20250904,002786.SZ,0.2086247786509163
20250905,600865.SH,0.16763463398903583
20250905,603333.SH,0.20185480631601585
20250905,600478.SH,0.1782676782249077
20250905,601116.SH,0.1831984023263577
20250905,600721.SH,0.24660375543825708
20250905,600628.SH,0.17966858455393567
20250905,603817.SH,0.16622034770900165
20250905,603178.SH,0.17230098383656658
20250905,600730.SH,0.16332614832793046
20250905,603630.SH,0.17745226497394734
20250905,600110.SH,0.20047995270342903
20250905,002062.SZ,0.18969325118665742
20250905,002121.SZ,0.19255367538485044
20250905,002467.SZ,0.18487827921949343
20250905,002617.SZ,0.187028971978479
20250905,002167.SZ,0.19792514582166484
20250905,002530.SZ,0.2073601045503149
20250905,002846.SZ,0.1673816029916779
20250905,002067.SZ,0.2584537811798119
20250905,002263.SZ,0.1887896943261088
20250908,600158.SH,0.1872930350707469
20250908,601619.SH,0.15642364941699627
20250908,600376.SH,0.2084584486045815
20250908,601515.SH,0.15003284169792433
20250908,603815.SH,0.20683825817365087
20250908,600730.SH,0.1828906634532155
20250908,600481.SH,0.16145666083945762
20250908,600748.SH,0.1827433991298789
20250908,600724.SH,0.15988263548261172
20250908,603687.SH,0.17886946485853458
20250908,002062.SZ,0.22916959441493126
20250908,000837.SZ,0.15503289827277
20250908,002121.SZ,0.22071292791798916
20250908,002426.SZ,0.16176397540125712
20250908,000524.SZ,0.13926823265839547
20250908,000892.SZ,0.16863422665014685
20250908,002106.SZ,0.14085306381076848
20250908,002846.SZ,0.18980761723722403
20250908,002632.SZ,0.14451054272249472
20250908,002263.SZ,0.2333307026030087
20250909,600586.SH,0.20386838993646653
20250909,600158.SH,0.19859855620993797
20250909,600478.SH,0.17338204427547427
20250909,601226.SH,0.16840475907601965
20250909,600748.SH,0.23371512867948657
20250909,600210.SH,0.20476544068976055
20250909,601218.SH,0.16153309345598765
20250909,600103.SH,0.19304488648257218
20250909,600691.SH,0.1583817048264001
20250909,600110.SH,0.1570243045537094
20250909,000837.SZ,0.17145485044439546
20250909,002121.SZ,0.1600719066288747
20250909,002617.SZ,0.19908535446969575
20250909,002167.SZ,0.15281298619008024
20250909,002846.SZ,0.15605240527956465
20250909,002067.SZ,0.17992317135955013
20250909,002169.SZ,0.2092404261217378
20250909,002181.SZ,0.18071332394190903
20250909,002547.SZ,0.1919170669337
20250909,002073.SZ,0.1573696939866597
20250910,603878.SH,0.18097574636365185
20250910,603866.SH,0.1729920172892729
20250910,603222.SH,0.18293052043200558
20250910,600266.SH,0.18398128504104508
20250910,600928.SH,0.1984912054402372
20250910,600819.SH,0.1869727931567067
20250910,603101.SH,0.18793190651572503
20250910,601311.SH,0.1708907709454223
20250910,600110.SH,0.1732611155428074
20250910,000700.SZ,0.21352953489819357
20250910,000524.SZ,0.1880379843513977
20250910,000810.SZ,0.20908659911630098
20250910,002115.SZ,0.19522513959843182
20250910,002846.SZ,0.16845547842518266
20250910,002091.SZ,0.1723569929338018
20250910,000061.SZ,0.16590183132775513
20250910,002067.SZ,0.21860107379057128
20250910,002164.SZ,0.2213504415666707
20250910,002181.SZ,0.187555966666101
20250910,002251.SZ,0.17924087872050334
20250911,601333.SH,0.15563389285855725
20250911,600509.SH,0.14623313362412807
20250911,603222.SH,0.1831449390971787
20250911,600173.SH,0.16517648523113657
20250911,600510.SH,0.14321407355861443
20250911,600975.SH,0.14138056767200172
20250911,600751.SH,0.13408354407463358
20250911,600730.SH,0.21095136260515854
20250911,603101.SH,0.18167175840277902
20250911,600684.SH,0.1702190012276742
20250911,601086.SH,0.16300822598256368
20250911,002491.SZ,0.14871337485927005
20250911,002077.SZ,0.21114742273290452
20250911,002101.SZ,0.14222916206996047
20250911,002182.SZ,0.1720164406501582
20250911,002115.SZ,0.17021984985035962
20250911,002547.SZ,0.20284899607936324
20250911,002264.SZ,0.21916269228375682
20250911,002251.SZ,0.23675514972532916
20250911,002659.SZ,0.15062455800901808
20250912,600545.SH,0.1711179755257218
20250912,603878.SH,0.20600626849290274
20250912,600094.SH,0.14435711174097776
20250912,603936.SH,0.13559895789134235
20250912,600266.SH,0.13879552153521502
20250912,600376.SH,0.17590188790260078
20250912,600490.SH,0.14454689206085194
20250912,600063.SH,0.17590118071702965
20250912,600975.SH,0.14777635397749458
20250912,600052.SH,0.136014669857488
20250912,603328.SH,0.139356149968601
20250912,603363.SH,0.1760875099713166
20250912,002140.SZ,0.21773802451953816
20250912,002100.SZ,0.23472982682439736
20250912,002182.SZ,0.22115811537874033
20250912,000035.SZ,0.1573839508477741
20250912,002425.SZ,0.1424770164689376
20250912,002320.SZ,0.1407055731880492
20250912,000659.SZ,0.14252233292033697
20250912,002445.SZ,0.1575552594805298
20250915,600433.SH,0.14815755528776803
20250915,600325.SH,0.1429299546835486
20250915,600173.SH,0.14262699638486742
20250915,600266.SH,0.21018443399695633
20250915,601116.SH,0.18093951017498605
20250915,600510.SH,0.18416999043885113
20250915,601388.SH,0.1451075204942379
20250915,600052.SH,0.1993582432378916
20250915,600846.SH,0.1294349587286501
20250915,603363.SH,0.19334552521258005
20250915,605188.SH,0.16412905853799287
20250915,002491.SZ,0.1256295931702847
20250915,002772.SZ,0.19840645632139045
20250915,002400.SZ,0.12649244442935786
20250915,002042.SZ,0.15795258462182551
20250915,000796.SZ,0.18995991672182716
20250915,000751.SZ,0.1351096703383742
20250915,002527.SZ,0.1481930560034398
20250915,002627.SZ,0.17014630255095983
20250915,002445.SZ,0.15311950870404004
20250916,600509.SH,0.19393526140407455
20250916,600094.SH,0.13928198034589864
20250916,605055.SH,0.13504344948149158
20250916,603936.SH,0.17706721657416688
20250916,601116.SH,0.1737091317458432
20250916,600337.SH,0.16784345174448542
20250916,603456.SH,0.14165096714698713
20250916,601388.SH,0.15536077779097862
20250916,600067.SH,0.1539453317266077
20250916,603278.SH,0.21168595868904772
20250916,600103.SH,0.2571750199426332
20250916,002062.SZ,0.15650166612920566
20250916,002100.SZ,0.2244307721900689
20250916,002276.SZ,0.15341941196105394
20250916,002067.SZ,0.18541308123582098
20250916,002638.SZ,0.1625821042448107
20250916,002554.SZ,0.1639073982925712
20250916,000572.SZ,0.21913154783120334
20250916,002654.SZ,0.17845530870064555
20250916,000813.SZ,0.14460454182861218
20250917,600246.SH,0.16563434545732283
20250917,601908.SH,0.16886765446347252
20250917,600094.SH,0.17398162449011925
20250917,603035.SH,0.14544513088590555
20250917,600173.SH,0.21175531944986628
20250917,603936.SH,0.16078404249902414
20250917,600651.SH,0.14793184994087932
20250917,601388.SH,0.188270195805541
20250917,603305.SH,0.17883164457418946
20250917,600684.SH,0.14931895200755843
20250917,600635.SH,0.15946966739648222
20250917,601011.SH,0.14710356591252396
20250917,002392.SZ,0.176801852260448
20250917,002426.SZ,0.16590067154341842
20250917,002183.SZ,0.1832156010794481
20250917,002010.SZ,0.15491683497683265
20250917,002140.SZ,0.16043771958111988
20250917,002446.SZ,0.1504872508585233
20250917,002530.SZ,0.15958273222559788
20250917,002320.SZ,0.1450683989884418
20250918,600207.SH,0.18728949914289114
20250918,603111.SH,0.17450692193237047
20250918,600226.SH,0.16233009159467518
20250918,600056.SH,0.14868387107724168
20250918,603088.SH,0.14896889514983852
20250918,600751.SH,0.1452954904190499
20250918,603219.SH,0.14551347329950162
20250918,603316.SH,0.13826750850037062
20250918,600480.SH,0.14551963995768205
20250918,600635.SH,0.22927920817845973
20250918,600103.SH,0.19432262937252845
20250918,000837.SZ,0.20006489134800887
20250918,000796.SZ,0.16454740123446315
20250918,000753.SZ,0.15507230265279456
20250918,002154.SZ,0.14146732519787056
20250918,002905.SZ,0.1666537958892718
20250918,002137.SZ,0.15792927578540034
20250918,000006.SZ,0.1520581080240104
20250918,002249.SZ,0.15469381693511436
20250918,002745.SZ,0.14860664641287197
20250919,600226.SH,0.18390836006494796
20250919,600056.SH,0.15621791499063692
20250919,600284.SH,0.21127253800415266
20250919,600651.SH,0.23397557098163022
20250919,600167.SH,0.16142319681823072
20250919,603956.SH,0.14783219335019265
20250919,600619.SH,0.16349188433838555
20250919,600103.SH,0.14653133963577117
20250919,603687.SH,0.1713488008961456
20250919,002062.SZ,0.1546161396719791
20250919,002011.SZ,0.1866867507368874
20250919,000721.SZ,0.16484583354548904
20250919,002564.SZ,0.1523287903732243
20250919,002033.SZ,0.15014466188043474
20250919,002905.SZ,0.17796172145940478
20250919,002632.SZ,0.18901633315795133
20250919,000428.SZ,0.20871524182917792
20250919,002476.SZ,0.24413239645388876
20250919,000572.SZ,0.1546968719767817
20250919,002745.SZ,0.2141268521190109
20250922,603969.SH,0.16887070950513985
20250922,600984.SH,0.1731119276747173
20250922,603878.SH,0.21732839434930443
20250922,600325.SH,0.1448431745277415
20250922,600226.SH,0.15864559819413096
20250922,600179.SH,0.1771732661224167
20250922,600681.SH,0.15003668878743134
20250922,600730.SH,0.15066758317916693
20250922,603871.SH,0.14841647006907793
20250922,002010.SZ,0.14251081993923867
20250922,002548.SZ,0.17018219929055145
20250922,002042.SZ,0.14934291145470902
20250922,000753.SZ,0.15619989590228395
20250922,002564.SZ,0.15935425471127032
20250922,002708.SZ,0.1602610646254463
20250922,000006.SZ,0.15525874505677292
20250922,000014.SZ,0.138494373631596
20250922,002674.SZ,0.17348803724887843
20250922,002277.SZ,0.1667527735818101
20250922,002659.SZ,0.20552467511894865
20250923,600094.SH,0.15909265262479003
20250923,600376.SH,0.17104584259746436
20250923,603633.SH,0.16153818519209992
20250923,603668.SH,0.18153875094055685
20250923,600619.SH,0.17308134897062072
20250923,600375.SH,0.16977217309639794
20250923,000509.SZ,0.19235772840679585
20250923,002303.SZ,0.21029622589204394
20250923,000420.SZ,0.1999058594567684
20250923,002662.SZ,0.24074859835819803
20250923,002154.SZ,0.18178759539933356
20250923,002145.SZ,0.24646418529393463
20250923,002708.SZ,0.1525518084149426
20250923,002685.SZ,0.16054886086548206
20250923,002059.SZ,0.219384635403407
20250923,002690.SZ,0.14412985058583258
20250923,002559.SZ,0.15135259141080692
20250923,002638.SZ,0.17728848079566867
20250923,000572.SZ,0.21041211946344418
20250923,002654.SZ,0.2407457696159134
20250924,603878.SH,0.19973537115927523
20250924,600797.SH,0.21273287620858017
20250924,600226.SH,0.223494373631596
20250924,600056.SH,0.17927191002336543
20250924,600179.SH,0.21634998896790517
20250924,603178.SH,0.16984521122218646
20250924,603305.SH,0.19977273884485489
20250924,603166.SH,0.22371812714630832
20250924,601022.SH,0.1982404091492841
20250924,600375.SH,0.1750285420096517
20250924,600798.SH,0.186664403672839
20250924,603871.SH,0.16981078542858283
20250924,000810.SZ,0.1837189757689936
20250924,002145.SZ,0.16702809506837077
20250924,002061.SZ,0.1805249014183314
20250924,002298.SZ,0.19022086819758205
20250924,000006.SZ,0.18503739597300256
20250924,000014.SZ,0.1802167382338465
20250924,002169.SZ,0.17928396046549785
20250924,002249.SZ,0.1754861193616095
20250925,600556.SH,0.16954791040807438
20250925,605055.SH,0.21340945478821213
20250925,600718.SH,0.17713934950242424
20250925,600261.SH,0.17882683571230565
20250925,603088.SH,0.17097218214837323
20250925,601789.SH,0.1649621797156549
20250925,600748.SH,0.20289004112991288
20250925,000665.SZ,0.1544239832085858
20250925,002562.SZ,0.17714019812510964
20250925,002564.SZ,0.17161507040739551
20250925,001330.SZ,0.2251472077484909
20250925,002708.SZ,0.22089682445391137
20250925,002079.SZ,0.18710322646344985
20250925,000685.SZ,0.17788659006432564
20250925,002164.SZ,0.17101283117500302
20250925,002040.SZ,0.21027235130716188
20250925,000917.SZ,0.16939708186945923
20250925,002559.SZ,0.17710271728983865
20250925,002674.SZ,0.1510868310731683
20250925,002659.SZ,0.15263101319891154
20250926,603878.SH,0.1822501513377123
20250926,600063.SH,0.17240335601984652
20250926,600226.SH,0.22800457690501652
20250926,600167.SH,0.21205929609576993
20250926,603815.SH,0.1599994908263888
20250926,601789.SH,0.24104731354345235
20250926,600819.SH,0.1898829749316859
20250926,603305.SH,0.22856650655985342
20250926,601616.SH,0.2475865170827747
20250926,601636.SH,0.16225309322968828
20250926,002420.SZ,0.17593458816341082
20250926,002191.SZ,0.19417010358854248
20250926,000892.SZ,0.16537175331104284
20250926,000571.SZ,0.17747294308004777
20250926,002564.SZ,0.16725473390021336
20250926,000890.SZ,0.22277658027687733
20250926,002298.SZ,0.2371719083261201
20250926,002515.SZ,0.1630049163540907
20250926,002169.SZ,0.1674430432740995
20250926,002659.SZ,0.18736822304067172
20250929,600556.SH,0.14796935863755775
20250929,603878.SH,0.17144102726696264
20250929,600063.SH,0.16044671165866478
20250929,601956.SH,0.20046313071836222
20250929,600284.SH,0.15479696983422417
20250929,603269.SH,0.1709755186158167
20250929,600769.SH,0.23413748980885954
20250929,600416.SH,0.2236185342875261
20250929,603997.SH,0.1687941616088414
20250929,603037.SH,0.16481338889392158
20250929,600748.SH,0.18009953347223484
20250929,600125.SH,0.161016736117402
20250929,002400.SZ,0.19341924087326753
20250929,002766.SZ,0.16756816740646802
20250929,002291.SZ,0.1548480387716279
20250929,002226.SZ,0.15167463085424407
20250929,002725.SZ,0.162764403478576
20250929,000949.SZ,0.1971732040945738
20250929,002208.SZ,0.20439090950267239
20250929,002249.SZ,0.19996002808225385
20250930,600531.SH,0.16047694537548696
20250930,605055.SH,0.14843769816106533
20250930,600201.SH,0.1620005208805146
20250930,600226.SH,0.1719161608841381
20250930,603889.SH,0.25385496874716923
20250930,600736.SH,0.15606055802155994
20250930,601636.SH,0.18163431923181453
20250930,601218.SH,0.16240544886312167
20250930,600638.SH,0.18686667723525688
20250930,002121.SZ,0.19499694265784953
20250930,002772.SZ,0.18698342241145036
20250930,002420.SZ,0.1710197934595525
20250930,002140.SZ,0.1863698025183441
20250930,000892.SZ,0.21991631941299036
20250930,000035.SZ,0.2490948002536462
20250930,002320.SZ,0.16333159706495154
20250930,000685.SZ,0.19941604764924364
20250930,002390.SZ,0.1849226605670804
20250930,002443.SZ,0.17453596340248215
20250930,002073.SZ,0.1655309584201468
20251009,603969.SH,0.13296949986118275
20251009,603878.SH,0.1538652395872878
20251009,601619.SH,0.12372146455060035
20251009,600266.SH,0.18167643109280363
20251009,600376.SH,0.12620147769574655
20251009,600226.SH,0.14965723464652594
20251009,603181.SH,0.14948124833560925
20251009,600630.SH,0.1302991087364229
20251009,600748.SH,0.14455552974372635
20251009,600078.SH,0.14872339099444168
20251009,603118.SH,0.137861080734995
20251009,002631.SZ,0.1339361497186826
20251009,002045.SZ,0.18252035514558823
20251009,002928.SZ,0.12437152602682294
20251009,000949.SZ,0.12420882651240008
20251009,002320.SZ,0.2280414015445547
20251009,002026.SZ,0.14292932784107973
20251009,002911.SZ,0.1617127218951675
20251009,000672.SZ,0.20038412723594975
20251009,002390.SZ,0.17593729991897608
20251010,600531.SH,0.17225617736881774
20251010,603878.SH,0.15777110447558237
20251010,600094.SH,0.19389294638253513
20251010,601619.SH,0.15308151690454475
20251010,600490.SH,0.19747729345972323
20251010,600133.SH,0.21470658560493175
20251010,600960.SH,0.16652996470074968
20251010,603181.SH,0.1629200072524945
20251010,600888.SH,0.1969610348403035
20251010,600468.SH,0.1532279832965987
20251010,601218.SH,0.15541285391323076
20251010,000758.SZ,0.20795921605067688
20251010,000035.SZ,0.20266373356148476
20251010,002145.SZ,0.21976950666039632
20251010,000751.SZ,0.19224663013978052
20251010,000612.SZ,0.1711186689406259
20251010,000949.SZ,0.15777838530010033
20251010,000006.SZ,0.18651823605736276
20251010,002208.SZ,0.1937408706392961
20251010,000506.SZ,0.15493401929843456
20251013,600545.SH,0.16420950643375587
20251013,603878.SH,0.17683788408474088
20251013,600201.SH,0.1470299335376875
20251013,600063.SH,0.17028562362953356
20251013,600226.SH,0.1572527494319824
20251013,600960.SH,0.21581924857358167
20251013,600751.SH,0.16326591724223902
20251013,600353.SH,0.14825200718450238
20251013,600626.SH,0.15615419483146456
20251013,600635.SH,0.14454870220011223
20251013,600078.SH,0.15605659778685602
20251013,601218.SH,0.19059895405431446
20251013,002631.SZ,0.17806995824149677
20251013,002941.SZ,0.18944767721866843
20251013,002562.SZ,0.1593899972236545
20251013,000753.SZ,0.18234734349060297
20251013,000035.SZ,0.14386079176841882
20251013,002492.SZ,0.18054745001161535
20251013,000672.SZ,0.16813293595707435
20251013,002366.SZ,0.1527055770549207
20251014,603878.SH,0.1855387716278649
20251014,600686.SH,0.14502876166319414
20251014,603012.SH,0.14761833046471606
20251014,600490.SH,0.11195115046652779
20251014,600960.SH,0.1176640773620799
20251014,601968.SH,0.1678085650874174
20251014,603007.SH,0.1384035012229369
20251014,600458.SH,0.15700414439713745
20251014,603889.SH,0.20932772443156084
20251014,600067.SH,0.12405063864480477
20251014,600403.SH,0.16875362351662296
20251014,600268.SH,0.18607188151100648
20251014,603363.SH,0.1574752015581122
20251014,601616.SH,0.11529237249750886
20251014,002474.SZ,0.17420407192680498
20251014,002734.SZ,0.1286728870368693
20251014,002523.SZ,0.1178817148292418
20251014,000778.SZ,0.13660997372950454
20251014,002320.SZ,0.1644945194311079
20251014,000600.SZ,0.12903761663194135
20251015,600843.SH,0.1438953936044932
20251015,600868.SH,0.1409398496240602
20251015,600094.SH,0.14931051272760218
20251015,603903.SH,0.16419161608841384
20251015,600173.SH,0.1975775659027086
20251015,600201.SH,0.12906886946281368
20251015,600496.SH,0.18052337168221763
20251015,603861.SH,0.145214240420328
20251015,600333.SH,0.20807013769363172
20251015,600268.SH,0.19175230999184717
20251015,000680.SZ,0.13761504665277655
20251015,002474.SZ,0.18780811214783955
20251015,002941.SZ,0.166178662016487
20251015,002043.SZ,0.1933018162877073
20251015,000421.SZ,0.12187098016124649
20251015,000571.SZ,0.16336341607029625
20251015,002490.SZ,0.12829955158981793
20251015,002478.SZ,0.16251607935501408
20251015,000035.SZ,0.17115544886312167
20251015,000890.SZ,0.2106285668991757
20251016,600556.SH,0.14206580220302453
20251016,605055.SH,0.14783219335019268
20251016,600121.SH,0.16732997844498382
20251016,600172.SH,0.17417264945659866
20251016,600496.SH,0.22763090004922013
20251016,600067.SH,0.17364639024197068
20251016,600333.SH,0.1496544125550898
20251016,600375.SH,0.21356746833223014
20251016,605188.SH,0.13478611879586103
20251016,600867.SH,0.13170771171721632
20251016,601011.SH,0.13180451127819554
20251016,000680.SZ,0.20163931272877458
20251016,002474.SZ,0.22292967180932016
20251016,000531.SZ,0.19713374859270075
20251016,000528.SZ,0.1297262060342731
20251016,003012.SZ,0.15807009057632804
20251016,002928.SZ,0.15652556900151057
20251016,002090.SZ,0.17076175200982144
20251016,000600.SZ,0.1709332869419599
20251016,002171.SZ,0.14669059782639446
20251017,600617.SH,0.1951879699248121
20251017,600121.SH,0.1623684210526316
20251017,600758.SH,0.15981203007518802
20251017,600179.SH,0.15605263157894741
20251017,603007.SH,0.178421052631579
20251017,600067.SH,0.1840601503759399
20251017,600333.SH,0.17996240601503763
20251017,600078.SH,0.1770676691729324
20251017,601011.SH,0.16278195488721806
20251017,002010.SZ,0.14334586466165417
20251017,003012.SZ,0.18883458646616547
20251017,002238.SZ,0.15372180451127823
20251017,002054.SZ,0.20736842105263162
20251017,002560.SZ,0.19789473684210532
20251017,002040.SZ,0.1457518796992482
20251017,002208.SZ,0.19105263157894745
20251017,000417.SZ,0.20552631578947372
20251017,000572.SZ,0.18469924812030078
20251017,002390.SZ,0.19203007518796997
20251017,002171.SZ,0.25203007518797
20251020,600121.SH,0.16804511278195491
20251020,600496.SH,0.1987593984962406
20251020,600681.SH,0.17804511278195492
20251020,603162.SH,0.18240601503759404
20251020,603861.SH,0.17011278195488727
20251020,600408.SH,0.2024436090225564
20251020,600333.SH,0.1854135338345865
20251020,600725.SH,0.16567669172932334
20251020,600748.SH,0.20225563909774444
20251020,600897.SH,0.16210526315789478
20251020,600078.SH,0.23567669172932335
20251020,601011.SH,0.20120300751879702
20251020,002490.SZ,0.1614661654135339
20251020,002807.SZ,0.18048872180451137
20251020,002163.SZ,0.16951127819548878
20251020,003016.SZ,0.17011278195488724
20251020,002928.SZ,0.16462406015037595
20251020,002320.SZ,0.21251879699248127
20251020,002678.SZ,0.16860902255639101
20251020,002108.SZ,0.16266917293233088
20251021,603313.SH,0.16426495131734534
20251021,601666.SH,0.22773847711830375
20251021,601956.SH,0.18375221349083773
20251021,600758.SH,0.2519160485864776
20251021,600179.SH,0.25800712277307264
20251021,600681.SH,0.19676561607178222
20251021,600408.SH,0.17011266880519588
20251021,600333.SH,0.22127248142930694
20251021,600725.SH,0.18217411474510206
20251021,600748.SH,0.20623850823446888
20251021,600470.SH,0.16285244714495045
20251021,601011.SH,0.16428565771086862
20251021,002725.SZ,0.19631310216851386
20251021,002928.SZ,0.17178148531599885
20251021,002320.SZ,0.21202549262546894
20251021,000905.SZ,0.19976640246213737
20251021,002067.SZ,0.1863155065994558
20251021,002208.SZ,0.18641878398026676
20251021,002654.SZ,0.23202504002670338
20251021,002171.SZ,0.15999768043132667
20251022,600676.SH,0.1368328835633101
20251022,601956.SH,0.15976668533636582
20251022,600683.SH,0.14419819299942863
20251022,600792.SH,0.12146429844362601
20251022,600725.SH,0.1111247079323591
20251022,600716.SH,0.11404595008967117
20251022,603316.SH,0.12489092369750564
20251022,600626.SH,0.1285691090027552
20251022,002062.SZ,0.11475808595982057
20251022,000899.SZ,0.1577906391260318
20251022,002029.SZ,0.13784876977998045
20251022,002337.SZ,0.13750974501717048
20251022,000410.SZ,0.11503244567400442
20251022,002728.SZ,0.18533229235617266
20251022,002204.SZ,0.1612727077286897
20251022,002249.SZ,0.13420950796856704
20251022,000417.SZ,0.12589863484897348
20251022,000600.SZ,0.11844744479709435
20251022,002171.SZ,0.15469749430008436
20251022,002375.SZ,0.15231990812245064
20251023,600604.SH,0.1657855700198578
20251023,603903.SH,0.11266501468117249
20251023,600681.SH,0.183945840900219
20251023,600683.SH,0.17131081088726333
20251023,600853.SH,0.13032878471573972
20251023,600792.SH,0.181196954010308
20251023,600725.SH,0.14774062696243997
20251023,600716.SH,0.15246762504455272
20251023,600293.SH,0.15733054419344072
20251023,600708.SH,0.15214200852017176
20251023,002160.SZ,0.13961998676148618
20251023,002490.SZ,0.13375306211352314
20251023,002416.SZ,0.1125069728497316
20251023,000410.SZ,0.18657498712922263
20251023,002638.SZ,0.11961778034250414
20251023,002208.SZ,0.17138430161181736
20251023,002249.SZ,0.2069154262631749
20251023,002554.SZ,0.14740567558851986
20251023,000600.SZ,0.1261902781785163
20251023,000965.SZ,0.1184576848441646
20251024,600510.SH,0.13366333440825545
20251024,600551.SH,0.11047112702750107
20251024,600508.SH,0.1614719643352173
20251024,603007.SH,0.18343381025928257
20251024,600864.SH,0.1762742918243691
20251024,600558.SH,0.18552280814904082
20251024,603759.SH,0.11510562523690718
20251024,600403.SH,0.1612386213841602
20251024,600724.SH,0.139380222565443
20251024,600635.SH,0.18744338272317365
20251024,002278.SZ,0.10897902204721739
20251024,000892.SZ,0.13465950429120208
20251024,002564.SZ,0.1465243243549054
20251024,002337.SZ,0.22033585657145124
20251024,002243.SZ,0.20345044326391606
20251024,002578.SZ,0.14251172513676977
20251024,000917.SZ,0.13126586217236097
20251024,002249.SZ,0.11853264651470667
20251024,002672.SZ,0.15239967865487652
20251024,000852.SZ,0.12811656681206404
20251027,603020.SH,0.10052054080985597
20251027,600121.SH,0.12278127547785131
20251027,600510.SH,0.1685990578856781
20251027,600551.SH,0.11868726786846638
20251027,603500.SH,0.09901508288794277
20251027,600864.SH,0.10920531751064409
20251027,600237.SH,0.22829706042213974
20251027,603289.SH,0.1057834722348039
20251027,002160.SZ,0.13894646254189696
20251027,002278.SZ,0.19995130899538005
20251027,000016.SZ,0.10236683576410908
20251027,002363.SZ,0.16486989310625969
20251027,000599.SZ,0.09352069933870825
20251027,002337.SZ,0.14638169218226293
20251027,000555.SZ,0.1526149334178821
20251027,000612.SZ,0.16283064589183804
20251027,002546.SZ,0.22190778150194765
20251027,000905.SZ,0.15111502400579768
20251027,002249.SZ,0.2501853655222394
20251027,000498.SZ,0.10532634296584838
20251028,603020.SH,0.12906077363718269
20251028,603122.SH,0.14371316384404875
20251028,600121.SH,0.18992379214804156
20251028,600686.SH,0.2568754780697034
20251028,600510.SH,0.14484783926659156
20251028,603500.SH,0.14356746236351997
20251028,603162.SH,0.13506246777456074
20251028,600408.SH,0.1674058450572551
20251028,600558.SH,0.1730372936863636
20251028,600237.SH,0.13418417936325366
20251028,600815.SH,0.16992073250194067
20251028,002023.SZ,0.13007830427613876
20251028,002278.SZ,0.158965074706359
20251028,002474.SZ,0.1784761829215088
20251028,000543.SZ,0.14277311590959316
20251028,002337.SZ,0.1551003733901446
20251028,000778.SZ,0.11984911411913358
20251028,002478.SZ,0.23283878498053726
20251028,000555.SZ,0.17027015541868995
20251028,001258.SZ,0.18761339105110178
20251029,600556.SH,0.1865393151553583
20251029,600121.SH,0.2572543935139054
20251029,603558.SH,0.16067929613189605
20251029,601015.SH,0.18263022012863492
20251029,601968.SH,0.13753906603859048
20251029,601388.SH,0.15236762840837037
20251029,600558.SH,0.1932618443699611
20251029,603759.SH,0.14799846000543534
20251029,600481.SH,0.1774395325663557
20251029,603025.SH,0.16652357550502767
20251029,600269.SH,0.13813841833499416
20251029,002160.SZ,0.18360732403297406
20251029,002772.SZ,0.18539926623788391
20251029,002474.SZ,0.2193538816921823
20251029,002677.SZ,0.17782521061690373
20251029,000892.SZ,0.17907883413352663
20251029,002367.SZ,0.1490656988857687
20251029,002181.SZ,0.15664066038590455
20251029,002533.SZ,0.15762127457197214
20251029,002171.SZ,0.18766611559018032
20251030,600302.SH,0.1702360947549597
20251030,601388.SH,0.1733055530392246
20251030,603088.SH,0.20403331370595168
20251030,600408.SH,0.1534962406015038
20251030,600481.SH,0.21333442793731322
20251030,603739.SH,0.17690449769000818
20251030,002212.SZ,0.1663855421686747
20251030,000735.SZ,0.18268321405924456
20251030,002452.SZ,0.19807025092852618
20251030,000886.SZ,0.14177427756137337
20251030,000686.SZ,0.16092705408098562
20251030,002054.SZ,0.15415651327112964
20251030,002578.SZ,0.16849397590361445
20251030,002170.SZ,0.14461760576139146
20251030,000612.SZ,0.17554137603043757
20251030,000723.SZ,0.17515003623516626
20251030,002546.SZ,0.1426859316967117
20251030,000410.SZ,0.141718679228191
20251030,000567.SZ,0.16126302201286352
20251030,002171.SZ,0.15706008243500322
20251031,600207.SH,0.135295090134976
20251031,600057.SH,0.13016090678503492
20251031,600302.SH,0.1899651236525048
20251031,600478.SH,0.18541025002264702
20251031,603169.SH,0.14055575686203464
20251031,603863.SH,0.12532271944922552
20251031,600710.SH,0.14335514992300027
20251031,600507.SH,0.13442408732675068
20251031,600575.SH,0.1556754461454842
20251031,603399.SH,0.12055802155992393
20251031,600481.SH,0.13550944379019844
20251031,600210.SH,0.1258810807138328
20251031,002160.SZ,0.1425928526134614
20251031,002418.SZ,0.1456009375849262
20251031,002386.SZ,0.14394283902527408
20251031,002279.SZ,0.1694255593803787
20251031,002374.SZ,0.19917247939124927
20251031,002769.SZ,0.16122859860494615
20251031,000007.SZ,0.16278195488721806
20251031,002950.SZ,0.17397680949361358
20251103,600064.SH,0.12151802699519886
20251103,600278.SH,0.11433361264607304
20251103,600057.SH,0.12955442069027995
20251103,603558.SH,0.12567374762206723
20251103,600302.SH,0.12384172026451673
20251103,603759.SH,0.14773179182897006
20251103,600469.SH,0.18780199746353846
20251103,600526.SH,0.1426438083159707
20251103,600635.SH,0.16496195307545974
20251103,002196.SZ,0.1389709212791014
20251103,002474.SZ,0.13179499954706045
20251103,002668.SZ,0.14386572606214335
20251103,002370.SZ,0.1072883639822448
20251103,002163.SZ,0.18547445420780873
20251103,000555.SZ,0.18900840202916938
20251103,002425.SZ,0.18308791557206272
20251103,002298.SZ,0.1073149741824441
20251103,000007.SZ,0.1276356554035692
20251103,000567.SZ,0.13495006341154092
20251103,002169.SZ,0.1457319503578223
20251104,600288.SH,0.15083680587009698
20251104,600207.SH,0.1605144261255549
20251104,600556.SH,0.2541336398224478
20251104,600829.SH,0.15057353474046567
20251104,600686.SH,0.1486140048917475
20251104,600302.SH,0.17538375305734222
20251104,600067.SH,0.1922548464534832
20251104,603759.SH,0.1605579083250295
20251104,600469.SH,0.18515275387263344
20251104,600579.SH,0.15458397499773532
20251104,002611.SZ,0.18724737295044847
20251104,000886.SZ,0.16065948002536465
20251104,000753.SZ,0.15226662288250756
20251104,002163.SZ,0.15998765739650334
20251104,002578.SZ,0.17556005978802433
20251104,000555.SZ,0.18092762025545794
20251104,002248.SZ,0.15112329015309361
20251104,002596.SZ,0.1822523552858049
20251104,000567.SZ,0.17291613823715918
20251104,002108.SZ,0.15120085605580222
20251105,600693.SH,0.14231995651780055
20251105,600556.SH,0.14300615997825894
20251105,600829.SH,0.1541817646525954
20251105,600308.SH,0.20872089863212254
20251105,600302.SH,0.16714263067306825
20251105,600478.SH,0.15491779146661835
20251105,603169.SH,0.16495821632394245
20251105,600067.SH,0.19988653863574604
20251105,603759.SH,0.15543097200833414
20251105,600756.SH,0.16018026995198847
20251105,601011.SH,0.15718033789292507
20251105,002611.SZ,0.19002264697889307
20251105,002752.SZ,0.1647588096747894
20251105,002418.SZ,0.1581200742820908
20251105,002370.SZ,0.15439362714013957
20251105,000892.SZ,0.19920497780596072
20251105,002163.SZ,0.18464331008243506
20251105,002546.SZ,0.16216822175921733
20251105,000567.SZ,0.1489307228915663
20251105,002169.SZ,0.16205510009964674
20251106,600693.SH,0.16349114503125287
20251106,600478.SH,0.18018117583114415
20251106,600973.SH,0.16307206268683763
20251106,601388.SH,0.11845785397228013
20251106,603088.SH,0.12153127547785128
20251106,600756.SH,0.21288647069480934
20251106,601616.SH,0.17089659389437453
20251106,600470.SH,0.16420271310807144
20251106,601011.SH,0.20714229096838485
20251106,002160.SZ,0.1283061192136969
20251106,002418.SZ,0.20360789020744638
20251106,002348.SZ,0.21084246761482026
20251106,002578.SZ,0.1619535283993116
20251106,002560.SZ,0.11853372135157171
20251106,002125.SZ,0.12560750520880518
20251106,002638.SZ,0.19172830419422052
20251106,002169.SZ,0.18675129087779693
20251106,002554.SZ,0.13769804783041947
20251106,002533.SZ,0.17657974001268234
20251106,002358.SZ,0.12096193042848087
20251107,603122.SH,0.19080747803243053
20251107,600586.SH,0.1712715146299484
20251107,603169.SH,0.18860505933508473
20251107,601388.SH,0.17834439260802612
20251107,600237.SH,0.1408794954253103
20251107,600292.SH,0.1555151055349217
20251107,600470.SH,0.20720977896548606
20251107,002160.SZ,0.20819345049370416
20251107,002706.SZ,0.17592762025545797
20251107,002522.SZ,0.18036031343418796
20251107,002418.SZ,0.14811894193314618
20251107,002548.SZ,0.1361822855331099
20251107,002788.SZ,0.13688003895280373
20251107,002350.SZ,0.14933848174653502
20251107,002578.SZ,0.16300672615273126
20251107,002300.SZ,0.16976968022465808
20251107,000612.SZ,0.1334447187245222
20251107,000949.SZ,0.13769884047468073
20251107,000589.SZ,0.13443790198387537
20251107,000422.SZ,0.1531671799981883
20251110,603122.SH,0.17772082576644777
20251110,600693.SH,0.18198631454482714
20251110,600586.SH,0.22366689862353403
20251110,600185.SH,0.11862240250739718
20251110,603169.SH,0.19527257760654462
20251110,600510.SH,0.11067428729838143
20251110,600067.SH,0.11170708939391372
20251110,600815.SH,0.1664573963124516
20251110,605188.SH,0.17638483907285146
20251110,600078.SH,0.10611424158590609
20251110,002196.SZ,0.15305804013419558
20251110,000686.SZ,0.12717603828985558
20251110,000863.SZ,0.13838829579592324
20251110,002860.SZ,0.11848902730867802
20251110,002300.SZ,0.1205027240788201
20251110,002374.SZ,0.12802938497485253
20251110,002170.SZ,0.2032800398286914
20251110,002248.SZ,0.1296305945450534
20251110,002612.SZ,0.12681169628359842
20251110,000993.SZ,0.15049972561199843
20251111,600258.SH,0.17180451127819554
20251111,600537.SH,0.18067669172932338
20251111,603861.SH,0.11721804511278199
20251111,600408.SH,0.19507518796992485
20251111,600596.SH,0.1543984962406015
20251111,600222.SH,0.1554135338345865
20251111,601121.SH,0.14875939849624062
20251111,603363.SH,0.11481203007518799
20251111,600618.SH,0.12552631578947374
20251111,600078.SH,0.17150375939849632
20251111,601011.SH,0.13996240601503762
20251111,600691.SH,0.1534586466165414
20251111,002788.SZ,0.1472556390977444
20251111,002539.SZ,0.14075187969924813
20251111,000949.SZ,0.13082706766917296
20251111,000410.SZ,0.1316165413533835
20251111,002728.SZ,0.16387218045112792
20251111,002204.SZ,0.14556390977443615
20251111,002136.SZ,0.11368421052631582
20251111,000572.SZ,0.12289473684210529
20251112,600537.SH,0.15000000000000005
20251112,600094.SH,0.11259398496240604
20251112,600172.SH,0.10654135338345866
20251112,600510.SH,0.12353383458646616
20251112,600966.SH,0.15319548872180458
20251112,600408.SH,0.18439849624060156
20251112,603010.SH,0.13917293233082711
20251112,600654.SH,0.17357142857142863
20251112,002160.SZ,0.15819548872180458
20251112,002196.SZ,0.13308270676691736
20251112,002328.SZ,0.15060150375939854
20251112,002092.SZ,0.12097744360902257
20251112,002077.SZ,0.14947368421052634
20251112,002029.SZ,0.13259398496240607
20251112,000159.SZ,0.10500000000000002
20251112,000803.SZ,0.1682706766917294
20251112,002250.SZ,0.13725563909774438
20251112,002578.SZ,0.12605263157894744
20251112,002256.SZ,0.1654135338345865
20251112,002136.SZ,0.18112781954887222
20251113,600556.SH,0.1748872180451128
20251113,600076.SH,0.13428571428571434
20251113,600966.SH,0.13225563909774446
20251113,600222.SH,0.1467293233082707
20251113,600819.SH,0.1460526315789474
20251113,603316.SH,0.12928571428571434
20251113,605188.SH,0.13654135338345866
20251113,600409.SH,0.17451127819548876
20251113,600110.SH,0.14492481203007526
20251113,002426.SZ,0.1683082706766918
20251113,000631.SZ,0.13703007518796997
20251113,002752.SZ,0.15804511278195493
20251113,000863.SZ,0.13097744360902258
20251113,000612.SZ,0.1712406015037594
20251113,000410.SZ,0.13567669172932337
20251113,000061.SZ,0.1610902255639098
20251113,002950.SZ,0.15439849624060153
20251113,002228.SZ,0.18315789473684213
20251113,000533.SZ,0.14796992481203008
20251113,002116.SZ,0.1547744360902256
20251114,603122.SH,0.17951127819548876
20251114,600693.SH,0.174624060150376
20251114,600328.SH,0.13368421052631582
20251114,601566.SH,0.1502631578947369
20251114,600067.SH,0.1840601503759399
20251114,600596.SH,0.15018796992481206
20251114,600222.SH,0.12883458646616547
20251114,600403.SH,0.19616541353383463
20251114,603316.SH,0.1668421052631579
20251114,600815.SH,0.15139097744360908
20251114,600103.SH,0.131015037593985
20251114,600682.SH,0.1685338345864662
20251114,600110.SH,0.13206766917293236
20251114,002328.SZ,0.14537593984962408
20251114,002092.SZ,0.1309022556390978
20251114,000753.SZ,0.12522556390977446
20251114,002788.SZ,0.12932330827067673
20251114,002451.SZ,0.13417293233082708
20251114,000546.SZ,0.1285338345864662
20251114,002728.SZ,0.1639473684210527
20251117,600201.SH,0.13937626232624453
20251117,601015.SH,0.1518404080177872
20251117,600758.SH,0.13619808550722182
20251117,600179.SH,0.18872055986467304
20251117,600740.SH,0.1314239888660704
20251117,603162.SH,0.15787431332281046
20251117,600152.SH,0.13702339935617833
20251117,600067.SH,0.18330612083255546
20251117,600333.SH,0.14634931006975682
20251117,601279.SH,0.21879325854138734
20251117,601011.SH,0.14612742352495242
20251117,600409.SH,0.13495946412306162
20251117,000036.SZ,0.18582587959741348
20251117,000886.SZ,0.13626473067544712
20251117,000695.SZ,0.1264381042900706
20251117,002356.SZ,0.13932245964799134
20251117,000159.SZ,0.1247904184841336
20251117,002578.SZ,0.16090129386672106
20251117,000723.SZ,0.16003742426042536
20251117,002728.SZ,0.18807308904314968
20251118,603660.SH,0.15092349949365513
20251118,600336.SH,0.14396204959350975
20251118,600152.SH,0.1540175212297109
20251118,600408.SH,0.2336085133827798
20251118,000665.SZ,0.19172666429052318
20251118,000735.SZ,0.14829701228239903
20251118,000863.SZ,0.16988127768631514
20251118,002356.SZ,0.17548764688244317
20251118,002331.SZ,0.1486308321594053
20251118,002398.SZ,0.16398179421465633
20251118,000796.SZ,0.1996223063301595
20251118,002218.SZ,0.16187822830213233
20251118,002279.SZ,0.14571106094808128
20251118,000723.SZ,0.19360885283185394
20251118,000061.SZ,0.14614674383475623
20251118,002596.SZ,0.18383317209502312
20251118,002554.SZ,0.14037079153866613
20251118,000090.SZ,0.22518763047573792
20251118,002795.SZ,0.2314956691955623
20251118,002264.SZ,0.15773559180117336
20251119,603660.SH,0.18133165871790088
20251119,600829.SH,0.1675360240329945
20251119,605366.SH,0.1341282099153075
20251119,600328.SH,0.1426923969064875
20251119,600218.SH,0.14179195166245187
20251119,600152.SH,0.1725900247232076
20251119,603399.SH,0.12803617395633557
20251119,600846.SH,0.1907412153408352
20251119,605399.SH,0.15090788483624418
20251119,002413.SZ,0.13120108397404354
20251119,002563.SZ,0.12904911828102994
20251119,000863.SZ,0.1793540566993104
20251119,002029.SZ,0.23679602505134176
20251119,002677.SZ,0.14479047505897932
20251119,000407.SZ,0.2456720525919766
20251119,003016.SZ,0.13745687582387123
20251119,000566.SZ,0.1568784546015151
20251119,002682.SZ,0.17920950796856708
20251119,002208.SZ,0.1798413075578337
20251119,002228.SZ,0.1513495929439853
20251120,605366.SH,0.1798872180451128
20251120,600328.SH,0.19327067669172937
20251120,600218.SH,0.1962406015037594
20251120,600167.SH,0.16781954887218048
20251120,600135.SH,0.18124060150375942
20251120,603399.SH,0.2085338345864662
20251120,600251.SH,0.16560150375939856
20251120,603877.SH,0.20537593984962407
20251120,600618.SH,0.2290601503759399
20251120,603636.SH,0.1655639097744361
20251120,000863.SZ,0.19962406015037595
20251120,000816.SZ,0.15947368421052635
20251120,000505.SZ,0.1641729323308271
20251120,002612.SZ,0.1834962406015038
20251120,002298.SZ,0.16943609022556397
20251120,002208.SZ,0.2535714285714286
20251120,002404.SZ,0.19342105263157902
20251120,000417.SZ,0.17590225563909778
20251120,002228.SZ,0.1860902255639098
20251120,002301.SZ,0.18229323308270678
20251121,603122.SH,0.2103007518796993
20251121,601890.SH,0.17515037593984967
20251121,603660.SH,0.19503759398496243
20251121,600984.SH,0.1598872180451128
20251121,601566.SH,0.181203007518797
20251121,600201.SH,0.17300751879699253
20251121,603169.SH,0.16093984962406016
20251121,600630.SH,0.1784962406015038
20251121,600756.SH,0.1589473684210527
20251121,600635.SH,0.1436466165413534
20251121,600965.SH,0.2066917293233083
20251121,002474.SZ,0.19169172932330833
20251121,000735.SZ,0.16319548872180453
20251121,002394.SZ,0.1451879699248121
20251121,002455.SZ,0.14676691729323313
20251121,002291.SZ,0.1521428571428572
20251121,002279.SZ,0.18357142857142864
20251121,002596.SZ,0.17041353383458654
20251121,000859.SZ,0.15808270676691735
20251121,000417.SZ,0.1898496240601504
20251124,600127.SH,0.15728553890369265
20251124,601890.SH,0.19101260487562025
20251124,600984.SH,0.15867962796381477
20251124,603169.SH,0.19849369473344766
20251124,600996.SH,0.16442958411830935
20251124,600218.SH,0.16705052699468761
20251124,600191.SH,0.21118213140073663
20251124,603898.SH,0.18946437764841004
20251124,600313.SH,0.22405545466374743
20251124,600756.SH,0.16513521388120422
20251124,600635.SH,0.14729317650786108
20251124,603528.SH,0.15677820397494865
20251124,002369.SZ,0.18510412600349638
20251124,002474.SZ,0.16248018466029637
20251124,000505.SZ,0.17163546563926754
20251124,002235.SZ,0.1518773231046013
20251124,000566.SZ,0.18676669099385038
20251124,002596.SZ,0.22684131321531822
20251124,000019.SZ,0.16085278093654004
20251124,000798.SZ,0.15166700611574088
20251125,600880.SH,0.18517902436814934
20251125,600336.SH,0.19510157170033518
20251125,603169.SH,0.22901564906241514
20251125,600218.SH,0.20635893196847546
20251125,603327.SH,0.18067046381012777
20251125,600730.SH,0.18785533109883143
20251125,603636.SH,0.23047445420780868
20251125,002474.SZ,0.1980029894012139
20251125,000892.SZ,0.19566276383730416
20251125,002291.SZ,0.2487187471691277
20251125,002279.SZ,0.20067510644080086
20251125,000505.SZ,0.22461828517075827
20251125,002235.SZ,0.1910855829332367
20251125,000065.SZ,0.24392415526768735
20251125,002137.SZ,0.19510938490805332
20251125,002307.SZ,0.26612725337439996
20251125,000859.SZ,0.25259273937856697
20251125,002745.SZ,0.20584065585650876
20251125,002228.SZ,0.19842082616179005
20251125,002301.SZ,0.24908936497871187
20251126,600246.SH,0.13502083522058161
20251126,603903.SH,0.13558576410906786
20251126,600201.SH,0.14130344687018753
20251126,600337.SH,0.14999150738291517
20251126,600996.SH,0.13422558655675337
20251126,603008.SH,0.13729708306911861
20251126,600033.SH,0.13905935773167863
20251126,600237.SH,0.1834090497327657
20251126,600986.SH,0.17198013859951086
20251126,603106.SH,0.15290583386176287
20251126,600826.SH,0.14313739922094396
20251126,002178.SZ,0.16280324304737753
20251126,002752.SZ,0.1515318416523236
20251126,002811.SZ,0.19728168312347136
20251126,002153.SZ,0.1835553492164146
20251126,002356.SZ,0.147480523598152
20251126,000892.SZ,0.19552348491711213
20251126,002279.SZ,0.15123765739650333
20251126,000078.SZ,0.14522363891656861
20251126,000652.SZ,0.14958103089047928
20251127,600996.SH,0.1832917383820999
20251127,603155.SH,0.20805315245946196
20251127,600730.SH,0.17617288703686934
20251127,600635.SH,0.19623969562460372
20251127,603017.SH,0.17491937675514088
20251127,603106.SH,0.17560003170577046
20251127,002413.SZ,0.18436044931606124
20251127,002196.SZ,0.1757291194854607
20251127,000715.SZ,0.21674053356282277
20251127,002153.SZ,0.1828425355557569
20251127,000528.SZ,0.22335118670169404
20251127,000788.SZ,0.2010105081982064
20251127,000523.SZ,0.23857029622248396
20251127,000892.SZ,0.19757450856055805
20251127,002510.SZ,0.1890163284717819
20251127,002728.SZ,0.18288126188966394
20251127,002638.SZ,0.2743601096113779
20251127,002589.SZ,0.23120232810943023
20251127,000756.SZ,0.21036925899085068
20251127,000652.SZ,0.21822764743183262
20251128,600246.SH,0.18582457650149473
20251128,600868.SH,0.19552620255457928
20251128,605366.SH,0.1763395688015219
20251128,600996.SH,0.20752910136787753
20251128,600630.SH,0.180778376664553
20251128,600966.SH,0.2312170486457107
20251128,603008.SH,0.18436486547694542
20251128,600618.SH,0.1755438671981158
20251128,600654.SH,0.2096612011957605
20251128,600635.SH,0.25992356644623615
20251128,600103.SH,0.18744326931787303
20251128,002811.SZ,0.20175129087779695
20251128,000510.SZ,0.19593747169127643
20251128,002093.SZ,0.16933633028354017
20251128,002728.SZ,0.23284196938128462
20251128,002012.SZ,0.17627842195851076
20251128,002187.SZ,0.2572088730863304
20251128,000078.SZ,0.19751879699248126
20251128,002795.SZ,0.181858184618172
20251128,002162.SZ,0.21950663556481567
20251201,603122.SH,0.20845457016034066
20251201,600693.SH,0.15488019748165596
20251201,603903.SH,0.14729606395506842
20251201,600337.SH,0.19691717999818828
20251201,600828.SH,0.1375926261436725
20251201,603327.SH,0.16451852522873453
20251201,600730.SH,0.1835435727873902
20251201,603901.SH,0.18083340882326301
20251201,601113.SH,0.15378283811939492
20251201,000829.SZ,0.15129665277651966
20251201,002548.SZ,0.1820552133345412
20251201,000863.SZ,0.13686565812120663
20251201,000816.SZ,0.14450867379291604
20251201,000510.SZ,0.1370640456563095
20251201,002632.SZ,0.1437355059335085
20251201,002769.SZ,0.15475982878883962
20251201,002090.SZ,0.14525579762659663
20251201,000078.SZ,0.14639097744360904
20251201,002795.SZ,0.2322793051906876
20251201,002582.SZ,0.13798373946915485
20251202,603122.SH,0.17120481927710848
20251202,600693.SH,0.17597121568982702
20251202,600868.SH,0.1509022556390978
20251202,600828.SH,0.18619859135791292
20251202,603162.SH,0.1368441434912583
20251202,600853.SH,0.14096702599873182
20251202,600846.SH,0.1431891475677145
20251202,600033.SH,0.14872044569254464
20251202,603758.SH,0.15681708035148112
20251202,001318.SZ,0.21758039677507024
20251202,002166.SZ,0.13863438717275117
20251202,000816.SZ,0.26037548691004625
20251202,002446.SZ,0.15155890479210074
20251202,000523.SZ,0.1515723797445421
20251202,000812.SZ,0.16104595072017397
20251202,002519.SZ,0.17218022465803068
20251202,002596.SZ,0.25830657215327485
20251202,000007.SZ,0.2119345049370414
20251202,002110.SZ,0.14977183168765287
20251202,000659.SZ,0.15597393332729417
20251203,600851.SH,0.1343636198931063
20251203,603162.SH,0.1350347631126008
20251203,600573.SH,0.15261527312256548
20251203,600403.SH,0.11743636198931064
20251203,600815.SH,0.16319480931243777
20251203,600108.SH,0.12130503215871002
20251203,600724.SH,0.17652629314249482
20251203,600103.SH,0.1529696983422412
20251203,601113.SH,0.1692369100461999
20251203,002413.SZ,0.1861648473593623
20251203,002356.SZ,0.18345751426759674
20251203,000536.SZ,0.15349612736660934
20251203,000510.SZ,0.11863869009874085
20251203,000571.SZ,0.19029395778603142
20251203,002728.SZ,0.13524628589546162
20251203,002519.SZ,0.19676612464897192
20251203,002682.SZ,0.11694922547332187
20251203,002110.SZ,0.15834224114503131
20251203,000589.SZ,0.12132722619802522
20251203,002162.SZ,0.13315302563638018
20251204,603600.SH,0.14629071737369048
20251204,600630.SH,0.17009088282122034
20251204,603327.SH,0.1812979415380955
20251204,600678.SH,0.1616914176926869
20251204,600730.SH,0.14964655421522916
20251204,600033.SH,0.16334416485826478
20251204,600800.SH,0.15622989274240615
20251204,002686.SZ,0.16182765693434795
20251204,002631.SZ,0.17991648299346719
20251204,002548.SZ,0.16505903983772546
20251204,002860.SZ,0.14555889535443736
20251204,002578.SZ,0.1658978361502853
20251204,002632.SZ,0.21569082842751192
20251204,002540.SZ,0.17182598546101505
20251204,002723.SZ,0.1474827611606258
20251204,002519.SZ,0.23582570782646142
20251204,000411.SZ,0.15429667801757602
20251204,000417.SZ,0.21251012799519522
20251204,000993.SZ,0.17293490886220833
20251204,002228.SZ,0.15150001983103956
20251205,600984.SH,0.16641514298179513
20251205,603223.SH,0.18661081868197252
20251205,600973.SH,0.15333192627386102
20251205,600755.SH,0.15833481593962304
20251205,600191.SH,0.17035984837753768
20251205,603162.SH,0.16291842076933105
20251205,600217.SH,0.16754755199981872
20251205,600320.SH,0.14800394920987475
20251205,600103.SH,0.1611278195488722
20251205,002631.SZ,0.20689944529749396
20251205,002752.SZ,0.14933302548005284
20251205,002344.SZ,0.20747678351870638
20251205,000823.SZ,0.17551971488631155
20251205,000701.SZ,0.1598037010385799
20251205,002098.SZ,0.17530335824489635
20251205,001330.SZ,0.22375548894844502
20251205,002300.SZ,0.200179470907865
20251205,002575.SZ,0.15119008901303752
20251205,002390.SZ,0.15501226691446024
20251205,002228.SZ,0.16883254670209819
20251208,600255.SH,0.13725325937299923
20251208,600509.SH,0.145574306905168
20251208,600201.SH,0.15299802822806832
20251208,600755.SH,0.13721328566329163
20251208,600320.SH,0.22393954932546142
20251208,603668.SH,0.13580040908601573
20251208,600033.SH,0.15214064739845098
20251208,600103.SH,0.18586432169345748
20251208,002023.SZ,0.1931989166586398
20251208,002548.SZ,0.1581715214940139
20251208,002348.SZ,0.17856853890566665
20251208,002218.SZ,0.14217875132443017
20251208,001330.SZ,0.17397595344805125
20251208,002578.SZ,0.17774232113818844
20251208,002560.SZ,0.15231572714755998
20251208,000905.SZ,0.1512896125014874
20251208,002110.SZ,0.13322271390609156
20251208,002164.SZ,0.1347193624604088
20251208,000659.SZ,0.14837614949204214
20251208,000078.SZ,0.156015037593985
20251209,603122.SH,0.22352941842558208
20251209,600201.SH,0.18250758673792922
20251209,600755.SH,0.18149979617718998
20251209,603327.SH,0.17540073829151198
20251209,600067.SH,0.2173267506114685
20251209,600033.SH,0.1766908234441526
20251209,600815.SH,0.19330668538816925
20251209,603386.SH,0.17485019023462278
20251209,600103.SH,0.17473672887036876
20251209,002413.SZ,0.1899619530754598
20251209,002398.SZ,0.18326173113506664
20251209,002348.SZ,0.15928265694356375
20251209,002238.SZ,0.21419025726968025
20251209,000701.SZ,0.241310127728961
20251209,002578.SZ,0.2010507065857415
20251209,003016.SZ,0.16387478485370058
20251209,002632.SZ,0.18641294501313532
20251209,002585.SZ,0.22800570703868103
20251209,002519.SZ,0.17135236434459647
20251209,002589.SZ,0.19834507201739293
20251210,600984.SH,0.13690844758956214
20251210,600336.SH,0.13539822406695473
20251210,600973.SH,0.1421763685231178
20251210,603327.SH,0.16564561857131518
20251210,600678.SH,0.17720755508681213
20251210,603668.SH,0.14700024949250962
20251210,600163.SH,0.18156397781784778
20251210,600033.SH,0.21578720557048733
20251210,603803.SH,0.17901337053039842
20251210,603386.SH,0.17537605325531028
20251210,601599.SH,0.14529343721294188
20251210,002413.SZ,0.22988540355413425
20251210,002927.SZ,0.14029417434990193
20251210,000823.SZ,0.15550017577881356
20251210,002218.SZ,0.15371817552932107
20251210,002560.SZ,0.15230400662289212
20251210,002519.SZ,0.15428276573787414
20251210,002164.SZ,0.15771771056600783
20251210,002339.SZ,0.20432914866351404
20251210,002277.SZ,0.1508322276278933
20251211,600865.SH,0.15332991483985026
20251211,600713.SH,0.14620065612410835
20251211,600984.SH,0.15698211240233217
20251211,600337.SH,0.16390654480965036
20251211,600730.SH,0.14151061527216688
20251211,600163.SH,0.17228558396745447
20251211,600250.SH,0.13980763891643205
20251211,002984.SZ,0.13370967924710045
20251211,000886.SZ,0.19781070989455554
20251211,000759.SZ,0.17668476012941176
20251211,000796.SZ,0.16179737210396003
20251211,000936.SZ,0.12164767608546613
20251211,003016.SZ,0.19753177215835374
20251211,000678.SZ,0.14506569740100067
20251211,000905.SZ,0.13508881472709663
20251211,002204.SZ,0.13291414293080103
20251211,002682.SZ,0.17773960145276532
20251211,001376.SZ,0.1358068683388955
20251211,000859.SZ,0.17747287397091074
20251211,002228.SZ,0.1574034653325099
20251212,600693.SH,0.23630576063368677
20251212,600973.SH,0.17172694358352555
20251212,601369.SH,0.1545917638859772
20251212,600163.SH,0.18728575394779343
20251212,600250.SH,0.17788541625352003
20251212,600237.SH,0.1691142607838361
20251212,000735.SZ,0.19950583882464262
20251212,002348.SZ,0.17965349507906922
20251212,000530.SZ,0.1819113439212198
20251212,002235.SZ,0.2596164110351237
20251212,000936.SZ,0.1890109977279295
20251212,002300.SZ,0.16321812443694014
20251212,002725.SZ,0.19786875818030383
20251212,002204.SZ,0.17868780844349008
20251212,002519.SZ,0.1765408434424419
20251212,000685.SZ,0.17249825770152588
20251212,000088.SZ,0.15934611396615128
20251212,002682.SZ,0.18123652197562484
20251212,002164.SZ,0.1810161424661881
20251212,001376.SZ,0.15848471026851235
20251215,600865.SH,0.177274351035961
20251215,600868.SH,0.20233037344492458
20251215,600984.SH,0.17694785606550315
20251215,600336.SH,0.1672621032218556
20251215,600973.SH,0.19131102643486544
20251215,601369.SH,0.21024988942945605
20251215,002438.SZ,0.1616025924539857
20251215,000036.SZ,0.1577302985971717
20251215,002413.SZ,0.19345751255967977
20251215,002309.SZ,0.17744292858843946
20251215,000530.SZ,0.18979275110854063
20251215,000881.SZ,0.15747904829948176
20251215,002478.SZ,0.18554939384660749
20251215,000801.SZ,0.20558216808990806
20251215,001330.SZ,0.1879422538246068
20251215,000546.SZ,0.16517549529933437
20251215,000088.SZ,0.16887257737102943
20251215,002682.SZ,0.21138326585695014
20251215,000859.SZ,0.19698431599360397
20251215,000950.SZ,0.1879653885845837
20251216,600232.SH,0.19641649372299533
20251216,601908.SH,0.15259058279182122
20251216,603601.SH,0.20725201011578726
20251216,600336.SH,0.14770081311876979
20251216,600201.SH,0.16352963857607827
20251216,600973.SH,0.16055574456503255
20251216,600828.SH,0.15405266560065323
20251216,600678.SH,0.176286757618027
20251216,600237.SH,0.15541733292507295
20251216,600192.SH,0.1983682055818279
20251216,000036.SZ,0.16218992050261402
20251216,000863.SZ,0.17218969369124174
20251216,002374.SZ,0.20770585967180402
20251216,002471.SZ,0.15394736842105267
20251216,002519.SZ,0.16300298256954607
20251216,002682.SZ,0.1974769502942878
20251216,002307.SZ,0.17375032604134774
20251216,000859.SZ,0.2233725717007451
20251216,000572.SZ,0.13886809784642606
20251216,000950.SZ,0.18307839735084322
20251217,603122.SH,0.16274777446460803
20251217,600693.SH,0.2067001823988385
20251217,603601.SH,0.20732414150807602
20251217,605055.SH,0.14928828165733174
20251217,600336.SH,0.14767212340013192
20251217,601500.SH,0.1894268586699172
20251217,603212.SH,0.1901246972317775
20251217,600725.SH,0.16021816502073555
20251217,603528.SH,0.24154051077665054
20251217,002446.SZ,0.202854955253777
20251217,002115.SZ,0.19625796038158277
20251217,002300.SZ,0.22294521926810226
20251217,002104.SZ,0.15314593786080066
20251217,000890.SZ,0.23266010764529174
20251217,002627.SZ,0.17037481232062934
20251217,002471.SZ,0.1553659250779575
20251217,000949.SZ,0.17372687538381618
20251217,002584.SZ,0.17926615846071575
20251217,002383.SZ,0.2433440067795609
20251217,002187.SZ,0.22467653651969013
20251218,600824.SH,0.1804423322457087
20251218,603708.SH,0.1999815576677543
20251218,600258.SH,0.16396495956873322
20251218,605136.SH,0.1761417222301036
20251218,600336.SH,0.24210086537097467
20251218,601366.SH,0.19774152362037176
20251218,600628.SH,0.17162462760675282
20251218,603123.SH,0.21007703220314944
20251218,600186.SH,0.1555932756419351
20251218,600814.SH,0.16422244289970214
20251218,603421.SH,0.15411235636260465
20251218,600682.SH,0.17670960419917722
20251218,600271.SH,0.15810724925521355
20251218,002043.SZ,0.170128387005249
20251218,000721.SZ,0.18994211944956732
20251218,002115.SZ,0.16408696268974324
20251218,002627.SZ,0.22904724074336788
20251218,001376.SZ,0.17699943254362321
20251218,002697.SZ,0.16481032770605766
20251218,002251.SZ,0.18571371825790897
20251219,600865.SH,0.1961449974496026
20251219,603122.SH,0.21619013964705877
20251219,605136.SH,0.18488738503491417
20251219,603601.SH,0.22427870421793855
20251219,601366.SH,0.23509076023893186
20251219,600226.SH,0.21102864016957282
20251219,600594.SH,0.156366271499061
20251219,600725.SH,0.21707935333139616
20251219,600058.SH,0.1473827697837749
20251219,002491.SZ,0.20112421679091178
20251219,002772.SZ,0.20959385636145775
20251219,000759.SZ,0.17143531947447888
20251219,000863.SZ,0.1894960905841562
20251219,002419.SZ,0.19886527361962636
20251219,002727.SZ,0.15899420615466983
20251219,002766.SZ,0.1503532561566978
20251219,000546.SZ,0.16510100165336997
20251219,002638.SZ,0.14556543883355866
20251219,002561.SZ,0.179621704517375
20251219,000950.SZ,0.24220433477151382
20251222,600824.SH,0.1454383600510711
20251222,603601.SH,0.2041666903106824
20251222,603027.SH,0.15014966661937867
20251222,600226.SH,0.15529621222868498
20251222,600721.SH,0.14686111505178043
20251222,603212.SH,0.14821932188962975
20251222,600859.SH,0.1395419208398355
20251222,600108.SH,0.17687856433536675
20251222,600682.SH,0.13408625336927227
20251222,002489.SZ,0.14662065541211525
20251222,000759.SZ,0.1434763796283161
20251222,000863.SZ,0.1688308979997163
20251222,000419.SZ,0.2474881543481345
20251222,000546.SZ,0.14905050361753447
20251222,000501.SZ,0.13626528585614983
20251222,000949.SZ,0.1945338345864662
20251222,002187.SZ,0.1420475244715563
20251222,000520.SZ,0.15921180309263727
20251222,002582.SZ,0.147825649028231
20251222,002277.SZ,0.15205759682224432
20251223,600865.SH,0.23777839323575428
20251223,603601.SH,0.13617685327529136
20251223,603977.SH,0.14901544659080754
20251223,600226.SH,0.20753186330348186
20251223,603169.SH,0.14940646226944068
20251223,600712.SH,0.1525277429967819
20251223,605167.SH,0.17004222406349706
20251223,600108.SH,0.14459782241196958
20251223,600838.SH,0.17247383973152966
20251223,002643.SZ,0.1437978745189408
20251223,000759.SZ,0.183745969832754
20251223,002523.SZ,0.1461577014081172
20251223,002284.SZ,0.1760372532197967
20251223,002677.SZ,0.15463428720745145
20251223,002766.SZ,0.13996496495854902
20251223,000523.SZ,0.2578847771054488
20251223,000546.SZ,0.15635516317339218
20251223,000859.SZ,0.17245168666279806
20251223,000417.SZ,0.21152526467669863
20251223,002339.SZ,0.17592957547825364
20251224,600865.SH,0.16703858061443205
20251224,600232.SH,0.14910307442815188
20251224,603601.SH,0.14363913176606677
20251224,600712.SH,0.20986136154866808
20251224,600179.SH,0.20364570929586415
20251224,603162.SH,0.16184811576452449
20251224,600076.SH,0.18653613672189526
20251224,605167.SH,0.21641734426564152
20251224,601068.SH,0.1468986947005523
20251224,002631.SZ,0.2100803479286452
20251224,002394.SZ,0.17350491613649513
20251224,002643.SZ,0.23217427051792378
20251224,000543.SZ,0.19092119438868668
20251224,002522.SZ,0.15851228750609558
20251224,000759.SZ,0.2087174950952041
20251224,000796.SZ,0.15808134589868345
20251224,000566.SZ,0.23330577575159625
20251224,002320.SZ,0.20249770353485527
20251224,002596.SZ,0.1530070651742479
20251224,002383.SZ,0.13906684131142338
20251225,600693.SH,0.18035860185505215
20251225,600721.SH,0.12960012125264184
20251225,600775.SH,0.14568861868310568
20251225,600076.SH,0.1423987058830196
20251225,603212.SH,0.15599228855862343
20251225,600397.SH,0.1337572170818909
20251225,600033.SH,0.15424319087092264
20251225,600237.SH,0.17787161951600935
20251225,000796.SZ,0.16266764310928042
20251225,002669.SZ,0.1331850349309597
20251225,002284.SZ,0.17169025616037084
20251225,002788.SZ,0.20916803123105432
20251225,002510.SZ,0.12742780085103497
20251225,002197.SZ,0.1389416174195852
20251225,002324.SZ,0.15822019253106392
20251225,002478.SZ,0.12880212022142776
20251225,002560.SZ,0.16272382161130033
20251225,002083.SZ,0.14908516581582068
20251225,002169.SZ,0.22395368602364998
20251225,002745.SZ,0.13851499509890028
20251226,600865.SH,0.13645869191049917
20251226,600226.SH,0.19107980795361904
20251226,600721.SH,0.1413510055258629
20251226,600755.SH,0.19732992118851353
20251226,600877.SH,0.12574417972642452
20251226,603069.SH,0.12587088957333092
20251226,600058.SH,0.11110358728145667
20251226,000850.SZ,0.17273111241960323
20251226,000700.SZ,0.1400853791104267
20251226,002426.SZ,0.11864661654135339
20251226,002631.SZ,0.14892936407283272
20251226,002548.SZ,0.14006250566174475
20251226,002446.SZ,0.17957967207174566
20251226,002197.SZ,0.17226096113778425
20251226,002478.SZ,0.14926034966935417
20251226,002560.SZ,0.20476424494972376
20251226,000859.SZ,0.22882824531207543
20251226,000672.SZ,0.11017902436814929
20251226,002228.SZ,0.2568416523235801
20251226,002264.SZ,0.13284842377026906
20251229,603660.SH,0.14158392970377753
20251229,600537.SH,0.13436056255095574
20251229,603601.SH,0.26883198206359277
20251229,600755.SH,0.14511108343147025
20251229,600179.SH,0.18575176646435368
20251229,600966.SH,0.18583227647431835
20251229,600877.SH,0.13429692454026637
20251229,603123.SH,0.1784440393151554
20251229,601700.SH,0.13367401938581397
20251229,000850.SZ,0.21152210345139963
20251229,000036.SZ,0.1726652097110246
20251229,000700.SZ,0.15821824893559203
20251229,002631.SZ,0.15877038228100374
20251229,002363.SZ,0.13966901440347862
20251229,002788.SZ,0.17296845275840209
20251229,002163.SZ,0.1410773167859408
20251229,000949.SZ,0.15333261617900174
20251229,001376.SZ,0.17669705136334815
20251229,002169.SZ,0.15922569979164786
20251229,002383.SZ,0.13712700425763205
20251230,603936.SH,0.15794739106803155
20251230,600376.SH,0.14740567533291066
20251230,601700.SH,0.18382858501675878
20251230,600736.SH,0.20477183168765292
20251230,600776.SH,0.14797173657034157
20251230,601113.SH,0.16315393151553584
20251230,001217.SZ,0.14576580759126737
20251230,002196.SZ,0.171412378838663
20251230,000863.SZ,0.1988301703052813
20251230,002571.SZ,0.16748822357097568
20251230,000510.SZ,0.18734656671799985
20251230,002510.SZ,0.14934538907509745
20251230,002324.SZ,0.1551765332004711
20251230,002163.SZ,0.17160351934052
20251230,000612.SZ,0.14719154814747715
20251230,002347.SZ,0.19819141226560386
20251230,002169.SZ,0.1426532068122113
20251230,002383.SZ,0.18427088051453944
20251230,002476.SZ,0.14165945737838576
20251230,002171.SZ,0.16577565902708583
20251231,600376.SH,0.19949699189853434
20251231,600973.SH,0.15262811087554073
20251231,603085.SH,0.1525239506067709
20251231,600877.SH,0.16402689905713078
20251231,603123.SH,0.17279838067834302
20251231,603458.SH,0.23634512191308524
20251231,600192.SH,0.1475180067471572
20251231,600776.SH,0.14563103281390263
20251231,603095.SH,0.15954202909904466
20251231,600682.SH,0.1662592552417594
20251231,002092.SZ,0.1759126822032017
20251231,002446.SZ,0.16543578360497438
20251231,002571.SZ,0.19121173138357284
20251231,002324.SZ,0.15073471853204692
20251231,001369.SZ,0.18381024096385545
20251231,002471.SZ,0.20033704362307833
20251231,002177.SZ,0.18834608806931738
20251231,000659.SZ,0.16702305455044855
20251231,002169.SZ,0.16287417396264134
20251231,002383.SZ,0.24054109631774914
20260105,603601.SH,0.19767058186276673
20260105,603936.SH,0.11097165580253233
20260105,600973.SH,0.15903221419744945
20260105,600135.SH,0.19597968449998043
20260105,603278.SH,0.21168803937670472
20260105,605167.SH,0.18894603602180363
20260105,600725.SH,0.12488674818910661
20260105,603458.SH,0.1602452690220412
20260105,600638.SH,0.18851871660604386
20260105,600682.SH,0.11563572223233362
20260105,000680.SZ,0.14589950697721085
20260105,000700.SZ,0.2236114429481553
20260105,002548.SZ,0.1853624865128395
20260105,002367.SZ,0.18679351348523934
20260105,002471.SZ,0.15213093778774514
20260105,002177.SZ,0.16548530357443747
20260105,000659.SZ,0.16059811411428618
20260105,000672.SZ,0.16955926726640172
20260105,002765.SZ,0.11379283004325103
20260105,002083.SZ,0.1092054332195006
20260106,603601.SH,0.20063942417733618
20260106,600076.SH,0.22034336299571453
20260106,600678.SH,0.17224185030343553
20260106,600416.SH,0.1345940016881613
20260106,600186.SH,0.13133931357636536
20260106,603458.SH,0.15034587798440732
20260106,002400.SZ,0.12648107260447883
20260106,002735.SZ,0.20200497438934664
20260106,002036.SZ,0.16330257932585035
20260106,002446.SZ,0.1486405038137785
20260106,002571.SZ,0.1591553631414991
20260106,002115.SZ,0.1673155698779595
20260106,002243.SZ,0.16644886761362235
20260106,002268.SZ,0.12654133228484576
20260106,002471.SZ,0.13628584960609233
20260106,002347.SZ,0.19586187629692672
20260106,002585.SZ,0.13436200959251846
20260106,000859.SZ,0.13297555950288678
20260106,002208.SZ,0.15198594046284508
20260106,002476.SZ,0.227677478469376
20260107,600273.SH,0.15433040439703954
20260107,600399.SH,0.1497236424626683
20260107,600556.SH,0.1417450256970728
20260107,603601.SH,0.19624214859838462
20260107,603012.SH,0.14721741539351907
20260107,600973.SH,0.13735991729225122
20260107,600135.SH,0.17811333592506487
20260107,600198.SH,0.15736399002230553
20260107,603458.SH,0.1506147485428545
20260107,600776.SH,0.14223344022918777
20260107,000700.SZ,0.1649005350241927
20260107,002774.SZ,0.16366106860906351
20260107,002254.SZ,0.13887074083170728
20260107,002135.SZ,0.13921370755634258
20260107,002182.SZ,0.15558553503101488
20260107,000510.SZ,0.1774388717187137
20260107,002284.SZ,0.13641258144742832
20260107,000949.SZ,0.15216482786304097
20260107,002373.SZ,0.18094231239382683
20260107,002083.SZ,0.211280335981644
20260108,600399.SH,0.13432045111345273
20260108,603012.SH,0.15719540809733626
20260108,600135.SH,0.16324900555044294
20260108,600397.SH,0.12315048974412603
20260108,600481.SH,0.12288148827565808
20260108,603488.SH,0.1606217251011926
20260108,600838.SH,0.1849159264638711
20260108,601068.SH,0.12168987699655172
20260108,603687.SH,0.1638945843238023
20260108,002023.SZ,0.1462111192720291
20260108,002413.SZ,0.22669393149173836
20260108,002254.SZ,0.12069112337313158
20260108,002446.SZ,0.1572765617806008
20260108,002677.SZ,0.16453042410514843
20260108,002218.SZ,0.17287273303137501
20260108,002627.SZ,0.14558280249997232
20260108,002471.SZ,0.20362297520550648
20260108,000949.SZ,0.12671350011878385
20260108,002383.SZ,0.17936467483297153
20260108,002171.SZ,0.13604813205097754
20260109,600556.SH,0.15536992138520703
20260109,603601.SH,0.12872138789874765
20260109,600973.SH,0.19037875847117822
20260109,600775.SH,0.1466493084351098
20260109,600397.SH,0.1523015281555205
20260109,600736.SH,0.13892240059473593
20260109,600716.SH,0.13153130270186802
20260109,603458.SH,0.17411491089000827
20260109,600986.SH,0.14786182360143935
20260109,600838.SH,0.1594955756378809
20260109,002413.SZ,0.23222126146020508
20260109,002400.SZ,0.13448348315503764
20260109,000863.SZ,0.15510587377557436
20260109,002029.SZ,0.12247223379999156
20260109,002788.SZ,0.19734823997412634
20260109,002115.SZ,0.1413060225173926
20260109,002354.SZ,0.13159543499861062
20260109,000859.SZ,0.1546644075894025
20260109,002383.SZ,0.17654807882155948
20260109,002292.SZ,0.12387794505158921
20260112,600693.SH,0.1005138308554147
20260112,603015.SH,0.13125358463732403
20260112,600556.SH,0.11206449834066216
20260112,603601.SH,0.18426645958945234
20260112,600475.SH,0.09332395443271309
20260112,600775.SH,0.1330825521855475
20260112,600468.SH,0.09916641405047838
20260112,603488.SH,0.15251046287021858
20260112,601599.SH,0.108930360556919
20260112,600271.SH,0.09638021502413173
20260112,002413.SZ,0.1418603399946192
20260112,002400.SZ,0.09217869024438934
20260112,002735.SZ,0.11263053303467684
20260112,002254.SZ,0.09148559953308089
20260112,002419.SZ,0.11075981388369044
20260112,000510.SZ,0.10582975238259494
20260112,002471.SZ,0.13358923937390482
20260112,002177.SZ,0.1213258942630081
20260112,000917.SZ,0.09777260522405742
20260112,000859.SZ,0.09463324451271023
20260113,605162.SH,0.12446785206047356
20260113,603012.SH,0.15903042396165393
20260113,600481.SH,0.12170698123836475
20260113,603488.SH,0.1617622087293946
20260113,600838.SH,0.11782551390946477
20260113,000829.SZ,0.14442823984004802
20260113,002523.SZ,0.15192107422362724
20260113,000510.SZ,0.1343930677716714
20260113,002191.SZ,0.16091668896200204
20260113,002488.SZ,0.18728774752841662
20260113,000516.SZ,0.13470457849769576
20260113,000803.SZ,0.15878463005521917
20260113,002063.SZ,0.13853579913957134
20260113,002250.SZ,0.18598277185954123
20260113,002425.SZ,0.10487235679469602
20260113,000612.SZ,0.11839301691380517
20260113,000659.SZ,0.17491496008380644
20260113,002292.SZ,0.1734599531141179
20260113,002162.SZ,0.12409430937059504
20260113,002659.SZ,0.13039239608711936
20260114,600556.SH,0.18812622937704168
20260114,600094.SH,0.14043277236658858
20260114,600959.SH,0.15179577900468863
20260114,600828.SH,0.16042870969254627
20260114,600877.SH,0.14361765809956353
20260114,601900.SH,0.13488186741985542
20260114,603918.SH,0.14464940409349847
20260114,600633.SH,0.16821965020677665
20260114,603488.SH,0.20505468020321918
20260114,600589.SH,0.18519378352850346
20260114,002609.SZ,0.15707348047959735
20260114,002278.SZ,0.1753523561093314
20260114,002400.SZ,0.17636631273970324
20260114,002081.SZ,0.17190844210972792
20260114,002135.SZ,0.21459502097236158
20260114,002206.SZ,0.16950225292350213
20260114,002677.SZ,0.19549802323011736
20260114,000892.SZ,0.13636855804048062
20260114,002354.SZ,0.1700548778325654
20260114,002659.SZ,0.16961858888869455
20260115,601949.SH,0.1460712732243833
20260115,600063.SH,0.1373354309891935
20260115,600226.SH,0.1440923495816928
20260115,603108.SH,0.14110948859752692
20260115,600790.SH,0.13701778864893271
20260115,600382.SH,0.13989323421250346
20260115,600237.SH,0.14821887551335144
20260115,603458.SH,0.14620874123701447
20260115,600986.SH,0.14965860368426703
20260115,600633.SH,0.22171229162312248
20260115,600722.SH,0.13945812126107912
20260115,002609.SZ,0.21551306892324731
20260115,002400.SZ,0.1471966072205307
20260115,002426.SZ,0.17190658840941578
20260115,002258.SZ,0.1397177202962327
20260115,002206.SZ,0.20492224174259843
20260115,002446.SZ,0.19635660337922195
20260115,002004.SZ,0.1332887534388187
20260115,002490.SZ,0.17712108031159798
20260115,002354.SZ,0.1967783564847506
20260116,600273.SH,0.12735825288239386
20260116,600868.SH,0.16775122441716617
20260116,600676.SH,0.17835495952503355
20260116,600662.SH,0.12867172627285725
20260116,600790.SH,0.1463302226264384
20260116,600076.SH,0.1925058325754281
20260116,600725.SH,0.20201360840116828
20260116,600198.SH,0.18346607502979845
20260116,600237.SH,0.13299672923857356
20260116,603002.SH,0.1448650175400937
20260116,002643.SZ,0.1639955260050954
20260116,002153.SZ,0.26275249543844587
20260116,002446.SZ,0.169689249419567
20260116,000510.SZ,0.1794809149093621
20260116,002284.SZ,0.13471673172412627
20260116,002707.SZ,0.16846494523310532
20260116,002250.SZ,0.14734463883224216
20260116,000659.SZ,0.15360328883817365
20260116,000506.SZ,0.12042565090411984
20260116,002264.SZ,0.14111714297012254
20260119,600433.SH,0.17302751619846013
20260119,600785.SH,0.12317580201442756
20260119,600302.SH,0.13746467973088247
20260119,601096.SH,0.1348620800686917
20260119,600076.SH,0.1418510589019506
20260119,603861.SH,0.15906382221519244
20260119,600596.SH,0.13796862554583306
20260119,601700.SH,0.20391525395005175
20260119,600268.SH,0.15767821130587556
20260119,600198.SH,0.17998969060517564
20260119,603135.SH,0.13692672703547001
20260119,600409.SH,0.1832960406274891
20260119,002426.SZ,0.12847680809838274
20260119,000720.SZ,0.16846683764256626
20260119,002331.SZ,0.1878772532382798
20260119,000510.SZ,0.18903408031724694
20260119,000751.SZ,0.15899747490439103
20260119,002546.SZ,0.19004024900719121
20260119,002560.SZ,0.18095538432859007
20260119,000659.SZ,0.1662567011066359
20260120,600649.SH,0.15758746038650348
20260120,600076.SH,0.18775695813538357
20260120,603861.SH,0.16660846330702792
20260120,601700.SH,0.1884557373900567
20260120,600382.SH,0.16897759048259267
20260120,600058.SH,0.1640130378538382
20260120,600800.SH,0.154824288369308
20260120,600075.SH,0.16190088293611568
20260120,002196.SZ,0.13985823875993517
20260120,002452.SZ,0.16334645780491808
20260120,002092.SZ,0.14762674906650552
20260120,002454.SZ,0.15472356699411946
20260120,002357.SZ,0.1425692424148275
20260120,000523.SZ,0.17328993972534643
20260120,002004.SZ,0.1448932342125035
20260120,002478.SZ,0.1583255848110133
20260120,002627.SZ,0.1540395315862911
20260120,000949.SZ,0.1459066618462008
20260120,002585.SZ,0.16377089417759275
20260120,002533.SZ,0.14177025019347772
20260121,600246.SH,0.1344957999807935
20260121,600273.SH,0.1342650672511482
20260121,601339.SH,0.1491078560413054
20260121,601388.SH,0.14865901606006002
20260121,600496.SH,0.13275870932025785
20260121,600966.SH,0.1303909096558075
20260121,600800.SH,0.1823237375934201
20260121,600075.SH,0.18000827576077688
20260121,600841.SH,0.16547284816097346
20260121,002196.SZ,0.16806971410494684
20260121,000700.SZ,0.15206574851855412
20260121,002092.SZ,0.15011176513786348
20260121,002135.SZ,0.13286968360043613
20260121,000510.SZ,0.16791945114476656
20260121,002427.SZ,0.15343486439615198
20260121,002440.SZ,0.16205795292137187
20260121,000778.SZ,0.17883710026380756
20260121,002478.SZ,0.14332874824175396
20260121,002546.SZ,0.21385853815605885
20260121,002208.SZ,0.17991856990334598
20260122,603313.SH,0.15276709806070402
20260122,600531.SH,0.195218700394864
20260122,600868.SH,0.11590459996723591
20260122,600785.SH,0.12568923247261657
20260122,600649.SH,0.18713571117877342
20260122,601339.SH,0.11626401654022364
20260122,601388.SH,0.17083260367296912
20260122,600361.SH,0.16763895087079086
20260122,600382.SH,0.14805502674793675
20260122,600058.SH,0.1373057173361654
20260122,603608.SH,0.12193946549318452
20260122,000850.SZ,0.19291001734237925
20260122,002637.SZ,0.1528558153460285
20260122,000048.SZ,0.16197801980533608
20260122,002440.SZ,0.18035308971150643
20260122,002662.SZ,0.1827107494506364
20260122,000751.SZ,0.18512704563813745
20260122,000612.SZ,0.12809420244826944
20260122,000506.SZ,0.18165037876434137
20260122,002437.SZ,0.14224883207266856
20260123,601678.SH,0.11983569931590811
20260123,600959.SH,0.11265894827225846
20260123,600302.SH,0.1248292029849229
20260123,600397.SH,0.11636883342842458
20260123,600963.SH,0.11710989532433644
20260123,600770.SH,0.21251198996740542
20260123,002283.SZ,0.11673517000615742
20260123,002092.SZ,0.11093208227179523
20260123,000631.SZ,0.12474314072182714
20260123,000159.SZ,0.1800164102969671
20260123,000990.SZ,0.11848163797924567
20260123,002279.SZ,0.1131949520683753
20260123,002658.SZ,0.13786555984250637
20260123,000612.SZ,0.1117650248837722
20260123,002165.SZ,0.13843469492664798
20260123,001376.SZ,0.1199491591488112
20260123,002554.SZ,0.1120636583946719
20260123,002745.SZ,0.12524203069657622
20260123,000968.SZ,0.10981844167142127
20260123,002815.SZ,0.14221999401207758
20260126,600273.SH,0.11750868531207813
20260126,600959.SH,0.14622444541104831
20260126,601619.SH,0.1336809623608232
20260126,600302.SH,0.10717274026538927
20260126,600623.SH,0.10261999853126433
20260126,601226.SH,0.16782742920411478
20260126,600618.SH,0.10652963174276792
20260126,600986.SH,0.10030157098230176
20260126,600500.SH,0.09974878970529256
20260126,600108.SH,0.12460603989312126
20260126,601636.SH,0.09868977477502926
20260126,600841.SH,0.1381492235472227
20260126,002201.SZ,0.09733102478209046
20260126,002092.SZ,0.15268343661558106
20260126,000631.SZ,0.12014102687221435
20260126,000159.SZ,0.10587319161916814
20260126,000510.SZ,0.14457214599232873
20260126,000990.SZ,0.16267829604062753
20260126,002658.SZ,0.1801782254283342
20260126,000751.SZ,0.10000155347045302
20260127,600868.SH,0.1860752275128091
20260127,600452.SH,0.15142306366969263
20260127,601619.SH,0.16524849878264408
20260127,600490.SH,0.22144297633640828
20260127,601388.SH,0.1945568090022201
20260127,603212.SH,0.16412590454347742
20260127,603387.SH,0.15646955480361313
20260127,600708.SH,0.16155931715087876
20260127,600481.SH,0.17118863085587754
20260127,601226.SH,0.17561415748236106
20260127,600078.SH,0.18340159188354058
20260127,002201.SZ,0.21514899193890064
20260127,000758.SZ,0.17662069335623057
20260127,002259.SZ,0.1770061517429939
20260127,000510.SZ,0.2144299045886693
20260127,002440.SZ,0.22209501025290507
20260127,002490.SZ,0.1656873400631557
20260127,000751.SZ,0.17095775690164555
20260127,002165.SZ,0.20957988509967632
20260127,002339.SZ,0.15263092931426994
20260128,601619.SH,0.20346570784587317
20260128,603898.SH,0.16238949176095765
20260128,600708.SH,0.1741740621275202
20260128,600313.SH,0.15559435779531477
20260128,601226.SH,0.17970032142715922
20260128,600963.SH,0.1382229427814465
20260128,600770.SH,0.16013597103201285
20260128,601218.SH,0.14074264361128216
20260128,002030.SZ,0.18107466261446256
20260128,002637.SZ,0.13877137434118733
20260128,000816.SZ,0.13999533958864108
20260128,002291.SZ,0.14939214113420293
20260128,002279.SZ,0.1551678030538405
20260128,000778.SZ,0.1410561621936133
20260128,002539.SZ,0.14968040876044358
20260128,002054.SZ,0.19003022206154005
20260128,000751.SZ,0.1943639527067105
20260128,002079.SZ,0.14963996203883115
20260128,000659.SZ,0.17947913547957045
20260128,002339.SZ,0.15126167221208545
20260129,603916.SH,0.1491479355789926
20260129,600791.SH,0.11250879829174741
20260129,600959.SH,0.17058560187094338
20260129,600173.SH,0.11742578647972302
20260129,600649.SH,0.16370982866633152
20260129,603980.SH,0.17478353095360494
20260129,603162.SH,0.13220030730470056
20260129,603212.SH,0.14435076233031865
20260129,600354.SH,0.12319916056105702
20260129,600618.SH,0.13622046287770517
20260129,600722.SH,0.17054117261598775
20260129,600770.SH,0.1169699700038978
20260129,600800.SH,0.11395762132604241
20260129,002491.SZ,0.12881264016540228
20260129,002400.SZ,0.1245675703157217
20260129,000863.SZ,0.14293026894810285
20260129,000990.SZ,0.13641721697180598
20260129,000599.SZ,0.11449040520158399
20260129,002169.SZ,0.18794111499635646
20260129,002647.SZ,0.1496734322658638
20260130,601678.SH,0.2072280720584331
20260130,600273.SH,0.23223968071945458
20260130,600649.SH,0.18763279347881354
20260130,601388.SH,0.1601720680363569
20260130,600481.SH,0.1749749467583309
20260130,600916.SH,0.19530770012936174
20260130,603002.SH,0.14815029685408115
20260130,600618.SH,0.15177459991074607
20260130,600986.SH,0.17107053885653276
20260130,600722.SH,0.1711406992311734
20260130,603599.SH,0.1618487145738125
20260130,600075.SH,0.17098735757500438
20260130,002491.SZ,0.19703289967970267
20260130,002400.SZ,0.15597854516079837
20260130,002556.SZ,0.14798017771701985
20260130,002548.SZ,0.18561045739819124
20260130,002734.SZ,0.1461388350666298
20260130,002440.SZ,0.17929266253537676
20260130,002165.SZ,0.1908305135490869
20260130,001376.SZ,0.14921027211153354
20260202,600452.SH,0.1609875547156012
20260202,601388.SH,0.15864461038712382
20260202,603162.SH,0.17596327133389086
20260202,600354.SH,0.22998211510157038
20260202,600084.SH,0.180743615011159
20260202,600313.SH,0.23922713220190192
20260202,601226.SH,0.16557024201286552
20260202,600963.SH,0.1977888426515271
20260202,603002.SH,0.15274431157460094
20260202,600199.SH,0.16029491514935673
20260202,603599.SH,0.1960605024108982
20260202,002283.SZ,0.1896074585360682
20260202,002562.SZ,0.16205368275318216
20260202,002440.SZ,0.17596393446249162
20260202,000599.SZ,0.15391275360540635
20260202,002471.SZ,0.16156394872224314
20260202,002041.SZ,0.17398749237700714
20260202,000998.SZ,0.16781617208498759
20260202,002181.SZ,0.1735107462474205
20260202,002948.SZ,0.1696055563290852
20260203,600232.SH,0.22769741090000564
20260203,601096.SH,0.17957406452143101
20260203,600828.SH,0.1702432419125908
20260203,603697.SH,0.17400284853710482
20260203,600084.SH,0.2366589746766868
20260203,600054.SH,0.17369338022066128
20260203,600199.SH,0.18629054516970753
20260203,603291.SH,0.1671710578756974
20260203,002491.SZ,0.20342540149873695
20260203,002772.SZ,0.1783254570819289
20260203,000599.SZ,0.22654178753482904
20260203,001330.SZ,0.20858147917140105
20260203,002575.SZ,0.18771568916576023
20260203,002041.SZ,0.2439522662894931
20260203,002165.SZ,0.18184492286899656
20260203,002169.SZ,0.21297159544894603
20260203,002358.SZ,0.1768952314023191
20260203,002606.SZ,0.175261731111983
20260203,002948.SZ,0.18272605428532
20260203,002339.SZ,0.22065060653866567
20260204,600984.SH,0.16917527665896526
20260204,603601.SH,0.17853019099213105
20260204,601619.SH,0.15462770374471121
20260204,600172.SH,0.14031504380786683
20260204,600649.SH,0.1590129248741689
20260204,603212.SH,0.1521324347683635
20260204,600963.SH,0.18517952469453128
20260204,600770.SH,0.1537208159391718
20260204,002491.SZ,0.14380337583251898
20260204,002455.SZ,0.19369392677787636
20260204,002218.SZ,0.14861645096964804
20260204,002644.SZ,0.1340347581952628
20260204,000599.SZ,0.15095798286098422
20260204,002350.SZ,0.14567886658795753
20260204,002161.SZ,0.13247425475785635
20260204,002930.SZ,0.15687198838569003
20260204,002471.SZ,0.23131124204199457
20260204,002358.SZ,0.1641515791733278
20260204,002606.SZ,0.18061254752207345
20260204,002334.SZ,0.1372767945408224
20260205,600791.SH,0.165074594826661
20260205,600586.SH,0.19783999819232534
20260205,601619.SH,0.19881591657581224
20260205,600172.SH,0.15413658112222708
20260205,600828.SH,0.15252628189557296
20260205,600481.SH,0.16571502008213626
20260205,600072.SH,0.22193418369364437
20260205,601226.SH,0.14662066511131325
20260205,603126.SH,0.17395587014116815
20260205,601636.SH,0.12783745614976588
20260205,002491.SZ,0.14527767578224302
20260205,002467.SZ,0.1583266581178717
20260205,002441.SZ,0.18695830485304174
20260205,000401.SZ,0.1476671675432006
20260205,002488.SZ,0.14173833343689807
20260205,002644.SZ,0.1280358202041543
20260205,000778.SZ,0.16006775955666783
20260205,002471.SZ,0.1572216887071172
20260205,000533.SZ,0.14102305915050592
20260205,002334.SZ,0.1761203911356152
20260206,601339.SH,0.15933506293815572
20260206,600382.SH,0.17088359605633288
20260206,600987.SH,0.15985774320934276
20260206,002467.SZ,0.22893078780447126
20260206,002283.SZ,0.21378977540538613
20260206,000822.SZ,0.17335766882680992
20260206,002357.SZ,0.16134116858391429
20260206,002455.SZ,0.1798558298659138
20260206,002218.SZ,0.2250099982756787
20260206,000401.SZ,0.15325421859730629
20260206,002291.SZ,0.2444539398231602
20260206,000778.SZ,0.19183283795488829
20260206,002054.SZ,0.16917641965362196
20260206,002905.SZ,0.1694084654425052
20260206,002471.SZ,0.2036620375861257
20260206,000428.SZ,0.1623971056470465
20260206,002355.SZ,0.25549882991445083
20260206,002948.SZ,0.19778900974072203
20260206,000533.SZ,0.16697041699193485
20260206,002264.SZ,0.24189788191896286
20260209,601015.SH,0.1645428842579778
20260209,600063.SH,0.12202151697801983
20260209,600851.SH,0.13112366754602517
20260209,600261.SH,0.12162182315292368
20260209,600814.SH,0.2457651548103919
20260209,600841.SH,0.16903258333662866
20260209,600216.SH,0.16372222818503815
20260209,000782.SZ,0.13853222462617856
20260209,002772.SZ,0.19374795930472316
20260209,000767.SZ,0.22172776983781775
20260209,002441.SZ,0.20045742643611283
20260209,002218.SZ,0.11691709551866145
20260209,002054.SZ,0.18789634680239298
20260209,002905.SZ,0.11951187133875263
20260209,002109.SZ,0.1349715291233343
20260209,002471.SZ,0.19106147223807085
20260209,000428.SZ,0.13275726882947417
20260209,002339.SZ,0.21130101738192217
20260209,000533.SZ,0.17801048451331186
20260209,002162.SZ,0.12702513232743773
20260210,603999.SH,0.14438242488264239
20260210,600791.SH,0.13729165136733648
20260210,600185.SH,0.2386690994955458
20260210,600172.SH,0.19396245120690533
20260210,600261.SH,0.15357094840783406
20260210,600683.SH,0.15079712805680617
20260210,600353.SH,0.13214836490173595
20260210,600722.SH,0.1860520949255182
20260210,601599.SH,0.16960872316026734
20260210,001217.SZ,0.1562487925297843
20260210,002491.SZ,0.1762560797184547
20260210,002283.SZ,0.153240256915768
20260210,002092.SZ,0.17347485919908714
20260210,002548.SZ,0.16186515311569682
20260210,002218.SZ,0.223641221762144
20260210,002054.SZ,0.2487770515695701
20260210,002905.SZ,0.1610966089152258
20260210,002079.SZ,0.1565310439886343
20260210,002471.SZ,0.14313176818831455
20260210,000533.SZ,0.1714933370240026
20260211,603999.SH,0.13555071939804433
20260211,600545.SH,0.14613680143258226
20260211,605366.SH,0.2088545273777984
20260211,600683.SH,0.1895540127554047
20260211,603328.SH,0.16064850330183086
20260211,600186.SH,0.16633680369217563
20260211,600590.SH,0.14958674861458685
20260211,600708.SH,0.16367375990690478
20260211,600722.SH,0.1860966654050604
20260211,600841.SH,0.20263736915542052
20260211,600216.SH,0.17933017178558722
20260211,002491.SZ,0.17781486021590417
20260211,002440.SZ,0.2627216237438074
20260211,000571.SZ,0.14884017895979623
20260211,002492.SZ,0.14283700423108864
20260211,002575.SZ,0.15843232235359253
20260211,000839.SZ,0.20501158041610415
20260211,000818.SZ,0.1501208600012428
20260211,002292.SZ,0.19970933155578657
20260211,002162.SZ,0.15912245866356353
20260212,600545.SH,0.19515252255356652
20260212,603682.SH,0.18021000096032722
20260212,603980.SH,0.23579952887477904
20260212,600683.SH,0.23386881930596595
20260212,600186.SH,0.18238084881625558
20260212,600987.SH,0.16672921032860144
20260212,600590.SH,0.1685194579235467
20260212,601568.SH,0.14098707512583117
20260212,601636.SH,0.1566603774650752
20260212,600075.SH,0.20609584630245792
20260212,600409.SH,0.13831013484123533
20260212,001217.SZ,0.20587723064234595
20260212,002491.SZ,0.1716376685515442
20260212,002092.SZ,0.18550095185371399
20260212,002254.SZ,0.19090635115211022
20260212,002455.SZ,0.2617831863656136
20260212,000892.SZ,0.19152446292289707
20260212,002723.SZ,0.13915601362534816
20260212,002248.SZ,0.1529276139258741
20260212,000659.SZ,0.19568270789671402
20260213,600545.SH,0.16731190297306
20260213,600490.SH,0.16034255435734343
20260213,603682.SH,0.1666227834801128
20260213,605006.SH,0.24141391231647868
20260213,600666.SH,0.16953963609248518
20260213,600590.SH,0.2028226840580038
20260213,600821.SH,0.1645558769199483
20260213,601568.SH,0.171430689797371
20260213,002283.SZ,0.18726128808120981
20260213,000767.SZ,0.19370581788807106
20260213,002296.SZ,0.1601209447359948
20260213,002510.SZ,0.1896291724804122
20260213,002478.SZ,0.1907040610542133
20260213,002054.SZ,0.17388265931545624
20260213,002248.SZ,0.1924129632872565
20260213,002448.SZ,0.18715308180292958
20260213,002208.SZ,0.1711085000254205
20260213,002358.SZ,0.1784581099631122
20260213,000533.SZ,0.17658307112635085
20260213,002334.SZ,0.17087655276433011
20260224,601890.SH,0.1492150172576445
20260224,600984.SH,0.19509298226784094
20260224,605007.SH,0.168539342345345
20260224,600479.SH,0.12137869090457175
20260224,600172.SH,0.1299538195601702
20260224,603007.SH,0.11901058054603077
20260224,603088.SH,0.12376555588821793
20260224,600966.SH,0.2005363144902075
20260224,603155.SH,0.1087521960423222
20260224,600725.SH,0.12892016856566665
20260224,600716.SH,0.14289499104636127
20260224,000779.SZ,0.15119004310174386
20260224,002283.SZ,0.16276947063375952
20260224,002440.SZ,0.1627614490772386
20260224,002510.SZ,0.18315956118696444
20260224,002374.SZ,0.11817503940165967
20260224,000839.SZ,0.1489562655700107
20260224,000922.SZ,0.12309380701942688
20260224,000859.SZ,0.18052538370720192
20260224,002169.SZ,0.21273255452681292
20260225,600545.SH,0.1632228296317551
20260225,601890.SH,0.1938892065255476
20260225,600984.SH,0.18929345203288536
20260225,600158.SH,0.1451166438788204
20260225,600479.SH,0.1418827861689269
20260225,600683.SH,0.17898217128111474
20260225,600821.SH,0.1377649768865402
20260225,603727.SH,0.1776017258337327
20260225,603466.SH,0.15871431178717108
20260225,000779.SZ,0.13928601471472207
20260225,002283.SZ,0.13787018036243584
20260225,002441.SZ,0.17565656895782766
20260225,002092.SZ,0.16792285857843856
20260225,000035.SZ,0.15028794902612355
20260225,000839.SZ,0.1965477931395982
20260225,002457.SZ,0.1434216973552901
20260225,002169.SZ,0.18298982942394984
20260225,002443.SZ,0.14135977841396927
20260225,000968.SZ,0.1895834267020189
20260225,000012.SZ,0.17050583448392587
20260226,605366.SH,0.14963318489513514
20260226,600984.SH,0.1798857729637331
20260226,601619.SH,0.1862676557139849
20260226,600172.SH,0.15784649324814495
20260226,605006.SH,0.15846563596904065
20260226,600507.SH,0.1566682460654862
20260226,603002.SH,0.18127725099483855
20260226,600409.SH,0.16708284802125783
20260226,002283.SZ,0.17450965208310396
20260226,000767.SZ,0.16522432087837893
20260226,000823.SZ,0.1409362541247197
20260226,002348.SZ,0.1567558317688859
20260226,002562.SZ,0.14848035539646479
20260226,002478.SZ,0.15249064550228475
20260226,000035.SZ,0.15697117186869827
20260226,000890.SZ,0.18676896982098387
20260226,000839.SZ,0.19674579009507243
20260226,002546.SZ,0.1416820840347116
20260226,002358.SZ,0.18001852356510437
20260226,002795.SZ,0.1762713098709415
20260227,600452.SH,0.16290828394606469
20260227,603936.SH,0.14704693104903918
20260227,600172.SH,0.19877493150054978
20260227,603269.SH,0.14439875250637513
20260227,600320.SH,0.14184062904648556
20260227,601369.SH,0.14266627403468726
20260227,600590.SH,0.16623784474457112
20260227,600821.SH,0.18478488628458148
20260227,600237.SH,0.2247990544366779
20260227,603912.SH,0.17210487948182818
20260227,600108.SH,0.14815950418706356
20260227,600078.SH,0.198648781028641
20260227,600110.SH,0.176871080977872
20260227,002491.SZ,0.1646844448932461
20260227,002283.SZ,0.2053504207474675
20260227,002452.SZ,0.17537576419556714
20260227,002628.SZ,0.15596605504157818
20260227,002734.SZ,0.15687571792618454
20260227,000510.SZ,0.1427422661240192
20260227,000890.SZ,0.2264614443467994
20260302,605366.SH,0.11661021825364062
20260302,601619.SH,0.14768761371793707
20260302,600172.SH,0.15233107906163815
20260302,600644.SH,0.1301391969246135
20260302,600152.SH,0.11920454445035258
20260302,603861.SH,0.1406414643241383
20260302,600725.SH,0.1737849784450476
20260302,601226.SH,0.11813673336424421
20260302,600963.SH,0.12388508506291586
20260302,600110.SH,0.13822932001196772
20260302,002491.SZ,0.16472042891792085
20260302,002283.SZ,0.12154720435315004
20260302,000767.SZ,0.13847045282196205
20260302,002734.SZ,0.15794419943059015
20260302,000778.SZ,0.11690553799177926
20260302,002478.SZ,0.14582588310411873
20260302,000890.SZ,0.18594162097780317
20260302,002546.SZ,0.1732957441514946
20260302,002177.SZ,0.11690480523913847
20260302,000600.SZ,0.13400448009019605
20260303,600782.SH,0.15994269106274328
20260303,600452.SH,0.23055134078622558
20260303,603162.SH,0.1381458906469781
20260303,601008.SH,0.1669642645305978
20260303,600821.SH,0.1532510747191043
20260303,600313.SH,0.13984739271168156
20260303,600963.SH,0.14805499850301942
20260303,600075.SH,0.1701315648249098
20260303,000791.SZ,0.2236660490444745
20260303,001286.SZ,0.14949950006496335
20260303,000543.SZ,0.1480152861492575
20260303,000159.SZ,0.16554727351813045
20260303,002182.SZ,0.1547945182264452
20260303,002350.SZ,0.166660970608339
20260303,000778.SZ,0.14452664343051472
20260303,000035.SZ,0.22611417725380323
20260303,000751.SZ,0.1882765798794507
20260303,002546.SZ,0.14481047660473503
20260303,000930.SZ,0.16088731407783172
20260303,000731.SZ,0.14336990108629957
20260304,600979.SH,0.16667673127220758
20260304,605366.SH,0.1688436813295448
20260304,600997.SH,0.170711715426809
20260304,600227.SH,0.22209088649497524
20260304,600644.SH,0.20506764657699852
20260304,600681.SH,0.16294467385593966
20260304,600744.SH,0.23851301808239608
20260304,600123.SH,0.21198064658264754
20260304,603727.SH,0.1725137411522797
20260304,600691.SH,0.22340633702965154
20260304,002491.SZ,0.20177126701050146
20260304,002348.SZ,0.15645043299458264
20260304,000912.SZ,0.18140108912401218
20260304,002350.SZ,0.1764379487411241
20260304,000035.SZ,0.1616054411008739
20260304,000890.SZ,0.18158945447766675
20260304,002546.SZ,0.17501429192816756
20260304,002040.SZ,0.16981573015935783
20260304,002554.SZ,0.2064105794162341
20260304,000852.SZ,0.16453777192794158
20260305,605366.SH,0.206954181095112
20260305,603318.SH,0.1662026120899545
20260305,601619.SH,0.24983276184450612
20260305,600821.SH,0.25257537156188753
20260305,600313.SH,0.19685998429582602
20260305,600860.SH,0.16189605305525273
20260305,600971.SH,0.1681839083057004
20260305,600722.SH,0.22489693429667335
20260305,603608.SH,0.20558684464730578
20260305,002491.SZ,0.1627205504369489
20260305,002121.SZ,0.17053560836727436
20260305,002357.SZ,0.20144828638086582
20260305,002135.SZ,0.17706792337718832
20260305,002348.SZ,0.19001708817498295
20260305,002350.SZ,0.18256596600441755
20260305,000803.SZ,0.18020327867000338
20260305,002546.SZ,0.17815461832643217
20260305,002358.SZ,0.17957683464860502
20260305,002383.SZ,0.17626364935629835
20260305,000852.SZ,0.17809250775322985
20260306,603058.SH,0.15116312569553111
20260306,600666.SH,0.1511507261768245
20260306,600318.SH,0.17326740028131943
20260306,600268.SH,0.17540172745914376
20260306,600744.SH,0.15537695666664786
20260306,600468.SH,0.17751653739909504
20260306,600722.SH,0.21289705292532615
20260306,600108.SH,0.19227620139755858
20260306,600470.SH,0.15836637047163366
20260306,600800.SH,0.18355275868107535
20260306,600075.SH,0.14590530609016913
20260306,000791.SZ,0.14004490941855016
20260306,002452.SZ,0.1575050134728256
20260306,000920.SZ,0.15713424244307242
20260306,000803.SZ,0.1916133214328082
20260306,002490.SZ,0.14203289967970267
20260306,002382.SZ,0.1465196330420341
20260306,002560.SZ,0.183011275370997
20260306,002358.SZ,0.150564418182948
20260306,000682.SZ,0.1465388960756512
20260309,600545.SH,0.23799994915914888
20260309,600979.SH,0.14590493890624387
20260309,600452.SH,0.16878414104381917
20260309,603269.SH,0.21313185292306652
20260309,600710.SH,0.1758262768114878
20260309,600268.SH,0.15435745637572523
20260309,600744.SH,0.14954596295396647
20260309,600590.SH,0.18189901877157208
20260309,603316.SH,0.17420453839331615
20260309,600468.SH,0.15999115934087665
20260309,600396.SH,0.2099507408641815
20260309,000509.SZ,0.203829106952204
20260309,002452.SZ,0.22700154782146956
20260309,000720.SZ,0.1757563141512685
20260309,000862.SZ,0.15139046903509715
20260309,002478.SZ,0.207574382989781
20260309,001258.SZ,0.1566865322585201
20260309,002448.SZ,0.20351598379871544
20260309,002358.SZ,0.14546171966354654
20260309,002339.SZ,0.17754992289137575
20260310,600979.SH,0.18612030640086322
20260310,600452.SH,0.2142616496161516
20260310,600227.SH,0.18926201680007687
20260310,601096.SH,0.20437505295922
20260310,600405.SH,0.16026956949097013
20260310,600725.SH,0.16274681821006315
20260310,600186.SH,0.17802387260412492
20260310,600590.SH,0.23860574614598104
20260310,603289.SH,0.18762734220976943
20260310,600468.SH,0.19054865751907948
20260310,600108.SH,0.2106062489055095
20260310,000862.SZ,0.25217087610084576
20260310,002350.SZ,0.16458107138620412
20260310,002063.SZ,0.21597289617733292
20260310,000035.SZ,0.1707789948198822
20260310,002300.SZ,0.165347525462793
20260310,000601.SZ,0.253820209803246
20260310,002546.SZ,0.18566087457562014
20260310,002471.SZ,0.1634889534128334
20260310,000682.SZ,0.18071654530767192
20260311,601222.SH,0.13591420323912712
20260311,600433.SH,0.13876739180784425
20260311,600227.SH,0.18940855143116997
20260311,603007.SH,0.13996955197912142
20260311,600135.SH,0.1506978754173187
20260311,601330.SH,0.1391806149483401
20260311,600866.SH,0.1298616846398491
20260311,600268.SH,0.16806968586002952
20260311,600821.SH,0.12336603153262572
20260311,600722.SH,0.1419197505408902
20260311,603887.SH,0.12482612428893425
20260311,600396.SH,0.2181791914045068
20260311,600800.SH,0.13873346966213435
20260311,002452.SZ,0.14548784621207417
20260311,002631.SZ,0.13831572733486613
20260311,000899.SZ,0.17013856956440696
20260311,002350.SZ,0.1829578077424968
20260311,000035.SZ,0.1703663083328155
20260311,001369.SZ,0.12223891810668674
20260311,002638.SZ,0.16821670065471722
20260312,600545.SH,0.17194915349982773
20260312,600433.SH,0.2156839506730764
20260312,600227.SH,0.17193850516599538
20260312,603936.SH,0.14981914779435443
20260312,600310.SH,0.15668520474740574
20260312,603158.SH,0.15608002914875468
20260312,600268.SH,0.1769185924992798
20260312,600821.SH,0.1862143337306452
20260312,603421.SH,0.21271394112629438
20260312,600396.SH,0.16167633584336502
20260312,002452.SZ,0.21328573123266475
20260312,000899.SZ,0.1780834976246025
20260312,002350.SZ,0.16635762019624575
20260312,000035.SZ,0.170003106940906
20260312,000890.SZ,0.15830776226817989
20260312,001258.SZ,0.1967119809290319
20260312,000601.SZ,0.1655232935833197
20260312,002248.SZ,0.17154253966998642
20260312,002177.SZ,0.1520962530292674
20260312,000533.SZ,0.17911813719121247
20260313,600328.SH,0.2274842817035075
20260313,600227.SH,0.14470306118413995
20260313,603936.SH,0.16310606531354682
20260313,600063.SH,0.2127857114612226
20260313,603169.SH,0.14558026358156856
20260313,600623.SH,0.13901902577631162
20260313,600746.SH,0.1560103489377087
20260313,600628.SH,0.14789600786338503
20260313,600683.SH,0.15646334092180117
20260313,603158.SH,0.15436036560220995
20260313,600821.SH,0.15610999700603878
20260313,603803.SH,0.17742378109059279
20260313,605377.SH,0.16283316292233216
20260313,600396.SH,0.1407665105664236
20260313,002631.SZ,0.19565949057467114
20260313,002109.SZ,0.15537269168413145
20260313,001369.SZ,0.16318557475582274
20260313,002449.SZ,0.13832372064646972
20260313,002638.SZ,0.23477042531196515
20260313,002366.SZ,0.1405474429876344
20260316,600545.SH,0.15894344237754424
20260316,600057.SH,0.16495201188546127
20260316,600746.SH,0.22345296938815865
20260316,600152.SH,0.16589112714167092
20260316,603803.SH,0.24187503883676137
20260316,603421.SH,0.1665673104624823
20260316,600722.SH,0.14170878925337388
20260316,600470.SH,0.13012848612892114
20260316,600110.SH,0.16208345808171826
20260316,000010.SZ,0.17389520005874945
20260316,002135.SZ,0.15565677906260772
20260316,002692.SZ,0.16205942165707285
20260316,000823.SZ,0.1350553600379612
20260316,002734.SZ,0.14203976319461312
20260316,002274.SZ,0.1403274998164081
20260316,002382.SZ,0.18576673652576223
20260316,002109.SZ,0.13993746575303778
20260316,002627.SZ,0.13911703563943673
20260316,000930.SZ,0.21775370996989094
20260316,002815.SZ,0.1547405986792677
20260317,600227.SH,0.20026499381436313
20260317,600152.SH,0.21900001694695043
20260317,601330.SH,0.1813667715494597
20260317,603817.SH,0.16682049790140271
20260317,600722.SH,0.1918149054077719
20260317,601218.SH,0.22501564768419927
20260317,600470.SH,0.22532351728306496
20260317,600691.SH,0.18865407319952776
20260317,002310.SZ,0.19914352937188953
20260317,000420.SZ,0.15390598961716842
20260317,002734.SZ,0.16703425543573439
20260317,002427.SZ,0.17434206289578197
20260317,000677.SZ,0.15323890115973635
20260317,000912.SZ,0.18677527778876193
20260317,002382.SZ,0.15064090541906988
20260317,001369.SZ,0.15999248685199102
20260317,002256.SZ,0.152779271620072
20260317,002585.SZ,0.16617662676601352
20260317,002724.SZ,0.21516141970252453
20260317,000533.SZ,0.1833215175429182
20260318,600791.SH,0.23206221790388826
20260318,600545.SH,0.2615630172350486
20260318,605366.SH,0.15660213644554666
20260318,600328.SH,0.2064148726436678
20260318,603558.SH,0.2080946543669467
20260318,600227.SH,0.23455409749015668
20260318,603332.SH,0.16171830779051313
20260318,601330.SH,0.2604366381769601
20260318,603817.SH,0.15044731475570977
20260318,600575.SH,0.15784931901504334
20260318,603357.SH,0.17698999565028276
20260318,600722.SH,0.15258480536427474
20260318,600691.SH,0.22237929534580256
20260318,000042.SZ,0.2061400495980749
20260318,000420.SZ,0.17781429531755763
20260318,002135.SZ,0.18254127994667366
20260318,002427.SZ,0.2095222372234117
20260318,002382.SZ,0.24212740717307926
20260318,002355.SZ,0.15234898854951054
20260318,000533.SZ,0.16400281319376583
20260319,600643.SH,0.15226984629115994
20260319,600979.SH,0.1498479011201935
20260319,603105.SH,0.1633744485179892
20260319,603088.SH,0.1383311773046441
20260319,600683.SH,0.1530682171243285
20260319,601330.SH,0.15938903419329697
20260319,603817.SH,0.16457485750439213
20260319,600186.SH,0.18797876547115352
20260319,600821.SH,0.18929560000677884
20260319,600429.SH,0.14056557622455843
20260319,603421.SH,0.155896578410715
20260319,601218.SH,0.17396555814781134
20260319,000509.SZ,0.162444089186151
20260319,002310.SZ,0.1866270767075465
20260319,002135.SZ,0.19079111188941553
20260319,002587.SZ,0.14575046745338177
20260319,002229.SZ,0.1413575354614937
20260319,000890.SZ,0.16559348220287762
20260319,002445.SZ,0.13451740734254877
20260319,002654.SZ,0.1711192895838394
20260320,600979.SH,0.23946297938685937
20260320,600310.SH,0.1877907955463415
20260320,601015.SH,0.17809767657310072
20260320,603105.SH,0.16792117408472348
20260320,600408.SH,0.17198996740536543
20260320,603817.SH,0.22767900216356068
20260320,600666.SH,0.22831417386441313
20260320,600575.SH,0.23074846206425156
20260320,600186.SH,0.24705086344712265
20260320,600744.SH,0.16835012964417057
20260320,600821.SH,0.23114363670257543
20260320,603693.SH,0.20943775667568623
20260320,600468.SH,0.19961603859385507
20260320,001286.SZ,0.17125752020923837
20260320,000862.SZ,0.18673940674375653
20260320,000037.SZ,0.19884071561322544
20260320,000890.SZ,0.19603319907582634
20260320,001258.SZ,0.24236517288713896
20260320,000539.SZ,0.19274967094671316
20260320,000968.SZ,0.17614307180422883
20260323,600310.SH,0.19038130638391626
20260323,603105.SH,0.1661155894996696
20260323,600683.SH,0.1713841704185332
20260323,601330.SH,0.17238926580161906
20260323,605050.SH,0.1518959965654181
20260323,600575.SH,0.14554139857532641
20260323,603693.SH,0.14887294306389567
20260323,600815.SH,0.16757305547866666
20260323,603803.SH,0.17238791004558737
20260323,601218.SH,0.16844359207560605
20260323,600075.SH,0.15161270004462699
20260323,000010.SZ,0.1666511978669439
20260323,000509.SZ,0.1686081752088712
20260323,000791.SZ,0.14983663139817993
20260323,000670.SZ,0.15201072741960087
20260323,000862.SZ,0.1596543387017507
20260323,000890.SZ,0.13689226823633094
20260323,001258.SZ,0.14398900142919285
20260323,000601.SZ,0.1565875903131232
20260323,000539.SZ,0.2542597007168561
20260324,600207.SH,0.2265934370110099
20260324,601908.SH,0.24681538557136645
20260324,600617.SH,0.25748990244205566
20260324,600121.SH,0.24641752766589659
20260324,600310.SH,0.26463383289177117
20260324,601015.SH,0.26411734633352735
20260324,600681.SH,0.22031148494828362
20260324,603366.SH,0.22116273026668856
20260324,600792.SH,0.24825262818955732
20260324,601330.SH,0.22670545635312928
20260324,600815.SH,0.2588087423668112
20260324,603803.SH,0.23873728272597347
20260324,600396.SH,0.25293868593346636
20260324,600075.SH,0.23075419578246897
20260324,603687.SH,0.22655372465724796
20260324,002310.SZ,0.2814006936951697
20260324,000862.SZ,0.25376973613598236
20260324,001258.SZ,0.23324771357394242
20260324,002256.SZ,0.2397042192257504
20260324,000968.SZ,0.2557790513097169
20260325,600979.SH,0.18107601837049428
20260325,601908.SH,0.18066703196759748
20260325,600617.SH,0.19286640719002615
20260325,600310.SH,0.15988010032594638
20260325,600644.SH,0.19944933709179036
20260325,603105.SH,0.17829948650740302
20260325,600135.SH,0.17420657202736373
20260325,600163.SH,0.1824200245165883
20260325,603693.SH,0.16700502194630082
20260325,603803.SH,0.18759740259740262
20260325,600468.SH,0.18637863441473712
20260325,601218.SH,0.19403408031724695
20260325,600780.SH,0.17423069318676115
20260325,002310.SZ,0.16693005993571458
20260325,000767.SZ,0.18892485722194297
20260325,000531.SZ,0.22163913728724524
20260325,000966.SZ,0.16318094258938112
20260325,000690.SZ,0.18782949108307967
20260325,001258.SZ,0.20682459341441511
20260325,002256.SZ,0.20555148201081222
20260326,600207.SH,0.17403741321749158
20260326,600982.SH,0.25731255260615854
20260326,600979.SH,0.2005504651937884
20260326,601908.SH,0.18899253204385874
20260326,600537.SH,0.19025804556470063
20260326,600310.SH,0.19244756331098226
20260326,600644.SH,0.15187170593651678
20260326,600681.SH,0.1480761821910148
20260326,600152.SH,0.17461891957542244
20260326,603227.SH,0.1596059551583693
20260326,600116.SH,0.16816913621393834
20260326,600780.SH,0.1468040311146009
20260326,000791.SZ,0.19371347226066674
20260326,000531.SZ,0.1621660179750654
20260326,002183.SZ,0.1418306095818058
20260326,000899.SZ,0.16557791925343035
20260326,002309.SZ,0.2468709150788316
20260326,000966.SZ,0.18298192890189413
20260326,000037.SZ,0.17628322308400604
20260326,002053.SZ,0.17412610225789873
20260327,600207.SH,0.2122632599547384
20260327,600982.SH,0.19169754573601278
20260327,603601.SH,0.2603831669779963
20260327,600792.SH,0.20546081013045256
20260327,600666.SH,0.2028974200242403
20260327,600382.SH,0.17394766936012668
20260327,600722.SH,0.21537253728283398
20260327,600780.SH,0.26136851652852827
20260327,601011.SH,0.170277927861223
20260327,600110.SH,0.1772662266061791
20260327,603687.SH,0.2487356857086164
20260327,002183.SZ,0.16066663322332442
20260327,000899.SZ,0.19609238035993906
20260327,002692.SZ,0.20653781537283253
20260327,002616.SZ,0.19663288631936798
20260327,000966.SZ,0.15844025807021794
20260327,002575.SZ,0.17715931661870962
20260327,002471.SZ,0.1593965456410852
20260327,000428.SZ,0.18002759250011716
20260327,000659.SZ,0.1697966577842459
20260330,600207.SH,0.1378395731573646
20260330,600698.SH,0.1390321406911321
20260330,603977.SH,0.16184258670287827
20260330,600310.SH,0.1436374919017058
20260330,603520.SH,0.19291769638674006
20260330,600666.SH,0.21632188986537657
20260330,600186.SH,0.18359142163406858
20260330,600250.SH,0.1494424269557513
20260330,002491.SZ,0.16116062329794598
20260330,000767.SZ,0.16234912747707078
20260330,002328.SZ,0.15788829768155513
20260330,001313.SZ,0.13068192546145901
20260330,000045.SZ,0.14154513701132976
20260330,002386.SZ,0.19775002052010263
20260330,000037.SZ,0.13518893212365235
20260330,002471.SZ,0.15511757593407813
20260330,002638.SZ,0.18078624176805289
20260330,002181.SZ,0.12314680222616234
20260330,002445.SZ,0.15344155742065785
20260330,002526.SZ,0.14024843284947866
20260331,605162.SH,0.13931200953691555
20260331,603601.SH,0.1380482181465985
20260331,600996.SH,0.2308233407033397
20260331,600666.SH,0.14664557457229466
20260331,600186.SH,0.14535046561810117
20260331,600250.SH,0.15347286531241194
20260331,600539.SH,0.22449039263408688
20260331,601068.SH,0.17963490330171503
20260331,600867.SH,0.1915341583848352
20260331,600110.SH,0.15781379640922155
20260331,002491.SZ,0.17880078607607203
20260331,000037.SZ,0.1711652038057381
20260331,000890.SZ,0.1872606647759528
20260331,000546.SZ,0.1689030584934175
20260331,002038.SZ,0.18435385321038933
20260331,002471.SZ,0.1572868001856309
20260331,002035.SZ,0.21548628839624925
20260331,002263.SZ,0.19181080648662466
20260331,002181.SZ,0.15735052817441583
20260331,002437.SZ,0.18829162249191422
20260401,600207.SH,0.17485557775668023
20260401,600158.SH,0.220817037956499
20260401,603601.SH,0.23836815158292377
20260401,600746.SH,0.1733852788154977
20260401,600594.SH,0.18064068267373465
20260401,600268.SH,0.20771907120784608
20260401,600250.SH,0.2303800978547822
20260401,603118.SH,0.16782643816297255
20260401,601002.SH,0.19204591767057413
20260401,600110.SH,0.17485068715030927
20260401,002491.SZ,0.2183028668514462
20260401,000913.SZ,0.17257463612979743
20260401,002328.SZ,0.16774456672618226
20260401,002166.SZ,0.1765772306649078
20260401,002692.SZ,0.1697434015030834
20260401,002370.SZ,0.17702699408679992
20260401,002578.SZ,0.20270452841713474
20260401,000890.SZ,0.24332337310840632
20260401,002038.SZ,0.20387430305560075
20260401,002263.SZ,0.2682510449416821
20260402,600207.SH,0.1843475525336746
20260402,603819.SH,0.18796678656350493
20260402,600894.SH,0.17471185088330707
20260402,603520.SH,0.1579016908768713
20260402,605006.SH,0.17438032999455727
20260402,603227.SH,0.1620274445822812
20260402,600320.SH,0.1770395157963614
20260402,603387.SH,0.15820175764717528
20260402,603912.SH,0.14438380258803757
20260402,603669.SH,0.16523003741124379
20260402,603017.SH,0.14428735470287066
20260402,600495.SH,0.1452633461658274
20260402,600110.SH,0.14624158267433632
20260402,002328.SZ,0.1475722382477153
20260402,002370.SZ,0.18764940778575576
20260402,002675.SZ,0.15967815784471276
20260402,002408.SZ,0.17214091530479095
20260402,002263.SZ,0.19260067824213714
20260402,002083.SZ,0.2091139053879664
20260402,000597.SZ,0.14946727856954675
20260403,600713.SH,0.16173375103936194
20260403,605055.SH,0.17209590507230396
20260403,600664.SH,0.18899857815766782
20260403,600851.SH,0.15861353306550804
20260403,600812.SH,0.17098478890395366
20260403,600867.SH,0.17537888336135482
20260403,002550.SZ,0.18766120565369326
20260403,002349.SZ,0.1625985750166969
20260403,002051.SZ,0.2407414058543479
20260403,002370.SZ,0.17316126881341198
20260403,002309.SZ,0.18467261316326133
20260403,000890.SZ,0.17832609585685183
20260403,002382.SZ,0.15735869952641787
20260403,002675.SZ,0.22798467342307782
20260403,002035.SZ,0.19136825440761934
20260403,002263.SZ,0.19973506242024644
20260403,002948.SZ,0.16749041944314771
20260403,002390.SZ,0.18068168537966178
20260403,002437.SZ,0.24631680552503257
20260403,000597.SZ,0.17578793093321413
20260407,603122.SH,0.17150325098998434
20260407,600713.SH,0.21220022256994858
20260407,600158.SH,0.16145133683193713
20260407,603222.SH,0.17910243301717862
20260407,600302.SH,0.1726460968348746
20260407,600056.SH,0.2572402456178012
20260407,600594.SH,0.17757105008953641
20260407,603966.SH,0.17142241403659417
20260407,002107.SZ,0.18300689740881135
20260407,002491.SZ,0.16276800189805846
20260407,002370.SZ,0.22575851725482007
20260407,002309.SZ,0.17881218824672504
20260407,002038.SZ,0.25089773645232544
20260407,002560.SZ,0.1671619507069703
20260407,002840.SZ,0.1711395694344803
20260407,002678.SZ,0.25051270173932205
20260407,002263.SZ,0.1931617925354333
20260407,002793.SZ,0.16823226360416446
20260407,000078.SZ,0.16977737356162761
20260407,000950.SZ,0.16956994288877722
20260408,605162.SH,0.17437993932991763
20260408,603012.SH,0.16412217621439026
20260408,600063.SH,0.19044909418550135
20260408,600664.SH,0.15577874061562622
20260408,603123.SH,0.16755545889517187
20260408,603227.SH,0.1557841636397531
20260408,603002.SH,0.19992085774164944
20260408,600654.SH,0.18482112493856734
20260408,603118.SH,0.19192313993096943
20260408,600110.SH,0.1678053699236823
20260408,002132.SZ,0.1912404602791728
20260408,002328.SZ,0.2038309711167476
20260408,002183.SZ,0.14646322794213182
20260408,002560.SZ,0.19639222021997146
20260408,000949.SZ,0.17952452506171515
20260408,002840.SZ,0.16228292368788239
20260408,002408.SZ,0.24105811109290887
20260408,000019.SZ,0.16066703196759743
20260408,000652.SZ,0.17255639097744363
20260408,002579.SZ,0.17802212141925064
20260409,605162.SH,0.17249933624444289
20260409,600186.SH,0.14286070171672607
20260409,603803.SH,0.12332533060675734
20260409,603002.SH,0.14755506346632927
20260409,603118.SH,0.15939115256209654
20260409,601068.SH,0.143757703801201
20260409,600110.SH,0.12697186241335875
20260409,603687.SH,0.17340283465990303
20260409,002283.SZ,0.13087514051846372
20260409,002328.SZ,0.13392172203611966
20260409,002454.SZ,0.1431996972144863
20260409,002418.SZ,0.1152416352677336
20260409,002135.SZ,0.11735367720578686
20260409,000919.SZ,0.1165205651243059
20260409,000065.SZ,0.1274938849753987
20260409,002708.SZ,0.11603153262570402
20260409,000928.SZ,0.15205905447314758
20260409,000949.SZ,0.1253933104737803
20260409,002840.SZ,0.12839851318755194
20260409,002635.SZ,0.14376352225417038
20260410,600791.SH,0.20011139795393823
20260410,600713.SH,0.1602928433028477
20260410,605366.SH,0.17227608841788922
20260410,601811.SH,0.19064059472497927
20260410,603158.SH,0.21588872632369813
20260410,603637.SH,0.1857615112160567
20260410,603010.SH,0.16276404760963267
20260410,600724.SH,0.16359766809962548
20260410,601068.SH,0.16253746688283446
20260410,600110.SH,0.17723301491896534
20260410,000420.SZ,0.15851974037271996
20260410,002418.SZ,0.1839573953667038
20260410,002135.SZ,0.1705105551256052
20260410,000990.SZ,0.25262858498613183
20260410,002350.SZ,0.16555046519378838
20260410,000573.SZ,0.2064942973511917
20260410,000949.SZ,0.17133688842692762
20260410,002408.SZ,0.20792580625116514
20260410,002635.SZ,0.22640662512780832
20260410,000078.SZ,0.15929432898549908
20260413,600545.SH,0.18207758313891417
20260413,601999.SH,0.12248566570445651
20260413,605006.SH,0.16178575665309033
20260413,600864.SH,0.15569993729628356
20260413,600379.SH,0.1250512080351141
20260413,603002.SH,0.1535970467114443
20260413,600929.SH,0.16712348112957076
20260413,002132.SZ,0.12403625517588111
20260413,002467.SZ,0.16138100698779262
20260413,002283.SZ,0.17082836693537004
20260413,002454.SZ,0.1260829383752394
20260413,002135.SZ,0.16106878767165853
20260413,002962.SZ,0.2463330188732538
20260413,000573.SZ,0.13849866966439392
20260413,002560.SZ,0.17745490698948732
20260413,000949.SZ,0.20198211531834853
20260413,002263.SZ,0.1761446252746819
20260413,000889.SZ,0.13954361862582831
20260413,002638.SZ,0.1619057975517306
20260413,000626.SZ,0.14608926523672072
20260414,600545.SH,0.209913740022483
20260414,600337.SH,0.15453297029199597
20260414,605006.SH,0.20998870203306919
20260414,600152.SH,0.17268945278297174
20260414,600864.SH,0.19198776430181394
20260414,603889.SH,0.14638888731972682
20260414,600480.SH,0.15701038848059293
20260414,600654.SH,0.13752444597594665
20260414,600929.SH,0.2106292402682138
20260414,600103.SH,0.15310790123317308
20260414,002132.SZ,0.18035102783254156
20260414,002467.SZ,0.1843327138281467
20260414,002283.SZ,0.15923902543737256
20260414,002418.SZ,0.2670159244843891
20260414,002692.SZ,0.14365113572812582
20260414,002560.SZ,0.19665518040028698
20260414,002263.SZ,0.14796924693401425
20260414,002950.SZ,0.2174664874055914
20260414,002515.SZ,0.15886969489840305
20260414,002083.SZ,0.16626540054117267
20260415,605388.SH,0.14686696079040581
20260415,600537.SH,0.1969857589126837
20260415,600502.SH,0.14109319128022915
20260415,600337.SH,0.16985883190319906
20260415,600975.SH,0.14058952791445184
20260415,600639.SH,0.1407514277805709
20260415,603158.SH,0.1490601786208572
20260415,600815.SH,0.15874287521960426
20260415,600078.SH,0.17508719205978887
20260415,601002.SH,0.17666806008258815
20260415,600110.SH,0.1428609276760647
20260415,002692.SZ,0.2283217435022568
20260415,002100.SZ,0.17156211339769414
20260415,002348.SZ,0.2000746230715783
20260415,002229.SZ,0.18298068612553176
20260415,000573.SZ,0.14331019133107004
20260415,002521.SZ,0.16306095818057542
20260415,002840.SZ,0.13839190387689737
20260415,000889.SZ,0.14410206583325333
20260415,002638.SZ,0.1853482315857262
20260416,605388.SH,0.1369980736966383
20260416,600713.SH,0.19770284087378479
20260416,600351.SH,0.13767324020042598
20260416,600337.SH,0.13661546804652505
20260416,600152.SH,0.18703852041825078
20260416,600135.SH,0.17493224044333225
20260416,600186.SH,0.16412319303141407
20260416,600382.SH,0.14676861198827273
20260416,600268.SH,0.13710794642504084
20260416,600867.SH,0.21784146692802633
20260416,002328.SZ,0.14736994627816724
20260416,002051.SZ,0.17185721629392794
20260416,002100.SZ,0.21277054394061798
20260416,000978.SZ,0.15582122097128626
20260416,002033.SZ,0.16018020257254711
20260416,002333.SZ,0.15145659038656
20260416,002840.SZ,0.21198318862520693
20260416,000889.SZ,0.18534715827886775
20260416,000078.SZ,0.17097772605819586
20260416,002437.SZ,0.2156998808064489
20260417,603601.SH,0.1494688260847461
20260417,600337.SH,0.16944606068138043
20260417,600152.SH,0.1905256661563752
20260417,600186.SH,0.1869594346497348
20260417,603101.SH,0.13651480316117118
20260417,603687.SH,0.21279675522389754
20260417,002132.SZ,0.16709015212712477
20260417,000570.SZ,0.152022223100953
20260417,002283.SZ,0.15763364082633335
20260417,002328.SZ,0.24751450376504752
20260417,002418.SZ,0.15863887743400576
20260417,002033.SZ,0.16362512215926747
20260417,002685.SZ,0.17440705445055166
20260417,000546.SZ,0.19761595950808658
20260417,002333.SZ,0.13615083915649384
20260417,002840.SZ,0.1384045011100253
20260417,000889.SZ,0.1910580546030742
20260417,002034.SZ,0.14514136581122233
20260417,002181.SZ,0.1564505177293347
20260417,002108.SZ,0.14327448975556856
20260420,600545.SH,0.12542630053721834
20260420,600433.SH,0.1577735379018546
20260420,603819.SH,0.13427187427622403
20260420,605388.SH,0.207576021194986
20260420,601619.SH,0.13522632652254232
20260420,601388.SH,0.16771820610881075
20260420,600683.SH,0.12647040215113295
20260420,600666.SH,0.16964434000101683
20260420,600552.SH,0.14370963095191022
20260420,603118.SH,0.21024239788050145
20260420,600929.SH,0.1234262214514498
20260420,600103.SH,0.17858716099037986
20260420,000782.SZ,0.12954000327641044
20260420,002023.SZ,0.13393090163425095
20260420,001300.SZ,0.13441501951723792
20260420,000990.SZ,0.13120577552069512
20260420,000936.SZ,0.21406907576981526
20260420,000949.SZ,0.15285123966942152
20260420,000889.SZ,0.1312883636589596
20260420,002181.SZ,0.14615694005863647
20260421,603601.SH,0.1354618326432159
20260421,603936.SH,0.14312326646819912
20260421,600683.SH,0.15101286273535078
20260421,600268.SH,0.13838710224095177
20260421,603002.SH,0.14177095631641096
20260421,600103.SH,0.17742287725323833
20260421,601002.SH,0.21956875660224945
20260421,002686.SZ,0.21209210102642034
20260421,002201.SZ,0.14957869881314861
20260421,002491.SZ,0.14207289448263788
20260421,000420.SZ,0.1607019426854138
20260421,002051.SZ,0.16964224987713464
20260421,002042.SZ,0.1509365449687329
20260421,002692.SZ,0.1865853589646543
20260421,000990.SZ,0.14830688667574274
20260421,002962.SZ,0.13917609576156775
20260421,002471.SZ,0.13816261163803578
20260421,000949.SZ,0.19969885269145818
20260421,002108.SZ,0.18681352140682286
20260421,002242.SZ,0.14238782531083535
20260422,600982.SH,0.15235285810318439
20260422,605366.SH,0.14229828892290836
20260422,603601.SH,0.20965286996604968
20260422,601512.SH,0.15886189930122083
20260422,603936.SH,0.15848929235184134
20260422,605006.SH,0.1714854566920683
20260422,603278.SH,0.14174841687238385
20260422,600186.SH,0.16863142077583146
20260422,603399.SH,0.17178417493772
20260422,600251.SH,0.1363233591115279
20260422,603002.SH,0.1913198849866967
20260422,603608.SH,0.14203498980358487
20260422,002491.SZ,0.1963932935268299
20260422,001286.SZ,0.14871903650938015
20260422,002392.SZ,0.16731255260615857
20260422,000767.SZ,0.14825683668223905
20260422,002458.SZ,0.17546765109618528
20260422,000037.SZ,0.13811634646345392
20260422,002108.SZ,0.2202466346181005
20260422,002647.SZ,0.16408590974054219
20260423,603936.SH,0.14977161159849287
20260423,600186.SH,0.15507120543658173
20260423,603637.SH,0.11656564401236001
20260423,603002.SH,0.1514254644876655
20260423,601311.SH,0.1537504166125306
20260423,603788.SH,0.11322189771950542
20260423,600103.SH,0.18222513458703113
20260423,603608.SH,0.114385757782887
20260423,603017.SH,0.12200917394914783
20260423,002491.SZ,0.15428012179208359
20260423,000715.SZ,0.1638544143981291
20260423,002752.SZ,0.13645113911751586
20260423,000810.SZ,0.12658660174101674
20260423,000690.SZ,0.1313566598690566
20260423,002839.SZ,0.12790580884969754
20260423,000949.SZ,0.1365134474051395
20260423,000539.SZ,0.15682984696903793
20260423,002515.SZ,0.14247188218480092
20260423,002108.SZ,0.15732221236788446
20260423,002443.SZ,0.15416878032798
20260424,600545.SH,0.15939123729684848
20260424,601512.SH,0.15603740756850806
20260424,600186.SH,0.1513118069403411
20260424,603399.SH,0.15097546646480967
20260424,603912.SH,0.19684097546646487
20260424,603002.SH,0.16047999412505726
20260424,600986.SH,0.1476570276178802
20260424,600396.SH,0.22749394146523338
20260424,000715.SZ,0.16692616213712347
20260424,002406.SZ,0.13666145077193365
20260424,002331.SZ,0.1464615897369269
20260424,000990.SZ,0.17730775097021292
20260424,000751.SZ,0.22219310485078214
20260424,000890.SZ,0.2094269671172673
20260424,002588.SZ,0.1556302288403202
20260424,000539.SZ,0.16602740886777428
20260424,002793.SZ,0.20051976296865384
20260424,002448.SZ,0.17963428481044838
20260424,000404.SZ,0.17381628375973746
20260424,002948.SZ,0.17366483451302944
